gene,proba_de,bf,lfc_mean,lfc_std,proba_up,detection_rate
IFI6,0.9998,8.51699317141368,3.890366005859375,1.2374407642959213,0.9942,1.0
LY6E,0.99946,7.523401272553473,3.507069609375,1.3875509073988188,0.9938,1.0
IFIT1,0.99944,7.487013617376507,4.8357837109375,1.7270050515000064,0.99446,1.0
ISG20,0.99928,7.235539086629615,3.50105521484375,1.5304417381479716,0.9937,1.0
ISG15,0.99918,7.105385881322021,4.80404826171875,1.611472948796243,0.99396,1.0
IFIT3,0.99904,6.9476168124073086,4.5802553125,1.6697371912790722,0.99424,1.0
IFIT2,0.99898,6.88693213113193,4.77421158203125,1.6719548872498529,0.99378,1.0
RSAD2,0.99778,6.10802561524485,4.6626770703125,1.75386591932851,0.99232,1.0
TNFSF10,0.99436,5.172215248616016,4.26036541015625,1.8713676299218092,0.98716,1.0
IFITM3,0.98138,3.964723472548892,3.5907742578125,2.073810821454332,0.96406,1.0
OASL,0.97794,3.7916823046342416,2.8756138671875,1.684448063154205,0.9673,1.0
CXCL11,0.97612,3.7105442411505303,4.96864416015625,4.087377623213348,0.89058,1.0
CXCL10,0.97596,3.7037024922996795,4.63392646484375,3.6238193404432715,0.90276,1.0
CD38,0.9731,3.5883605652201487,3.48157509765625,2.4631124070989676,0.91812,1.0
APOBEC3A,0.97202,3.5478864111431054,3.648128701171875,4.077916080280589,0.79728,1.0
TNFSF13B,0.9696,3.4624410069028744,3.08521212890625,2.1317725868012434,0.93202,1.0
CH25H,0.96932,3.4529838182334562,3.464242353515625,2.9674239792046104,0.88872,1.0
DEFB1,0.96928,3.451639619559402,3.90521669921875,4.529752756182506,0.79704,1.0
CLEC5A,0.96588,3.3431558802701633,-3.21886498046875,4.151919223384761,0.22744,1.0
XCL2,0.96558,3.3340911662750647,0.45347799560546875,5.368382224423075,0.5332,1.0
APOBEC3B,0.96484,3.3120532116663473,3.848341435546875,3.8450706867466065,0.84728,1.0
S1PR5,0.96394,3.285844834234444,0.18126393936157226,5.39617937264757,0.51796,1.0
KLRC2,0.9624,3.2424261142646214,-0.39170838012695314,4.967258716265272,0.47246,1.0
LAG3,0.96198,3.2308813233685165,3.236936298828125,3.5457585961721763,0.81298,1.0
LAIR2,0.9617,3.223252655531836,-0.4237969140625,5.106522927590368,0.47206,1.0
KLRD1,0.96156,3.219458381475887,0.3687547793579102,5.123017024012872,0.53154,1.0
IL1RN,0.96154,3.2189174256669406,3.49111486328125,3.6429770808195783,0.83182,1.0
PRSS23,0.96126,3.211372265907828,-0.19025993461728097,4.778139656723569,0.48978,1.0
KRT2,0.96122,3.210298661155516,-1.7273549951171876,4.817976319430565,0.35674,1.0
E2F5,0.96114,3.2081546359921527,2.2411486328125,4.472038282415823,0.6911,1.0
GBP4,0.96098,3.203879261904234,2.320527802734375,1.6201532449275509,0.94244,1.0
RFC3,0.96074,3.1974976320074715,-1.653492978515625,4.474692372596638,0.3616,1.0
CADM1,0.96074,3.1974976320074715,0.0019659222984313965,4.765913880833824,0.50288,1.0
IFI27,0.96072,3.1969675198661633,2.9783878125,2.2134812582307912,0.90802,1.0
NCALD,0.96046,3.190099518622389,1.02376720703125,4.5407161211980025,0.58868,1.0
GBP5,0.96016,3.1822285045248058,2.214468095703125,1.6753434228130586,0.92884,1.0
XCL1,0.95994,3.176492452271004,0.3062752306652069,4.926303818402391,0.52602,1.0
IFNG,0.95962,3.168202759881164,1.6053951953125,4.743181925932479,0.63894,1.0
LNX1,0.95954,3.166140171218582,-2.2697218212890626,4.172749885143401,0.28802,1.0
IDO1,0.95952,3.1656251344409907,3.193796474609375,3.574260043704532,0.81622,1.0
SPRY1,0.9595,3.1651103413352617,-1.375516953125,4.711247328777774,0.39066,1.0
IL19,0.95948,3.164595791660347,-2.714958232421875,3.292205247240015,0.2047,1.0
TNFRSF13C,0.95934,3.161000739825183,-1.168893486328125,4.765810091696865,0.40678,1.0
CCNE1,0.95906,3.153846057865231,-0.8135972509765625,4.653837619785244,0.43006,1.0
PRKCZ,0.95904,3.153336803397046,-1.1494213403320312,4.480050052512172,0.4047,1.0
FASLG,0.95894,3.150794096163315,0.596052138671875,4.6248857895881805,0.55314,1.0
S100B,0.9589,3.149778672657446,-1.6278969921875,4.389021652979954,0.35778,1.0
MYO6,0.95882,3.1477506601506247,-0.5699769763183594,4.838170665354001,0.45556,1.0
SLC27A4,0.95878,3.146738067472762,-1.546815634765625,4.448773749744936,0.366,1.0
PER2,0.95868,3.1442106940305123,-1.93617546875,4.2036053934938655,0.32778,1.0
EPHA4,0.95868,3.1442106940305123,-1.2439416552734375,4.433869220855593,0.39316,1.0
PRKCQ,0.95854,3.140682186480032,0.26091970199584963,4.738552807132722,0.5217,1.0
GNG4,0.9583,3.134659752544962,0.10493390300750732,4.6379411987971135,0.51002,1.0
CD70,0.9582,3.1321601849183125,0.9388421508789062,4.3578244583143855,0.58784,1.0
NCKAP1,0.95816,3.131161958882584,-2.2121045361328124,3.995407422822563,0.29284,1.0
G0S2,0.95808,3.129168241778423,-1.5613141259765626,4.5350729559347815,0.37544,1.0
PTGDR,0.95808,3.129168241778423,-0.846543056640625,4.7184725590760355,0.43164,1.0
CD14,0.95806,3.1286703810160477,-1.999393818359375,4.334207763505496,0.31814,1.0
FGFBP3,0.95806,3.1286703810160477,-0.3417211834716797,4.768951338307167,0.4697,1.0
KIF19,0.958,3.1271781596874915,1.7598662646484375,4.207884353276876,0.66164,1.0
CPNE7,0.95794,3.1256879752547695,-1.1157845776367188,4.176308591110462,0.4,1.0
ORC6,0.9579,3.1246956477005097,-0.9785876318359376,4.515327230314292,0.41626,1.0
CCL28,0.95772,3.1202412986738812,-1.18682884765625,4.661707977849528,0.39566,1.0
CA6,0.9577,3.119747490475341,0.010151626644134522,4.601560417141285,0.49796,1.0
OXT,0.95762,3.117774486732712,-0.8702428295898438,4.545187203451851,0.42446,1.0
FGF22,0.9576,3.1172817920058513,-0.36174415222167966,4.53401273496595,0.47154,1.0
S100A8,0.95756,3.116297068531141,-1.918952099609375,4.65900400387838,0.32292,1.0
PRR5,0.95752,3.1153132316314327,2.74820623046875,3.3480602731936804,0.80024,1.0
DENND5B,0.95738,3.1118767601595674,-2.479364287109375,3.5198449003374597,0.2383,1.0
FGFBP2,0.95732,3.11040728739286,-0.8127035852050781,4.844213098001037,0.43726,1.0
CEP250,0.95728,3.1094287349897827,-1.5555614697265625,4.322799024304407,0.36052,1.0
GZMB,0.9571,3.1050360532678885,0.42492831298828126,4.950602432476873,0.54186,1.0
KRT81,0.95696,3.1016316774427186,-0.5973629858398437,4.8589816925101195,0.45148,1.0
GDPD1,0.95692,3.1006609411041928,1.2167190112304687,4.429176295905409,0.61022,1.0
GNG8,0.9569,3.1001758956755143,-0.6421057666015625,4.555962511176647,0.44438,1.0
NDC1,0.95686,3.0992064492993294,-0.8271060107421875,4.488636514173223,0.43036,1.0
PDE6B,0.9568,3.0977538879463022,-0.06331217658042908,4.460691834953592,0.49468,1.0
SLC16A7,0.95678,3.097270128889122,-1.6894981201171875,4.301073304521848,0.35566,1.0
EPHX2,0.95676,3.096786583531398,-0.19612039932250977,4.558044810233285,0.48202,1.0
E2F1,0.95674,3.0963032516750615,-0.5094409545898437,4.503104553184568,0.45378,1.0
PADI4,0.95674,3.0963032516750615,-0.20216859241485596,4.719794516937787,0.48598,1.0
CXCL1,0.9567,3.095337227675677,-1.879742265625,4.427123311101464,0.34538,1.0
FZD3,0.95668,3.094854535137874,-1.1905947338867187,4.3115029689791715,0.39178,1.0
TLE2,0.95664,3.0938897880012046,0.23993405059814454,4.248814836014693,0.52144,1.0
AGMAT,0.95662,3.093407733009218,-0.8989285620117188,4.479326716262673,0.41902,1.0
KIR2DL3,0.95662,3.093407733009218,0.17550235553741456,4.972974424459251,0.52042,1.0
MMP9,0.9566,3.0929258901398375,-2.5985570703125,3.3096726701562074,0.2177,1.0
IL18RAP,0.95658,3.092444259197183,1.1446621533203125,4.377465122477403,0.60228,1.0
BBS1,0.95652,3.0910006359748246,-0.3995216046142578,4.479402982674862,0.4682,1.0
COL6A2,0.9565,3.0905198507856695,-0.6046903283691406,4.524344850420536,0.4476,1.0
PDCD1,0.95642,3.0885988176014543,0.3523539126586914,4.6144772440504145,0.5344,1.0
ITGA1,0.9564,3.0881190852291818,-0.46941683715820315,4.302374183429701,0.46056,1.0
MCOLN3,0.9564,3.0881190852291818,0.028386006984710693,4.565401108498843,0.50614,1.0
CCL3L1,0.95632,3.0862022536392932,0.9942550415039062,4.348520280646517,0.59128,1.0
POLA1,0.95622,3.0838109200048796,-0.7299361987304688,4.30228050233628,0.43514,1.0
DPP4,0.95618,3.0828558456796045,0.8276389916992187,4.418154674823993,0.57562,1.0
FAN1,0.95598,3.078092916232158,0.18195837341308593,4.4184260376682625,0.51678,1.0
ZNF324B,0.95596,3.0776177593173797,-1.0717627124023437,4.309937427133249,0.40322,1.0
CYGB,0.95594,3.0771428082013426,-2.058988271484375,3.9350465512354216,0.29668,1.0
GPC2,0.95594,3.0771428082013426,-1.8954388330078125,4.153922288671994,0.31808,1.0
CHN1,0.95592,3.076668062696839,-0.6738058020019532,4.485557984096126,0.44242,1.0
CTC1,0.9559,3.076193522616916,-0.5013047509765625,4.5161625752427605,0.45612,1.0
MICU3,0.9559,3.076193522616916,0.41340757507324216,4.515938903137648,0.53636,1.0
GNAO1,0.95588,3.0757191877748737,-0.7117989892578125,4.202358044763863,0.43434,1.0
SLC14A1,0.95588,3.0757191877748737,0.3735064300537109,4.294203175847474,0.53852,1.0
NEIL1,0.95586,3.075245057984269,-0.8809303515625,4.133577634379929,0.4225,1.0
SRGAP3,0.95584,3.074771133058906,-0.9122344506835938,4.368426126491211,0.41908,1.0
TYMP,0.95582,3.0742974128128466,1.2547817578125,2.3115539927405377,0.73478,1.0
PAQR3,0.9558,3.073823897060405,-0.07654620483398437,4.670457842629084,0.49374,1.0
ECM1,0.95574,3.0724045749116993,-2.325164404296875,3.5592388835944626,0.25488,1.0
KRT86,0.95574,3.0724045749116993,-1.1137317626953125,4.852024408186607,0.39924,1.0
CRB3,0.95574,3.0724045749116993,-0.6443376538085938,4.277611118195463,0.44144,1.0
BUB1,0.95566,3.0705149970697305,0.869090078125,4.571691052196078,0.5803,1.0
SH2D1B,0.95564,3.0700431106116546,-0.3425061895751953,4.681900311382941,0.47278,1.0
NELL2,0.95558,3.0686286675072485,-1.35631466796875,3.9343174804631387,0.3656,1.0
RASGRF2,0.95556,3.0681575912859236,-0.904784970703125,4.3248949969814,0.42226,1.0
MYBL1,0.95554,3.0676867171670548,0.07868554068565368,4.317986789443896,0.51226,1.0
SERPINE2,0.95552,3.0672160449684447,-0.19142380292892455,4.774199725757421,0.4914,1.0
BLM,0.9555,3.0667455745081336,-0.5490386840820313,4.40976965366463,0.45588,1.0
ZNF667,0.95548,3.0662753056044147,-1.22119810546875,4.224842040280859,0.38758,1.0
POLD1,0.9554,3.0643962419298436,-0.3393375714111328,4.462734160187429,0.47198,1.0
ZNF792,0.9554,3.0643962419298436,0.2183137481689453,4.448946588574135,0.51936,1.0
KISS1R,0.9554,3.0643962419298436,0.08040195571899414,4.258060864101353,0.50544,1.0
GNG7,0.95532,3.062520388687486,-0.4424488098144531,4.490562828804845,0.46484,1.0
IRF6,0.9553,3.0620519256564402,2.1490452880859374,3.6031826716641264,0.72224,1.0
COLGALT2,0.95516,3.058778267510651,-0.08353974225997925,4.540423474766769,0.49622,1.0
KLRC1,0.95516,3.058778267510651,0.0434935328245163,4.411785551236873,0.50946,1.0
CCL7,0.95514,3.058311397503037,2.0609657666015626,4.012309831882558,0.70164,1.0
ZBTB16,0.95514,3.058311397503037,-0.5173853784179687,4.389748029309233,0.461,1.0
IFNLR1,0.95512,3.0578447258226915,-0.3652945184326172,4.432496844237803,0.47072,1.0
CD8B,0.9551,3.057378252292482,-0.32118803466796875,4.548030656862498,0.47212,1.0
STX1A,0.95506,3.056445898975131,-1.2408919970703125,4.247779495849197,0.38604,1.0
ZNF519,0.95506,3.056445898975131,-1.1478136645507813,4.113513776365105,0.3924,1.0
PIK3C2B,0.95504,3.055980018834904,-0.30525106201171875,4.302919429557765,0.47328,1.0
SLC41A1,0.95498,3.054583562374473,-0.7492276806640625,4.438237481819416,0.43188,1.0
IL1B,0.95488,3.052260070945482,-2.61827041015625,3.8246364283811634,0.25824,1.0
ZKSCAN8,0.95488,3.052260070945482,-2.039972373046875,3.764127531922969,0.2952,1.0
DERL3,0.95488,3.052260070945482,-0.48222956481933593,4.1949250726996485,0.45478,1.0
WNT7A,0.95488,3.052260070945482,-0.2514119366455078,4.483322804152871,0.47472,1.0
IL12RB2,0.95478,3.0499414806003227,0.9692223388671874,4.1659915549561335,0.59016,1.0
MMP7,0.9547,3.048090122514999,-1.186157490234375,4.468688742823323,0.39568,1.0
BLK,0.95466,3.047165611068436,-0.3947688677978516,4.4980997335422215,0.4682,1.0
CD160,0.95464,3.0467036466419044,-0.6706668688964844,4.486148074318835,0.44186,1.0
C1QB,0.95464,3.0467036466419044,0.3853290133666992,4.346124601464832,0.53052,1.0
ADAMTS10,0.95458,3.0453189164911625,-1.389627216796875,4.070417038856384,0.3644,1.0
COL9A3,0.95456,3.044857726913487,-0.7556829174804688,4.644211994189995,0.43246,1.0
HBA1,0.95456,3.044857726913487,0.5065811022949219,4.586751109777777,0.54698,1.0
PTGDS,0.95456,3.044857726913487,0.14884508293151855,4.586174347022484,0.51632,1.0
TCTN1,0.95452,3.043935927442681,-0.3914454064941406,4.515353792199969,0.46262,1.0
AQP3,0.9545,3.0434753172088977,-1.1793099853515625,4.3269395837676194,0.3855,1.0
NCR1,0.95444,3.042094642474842,0.1148014331817627,4.3742873801414115,0.51252,1.0
PARP16,0.95442,3.041634802320787,-0.2124468169593811,4.8863320397910766,0.48354,1.0
GPAM,0.9544,3.0411751542633665,-0.17803203247070312,4.340148982369655,0.4849,1.0
TOP2A,0.95438,3.040715698133711,-1.72569365234375,3.9304783041648363,0.32614,1.0
MNDA,0.95436,3.040256433763169,2.25740755859375,2.9281720682498844,0.7624,1.0
LIPT2,0.95436,3.040256433763169,-0.3844621307373047,4.346722872395241,0.46256,1.0
CROT,0.95432,3.0393384796259344,0.62474306640625,4.776022289884891,0.5701,1.0
MAD2L1,0.9543,3.03887978952305,0.35940940216064454,4.297087290073769,0.5252,1.0
RAB27B,0.9543,3.03887978952305,0.040901212916374205,4.3929046196146775,0.50478,1.0
TNFRSF13B,0.95428,3.0384212905068884,0.46486074462890625,4.663389262111631,0.5443,1.0
HFE,0.95426,3.0379629824099057,2.267500078125,3.4215479520080705,0.74738,1.0
PRKACB,0.95426,3.0379629824099057,-0.5732308422851562,4.30009110494511,0.44336,1.0
NPHP1,0.95424,3.037504865064776,-0.17962463119506836,4.397995360956289,0.48594,1.0
P2RX5,0.95422,3.037046938304392,0.30205865173339846,4.888463622298728,0.5283,1.0
FDXR,0.95422,3.037046938304392,0.05019561737060547,4.279506799488907,0.50554,1.0
CCL3,0.9542,3.0365892019618683,1.06720181640625,4.0661995330325595,0.597,1.0
PLCD1,0.95416,3.0356742998639294,0.6913197082519531,4.193080715787311,0.5651,1.0
VIPR2,0.95416,3.0356742998639294,-0.5829195764160157,4.233468307198717,0.44682,1.0
PSAT1,0.95416,3.0356742998639294,0.4411359130859375,4.155916204257593,0.5463,1.0
DAPK2,0.9541,3.0343033706912994,-1.21238490234375,4.112615808225823,0.3898,1.0
ZNF512B,0.9541,3.0343033706912994,-0.7686791577148437,4.612156441405126,0.43946,1.0
OTUD7B,0.95406,3.033390365291409,0.24276918470859526,4.293690519728445,0.52534,1.0
FOXP3,0.95402,3.0324781162540884,-1.623479453125,3.831247967532048,0.34156,1.0
COQ3,0.954,3.0320222749591905,-0.41575648132324217,4.439844123965695,0.467,1.0
NR1D1,0.95392,3.0302007941020705,-1.0609060034179687,3.9422201884739665,0.39402,1.0
MYB,0.95392,3.0302007941020705,-0.46025876159667967,4.542189888341139,0.46266,1.0
ELOVL4,0.9539,3.029745894148559,-0.28497420837402343,4.424446930189309,0.4755,1.0
HBA2,0.9539,3.029745894148559,-0.030634187335968018,4.440102175380232,0.49762,1.0
CD27,0.95388,3.0292911819721624,-1.2898898681640625,4.244775123225929,0.37214,1.0
NEO1,0.9538,3.0274742077764305,1.261734541015625,4.0264273006454605,0.62178,1.0
CXCR3,0.95376,3.0265668431074957,-0.6067290087890626,4.276786449165874,0.44342,1.0
CXCL3,0.95374,3.026113440812491,-1.1304394165039062,5.024460069623332,0.40204,1.0
AMT,0.95372,3.0256602249947306,-1.5502486376953124,3.8649144078587083,0.33898,1.0
VCAN,0.9537,3.025207195492678,-2.638886494140625,3.6493413180212673,0.2454,1.0
ANO9,0.95362,3.0233969374181293,0.21769472671508788,4.115451555535607,0.52242,1.0
CCND1,0.9536,3.022944837078876,-1.203223671875,4.021400076675988,0.37766,1.0
ST3GAL3,0.95358,3.0224929220904917,-0.2875806558227539,4.427074939804673,0.47314,1.0
PTPN14,0.95356,3.022041192292898,-0.7121781896972657,4.1783758572254515,0.43556,1.0
BCL9,0.95346,3.0197853155784538,-2.1135484423828124,3.376546244937449,0.2645,1.0
ORC5,0.95344,3.0193346935754852,-0.5120810913085938,4.427407615106068,0.45974,1.0
EFNA3,0.9534,3.018434001639126,-0.7017350341796875,4.155306346399725,0.43472,1.0
NRG2,0.95338,3.017983931389065,-2.298832236328125,3.1746474394558573,0.23336,1.0
CCL4,0.95336,3.0175340447403136,1.1139345654296875,3.9753553372470334,0.60574,1.0
CDC14B,0.95336,3.0175340447403136,0.1288873557472229,4.225731871096827,0.51132,1.0
SMAD5,0.95334,3.017084341535046,-1.927809912109375,3.6386591738438274,0.29946,1.0
SDS,0.95334,3.017084341535046,1.7113894921875,3.9386024238180237,0.67704,1.0
PDGFD,0.95334,3.017084341535046,0.33335277740478514,4.57056736127163,0.53464,1.0
KCNJ15,0.95332,3.0166348216156407,-2.78796365234375,3.226844010323415,0.1966,1.0
ABCB1,0.95332,3.0166348216156407,-0.6335898767089844,4.726608237481915,0.44588,1.0
F2R,0.9532,3.0139415423009868,-0.4699950634765625,4.096948682555734,0.45464,1.0
EXTL2,0.95316,3.0130452417035247,-1.1677081494140624,4.275184099432677,0.38086,1.0
GZMH,0.95316,3.0130452417035247,-0.044323797473907474,4.6502909530321315,0.50106,1.0
CXCL9,0.95314,3.012597364297208,2.375730400390625,3.1425892530041692,0.77746,1.0
ARHGEF26,0.9531,3.011702154491345,-0.007487790489196777,4.248909826560642,0.5041,1.0
EPHA1,0.95306,3.010807670326086,-1.0447467065429688,3.826261687189615,0.3928,1.0
PITPNM2,0.95302,3.009913910562091,-1.1569108374023438,3.950396495359802,0.38438,1.0
ATP6V0E2,0.95302,3.009913910562091,-0.5182130627441406,4.704578710851943,0.4485,1.0
MRPS24,0.95298,3.0090208739631965,-0.7768540307617188,4.17080826278184,0.4266,1.0
PCBP4,0.95292,3.0076826723030434,-0.6403067492675781,4.190222613190424,0.44308,1.0
ATP1A3,0.9529,3.00723696533177,-1.0225879418945312,4.014553358309851,0.40578,1.0
TNFAIP6,0.95286,3.006346090842626,1.210225400390625,4.57514934308153,0.60602,1.0
DEPDC1B,0.95284,3.0059009230188485,-0.20023931263923644,4.115035782482488,0.4791,1.0
YES1,0.95282,3.0054559346053225,0.20353249114990235,4.115958608542343,0.52362,1.0
NLRX1,0.9528,3.00501112544958,-1.5061692041015624,3.788425819254096,0.3508,1.0
SPP1,0.9528,3.00501112544958,-0.20428812744140626,3.894624745448717,0.47822,1.0
ACOT4,0.9528,3.00501112544958,-0.06979950859069824,4.088235314844046,0.4914,1.0
ICOS,0.95276,3.0041220443025534,0.8702083154296875,4.254415801950019,0.59054,1.0
ABCB4,0.95274,3.0036777720073,-0.9228702978515625,4.3018944526909735,0.41074,1.0
SLC19A2,0.95268,3.0023460264148354,1.6351623974609375,4.012556077823685,0.65858,1.0
GNLY,0.95266,3.0019024678107487,0.5019571643066406,4.850860847141076,0.55214,1.0
ZNF530,0.95266,3.0019024678107487,-0.14854468200683593,4.30537988588957,0.4823,1.0
BEST4,0.95258,3.000130012337988,-1.1466531518554688,3.8899754912823576,0.38178,1.0
MATK,0.95258,3.000130012337988,-0.9822152783203125,4.060465127702017,0.41196,1.0
COL1A1,0.95252,2.9988025344142755,-0.4489657440185547,4.139467455529197,0.45556,1.0
DYNLRB2,0.95252,2.9988025344142755,0.05428407614946365,4.0336521424466065,0.50526,1.0
CHRNA6,0.9525,2.998360395960261,0.27713538818359373,4.206561713010559,0.52328,1.0
PIF1,0.95248,2.9979184343506904,-1.1318041528320313,4.127825290059787,0.38916,1.0
KALRN,0.95246,2.997476649436347,-1.0782029833984375,3.972773743521736,0.39626,1.0
C1QA,0.95244,2.9970350410682025,1.0058378002929687,4.1496256616714,0.5945,1.0
NAPEPLD,0.95244,2.9970350410682025,-0.8465672436523437,3.92128619031433,0.41826,1.0
KIF18A,0.95244,2.9970350410682025,-0.8040020922851563,3.9831844950414474,0.42148,1.0
EFCAB7,0.95242,2.9965936090974172,-0.22219328880310057,4.442502099947266,0.48246,1.0
PARD6A,0.9524,2.996152353375334,-0.901688359375,4.108243943326652,0.4101,1.0
SARS2,0.95238,2.9957112737534883,0.6465624633789062,4.1803879376290425,0.56496,1.0
COL23A1,0.95236,2.9952703700836016,-0.37276296997070313,4.504730009192407,0.47218,1.0
TBXA2R,0.95236,2.9952703700836016,-0.3004793020629883,3.9844128480516723,0.47116,1.0
RGS17,0.9523,2.9939487133057057,2.180531689453125,2.8297159524593987,0.78444,1.0
GFI1,0.95228,2.993508511964593,-0.018026162300109862,4.210325549093292,0.49788,1.0
PLEKHG1,0.9522,2.9917494572630092,-0.45929656494140625,4.314593561731281,0.45674,1.0
CCL20,0.95216,2.990870978254166,-0.6323431408691407,4.170394025974434,0.43982,1.0
HILPDA,0.95214,2.9904320003225786,-1.1774864282226563,3.832234402543633,0.3862,1.0
NOG,0.95214,2.9904320003225786,-1.0649303247070312,3.75640073600473,0.39134,1.0
NTHL1,0.95212,2.9899931965780735,-1.1967624658203124,4.1053998157644385,0.37842,1.0
ROBO3,0.95206,2.988677829009206,-0.8781147778320313,3.844714683751319,0.40764,1.0
SPTBN4,0.95204,2.988239720556093,1.4916276318359376,4.0122975289811835,0.64852,1.0
PLEKHA5,0.95202,2.987801785562504,-1.4070665087890626,3.8703177725035265,0.36172,1.0
OSBPL7,0.95202,2.987801785562504,-1.1256483154296875,3.964419868455889,0.38888,1.0
SERPINB2,0.95196,2.9864890198901297,-0.9378963256835937,4.332764419342369,0.41904,1.0
SLA2,0.95196,2.9864890198901297,0.18723166229248048,4.445215555615407,0.52074,1.0
KRT18,0.95194,2.9860517772867867,-0.34986647064208987,4.161991473205219,0.46922,1.0
CHST10,0.95192,2.9856147074199457,-1.450932646484375,3.681589819085071,0.35088,1.0
EHD3,0.95192,2.9856147074199457,0.15472359329223634,4.083364745026917,0.51778,1.0
CCL23,0.9519,2.9851778101455433,-0.1226994857788086,4.075984796678235,0.48816,1.0
KLF5,0.95186,2.984304532798702,1.2921232177734374,3.961960976283186,0.63274,1.0
LEF1,0.95182,2.9834319440973376,-0.5233315246582031,4.088915257435207,0.45152,1.0
EXOSC5,0.9518,2.982995907630455,-0.38986214599609376,4.635441381788181,0.46994,1.0
HBD,0.95178,2.982560042895393,0.24327575424194336,4.160195856404841,0.52668,1.0
ZNF551,0.95176,2.9821243497493417,0.5602701501464844,4.484869739201445,0.55978,1.0
RAB37,0.95172,2.981253477653898,-0.7057173303222656,3.930242811518814,0.43272,1.0
NUF2,0.9517,2.9808182984197704,1.460196279296875,4.014875604897687,0.6399,1.0
SIGLEC7,0.95166,2.9799484528681854,-2.052398671875,3.2356665483325435,0.25458,1.0
RGS16,0.9516,2.9786449647062168,-0.6849458349609375,3.9142148129103957,0.43804,1.0
PLK2,0.9516,2.9786449647062168,0.15917943305969237,4.152550058243223,0.51434,1.0
SLC2A5,0.95154,2.9773430093501863,-1.0793942358398438,4.1887994109900655,0.3939,1.0
DCLRE1A,0.95152,2.9769093641972253,-0.83628013671875,3.8738004879484524,0.41396,1.0
CENPL,0.95152,2.9769093641972253,0.5027636755371093,4.3146112602626685,0.54642,1.0
HPGD,0.9515,2.9764758887927667,-1.350732255859375,3.779687764821791,0.36064,1.0
ANAPC1,0.9515,2.9764758887927667,-0.9198272778320312,3.884436846557505,0.40966,1.0
KCNG1,0.95148,2.9760425829964583,-1.4202759033203125,4.023797543483975,0.35314,1.0
HBG1,0.95148,2.9760425829964583,-0.09809887196540833,4.398834243872928,0.4926,1.0
BDH1,0.95146,2.97560944666812,-0.90613650390625,4.551341027863498,0.42136,1.0
SCT,0.95144,2.9751764796677462,1.7547580078125,3.5671436837588146,0.6963,1.0
SMPD3,0.9514,2.9743110530917334,1.8343761572265624,3.498132399677535,0.70266,1.0
RAB39B,0.9514,2.9743110530917334,-0.6560672424316406,4.698493150232651,0.44354,1.0
CD8A,0.9514,2.9743110530917334,-0.3620314953613281,4.179955198562713,0.46992,1.0
TMOD1,0.95132,2.9725822257341714,-1.0650304028320312,3.699488653277766,0.38804,1.0
MYO18A,0.95132,2.9725822257341714,-0.8549517114257813,3.7196618305472513,0.41136,1.0
CCL5,0.9513,2.972150440123868,-0.1642856111907959,4.105796331919749,0.48666,1.0
ADAMTS17,0.95126,2.971287373407154,0.27781760330200195,4.042787085459489,0.52752,1.0
IGFBP3,0.95124,2.9708560920239933,1.0273951953125,4.209026318538385,0.60366,1.0
MAPK13,0.95124,2.9708560920239933,-0.8790341064453125,3.9927324085869933,0.4253,1.0
TNFRSF10A,0.95124,2.9708560920239933,0.03512768530845642,3.8961871624833257,0.50128,1.0
ITGA2B,0.95122,2.970424978440082,-0.8988368920898437,3.967610354976692,0.4073,1.0
XRCC2,0.95122,2.970424978440082,-0.17009446223258973,4.027380340266835,0.48508,1.0
FITM2,0.95122,2.970424978440082,0.04131600654602051,4.095964775328041,0.50382,1.0
OSBPL5,0.9512,2.9699940325174716,1.7407094775390626,3.441941937899038,0.69976,1.0
PCOLCE,0.95118,2.969563254118378,-1.4363624658203125,3.781317206993826,0.3486,1.0
SLC27A2,0.95116,2.9691326431051928,0.3483038391113281,4.006640525783142,0.53162,1.0
KLRB1,0.95114,2.968702199340474,-0.21319585334777832,4.33839543494946,0.48432,1.0
ZNF233,0.95106,2.966982094023331,-1.0146118359375,4.018966490343075,0.39414,1.0
SCMH1,0.95102,2.966123041294447,-0.7423038623046875,3.841324999195596,0.42692,1.0
ZNF154,0.95102,2.966123041294447,-0.48449454040527345,4.0327062729719705,0.45424,1.0
TNKS1BP1,0.95098,2.965264653730064,-0.9996728759765625,3.678784085015285,0.39346,1.0
GCHFR,0.95086,2.962693471155877,-1.10800974609375,3.8150211372364984,0.39226,1.0
PERP,0.95086,2.962693471155877,-0.5351037731933593,4.010767924293206,0.4528,1.0
CD19,0.95086,2.962693471155877,-0.37216552185058593,4.312006349931048,0.46234,1.0
CD79B,0.95082,2.9618377333947254,-1.5483690283203124,3.82319766470273,0.34836,1.0
CDKN2C,0.95078,2.9609826553839276,-1.7452592578125,3.5372167297654045,0.31172,1.0
PGAM5,0.95074,2.9601282360485675,-0.7818030932617187,3.944358800266706,0.427,1.0
PAXIP1,0.95074,2.9601282360485675,-0.45382940795898435,4.035052920544736,0.45722,1.0
ACTR5,0.95072,2.959701273048979,-0.8480465966796875,3.9930389157081856,0.42516,1.0
CXCR5,0.95072,2.959701273048979,-0.005493385772705078,4.09265340494712,0.50154,1.0
LSR,0.9507,2.95927447431634,-1.235062490234375,4.003270052590265,0.37824,1.0
CASP2,0.9507,2.95927447431634,0.467034013671875,3.90584333528126,0.54666,1.0
ZNF443,0.95068,2.9588478397170217,-0.48098515014648435,3.7970138920309555,0.45538,1.0
EPM2A,0.95056,2.956291471457995,-0.4588778149414062,3.8315782662408973,0.45378,1.0
LTA,0.95048,2.954590491773691,0.816578486328125,4.228174034901599,0.57724,1.0
HS2ST1,0.95046,2.9541656538676,-1.4571627099609374,3.5480216539660234,0.34278,1.0
INPP4B,0.95046,2.9541656538676,-1.2448606689453126,3.6060666061566344,0.37412,1.0
CTTN,0.95046,2.9541656538676,0.05285361185073852,3.9221891870678336,0.5039,1.0
RTKN,0.9504,2.9528921148774994,-0.2568931579208374,4.473913054004119,0.48574,1.0
NEB,0.95038,2.952467926352259,-1.156226279296875,3.8277189287241695,0.38204,1.0
TNFSF4,0.95038,2.952467926352259,0.5087863439941406,3.920285735150893,0.55408,1.0
SIRT3,0.95036,2.9520438998441807,-0.943893740234375,4.006097846871549,0.40834,1.0
NR3C2,0.95036,2.9520438998441807,-0.4187515197753906,3.922450283583694,0.45726,1.0
FGF9,0.95032,2.951196332356062,-1.892019150390625,4.204621390155734,0.32046,1.0
PLCG1,0.95032,2.951196332356062,0.7887884521484375,4.076079947534735,0.57472,1.0
AREG,0.95032,2.951196332356062,-0.5133940979003906,4.045482069187311,0.4446,1.0
SLC37A4,0.9503,2.9507727911146873,-0.34908450744628905,4.356739132199216,0.4619,1.0
ZNF486,0.95028,2.9503494113678115,-0.3002829154205322,4.15172912193902,0.47354,1.0
VAMP1,0.95026,2.949926192985162,-1.4105196923828125,3.7151223085805394,0.35432,1.0
GPC1,0.95026,2.949926192985162,-1.1320923168945312,4.1094762289923725,0.3894,1.0
PDE7B,0.95024,2.9495031358366255,-0.10933635914325714,3.864560723291432,0.48736,1.0
TAB1,0.9502,2.9486575047222146,0.5736750329589844,4.017135791129298,0.55494,1.0
ITPR3,0.9502,2.9486575047222146,0.5676486633300781,4.072375165331293,0.5554,1.0
RGS9,0.9502,2.9486575047222146,-0.515243154296875,3.9165382264763107,0.44878,1.0
EOMES,0.95018,2.948234930496892,-0.2720211022949219,3.9097308176882533,0.47572,1.0
PROK2,0.95016,2.947812516986787,-0.23214450866699218,4.15427889130993,0.48146,1.0
IL4I1,0.95014,2.9473902640625678,1.4575525634765625,3.158564098657474,0.70132,1.0
SEMA4F,0.95014,2.9473902640625678,0.6031274230957031,3.8729860551498163,0.55888,1.0
FBLN5,0.95014,2.9473902640625678,-0.29765382415771485,4.4146441070135305,0.46952,1.0
OBSCN,0.95012,2.9469681715950564,-1.4164443408203125,3.7301911552034586,0.34406,1.0
KLC2,0.95012,2.9469681715950564,-0.8719318627929687,4.018089509108637,0.41452,1.0
ULBP2,0.9501,2.9465462394552295,0.19705846195220947,3.7616512219633056,0.52182,1.0
LDLRAP1,0.95006,2.9457028556433205,-1.0604616430664062,3.6637857611471905,0.3892,1.0
CRAT,0.95002,2.944860111597755,-0.12705492031097412,3.791258430221392,0.4856,1.0
TK1,0.95,2.9444389791664394,1.160079599609375,3.650380434250333,0.6284,1.0
HSPA2,0.94998,2.944018006291926,-1.440189736328125,3.719115482031665,0.34296,1.0
PNOC,0.94998,2.944018006291926,-0.4080698565673828,4.224207600430651,0.45874,1.0
PCP2,0.94996,2.9435971928462674,0.374038505859375,4.010642268648749,0.53764,1.0
CCL2,0.94994,2.9431765387016777,1.5209049609375,3.9552506308602875,0.6889,1.0
COL19A1,0.9499,2.942335707805317,-0.7969521166992187,4.178772553999995,0.41942,1.0
JAM3,0.9499,2.942335707805317,0.06708185832977295,3.800811614712445,0.50836,1.0
KIF27,0.94984,2.941075653032872,-1.5327637255859374,3.8193556611312616,0.34444,1.0
PTX3,0.94984,2.941075653032872,0.07251445362091065,4.009643835213555,0.49728,1.0
CCR4,0.94982,2.9406559520196938,0.8239420483398437,3.9311114702590846,0.5846,1.0
KLRG1,0.94974,2.9389787308102564,-0.6308886145019531,4.109163429135157,0.44358,1.0
FST,0.94974,2.9389787308102564,-0.18355964637756347,3.922121012798336,0.48472,1.0
TRIM32,0.94974,2.9389787308102564,0.002782557911872864,4.510475990804237,0.50506,1.0
C4BPB,0.94972,2.938559820586995,-1.41745759765625,3.87479634720124,0.35192,1.0
FBXO15,0.9497,2.938141068143213,-0.4610016162109375,3.8743820185257807,0.45738,1.0
ARHGEF9,0.94968,2.9377224733530927,-0.98168982421875,3.9162581455341856,0.40208,1.0
RPS6KA2,0.94968,2.9377224733530927,0.11174746490478515,3.7339762711016062,0.51276,1.0
GIPR,0.94966,2.9373040360909672,-0.7258257690429688,4.191871142072855,0.43468,1.0
KCNK12,0.94966,2.9373040360909672,-0.023144460554122923,3.917698203889391,0.49722,1.0
GAS8,0.94964,2.9368857562313218,1.0084703100585937,3.8266053280754373,0.60278,1.0
PRIM1,0.94962,2.936467633648783,-0.9488480419921875,4.215457517364823,0.41424,1.0
SMARCD3,0.94956,2.9352142083123827,1.840261318359375,3.9656235912716444,0.68198,1.0
FABP3,0.94956,2.9352142083123827,-1.751243642578125,3.736869449479698,0.32146,1.0
ADORA3,0.94956,2.9352142083123827,-0.8931442529296875,4.039962525896271,0.41452,1.0
INSL3,0.94956,2.9352142083123827,-0.6336134558105468,3.8670124031499844,0.43488,1.0
MDGA1,0.94956,2.9352142083123827,0.47204972900390624,3.851625426796762,0.54966,1.0
ZFP30,0.94954,2.9347967135875868,-0.31762956634521483,4.167912112851991,0.46598,1.0
LIPE,0.94952,2.934379375515293,0.27351848571777343,4.1589741379525496,0.52592,1.0
RNASE1,0.9495,2.9339621939710265,-0.9608053857421875,4.103148120054138,0.41758,1.0
CATSPER1,0.94946,2.933128299969414,-2.108262568359375,3.1579445570920384,0.2467,1.0
AKAP12,0.9494,2.931878629823798,-0.3758874633789063,3.7291425033359973,0.45982,1.0
TNFRSF18,0.94934,2.9306303617374794,-0.8291223583984375,4.026806361644276,0.41984,1.0
EVC2,0.94932,2.930214583368368,-1.9669605517578126,3.2203588782954147,0.26746,1.0
ADAT2,0.9493,2.929798960290616,0.42760968627929685,4.15585457178486,0.54286,1.0
KIF21A,0.94928,2.929383492381363,-0.2990912438964844,4.348176635421387,0.47528,1.0
EDN1,0.94926,2.9289681795178915,1.655041513671875,3.6325304608440945,0.67314,1.0
HBG2,0.9492,2.927723169977173,0.013496420812606812,4.203540569017415,0.50074,1.0
MTA2,0.94918,2.9273084760725547,-0.21208674041748046,3.9181803109242037,0.47748,1.0
LILRA4,0.94918,2.9273084760725547,-0.16770362831115723,4.3862218696648565,0.48694,1.0
MEIS1,0.94916,2.9268939366023035,1.68603716796875,3.641884325684359,0.68676,1.0
ABCA3,0.94912,2.9260653204776452,-1.1047033471679688,4.1285865429806465,0.39388,1.0
IFT140,0.94912,2.9260653204776452,0.0007136177635192871,4.099138242911513,0.49826,1.0
KLHL3,0.94906,2.9248235515068224,0.7777424365234376,3.8332661017881455,0.58246,1.0
IL18R1,0.94904,2.92440993608894,0.15877608219146727,4.063473666908822,0.5321,1.0
ABHD4,0.94902,2.9239964742554827,-0.7655771264648438,3.6389302417137417,0.41574,1.0
HDAC4,0.949,2.923583165885601,1.0139903540039064,3.7431033414116466,0.60868,1.0
CHST12,0.94898,2.923170010858591,1.7505523681640625,2.868579610964317,0.7241,1.0
BCL11A,0.94898,2.923170010858591,0.47825651977539063,4.233614968474617,0.54712,1.0
CXCR6,0.94896,2.9227570090538824,0.01189036003112793,3.925009298630811,0.50072,1.0
P2RY14,0.94894,2.9223441603510545,1.1053939306640626,3.717359934557192,0.6196,1.0
ATP1B1,0.94892,2.921931464629825,1.0448538623046875,3.6429073983120923,0.61706,1.0
HGD,0.94892,2.921931464629825,0.9241772705078125,3.7398115820923024,0.60046,1.0
ERCC8,0.94892,2.921931464629825,-0.5305236022949219,3.7642127720607825,0.44436,1.0
PRKAR1B,0.94892,2.921931464629825,0.07455571928977967,3.887478541866332,0.50118,1.0
MYC,0.94892,2.921931464629825,2.8033857345581055e-05,3.828301694799092,0.50474,1.0
KRT23,0.94888,2.92110653165174,-1.4025493408203125,3.5726360348053237,0.34296,1.0
IL6,0.94886,2.920694294155028,1.584729423828125,3.628852618270461,0.6747,1.0
ZNF442,0.94886,2.920694294155028,-0.9403617700195313,3.682657855694815,0.40218,1.0
TTLL11,0.94884,2.9202822091601943,-1.41968736328125,3.606474269661026,0.34884,1.0
PDK2,0.94884,2.9202822091601943,-1.28853734375,3.671700345592515,0.36744,1.0
GRK4,0.94882,2.919870276547664,-1.3724642724609375,3.5899105175398547,0.3485,1.0
PRKAB1,0.94882,2.919870276547664,0.07996695400238037,3.9283394945835677,0.50804,1.0
PTPRB,0.9488,2.9194584961979984,-1.4322073681640626,4.029203863460692,0.35198,1.0
PTPN22,0.94874,2.918224067533914,-1.247708896484375,3.911540578484869,0.36104,1.0
NET1,0.94872,2.9178128950441256,-0.28880966285705567,3.7172260157377965,0.4683,1.0
LCN2,0.94868,2.9169910049492573,-0.6331324194335938,3.8864668316109636,0.4284,1.0
APOBEC3H,0.94864,2.9161697205773525,0.6920250500488281,3.840903834724962,0.57486,1.0
FUT7,0.94864,2.9161697205773525,-0.3126879049682617,3.84855429236409,0.46108,1.0
CYP2R1,0.94856,2.9145289652204505,-0.564472353515625,4.000484680743888,0.44798,1.0
MDC1,0.94852,2.9137094923499833,-0.5638694616699219,3.7338628440274255,0.44106,1.0
TAF4B,0.9485,2.9132999817053786,0.7015365759277343,3.708873806049229,0.5766,1.0
ST3GAL4,0.9485,2.9132999817053786,-0.5879407958984375,3.7915635064763604,0.43516,1.0
ZNF554,0.94848,2.9128906214315142,-0.4553847106933594,3.8803396627201625,0.45356,1.0
PDE9A,0.94848,2.9128906214315142,-0.41603117797851563,3.80796187545087,0.4568,1.0
HES1,0.94844,2.912072351527789,-0.34981959777832033,3.9030613934702223,0.46382,1.0
STAG3,0.94838,2.910846071529964,0.8994357275390625,3.7265660797879696,0.60246,1.0
MATN1,0.94838,2.910846071529964,0.1610637950515747,3.8972707067557013,0.51638,1.0
C1QC,0.94836,2.9104376110264423,1.3599446533203126,3.7103605673715183,0.64542,1.0
GALR2,0.94836,2.9104376110264423,0.5668642797851563,3.895833126261783,0.55788,1.0
CCR6,0.94834,2.910029300076894,0.5053889892578125,3.888405272510437,0.55752,1.0
CYP4V2,0.94834,2.910029300076894,-0.35352785919189456,3.771768536976414,0.46476,1.0
ITGA10,0.9483,2.909213126375299,-0.06254555800437928,3.7632903663282375,0.4972,1.0
PARD3,0.94828,2.908805263391375,2.071148173828125,3.1585354670694965,0.75424,1.0
RGS3,0.94828,2.908805263391375,-0.41734552001953124,3.753154212798167,0.46026,1.0
NUP210,0.94828,2.908805263391375,0.27786945251464845,3.751703406477078,0.52728,1.0
ALMS1,0.94824,2.9079899845785993,-0.6680660729980469,3.6510416572598112,0.43062,1.0
GSTO2,0.94824,2.9079899845785993,0.18725145359039308,3.740867950882627,0.51942,1.0
DHODH,0.94818,2.906768182515104,-0.4658414123535156,3.9767119079522195,0.45854,1.0
CCL13,0.94814,2.9059543905658796,1.46121193359375,3.726305643344788,0.64798,1.0
NCR3,0.94814,2.9059543905658796,0.20426853790283203,3.990397153485858,0.5305,1.0
S100A12,0.9481,2.9051411917520715,-0.76628064453125,4.211759429198416,0.43224,1.0
UBOX5,0.9481,2.9051411917520715,-0.2254057792663574,3.855792584336368,0.46832,1.0
HSPA1L,0.94808,2.9047348144843594,0.12004286808013916,3.7668453342715167,0.5113,1.0
ZNF549,0.94806,2.9043285851568603,-0.4051822821044922,3.8472955971719403,0.44774,1.0
PARD6B,0.94802,2.903516569865551,0.2283413486480713,3.788975134815163,0.52348,1.0
ATP2B4,0.94802,2.903516569865551,0.0642640933227539,4.173844531506224,0.5198,1.0
SPON2,0.94794,2.9018943095463934,-0.5472723608398438,3.8847942294603306,0.44894,1.0
CD40LG,0.94794,2.9018943095463934,-0.45826969116210936,3.9572148487177423,0.4485,1.0
MVK,0.94792,2.9014891126081706,-0.09827096374511719,3.686456638053282,0.49098,1.0
DSP,0.9479,2.901084062699674,1.076107705078125,3.75691981601238,0.6223,1.0
NEURL2,0.94788,2.9006791597076824,-1.1878028271484375,3.5005919519605078,0.37054,1.0
SCD5,0.94788,2.9006791597076824,-0.3419649209594727,3.8050264803639253,0.4652,1.0
BBS10,0.94786,2.900274403519107,-0.38595905639648437,3.7729239041455678,0.45264,1.0
AKAP5,0.94784,2.899869794020982,-0.11823775892734528,3.6411196161244606,0.48898,1.0
TNFRSF17,0.94778,2.898656844541658,0.8049053076171875,3.942863601910378,0.58124,1.0
EHMT2,0.94776,2.898252820678329,-0.2986736492919922,4.009582802054486,0.47242,1.0
PRKAR2B,0.94774,2.8978489429425887,-0.3302176531982422,3.9378584922062965,0.4677,1.0
THBS1,0.94766,2.896234891033774,-1.5685288671875,3.6129293437319663,0.33692,1.0
CDK6,0.94766,2.896234891033774,-0.18988404598236083,3.7997740046720367,0.48556,1.0
ST6GALNAC3,0.94754,2.8938181779856085,-1.0116003247070313,3.6562299969866676,0.38858,1.0
NOL6,0.94754,2.8938181779856085,0.45797895141601563,3.669675986045619,0.54958,1.0
ZNF682,0.94754,2.8938181779856085,-0.1497846412563324,4.308473422584699,0.4807,1.0
GTF2H2,0.94752,2.8934159002773936,-0.9296009765625,3.6844686312528903,0.40142,1.0
CYP1B1,0.94746,2.8922099354492126,-0.8961340454101563,4.336900123233971,0.41338,1.0
TNRC6C,0.94744,2.8918082362368835,-0.18874897445678712,3.648301985763927,0.48164,1.0
SLC1A7,0.94742,2.8914066813725263,1.44809900390625,3.555403614334556,0.66444,1.0
CLEC2D,0.94738,2.890604004247246,1.1657896728515624,3.5169009441797825,0.7339,1.0
ARHGEF35,0.94736,2.890202881766404,-1.3143157568359376,3.8471621985507416,0.36364,1.0
TTLL1,0.94732,2.8894010684194535,-0.022520854606628418,4.169941574288876,0.50556,1.0
PRSS1,0.94728,2.8885998298284496,0.23639998916625976,3.9307654518311943,0.52424,1.0
CNKSR2,0.94726,2.888199425793011,0.7632964135742187,3.7968380902353784,0.5822,1.0
NR4A1,0.94726,2.888199425793011,0.0381706566619873,3.842448676182285,0.50714,1.0
PLAU,0.94722,2.8873990476965115,-2.0606335205078126,2.8494551908715073,0.2328,1.0
IL23A,0.94722,2.8873990476965115,-1.1438301440429688,3.617792968227126,0.36532,1.0
EFNA5,0.9472,2.886999073417526,0.5750003369140625,4.56268491098429,0.55784,1.0
RPA4,0.94718,2.8865992421729687,1.5483529541015626,3.1755458814430573,0.69294,1.0
TSPAN15,0.94716,2.886199553854187,-1.0558578881835938,3.603076530848045,0.38066,1.0
HERC2,0.94714,2.8858000083526494,-1.0564028515625,3.7223741383891165,0.3989,1.0
LDLR,0.94714,2.8858000083526494,1.0147714526367186,3.604229215082063,0.61514,1.0
SYDE2,0.94712,2.885400605559949,0.4264845745849609,3.6488183620031136,0.5478,1.0
PLCB2,0.9471,2.885001345367803,-0.6942458203125,3.674548075789882,0.42312,1.0
ACSM3,0.94706,2.8842032523526364,0.418048271484375,3.7366402097032876,0.5416,1.0
ZNF584,0.94698,2.882608772778002,-0.6677842126464844,4.241672948447359,0.42854,1.0
GP9,0.94698,2.882608772778002,-0.17948621990203859,3.757083139924212,0.47844,1.0
TAS2R14,0.94698,2.882608772778002,0.17860308975219727,4.071687226916008,0.52382,1.0
PIK3CB,0.94692,2.8814144028569366,-0.43697420654296876,3.6797761305466863,0.45534,1.0
ZNF569,0.94688,2.8806188640436674,-1.0351061962890624,4.152863056814417,0.39152,1.0
ACSM1,0.94688,2.8806188640436674,0.9825440014648438,3.66673048920942,0.60648,1.0
ZNF599,0.94686,2.8802213066564297,-1.690776767578125,3.540689763357285,0.32226,1.0
GRAP,0.94686,2.8802213066564297,-1.0014479711914062,3.583135832016994,0.39198,1.0
ATP6V1E2,0.94686,2.8802213066564297,-0.355114782409668,3.7087502231717675,0.46778,1.0
POLH,0.94686,2.8802213066564297,-0.14766121128797532,3.7600145905791997,0.4824,1.0
LYPD3,0.94684,2.879823890473146,-1.2236129541015626,3.4521595328312027,0.364,1.0
CCL19,0.94684,2.879823890473146,0.5945818682861328,3.762985026299649,0.5648,1.0
ZNF2,0.94682,2.879426615387233,-0.2190420440673828,3.8566728188126462,0.48154,1.0
ZNF20,0.9468,2.8790294812922297,-0.9193515698242187,3.755192056148626,0.40246,1.0
HLA-DRB5,0.9468,2.8790294812922297,-0.7853942602539062,3.666907991119387,0.41644,1.0
MCM6,0.94676,2.8782356356497005,-0.8254841040039063,3.816292224869496,0.41674,1.0
TPSAB1,0.94672,2.8774423526962503,-1.468834052734375,3.549374686638889,0.34344,1.0
TADA1,0.94672,2.8774423526962503,-1.223735302734375,3.5804047970032813,0.37628,1.0
HLA-DQA1,0.9467,2.8770459219630466,-0.3148923883056641,3.8670793356840583,0.47458,1.0
MXD4,0.94664,2.8758574714689358,-0.9064528979492188,4.189918641444541,0.41144,1.0
HBB,0.94664,2.8758574714689358,0.14597865222930909,3.947688044559222,0.51578,1.0
NUP188,0.94662,2.8754616015210397,-0.7104514038085937,3.6072687055116783,0.4236,1.0
CTLA4,0.94662,2.8754616015210397,-0.008959112091064453,3.6885305932627888,0.5098,1.0
ZNF714,0.94658,2.8746702813186595,-0.999842080078125,3.471035985826861,0.39236,1.0
ACACA,0.94658,2.8746702813186595,-0.5989828588867188,3.6885260388734404,0.43822,1.0
DARS2,0.94656,2.8742748308539894,-0.6112060815429687,3.700949437003955,0.43312,1.0
BTLA,0.94656,2.8742748308539894,0.2594031158447266,3.835029287093522,0.52446,1.0
POLR1A,0.94654,2.873879520007073,-1.4584054931640624,3.3516622012456576,0.3346,1.0
PHC1,0.94652,2.8734843486731085,-1.0872603588867187,3.5603105319436006,0.37888,1.0
ST8SIA1,0.9465,2.873089316747417,-0.006851459560394287,3.6860841840887724,0.50386,1.0
POLR3A,0.94648,2.872694424125434,0.7668643530273438,3.6247389509443924,0.58488,1.0
ALG14,0.94646,2.872299670702714,0.459774140625,3.4730793204554145,0.55688,1.0
MAF,0.94644,2.8719050563749273,-0.6334869750976563,3.5484131183715943,0.43422,1.0
TRIM2,0.94644,2.8719050563749273,0.1095906135559082,3.68269079070188,0.51042,1.0
SYP,0.9464,2.871116244587421,-1.4668787451171874,3.3619215564630482,0.33622,1.0
IL5RA,0.9464,2.871116244587421,0.6892158618164063,3.955945571289899,0.57982,1.0
TNNC2,0.94632,2.869540285574056,1.998133193359375,2.86067166490808,0.75862,1.0
OSM,0.94632,2.869540285574056,-1.8487619970703124,3.4387591239520674,0.31096,1.0
SKP2,0.94628,2.86875313668917,-0.8546506860351563,3.558033935491571,0.40582,1.0
RAB30,0.94626,2.868359769540176,0.0014812688446044922,3.6888323643251413,0.5101,1.0
SLC2A1,0.94622,2.867573449313241,-0.588339892578125,3.778382233656841,0.44174,1.0
TXK,0.94622,2.867573449313241,-0.18421602615356444,4.110270040675027,0.47404,1.0
ZNF570,0.94622,2.867573449313241,0.07552787708282471,4.272427834648979,0.50822,1.0
TNS4,0.94614,2.8660024622620974,-1.009738603515625,3.6859654995004787,0.38918,1.0
KCND3,0.94614,2.8660024622620974,-0.43019751098632814,3.869550753153222,0.4488,1.0
ZNF461,0.94612,2.8656100593592386,-0.7492785083007812,3.5885625873824543,0.41878,1.0
SENP3,0.94612,2.8656100593592386,0.12164276597976685,3.8712842253068676,0.51816,1.0
SH2D2A,0.94608,2.864825665468469,-0.738857978515625,3.9033540891643823,0.4222,1.0
FCER1A,0.94604,2.8640418201165065,-1.2193057958984375,3.68072971401745,0.37098,1.0
SCN1B,0.94602,2.8636501028875863,-1.387939013671875,3.331844122293995,0.33208,1.0
COL15A1,0.94596,2.8624757717678193,-2.22885228515625,3.5301548399579814,0.26422,1.0
CLEC1B,0.94596,2.8624757717678193,-0.7329889233398438,3.6220299918275938,0.41944,1.0
TEX2,0.94592,2.8616935671450183,-1.567048857421875,3.3255791418116627,0.3174,1.0
TPCN1,0.94584,2.8601307929508386,-1.36657294921875,3.232699483804297,0.33338,1.0
ASNS,0.94584,2.8601307929508386,0.03502697227478027,3.811958617540104,0.5109,1.0
KLK1,0.94582,2.859740439448937,-0.7109596166992187,4.070402777020095,0.42708,1.0
IGFBP2,0.94582,2.859740439448937,-0.45048152709960937,3.646543829649454,0.44808,1.0
TBL1XR1,0.9458,2.859350221764174,-0.060774478073120114,3.681177033699947,0.49632,1.0
ZFP69B,0.94578,2.8589601397959856,-0.7891045141601563,4.55124797481219,0.40548,1.0
F12,0.94576,2.8585701934439203,-1.495293291015625,3.2962970650460437,0.31858,1.0
DHCR7,0.94576,2.8585701934439203,-0.6089842248535157,4.475620069974055,0.43416,1.0
ADRB2,0.94574,2.8581803826076313,1.2838057861328125,3.4965258606389447,0.64222,1.0
ITGB3,0.94572,2.8577907071868904,-1.225137158203125,3.9725843876533915,0.371,1.0
HIP1R,0.94566,2.856622492417302,-0.467959560546875,3.6922584687008,0.45602,1.0
ADAL,0.94564,2.8562333576586547,-0.5616369702148437,3.594373995774562,0.44264,1.0
ADM2,0.94564,2.8562333576586547,0.1837745405960083,3.585439669183366,0.52282,1.0
KLHL11,0.9456,2.855455492789937,0.3535737353515625,3.625759697926359,0.54652,1.0
CENPF,0.9456,2.855455492789937,-0.19949461498260498,4.237456547546293,0.48772,1.0
ATIC,0.9456,2.855455492789937,-0.11693581565856934,4.00735504447962,0.49644,1.0
CDK8,0.94558,2.8550667624808397,-0.6947483764648438,3.5305355701578,0.42242,1.0
PPP1R14A,0.94558,2.8550667624808397,-0.3905348974609375,3.7624868450919764,0.45604,1.0
FLOT2,0.94556,2.854678166789414,-0.8917378149414062,3.6217067796176607,0.4118,1.0
CAPN12,0.94554,2.8542897056164223,0.08764225131988525,3.523485591113377,0.51088,1.0
CHTF18,0.94552,2.8539013788627288,-0.8616409033203125,3.491626986982624,0.4097,1.0
TRIM45,0.9455,2.853513186429314,0.96635822265625,3.7105361478167347,0.60112,1.0
FBXW4,0.9455,2.853513186429314,0.26770488983154295,3.4280827467438386,0.53788,1.0
TLR3,0.94548,2.853125128217265,0.31314220642089846,3.614253959687995,0.53706,1.0
GADD45A,0.94546,2.8527372041277776,-0.9994082836914062,3.5157384476790927,0.39506,1.0
PIGN,0.94546,2.8527372041277776,-0.7291155883789062,3.523810857407486,0.42462,1.0
GZMM,0.94542,2.8519617579218175,-0.6207424841308594,4.102607309644082,0.42654,1.0
SLC25A12,0.9454,2.851574235608277,0.0008180204010009766,3.8634773888257223,0.50112,1.0
FBXO44,0.94538,2.851186847023167,-0.6022533117675781,3.838471498977814,0.43578,1.0
ACHE,0.94534,2.850412470645297,-0.58852548828125,3.6473514598292165,0.43542,1.0
CTSW,0.94534,2.850412470645297,-0.03586169616699219,3.917300119701135,0.50228,1.0
PRX,0.9453,2.8496386280034036,0.05987061810016632,3.6886279579558177,0.50322,1.0
CD79A,0.9452,2.847706351358784,-0.5907901916503906,4.16856202680549,0.4374,1.0
BICD1,0.9452,2.847706351358784,-0.12096697521209716,3.8696810620719164,0.48734,1.0
PTPRN2,0.94514,2.84654857915958,1.339398818359375,3.380981167788429,0.6548,1.0
NCAM1,0.94514,2.84654857915958,0.37729484313964845,3.8273323423962973,0.53962,1.0
MARS2,0.94514,2.84654857915958,-0.30781662475585936,3.6852701228877254,0.4799,1.0
ABCC5,0.94512,2.8461629201412944,-1.2214556298828125,3.4118652013290443,0.3666,1.0
IZUMO4,0.94508,2.845391999095505,-0.957202998046875,3.5113827068948313,0.39864,1.0
CD3G,0.94506,2.8450067368745717,-0.3164245233154297,4.138265579372547,0.46288,1.0
ARHGAP11A,0.945,2.843851742261271,0.33504701782226565,3.4237057630728733,0.5525,1.0
GRPEL2,0.94498,2.84346700775219,0.16091265333175658,3.857993189980412,0.53164,1.0
RAMP1,0.94496,2.84308240493047,-0.9286392065429687,3.743043198806787,0.39806,1.0
DPH2,0.94496,2.84308240493047,-0.58840626953125,3.522275461851872,0.43862,1.0
FAAH2,0.94494,2.8426979337000833,0.43806455810546874,3.789797615489429,0.54454,1.0
BCL2L11,0.94488,2.8415453085981897,-0.7431118823242188,3.5268598932919146,0.42124,1.0
PCYOX1L,0.94488,2.8415453085981897,-0.5889355407714844,3.6280520835571943,0.44558,1.0
DNM3,0.94486,2.8411613627749235,-1.0790157934570312,3.45853927849718,0.3761,1.0
TRIB3,0.94486,2.8411613627749235,-0.8269026318359375,3.590640579595485,0.40818,1.0
PIK3R1,0.94486,2.8411613627749235,-0.3364633703613281,3.4055438858158316,0.4599,1.0
EGR4,0.94482,2.840393864371233,0.14587490045547485,3.697980472625174,0.51872,1.0
RDH13,0.94482,2.840393864371233,0.047333565158843995,3.77535953927528,0.50456,1.0
NUP107,0.94474,2.8388604378675124,-0.7681700317382812,3.7287640427780095,0.42592,1.0
ALAS2,0.94474,2.8388604378675124,0.40223196166992187,3.8797196252933235,0.54396,1.0
EEF2K,0.94472,2.838477407833612,-1.2295079833984375,3.2503679361453846,0.34896,1.0
ATR,0.94472,2.838477407833612,0.2847848626708984,3.5830753207082484,0.52906,1.0
LIN52,0.94472,2.838477407833612,0.04707748957633972,3.66105094508055,0.49944,1.0
KIR3DL2,0.94466,2.837329100035815,-1.751864375,3.0315698608115333,0.27538,1.0
NFE2,0.94466,2.837329100035815,-0.3873963671875,3.741980486445637,0.45824,1.0
APOM,0.94466,2.837329100035815,-0.1961091871070862,3.5055213557750147,0.48062,1.0
FES,0.94464,2.836946591222585,-0.6526625793457032,3.3651748937216195,0.41636,1.0
NUDT13,0.94458,2.8357998448197597,0.6584310656738281,3.5714426543510576,0.57538,1.0
SLC9B1,0.94458,2.8357998448197597,-0.2888104801940918,3.5478740100100876,0.46244,1.0
KCNMB3,0.94456,2.8354178557172056,1.504532294921875,3.4140919643039225,0.68104,1.0
CXCL5,0.94454,2.835035996307152,-1.5649785400390626,3.335702339673716,0.32108,1.0
F13A1,0.94454,2.835035996307152,0.12930574575424195,3.6098682759108316,0.51398,1.0
SLC12A2,0.94452,2.8346542664957286,-0.6989105224609375,3.543334816335577,0.43256,1.0
LCK,0.9445,2.8342726661891753,-0.8992338818359376,4.267184063525766,0.3973,1.0
HADH,0.9445,2.8342726661891753,-0.7639977319335938,3.7886733079470343,0.42572,1.0
SLC25A16,0.94446,2.833509853716131,-0.4274428173828125,3.561938692235289,0.4524,1.0
ZNF696,0.94446,2.833509853716131,-0.344972746887207,3.6692551471865644,0.46568,1.0
LRFN3,0.94442,2.8327475581399364,-0.791106875,3.423988432709394,0.41208,1.0
ZNF736,0.94442,2.8327475581399364,-0.5679863793945312,3.4314527074928183,0.43798,1.0
POU3F1,0.9444,2.8323666039548216,-1.2654406958007813,3.747395330022406,0.3582,1.0
LYPD2,0.94438,2.8319857787141185,0.8363729516601562,3.6360450446854036,0.59606,1.0
NME1,0.94436,2.83160508232477,0.2968393826293945,3.7098802854651116,0.54244,1.0
PPAT,0.94432,2.8308440757284115,-0.6652890173339844,3.9387836717033955,0.43368,1.0
PGM2L1,0.94432,2.8308440757284115,-0.39207829284667967,3.643563310367124,0.45646,1.0
GNG3,0.94432,2.8308440757284115,0.21984350509643555,4.297996408809797,0.52256,1.0
NFATC2,0.9443,2.830463765335786,-0.2661571990966797,3.543239231496938,0.48182,1.0
THBS3,0.94428,2.8300835834232876,0.18641259666442872,3.5067078734091646,0.52142,1.0
ACSS1,0.94422,2.828943807641484,-0.4909910900878906,3.700018276908143,0.43774,1.0
MYBL2,0.94422,2.828943807641484,-0.22374558700561523,3.9631254167065557,0.4729,1.0
ZNF382,0.9442,2.828564138724922,-0.9063355200195312,3.456340051289937,0.4028,1.0
SPTBN1,0.9442,2.828564138724922,-0.8192352612304687,3.5051297052775587,0.40426,1.0
CYSLTR1,0.94416,2.8278051848547414,-0.4060002993774414,3.6300169925608374,0.46028,1.0
GMPPB,0.94412,2.8270467423219166,-1.355027607421875,3.350063651960519,0.33778,1.0
MRI1,0.94412,2.8270467423219166,0.49081087890625,3.646541591643344,0.54674,1.0
NUP35,0.9441,2.8266677125774184,-0.1883643076324463,3.4760218850609457,0.48356,1.0
ARHGEF28,0.94408,2.8262888103919392,-1.7483408544921875,3.7369991040122725,0.31214,1.0
DLG1,0.94406,2.825910035673913,-0.3472582507324219,3.5755396702960462,0.46266,1.0
TNFRSF10B,0.94404,2.825531388331871,-0.37536410888671873,3.5338160848715914,0.46376,1.0
MYL9,0.944,2.8247744754103503,-0.33789638885498047,3.6116690078945863,0.45918,1.0
ALDOC,0.944,2.8247744754103503,0.2976639910888672,3.4798476495435895,0.52738,1.0
APBB1,0.94398,2.8243962096484254,-0.554266513671875,3.5001758324953514,0.43456,1.0
FN3K,0.94396,2.824018070897583,-1.1014208374023438,3.5493611042426947,0.37672,1.0
PEX12,0.94394,2.8236400590668453,0.8824444067382813,3.458935088598993,0.59812,1.0
FCER2,0.94394,2.8236400590668453,-0.666536748046875,3.8489862775886325,0.42142,1.0
IDO2,0.9439,2.8228844158022475,1.2538524951171874,3.529634234129424,0.62728,1.0
ZNF704,0.94388,2.8225067841869143,-1.4456885400390624,3.727587214549745,0.34516,1.0
IL24,0.94386,2.8221292791287325,-1.9607546240234375,3.487396954077383,0.29544,1.0
SOCS5,0.94386,2.8221292791287325,-0.460460400390625,3.399630760186995,0.44508,1.0
GNB5,0.94386,2.8221292791287325,-0.3486186834716797,3.7777781754917763,0.47058,1.0
PRMT6,0.94384,2.8217519005372096,-0.44405772583007813,3.631200376408691,0.4572,1.0
S100A9,0.94378,2.820620522659088,-0.9689641333007812,4.366327358561961,0.39558,1.0
STAT5B,0.94374,2.8198669014188957,-0.6258771704101562,3.561953619556532,0.43264,1.0
POLE,0.94372,2.8194902797323245,0.3166254183959961,3.4841473334663333,0.54074,1.0
CDC23,0.94368,2.8187374137771237,-0.2583430529785156,3.5555179551617706,0.48422,1.0
IRS2,0.94366,2.8183611693291404,-0.0607513890838623,3.558186869737786,0.49344,1.0
B3GNT7,0.94362,2.8176090570447228,-0.31386707733154295,3.8166573998418243,0.46746,1.0
MT1E,0.94362,2.8176090570447228,0.21431145717263222,3.4854575803812393,0.52158,1.0
CD3E,0.94358,2.816857446313254,-0.93348119140625,4.056913896706556,0.37028,1.0
EXOSC6,0.94354,2.8161063364211185,-1.3523922021484376,3.395724670036294,0.35284,1.0
KLRF1,0.94346,2.814605616307939,-0.00866455898284912,3.828976630222837,0.50888,1.0
PDP2,0.94344,2.814230748193396,-0.48796526489257813,3.4860459639480252,0.44966,1.0
AGO2,0.94342,2.813856004667226,-0.5119104443359375,3.4800860489242624,0.4426,1.0
ZFYVE9,0.94342,2.813856004667226,-0.14216811832427978,3.425336540200413,0.4824,1.0
ZKSCAN7,0.9434,2.8134813856410243,-0.2725871353149414,3.571346379812282,0.46678,1.0
MRM1,0.94338,2.813106891026486,-0.73521828125,3.5401638955055166,0.42768,1.0
EHHADH,0.94338,2.813106891026486,-0.7092021606445312,3.7766146110421603,0.42236,1.0
SNAI1,0.94336,2.8127325207353975,-1.783497822265625,3.0061474466663762,0.27626,1.0
TMEM67,0.94336,2.8127325207353975,-0.7076965551757812,3.7465003461370228,0.4269,1.0
SLC25A4,0.9433,2.8116101549221018,0.3470461077880859,4.292067485017464,0.53262,1.0
TMPO,0.9433,2.8116101549221018,0.22896475311279296,3.7542497983061804,0.53604,1.0
DENND3,0.94328,2.811236281044546,-1.0247866162109376,3.220051164284496,0.37712,1.0
AGAP2,0.94326,2.810862531050772,-0.34484504089355467,3.5500386748715322,0.45938,1.0
ITPKB,0.94324,2.8104889048531247,-0.5973615649414062,3.500610797790259,0.42806,1.0
RNF125,0.94322,2.8101154023640422,-0.8405880126953125,3.861251992445319,0.3997,1.0
ACACB,0.94322,2.8101154023640422,0.690262294921875,3.5895205431692667,0.57644,1.0
KHK,0.94322,2.8101154023640422,0.27513056121826174,3.3897569353175934,0.53006,1.0
LZTFL1,0.94318,2.8093687681617854,-0.8287948071289063,3.491892684381732,0.40306,1.0
CSF2,0.94316,2.808995636273947,-1.7453804345703126,3.94570689735935,0.31752,1.0
ZNF354B,0.94316,2.808995636273947,-0.5672636987304688,3.5390937804369678,0.4484,1.0
ARHGEF19,0.94316,2.808995636273947,0.43071504272460936,3.642402482021068,0.5461,1.0
TRAF3IP1,0.94314,2.8086226277453474,-0.2798780810546875,3.408606418005773,0.48006,1.0
FCGR3B,0.94312,2.808249742488886,1.1594958276367187,3.5270914578807764,0.6286,1.0
GPD1L,0.9431,2.8078769804175545,-1.4950745751953125,3.1520877231772206,0.31838,1.0
MTA1,0.9431,2.8078769804175545,-0.6444205126953125,3.4777676669100552,0.42672,1.0
CD200,0.94306,2.8071318254826956,-0.28014259765625,3.5561976995245086,0.47264,1.0
TUBA4A,0.94302,2.80638716224653,-1.1126039453125,3.3324931779656444,0.36872,1.0
POLR1E,0.943,2.8060150147989065,-0.35457867370605467,3.8591687874175515,0.45694,1.0
AGBL3,0.94298,2.805642990016279,-0.3688996533203125,3.349144404335629,0.45798,1.0
AFMID,0.94298,2.805642990016279,-0.1973989404296875,3.5186179574077427,0.47524,1.0
CCR3,0.94292,2.804527650795111,1.3620373876953125,3.8716287621242342,0.64196,1.0
PGAP1,0.94288,2.8037847030582754,1.4766786865234376,3.1069241751618133,0.69808,1.0
FUT8,0.94288,2.8037847030582754,-1.260128212890625,3.363571183404192,0.35264,1.0
WRN,0.94288,2.8037847030582754,-0.018249899878501893,3.4941501263135395,0.50214,1.0
IL2RB,0.94286,2.8034134124550163,-0.03941470775604248,3.583129627312555,0.49056,1.0
NUP88,0.9428,2.802300272676223,-0.5146168115234375,3.4881026593690514,0.45106,1.0
ATP8A1,0.94278,2.80192946980813,-0.7513141821289062,3.6297025112320807,0.40736,1.0
EIF5A2,0.9427,2.8004474746814103,-1.4918539111328124,3.080881455144003,0.31476,1.0
LIN37,0.94266,2.799707205732338,-1.211323779296875,3.1486914343239376,0.35014,1.0
CA5B,0.94264,2.799337253113721,0.06366562225341797,3.3597096067470007,0.50202,1.0
FHL2,0.94256,2.7978586530334075,0.7516378588867187,3.4211688058086507,0.58766,1.0
NCKIPSD,0.94254,2.7974893051887606,-0.37595910308837893,3.4551812072133035,0.45694,1.0
PPP2R5A,0.94252,2.797120078045349,-0.5516604870605468,3.5504773617189307,0.44694,1.0
IER3,0.9425,2.796750971518861,-1.8582905322265626,2.8239523930388093,0.26146,1.0
BAMBI,0.94246,2.796013119979845,0.22846403526306153,3.3986791386826027,0.53006,1.0
MT1G,0.94242,2.7952757498989667,1.6906821142578126,3.453602230067721,0.69322,1.0
CCL22,0.9424,2.794907245195477,-0.655656494140625,3.564145046607072,0.42436,1.0
PARP2,0.94234,2.7938024514276236,-0.6303418505859375,3.435550778463316,0.42242,1.0
TPST1,0.94228,2.792698736418736,-2.1936060107421875,2.830894150806993,0.21878,1.0
NTNG1,0.94228,2.792698736418736,1.8620845849609375,3.643310691572413,0.71128,1.0
PDE5A,0.94228,2.792698736418736,-0.33917851623535156,3.5409335595555707,0.46222,1.0
S1PR1,0.94226,2.792331070750806,-0.8387997290039062,4.072859840486531,0.40198,1.0
ZNF18,0.94222,2.791596097918292,-0.8751108032226562,3.6183414746808373,0.39954,1.0
AGL,0.94222,2.791596097918292,-0.27736916015625,3.585612992039397,0.46206,1.0
GPR55,0.94218,2.790861602536718,-0.7688865502929687,3.691212611472154,0.41912,1.0
TRIM62,0.94218,2.790861602536718,-0.585164482421875,3.33071379203459,0.42928,1.0
FLT3LG,0.94218,2.790861602536718,-0.22729669036865235,3.5642528258717783,0.47546,1.0
TUBB1,0.94214,2.7901275839430593,-0.23418460285186768,3.5261619419046983,0.47124,1.0
ZNF10,0.94214,2.7901275839430593,-0.03240483936309815,3.531031830182341,0.4888,1.0
RFC5,0.9421,2.7893940414756733,-0.24250091468811036,3.3797312534339072,0.47146,1.0
IVD,0.94206,2.788660974474281,-0.30357926483154296,3.4310709568900406,0.46326,1.0
CCNF,0.94204,2.7882946190673707,-1.3397387939453125,3.1209011123488772,0.33124,1.0
GFOD1,0.94198,2.787196264235211,-0.39392307861328124,3.3285076714758124,0.46254,1.0
JAM2,0.94196,2.7868303828137937,-0.6122015380859375,3.2530859116599133,0.42144,1.0
TRH,0.94194,2.786464619683797,-1.1839910888671874,3.2988680504050314,0.35778,1.0
SYTL1,0.94194,2.786464619683797,-0.7072009912109375,3.647458543745599,0.41308,1.0
RASGRP2,0.94194,2.786464619683797,-0.6322142163085938,3.3225824548191896,0.42252,1.0
TCTN2,0.94194,2.786464619683797,-0.40840959716796876,3.308178596203445,0.45056,1.0
ZNF664,0.94192,2.7860989747634104,-1.387579736328125,3.121238344544769,0.32496,1.0
PREX1,0.9419,2.7857334479709053,-1.270226708984375,3.2503784705065843,0.34484,1.0
TAF4,0.9419,2.7857334479709053,-0.8562851684570313,3.2576427874450893,0.39242,1.0
IL2RA,0.9419,2.7857334479709053,0.8338790087890625,3.263313502783784,0.60306,1.0
CLDN5,0.9419,2.7857334479709053,-0.14409132873535158,3.8091830183266704,0.4812,1.0
ZNF563,0.94186,2.7850027484430564,-0.6016822290039062,4.435188982196913,0.43938,1.0
LHX4,0.94172,2.782449009149745,-1.067514384765625,3.7738937833911637,0.38058,1.0
ZWINT,0.94168,2.7817204264038216,-0.31920527465820314,3.4376138709056434,0.4658,1.0
PLTP,0.94164,2.7809923122727978,0.16842082458496094,3.2784796894724884,0.52156,1.0
TLR6,0.94162,2.780628430736325,-1.02402365234375,3.2789676188364636,0.37436,1.0
POT1,0.94162,2.780628430736325,0.10217831840515136,3.412705376923914,0.51258,1.0
TAL1,0.94162,2.780628430736325,0.08807199958801269,3.5009735926347787,0.51234,1.0
IFNB1,0.9416,2.7802646661118855,1.7395919775390625,3.4487159218315204,0.70012,1.0
FYN,0.94158,2.779901018319089,-0.7369121337890625,3.4013546243389485,0.41552,1.0
DDHD2,0.94154,2.7791740729072743,-0.4588016790771484,4.043939862686633,0.44528,1.0
ERBB2,0.9415,2.778447593859396,-1.413728525390625,3.9045638831288634,0.3517,1.0
AASS,0.94148,2.7780845290218315,0.5052365649414062,3.478631066868648,0.5621,1.0
ALKBH2,0.94142,2.7769960322961076,-0.5543341320800781,3.5302520711184386,0.44474,1.0
MCM7,0.9414,2.776633432384075,-0.9558761010742187,3.423012827451155,0.38842,1.0
RGS5,0.9414,2.776633432384075,0.27303190307617187,3.9106583906872516,0.5295,1.0
KRBA1,0.9414,2.776633432384075,-0.16291849166870118,3.347024300275529,0.49054,1.0
THRA,0.94138,2.776270948504295,-0.42107657836914064,3.4077637151930644,0.43506,1.0
FITM1,0.94138,2.776270948504295,0.3288519052124023,3.724049230936424,0.54428,1.0
PIK3R4,0.94138,2.776270948504295,0.24936675018310547,3.4724150982461928,0.53162,1.0
PSTPIP1,0.94134,2.7755463285236135,-1.86586669921875,2.8732529637257884,0.25754,1.0
ZNF235,0.94134,2.7755463285236135,-0.3116456365966797,3.4789739368728028,0.46686,1.0
PVALB,0.9413,2.774822171719124,-0.7700279248046875,3.3257208163262875,0.40578,1.0
PDK1,0.9413,2.774822171719124,-0.7161790087890625,3.3052914091264203,0.41198,1.0
TNFRSF9,0.94128,2.7744602668098857,-1.4128469677734374,3.047776842229169,0.3177,1.0
ZNF19,0.94128,2.7744602668098857,0.19587723194122314,3.2958195941991493,0.52148,1.0
ZNF597,0.94126,2.77409847745718,-1.1221878369140625,3.48975589080843,0.3703,1.0
SLC4A5,0.94124,2.7737368035820027,-1.236613935546875,3.698932668821341,0.36158,1.0
STK11,0.94124,2.7737368035820027,-1.07794390625,3.1012448895025995,0.36244,1.0
CAPN10,0.9412,2.773013801948627,-2.000932119140625,2.4046941947400313,0.19608,1.0
ZNF692,0.9412,2.773013801948627,-0.9359472338867187,3.2791508586072706,0.39904,1.0
RUVBL1,0.9412,2.773013801948627,-0.4206606915283203,4.443700673577476,0.46212,1.0
BCKDHB,0.94116,2.7722912612793387,-0.2678427429199219,3.4008450224359876,0.46506,1.0
RPL39L,0.94114,2.7719301636095746,0.686354306640625,3.4135320257404747,0.58154,1.0
NKIRAS1,0.94098,2.7690455158595957,-0.39950100219726564,3.237401434917499,0.45088,1.0
QPRT,0.94098,2.7690455158595957,-0.20436638481140137,3.452916589567306,0.4749,1.0
CACNB2,0.94094,2.7683254992813566,-0.36361977783203125,3.7548243593634822,0.45196,1.0
NT5E,0.9409,2.7676059396006667,-1.0603895922851563,3.287646260778495,0.37612,1.0
TREML1,0.9409,2.7676059396006667,-0.9351369384765625,3.2247378345548,0.38152,1.0
PELI3,0.9409,2.7676059396006667,-0.5656456164550782,3.5509730122123084,0.42918,1.0
ZNF202,0.94084,2.766527455404744,0.2979979901123047,3.342918128215456,0.53914,1.0
DOK3,0.94082,2.766168188449741,-1.6726933349609374,3.1630012287070417,0.3087,1.0
ANGPT2,0.94082,2.766168188449741,-0.3075677764892578,3.547277602752631,0.46454,1.0
PF4,0.94082,2.766168188449741,-0.1683887777709961,3.4436256534931013,0.47522,1.0
CD9,0.9408,2.765809035254402,-1.929409140625,2.975966271798993,0.27378,1.0
IL11RA,0.9408,2.765809035254402,-1.1218651025390625,3.2023836856051493,0.36164,1.0
CA13,0.9408,2.765809035254402,-0.5592157360839843,3.3207670228263604,0.43464,1.0
TM7SF2,0.94074,2.7647322574549955,-1.119851142578125,3.0979751862150167,0.3459,1.0
FLRT2,0.94068,2.763656500718899,-2.1120164453125,3.1964743046115753,0.2543,1.0
DVL2,0.94068,2.763656500718899,-0.6222125622558594,3.2989181175229247,0.42724,1.0
DUSP16,0.94068,2.763656500718899,-0.04639102077484131,3.500061235813092,0.48816,1.0
RNF152,0.94066,2.7632981416846425,-0.5511060705566406,3.266524121045277,0.4319,1.0
BBC3,0.94064,2.7629398957948204,-1.33623466796875,3.14021674554376,0.33376,1.0
GRAP2,0.94064,2.7629398957948204,-0.025233053092956544,3.7148563613172323,0.4992,1.0
SYT11,0.94062,2.7625817629728813,-1.0528649389648437,3.2073229245234347,0.3764,1.0
ACOXL,0.94056,2.7615080421499814,-0.8930925170898437,3.520340384107853,0.39858,1.0
CXCL13,0.94052,2.7607927922074516,0.8266391259765625,3.2768990709250883,0.60418,1.0
CTH,0.9405,2.760435336189501,-0.39553274963378904,3.278983892519851,0.4537,1.0
ZKSCAN4,0.9405,2.760435336189501,0.10348952527046204,3.312849297060507,0.5175,1.0
IL36G,0.94044,2.7593636430369664,1.773803564453125,3.78442060468586,0.68684,1.0
RGS13,0.94042,2.759006636700353,1.1957126293945313,3.108258420638303,0.65116,1.0
CDK4,0.94036,2.757936290773283,-0.5083050610351563,3.4966875994362216,0.4519,1.0
ZNF658,0.94034,2.7575797329066605,-0.8472580102539062,3.1421020464508453,0.3946,1.0
CXCL2,0.94034,2.7575797329066605,-0.7005627685546875,3.775319348388291,0.42416,1.0
PDE6A,0.9403,2.7568669528844754,0.15249597290039063,3.3943516066859756,0.51662,1.0
PORCN,0.94028,2.7565107305783276,-0.7184124145507812,3.2949118694768327,0.42036,1.0
AUTS2,0.94026,2.7561546199752156,-0.9394903784179688,3.1984937764884056,0.38752,1.0
ABCA5,0.94024,2.7557986210000363,-0.5293636145019531,3.438318354799905,0.4459,1.0
TPD52,0.94024,2.7557986210000363,-0.1001224395608902,3.6318262759469753,0.5129,1.0
ADARB1,0.94022,2.7554427335777625,-1.2271031298828126,3.00781125948659,0.33902,1.0
EPB41L5,0.94012,2.7536649671392994,0.1845666854095459,3.3126654825947086,0.51818,1.0
ZEB1,0.94012,2.7536649671392994,-0.17889587188720704,3.701966777921463,0.48204,1.0
MUC12,0.9401,2.7533097474631023,0.33446621688842776,3.423075286941969,0.54442,1.0
MOGS,0.94006,2.7525996411257325,-0.6498842236328125,3.277262783978144,0.41814,1.0
SOCS1,0.94,2.751535313041948,1.8135208935546876,2.5876397335246666,0.78874,1.0
ZNF248,0.93992,2.7501177578034373,-0.5153252661132812,3.3294846675356946,0.45006,1.0
GPSM1,0.93992,2.7501177578034373,-0.5121597802734374,3.2252772313159785,0.43362,1.0
KBTBD8,0.93986,2.7490557504413617,-0.591857392578125,3.2524254925613785,0.42688,1.0
NICN1,0.93984,2.748701968368671,0.2797632559204102,3.3251238142378714,0.53292,1.0
FCHO1,0.93982,2.7483482963640196,-1.6284742529296874,2.8328568436487567,0.28434,1.0
ZNF571,0.9398,2.7479947343539393,0.9890409985351563,4.520767367462805,0.6289,1.0
NCAPH,0.93976,2.747287940023993,-0.5024787060546875,3.2914999420798425,0.44636,1.0
ZNF544,0.93976,2.747287940023993,-0.2670508734130859,3.8688800819903695,0.47896,1.0
MTMR1,0.93974,2.7469347075575556,-0.7656478076171875,3.2283099894241873,0.4046,1.0
RBL1,0.93972,2.746581584792552,-0.46974638671875,3.2631611237670564,0.44498,1.0
PLA2G12A,0.93972,2.746581584792552,-0.08844990585327149,3.5638418433576775,0.49036,1.0
IL1R2,0.9397,2.746228571655879,-0.5146314855957032,3.752260566099929,0.44602,1.0
KIF3A,0.9397,2.746228571655879,-0.38353528503417966,3.6061346089609927,0.46198,1.0
GINS4,0.9397,2.746228571655879,-0.3832733099365234,3.2089535092577766,0.45062,1.0
ZWILCH,0.93962,2.7448176139329985,-0.679403564453125,3.25853187437163,0.4153,1.0
ZNF510,0.93962,2.7448176139329985,-0.2220736099243164,3.3233662209178334,0.48706,1.0
ACTA2,0.93942,2.741297857952396,2.08004759765625,2.7832788245021307,0.77416,1.0
BASP1,0.93942,2.741297857952396,0.38868834594726565,3.2235816773679367,0.5501,1.0
CREB3L4,0.93942,2.741297857952396,-0.11510634155273437,3.2141302136245735,0.48458,1.0
GNGT2,0.93936,2.740244050981759,-0.6720885327148437,3.300075504032932,0.41762,1.0
NR4A2,0.93934,2.7398929987369742,-0.5727507995605469,3.3367694890665214,0.43762,1.0
CEP78,0.9393,2.7391912189350176,-0.7238595581054688,3.21835272370849,0.40526,1.0
NELFA,0.93928,2.738840491234582,0.049045773258209226,3.320560020247037,0.50762,1.0
NCR3LG1,0.93926,2.7384898715724524,-0.8668523071289063,3.1892102592374325,0.39246,1.0
TUBGCP4,0.93922,2.7377889560773663,-1.0944551025390625,3.1679045995679402,0.3774,1.0
GATA1,0.93922,2.7377889560773663,-0.6023208972167968,3.4816347472614715,0.42296,1.0
CABIN1,0.93922,2.7377889560773663,-0.3208275048828125,3.4587680228006286,0.4608,1.0
IL21R,0.9392,2.737438660101711,-0.5667801196289063,3.2882989557757583,0.42428,1.0
ZAP70,0.9392,2.737438660101711,-0.39159258666992186,4.021361356571635,0.45646,1.0
ABCG2,0.93918,2.7370884718789683,1.0993161206054687,3.076683838482099,0.64322,1.0
KDM4D,0.93918,2.7370884718789683,-0.45151399658203123,3.287115447083205,0.44698,1.0
ACKR3,0.93916,2.7367383913379646,0.48112657958984373,3.1864723569489315,0.55966,1.0
DCSTAMP,0.9391,2.7356887950947173,0.3077954638671875,3.3950533235297327,0.54398,1.0
FEN1,0.93906,2.734989601372903,0.22348404663085938,3.3723630146792467,0.53402,1.0
DOLK,0.93904,2.7346401654316335,-1.0509507568359375,3.1977281618879005,0.38364,1.0
PDGFA,0.939,2.7339416150349507,-0.7130796496582031,3.310304678074336,0.41498,1.0
FBXO32,0.93898,2.7335925004383816,0.05253434492111206,3.3033673021976697,0.4893,1.0
TBC1D10C,0.93896,2.7332434928156673,-1.26272875,3.4659594082372687,0.33838,1.0
CX3CR1,0.93896,2.7332434928156673,-0.8581391235351562,3.169040263229676,0.3887,1.0
CLUAP1,0.93896,2.7332434928156673,0.04620892808914184,3.677074681255108,0.52578,1.0
PELP1,0.93894,2.732894592096404,-1.10855658203125,3.434006537295058,0.38484,1.0
CA1,0.93886,2.7315000568481604,0.21051419998168946,3.4800754445458604,0.5294,1.0
SLC16A1,0.93884,2.7311516895924797,-0.3418065252685547,3.3917548144225926,0.46102,1.0
PCYT2,0.9388,2.7304552744585875,-0.4307109924316406,3.6452470115718567,0.45002,1.0
KIR3DL1,0.93878,2.7301072264405972,-1.335113779296875,3.9983967032213816,0.3525,1.0
TNFRSF25,0.93878,2.7301072264405972,-0.45345059814453126,3.8439385950129155,0.44048,1.0
CTSF,0.93876,2.729759284695507,-0.5144399523925781,3.2399047192887975,0.4349,1.0
ADCY1,0.93874,2.7294114491535955,-0.5139555615234375,3.6378404470618455,0.43954,1.0
PTCRA,0.93872,2.729063719745214,0.40811805725097655,3.3161118402857266,0.54818,1.0
DUSP4,0.93872,2.729063719745214,-0.27858834350585937,3.224296880065507,0.46574,1.0
CLASP2,0.9387,2.72871609640078,-0.25744932731628417,3.3226466766140503,0.47042,1.0
MNAT1,0.93864,2.7276738620563683,-0.9316590209960938,3.279037483799034,0.40446,1.0
PIGL,0.93862,2.7273266622732657,-0.5779542700195313,3.2174102846685857,0.4259,1.0
HLA-DOB,0.93862,2.7273266622732657,0.250338046875,3.596525738226311,0.52782,1.0
UBE3D,0.9386,2.7269795682072204,-0.3063376501464844,3.7879603188147613,0.46792,1.0
RRAS2,0.93858,2.726632579789057,-0.7457076489257812,3.9576301927995474,0.40528,1.0
KIFAP3,0.93858,2.726632579789057,-0.15301187126159668,3.58046815528403,0.50406,1.0
AKR1C3,0.93856,2.7262856969496685,-1.2042796166992187,3.1106950180671498,0.34656,1.0
AK1,0.93852,2.7255922477311256,-1.20203595703125,3.010367455021723,0.34512,1.0
LPAR5,0.93852,2.7255922477311256,-0.7295573852539062,3.3695894834900115,0.41086,1.0
ZNF429,0.93848,2.724899220000076,-0.4500503759765625,3.625600248108354,0.45442,1.0
ZNF782,0.93844,2.7242066132060874,-0.8017076025390625,3.240382735356052,0.4165,1.0
BRAF,0.93842,2.7238604674887714,-0.7572742993164062,3.17497343905738,0.40646,1.0
KRT1,0.93842,2.7238604674887714,-0.38156005615234373,3.2882914698573362,0.45022,1.0
GRHL1,0.9384,2.7235144267997917,1.3148513427734374,3.5299131110279314,0.6482,1.0
DCUN1D2,0.9384,2.7235144267997917,0.05540435842633248,3.255228451450046,0.5083,1.0
GAMT,0.93836,2.7228226602328967,-0.10094657930374146,3.656360337950757,0.49754,1.0
TNFRSF4,0.93834,2.7224769342181743,-0.20333183074951172,3.3957728482506826,0.47938,1.0
SCARF1,0.93832,2.7221313129581763,0.75323255859375,3.055767473696144,0.59492,1.0
KNTC1,0.93832,2.7221313129581763,-0.4197518798828125,4.193291112184121,0.45916,1.0
ALG1,0.9383,2.7217857963846623,-0.19570754837036133,3.6428360615234747,0.50158,1.0
GALNT3,0.9383,2.7217857963846623,0.07592118632674218,3.3617291572331847,0.51324,1.0
OTUD3,0.93828,2.721440384429463,-1.1951653466796874,2.9382217579317467,0.3434,1.0
SOCS2,0.93824,2.720749874101656,0.04206767580032349,3.186423488268667,0.50584,1.0
KBTBD6,0.93822,2.7204047755930394,-0.5612905224609375,3.9494256084772035,0.44438,1.0
ZFP1,0.93822,2.7204047755930394,-0.458360908203125,3.4555952765523927,0.4592,1.0
CHGB,0.9382,2.720059781430713,-1.2742307861328126,3.4006691559689917,0.34576,1.0
LRFN1,0.9382,2.720059781430713,-0.9060974829101562,3.216967104504471,0.3972,1.0
CYFIP2,0.9382,2.720059781430713,-0.7822702685546875,3.654017596307231,0.41914,1.0
USP46,0.93818,2.719714891546839,-1.4384800439453125,2.852069473269996,0.3112,1.0
SLC7A5,0.93818,2.719714891546839,0.45756202514648436,3.2038579162989342,0.56092,1.0
CBX8,0.93818,2.719714891546839,-0.2692294400024414,3.268478400649295,0.46982,1.0
CHAC2,0.93818,2.719714891546839,-0.0890225264453888,3.740977190701352,0.48664,1.0
PEX3,0.93808,2.717992003934434,-0.40028876525878904,3.7289316025632724,0.46238,1.0
TRMU,0.93806,2.7176477383002995,-0.6528728051757813,3.272540355979114,0.42728,1.0
ZNF595,0.93806,2.7176477383002995,-0.30764858154296876,3.112547465545642,0.45558,1.0
CAMK2D,0.93806,2.7176477383002995,-0.0971621710395813,3.290598151127903,0.4891,1.0
GNG2,0.93802,2.7169595183809325,0.13973675938129426,3.3244599134600215,0.50828,1.0
PXMP4,0.93796,2.715927965865368,-0.20529449005126954,3.2143836574613474,0.47582,1.0
SLC12A4,0.93792,2.715240781647564,-1.6246849560546874,2.559894545217064,0.25808,1.0
RORB,0.93788,2.7145540107720496,-0.20486776332616807,3.9128645322815907,0.4835,1.0
CEP76,0.93788,2.7145540107720496,0.1509161129760742,3.26494556787999,0.51788,1.0
HLTF,0.93786,2.714210780170534,-0.6836353369140625,3.9775081748262817,0.42722,1.0
PAFAH2,0.93782,2.7135246283063217,-0.30043505310058594,3.2991065003639166,0.47062,1.0
RAB3IL1,0.93782,2.7135246283063217,0.04522544776916504,3.3568062985614135,0.50998,1.0
CXXC5,0.9378,2.7131817069103517,-1.426643896484375,2.674529632500616,0.28074,1.0
TIRAP,0.9378,2.7131817069103517,-1.0049863696289063,3.0696184702842326,0.3709,1.0
NSMCE1,0.93776,2.7124961728579837,-1.2875997705078126,2.854580556106401,0.29178,1.0
TFDP2,0.93776,2.7124961728579837,-0.7546493139648438,3.242617655025395,0.41366,1.0
ZNF441,0.9377,2.7114686426321715,-0.8705400219726562,3.19244828410835,0.38654,1.0
PRMT3,0.93768,2.711126337852431,-0.33575030517578125,3.449872706856279,0.46542,1.0
ZNF432,0.93762,2.7101000384736076,-0.7788037426757812,3.2936378425999866,0.41278,1.0
KDM4B,0.93762,2.7101000384736076,-0.38975968444824216,3.1146737084731373,0.45124,1.0
GNG11,0.9376,2.709758143447366,-0.14267459537506103,3.289075408951893,0.48036,1.0
CKAP5,0.93758,2.7094163506945836,-0.789675029296875,3.0649811614396554,0.40502,1.0
ZNF529,0.93758,2.7094163506945836,-0.32867335205078124,4.237049976047805,0.4632,1.0
PDGFRB,0.93754,2.7087330717461042,-0.11989243529319764,3.1475712212787124,0.48536,1.0
ZNF773,0.93752,2.7083915854189167,-1.0319824365234376,3.1053578423157853,0.36512,1.0
ST6GALNAC6,0.93748,2.7077089187303973,-1.0332942749023437,3.5153407401813896,0.38758,1.0
LTB,0.93748,2.7077089187303973,-0.5268896826171875,4.018195553297407,0.43408,1.0
TPD52L1,0.93746,2.7073677382379553,-0.4462916076660156,3.2418965580527677,0.44228,1.0
NABP2,0.93744,2.707026659559424,-0.5671124194335937,3.6164242563838767,0.4212,1.0
SMAD3,0.93744,2.707026659559424,-0.33124810791015624,3.2616530994276416,0.45742,1.0
TRIM37,0.9374,2.706344807382553,-1.1608570703125,3.1268774802297545,0.36542,1.0
NUAK1,0.9374,2.706344807382553,0.5611653833007813,3.4780755463812008,0.57076,1.0
IL36RN,0.93738,2.706004033753607,1.9615993408203125,3.1491960622662596,0.73782,1.0
SYCP3,0.93738,2.706004033753607,0.7192211303710937,3.0660133719339395,0.59434,1.0
ZIK1,0.93734,2.70532279108864,-0.20989103057861327,3.2517464438313985,0.48418,1.0
TRPC1,0.93732,2.7049823219223867,0.2520948762512207,3.9281424434687167,0.5298,1.0
RAB33B,0.9373,2.7046419541135656,-0.8133028149414062,3.1179240288946084,0.39908,1.0
EIF2B3,0.93726,2.70396152230844,-0.5273521057128906,3.633573400254587,0.45374,1.0
ZNF331,0.93724,2.7036214581823996,-1.25273357421875,2.9810675714352093,0.34858,1.0
FOXK1,0.93718,2.7026018721332505,0.3753786187744141,3.1660059361725006,0.5487,1.0
ARHGEF12,0.93718,2.7026018721332505,-0.12673192749023438,3.091070593983921,0.48608,1.0
COQ10A,0.93714,2.701922652728264,-0.38163669372558595,3.933428852231181,0.4628,1.0
AMY2B,0.93708,2.7009045792725073,0.618446396484375,3.1291886603180368,0.5818,1.0
GATA3,0.93708,2.7009045792725073,-0.20949221994400025,3.679361341969953,0.473,1.0
TAF1C,0.93708,2.7009045792725073,0.01937114543914795,3.1933396557776117,0.50106,1.0
RPA1,0.93706,2.70056542270361,0.14969921310424805,3.114710646467978,0.52542,1.0
INPP5D,0.93704,2.7002263666524713,0.6432012561035156,3.0351055563022613,0.58364,1.0
BCL9L,0.93704,2.7002263666524713,-0.3965284033203125,3.044138218114487,0.44674,1.0
ALG8,0.93704,2.7002263666524713,-0.37468877319335936,3.46699243804055,0.46722,1.0
ERBB3,0.93702,2.6998874110549305,-0.8444160034179687,3.587684992492948,0.40284,1.0
IGFBP4,0.937,2.6995485558468904,1.8701713916015625,2.8038289774494225,0.75698,1.0
RGP1,0.937,2.6995485558468904,-1.055754658203125,3.1206769460619284,0.3566,1.0
IDE,0.937,2.6995485558468904,-0.3271520965576172,3.135394802607473,0.45802,1.0
BCL2,0.93698,2.69920980096431,0.02695846788406372,3.216876371975125,0.50456,1.0
ZNF771,0.93694,2.6985325919196863,-1.0542001098632812,2.971391098130932,0.3636,1.0
RAD18,0.93686,2.6971793749250623,-0.858795224609375,3.1161676778638108,0.4032,1.0
CTSL,0.93672,2.6948150880810706,0.6753091235351563,3.0763166658026573,0.582,1.0
PLEKHA8,0.93672,2.6948150880810706,-0.6175280676269531,3.1130709603931166,0.41994,1.0
MEF2C,0.93672,2.6948150880810706,-0.11486991569519044,3.3696271034835115,0.48614,1.0
TRAT1,0.9367,2.694477731064954,0.076316598777771,3.9742755820087505,0.51172,1.0
SOS2,0.93668,2.6941404734209997,-0.040857412252426145,3.110861492665904,0.49518,1.0
MATN3,0.93666,2.693803315086137,-1.1957717333984375,3.4055176392573268,0.35638,1.0
ACSF2,0.93666,2.693803315086137,-0.6637072924804688,3.0897312239348986,0.41614,1.0
POLR3D,0.93664,2.6934662559973512,-0.4332381298828125,3.216687269294397,0.4488,1.0
ZNF419,0.93662,2.69312929609169,-0.4675436181640625,3.346311372399699,0.46152,1.0
NIPA1,0.93654,2.691782447043328,-0.4711345471191406,3.0509093886718173,0.43942,1.0
PDE4D,0.9365,2.6911096159854972,-0.6520409790039062,3.42254949162713,0.42656,1.0
SPRED3,0.93646,2.6904371799042046,0.65633708984375,3.4978791709846035,0.5732,1.0
ESAM,0.93642,2.6897651382998613,-1.45771005859375,3.470880761431399,0.32124,1.0
HOXB4,0.9364,2.6894292652706793,0.7189726550292969,4.179125483363131,0.59054,1.0
CD207,0.93638,2.689093490673815,0.39055018310546874,3.2157299678846303,0.55338,1.0
PCNA,0.93638,2.689093490673815,-0.23495626953125,3.098116508940627,0.46648,1.0
EPAS1,0.93636,2.6887578144470834,-0.8550149975585938,3.0325505487151205,0.38782,1.0
ITK,0.93632,2.688086756855578,0.054381174926757814,3.7188327029040424,0.50608,1.0
HOXA1,0.93626,2.687080906693075,-0.6607584997558594,3.8675041362696545,0.42934,1.0
LPIN1,0.93624,2.6867458193845506,-0.6290846228027344,3.1171288180957717,0.42556,1.0
PRKCI,0.93624,2.6867458193845506,0.2277833120727539,3.084246343100477,0.53704,1.0
EGR2,0.93622,2.686410830012508,-0.9025338525390625,3.031200674292861,0.37982,1.0
CHD3,0.9362,2.6860759385152266,-0.7468239575195312,3.0471341671683683,0.40812,1.0
FCGR3A,0.93616,2.6854064488983727,-0.5744910571289062,3.4914372244773944,0.422,1.0
RRP9,0.93616,2.6854064488983727,-0.5519145031738282,3.382448625108575,0.43282,1.0
PARG,0.93616,2.6854064488983727,-0.40232126098632814,3.076085953034858,0.43866,1.0
SH2D1A,0.93616,2.6854064488983727,-0.32335926147460936,4.086394011176736,0.45438,1.0
LRTOMT,0.93614,2.6850718506556546,-0.14998408348083497,3.2219246979216343,0.47752,1.0
METTL22,0.93614,2.6850718506556546,-0.12038443978309632,3.1416810178482653,0.48152,1.0
NFATC3,0.93612,2.68473735004141,-0.25564044921875,3.0821489737942156,0.47102,1.0
BLNK,0.93608,2.6840686414526838,0.8851283081054687,3.5279332691574328,0.6355,1.0
LETM1,0.93598,2.6823985741862195,-0.39422139404296874,3.6498232192177906,0.47492,1.0
CD72,0.93596,2.682064852393175,0.6996327685546875,3.286105759021916,0.60906,1.0
QTRT1,0.93596,2.682064852393175,0.2211146745300293,3.875337568452261,0.5254,1.0
ENAH,0.93596,2.682064852393175,0.2116234405517578,3.480155294088403,0.5203,1.0
FOS,0.93594,2.6817312276778202,-1.4495167041015624,2.7183863830691073,0.2993,1.0
PNO1,0.93594,2.6817312276778202,-0.33545341003417967,3.4325012338867325,0.47484,1.0
SESN3,0.9359,2.6810642692365856,-0.6108445043945312,3.367815339849559,0.41824,1.0
LTB4R,0.93584,2.680064558136457,-0.6000719665527344,3.1003082700487274,0.41814,1.0
XPNPEP2,0.93582,2.679731514610078,-0.969732998046875,3.6166785174295653,0.3909,1.0
CHRNE,0.93576,2.678732963703946,-0.9878467041015625,2.936267830428311,0.36216,1.0
C2CD3,0.93574,2.6784003064247095,-0.8582571142578125,2.880783971131097,0.38392,1.0
ZNF799,0.93572,2.6780677455562545,-0.5790325939941406,3.1382779235442033,0.41664,1.0
ZNF337,0.9357,2.6777352810382933,-1.297141572265625,3.1969788154111627,0.34602,1.0
HIC1,0.93566,2.6770706408129783,-0.9969938061523438,2.8945031941801105,0.36116,1.0
PTPN7,0.9356,2.676074401599716,-0.8174537670898437,3.12529583018482,0.39802,1.0
TNF,0.9356,2.676074401599716,-0.20328466720581054,3.0747574968428846,0.47176,1.0
ADAM21,0.93558,2.675742513921796,0.9159764428710937,3.546749101269389,0.60652,1.0
ABLIM3,0.93556,2.6754107221739187,0.2947940771484375,3.4237337826674263,0.53616,1.0
ABCA7,0.93552,2.6747474262289876,0.006466851496696472,3.1365844991736984,0.49988,1.0
ARC,0.9355,2.6744159219124173,1.20222859375,3.3886377589667056,0.65948,1.0
ITGB3BP,0.93544,2.6734219828703707,0.17643431243896485,3.1487284257330277,0.51908,1.0
HLA-DQB1,0.93542,2.6730908609603645,-0.6452715673828125,3.1568468115870507,0.42276,1.0
NCK2,0.93542,2.6730908609603645,-0.3476839404296875,3.12539452800639,0.45892,1.0
IRF8,0.93536,2.6720980677100408,1.239438984375,2.9954014801774016,0.69068,1.0
RMI2,0.93534,2.6717673272553566,0.45978984008789064,3.033131030771165,0.55788,1.0
HLA-DRB1,0.93532,2.671436682016287,-0.16167226856708528,3.51168529356118,0.48624,1.0
SERPINH1,0.9353,2.6711061319336507,-0.2760580712890625,3.1145516060744862,0.4631,1.0
SLC39A10,0.9353,2.6711061319336507,-0.11415911420822143,3.132543688804387,0.5022,1.0
MMRN1,0.93528,2.670775676948327,-0.19272489456176758,4.016119770805354,0.47748,1.0
ARHGAP24,0.93526,2.6704453170012488,-0.9037635961914062,3.187291223997923,0.37456,1.0
TLE1,0.93522,2.6697848819858323,-0.720327744140625,3.055757726779281,0.41258,1.0
MYLK,0.93506,2.6671469316781033,0.6605458532714844,3.5131552819510907,0.57554,1.0
RHNO1,0.93502,2.666488389193293,-0.6395296948242187,3.042708345228892,0.41632,1.0
ZNF398,0.935,2.666159259393051,-1.042487705078125,3.1943336810688616,0.38474,1.0
ZNF268,0.935,2.666159259393051,-0.7216222778320313,2.991175021105671,0.39648,1.0
FAM169A,0.93498,2.6658302238098193,0.5988917956542968,3.0953768929300796,0.57754,1.0
PLEK,0.93498,2.6658302238098193,0.583174169921875,2.8906897622537135,0.58078,1.0
TBL1X,0.93496,2.6655012823853466,-0.66976435546875,2.9716743697292998,0.41048,1.0
ZNF700,0.93494,2.6651724350614323,-1.2502591796875,2.738052290037964,0.32608,1.0
PRPS2,0.93492,2.6648436817799297,0.6459989575195313,3.1342412227198113,0.58182,1.0
AVP,0.9349,2.6645150224827456,-1.38762380859375,4.006833607282535,0.35282,1.0
CLEC4E,0.9349,2.6645150224827456,0.04296386238574982,4.1829980610088615,0.51202,1.0
CLU,0.93488,2.6641864571118425,-0.3256353527832031,3.1392503732707047,0.45616,1.0
DET1,0.93484,2.66352960791698,-0.29323115966796875,2.9453270488181404,0.45284,1.0
NMT2,0.9348,2.662873133732095,-0.967873525390625,3.306627066603962,0.3748,1.0
CDC16,0.93474,2.661889124587218,-0.2558983122253418,3.016482060704194,0.4691,1.0
ZNF665,0.9347,2.661233585906152,-0.9341646240234375,3.5346266944736398,0.38536,1.0
LMO7,0.93466,2.6605784206203924,-0.4992863647460937,3.0925453843239925,0.45062,1.0
NMUR1,0.93464,2.660250977857146,-1.0792802270507813,3.524302004820914,0.37578,1.0
WDR36,0.93456,2.658942137997507,-0.9624607055664063,3.2974696702438546,0.38928,1.0
MTOR,0.93454,2.6586151605448434,-0.643834501953125,3.1188756652590004,0.41944,1.0
TYSND1,0.93452,2.6582882759828226,-0.30910746276855466,3.319595972435619,0.4644,1.0
MGST2,0.9345,2.657961484254411,-1.2159476782226561,2.8391052373084786,0.33392,1.0
RASA3,0.9345,2.657961484254411,-1.0212567993164063,2.8673824591493737,0.36984,1.0
BBS4,0.93446,2.657308179070537,-0.42209850952148437,3.0839666137658237,0.4374,1.0
BNIP1,0.93446,2.657308179070537,-0.09055025795936585,3.312140202511964,0.50348,1.0
SPTAN1,0.93434,2.655350485610048,-0.48979109619140626,3.116291884881633,0.43858,1.0
KAT6B,0.93428,2.6543728860002087,-1.3269367431640624,2.5142955906458475,0.29034,1.0
SUV39H1,0.93426,2.6540472038453147,-0.48976863403320314,3.0647738378720133,0.43798,1.0
B4GALT7,0.93418,2.6527453956317157,-0.845017216796875,2.970950021174517,0.38996,1.0
NCOR2,0.93416,2.652420173398645,-0.7314709912109375,3.0533260478766246,0.40452,1.0
ZNF540,0.93416,2.652420173398645,-0.3142798382568359,4.501628826271137,0.46778,1.0
GSPT2,0.93416,2.652420173398645,-0.2879250531005859,3.1833030800937765,0.47706,1.0
ITPR2,0.93414,2.6520950429814194,-0.3909007244873047,2.987852297245933,0.44966,1.0
ABCE1,0.93412,2.6517700043239856,-0.38173158447265626,3.310941086795187,0.48074,1.0
ZNF440,0.93412,2.6517700043239856,-0.19879786010742187,3.0741067358367227,0.48436,1.0
FGL2,0.9341,2.651445057370342,0.9531858349609375,3.107904106613462,0.65604,1.0
ACBD4,0.93406,2.650795438350662,-0.8378771508789062,2.972009842688117,0.39388,1.0
MT1X,0.93406,2.650795438350662,0.35083008544921873,3.0931436036346898,0.54218,1.0
RORA,0.93406,2.650795438350662,-0.10985725639343262,3.843852490556214,0.49642,1.0
NDUFAF5,0.93404,2.650470766172876,-0.7982610766601562,2.891035470108741,0.39218,1.0
MPRIP,0.93404,2.650470766172876,-0.30951661560058596,3.4991529069518608,0.4824,1.0
KREMEN2,0.93402,2.650146185475377,-0.3615627117919922,3.5087217534226935,0.4582,1.0
MAN1A1,0.93402,2.650146185475377,-0.12195258628845215,3.056341241656036,0.4791,1.0
VNN2,0.93398,2.6494972982982974,-0.6016078637695312,3.0993598585737283,0.42326,1.0
ZNF726,0.93396,2.64917299170737,-0.5276057958984375,2.8748295457475606,0.4252,1.0
AQP11,0.93392,2.6485246522427577,0.17813124504089356,3.869233320194413,0.5235,1.0
PTPN4,0.93392,2.6485246522427577,-0.037461204872131344,3.684544750373447,0.50222,1.0
NDUFAF6,0.9339,2.6482006192580307,-0.6409334497070313,3.1963155877485168,0.435,1.0
CRLS1,0.9339,2.6482006192580307,-0.5878260339355469,3.219914347523875,0.44468,1.0
KBTBD7,0.93388,2.647876677364414,-0.5286024670410157,3.8004529769851976,0.44748,1.0
GTSE1,0.93386,2.647552826506509,-0.7164972302246094,3.7922737912950013,0.42374,1.0
ZNF439,0.93386,2.647552826506509,0.0287333700466156,3.3983555850599663,0.49266,1.0
ZNF77,0.93384,2.647229066628972,-0.4788939660644531,2.9881584955063976,0.43198,1.0
SAT1,0.93374,2.645611630013245,1.762856220703125,1.7341274867900556,0.84912,1.0
PIGB,0.9337,2.644965290298063,0.43280820678710935,2.9787200063870096,0.551,1.0
KCTD3,0.93368,2.644642256277058,-1.7799823974609374,3.0788756205154204,0.2728,1.0
METAP1,0.93366,2.644319312740568,-0.43706369750976565,3.0107228763839413,0.44946,1.0
APP,0.93362,2.643673696901789,-0.5268309777832031,3.0878106656311513,0.42976,1.0
HSD17B8,0.93362,2.643673696901789,-0.18162056411743163,3.0603898447648246,0.47322,1.0
PIK3CD,0.93362,2.643673696901789,-0.08451054837226868,2.965384266182052,0.48794,1.0
TRMT12,0.9336,2.643351024489958,-1.330594453125,2.6734101516252573,0.30756,1.0
BACE1,0.9336,2.643351024489958,0.12143401009559632,3.5984518361553213,0.51136,1.0
ST6GAL1,0.93358,2.643028442343553,0.2928198013305664,3.0724195285249096,0.5389,1.0
DUS2,0.93356,2.6427059504079256,-1.0241139526367187,2.8257445691051584,0.3566,1.0
SRPRB,0.93346,2.641094841982218,-0.33979414611816405,3.564974093850659,0.46806,1.0
IFT88,0.93342,2.6404510281802067,-1.1063469775390624,2.887864702018635,0.35404,1.0
MCPH1,0.93342,2.6404510281802067,-0.8532211450195313,3.2549013530853066,0.4091,1.0
SLCO4C1,0.93342,2.6404510281802067,0.6517587414550782,3.3850935057892997,0.5816,1.0
ZNF548,0.93334,2.639164477447224,-0.4189417950439453,2.97677403101753,0.441,1.0
NUDT18,0.9333,2.6385217396501233,-0.5132219482421875,3.0668229612405886,0.43286,1.0
DYRK2,0.93322,2.6372373370352036,-0.48528883056640626,2.9718232489168144,0.43596,1.0
ID3,0.93312,2.635633841163737,-1.2863520947265625,2.7159415464448204,0.31462,1.0
UBL4A,0.93312,2.635633841163737,-1.2223422607421874,2.8411918547356456,0.33452,1.0
MLYCD,0.93308,2.6349930659617327,-0.8746465649414062,3.0906023488348833,0.39078,1.0
MOCS3,0.93308,2.6349930659617327,-0.7470746337890625,2.9280616687631746,0.4012,1.0
ZNF614,0.93308,2.6349930659617327,-0.4275113305664062,3.0345337303570776,0.44532,1.0
ERCC5,0.93306,2.634672811678121,-1.244560693359375,2.8527958135804834,0.33452,1.0
RAD51C,0.933,2.6337125814563787,-0.5921743237304687,3.3951322173723018,0.42552,1.0
ZNF420,0.93298,2.6333926820811966,-0.26902723266601564,4.0053706440879555,0.47728,1.0
KLHL42,0.93298,2.6333926820811966,-0.07329135100364685,3.1914364202883725,0.4995,1.0
NUP54,0.93296,2.6330728713000187,-0.23366433715820312,3.008320045002762,0.47292,1.0
ARHGEF7,0.93294,2.632753149059697,-0.7756786694335938,2.865935490306477,0.38912,1.0
GALT,0.93292,2.6324335153071345,-0.2348856625366211,3.2782758388419255,0.48366,1.0
UTP15,0.93286,2.6314751444457207,-0.33115710693359374,3.0916500148427812,0.45824,1.0
GALNT12,0.93284,2.6311558641141515,1.0744212890625,3.430819387121213,0.6281,1.0
MSH6,0.93282,2.6308366720055574,-0.36980358459472656,3.0613439202225208,0.44932,1.0
MRPL35,0.9328,2.6305175680671233,-0.9777562280273437,2.8795566785190636,0.37582,1.0
ACSL6,0.93276,2.629879624489714,-0.6717552075195312,2.917314793647215,0.40892,1.0
TTLL5,0.93272,2.6292420329603434,-0.888826044921875,3.0621952048826078,0.39164,1.0
HPSE,0.93266,2.6282863048360117,0.9586208056640625,3.3213201762925513,0.65024,1.0
ABCG1,0.93266,2.6282863048360117,-0.49591201171875,3.067087665095842,0.43672,1.0
BYSL,0.93262,2.6276495915872666,-0.08939967735290527,3.499902532464539,0.50088,1.0
MCEE,0.93246,2.625106240198153,-0.6422953991699218,3.500059321356947,0.41556,1.0
FCF1,0.93242,2.6244712756668602,0.03295591354370117,2.988260559821968,0.50366,1.0
ZNF256,0.93236,2.623519482168089,-0.28585020690917967,2.9937738404307495,0.46286,1.0
PMAIP1,0.93234,2.6232023916741345,0.9696979467773438,2.7759891067729447,0.63976,1.0
HPS4,0.93234,2.6232023916741345,-0.6501643920898438,3.188303454740223,0.42112,1.0
RFC1,0.93234,2.6232023916741345,-0.11484271049499511,2.9901359219162034,0.4929,1.0
SAP30,0.93232,2.6228853880967966,-0.20457280086517335,3.008382749256015,0.4722,1.0
CD320,0.9323,2.622568471384419,-0.45255446166992186,4.175784339480147,0.4302,1.0
ARHGEF18,0.9323,2.622568471384419,-0.2275973846435547,3.0391695027492154,0.46868,1.0
HMOX1,0.93224,2.621618241921208,-0.32806482177734375,3.669950723982844,0.45574,1.0
GTF3C2,0.93222,2.62130167215306,-1.1302593481445313,2.829554289602322,0.35426,1.0
TRMT61B,0.9322,2.6209851889922913,-1.1514499072265625,3.160688417925823,0.3672,1.0
CRKL,0.9322,2.6209851889922913,-0.7898305224609375,2.871340077305209,0.39228,1.0
KIF20B,0.93214,2.6200362586406993,-0.5165003051757813,3.7079245970712273,0.43206,1.0
TRAPPC2,0.9321,2.6194040705024615,-0.327409873046875,3.158893064384885,0.45682,1.0
GNAL,0.93202,2.618140729414842,-0.7140357421875,3.89313204239257,0.4218,1.0
ARHGEF40,0.93202,2.618140729414842,-0.027937365865707397,2.9319523065369317,0.50254,1.0
FUZ,0.93198,2.617509575648822,-0.3852545178222656,3.0350908996268187,0.4588,1.0
LRRC1,0.93196,2.6171941277819712,-0.28268546752929685,3.0241954541989746,0.4638,1.0
DCP1B,0.93194,2.616878765858096,-0.6780140112304688,3.020597514453915,0.41932,1.0
TOP3A,0.93192,2.6165634898264023,-0.7510018798828125,2.8024922057217627,0.3899,1.0
TEX10,0.9319,2.6162482996361422,-1.0592895458984375,2.756699600827098,0.3504,1.0
CRCP,0.93188,2.615933195236614,-0.6830648315429687,2.8563885863484466,0.41272,1.0
SLC35A1,0.93188,2.615933195236614,-0.6541148950195312,2.8758569668808875,0.40646,1.0
MIB2,0.93186,2.6156181765771547,-0.5375252233886719,3.0071834169153964,0.42858,1.0
VCPKMT,0.9318,2.6146736345332795,-0.632891767578125,3.1287021699651016,0.4312,1.0
APOD,0.9318,2.6146736345332795,-0.504950029296875,3.965900251374281,0.44312,1.0
EMILIN1,0.93174,2.613729862330592,0.3763970922851563,3.498580073916671,0.54386,1.0
NRGN,0.93172,2.6134154424369136,-0.44451635131835937,2.907937456767788,0.43514,1.0
DTX4,0.9317,2.6131011078796345,-0.12269635452270508,3.162816674346513,0.48516,1.0
ABCD4,0.93168,2.612786858608495,-0.49180447509765624,2.9656553671509807,0.44044,1.0
SESN2,0.93166,2.6124726945732806,-0.9520661669921875,2.8999350972661966,0.37178,1.0
RNF144A,0.93164,2.612158615723817,0.42312834106445313,2.872618943488336,0.55928,1.0
IGFBP7,0.93162,2.6118446220099782,0.6830692529296875,3.0199192852545047,0.60238,1.0
SLC26A2,0.93162,2.6118446220099782,-0.5399409912109375,2.8381628382322694,0.42362,1.0
SLAMF6,0.93162,2.6118446220099782,0.16024923828125,3.076666028919174,0.53582,1.0
HSPA6,0.93156,2.6109031511815974,-0.14525826049804688,3.0889133529154846,0.47972,1.0
CD247,0.93152,2.610275928723772,-0.19218379867553712,4.197316888132422,0.46714,1.0
EZH2,0.93138,2.608083319836103,-0.2820844281005859,2.96638168304176,0.46384,1.0
ZNF43,0.93138,2.608083319836103,-0.2743127423095703,3.1210953011373435,0.45396,1.0
CHN2,0.93138,2.608083319836103,-0.011930112924575806,2.882361332673804,0.49704,1.0
S1PR4,0.93136,2.6077704283437178,-0.8769863549804687,3.098239541012052,0.35558,1.0
IARS2,0.93136,2.6077704283437178,-0.6855608276367188,3.0323305264965024,0.40566,1.0
ZNF445,0.93136,2.6077704283437178,-0.5103672106933593,2.8335350770557493,0.42718,1.0
FANCA,0.9312,2.605270332037876,1.4578814697265625,2.435182700392399,0.73768,1.0
JADE1,0.93116,2.6046461493847675,-0.7384191870117187,3.498335139016551,0.3829,1.0
CBR3,0.93114,2.60433418400121,-0.35452438415527343,3.2119694357748525,0.43656,1.0
DAAM1,0.93108,2.6033987910341296,-0.5943754821777344,2.996346168971634,0.4175,1.0
ENPP4,0.93104,2.6027756145529217,0.6741851733398437,2.8646605207116123,0.59748,1.0
VPS52,0.93102,2.602464151814752,0.023169781532287596,2.9027384324664007,0.5096,1.0
PHC2,0.93096,2.6015302650246492,-0.5166962109375,2.8474542814552497,0.42428,1.0
SPTA1,0.9309,2.6005971293488193,1.0680299975585938,2.786779400009084,0.64666,1.0
CLEC4C,0.9309,2.6005971293488193,0.899028701171875,3.3551213843681142,0.60912,1.0
HSPA1A,0.93084,2.599664743475691,1.24904599609375,2.908391045688693,0.65044,1.0
WWOX,0.9308,2.5990435688045124,-0.5510894250488281,2.7859104836557655,0.41994,1.0
UTP14A,0.9308,2.5990435688045124,-0.2908349499511719,2.975636150579721,0.46114,1.0
MME,0.93078,2.5987331060970975,0.7226143139648438,3.470826962447583,0.59332,1.0
RINL,0.93076,2.5984227264107385,-0.5489625463867187,3.8315132104743697,0.41896,1.0
TUBB2A,0.93074,2.5981124296971965,0.25169040740966797,2.831528698574183,0.53874,1.0
TBC1D13,0.9306,2.595942671897789,-0.34108940673828125,2.9727844574865205,0.46928,1.0
COX11,0.93058,2.595633037235108,-0.7614594995117188,3.815540029886446,0.4034,1.0
SPARC,0.93058,2.595633037235108,0.490820166015625,2.9193160348799845,0.56678,1.0
WASL,0.93058,2.595633037235108,-0.2846946618652344,2.881691235922568,0.45922,1.0
ALDH6A1,0.93056,2.595323485112951,-0.22396763465881347,3.2543778121075366,0.4617,1.0
ABHD17A,0.9305,2.594395323511559,-0.5347452722167969,2.8716332994206946,0.43194,1.0
EDAR,0.93046,2.593776960937541,-0.89609068359375,3.5101474498358307,0.38658,1.0
ORC4,0.93044,2.5934679030556254,-0.03548264049530029,2.8796529714758567,0.49456,1.0
TSEN54,0.93042,2.5931589273803173,-1.0446239672851563,3.61313041987636,0.36718,1.0
SMOX,0.9304,2.5928500338640807,-1.2700540625,2.64662052765215,0.31944,1.0
NDC80,0.9304,2.5928500338640807,1.2460199853515626,2.570826103094974,0.69014,1.0
AGPAT4,0.9304,2.5928500338640807,-0.7657851806640625,2.8705338902176036,0.39372,1.0
TMEM186,0.9304,2.5928500338640807,-0.613373251953125,2.9243203356786083,0.4158,1.0
CCND2,0.93034,2.5919238457950433,0.6186380737304688,3.2265873425406535,0.58566,1.0
ZNF776,0.93034,2.5919238457950433,0.12276825450897216,2.890864177034234,0.51778,1.0
MAP3K5,0.93032,2.591615280440541,0.3837510638427734,2.773676588973251,0.56446,1.0
GTF3C1,0.9303,2.591306797008035,-0.9886388037109375,2.7417688703560072,0.35616,1.0
BDH2,0.93028,2.590998395450235,-0.24966365844726562,2.9598008489530554,0.4633,1.0
SLC2A8,0.93028,2.590998395450235,-0.1605673518371582,2.819781508278656,0.47652,1.0
ABCA2,0.93026,2.590690075719889,-1.456144619140625,3.4460649938586188,0.31668,1.0
LMBRD1,0.93026,2.590690075719889,-0.9493211206054688,2.7467213437917444,0.36206,1.0
VCAM1,0.93026,2.590690075719889,-0.6574997790527344,3.8976885099034155,0.43466,1.0
ZNF500,0.93024,2.5903818377697863,-0.04112260398864746,2.9249266560308724,0.49022,1.0
DBP,0.93014,2.588841873073371,-0.7194005249023437,3.009183131540058,0.40466,1.0
CTPS1,0.93014,2.588841873073371,-0.7140937744140625,2.8468328967961183,0.40712,1.0
LAT,0.92998,2.586382165013194,-0.7815654809570313,3.2254966503104456,0.38762,1.0
VASH1,0.92998,2.586382165013194,-0.7404886010742188,2.7436560865973885,0.39718,1.0
RPS6KA5,0.92994,2.5857680501676734,0.7203071484375,2.734267039760809,0.60632,1.0
MLLT3,0.92992,2.585461114313727,-0.4024723254394531,4.054460368386632,0.44198,1.0
APOBEC3C,0.92992,2.585461114313727,0.07645420879364014,2.847167772413533,0.5052,1.0
ZNF426,0.9299,2.5851542594436063,0.026914287643432618,3.0864399110051774,0.50992,1.0
B3GAT1,0.92988,2.584847485510826,0.20431414669036865,3.7552473530497545,0.52636,1.0
SOX4,0.92984,2.5842341802715247,-0.6582961486816407,2.9127602903012666,0.41952,1.0
SNAPC1,0.92984,2.5842341802715247,-0.06601994358062745,3.03213467758065,0.4929,1.0
MED24,0.92976,2.583008538999935,-0.7851632055664063,2.800517549545474,0.3866,1.0
ZNF133,0.92976,2.583008538999935,-0.3929422052001953,2.9093342064697394,0.44102,1.0
POLD3,0.92974,2.5827023303302,-0.5225578833007812,2.7811275494123255,0.4248,1.0
ANKRD26,0.92974,2.5827023303302,-0.05898524669647217,2.813639026029664,0.49854,1.0
EEFSEC,0.9297,2.5820901546451926,0.02429434581756592,3.166168348544309,0.51572,1.0
MCM5,0.92968,2.581784187537696,-0.3727179736328125,2.90866928934647,0.4529,1.0
CBLB,0.92962,2.5808667686027196,-0.3402488928222656,3.076392454594053,0.46046,1.0
ZNF514,0.92962,2.5808667686027196,0.0014562873601913452,2.9814709280575125,0.50524,1.0
SUMF1,0.92958,2.5802555575093487,-1.1129104248046875,2.7899806919333776,0.34354,1.0
KDM5B,0.92958,2.5802555575093487,-0.6473886499023438,2.77974967370762,0.405,1.0
RNU12,0.92948,2.5787289324557423,0.28140954772949217,2.7811088858936617,0.54704,1.0
ZNF565,0.92946,2.57842384753842,-0.7427432788085937,2.767296013525145,0.39192,1.0
NUMA1,0.92938,2.577204306659357,-1.7073632177734375,2.1824252705062626,0.21082,1.0
SLC4A7,0.92938,2.577204306659357,-1.3360362939453125,2.7239601208554567,0.31354,1.0
HHEX,0.92938,2.577204306659357,-0.88751853515625,2.927890724043779,0.36954,1.0
RPIA,0.92938,2.577204306659357,-0.688498408203125,2.9068515406538675,0.41138,1.0
NHLRC1,0.92938,2.577204306659357,-0.64861859375,3.050636897820154,0.41512,1.0
FAS,0.92932,2.576290488455592,1.5184858203125,2.257960746221826,0.75542,1.0
HLA-DMB,0.92926,2.575377386708817,-0.7516057641601562,2.8651110133869557,0.39474,1.0
SLC15A4,0.92922,2.5747690496388214,0.29912837829589844,2.946358276943007,0.55024,1.0
SMN2,0.9292,2.5744650001965805,-0.07941954792022705,2.900400614883123,0.49364,1.0
XPOT,0.92916,2.5738571392719996,-0.4539384912109375,3.4694091550665562,0.46166,1.0
MAP3K1,0.9291,2.5729459421091856,-0.7445994921875,2.6337853088787186,0.38664,1.0
PPBP,0.92906,2.5723388729586922,-0.18370247932434083,2.944503446682919,0.4722,1.0
POLR2B,0.92904,2.572035456936178,-0.7282020239257813,2.7643104848916025,0.39902,1.0
WARS2,0.92904,2.572035456936178,-0.3444012469482422,3.036923872807071,0.46094,1.0
FOXK2,0.92898,2.571125682541859,-0.3518815625,2.8693430709730943,0.45488,1.0
ATP6V0A4,0.92896,2.5708225821523505,-0.6106078356933594,3.664618838986174,0.43258,1.0
CSNK1E,0.92896,2.5708225821523505,-0.41382452270507813,2.835338577726726,0.44526,1.0
COQ6,0.92892,2.570216617718171,0.1710033014678955,3.040422626196411,0.5241,1.0
WRAP53,0.9289,2.569913753584279,-0.2279043148803711,2.866480773632131,0.47062,1.0
NIPAL3,0.92888,2.569610968113102,0.052096829133033755,3.6791660196411065,0.50786,1.0
SMG6,0.92884,2.569005632980856,-0.7997692602539063,2.9147136084726095,0.39494,1.0
HLA-DPA1,0.92882,2.5687030832308677,0.17934609466552734,2.8038385723944548,0.53196,1.0
IGFBP6,0.9288,2.568400611965751,0.485198564453125,2.840787895756673,0.56786,1.0
TNNT3,0.9288,2.568400611965751,-0.37094406219482423,3.125957908621356,0.4536,1.0
BHLHE41,0.92878,2.568098219141141,-0.8783086254882813,3.3686754939282717,0.3973,1.0
TRMT10A,0.92864,2.565983661984015,-0.7733883666992187,2.640035537883073,0.38584,1.0
AUH,0.92864,2.565983661984015,0.05296376833438873,3.349829548395906,0.49304,1.0
PSMD3,0.92862,2.5656818950907088,-0.8059525756835938,2.8077858089380645,0.38506,1.0
GSTM3,0.92862,2.5656818950907088,-0.48078609741210937,2.7140638460740902,0.44676,1.0
GPSM2,0.9286,2.5653802062402824,-0.9562700854492188,2.7248412231988297,0.36294,1.0
ZNF677,0.9286,2.5653802062402824,-0.27511538757324216,3.2910426551315655,0.49344,1.0
ASCC1,0.92858,2.56507859538874,-1.0976921411132812,3.0936464077445307,0.37722,1.0
HLA-DMA,0.9285,2.5638729310927983,-0.62201974609375,2.762760195240797,0.41584,1.0
CDC34,0.9285,2.5638729310927983,-0.5043265942382813,2.8155778157145677,0.42904,1.0
HLA-DRA,0.9285,2.5638729310927983,-0.33237439392089846,3.6407920772499103,0.45962,1.0
GALNT11,0.92842,2.5626685112689715,-0.7400144677734375,2.8718231418035645,0.3888,1.0
KLHL22,0.92842,2.5626685112689715,-0.532353720703125,2.9936832169676104,0.4447,1.0
SLC44A2,0.92836,2.561766011402382,0.6063551916503906,2.968544417670657,0.55442,1.0
UHRF2,0.92836,2.561766011402382,0.06710877608299255,2.8002859065221166,0.5066,1.0
CD1D,0.92832,2.5611647322663647,0.624149990234375,2.799580617421193,0.5893,1.0
TRIB1,0.92828,2.5605637626776256,0.06347587390899659,2.734663579942282,0.50992,1.0
HENMT1,0.92824,2.5599631022887483,-1.0036875952148439,3.2962163442004746,0.37748,1.0
POLB,0.92822,2.5596628879358505,-0.4112919616699219,2.824889284404029,0.45008,1.0
CRY1,0.9282,2.5593627507528973,-1.0881744262695312,2.5323317696246828,0.33086,1.0
PRC1,0.9282,2.5593627507528973,0.4636311254882812,2.6997729917202706,0.57102,1.0
STMN1,0.92818,2.5590626906966265,-0.7868785766601563,3.723148705770532,0.38494,1.0
SC5D,0.92816,2.55876270772381,-0.7647726196289063,2.98812984149634,0.39714,1.0
ALG12,0.92812,2.5581629728558073,-1.1731725244140625,2.6389070886431725,0.3289,1.0
HSPA1B,0.9281,2.5578632208743466,0.6823998486328124,2.8521570711138375,0.6008,1.0
RPS6KB1,0.9281,2.5578632208743466,-0.6051746862792968,2.7682217691415647,0.4229,1.0
NMRAL1,0.92806,2.557263947601081,-0.6046198706054687,2.966645557992482,0.42634,1.0
GBA2,0.92806,2.557263947601081,-0.2593581982421875,2.744371381944473,0.46342,1.0
DUSP2,0.92798,2.5560663226090923,-0.4801528759765625,2.796061280523271,0.43264,1.0
NUP160,0.92798,2.5560663226090923,0.15542846675872804,2.85011440620193,0.5224,1.0
DIMT1,0.92794,2.555467970203604,-0.7689470654296875,3.208392367283352,0.42436,1.0
IFT74,0.92788,2.5545710157449535,-0.23213961807250977,2.7009257719985844,0.4636,1.0
DCUN1D4,0.92784,2.5539734283737623,0.2915298626708984,3.030913877516332,0.56358,1.0
PHLDA1,0.9278,2.553376146418862,-1.5880447607421875,2.0901759957831394,0.21614,1.0
TBCD,0.92776,2.5527791695397184,-1.3153202294921875,2.638229223565708,0.3141,1.0
CUL4B,0.92776,2.5527791695397184,0.4166477160644531,2.742825088454334,0.56206,1.0
PRMT1,0.92768,2.551586129649369,-1.0554604833984376,2.8707744837820917,0.36934,1.0
RAB33A,0.92762,2.550692148031025,-0.7035223803710937,3.560774172231299,0.40834,1.0
INPP5E,0.9276,2.5503943059897054,-0.5886470202636719,2.7579817508240425,0.41594,1.0
AHI1,0.92758,2.5500965397937585,-0.55531685546875,2.9532009227332128,0.42834,1.0
SESN1,0.92758,2.5500965397937585,-0.2752374423217773,2.953149271519375,0.4491,1.0
ZNF606,0.92742,2.5477171356073582,-0.23432838821411134,3.006715584306982,0.477,1.0
TYW3,0.92742,2.5477171356073582,-0.23407554168701172,2.7906119694829363,0.48224,1.0
FBXO40,0.9274,2.54742005012661,0.40031462158203124,3.527911851488446,0.55074,1.0
CENPT,0.92734,2.546529246068992,-0.8694923950195312,2.6684346868769713,0.37496,1.0
PTK6,0.92734,2.546529246068992,-0.7785034887695312,3.045465073397849,0.39636,1.0
HCFC1,0.92734,2.546529246068992,0.16713511947631837,2.7319210975223345,0.52468,1.0
KPNA1,0.92718,2.5441570787263714,-0.2091582843017578,2.779209708023208,0.46904,1.0
TRIM4,0.92706,2.5423811030098475,-0.5127511120605469,2.739665786423487,0.43362,1.0
MYO7A,0.92686,2.5394271166280062,1.21518779296875,2.620047768172794,0.68294,1.0
HAUS6,0.92682,2.5388372123631537,-0.5271706689453125,2.6854494742542636,0.423,1.0
QDPR,0.92676,2.5379529125628633,-0.11629563282012939,2.9786336025578852,0.4809,1.0
OCRL,0.92674,2.53765829422541,-1.709489287109375,2.9552765988475227,0.27302,1.0
GPR18,0.92664,2.5361863126758815,0.2564985171508789,3.18600840635848,0.53226,1.0
TRMT11,0.9266,2.5355980373620777,-0.4524938244628906,3.193651656227233,0.46134,1.0
RAD1,0.9266,2.5355980373620777,-0.2390917858886719,2.912790496636441,0.47692,1.0
AK9,0.92656,2.535010057165245,-0.06952917819976806,2.8481726032236643,0.48206,1.0
DYNC2LI1,0.92654,2.5347161776345524,-0.2681089813232422,3.2590136478613148,0.46282,1.0
SLC39A4,0.9265,2.534128639506623,-0.7739400512695312,2.5811290642390716,0.3903,1.0
RHOBTB3,0.92648,2.5338349808286904,-0.3228717868041992,2.7982882219936465,0.4591,1.0
CCT2,0.92646,2.5335413956877013,-0.4666780285644531,2.821462289254713,0.44808,1.0
GALE,0.92644,2.5332478840433916,-0.99126486328125,2.5012364532452254,0.34258,1.0
NDUFAF7,0.92644,2.5332478840433916,-0.36773861389160156,2.7569036837053416,0.455,1.0
ACADM,0.92644,2.5332478840433916,-0.13601043258666992,2.943045389087227,0.49306,1.0
PMEPA1,0.92642,2.532954445855524,-1.193444443359375,2.9147758224243647,0.33612,1.0
ALOX5AP,0.9264,2.5326610810839,-0.5163274365234375,2.9771011424988796,0.45824,1.0
MED16,0.92634,2.531781426864972,-0.36923145751953124,2.8149950158697887,0.44582,1.0
PRKCH,0.92626,2.5306095799673414,-0.46913752197265624,3.490198019029845,0.43644,1.0
CEBPD,0.92622,2.530024095253276,0.4088157965087891,2.7432492275060216,0.56124,1.0
MED22,0.92622,2.530024095253276,-0.2322209799194336,2.698875061961744,0.462,1.0
SMARCA2,0.9262,2.529731462440225,0.2658903192138672,2.8536785871526154,0.55782,1.0
MUTYH,0.92618,2.5294389026033617,-0.2330728271484375,2.777068785899988,0.47012,1.0
KIF3B,0.92616,2.529146415702876,-0.8088616259765625,2.5588695889293676,0.37346,1.0
SHMT2,0.92608,2.5279771966696356,-0.9811134594726563,2.8464661432452694,0.37334,1.0
CCR7,0.9258,2.523894078423835,0.46251661254882814,4.104385938236238,0.56574,1.0
UCKL1,0.92576,2.5233119333098255,-1.157972197265625,2.5671093376202974,0.32782,1.0
ZNF25,0.92576,2.5233119333098255,-0.34683046752929686,2.6607350763134345,0.45408,1.0
DNAJC24,0.92572,2.522730076626956,-0.3770212255859375,2.710503390197138,0.44262,1.0
CD244,0.9257,2.5224392563494518,-0.18617103858947753,3.2800772952996877,0.4745,1.0
MSMO1,0.92568,2.5221485080624984,0.1540896676635742,3.8270430572204606,0.52614,1.0
GSR,0.92564,2.521567227304228,-0.7286677758789063,2.592881486919174,0.38384,1.0
PANK1,0.92554,2.520115282516175,1.0488425439453124,3.3894513841030123,0.64018,1.0
ENOPH1,0.92554,2.520115282516175,-0.7425244848632813,3.0533932275222133,0.39326,1.0
ANAPC10,0.92554,2.520115282516175,-0.14946849477767946,2.7733111747861785,0.49376,1.0
PIK3CG,0.92552,2.519825108751822,-0.14362444332122803,2.784404644858918,0.47764,1.0
KIF2A,0.92548,2.5192449761060933,-0.43194368225097657,3.097597179779186,0.44906,1.0
ZFP14,0.92546,2.5189550171472876,-0.774846259765625,3.1156854106945264,0.40102,1.0
ARHGAP12,0.9254,2.518085569263184,-0.8263101098632812,2.614301248211505,0.37372,1.0
SLC30A5,0.92538,2.5177958961705658,-0.8567823999023437,2.7020535725742616,0.3844,1.0
AGPAT5,0.92538,2.5177958961705658,-0.05748777978897095,2.9017124824758542,0.4899,1.0
LEMD3,0.92538,2.5177958961705658,-0.050735941858291625,2.661268590849344,0.49468,1.0
RPPH1,0.92536,2.517506294448057,0.38972332580566404,2.608438575765533,0.558,1.0
TDP1,0.92536,2.517506294448057,-0.35563879455566405,3.2221612798604595,0.44978,1.0
SBF1,0.92536,2.517506294448057,-0.12845820404052735,2.780771723899623,0.48046,1.0
FUNDC1,0.92534,2.5172167640571463,-0.004941549619436264,2.7627246117385837,0.50424,1.0
HYAL2,0.92532,2.516927304959348,-0.8048572729492187,2.6166297959265745,0.37332,1.0
IL27RA,0.92528,2.5163486004893207,-1.2386603271484375,2.7517171783971595,0.34482,1.0
ZNF33B,0.92528,2.5163486004893207,-0.6883720849609375,2.8694929909289346,0.403,1.0
MRPS2,0.92526,2.516059355040282,-0.8375218920898437,2.968230396995026,0.40146,1.0
ZNF626,0.92526,2.516059355040282,-0.1758129103088379,4.176284025071658,0.46214,1.0
SUN2,0.9252,2.515192045376853,-0.9996771899414062,2.477946771706538,0.34882,1.0
MTMR12,0.92518,2.5149030842559474,0.048844151763916016,2.6960965038761993,0.50758,1.0
ANKH,0.92512,2.5140366266586454,-1.271982451171875,2.643076661328761,0.30088,1.0
PLA2G7,0.92512,2.5140366266586454,-0.30247592803955076,4.298155749179712,0.46234,1.0
CERS4,0.9251,2.5137479492540997,-0.694998173828125,2.585896970848669,0.39676,1.0
AGK,0.92502,2.5125939475925363,0.544638359375,2.6807663052341133,0.56886,1.0
ZMYM2,0.92502,2.5125939475925363,-0.4297049279785156,2.6029281631514976,0.43016,1.0
PHF21A,0.925,2.5123056239761152,-1.0216763891601564,2.5157018141169702,0.34454,1.0
MAPK8,0.925,2.5123056239761152,-0.47471542114257814,2.665951587442217,0.42782,1.0
ZNF227,0.92498,2.512017371003312,-0.5767558972167969,3.13843038033555,0.42722,1.0
NCAPH2,0.92498,2.512017371003312,-0.11874107963562011,2.797294813002505,0.49048,1.0
ZRANB1,0.92496,2.5117291886361968,-0.8005671020507813,2.6229166752732564,0.37784,1.0
ZNF282,0.92496,2.5117291886361968,-0.22957782775878907,2.721681167306396,0.46982,1.0
ZNF493,0.92492,2.511153035567458,-0.2156651728820801,3.6499738893012297,0.49038,1.0
B3GAT3,0.92486,2.5102893345604795,-1.3541615185546876,2.7010839439548455,0.31582,1.0
CAPN7,0.92484,2.5100015750326374,-0.5713350769042969,2.687181539891985,0.41842,1.0
ZNF138,0.92484,2.5100015750326374,-0.08294343240737916,3.5359145790669184,0.5068,1.0
TMED3,0.9248,2.5094262669623184,-0.5019416918945312,2.8283851342463167,0.44238,1.0
CHCHD4,0.9248,2.5094262669623184,-0.2543752975463867,2.8782935219715147,0.46858,1.0
ACTL6A,0.92478,2.5091387183444938,-0.4835437976074219,3.1475432764372586,0.44732,1.0
USP30,0.92474,2.508563831755362,0.05235574711799622,2.736955662340681,0.50706,1.0
FBXL20,0.92468,2.5077020279244238,-0.5250033374023437,2.6281065307788896,0.42378,1.0
ACTR1B,0.92466,2.507414900111447,-0.881987568359375,3.2830859446387506,0.36558,1.0
HSD17B12,0.92466,2.507414900111447,-0.515221533203125,2.585122242003039,0.43012,1.0
ZNF354A,0.92464,2.5071278423013603,-0.7621724340820313,2.727001400395079,0.40354,1.0
MED9,0.92464,2.5071278423013603,-0.20329970916748047,2.650803760354332,0.47042,1.0
TSC22D3,0.92448,2.504833895440625,-0.8127896215820313,2.5322855180865838,0.3531,1.0
ZNF14,0.92442,2.503974815900396,-0.3067829278564453,3.6172474936736534,0.44106,1.0
SLC25A20,0.92438,2.503402444047824,-0.7793755688476562,2.594431463947524,0.38736,1.0
STARD10,0.92436,2.503116362362617,-1.163549365234375,2.390739091161232,0.30922,1.0
DROSHA,0.92432,2.5025444072893333,0.9274159741210938,2.5201020916524937,0.64728,1.0
GSTM2,0.92428,2.501972729699183,1.1210132080078126,2.6363245664188018,0.66692,1.0
AP3M1,0.92426,2.501686994868007,-0.21121252212524413,2.6211969200987157,0.46218,1.0
COQ5,0.92422,2.5011157329491525,-0.6163380847167969,2.6570759308018244,0.40736,1.0
LIPT1,0.92418,2.5005447477762326,-1.1084925390625,2.524667794866588,0.31328,1.0
NMB,0.9241,2.499403606492411,-1.2291809521484376,2.3767723665063007,0.29086,1.0
ERCC4,0.9241,2.499403606492411,-0.509826669921875,2.771233907865794,0.4347,1.0
EEF1E1,0.92408,2.4991184936787527,-0.6905853125,2.8928778944325972,0.40532,1.0
CENPC,0.92408,2.4991184936787527,-0.4995156188964844,2.708188484787333,0.4286,1.0
MGAT4A,0.92406,2.498833449794773,-0.8162997729492187,2.5235036355535145,0.38162,1.0
CPSF4,0.92402,2.4982635686695986,-0.6226276635742187,2.7665256491766184,0.41542,1.0
PCGF6,0.92402,2.4982635686695986,-0.5624970288085938,3.0045263416874888,0.41316,1.0
TMEM129,0.92402,2.4982635686695986,-0.5217957336425781,2.8005439924697937,0.42052,1.0
PIP4K2C,0.92402,2.4982635686695986,0.1038868773841858,2.7396895704602398,0.51306,1.0
NELFCD,0.92398,2.49769396282468,-0.7972125854492188,2.9703894394045998,0.40932,1.0
SLC2A3,0.92398,2.49769396282468,-0.7055541650390625,2.7238568882266523,0.4066,1.0
IDH1,0.92398,2.49769396282468,0.010304803886413574,2.6482845609383374,0.50316,1.0
MTO1,0.92394,2.4971246319682625,-0.6259675061035156,2.5872691536618384,0.41608,1.0
TNKS,0.92388,2.4962711506500104,-0.7350410327148438,2.5461260042355027,0.38768,1.0
IL7R,0.92384,2.4957025059914604,-0.10795985897064209,3.2716783460635366,0.47218,1.0
EIF4EBP1,0.92376,2.494566038297654,-0.7612879907226563,2.7279966409998493,0.40856,1.0
CDK7,0.92372,2.4939982146834754,-0.6733333056640625,2.5998447846005646,0.39572,1.0
IKBKB,0.92372,2.4939982146834754,-0.5498515490722656,2.6943127117739283,0.41738,1.0
ARSD,0.9236,2.4922963813078653,0.12043191808700561,2.582874727165622,0.51656,1.0
FABP5,0.92356,2.491729648378731,-0.2041558135986328,2.8416504532234663,0.47362,1.0
PACS1,0.92354,2.4914463839143477,-0.72527080078125,2.798817352763105,0.40286,1.0
DEF6,0.92352,2.4911631874023055,-0.521984052734375,3.2638719924448627,0.43188,1.0
PDE3B,0.9235,2.4908800588068045,-0.86862369140625,2.5462063945842117,0.37296,1.0
FECH,0.92348,2.490596998092071,0.15129809059143065,2.591078462478681,0.51618,1.0
ATP6V1G2,0.92346,2.4903140052223605,-1.2964719677734375,2.844423417391066,0.31714,1.0
INPP4A,0.92346,2.4903140052223605,-1.0421126953125,2.431306871401627,0.33938,1.0
TNFSF14,0.92344,2.4900310801619585,-1.38609208984375,2.06838164859724,0.23442,1.0
SCCPDH,0.92336,2.4889000573000506,-0.5435825354003906,2.6953275941353927,0.43846,1.0
MTMR9,0.92334,2.488617470751407,-0.587857421875,2.659090205664144,0.41778,1.0
MYO15A,0.9233,2.488052500405372,-0.8466877172851562,2.92595652549486,0.37906,1.0
ARV1,0.9233,2.488052500405372,-0.6743155029296874,2.8495405141129653,0.3977,1.0
APOO,0.92326,2.487487800157672,0.607692177734375,2.556983021110123,0.61048,1.0
COA1,0.92324,2.4872055512320497,-0.52267392578125,2.915263746129313,0.40576,1.0
TSR1,0.92322,2.486923369724691,-0.796565390625,2.882638823416999,0.41258,1.0
ADPRM,0.9232,2.486641255600209,0.2029133367919922,2.683923533415341,0.52602,1.0
PLAC8,0.92312,2.485513472224376,1.4954776806640624,2.0254388323686516,0.78196,1.0
SETD2,0.9231,2.485231694484508,-0.6585292041015625,3.0167625235147137,0.38772,1.0
MDM4,0.92308,2.4849499839158,-0.1220041807460785,2.5938652533500517,0.48364,1.0
FOXO3,0.92304,2.484386764151128,-0.650198046875,2.540180945940896,0.396,1.0
MRGBP,0.92302,2.484105254884866,-0.20596771484375,2.7218932755651983,0.48304,1.0
SOCS3,0.92298,2.483542437408952,0.022054336624145507,2.60716786759691,0.49934,1.0
MAP3K3,0.92296,2.483261129129164,-0.6859835375976563,2.6002316310982287,0.39282,1.0
RALGAPA1,0.92288,2.4821365649141853,-0.755212333984375,2.689807936069344,0.37438,1.0
CNOT6L,0.92284,2.4815746836598795,-0.2671451043701172,2.8703172014537137,0.46352,1.0
ZSCAN25,0.92284,2.4815746836598795,0.1035666683959961,2.555132124894152,0.50862,1.0
PHC3,0.92272,2.4798906399628398,-0.3318186181640625,2.5613767504536877,0.44822,1.0
INO80E,0.92264,2.478769274772645,-0.994042099609375,2.7127935345756473,0.36868,1.0
SYNE2,0.9225,2.476809439555381,0.733014677734375,3.7666999800937786,0.66172,1.0
COPS7B,0.92248,2.4765297278803495,-0.6860914111328125,2.7586483084351814,0.41632,1.0
NDE1,0.92246,2.476250082298203,-0.29370522094726564,2.6747087927475053,0.45784,1.0
ABHD14B,0.92242,2.475690989275181,-0.3421755480957031,3.308596012506348,0.44536,1.0
OPHN1,0.92234,2.4745735948339873,1.2159426806640625,2.684010998107961,0.67962,1.0
FCN1,0.92232,2.474294410941629,0.605102744140625,3.738796687309098,0.62186,1.0
DGKQ,0.92232,2.474294410941629,0.34490203002929687,2.613705166819064,0.55158,1.0
PPIP5K2,0.9223,2.4740152928680716,-0.7927549169921875,2.772340228887809,0.40948,1.0
LBR,0.9223,2.4740152928680716,-0.6683799340820312,2.659352262323055,0.39554,1.0
EPS15L1,0.92228,2.4737362405791727,-0.7599351611328125,2.6283699194912704,0.4007,1.0
MRPL45,0.92224,2.473178333218918,-0.6339240686035156,2.525447384919188,0.40444,1.0
ZNF92,0.92224,2.473178333218918,0.5411370385742188,2.648483521431769,0.58422,1.0
ZNF675,0.92224,2.473178333218918,-0.22322045333862306,3.3966206569211996,0.46208,1.0
PWP2,0.92222,2.472899478079412,-0.7159566577148437,2.5530280064609143,0.38528,1.0
MPHOSPH10,0.92214,2.4717847136649653,-0.7446653735351563,2.919920787836375,0.40244,1.0
RXRB,0.92214,2.4717847136649653,-0.4835939453125,2.5942424761312,0.42966,1.0
PSTK,0.92212,2.471506186427397,-0.17419927436828614,2.9150562855570756,0.46578,1.0
RBM28,0.92208,2.470949328354077,-0.2497393994140625,3.101019180679604,0.46676,1.0
TCF7L1,0.922,2.4698363968670027,1.2629204150390625,2.7634257982556836,0.68172,1.0
AGPS,0.922,2.4698363968670027,-0.49344435668945313,2.525464443450468,0.41888,1.0
VPS37B,0.92194,2.469002383764686,0.1733394903564453,2.616481991324748,0.54434,1.0
TGFB3,0.92192,2.468724509791326,-0.6902332287597657,3.601818698056007,0.41522,1.0
SEPSECS,0.92186,2.4678912785824423,-0.91106935546875,2.468100684514462,0.35252,1.0
ALDH8A1,0.92184,2.467613664971232,1.1936280908203125,3.4245001500481282,0.65812,1.0
CENPJ,0.92182,2.467336116366637,0.92432951171875,2.3937252186739766,0.65726,1.0
ASXL2,0.92182,2.467336116366637,-0.7788405688476563,2.591630358517985,0.38716,1.0
ZNF708,0.92178,2.466781214043256,-0.4491965869140625,2.919463039331635,0.43426,1.0
SAMM50,0.92174,2.4662265713444693,-0.7513777270507812,2.9020813024951595,0.39986,1.0
CTSD,0.92174,2.4662265713444693,-0.6307889990234375,2.3778138685352372,0.38494,1.0
PARP1,0.92172,2.465949347270715,-0.4723219226074219,3.2194723111655934,0.42948,1.0
SLA,0.92172,2.465949347270715,-0.45919772827148436,2.8178497705099197,0.44922,1.0
UBE2D4,0.9217,2.4656721880028605,-0.41887266845703125,2.832788269360408,0.42374,1.0
SUCLG2,0.9217,2.4656721880028605,-0.17833896705627442,3.1975350213608764,0.48388,1.0
COG3,0.92168,2.465395093507544,-0.16404854537963867,2.629236025666976,0.47502,1.0
PIGA,0.92164,2.4648410987011915,-0.7148372045898438,2.524817764431807,0.39172,1.0
THOC1,0.92154,2.4634572428741857,-0.5931426159667968,2.985106533578252,0.3937,1.0
ORMDL3,0.92146,2.46235131953009,0.37080073852539064,3.021718800223066,0.567,1.0
MAP1LC3A,0.9214,2.4615225530666556,-1.046755888671875,2.3409879350125884,0.32106,1.0
TOPORS,0.92134,2.4606943650796236,-0.2884270446777344,2.655521439800895,0.46514,1.0
PLEKHA1,0.92128,2.4598667546798128,-0.7566612622070312,3.002267929191241,0.39018,1.0
USP28,0.92126,2.4595910127458662,0.6577287426757813,2.479511913026309,0.6057,1.0
CA2,0.9212,2.458764171082697,-0.42331494873046877,2.4276708634756936,0.43302,1.0
MYLIP,0.92114,2.457937904939886,0.10933262037277222,2.576060273823659,0.51318,1.0
HSD17B6,0.9211,2.457387380142362,-0.2713122570800781,3.465476441103822,0.47574,1.0
HDAC6,0.9211,2.457387380142362,0.26239058044433594,2.543157526920341,0.54004,1.0
BATF,0.921,2.456012183788286,-0.2724118792724609,2.9895128239031266,0.4623,1.0
HVCN1,0.921,2.456012183788286,0.06490967573165894,2.9345744333872603,0.51764,1.0
IFT27,0.92098,2.455737335509675,-1.1601830419921875,2.4431948651136084,0.31066,1.0
RGS2,0.92098,2.455737335509675,-0.6113855517578125,2.5495745072539644,0.41518,1.0
BCL2A1,0.92096,2.455462550819336,0.09309067098617553,2.468814138016285,0.51906,1.0
AQP10,0.92094,2.455187829684832,-0.5846156274414063,3.268347829852461,0.42384,1.0
TAF1D,0.9209,2.454638577953714,-0.6524439599609375,2.733074377141151,0.3982,1.0
VPS45,0.92082,2.4535408357370736,-0.8330039501953125,2.469770537682146,0.36388,1.0
SYNE1,0.92082,2.4535408357370736,-0.40206109008789065,2.7986858950608116,0.44446,1.0
ACD,0.92082,2.4535408357370736,-0.37513515747070314,2.7200020716682243,0.44948,1.0
RUVBL2,0.92078,2.4529923447347484,-0.26538586669921876,2.7127989268535098,0.46296,1.0
EPOR,0.92072,2.452170082638503,-0.701093896484375,2.5158879956997504,0.39198,1.0
RPAP2,0.9207,2.451896121652997,-0.9037039111328125,2.725533853739164,0.38188,1.0
HAUS2,0.9207,2.451896121652997,0.08558151633501053,2.521221314629688,0.51188,1.0
SUN1,0.92068,2.4516222238038985,-0.227410244140625,3.082669242553424,0.46412,1.0
C3AR1,0.92064,2.451074617386566,0.5760743774414062,2.5643327499138047,0.6016,1.0
SENP5,0.92058,2.450253680482063,-0.715722958984375,2.3949882733692873,0.38022,1.0
BLMH,0.92054,2.4497067039867693,0.726324384765625,2.445041254406781,0.65438,1.0
HINT2,0.92054,2.4497067039867693,-0.5509882604980468,3.5522306349205897,0.40346,1.0
SPATA13,0.92054,2.4497067039867693,-0.1243644660949707,2.6085741928142783,0.48878,1.0
PLAGL1,0.92052,2.449433310075589,0.20538755859375,2.5799104752200024,0.52982,1.0
SACM1L,0.9205,2.449159979012846,-0.4813590808105469,2.6376076951074388,0.42746,1.0
FAM135A,0.92036,2.447248418655336,0.912948740234375,2.344285936235055,0.6595,1.0
RPRD2,0.92036,2.447248418655336,-0.6421949523925782,2.583899589464342,0.40638,1.0
ZNF770,0.9203,2.446430118048642,-0.4716020349121094,2.6161383040916446,0.42894,1.0
AK3,0.9202,2.4450675332656053,-0.6023376696777344,2.9696148338420416,0.41662,1.0
ELP3,0.9202,2.4450675332656053,-0.034232013549804687,2.655224953928965,0.51932,1.0
EBP,0.92018,2.444795203459021,-0.4962172119140625,3.042553814310477,0.4254,1.0
ELP4,0.92018,2.444795203459021,0.09192830955505371,3.2220673266983964,0.51266,1.0
ELL,0.92016,2.4445229359622354,-0.42300253784179687,2.5746026706218474,0.4437,1.0
LAT2,0.92016,2.4445229359622354,-0.23300998962402344,2.506833823250289,0.4578,1.0
CCDC88C,0.92012,2.4439785877722042,-0.22554990585327148,2.949752822293053,0.45722,1.0
GPX1,0.9201,2.443706507016087,-1.1822994482421876,1.851201248260496,0.2531,1.0
SAP130,0.92002,2.4426188055185563,0.80293681640625,2.3288622297735104,0.63608,1.0
RALGAPB,0.92,2.442347035369205,-1.0128630834960937,2.317927312586513,0.33226,1.0
MLH3,0.91998,2.4420753272472644,-0.18846594146728515,2.4981033240867156,0.4758,1.0
TSPYL2,0.9199,2.4409891144087985,-0.6698967041015625,2.6466493608764297,0.39876,1.0
RRN3,0.91982,2.439903891512428,-0.5041020935058593,2.58498618929662,0.4122,1.0
HLA-DPB1,0.91982,2.439903891512428,-0.3493256378173828,2.616561264095201,0.44776,1.0
INCENP,0.91978,2.439361650670156,0.8104436401367188,3.482394085553708,0.60806,1.0
TIMP1,0.91974,2.4388196565673006,-0.8867594482421876,3.5590388484397315,0.33312,1.0
LEO1,0.91972,2.4385487519656626,-0.42458356689453125,2.6770260263031376,0.45112,1.0
MRPL1,0.91964,2.437465749169002,-0.04433254803657532,3.107055651335696,0.50128,1.0
DCAF16,0.91962,2.437195152217816,-0.4156800109863281,2.483323683128149,0.42872,1.0
PINK1,0.91958,2.436654142597052,-1.0576338891601562,2.317717524061919,0.3175,1.0
AKR7A2,0.91956,2.4363837298658626,-0.9251002856445313,2.4959890614932903,0.34742,1.0
CHID1,0.9195,2.435572859619858,-0.7339416430664063,2.714266730320177,0.38482,1.0
PILRB,0.91946,2.435032585771625,-0.40719963012695315,2.8955570465217866,0.45388,1.0
TNRC6B,0.9194,2.434222633859545,-0.26000694885253905,2.656395043802012,0.46724,1.0
LGALS1,0.91936,2.4336829714678654,-0.5854394689941407,2.6371808017784555,0.39316,1.0
POLR2A,0.91922,2.4317960742130555,-0.12266987055778504,2.5718807702938595,0.48098,1.0
HSPA14,0.9192,2.4315267610074964,-0.6145505981445313,2.513535347897996,0.40292,1.0
APOBEC3G,0.91918,2.43125750859703,0.737145947265625,2.6734573554362364,0.63526,1.0
MAP2K5,0.91916,2.430988316951315,-0.71865123046875,2.481806230703407,0.39794,1.0
ITCH,0.91914,2.4307191860400343,-0.18139527252197266,2.497397605123267,0.47142,1.0
ZFP90,0.9191,2.430181106299618,0.14298284202575684,2.790785614192935,0.53298,1.0
AASDHPPT,0.91906,2.429643269133685,-0.8131772045898438,2.675730602978689,0.4008,1.0
CD96,0.91904,2.429374441440594,-0.43286838256835936,3.7108078585899125,0.42138,1.0
NDUFAF4,0.91904,2.429374441440594,-0.1682882841873169,3.3832281688452213,0.49108,1.0
SNRNP25,0.91898,2.4285683215586933,-1.0386045385742189,2.3635313157269113,0.33324,1.0
ABHD17B,0.91892,2.4277627458401705,-0.40881309936523436,2.479222399313168,0.44512,1.0
PLAUR,0.9189,2.4274943413854726,-0.9296528100585938,3.054208653072046,0.34344,1.0
ZC3HC1,0.9189,2.4274943413854726,-0.41766656005859376,2.3753248001752456,0.43054,1.0
HNRNPDL,0.91888,2.427225997273114,-0.8017043994140625,2.2725708093047152,0.31166,1.0
ZNF568,0.91878,2.42588518079702,-0.3871371704101563,3.517830953296977,0.46852,1.0
ACP5,0.91876,2.42561719810937,-0.5831521630859375,2.3983688548809985,0.40416,1.0
FAHD1,0.91862,2.423743001343275,-0.5281788415527344,2.8269712463593013,0.43222,1.0
MED27,0.91858,2.4232080563177023,-0.5113438830566406,2.55784165218169,0.42054,1.0
ZNF184,0.91854,2.422673350751779,-0.4068417578125,2.9094119121783075,0.43192,1.0
LGR6,0.91844,2.4213376329175684,-0.3111542922973633,3.4703489049388,0.46656,1.0
IMP3,0.91842,2.4210706684422587,-0.9812464526367187,2.700153335628665,0.3152,1.0
SMC2,0.91838,2.4205369183470355,-0.5156026843261718,2.610035991288606,0.4107,1.0
PTCD3,0.91832,2.4197367399008316,-0.7415267724609375,3.182557454622566,0.39426,1.0
NDUFAF2,0.9183,2.4194701327535193,-0.8541715161132812,2.6341577582368694,0.37166,1.0
PIGK,0.91828,2.419203585057949,-0.45224776000976563,3.2298601596765995,0.4515,1.0
BMS1,0.91824,2.4186706679046575,-0.6489588586425781,2.501195155216166,0.38828,1.0
LPIN2,0.91822,2.418404298388303,1.0541382275390625,2.1011291513188937,0.71082,1.0
AP4B1,0.91822,2.418404298388303,-1.053343984375,2.329582380549892,0.33182,1.0
GFM2,0.91822,2.418404298388303,-0.04629392141342163,2.543073873170551,0.51198,1.0
MRS2,0.9182,2.4181379882064205,-0.44325235717773437,2.9320859023025543,0.44576,1.0
MCU,0.91818,2.4178717373297474,0.42840176513671874,2.4546750982123875,0.56712,1.0
ETS1,0.91814,2.4173394133750827,-0.6838206335449218,3.475742912567502,0.38332,1.0
CST3,0.91814,2.4173394133750827,0.32031145874023437,3.756726439088918,0.56678,1.0
MPST,0.91808,2.4165413715018023,-0.8987241162109375,2.3719859538548325,0.3387,1.0
MRPL48,0.91804,2.4160096392852655,-0.6121914904785156,3.4025160579045317,0.3961,1.0
GPI,0.91802,2.415743861799351,-0.7455629565429688,2.473849073247175,0.3695,1.0
FANCF,0.91802,2.415743861799351,-0.1522965055847168,3.526665878659217,0.48344,1.0
BRF1,0.91796,2.414946883482231,-0.8241294018554688,2.3871024633231808,0.372,1.0
OXTR,0.91792,2.414415859431101,-1.0423408276367188,3.3625204189404707,0.3608,1.0
POP5,0.91792,2.414415859431101,-0.7905166650390625,3.2135050598191097,0.36302,1.0
ADAT1,0.91788,2.4138850709710424,-0.022729338579177857,2.4832873087173186,0.49296,1.0
IL32,0.91784,2.4133545178705846,0.15425533508300782,3.8940727618280233,0.5219,1.0
IL4R,0.9178,2.412824199898598,-0.8193875024414062,2.3625716837138686,0.34408,1.0
USP47,0.91768,2.4112346544472185,-0.9020816088867187,2.3179724903934575,0.3245,1.0
DDIT4,0.91768,2.4112346544472185,-0.2629852960205078,2.508062324724409,0.4689,1.0
ATP8A2,0.91766,2.4109699353043164,-1.1073157177734374,3.3923850827418454,0.35768,1.0
RGS18,0.91766,2.4109699353043164,-0.56497912109375,2.3673577494375206,0.4004,1.0
TAF3,0.91762,2.410440672559235,-0.23363712646484375,2.660614055094895,0.4896,1.0
MAPKAPK5,0.9176,2.4101761288997343,0.046503935661315915,2.814496239682469,0.50916,1.0
SIRT5,0.91758,2.409911643677415,0.31670668273925784,2.651704033155293,0.54114,1.0
EGLN1,0.91756,2.4096472168636693,-0.7526918359375,2.6029765226480213,0.36044,1.0
SELPLG,0.91754,2.409382848429907,-0.3803691589355469,2.534306327329663,0.45444,1.0
POLR2C,0.91754,2.409382848429907,-0.32126725891113284,2.5083880657098248,0.4511,1.0
TTC5,0.91744,2.408061880961753,-0.9030633154296875,3.126629032882321,0.3842,1.0
ZNF600,0.91738,2.407269999215588,-0.36179472045898436,2.6215940273639826,0.46066,1.0
PDS5A,0.91736,2.4070061549186654,-0.930389951171875,2.2520275343167757,0.33656,1.0
SLC39A3,0.91728,2.405951358399953,-0.7067920776367187,2.537786486676671,0.39644,1.0
SOCS4,0.9172,2.4048974895925355,-0.5374646923828125,2.3281460916302263,0.40346,1.0
TAF8,0.9172,2.4048974895925355,-0.3924190173339844,2.6130596758440343,0.46154,1.0
HGSNAT,0.9172,2.4048974895925355,-0.36583667724609376,2.602814370383583,0.44014,1.0
SH2B1,0.91716,2.404370902515409,-0.6879511352539063,2.2998910243279163,0.38334,1.0
MOCS2,0.91716,2.404370902515409,-0.29026436767578123,2.731894709946337,0.44728,1.0
LTV1,0.91708,2.4033184218868824,-0.340639345703125,3.024185710428337,0.46928,1.0
PTGER4,0.91708,2.4033184218868824,0.303663466796875,2.7137459521264886,0.54304,1.0
NOL9,0.91702,2.4025296673647203,-0.2978778723144531,2.9591551237849822,0.46872,1.0
RNF216,0.91698,2.4020041191429073,-0.5555309069824219,2.5793966373843684,0.3979,1.0
RAB27A,0.91692,2.4012162284395635,-0.42112602661132814,2.4167153341734946,0.43556,1.0
SMC4,0.9169,2.400953713194453,-0.5128534240722656,2.5436892610583555,0.41006,1.0
ANAPC5,0.91684,2.4001665120363533,-0.8388305053710937,2.6121078175386208,0.36914,1.0
CLASP1,0.9168,2.3996419981333115,-0.4926891259765625,2.4858364733062093,0.4208,1.0
RNF126,0.91676,2.3991177134657726,-0.9633914916992188,2.7332648742454606,0.34582,1.0
PDK3,0.91672,2.398593657811479,0.07601283182144165,2.4332884566900375,0.50854,1.0
STAG1,0.9166,2.3970228627103225,-0.6170125732421875,2.4160772086609845,0.39852,1.0
HIBCH,0.9166,2.3970228627103225,0.04743789184570313,2.776530138023849,0.50078,1.0
SMAD7,0.91658,2.396761263299459,-0.26481902893066406,2.455314485307324,0.45584,1.0
INTS4,0.91658,2.396761263299459,-0.2480323370361328,2.441535013368259,0.4521,1.0
PABPC1,0.91652,2.3959768069821417,-0.68311419921875,2.3762888958640898,0.36848,1.0
PIAS2,0.91648,2.3954541207578424,-0.7898474340820313,2.3519444780328107,0.36468,1.0
SPN,0.91648,2.3954541207578424,0.3025345635986328,2.3948985996638634,0.54144,1.0
ADAM12,0.91644,2.3949316619999284,-0.7923365649414063,2.970930540364307,0.38866,1.0
CASP8,0.91642,2.3946705178521923,0.637142294921875,2.491257641719928,0.5957,1.0
ALG3,0.91626,2.3925834066021476,-0.882193525390625,3.0200493085289786,0.39352,1.0
EHMT1,0.91626,2.3925834066021476,-0.5544288720703126,2.396795295454921,0.41102,1.0
RECK,0.91626,2.3925834066021476,-0.332926796875,2.5084089714867175,0.44644,1.0
HSPB1,0.91624,2.39232277252718,0.7879079248046875,2.449504802569536,0.61234,1.0
INTS8,0.9162,2.3918016739646046,-0.9761792553710937,2.70136869584927,0.35534,1.0
OXCT1,0.91618,2.39154120942254,0.4578112744140625,3.1667501407921135,0.57044,1.0
TTC37,0.91612,2.3907601544269013,0.29533942138671876,2.480344158721972,0.54252,1.0
PJA1,0.9161,2.390499915548003,-0.32117795837402346,2.512834580550607,0.46912,1.0
NPRL2,0.91608,2.3902397330170424,0.29773576782226563,3.6691926658066465,0.54664,1.0
GYPC,0.916,2.3891995658308174,-0.614425732421875,2.8874667550511024,0.37548,1.0
RHOT1,0.91598,2.3889396646333925,0.3319916223144531,2.4074146735386632,0.5603,1.0
MRPS25,0.91596,2.3886798196215797,-0.34288488830566405,2.7342834970855,0.46208,1.0
PPP2R2D,0.91592,2.3881602980468606,-0.5528591247558594,2.3958048073440654,0.40982,1.0
NFYB,0.9159,2.38790062143004,-0.35340610961914065,2.4378169546740716,0.4416,1.0
POLR2K,0.9159,2.38790062143004,-0.08156822290182114,2.44320571864229,0.4994,1.0
DPH7,0.91586,2.387381436402825,-0.7106694506835938,2.754945199628992,0.39552,1.0
IL12RB1,0.91576,2.386084453784501,-0.2768097033691406,2.3881912042306075,0.4578,1.0
CLCN6,0.91576,2.386084453784501,0.08062832066535949,2.4354918193317103,0.51506,1.0
ELMO1,0.91568,2.3850478738677405,-0.05608924814462662,2.439590876495498,0.49004,1.0
CSTF2,0.91562,2.384271024743476,-0.5100274072265625,2.59811874415345,0.4387,1.0
ZNF567,0.9156,2.3840121864765,-0.4804259094238281,3.0446958823282806,0.43844,1.0
TNIK,0.91552,2.382977389903794,-0.4654423828125,2.870982510532208,0.42446,1.0
KLHL20,0.91544,2.3819434824474777,-0.4991760900878906,2.6407726749813807,0.41302,1.0
IL16,0.91534,2.3806523458617006,-0.7802905078125,3.125540279042603,0.3477,1.0
GGA2,0.9153,2.380136278732725,-0.5531556848144531,2.4030110911068334,0.41598,1.0
CD2,0.91526,2.379620432718753,-0.461173603515625,3.7955508649414664,0.41948,1.0
PRKD3,0.91524,2.37936259256405,-1.0020573657226564,2.1727943604206934,0.3172,1.0
SYNGR1,0.91522,2.3791048076091195,-0.6719181030273438,2.4711212837013155,0.38994,1.0
ORAI1,0.91514,2.3780742192616806,-1.0108863403320312,2.3577423279601852,0.3301,1.0
PRMT7,0.9151,2.377559255604031,0.006758078365325927,2.94018868180714,0.51094,1.0
ATG16L1,0.91508,2.377301856312527,-0.023548059730529786,2.444737364595976,0.50248,1.0
FEM1C,0.91506,2.377044512011022,1.17909826171875,2.0342316875771727,0.73336,1.0
RIF1,0.91506,2.377044512011022,0.24900564910888673,2.8340093126819665,0.54558,1.0
EXOSC4,0.915,2.376272808785205,-0.863442099609375,2.2516502729242065,0.35174,1.0
ACAD8,0.915,2.376272808785205,-0.7554200463867188,2.5623403964780596,0.39448,1.0
LEMD2,0.91498,2.376015684182492,-0.3026743347167969,2.3696035123407237,0.45062,1.0
CTSC,0.91496,2.3757586144392686,1.1574394189453125,2.4278812512925314,0.68052,1.0
BCDIN3D,0.91494,2.375501599529488,-0.6920581225585938,2.6077251573750875,0.39792,1.0
PREB,0.91492,2.375244639427122,-0.6664051391601562,2.4389588324928084,0.39738,1.0
ALG10B,0.91478,2.3734474511356383,0.05219962942123413,2.4138013579338473,0.50746,1.0
ZNF250,0.91476,2.3731909285577664,-0.25661594665527343,2.49574994092777,0.45906,1.0
IP6K1,0.91476,2.3731909285577664,-0.17795347900390626,2.5098085048834715,0.4834,1.0
GSS,0.9147,2.372421688164685,-0.1360424987792969,2.4305099205068337,0.47858,1.0
ATF2,0.91462,2.3713967971381016,0.16426583213806153,2.3519952297168336,0.52796,1.0
COQ9,0.91448,2.3696053310007326,-0.7006592236328125,2.5003393933675815,0.39386,1.0
TPM1,0.91436,2.3680719032703648,-1.1881347705078125,1.8871793667860104,0.26382,1.0
NAA35,0.91436,2.3680719032703648,-1.0035082934570312,2.1328656429922415,0.31894,1.0
ZNF669,0.91436,2.3680719032703648,-0.8223760107421875,2.257631753509807,0.35228,1.0
TIMM9,0.91436,2.3680719032703648,-0.21697473052978516,2.936310612518118,0.47998,1.0
RGS1,0.91436,2.3680719032703648,0.20655935150146484,2.561671644300562,0.58532,1.0
ABLIM1,0.9143,2.367305919566647,-0.43775417236328124,3.2069889005133834,0.41322,1.0
ADO,0.91428,2.367050699667542,-0.61741986328125,2.3566892945774085,0.39448,1.0
SPINT2,0.91428,2.367050699667542,-0.09055868309020997,2.374438084002343,0.48692,1.0
APOA1,0.91418,2.3657754090439855,-1.3943939990234375,2.784001319007846,0.30474,1.0
TLE3,0.91416,2.365520512516015,-0.7250260278320313,2.3650948450651206,0.38636,1.0
HBS1L,0.91414,2.36526566979449,-0.7641605224609375,2.3188932874810617,0.36238,1.0
ZC3H8,0.91412,2.3650108808541037,-0.4269556384277344,2.8333457744062964,0.42992,1.0
MAP3K8,0.9141,2.364756145669564,0.05071403427124024,2.375553336200681,0.49848,1.0
HAUS3,0.91408,2.364501464215598,0.17295218765258788,2.5659144975534423,0.55124,1.0
SATB1,0.91404,2.363992262398387,0.026989509325027465,2.744589415299471,0.50262,1.0
ACAD9,0.91398,2.3632288620210744,-0.728007880859375,2.308941378018375,0.36966,1.0
WDR61,0.91392,2.3624659438576354,-0.42810038452148436,2.518435441398351,0.44996,1.0
TRAPPC13,0.91392,2.3624659438576354,0.1290859521484375,2.344328303771505,0.53352,1.0
RBBP7,0.91384,2.3614494685775584,-0.7328156762695313,2.538730988559024,0.38908,1.0
NFRKB,0.9138,2.360941551459523,-0.9777899145507812,2.3613044528269276,0.3476,1.0
ZNF555,0.9138,2.360941551459523,-0.2872189892578125,2.437213736848847,0.44634,1.0
EIF3B,0.91374,2.3601800758719573,-0.4913438598632813,2.5337653436818894,0.43908,1.0
NOP58,0.91364,2.3589120151338268,-0.4561347534179688,3.129527849897941,0.4629,1.0
RICTOR,0.91364,2.3589120151338268,0.1193265663909912,2.383229045281231,0.51852,1.0
SELP,0.9135,2.3571389618802274,0.795908623046875,3.4513989083699275,0.60256,1.0
NEDD1,0.91334,2.355115793645677,0.5338783703613281,2.566485969826561,0.5953,1.0
SAE1,0.91332,2.3548631353991425,-0.7526741845703125,2.2737475324698355,0.37288,1.0
MIS18A,0.9133,2.354610529911137,-0.12164182117462158,3.330326769604046,0.49476,1.0
ZNF611,0.91316,2.3528437666713202,-0.7352053637695313,2.235756571741322,0.36386,1.0
UPF1,0.9131,2.3520873713509483,-0.28925606811523435,2.410268168857672,0.45182,1.0
TRAK2,0.913,2.3508277619403852,-0.16238807540893554,2.297779680609356,0.4769,1.0
MAN1A2,0.91294,2.350072624896218,-0.54142408203125,2.326358067436711,0.40752,1.0
LIAS,0.9129,2.3495694617125786,-0.3277262274169922,2.9741601907388118,0.44566,1.0
OGT,0.91272,2.347307810763298,-0.5164680639648438,2.5002413939391746,0.43036,1.0
PAOX,0.9127,2.3470567766772747,0.033945220177173614,2.418470015157232,0.50444,1.0
CHPT1,0.91264,2.346303986349227,-0.8348776879882812,2.239408680497341,0.35386,1.0
FH,0.91262,2.346053160136404,-0.62244236328125,2.2648590292469866,0.40542,1.0
FPGT,0.9125,2.3445492920930775,0.3560731481933594,2.347679172943605,0.5646,1.0
SEC24C,0.9125,2.3445492920930775,-0.3119461785888672,2.4015998556837177,0.44438,1.0
DDX20,0.91248,2.344298828734557,-0.4663757983398438,2.7976730812248904,0.43458,1.0
IMPA2,0.91246,2.344048417116651,-0.23662031982421874,2.3264506865400207,0.45754,1.0
BIRC3,0.91244,2.343798057215476,0.09207409983158112,2.5118303050234014,0.49736,1.0
TIFA,0.91234,2.342547032625943,0.11850509422302247,2.35477900860398,0.5176,1.0
ZNF169,0.91224,2.3412972973821287,-0.19076535034179687,2.298024110312536,0.46708,1.0
ZNF583,0.9122,2.3407977636365294,-0.664422421875,2.651626607503828,0.40346,1.0
JOSD1,0.91216,2.340298435522051,-0.904117099609375,2.190181246218605,0.33488,1.0
XPC,0.9121,2.339549828494982,-0.4433248937988281,3.2480862922613,0.4225,1.0
TERF1,0.91208,2.3393003954300986,-0.5116291381835938,2.2373850398104844,0.4158,1.0
LMNA,0.91208,2.3393003954300986,-0.41526726806640624,2.260673660827711,0.42864,1.0
ARAP2,0.91202,2.3385524037378644,0.6308468359375,2.396902107094467,0.6055,1.0
HACL1,0.91202,2.3385524037378644,-0.4650881787109375,2.4949399842653217,0.4333,1.0
PDHX,0.91192,2.337306774514098,-0.10255331838607788,2.4218088669384614,0.48764,1.0
POLR3G,0.9119,2.3370578019974864,-1.1905521166992188,2.954153040834718,0.32316,1.0
UBE2G2,0.91186,2.336560010104883,0.017622241020202635,2.880418396729054,0.5026,1.0
ARHGEF1,0.91182,2.336062422243777,-0.656401474609375,2.475752962056319,0.3652,1.0
ARSG,0.9118,2.335813704766596,0.2151779556274414,2.2484520521918507,0.54444,1.0
HSD17B7,0.91172,2.334819344002401,0.023209971203804015,2.5878923669089233,0.52144,1.0
UPF3A,0.9117,2.3345708809809422,-0.7473657788085938,2.422709799289233,0.38592,1.0
YEATS4,0.9117,2.3345708809809422,-0.23227234466552735,2.3390914676089687,0.46578,1.0
HTT,0.91168,2.334322468780759,-0.6329124194335938,2.343928987788552,0.39812,1.0
TSEN15,0.91158,2.333081169285632,0.10573041139602661,2.9336512030040787,0.53478,1.0
TRIAP1,0.9114,2.3308500212187466,-0.35193988525390624,3.072483223862657,0.44974,1.0
KDM3B,0.91128,2.3293648615495446,-0.9702962841796875,2.132818421193443,0.32028,1.0
ELP2,0.91118,2.328128612949993,-0.7631702075195312,2.826974687327797,0.38116,1.0
SLC25A37,0.91116,2.327881513986916,-0.7630034619140625,2.1097716188046056,0.36142,1.0
SPOPL,0.91108,2.3268936198956665,-0.506959541015625,2.251545418122179,0.4094,1.0
ZNF263,0.91104,2.3263999735874,-0.07995786935806275,2.3620689175294967,0.48538,1.0
BRF2,0.91104,2.3263999735874,0.011833540337085724,2.4317238184139747,0.49922,1.0
TNKS2,0.91102,2.3261532255378965,0.2627473956298828,2.355742376817436,0.54742,1.0
CD52,0.91098,2.3256598795344434,-0.618461259765625,2.286674147851059,0.37232,1.0
TRPM7,0.91096,2.32541328153506,-0.4591089270019531,2.32465473935585,0.41936,1.0
CHD8,0.91078,2.3231961455307593,-0.6519058813476563,2.156540463042448,0.37784,1.0
SHPRH,0.91078,2.3231961455307593,-0.10562080486297608,2.4247187754688886,0.49268,1.0
BRD1,0.91072,2.322457996828432,0.17693068130493164,2.34943045517429,0.53014,1.0
RANGRF,0.91064,2.321474494256016,-0.9656310815429687,2.9483607556756275,0.37662,1.0
ADK,0.91062,2.321228742694704,-0.6516687573242187,2.39702056652681,0.41076,1.0
FOXP1,0.91062,2.321228742694704,-0.6087546606445312,2.2409042951492957,0.36442,1.0
ODC1,0.9106,2.3209830407212126,-0.5343665979003906,2.3869155197499894,0.42296,1.0
TSNAX,0.9106,2.3209830407212126,-0.4872350341796875,2.612667243821277,0.4339,1.0
TPST2,0.91048,2.319509868969964,-1.218805029296875,1.7747535215571186,0.22492,1.0
SLC35B3,0.91042,2.318773950717165,-0.4845067956542969,2.313663330892117,0.41334,1.0
TRAPPC10,0.91032,2.317548407284849,-0.37580315307617185,2.25418257467796,0.43188,1.0
SNRNP48,0.91026,2.3168136724402184,-0.11248450706481934,2.381111247049712,0.49852,1.0
SUPT6H,0.91022,2.3163240951800534,-0.7854627124023438,2.1403513208453195,0.34618,1.0
CDKN2D,0.91018,2.3158347144888305,0.6860556005859375,2.087034486365683,0.6312,1.0
BHLHE40,0.91012,2.315101011631798,-0.5719413024902343,2.274676694494082,0.39318,1.0
SLC6A4,0.91006,2.3143677500607134,1.3164472314453124,3.251581929798936,0.68758,1.0
NT5C,0.91004,2.3141234274976976,-0.8691944262695313,2.2373443020475148,0.34564,1.0
GIT2,0.9099,2.3124145387483535,-0.712410966796875,2.297224142072077,0.37524,1.0
GRPEL1,0.90982,2.31143910475472,-0.6459885888671875,2.477460983091536,0.4183,1.0
ELP6,0.90978,2.3109516800606533,-0.36239017822265623,2.7328859408616015,0.45502,1.0
PPIH,0.90976,2.3107080407128864,-0.550338017578125,2.9129195882045353,0.43194,1.0
IDI1,0.90964,2.309247225243426,-0.38663188232421875,2.4201121379445794,0.43274,1.0
SUCLA2,0.90946,2.3070592747743013,-0.40810964477539063,2.4506454575205905,0.43756,1.0
PIGX,0.90942,2.306573595543553,-0.6391253820800781,3.665210152874047,0.37956,1.0
LYZ,0.90942,2.306573595543553,-0.1622143118286133,4.192208997970279,0.48832,1.0
C1orf35,0.90938,2.3060881093875363,-0.8129688842773437,2.6225004452591327,0.35376,1.0
ZNF273,0.90938,2.3060881093875363,-0.16989488006591796,2.184348861440724,0.4631,1.0
OSBPL6,0.90932,2.3053602417918175,1.22610134765625,2.578898356910471,0.69244,1.0
B3GNTL1,0.90932,2.3053602417918175,-0.7976153540039063,2.277822583876919,0.35906,1.0
PPP3CA,0.9093,2.305117715610776,-0.45940234985351563,2.254463465240747,0.41662,1.0
UNKL,0.9093,2.305117715610776,0.33270144897460935,2.220021237878468,0.56218,1.0
CUL2,0.90916,2.3034213790526,0.02710993374824524,2.366533790250715,0.52008,1.0
ABCB6,0.90914,2.3031792373886066,-1.0253343823242187,3.3550684358312743,0.36164,1.0
COG5,0.90908,2.302453100121469,-0.2806433306884766,2.294446834002714,0.4529,1.0
SOD2,0.90904,2.3019692481674725,0.3291325213623047,3.104058492865702,0.56542,1.0
E2F6,0.90902,2.3017273939937968,-0.2822903875732422,2.345592190262674,0.47482,1.0
CDIPT,0.909,2.301485587660629,-0.9295728076171875,2.0731099168567857,0.32128,1.0
LPCAT3,0.90896,2.301002118430796,-0.676019853515625,2.216186355508086,0.39202,1.0
METTL21A,0.9089,2.3002772728588123,-0.6980366821289062,2.1811428531554777,0.37696,1.0
LAMA5,0.90886,2.2997942810786123,-0.786768095703125,3.2851686878048865,0.39626,1.0
ZNF775,0.90882,2.2993114799816934,0.5866860583496094,3.9780598649656715,0.60302,1.0
MRPL12,0.9088,2.299070150886602,-0.6382965063476562,2.6016731792642838,0.41076,1.0
TRIM28,0.9088,2.299070150886602,-0.5858618041992187,2.184583209205577,0.39854,1.0
KLHDC3,0.90878,2.298828869398921,-1.0447014013671876,2.1654562654207967,0.29448,1.0
KIF13B,0.90876,2.2985876354975443,-0.7058702197265625,2.1181880630395344,0.36312,1.0
RRM1,0.90876,2.2985876354975443,-0.4373601733398437,2.6526607523498726,0.42484,1.0
CD300A,0.90864,2.2971412302214222,-0.33880947204589845,2.5881068651735055,0.44896,1.0
ASPSCR1,0.90862,2.296900328834338,-0.6760660107421875,2.175586438338326,0.38376,1.0
GOLGA3,0.90856,2.296177909096836,-0.6327430261230469,2.2020568184410343,0.38418,1.0
CES2,0.90846,2.2949748230228404,-0.15856816818237304,2.2630690330918513,0.47032,1.0
FLI1,0.9084,2.2942535385513185,-0.06380154235839844,2.7470359039743073,0.48586,1.0
ZNF12,0.90838,2.2940132047977184,-0.39002263793945313,2.321293967109401,0.43126,1.0
MAD1L1,0.90836,2.2937729182111726,-0.615529619140625,2.1065732149240852,0.38128,1.0
DDX42,0.90832,2.2932924864559867,-0.40136149658203124,2.222236183688107,0.43036,1.0
FUT11,0.9083,2.293052341245749,-0.454344501953125,2.243597626988007,0.42556,1.0
KANSL2,0.90826,2.292572192056094,-0.17379583557128905,2.827756254917594,0.48712,1.0
CLP1,0.9082,2.291852321037406,-0.552997001953125,2.1650255256620774,0.40138,1.0
ZNF264,0.90816,2.2913726419603666,-1.0399211108398438,2.108757483969737,0.30918,1.0
FGD3,0.90804,2.2899347305994495,-0.05085972099304199,2.2741330997078335,0.49124,1.0
GLO1,0.90802,2.289695242678656,-0.5216093872070312,2.713947776560237,0.42008,1.0
ATP11B,0.90802,2.289695242678656,-0.2661361877441406,2.2756654689228855,0.46584,1.0
SNCA,0.908,2.2894558015522533,-0.7313732592773438,2.0625331274206933,0.35038,1.0
BTN2A2,0.90794,2.2887377587337108,0.2432559783935547,2.2949951290268666,0.54808,1.0
MSI2,0.90792,2.288498504579256,-0.4794565356445312,2.541768670315317,0.4782,1.0
NR3C1,0.90792,2.288498504579256,-0.20635198516845704,2.4708378099780317,0.46962,1.0
TMX3,0.9079,2.288259297116451,0.45317772216796876,2.1545062448649115,0.59042,1.0
PUS3,0.9079,2.288259297116451,0.18090857299804688,2.417918893535474,0.53724,1.0
CASP3,0.90786,2.2877810221837636,0.4131111474609375,2.2440596017596675,0.572,1.0
GYG1,0.90776,2.2865861505219307,-0.5047376330566407,2.240927912731159,0.4062,1.0
FUCA1,0.90766,2.2853924420595844,-0.9989634228515625,2.142501711483783,0.31644,1.0
GFM1,0.90756,2.2841998942497588,-0.30166529541015624,2.6749198080003453,0.48144,1.0
GDE1,0.90754,2.2839615237425446,-0.2785664410400391,2.176931599096544,0.45702,1.0
RAPGEF3,0.90752,2.283723199539586,0.0853567380142212,2.8818620229745684,0.5081,1.0
UBAC1,0.9075,2.283484921620626,-1.3051317822265625,1.5146979141916357,0.15286,1.0
GALNT6,0.90746,2.283008504553741,-0.26701576721191406,2.233634331342976,0.45034,1.0
KMT2A,0.9074,2.2822942255777297,-0.25295638671875,2.2795610957099712,0.4558,1.0
NUDT2,0.90738,2.282056224938098,0.13739416015625,2.4887979443972967,0.51734,1.0
SLC39A6,0.90724,2.280391511324905,-0.52777234375,2.215850285101665,0.41234,1.0
BEGAIN,0.90718,2.2796787530620652,-0.8227948706054687,2.8869733907187003,0.3686,1.0
ST3GAL1,0.90718,2.2796787530620652,-0.6090636962890625,2.1905756252895507,0.38166,1.0
SLC35A2,0.90714,2.2792038106283883,-0.09193832825660705,2.191067715617749,0.48034,1.0
TRMT13,0.9071,2.278729051801106,-0.34772266845703126,3.2396835904380574,0.44478,1.0
MRPL17,0.90702,2.2777800843262335,0.691526923828125,2.2769854287032802,0.6222,1.0
NME3,0.90692,2.2765949049243503,-0.85637150390625,2.079863848560128,0.32502,1.0
PANK3,0.90686,2.2758843456304056,0.27136135681152346,2.2461862223064695,0.54876,1.0
ENTPD4,0.90678,2.2749375718654896,-0.74357470703125,2.106239079808698,0.35484,1.0
SRF,0.90674,2.2744644583238984,-0.5259696801757813,2.1705886426709315,0.39704,1.0
NAPG,0.90674,2.2744644583238984,0.232525703125,2.21589028307021,0.55174,1.0
DDB1,0.90672,2.2742279698191266,-0.47579845581054686,2.2745371544444595,0.42396,1.0
SIKE1,0.90672,2.2742279698191266,0.3248018115234375,2.196924980323314,0.57338,1.0
YARS2,0.90666,2.2735187771320544,-0.4114104626464844,2.6824165195491183,0.46604,1.0
SEMA4D,0.90662,2.2730462091662504,-0.5795981481933594,2.1737712428630407,0.38902,1.0
EIF2B4,0.90656,2.272337697562235,-0.8070506909179688,2.2975094707587886,0.38396,1.0
PLK3,0.9064,2.27045032623025,-0.9553433203125,1.970226836882441,0.30902,1.0
ACAT2,0.90636,2.2699789354906477,-0.5788407958984375,2.2368138248209024,0.3818,1.0
RPP14,0.90636,2.2699789354906477,-0.3603863354492188,2.2846725758990574,0.45062,1.0
GOLGB1,0.90634,2.2697433078273708,0.29724810913085936,2.2747045281803917,0.574,1.0
CRY2,0.90626,2.268801248096203,-0.6316966333007813,2.162100028085012,0.38584,1.0
KRAS,0.9062,2.268095176220859,-0.28792571350097657,2.2164317277591596,0.4472,1.0
ID2,0.90618,2.267859908905993,-0.8481160986328125,2.141878793684089,0.3452,1.0
CSTF3,0.90618,2.267859908905993,0.29386698608398437,2.1977693296888927,0.55472,1.0
PPWD1,0.90616,2.267624686547238,-0.4960156579589844,2.4741460234158605,0.4227,1.0
ELOVL5,0.90612,2.2671543766205122,-0.01478038833618164,2.2365269220228785,0.50196,1.0
ITGA4,0.9061,2.266919289013798,0.09787415771484376,2.5619724046867893,0.49966,1.0
PHKG2,0.90606,2.2664492484169037,-1.384933408203125,1.8569718403304818,0.20282,1.0
CFP,0.90604,2.2662142953880546,-0.6523405285644531,3.252412812116145,0.3706,1.0
MTMR6,0.90602,2.2659793871798475,-0.15343062370300292,2.1576282191312193,0.47502,1.0
ECE1,0.906,2.265744523772976,0.587267919921875,2.155138663697045,0.62246,1.0
CEP135,0.90594,2.265040202167531,-0.07943491211891174,2.2555714433692655,0.48832,1.0
U2AF1L4,0.9059,2.2645708780839087,-0.5826899108886718,2.190526055846472,0.39296,1.0
LNPEP,0.9059,2.2645708780839087,0.392304931640625,2.224359801855456,0.5791,1.0
PDS5B,0.90586,2.264101732743392,-0.6543604418945312,2.177901080216591,0.37794,1.0
HMGB2,0.90584,2.2638672270537623,-0.76464125,2.142735649464473,0.34186,1.0
CXXC1,0.90584,2.2638672270537623,-0.4593811633300781,2.39142655710509,0.43678,1.0
PCM1,0.90582,2.263632765992291,-0.6638320239257812,2.2169866040651556,0.37182,1.0
CSTF2T,0.90578,2.2631639776771095,-0.4814716870117188,2.365611892086504,0.4053,1.0
HERC1,0.90568,2.261992786540739,-0.5690790063476563,2.301404463040583,0.39272,1.0
CRHR1,0.90564,2.2615246215453033,-0.018911744804382326,3.4025926526651635,0.5093,1.0
MED11,0.90562,2.261290605712465,-0.4852933081054687,2.3944058694398596,0.40944,1.0
UTP3,0.9056,2.261056634297463,-0.7200844116210937,2.2761418757577045,0.37662,1.0
PCF11,0.90558,2.260822707281252,0.10127901905059815,2.240689138235467,0.53068,1.0
STX17,0.90552,2.260121192435058,1.1460326904296876,1.9409489690848372,0.72662,1.0
DFFA,0.90548,2.2596537375162176,-0.6706680932617187,2.2824257398433447,0.3962,1.0
EED,0.90548,2.2596537375162176,0.05217961061477661,2.3299355256875867,0.51038,1.0
BTN3A1,0.90546,2.2594200764934245,0.7684421875,2.2366331340533288,0.64302,1.0
CD55,0.90544,2.259186459736426,-0.6172865454101563,2.083904429770736,0.38622,1.0
PEX11B,0.90532,2.257785687715742,-0.6057194653320312,2.235343715622751,0.39636,1.0
SLC25A26,0.90528,2.2573191169775066,-0.6290275146484375,3.3146753722371076,0.40238,1.0
CHL1,0.90518,2.2561534614765844,0.3743981036376953,3.5404571845479924,0.54172,1.0
SCO1,0.90518,2.2561534614765844,-0.24408848327636717,2.1142311813311934,0.45276,1.0
BAZ1B,0.90512,2.2554545963454307,-0.980719970703125,2.28051056063967,0.33606,1.0
CFD,0.9051,2.255221729217243,0.12526080110549928,3.291323276646326,0.52776,1.0
GSTT1,0.90508,2.254988906015564,-0.03105914877653122,2.1793388738178208,0.49644,1.0
UTRN,0.90504,2.2545233913167984,1.1455978466796874,1.751154537528845,0.75914,1.0
ECI2,0.90488,2.2526630858405996,-0.6445098095703125,2.379698989609587,0.36588,1.0
DPM2,0.90488,2.2526630858405996,-0.07978394916534425,2.064938797228463,0.49196,1.0
NT5C3B,0.90484,2.2521984470548775,-0.57458654296875,2.3513694422310527,0.41972,1.0
JUN,0.90482,2.251966193197098,-0.7656777783203125,2.0663963340360727,0.35062,1.0
ELL2,0.90474,2.2510376142330446,-0.4022217443847656,2.212522168935619,0.42268,1.0
DDRGK1,0.90472,2.2508055785160264,-0.8604923095703125,2.2395150573732696,0.32694,1.0
SEC11C,0.9045,2.248256057348665,0.14896486083984375,2.4913641464223404,0.53056,1.0
ING2,0.90448,2.248024543282688,-0.94601271484375,1.8694545186391156,0.29254,1.0
P2RY10,0.90444,2.2475616451857703,-0.2685428692626953,3.8234368487975785,0.44296,1.0
BTN3A3,0.9044,2.247098920346459,0.7882094873046875,2.1287915584752257,0.64956,1.0
SPIDR,0.90438,2.2468676228525353,-0.460619384765625,2.162642331198258,0.40844,1.0
CXCL16,0.90438,2.2468676228525353,-0.4357447644042969,2.9856296996478386,0.42206,1.0
ZNF3,0.90436,2.246636368617992,-0.1094421263885498,2.316475358175444,0.46166,1.0
PIM1,0.90436,2.246636368617992,0.0006766964387893676,2.63739159861134,0.50312,1.0
STX18,0.90426,2.2454807456952763,0.21267598876953125,2.230236315159708,0.52438,1.0
NR6A1,0.90408,2.2434033413326366,-0.898850810546875,2.6212394740914986,0.359,1.0
ATRX,0.90408,2.2434033413326366,-0.8261389965820313,2.231972647096943,0.33186,1.0
CXCR4,0.90404,2.242942169229388,-0.8209222900390625,2.925264469875676,0.35772,1.0
TYROBP,0.90384,2.240638882790054,-0.02479245628833771,3.852222763149048,0.50794,1.0
GLG1,0.9038,2.2401787393055193,-1.1095075732421875,1.976693591402884,0.27374,1.0
RGS10,0.9038,2.2401787393055193,-0.7451362817382813,1.7738888268645103,0.33224,1.0
RIOK1,0.90376,2.23971876675225,-0.11231342987060547,2.815535023901221,0.50918,1.0
LONRF1,0.90376,2.23971876675225,-0.017195296850204468,2.1798081206519035,0.4968,1.0
INSIG2,0.90362,2.2381102068241874,-0.087266629447937,2.175631805737082,0.4851,1.0
SRSF1,0.90358,2.2376510016839464,-0.6200998413085937,2.181106199435348,0.39252,1.0
PRNP,0.90344,2.236045122626139,-0.6632168505859375,2.3026828168882965,0.40284,1.0
TTF1,0.90344,2.236045122626139,-0.38701960815429687,2.1176066795952915,0.42782,1.0
IQGAP2,0.90334,2.2348993388352674,0.5652552087402344,2.080539796751563,0.61248,1.0
TIMM22,0.9033,2.2344413216965493,-0.4880591296386719,2.7289385286238295,0.44356,1.0
DGKD,0.9033,2.2344413216965493,-0.44209783203125,2.206465555838289,0.42536,1.0
MRPL4,0.90324,2.233754613092615,-0.5879347412109375,2.701068995164642,0.41044,1.0
ZNF33A,0.90318,2.233068284588919,-0.7406668823242187,2.0151769587053323,0.34758,1.0
DCLRE1C,0.9031,2.2321537703600325,0.4487982446289063,2.136983691040777,0.58714,1.0
PDHA1,0.9031,2.2321537703600325,-0.3705749810791016,2.4712515458628395,0.45898,1.0
KHDRBS2,0.90306,2.231696765975096,-1.10481955078125,3.3136061435049906,0.34678,1.0
TRNT1,0.90304,2.2314683269033897,-0.45525416381835937,2.3262724285756056,0.42116,1.0
TRAF3,0.90302,2.231239929888749,-0.8994522534179688,1.941932646008568,0.30904,1.0
PEX19,0.90282,2.2289582690210845,-0.5193613671875,2.315282840097108,0.4093,1.0
TBC1D1,0.90276,2.228274587912208,0.86644837890625,1.880511558157143,0.68902,1.0
TIMM10B,0.90272,2.227819009595774,-0.874386669921875,2.2284633820668747,0.35096,1.0
EIF2B5,0.90272,2.227819009595774,-0.3453205987548828,2.234420067835124,0.44092,1.0
SNX5,0.9026,2.2264532767444107,-0.39537254638671876,2.4062761489555666,0.4399,1.0
EZR,0.9025,2.2253163122032342,-0.37253446044921873,2.2430923891812413,0.41874,1.0
OAT,0.90244,2.224634632654831,-0.5258384436035156,2.5821377872457507,0.4118,1.0
RHOT2,0.9024,2.2241803873247474,-0.5388155334472656,2.178528282388351,0.39264,1.0
CEP57,0.90236,2.223726307995464,-0.520817294921875,2.457504202214924,0.37778,1.0
APPL1,0.9022,2.221911647933524,0.46366039428710937,2.2075501117303706,0.56214,1.0
HCRT,0.90204,2.2200996328934104,-0.85626130859375,2.8038228348763528,0.37454,1.0
COPRS,0.90204,2.2200996328934104,-0.7967936767578125,2.0729301453401696,0.34104,1.0
CDK13,0.90198,2.2194208073863964,-0.6033467456054687,2.0753545558993745,0.38956,1.0
LGALS3,0.90196,2.219194614521399,-0.46009754150390625,2.5730418560386967,0.41372,1.0
SRPK1,0.90186,2.2180642667114325,-0.2152540444946289,2.11590554201622,0.47466,1.0
DCPS,0.90182,2.2176124149776406,-0.09855590248107911,3.0713957369815827,0.49964,1.0
KAT6A,0.9018,2.217386550626564,-0.8694216186523438,1.9641504639700311,0.3238,1.0
UTP18,0.90176,2.2169349448714284,-0.796523447265625,2.3417466995786147,0.38558,1.0
DDX6,0.9016,2.215130158667358,-0.6728219775390625,2.18282810047606,0.32874,1.0
UVRAG,0.90152,2.2142287457678957,0.14806960983276368,2.1639490584028827,0.5268,1.0
THUMPD1,0.90146,2.2135531140495344,-0.07096856567382813,2.3639073614394133,0.49054,1.0
MMGT1,0.90132,2.211978063824765,-0.29938727783203123,2.1228546321221162,0.44824,1.0
MED17,0.9013,2.211753219122928,-0.100809444770813,2.3179747766574166,0.48052,1.0
KPNA6,0.90114,2.2099559205667316,-0.38042138427734373,2.1148411629725907,0.42696,1.0
WDR83,0.9011,2.209507000612325,-0.35231885620117187,2.2340198663863418,0.43408,1.0
ARL1,0.90106,2.209058242266387,-0.7457310034179687,2.5149700810988747,0.3967,1.0
NUS1,0.90106,2.209058242266387,-0.17983617919921874,2.137988395276861,0.47234,1.0
STX10,0.90102,2.2086096453965047,-0.6410165087890625,2.2232805337054593,0.39772,1.0
GALNT7,0.901,2.2083854074737483,-0.7234167553710937,2.0410703511925083,0.35678,1.0
AMFR,0.90094,2.2077129355560494,-0.3360251947021484,2.0846961939019155,0.43196,1.0
UBA5,0.90086,2.206816870034855,-0.31678091796875,3.0647086688641183,0.46708,1.0
GEMIN7,0.90078,2.205921447779366,-0.5851691809082031,2.2972581777379686,0.42338,1.0
NBR1,0.90078,2.205921447779366,-0.5771693493652343,2.0494722870618576,0.38448,1.0
HSCB,0.90078,2.205921447779366,0.03645117755889893,2.197703773956085,0.51162,1.0
FBXO9,0.90074,2.20547397754772,-0.7636321533203125,1.828892597087376,0.32832,1.0
EPB41,0.90074,2.20547397754772,-0.5047412451171875,2.51320654052175,0.41524,1.0
TNFAIP1,0.90074,2.20547397754772,-0.08959902451515198,2.0922302257496206,0.48286,1.0
DDR2,0.90072,2.205250302598523,0.34742224060058596,3.195373989875609,0.54294,1.0
CUTC,0.90066,2.2045795182209353,-0.5053458642578125,2.7575414723155163,0.38428,1.0
CALU,0.90064,2.204356003530548,-1.052598623046875,1.9607168914974882,0.28816,1.0
TSC22D1,0.9006,2.2039090942049424,0.00796957549571991,2.1108554252935985,0.50004,1.0
UAP1,0.90048,2.2025693254950998,-0.704682080078125,2.2578657697005635,0.40286,1.0
PLIN2,0.90038,2.201453948790675,-1.0679252783203126,1.72404033380334,0.24858,1.0
PDCD7,0.90022,2.1996714154641888,-0.09034682647943497,2.703371843817475,0.50112,1.0
ARID5B,0.90018,2.1992261792855134,-0.06311049716949463,2.1586398474336264,0.47184,1.0
ZNF160,0.90014,2.198781101709893,-0.6035059558105469,2.065744147181276,0.39012,1.0
BAG3,0.90008,2.198113782445494,-0.10971016189575196,2.087519477057773,0.47898,1.0
MRPL49,0.9,2.1972245773362196,-0.002979747734069824,2.6114663490455303,0.50112,1.0
CBX1,0.89994,2.1965580883752636,-0.4566876257324219,2.744379751619049,0.45404,1.0
MZT1,0.89992,2.1963360043259152,-0.0597179070186615,2.062413869437203,0.50636,1.0
KLC1,0.8999,2.1961139597187285,-0.46205694702148437,2.0819129665683516,0.40526,1.0
NAA30,0.8999,2.1961139597187285,-0.14089939071655275,2.1337917574213874,0.485,1.0
DIDO1,0.89986,2.1956699887669364,-0.5086835070800781,2.03626870286063,0.40054,1.0
POU2F1,0.89982,2.1952261753921722,0.2863431433105469,2.0481855434248772,0.55582,1.0
ZNF738,0.89978,2.1947825194668753,-0.7975431372070313,1.984032367800855,0.33754,1.0
ZNF136,0.89972,2.194117330518005,0.3124361669921875,2.389559494772045,0.54596,1.0
NIP7,0.89964,2.1932309618047494,-0.1528167317199707,2.315175090322582,0.49654,1.0
SRRT,0.8996,2.192788012827531,-0.763283154296875,1.9630628318613144,0.35692,1.0
MRPL46,0.89956,2.1923452206009006,-0.4327552795410156,2.4968135194366994,0.41702,1.0
INSIG1,0.89954,2.192123883229493,-1.350859052734375,1.6493127994017953,0.17396,1.0
WDR33,0.89944,2.1910177831595123,-0.5220803466796875,2.159331607353782,0.40544,1.0
CWC27,0.89942,2.190796680392469,-0.5123890393066406,2.1914988520398926,0.41828,1.0
GABPB1,0.89942,2.190796680392469,-0.28777500732421873,2.1192610413929183,0.45464,1.0
MOCOS,0.8994,2.190575616670968,0.87361265625,2.5886098935038606,0.64962,1.0
FCER1G,0.8994,2.190575616670968,-0.21689298248291017,3.6063981301587003,0.46352,1.0
OSBPL2,0.8994,2.190575616670968,0.013005798432826995,2.1128832560968966,0.50534,1.0
ALDH9A1,0.89938,2.190354591979267,-0.795280732421875,2.23648285234339,0.34322,1.0
INTS3,0.89938,2.190354591979267,-0.68140685546875,1.943866935302913,0.35414,1.0
ISCA1,0.89936,2.190133606301635,-0.4289813244628906,2.9857171072216158,0.41296,1.0
DENND4C,0.89934,2.1899126596223457,0.40417166137695315,2.03009158905126,0.5822,1.0
MRPL39,0.8989,2.185061667552928,-0.5875627282714844,2.032144882519279,0.37322,1.0
PGRMC1,0.8988,2.1839617834578093,-0.4536345178222656,2.023868151956986,0.41736,1.0
SRPK2,0.89878,2.1837419223862544,-0.2553259027099609,2.3162696538155036,0.47112,1.0
COMMD3,0.89876,2.1835220998611065,-0.817046298828125,2.1053822985184927,0.2984,1.0
CTCF,0.89874,2.183302315866919,-0.1145389705657959,2.367317934525901,0.48034,1.0
SLC38A1,0.8986,2.181764905478976,-0.2569294512939453,3.355885011466095,0.44962,1.0
ZNF124,0.89856,2.1813259912684213,0.19704891815185546,2.057172740155663,0.53352,1.0
PCK2,0.89854,2.181106591736326,0.23981777282714845,2.155120903269983,0.54674,1.0
SMC6,0.89854,2.181106591736326,0.16281899597167968,2.1808351982785803,0.53216,1.0
PHB2,0.8985,2.180667907741771,-0.9165069458007813,2.0460529930405453,0.32526,1.0
BBS7,0.8985,2.180667907741771,0.36808835815429686,2.041770563704459,0.57602,1.0
WDR46,0.8982,2.1773826565372154,-0.5833057934570313,2.627324394210432,0.4185,1.0
ATF1,0.89816,2.1769452719013724,-0.11974071067810059,2.1212539716418455,0.49722,1.0
OFD1,0.89808,2.176070959370036,-0.17623298873901366,3.1351502001387614,0.4922,1.0
EIF2B1,0.89798,2.1749789238444786,-0.7622004125976563,2.2145157536634192,0.35614,1.0
ZNF211,0.89798,2.1749789238444786,-0.6019770166015626,2.3763318345487296,0.3875,1.0
ERAP1,0.89796,2.1747606306066567,-0.01212527349472046,2.1059153780019697,0.50352,1.0
OPA1,0.89776,2.1725797813734373,-0.20732094665527342,2.047145704351204,0.47978,1.0
ZNF649,0.89764,2.171273085763788,-0.14807273933410645,2.120520999098121,0.46878,1.0
CPSF7,0.8975,2.1697503217839706,-0.459390439453125,1.9188112302726172,0.4005,1.0
ATG10,0.89748,2.169532934495707,0.692798671875,1.9103811511911337,0.64898,1.0
CTR9,0.89734,2.168012274357259,-0.2988933935546875,2.2831039780188753,0.4365,1.0
SIAH2,0.89728,2.1673611250244647,-0.06976312258720398,2.07858861165275,0.4992,1.0
CSAD,0.89724,2.166927212558142,-0.17243092498779297,2.1161896167585277,0.46368,1.0
CSRP1,0.89712,2.1656263718860536,-0.7694897412109375,1.9578868204886102,0.33706,1.0
COX19,0.89708,2.165193056844545,-0.5063896862792969,2.037096298983698,0.41258,1.0
DDHD1,0.897,2.1643268738291606,0.225160517578125,2.061801846117147,0.54538,1.0
PDCD4,0.89696,2.1638940056203797,-0.08454829055786132,3.2613605865690847,0.49412,1.0
ADHFE1,0.89688,2.1630287152144065,0.7058900927734375,3.338977025282116,0.5806,1.0
MRPL10,0.8968,2.1621640187104885,-0.36561007568359377,2.843116467050706,0.42106,1.0
SNRPA,0.89678,2.1619479372721835,-0.5049354431152344,2.0116609986965117,0.37636,1.0
KIF4A,0.8967,2.1610839818324097,-0.9665221166992187,2.855064551228441,0.3412,1.0
GPR183,0.89664,2.1604364036742956,-0.5616320886230469,2.3236468093678013,0.4205,1.0
TNFAIP8L1,0.89648,2.1587111530643845,-0.8505879077148437,2.019611318847771,0.34176,1.0
IP6K2,0.89636,2.1574187623010412,-0.6659518994140625,1.8192048323274863,0.34772,1.0
MALT1,0.89624,2.15612769424228,-0.294667685546875,1.9898623877750814,0.43916,1.0
DDOST,0.89624,2.15612769424228,-0.26333709716796877,2.2655925598999254,0.4432,1.0
PTK2B,0.89614,2.155052812352998,0.28712129150390625,2.061976518960965,0.56378,1.0
UBE2G1,0.89596,2.1531203285408145,-0.5936455065917968,2.1167629769968626,0.38108,1.0
UBXN7,0.89594,2.15290579058485,-0.8933803002929688,1.8114112485336038,0.29252,1.0
VPS72,0.89592,2.1526912890701886,-0.5338111169433594,2.0416010462508787,0.38952,1.0
COA4,0.8958,2.1514050444539334,-0.343243720703125,2.3733379665919103,0.47128,1.0
APEH,0.89576,2.150976587135352,-0.78890123046875,2.272975680097544,0.3792,1.0
RNF139,0.89574,2.150762412953594,-0.4390898596191406,1.866348249534105,0.40138,1.0
RNF138,0.89566,2.149906079080179,0.7782319360351563,1.9239173282046769,0.6585,1.0
ZNF701,0.89558,2.149050325094899,-0.45030153442382814,2.1507489095302468,0.42002,1.0
GP1BA,0.8955,2.1481951500959005,0.41720710388183596,2.9251115880907914,0.56588,1.0
INPP5K,0.89544,2.1475541482650455,-0.3402585565185547,2.0420145975651187,0.431,1.0
SNRNP200,0.89524,2.145419819112418,-0.7566428247070313,2.0013263168320066,0.35672,1.0
MIS18BP1,0.89518,2.144780221997894,-0.4554706787109375,2.0120590515315953,0.41596,1.0
COQ7,0.89516,2.144567094791748,-0.1907698403930664,2.0215256370374157,0.4526,1.0
ZNF791,0.89484,2.141161931482023,-0.3201638409423828,2.2107283685791255,0.44538,1.0
GLRX5,0.89474,2.140099693351816,-0.7354434765625,2.5491548772277772,0.39974,1.0
ASB8,0.89468,2.139462777813961,-0.5346641052246094,2.248441551780225,0.39788,1.0
MRPS30,0.89464,2.139038345284907,-0.32693375366210936,2.3960575497374648,0.44132,1.0
FANCL,0.89464,2.139038345284907,-0.06631187475204468,2.0114139346531505,0.48638,1.0
MRPS23,0.89456,2.138189906524138,-0.4241682604980469,2.8266240660909987,0.4408,1.0
EIF2AK1,0.89452,2.1377659000734304,-0.8493894799804688,1.8319230635886115,0.32226,1.0
ATG4A,0.89448,2.1373420354300543,-0.3804188073730469,2.090530637757581,0.42742,1.0
ZNF131,0.89446,2.137130156251989,-0.35689187866210936,2.364101652730912,0.42688,1.0
OXA1L,0.8944,2.1364947311286735,-0.5876126416015625,2.094198337407129,0.37956,1.0
GSPT1,0.89426,2.135013309824513,-0.3141299005126953,2.3022765150384594,0.45066,1.0
HSPD1,0.89388,2.1310010087066464,-0.030591504974365233,2.037174329239898,0.48888,1.0
CDC40,0.89382,2.1303686454640305,-0.30261483276367185,1.9939491439785182,0.44986,1.0
YAF2,0.89358,2.1278423369576083,-0.3976111578369141,2.1017265168281503,0.42472,1.0
CEP63,0.89356,2.127632037886235,0.006321187953948974,1.9780691771361223,0.50048,1.0
ISG20L2,0.89336,2.125530959267084,-0.40922993408203123,2.0224626685842293,0.43942,1.0
FNTA,0.89334,2.1253210423230584,-0.12927442459106445,2.1588787821003055,0.47768,1.0
TIA1,0.89312,2.123014240559622,0.8330095776367188,1.8540668097379192,0.67636,1.0
DUSP1,0.89312,2.123014240559622,-0.49853052734375,1.9501846263823939,0.40286,1.0
ERCC1,0.89304,2.1221764399127885,-0.5815720654296875,2.0206131439822226,0.40732,1.0
AP3B1,0.89298,2.121548451325964,0.15873224304199218,1.9929602160291882,0.53732,1.0
SMUG1,0.8928,2.1196663429903455,-0.36553176879882815,1.933384041057945,0.42658,1.0
ELP5,0.89274,2.1190395915128817,-0.7267562353515625,2.151826609462325,0.3724,1.0
STT3A,0.89236,2.1150773127457443,-0.6616636987304687,1.8613867628819958,0.35028,1.0
FBXL5,0.8923,2.1144528147437627,-0.3975325103759766,1.9055935019306778,0.41756,1.0
WBP11,0.89228,2.1142447167251825,-0.676015380859375,1.9108548867459636,0.34876,1.0
SF3B3,0.89216,2.1129968415280524,-0.16069083541870116,2.327388452772751,0.48388,1.0
USP14,0.89214,2.1127889810281064,-0.27888403625488284,2.0659517382908983,0.4355,1.0
FTH1,0.89212,2.112581154408228,-0.8884385131835938,1.6565114789148008,0.28078,1.0
MAP2K1,0.8921,2.112373361655649,-0.5848645959472656,1.878363474385999,0.36658,1.0
TAGAP,0.89202,2.1115425290631737,0.6428705712890626,2.163065692550558,0.62422,1.0
SDCCAG8,0.89194,2.110712237327735,-0.7851898999023438,1.8379519227417505,0.32174,1.0
CCR9,0.89186,2.1098824856354588,-1.161435009765625,2.707728779599606,0.31412,1.0
AMPH,0.8918,2.1092605257809955,-0.8112100317382812,3.2816474764068087,0.38834,1.0
MRPS28,0.89174,2.1086388689020503,-0.3098480065917969,2.3219125909470817,0.46296,1.0
GRIP1,0.89162,2.107396462705831,0.42705592163085937,2.7787275319525784,0.56612,1.0
GTF3C5,0.8916,2.1071895125061673,-0.4514272839355469,1.9926579711859922,0.40478,1.0
CRNKL1,0.89156,2.1067757127075275,-0.1457341665649414,2.2189191066630554,0.47086,1.0
VPS37A,0.89156,2.1067757127075275,-0.04139011691093445,1.9319973657106069,0.49348,1.0
EXOC5,0.89148,2.1059485151609847,-0.10051246963500976,1.939962101778923,0.48804,1.0
UHMK1,0.89144,2.105535117212185,-0.15327938598632812,2.4665297888659086,0.49578,1.0
IRAK4,0.89142,2.1053284684000113,0.058913428978919984,2.027045053592099,0.51358,1.0
POP7,0.8914,2.10512185301262,-0.7916282788085938,2.195489312325226,0.38796,1.0
EMB,0.89134,2.1045022072739945,-0.3928258795166016,3.478018773122783,0.42336,1.0
RARA,0.89132,2.1042957254606205,-0.14225120727539062,1.8985181038149384,0.47072,1.0
PHF1,0.89124,2.1034701317049356,-0.2151683364868164,1.9423650308696796,0.44014,1.0
SRSF2,0.89104,2.101408477440157,-0.38574078247070315,2.047991373975856,0.42722,1.0
PER1,0.89104,2.101408477440157,-0.21245022827148438,1.9192243683055974,0.45502,1.0
RAB3GAP2,0.8909,2.0999672948875734,-0.28483781677246095,1.9797931715511783,0.45116,1.0
GBP3,0.89088,2.0997615441707933,1.0785536474609374,1.320709200114642,0.8216,1.0
GNPDA1,0.8908,2.0989388720724085,-0.5747833435058594,1.8153936240859654,0.3686,1.0
NPLOC4,0.89072,2.0981167286127174,-0.3896219104003906,1.9813283184792532,0.41396,1.0
GATA2,0.89058,2.096679247229049,-0.5436211889648438,2.8289598365503,0.41148,1.0
RNF19A,0.8904,2.0948334254474195,0.395417509765625,2.013081666427154,0.55866,1.0
CLINT1,0.89036,2.0944236038878246,-0.6040957873535157,2.1483085094037904,0.41224,1.0
BDP1,0.89034,2.0942187422701877,-0.41285859619140625,2.061853008431733,0.41598,1.0
ADAM8,0.8903,2.093809117298441,-0.8343495532226562,1.665935276210192,0.2863,1.0
HSPH1,0.89026,2.093399623263746,0.07321993244171142,2.065786177923427,0.51902,1.0
SLC25A1,0.89022,2.0929902600690142,-0.10668165245056152,1.9252714073156783,0.4822,1.0
ZKSCAN1,0.89006,2.09135411375167,-0.8157192065429687,1.7768986594622622,0.33098,1.0
DOK2,0.88978,2.0884958727031266,-0.59253564453125,1.8101428601142053,0.35964,1.0
GABARAPL1,0.88976,2.0882919561739053,-0.5644948168945313,1.7204269989541723,0.37056,1.0
AGGF1,0.88974,2.088088072053495,-0.5813988598632812,1.9121845211938693,0.37754,1.0
XBP1,0.8897,2.0876804009912653,0.29443099548339846,1.9342297926698833,0.5864,1.0
DCP1A,0.88956,2.086254571394675,0.46196001342773435,1.904489537163626,0.59378,1.0
CITED2,0.88954,2.0860510107055243,0.14012172132492065,1.9591035509960777,0.50912,1.0
DEDD2,0.88948,2.085440522256016,-0.9259913720703125,1.7057351496426225,0.26308,1.0
TXN,0.88928,2.083407654684779,0.7481313159179688,1.9444490435521764,0.6576,1.0
CLEC2B,0.88928,2.083407654684779,0.7128998901367187,1.8089538495622766,0.6694,1.0
INTS10,0.88918,2.0823924262701308,-0.4104856591796875,2.7506729219607005,0.42642,1.0
RALBP1,0.88918,2.0823924262701308,-0.31909930725097657,2.0717998660214074,0.43388,1.0
STRAP,0.88916,2.0821894768279305,-0.6018571630859375,2.0653201803666295,0.39542,1.0
PPM1A,0.88892,2.0797565802746694,-0.5392131372070312,1.7832537970722862,0.37504,1.0
TMOD4,0.88852,2.075711954575674,0.15791956321716308,2.7630718910000422,0.53382,1.0
ORC1,0.88848,2.075308190481084,-0.6583049499511718,2.8807775478800486,0.39756,1.0
MAFB,0.88838,2.074299334024767,-0.08797503622055054,3.967161202949723,0.49462,1.0
ZNF430,0.88834,2.0738960127118924,-0.5282879052734375,2.2334644811056554,0.41652,1.0
CPNE3,0.88828,2.073291267529082,-0.30072476806640625,2.3331425554783203,0.4358,1.0
ITGB5,0.88814,2.071881298829724,0.7734160473632813,2.8704187175000633,0.61808,1.0
USP48,0.88802,2.070673981340317,-0.4243994396972656,2.075928963825658,0.40696,1.0
CPNE1,0.88794,2.0698697310046725,0.019661737747192383,2.300454272829882,0.51348,1.0
CERS2,0.8879,2.069467793960167,-0.35158840454101564,2.085985862745372,0.45316,1.0
RAD23B,0.88788,2.0692668724288725,-0.647650615234375,1.9339888065922295,0.37046,1.0
CCDC59,0.8875,2.0654552997050954,-0.3808774157714844,2.07851096077868,0.41722,1.0
UPF3B,0.88736,2.0640538700176814,-0.42567811645507814,1.9438168915739291,0.40954,1.0
TFIP11,0.88724,2.062853854436677,-0.16719093872070312,1.9329788485837578,0.46504,1.0
FTL,0.8869,2.059459853260332,-0.6141105603027344,2.618692618889178,0.33296,1.0
BAG5,0.88688,2.0592604835232318,-0.2889092919921875,2.138605350872812,0.4558,1.0
ESCO1,0.88678,2.058264095879771,-0.21040147827148437,2.228277661138457,0.45662,1.0
CTF1,0.88676,2.058064910482053,-0.19952157066345214,3.325618000936441,0.47852,1.0
EIF5B,0.8867,2.057467538352001,-0.669303505859375,2.367573249232608,0.3707,1.0
PGS1,0.88662,2.0566714712474394,-0.08196125854492188,1.9249051261493013,0.49738,1.0
SLCO3A1,0.88656,2.0560747423352224,-0.5849893225097657,1.7990062747344546,0.34972,1.0
ETHE1,0.8864,2.054484809705968,-0.4786171630859375,1.8422205509832947,0.39084,1.0
NUDT5,0.88638,2.0542862054325903,-0.5988825378417969,2.2929035433251808,0.40762,1.0
SLC2A14,0.88634,2.0538890883023186,0.4029881488037109,2.798338737992375,0.56304,1.0
STAMBP,0.88632,2.0536905754235724,-0.11662470458984375,2.122786332404879,0.48458,1.0
SRP68,0.8863,2.0534920929878617,-0.28366245178222654,2.2572454495909158,0.43766,1.0
ATF7IP,0.88628,2.053293640984276,-0.3072788946533203,1.8650044307196052,0.4266,1.0
CDC37L1,0.88618,2.05230183706673,-0.36119110107421876,2.0962534548805265,0.4549,1.0
CTSA,0.88592,2.0497266964086718,-0.8763764868164062,1.645843238660948,0.26956,1.0
GOPC,0.88584,2.0489353742212715,0.010538362565040588,1.9290479272960206,0.51876,1.0
LSM2,0.8856,2.04656430244873,-0.12840164627075196,2.4429185465437566,0.49022,1.0
USP33,0.88552,2.045774907829173,0.027154602031707765,1.9820831303937847,0.51078,1.0
PIGH,0.88532,2.0438035205586753,-0.27162708190917967,2.220327554895843,0.43734,1.0
MED6,0.88528,2.043409602298489,0.206534951171875,1.840186862507292,0.5471,1.0
DHX15,0.88528,2.043409602298489,-0.12339269165039063,2.062186660737916,0.473,1.0
RPS4X,0.88524,2.0430158035710475,-0.5993107995605469,2.2540519034615967,0.36218,1.0
NDEL1,0.88496,2.040262552273631,-0.3196522662353516,1.897044668322936,0.4382,1.0
ICAM2,0.88478,2.0384956822300593,0.5435333825683594,2.1074059553088715,0.61772,1.0
ATP6V1H,0.88476,2.0382995115732316,0.4749221240234375,1.8386909170964725,0.61142,1.0
RNF146,0.88476,2.0382995115732316,-0.15170463562011718,1.9092673328932337,0.47156,1.0
RPEL1,0.88472,2.0379072590758374,0.5450248156738281,2.565968978369762,0.59584,1.0
CNTRL,0.88458,2.036535306806963,0.628154423828125,1.860402866710805,0.63168,1.0
ZNF720,0.88454,2.0361435862345045,0.11179789291381836,1.9970828727599865,0.54122,1.0
TCP1,0.8843,2.033795737382058,-0.30060777282714846,1.8692654431605016,0.43464,1.0
RUFY1,0.88428,2.0336002744589736,-0.31680853515625,1.9429039302369728,0.44116,1.0
DDX52,0.8842,2.032818716253248,0.020791643104553222,2.0336376742180224,0.49448,1.0
ING5,0.88418,2.0326234000217815,-0.13020869567871093,1.9133797844327454,0.48066,1.0
REL,0.88412,2.032037627130092,-0.35818214721679686,2.0475145715009977,0.42154,1.0
DCUN1D1,0.88376,2.028528513301992,-0.7300887329101563,1.6454773429671607,0.33436,1.0
GPR132,0.88372,2.0281391946921516,0.09355910940170288,2.0036917230883997,0.51644,1.0
ABHD5,0.8835,2.0260000187539955,-0.7087485888671875,1.6817747810992025,0.3305,1.0
LCMT1,0.88334,2.0244464561279982,-0.36912662109375,2.042090259377303,0.42628,1.0
HDAC8,0.8833,2.024058354458576,-0.3178539245605469,1.800330922766585,0.42646,1.0
RPS3,0.88318,2.0228947417267307,-0.6232496923828125,2.3243752933935777,0.34814,1.0
HSPE1,0.88314,2.0225071013062594,-0.003954333906173706,1.943981534632816,0.50668,1.0
RHOH,0.883,2.021151265806204,0.04873214576721192,3.38432666491341,0.50406,1.0
IMMT,0.88294,2.020570624262292,-0.46875896850585935,2.0089916892735826,0.4145,1.0
NCOA3,0.88292,2.020377134449326,0.3519107580566406,1.831334298402295,0.58346,1.0
PLEKHA2,0.8828,2.0192167972396695,-0.04222653522491455,1.9063100363999423,0.493,1.0
ZC3H11A,0.88248,2.0161275937955048,-0.10405330589294434,1.8673630381298048,0.47418,1.0
PPIL4,0.8823,2.0143931199618277,-0.6037992602539063,2.0031915765546078,0.383,1.0
ADD1,0.8822,2.013430516453353,0.007212283926010132,1.7545691424217784,0.50262,1.0
SMNDC1,0.8821,2.0124686207213958,0.25937931518554685,1.8032477719669797,0.55752,1.0
NLRC5,0.88194,2.0109310566694076,0.5364109411621094,1.587816209112481,0.63274,1.0
TRIM33,0.8814,2.0057550658442613,-0.058315159072875974,1.7895839596041045,0.49058,1.0
WDR20,0.8812,2.003843207999643,0.03845600198745727,2.071578625383433,0.50192,1.0
RABEP1,0.88116,2.003461170657113,-0.427223544921875,1.7256384472063917,0.40252,1.0
CD74,0.88116,2.003461170657113,-0.05274704335212708,2.3181663676301056,0.49328,1.0
SCFD1,0.88088,2.0007900194295822,-0.18542172241210939,1.8830321852371448,0.44468,1.0
ATF6,0.88086,2.0005994307788826,-0.16058664642333983,1.8087429528862042,0.46812,1.0
USP42,0.88066,1.9986950642688623,-0.0088494895362854,1.796458108435338,0.50018,1.0
GAPVD1,0.8805,1.9971735565646949,-0.6146595166015625,1.8278772313237446,0.36844,1.0
FN3KRP,0.88036,1.9958436809647244,-0.22920594543457032,2.649667890047014,0.45594,1.0
NUP62,0.88014,1.9937565906976875,0.04567409502029419,1.8154836568512747,0.5077,1.0
NFKBIA,0.87972,1.9897813169031666,0.009382963299751282,1.7890290654735297,0.5019,1.0
KYNU,0.87952,1.9878925400607665,-0.1096596687078476,3.379518975691494,0.4873,1.0
CWC22,0.87938,1.986572005686081,-0.38313730834960935,1.7873050462473496,0.42196,1.0
VAMP4,0.87932,1.986006467201056,-0.19870916778564454,1.8095929323194309,0.4509,1.0
PEX2,0.87896,1.9826183209125248,-0.4442355151367188,1.7135602906204421,0.38634,1.0
EAF2,0.87892,1.9822423968755485,0.487706083984375,1.9699955564522222,0.60298,1.0
SCAMP1,0.87892,1.9822423968755485,0.13456036499023438,1.8999141382660085,0.5297,1.0
PPT1,0.87888,1.9818665799051716,-0.6301620874023437,1.669100101221492,0.34076,1.0
PDE4B,0.87854,1.9786764482782513,0.23207371215820313,1.8006713226035969,0.54768,1.0
DNAJB1,0.87846,1.977926947726237,-0.27672508056640627,1.8728786169343412,0.42972,1.0
ETFA,0.87838,1.9771778721337832,-0.682003134765625,1.828838209047751,0.35658,1.0
WHAMM,0.87832,1.9766163439754394,-0.055638321666717526,2.030416625248125,0.47874,1.0
JMJD6,0.8782,1.9754940028518202,-0.3900502587890625,1.7667094359756672,0.40602,1.0
PUM1,0.87792,1.9728789057745189,-0.025287664127349854,1.7451583181841577,0.48892,1.0
VBP1,0.87744,1.9684078709416137,-0.43131470703125,1.957173528127149,0.42496,1.0
USP34,0.87732,1.967292466847174,0.01734808458328247,1.7604025671016748,0.51662,1.0
WIPI1,0.8772,1.9661780008306908,-0.2152926266479492,1.7900702055423416,0.44688,1.0
ITGB2,0.87706,1.9648789736044276,-0.6146793701171875,1.6134509564127484,0.35036,1.0
RBM17,0.87704,1.9646935021359446,-0.2674617077636719,1.9383835577386097,0.46102,1.0
NDUFV1,0.87696,1.9639518755404721,-0.2786907568359375,2.419941461460992,0.44884,1.0
ARID4A,0.87676,1.9620996209866837,-0.5387267687988281,1.7916614451967687,0.38028,1.0
HSPA4,0.87668,1.9613594424955687,-0.2689447998046875,1.7800422916021945,0.44478,1.0
RBM4,0.87662,1.9608045793661741,-0.36870759155273436,2.422075678181347,0.4417,1.0
GCC2,0.87656,1.9602499480422324,-0.21995447204589844,2.2635079442804615,0.41418,1.0
TXNL4A,0.8762,1.9569270151293021,-0.3437431689453125,1.8899966179426577,0.4525,1.0
BCAS2,0.87578,1.9530607307114025,-0.4178525329589844,1.9441542116278703,0.4263,1.0
LIPC,0.87574,1.9526930985929538,0.7414025732421875,3.0696124357384047,0.60692,1.0
GTF2A1,0.87556,1.9510400096155176,-0.34182044921875,1.7248027319347687,0.41298,1.0
DCAF7,0.87528,1.9484726104190129,-0.2879623028564453,1.6977078087617103,0.43436,1.0
SRSF3,0.87434,1.939889469051928,-0.48023592529296877,1.7661533415816082,0.38538,1.0
ADA,0.87412,1.9378885938057455,-0.26931496154785156,1.6746617482398436,0.42376,1.0
GLUL,0.87382,1.935164945845579,0.01698541443347931,2.254979115668873,0.49924,1.0
GAK,0.87378,1.9348022115664505,-0.423363837890625,1.7233162253978942,0.39146,1.0
ARFRP1,0.87378,1.9348022115664505,-0.32235338745117187,1.6941081098145359,0.41238,1.0
EIF5A,0.87352,1.932446832804594,0.11231741088867188,1.6769756639069826,0.52762,1.0
SYCE1,0.87338,1.9311802666579518,0.6661282275390625,2.649696437673459,0.61154,1.0
CDK19,0.87334,1.9308186105573992,-0.1431920590209961,1.7009116722085256,0.47034,1.0
MGRN1,0.87292,1.927027104209484,-0.384923056640625,1.6636864106219997,0.39806,1.0
MBP,0.87266,1.9246853437642717,-0.45622102294921874,1.9138117680921283,0.37964,1.0
RPS14,0.87238,1.9221680103608452,-0.3414557745361328,2.2289441746538716,0.42614,1.0
IRF1,0.87236,1.9219883813389829,0.64565396484375,1.5182299555455756,0.67992,1.0
CRBN,0.87232,1.9216291953666145,-0.31597957641601565,2.258423505790423,0.40292,1.0
ATG4B,0.87208,1.919476094294404,-0.6801952124023437,1.571445002187455,0.3301,1.0
MBD4,0.87206,1.9192968248593207,-0.43023781372070313,1.7605295456386707,0.40912,1.0
SECISBP2,0.87206,1.9192968248593207,-0.12173446105957031,1.7735556729059243,0.4833,1.0
VDAC3,0.87144,1.9137512943449329,-0.20316824035644532,1.923344753068815,0.47642,1.0
CAND1,0.87138,1.913215841141051,-0.3169644256591797,2.0874633904292,0.45424,1.0
MED30,0.87132,1.91268060080933,-0.3979118566894531,1.6791832708314858,0.41664,1.0
EEA1,0.87128,1.9123238920833037,-0.7109602294921875,1.5808170526767293,0.31674,1.0
TIMM17A,0.871,1.9098295724908305,-0.33541023681640625,1.7932163520189464,0.46576,1.0
YY1,0.87098,1.9096515833722594,-0.4635356335449219,1.644859297633762,0.37774,1.0
TAOK1,0.87084,1.9084063171879708,-0.4840657177734375,1.6354100242088334,0.36838,1.0
TAGLN2,0.87074,1.9075175449928454,-0.6111484008789062,1.534075908118233,0.3281,1.0
PFDN1,0.87064,1.9066293581189546,-0.3665962145996094,1.7728855166888207,0.40708,1.0
SVIP,0.87048,1.9052094742733772,-0.25863081939697263,3.07725569286305,0.41698,1.0
SLC2A9,0.87028,1.9034367175108848,-0.4973437634277344,2.734953742560976,0.42114,1.0
RPL32,0.87014,1.9021971711623584,-0.2881951623535156,2.2252330446682502,0.43164,1.0
MBD1,0.86966,1.8979559097626755,-0.2408980145263672,1.7544589739086247,0.44362,1.0
MCFD2,0.8694,1.8956641017123605,-0.2585759686279297,1.6712970559740428,0.43438,1.0
NUDT21,0.86938,1.895487969444746,-0.2417763641357422,1.7426408743883666,0.45124,1.0
CYB5B,0.86888,1.8910920915362064,-0.08608124458312988,2.0337727458669073,0.47994,1.0
ZNF75A,0.86886,1.8909165527330927,0.20288804412841796,2.4586408958672665,0.57206,1.0
MAGED2,0.86872,1.88968841712681,-0.32366501403808595,2.4652624340714673,0.38726,1.0
CYSLTR2,0.86836,1.8865354511454155,-0.5026999499511718,2.8166438858773644,0.4228,1.0
TRIP11,0.8679,1.8825172891219195,-0.3716295178222656,1.6796522372806642,0.42014,1.0
HERPUD1,0.86768,1.8805997518173694,-0.1756124481201172,1.8972768119777315,0.46922,1.0
INO80C,0.8675,1.8790328663947378,-0.009435026187896729,1.7245428498091049,0.5151,1.0
HSP90AB1,0.86744,1.878510972045619,0.3363956964111328,1.6807914906511885,0.59918,1.0
TAF7,0.86714,1.8759044978627915,-0.26742398010253904,1.807714358513394,0.43416,1.0
ANXA5,0.86582,1.8644948526294371,-0.22639370635986328,2.2571000932893726,0.44512,1.0
CTDSP2,0.8658,1.8643227104702988,-0.66645478515625,1.5162310810748263,0.31556,1.0
ZDHHC7,0.86578,1.8641505899878772,-0.6517856567382813,1.5271948020896426,0.30894,1.0
UBE2K,0.86554,1.8620868325675248,-0.5173633325195313,1.5001467429967177,0.35434,1.0
HAS1,0.86324,1.8424651873021625,-1.309509755859375,2.512591004277829,0.28464,1.0
PTTG1,0.86314,1.841618397199276,-0.059454149856567384,1.6390723066205644,0.4847,1.0
ING3,0.86262,1.837223460876821,-0.4191593786621094,1.6889579683329066,0.39776,1.0
SRSF11,0.8623,1.8345258322236693,-0.36665135131835935,1.735401717344084,0.40464,1.0
C2orf49,0.86222,1.8338522483530861,-0.0684006706237793,1.584529356576257,0.47148,1.0
NIPBL,0.86218,1.8335155796407936,-0.3738915588378906,1.6180599321491917,0.40602,1.0
DHRS7B,0.86216,1.8333472760689025,-0.5723468371582031,1.4515863481446776,0.32282,1.0
PHIP,0.86162,1.8288108141297748,-0.2890091455078125,1.5189665364361533,0.41786,1.0
ELF2,0.8616,1.8286430826586098,-0.03298189842700958,1.7462922711646167,0.49296,1.0
COX5A,0.86122,1.8254600431583423,-0.05815459579467774,1.725773472430321,0.52812,1.0
GLTP,0.86112,1.8246236166265009,-0.6226804907226563,1.5408859637716192,0.32714,1.0
BTN3A2,0.86106,1.8241220031461611,-0.006395202178955078,2.428163939484748,0.50006,1.0
BAZ2A,0.86006,1.815788394938029,0.2045025015258789,1.6211696974120748,0.5646,1.0
MTIF3,0.8599,1.8144596500738897,-0.5713844396972656,1.6111463121825225,0.3447,1.0
ARID4B,0.85922,1.80882661277111,0.24163475463867187,1.6377309292196274,0.57036,1.0
CHD1,0.85896,1.8066788170362649,-0.3331836706542969,1.5901141305736373,0.40998,1.0
ZNF217,0.85854,1.8032162805388545,-0.08363857164382935,1.590192598237594,0.4942,1.0
CRYM,0.85844,1.8023931330760181,-0.5427148608398438,2.4009095309730726,0.3983,1.0
ZNF638,0.85782,1.797300426767791,-0.25669163635253905,1.904317447521823,0.4915,1.0
DEGS1,0.8578,1.7971364547136395,-0.027566785373687744,1.712617264484329,0.52078,1.0
YPEL5,0.85754,1.7950065666322594,-0.10987200004577637,1.7470422015946885,0.46596,1.0
CIAO1,0.8574,1.7938610461836817,-0.5536048315429688,1.5560080293389495,0.33424,1.0
HSPA5,0.85726,1.7927164629405863,-0.22961924072265624,1.6495599124253038,0.4341,1.0
MRPL18,0.85706,1.7910829660238563,0.04826811164855957,1.6311428466792484,0.50976,1.0
KCMF1,0.85674,1.7884733274839533,0.23692971740722657,1.551672539031458,0.57224,1.0
ZNF143,0.85584,1.7811596489229125,-0.620538564453125,1.5774663834160476,0.3419,1.0
SERPINB1,0.85528,1.7766280596182051,0.7652199609375,1.1309399407855667,0.84192,1.0
PCGF2,0.85508,1.7750131657842032,-0.70263236328125,2.3602715118659665,0.36884,1.0
DACT1,0.85472,1.772111015068613,-0.460876396484375,2.344644008221414,0.41626,1.0
ABHD3,0.85472,1.772111015068613,-0.1873434588623047,1.5443461578851527,0.44196,1.0
ZNF224,0.8543,1.7687327069564134,-0.12202761768341064,2.4448234620361675,0.47106,1.0
ACTR1A,0.85314,1.7594439086128737,-0.39671910522460935,1.5221741545000396,0.37794,1.0
MRPS16,0.8528,1.7567328471168042,-0.40197919921875,1.6189719408533467,0.41544,1.0
GRB14,0.85186,1.749264421493459,-0.7916315161132812,2.930204346363268,0.38112,1.0
CMC2,0.85182,1.748947485915027,0.4717701257324219,1.5680048962667223,0.63532,1.0
BBIP1,0.85086,1.7413621405856605,-0.2197143487548828,1.5310159066821343,0.43698,1.0
SMS,0.85058,1.7391573371809634,-0.357666435546875,1.6145904279971648,0.43136,1.0
LSM6,0.85026,1.736641728262295,-0.40154290283203126,1.820765972571084,0.42568,1.0
UBB,0.84974,1.732563293398858,-0.09698334091186524,1.3321149417049933,0.47388,1.0
BLOC1S6,0.84942,1.7300592592124842,-0.5977011743164062,1.350312657504796,0.3159,1.0
DNAJB6,0.84888,1.7258436103720804,-0.1303759033203125,1.5428709272172325,0.46658,1.0
TBCB,0.8486,1.7236625917648762,-0.31456654846191406,1.679722419947157,0.42298,1.0
ACTB,0.84846,1.7225733250445128,-0.8171470434570313,1.2108093768487034,0.16772,1.0
GDI1,0.847,1.7112627732596188,-0.5272271472167969,1.3690973525021013,0.32754,1.0
CDC5L,0.84574,1.7015724932600558,-0.3440731726074219,1.411609415570128,0.39222,1.0
UBC,0.84446,1.6917944365543718,0.1454785562133789,1.6238506282072085,0.55116,1.0
ENSA,0.84338,1.6835951381680658,-0.1516896923828125,1.8190454986853153,0.48162,1.0
RRM2,0.84332,1.6831409738541618,0.37442020385742186,2.903921442690619,0.57442,1.0
ARHGAP6,0.8425,1.6769482039608292,0.3520672930908203,2.62641622660127,0.5611,1.0
ABI1,0.84034,1.6607600176304662,0.13404569702148436,1.4306581722401492,0.53666,1.0
TADA3,0.83862,1.6479958513045099,-0.277257958984375,1.4765067802847007,0.41506,1.0
TXNIP,0.83768,1.6410664704616473,0.027046207227706908,1.4372208685307282,0.51168,1.0
ANXA1,0.83366,1.6117917589357136,0.2943723510742188,1.915570407811316,0.60424,1.0
S100A11,0.83212,1.6007272227247917,-0.11133168678283692,1.7148640165802764,0.4618,1.0
CHTOP,0.83144,1.5958673677842323,-0.0700544002532959,1.3980640399195197,0.47774,1.0
CHMP1A,0.831,1.5927310799323744,-0.1348085708618164,1.3495883735896825,0.45428,1.0
B3GALT4,0.8286,1.575737523479622,-0.535721953125,1.3259759641466442,0.29648,1.0
SYTL4,0.82138,1.5257252082972872,0.29191499755859374,1.8985103919702722,0.57568,1.0
JUNB,0.82124,1.5247712690993127,-0.44520924682617186,1.3442017812400453,0.32238,1.0
SNAPIN,0.81594,1.4890790314382119,-0.055595423316955564,1.4103561210431999,0.49278,1.0
B2M,0.81078,1.455086388001751,0.3554368359375,1.2838462462378628,0.71904,1.0
ELOVL6,0.80774,1.4353916019222135,-0.24505109466552735,2.306434422687859,0.4438,1.0
BNIP2,0.80082,1.3914272642106216,-0.1200909716796875,1.241304817806057,0.45092,1.0
SYCE2,0.79568,1.3595097026821996,0.4138909655761719,2.335150103718319,0.59328,1.0
EIF5,0.79178,1.3356883624026485,-0.19910901000976564,1.3399464179265457,0.4404,1.0
SULT1C4,0.78908,1.3193887952133991,0.21527991744995117,2.0883088338793105,0.55202,1.0
UBE2C,0.78646,1.3037176942221764,0.2706708044433594,2.347870122578543,0.56488,1.0
APOE,0.77848,1.2568304216510269,-0.21385343811035157,1.7294868949775268,0.43302,1.0
PDGFRA,0.74412,1.06749372756785,0.2579428527832031,1.8312707886860802,0.5709,1.0
FSTL1,0.73432,1.0166523238423442,-0.04702553829193115,1.949300872548182,0.48224,1.0
TMSB4X,0.72254,0.9570960031233147,-0.17296225891113282,1.6713006269094688,0.44906,1.0
LTBP1,0.57462,0.300726065675184,-0.03651299243927002,1.0003390695258527,0.48052,1.0
ALOX12,0.5623,0.2505017711013065,-0.08276487686157226,0.9791216428343735,0.44956,1.0
STARD13,0.55182,0.20802696870765658,-0.06058303579330444,0.9828181766393319,0.4634,1.0
IL11,0.53926,0.15736393680127073,-0.042065381851196286,0.9516133084943796,0.46998,1.0
GPR27,0.53348,0.1341206899313444,-0.055626276721954346,0.9732212601185027,0.46574,1.0
PMCH,0.53332,0.13347782129160163,-0.06283063728332519,0.952154418209687,0.46012,1.0
COL6A3,0.53108,0.12448049082407381,-0.017439422001838685,0.9533197046813201,0.48944,1.0
ST8SIA6,0.52498,0.10000325821648921,-0.030376512269973757,0.9320370648510812,0.47918,1.0
ZNF70,0.521,0.08404944434245186,-0.0023559904861450197,0.9393797800590713,0.4977,1.0
MMP24,0.51932,0.07731849544895367,-0.049403224415779115,0.9358952737925157,0.46892,1.0
SOX13,0.51854,0.07419401624692225,0.052864738159179685,0.9268830624999063,0.53882,1.0
COL11A2,0.51578,0.06314096907991622,-0.06346520961761475,0.9269684129745561,0.45532,1.0
ARHGEF4,0.51532,0.06129918756000209,0.03941000086307526,0.9390177564610587,0.5284,1.0
HPGDS,0.51398,0.05593457887515811,0.03256229579925537,0.9310376092833706,0.52304,1.0
BUB1B,0.51378,0.05513396189491454,-0.07046474411010742,0.9316824830028587,0.45028,1.0
SATB2,0.51122,0.04488753543868547,-0.06643603672027588,0.9205524189064899,0.45324,1.0
IL1RL2,0.5112,0.04480749520593948,-0.04391117176055908,0.9462946924357732,0.47394,1.0
KIR2DL1,0.51028,0.04112579546437451,-0.07520169662475586,0.9199865868908813,0.44588,1.0
PBX1,0.5094,0.03760443072096758,-0.03300346321105957,0.922373906275853,0.4749,1.0
LY6G6F,0.50812,0.03248285585101344,-0.07733886497497558,0.9303769344989081,0.44226,1.0
NPPC,0.50102,0.004080005659790309,-0.09365019668579101,0.9024320178887231,0.43232,1.0
UNC13B,0.4991,-0.0036000038880075816,-0.12172211685180664,0.8931359700710414,0.41172,1.0
NOS3,0.49704,-0.011840138319367423,-0.04358392459869385,0.8823849557144903,0.46584,1.0
ATP8B3,0.49622,-0.015120288064022377,-0.03337978368759155,0.921149685007495,0.47624,1.0
COPZ2,0.49604,-0.01584033120785732,0.011861762728691102,0.9049946696261615,0.50726,1.0
NT5M,0.49504,-0.01984065083275362,0.0014561588311195373,0.8982659577874572,0.50092,1.0
MOCS1,0.49388,-0.02448122262152006,0.0033202295184135435,0.8955068984805956,0.5029,1.0
SCG3,0.49198,-0.03208275162268702,-0.04792745836257935,0.8921445417057989,0.4635,1.0
EGF,0.49178,-0.03288296267911129,-0.10267343795776367,0.8872569346129635,0.425,1.0
THBS4,0.49144,-0.03424334577248136,-0.11510097564697265,0.903990432161907,0.41508,1.0
BBS5,0.49126,-0.03496356133358427,-0.1015853271484375,0.8891705771960258,0.4242,1.0
GDPD3,0.4875,-0.050010420574661305,-0.07710081642150879,0.8883394379554803,0.4414,1.0
CIDEC,0.48668,-0.05329260945701189,0.017960928170680998,0.8974297032612503,0.5148,1.0
ALS2CL,0.4856,-0.05761593317812115,-0.10463779006958007,0.892638799375802,0.41934,1.0
PDE4C,0.4847,-0.061219112482848254,0.02170416498184204,0.8961810971344535,0.51624,1.0
GYPA,0.4829,-0.06842668652267955,-0.10923509094238282,0.8974227038357868,0.4201,1.0
RBFOX2,0.48146,-0.07419401624692212,-0.056216092205047606,0.8927437216467521,0.45798,1.0
MBOAT4,0.48048,-0.07811970411951559,-0.08621717788696288,0.8889113037873237,0.43592,1.0
SLC4A4,0.4794,-0.08244667056018094,-0.02011575224637985,0.878305114600745,0.48476,1.0
STX1B,0.47896,-0.08420972762104936,-0.09838297775268555,0.877194755765235,0.42332,1.0
GSC,0.47282,-0.10882727981997599,-0.013759026609659195,0.880970519305824,0.48926,1.0
ANLN,0.46694,-0.13243321842945863,-0.05284863861083984,0.8638244168832121,0.46016,1.0
TNFRSF10C,0.46508,-0.13990776920418857,-0.04202920130729675,0.8666309637843633,0.4671,1.0
LRRC7,0.46474,-0.14127450072828054,0.01685901849746704,0.8681066487605398,0.51374,1.0
ZNF625,0.46254,-0.15012129892873927,-0.04425543610572815,0.8540220158707201,0.46462,1.0
IL2,0.4618,-0.1530983413724105,-0.050823990116119384,0.8780186952766091,0.46226,1.0
MMP11,0.4596,-0.1619530601114432,-0.0006267740154266357,0.8713053682001125,0.50154,1.0
OPRM1,0.45872,-0.16549670289733856,-0.022720331575870514,0.8703944319658444,0.4836,1.0
GLI1,0.45862,-0.1658994547716223,0.009920192835330964,0.8629905303350309,0.50926,1.0
PROS1,0.45716,-0.17178117818377273,-0.029944740676879883,0.8713648580394477,0.47504,1.0
SERINC4,0.4565,-0.1744410065262409,-0.12702112548828126,0.8490511162387874,0.39994,1.0
DEGS2,0.45572,-0.17758523449274266,-0.00299619722366333,0.85785124775844,0.4975,1.0
MAFA,0.45458,-0.18218222434283482,-0.0980148291015625,0.852438708484931,0.42122,1.0
ZNF26,0.45206,-0.1923508775171144,-0.01870419179558754,0.8586251689748935,0.48688,1.0
POMK,0.44966,-0.2020445274161712,-0.07206692810058593,0.8349477474254215,0.44038,1.0
LOXL2,0.4475,-0.2107768956769978,-0.10464086563110352,0.8449894693441293,0.40998,1.0
PACSIN1,0.4443,-0.22372857034401294,-0.10043837493896485,0.8523233199761501,0.41714,1.0
PARD6G,0.4439,-0.2253488223535287,-0.023810399808883668,0.8437241342491375,0.4805,1.0
FXYD3,0.44234,-0.23167064053405856,-0.05897372352600098,0.839447527367262,0.44836,1.0
TNFSF9,0.43282,-0.27035477647987144,0.03318480149269104,0.8315781597341081,0.52762,1.0
PLOD2,0.43208,-0.27336980744649464,-0.0029025440311431887,0.8270629439916195,0.4953,1.0
ARHGEF10,0.42928,-0.28478933493326736,-0.0571790683555603,0.8176195387512761,0.45032,1.0
SPTSSB,0.4283,-0.2887904936486003,-0.005694835605621338,0.8312005377669963,0.49454,1.0
GRIN2C,0.42672,-0.2952461931229396,-0.05309524054288864,0.8322495704896039,0.45436,1.0
TLR9,0.42302,-0.3103881446098679,-0.07162071502685546,0.8195327839209543,0.43476,1.0
OMG,0.4199,-0.3231839147818712,-0.03353908001422882,0.8265220176963219,0.4721,1.0
PSMB11,0.38414,-0.47201259549918123,-0.01776270592212677,0.7884160889996845,0.4832,1.0
ADAMTSL5,0.37702,-0.5022161791046513,-0.034957162532806396,0.7755865164774084,0.46752,1.0
