pathway,n_genes,n_tested,median_member,median_reference,effect,pvalue,qvalue,sign
REACTOME_INTERFERON_ALPHA_BETA_SIGNALING,18,18,3.2926109155273435,-0.0035165454101562243,3.2961274609375,2.113857462165201e-09,1.7333884872444699e-06,1
REACTOME_INTERFERON_SIGNALING,49,49,0.5449561703491211,-0.007016141357421846,0.5519723117065429,4.112428202240735e-09,1.7333884872444699e-06,1
REACTOME_CYTOKINE_SIGNALING_IN_IMMUNE_SYSTEM,191,191,0.24586936500549317,-0.010880088653564435,0.2567494536590576,1.482936883934817e-05,0.004167052643856836,1
REACTOME_INTERFERON_GAMMA_SIGNALING,24,24,0.6330015409851075,-0.003621381835937465,0.6366229228210449,3.391652892802166e-05,0.007147908471580565,1
REACTOME_REGULATION_BY_C_FLIP,6,6,0.9822072924804688,-0.000986138916015622,0.9831934313964844,0.0019425632794116395,0.23394012064914457,1
REACTOME_DISEASES_ASSOCIATED_WITH_GLYCOSAMINOGLYCAN_METABOLISM,7,7,-0.7664822412109373,0.0011529275512695558,-0.7676351687622069,0.0016775914716129791,0.23394012064914457,-1
REACTOME_HSF1_ACTIVATION,15,15,0.4388300081253052,-0.003403061523437473,0.44223306964874265,0.001804323132882028,0.23394012064914457,1
REACTOME_CHEMOKINE_RECEPTORS_BIND_CHEMOKINES,35,35,0.6718853063488006,-0.0031935467529296546,0.6750788531017302,0.0026961333316998857,0.28410504982787543,1
REACTOME_A_TETRASACCHARIDE_LINKER_SEQUENCE_IS_REQUIRED_FOR_GAG_SYNTHESIS,6,6,-0.8775168420410155,0.0003155572509765947,-0.8778323992919921,0.005866946300791431,0.4332490365823773,-1
REACTOME_IRAK4_DEFICIENCY_TLR2_4,6,6,-0.6488949353027343,0.0003155572509765947,-0.649210492553711,0.006167246072347007,0.4332490365823773,-1
REACTOME_REGULATED_NECROSIS,15,15,0.5110886318969727,-0.0015849069213866862,0.5126735388183594,0.006097779931132371,0.4332490365823773,1
REACTOME_TNF_SIGNALING,9,9,0.5110886318969727,-0.0015849069213866862,0.5126735388183594,0.005322374398158583,0.4332490365823773,1
REACTOME_TRYPTOPHAN_CATABOLISM,5,5,0.8231721008300781,-0.0010137072753906018,0.8241858081054687,0.0075032161339756666,0.4345991724073618,1
REACTOME_UB_SPECIFIC_PROCESSING_PROTEASES,33,33,0.26862673477172855,-0.004579207153320303,0.2732059419250489,0.006893763290090575,0.4345991724073618,1
REACTOME_INNATE_IMMUNE_SYSTEM,212,212,0.10087343322753908,-0.008281483154296831,0.10915491638183591,0.007733081359561598,0.4345991724073618,1
REACTOME_DEATH_RECEPTOR_SIGNALLING,40,40,0.32841182955026627,-0.003621381835937465,0.33203321138620373,0.009991637108234286,0.5264343801400939,1
REACTOME_RIPK1_MEDIATED_REGULATED_NECROSIS,11,11,0.4576841755151749,-0.0010137072753906018,0.45869788279056545,0.013119737129144549,0.6086211314909377,1
REACTOME_APOPTOTIC_CLEAVAGE_OF_CELLULAR_PROTEINS,9,9,0.39259958500862124,-0.0010137072753906018,0.3936132922840119,0.013540954615769617,0.6086211314909377,1
REACTOME_GLYCOSAMINOGLYCAN_METABOLISM,19,19,-0.24345362060546877,0.003399238891601597,-0.24685285949707036,0.01371743949979575,0.6086211314909377,-1
REACTOME_EPH_EPHRIN_SIGNALING,14,14,-0.39068532592773436,0.0003155572509765947,-0.39100088317871096,0.018906055677811152,0.7968902468197401,-1
REACTOME_ERBB2_ACTIVATES_PTK6_SIGNALING,5,5,-0.47880592773437497,0.0001969320678711084,-0.4790028598022461,0.025428821021738258,0.809756022703562,-1
REACTOME_INFECTION_WITH_MYCOBACTERIUM_TUBERCULOSIS,6,6,0.4151538434028626,-0.0010412756347655816,0.4161951190376282,0.021530637593296202,0.809756022703562,1
REACTOME_TP53_REGULATES_TRANSCRIPTION_OF_DEATH_RECEPTORS_AND_LIGANDS,5,5,0.40073776099205016,-0.000606370239257803,0.40134413123130797,0.02593524627876177,0.809756022703562,1
REACTOME_PEPTIDE_LIGAND_BINDING_RECEPTORS,56,56,0.2728450141525269,-0.003097515869140588,0.27594253002166746,0.022733390686892636,0.809756022703562,1
REACTOME_ANTIVIRAL_MECHANISM_BY_IFN_STIMULATED_GENES,17,17,0.26862673477172855,-0.0015849069213866862,0.27021164169311523,0.023230030831357325,0.809756022703562,1
REACTOME_CELLULAR_RESPONSE_TO_HEAT_STRESS,33,33,0.23523417236328129,-0.003907445373535129,0.23914161773681641,0.02340975882503685,0.809756022703562,1
REACTOME_G_ALPHA_I_SIGNALLING_EVENTS,79,79,0.19722129791259768,-0.0015849069213866862,0.19880620483398437,0.02537463800120529,0.809756022703562,1
REACTOME_HEPARAN_SULFATE_HEPARIN_HS_GAG_METABOLISM,9,9,-0.7664822412109373,0.0011529275512695558,-0.7676351687622069,0.029006503305304212,0.8150827428790482,-1
REACTOME_SYNTHESIS_OF_IP2_IP_AND_INS_IN_THE_CYTOSOL,5,5,-0.6765026196289061,0.0001969320678711084,-0.6766995516967772,0.02739617435399043,0.8150827428790482,-1
REACTOME_ATTENUATION_PHASE,14,14,0.34125246105194096,-0.003097515869140588,0.34434997692108155,0.02880158659280525,0.8150827428790482,1
REACTOME_ABC_FAMILY_PROTEINS_MEDIATED_TRANSPORT,17,17,-0.16375353881835936,0.003399238891601597,-0.16715277770996095,0.031406603119396255,0.8540569816016466,-1
REACTOME_INITIAL_TRIGGERING_OF_COMPLEMENT,7,7,0.7509390890502929,-0.000606370239257803,0.7515454592895507,0.03377611332522436,0.8897894854113791,1
REACTOME_MRNA_EDITING,5,5,1.057635125732422,-0.000606370239257803,1.0582414959716797,0.04770950400053362,0.8899464797308222,1
REACTOME_CASPASE_ACTIVATION_VIA_DEATH_RECEPTORS_IN_THE_PRESENCE_OF_LIGAND,7,7,0.9616622143554687,-0.000606370239257803,0.9622685845947265,0.03831695700754546,0.8899464797308222,1
REACTOME_CASPASE_ACTIVATION_VIA_EXTRINSIC_APOPTOTIC_SIGNALLING_PATHWAY,10,10,0.8039958465576172,-0.000986138916015622,0.8049819854736329,0.03630481181585247,0.8899464797308222,1
REACTOME_DISEASES_OF_IMMUNE_SYSTEM,10,10,-0.5685981176757812,0.0003155572509765947,-0.5689136749267578,0.056374209490738215,0.8899464797308222,-1
REACTOME_ERYTHROCYTES_TAKE_UP_CARBON_DIOXIDE_AND_RELEASE_OXYGEN,5,5,0.5115887279129029,-0.000606370239257803,0.5121950981521607,0.056648542233841394,0.8899464797308222,1
REACTOME_ERYTHROCYTES_TAKE_UP_OXYGEN_AND_RELEASE_CARBON_DIOXIDE,5,5,0.5115887279129029,-0.000606370239257803,0.5121950981521607,0.056648542233841394,0.8899464797308222,1
REACTOME_NOD1_2_SIGNALING_PATHWAY,9,9,0.4576841755151749,-0.0010137072753906018,0.45869788279056545,0.05696941609000052,0.8899464797308222,1
REACTOME_REGULATION_OF_TNFR1_SIGNALING,7,7,0.4576841755151749,-0.0010137072753906018,0.45869788279056545,0.04467205875615203,0.8899464797308222,1
REACTOME_TNFR1_INDUCED_NFKAPPAB_SIGNALING_PATHWAY,7,7,0.4576841755151749,-0.0010137072753906018,0.45869788279056545,0.04590738865709813,0.8899464797308222,1
REACTOME_ABC_TRANSPORTER_DISORDERS,11,11,-0.4403425,0.0011529275512695558,-0.4414954275512696,0.0622856966834146,0.8899464797308222,-1
REACTOME_SIGNALING_BY_PTK6,17,17,-0.41289341308593747,0.0001969320678711084,-0.4130903451538086,0.052829265916884895,0.8899464797308222,-1
REACTOME_NUCLEOTIDE_BINDING_DOMAIN_LEUCINE_RICH_REPEAT_CONTAINING_RECEPTOR_NLR_SIGNALING_PATHWAYS,16,16,0.39261241323947904,-0.002128538208007791,0.39474095144748683,0.0381249244521812,0.8899464797308222,1
REACTOME_TBC_RABGAPS,7,7,-0.33791230468749994,0.0011529275512695558,-0.3390652322387695,0.05877579754232244,0.8899464797308222,-1
REACTOME_E2F_MEDIATED_REGULATION_OF_DNA_REPLICATION,8,8,-0.32851049865722654,0.001990297851562517,-0.33050079650878905,0.06140095276272866,0.8899464797308222,-1
REACTOME_RESPONSE_OF_MTB_TO_PHAGOCYTOSIS,5,5,0.31921905490875246,-0.0010137072753906018,0.3202327621841431,0.05712257099622667,0.8899464797308222,1
REACTOME_INSERTION_OF_TAIL_ANCHORED_PROTEINS_INTO_THE_ENDOPLASMIC_RETICULUM_MEMBRANE,5,5,-0.2976067749023437,0.0001969320678711084,-0.29780370697021485,0.06162897590343848,0.8899464797308222,-1
REACTOME_HSF1_DEPENDENT_TRANSACTIVATION,16,16,0.26853731970787054,-0.003097515869140588,0.2716348355770111,0.04302393529776099,0.8899464797308222,1
REACTOME_APOPTOSIS,33,33,0.26862673477172855,-0.0015849069213866862,0.27021164169311523,0.04806731539581828,0.8899464797308222,1
REACTOME_DISEASES_OF_GLYCOSYLATION,28,28,-0.23296821655273436,0.001990297851562517,-0.23495851440429688,0.04338038278712698,0.8899464797308222,-1
REACTOME_REGULATION_OF_HSF1_MEDIATED_HEAT_SHOCK_RESPONSE,29,29,0.2203518151855469,-0.0035689636230468447,0.22392077880859373,0.04877112811569758,0.8899464797308222,1
REACTOME_CLASS_A_1_RHODOPSIN_LIKE_RECEPTORS,74,74,0.1895644471359253,-0.002128538208007791,0.1916929853439331,0.047057705047520514,0.8899464797308222,1
REACTOME_SIGNALING_BY_INTERLEUKINS,122,122,0.17640135440826418,-0.00533398651123046,0.18173534091949464,0.05431487748322356,0.8899464797308222,1
REACTOME_DISORDERS_OF_TRANSMEMBRANE_TRANSPORTERS,30,30,-0.16166882568359375,0.0032198974609375375,-0.1648887231445313,0.05436226011942976,0.8899464797308222,-1
REACTOME_GPCR_LIGAND_BINDING,92,92,0.15768658168792726,-0.003097515869140588,0.16078409755706785,0.042983699119118216,0.8899464797308222,1
REACTOME_DISEASES_OF_METABOLISM,47,47,-0.13912755737304688,0.0036969677734375317,-0.14282452514648442,0.05299386043136751,0.8899464797308222,-1
REACTOME_SENSORY_PERCEPTION,33,33,-0.12418102050781249,0.001767727355957066,-0.12594874786376956,0.05958159437315295,0.8899464797308222,-1
REACTOME_SIGNALING_BY_GPCR,148,148,0.08737578430175783,-0.0032895776367187213,0.09066536193847655,0.058451636169726866,0.8899464797308222,1
REACTOME_C_TYPE_LECTIN_RECEPTORS_CLRS,26,26,0.12934335983276368,-0.002128538208007791,0.13147189804077147,0.06381040288921247,0.8965361605934352,1
REACTOME_TP53_REGULATES_TRANSCRIPTION_OF_CELL_DEATH_GENES,11,11,0.323580874376297,-0.0010137072753906018,0.32459458165168764,0.06730666903915516,0.9301560983607836,1
REACTOME_CHONDROITIN_SULFATE_DERMATAN_SULFATE_METABOLISM,7,7,-0.7664822412109373,0.0001969320678711084,-0.7666791732788084,0.06873931154172384,0.9346328972527935,-1
REACTOME_MTOR_SIGNALLING,7,7,-0.2782244262695312,0.0011529275512695558,-0.27937735382080076,0.07130901651554705,0.9392734519157213,-1
REACTOME_ABC_TRANSPORTERS_IN_LIPID_HOMEOSTASIS,8,8,-0.1587524151611328,0.001990297851562517,-0.16074271301269533,0.07024474395688636,0.9392734519157213,-1
REACTOME_SENSORY_PROCESSING_OF_SOUND,9,9,-0.4515369677734375,0.001767727355957066,-0.45330469512939453,0.07750348528564131,0.9751557924745615,-1
REACTOME_EPH_EPHRIN_MEDIATED_REPULSION_OF_CELLS,8,8,-0.4114195129394531,0.0003155572509765947,-0.4117350701904297,0.07689045074304365,0.9751557924745615,-1
REACTOME_FANCONI_ANEMIA_PATHWAY,11,11,0.2992982009315491,-0.0010137072753906018,0.30031190820693965,0.07527391813468044,0.9751557924745615,1
REACTOME_METABOLISM_OF_FAT_SOLUBLE_VITAMINS,7,7,-0.7664822412109373,3.915344238281104e-05,-0.7665213946533201,0.14588071325221233,0.9886696709727504,-1
REACTOME_SMOOTH_MUSCLE_CONTRACTION,7,7,0.6599824267578125,-0.000606370239257803,0.6605887969970703,0.11582328739057454,0.9886696709727504,1
REACTOME_UPTAKE_AND_ACTIONS_OF_BACTERIAL_TOXINS,6,6,-0.5472682208251952,7.830688476562209e-05,-0.5473465277099608,0.15759644496364997,0.9886696709727504,-1
REACTOME_PI3K_EVENTS_IN_ERBB2_SIGNALING,5,5,-0.47880592773437497,3.915344238281104e-05,-0.4788450811767578,0.09229520386925943,0.9886696709727504,-1
REACTOME_SHC1_EVENTS_IN_ERBB2_SIGNALING,5,5,-0.47880592773437497,3.915344238281104e-05,-0.4788450811767578,0.10465016417567623,0.9886696709727504,-1
REACTOME_TICAM1_RIP1_MEDIATED_IKK_COMPLEX_RECRUITMENT,5,5,0.4576841755151749,-0.000606370239257803,0.4582905457544327,0.12100452040228728,0.9886696709727504,1
REACTOME_N_GLYCAN_ANTENNAE_ELONGATION_IN_THE_MEDIAL_TRANS_GOLGI,7,7,-0.45068969726562497,0.0001969320678711084,-0.4508866293334961,0.11595830107473028,0.9886696709727504,-1
REACTOME_SCF_SKP2_MEDIATED_DEGRADATION_OF_P27_P21,8,8,-0.42661795654296875,0.0003155572509765947,-0.42693351379394534,0.1065929162769376,0.9886696709727504,-1
REACTOME_PROTEIN_PROTEIN_INTERACTIONS_AT_SYNAPSES,9,9,-0.4254967993164062,0.0001969320678711084,-0.42569373138427735,0.12099211432953255,0.9886696709727504,-1
REACTOME_NUCLEAR_SIGNALING_BY_ERBB4,7,7,-0.4212685009765625,0.0001969320678711084,-0.4214654330444336,0.09593454616545433,0.9886696709727504,-1
REACTOME_EPHB_MEDIATED_FORWARD_SIGNALING,6,6,-0.4114195129394531,7.830688476562209e-05,-0.41149781982421874,0.12496577471756162,0.9886696709727504,-1
REACTOME_DECTIN_2_FAMILY,5,5,0.4085739380693436,-0.000606370239257803,0.4091803083086014,0.158741261732505,0.9886696709727504,1
REACTOME_SIGNALLING_TO_ERKS,5,5,-0.39166422363281245,0.0001969320678711084,-0.3918611557006836,0.10799801766053731,0.9886696709727504,-1
REACTOME_TP53_REGULATES_TRANSCRIPTION_OF_GENES_INVOLVED_IN_G2_CELL_CYCLE_ARREST,5,5,-0.38903923828125003,0.0001969320678711084,-0.38923617034912117,0.10167368551828512,0.9886696709727504,-1
REACTOME_INACTIVATION_OF_CSF3_G_CSF_SIGNALING,5,5,0.3876644123077393,-0.000606370239257803,0.3882707825469971,0.10970118585001737,0.9886696709727504,1
REACTOME_REGULATION_OF_TP53_EXPRESSION_AND_DEGRADATION,6,6,0.37678168842315674,-0.000986138916015622,0.37776782733917236,0.08022051494400534,0.9886696709727504,1
REACTOME_P75NTR_SIGNALS_VIA_NF_KB,5,5,0.3749930389833451,-0.000606370239257803,0.3755994092226029,0.14919830752585564,0.9886696709727504,1
REACTOME_METAL_ION_SLC_TRANSPORTERS,6,6,-0.36239980346679684,0.0003155572509765947,-0.36271536071777344,0.11358875427916462,0.9886696709727504,-1
REACTOME_CYCLIN_A_CDK2_ASSOCIATED_EVENTS_AT_S_PHASE_ENTRY,16,16,-0.34838123413085936,0.001990297851562517,-0.3503715319824219,0.13092418395974967,0.9886696709727504,-1
REACTOME_AUF1_HNRNP_D0_BINDS_AND_DESTABILIZES_MRNA,7,7,0.347847369761467,-0.000606370239257803,0.3484537400007248,0.16184628065746093,0.9886696709727504,1
REACTOME_RHOQ_GTPASE_CYCLE,11,11,-0.3468008911132812,0.0001969320678711084,-0.34699782318115235,0.13752719176110295,0.9886696709727504,-1
REACTOME_NEGATIVE_REGULATION_OF_FLT3,6,6,0.3381522431278229,-0.000986138916015622,0.3391383820438385,0.115770811529575,0.9886696709727504,1
REACTOME_COMPLEMENT_CASCADE,13,13,0.3356653350067139,-0.000606370239257803,0.3362717052459717,0.12143307186800142,0.9886696709727504,1
REACTOME_SIGNALING_BY_CSF3_G_CSF,6,6,0.32814557353973395,-0.000986138916015622,0.32913171245574957,0.12204596451546083,0.9886696709727504,1
REACTOME_INTERLEUKIN_RECEPTOR_SHC_SIGNALING,9,9,0.3147860855674744,-0.0010137072753906018,0.31579979284286497,0.10788199296170661,0.9886696709727504,1
REACTOME_APOPTOTIC_EXECUTION_PHASE,12,12,0.30457900535106663,-0.000986138916015622,0.30556514426708226,0.08322159441920224,0.9886696709727504,1
REACTOME_INTERLEUKIN_3_INTERLEUKIN_5_AND_GM_CSF_SIGNALING,16,16,0.29794280643939974,-0.0010412756347655816,0.2989840820741653,0.10248313931942243,0.9886696709727504,1
REACTOME_RND3_GTPASE_CYCLE,8,8,0.2913179400777817,-0.0010412756347655816,0.2923592157125473,0.12122841719305562,0.9886696709727504,1
REACTOME_RNA_POLYMERASE_I_PROMOTER_ESCAPE,9,9,-0.28683388427734374,0.0001969320678711084,-0.2870308163452149,0.13273574153945464,0.9886696709727504,-1
REACTOME_RNA_POLYMERASE_I_TRANSCRIPTION_TERMINATION,9,9,-0.28683388427734374,0.0001969320678711084,-0.2870308163452149,0.16061930117694045,0.9886696709727504,-1
REACTOME_INTERLEUKIN_12_SIGNALING,9,9,0.28106178512573243,-0.0010137072753906018,0.28207549240112306,0.14838962967988892,0.9886696709727504,1
REACTOME_RNA_POLYMERASE_I_TRANSCRIPTION,15,15,-0.27881043701171876,0.0011529275512695558,-0.2799633645629883,0.08719019266756928,0.9886696709727504,-1
REACTOME_RNA_POLYMERASE_I_TRANSCRIPTION_INITIATION,15,15,-0.27881043701171876,0.0011529275512695558,-0.2799633645629883,0.08719019266756928,0.9886696709727504,-1
REACTOME_POSITIVE_EPIGENETIC_REGULATION_OF_RRNA_EXPRESSION,13,13,-0.27881043701171876,0.0001969320678711084,-0.2790073690795899,0.1387438614165227,0.9886696709727504,-1
REACTOME_REGULATION_OF_PTEN_GENE_TRANSCRIPTION,15,15,-0.2782244262695312,0.0001969320678711084,-0.27842135833740234,0.13453914665065922,0.9886696709727504,-1
REACTOME_SIGNALING_BY_NOTCH3,7,7,0.26862673477172855,-0.0010137072753906018,0.2696404420471191,0.13273224583748308,0.9886696709727504,1
REACTOME_CONSTITUTIVE_SIGNALING_BY_LIGAND_RESPONSIVE_EGFR_CANCER_VARIANTS,6,6,0.2657816862487793,-0.0010412756347655816,0.2668229618835449,0.09205469383744538,0.9886696709727504,1
REACTOME_MATURATION_OF_SARS_COV_2_SPIKE_PROTEIN,10,10,-0.26386388427734375,0.0003155572509765947,-0.26417944152832035,0.11263630435887793,0.9886696709727504,-1
REACTOME_SIGNALING_BY_EGFR_IN_CANCER,7,7,0.2629366377258301,-0.0010137072753906018,0.2639503450012207,0.16115692367818335,0.9886696709727504,1
REACTOME_INTERLEUKIN_20_FAMILY_SIGNALING,5,5,-0.26026709472656245,3.915344238281104e-05,-0.26030624816894526,0.15591464684264597,0.9886696709727504,-1
REACTOME_PROGRAMMED_CELL_DEATH,38,38,0.25248119293212895,-0.0010412756347655816,0.25352246856689453,0.08967536398557736,0.9886696709727504,1
REACTOME_COMPLEX_I_BIOGENESIS,9,9,-0.2477631762695312,0.0011529275512695558,-0.24891610382080076,0.15650929542439385,0.9886696709727504,-1
REACTOME_SCAVENGING_BY_CLASS_A_RECEPTORS,5,5,-0.2485004846191406,0.0001969320678711084,-0.2486974166870117,0.14325588544221152,0.9886696709727504,-1
REACTOME_ASSEMBLY_OF_COLLAGEN_FIBRILS_AND_OTHER_MULTIMERIC_STRUCTURES,11,11,-0.23908025268554683,0.0001969320678711084,-0.23927718475341794,0.14870250500784013,0.9886696709727504,-1
REACTOME_TERMINATION_OF_TRANSLESION_DNA_SYNTHESIS,12,12,0.23435811479210855,-0.002128538208007791,0.23648665300011634,0.11073901570878318,0.9886696709727504,1
REACTOME_GPVI_MEDIATED_ACTIVATION_CASCADE,10,10,-0.22536725799560547,0.0003155572509765947,-0.22568281524658207,0.11135903496304031,0.9886696709727504,-1
REACTOME_DEGRADATION_OF_THE_EXTRACELLULAR_MATRIX,24,24,-0.22240262695312496,0.001990297851562517,-0.22439292480468748,0.13285238258679932,0.9886696709727504,-1
REACTOME_GLUCAGON_LIKE_PEPTIDE_1_GLP1_REGULATES_INSULIN_SECRETION,15,15,0.22293548030853275,-0.0010137072753906018,0.22394918758392335,0.14960642027406432,0.9886696709727504,1
REACTOME_TRANSLESION_SYNTHESIS_BY_Y_FAMILY_DNA_POLYMERASES_BYPASSES_LESIONS_ON_DNA_TEMPLATE,13,13,0.21794886439561845,-0.0015849069213866862,0.21953377131700513,0.1299171362771473,0.9886696709727504,1
REACTOME_PEROXISOMAL_PROTEIN_IMPORT,18,18,0.20402241586685183,-0.0010412756347655816,0.2050636915016174,0.15181467255746128,0.9886696709727504,1
REACTOME_RNA_POLYMERASE_III_TRANSCRIPTION_INITIATION_FROM_TYPE_1_PROMOTER,10,10,-0.20163598205566402,0.001990297851562517,-0.20362627990722654,0.14518660920760978,0.9886696709727504,-1
REACTOME_FORMATION_OF_THE_CORNIFIED_ENVELOPE,8,8,-0.20062330383300775,0.0003155572509765947,-0.20093886108398434,0.13818147759919377,0.9886696709727504,-1
REACTOME_KERATINIZATION,8,8,-0.20062330383300775,0.0003155572509765947,-0.20093886108398434,0.13818147759919377,0.9886696709727504,-1
REACTOME_SUMOYLATION_OF_TRANSCRIPTION_COFACTORS,14,14,-0.18566893188476558,7.830688476562209e-05,-0.1857472387695312,0.1344556431851849,0.9886696709727504,-1
REACTOME_TRAF6_MEDIATED_NF_KB_ACTIVATION,8,8,-0.1727311877441406,0.001990297851562517,-0.1747214855957031,0.14180195225177633,0.9886696709727504,-1
REACTOME_RAB_REGULATION_OF_TRAFFICKING,25,25,-0.1616170715332031,0.002605097656250027,-0.16422216918945312,0.16012040619712165,0.9886696709727504,-1
REACTOME_RESPIRATORY_ELECTRON_TRANSPORT,15,15,-0.15706385009765628,0.002605097656250027,-0.1596689477539063,0.15954283496325228,0.9886696709727504,-1
REACTOME_RESPIRATORY_ELECTRON_TRANSPORT_ATP_SYNTHESIS_BY_CHEMIOSMOTIC_COUPLING_AND_HEAT_PRODUCTION_BY_UNCOUPLING_PROTEINS,15,15,-0.15706385009765628,0.002605097656250027,-0.1596689477539063,0.15954283496325228,0.9886696709727504,-1
REACTOME_S_PHASE,46,46,-0.145150947265625,0.0032198974609375375,-0.14837084472656253,0.09322475955490124,0.9886696709727504,-1
REACTOME_KINESINS,16,16,-0.12366855041503905,0.001990297851562517,-0.12565884826660156,0.15470747570119597,0.9886696709727504,-1
REACTOME_METABOLISM_OF_AMINO_ACIDS_AND_DERIVATIVES,58,58,0.11970488689422609,-0.0032895776367187213,0.12299446453094481,0.12578586853701137,0.9886696709727504,1
REACTOME_GLOBAL_GENOME_NUCLEOTIDE_EXCISION_REPAIR_GG_NER,31,31,-0.11793372192382812,0.0036969677734375317,-0.12163068969726565,0.09876617742127294,0.9886696709727504,-1
REACTOME_NUCLEOTIDE_EXCISION_REPAIR,37,37,-0.11018838012695309,0.0036969677734375317,-0.11388534790039062,0.12279107790694925,0.9886696709727504,-1
REACTOME_NEUTROPHIL_DEGRANULATION,94,94,0.10087343322753908,-0.0032895776367187213,0.1041630108642578,0.15275115068958084,0.9886696709727504,1
REACTOME_ER_TO_GOLGI_ANTEROGRADE_TRANSPORT,24,24,0.09600042602539063,-0.0010412756347655816,0.09704170166015622,0.11343082488018663,0.9886696709727504,1
REACTOME_NETRIN_1_SIGNALING,13,13,0.08091541381835937,-0.000606370239257803,0.08152178405761717,0.1597317388210936,0.9886696709727504,1
REACTOME_SIGNALING_BY_RECEPTOR_TYROSINE_KINASES,112,112,-0.07548165100097654,0.0003155572509765947,-0.07579720825195313,0.10906686320867533,0.9886696709727504,-1
REACTOME_PLATELET_HOMEOSTASIS,19,19,0.06517502258300784,-0.0010137072753906018,0.06618872985839844,0.14475417554475736,0.9886696709727504,1
REACTOME_ADAPTIVE_IMMUNE_SYSTEM,196,196,0.04333642761230472,-0.004193508911132793,0.04752993652343751,0.11582294753864449,0.9886696709727504,1
REACTOME_RRNA_PROCESSING,40,40,-0.04591715270996091,0.0003155572509765947,-0.04623270996093751,0.13619130201048912,0.9886696709727504,-1
REACTOME_ANTI_INFLAMMATORY_RESPONSE_FAVOURING_LEISHMANIA_PARASITE_INFECTION,36,36,0.042288987426757824,-0.000986138916015622,0.043275126342773446,0.14927148620491423,0.9886696709727504,1
REACTOME_RUNX2_REGULATES_BONE_DEVELOPMENT,7,7,0.2991740389633179,-0.000606370239257803,0.2997804092025757,0.1637529581440505,0.990204620717039,1
REACTOME_RHOV_GTPASE_CYCLE,12,12,-0.23549095581054685,7.830688476562209e-05,-0.23556926269531248,0.16444679347613933,0.990204620717039,-1
REACTOME_DEFECTS_OF_CONTACT_ACTIVATION_SYSTEM_CAS_AND_KALLIKREIN_KININ_SYSTEM_KKS,5,5,-0.8531949536132812,3.915344238281104e-05,-0.853234107055664,0.17580511584950997,0.9993403293100279,-1
REACTOME_FERTILIZATION,5,5,-0.5915929223632812,3.915344238281104e-05,-0.591632075805664,0.34100841337021115,0.9993403293100279,-1
REACTOME_BILE_ACID_AND_BILE_SALT_METABOLISM,6,6,0.5462648944556713,-0.00022660156249998398,0.5464914960181713,0.3102565829209343,0.9993403293100279,1
REACTOME_SYNTHESIS_OF_BILE_ACIDS_AND_BILE_SALTS,6,6,0.5462648944556713,-0.00022660156249998398,0.5464914960181713,0.3102565829209343,0.9993403293100279,1
REACTOME_ACTIVATION_OF_MATRIX_METALLOPROTEINASES,7,7,-0.5211493725585938,3.915344238281104e-05,-0.5211885260009766,0.21869913968604188,0.9993403293100279,-1
REACTOME_DETOXIFICATION_OF_REACTIVE_OXYGEN_SPECIES,5,5,0.5030042358398438,-0.00011330078124999199,0.5031175366210938,0.5371667878596257,0.9993403293100279,1
REACTOME_DOWNREGULATION_OF_ERBB2_ERBB3_SIGNALING,5,5,-0.47880592773437497,3.915344238281104e-05,-0.4788450811767578,0.2230213564752752,0.9993403293100279,-1
REACTOME_DOWNREGULATION_OF_ERBB2_SIGNALING,7,7,-0.47880592773437497,3.915344238281104e-05,-0.4788450811767578,0.19294226758410224,0.9993403293100279,-1
REACTOME_PLATELET_CALCIUM_HOMEOSTASIS,5,5,0.4298741690063477,-0.00011330078124999199,0.42998746978759766,0.3323278542839045,0.9993403293100279,1
REACTOME_SYNAPTIC_ADHESION_LIKE_MOLECULES,5,5,-0.4254967993164062,3.915344238281104e-05,-0.425535952758789,0.22611507535532172,0.9993403293100279,-1
REACTOME_MET_PROMOTES_CELL_MOTILITY,5,5,-0.42115802001953123,0.0001969320678711084,-0.42135495208740237,0.18969810360938685,0.9993403293100279,-1
REACTOME_CONSTITUTIVE_SIGNALING_BY_AKT1_E17K_IN_CANCER,5,5,0.4037807323455811,-0.00011330078124999199,0.4038940331268311,0.3356504974778274,0.9993403293100279,1
REACTOME_TNFS_BIND_THEIR_PHYSIOLOGICAL_RECEPTORS,15,15,0.3987948771762848,-0.000606370239257803,0.3994012474155426,0.24878039932888807,0.9993403293100279,1
REACTOME_INFLAMMASOMES,7,7,0.39256854356765747,-0.000606370239257803,0.39317491380691527,0.33898104066147433,0.9993403293100279,1
REACTOME_CHAPERONE_MEDIATED_AUTOPHAGY,8,8,0.38985768333435067,-0.00022660156249998398,0.39008428489685065,0.7007330089010647,0.9993403293100279,1
REACTOME_RHOH_GTPASE_CYCLE,5,5,-0.38960225830078127,0.0001969320678711084,-0.3897991903686524,0.1995266529680312,0.9993403293100279,-1
REACTOME_SYNTHESIS_OF_IP3_AND_IP4_IN_THE_CYTOSOL,6,6,0.38852992126464847,0.0,0.38852992126464847,0.6024107215517902,0.9993403293100279,1
REACTOME_REVERSIBLE_HYDRATION_OF_CARBON_DIOXIDE,5,5,0.3757617023277283,-0.00011330078124999199,0.3758750031089783,0.30647042490751875,0.9993403293100279,1
REACTOME_STRIATED_MUSCLE_CONTRACTION,6,6,-0.35237715682983395,7.830688476562209e-05,-0.35245546371459957,0.5194966044972271,0.9993403293100279,-1
REACTOME_GROWTH_HORMONE_RECEPTOR_SIGNALING,6,6,0.3462615494537354,-0.00022660156249998398,0.34648815101623537,0.2766516060643604,0.9993403293100279,1
REACTOME_CELL_CELL_JUNCTION_ORGANIZATION,9,9,0.3417996758747101,-0.000606370239257803,0.3424060461139679,0.29689731732785096,0.9993403293100279,1
REACTOME_CELL_JUNCTION_ORGANIZATION,9,9,0.3417996758747101,-0.000606370239257803,0.3424060461139679,0.29689731732785096,0.9993403293100279,1
REACTOME_TIGHT_JUNCTION_INTERACTIONS,7,7,0.3417996758747101,-0.000606370239257803,0.3424060461139679,0.20635963982673125,0.9993403293100279,1
REACTOME_ZINC_TRANSPORTERS,5,5,-0.3411820019531249,0.0001969320678711084,-0.34137893402099606,0.19739193362673774,0.9993403293100279,-1
REACTOME_SPHINGOLIPID_DE_NOVO_BIOSYNTHESIS,7,7,0.33804329030990604,-0.000606370239257803,0.33864966054916384,0.54823438082462,0.9993403293100279,1
REACTOME_EPHA_MEDIATED_GROWTH_CONE_COLLAPSE,7,7,-0.33612495849609375,3.915344238281104e-05,-0.33616411193847656,0.440834944908244,0.9993403293100279,-1
REACTOME_BINDING_AND_UPTAKE_OF_LIGANDS_BY_SCAVENGER_RECEPTORS,11,11,0.33497588834762576,-0.000606370239257803,0.33558225858688356,0.2492388930644942,0.9993403293100279,1
REACTOME_FOXO_MEDIATED_TRANSCRIPTION_OF_CELL_DEATH_GENES,8,8,-0.33104488891601563,7.830688476562209e-05,-0.33112319580078126,0.21092725196127596,0.9993403293100279,-1
REACTOME_DISEASES_ASSOCIATED_WITH_O_GLYCOSYLATION_OF_PROTEINS,9,9,0.3306529131507874,-0.00011330078124999199,0.33076621393203737,0.6519212422248692,0.9993403293100279,1
REACTOME_ASSEMBLY_OF_THE_HIV_VIRION,5,5,0.3242199587726593,-0.000606370239257803,0.3248263290119171,0.32053261322900356,0.9993403293100279,1
REACTOME_LATE_ENDOSOMAL_MICROAUTOPHAGY,9,9,0.3242199587726593,-0.000606370239257803,0.3248263290119171,0.5697604902147071,0.9993403293100279,1
REACTOME_VEGFR2_MEDIATED_VASCULAR_PERMEABILITY,5,5,0.3220261510848999,-0.00011330078124999199,0.3221394518661499,0.47398561227637376,0.9993403293100279,1
REACTOME_INTERLEUKIN_2_SIGNALING,6,6,0.32049072674751283,-0.00022660156249998398,0.3207173283100128,0.34817404217251263,0.9993403293100279,1
REACTOME_RUNX1_AND_FOXP3_CONTROL_THE_DEVELOPMENT_OF_REGULATORY_T_LYMPHOCYTES_TREGS,7,7,0.3147860855674744,-0.000606370239257803,0.3153924558067322,0.4049494497572219,0.9993403293100279,1
REACTOME_GLUCONEOGENESIS,6,6,0.31267825965881346,-0.000986138916015622,0.3136643985748291,0.23226761563443116,0.9993403293100279,1
REACTOME_TP53_REGULATES_TRANSCRIPTION_OF_ADDITIONAL_CELL_CYCLE_GENES_WHOSE_EXACT_ROLE_IN_THE_P53_PATHWAY_REMAIN_UNCERTAIN,6,6,0.3116272400283814,-0.00022660156249998398,0.31185384159088136,0.5703558670904653,0.9993403293100279,1
REACTOME_CELLULAR_RESPONSE_TO_HYPOXIA,8,8,0.3082370522665978,-0.00022660156249998398,0.3084636538290978,0.6615569008366781,0.9993403293100279,1
REACTOME_FORMATION_OF_THE_EARLY_ELONGATION_COMPLEX,9,9,-0.3077232299804687,3.915344238281104e-05,-0.3077623834228515,0.31092375314635845,0.9993403293100279,-1
REACTOME_MRNA_CAPPING,7,7,-0.3077232299804687,3.915344238281104e-05,-0.3077623834228515,0.27654842436021865,0.9993403293100279,-1
REACTOME_ION_HOMEOSTASIS,9,9,0.3066363521575928,-0.000606370239257803,0.3072427223968506,0.213526055687161,0.9993403293100279,1
REACTOME_GLUTATHIONE_CONJUGATION,8,8,0.30556923807263375,-0.000986138916015622,0.3065553769886494,0.18350758807106762,0.9993403293100279,1
REACTOME_MAP2K_AND_MAPK_ACTIVATION,8,8,-0.30545937194824213,7.830688476562209e-05,-0.30553767883300775,0.1966966317429147,0.9993403293100279,-1
REACTOME_SIGNALING_BY_MODERATE_KINASE_ACTIVITY_BRAF_MUTANTS,8,8,-0.30545937194824213,7.830688476562209e-05,-0.30553767883300775,0.2826785233901486,0.9993403293100279,-1
REACTOME_BMAL1_CLOCK_NPAS2_ACTIVATES_CIRCADIAN_GENE_EXPRESSION,7,7,-0.30415427978515625,0.0001969320678711084,-0.3043512118530274,0.3246892675292107,0.9993403293100279,-1
REACTOME_INTERLEUKIN_2_FAMILY_SIGNALING,14,14,0.29794280643939974,-0.000986138916015622,0.29892894535541537,0.2424835694105948,0.9993403293100279,1
REACTOME_RAB_GERANYLGERANYLATION,7,7,-0.29045716674804684,0.0001969320678711084,-0.29065409881591797,0.4691101859085305,0.9993403293100279,-1
REACTOME_SENSORY_PROCESSING_OF_SOUND_BY_OUTER_HAIR_CELLS_OF_THE_COCHLEA,6,6,-0.287858994140625,0.0003155572509765947,-0.2881745513916016,0.39309375789555195,0.9993403293100279,-1
REACTOME_INTERACTION_BETWEEN_L1_AND_ANKYRINS,6,6,-0.287858994140625,7.830688476562209e-05,-0.2879373010253906,0.7077080513548193,0.9993403293100279,-1
REACTOME_CELLULAR_RESPONSE_TO_CHEMICAL_STRESS,24,24,0.28673116619110106,-0.0010412756347655816,0.28777244182586664,0.2810991451026804,0.9993403293100279,1
REACTOME_B_WICH_COMPLEX_POSITIVELY_REGULATES_RRNA_EXPRESSION,7,7,-0.28683388427734374,3.915344238281104e-05,-0.28687303771972655,0.22800501646906404,0.9993403293100279,-1
REACTOME_INTERLEUKIN_7_SIGNALING,6,6,0.28125445165634155,-0.000986138916015622,0.2822405905723572,0.17811861481396957,0.9993403293100279,1
REACTOME_GENE_AND_PROTEIN_EXPRESSION_BY_JAK_STAT_SIGNALING_AFTER_INTERLEUKIN_12_STIMULATION,7,7,0.28106178512573243,-0.000606370239257803,0.28166815536499024,0.3458380074324267,0.9993403293100279,1
REACTOME_MITOCHONDRIAL_BIOGENESIS,16,16,0.27778787879943845,-0.000986138916015622,0.27877401771545407,0.31836143486180024,0.9993403293100279,1
REACTOME_TRANSCRIPTIONAL_ACTIVATION_OF_MITOCHONDRIAL_BIOGENESIS,12,12,0.27778787879943845,-0.000986138916015622,0.27877401771545407,0.4164334746992422,0.9993403293100279,1
REACTOME_MITOCHONDRIAL_FATTY_ACID_BETA_OXIDATION,5,5,-0.27668532348632807,3.915344238281104e-05,-0.2767244769287109,0.7842967830101165,0.9993403293100279,-1
REACTOME_P75_NTR_RECEPTOR_MEDIATED_SIGNALLING,29,29,0.26862673477172855,-0.0015849069213866862,0.27021164169311523,0.5322938508281596,0.9993403293100279,1
REACTOME_CYTOPROTECTION_BY_HMOX1,19,19,0.26862673477172855,-0.0010137072753906018,0.2696404420471191,0.37686010168213524,0.9993403293100279,1
REACTOME_ASSEMBLY_AND_CELL_SURFACE_PRESENTATION_OF_NMDA_RECEPTORS,7,7,0.26844790464401247,-0.0010137072753906018,0.2694616119194031,0.3738005018451053,0.9993403293100279,1
REACTOME_MUSCLE_CONTRACTION,27,27,0.26844790464401247,-0.0010137072753906018,0.2694616119194031,0.23448994765806885,0.9993403293100279,1
REACTOME_AGGREPHAGY,7,7,0.26862673477172855,-0.000606370239257803,0.26923310501098635,0.563881532402015,0.9993403293100279,1
REACTOME_CYTOSOLIC_SENSORS_OF_PATHOGEN_ASSOCIATED_DNA,13,13,0.26862673477172855,-0.000606370239257803,0.26923310501098635,0.22876208901656625,0.9993403293100279,1
REACTOME_DEGRADATION_OF_AXIN,7,7,0.26862673477172855,-0.000606370239257803,0.26923310501098635,0.41065232479732755,0.9993403293100279,1
REACTOME_DEGRADATION_OF_GLI1_BY_THE_PROTEASOME,7,7,0.26862673477172855,-0.000606370239257803,0.26923310501098635,0.40874631558097724,0.9993403293100279,1
REACTOME_REGULATION_OF_SIGNALING_BY_CBL,9,9,0.26862673477172855,-0.000606370239257803,0.26923310501098635,0.32807760888474624,0.9993403293100279,1
REACTOME_STABILIZATION_OF_P53,5,5,0.26862673477172855,-0.000606370239257803,0.26923310501098635,0.38389914403201814,0.9993403293100279,1
REACTOME_STIMULI_SENSING_CHANNELS,11,11,0.26862673477172855,-0.000606370239257803,0.26923310501098635,0.5904368204794435,0.9993403293100279,1
REACTOME_THE_ROLE_OF_GTSE1_IN_G2_M_PROGRESSION_AFTER_G2_CHECKPOINT,9,9,0.26862673477172855,-0.000606370239257803,0.26923310501098635,0.5280172389935827,0.9993403293100279,1
REACTOME_CARDIAC_CONDUCTION,15,15,0.26844790464401247,-0.000606370239257803,0.2690542748832703,0.587912076368042,0.9993403293100279,1
REACTOME_LONG_TERM_POTENTIATION,5,5,0.26844790464401247,-0.000606370239257803,0.2690542748832703,0.3594689519939664,0.9993403293100279,1
REACTOME_ANTIGEN_PROCESSING_CROSS_PRESENTATION,15,15,0.26862673477172855,-0.00011330078124999199,0.26874003555297854,0.9157185595844991,0.9993403293100279,1
REACTOME_DECTIN_1_MEDIATED_NONCANONICAL_NF_KB_SIGNALING,5,5,0.26862673477172855,-0.00011330078124999199,0.26874003555297854,0.7718820862980686,0.9993403293100279,1
REACTOME_DEFECTIVE_CFTR_CAUSES_CYSTIC_FIBROSIS,5,5,0.26862673477172855,-0.00011330078124999199,0.26874003555297854,0.6288285589701406,0.9993403293100279,1
REACTOME_IKK_COMPLEX_RECRUITMENT_MEDIATED_BY_RIP1,5,5,0.26862673477172855,-0.00011330078124999199,0.26874003555297854,0.8173102700440006,0.9993403293100279,1
REACTOME_MAP3K8_TPL2_DEPENDENT_MAPK1_3_ACTIVATION,5,5,0.26862673477172855,-0.00011330078124999199,0.26874003555297854,0.48253463067160823,0.9993403293100279,1
REACTOME_PEXOPHAGY,5,5,0.26862673477172855,-0.00011330078124999199,0.26874003555297854,0.6790213233235266,0.9993403293100279,1
REACTOME_REGULATION_OF_MRNA_STABILITY_BY_PROTEINS_THAT_BIND_AU_RICH_ELEMENTS,11,11,0.26862673477172855,-0.00011330078124999199,0.26874003555297854,0.49514803369539384,0.9993403293100279,1
REACTOME_SYNTHESIS_OF_ACTIVE_UBIQUITIN_ROLES_OF_E1_AND_E2_ENZYMES,7,7,0.26862673477172855,-0.00011330078124999199,0.26874003555297854,0.36691097965946917,0.9993403293100279,1
REACTOME_PLASMA_LIPOPROTEIN_REMODELING,6,6,0.2676638207137585,-0.00022660156249998398,0.2678904222762585,0.44045850494783095,0.9993403293100279,1
REACTOME_FGFR2_ALTERNATIVE_SPLICING,6,6,0.2634910289537907,-0.000986138916015622,0.2644771678698063,0.28017374698668734,0.9993403293100279,1
REACTOME_ELASTIC_FIBRE_FORMATION,7,7,0.26096921005249024,-0.000606370239257803,0.26157558029174804,0.45182995176710905,0.9993403293100279,1
REACTOME_SIGNALING_BY_SCF_KIT,11,11,-0.26026709472656245,3.915344238281104e-05,-0.26030624816894526,0.40215448143610777,0.9993403293100279,-1
REACTOME_ASYMMETRIC_LOCALIZATION_OF_PCP_PROTEINS,7,7,-0.25660248657226564,3.915344238281104e-05,-0.25664164001464845,0.4622922745278257,0.9993403293100279,-1
REACTOME_HEME_SIGNALING,14,14,0.2532464896392822,-0.000986138916015622,0.2542326285552978,0.6519586175466572,0.9993403293100279,1
REACTOME_TRANSLESION_SYNTHESIS_BY_POLK,7,7,0.25076736518859866,-0.0010137072753906018,0.2517810724639893,0.38046157768281813,0.9993403293100279,1
REACTOME_INTERLEUKIN_17_SIGNALING,15,15,0.2507401599884033,-0.0010137072753906018,0.2517538672637939,0.1859800913649039,0.9993403293100279,1
REACTOME_TRAFFICKING_OF_AMPA_RECEPTORS,5,5,0.2473723167562485,-0.000606370239257803,0.2479786869955063,0.36540067116918123,0.9993403293100279,1
REACTOME_MAPK_TARGETS_NUCLEAR_EVENTS_MEDIATED_BY_MAP_KINASES,9,9,0.24586936500549317,-0.000606370239257803,0.24647573524475097,0.48602223317941906,0.9993403293100279,1
REACTOME_NUCLEAR_EVENTS_KINASE_AND_TRANSCRIPTION_FACTOR_ACTIVATION,15,15,0.24586936500549317,-0.000606370239257803,0.24647573524475097,0.5263284435250289,0.9993403293100279,1
REACTOME_ACTIVATION_OF_THE_MRNA_UPON_BINDING_OF_THE_CAP_BINDING_COMPLEX_AND_EIFS_AND_SUBSEQUENT_BINDING_TO_43S,6,6,-0.2456701702880859,0.0003155572509765947,-0.2459857275390625,0.17198872855880293,0.9993403293100279,-1
REACTOME_INTERLEUKIN_6_FAMILY_SIGNALING,6,6,0.24481659942626954,-0.00022660156249998398,0.24504320098876953,0.8103236186465355,0.9993403293100279,1
REACTOME_SUMOYLATION_OF_DNA_METHYLATION_PROTEINS,6,6,-0.2440542114257812,7.830688476562209e-05,-0.24413251831054683,0.1852227231945598,0.9993403293100279,-1
REACTOME_FCERI_MEDIATED_MAPK_ACTIVATION,10,10,-0.2440473809814453,7.830688476562209e-05,-0.24412568786621092,0.26172077619560674,0.9993403293100279,-1
REACTOME_G1_S_DNA_DAMAGE_CHECKPOINTS,7,7,0.24360589493751528,-0.00011330078124999199,0.24371919571876527,0.9505550057235671,0.9993403293100279,1
REACTOME_ACTIVATED_NOTCH1_TRANSMITS_SIGNAL_TO_THE_NUCLEUS,5,5,0.2429137211608887,-0.000606370239257803,0.2435200914001465,0.32378293657325896,0.9993403293100279,1
REACTOME_APC_CDC20_MEDIATED_DEGRADATION_OF_NEK2A,10,10,0.24238415783882145,-0.0010412756347655816,0.24342543347358703,0.25398301262335576,0.9993403293100279,1
REACTOME_APC_C_MEDIATED_DEGRADATION_OF_CELL_CYCLE_PROTEINS,14,14,0.24238415783882145,-0.0010412756347655816,0.24342543347358703,0.44069385664305105,0.9993403293100279,1
REACTOME_TRANSCRIPTIONAL_REGULATION_OF_PLURIPOTENT_STEM_CELLS,9,9,-0.24314458496093744,3.915344238281104e-05,-0.24318373840332025,0.33326675954538754,0.9993403293100279,-1
REACTOME_ZBP1_DAI_MEDIATED_INDUCTION_OF_TYPE_I_IFNS,5,5,0.2429137211608887,-0.00011330078124999199,0.24302702194213868,0.35842813068951285,0.9993403293100279,1
REACTOME_PCP_CE_PATHWAY,8,8,-0.24268394653320313,7.830688476562209e-05,-0.24276225341796875,0.3678618732937736,0.9993403293100279,-1
REACTOME_REGULATION_OF_PTEN_STABILITY_AND_ACTIVITY,8,8,0.24126608741760258,-0.00022660156249998398,0.24149268898010257,0.8036828677422868,0.9993403293100279,1
REACTOME_RAC3_GTPASE_CYCLE,14,14,0.24012244843482974,-0.000986138916015622,0.24110858735084537,0.5414422319651222,0.9993403293100279,1
REACTOME_COLLAGEN_DEGRADATION,13,13,-0.23908025268554683,0.0011529275512695558,-0.2402331802368164,0.18923819595489522,0.9993403293100279,-1
REACTOME_ECM_PROTEOGLYCANS,15,15,-0.23908025268554683,0.0011529275512695558,-0.2402331802368164,0.2967443992812798,0.9993403293100279,-1
REACTOME_CELL_DEATH_SIGNALLING_VIA_NRAGE_NRIF_AND_NADE,25,25,0.2388781481933594,-0.0010137072753906018,0.23989185546875,0.8386196197497391,0.9993403293100279,1
REACTOME_RND1_GTPASE_CYCLE,8,8,0.23599779601573947,-0.000986138916015622,0.2369839349317551,0.3102651799575381,0.9993403293100279,1
REACTOME_RAS_PROCESSING,7,7,0.23633565109252933,-0.000606370239257803,0.23694202133178713,0.25114534941131345,0.9993403293100279,1
REACTOME_O_GLYCOSYLATION_OF_TSR_DOMAIN_CONTAINING_PROTEINS,6,6,-0.23419636901855467,7.830688476562209e-05,-0.2342746759033203,0.31727158854650533,0.9993403293100279,-1
REACTOME_PURINE_CATABOLISM,5,5,-0.23327246215820313,0.0001969320678711084,-0.23346939422607424,0.28070870898377337,0.9993403293100279,-1
REACTOME_SIALIC_ACID_METABOLISM,10,10,-0.23289217041015625,7.830688476562209e-05,-0.23297047729492187,0.3697850380984936,0.9993403293100279,-1
REACTOME_SYNTHESIS_OF_SUBSTRATES_IN_N_GLYCAN_BIOSYTHESIS,16,16,-0.23289217041015625,7.830688476562209e-05,-0.23297047729492187,0.28838235025315506,0.9993403293100279,-1
REACTOME_INOSITOL_PHOSPHATE_METABOLISM,13,13,-0.23175148925781247,0.0001969320678711084,-0.23194842132568358,0.3678308956170929,0.9993403293100279,-1
REACTOME_HCMV_LATE_EVENTS,13,13,0.23080150482177736,-0.0010137072753906018,0.23181521209716796,0.22748399439259592,0.9993403293100279,1
REACTOME_PHASE_II_CONJUGATION_OF_COMPOUNDS,15,15,0.22956757690429688,-0.000606370239257803,0.23017394714355469,0.511340077003362,0.9993403293100279,1
REACTOME_HDACS_DEACETYLATE_HISTONES,12,12,-0.22596356506347653,7.830688476562209e-05,-0.22604187194824216,0.33255049397893366,0.9993403293100279,-1
REACTOME_G_PROTEIN_ACTIVATION,9,9,0.22293548030853275,-0.000606370239257803,0.22354185054779055,0.33326675954538754,0.9993403293100279,1
REACTOME_SPHINGOLIPID_METABOLISM,14,14,0.22214758387565617,-0.000986138916015622,0.2231337227916718,0.5109791903395255,0.9993403293100279,1
REACTOME_GAMMA_CARBOXYLATION_HYPUSINE_FORMATION_AND_ARYLSULFATASE_ACTIVATION,13,13,-0.2227961938476562,0.0001969320678711084,-0.2229931259155273,0.17818455928029908,0.9993403293100279,-1
REACTOME_SYNTHESIS_OF_PC,7,7,-0.22291541259765618,3.915344238281104e-05,-0.222954566040039,0.8701583323716741,0.9993403293100279,-1
REACTOME_G_BETA_GAMMA_SIGNALLING_THROUGH_PI3KGAMMA,9,9,0.22198563236236574,-0.000606370239257803,0.22259200260162354,0.3817905325808043,0.9993403293100279,1
REACTOME_MATURATION_OF_PROTEIN_3A,5,5,-0.22233072021484374,3.915344238281104e-05,-0.22236987365722655,0.623293279648697,0.9993403293100279,-1
REACTOME_ACTIVATION_OF_THE_PRE_REPLICATIVE_COMPLEX,12,12,-0.21958294494628905,0.0003155572509765947,-0.21989850219726564,0.4927247228988736,0.9993403293100279,-1
REACTOME_ORC1_REMOVAL_FROM_CHROMATIN,12,12,-0.21958294494628905,0.0003155572509765947,-0.21989850219726564,0.261901414678962,0.9993403293100279,-1
REACTOME_TRANSLESION_SYNTHESIS_BY_POLH,9,9,0.21794886439561845,-0.0010137072753906018,0.21896257167100905,0.3476169935436846,0.9993403293100279,1
REACTOME_TP53_REGULATES_TRANSCRIPTION_OF_DNA_REPAIR_GENES,16,16,-0.21799802795410156,0.0003155572509765947,-0.21831358520507815,0.24337440929287113,0.9993403293100279,-1
REACTOME_NON_INTEGRIN_MEMBRANE_ECM_INTERACTIONS,8,8,-0.21541262115478516,7.830688476562209e-05,-0.21549092803955078,0.5221477781482126,0.9993403293100279,-1
REACTOME_THE_NLRP3_INFLAMMASOME,6,6,0.21510076840877534,-0.00022660156249998398,0.21532736997127533,0.5079068939434839,0.9993403293100279,1
REACTOME_CHOLESTEROL_BIOSYNTHESIS,11,11,-0.21323072021484374,0.0011529275512695558,-0.2143836477661133,0.35987801711309786,0.9993403293100279,-1
REACTOME_REGULATION_OF_RUNX2_EXPRESSION_AND_ACTIVITY,6,6,0.21394241264343264,-0.00022660156249998398,0.21416901420593262,0.7919600871110402,0.9993403293100279,1
REACTOME_RHO_GTPASES_ACTIVATE_WASPS_AND_WAVES,6,6,-0.21350461013793945,7.830688476562209e-05,-0.21358291702270507,0.2917495799192073,0.9993403293100279,-1
REACTOME_SYNTHESIS_OF_GLYCOSYLPHOSPHATIDYLINOSITOL_GPI,7,7,-0.2123441943359375,3.915344238281104e-05,-0.2123833477783203,0.7694185897993523,0.9993403293100279,-1
REACTOME_SARS_COV_1_INFECTION,12,12,0.2108949967479706,-0.000986138916015622,0.21188113566398623,0.25500478046548525,0.9993403293100279,1
REACTOME_AUTOPHAGY,30,30,0.20947209190368654,-0.000986138916015622,0.21045823081970216,0.5648979868337174,0.9993403293100279,1
REACTOME_TP53_REGULATES_TRANSCRIPTION_OF_CELL_CYCLE_GENES,14,14,-0.20926377624511716,0.0003155572509765947,-0.20957933349609376,0.23297113474868647,0.9993403293100279,-1
REACTOME_TRIGLYCERIDE_CATABOLISM,5,5,-0.20762076660156242,3.915344238281104e-05,-0.20765992004394523,0.5226007913457297,0.9993403293100279,-1
REACTOME_GAP_JUNCTION_TRAFFICKING_AND_REGULATION,5,5,-0.20436690063476565,3.915344238281104e-05,-0.20440605407714846,0.49571224900199257,0.9993403293100279,-1
REACTOME_AMYLOID_FIBER_FORMATION,13,13,0.20339576385498048,-0.000606370239257803,0.20400213409423829,0.5752894157424001,0.9993403293100279,1
REACTOME_TGF_BETA_RECEPTOR_SIGNALING_IN_EMT_EPITHELIAL_TO_MESENCHYMAL_TRANSITION,6,6,0.2033197129058838,-0.00022660156249998398,0.20354631446838378,0.6782755461806751,0.9993403293100279,1
REACTOME_MOLECULES_ASSOCIATED_WITH_ELASTIC_FIBRES,6,6,0.19852666738510133,-0.00022660156249998398,0.1987532689476013,0.5732007925282039,0.9993403293100279,1
REACTOME_EUKARYOTIC_TRANSLATION_INITIATION,14,14,-0.19772137695312497,0.0003155572509765947,-0.19803693420410157,0.22190943767699256,0.9993403293100279,-1
REACTOME_COMMON_PATHWAY_OF_FIBRIN_CLOT_FORMATION,5,5,0.19722129791259768,-0.000606370239257803,0.19782766815185548,0.2774405577395624,0.9993403293100279,1
REACTOME_FORMATION_OF_FIBRIN_CLOT_CLOTTING_CASCADE,8,8,0.19167257684707645,-0.000986138916015622,0.19265871576309207,0.3578888113064825,0.9993403293100279,1
REACTOME_GAP_FILLING_DNA_REPAIR_SYNTHESIS_AND_LIGATION_IN_GG_NER,10,10,0.19071058567047122,-0.0010412756347655816,0.1917518613052368,0.3015159027311002,0.9993403293100279,1
REACTOME_NUCLEOTIDE_CATABOLISM,8,8,-0.19044216735839842,7.830688476562209e-05,-0.19052047424316404,0.7450005064875936,0.9993403293100279,-1
REACTOME_DISEASES_ASSOCIATED_WITH_GLYCOSYLATION_PRECURSOR_BIOSYNTHESIS,6,6,-0.1900209989929199,0.0,-0.1900209989929199,0.32468287233140836,0.9993403293100279,-1
REACTOME_PEROXISOMAL_LIPID_METABOLISM,10,10,-0.1891889184570312,7.830688476562209e-05,-0.18926722534179682,0.6380060408169985,0.9993403293100279,-1
REACTOME_DEPOLYMERISATION_OF_THE_NUCLEAR_LAMINA,6,6,0.18890493739604952,-0.00022660156249998398,0.1891315389585495,0.2548411178313705,0.9993403293100279,1
REACTOME_SYNTHESIS_OF_PA,7,7,0.18757804321289065,-0.00011330078124999199,0.18769134399414064,0.9685634779930273,0.9993403293100279,1
REACTOME_INTRINSIC_PATHWAY_OF_FIBRIN_CLOT_FORMATION,5,5,0.1861238557815552,-0.000606370239257803,0.186730226020813,0.5458238255713953,0.9993403293100279,1
REACTOME_RRNA_MODIFICATION_IN_THE_NUCLEUS_AND_CYTOSOL,19,19,-0.1863044274902344,0.0001969320678711084,-0.1865013595581055,0.2327557430184396,0.9993403293100279,-1
REACTOME_CTLA4_INHIBITORY_SIGNALING,5,5,-0.18605041137695305,3.915344238281104e-05,-0.18608956481933586,0.7614954303887052,0.9993403293100279,-1
REACTOME_RAF_ACTIVATION,5,5,-0.18605041137695305,3.915344238281104e-05,-0.18608956481933586,0.601807184845478,0.9993403293100279,-1
REACTOME_SIGNALING_BY_WNT_IN_CANCER,5,5,-0.18605041137695305,3.915344238281104e-05,-0.18608956481933586,0.6306780246587728,0.9993403293100279,-1
REACTOME_SIGNALING_BY_NOTCH1,17,17,0.18421480316162112,-0.0010137072753906018,0.18522851043701172,0.38704320835288175,0.9993403293100279,1
REACTOME_CD28_CO_STIMULATION,10,10,0.18476186395645144,-0.00022660156249998398,0.18498846551895143,0.5919237748709463,0.9993403293100279,1
REACTOME_HEDGEHOG_ON_STATE,11,11,0.18421480316162112,-0.000606370239257803,0.18482117340087892,0.43792305741687,0.9993403293100279,1
REACTOME_ION_TRANSPORT_BY_P_TYPE_ATPASES,10,10,0.18396089629173282,-0.00022660156249998398,0.1841874978542328,0.790768296808101,0.9993403293100279,1
REACTOME_HIV_TRANSCRIPTION_ELONGATION,10,10,-0.1825578460693359,7.830688476562209e-05,-0.18263615295410152,0.311330266042973,0.9993403293100279,-1
REACTOME_MAPK6_MAPK4_SIGNALING,17,17,0.17686110122680665,-0.0010137072753906018,0.17787480850219725,0.3367335989430623,0.9993403293100279,1
REACTOME_HOST_INTERACTIONS_OF_HIV_FACTORS,24,24,0.17533602252960206,-0.002128538208007791,0.17746456073760986,0.21361842689750155,0.9993403293100279,1
REACTOME_NOTCH_HLH_TRANSCRIPTION_PATHWAY,6,6,0.17629587436676025,-0.00022660156249998398,0.17652247592926024,0.450145106542318,0.9993403293100279,1
REACTOME_DNA_DAMAGE_BYPASS,16,16,0.17430133527398112,-0.0010412756347655816,0.1753426109087467,0.18396796230509815,0.9993403293100279,1
REACTOME_TRANSPORT_OF_INORGANIC_CATIONS_ANIONS_AND_AMINO_ACIDS_OLIGOPEPTIDES,11,11,-0.17433091552734375,3.915344238281104e-05,-0.17437006896972657,0.6666883752952963,0.9993403293100279,-1
REACTOME_SIGNALING_BY_FGFR3,8,8,0.17315554847717288,-0.000986138916015622,0.1741416873931885,0.5238430501714185,0.9993403293100279,1
REACTOME_CREB1_PHOSPHORYLATION_THROUGH_NMDA_RECEPTOR_MEDIATED_ACTIVATION_OF_RAS_SIGNALING,6,6,0.17306613341331484,-0.000986138916015622,0.17405227232933046,0.5300368585106154,0.9993403293100279,1
REACTOME_REGULATION_OF_RAS_BY_GAPS,8,8,0.17315554847717288,-0.00022660156249998398,0.17338215003967286,0.6559223497377494,0.9993403293100279,1
REACTOME_MYD88_INDEPENDENT_TLR4_CASCADE,24,24,0.16644554859161378,-0.00022660156249998398,0.16667215015411377,0.6391286648522786,0.9993403293100279,1
REACTOME_RND2_GTPASE_CYCLE,7,7,0.16537076304435733,-0.0010137072753906018,0.16638447031974793,0.4264060237642228,0.9993403293100279,1
REACTOME_RHOG_GTPASE_CYCLE,13,13,0.16537076304435733,-0.000606370239257803,0.16597713328361513,0.5892003721864824,0.9993403293100279,1
REACTOME_G2_M_CHECKPOINTS,24,24,-0.16494981201171877,0.0003155572509765947,-0.16526536926269536,0.3848631548259751,0.9993403293100279,-1
REACTOME_RHOU_GTPASE_CYCLE,10,10,-0.16427396057128907,7.830688476562209e-05,-0.1643522674560547,0.2871846122260656,0.9993403293100279,-1
REACTOME_PEPTIDE_HORMONE_METABOLISM,12,12,0.1641158768463135,-0.00022660156249998398,0.1643424784088135,0.5352079766030644,0.9993403293100279,1
REACTOME_APC_C_CDC20_MEDIATED_DEGRADATION_OF_CYCLIN_B,8,8,0.16292667218208312,-0.000986138916015622,0.16391281109809874,0.5727391589678053,0.9993403293100279,1
REACTOME_APC_C_CDH1_MEDIATED_DEGRADATION_OF_CDC20_AND_OTHER_APC_C_CDH1_TARGETED_PROTEINS_IN_LATE_MITOSIS_EARLY_G1,12,12,0.16292667218208312,-0.000986138916015622,0.16391281109809874,0.7952251860891479,0.9993403293100279,1
REACTOME_INHIBITION_OF_THE_PROTEOLYTIC_ACTIVITY_OF_APC_C_REQUIRED_FOR_THE_ONSET_OF_ANAPHASE_BY_MITOTIC_SPINDLE_CHECKPOINT_COMPONENTS,8,8,0.16292667218208312,-0.000986138916015622,0.16391281109809874,0.5090184781110797,0.9993403293100279,1
REACTOME_MEIOTIC_RECOMBINATION,6,6,-0.163061796875,7.830688476562209e-05,-0.16314010375976562,0.7179109490415149,0.9993403293100279,-1
REACTOME_DOWNREGULATION_OF_TGF_BETA_RECEPTOR_SIGNALING,8,8,0.16211650205612185,-0.000986138916015622,0.16310264097213747,0.5593585375445341,0.9993403293100279,1
REACTOME_TGF_BETA_RECEPTOR_SIGNALING_ACTIVATES_SMADS,8,8,0.16211650205612185,-0.000986138916015622,0.16310264097213747,0.5593585375445341,0.9993403293100279,1
REACTOME_TNFR2_NON_CANONICAL_NF_KB_PATHWAY,25,25,0.16232540847778323,-0.000606370239257803,0.16293177871704104,0.43183426756203425,0.9993403293100279,1
REACTOME_MITOCHONDRIAL_CALCIUM_ION_TRANSPORT,5,5,0.16244183532714845,-0.00011330078124999199,0.16255513610839845,0.44763741667377466,0.9993403293100279,1
REACTOME_INTERLEUKIN_10_SIGNALING,19,19,0.16232540847778323,-0.00011330078124999199,0.16243870925903323,0.36078659836299953,0.9993403293100279,1
REACTOME_TRANSPORT_OF_BILE_SALTS_AND_ORGANIC_ACIDS_METAL_IONS_AND_AMINE_COMPOUNDS,11,11,-0.16216226806640627,0.0001969320678711084,-0.16235920013427738,0.3898879732429569,0.9993403293100279,-1
REACTOME_FGFR1_MUTANT_RECEPTOR_ACTIVATION,6,6,-0.16218097351074215,7.830688476562209e-05,-0.16225928039550777,0.37754645273806997,0.9993403293100279,-1
REACTOME_SIGNALING_BY_RETINOIC_ACID,11,11,0.16145426208496097,-0.00011330078124999199,0.16156756286621096,0.8037301265630586,0.9993403293100279,1
REACTOME_COLLAGEN_CHAIN_TRIMERIZATION,8,8,-0.1612179605102539,0.0003155572509765947,-0.16153351776123048,0.27400465355873016,0.9993403293100279,-1
REACTOME_ADVANCED_GLYCOSYLATION_ENDPRODUCT_RECEPTOR_SIGNALING,5,5,-0.16122090209960932,0.0001969320678711084,-0.16141783416748043,0.17212257169927891,0.9993403293100279,-1
REACTOME_DEFECTIVE_INTRINSIC_PATHWAY_FOR_APOPTOSIS,7,7,-0.16122090209960932,0.0001969320678711084,-0.16141783416748043,0.8243682501062508,0.9993403293100279,-1
REACTOME_DISEASES_OF_PROGRAMMED_CELL_DEATH,13,13,-0.16122090209960932,0.0001969320678711084,-0.16141783416748043,0.7592022919890238,0.9993403293100279,-1
REACTOME_NOTCH1_INTRACELLULAR_DOMAIN_REGULATES_TRANSCRIPTION,14,14,0.1581914429473877,-0.000986138916015622,0.15917758186340333,0.42039680979777105,0.9993403293100279,1
REACTOME_SIGNALING_BY_NOTCH1_PEST_DOMAIN_MUTANTS_IN_CANCER,12,12,0.1581914429473877,-0.000986138916015622,0.15917758186340333,0.3594377717271041,0.9993403293100279,1
REACTOME_RHOJ_GTPASE_CYCLE,10,10,-0.15882709289550778,0.0,-0.15882709289550778,0.31178132404300696,0.9993403293100279,-1
REACTOME_HEDGEHOG_OFF_STATE,18,18,0.1578201379966736,-0.000986138916015622,0.15880627691268923,0.5098418502373494,0.9993403293100279,1
REACTOME_RUNX2_REGULATES_OSTEOBLAST_DIFFERENTIATION,6,6,0.15748225843429567,-0.00022660156249998398,0.15770885999679565,0.3897554041894052,0.9993403293100279,1
REACTOME_POTENTIAL_THERAPEUTICS_FOR_SARS,20,20,0.156390712890625,-0.000986138916015622,0.15737685180664063,0.568191276567012,0.9993403293100279,1
REACTOME_INTERACTIONS_OF_VPR_WITH_HOST_CELLULAR_PROTEINS,11,11,0.15645179138183596,-0.000606370239257803,0.15705816162109376,0.49145821030620296,0.9993403293100279,1
REACTOME_REGULATION_OF_INSULIN_LIKE_GROWTH_FACTOR_IGF_TRANSPORT_AND_UPTAKE_BY_INSULIN_LIKE_GROWTH_FACTOR_BINDING_PROTEINS_IGFBPS,24,24,0.15653929290771484,-0.00022660156249998398,0.15676589447021483,0.8296557050959477,0.9993403293100279,1
REACTOME_REGULATION_OF_TP53_ACTIVITY_THROUGH_METHYLATION,6,6,0.15527116066455843,-0.00022660156249998398,0.1554977622270584,0.7778031407072307,0.9993403293100279,1
REACTOME_EXPORT_OF_VIRAL_RIBONUCLEOPROTEINS_FROM_NUCLEUS,10,10,0.15459575328826908,-0.00022660156249998398,0.15482235485076906,0.482042863784239,0.9993403293100279,1
REACTOME_ESTROGEN_DEPENDENT_NUCLEAR_EVENTS_DOWNSTREAM_OF_ESR_MEMBRANE_SIGNALING,8,8,-0.15407181335449216,7.830688476562209e-05,-0.15415012023925778,0.3513319622367776,0.9993403293100279,-1
REACTOME_SLC_MEDIATED_TRANSMEMBRANE_TRANSPORT,36,36,-0.15075111083984377,0.0032198974609375375,-0.1539710083007813,0.30307388551555237,0.9993403293100279,-1
REACTOME_REGULATION_OF_HMOX1_EXPRESSION_AND_ACTIVITY,6,6,0.15308599433898928,-0.00022660156249998398,0.15331259590148927,0.8837473508549198,0.9993403293100279,1
REACTOME_INSULIN_RECEPTOR_RECYCLING,5,5,-0.1526029870605468,3.915344238281104e-05,-0.15264214050292962,0.595016560278352,0.9993403293100279,-1
REACTOME_SIGNALING_BY_NOTCH4,6,6,0.15149435127258304,-0.000986138916015622,0.15248049018859866,0.32918049783383274,0.9993403293100279,1
REACTOME_DAG_AND_IP3_SIGNALING,8,8,0.15192016356468202,-0.00022660156249998398,0.152146765127182,0.20230552245646874,0.9993403293100279,1
REACTOME_SUMOYLATION_OF_DNA_DAMAGE_RESPONSE_AND_REPAIR_PROTEINS,26,26,-0.15004643554687497,0.001990297851562517,-0.15203673339843748,0.2472916001439096,0.9993403293100279,-1
REACTOME_PLASMA_LIPOPROTEIN_ASSEMBLY_REMODELING_AND_CLEARANCE,11,11,0.1517566375732422,-0.00011330078124999199,0.1518699383544922,0.75030000661781,0.9993403293100279,1
REACTOME_PLASMA_LIPOPROTEIN_CLEARANCE,7,7,0.1517566375732422,-0.00011330078124999199,0.1518699383544922,0.9835093541648386,0.9993403293100279,1
REACTOME_ERCC6_CSB_AND_EHMT2_G9A_POSITIVELY_REGULATE_RRNA_EXPRESSION,6,6,-0.15010998474121093,7.830688476562209e-05,-0.15018829162597655,0.39981952856340974,0.9993403293100279,-1
REACTOME_FCERI_MEDIATED_NF_KB_ACTIVATION,13,13,0.1487170932006836,-0.000606370239257803,0.1493234634399414,0.5010284323004007,0.9993403293100279,1
REACTOME_INTERLEUKIN_1_SIGNALING,19,19,-0.14902140991210938,0.0001969320678711084,-0.1492183419799805,0.928561112434688,0.9993403293100279,-1
REACTOME_SLC_TRANSPORTER_DISORDERS,19,19,-0.14900673583984375,0.0001969320678711084,-0.14920366790771486,0.32184883988881996,0.9993403293100279,-1
REACTOME_DNA_DOUBLE_STRAND_BREAK_RESPONSE,8,8,-0.14888089172363278,0.0003155572509765947,-0.14919644897460937,0.4028780374821437,0.9993403293100279,-1
REACTOME_TRANSPORT_OF_MATURE_MRNAS_DERIVED_FROM_INTRONLESS_TRANSCRIPTS,11,11,-0.14900673583984375,3.915344238281104e-05,-0.14904588928222656,0.8793348890253236,0.9993403293100279,-1
REACTOME_PLATELET_ADHESION_TO_EXPOSED_COLLAGEN,7,7,0.1487170932006836,-0.00011330078124999199,0.1488303939819336,0.5942419659285761,0.9993403293100279,1
REACTOME_EGFR_DOWNREGULATION,7,7,-0.14778402221679682,3.915344238281104e-05,-0.14782317565917963,0.5324306429614099,0.9993403293100279,-1
REACTOME_NEGATIVE_REGULATORS_OF_DDX58_IFIH1_SIGNALING,11,11,-0.14714103637695314,3.915344238281104e-05,-0.14718018981933595,0.9876184436043525,0.9993403293100279,-1
REACTOME_OVARIAN_TUMOR_DOMAIN_PROTEASES,7,7,-0.14714103637695314,3.915344238281104e-05,-0.14718018981933595,0.6233365922559665,0.9993403293100279,-1
REACTOME_FORMATION_OF_INCISION_COMPLEX_IN_GG_NER,15,15,-0.1442165942382812,0.002605097656250027,-0.14682169189453123,0.3068516219531291,0.9993403293100279,-1
REACTOME_DISEASES_ASSOCIATED_WITH_N_GLYCOSYLATION_OF_PROTEINS,6,6,-0.14667642272949216,7.830688476562209e-05,-0.14675472961425778,0.5052212829696646,0.9993403293100279,-1
REACTOME_CYTOSOLIC_SULFONATION_OF_SMALL_MOLECULES,6,6,-0.14661381774902343,7.830688476562209e-05,-0.14669212463378906,0.2586962377660469,0.9993403293100279,-1
REACTOME_CDC6_ASSOCIATION_WITH_THE_ORC_ORIGIN_COMPLEX,5,5,-0.14647101562500003,0.0001969320678711084,-0.14666794769287114,0.3633005805379041,0.9993403293100279,-1
REACTOME_SWITCHING_OF_ORIGINS_TO_A_POST_REPLICATIVE_STATE,19,19,-0.14647101562500003,0.0001969320678711084,-0.14666794769287114,0.24325450267517357,0.9993403293100279,-1
REACTOME_REGULATION_OF_MECP2_EXPRESSION_AND_ACTIVITY,9,9,-0.1463003686523437,3.915344238281104e-05,-0.1463395220947265,0.6123182576287015,0.9993403293100279,-1
REACTOME_HSP90_CHAPERONE_CYCLE_FOR_STEROID_HORMONE_RECEPTORS_SHR_IN_THE_PRESENCE_OF_LIGAND,12,12,0.14534178167343142,-0.000986138916015622,0.14632792058944705,0.21820291069190345,0.9993403293100279,1
REACTOME_PRE_NOTCH_EXPRESSION_AND_PROCESSING,10,10,-0.14506562377929683,7.830688476562209e-05,-0.14514393066406245,0.3874060723965823,0.9993403293100279,-1
REACTOME_CYCLIN_D_ASSOCIATED_EVENTS_IN_G1,17,17,-0.14383087890624996,0.0011529275512695558,-0.14498380645751952,0.3483398475303172,0.9993403293100279,-1
REACTOME_NS1_MEDIATED_EFFECTS_ON_HOST_PATHWAYS,12,12,0.1441987649536133,-0.00022660156249998398,0.1444253665161133,0.5532226951790803,0.9993403293100279,1
REACTOME_ABERRANT_REGULATION_OF_MITOTIC_G1_S_TRANSITION_IN_CANCER_DUE_TO_RB1_DEFECTS,7,7,-0.14383087890624996,0.0001969320678711084,-0.14402781097412107,0.3580393012467656,0.9993403293100279,-1
REACTOME_ACTIVATION_OF_BH3_ONLY_PROTEINS,7,7,-0.14383087890624996,0.0001969320678711084,-0.14402781097412107,0.5240691348744095,0.9993403293100279,-1
REACTOME_DISEASES_OF_MITOTIC_CELL_CYCLE,15,15,-0.14383087890624996,0.0001969320678711084,-0.14402781097412107,0.20986366823384328,0.9993403293100279,-1
REACTOME_ABORTIVE_ELONGATION_OF_HIV_1_TRANSCRIPT_IN_THE_ABSENCE_OF_TAT,6,6,0.14364151094913483,-0.00022660156249998398,0.1438681125116348,0.9006340333049463,0.9993403293100279,1
REACTOME_PIWI_INTERACTING_RNA_PIRNA_BIOGENESIS,6,6,0.14364151094913483,-0.00022660156249998398,0.1438681125116348,0.9713760358787209,0.9993403293100279,1
REACTOME_MITOTIC_G1_PHASE_AND_G1_S_TRANSITION,39,39,-0.1426949853515625,0.0011529275512695558,-0.14384791290283205,0.4311315480979516,0.9993403293100279,-1
REACTOME_SIGNALING_BY_NOTCH2,6,6,0.142208606338501,-0.00022660156249998398,0.14243520790100098,0.4658053725881716,0.9993403293100279,1
REACTOME_INTRINSIC_PATHWAY_FOR_APOPTOSIS,10,10,0.14173159905433655,0.0,0.14173159905433655,0.4500235356319252,0.9993403293100279,1
REACTOME_TELOMERE_C_STRAND_SYNTHESIS_INITIATION,6,6,-0.14085686889648436,0.0003155572509765947,-0.14117242614746095,0.4337105640012606,0.9993403293100279,-1
REACTOME_ONCOGENE_INDUCED_SENESCENCE,12,12,0.1406645782661438,-0.00022660156249998398,0.1408911798286438,0.845794506677509,0.9993403293100279,1
REACTOME_REGULATION_OF_RUNX1_EXPRESSION_AND_ACTIVITY,6,6,0.1406645782661438,-0.00022660156249998398,0.1408911798286438,0.775526205115345,0.9993403293100279,1
REACTOME_TRANSPORT_OF_VITAMINS_NUCLEOSIDES_AND_RELATED_MOLECULES,9,9,-0.13933995361328128,0.0001969320678711084,-0.13953688568115238,0.5283422963510821,0.9993403293100279,-1
REACTOME_NEUREXINS_AND_NEUROLIGINS,5,5,-0.13913116943359377,3.915344238281104e-05,-0.13917032287597658,0.6141121096732941,0.9993403293100279,-1
REACTOME_SIGNALING_BY_HEDGEHOG,22,22,0.13742112985610966,-0.000986138916015622,0.13840726877212528,0.5715604006277265,0.9993403293100279,1
REACTOME_RHOC_GTPASE_CYCLE,16,16,0.13704384040355685,-0.000986138916015622,0.13802997931957248,0.899426642822929,0.9993403293100279,1
REACTOME_TRANSCRIPTIONAL_REGULATION_BY_THE_AP_2_TFAP2_FAMILY_OF_TRANSCRIPTION_FACTORS,10,10,0.13760110984802248,-0.00022660156249998398,0.13782771141052247,0.8287853740678056,0.9993403293100279,1
REACTOME_DEADENYLATION_DEPENDENT_MRNA_DECAY,16,16,-0.1357333880615234,0.001990297851562517,-0.13772368591308592,0.2706236243030631,0.9993403293100279,-1
REACTOME_PERK_REGULATES_GENE_EXPRESSION,9,9,0.13599083496093753,-0.000606370239257803,0.13659720520019533,0.7157782568711569,0.9993403293100279,1
REACTOME_MRNA_DECAY_BY_3_TO_5_EXORIBONUCLEASE,8,8,-0.1357333880615234,0.0003155572509765947,-0.1360489453125,0.34700168012515226,0.9993403293100279,-1
REACTOME_POLYMERASE_SWITCHING_ON_THE_C_STRAND_OF_THE_TELOMERE,13,13,-0.1356946752929687,0.0001969320678711084,-0.1358916073608398,0.2767503763122381,0.9993403293100279,-1
REACTOME_THE_CITRIC_ACID_TCA_CYCLE_AND_RESPIRATORY_ELECTRON_TRANSPORT,28,28,-0.13156739990234376,0.0035785803222656565,-0.1351459802246094,0.23313493110551275,0.9993403293100279,-1
REACTOME_HIV_INFECTION,44,44,0.13195934387207034,-0.003097515869140588,0.13505685974121093,0.4981339388411985,0.9993403293100279,1
REACTOME_REGULATION_OF_TP53_ACTIVITY_THROUGH_PHOSPHORYLATION,23,23,0.13197294921875002,-0.0015849069213866862,0.1335578561401367,0.31607650573426527,0.9993403293100279,1
REACTOME_HCMV_INFECTION,24,24,0.13168560567855836,-0.000986138916015622,0.13267174459457398,0.5571358092201515,0.9993403293100279,1
REACTOME_NUCLEAR_ENVELOPE_BREAKDOWN,15,15,0.13194573852539065,-0.000606370239257803,0.13255210876464846,0.3738806452927864,0.9993403293100279,1
REACTOME_VIRAL_MESSENGER_RNA_SYNTHESIS,13,13,0.13194573852539065,-0.000606370239257803,0.13255210876464846,0.7724721989699448,0.9993403293100279,1
REACTOME_HDR_THROUGH_HOMOLOGOUS_RECOMBINATION_HRR,21,21,0.13065380615234376,-0.0015849069213866862,0.13223871307373045,0.2780805153285899,0.9993403293100279,1
REACTOME_INTERACTIONS_OF_REV_WITH_HOST_CELLULAR_PROTEINS,9,9,0.13194573852539065,-0.00011330078124999199,0.13205903930664065,0.839869321436646,0.9993403293100279,1
REACTOME_NUCLEAR_IMPORT_OF_REV_PROTEIN,9,9,0.13194573852539065,-0.00011330078124999199,0.13205903930664065,0.839869321436646,0.9993403293100279,1
REACTOME_NUCLEAR_PORE_COMPLEX_NPC_DISASSEMBLY,9,9,0.13194573852539065,-0.00011330078124999199,0.13205903930664065,0.839869321436646,0.9993403293100279,1
REACTOME_POSTMITOTIC_NUCLEAR_PORE_COMPLEX_NPC_REFORMATION,7,7,0.13194573852539065,-0.00011330078124999199,0.13205903930664065,0.9387083984928677,0.9993403293100279,1
REACTOME_REGULATION_OF_GLUCOKINASE_BY_GLUCOKINASE_REGULATORY_PROTEIN,9,9,0.13194573852539065,-0.00011330078124999199,0.13205903930664065,0.839869321436646,0.9993403293100279,1
REACTOME_TRANSPORT_OF_THE_SLBP_DEPENDANT_MATURE_MRNA,9,9,0.13194573852539065,-0.00011330078124999199,0.13205903930664065,0.839869321436646,0.9993403293100279,1
REACTOME_COPI_MEDIATED_ANTEROGRADE_TRANSPORT,15,15,0.1314254728317261,-0.000606370239257803,0.1320318430709839,0.21911647439047877,0.9993403293100279,1
REACTOME_NUCLEAR_ENVELOPE_NE_REASSEMBLY,15,15,0.1314254728317261,-0.000606370239257803,0.1320318430709839,0.7900779973643683,0.9993403293100279,1
REACTOME_CELLULAR_HEXOSE_TRANSPORT,5,5,-0.13173368774414063,3.915344238281104e-05,-0.13177284118652344,0.9904683935091527,0.9993403293100279,-1
REACTOME_RECOGNITION_OF_DNA_DAMAGE_BY_PCNA_CONTAINING_REPLICATION_COMPLEX,13,13,0.13065380615234376,-0.0010137072753906018,0.13166751342773436,0.3868421721530232,0.9993403293100279,1
REACTOME_RHO_GTPASES_ACTIVATE_IQGAPS,5,5,0.1314254728317261,-0.00011330078124999199,0.13153877361297608,0.870944732418974,0.9993403293100279,1
REACTOME_TRANSLOCATION_OF_SLC2A4_GLUT4_TO_THE_PLASMA_MEMBRANE,13,13,0.1314254728317261,-0.00011330078124999199,0.13153877361297608,0.8598627988359582,0.9993403293100279,1
REACTOME_SUMOYLATION_OF_DNA_REPLICATION_PROTEINS,12,12,0.1312997723388672,-0.00022660156249998398,0.13152637390136718,0.8215890514497325,0.9993403293100279,1
REACTOME_FCERI_MEDIATED_CA_2_MOBILIZATION,12,12,0.12934335983276368,-0.000986138916015622,0.1303294987487793,0.35225657889603434,0.9993403293100279,1
REACTOME_BLOOD_GROUP_SYSTEMS_BIOSYNTHESIS,6,6,-0.12942315185546874,7.830688476562209e-05,-0.12950145874023436,0.35854724865022775,0.9993403293100279,-1
REACTOME_REGULATION_OF_TP53_ACTIVITY,37,37,0.12651828979492188,-0.0015849069213866862,0.12810319671630857,0.5135940633164482,0.9993403293100279,1
REACTOME_PCNA_DEPENDENT_LONG_PATCH_BASE_EXCISION_REPAIR,10,10,0.1268814835739136,-0.000986138916015622,0.12786762248992922,0.41248831662016616,0.9993403293100279,1
REACTOME_TNF_RECEPTOR_SUPERFAMILY_TNFSF_MEMBERS_MEDIATING_NON_CANONICAL_NF_KB_PATHWAY,8,8,-0.12696961120605466,7.830688476562209e-05,-0.12704791809082028,0.7924879435075337,0.9993403293100279,-1
REACTOME_ERYTHROPOIETIN_ACTIVATES_PHOSPHOINOSITIDE_3_KINASE_PI3K,6,6,0.1255661688423157,-0.00022660156249998398,0.12579277040481568,0.7085933090636245,0.9993403293100279,1
REACTOME_HOMOLOGOUS_DNA_PAIRING_AND_STRAND_EXCHANGE,12,12,0.12481372539520265,-0.00022660156249998398,0.12504032695770262,0.7354164002936076,0.9993403293100279,1
REACTOME_PROCESSING_OF_DNA_DOUBLE_STRAND_BREAK_ENDS,14,14,0.12481372539520265,-0.00022660156249998398,0.12504032695770262,0.7737581669419891,0.9993403293100279,1
REACTOME_CD28_DEPENDENT_PI3K_AKT_SIGNALING,8,8,-0.12453886047363277,0.0,-0.12453886047363277,0.9334357861196885,0.9993403293100279,-1
REACTOME_METABOLISM_OF_NUCLEOTIDES,26,26,-0.12392160461425777,0.0003155572509765947,-0.12423716186523437,0.8769492962569916,0.9993403293100279,-1
REACTOME_METABOLISM_OF_CARBOHYDRATES,55,55,-0.11889671997070311,0.003399238891601597,-0.12229595886230471,0.1909161843437025,0.9993403293100279,-1
REACTOME_ANTIMICROBIAL_PEPTIDES,8,8,0.12168524337768558,-0.00022660156249998398,0.12191184494018556,0.6276681498478547,0.9993403293100279,1
REACTOME_TRANSCRIPTIONAL_REGULATION_OF_WHITE_ADIPOCYTE_DIFFERENTIATION,22,22,0.12115376754760744,-0.00022660156249998398,0.12138036911010743,0.3532732855184413,0.9993403293100279,1
REACTOME_BRANCHED_CHAIN_AMINO_ACID_CATABOLISM,6,6,0.11970488689422609,-0.000986138916015622,0.12069102581024171,0.48587112090971035,0.9993403293100279,1
REACTOME_ADP_SIGNALLING_THROUGH_P2Y_PURINOCEPTOR_1,8,8,0.11996343626022342,-0.00022660156249998398,0.1201900378227234,0.466168391111714,0.9993403293100279,1
REACTOME_ADP_SIGNALLING_THROUGH_P2Y_PURINOCEPTOR_12,8,8,0.11996343626022342,-0.00022660156249998398,0.1201900378227234,0.466168391111714,0.9993403293100279,1
REACTOME_G_BETA_GAMMA_SIGNALLING_THROUGH_CDC42,8,8,0.11996343626022342,-0.00022660156249998398,0.1201900378227234,0.466168391111714,0.9993403293100279,1
REACTOME_PROSTACYCLIN_SIGNALLING_THROUGH_PROSTACYCLIN_RECEPTOR,8,8,0.11996343626022342,-0.00022660156249998398,0.1201900378227234,0.466168391111714,0.9993403293100279,1
REACTOME_SUMOYLATION_OF_RNA_BINDING_PROTEINS,16,16,-0.11976570678710938,7.830688476562209e-05,-0.119844013671875,0.464629685558279,0.9993403293100279,-1
REACTOME_G_PROTEIN_BETA_GAMMA_SIGNALLING,10,10,0.11948851228713991,-0.00022660156249998398,0.1197151138496399,0.5734788900204986,0.9993403293100279,1
REACTOME_NCAM1_INTERACTIONS,6,6,-0.11854497741699216,0.0,-0.11854497741699216,0.9175638091129039,0.9993403293100279,-1
REACTOME_RNA_POLYMERASE_III_TRANSCRIPTION_INITIATION_FROM_TYPE_3_PROMOTER,10,10,0.11839666613698008,0.0,0.11839666613698008,0.599114989220569,0.9993403293100279,1
REACTOME_RMTS_METHYLATE_HISTONE_ARGININES,11,11,-0.11793372192382812,0.0001969320678711084,-0.11813065399169922,0.5528262978397982,0.9993403293100279,-1
REACTOME_NR1H3_NR1H2_REGULATE_GENE_EXPRESSION_LINKED_TO_CHOLESTEROL_TRANSPORT_AND_EFFLUX,11,11,-0.11798386962890622,3.915344238281104e-05,-0.11802302307128903,0.9496080836369442,0.9993403293100279,-1
REACTOME_HIV_LIFE_CYCLE,32,32,0.1150659170532227,-0.0010412756347655816,0.11610719268798828,0.8455050854261418,0.9993403293100279,1
REACTOME_PROCESSING_OF_CAPPED_INTRONLESS_PRE_MRNA,9,9,-0.115861611328125,0.0001969320678711084,-0.11605854339599611,0.998215266491621,0.9993403293100279,-1
REACTOME_PROCESSING_OF_INTRONLESS_PRE_MRNAS,9,9,-0.115861611328125,0.0001969320678711084,-0.11605854339599611,0.998215266491621,0.9993403293100279,-1
REACTOME_BIOSYNTHESIS_OF_THE_N_GLYCAN_PRECURSOR_DOLICHOL_LIPID_LINKED_OLIGOSACCHARIDE_LLO_AND_TRANSFER_TO_A_NASCENT_PROTEIN,22,22,-0.11570470886230466,7.830688476562209e-05,-0.11578301574707028,0.36903130477544266,0.9993403293100279,-1
REACTOME_SIGNALING_BY_KIT_IN_DISEASE,6,6,-0.1155601947021484,0.0,-0.1155601947021484,0.5703558670904653,0.9993403293100279,-1
REACTOME_DNA_DAMAGE_RECOGNITION_IN_GG_NER,17,17,-0.11018838012695309,0.003399238891601597,-0.11358761901855469,0.23605575924729993,0.9993403293100279,-1
REACTOME_NEDDYLATION,45,45,-0.11018838012695309,0.003399238891601597,-0.11358761901855469,0.8835950964380695,0.9993403293100279,-1
REACTOME_DEGRADATION_OF_CYSTEINE_AND_HOMOCYSTEINE,5,5,-0.11300708740234372,0.0001969320678711084,-0.11320401947021483,0.42936534038547386,0.9993403293100279,-1
REACTOME_SULFUR_AMINO_ACID_METABOLISM,7,7,-0.11300708740234372,0.0001969320678711084,-0.11320401947021483,0.6096853857330649,0.9993403293100279,-1
REACTOME_RUNX1_REGULATES_TRANSCRIPTION_OF_GENES_INVOLVED_IN_DIFFERENTIATION_OF_HSCS,13,13,0.11265368896484379,-0.00011330078124999199,0.11276698974609378,0.9651662466457063,0.9993403293100279,1
REACTOME_TRANSCRIPTIONAL_REGULATION_OF_GRANULOPOIESIS,13,13,0.11265368896484379,-0.00011330078124999199,0.11276698974609378,0.4144438196603777,0.9993403293100279,1
REACTOME_GABA_RECEPTOR_ACTIVATION,12,12,-0.11259210998535152,7.830688476562209e-05,-0.11267041687011714,0.5161010722077221,0.9993403293100279,-1
REACTOME_MITOCHONDRIAL_PROTEIN_IMPORT,15,15,0.11123477813720706,-0.0010137072753906018,0.11224848541259766,0.35975633181918243,0.9993403293100279,1
REACTOME_INTERCONVERSION_OF_NUCLEOTIDE_DI_AND_TRIPHOSPHATES,10,10,0.11216539991378788,0.0,0.11216539991378788,0.634304612311072,0.9993403293100279,1
REACTOME_SARS_COV_INFECTIONS,39,39,0.11028417297363285,-0.0015849069213866862,0.11186907989501954,0.6706222722256616,0.9993403293100279,1
REACTOME_SENESCENCE_ASSOCIATED_SECRETORY_PHENOTYPE_SASP,19,19,0.10971176345825195,-0.0010137072753906018,0.11072547073364256,0.5383931188678137,0.9993403293100279,1
REACTOME_FORMATION_OF_TC_NER_PRE_INCISION_COMPLEX,13,13,-0.11018838012695309,3.915344238281104e-05,-0.1102275335693359,0.6833135056487791,0.9993403293100279,-1
REACTOME_RHOA_GTPASE_CYCLE,33,33,0.10871691776275638,-0.0010137072753906018,0.10973062503814698,0.9196660223528742,0.9993403293100279,1
REACTOME_TOLL_LIKE_RECEPTOR_TLR1_TLR2_CASCADE,29,29,-0.10910534545898437,0.0001969320678711084,-0.10930227752685548,0.517069066056792,0.9993403293100279,-1
REACTOME_THE_ROLE_OF_NEF_IN_HIV_1_REPLICATION_AND_DISEASE_PATHOGENESIS,8,8,0.10892415901184084,-0.00022660156249998398,0.10915076057434082,0.7631044695422583,0.9993403293100279,1
REACTOME_CONVERSION_FROM_APC_C_CDC20_TO_APC_C_CDH1_IN_LATE_ANAPHASE,6,6,0.10848939308166505,-0.00022660156249998398,0.10871599464416504,0.9737407987612562,0.9993403293100279,1
REACTOME_PHOSPHORYLATION_OF_THE_APC_C,6,6,0.10848939308166505,-0.00022660156249998398,0.10871599464416504,0.9737407987612562,0.9993403293100279,1
REACTOME_ABERRANT_REGULATION_OF_MITOTIC_EXIT_IN_CANCER_DUE_TO_RB1_DEFECTS,7,7,0.10726702270507815,-0.00011330078124999199,0.10738032348632814,0.6434511241412741,0.9993403293100279,1
REACTOME_REGULATION_OF_TP53_ACTIVITY_THROUGH_ACETYLATION,8,8,-0.10684113265991209,0.0,-0.10684113265991209,0.6521764015809789,0.9993403293100279,-1
REACTOME_GLYCOSPHINGOLIPID_METABOLISM,7,7,0.1062518774414063,-0.00011330078124999199,0.10636517822265629,0.7572065513369906,0.9993403293100279,1
REACTOME_COPI_INDEPENDENT_GOLGI_TO_ER_RETROGRADE_TRAFFIC,6,6,0.10609886587142946,-0.00022660156249998398,0.10632546743392944,0.7560222723317385,0.9993403293100279,1
REACTOME_GENE_SILENCING_BY_RNA,21,21,0.10560312683105472,-0.000606370239257803,0.10620949707031252,0.7562312964985198,0.9993403293100279,1
REACTOME_TRANSCRIPTIONAL_REGULATION_BY_VENTX,13,13,0.10560312683105472,-0.000606370239257803,0.10620949707031252,0.9899266448773,0.9993403293100279,1
REACTOME_TRANSCRIPTIONAL_REGULATION_BY_MECP2,15,15,0.10560312683105472,-0.00011330078124999199,0.10571642761230471,0.8733402094960215,0.9993403293100279,1
REACTOME_SUMOYLATION_OF_SUMOYLATION_PROTEINS,10,10,0.10456438476562502,-0.00022660156249998398,0.104790986328125,0.7965872072495083,0.9993403293100279,1
REACTOME_G0_AND_EARLY_G1,11,11,-0.10413631103515625,3.915344238281104e-05,-0.10417546447753906,0.5972861295880363,0.9993403293100279,-1
REACTOME_G1_S_SPECIFIC_TRANSCRIPTION,13,13,-0.10413631103515625,3.915344238281104e-05,-0.10417546447753906,0.9687962419687821,0.9993403293100279,-1
REACTOME_TRANSCRIPTION_OF_E2F_TARGETS_UNDER_NEGATIVE_CONTROL_BY_DREAM_COMPLEX,9,9,-0.10413631103515625,3.915344238281104e-05,-0.10417546447753906,0.7370416166484808,0.9993403293100279,-1
REACTOME_TRANSCRIPTION_OF_E2F_TARGETS_UNDER_NEGATIVE_CONTROL_BY_P107_RBL1_AND_P130_RBL2_IN_COMPLEX_WITH_HDAC1,7,7,-0.10413631103515625,3.915344238281104e-05,-0.10417546447753906,0.9549454266023052,0.9993403293100279,-1
REACTOME_DEUBIQUITINATION,53,53,0.10079104675292971,-0.0031935467529296546,0.10398459350585937,0.31123587821708043,0.9993403293100279,1
REACTOME_REPRESSION_OF_WNT_TARGET_GENES,6,6,0.103958330283165,0.0,0.103958330283165,0.5740148004256332,0.9993403293100279,1
REACTOME_SARS_COV_2_INFECTION,19,19,0.102272978515625,-0.000606370239257803,0.1028793487548828,0.9831776203459708,0.9993403293100279,1
REACTOME_CLATHRIN_MEDIATED_ENDOCYTOSIS,27,27,-0.10234948486328121,0.0001969320678711084,-0.10254641693115232,0.2202928095521537,0.9993403293100279,-1
REACTOME_ATF4_ACTIVATES_GENES_IN_RESPONSE_TO_ENDOPLASMIC_RETICULUM_STRESS,8,8,0.10110079681396485,-0.00022660156249998398,0.10132739837646483,0.7960819376802994,0.9993403293100279,1
REACTOME_RHOBTB2_GTPASE_CYCLE,5,5,-0.10106795288085935,3.915344238281104e-05,-0.10110710632324216,0.8780751058211802,0.9993403293100279,-1
REACTOME_CLEC7A_DECTIN_1_SIGNALING,17,17,0.0994528765869141,-0.000606370239257803,0.1000592468261719,0.3724989786846097,0.9993403293100279,1
REACTOME_CLEC7A_DECTIN_1_INDUCES_NFAT_ACTIVATION,5,5,0.0994528765869141,-0.00011330078124999199,0.09956617736816409,0.46994247587276844,0.9993403293100279,1
REACTOME_FATTY_ACID_METABOLISM,37,37,-0.09947810302734372,3.915344238281104e-05,-0.09951725646972653,0.5660825423689877,0.9993403293100279,-1
REACTOME_PECAM1_INTERACTIONS,6,6,0.09892025436401372,0.0,0.09892025436401372,0.8748547655792581,0.9993403293100279,1
REACTOME_INTRAFLAGELLAR_TRANSPORT,15,15,0.09750109436035159,-0.000606370239257803,0.0981074645996094,0.9694003660424612,0.9993403293100279,1
REACTOME_FACTORS_INVOLVED_IN_MEGAKARYOCYTE_DEVELOPMENT_AND_PLATELET_PRODUCTION,37,37,-0.0946486859130859,0.002605097656250027,-0.09725378356933592,0.5231790605246822,0.9993403293100279,-1
REACTOME_CELLULAR_RESPONSES_TO_STIMULI,153,153,0.09037263336181645,-0.00673991546630856,0.097112548828125,0.19157642561458343,0.9993403293100279,1
REACTOME_FOXO_MEDIATED_TRANSCRIPTION_OF_OXIDATIVE_STRESS_METABOLIC_AND_NEURONAL_GENES,6,6,0.09681002914428713,-0.00022660156249998398,0.09703663070678711,0.7809939049461755,0.9993403293100279,1
REACTOME_RNA_POLYMERASE_II_TRANSCRIPTION_TERMINATION,19,19,-0.09378036376953125,0.002605097656250027,-0.09638546142578128,0.839026580846984,0.9993403293100279,-1
REACTOME_TRANSMISSION_ACROSS_CHEMICAL_SYNAPSES,44,44,0.09318249328613284,-0.003097515869140588,0.09628000915527343,0.3720556848122285,0.9993403293100279,1
REACTOME_RESOLUTION_OF_D_LOOP_STRUCTURES,7,7,-0.0950093090820312,3.915344238281104e-05,-0.09504846252441401,0.9010732423515827,0.9993403293100279,-1
REACTOME_DEACTIVATION_OF_THE_BETA_CATENIN_TRANSACTIVATING_COMPLEX,12,12,-0.09431988830566401,7.830688476562209e-05,-0.09439819519042963,0.9795523927145208,0.9993403293100279,-1
REACTOME_EXTRACELLULAR_MATRIX_ORGANIZATION,54,54,-0.09358121490478516,0.0003155572509765947,-0.09389677215576175,0.34632100616970585,0.9993403293100279,-1
REACTOME_INTEGRIN_CELL_SURFACE_INTERACTIONS,18,18,-0.09358121490478516,0.0003155572509765947,-0.09389677215576175,0.6739992336920393,0.9993403293100279,-1
REACTOME_DISEASES_OF_DNA_REPAIR,10,10,-0.09381105865478515,7.830688476562209e-05,-0.09388936553955077,0.5731577419148827,0.9993403293100279,-1
REACTOME_RHOBTB_GTPASE_CYCLE,7,7,-0.09378036376953125,3.915344238281104e-05,-0.09381951721191406,0.9487992321448145,0.9993403293100279,-1
REACTOME_RHOB_GTPASE_CYCLE,14,14,0.09275866529464724,-0.000986138916015622,0.09374480421066286,0.9020403863719326,0.9993403293100279,1
REACTOME_TRANS_GOLGI_NETWORK_VESICLE_BUDDING,16,16,-0.09151550842285153,0.001990297851562517,-0.09350580627441404,0.4717280397464597,0.9993403293100279,-1
REACTOME_MYOCLONIC_EPILEPSY_OF_LAFORA,5,5,-0.09326773925781245,3.915344238281104e-05,-0.09330689270019527,0.8801140651595952,0.9993403293100279,-1
REACTOME_DDX58_IFIH1_MEDIATED_INDUCTION_OF_INTERFERON_ALPHA_BETA,22,22,-0.0905159814453125,7.830688476562209e-05,-0.09059428833007813,0.7000151776414185,0.9993403293100279,-1
REACTOME_RESPONSE_TO_ELEVATED_PLATELET_CYTOSOLIC_CA2,38,38,0.08896794830322267,-0.0010412756347655816,0.09000922393798826,0.7522951226687938,0.9993403293100279,1
REACTOME_TRNA_PROCESSING_IN_THE_NUCLEUS,21,21,-0.0896440881347656,0.0001969320678711084,-0.0898410202026367,0.6801739889951648,0.9993403293100279,-1
REACTOME_DOWNSTREAM_SIGNALING_EVENTS_OF_B_CELL_RECEPTOR_BCR,12,12,0.08856861938476565,-0.0010412756347655816,0.08960989501953123,0.458621555244637,0.9993403293100279,1
REACTOME_INTERLEUKIN_12_FAMILY_SIGNALING,11,11,0.08880037231445315,-0.000606370239257803,0.08940674255371095,0.6851042630495958,0.9993403293100279,1
REACTOME_TRNA_PROCESSING,34,34,-0.08898625183105466,0.0003155572509765947,-0.08930180908203125,0.47114645048218273,0.9993403293100279,-1
REACTOME_ION_CHANNEL_TRANSPORT,26,26,0.08813674171447758,-0.000986138916015622,0.0891228806304932,0.7829482911651031,0.9993403293100279,1
REACTOME_EICOSANOID_LIGAND_BINDING_RECEPTORS,6,6,-0.08874004898071286,7.830688476562209e-05,-0.08881835586547848,0.7465498533276456,0.9993403293100279,-1
REACTOME_TRANSCRIPTIONAL_REGULATION_BY_SMALL_RNAS,14,14,0.0881442776489258,-0.00022660156249998398,0.08837087921142578,0.8611179874365629,0.9993403293100279,1
REACTOME_TRANSCRIPTIONAL_REGULATION_BY_E2F6,14,14,-0.08791598052978514,7.830688476562209e-05,-0.08799428741455076,0.474260407082544,0.9993403293100279,-1
REACTOME_GLYCOLYSIS,14,14,-0.08773747650146482,7.830688476562209e-05,-0.08781578338623044,0.9400499611608781,0.9993403293100279,-1
REACTOME_TRANSCRIPTIONAL_REGULATION_BY_RUNX2,16,16,0.08752428421020508,-0.00022660156249998398,0.08775088577270507,0.575824198865285,0.9993403293100279,1
REACTOME_SIGNALING_BY_ALK_IN_CANCER,10,10,0.0874011544799805,-0.00022660156249998398,0.08762775604248048,0.21072652301985506,0.9993403293100279,1
REACTOME_TOLL_LIKE_RECEPTOR_9_TLR9_CASCADE,27,27,0.0870217321777344,-0.00011330078124999199,0.08713503295898439,0.7621519777697087,0.9993403293100279,1
REACTOME_DEGRADATION_OF_DVL,6,6,0.08668020698547366,0.0,0.08668020698547366,0.847806642665157,0.9993403293100279,1
REACTOME_SUMOYLATION,52,52,-0.08411974792480467,0.001990297851562517,-0.08611004577636719,0.3032899273682471,0.9993403293100279,-1
REACTOME_RETROGRADE_TRANSPORT_AT_THE_TRANS_GOLGI_NETWORK,13,13,0.0849667449951172,-0.0010137072753906018,0.0859804522705078,0.9876148956679145,0.9993403293100279,1
REACTOME_ACTIVATION_OF_ANTERIOR_HOX_GENES_IN_HINDBRAIN_DEVELOPMENT_DURING_EARLY_EMBRYOGENESIS,21,21,0.08352564758300784,-0.000606370239257803,0.08413201782226565,0.6253773067143196,0.9993403293100279,1
REACTOME_OXIDATIVE_STRESS_INDUCED_SENESCENCE,27,27,0.08352564758300784,-0.000606370239257803,0.08413201782226565,0.7658876750015988,0.9993403293100279,1
REACTOME_PLATELET_AGGREGATION_PLUG_FORMATION,7,7,-0.08335566833496094,3.915344238281104e-05,-0.08339482177734375,0.7496555309688129,0.9993403293100279,-1
REACTOME_GOLGI_ASSOCIATED_VESICLE_BIOGENESIS,15,15,-0.08068153198242184,0.0011529275512695558,-0.0818344595336914,0.5291004577316359,0.9993403293100279,-1
REACTOME_COPII_MEDIATED_VESICLE_TRANSPORT,10,10,0.08034900207519532,-0.000986138916015622,0.08133514099121095,0.18938004074976578,0.9993403293100279,1
REACTOME_SYNTHESIS_OF_VERY_LONG_CHAIN_FATTY_ACYL_COAS,5,5,0.08063586730957034,-0.00011330078124999199,0.08074916809082033,0.9461959327165476,0.9993403293100279,1
REACTOME_ASSEMBLY_OF_THE_ORC_COMPLEX_AT_THE_ORIGIN_OF_REPLICATION,6,6,-0.080641162109375,7.830688476562209e-05,-0.08071946899414062,0.5916403072298543,0.9993403293100279,-1
REACTOME_METABOLISM_OF_POLYAMINES,8,8,-0.08040644104003905,0.0,-0.08040644104003905,0.7536426756991842,0.9993403293100279,-1
REACTOME_NGF_STIMULATED_TRANSCRIPTION,11,11,-0.07959917114257808,3.915344238281104e-05,-0.0796383245849609,0.7863808213809921,0.9993403293100279,-1
REACTOME_SIGNALING_BY_NOTCH,35,35,0.07802941986083989,-0.0015849069213866862,0.07961432678222657,0.4148749112879828,0.9993403293100279,1
REACTOME_GLYCEROPHOSPHOLIPID_BIOSYNTHESIS,26,26,-0.07914626007080075,7.830688476562209e-05,-0.07922456695556637,0.6509245070705996,0.9993403293100279,-1
REACTOME_ACTIVATION_OF_NMDA_RECEPTORS_AND_POSTSYNAPTIC_EVENTS,17,17,0.0776843621826172,-0.0010137072753906018,0.07869806945800781,0.5752765991813674,0.9993403293100279,1
REACTOME_TRANSCRIPTIONAL_REGULATION_BY_RUNX3,15,15,0.0776843621826172,-0.0010137072753906018,0.07869806945800781,0.4698775288275723,0.9993403293100279,1
REACTOME_PROCESSIVE_SYNTHESIS_ON_THE_C_STRAND_OF_THE_TELOMERE,10,10,0.07846315521240237,-0.00022660156249998398,0.07868975677490235,0.31837005633225135,0.9993403293100279,1
REACTOME_INFLUENZA_INFECTION,23,23,0.07741491333007816,-0.0010137072753906018,0.07842862060546876,0.3733184077854539,0.9993403293100279,1
REACTOME_SRP_DEPENDENT_COTRANSLATIONAL_PROTEIN_TARGETING_TO_MEMBRANE,9,9,0.07741491333007816,-0.0010137072753906018,0.07842862060546876,0.4807482187498965,0.9993403293100279,1
REACTOME_CA2_PATHWAY,23,23,0.0776843621826172,-0.000606370239257803,0.07829073242187501,0.36434521428831146,0.9993403293100279,1
REACTOME_RAS_ACTIVATION_UPON_CA2_INFLUX_THROUGH_NMDA_RECEPTOR,5,5,0.0776843621826172,-0.000606370239257803,0.07829073242187501,0.8158026584853237,0.9993403293100279,1
REACTOME_SIGNALING_BY_ERBB2_ECD_MUTANTS,5,5,0.0776843621826172,-0.000606370239257803,0.07829073242187501,0.7218204990364815,0.9993403293100279,1
REACTOME_SIGNALING_BY_FGFR4,7,7,0.0776843621826172,-0.000606370239257803,0.07829073242187501,0.7572065513369906,0.9993403293100279,1
REACTOME_TRANSLATION_OF_SARS_COV_1_STRUCTURAL_PROTEINS,9,9,0.07802941986083989,-0.00011330078124999199,0.07814272064208988,0.9415527223665329,0.9993403293100279,1
REACTOME_G_ALPHA_12_13_SIGNALLING_EVENTS,27,27,0.0768004128265381,-0.0010137072753906018,0.0778141201019287,0.8506589511023008,0.9993403293100279,1
REACTOME_CD209_DC_SIGN_SIGNALING,5,5,0.0776843621826172,-0.00011330078124999199,0.0777976629638672,0.4813085188693153,0.9993403293100279,1
REACTOME_VEGFR2_MEDIATED_CELL_PROLIFERATION,5,5,0.0776843621826172,-0.00011330078124999199,0.0777976629638672,0.487044051720263,0.9993403293100279,1
REACTOME_RNA_POLYMERASE_III_TRANSCRIPTION,14,14,-0.07672263122558592,0.0003155572509765947,-0.07703818847656252,0.5086735286887467,0.9993403293100279,-1
REACTOME_EXTRA_NUCLEAR_ESTROGEN_SIGNALING,25,25,-0.07683873413085934,3.915344238281104e-05,-0.07687788757324215,0.33198997760382576,0.9993403293100279,-1
REACTOME_GABA_B_RECEPTOR_ACTIVATION,11,11,-0.07683873413085934,3.915344238281104e-05,-0.07687788757324215,0.7808509215617329,0.9993403293100279,-1
REACTOME_ACTIVATION_OF_ATR_IN_RESPONSE_TO_REPLICATION_STRESS,12,12,-0.07678945678710938,7.830688476562209e-05,-0.076867763671875,0.4078399355498137,0.9993403293100279,-1
REACTOME_UCH_PROTEINASES,18,18,-0.07648808685302733,7.830688476562209e-05,-0.07656639373779295,0.6134280701371781,0.9993403293100279,-1
REACTOME_DNA_REPAIR,80,80,-0.07117127807617185,0.005223740234374996,-0.07639501831054685,0.3022979237234895,0.9993403293100279,-1
REACTOME_CELLULAR_SENESCENCE,44,44,0.07523103698730471,-0.0010412756347655816,0.07627231262207029,0.5344350749663902,0.9993403293100279,1
REACTOME_FC_EPSILON_RECEPTOR_FCERI_SIGNALING,32,32,0.07431337615966799,-0.000986138916015622,0.07529951507568361,0.6707770367387593,0.9993403293100279,1
REACTOME_RUNX1_INTERACTS_WITH_CO_FACTORS_WHOSE_PRECISE_EFFECT_ON_RUNX1_TARGETS_IS_NOT_KNOWN,10,10,-0.07496740203857422,7.830688476562209e-05,-0.07504570892333984,0.6931750094615332,0.9993403293100279,-1
REACTOME_TRNA_MODIFICATION_IN_THE_NUCLEUS_AND_CYTOSOL,10,10,0.07471097061157228,-0.00022660156249998398,0.07493757217407226,0.845735135382312,0.9993403293100279,1
REACTOME_HOMOLOGY_DIRECTED_REPAIR,28,28,0.07469083263397219,-0.00022660156249998398,0.07491743419647218,0.666384784355294,0.9993403293100279,1
REACTOME_LAGGING_STRAND_SYNTHESIS,10,10,0.07469083263397219,-0.00022660156249998398,0.07491743419647218,0.8130126313974457,0.9993403293100279,1
REACTOME_GLUCOSE_METABOLISM,18,18,0.07423565338134769,-0.00022660156249998398,0.07446225494384767,0.5701217225456627,0.9993403293100279,1
REACTOME_MITOPHAGY,6,6,-0.0737831414031982,0.0,-0.0737831414031982,0.6103340279996238,0.9993403293100279,-1
REACTOME_DEPOSITION_OF_NEW_CENPA_CONTAINING_NUCLEOSOMES_AT_THE_CENTROMERE,8,8,-0.07245560943603513,7.830688476562209e-05,-0.07253391632080075,0.9461919238200343,0.9993403293100279,-1
REACTOME_TERMINATION_OF_O_GLYCAN_BIOSYNTHESIS,6,6,-0.07215065017700192,0.0,-0.07215065017700192,0.9557755666108005,0.9993403293100279,-1
REACTOME_TRANSLATION_OF_SARS_COV_2_STRUCTURAL_PROTEINS,16,16,-0.07215065017700192,0.0,-0.07215065017700192,0.3637609404776809,0.9993403293100279,-1
REACTOME_IRE1ALPHA_ACTIVATES_CHAPERONES,12,12,-0.0717141400146484,7.830688476562209e-05,-0.07179244689941403,0.43343169848298724,0.9993403293100279,-1
REACTOME_ASSOCIATION_OF_TRIC_CCT_WITH_TARGET_PROTEINS_DURING_BIOSYNTHESIS,8,8,0.07132503784179689,-0.00022660156249998398,0.07155163940429687,0.7678482727352335,0.9993403293100279,1
REACTOME_NEPHRIN_FAMILY_INTERACTIONS,7,7,-0.07136413085937499,3.915344238281104e-05,-0.0714032843017578,0.4071618306167559,0.9993403293100279,-1
REACTOME_SIGNALING_BY_NTRKS,27,27,-0.07136413085937499,3.915344238281104e-05,-0.0714032843017578,0.6565418687843305,0.9993403293100279,-1
REACTOME_AMINO_ACIDS_REGULATE_MTORC1,8,8,-0.07105384689331051,0.0,-0.07105384689331051,0.700348748424049,0.9993403293100279,-1
REACTOME_TRANSFERRIN_ENDOCYTOSIS_AND_RECYCLING,6,6,-0.07105384689331051,0.0,-0.07105384689331051,0.8515279698686316,0.9993403293100279,-1
REACTOME_MITOTIC_METAPHASE_AND_ANAPHASE,54,54,0.0674202978515625,-0.002128538208007791,0.0695488360595703,0.4251725569776853,0.9993403293100279,1
REACTOME_DOWNREGULATION_OF_SMAD2_3_SMAD4_TRANSCRIPTIONAL_ACTIVITY,8,8,0.06757650726318362,-0.00022660156249998398,0.0678031088256836,0.6988124456055843,0.9993403293100279,1
REACTOME_SMAD2_SMAD3_SMAD4_HETEROTRIMER_REGULATES_TRANSCRIPTION,10,10,0.06757650726318362,-0.00022660156249998398,0.0678031088256836,0.46660191640365334,0.9993403293100279,1
REACTOME_RNA_POLYMERASE_III_CHAIN_ELONGATION,5,5,-0.06762805419921875,3.915344238281104e-05,-0.06766720764160156,0.883684010309055,0.9993403293100279,-1
REACTOME_RNA_POLYMERASE_III_TRANSCRIPTION_TERMINATION,5,5,-0.06762805419921875,3.915344238281104e-05,-0.06766720764160156,0.883684010309055,0.9993403293100279,-1
REACTOME_COPI_DEPENDENT_GOLGI_TO_ER_RETROGRADE_TRAFFIC,21,21,-0.0663336065673828,0.0001969320678711084,-0.0665305386352539,0.6323257636625408,0.9993403293100279,-1
REACTOME_TRANSCRIPTIONAL_REGULATION_BY_RUNX1,54,54,0.06508604660034181,-0.000986138916015622,0.06607218551635743,0.7766221896080197,0.9993403293100279,1
REACTOME_SIGNAL_AMPLIFICATION,9,9,0.06513077362060549,-0.000606370239257803,0.06573714385986329,0.448279432654933,0.9993403293100279,1
REACTOME_THROMBOXANE_SIGNALLING_THROUGH_TP_RECEPTOR,9,9,0.06513077362060549,-0.000606370239257803,0.06573714385986329,0.448279432654933,0.9993403293100279,1
REACTOME_ORGANELLE_BIOGENESIS_AND_MAINTENANCE,71,71,0.06500230285644532,-0.000606370239257803,0.06560867309570312,0.4687771422643974,0.9993403293100279,1
REACTOME_POLYMERASE_SWITCHING,8,8,-0.06533765167236325,0.0,-0.06533765167236325,0.2968760219064628,0.9993403293100279,-1
REACTOME_FORMATION_OF_TUBULIN_FOLDING_INTERMEDIATES_BY_CCT_TRIC,5,5,0.06500230285644532,-0.00011330078124999199,0.06511560363769531,0.9925292179461572,0.9993403293100279,1
REACTOME_O_LINKED_GLYCOSYLATION,20,20,-0.06495964340209959,0.0,-0.06495964340209959,0.7207390393575037,0.9993403293100279,-1
REACTOME_MITOCHONDRIAL_TRANSLATION,24,24,-0.06285169433593749,0.001990297851562517,-0.0648419921875,0.4151194191366272,0.9993403293100279,-1
REACTOME_RAC1_GTPASE_CYCLE,34,34,0.06371309112548829,-0.000986138916015622,0.06469923004150391,0.9271662232599412,0.9993403293100279,1
REACTOME_MEIOTIC_SYNAPSIS,16,16,0.0643373748779297,0.0,0.0643373748779297,0.18970193543875646,0.9993403293100279,1
REACTOME_SIGNALING_BY_CYTOSOLIC_FGFR1_FUSION_MUTANTS,5,5,-0.06409485229492184,3.915344238281104e-05,-0.06413400573730466,0.8238504441918657,0.9993403293100279,-1
REACTOME_PYRUVATE_METABOLISM,8,8,-0.06366004730224609,7.830688476562209e-05,-0.06373835418701171,0.5941589398164823,0.9993403293100279,-1
REACTOME_REGULATION_OF_PYRUVATE_DEHYDROGENASE_PDH_COMPLEX,6,6,-0.06366004730224609,7.830688476562209e-05,-0.06373835418701171,0.6394694069091046,0.9993403293100279,-1
REACTOME_RAC2_GTPASE_CYCLE,12,12,-0.06361363586425778,0.0,-0.06361363586425778,0.7163478610444125,0.9993403293100279,-1
REACTOME_MITOCHONDRIAL_IRON_SULFUR_CLUSTER_BIOGENESIS,5,5,-0.06337124877929684,3.915344238281104e-05,-0.06341040222167965,0.9225702852876505,0.9993403293100279,-1
REACTOME_SIGNALING_BY_FGFR,18,18,0.06101358947753907,-0.002128538208007791,0.06314212768554686,0.6727137291050551,0.9993403293100279,1
REACTOME_SIGNALING_BY_FGFR2,16,16,0.06101358947753907,-0.002128538208007791,0.06314212768554686,0.5306103649556921,0.9993403293100279,1
REACTOME_INITIATION_OF_NUCLEAR_ENVELOPE_NE_REFORMATION,5,5,0.06293574096679688,-0.00011330078124999199,0.06304904174804687,0.6154857190663493,0.9993403293100279,1
REACTOME_METABOLISM_OF_COFACTORS,8,8,0.062346914825439484,0.0,0.062346914825439484,0.9754526069765374,0.9993403293100279,1
REACTOME_METABOLISM_OF_WATER_SOLUBLE_VITAMINS_AND_COFACTORS,25,25,-0.06183274169921871,3.915344238281104e-05,-0.06187189514160152,0.5151868818824068,0.9993403293100279,-1
REACTOME_VITAMIN_B5_PANTOTHENATE_METABOLISM,5,5,-0.06183274169921871,3.915344238281104e-05,-0.06187189514160152,0.7005503678457712,0.9993403293100279,-1
REACTOME_TRANSPORT_OF_MATURE_TRANSCRIPT_TO_CYTOPLASM,21,21,-0.060068040771484366,0.0011529275512695558,-0.06122096832275392,0.7602036106127239,0.9993403293100279,-1
REACTOME_CDT1_ASSOCIATION_WITH_THE_CDC6_ORC_ORIGIN_COMPLEX,8,8,0.06107785957336426,0.0,0.06107785957336426,0.92521454945122,0.9993403293100279,1
REACTOME_SEPARATION_OF_SISTER_CHROMATIDS,44,44,0.0598305029296875,-0.0010412756347655816,0.06087177856445308,0.45453334896452335,0.9993403293100279,1
REACTOME_MITOTIC_SPINDLE_CHECKPOINT,32,32,0.05915482788085938,-0.000986138916015622,0.060140966796875,0.35002327288292934,0.9993403293100279,1
REACTOME_GLYCOGEN_METABOLISM,8,8,-0.059867978210449174,7.830688476562209e-05,-0.059946285095214796,0.7080478699704792,0.9993403293100279,-1
REACTOME_GLYCOGEN_SYNTHESIS,6,6,-0.059867978210449174,7.830688476562209e-05,-0.059946285095214796,0.9152101440096587,0.9993403293100279,-1
REACTOME_PROTEIN_UBIQUITINATION,19,19,-0.05897349121093748,3.915344238281104e-05,-0.05901264465332029,0.4988679294210534,0.9993403293100279,-1
REACTOME_FORMATION_OF_RNA_POL_II_ELONGATION_COMPLEX,16,16,-0.05818297668457029,0.0003155572509765947,-0.05849853393554688,0.43091692733087705,0.9993403293100279,-1
REACTOME_PKMTS_METHYLATE_HISTONE_LYSINES,9,9,0.05833118103027346,-0.00011330078124999199,0.05844448181152345,0.8208768987002005,0.9993403293100279,1
REACTOME_SUMOYLATION_OF_CHROMATIN_ORGANIZATION_PROTEINS,20,20,-0.05760763916015624,0.0,-0.05760763916015624,0.7325300776852098,0.9993403293100279,-1
REACTOME_TRANSCRIPTION_COUPLED_NUCLEOTIDE_EXCISION_REPAIR_TC_NER,25,25,-0.057392462158203095,3.915344238281104e-05,-0.057431615600585906,0.6093376407867179,0.9993403293100279,-1
REACTOME_FORMATION_OF_THE_BETA_CATENIN_TCF_TRANSACTIVATING_COMPLEX,10,10,-0.05701205352783201,0.0003155572509765947,-0.0573276107788086,0.8192396847508336,0.9993403293100279,-1
REACTOME_CLASS_I_PEROXISOMAL_MEMBRANE_PROTEIN_IMPORT,6,6,-0.05665206451416013,7.830688476562209e-05,-0.056730371398925755,0.8223142065354344,0.9993403293100279,-1
REACTOME_TRANSCRIPTIONAL_REGULATION_BY_TP53,90,90,0.05563962158203126,-0.000986138916015622,0.05662576049804688,0.9324801327143832,0.9993403293100279,1
REACTOME_PTEN_REGULATION,26,26,-0.05625445556640621,0.0,-0.05625445556640621,0.3523434606509217,0.9993403293100279,-1
REACTOME_ONCOGENIC_MAPK_SIGNALING,17,17,0.05609346008300781,-0.00011330078124999199,0.0562067608642578,0.7831878835506275,0.9993403293100279,1
REACTOME_METABOLISM_OF_VITAMINS_AND_COFACTORS,40,40,-0.05598957366943355,7.830688476562209e-05,-0.05606788055419917,0.9312390459330592,0.9993403293100279,-1
REACTOME_CELL_CELL_COMMUNICATION,18,18,0.05503105957031251,-0.000986138916015622,0.056017198486328135,0.4899257062734229,0.9993403293100279,1
REACTOME_HDMS_DEMETHYLATE_HISTONES,6,6,-0.055172052001953104,0.0003155572509765947,-0.0554876092529297,0.49568808637466033,0.9993403293100279,-1
REACTOME_DEGRADATION_OF_BETA_CATENIN_BY_THE_DESTRUCTION_COMPLEX,12,12,0.05545264289855961,0.0,0.05545264289855961,0.7160261458814428,0.9993403293100279,1
REACTOME_L1CAM_INTERACTIONS,22,22,-0.05536557312011717,7.830688476562209e-05,-0.05544388000488279,0.7759879360732509,0.9993403293100279,-1
REACTOME_SIGNALING_BY_PDGF,18,18,0.05341553375244143,-0.000986138916015622,0.05440167266845705,0.6812155693693221,0.9993403293100279,1
REACTOME_NUCLEAR_RECEPTOR_TRANSCRIPTION_PATHWAY,12,12,-0.05430397338867185,7.830688476562209e-05,-0.05438228027343747,0.5910119321895067,0.9993403293100279,-1
REACTOME_TRANSPORT_TO_THE_GOLGI_AND_SUBSEQUENT_MODIFICATION,33,33,0.053663897094726576,-0.000606370239257803,0.05427026733398438,0.5242348603079777,0.9993403293100279,1
REACTOME_RHO_GTPASES_ACTIVATE_FORMINS,33,33,-0.05414180419921871,3.915344238281104e-05,-0.054180957641601524,0.6500813327024753,0.9993403293100279,-1
REACTOME_TRANSLATION,52,52,-0.05217928588867188,0.001990297851562517,-0.054169583740234395,0.2416269347301111,0.9993403293100279,-1
REACTOME_POST_TRANSLATIONAL_PROTEIN_MODIFICATION,301,301,-0.05006993530273435,0.003956643676757854,-0.0540265789794922,0.5490958563047311,0.9993403293100279,-1
REACTOME_CARGO_CONCENTRATION_IN_THE_ER,5,5,0.053663897094726576,-0.00011330078124999199,0.05377719787597657,0.7106758406741939,0.9993403293100279,1
REACTOME_DAP12_SIGNALING,12,12,0.05341553375244143,-0.00022660156249998398,0.053642135314941414,0.4696634554267004,0.9993403293100279,1
REACTOME_FLT3_SIGNALING,14,14,0.05341553375244143,-0.00022660156249998398,0.053642135314941414,0.9121579768132034,0.9993403293100279,1
REACTOME_FLT3_SIGNALING_IN_DISEASE,12,12,0.05341553375244143,-0.00022660156249998398,0.053642135314941414,0.7105647427693151,0.9993403293100279,1
REACTOME_SIGNALING_BY_ERBB4,14,14,0.05341553375244143,-0.00022660156249998398,0.053642135314941414,0.5068840138696102,0.9993403293100279,1
REACTOME_SIGNALING_BY_ERYTHROPOIETIN,10,10,0.05341553375244143,-0.00022660156249998398,0.053642135314941414,0.7715779746762796,0.9993403293100279,1
REACTOME_SIGNALING_BY_MET,10,10,0.05341553375244143,-0.00022660156249998398,0.053642135314941414,0.9179158369618095,0.9993403293100279,1
REACTOME_COSTIMULATION_BY_THE_CD28_FAMILY,25,25,0.0507176873779297,-0.0026130270385741894,0.05333071441650389,0.2738171839977416,0.9993403293100279,1
REACTOME_TCR_SIGNALING,31,31,0.0507176873779297,-0.0026130270385741894,0.05333071441650389,0.3547890350461731,0.9993403293100279,1
REACTOME_SUMOYLATION_OF_INTRACELLULAR_RECEPTORS,8,8,0.05305832321166995,0.0,0.05305832321166995,0.6789504714756348,0.9993403293100279,1
REACTOME_INFECTIOUS_DISEASE,158,158,0.0494080258178711,-0.003621381835937465,0.053029407653808563,0.47040998711514503,0.9993403293100279,1
REACTOME_FATTY_ACYL_COA_BIOSYNTHESIS,10,10,0.05214051101684572,-0.00022660156249998398,0.052367112579345704,0.9971774831893238,0.9993403293100279,1
REACTOME_O_LINKED_GLYCOSYLATION_OF_MUCINS,13,13,0.05174299835205082,-0.00011330078124999199,0.05185629913330081,0.952961993408741,0.9993403293100279,1
REACTOME_POST_CHAPERONIN_TUBULIN_FOLDING_PATHWAY,5,5,0.05104352722167971,-0.00011330078124999199,0.0511568280029297,0.5598090358098722,0.9993403293100279,1
REACTOME_SIGNALING_BY_THE_B_CELL_RECEPTOR_BCR,24,24,0.05004454772949221,-0.000986138916015622,0.05103068664550783,0.5744916056327052,0.9993403293100279,1
REACTOME_RESPONSE_OF_EIF2AK4_GCN2_TO_AMINO_ACID_DEFICIENCY,8,8,0.05078460723876957,-0.00022660156249998398,0.05101120880126955,0.6398749925911021,0.9993403293100279,1
REACTOME_GENERATION_OF_SECOND_MESSENGER_MOLECULES,17,17,0.049185552368164076,-0.0010137072753906018,0.05019925964355468,0.7183461979450514,0.9993403293100279,1
REACTOME_UBIQUINOL_BIOSYNTHESIS,5,5,-0.050146405639648395,3.915344238281104e-05,-0.050185559082031206,0.9611141487582636,0.9993403293100279,-1
REACTOME_NUCLEOTIDE_SALVAGE,6,6,-0.049865890197753865,0.0,-0.049865890197753865,0.7668907634498566,0.9993403293100279,-1
REACTOME_SIGNALING_BY_BRAF_AND_RAF1_FUSIONS,15,15,-0.049657192382812465,3.915344238281104e-05,-0.049696345825195276,0.7826651127242219,0.9993403293100279,-1
REACTOME_CARGO_RECOGNITION_FOR_CLATHRIN_MEDIATED_ENDOCYTOSIS,17,17,0.049185552368164076,-0.00011330078124999199,0.04929885314941407,0.6694005272235714,0.9993403293100279,1
REACTOME_FCGR_ACTIVATION,5,5,0.049185552368164076,-0.00011330078124999199,0.04929885314941407,0.9210314674324385,0.9993403293100279,1
REACTOME_MHC_CLASS_II_ANTIGEN_PRESENTATION,32,32,-0.048721318054199186,0.0003155572509765947,-0.04903687530517578,0.4398737822879234,0.9993403293100279,-1
REACTOME_CIRCADIAN_CLOCK,21,21,-0.04821444702148436,0.0001969320678711084,-0.04841137908935547,0.28847311460361713,0.9993403293100279,-1
REACTOME_BETA_CATENIN_INDEPENDENT_WNT_SIGNALING,30,30,0.04733787719726565,-0.00022660156249998398,0.04756447875976563,0.5512950255939388,0.9993403293100279,1
REACTOME_M_PHASE,88,88,0.046181305236816406,-0.000986138916015622,0.04716744415283203,0.4615214225654457,0.9993403293100279,1
REACTOME_CDC42_GTPASE_CYCLE,31,31,0.0465107684326172,-0.000606370239257803,0.047117138671875,0.9975307244576314,0.9993403293100279,1
REACTOME_RESOLUTION_OF_SISTER_CHROMATID_COHESION,33,33,0.04595780944824218,-0.00011330078124999199,0.046071110229492174,0.6171904929503791,0.9993403293100279,1
REACTOME_RNA_POLYMERASE_II_TRANSCRIBES_SNRNA_GENES,23,23,-0.04487558349609372,0.0011529275512695558,-0.046028511047363274,0.5602672772327456,0.9993403293100279,-1
REACTOME_POLB_DEPENDENT_LONG_PATCH_BASE_EXCISION_REPAIR,5,5,-0.04568188598632811,0.0001969320678711084,-0.045878818054199216,0.9750149658510329,0.9993403293100279,-1
REACTOME_TRNA_AMINOACYLATION,7,7,-0.04580038696289063,3.915344238281104e-05,-0.04583954040527344,0.7702628577799581,0.9993403293100279,-1
REACTOME_IMMUNOREGULATORY_INTERACTIONS_BETWEEN_A_LYMPHOID_AND_A_NON_LYMPHOID_CELL,42,42,0.04333642761230472,-0.002128538208007791,0.04546496582031251,0.3434841351972596,0.9993403293100279,1
REACTOME_SIGNALING_BY_FGFR2_IN_DISEASE,9,9,0.044342816772460936,-0.0010137072753906018,0.04535652404785154,0.8507648989650612,0.9993403293100279,1
REACTOME_COLLAGEN_BIOSYNTHESIS_AND_MODIFYING_ENZYMES,12,12,-0.04525428131103515,7.830688476562209e-05,-0.04533258819580077,0.38836170689309846,0.9993403293100279,-1
REACTOME_COLLAGEN_FORMATION,16,16,-0.04525428131103515,7.830688476562209e-05,-0.04533258819580077,0.30146311417135996,0.9993403293100279,-1
REACTOME_CLASS_I_MHC_MEDIATED_ANTIGEN_PROCESSING_PRESENTATION,77,77,0.04443211730957031,-0.000606370239257803,0.04503848754882811,0.6180747849446084,0.9993403293100279,1
REACTOME_CELL_SURFACE_INTERACTIONS_AT_THE_VASCULAR_WALL,36,36,0.043594502258300805,-0.000986138916015622,0.04458064117431643,0.4929542613642126,0.9993403293100279,1
REACTOME_NEF_MEDIATES_DOWN_MODULATION_OF_CELL_SURFACE_RECEPTORS_BY_RECRUITING_THEM_TO_CLATHRIN_ADAPTERS,5,5,0.044422041015625024,-0.00011330078124999199,0.044535341796875016,0.781312473955589,0.9993403293100279,1
REACTOME_HIV_ELONGATION_ARREST_AND_RECOVERY,7,7,0.044342816772460936,-0.00011330078124999199,0.04445611755371093,0.9549454266023052,0.9993403293100279,1
REACTOME_MICRORNA_MIRNA_BIOGENESIS,7,7,0.044342816772460936,-0.00011330078124999199,0.04445611755371093,0.7808379023350742,0.9993403293100279,1
REACTOME_ANCHORING_OF_THE_BASAL_BODY_TO_THE_PLASMA_MEMBRANE,29,29,-0.04279952148437499,0.0011529275512695558,-0.04395244903564455,0.7767639148594803,0.9993403293100279,-1
REACTOME_METABOLISM_OF_RNA,150,150,-0.03977634277343747,0.003815355224609407,-0.04359169799804688,0.3165095169285149,0.9993403293100279,-1
REACTOME_PYRUVATE_METABOLISM_AND_CITRIC_ACID_TCA_CYCLE,13,13,-0.04249956909179686,0.0001969320678711084,-0.04269650115966797,0.8152383517688149,0.9993403293100279,-1
REACTOME_FCGR3A_MEDIATED_IL10_SYNTHESIS,12,12,0.042288987426757824,-0.00022660156249998398,0.04251558898925781,0.3506978824949917,0.9993403293100279,1
REACTOME_PD_1_SIGNALING,12,12,0.041210617065429694,-0.000986138916015622,0.042196755981445316,0.8748965727856013,0.9993403293100279,1
REACTOME_DUAL_INCISION_IN_GG_NER,18,18,-0.040219671325683576,0.0,-0.040219671325683576,0.9173965377554494,0.9993403293100279,-1
REACTOME_SELECTIVE_AUTOPHAGY,16,16,-0.04006690042495724,0.0,-0.04006690042495724,0.5169957750632812,0.9993403293100279,-1
REACTOME_PI_METABOLISM,28,28,0.038974122924804705,-0.000986138916015622,0.03996026184082033,0.8368959529929636,0.9993403293100279,1
REACTOME_MITOTIC_PROMETAPHASE,58,58,-0.03966173828124997,7.830688476562209e-05,-0.03974004516601559,0.7164077339646969,0.9993403293100279,-1
REACTOME_TCF_DEPENDENT_SIGNALING_IN_RESPONSE_TO_WNT,28,28,-0.03956638732910153,7.830688476562209e-05,-0.039644694213867154,0.8815637193602286,0.9993403293100279,-1
REACTOME_INTRA_GOLGI_TRAFFIC,10,10,0.03947365142822268,0.0,0.03947365142822268,0.7984079549366735,0.9993403293100279,1
REACTOME_FCGAMMA_RECEPTOR_FCGR_DEPENDENT_PHAGOCYTOSIS,18,18,0.039166128845214865,-0.00022660156249998398,0.03939273040771485,0.5799667293591364,0.9993403293100279,1
REACTOME_ROLE_OF_PHOSPHOLIPIDS_IN_PHAGOCYTOSIS,8,8,0.039166128845214865,-0.00022660156249998398,0.03939273040771485,0.3347351432624604,0.9993403293100279,1
REACTOME_NONHOMOLOGOUS_END_JOINING_NHEJ,6,6,-0.03912402557373043,0.0,-0.03912402557373043,0.8715822934565193,0.9993403293100279,-1
REACTOME_MRNA_SPLICING,44,44,-0.03584212402343748,0.0032198974609375375,-0.039062021484375015,0.7019294230099147,0.9993403293100279,-1
REACTOME_PROTEIN_LOCALIZATION,42,42,0.03800161651611331,-0.0010412756347655816,0.03904289215087889,0.4660082864605053,0.9993403293100279,1
REACTOME_GLYCOGEN_STORAGE_DISEASES,6,6,-0.038371085510253866,0.0,-0.038371085510253866,0.8771935012908658,0.9993403293100279,-1
REACTOME_SEMAPHORIN_INTERACTIONS,10,10,-0.038046537322998036,0.0,-0.038046537322998036,0.9900273461405695,0.9993403293100279,-1
REACTOME_REGULATION_OF_EXPRESSION_OF_SLITS_AND_ROBOS,18,18,0.03781723815917973,-0.00022660156249998398,0.03804383972167971,0.9051096581886383,0.9993403293100279,1
REACTOME_PURINERGIC_SIGNALING_IN_LEISHMANIASIS_INFECTION,9,9,0.03754525390625002,-0.00011330078124999199,0.03765855468750001,0.9851280695996093,0.9993403293100279,1
REACTOME_BASE_EXCISION_REPAIR_AP_SITE_FORMATION,8,8,-0.037076409912109365,0.0003155572509765947,-0.03739196716308596,0.4983714661576178,0.9993403293100279,-1
REACTOME_TRANSPORT_OF_SMALL_MOLECULES,125,125,-0.034678689575195265,0.002605097656250027,-0.03728378723144529,0.6220185697825727,0.9993403293100279,-1
REACTOME_DISEASES_OF_SIGNAL_TRANSDUCTION_BY_GROWTH_FACTOR_RECEPTORS_AND_SECOND_MESSENGERS,85,85,0.03436196777343753,-0.0026130270385741894,0.03697499481201172,0.35001052637883767,0.9993403293100279,1
REACTOME_REPRODUCTION,27,27,-0.03645101440429688,0.0001969320678711084,-0.036647946472167986,0.6777071964684398,0.9993403293100279,-1
REACTOME_NEUROTRANSMITTER_RECEPTORS_AND_POSTSYNAPTIC_SIGNAL_TRANSMISSION,35,35,0.03539242248535157,-0.0010137072753906018,0.03640612976074217,0.6762236071672645,0.9993403293100279,1
REACTOME_MRNA_DECAY_BY_5_TO_3_EXORIBONUCLEASE,5,5,-0.035932827148437485,3.915344238281104e-05,-0.035971980590820296,0.9364310912456889,0.9993403293100279,-1
REACTOME_PLATELET_ACTIVATION_SIGNALING_AND_AGGREGATION,68,68,0.03456071411132816,-0.0010412756347655816,0.03560198974609374,0.9568309927996348,0.9993403293100279,1
REACTOME_CA_DEPENDENT_EVENTS,5,5,0.03539242248535157,-0.00011330078124999199,0.03550572326660156,0.7315565535062769,0.9993403293100279,1
REACTOME_DARPP_32_EVENTS,7,7,0.03539242248535157,-0.00011330078124999199,0.03550572326660156,0.550086314233318,0.9993403293100279,1
REACTOME_GLUCAGON_SIGNALING_IN_METABOLIC_REGULATION,11,11,0.03539242248535157,-0.00011330078124999199,0.03550572326660156,0.42423499422023814,0.9993403293100279,1
REACTOME_REGULATION_OF_PLK1_ACTIVITY_AT_G2_M_TRANSITION,25,25,0.03539242248535157,-0.00011330078124999199,0.03550572326660156,0.6183782112201099,0.9993403293100279,1
REACTOME_ANTIGEN_PROCESSING_UBIQUITINATION_PROTEASOME_DEGRADATION,64,64,0.03489665008544923,-0.00022660156249998398,0.035123251647949216,0.5005717389336957,0.9993403293100279,1
REACTOME_INTERLEUKIN_1_FAMILY_SIGNALING,29,29,0.03436196777343753,-0.00011330078124999199,0.03447526855468752,0.353731354561554,0.9993403293100279,1
REACTOME_INTERLEUKIN_37_SIGNALING,5,5,0.03436196777343753,-0.00011330078124999199,0.03447526855468752,0.9878924472490205,0.9993403293100279,1
REACTOME_HIV_TRANSCRIPTION_INITIATION,12,12,0.03406622161865236,-0.00022660156249998398,0.03429282318115234,0.5756366113272054,0.9993403293100279,1
REACTOME_TAK1_ACTIVATES_NFKB_BY_PHOSPHORYLATION_AND_ACTIVATION_OF_IKKS_COMPLEX,9,9,-0.03389092651367187,3.915344238281104e-05,-0.03393007995605468,0.9233745612118397,0.9993403293100279,-1
REACTOME_INTERLEUKIN_4_AND_INTERLEUKIN_13_SIGNALING,38,38,0.03334597961425784,-0.00022660156249998398,0.03357258117675782,0.8346463756246653,0.9993403293100279,1
REACTOME_EGR2_AND_SOX10_MEDIATED_INITIATION_OF_SCHWANN_CELL_MYELINATION,6,6,-0.03348289627075193,0.0,-0.03348289627075193,0.8743871430795193,0.9993403293100279,-1
REACTOME_COOPERATION_OF_PREFOLDIN_AND_TRIC_CCT_IN_ACTIN_AND_TUBULIN_FOLDING,8,8,-0.033345385131835936,7.830688476562209e-05,-0.03342369201660156,0.6450823831531014,0.9993403293100279,-1
REACTOME_MRNA_SPLICING_MINOR_PATHWAY,14,14,0.03310486175537111,-0.00022660156249998398,0.033331463317871096,0.9121579768132034,0.9993403293100279,1
REACTOME_REGULATION_OF_CHOLESTEROL_BIOSYNTHESIS_BY_SREBP_SREBF,16,16,0.03293393157958985,-0.00022660156249998398,0.03316053314208983,0.9944887830504546,0.9993403293100279,1
REACTOME_ESTROGEN_DEPENDENT_GENE_EXPRESSION,29,29,0.03242640502929689,-0.000606370239257803,0.03303277526855469,0.8647382601529925,0.9993403293100279,1
REACTOME_RAB_GEFS_EXCHANGE_GTP_FOR_GDP_ON_RABS,18,18,-0.03285451416015622,7.830688476562209e-05,-0.032932821044921845,0.633854721593592,0.9993403293100279,-1
REACTOME_POST_TRANSLATIONAL_MODIFICATION_SYNTHESIS_OF_GPI_ANCHORED_PROTEINS,21,21,0.032683278808593785,-0.00011330078124999199,0.03279657958984378,0.3415017019898767,0.9993403293100279,1
REACTOME_AURKA_ACTIVATION_BY_TPX2,23,23,-0.031109029541015576,3.915344238281104e-05,-0.031148182983398387,0.8712869008883757,0.9993403293100279,-1
REACTOME_RECRUITMENT_OF_MITOTIC_CENTROSOME_PROTEINS_AND_COMPLEXES,25,25,-0.031109029541015576,3.915344238281104e-05,-0.031148182983398387,0.9893741494000075,0.9993403293100279,-1
REACTOME_SIGNALING_BY_WNT,53,53,-0.0309183276367187,0.0001969320678711084,-0.03111525970458981,0.9524233077657082,0.9993403293100279,-1
REACTOME_SIGNALING_BY_NUCLEAR_RECEPTORS,69,69,0.029146705322265654,-0.0010137072753906018,0.030160412597656255,0.9500359338480349,0.9993403293100279,1
REACTOME_G2_M_DNA_DAMAGE_CHECKPOINT,12,12,-0.030159723701477043,0.0,-0.030159723701477043,0.8552485241506309,0.9993403293100279,-1
REACTOME_PROCESSING_OF_CAPPED_INTRON_CONTAINING_PRE_MRNA,56,56,-0.027941063842773423,0.001990297851562517,-0.02993136169433594,0.8710159259641357,0.9993403293100279,-1
REACTOME_AQUAPORIN_MEDIATED_TRANSPORT,16,16,-0.029923670959472626,0.0,-0.029923670959472626,0.9435938813815393,0.9993403293100279,-1
REACTOME_CLASS_B_2_SECRETIN_FAMILY_RECEPTORS,18,18,-0.029923670959472626,0.0,-0.029923670959472626,0.8606426447174704,0.9993403293100279,-1
REACTOME_GLUCAGON_TYPE_LIGAND_RECEPTORS,12,12,-0.029923670959472626,0.0,-0.029923670959472626,0.5776953237160183,0.9993403293100279,-1
REACTOME_G_ALPHA_S_SIGNALLING_EVENTS,26,26,-0.029923670959472626,0.0,-0.029923670959472626,0.7065796588300399,0.9993403293100279,-1
REACTOME_VASOPRESSIN_REGULATES_RENAL_WATER_HOMEOSTASIS_VIA_AQUAPORINS,14,14,-0.029923670959472626,0.0,-0.029923670959472626,0.8242902069234553,0.9993403293100279,-1
REACTOME_DOWNSTREAM_SIGNALING_OF_ACTIVATED_FGFR2,5,5,0.029146705322265654,-0.000606370239257803,0.029753075561523457,0.9554537677833093,0.9993403293100279,1
REACTOME_INSULIN_RECEPTOR_SIGNALLING_CASCADE,11,11,0.029146705322265654,-0.000606370239257803,0.029753075561523457,0.7742985536842173,0.9993403293100279,1
REACTOME_INTRACELLULAR_SIGNALING_BY_SECOND_MESSENGERS,63,63,0.029146705322265654,-0.000606370239257803,0.029753075561523457,0.7451944416325428,0.9993403293100279,1
REACTOME_IRS_MEDIATED_SIGNALLING,11,11,0.029146705322265654,-0.000606370239257803,0.029753075561523457,0.7742985536842173,0.9993403293100279,1
REACTOME_SIGNALING_BY_FGFR1,9,9,0.029146705322265654,-0.000606370239257803,0.029753075561523457,0.7729245881106677,0.9993403293100279,1
REACTOME_SIGNALING_BY_FGFR_IN_DISEASE,13,13,0.029146705322265654,-0.000606370239257803,0.029753075561523457,0.9925687464023022,0.9993403293100279,1
REACTOME_SIGNALING_BY_TYPE_1_INSULIN_LIKE_GROWTH_FACTOR_1_RECEPTOR_IGF1R,11,11,0.029146705322265654,-0.000606370239257803,0.029753075561523457,0.7742985536842173,0.9993403293100279,1
REACTOME_DAP12_INTERACTIONS,13,13,0.029146705322265654,-0.00011330078124999199,0.029260006103515646,0.8310226311321512,0.9993403293100279,1
REACTOME_RET_SIGNALING,7,7,0.029146705322265654,-0.00011330078124999199,0.029260006103515646,0.5445393854192828,0.9993403293100279,1
REACTOME_SIGNALING_BY_EGFR,11,11,0.029146705322265654,-0.00011330078124999199,0.029260006103515646,0.7760213239571179,0.9993403293100279,1
REACTOME_SIGNALING_BY_ERBB2,13,13,0.029146705322265654,-0.00011330078124999199,0.029260006103515646,0.4869138971836042,0.9993403293100279,1
REACTOME_SIGNALING_BY_ERBB2_IN_CANCER,7,7,0.029146705322265654,-0.00011330078124999199,0.029260006103515646,0.4468139306875431,0.9993403293100279,1
REACTOME_RUNX1_REGULATES_GENES_INVOLVED_IN_MEGAKARYOCYTE_DIFFERENTIATION_AND_PLATELET_FUNCTION,13,13,0.027713686828613304,-0.00011330078124999199,0.027826987609863296,0.7753245765592853,0.9993403293100279,1
REACTOME_PHOSPHOLIPID_METABOLISM,54,54,0.027249112243652368,-0.00022660156249998398,0.027475713806152352,0.6418702871144681,0.9993403293100279,1
REACTOME_ESR_MEDIATED_SIGNALING,50,50,0.026468165893554718,-0.000986138916015622,0.02745430480957034,0.7605119140784976,0.9993403293100279,1
REACTOME_RHO_GTPASE_CYCLE,95,95,0.026431559448242214,-0.000606370239257803,0.027037929687500017,0.8264197672423004,0.9993403293100279,1
REACTOME_SIGNALING_BY_RHO_GTPASES_MIRO_GTPASES_AND_RHOBTB3,143,143,0.026431559448242214,-0.000606370239257803,0.027037929687500017,0.8953877156779706,0.9993403293100279,1
REACTOME_TOLL_LIKE_RECEPTOR_CASCADES,40,40,0.026565402832031265,0.0,0.026565402832031265,0.9807779304523245,0.9993403293100279,1
REACTOME_ADORA2B_MEDIATED_ANTI_INFLAMMATORY_CYTOKINES_PRODUCTION,26,26,0.02619190734863283,-0.00022660156249998398,0.026418508911132815,0.3705643865139421,0.9993403293100279,1
REACTOME_OPIOID_SIGNALLING,22,22,0.02619190734863283,-0.00022660156249998398,0.026418508911132815,0.3511279697131051,0.9993403293100279,1
REACTOME_DUAL_INCISION_IN_TC_NER,23,23,0.026272504272460973,-0.00011330078124999199,0.026385805053710965,0.7455474391724621,0.9993403293100279,1
REACTOME_MISMATCH_REPAIR,5,5,0.026272504272460973,-0.00011330078124999199,0.026385805053710965,0.6521004293659368,0.9993403293100279,1
REACTOME_PROCESSIVE_SYNTHESIS_ON_THE_LAGGING_STRAND,7,7,0.026272504272460973,-0.00011330078124999199,0.026385805053710965,0.9993403293100279,0.9993403293100279,1
REACTOME_RESOLUTION_OF_AP_SITES_VIA_THE_MULTIPLE_NUCLEOTIDE_PATCH_REPLACEMENT_PATHWAY,13,13,0.026272504272460973,-0.00011330078124999199,0.026385805053710965,0.679973585047679,0.9993403293100279,1
REACTOME_MEMBRANE_TRAFFICKING,122,122,-0.02384384002685544,0.001990297851562517,-0.025834137878417957,0.48231957505438317,0.9993403293100279,-1
REACTOME_SYNTHESIS_OF_PIPS_AT_THE_PLASMA_MEMBRANE,19,19,0.025351519165039083,-0.00011330078124999199,0.025464819946289075,0.32944248929217024,0.9993403293100279,1
REACTOME_EFFECTS_OF_PIP2_HYDROLYSIS,7,7,-0.025290648803710902,3.915344238281104e-05,-0.025329802246093713,0.3296899816692658,0.9993403293100279,-1
REACTOME_G_PROTEIN_MEDIATED_EVENTS,9,9,-0.025290648803710902,3.915344238281104e-05,-0.025329802246093713,0.8946123473882935,0.9993403293100279,-1
REACTOME_SIGNALING_BY_VEGF,25,25,-0.025290648803710902,3.915344238281104e-05,-0.025329802246093713,0.7893870498221905,0.9993403293100279,-1
REACTOME_TP53_REGULATES_METABOLIC_GENES,16,16,-0.025203488616943354,0.0,-0.025203488616943354,0.7104019943169496,0.9993403293100279,-1
REACTOME_HATS_ACETYLATE_HISTONES,26,26,-0.025164702758789043,0.0,-0.025164702758789043,0.7302805956714447,0.9993403293100279,-1
REACTOME_MAPK_FAMILY_SIGNALING_CASCADES,70,70,0.023749265136718767,-0.0010412756347655816,0.02479054077148435,0.7826181137488065,0.9993403293100279,1
REACTOME_CHROMATIN_MODIFYING_ENZYMES,61,61,-0.02444018310546875,0.0001969320678711084,-0.024637115173339857,0.44151405166836,0.9993403293100279,-1
REACTOME_GOLGI_TO_ER_RETROGRADE_TRANSPORT,24,24,-0.024517119445800734,7.830688476562209e-05,-0.024595426330566356,0.7606550323662451,0.9993403293100279,-1
REACTOME_BIOLOGICAL_OXIDATIONS,27,27,0.023434527587890663,-0.0010137072753906018,0.024448234863281265,0.6967848049714294,0.9993403293100279,1
REACTOME_FGFR2_MUTANT_RECEPTOR_ACTIVATION,6,6,0.024104370117187524,-0.00022660156249998398,0.024330971679687508,0.6199836836742948,0.9993403293100279,1
REACTOME_EUKARYOTIC_TRANSLATION_ELONGATION,5,5,0.024154301147460977,-0.00011330078124999199,0.02426760192871097,0.845562107689309,0.9993403293100279,1
REACTOME_NONSENSE_MEDIATED_DECAY_NMD,13,13,0.024154301147460977,-0.00011330078124999199,0.02426760192871097,0.8520655613457039,0.9993403293100279,1
REACTOME_RNA_POLYMERASE_II_TRANSCRIPTION,394,394,-0.02082890075683594,0.0032198974609375375,-0.024048798217773476,0.32800768289396953,0.9993403293100279,-1
REACTOME_TRANSCRIPTION_OF_THE_HIV_GENOME,15,15,0.023789626464843783,-0.00011330078124999199,0.023902927246093775,0.5660603290879611,0.9993403293100279,1
REACTOME_POTASSIUM_CHANNELS,12,12,-0.023798021545410136,0.0,-0.023798021545410136,0.9513972694362153,0.9993403293100279,-1
REACTOME_DOWNSTREAM_SIGNAL_TRANSDUCTION,10,10,0.023536420288085974,-0.00022660156249998398,0.023763021850585958,0.8005942994156983,0.9993403293100279,1
REACTOME_TRIGLYCERIDE_METABOLISM,8,8,-0.023083252258300727,0.0,-0.023083252258300727,0.9676175887427205,0.9993403293100279,-1
REACTOME_MEIOSIS,22,22,-0.022988048095703123,7.830688476562209e-05,-0.023066354980468745,0.3545975905851242,0.9993403293100279,-1
REACTOME_SIGNALING_BY_TGFB_FAMILY_MEMBERS,26,26,-0.022618601684570278,0.0,-0.022618601684570278,0.7460049683814685,0.9993403293100279,-1
REACTOME_SIGNALING_BY_TGF_BETA_RECEPTOR_COMPLEX,22,22,-0.022618601684570278,0.0,-0.022618601684570278,0.9571566484895183,0.9993403293100279,-1
REACTOME_TRANSCRIPTIONAL_ACTIVITY_OF_SMAD2_SMAD3_SMAD4_HETEROTRIMER,14,14,-0.022618601684570278,0.0,-0.022618601684570278,0.7226723118696661,0.9993403293100279,-1
REACTOME_N_GLYCAN_TRIMMING_IN_THE_ER_AND_CALNEXIN_CALRETICULIN_CYCLE,6,6,-0.02194745147705074,0.0,-0.02194745147705074,0.9652288283512556,0.9993403293100279,-1
REACTOME_HEMOSTASIS,146,146,0.02039747131347658,-0.000986138916015622,0.0213836102294922,0.9432496746156979,0.9993403293100279,1
REACTOME_ROLE_OF_LAT2_NTAL_LAB_ON_CALCIUM_MOBILIZATION,6,6,-0.021108712768554666,0.0,-0.021108712768554666,0.4606754253152862,0.9993403293100279,-1
REACTOME_TIE2_SIGNALING,6,6,-0.021108712768554666,0.0,-0.021108712768554666,0.5764599378552397,0.9993403293100279,-1
REACTOME_BBSOME_MEDIATED_CARGO_TARGETING_TO_CILIUM,9,9,-0.020348980712890596,3.915344238281104e-05,-0.020388134155273407,0.8081442879502987,0.9993403293100279,-1
REACTOME_CARGO_TRAFFICKING_TO_THE_PERICILIARY_MEMBRANE,11,11,-0.020348980712890596,3.915344238281104e-05,-0.020388134155273407,0.8176799815984136,0.9993403293100279,-1
REACTOME_PARASITE_INFECTION,12,12,0.019418262481689458,0.0,0.019418262481689458,0.6302523529152171,0.9993403293100279,1
REACTOME_NEURONAL_SYSTEM,53,53,0.01835182495117188,-0.0010137072753906018,0.019365532226562482,0.8004057774463768,0.9993403293100279,1
REACTOME_UNFOLDED_PROTEIN_RESPONSE_UPR,22,22,0.01900994781494142,-0.00022660156249998398,0.019236549377441403,0.9785070233214949,0.9993403293100279,1
REACTOME_ACTIVATION_OF_KAINATE_RECEPTORS_UPON_GLUTAMATE_BINDING,11,11,0.01835182495117188,-0.000606370239257803,0.018958195190429683,0.3874128463711667,0.9993403293100279,1
REACTOME_NEGATIVE_REGULATION_OF_MAPK_PATHWAY,12,12,-0.01842921905517575,0.0,-0.01842921905517575,0.9462524628009074,0.9993403293100279,-1
REACTOME_INTRA_GOLGI_AND_RETROGRADE_GOLGI_TO_ER_TRAFFIC,42,42,0.018359423370361366,0.0,0.018359423370361366,0.5312562964599532,0.9993403293100279,1
REACTOME_RESOLUTION_OF_ABASIC_SITES_AP_SITES,18,18,-0.018316439208984375,0.0,-0.018316439208984375,0.8005146259167741,0.9993403293100279,-1
REACTOME_REGULATION_OF_LIPID_METABOLISM_BY_PPARALPHA,28,28,-0.017961581420898404,7.830688476562209e-05,-0.018039888305664026,0.6764962132769324,0.9993403293100279,-1
REACTOME_SIGNALING_BY_ROBO_RECEPTORS,29,29,0.017926135253906295,-0.00011330078124999199,0.018039436035156287,0.45883865991622375,0.9993403293100279,1
REACTOME_DEVELOPMENTAL_BIOLOGY,172,172,0.016858306579589866,-0.0010412756347655816,0.017899582214355447,0.6910200607900006,0.9993403293100279,1
REACTOME_ADRENALINE_NORADRENALINE_INHIBITS_INSULIN_SECRETION,9,9,0.01699139221191409,-0.000606370239257803,0.017597762451171894,0.4841572506937051,0.9993403293100279,1
REACTOME_REGULATION_OF_INSULIN_SECRETION,19,19,0.01699139221191409,-0.000606370239257803,0.017597762451171894,0.5477148690131146,0.9993403293100279,1
REACTOME_CELLULAR_RESPONSE_TO_STARVATION,16,16,0.017324797210693382,-0.00022660156249998398,0.017551398773193366,0.9525120659148167,0.9993403293100279,1
REACTOME_SIGNALING_BY_FGFR1_IN_DISEASE,8,8,-0.017474073486328096,0.0,-0.017474073486328096,0.8679278711665547,0.9993403293100279,-1
REACTOME_INHIBITION_OF_DNA_RECOMBINATION_AT_TELOMERE,8,8,0.017408867492675784,0.0,0.017408867492675784,0.9775148629035961,0.9993403293100279,1
REACTOME_COOPERATION_OF_PDCL_PHLP1_AND_TRIC_CCT_IN_G_PROTEIN_BETA_FOLDING,11,11,0.01699139221191409,-0.00011330078124999199,0.017104692993164083,0.6330216677606206,0.9993403293100279,1
REACTOME_G_ALPHA_Z_SIGNALLING_EVENTS,13,13,0.01699139221191409,-0.00011330078124999199,0.017104692993164083,0.3359380448669751,0.9993403293100279,1
REACTOME_INWARDLY_RECTIFYING_K_CHANNELS,9,9,0.01699139221191409,-0.00011330078124999199,0.017104692993164083,0.9040550169951577,0.9993403293100279,1
REACTOME_LEISHMANIA_INFECTION,55,55,0.01699139221191409,-0.00011330078124999199,0.017104692993164083,0.5259599925769765,0.9993403293100279,1
REACTOME_PRESYNAPTIC_FUNCTION_OF_KAINATE_RECEPTORS,9,9,0.01699139221191409,-0.00011330078124999199,0.017104692993164083,0.676827144706077,0.9993403293100279,1
REACTOME_PROTEIN_FOLDING,25,25,0.01699139221191409,-0.00011330078124999199,0.017104692993164083,0.9829278022791215,0.9993403293100279,1
REACTOME_THE_PHOTOTRANSDUCTION_CASCADE,9,9,0.01699139221191409,-0.00011330078124999199,0.017104692993164083,0.9807663859285938,0.9993403293100279,1
REACTOME_THROMBIN_SIGNALLING_THROUGH_PROTEINASE_ACTIVATED_RECEPTORS_PARS,9,9,0.01699139221191409,-0.00011330078124999199,0.017104692993164083,0.5483616142941822,0.9993403293100279,1
REACTOME_DOWNSTREAM_SIGNALING_OF_ACTIVATED_FGFR1,6,6,0.016506314392089882,-0.00022660156249998398,0.016732915954589866,0.5276857025947286,0.9993403293100279,1
REACTOME_NRAGE_SIGNALS_DEATH_THROUGH_JNK,20,20,-0.016152466316223135,0.0,-0.016152466316223135,0.3128585235279646,0.9993403293100279,-1
REACTOME_ANTIGEN_ACTIVATES_B_CELL_RECEPTOR_BCR_LEADING_TO_GENERATION_OF_SECOND_MESSENGERS,12,12,-0.015923047485351532,7.830688476562209e-05,-0.016001354370117155,0.9596330862888859,0.9993403293100279,-1
REACTOME_MITOTIC_G2_G2_M_PHASES,42,42,0.015937938537597673,0.0,0.015937938537597673,0.9385766560366849,0.9993403293100279,1
REACTOME_SNRNP_ASSEMBLY,12,12,0.015590007934570327,0.0,0.015590007934570327,0.9014397203780634,0.9993403293100279,1
REACTOME_DNA_REPLICATION_PRE_INITIATION,19,19,-0.014811308593749961,0.0001969320678711084,-0.01500824066162107,0.8243173728988036,0.9993403293100279,-1
REACTOME_VISUAL_PHOTOTRANSDUCTION,20,20,0.014536804351806654,-0.00022660156249998398,0.014763405914306638,0.4926937942903796,0.9993403293100279,1
REACTOME_RAF_INDEPENDENT_MAPK1_3_ACTIVATION,6,6,-0.013760534057617152,0.0,-0.013760534057617152,0.5723873048944599,0.9993403293100279,-1
REACTOME_PHASE_I_FUNCTIONALIZATION_OF_COMPOUNDS,11,11,0.012082216491699216,-0.000606370239257803,0.012688586730957019,0.8229263556867333,0.9993403293100279,1
REACTOME_DNA_STRAND_ELONGATION,14,14,-0.012385566101074191,7.830688476562209e-05,-0.012463872985839813,0.38562738315395173,0.9993403293100279,-1
REACTOME_ACTIVATION_OF_GENE_EXPRESSION_BY_SREBF_SREBP,13,13,0.01220396606445312,-0.00011330078124999199,0.012317266845703112,0.8365151229450636,0.9993403293100279,1
REACTOME_FOXO_MEDIATED_TRANSCRIPTION,17,17,0.01220396606445312,-0.00011330078124999199,0.012317266845703112,0.6662368020201188,0.9993403293100279,1
REACTOME_METABOLISM_OF_STEROIDS,31,31,0.01220396606445312,-0.00011330078124999199,0.012317266845703112,0.7150742140093691,0.9993403293100279,1
REACTOME_MITOCHONDRIAL_TRNA_AMINOACYLATION,6,6,-0.012295779113769528,0.0,-0.012295779113769528,0.9841481111082798,0.9993403293100279,-1
REACTOME_INTEGRATION_OF_ENERGY_METABOLISM,24,24,-0.011650175476074193,0.0,-0.011650175476074193,0.7903647965211659,0.9993403293100279,-1
REACTOME_IRON_UPTAKE_AND_TRANSPORT,15,15,0.010495293273925788,-0.00011330078124999199,0.01060859405517578,0.732231247586102,0.9993403293100279,1
REACTOME_ROS_AND_RNS_PRODUCTION_IN_PHAGOCYTES,7,7,0.010495293273925788,-0.00011330078124999199,0.01060859405517578,0.8472015928373796,0.9993403293100279,1
REACTOME_HDR_THROUGH_SINGLE_STRAND_ANNEALING_SSA,12,12,-0.010553716621398895,0.0,-0.010553716621398895,0.9205663048111509,0.9993403293100279,-1
REACTOME_ASPARAGINE_N_LINKED_GLYCOSYLATION,60,60,0.010253091735839881,0.0,0.010253091735839881,0.7564045123678284,0.9993403293100279,1
REACTOME_BASE_EXCISION_REPAIR,21,21,-0.009525081787109368,0.00015777862548829735,-0.009682860412597666,0.9198280785047833,0.9993403293100279,-1
REACTOME_CHROMOSOME_MAINTENANCE,33,33,-0.009525081787109368,3.915344238281104e-05,-0.00956423522949218,0.6407171427034195,0.9993403293100279,-1
REACTOME_DNA_DAMAGE_TELOMERE_STRESS_INDUCED_SENESCENCE,5,5,-0.009525081787109368,3.915344238281104e-05,-0.00956423522949218,0.8714537289580028,0.9993403293100279,-1
REACTOME_EXTENSION_OF_TELOMERES,21,21,-0.009525081787109368,3.915344238281104e-05,-0.00956423522949218,0.6108939694456108,0.9993403293100279,-1
REACTOME_TELOMERE_C_STRAND_LAGGING_STRAND_SYNTHESIS,17,17,-0.009525081787109368,3.915344238281104e-05,-0.00956423522949218,0.7431380388204744,0.9993403293100279,-1
REACTOME_TELOMERE_EXTENSION_BY_TELOMERASE,7,7,-0.009525081787109368,3.915344238281104e-05,-0.00956423522949218,0.8923482898039385,0.9993403293100279,-1
REACTOME_RHOD_GTPASE_CYCLE,10,10,0.009434658813476576,0.0,0.009434658813476576,0.7842359502321578,0.9993403293100279,1
REACTOME_RHOF_GTPASE_CYCLE,10,10,0.009434658813476576,0.0,0.009434658813476576,0.8869158665498903,0.9993403293100279,1
REACTOME_ARACHIDONIC_ACID_METABOLISM,10,10,0.009386157760620142,0.0,0.009386157760620142,0.5763730547925556,0.9993403293100279,1
REACTOME_RHO_GTPASE_EFFECTORS,52,52,0.008682329711914072,0.0,0.008682329711914072,0.7034716281273043,0.9993403293100279,1
REACTOME_SUMOYLATION_OF_UBIQUITINYLATION_PROTEINS,10,10,-0.008530498657226548,0.0,-0.008530498657226548,0.885798328772118,0.9993403293100279,-1
REACTOME_TELOMERE_MAINTENANCE,26,26,0.008373711242675802,0.0,0.008373711242675802,0.5525387188523673,0.9993403293100279,1
REACTOME_CELL_CYCLE,176,176,-0.007694690551757782,0.0003155572509765947,-0.008010247802734377,0.9536144229042816,0.9993403293100279,-1
REACTOME_SIGNALING_BY_INSULIN_RECEPTOR,16,16,0.0071806083679199495,-0.00022660156249998398,0.0074072099304199335,0.586056286637739,0.9993403293100279,1
REACTOME_CELL_CYCLE_CHECKPOINTS,59,59,-0.007107897949218733,3.915344238281104e-05,-0.007147051391601544,0.9742437802629306,0.9993403293100279,-1
REACTOME_DNA_REPLICATION,35,35,-0.007107897949218733,3.915344238281104e-05,-0.007147051391601544,0.6117267436113676,0.9993403293100279,-1
REACTOME_SYNTHESIS_OF_DNA,31,31,-0.007107897949218733,3.915344238281104e-05,-0.007147051391601544,0.40497687827467765,0.9993403293100279,-1
REACTOME_DNA_DOUBLE_STRAND_BREAK_REPAIR,36,36,-0.007089163818359334,0.0,-0.007089163818359334,0.6868594579160341,0.9993403293100279,-1
REACTOME_RECYCLING_PATHWAY_OF_L1,9,9,-0.006924384765624958,3.915344238281104e-05,-0.006963538208007769,0.6753732990953102,0.9993403293100279,-1
REACTOME_MITOTIC_PROPHASE,22,22,0.006639274291992209,0.0,0.006639274291992209,0.9325412136646618,0.9993403293100279,1
REACTOME_NEGATIVE_REGULATION_OF_THE_PI3K_AKT_NETWORK,25,25,-0.006555446166992163,3.915344238281104e-05,-0.006594599609374974,0.37787089060055834,0.9993403293100279,-1
REACTOME_NR1H2_AND_NR1H3_MEDIATED_SIGNALING,12,12,-0.006190371398925754,0.0,-0.006190371398925754,0.8122201652338208,0.9993403293100279,-1
REACTOME_CILIUM_ASSEMBLY,55,55,-0.006019442138671838,3.915344238281104e-05,-0.006058595581054649,0.7815225684777197,0.9993403293100279,-1
REACTOME_SIGNALING_BY_FLT3_FUSION_PROTEINS,9,9,-0.006019442138671838,3.915344238281104e-05,-0.006058595581054649,0.795462290418229,0.9993403293100279,-1
REACTOME_VESICLE_MEDIATED_TRANSPORT,131,131,-0.006019442138671838,3.915344238281104e-05,-0.006058595581054649,0.8663255675573813,0.9993403293100279,-1
REACTOME_RESOLUTION_OF_D_LOOP_STRUCTURES_THROUGH_SYNTHESIS_DEPENDENT_STRAND_ANNEALING_SDSA,6,6,0.006043502526283273,0.0,0.006043502526283273,0.8098632708287312,0.9993403293100279,1
REACTOME_MISCELLANEOUS_TRANSPORT_AND_BINDING_EVENTS,6,6,-0.005709741821289027,0.0,-0.005709741821289027,0.9898260231051204,0.9993403293100279,-1
REACTOME_CELL_CYCLE_MITOTIC,136,136,-0.005312221679687479,7.830688476562209e-05,-0.005390528564453101,0.9713046034987799,0.9993403293100279,-1
REACTOME_EPIGENETIC_REGULATION_OF_GENE_EXPRESSION,24,24,-0.0051890652465819975,0.0,-0.0051890652465819975,0.5121412797414397,0.9993403293100279,-1
REACTOME_NEGATIVE_EPIGENETIC_REGULATION_OF_RRNA_EXPRESSION,14,14,-0.0051890652465819975,0.0,-0.0051890652465819975,0.9362414033146517,0.9993403293100279,-1
REACTOME_GLYOXYLATE_METABOLISM_AND_GLYCINE_DEGRADATION,7,7,-0.004964905395507813,3.915344238281104e-05,-0.005004058837890624,0.424135080239865,0.9993403293100279,-1
REACTOME_METABOLISM_OF_LIPIDS,166,166,0.0042912921142578275,0.0,0.0042912921142578275,0.5167730562762141,0.9993403293100279,1
REACTOME_G_ALPHA_Q_SIGNALLING_EVENTS,52,52,-0.004149628295898405,0.0,-0.004149628295898405,0.5414178099490498,0.9993403293100279,-1
REACTOME_NEGATIVE_REGULATION_OF_FGFR1_SIGNALING,5,5,0.0038659234619141114,-0.00011330078124999199,0.003979224243164103,0.6761687424785353,0.9993403293100279,1
REACTOME_NEGATIVE_REGULATION_OF_FGFR2_SIGNALING,5,5,0.0038659234619141114,-0.00011330078124999199,0.003979224243164103,0.6761687424785353,0.9993403293100279,1
REACTOME_PI3K_AKT_SIGNALING_IN_CANCER,25,25,0.0038659234619141114,-0.00011330078124999199,0.003979224243164103,0.8585496241417152,0.9993403293100279,1
REACTOME_E3_UBIQUITIN_LIGASES_UBIQUITINATE_TARGET_PROTEINS,14,14,0.0038715954589843837,0.0,0.0038715954589843837,0.5523278786810755,0.9993403293100279,1
REACTOME_HCMV_EARLY_EVENTS,20,20,-0.0037759512329101352,0.0,-0.0037759512329101352,0.8448462493678004,0.9993403293100279,-1
REACTOME_CARBOXYTERMINAL_POST_TRANSLATIONAL_MODIFICATIONS_OF_TUBULIN,9,9,-0.0032895776367187213,3.915344238281104e-05,-0.0033287310791015323,0.5772072787370973,0.9993403293100279,-1
REACTOME_SELENOAMINO_ACID_METABOLISM,12,12,-0.0028841864013671448,0.0,-0.0028841864013671448,0.8383818232141931,0.9993403293100279,-1
REACTOME_RECRUITMENT_OF_NUMA_TO_MITOTIC_CENTROSOMES,28,28,0.0021416964721679976,0.0,0.0021416964721679976,0.9883726016407338,0.9993403293100279,1
REACTOME_NCAM_SIGNALING_FOR_NEURITE_OUT_GROWTH,13,13,0.001990297851562517,-0.00011330078124999199,0.002103598632812509,0.5290820317814944,0.9993403293100279,1
REACTOME_NERVOUS_SYSTEM_DEVELOPMENT,97,97,0.001990297851562517,-0.00011330078124999199,0.002103598632812509,0.4616638547765539,0.9993403293100279,1
REACTOME_CONSTITUTIVE_SIGNALING_BY_ABERRANT_PI3K_IN_CANCER,20,20,-0.0013447613525390256,0.0,-0.0013447613525390256,0.48848813620898823,0.9993403293100279,-1
REACTOME_OTHER_INTERLEUKIN_SIGNALING,5,5,0.0003155572509765947,-0.00011330078124999199,0.0004288580322265867,0.9456817950406687,0.9993403293100279,1
REACTOME_DISEASES_OF_CARBOHYDRATE_METABOLISM,9,9,-0.00022660156249998398,3.915344238281104e-05,-0.000265755004882795,0.7992997833627122,0.9993403293100279,-1
REACTOME_2_LTR_CIRCLE_FORMATION,0,0,,,,,,0
REACTOME_ABACAVIR_METABOLISM,1,1,,,,,,0
REACTOME_ABACAVIR_TRANSMEMBRANE_TRANSPORT,2,2,,,,,,0
REACTOME_ABACAVIR_TRANSPORT_AND_METABOLISM,3,3,,,,,,0
REACTOME_ACETYLCHOLINE_BINDING_AND_DOWNSTREAM_EVENTS,2,2,,,,,,0
REACTOME_ACETYLCHOLINE_INHIBITS_CONTRACTION_OF_OUTER_HAIR_CELLS,0,0,,,,,,0
REACTOME_ACETYLCHOLINE_NEUROTRANSMITTER_RELEASE_CYCLE,2,2,,,,,,0
REACTOME_ACETYLCHOLINE_REGULATES_INSULIN_SECRETION,1,1,,,,,,0
REACTOME_ACROSOME_REACTION_AND_SPERM_OOCYTE_MEMBRANE_BINDING,2,2,,,,,,0
REACTOME_ACTIVATED_NTRK2_SIGNALS_THROUGH_CDK5,0,0,,,,,,0
REACTOME_ACTIVATED_NTRK2_SIGNALS_THROUGH_FRS2_AND_FRS3,1,1,,,,,,0
REACTOME_ACTIVATED_NTRK2_SIGNALS_THROUGH_FYN,1,1,,,,,,0
REACTOME_ACTIVATED_NTRK2_SIGNALS_THROUGH_PI3K,1,1,,,,,,0
REACTOME_ACTIVATED_NTRK2_SIGNALS_THROUGH_RAS,1,1,,,,,,0
REACTOME_ACTIVATED_NTRK3_SIGNALS_THROUGH_PI3K,1,1,,,,,,0
REACTOME_ACTIVATED_NTRK3_SIGNALS_THROUGH_RAS,1,1,,,,,,0
REACTOME_ACTIVATED_PKN1_STIMULATES_TRANSCRIPTION_OF_AR_ANDROGEN_RECEPTOR_REGULATED_GENES_KLK2_AND_KLK3,0,0,,,,,,0
REACTOME_ACTIVATED_TAK1_MEDIATES_P38_MAPK_ACTIVATION,3,3,,,,,,0
REACTOME_ACTIVATION_OF_AMPK_DOWNSTREAM_OF_NMDARS,4,4,,,,,,0
REACTOME_ACTIVATION_OF_BAD_AND_TRANSLOCATION_TO_MITOCHONDRIA,1,1,,,,,,0
REACTOME_ACTIVATION_OF_C3_AND_C5,1,1,,,,,,0
REACTOME_ACTIVATION_OF_CASPASES_THROUGH_APOPTOSOME_MEDIATED_CLEAVAGE,1,1,,,,,,0
REACTOME_ACTIVATION_OF_IRF3_IRF7_MEDIATED_BY_TBK1_IKK_EPSILON,4,4,,,,,,0
REACTOME_ACTIVATION_OF_NIMA_KINASES_NEK9_NEK6_NEK7,0,0,,,,,,0
REACTOME_ACTIVATION_OF_NOXA_AND_TRANSLOCATION_TO_MITOCHONDRIA,3,3,,,,,,0
REACTOME_ACTIVATION_OF_PPARGC1A_PGC_1ALPHA_BY_PHOSPHORYLATION,1,1,,,,,,0
REACTOME_ACTIVATION_OF_PUMA_AND_TRANSLOCATION_TO_MITOCHONDRIA,3,3,,,,,,0
REACTOME_ACTIVATION_OF_RAC1,2,2,,,,,,0
REACTOME_ACTIVATION_OF_RAC1_DOWNSTREAM_OF_NMDARS,1,1,,,,,,0
REACTOME_ACTIVATION_OF_RAS_IN_B_CELLS,1,1,,,,,,0
REACTOME_ACTIVATION_OF_SMO,4,4,,,,,,0
REACTOME_ACTIVATION_OF_THE_AP_1_FAMILY_OF_TRANSCRIPTION_FACTORS,4,4,,,,,,0
REACTOME_ACTIVATION_OF_THE_PHOTOTRANSDUCTION_CASCADE,2,2,,,,,,0
REACTOME_ACTIVATION_OF_THE_TFAP2_AP_2_FAMILY_OF_TRANSCRIPTION_FACTORS,3,3,,,,,,0
REACTOME_ACTIVATION_OF_TRKA_RECEPTORS,0,0,,,,,,0
REACTOME_ACYL_CHAIN_REMODELING_OF_CL,0,0,,,,,,0
REACTOME_ACYL_CHAIN_REMODELING_OF_DAG_AND_TAG,0,0,,,,,,0
REACTOME_ACYL_CHAIN_REMODELLING_OF_PC,2,2,,,,,,0
REACTOME_ACYL_CHAIN_REMODELLING_OF_PE,3,3,,,,,,0
REACTOME_ACYL_CHAIN_REMODELLING_OF_PG,2,2,,,,,,0
REACTOME_ACYL_CHAIN_REMODELLING_OF_PI,1,1,,,,,,0
REACTOME_ACYL_CHAIN_REMODELLING_OF_PS,3,3,,,,,,0
REACTOME_ADENYLATE_CYCLASE_ACTIVATING_PATHWAY,2,2,,,,,,0
REACTOME_ADENYLATE_CYCLASE_INHIBITORY_PATHWAY,2,2,,,,,,0
REACTOME_ADHERENS_JUNCTIONS_INTERACTIONS,2,2,,,,,,0
REACTOME_ADRENOCEPTORS,1,1,,,,,,0
REACTOME_AFLATOXIN_ACTIVATION_AND_DETOXIFICATION,2,2,,,,,,0
REACTOME_AKT_PHOSPHORYLATES_TARGETS_IN_THE_CYTOSOL,0,0,,,,,,0
REACTOME_AKT_PHOSPHORYLATES_TARGETS_IN_THE_NUCLEUS,2,2,,,,,,0
REACTOME_ALK_MUTANTS_BIND_TKIS,1,1,,,,,,0
REACTOME_ALPHA_DEFENSINS,0,0,,,,,,0
REACTOME_ALPHA_LINOLENIC_OMEGA3_AND_LINOLEIC_OMEGA6_ACID_METABOLISM,1,1,,,,,,0
REACTOME_ALPHA_OXIDATION_OF_PHYTANATE,2,2,,,,,,0
REACTOME_ALPHA_PROTEIN_KINASE_1_SIGNALING_PATHWAY,4,4,,,,,,0
REACTOME_ALTERNATIVE_COMPLEMENT_ACTIVATION,3,3,,,,,,0
REACTOME_AMINE_LIGAND_BINDING_RECEPTORS,1,1,,,,,,0
REACTOME_AMINO_ACID_CONJUGATION,1,1,,,,,,0
REACTOME_AMINO_ACID_TRANSPORT_ACROSS_THE_PLASMA_MEMBRANE,2,2,,,,,,0
REACTOME_AMPK_INHIBITS_CHREBP_TRANSCRIPTIONAL_ACTIVATION_ACTIVITY,1,1,,,,,,0
REACTOME_ANCHORING_FIBRIL_FORMATION,1,1,,,,,,0
REACTOME_ANDROGEN_BIOSYNTHESIS,1,1,,,,,,0
REACTOME_ANTIGEN_PRESENTATION_FOLDING_ASSEMBLY_AND_PEPTIDE_LOADING_OF_CLASS_I_MHC,4,4,,,,,,0
REACTOME_APEX1_INDEPENDENT_RESOLUTION_OF_AP_SITES_VIA_THE_SINGLE_NUCLEOTIDE_REPLACEMENT_PATHWAY,2,2,,,,,,0
REACTOME_APOBEC3G_MEDIATED_RESISTANCE_TO_HIV_1_INFECTION,1,1,,,,,,0
REACTOME_APOPTOSIS_INDUCED_DNA_FRAGMENTATION,4,4,,,,,,0
REACTOME_APOPTOTIC_CLEAVAGE_OF_CELL_ADHESION_PROTEINS,2,2,,,,,,0
REACTOME_APOPTOTIC_FACTOR_MEDIATED_RESPONSE,1,1,,,,,,0
REACTOME_ARACHIDONATE_PRODUCTION_FROM_DAG,0,0,,,,,,0
REACTOME_ARMS_MEDIATED_ACTIVATION,1,1,,,,,,0
REACTOME_ARYL_HYDROCARBON_RECEPTOR_SIGNALLING,1,1,,,,,,0
REACTOME_ASPARTATE_AND_ASPARAGINE_METABOLISM,2,2,,,,,,0
REACTOME_ASSEMBLY_OF_ACTIVE_LPL_AND_LIPC_LIPASE_COMPLEXES,2,2,,,,,,0
REACTOME_ATF6_ATF6_ALPHA_ACTIVATES_CHAPERONES,4,4,,,,,,0
REACTOME_ATF6_ATF6_ALPHA_ACTIVATES_CHAPERONE_GENES,4,4,,,,,,0
REACTOME_ATTACHMENT_AND_ENTRY,1,1,,,,,,0
REACTOME_ATTACHMENT_OF_GPI_ANCHOR_TO_UPAR,3,3,,,,,,0
REACTOME_BASIGIN_INTERACTIONS,4,4,,,,,,0
REACTOME_BETA_CATENIN_PHOSPHORYLATION_CASCADE,1,1,,,,,,0
REACTOME_BETA_DEFENSINS,2,2,,,,,,0
REACTOME_BETA_OXIDATION_OF_BUTANOYL_COA_TO_ACETYL_COA,2,2,,,,,,0
REACTOME_BETA_OXIDATION_OF_DECANOYL_COA_TO_OCTANOYL_COA_COA,2,2,,,,,,0
REACTOME_BETA_OXIDATION_OF_HEXANOYL_COA_TO_BUTANOYL_COA,1,1,,,,,,0
REACTOME_BETA_OXIDATION_OF_LAUROYL_COA_TO_DECANOYL_COA_COA,1,1,,,,,,0
REACTOME_BETA_OXIDATION_OF_OCTANOYL_COA_TO_HEXANOYL_COA,2,2,,,,,,0
REACTOME_BETA_OXIDATION_OF_PRISTANOYL_COA,3,3,,,,,,0
REACTOME_BETA_OXIDATION_OF_VERY_LONG_CHAIN_FATTY_ACIDS,4,4,,,,,,0
REACTOME_BH3_ONLY_PROTEINS_ASSOCIATE_WITH_AND_INACTIVATE_ANTI_APOPTOTIC_BCL_2_MEMBERS,4,4,,,,,,0
REACTOME_BICARBONATE_TRANSPORTERS,3,3,,,,,,0
REACTOME_BINDING_OF_TCF_LEF_CTNNB1_TO_TARGET_GENE_PROMOTERS,3,3,,,,,,0
REACTOME_BIOSYNTHESIS_OF_EPA_DERIVED_SPMS,1,1,,,,,,0
REACTOME_BIOSYNTHESIS_OF_MARESINS,1,1,,,,,,0
REACTOME_BIOSYNTHESIS_OF_MARESIN_LIKE_SPMS,0,0,,,,,,0
REACTOME_BIOSYNTHESIS_OF_SPECIALIZED_PRORESOLVING_MEDIATORS_SPMS,4,4,,,,,,0
REACTOME_BIOTIN_TRANSPORT_AND_METABOLISM,2,2,,,,,,0
REACTOME_BUDDING_AND_MATURATION_OF_HIV_VIRION,4,4,,,,,,0
REACTOME_BUTYRATE_RESPONSE_FACTOR_1_BRF1_BINDS_AND_DESTABILIZES_MRNA,4,4,,,,,,0
REACTOME_BUTYROPHILIN_BTN_FAMILY_INTERACTIONS,4,4,,,,,,0
REACTOME_CA2_ACTIVATED_K_CHANNELS,1,1,,,,,,0
REACTOME_CALCINEURIN_ACTIVATES_NFAT,3,3,,,,,,0
REACTOME_CALCITONIN_LIKE_LIGAND_RECEPTORS,2,2,,,,,,0
REACTOME_CALNEXIN_CALRETICULIN_CYCLE,4,4,,,,,,0
REACTOME_CAMK_IV_MEDIATED_PHOSPHORYLATION_OF_CREB,1,1,,,,,,0
REACTOME_CARNITINE_METABOLISM,3,3,,,,,,0
REACTOME_CASPASE_ACTIVATION_VIA_DEPENDENCE_RECEPTORS_IN_THE_ABSENCE_OF_LIGAND,3,3,,,,,,0
REACTOME_CASPASE_MEDIATED_CLEAVAGE_OF_CYTOSKELETAL_PROTEINS,4,4,,,,,,0
REACTOME_CATION_COUPLED_CHLORIDE_COTRANSPORTERS,2,2,,,,,,0
REACTOME_CD163_MEDIATING_AN_ANTI_INFLAMMATORY_RESPONSE,2,2,,,,,,0
REACTOME_CD22_MEDIATED_BCR_REGULATION,2,2,,,,,,0
REACTOME_CD28_DEPENDENT_VAV1_PATHWAY,2,2,,,,,,0
REACTOME_CELL_EXTRACELLULAR_MATRIX_INTERACTIONS,1,1,,,,,,0
REACTOME_CGMP_EFFECTS,3,3,,,,,,0
REACTOME_CHK1_CHK2_CDS1_MEDIATED_INACTIVATION_OF_CYCLIN_B_CDK1_COMPLEX,0,0,,,,,,0
REACTOME_CHL1_INTERACTIONS,3,3,,,,,,0
REACTOME_CHOLINE_CATABOLISM,0,0,,,,,,0
REACTOME_CHONDROITIN_SULFATE_BIOSYNTHESIS,2,2,,,,,,0
REACTOME_CHREBP_ACTIVATES_METABOLIC_GENE_EXPRESSION,2,2,,,,,,0
REACTOME_CHYLOMICRON_ASSEMBLY,2,2,,,,,,0
REACTOME_CHYLOMICRON_CLEARANCE,4,4,,,,,,0
REACTOME_CHYLOMICRON_REMODELING,2,2,,,,,,0
REACTOME_CITRIC_ACID_CYCLE_TCA_CYCLE,4,4,,,,,,0
REACTOME_CLASS_C_3_METABOTROPIC_GLUTAMATE_PHEROMONE_RECEPTORS,1,1,,,,,,0
REACTOME_CLEC7A_INFLAMMASOME_PATHWAY,3,3,,,,,,0
REACTOME_COBALAMIN_CBL_VITAMIN_B12_TRANSPORT_AND_METABOLISM,4,4,,,,,,0
REACTOME_COENZYME_A_BIOSYNTHESIS,3,3,,,,,,0
REACTOME_COHESIN_LOADING_ONTO_CHROMATIN,4,4,,,,,,0
REACTOME_COMPETING_ENDOGENOUS_RNAS_CERNAS_REGULATE_PTEN_TRANSLATION,3,3,,,,,,0
REACTOME_CONDENSATION_OF_PROMETAPHASE_CHROMOSOMES,3,3,,,,,,0
REACTOME_CONDENSATION_OF_PROPHASE_CHROMOSOMES,4,4,,,,,,0
REACTOME_CONJUGATION_OF_BENZOATE_WITH_GLYCINE,1,1,,,,,,0
REACTOME_CONSTITUTIVE_SIGNALING_BY_EGFRVIII,4,4,,,,,,0
REACTOME_CONSTITUTIVE_SIGNALING_BY_OVEREXPRESSED_ERBB2,2,2,,,,,,0
REACTOME_CREATINE_METABOLISM,1,1,,,,,,0
REACTOME_CREATION_OF_C4_AND_C2_ACTIVATORS,4,4,,,,,,0
REACTOME_CREB1_PHOSPHORYLATION_THROUGH_THE_ACTIVATION_OF_ADENYLATE_CYCLASE,4,4,,,,,,0
REACTOME_CREB1_PHOSPHORYLATION_THROUGH_THE_ACTIVATION_OF_CAMKII_CAMKK_CAMKIV_CASCASDE,0,0,,,,,,0
REACTOME_CREB3_FACTORS_ACTIVATE_GENES,2,2,,,,,,0
REACTOME_CREB_PHOSPHORYLATION,3,3,,,,,,0
REACTOME_CRISTAE_FORMATION,3,3,,,,,,0
REACTOME_CRMPS_IN_SEMA3A_SIGNALING,2,2,,,,,,0
REACTOME_CROSSLINKING_OF_COLLAGEN_FIBRILS,3,3,,,,,,0
REACTOME_CROSS_PRESENTATION_OF_PARTICULATE_EXOGENOUS_ANTIGENS_PHAGOSOMES,1,1,,,,,,0
REACTOME_CROSS_PRESENTATION_OF_SOLUBLE_EXOGENOUS_ANTIGENS_ENDOSOMES,3,3,,,,,,0
REACTOME_CS_DS_DEGRADATION,1,1,,,,,,0
REACTOME_CYCLIN_A_B1_B2_ASSOCIATED_EVENTS_DURING_G2_M_TRANSITION,3,3,,,,,,0
REACTOME_CYP2E1_REACTIONS,0,0,,,,,,0
REACTOME_CYTOCHROME_C_MEDIATED_APOPTOTIC_RESPONSE,1,1,,,,,,0
REACTOME_CYTOCHROME_P450_ARRANGED_BY_SUBSTRATE_TYPE,4,4,,,,,,0
REACTOME_CYTOSOLIC_IRON_SULFUR_CLUSTER_ASSEMBLY,2,2,,,,,,0
REACTOME_CYTOSOLIC_TRNA_AMINOACYLATION,1,1,,,,,,0
REACTOME_DCC_MEDIATED_ATTRACTIVE_SIGNALING,4,4,,,,,,0
REACTOME_DEADENYLATION_OF_MRNA,3,3,,,,,,0
REACTOME_DEFECTIVE_B4GALT1_CAUSES_B4GALT1_CDG_CDG_2D,0,0,,,,,,0
REACTOME_DEFECTIVE_B4GALT7_CAUSES_EDS_PROGEROID_TYPE,4,4,,,,,,0
REACTOME_DEFECTIVE_C1GALT1C1_CAUSES_TNPS,1,1,,,,,,0
REACTOME_DEFECTIVE_CHST14_CAUSES_EDS_MUSCULOCONTRACTURAL_TYPE,1,1,,,,,,0
REACTOME_DEFECTIVE_CHST3_CAUSES_SEDCJD,1,1,,,,,,0
REACTOME_DEFECTIVE_CHST6_CAUSES_MCDC1,0,0,,,,,,0
REACTOME_DEFECTIVE_CHSY1_CAUSES_TPBS,1,1,,,,,,0
REACTOME_DEFECTIVE_CSF2RB_CAUSES_SMDP5,0,0,,,,,,0
REACTOME_DEFECTIVE_EXT2_CAUSES_EXOSTOSES_2,2,2,,,,,,0
REACTOME_DEFECTIVE_F9_ACTIVATION,2,2,,,,,,0
REACTOME_DEFECTIVE_FACTOR_IX_CAUSES_HEMOPHILIA_B,2,2,,,,,,0
REACTOME_DEFECTIVE_FACTOR_VIII_CAUSES_HEMOPHILIA_A,2,2,,,,,,0
REACTOME_DEFECTIVE_GALNT3_CAUSES_HFTC,2,2,,,,,,0
REACTOME_DEFECTIVE_LFNG_CAUSES_SCDO3,0,0,,,,,,0
REACTOME_DEFECTIVE_RIPK1_MEDIATED_REGULATED_NECROSIS,1,1,,,,,,0
REACTOME_DEFECTIVE_ST3GAL3_CAUSES_MCT12_AND_EIEE15,1,1,,,,,,0
REACTOME_DEFECTS_IN_BIOTIN_BTN_METABOLISM,1,1,,,,,,0
REACTOME_DEFECTS_IN_COBALAMIN_B12_METABOLISM,3,3,,,,,,0
REACTOME_DEFECTS_IN_VITAMIN_AND_COFACTOR_METABOLISM,4,4,,,,,,0
REACTOME_DEFENSINS,2,2,,,,,,0
REACTOME_DERMATAN_SULFATE_BIOSYNTHESIS,1,1,,,,,,0
REACTOME_DEX_H_BOX_HELICASES_ACTIVATE_TYPE_I_IFN_AND_INFLAMMATORY_CYTOKINES_PRODUCTION,0,0,,,,,,0
REACTOME_DIGESTION,1,1,,,,,,0
REACTOME_DIGESTION_AND_ABSORPTION,2,2,,,,,,0
REACTOME_DIGESTION_OF_DIETARY_CARBOHYDRATE,1,1,,,,,,0
REACTOME_DIGESTION_OF_DIETARY_LIPID,0,0,,,,,,0
REACTOME_DISASSEMBLY_OF_THE_DESTRUCTION_COMPLEX_AND_RECRUITMENT_OF_AXIN_TO_THE_MEMBRANE,2,2,,,,,,0
REACTOME_DISEASES_ASSOCIATED_WITH_SURFACTANT_METABOLISM,1,1,,,,,,0
REACTOME_DISEASES_OF_BASE_EXCISION_REPAIR,3,3,,,,,,0
REACTOME_DISEASES_OF_MISMATCH_REPAIR_MMR,1,1,,,,,,0
REACTOME_DISINHIBITION_OF_SNARE_FORMATION,0,0,,,,,,0
REACTOME_DISPLACEMENT_OF_DNA_GLYCOSYLASE_BY_APEX1,4,4,,,,,,0
REACTOME_DISSOLUTION_OF_FIBRIN_CLOT,4,4,,,,,,0
REACTOME_DNA_DAMAGE_REVERSAL,2,2,,,,,,0
REACTOME_DNA_METHYLATION,0,0,,,,,,0
REACTOME_DNA_REPLICATION_INITIATION,3,3,,,,,,0
REACTOME_DOPAMINE_CLEARANCE_FROM_THE_SYNAPTIC_CLEFT,1,1,,,,,,0
REACTOME_DOPAMINE_NEUROTRANSMITTER_RELEASE_CYCLE,2,2,,,,,,0
REACTOME_DOPAMINE_RECEPTORS,0,0,,,,,,0
REACTOME_DOWNREGULATION_OF_ERBB4_SIGNALING,3,3,,,,,,0
REACTOME_DOWNSTREAM_SIGNALING_OF_ACTIVATED_FGFR3,4,4,,,,,,0
REACTOME_DOWNSTREAM_SIGNALING_OF_ACTIVATED_FGFR4,4,4,,,,,,0
REACTOME_DSCAM_INTERACTIONS,2,2,,,,,,0
REACTOME_E2F_ENABLED_INHIBITION_OF_PRE_REPLICATION_COMPLEX_FORMATION,4,4,,,,,,0
REACTOME_EARLY_PHASE_OF_HIV_LIFE_CYCLE,3,3,,,,,,0
REACTOME_EGFR_INTERACTS_WITH_PHOSPHOLIPASE_C_GAMMA,3,3,,,,,,0
REACTOME_EGFR_TRANSACTIVATION_BY_GASTRIN,1,1,,,,,,0
REACTOME_EICOSANOIDS,0,0,,,,,,0
REACTOME_ELECTRIC_TRANSMISSION_ACROSS_GAP_JUNCTIONS,0,0,,,,,,0
REACTOME_ELEVATION_OF_CYTOSOLIC_CA2_LEVELS,4,4,,,,,,0
REACTOME_ENDOGENOUS_STEROLS,3,3,,,,,,0
REACTOME_ENDOSOMAL_SORTING_COMPLEX_REQUIRED_FOR_TRANSPORT_ESCRT,4,4,,,,,,0
REACTOME_ENDOSOMAL_VACUOLAR_PATHWAY,3,3,,,,,,0
REACTOME_ENERGY_DEPENDENT_REGULATION_OF_MTOR_BY_LKB1_AMPK,4,4,,,,,,0
REACTOME_ENOS_ACTIVATION,2,2,,,,,,0
REACTOME_EPHRIN_SIGNALING,3,3,,,,,,0
REACTOME_ERBB2_REGULATES_CELL_MOTILITY,4,4,,,,,,0
REACTOME_ERKS_ARE_INACTIVATED,1,1,,,,,,0
REACTOME_ERK_MAPK_TARGETS,4,4,,,,,,0
REACTOME_ERYTHROPOIETIN_ACTIVATES_PHOSPHOLIPASE_C_GAMMA_PLCG,3,3,,,,,,0
REACTOME_ERYTHROPOIETIN_ACTIVATES_RAS,4,4,,,,,,0
REACTOME_ERYTHROPOIETIN_ACTIVATES_STAT5,3,3,,,,,,0
REACTOME_ER_QUALITY_CONTROL_COMPARTMENT_ERQC,4,4,,,,,,0
REACTOME_ESTABLISHMENT_OF_SISTER_CHROMATID_COHESION,4,4,,,,,,0
REACTOME_ESTROGEN_BIOSYNTHESIS,0,0,,,,,,0
REACTOME_ESTROGEN_STIMULATED_SIGNALING_THROUGH_PRKCZ,2,2,,,,,,0
REACTOME_ETHANOL_OXIDATION,1,1,,,,,,0
REACTOME_EXTRINSIC_PATHWAY_OF_FIBRIN_CLOT_FORMATION,0,0,,,,,,0
REACTOME_FASL_CD95L_SIGNALING,3,3,,,,,,0
REACTOME_FATTY_ACIDS,0,0,,,,,,0
REACTOME_FATTY_ACIDS_BOUND_TO_GPR40_FFAR1_REGULATE_INSULIN_SECRETION,1,1,,,,,,0
REACTOME_FBXW7_MUTANTS_AND_NOTCH1_IN_CANCER,0,0,,,,,,0
REACTOME_FGFR1B_LIGAND_BINDING_AND_ACTIVATION,1,1,,,,,,0
REACTOME_FGFR1C_LIGAND_BINDING_AND_ACTIVATION,1,1,,,,,,0
REACTOME_FGFR1_LIGAND_BINDING_AND_ACTIVATION,2,2,,,,,,0
REACTOME_FGFR2B_LIGAND_BINDING_AND_ACTIVATION,3,3,,,,,,0
REACTOME_FGFR2C_LIGAND_BINDING_AND_ACTIVATION,1,1,,,,,,0
REACTOME_FGFR2_LIGAND_BINDING_AND_ACTIVATION,4,4,,,,,,0
REACTOME_FGFR3B_LIGAND_BINDING_AND_ACTIVATION,1,1,,,,,,0
REACTOME_FGFR3_LIGAND_BINDING_AND_ACTIVATION,2,2,,,,,,0
REACTOME_FGFRL1_MODULATION_OF_FGFR1_SIGNALING,1,1,,,,,,0
REACTOME_FIBRONECTIN_MATRIX_FORMATION,0,0,,,,,,0
REACTOME_FICOLINS_BIND_TO_REPETITIVE_CARBOHYDRATE_STRUCTURES_ON_THE_TARGET_CELL_SURFACE,1,1,,,,,,0
REACTOME_FLT3_SIGNALING_BY_CBL_MUTANTS,3,3,,,,,,0
REACTOME_FLT3_SIGNALING_THROUGH_SRC_FAMILY_KINASES,3,3,,,,,,0
REACTOME_FOLDING_OF_ACTIN_BY_CCT_TRIC,3,3,,,,,,0
REACTOME_FORMATION_OF_APOPTOSOME,0,0,,,,,,0
REACTOME_FORMATION_OF_ATP_BY_CHEMIOSMOTIC_COUPLING,0,0,,,,,,0
REACTOME_FORMATION_OF_SENESCENCE_ASSOCIATED_HETEROCHROMATIN_FOCI_SAHF,1,1,,,,,,0
REACTOME_FORMATION_OF_XYLULOSE_5_PHOSPHATE,0,0,,,,,,0
REACTOME_FORMYL_PEPTIDE_RECEPTORS_BIND_FORMYL_PEPTIDES_AND_MANY_OTHER_LIGANDS,3,3,,,,,,0
REACTOME_FOXO_MEDIATED_TRANSCRIPTION_OF_CELL_CYCLE_GENES,4,4,,,,,,0
REACTOME_FREE_FATTY_ACIDS_REGULATE_INSULIN_SECRETION,1,1,,,,,,0
REACTOME_FREE_FATTY_ACID_RECEPTORS,0,0,,,,,,0
REACTOME_FRS_MEDIATED_FGFR1_SIGNALING,3,3,,,,,,0
REACTOME_FRS_MEDIATED_FGFR2_SIGNALING,3,3,,,,,,0
REACTOME_FRS_MEDIATED_FGFR3_SIGNALING,2,2,,,,,,0
REACTOME_FRS_MEDIATED_FGFR4_SIGNALING,2,2,,,,,,0
REACTOME_FRUCTOSE_CATABOLISM,1,1,,,,,,0
REACTOME_FRUCTOSE_METABOLISM,1,1,,,,,,0
REACTOME_G2_M_DNA_REPLICATION_CHECKPOINT,0,0,,,,,,0
REACTOME_G2_PHASE,1,1,,,,,,0
REACTOME_GAB1_SIGNALOSOME,3,3,,,,,,0
REACTOME_GABA_SYNTHESIS_RELEASE_REUPTAKE_AND_DEGRADATION,1,1,,,,,,0
REACTOME_GALACTOSE_CATABOLISM,3,3,,,,,,0
REACTOME_GAMMA_CARBOXYLATION_TRANSPORT_AND_AMINO_TERMINAL_CLEAVAGE_OF_PROTEINS,1,1,,,,,,0
REACTOME_GAP_JUNCTION_ASSEMBLY,3,3,,,,,,0
REACTOME_GAP_JUNCTION_DEGRADATION,2,2,,,,,,0
REACTOME_GASTRIN_CREB_SIGNALLING_PATHWAY_VIA_PKC_AND_MAPK,2,2,,,,,,0
REACTOME_GDP_FUCOSE_BIOSYNTHESIS,1,1,,,,,,0
REACTOME_GLI_PROTEINS_BIND_PROMOTERS_OF_HH_RESPONSIVE_GENES_TO_PROMOTE_TRANSCRIPTION,1,1,,,,,,0
REACTOME_GLUCOCORTICOID_BIOSYNTHESIS,0,0,,,,,,0
REACTOME_GLUCURONIDATION,0,0,,,,,,0
REACTOME_GLUTAMATE_AND_GLUTAMINE_METABOLISM,2,2,,,,,,0
REACTOME_GLUTAMATE_NEUROTRANSMITTER_RELEASE_CYCLE,3,3,,,,,,0
REACTOME_GLUTATHIONE_SYNTHESIS_AND_RECYCLING,2,2,,,,,,0
REACTOME_GLYCEROPHOSPHOLIPID_CATABOLISM,3,3,,,,,,0
REACTOME_GLYCOGEN_BREAKDOWN_GLYCOGENOLYSIS,4,4,,,,,,0
REACTOME_GOLGI_CISTERNAE_PERICENTRIOLAR_STACK_REORGANIZATION,0,0,,,,,,0
REACTOME_GP1B_IX_V_ACTIVATION_SIGNALLING,4,4,,,,,,0
REACTOME_GRB2_EVENTS_IN_ERBB2_SIGNALING,4,4,,,,,,0
REACTOME_GRB2_SOS_PROVIDES_LINKAGE_TO_MAPK_SIGNALING_FOR_INTEGRINS,2,2,,,,,,0
REACTOME_GRB7_EVENTS_IN_ERBB2_SIGNALING,3,3,,,,,,0
REACTOME_HDL_ASSEMBLY,2,2,,,,,,0
REACTOME_HDL_CLEARANCE,1,1,,,,,,0
REACTOME_HDL_REMODELING,4,4,,,,,,0
REACTOME_HDR_THROUGH_MMEJ_ALT_NHEJ,3,3,,,,,,0
REACTOME_HEDGEHOG_LIGAND_BIOGENESIS,4,4,,,,,,0
REACTOME_HEME_BIOSYNTHESIS,3,3,,,,,,0
REACTOME_HEME_DEGRADATION,2,2,,,,,,0
REACTOME_HIGHLY_CALCIUM_PERMEABLE_NICOTINIC_ACETYLCHOLINE_RECEPTORS,1,1,,,,,,0
REACTOME_HIGHLY_CALCIUM_PERMEABLE_POSTSYNAPTIC_NICOTINIC_ACETYLCHOLINE_RECEPTORS,1,1,,,,,,0
REACTOME_HIGHLY_SODIUM_PERMEABLE_POSTSYNAPTIC_ACETYLCHOLINE_NICOTINIC_RECEPTORS,1,1,,,,,,0
REACTOME_HISTIDINE_CATABOLISM,0,0,,,,,,0
REACTOME_HORMONE_LIGAND_BINDING_RECEPTORS,0,0,,,,,,0
REACTOME_HS_GAG_BIOSYNTHESIS,3,3,,,,,,0
REACTOME_HS_GAG_DEGRADATION,4,4,,,,,,0
REACTOME_HUR_ELAVL1_BINDS_AND_STABILIZES_MRNA,0,0,,,,,,0
REACTOME_HYALURONAN_BIOSYNTHESIS_AND_EXPORT,2,2,,,,,,0
REACTOME_HYALURONAN_METABOLISM,3,3,,,,,,0
REACTOME_HYALURONAN_UPTAKE_AND_DEGRADATION,1,1,,,,,,0
REACTOME_HYDROLYSIS_OF_LPC,0,0,,,,,,0
REACTOME_IKBA_VARIANT_LEADS_TO_EDA_ID,2,2,,,,,,0
REACTOME_IL_6_TYPE_CYTOKINE_RECEPTOR_LIGAND_INTERACTIONS,4,4,,,,,,0
REACTOME_INACTIVATION_OF_CDC42_AND_RAC1,1,1,,,,,,0
REACTOME_INCRETIN_SYNTHESIS_SECRETION_AND_INACTIVATION,2,2,,,,,,0
REACTOME_INHIBITION_OF_REPLICATION_INITIATION_OF_DAMAGED_DNA_BY_RB1_E2F1,4,4,,,,,,0
REACTOME_INLA_MEDIATED_ENTRY_OF_LISTERIA_MONOCYTOGENES_INTO_HOST_CELLS,2,2,,,,,,0
REACTOME_INLB_MEDIATED_ENTRY_OF_LISTERIA_MONOCYTOGENES_INTO_HOST_CELL,2,2,,,,,,0
REACTOME_INSULIN_PROCESSING,4,4,,,,,,0
REACTOME_INTEGRATION_OF_PROVIRUS,1,1,,,,,,0
REACTOME_INTEGRIN_SIGNALING,4,4,,,,,,0
REACTOME_INTERACTION_WITH_CUMULUS_CELLS_AND_THE_ZONA_PELLUCIDA,1,1,,,,,,0
REACTOME_INTERLEUKIN_15_SIGNALING,3,3,,,,,,0
REACTOME_INTERLEUKIN_18_SIGNALING,2,2,,,,,,0
REACTOME_INTERLEUKIN_1_PROCESSING,1,1,,,,,,0
REACTOME_INTERLEUKIN_21_SIGNALING,2,2,,,,,,0
REACTOME_INTERLEUKIN_23_SIGNALING,2,2,,,,,,0
REACTOME_INTERLEUKIN_27_SIGNALING,1,1,,,,,,0
REACTOME_INTERLEUKIN_35_SIGNALLING,2,2,,,,,,0
REACTOME_INTERLEUKIN_36_PATHWAY,3,3,,,,,,0
REACTOME_INTERLEUKIN_6_SIGNALING,2,2,,,,,,0
REACTOME_INTERLEUKIN_9_SIGNALING,1,1,,,,,,0
REACTOME_INTESTINAL_ABSORPTION,1,1,,,,,,0
REACTOME_IONOTROPIC_ACTIVITY_OF_KAINATE_RECEPTORS,2,2,,,,,,0
REACTOME_IRAK1_RECRUITS_IKK_COMPLEX,4,4,,,,,,0
REACTOME_IRAK2_MEDIATED_ACTIVATION_OF_TAK1_COMPLEX,3,3,,,,,,0
REACTOME_IRF3_MEDIATED_ACTIVATION_OF_TYPE_1_IFN,1,1,,,,,,0
REACTOME_IRF3_MEDIATED_INDUCTION_OF_TYPE_I_IFN,1,1,,,,,,0
REACTOME_IRS_ACTIVATION,1,1,,,,,,0
REACTOME_JNK_C_JUN_KINASES_PHOSPHORYLATION_AND_ACTIVATION_MEDIATED_BY_ACTIVATED_HUMAN_TAK1,4,4,,,,,,0
REACTOME_JOSEPHIN_DOMAIN_DUBS,4,4,,,,,,0
REACTOME_KERATAN_SULFATE_BIOSYNTHESIS,4,4,,,,,,0
REACTOME_KERATAN_SULFATE_DEGRADATION,0,0,,,,,,0
REACTOME_KERATAN_SULFATE_KERATIN_METABOLISM,4,4,,,,,,0
REACTOME_KETONE_BODY_METABOLISM,3,3,,,,,,0
REACTOME_KILLING_MECHANISMS,3,3,,,,,,0
REACTOME_KSRP_KHSRP_BINDS_AND_DESTABILIZES_MRNA,3,3,,,,,,0
REACTOME_LAMININ_INTERACTIONS,2,2,,,,,,0
REACTOME_LDL_CLEARANCE,3,3,,,,,,0
REACTOME_LDL_REMODELING,0,0,,,,,,0
REACTOME_LECTIN_PATHWAY_OF_COMPLEMENT_ACTIVATION,1,1,,,,,,0
REACTOME_LEUKOTRIENE_RECEPTORS,3,3,,,,,,0
REACTOME_LGI_ADAM_INTERACTIONS,2,2,,,,,,0
REACTOME_LIGAND_RECEPTOR_INTERACTIONS,0,0,,,,,,0
REACTOME_LINOLEIC_ACID_LA_METABOLISM,1,1,,,,,,0
REACTOME_LIPID_PARTICLE_ORGANIZATION,4,4,,,,,,0
REACTOME_LIPOPHAGY,2,2,,,,,,0
REACTOME_LISTERIA_MONOCYTOGENES_ENTRY_INTO_HOST_CELLS,2,2,,,,,,0
REACTOME_LOSS_OF_FUNCTION_OF_MECP2_IN_RETT_SYNDROME,3,3,,,,,,0
REACTOME_LOSS_OF_FUNCTION_OF_SMAD2_3_IN_CANCER,2,2,,,,,,0
REACTOME_LOSS_OF_MECP2_BINDING_ABILITY_TO_THE_NCOR_SMRT_COMPLEX,3,3,,,,,,0
REACTOME_LRR_FLII_INTERACTING_PROTEIN_1_LRRFIP1_ACTIVATES_TYPE_I_IFN_PRODUCTION,0,0,,,,,,0
REACTOME_LTC4_CYSLTR_MEDIATED_IL4_PRODUCTION,2,2,,,,,,0
REACTOME_LYSINE_CATABOLISM,2,2,,,,,,0
REACTOME_LYSOSOME_VESICLE_BIOGENESIS,2,2,,,,,,0
REACTOME_LYSOSPHINGOLIPID_AND_LPA_RECEPTORS,4,4,,,,,,0
REACTOME_MAPK1_ERK2_ACTIVATION,1,1,,,,,,0
REACTOME_MAPK3_ERK1_ACTIVATION,2,2,,,,,,0
REACTOME_MASTL_FACILITATES_MITOTIC_PROGRESSION,2,2,,,,,,0
REACTOME_MATURATION_OF_SARS_COV_1_NUCLEOPROTEIN,1,1,,,,,,0
REACTOME_MATURATION_OF_SARS_COV_1_SPIKE_PROTEIN,1,1,,,,,,0
REACTOME_MATURATION_OF_SARS_COV_2_NUCLEOPROTEIN,4,4,,,,,,0
REACTOME_MECP2_REGULATES_NEURONAL_RECEPTORS_AND_CHANNELS,3,3,,,,,,0
REACTOME_MECP2_REGULATES_TRANSCRIPTION_FACTORS,1,1,,,,,,0
REACTOME_MECP2_REGULATES_TRANSCRIPTION_OF_NEURONAL_LIGANDS,0,0,,,,,,0
REACTOME_MELANIN_BIOSYNTHESIS,0,0,,,,,,0
REACTOME_METABOLIC_DISORDERS_OF_BIOLOGICAL_OXIDATION_ENZYMES,4,4,,,,,,0
REACTOME_METABOLISM_OF_AMINE_DERIVED_HORMONES,0,0,,,,,,0
REACTOME_METABOLISM_OF_ANGIOTENSINOGEN_TO_ANGIOTENSINS,3,3,,,,,,0
REACTOME_METABOLISM_OF_FOLATE_AND_PTERINES,1,1,,,,,,0
REACTOME_METABOLISM_OF_INGESTED_SEMET_SEC_MESEC_INTO_H2SE,1,1,,,,,,0
REACTOME_METABOLISM_OF_NITRIC_OXIDE_NOS3_ACTIVATION_AND_REGULATION,3,3,,,,,,0
REACTOME_METABOLISM_OF_PORPHYRINS,4,4,,,,,,0
REACTOME_METABOLISM_OF_STEROID_HORMONES,2,2,,,,,,0
REACTOME_METALLOPROTEASE_DUBS,3,3,,,,,,0
REACTOME_METALLOTHIONEINS_BIND_METALS,3,3,,,,,,0
REACTOME_METAL_SEQUESTRATION_BY_ANTIMICROBIAL_PROTEINS,3,3,,,,,,0
REACTOME_METHIONINE_SALVAGE_PATHWAY,2,2,,,,,,0
REACTOME_METHYLATION,0,0,,,,,,0
REACTOME_MET_ACTIVATES_PI3K_AKT_SIGNALING,1,1,,,,,,0
REACTOME_MET_ACTIVATES_PTK2_SIGNALING,3,3,,,,,,0
REACTOME_MET_ACTIVATES_PTPN11,0,0,,,,,,0
REACTOME_MET_ACTIVATES_RAP1_AND_RAC1,1,1,,,,,,0
REACTOME_MET_ACTIVATES_RAS_SIGNALING,1,1,,,,,,0
REACTOME_MET_INTERACTS_WITH_TNS_PROTEINS,1,1,,,,,,0
REACTOME_MET_RECEPTOR_ACTIVATION,1,1,,,,,,0
REACTOME_MET_RECEPTOR_RECYCLING,1,1,,,,,,0
REACTOME_MINERALOCORTICOID_BIOSYNTHESIS,0,0,,,,,,0
REACTOME_MIRO_GTPASE_CYCLE,3,3,,,,,,0
REACTOME_MISCELLANEOUS_SUBSTRATES,0,0,,,,,,0
REACTOME_MITOCHONDRIAL_FATTY_ACID_BETA_OXIDATION_OF_SATURATED_FATTY_ACIDS,3,3,,,,,,0
REACTOME_MITOCHONDRIAL_FATTY_ACID_BETA_OXIDATION_OF_UNSATURATED_FATTY_ACIDS,1,1,,,,,,0
REACTOME_MITOCHONDRIAL_UNCOUPLING,0,0,,,,,,0
REACTOME_MITOTIC_TELOPHASE_CYTOKINESIS,4,4,,,,,,0
REACTOME_MODULATION_BY_MTB_OF_HOST_IMMUNE_SYSTEM,3,3,,,,,,0
REACTOME_MOLYBDENUM_COFACTOR_BIOSYNTHESIS,4,4,,,,,,0
REACTOME_MRNA_EDITING_C_TO_U_CONVERSION,4,4,,,,,,0
REACTOME_MTORC1_MEDIATED_SIGNALLING,4,4,,,,,,0
REACTOME_MUCOPOLYSACCHARIDOSES,1,1,,,,,,0
REACTOME_MULTIFUNCTIONAL_ANION_EXCHANGERS,1,1,,,,,,0
REACTOME_MUSCARINIC_ACETYLCHOLINE_RECEPTORS,0,0,,,,,,0
REACTOME_MYOGENESIS,3,3,,,,,,0
REACTOME_NADE_MODULATES_DEATH_SIGNALLING,2,2,,,,,,0
REACTOME_NA_CL_DEPENDENT_NEUROTRANSMITTER_TRANSPORTERS,0,0,,,,,,0
REACTOME_NECTIN_NECL_TRANS_HETERODIMERIZATION,1,1,,,,,,0
REACTOME_NEF_AND_SIGNAL_TRANSDUCTION,4,4,,,,,,0
REACTOME_NEF_MEDIATED_CD4_DOWN_REGULATION,2,2,,,,,,0
REACTOME_NEF_MEDIATED_CD8_DOWN_REGULATION,2,2,,,,,,0
REACTOME_NEF_MEDIATED_DOWNREGULATION_OF_MHC_CLASS_I_COMPLEX_CELL_SURFACE_EXPRESSION,2,2,,,,,,0
REACTOME_NEGATIVE_FEEDBACK_REGULATION_OF_MAPK_PATHWAY,2,2,,,,,,0
REACTOME_NEGATIVE_REGULATION_OF_ACTIVITY_OF_TFAP2_AP_2_FAMILY_TRANSCRIPTION_FACTORS,1,1,,,,,,0
REACTOME_NEGATIVE_REGULATION_OF_FGFR3_SIGNALING,4,4,,,,,,0
REACTOME_NEGATIVE_REGULATION_OF_FGFR4_SIGNALING,4,4,,,,,,0
REACTOME_NEGATIVE_REGULATION_OF_MET_ACTIVITY,2,2,,,,,,0
REACTOME_NEGATIVE_REGULATION_OF_NMDA_RECEPTOR_MEDIATED_NEURONAL_TRANSMISSION,4,4,,,,,,0
REACTOME_NEGATIVE_REGULATION_OF_NOTCH4_SIGNALING,3,3,,,,,,0
REACTOME_NEGATIVE_REGULATION_OF_TCF_DEPENDENT_SIGNALING_BY_DVL_INTERACTING_PROTEINS,2,2,,,,,,0
REACTOME_NEGATIVE_REGULATION_OF_TCF_DEPENDENT_SIGNALING_BY_WNT_LIGAND_ANTAGONISTS,1,1,,,,,,0
REACTOME_NETRIN_MEDIATED_REPULSION_SIGNALS,0,0,,,,,,0
REACTOME_NEUROFASCIN_INTERACTIONS,0,0,,,,,,0
REACTOME_NEUROTOXICITY_OF_CLOSTRIDIUM_TOXINS,3,3,,,,,,0
REACTOME_NEUROTRANSMITTER_CLEARANCE,3,3,,,,,,0
REACTOME_NEUROTRANSMITTER_RELEASE_CYCLE,3,3,,,,,,0
REACTOME_NF_KB_ACTIVATION_THROUGH_FADD_RIP_1_PATHWAY_MEDIATED_BY_CASPASE_8_AND_10,3,3,,,,,,0
REACTOME_NF_KB_IS_ACTIVATED_AND_SIGNALS_SURVIVAL,4,4,,,,,,0
REACTOME_NGF_INDEPENDANT_TRKA_ACTIVATION,0,0,,,,,,0
REACTOME_NICOTINAMIDE_SALVAGING,1,1,,,,,,0
REACTOME_NICOTINATE_METABOLISM,4,4,,,,,,0
REACTOME_NITRIC_OXIDE_STIMULATES_GUANYLATE_CYCLASE,4,4,,,,,,0
REACTOME_NONCANONICAL_ACTIVATION_OF_NOTCH3,0,0,,,,,,0
REACTOME_NOREPINEPHRINE_NEUROTRANSMITTER_RELEASE_CYCLE,2,2,,,,,,0
REACTOME_NOSTRIN_MEDIATED_ENOS_TRAFFICKING,2,2,,,,,,0
REACTOME_NOTCH2_ACTIVATION_AND_TRANSMISSION_OF_SIGNAL_TO_THE_NUCLEUS,3,3,,,,,,0
REACTOME_NOTCH2_INTRACELLULAR_DOMAIN_REGULATES_TRANSCRIPTION,3,3,,,,,,0
REACTOME_NOTCH3_ACTIVATION_AND_TRANSMISSION_OF_SIGNAL_TO_THE_NUCLEUS,4,4,,,,,,0
REACTOME_NOTCH3_INTRACELLULAR_DOMAIN_REGULATES_TRANSCRIPTION,3,3,,,,,,0
REACTOME_NOTCH4_ACTIVATION_AND_TRANSMISSION_OF_SIGNAL_TO_THE_NUCLEUS,0,0,,,,,,0
REACTOME_NOTCH4_INTRACELLULAR_DOMAIN_REGULATES_TRANSCRIPTION,3,3,,,,,,0
REACTOME_NR1H2_NR1H3_REGULATE_GENE_EXPRESSION_LINKED_TO_GLUCONEOGENESIS,1,1,,,,,,0
REACTOME_NR1H2_NR1H3_REGULATE_GENE_EXPRESSION_LINKED_TO_LIPOGENESIS,1,1,,,,,,0
REACTOME_NR1H2_NR1H3_REGULATE_GENE_EXPRESSION_LINKED_TO_TRIGLYCERIDE_LIPOLYSIS_IN_ADIPOSE,1,1,,,,,,0
REACTOME_NR1H2_NR1H3_REGULATE_GENE_EXPRESSION_TO_CONTROL_BILE_ACID_HOMEOSTASIS,2,2,,,,,,0
REACTOME_NR1H2_NR1H3_REGULATE_GENE_EXPRESSION_TO_LIMIT_CHOLESTEROL_UPTAKE,2,2,,,,,,0
REACTOME_NRCAM_INTERACTIONS,1,1,,,,,,0
REACTOME_NRIF_SIGNALS_CELL_DEATH_FROM_THE_NUCLEUS,4,4,,,,,,0
REACTOME_NTRK2_ACTIVATES_RAC1,1,1,,,,,,0
REACTOME_NUCLEAR_EVENTS_STIMULATED_BY_ALK_SIGNALING_IN_CANCER,3,3,,,,,,0
REACTOME_NUCLEOTIDE_BIOSYNTHESIS,3,3,,,,,,0
REACTOME_NUCLEOTIDE_LIKE_PURINERGIC_RECEPTORS,3,3,,,,,,0
REACTOME_N_GLYCAN_ANTENNAE_ELONGATION,4,4,,,,,,0
REACTOME_N_GLYCAN_TRIMMING_AND_ELONGATION_IN_THE_CIS_GOLGI,2,2,,,,,,0
REACTOME_OAS_ANTIVIRAL_RESPONSE,2,2,,,,,,0
REACTOME_OLFACTORY_SIGNALING_PATHWAY,1,1,,,,,,0
REACTOME_OPSINS,0,0,,,,,,0
REACTOME_OREXIN_AND_NEUROPEPTIDES_FF_AND_QRFP_BIND_TO_THEIR_RESPECTIVE_RECEPTORS,1,1,,,,,,0
REACTOME_ORGANIC_ANION_TRANSPORT,0,0,,,,,,0
REACTOME_ORGANIC_ANION_TRANSPORTERS,0,0,,,,,,0
REACTOME_ORGANIC_CATION_ANION_ZWITTERION_TRANSPORT,0,0,,,,,,0
REACTOME_ORGANIC_CATION_TRANSPORT,0,0,,,,,,0
REACTOME_OTHER_SEMAPHORIN_INTERACTIONS,4,4,,,,,,0
REACTOME_P130CAS_LINKAGE_TO_MAPK_SIGNALING_FOR_INTEGRINS,2,2,,,,,,0
REACTOME_P2Y_RECEPTORS,2,2,,,,,,0
REACTOME_P38MAPK_EVENTS,2,2,,,,,,0
REACTOME_P75NTR_NEGATIVELY_REGULATES_CELL_CYCLE_VIA_SC1,0,0,,,,,,0
REACTOME_P75NTR_RECRUITS_SIGNALLING_COMPLEXES,4,4,,,,,,0
REACTOME_P75NTR_REGULATES_AXONOGENESIS,1,1,,,,,,0
REACTOME_PASSIVE_TRANSPORT_BY_AQUAPORINS,3,3,,,,,,0
REACTOME_PENTOSE_PHOSPHATE_PATHWAY,3,3,,,,,,0
REACTOME_PEPTIDE_HORMONE_BIOSYNTHESIS,0,0,,,,,,0
REACTOME_PHASE_0_RAPID_DEPOLARISATION,4,4,,,,,,0
REACTOME_PHASE_1_INACTIVATION_OF_FAST_NA_CHANNELS,1,1,,,,,,0
REACTOME_PHASE_2_PLATEAU_PHASE,1,1,,,,,,0
REACTOME_PHASE_3_RAPID_REPOLARISATION,0,0,,,,,,0
REACTOME_PHASE_4_RESTING_MEMBRANE_POTENTIAL,1,1,,,,,,0
REACTOME_PHENYLALANINE_AND_TYROSINE_METABOLISM,3,3,,,,,,0
REACTOME_PHENYLALANINE_METABOLISM,2,2,,,,,,0
REACTOME_PHOSPHATE_BOND_HYDROLYSIS_BY_NTPDASE_PROTEINS,1,1,,,,,,0
REACTOME_PHOSPHATE_BOND_HYDROLYSIS_BY_NUDT_PROTEINS,3,3,,,,,,0
REACTOME_PHOSPHOLIPASE_C_MEDIATED_CASCADE_FGFR2,3,3,,,,,,0
REACTOME_PHOSPHOLIPASE_C_MEDIATED_CASCADE_FGFR4,2,2,,,,,,0
REACTOME_PHOSPHORYLATION_OF_EMI1,0,0,,,,,,0
REACTOME_PHYSIOLOGICAL_FACTORS,1,1,,,,,,0
REACTOME_PI3K_AKT_ACTIVATION,3,3,,,,,,0
REACTOME_PI3K_EVENTS_IN_ERBB4_SIGNALING,2,2,,,,,,0
REACTOME_PI5P_REGULATES_TP53_ACETYLATION,2,2,,,,,,0
REACTOME_PINK1_PRKN_MEDIATED_MITOPHAGY,4,4,,,,,,0
REACTOME_PI_3K_CASCADE_FGFR1,3,3,,,,,,0
REACTOME_PI_3K_CASCADE_FGFR2,3,3,,,,,,0
REACTOME_PI_3K_CASCADE_FGFR3,2,2,,,,,,0
REACTOME_PI_3K_CASCADE_FGFR4,2,2,,,,,,0
REACTOME_PKA_ACTIVATION_IN_GLUCAGON_SIGNALLING,4,4,,,,,,0
REACTOME_PKA_MEDIATED_PHOSPHORYLATION_OF_CREB,4,4,,,,,,0
REACTOME_PKA_MEDIATED_PHOSPHORYLATION_OF_KEY_METABOLIC_FACTORS,1,1,,,,,,0
REACTOME_PLASMA_LIPOPROTEIN_ASSEMBLY,3,3,,,,,,0
REACTOME_PLATELET_SENSITIZATION_BY_LDL,1,1,,,,,,0
REACTOME_POLO_LIKE_KINASE_MEDIATED_EVENTS,4,4,,,,,,0
REACTOME_POU5F1_OCT4_SOX2_NANOG_ACTIVATE_GENES_RELATED_TO_PROLIFERATION,2,2,,,,,,0
REACTOME_POU5F1_OCT4_SOX2_NANOG_REPRESS_GENES_RELATED_TO_DIFFERENTIATION,4,4,,,,,,0
REACTOME_PP2A_MEDIATED_DEPHOSPHORYLATION_OF_KEY_METABOLIC_FACTORS,0,0,,,,,,0
REACTOME_PRC2_METHYLATES_HISTONES_AND_DNA,4,4,,,,,,0
REACTOME_PREGNENOLONE_BIOSYNTHESIS,1,1,,,,,,0
REACTOME_PRESYNAPTIC_DEPOLARIZATION_AND_CALCIUM_CHANNEL_OPENING,1,1,,,,,,0
REACTOME_PRESYNAPTIC_NICOTINIC_ACETYLCHOLINE_RECEPTORS,2,2,,,,,,0
REACTOME_PREVENTION_OF_PHAGOSOMAL_LYSOSOMAL_FUSION,2,2,,,,,,0
REACTOME_PRE_NOTCH_PROCESSING_IN_GOLGI,2,2,,,,,,0
REACTOME_PRE_NOTCH_PROCESSING_IN_THE_ENDOPLASMIC_RETICULUM,0,0,,,,,,0
REACTOME_PROCESSING_AND_ACTIVATION_OF_SUMO,2,2,,,,,,0
REACTOME_PROCESSING_OF_SMDT1,3,3,,,,,,0
REACTOME_PROLACTIN_RECEPTOR_SIGNALING,2,2,,,,,,0
REACTOME_PROLONGED_ERK_ACTIVATION_EVENTS,3,3,,,,,,0
REACTOME_PROPIONYL_COA_CATABOLISM,1,1,,,,,,0
REACTOME_PROSTANOID_LIGAND_RECEPTORS,3,3,,,,,,0
REACTOME_PROTEIN_METHYLATION,4,4,,,,,,0
REACTOME_PROTEIN_REPAIR,1,1,,,,,,0
REACTOME_PROTON_COUPLED_MONOCARBOXYLATE_TRANSPORT,3,3,,,,,,0
REACTOME_PTK6_EXPRESSION,4,4,,,,,,0
REACTOME_PTK6_PROMOTES_HIF1A_STABILIZATION,1,1,,,,,,0
REACTOME_PTK6_REGULATES_CELL_CYCLE,4,4,,,,,,0
REACTOME_PTK6_REGULATES_PROTEINS_INVOLVED_IN_RNA_PROCESSING,2,2,,,,,,0
REACTOME_PTK6_REGULATES_RHO_GTPASES_RAS_GTPASE_AND_MAP_KINASES,3,3,,,,,,0
REACTOME_PTK6_REGULATES_RTKS_AND_THEIR_EFFECTORS_AKT1_AND_DOK1,3,3,,,,,,0
REACTOME_PURINE_RIBONUCLEOSIDE_MONOPHOSPHATE_BIOSYNTHESIS,2,2,,,,,,0
REACTOME_PURINE_SALVAGE,3,3,,,,,,0
REACTOME_PYRIMIDINE_CATABOLISM,4,4,,,,,,0
REACTOME_PYRIMIDINE_SALVAGE,3,3,,,,,,0
REACTOME_PYROPTOSIS,4,4,,,,,,0
REACTOME_RAP1_SIGNALLING,3,3,,,,,,0
REACTOME_RAS_SIGNALING_DOWNSTREAM_OF_NF1_LOSS_OF_FUNCTION_VARIANTS,2,2,,,,,,0
REACTOME_RA_BIOSYNTHESIS_PATHWAY,3,3,,,,,,0
REACTOME_REACTIONS_SPECIFIC_TO_THE_COMPLEX_N_GLYCAN_SYNTHESIS_PATHWAY,3,3,,,,,,0
REACTOME_RECEPTOR_MEDIATED_MITOPHAGY,3,3,,,,,,0
REACTOME_RECEPTOR_TYPE_TYROSINE_PROTEIN_PHOSPHATASES,0,0,,,,,,0
REACTOME_RECOGNITION_AND_ASSOCIATION_OF_DNA_GLYCOSYLASE_WITH_SITE_CONTAINING_AN_AFFECTED_PURINE,4,4,,,,,,0
REACTOME_RECYCLING_OF_BILE_ACIDS_AND_SALTS,0,0,,,,,,0
REACTOME_RECYCLING_OF_EIF2_GDP,4,4,,,,,,0
REACTOME_REDUCTION_OF_CYTOSOLIC_CA_LEVELS,1,1,,,,,,0
REACTOME_REELIN_SIGNALLING_PATHWAY,1,1,,,,,,0
REACTOME_REGULATED_PROTEOLYSIS_OF_P75NTR,0,0,,,,,,0
REACTOME_REGULATION_OF_BACH1_ACTIVITY,3,3,,,,,,0
REACTOME_REGULATION_OF_BETA_CELL_DEVELOPMENT,2,2,,,,,,0
REACTOME_REGULATION_OF_COMMISSURAL_AXON_PATHFINDING_BY_SLIT_AND_ROBO,2,2,,,,,,0
REACTOME_REGULATION_OF_CYTOSKELETAL_REMODELING_AND_CELL_SPREADING_BY_IPP_COMPLEX_COMPONENTS,0,0,,,,,,0
REACTOME_REGULATION_OF_FOXO_TRANSCRIPTIONAL_ACTIVITY_BY_ACETYLATION,4,4,,,,,,0
REACTOME_REGULATION_OF_FZD_BY_UBIQUITINATION,3,3,,,,,,0
REACTOME_REGULATION_OF_GENE_EXPRESSION_BY_HYPOXIA_INDUCIBLE_FACTOR,2,2,,,,,,0
REACTOME_REGULATION_OF_GENE_EXPRESSION_IN_BETA_CELLS,1,1,,,,,,0
REACTOME_REGULATION_OF_GENE_EXPRESSION_IN_EARLY_PANCREATIC_PRECURSOR_CELLS,0,0,,,,,,0
REACTOME_REGULATION_OF_GENE_EXPRESSION_IN_ENDOCRINE_COMMITTED_NEUROG3_PROGENITOR_CELLS,0,0,,,,,,0
REACTOME_REGULATION_OF_GENE_EXPRESSION_IN_LATE_STAGE_BRANCHING_MORPHOGENESIS_PANCREATIC_BUD_PRECURSOR_CELLS,1,1,,,,,,0
REACTOME_REGULATION_OF_GLYCOLYSIS_BY_FRUCTOSE_2_6_BISPHOSPHATE_METABOLISM,1,1,,,,,,0
REACTOME_REGULATION_OF_IFNA_SIGNALING,3,3,,,,,,0
REACTOME_REGULATION_OF_IFNG_SIGNALING,3,3,,,,,,0
REACTOME_REGULATION_OF_INNATE_IMMUNE_RESPONSES_TO_CYTOSOLIC_DNA,4,4,,,,,,0
REACTOME_REGULATION_OF_KIT_SIGNALING,4,4,,,,,,0
REACTOME_REGULATION_OF_LOCALIZATION_OF_FOXO_TRANSCRIPTION_FACTORS,1,1,,,,,,0
REACTOME_REGULATION_OF_PTEN_LOCALIZATION,2,2,,,,,,0
REACTOME_REGULATION_OF_PTEN_MRNA_TRANSLATION,3,3,,,,,,0
REACTOME_REGULATION_OF_RUNX3_EXPRESSION_AND_ACTIVITY,3,3,,,,,,0
REACTOME_REGULATION_OF_SIGNALING_BY_NODAL,0,0,,,,,,0
REACTOME_REGULATION_OF_TLR_BY_ENDOGENOUS_LIGAND,4,4,,,,,,0
REACTOME_REGULATION_OF_TP53_ACTIVITY_THROUGH_ASSOCIATION_WITH_CO_FACTORS,0,0,,,,,,0
REACTOME_RELAXIN_RECEPTORS,1,1,,,,,,0
REACTOME_RELEASE_OF_APOPTOTIC_FACTORS_FROM_THE_MITOCHONDRIA,0,0,,,,,,0
REACTOME_RELEASE_OF_HH_NP_FROM_THE_SECRETING_CELL,0,0,,,,,,0
REACTOME_REMOVAL_OF_AMINOTERMINAL_PROPEPTIDES_FROM_GAMMA_CARBOXYLATED_PROTEINS,1,1,,,,,,0
REACTOME_RESPONSE_OF_EIF2AK1_HRI_TO_HEME_DEFICIENCY,3,3,,,,,,0
REACTOME_RESPONSE_TO_METAL_IONS,4,4,,,,,,0
REACTOME_RETINOID_CYCLE_DISEASE_EVENTS,1,1,,,,,,0
REACTOME_RETROGRADE_NEUROTROPHIN_SIGNALLING,1,1,,,,,,0
REACTOME_RHOBTB1_GTPASE_CYCLE,4,4,,,,,,0
REACTOME_RHOBTB3_ATPASE_CYCLE,2,2,,,,,,0
REACTOME_RHOT1_GTPASE_CYCLE,2,2,,,,,,0
REACTOME_RHO_GTPASES_ACTIVATE_CIT,2,2,,,,,,0
REACTOME_RHO_GTPASES_ACTIVATE_KTN1,2,2,,,,,,0
REACTOME_RHO_GTPASES_ACTIVATE_NADPH_OXIDASES,4,4,,,,,,0
REACTOME_RHO_GTPASES_ACTIVATE_PAKS,3,3,,,,,,0
REACTOME_RHO_GTPASES_ACTIVATE_PKNS,2,2,,,,,,0
REACTOME_RHO_GTPASES_ACTIVATE_RHOTEKIN_AND_RHOPHILINS,1,1,,,,,,0
REACTOME_RHO_GTPASES_ACTIVATE_ROCKS,1,1,,,,,,0
REACTOME_RIP_MEDIATED_NFKB_ACTIVATION_VIA_ZBP1,4,4,,,,,,0
REACTOME_ROBO_RECEPTORS_BIND_AKAP5,3,3,,,,,,0
REACTOME_ROLE_OF_ABL_IN_ROBO_SLIT_SIGNALING,2,2,,,,,,0
REACTOME_ROLE_OF_SECOND_MESSENGERS_IN_NETRIN_1_SIGNALING,2,2,,,,,,0
REACTOME_RORA_ACTIVATES_GENE_EXPRESSION,4,4,,,,,,0
REACTOME_RRNA_MODIFICATION_IN_THE_MITOCHONDRION,1,1,,,,,,0
REACTOME_RRNA_PROCESSING_IN_THE_MITOCHONDRION,1,1,,,,,,0
REACTOME_RSK_ACTIVATION,1,1,,,,,,0
REACTOME_RUNX1_REGULATES_ESTROGEN_RECEPTOR_MEDIATED_TRANSCRIPTION,1,1,,,,,,0
REACTOME_RUNX1_REGULATES_EXPRESSION_OF_COMPONENTS_OF_TIGHT_JUNCTIONS,1,1,,,,,,0
REACTOME_RUNX1_REGULATES_TRANSCRIPTION_OF_GENES_INVOLVED_IN_BCR_SIGNALING,2,2,,,,,,0
REACTOME_RUNX1_REGULATES_TRANSCRIPTION_OF_GENES_INVOLVED_IN_DIFFERENTIATION_OF_KERATINOCYTES,3,3,,,,,,0
REACTOME_RUNX1_REGULATES_TRANSCRIPTION_OF_GENES_INVOLVED_IN_DIFFERENTIATION_OF_MYELOID_CELLS,2,2,,,,,,0
REACTOME_RUNX1_REGULATES_TRANSCRIPTION_OF_GENES_INVOLVED_IN_INTERLEUKIN_SIGNALING,0,0,,,,,,0
REACTOME_RUNX1_REGULATES_TRANSCRIPTION_OF_GENES_INVOLVED_IN_WNT_SIGNALING,1,1,,,,,,0
REACTOME_RUNX2_REGULATES_CHONDROCYTE_MATURATION,1,1,,,,,,0
REACTOME_RUNX2_REGULATES_GENES_INVOLVED_IN_CELL_MIGRATION,0,0,,,,,,0
REACTOME_RUNX3_REGULATES_BCL2L11_BIM_TRANSCRIPTION,3,3,,,,,,0
REACTOME_RUNX3_REGULATES_CDKN1A_TRANSCRIPTION,1,1,,,,,,0
REACTOME_RUNX3_REGULATES_IMMUNE_RESPONSE_AND_CELL_MIGRATION,2,2,,,,,,0
REACTOME_RUNX3_REGULATES_NOTCH_SIGNALING,1,1,,,,,,0
REACTOME_RUNX3_REGULATES_P14_ARF,3,3,,,,,,0
REACTOME_RUNX3_REGULATES_WNT_SIGNALING,4,4,,,,,,0
REACTOME_RUNX3_REGULATES_YAP1_MEDIATED_TRANSCRIPTION,0,0,,,,,,0
REACTOME_SCAVENGING_BY_CLASS_B_RECEPTORS,1,1,,,,,,0
REACTOME_SCAVENGING_BY_CLASS_F_RECEPTORS,2,2,,,,,,0
REACTOME_SCAVENGING_OF_HEME_FROM_PLASMA,4,4,,,,,,0
REACTOME_SEALING_OF_THE_NUCLEAR_ENVELOPE_NE_BY_ESCRT_III,4,4,,,,,,0
REACTOME_SEMA3A_PAK_DEPENDENT_AXON_REPULSION,3,3,,,,,,0
REACTOME_SEMA3A_PLEXIN_REPULSION_SIGNALING_BY_INHIBITING_INTEGRIN_ADHESION,2,2,,,,,,0
REACTOME_SEMA4D_INDUCED_CELL_MIGRATION_AND_GROWTH_CONE_COLLAPSE,4,4,,,,,,0
REACTOME_SEMA4D_IN_SEMAPHORIN_SIGNALING,4,4,,,,,,0
REACTOME_SEMA4D_MEDIATED_INHIBITION_OF_CELL_ATTACHMENT_AND_MIGRATION,1,1,,,,,,0
REACTOME_SENSING_OF_DNA_DOUBLE_STRAND_BREAKS,0,0,,,,,,0
REACTOME_SENSORY_PERCEPTION_OF_SALTY_TASTE,0,0,,,,,,0
REACTOME_SENSORY_PERCEPTION_OF_TASTE,4,4,,,,,,0
REACTOME_SERINE_BIOSYNTHESIS,2,2,,,,,,0
REACTOME_SEROTONIN_AND_MELATONIN_BIOSYNTHESIS,0,0,,,,,,0
REACTOME_SEROTONIN_NEUROTRANSMITTER_RELEASE_CYCLE,2,2,,,,,,0
REACTOME_SEROTONIN_RECEPTORS,0,0,,,,,,0
REACTOME_SHC1_EVENTS_IN_EGFR_SIGNALING,3,3,,,,,,0
REACTOME_SHC1_EVENTS_IN_ERBB4_SIGNALING,2,2,,,,,,0
REACTOME_SHC_MEDIATED_CASCADE_FGFR1,3,3,,,,,,0
REACTOME_SHC_MEDIATED_CASCADE_FGFR3,2,2,,,,,,0
REACTOME_SHC_MEDIATED_CASCADE_FGFR4,2,2,,,,,,0
REACTOME_SHC_RELATED_EVENTS_TRIGGERED_BY_IGF1R,1,1,,,,,,0
REACTOME_SIGNALING_BY_ACTIVIN,2,2,,,,,,0
REACTOME_SIGNALING_BY_ALK,4,4,,,,,,0
REACTOME_SIGNALING_BY_BMP,4,4,,,,,,0
REACTOME_SIGNALING_BY_CTNNB1_PHOSPHO_SITE_MUTANTS,1,1,,,,,,0
REACTOME_SIGNALING_BY_FGFR2_IIIA_TM,4,4,,,,,,0
REACTOME_SIGNALING_BY_FGFR3_FUSIONS_IN_CANCER,2,2,,,,,,0
REACTOME_SIGNALING_BY_FGFR4_IN_DISEASE,3,3,,,,,,0
REACTOME_SIGNALING_BY_FLT3_ITD_AND_TKD_MUTANTS,4,4,,,,,,0
REACTOME_SIGNALING_BY_HIPPO,2,2,,,,,,0
REACTOME_SIGNALING_BY_LEPTIN,4,4,,,,,,0
REACTOME_SIGNALING_BY_LRP5_MUTANTS,1,1,,,,,,0
REACTOME_SIGNALING_BY_MAPK_MUTANTS,1,1,,,,,,0
REACTOME_SIGNALING_BY_MEMBRANE_TETHERED_FUSIONS_OF_PDGFRA_OR_PDGFRB,0,0,,,,,,0
REACTOME_SIGNALING_BY_MRAS_COMPLEX_MUTANTS,1,1,,,,,,0
REACTOME_SIGNALING_BY_MST1,1,1,,,,,,0
REACTOME_SIGNALING_BY_NODAL,2,2,,,,,,0
REACTOME_SIGNALING_BY_NOTCH1_HD_DOMAIN_MUTANTS_IN_CANCER,3,3,,,,,,0
REACTOME_SIGNALING_BY_NOTCH1_T_7_9_NOTCH1_M1580_K2555_TRANSLOCATION_MUTANT,0,0,,,,,,0
REACTOME_SIGNALING_BY_NTRK2_TRKB,4,4,,,,,,0
REACTOME_SIGNALING_BY_NTRK3_TRKC,3,3,,,,,,0
REACTOME_SIGNALING_BY_PDGFRA_TRANSMEMBRANE_JUXTAMEMBRANE_AND_KINASE_DOMAIN_MUTANTS,4,4,,,,,,0
REACTOME_SIGNALING_BY_PDGFR_IN_DISEASE,4,4,,,,,,0
REACTOME_SIGNALING_BY_RNF43_MUTANTS,0,0,,,,,,0
REACTOME_SIGNALING_BY_TGF_BETA_RECEPTOR_COMPLEX_IN_CANCER,2,2,,,,,,0
REACTOME_SIGNALLING_TO_P38_VIA_RIT_AND_RIN,1,1,,,,,,0
REACTOME_SIGNALLING_TO_RAS,2,2,,,,,,0
REACTOME_SIGNAL_ATTENUATION,1,1,,,,,,0
REACTOME_SIGNAL_REGULATORY_PROTEIN_FAMILY_INTERACTIONS,2,2,,,,,,0
REACTOME_SIGNAL_TRANSDUCTION_BY_L1,4,4,,,,,,0
REACTOME_SIRT1_NEGATIVELY_REGULATES_RRNA_EXPRESSION,3,3,,,,,,0
REACTOME_SLBP_DEPENDENT_PROCESSING_OF_REPLICATION_DEPENDENT_HISTONE_PRE_MRNAS,0,0,,,,,,0
REACTOME_SMAC_XIAP_REGULATED_APOPTOTIC_RESPONSE,1,1,,,,,,0
REACTOME_SMALL_INTERFERING_RNA_SIRNA_BIOGENESIS,2,2,,,,,,0
REACTOME_SODIUM_CALCIUM_EXCHANGERS,0,0,,,,,,0
REACTOME_SODIUM_COUPLED_PHOSPHATE_COTRANSPORTERS,0,0,,,,,,0
REACTOME_SODIUM_COUPLED_SULPHATE_DI_AND_TRI_CARBOXYLATE_TRANSPORTERS,0,0,,,,,,0
REACTOME_SODIUM_PROTON_EXCHANGERS,0,0,,,,,,0
REACTOME_SOS_MEDIATED_SIGNALLING,2,2,,,,,,0
REACTOME_SPERM_MOTILITY_AND_TAXES,2,2,,,,,,0
REACTOME_SPRY_REGULATION_OF_FGF_SIGNALING,3,3,,,,,,0
REACTOME_STAT3_NUCLEAR_EVENTS_DOWNSTREAM_OF_ALK_SIGNALING,0,0,,,,,,0
REACTOME_STAT5_ACTIVATION,2,2,,,,,,0
REACTOME_STAT5_ACTIVATION_DOWNSTREAM_OF_FLT3_ITD_MUTANTS,2,2,,,,,,0
REACTOME_STING_MEDIATED_INDUCTION_OF_HOST_IMMUNE_RESPONSES,1,1,,,,,,0
REACTOME_SULFIDE_OXIDATION_TO_SULFATE,1,1,,,,,,0
REACTOME_SUMOYLATION_OF_IMMUNE_RESPONSE_PROTEINS,2,2,,,,,,0
REACTOME_SUMOYLATION_OF_TRANSCRIPTION_FACTORS,3,3,,,,,,0
REACTOME_SUMO_IS_CONJUGATED_TO_E1_UBA2_SAE1,1,1,,,,,,0
REACTOME_SUMO_IS_PROTEOLYTICALLY_PROCESSED,1,1,,,,,,0
REACTOME_SUMO_IS_TRANSFERRED_FROM_E1_TO_E2_UBE2I_UBC9,1,1,,,,,,0
REACTOME_SUPPRESSION_OF_APOPTOSIS,0,0,,,,,,0
REACTOME_SUPPRESSION_OF_PHAGOSOMAL_MATURATION,4,4,,,,,,0
REACTOME_SURFACTANT_METABOLISM,3,3,,,,,,0
REACTOME_SYNDECAN_INTERACTIONS,4,4,,,,,,0
REACTOME_SYNTHESIS_OF_12_EICOSATETRAENOIC_ACID_DERIVATIVES,2,2,,,,,,0
REACTOME_SYNTHESIS_OF_15_EICOSATETRAENOIC_ACID_DERIVATIVES,1,1,,,,,,0
REACTOME_SYNTHESIS_OF_16_20_HYDROXYEICOSATETRAENOIC_ACIDS_HETE,1,1,,,,,,0
REACTOME_SYNTHESIS_OF_5_EICOSATETRAENOIC_ACIDS,2,2,,,,,,0
REACTOME_SYNTHESIS_OF_BILE_ACIDS_AND_BILE_SALTS_VIA_24_HYDROXYCHOLESTEROL,2,2,,,,,,0
REACTOME_SYNTHESIS_OF_BILE_ACIDS_AND_BILE_SALTS_VIA_27_HYDROXYCHOLESTEROL,1,1,,,,,,0
REACTOME_SYNTHESIS_OF_BILE_ACIDS_AND_BILE_SALTS_VIA_7ALPHA_HYDROXYCHOLESTEROL,2,2,,,,,,0
REACTOME_SYNTHESIS_OF_DIPHTHAMIDE_EEF2,3,3,,,,,,0
REACTOME_SYNTHESIS_OF_DOLICHYL_PHOSPHATE,2,2,,,,,,0
REACTOME_SYNTHESIS_OF_EPOXY_EET_AND_DIHYDROXYEICOSATRIENOIC_ACIDS_DHET,2,2,,,,,,0
REACTOME_SYNTHESIS_OF_GDP_MANNOSE,1,1,,,,,,0
REACTOME_SYNTHESIS_OF_KETONE_BODIES,2,2,,,,,,0
REACTOME_SYNTHESIS_OF_LEUKOTRIENES_LT_AND_EOXINS_EX,1,1,,,,,,0
REACTOME_SYNTHESIS_OF_LIPOXINS_LX,3,3,,,,,,0
REACTOME_SYNTHESIS_OF_PE,3,3,,,,,,0
REACTOME_SYNTHESIS_OF_PG,1,1,,,,,,0
REACTOME_SYNTHESIS_OF_PI,2,2,,,,,,0
REACTOME_SYNTHESIS_OF_PIPS_AT_THE_EARLY_ENDOSOME_MEMBRANE,4,4,,,,,,0
REACTOME_SYNTHESIS_OF_PIPS_AT_THE_ER_MEMBRANE,2,2,,,,,,0
REACTOME_SYNTHESIS_OF_PIPS_AT_THE_GOLGI_MEMBRANE,4,4,,,,,,0
REACTOME_SYNTHESIS_OF_PIPS_AT_THE_LATE_ENDOSOME_MEMBRANE,2,2,,,,,,0
REACTOME_SYNTHESIS_OF_PROSTAGLANDINS_PG_AND_THROMBOXANES_TX,4,4,,,,,,0
REACTOME_SYNTHESIS_OF_PYROPHOSPHATES_IN_THE_CYTOSOL,2,2,,,,,,0
REACTOME_SYNTHESIS_OF_UDP_N_ACETYL_GLUCOSAMINE,1,1,,,,,,0
REACTOME_SYNTHESIS_OF_WYBUTOSINE_AT_G37_OF_TRNA_PHE,2,2,,,,,,0
REACTOME_SYNTHESIS_SECRETION_AND_DEACYLATION_OF_GHRELIN,4,4,,,,,,0
REACTOME_SYNTHESIS_SECRETION_AND_INACTIVATION_OF_GLUCAGON_LIKE_PEPTIDE_1_GLP_1,2,2,,,,,,0
REACTOME_SYNTHESIS_SECRETION_AND_INACTIVATION_OF_GLUCOSE_DEPENDENT_INSULINOTROPIC_POLYPEPTIDE_GIP,2,2,,,,,,0
REACTOME_TACHYKININ_RECEPTORS_BIND_TACHYKININS,0,0,,,,,,0
REACTOME_TANDEM_PORE_DOMAIN_POTASSIUM_CHANNELS,0,0,,,,,,0
REACTOME_TERMINAL_PATHWAY_OF_COMPLEMENT,1,1,,,,,,0
REACTOME_TETRAHYDROBIOPTERIN_BH4_SYNTHESIS_RECYCLING_SALVAGE_AND_REGULATION,2,2,,,,,,0
REACTOME_TFAP2A_ACTS_AS_A_TRANSCRIPTIONAL_REPRESSOR_DURING_RETINOIC_ACID_INDUCED_CELL_DIFFERENTIATION,2,2,,,,,,0
REACTOME_TFAP2_AP_2_FAMILY_REGULATES_TRANSCRIPTION_OF_CELL_CYCLE_FACTORS,2,2,,,,,,0
REACTOME_TFAP2_AP_2_FAMILY_REGULATES_TRANSCRIPTION_OF_GROWTH_FACTORS_AND_THEIR_RECEPTORS,2,2,,,,,,0
REACTOME_THE_ACTIVATION_OF_ARYLSULFATASES,3,3,,,,,,0
REACTOME_THE_CANONICAL_RETINOID_CYCLE_IN_RODS_TWILIGHT_VISION,4,4,,,,,,0
REACTOME_THE_FATTY_ACID_CYCLING_MODEL,0,0,,,,,,0
REACTOME_THE_RETINOID_CYCLE_IN_CONES_DAYLIGHT_VISION,0,0,,,,,,0
REACTOME_THYROXINE_BIOSYNTHESIS,0,0,,,,,,0
REACTOME_TICAM1_DEPENDENT_ACTIVATION_OF_IRF3_IRF7,4,4,,,,,,0
REACTOME_TICAM1_TRAF6_DEPENDENT_INDUCTION_OF_TAK1_COMPLEX,4,4,,,,,,0
REACTOME_TLR3_MEDIATED_TICAM1_DEPENDENT_PROGRAMMED_CELL_DEATH,2,2,,,,,,0
REACTOME_TNFR1_INDUCED_PROAPOPTOTIC_SIGNALING,3,3,,,,,,0
REACTOME_TNFR1_MEDIATED_CERAMIDE_PRODUCTION,2,2,,,,,,0
REACTOME_TOXICITY_OF_BOTULINUM_TOXIN_TYPE_D_BOTD,1,1,,,,,,0
REACTOME_TP53_REGULATES_TRANSCRIPTION_OF_CASPASE_ACTIVATORS_AND_CASPASES,1,1,,,,,,0
REACTOME_TP53_REGULATES_TRANSCRIPTION_OF_GENES_INVOLVED_IN_CYTOCHROME_C_RELEASE,4,4,,,,,,0
REACTOME_TP53_REGULATES_TRANSCRIPTION_OF_GENES_INVOLVED_IN_G1_CELL_CYCLE_ARREST,3,3,,,,,,0
REACTOME_TP53_REGULATES_TRANSCRIPTION_OF_SEVERAL_ADDITIONAL_CELL_DEATH_GENES_WHOSE_SPECIFIC_ROLES_IN_P53_DEPENDENT_APOPTOSIS_REMAIN_UNCERTAIN,1,1,,,,,,0
REACTOME_TRAF3_DEPENDENT_IRF_ACTIVATION_PATHWAY,4,4,,,,,,0
REACTOME_TRAF6_MEDIATED_INDUCTION_OF_TAK1_COMPLEX_WITHIN_TLR4_COMPLEX,4,4,,,,,,0
REACTOME_TRAF6_MEDIATED_IRF7_ACTIVATION,3,3,,,,,,0
REACTOME_TRAF6_MEDIATED_IRF7_ACTIVATION_IN_TLR7_8_OR_9_SIGNALING,4,4,,,,,,0
REACTOME_TRAFFICKING_AND_PROCESSING_OF_ENDOSOMAL_TLR,3,3,,,,,,0
REACTOME_TRAFFICKING_OF_GLUR2_CONTAINING_AMPA_RECEPTORS,1,1,,,,,,0
REACTOME_TRAFFICKING_OF_MYRISTOYLATED_PROTEINS_TO_THE_CILIUM,0,0,,,,,,0
REACTOME_TRAIL_SIGNALING,4,4,,,,,,0
REACTOME_TRANSCRIPTIONAL_REGULATION_OF_TESTIS_DIFFERENTIATION,2,2,,,,,,0
REACTOME_TRANSLATION_OF_REPLICASE_AND_ASSEMBLY_OF_THE_REPLICATION_TRANSCRIPTION_COMPLEX,2,2,,,,,,0
REACTOME_TRANSPORT_AND_SYNTHESIS_OF_PAPS,2,2,,,,,,0
REACTOME_TRANSPORT_OF_CONNEXONS_TO_THE_PLASMA_MEMBRANE,3,3,,,,,,0
REACTOME_TRANSPORT_OF_FATTY_ACIDS,2,2,,,,,,0
REACTOME_TRANSPORT_OF_NUCLEOSIDES_AND_FREE_PURINE_AND_PYRIMIDINE_BASES_ACROSS_THE_PLASMA_MEMBRANE,1,1,,,,,,0
REACTOME_TRANSPORT_OF_NUCLEOTIDE_SUGARS,3,3,,,,,,0
REACTOME_TRANSPORT_OF_ORGANIC_ANIONS,3,3,,,,,,0
REACTOME_TRIF_MEDIATED_PROGRAMMED_CELL_DEATH,2,2,,,,,,0
REACTOME_TRIGLYCERIDE_BIOSYNTHESIS,3,3,,,,,,0
REACTOME_TRISTETRAPROLIN_TTP_ZFP36_BINDS_AND_DESTABILIZES_MRNA,4,4,,,,,,0
REACTOME_TRNA_MODIFICATION_IN_THE_MITOCHONDRION,3,3,,,,,,0
REACTOME_TRNA_PROCESSING_IN_THE_MITOCHONDRION,1,1,,,,,,0
REACTOME_TRP_CHANNELS,3,3,,,,,,0
REACTOME_TYPE_I_HEMIDESMOSOME_ASSEMBLY,0,0,,,,,,0
REACTOME_TYROSINE_CATABOLISM,1,1,,,,,,0
REACTOME_TYSND1_CLEAVES_PEROXISOMAL_PROTEINS,2,2,,,,,,0
REACTOME_UNBLOCKING_OF_NMDA_RECEPTORS_GLUTAMATE_BINDING_AND_ACTIVATION,4,4,,,,,,0
REACTOME_UNWINDING_OF_DNA,4,4,,,,,,0
REACTOME_UPTAKE_AND_FUNCTION_OF_ANTHRAX_TOXINS,1,1,,,,,,0
REACTOME_UPTAKE_AND_FUNCTION_OF_DIPHTHERIA_TOXIN,2,2,,,,,,0
REACTOME_UREA_CYCLE,1,1,,,,,,0
REACTOME_VASOPRESSIN_LIKE_RECEPTORS,3,3,,,,,,0
REACTOME_VEGF_LIGAND_RECEPTOR_INTERACTIONS,0,0,,,,,,0
REACTOME_VITAMINS,1,1,,,,,,0
REACTOME_VITAMIN_B1_THIAMIN_METABOLISM,1,1,,,,,,0
REACTOME_VITAMIN_B2_RIBOFLAVIN_METABOLISM,1,1,,,,,,0
REACTOME_VITAMIN_C_ASCORBATE_METABOLISM,3,3,,,,,,0
REACTOME_VITAMIN_D_CALCIFEROL_METABOLISM,1,1,,,,,,0
REACTOME_VLDLR_INTERNALISATION_AND_DEGRADATION,1,1,,,,,,0
REACTOME_VLDL_ASSEMBLY,0,0,,,,,,0
REACTOME_VLDL_CLEARANCE,1,1,,,,,,0
REACTOME_VOLTAGE_GATED_POTASSIUM_CHANNELS,2,2,,,,,,0
REACTOME_VXPX_CARGO_TARGETING_TO_CILIUM,1,1,,,,,,0
REACTOME_WAX_AND_PLASMALOGEN_BIOSYNTHESIS,2,2,,,,,,0
REACTOME_WNT5A_DEPENDENT_INTERNALIZATION_OF_FZD2_FZD5_AND_ROR2,0,0,,,,,,0
REACTOME_WNT5A_DEPENDENT_INTERNALIZATION_OF_FZD4,1,1,,,,,,0
REACTOME_WNT_LIGAND_BIOGENESIS_AND_TRAFFICKING,2,2,,,,,,0
REACTOME_WNT_MEDIATED_ACTIVATION_OF_DVL,2,2,,,,,,0
REACTOME_XENOBIOTICS,0,0,,,,,,0
REACTOME_YAP1_AND_WWTR1_TAZ_STIMULATED_GENE_EXPRESSION,0,0,,,,,,0
REACTOME_ZINC_EFFLUX_AND_COMPARTMENTALIZATION_BY_THE_SLC30_FAMILY,1,1,,,,,,0
REACTOME_ZINC_INFLUX_INTO_CELLS_BY_THE_SLC39_GENE_FAMILY,4,4,,,,,,0
