,unit_auc,naive_auc,diff
REACTOME_2_LTR_CIRCLE_FORMATION,,,
REACTOME_ABACAVIR_METABOLISM,0.49713855678934976,0.49713855678934976,0.0
REACTOME_ABACAVIR_TRANSMEMBRANE_TRANSPORT,0.49696051727377477,0.4985773263063567,-0.001616809032581934
REACTOME_ABACAVIR_TRANSPORT_AND_METABOLISM,0.49592397909776664,0.4959272639596776,-3.2848619109793198e-06
REACTOME_ABC_FAMILY_PROTEINS_MEDIATED_TRANSPORT,0.4460922133005373,0.5245701922432585,-0.07847797894272124
REACTOME_ABC_TRANSPORTERS_IN_LIPID_HOMEOSTASIS,0.49545038413175185,0.4964842944182313,-0.0010339102864794225
REACTOME_ABC_TRANSPORTER_DISORDERS,0.4456741325008179,0.5276542669699251,-0.08198013446910724
REACTOME_ABERRANT_REGULATION_OF_MITOTIC_EXIT_IN_CANCER_DUE_TO_RB1_DEFECTS,0.5118188510341403,0.4933511931275433,0.01846765790659699
REACTOME_ABERRANT_REGULATION_OF_MITOTIC_G1_S_TRANSITION_IN_CANCER_DUE_TO_RB1_DEFECTS,0.49997766293900525,0.4993730841042904,0.0006045788347148751
REACTOME_ABORTIVE_ELONGATION_OF_HIV_1_TRANSCRIPT_IN_THE_ABSENCE_OF_TAT,0.49241451475362885,0.47194062743490395,0.020473887318724904
REACTOME_ACETYLCHOLINE_BINDING_AND_DOWNSTREAM_EVENTS,0.49817690163940886,0.5001980771732318,-0.002021175533822972
REACTOME_ACETYLCHOLINE_INHIBITS_CONTRACTION_OF_OUTER_HAIR_CELLS,,,
REACTOME_ACETYLCHOLINE_NEUROTRANSMITTER_RELEASE_CYCLE,0.5000054200221531,0.4995885710456504,0.0004168489765026817
REACTOME_ACETYLCHOLINE_REGULATES_INSULIN_SECRETION,0.49999786483975783,0.49999786483975783,0.0
REACTOME_ACROSOME_REACTION_AND_SPERM_OOCYTE_MEMBRANE_BINDING,0.4509941306087374,0.45099462333802404,-4.927292866496735e-07
REACTOME_ACTIVATED_NOTCH1_TRANSMITS_SIGNAL_TO_THE_NUCLEUS,0.4562591894011959,0.5438221109311007,-0.08756292152990475
REACTOME_ACTIVATED_NTRK2_SIGNALS_THROUGH_CDK5,,,
REACTOME_ACTIVATED_NTRK2_SIGNALS_THROUGH_FRS2_AND_FRS3,0.5117659647573736,0.4882340352426265,0.023531929514747085
REACTOME_ACTIVATED_NTRK2_SIGNALS_THROUGH_FYN,0.4813995515506519,0.4813995515506519,0.0
REACTOME_ACTIVATED_NTRK2_SIGNALS_THROUGH_PI3K,0.49726141062482015,0.49726141062482015,0.0
REACTOME_ACTIVATED_NTRK2_SIGNALS_THROUGH_RAS,0.5117659647573736,0.4882340352426265,0.023531929514747085
REACTOME_ACTIVATED_NTRK3_SIGNALS_THROUGH_PI3K,0.5027385893751799,0.49726141062482015,0.005477178750359746
REACTOME_ACTIVATED_NTRK3_SIGNALS_THROUGH_RAS,0.5117659647573736,0.4882340352426265,0.023531929514747085
REACTOME_ACTIVATED_PKN1_STIMULATES_TRANSCRIPTION_OF_AR_ANDROGEN_RECEPTOR_REGULATED_GENES_KLK2_AND_KLK3,,,
REACTOME_ACTIVATED_TAK1_MEDIATES_P38_MAPK_ACTIVATION,0.5375605071564002,0.5494787252633474,-0.011918218106947154
REACTOME_ACTIVATION_OF_AMPK_DOWNSTREAM_OF_NMDARS,0.48810255864463953,0.4878617782665653,0.00024078037807423458
REACTOME_ACTIVATION_OF_ANTERIOR_HOX_GENES_IN_HINDBRAIN_DEVELOPMENT_DURING_EARLY_EMBRYOGENESIS,0.49902316418922377,0.47185883437332066,0.02716432981590311
REACTOME_ACTIVATION_OF_ATR_IN_RESPONSE_TO_REPLICATION_STRESS,0.4904601861596942,0.48566740838848615,0.004792777771208068
REACTOME_ACTIVATION_OF_BAD_AND_TRANSLOCATION_TO_MITOCHONDRIA,0.49494377630353176,0.5050562236964683,-0.010112447392936541
REACTOME_ACTIVATION_OF_BH3_ONLY_PROTEINS,0.4411156475054101,0.5406050814185873,-0.09948943391317722
REACTOME_ACTIVATION_OF_C3_AND_C5,0.475272791357397,0.47527287347894476,-8.212154778419745e-08
REACTOME_ACTIVATION_OF_CASPASES_THROUGH_APOPTOSOME_MEDIATED_CLEAVAGE,0.5138330462364024,0.5138330462364024,0.0
REACTOME_ACTIVATION_OF_GENE_EXPRESSION_BY_SREBF_SREBP,0.49862561377644804,0.48647638775561153,0.012149226020836512
REACTOME_ACTIVATION_OF_IRF3_IRF7_MEDIATED_BY_TBK1_IKK_EPSILON,0.42162147025163355,0.4707943748710692,-0.04917290461943563
REACTOME_ACTIVATION_OF_KAINATE_RECEPTORS_UPON_GLUTAMATE_BINDING,0.49996600167922145,0.4972967228903632,0.0026692787888582536
REACTOME_ACTIVATION_OF_MATRIX_METALLOPROTEINASES,0.5369239830396009,0.45323095732701585,0.08369302571258502
REACTOME_ACTIVATION_OF_NIMA_KINASES_NEK9_NEK6_NEK7,,,
REACTOME_ACTIVATION_OF_NMDA_RECEPTORS_AND_POSTSYNAPTIC_EVENTS,0.5246909109184867,0.4734076467643454,0.05128326415414136
REACTOME_ACTIVATION_OF_NOXA_AND_TRANSLOCATION_TO_MITOCHONDRIA,0.4496417529599891,0.5499307222622976,-0.10028896930230846
REACTOME_ACTIVATION_OF_PPARGC1A_PGC_1ALPHA_BY_PHOSPHORYLATION,0.49936758196058956,0.49936758196058956,0.0
REACTOME_ACTIVATION_OF_PUMA_AND_TRANSLOCATION_TO_MITOCHONDRIA,0.5094415964691676,0.49061917347618544,0.018822422992982202
REACTOME_ACTIVATION_OF_RAC1,0.4977457635135934,0.4976780953582273,6.766815536607407e-05
REACTOME_ACTIVATION_OF_RAC1_DOWNSTREAM_OF_NMDARS,0.49796962685282636,0.49796962685282636,0.0
REACTOME_ACTIVATION_OF_RAS_IN_B_CELLS,0.4882340352426265,0.4882340352426265,0.0
REACTOME_ACTIVATION_OF_SMO,0.500522293043845,0.4990861514163668,0.0014361416274781824
REACTOME_ACTIVATION_OF_THE_AP_1_FAMILY_OF_TRANSCRIPTION_FACTORS,0.5596723908670327,0.4497566410053254,0.10991574986170727
REACTOME_ACTIVATION_OF_THE_MRNA_UPON_BINDING_OF_THE_CAP_BINDING_COMPLEX_AND_EIFS_AND_SUBSEQUENT_BINDING_TO_43S,0.575838181789514,0.4051605344864513,0.17067764730306267
REACTOME_ACTIVATION_OF_THE_PHOTOTRANSDUCTION_CASCADE,0.5004025598271898,0.5004030525564764,-4.927292865941624e-07
REACTOME_ACTIVATION_OF_THE_PRE_REPLICATIVE_COMPLEX,0.49807260727373537,0.4812992811408193,0.016773326132916044
REACTOME_ACTIVATION_OF_THE_TFAP2_AP_2_FAMILY_OF_TRANSCRIPTION_FACTORS,0.48115088750399104,0.5005672135304775,-0.019416326026486463
REACTOME_ACTIVATION_OF_TRKA_RECEPTORS,,,
REACTOME_ACYL_CHAIN_REMODELING_OF_CL,,,
REACTOME_ACYL_CHAIN_REMODELING_OF_DAG_AND_TAG,,,
REACTOME_ACYL_CHAIN_REMODELLING_OF_PC,0.49992724030867186,0.4999088450819705,1.839522670138427e-05
REACTOME_ACYL_CHAIN_REMODELLING_OF_PE,0.493305122939242,0.4994814845473526,-0.006176361608110581
REACTOME_ACYL_CHAIN_REMODELLING_OF_PG,0.5070890604900752,0.49997257140304335,0.00711648908703183
REACTOME_ACYL_CHAIN_REMODELLING_OF_PI,0.49699016315252137,0.5030098368474787,-0.006019673694957317
REACTOME_ACYL_CHAIN_REMODELLING_OF_PS,0.49788545226635766,0.5022385512707818,-0.004353099004424099
REACTOME_ADAPTIVE_IMMUNE_SYSTEM,0.5349763884125839,0.48987309921465527,0.04510328919792861
REACTOME_ADENYLATE_CYCLASE_ACTIVATING_PATHWAY,0.5004104434957763,0.49958955650422365,0.000820886991552694
REACTOME_ADENYLATE_CYCLASE_INHIBITORY_PATHWAY,0.5004104434957763,0.49958955650422365,0.000820886991552694
REACTOME_ADHERENS_JUNCTIONS_INTERACTIONS,0.3918552834375949,0.39229381250271,-0.0004385290651151008
REACTOME_ADORA2B_MEDIATED_ANTI_INFLAMMATORY_CYTOKINES_PRODUCTION,0.5182694986118174,0.4975720764400506,0.02069742217176679
REACTOME_ADP_SIGNALLING_THROUGH_P2Y_PURINOCEPTOR_1,0.48994553041979216,0.4970899408330673,-0.007144410413275126
REACTOME_ADP_SIGNALLING_THROUGH_P2Y_PURINOCEPTOR_12,0.505621219945156,0.4970899408330673,0.008531279112088674
REACTOME_ADRENALINE_NORADRENALINE_INHIBITS_INSULIN_SECRETION,0.5033058850272053,0.49731823873588005,0.005987646291325255
REACTOME_ADRENOCEPTORS,0.5029955476981658,0.5029955476981658,0.0
REACTOME_ADVANCED_GLYCOSYLATION_ENDPRODUCT_RECEPTOR_SIGNALING,0.5180152502999079,0.4581374734418914,0.05987777685801654
REACTOME_AFLATOXIN_ACTIVATION_AND_DETOXIFICATION,0.48562667610079013,0.48565689683037105,-3.0220729580920924e-05
REACTOME_AGGREPHAGY,0.5203917657709505,0.536362764382111,-0.01597099861116047
REACTOME_AKT_PHOSPHORYLATES_TARGETS_IN_THE_CYTOSOL,,,
REACTOME_AKT_PHOSPHORYLATES_TARGETS_IN_THE_NUCLEUS,0.49596848897666046,0.49553340901655185,0.0004350799601086086
REACTOME_ALK_MUTANTS_BIND_TKIS,0.5052610348366177,0.5052610348366177,0.0
REACTOME_ALPHA_DEFENSINS,,,
REACTOME_ALPHA_LINOLENIC_OMEGA3_AND_LINOLEIC_OMEGA6_ACID_METABOLISM,0.5016756080607883,0.49832439193921163,0.003351216121576628
REACTOME_ALPHA_OXIDATION_OF_PHYTANATE,0.5061950853210033,0.49862265740072814,0.007572427920275182
REACTOME_ALPHA_PROTEIN_KINASE_1_SIGNALING_PATHWAY,0.5423189581206386,0.5521634429031872,-0.009844484782548624
REACTOME_ALTERNATIVE_COMPLEMENT_ACTIVATION,0.4825031830311917,0.4712380775936941,0.011265105437497591
REACTOME_AMINE_LIGAND_BINDING_RECEPTORS,0.5029955476981658,0.5029955476981658,0.0
REACTOME_AMINO_ACIDS_REGULATE_MTORC1,0.5140294809786786,0.5085008120178643,0.005528668960814276
REACTOME_AMINO_ACID_CONJUGATION,0.5002037435600282,0.4997962564399718,0.0004074871200563934
REACTOME_AMINO_ACID_TRANSPORT_ACROSS_THE_PLASMA_MEMBRANE,0.5065423773465412,0.49778329306092634,0.008759084285614838
REACTOME_AMPK_INHIBITS_CHREBP_TRANSCRIPTIONAL_ACTIVATION_ACTIVITY,0.500610737950798,0.499389262049202,0.0012214759015960475
REACTOME_AMYLOID_FIBER_FORMATION,0.45704402503327557,0.6020753593310444,-0.14503133429776882
REACTOME_ANCHORING_FIBRIL_FORMATION,0.4997969955339017,0.4997969955339017,0.0
REACTOME_ANCHORING_OF_THE_BASAL_BODY_TO_THE_PLASMA_MEMBRANE,0.4768274343783137,0.47913143652267154,-0.0023040021443578307
REACTOME_ANDROGEN_BIOSYNTHESIS,0.5002046468970537,0.4997953531029463,0.0004092937941073682
REACTOME_ANTIGEN_ACTIVATES_B_CELL_RECEPTOR_BCR_LEADING_TO_GENERATION_OF_SECOND_MESSENGERS,0.4841351024285642,0.46856929153412263,0.01556581089444159
REACTOME_ANTIGEN_PRESENTATION_FOLDING_ASSEMBLY_AND_PEPTIDE_LOADING_OF_CLASS_I_MHC,0.6413485113662791,0.6616910863301129,-0.020342574963833737
REACTOME_ANTIGEN_PROCESSING_CROSS_PRESENTATION,0.5938512148076319,0.5468672600441222,0.046983954763509694
REACTOME_ANTIGEN_PROCESSING_UBIQUITINATION_PROTEASOME_DEGRADATION,0.551319808242901,0.5182662137499063,0.03305359449299472
REACTOME_ANTIMICROBIAL_PEPTIDES,0.5298969243180954,0.5039661422713113,0.025930782046784118
REACTOME_ANTIVIRAL_MECHANISM_BY_IFN_STIMULATED_GENES,0.830796516601035,0.8335776449379622,-0.002781128336927119
REACTOME_ANTI_INFLAMMATORY_RESPONSE_FAVOURING_LEISHMANIA_PARASITE_INFECTION,0.51565811551414,0.47060360651558936,0.045054508998550624
REACTOME_APC_CDC20_MEDIATED_DEGRADATION_OF_NEK2A,0.44963403353449827,0.5337802059477024,-0.0841461724132041
REACTOME_APC_C_CDC20_MEDIATED_DEGRADATION_OF_CYCLIN_B,0.4543033826194014,0.5358157527523858,-0.0815123701329844
REACTOME_APC_C_CDH1_MEDIATED_DEGRADATION_OF_CDC20_AND_OTHER_APC_C_CDH1_TARGETED_PROTEINS_IN_LATE_MITOSIS_EARLY_G1,0.5388169668373481,0.5191404797475123,0.019676487089835826
REACTOME_APC_C_MEDIATED_DEGRADATION_OF_CELL_CYCLE_PROTEINS,0.5324665896695034,0.5178253031599058,0.014641286509597617
REACTOME_APEX1_INDEPENDENT_RESOLUTION_OF_AP_SITES_VIA_THE_SINGLE_NUCLEOTIDE_REPLACEMENT_PATHWAY,0.5008200657760749,0.4991434722567133,0.0016765935193615578
REACTOME_APOBEC3G_MEDIATED_RESISTANCE_TO_HIV_1_INFECTION,0.44463242066730013,0.5553675793327,-0.11073515866539985
REACTOME_APOPTOSIS,0.5915294744089548,0.5806799040031955,0.01084957040575929
REACTOME_APOPTOSIS_INDUCED_DNA_FRAGMENTATION,0.45999752649898096,0.48538638845200227,-0.025388861953021313
REACTOME_APOPTOTIC_CLEAVAGE_OF_CELLULAR_PROTEINS,0.4657783907330103,0.518696530660244,-0.05291813992723371
REACTOME_APOPTOTIC_CLEAVAGE_OF_CELL_ADHESION_PROTEINS,0.5134382058347032,0.5142472673233763,-0.0008090614886731018
REACTOME_APOPTOTIC_EXECUTION_PHASE,0.5138275440927014,0.5003954152525335,0.013432128840167867
REACTOME_APOPTOTIC_FACTOR_MEDIATED_RESPONSE,0.5138330462364024,0.5138330462364024,0.0
REACTOME_AQUAPORIN_MEDIATED_TRANSPORT,0.5079386900233489,0.48596887659036586,0.021969813432983043
REACTOME_ARACHIDONATE_PRODUCTION_FROM_DAG,,,
REACTOME_ARACHIDONIC_ACID_METABOLISM,0.46619671789737305,0.44058497806369223,0.025611739833680813
REACTOME_ARMS_MEDIATED_ACTIVATION,0.504286498429179,0.4957135015708209,0.008572996858358162
REACTOME_ARYL_HYDROCARBON_RECEPTOR_SIGNALLING,0.5571140582892177,0.5571140582892177,0.0
REACTOME_ASPARAGINE_N_LINKED_GLYCOSYLATION,0.4429921248720547,0.48054105289021865,-0.03754892801816395
REACTOME_ASPARTATE_AND_ASPARAGINE_METABOLISM,0.5027952532431441,0.5011588992821919,0.001636353960952186
REACTOME_ASSEMBLY_AND_CELL_SURFACE_PRESENTATION_OF_NMDA_RECEPTORS,0.47372258290006003,0.487945213759104,-0.014222630859043961
REACTOME_ASSEMBLY_OF_ACTIVE_LPL_AND_LIPC_LIPASE_COMPLEXES,0.5002041541677671,0.49979584583223285,0.0004083083355342354
REACTOME_ASSEMBLY_OF_COLLAGEN_FIBRILS_AND_OTHER_MULTIMERIC_STRUCTURES,0.48306998595393047,0.514265169820791,-0.031195183866860487
REACTOME_ASSEMBLY_OF_THE_HIV_VIRION,0.46219526336051886,0.5481701183995626,-0.08597485503904378
REACTOME_ASSEMBLY_OF_THE_ORC_COMPLEX_AT_THE_ORIGIN_OF_REPLICATION,0.5026342128879586,0.49354861332839295,0.009085599559565671
REACTOME_ASSOCIATION_OF_TRIC_CCT_WITH_TARGET_PROTEINS_DURING_BIOSYNTHESIS,0.49474044335124245,0.4767752050739291,0.017965238277313333
REACTOME_ASYMMETRIC_LOCALIZATION_OF_PCP_PROTEINS,0.4777085164643849,0.5319070955645167,-0.05419857910013176
REACTOME_ATF4_ACTIVATES_GENES_IN_RESPONSE_TO_ENDOPLASMIC_RETICULUM_STRESS,0.5957405031357291,0.5640483196617381,0.031692183473991054
REACTOME_ATF6_ATF6_ALPHA_ACTIVATES_CHAPERONES,0.4865714023863865,0.5290017994473548,-0.042430397060968295
REACTOME_ATF6_ATF6_ALPHA_ACTIVATES_CHAPERONE_GENES,0.5445413314465087,0.5290017994473548,0.015539531999153922
REACTOME_ATTACHMENT_AND_ENTRY,0.4737489439168956,0.5262509739615566,-0.05250203004466103
REACTOME_ATTACHMENT_OF_GPI_ANCHOR_TO_UPAR,0.44401889058387756,0.4634780840583024,-0.01945919347442482
REACTOME_ATTENUATION_PHASE,0.5896372297051377,0.5765991200511913,0.013038109653946361
REACTOME_AUF1_HNRNP_D0_BINDS_AND_DESTABILIZES_MRNA,0.49335480647564545,0.5798416072435147,-0.0864868007678693
REACTOME_AURKA_ACTIVATION_BY_TPX2,0.49702054812519786,0.48425902384415564,0.012761524281042214
REACTOME_AUTOPHAGY,0.4700088001450596,0.5065077220533803,-0.03649892190832077
REACTOME_A_TETRASACCHARIDE_LINKER_SEQUENCE_IS_REQUIRED_FOR_GAG_SYNTHESIS,0.5548916849633476,0.44023949271220536,0.11465219225114226
REACTOME_BASE_EXCISION_REPAIR,0.5169170388415213,0.48009767865378483,0.03681936018773646
REACTOME_BASE_EXCISION_REPAIR_AP_SITE_FORMATION,0.48024410137346646,0.48141531888782463,-0.0011712175143581693
REACTOME_BASIGIN_INTERACTIONS,0.5083312310217104,0.5072838528013959,0.001047378220314532
REACTOME_BBSOME_MEDIATED_CARGO_TARGETING_TO_CILIUM,0.49716343961832526,0.4858961990205856,0.011267240597739647
REACTOME_BETA_CATENIN_INDEPENDENT_WNT_SIGNALING,0.4540418254897401,0.49078842598614836,-0.036746600496408266
REACTOME_BETA_CATENIN_PHOSPHORYLATION_CASCADE,0.49960844446021174,0.5003915555397882,-0.0007831110795764595
REACTOME_BETA_DEFENSINS,0.4334197908988302,0.5721891108141597,-0.13876931991532948
REACTOME_BETA_OXIDATION_OF_BUTANOYL_COA_TO_ACETYL_COA,0.49657265720363647,0.49898489554796094,-0.002412238344324469
REACTOME_BETA_OXIDATION_OF_DECANOYL_COA_TO_OCTANOYL_COA_COA,0.503591011041078,0.49635938754406644,0.007231623497011508
REACTOME_BETA_OXIDATION_OF_HEXANOYL_COA_TO_BUTANOYL_COA,0.4977543862761097,0.4977543862761097,0.0
REACTOME_BETA_OXIDATION_OF_LAUROYL_COA_TO_DECANOYL_COA_COA,0.4977543862761097,0.4977543862761097,0.0
REACTOME_BETA_OXIDATION_OF_OCTANOYL_COA_TO_HEXANOYL_COA,0.4999561470934884,0.49635938754406644,0.0035967595494219573
REACTOME_BETA_OXIDATION_OF_PRISTANOYL_COA,0.49959374470316015,0.5020033551579559,-0.002409610454795763
REACTOME_BETA_OXIDATION_OF_VERY_LONG_CHAIN_FATTY_ACIDS,0.5056769804760949,0.49177856548766397,0.013898414988430918
REACTOME_BH3_ONLY_PROTEINS_ASSOCIATE_WITH_AND_INACTIVATE_ANTI_APOPTOTIC_BCL_2_MEMBERS,0.4467092746105139,0.5464966454990163,-0.09978737088850242
REACTOME_BICARBONATE_TRANSPORTERS,0.5060948970327186,0.4943175173802044,0.011777379652514186
REACTOME_BILE_ACID_AND_BILE_SALT_METABOLISM,0.49288211484665606,0.5083687605690432,-0.015486645722387171
REACTOME_BINDING_AND_UPTAKE_OF_LIGANDS_BY_SCAVENGER_RECEPTORS,0.6030787204017518,0.426904020933768,0.1761746994679838
REACTOME_BINDING_OF_TCF_LEF_CTNNB1_TO_TARGET_GENE_PROMOTERS,0.506449579997556,0.4939574143932138,0.012492165604342242
REACTOME_BIOLOGICAL_OXIDATIONS,0.55089146224971,0.4612667971413818,0.08962466510832817
REACTOME_BIOSYNTHESIS_OF_EPA_DERIVED_SPMS,0.5014119978924326,0.5014119978924326,0.0
REACTOME_BIOSYNTHESIS_OF_MARESINS,0.4999582822537307,0.4999582822537307,0.0
REACTOME_BIOSYNTHESIS_OF_MARESIN_LIKE_SPMS,,,
REACTOME_BIOSYNTHESIS_OF_SPECIALIZED_PRORESOLVING_MEDIATORS_SPMS,0.494853771087171,0.5057217367196318,-0.010867965632460841
REACTOME_BIOSYNTHESIS_OF_THE_N_GLYCAN_PRECURSOR_DOLICHOL_LIPID_LINKED_OLIGOSACCHARIDE_LLO_AND_TRANSFER_TO_A_NASCENT_PROTEIN,0.46626438605273923,0.48070841660458286,-0.014444030551843623
REACTOME_BIOTIN_TRANSPORT_AND_METABOLISM,0.49796782017877533,0.49837235092311183,-0.0004045307443364954
REACTOME_BLOOD_GROUP_SYSTEMS_BIOSYNTHESIS,0.49524007084790156,0.4943329562311859,0.0009071146167156652
REACTOME_BMAL1_CLOCK_NPAS2_ACTIVATES_CIRCADIAN_GENE_EXPRESSION,0.4973821293000485,0.49248735656650466,0.0048947727335438285
REACTOME_BRANCHED_CHAIN_AMINO_ACID_CATABOLISM,0.5118482505482435,0.4863079564611263,0.025540294087117166
REACTOME_BUDDING_AND_MATURATION_OF_HIV_VIRION,0.54871926518953,0.5498825990353018,-0.00116333384577183
REACTOME_BUTYRATE_RESPONSE_FACTOR_1_BRF1_BINDS_AND_DESTABILIZES_MRNA,0.48530073567767357,0.49301950419608254,-0.007718768518408969
REACTOME_BUTYROPHILIN_BTN_FAMILY_INTERACTIONS,0.4834901197923441,0.5171307191088301,-0.03364059931648605
REACTOME_B_WICH_COMPLEX_POSITIVELY_REGULATES_RRNA_EXPRESSION,0.4264576903216143,0.4107452924643954,0.015712397857218896
REACTOME_CA2_ACTIVATED_K_CHANNELS,0.5001995553610916,0.5001995553610916,0.0
REACTOME_CA2_PATHWAY,0.49290601221705854,0.48119515101824145,0.01171086119881709
REACTOME_CALCINEURIN_ACTIVATES_NFAT,0.5015665506453438,0.4986716018432017,0.002894948802142139
REACTOME_CALCITONIN_LIKE_LIGAND_RECEPTORS,0.5089821264093699,0.4910260857454075,0.01795604066396239
REACTOME_CALNEXIN_CALRETICULIN_CYCLE,0.5324164134038134,0.5411463445399682,-0.008729931136154834
REACTOME_CAMK_IV_MEDIATED_PHOSPHORYLATION_OF_CREB,0.49998168689484634,0.49998168689484634,0.0
REACTOME_CARBOXYTERMINAL_POST_TRANSLATIONAL_MODIFICATIONS_OF_TUBULIN,0.4713341598045901,0.4825821839601507,-0.011248024155560588
REACTOME_CARDIAC_CONDUCTION,0.48990660480614723,0.4868359158917678,0.003070688914379449
REACTOME_CARGO_CONCENTRATION_IN_THE_ER,0.5585890434087931,0.5509473049021965,0.0076417385065966625
REACTOME_CARGO_RECOGNITION_FOR_CLATHRIN_MEDIATED_ENDOCYTOSIS,0.4943411683859634,0.5136492582124832,-0.01930808982651977
REACTOME_CARGO_TRAFFICKING_TO_THE_PERICILIARY_MEMBRANE,0.5043062897221927,0.48524472878209146,0.019061560940101252
REACTOME_CARNITINE_METABOLISM,0.502845511630382,0.4971300161483812,0.005715495482000843
REACTOME_CASPASE_ACTIVATION_VIA_DEATH_RECEPTORS_IN_THE_PRESENCE_OF_LIGAND,0.6428109318890453,0.6607843823211359,-0.017973450432090643
REACTOME_CASPASE_ACTIVATION_VIA_DEPENDENCE_RECEPTORS_IN_THE_ABSENCE_OF_LIGAND,0.4980260443561473,0.5196534109349111,-0.02162736657876385
REACTOME_CASPASE_ACTIVATION_VIA_EXTRINSIC_APOPTOTIC_SIGNALLING_PATHWAY,0.772606748157521,0.6515595867380928,0.12104716141942817
REACTOME_CASPASE_MEDIATED_CLEAVAGE_OF_CYTOSKELETAL_PROTEINS,0.4890358700350955,0.5303152514824583,-0.04127938144736276
REACTOME_CATION_COUPLED_CHLORIDE_COTRANSPORTERS,0.49918289059964494,0.49918289059964494,0.0
REACTOME_CA_DEPENDENT_EVENTS,0.5028092960278135,0.49668335705003636,0.00612593897777719
REACTOME_CD163_MEDIATING_AN_ANTI_INFLAMMATORY_RESPONSE,0.5028174260610433,0.5024137165321844,0.00040370952885893097
REACTOME_CD209_DC_SIGN_SIGNALING,0.469571831389352,0.4976628207503413,-0.028090989360989305
REACTOME_CD22_MEDIATED_BCR_REGULATION,0.5121005279430063,0.4876076120762036,0.02449291586680269
REACTOME_CD28_CO_STIMULATION,0.4931399765066677,0.48012157602418704,0.013018400482480652
REACTOME_CD28_DEPENDENT_PI3K_AKT_SIGNALING,0.4684417567704289,0.47776255244282034,-0.009320795672391469
REACTOME_CD28_DEPENDENT_VAV1_PATHWAY,0.4780954731974977,0.4549380179406019,0.023157455256895776
REACTOME_CDC42_GTPASE_CYCLE,0.48006565125015277,0.4972231419835573,-0.017157490733404557
REACTOME_CDC6_ASSOCIATION_WITH_THE_ORC_ORIGIN_COMPLEX,0.5037831754628699,0.4941802101523256,0.009602965310544276
REACTOME_CDT1_ASSOCIATION_WITH_THE_CDC6_ORC_ORIGIN_COMPLEX,0.4479080849649243,0.53144943217877,-0.08354134721384576
REACTOME_CELLULAR_HEXOSE_TRANSPORT,0.5082261975621069,0.4924912162792501,0.015734981282856775
REACTOME_CELLULAR_RESPONSES_TO_STIMULI,0.5749334486976836,0.5010383448500592,0.07389510384762443
REACTOME_CELLULAR_RESPONSE_TO_CHEMICAL_STRESS,0.5692441499894227,0.5139767589450075,0.05526739104441525
REACTOME_CELLULAR_RESPONSE_TO_HEAT_STRESS,0.5612766353028051,0.5590757778224519,0.0022008574803532577
REACTOME_CELLULAR_RESPONSE_TO_HYPOXIA,0.45034996918799525,0.5384161315626613,-0.08806616237466608
REACTOME_CELLULAR_RESPONSE_TO_STARVATION,0.5271260611746403,0.4497588582871153,0.07736720288752502
REACTOME_CELLULAR_SENESCENCE,0.5462160361702715,0.5053258287378115,0.04089020743245997
REACTOME_CELL_CELL_COMMUNICATION,0.46907901998115803,0.43171289452833983,0.0373661254528182
REACTOME_CELL_CELL_JUNCTION_ORGANIZATION,0.6001320350245116,0.3916862772922752,0.20844575773223645
REACTOME_CELL_CYCLE,0.4150628328386331,0.4608705606733704,-0.0458077278347373
REACTOME_CELL_CYCLE_CHECKPOINTS,0.5353647412120089,0.4929878052786417,0.04237693593336722
REACTOME_CELL_CYCLE_MITOTIC,0.5204054800694289,0.46731899096925766,0.05308648910017122
REACTOME_CELL_DEATH_SIGNALLING_VIA_NRAGE_NRIF_AND_NADE,0.48588806898735587,0.5026567963135966,-0.01676872732624074
REACTOME_CELL_EXTRACELLULAR_MATRIX_INTERACTIONS,0.6089561595759638,0.3910437583024885,0.21791240127347533
REACTOME_CELL_JUNCTION_ORGANIZATION,0.608370797183428,0.3916862772922752,0.21668451989115284
REACTOME_CELL_SURFACE_INTERACTIONS_AT_THE_VASCULAR_WALL,0.5228810341270874,0.45579380658995855,0.06708722753712887
REACTOME_CGMP_EFFECTS,0.4993836777839533,0.49938400627014445,-3.284861911367898e-07
REACTOME_CHAPERONE_MEDIATED_AUTOPHAGY,0.4021919226559554,0.5345110877228944,-0.13231916506693897
REACTOME_CHEMOKINE_RECEPTORS_BIND_CHEMOKINES,0.483704539153583,0.6070498720874772,-0.12334533293389416
REACTOME_CHK1_CHK2_CDS1_MEDIATED_INACTIVATION_OF_CYCLIN_B_CDK1_COMPLEX,,,
REACTOME_CHL1_INTERACTIONS,0.498377770945265,0.49755984032943223,0.0008179306158327404
REACTOME_CHOLESTEROL_BIOSYNTHESIS,0.5104570294073977,0.47492221446994815,0.03553481493744953
REACTOME_CHOLINE_CATABOLISM,,,
REACTOME_CHONDROITIN_SULFATE_BIOSYNTHESIS,0.46888414554828944,0.5093148829209518,-0.040430737372662395
REACTOME_CHONDROITIN_SULFATE_DERMATAN_SULFATE_METABOLISM,0.40418271321710186,0.49571309096308214,-0.09153037774598027
REACTOME_CHREBP_ACTIVATES_METABOLIC_GENE_EXPRESSION,0.49837235092311183,0.49837235092311183,0.0
REACTOME_CHROMATIN_MODIFYING_ENZYMES,0.45973580512622414,0.4336776525588417,0.02605815256738242
REACTOME_CHROMOSOME_MAINTENANCE,0.5060243546231803,0.468501377014113,0.03752297760906731
REACTOME_CHYLOMICRON_ASSEMBLY,0.5006090133982948,0.4993909866017052,0.0012180267965895553
REACTOME_CHYLOMICRON_CLEARANCE,0.5087110431801667,0.49207108244083636,0.01663996073933033
REACTOME_CHYLOMICRON_REMODELING,0.4997969955339018,0.4993909866017052,0.00040600893219655543
REACTOME_CILIUM_ASSEMBLY,0.5006210031442698,0.4764800602312281,0.024140942913041752
REACTOME_CIRCADIAN_CLOCK,0.4968346249410367,0.5073532455092653,-0.01051862056822861
REACTOME_CITRIC_ACID_CYCLE_TCA_CYCLE,0.4921204374910487,0.4884581449465027,0.003662292544546031
REACTOME_CLASS_A_1_RHODOPSIN_LIKE_RECEPTORS,0.4223392947007294,0.5879405164065712,-0.1656012217058418
REACTOME_CLASS_B_2_SECRETIN_FAMILY_RECEPTORS,0.5023703563549595,0.47939948125460713,0.022970875100352395
REACTOME_CLASS_C_3_METABOTROPIC_GLUTAMATE_PHEROMONE_RECEPTORS,0.49999852181214005,0.49999852181214005,0.0
REACTOME_CLASS_I_MHC_MEDIATED_ANTIGEN_PROCESSING_PRESENTATION,0.5686934428900479,0.5061822743595505,0.06251116853049732
REACTOME_CLASS_I_PEROXISOMAL_MEMBRANE_PROTEIN_IMPORT,0.4938665879613753,0.49487619026971347,-0.0010096023083381866
REACTOME_CLATHRIN_MEDIATED_ENDOCYTOSIS,0.5012176983103984,0.47593608709877055,0.025281611211627864
REACTOME_CLEC7A_DECTIN_1_INDUCES_NFAT_ACTIVATION,0.5005909466577844,0.49627841569796083,0.004312530959823535
REACTOME_CLEC7A_DECTIN_1_SIGNALING,0.46912648623577163,0.4913764983897607,-0.022250012153989085
REACTOME_CLEC7A_INFLAMMASOME_PATHWAY,0.5343258215111154,0.4683662870680242,0.06595953444309122
REACTOME_COBALAMIN_CBL_VITAMIN_B12_TRANSPORT_AND_METABOLISM,0.5076982381314654,0.49257670481048316,0.015121533320982261
REACTOME_COENZYME_A_BIOSYNTHESIS,0.4992209949978123,0.5007829468364808,-0.0015619518386685294
REACTOME_COHESIN_LOADING_ONTO_CHROMATIN,0.513062992482922,0.48356378282069784,0.029499209662224135
REACTOME_COLLAGEN_BIOSYNTHESIS_AND_MODIFYING_ENZYMES,0.49937981807120785,0.4940521005377975,0.0053277175334103255
REACTOME_COLLAGEN_CHAIN_TRIMERIZATION,0.4985935863728161,0.4961190998952786,0.0024744864775375075
REACTOME_COLLAGEN_DEGRADATION,0.4851993155661722,0.49295306786393317,-0.007753752297760985
REACTOME_COLLAGEN_FORMATION,0.5486674464928842,0.5101118725421021,0.03855557395078213
REACTOME_COMMON_PATHWAY_OF_FIBRIN_CLOT_FORMATION,0.5031579019981157,0.4994637462930333,0.0036941557050824136
REACTOME_COMPETING_ENDOGENOUS_RNAS_CERNAS_REGULATE_PTEN_TRANSLATION,0.5049242543691947,0.4949686591325075,0.009955595236687265
REACTOME_COMPLEMENT_CASCADE,0.5112531978130703,0.4966171670825302,0.01463603073054015
REACTOME_COMPLEX_I_BIOGENESIS,0.5300409655128918,0.4694078346584466,0.060633130854445216
REACTOME_CONDENSATION_OF_PROMETAPHASE_CHROMOSOMES,0.5013330790850213,0.48719766130971387,0.014135417775307468
REACTOME_CONDENSATION_OF_PROPHASE_CHROMOSOMES,0.5084273953541542,0.4861348442384179,0.022292551115736248
REACTOME_CONJUGATION_OF_BENZOATE_WITH_GLYCINE,0.5002037435600282,0.4997962564399718,0.0004074871200563934
REACTOME_CONSTITUTIVE_SIGNALING_BY_ABERRANT_PI3K_IN_CANCER,0.5189022451374189,0.4667256627865877,0.05217658235083117
REACTOME_CONSTITUTIVE_SIGNALING_BY_AKT1_E17K_IN_CANCER,0.5142565470582747,0.522464760001419,-0.008208212943144222
REACTOME_CONSTITUTIVE_SIGNALING_BY_EGFRVIII,0.51123660926042,0.48855348806346877,0.02268312119695126
REACTOME_CONSTITUTIVE_SIGNALING_BY_LIGAND_RESPONSIVE_EGFR_CANCER_VARIANTS,0.4790537495384769,0.5272676387230034,-0.048213889184526515
REACTOME_CONSTITUTIVE_SIGNALING_BY_OVEREXPRESSED_ERBB2,0.48840961111176806,0.48800360217957156,0.0004060089321964999
REACTOME_CONVERSION_FROM_APC_C_CDC20_TO_APC_C_CDH1_IN_LATE_ANAPHASE,0.4929434596428434,0.4961948159623265,-0.0032513563194830897
REACTOME_COOPERATION_OF_PDCL_PHLP1_AND_TRIC_CCT_IN_G_PROTEIN_BETA_FOLDING,0.5102929505549447,0.48867806645144257,0.021614884103502152
REACTOME_COOPERATION_OF_PREFOLDIN_AND_TRIC_CCT_IN_ACTIN_AND_TUBULIN_FOLDING,0.42515483196617376,0.4282008022946731,-0.003045970328499348
REACTOME_COPII_MEDIATED_VESICLE_TRANSPORT,0.44836123166554326,0.5493623590301512,-0.10100112736460792
REACTOME_COPI_DEPENDENT_GOLGI_TO_ER_RETROGRADE_TRAFFIC,0.5198386771466902,0.4855654134261504,0.03427326372053979
REACTOME_COPI_INDEPENDENT_GOLGI_TO_ER_RETROGRADE_TRAFFIC,0.47911764010264535,0.4863689727711227,-0.007251332668477328
REACTOME_COPI_MEDIATED_ANTEROGRADE_TRANSPORT,0.49417019132349715,0.4695424318752488,0.024627759448248354
REACTOME_COSTIMULATION_BY_THE_CD28_FAMILY,0.4976261945400339,0.47616717713420764,0.02145901740582623
REACTOME_CREATINE_METABOLISM,0.5020435125948175,0.49795648740518245,0.004087025189635052
REACTOME_CREATION_OF_C4_AND_C2_ACTIVATORS,0.5199975002200856,0.5240299967019986,-0.0040324964819129505
REACTOME_CREB1_PHOSPHORYLATION_THROUGH_NMDA_RECEPTOR_MEDIATED_ACTIVATION_OF_RAS_SIGNALING,0.510742319664366,0.4867595428523376,0.023982776812028428
REACTOME_CREB1_PHOSPHORYLATION_THROUGH_THE_ACTIVATION_OF_ADENYLATE_CYCLASE,0.49669838529327903,0.4967038053154322,-5.420022153146409e-06
REACTOME_CREB1_PHOSPHORYLATION_THROUGH_THE_ACTIVATION_OF_CAMKII_CAMKK_CAMKIV_CASCASDE,,,
REACTOME_CREB3_FACTORS_ACTIVATE_GENES,0.5016286345354614,0.4983716939507298,0.0032569405847315824
REACTOME_CREB_PHOSPHORYLATION,0.5048440216170191,0.5059768062470189,-0.0011327846299997724
REACTOME_CRISTAE_FORMATION,0.5001141489514064,0.4999375876236914,0.00017656132771498578
REACTOME_CRMPS_IN_SEMA3A_SIGNALING,0.483557541583067,0.47787932928375565,0.005678212299311369
REACTOME_CROSSLINKING_OF_COLLAGEN_FIBRILS,0.5004050234736233,0.49959341621696907,0.0008116072566541899
REACTOME_CROSS_PRESENTATION_OF_PARTICULATE_EXOGENOUS_ANTIGENS_PHAGOSOMES,0.5002016905213339,0.5002016905213339,0.0
REACTOME_CROSS_PRESENTATION_OF_SOLUBLE_EXOGENOUS_ANTIGENS_ENDOSOMES,0.5075950934674608,0.4919988976003427,0.015596195867118079
REACTOME_CS_DS_DEGRADATION,0.552136917643256,0.44786308235674394,0.10427383528651207
REACTOME_CTLA4_INHIBITORY_SIGNALING,0.45150911483483047,0.4639470802176418,-0.012437965382811333
REACTOME_CYCLIN_A_B1_B2_ASSOCIATED_EVENTS_DURING_G2_M_TRANSITION,0.49402771043810856,0.5066964373701658,-0.012668726932057228
REACTOME_CYCLIN_A_CDK2_ASSOCIATED_EVENTS_AT_S_PHASE_ENTRY,0.5231439052015132,0.5337297011958212,-0.010585795994307978
REACTOME_CYCLIN_D_ASSOCIATED_EVENTS_IN_G1,0.4732099801988524,0.5444077196882797,-0.07119773948942731
REACTOME_CYP2E1_REACTIONS,,,
REACTOME_CYTOCHROME_C_MEDIATED_APOPTOTIC_RESPONSE,0.5138330462364024,0.5138330462364024,0.0
REACTOME_CYTOCHROME_P450_ARRANGED_BY_SUBSTRATE_TYPE,0.4652887820651795,0.4660232771884736,-0.0007344951232940988
REACTOME_CYTOKINE_SIGNALING_IN_IMMUNE_SYSTEM,0.0345838474142224,0.7370484464574079,-0.7024645990431855
REACTOME_CYTOPROTECTION_BY_HMOX1,0.5055835261547275,0.5147607733616094,-0.009177247206881955
REACTOME_CYTOSOLIC_IRON_SULFUR_CLUSTER_ASSEMBLY,0.49851162906813723,0.501731450713275,-0.0032198216451377326
REACTOME_CYTOSOLIC_SENSORS_OF_PATHOGEN_ASSOCIATED_DNA,0.4961230417295718,0.5361848069880839,-0.04006176525851213
REACTOME_CYTOSOLIC_SULFONATION_OF_SMALL_MOLECULES,0.48467110977088745,0.4697376347943085,0.014933474976578931
REACTOME_CYTOSOLIC_TRNA_AMINOACYLATION,0.49526807429569286,0.49526807429569286,0.0
REACTOME_C_TYPE_LECTIN_RECEPTORS_CLRS,0.5554198086370845,0.4923760818692704,0.06304372676781411
REACTOME_DAG_AND_IP3_SIGNALING,0.5036628673953804,0.4945889290955987,0.009073938299781648
REACTOME_DAP12_INTERACTIONS,0.3896795551508606,0.4760125422597485,-0.08633298710888787
REACTOME_DAP12_SIGNALING,0.6295412394703751,0.5272843915187494,0.1022568479516257
REACTOME_DARPP_32_EVENTS,0.48143954474441797,0.5054037620866494,-0.02396421734223142
REACTOME_DCC_MEDIATED_ATTRACTIVE_SIGNALING,0.4745382962341029,0.4807003686929009,-0.006162072458798018
REACTOME_DDX58_IFIH1_MEDIATED_INDUCTION_OF_INTERFERON_ALPHA_BETA,0.06261357410057196,0.6453328024996486,-0.5827192283990766
REACTOME_DEACTIVATION_OF_THE_BETA_CATENIN_TRANSACTIVATING_COMPLEX,0.44370518627137945,0.5260511722358215,-0.08234598596444209
REACTOME_DEADENYLATION_DEPENDENT_MRNA_DECAY,0.43767746466474045,0.4439664970363977,-0.006289032371657233
REACTOME_DEADENYLATION_OF_MRNA,0.4171780375446577,0.41958633405468904,-0.002408296510031327
REACTOME_DEATH_RECEPTOR_SIGNALLING,0.2364517512912792,0.5951125196598985,-0.3586607683686193
REACTOME_DECTIN_1_MEDIATED_NONCANONICAL_NF_KB_SIGNALING,0.4546455831089773,0.5357742813707597,-0.08112869826178237
REACTOME_DECTIN_2_FAMILY,0.5215746445450927,0.49022260852198285,0.031352036023109875
REACTOME_DEFECTIVE_B4GALT1_CAUSES_B4GALT1_CDG_CDG_2D,,,
REACTOME_DEFECTIVE_B4GALT7_CAUSES_EDS_PROGEROID_TYPE,0.5550262821801497,0.4449316715873898,0.11009461059275993
REACTOME_DEFECTIVE_C1GALT1C1_CAUSES_TNPS,0.4997960921968762,0.4997960921968762,0.0
REACTOME_DEFECTIVE_CFTR_CAUSES_CYSTIC_FIBROSIS,0.4572609080409478,0.5375276585372903,-0.08026675049634252
REACTOME_DEFECTIVE_CHST14_CAUSES_EDS_MUSCULOCONTRACTURAL_TYPE,0.44786308235674394,0.44786308235674394,0.0
REACTOME_DEFECTIVE_CHST3_CAUSES_SEDCJD,0.552136917643256,0.44786308235674394,0.10427383528651207
REACTOME_DEFECTIVE_CHST6_CAUSES_MCDC1,,,
REACTOME_DEFECTIVE_CHSY1_CAUSES_TPBS,0.552136917643256,0.44786308235674394,0.10427383528651207
REACTOME_DEFECTIVE_CSF2RB_CAUSES_SMDP5,,,
REACTOME_DEFECTIVE_EXT2_CAUSES_EXOSTOSES_2,0.5016253496735503,0.4987791810707861,0.0028461686027642097
REACTOME_DEFECTIVE_F9_ACTIVATION,0.5000044345635798,0.4999957296795158,8.704884064014706e-06
REACTOME_DEFECTIVE_FACTOR_IX_CAUSES_HEMOPHILIA_B,0.5008133318091573,0.4999957296795158,0.0008176021296415481
REACTOME_DEFECTIVE_FACTOR_VIII_CAUSES_HEMOPHILIA_A,0.49886803658547807,0.47498429836006556,0.02388373822541251
REACTOME_DEFECTIVE_GALNT3_CAUSES_HFTC,0.5009990907502231,0.5009943277004522,4.76304977092834e-06
REACTOME_DEFECTIVE_INTRINSIC_PATHWAY_FOR_APOPTOSIS,0.542882229816823,0.4900192755696936,0.05286295424712939
REACTOME_DEFECTIVE_LFNG_CAUSES_SCDO3,,,
REACTOME_DEFECTIVE_RIPK1_MEDIATED_REGULATED_NECROSIS,0.5216144734957632,0.5216144734957632,0.0
REACTOME_DEFECTIVE_ST3GAL3_CAUSES_MCT12_AND_EIEE15,0.4993945178282595,0.5006054821717404,-0.0012109643434808914
REACTOME_DEFECTS_IN_BIOTIN_BTN_METABOLISM,0.5018308999076296,0.4981691000923703,0.0036617998152593256
REACTOME_DEFECTS_IN_COBALAMIN_B12_METABOLISM,0.49886097413236946,0.49257670481048316,0.006284269321886304
REACTOME_DEFECTS_IN_VITAMIN_AND_COFACTOR_METABOLISM,0.49840807379639374,0.4914233076719921,0.006984766124401631
REACTOME_DEFECTS_OF_CONTACT_ACTIVATION_SYSTEM_CAS_AND_KALLIKREIN_KININ_SYSTEM_KKS,0.5249204406445162,0.4750674053664132,0.049853035278102975
REACTOME_DEFENSINS,0.4278146667770381,0.5721891108141597,-0.14437444403712157
REACTOME_DEGRADATION_OF_AXIN,0.549277938079039,0.5381315803996232,0.011146357679415853
REACTOME_DEGRADATION_OF_BETA_CATENIN_BY_THE_DESTRUCTION_COMPLEX,0.4927494885470005,0.5184196989226967,-0.025670210375696167
REACTOME_DEGRADATION_OF_CYSTEINE_AND_HOMOCYSTEINE,0.4823753197813071,0.4822854788080419,8.984097326519835e-05
REACTOME_DEGRADATION_OF_DVL,0.4381243701277286,0.5359725227870871,-0.09784815265935848
REACTOME_DEGRADATION_OF_GLI1_BY_THE_PROTEASOME,0.5261769003254642,0.5355369500976918,-0.009360049772227597
REACTOME_DEGRADATION_OF_THE_EXTRACELLULAR_MATRIX,0.42328311764930027,0.4666820562447196,-0.04339893859541932
REACTOME_DEPOLYMERISATION_OF_THE_NUCLEAR_LAMINA,0.4561502141072994,0.4995051355531117,-0.04335492144581232
REACTOME_DEPOSITION_OF_NEW_CENPA_CONTAINING_NUCLEOSOMES_AT_THE_CENTROMERE,0.48818443382777077,0.4800077555589718,0.008176678268798976
REACTOME_DERMATAN_SULFATE_BIOSYNTHESIS,0.44786308235674394,0.44786308235674394,0.0
REACTOME_DETOXIFICATION_OF_REACTIVE_OXYGEN_SPECIES,0.4131529320020445,0.5121685245845634,-0.09901559258251891
REACTOME_DEUBIQUITINATION,0.44156961542150686,0.4702919552417855,-0.028722339820278664
REACTOME_DEVELOPMENTAL_BIOLOGY,0.47849023147764913,0.4076991578928005,0.07079107358484865
REACTOME_DEX_H_BOX_HELICASES_ACTIVATE_TYPE_I_IFN_AND_INFLAMMATORY_CYTOKINES_PRODUCTION,,,
REACTOME_DIGESTION,0.49959251287994355,0.49959251287994355,0.0
REACTOME_DIGESTION_AND_ABSORPTION,0.5000055842652487,0.4999950727071336,1.0511558115045005e-05
REACTOME_DIGESTION_OF_DIETARY_CARBOHYDRATE,0.5004074871200564,0.49959251287994355,0.0008149742401128979
REACTOME_DIGESTION_OF_DIETARY_LIPID,,,
REACTOME_DISASSEMBLY_OF_THE_DESTRUCTION_COMPLEX_AND_RECRUITMENT_OF_AXIN_TO_THE_MEMBRANE,0.5015677824685606,0.4984202277854644,0.0031475546830961876
REACTOME_DISEASES_ASSOCIATED_WITH_GLYCOSAMINOGLYCAN_METABOLISM,0.5373967567901381,0.44164927332284803,0.09574748346729006
REACTOME_DISEASES_ASSOCIATED_WITH_GLYCOSYLATION_PRECURSOR_BIOSYNTHESIS,0.5235079500227968,0.4801958960249229,0.04331205399787391
REACTOME_DISEASES_ASSOCIATED_WITH_N_GLYCOSYLATION_OF_PROTEINS,0.5026072770202886,0.49343791348199306,0.00916936353829556
REACTOME_DISEASES_ASSOCIATED_WITH_O_GLYCOSYLATION_OF_PROTEINS,0.45883402841011367,0.4563728456233157,0.0024611827867979663
REACTOME_DISEASES_ASSOCIATED_WITH_SURFACTANT_METABOLISM,0.5004045307443366,0.5004045307443366,0.0
REACTOME_DISEASES_OF_BASE_EXCISION_REPAIR,0.4938224886902204,0.49378553399372194,3.695469649844796e-05
REACTOME_DISEASES_OF_CARBOHYDRATE_METABOLISM,0.5339068373743704,0.5326659807874996,0.0012408565868707866
REACTOME_DISEASES_OF_DNA_REPAIR,0.5023197694815306,0.49450212661960113,0.00781764286192943
REACTOME_DISEASES_OF_GLYCOSYLATION,0.5039061935414358,0.42341738637991133,0.08048880716152451
REACTOME_DISEASES_OF_IMMUNE_SYSTEM,0.5535838171934928,0.4625182474079155,0.09106556978557734
REACTOME_DISEASES_OF_METABOLISM,0.49999761847511454,0.42482651001817184,0.07517110845694269
REACTOME_DISEASES_OF_MISMATCH_REPAIR_MMR,0.501595293187065,0.501595293187065,0.0
REACTOME_DISEASES_OF_MITOTIC_CELL_CYCLE,0.5050475188124042,0.4875553006502713,0.017492218162132867
REACTOME_DISEASES_OF_PROGRAMMED_CELL_DEATH,0.5077255024853266,0.49303116545586656,0.014694337029459992
REACTOME_DISEASES_OF_SIGNAL_TRANSDUCTION_BY_GROWTH_FACTOR_RECEPTORS_AND_SECOND_MESSENGERS,0.5041890201519709,0.4631966535140795,0.04099236663789135
REACTOME_DISINHIBITION_OF_SNARE_FORMATION,,,
REACTOME_DISORDERS_OF_TRANSMEMBRANE_TRANSPORTERS,0.5273600254642494,0.519325828080839,0.00803419738341038
REACTOME_DISPLACEMENT_OF_DNA_GLYCOSYLASE_BY_APEX1,0.4945778426866492,0.4798003986508415,0.014777444035807719
REACTOME_DISSOLUTION_OF_FIBRIN_CLOT,0.5181481229642069,0.4500030056486486,0.06814511731555828
REACTOME_DNA_DAMAGE_BYPASS,0.2907772903042702,0.7121347397798091,-0.42135744947553894
REACTOME_DNA_DAMAGE_RECOGNITION_IN_GG_NER,0.5146565611174837,0.4590033630416244,0.05565319807585928
REACTOME_DNA_DAMAGE_REVERSAL,0.49957395341014654,0.4995816728356373,-7.71942549077087e-06
REACTOME_DNA_DAMAGE_TELOMERE_STRESS_INDUCED_SENESCENCE,0.49835387357486266,0.4982367682477364,0.00011710532712627675
REACTOME_DNA_DOUBLE_STRAND_BREAK_REPAIR,0.4770163960597425,0.5017792454540796,-0.024762849394337094
REACTOME_DNA_DOUBLE_STRAND_BREAK_RESPONSE,0.5499090421736851,0.5375847330129936,0.012324309160691493
REACTOME_DNA_METHYLATION,,,
REACTOME_DNA_REPAIR,0.16430074487528695,0.5172489741376252,-0.3529482292623382
REACTOME_DNA_REPLICATION,0.529002127933546,0.49277157924335174,0.03623054869019421
REACTOME_DNA_REPLICATION_INITIATION,0.4965354561424946,0.49653693433035456,-1.4781878599490206e-06
REACTOME_DNA_REPLICATION_PRE_INITIATION,0.4680212123242763,0.506025586446397,-0.038004374122120654
REACTOME_DNA_STRAND_ELONGATION,0.4882966118620306,0.48622107186358104,0.0020755399984495604
REACTOME_DOPAMINE_CLEARANCE_FROM_THE_SYNAPTIC_CLEFT,0.49897775097330455,0.49897775097330455,0.0
REACTOME_DOPAMINE_NEUROTRANSMITTER_RELEASE_CYCLE,0.49999457997784696,0.4995885710456504,0.00040600893219655543
REACTOME_DOPAMINE_RECEPTORS,,,
REACTOME_DOWNREGULATION_OF_ERBB2_ERBB3_SIGNALING,0.46652906380121595,0.5513862445750506,-0.08485718077383464
REACTOME_DOWNREGULATION_OF_ERBB2_SIGNALING,0.5101944046976153,0.5456645078554188,-0.03547010315780341
REACTOME_DOWNREGULATION_OF_ERBB4_SIGNALING,0.495377542318876,0.5496960188787584,-0.05431847655988242
REACTOME_DOWNREGULATION_OF_SMAD2_3_SMAD4_TRANSCRIPTIONAL_ACTIVITY,0.48725802064732804,0.5244416720209916,-0.03718365137366353
REACTOME_DOWNREGULATION_OF_TGF_BETA_RECEPTOR_SIGNALING,0.5761565670302352,0.5148436340033138,0.06131293302692142
REACTOME_DOWNSTREAM_SIGNALING_EVENTS_OF_B_CELL_RECEPTOR_BCR,0.5202415654600712,0.5042722092798664,0.015969356180204786
REACTOME_DOWNSTREAM_SIGNALING_OF_ACTIVATED_FGFR1,0.4883017033979925,0.4866881792273216,0.0016135241706708991
REACTOME_DOWNSTREAM_SIGNALING_OF_ACTIVATED_FGFR2,0.5043292837555694,0.48693347629052364,0.017395807465045765
REACTOME_DOWNSTREAM_SIGNALING_OF_ACTIVATED_FGFR3,0.5125728910858046,0.48856170021824624,0.024011190867558374
REACTOME_DOWNSTREAM_SIGNALING_OF_ACTIVATED_FGFR4,0.4950272939176183,0.48856170021824624,0.006465593699372052
REACTOME_DOWNSTREAM_SIGNAL_TRANSDUCTION,0.4910817641547985,0.4792715358831746,0.011810228271623868
REACTOME_DSCAM_INTERACTIONS,0.5041238977645858,0.5004481372862047,0.0036757604783810294
REACTOME_DUAL_INCISION_IN_GG_NER,0.45409947481627766,0.5051761211562189,-0.051076646339941245
REACTOME_DUAL_INCISION_IN_TC_NER,0.44091798093991724,0.497418673388808,-0.05650069244889078
REACTOME_E2F_ENABLED_INHIBITION_OF_PRE_REPLICATION_COMPLEX_FORMATION,0.4985461201182025,0.49522183986429574,0.0033242802539067418
REACTOME_E2F_MEDIATED_REGULATION_OF_DNA_REPLICATION,0.49528293829583997,0.48988705987777686,0.005395878418063105
REACTOME_E3_UBIQUITIN_LIGASES_UBIQUITINATE_TARGET_PROTEINS,0.5496352489334053,0.5060339628442699,0.04360128608913538
REACTOME_EARLY_PHASE_OF_HIV_LIFE_CYCLE,0.5735963456568212,0.43132355627034147,0.1422727893864797
REACTOME_ECM_PROTEOGLYCANS,0.5544322149035499,0.45195191422043,0.10248030068311986
REACTOME_EFFECTS_OF_PIP2_HYDROLYSIS,0.4859869433308762,0.48548534491707035,0.0005015984138058704
REACTOME_EGFR_DOWNREGULATION,0.5608736648678763,0.5441238254976237,0.01674983937025254
REACTOME_EGFR_INTERACTS_WITH_PHOSPHOLIPASE_C_GAMMA,0.5000075551823953,0.49999244481760474,1.5110364790515973e-05
REACTOME_EGFR_TRANSACTIVATION_BY_GASTRIN,0.4882340352426265,0.4882340352426265,0.0
REACTOME_EGR2_AND_SOX10_MEDIATED_INITIATION_OF_SCHWANN_CELL_MYELINATION,0.47467125101994956,0.4987118414016111,-0.024040590381661564
REACTOME_EICOSANOIDS,,,
REACTOME_EICOSANOID_LIGAND_BINDING_RECEPTORS,0.5045775371944915,0.5039535776745018,0.0006239595199897252
REACTOME_ELASTIC_FIBRE_FORMATION,0.503304571082441,0.4962709426371134,0.007033628445327567
REACTOME_ELECTRIC_TRANSMISSION_ACROSS_GAP_JUNCTIONS,,,
REACTOME_ELEVATION_OF_CYTOSOLIC_CA2_LEVELS,0.4940153922059424,0.491033887292446,0.0029815049134964133
REACTOME_ENDOGENOUS_STEROLS,0.4699771833491664,0.4654432526965432,0.004533930652623197
REACTOME_ENDOSOMAL_SORTING_COMPLEX_REQUIRED_FOR_TRANSPORT_ESCRT,0.5435245845635142,0.5498825990353018,-0.006358014471787632
REACTOME_ENDOSOMAL_VACUOLAR_PATHWAY,0.7488298500657629,0.7231864934361889,0.025643356629573955
REACTOME_ENERGY_DEPENDENT_REGULATION_OF_MTOR_BY_LKB1_AMPK,0.4991488922788664,0.495823790809482,0.0033251014693843617
REACTOME_ENOS_ACTIVATION,0.5010116553470325,0.4989829246308143,0.00202873071621823
REACTOME_EPHA_MEDIATED_GROWTH_CONE_COLLAPSE,0.5184277468343786,0.4790905399918797,0.03933720684249892
REACTOME_EPHB_MEDIATED_FORWARD_SIGNALING,0.5806847491745142,0.392014270754086,0.18867047842042817
REACTOME_EPHRIN_SIGNALING,0.48093121236369457,0.4812197874825738,-0.0002885751188792529
REACTOME_EPH_EPHRIN_MEDIATED_REPULSION_OF_CELLS,0.3870898521417956,0.3831853010313153,0.00390455111048027
REACTOME_EPH_EPHRIN_SIGNALING,0.5726709179349518,0.39131861912288934,0.1813522988120625
REACTOME_EPIGENETIC_REGULATION_OF_GENE_EXPRESSION,0.5327544256944527,0.4394618837763298,0.09329254191812297
REACTOME_ERBB2_ACTIVATES_PTK6_SIGNALING,0.5002019368859771,0.4989829246308143,0.0012190122551628546
REACTOME_ERBB2_REGULATES_CELL_MOTILITY,0.5002050575047925,0.49938893356301084,0.0008161239417816546
REACTOME_ERCC6_CSB_AND_EHMT2_G9A_POSITIVELY_REGULATE_RRNA_EXPRESSION,0.48739672394151895,0.47486727515448707,0.012529448787031883
REACTOME_ERKS_ARE_INACTIVATED,0.4909060240425613,0.4909060240425613,0.0
REACTOME_ERK_MAPK_TARGETS,0.48728824137690907,0.49570323637734914,-0.008414995000440073
REACTOME_ERYTHROCYTES_TAKE_UP_CARBON_DIOXIDE_AND_RELEASE_OXYGEN,0.503818816214604,0.49659589760165657,0.007222918612947438
REACTOME_ERYTHROCYTES_TAKE_UP_OXYGEN_AND_RELEASE_CARBON_DIOXIDE,0.4910556495026063,0.49659589760165657,-0.005540248099050293
REACTOME_ERYTHROPOIETIN_ACTIVATES_PHOSPHOINOSITIDE_3_KINASE_PI3K,0.5015758303802424,0.48757459921399826,0.014001231166244188
REACTOME_ERYTHROPOIETIN_ACTIVATES_PHOSPHOLIPASE_C_GAMMA_PLCG,0.5040756924160422,0.49593531187135953,0.00814038054468269
REACTOME_ERYTHROPOIETIN_ACTIVATES_RAS,0.5064091761960511,0.48253315739612945,0.023876018799921628
REACTOME_ERYTHROPOIETIN_ACTIVATES_STAT5,0.49306294649485516,0.4930563767710332,6.5697238219586396e-06
REACTOME_ER_QUALITY_CONTROL_COMPARTMENT_ERQC,0.49900632927193006,0.5411463445399682,-0.04214001526803818
REACTOME_ER_TO_GOLGI_ANTEROGRADE_TRANSPORT,0.6023573647261016,0.5122450618670892,0.0901123028590124
REACTOME_ESR_MEDIATED_SIGNALING,0.538776234549652,0.47369523642465117,0.06508099812500079
REACTOME_ESTABLISHMENT_OF_SISTER_CHROMATID_COHESION,0.5046794500352794,0.49514678076963003,0.00953266926564933
REACTOME_ESTROGEN_BIOSYNTHESIS,,,
REACTOME_ESTROGEN_DEPENDENT_GENE_EXPRESSION,0.47916691303131,0.46790032940595244,0.01126658362535754
REACTOME_ESTROGEN_DEPENDENT_NUCLEAR_EVENTS_DOWNSTREAM_OF_ESR_MEMBRANE_SIGNALING,0.543124652625853,0.4754183928616009,0.06770625976425204
REACTOME_ESTROGEN_STIMULATED_SIGNALING_THROUGH_PRKCZ,0.5124678576262011,0.4875316496445123,0.024936207981688774
REACTOME_ETHANOL_OXIDATION,0.5024605258144158,0.4975394741855842,0.0049210516288316075
REACTOME_EUKARYOTIC_TRANSLATION_ELONGATION,0.4815812865358766,0.44006046773805724,0.04152081879781938
REACTOME_EUKARYOTIC_TRANSLATION_INITIATION,0.5562867658169386,0.4234692871981048,0.1328174786188338
REACTOME_EXPORT_OF_VIRAL_RIBONUCLEOPROTEINS_FROM_NUCLEUS,0.4230069428841351,0.5664371533649468,-0.14343021048081173
REACTOME_EXTENSION_OF_TELOMERES,0.493655207097404,0.486177383200165,0.007477823897239
REACTOME_EXTRACELLULAR_MATRIX_ORGANIZATION,0.530091798750964,0.4491560861264514,0.0809357126245126
REACTOME_EXTRA_NUCLEAR_ESTROGEN_SIGNALING,0.4192524278414384,0.4851410092672525,-0.06588858142581411
REACTOME_EXTRINSIC_PATHWAY_OF_FIBRIN_CLOT_FORMATION,,,
REACTOME_FACTORS_INVOLVED_IN_MEGAKARYOCYTE_DEVELOPMENT_AND_PLATELET_PRODUCTION,0.6003401310265719,0.47575886879867346,0.12458126222789845
REACTOME_FANCONI_ANEMIA_PATHWAY,0.4514020283365328,0.5257538922328784,-0.07435186389634557
REACTOME_FASL_CD95L_SIGNALING,0.48693593993695694,0.5510280303836588,-0.06409209044670183
REACTOME_FATTY_ACIDS,,,
REACTOME_FATTY_ACIDS_BOUND_TO_GPR40_FFAR1_REGULATE_INSULIN_SECRETION,0.49999786483975783,0.49999786483975783,0.0
REACTOME_FATTY_ACID_METABOLISM,0.47489199374036717,0.437635007824541,0.03725698591582616
REACTOME_FATTY_ACYL_COA_BIOSYNTHESIS,0.47909423546152974,0.47406872522392907,0.005025510237600672
REACTOME_FBXW7_MUTANTS_AND_NOTCH1_IN_CANCER,,,
REACTOME_FCERI_MEDIATED_CA_2_MOBILIZATION,0.5178167625189373,0.4783865940843579,0.03943016843457936
REACTOME_FCERI_MEDIATED_MAPK_ACTIVATION,0.5274335242495076,0.43253090726572035,0.09490261698378727
REACTOME_FCERI_MEDIATED_NF_KB_ACTIVATION,0.4751307210797473,0.5046483259686729,-0.02951760488892563
REACTOME_FCGAMMA_RECEPTOR_FCGR_DEPENDENT_PHAGOCYTOSIS,0.4450068128036033,0.45742096293756,-0.012414150133956692
REACTOME_FCGR3A_MEDIATED_IL10_SYNTHESIS,0.5029806015764711,0.4552962321319936,0.04768436944447746
REACTOME_FCGR_ACTIVATION,0.4832692128288311,0.4581339422153371,0.02513527061349402
REACTOME_FC_EPSILON_RECEPTOR_FCERI_SIGNALING,0.4758799159600929,0.4443711920238297,0.031508723936263194
REACTOME_FERTILIZATION,0.5468605260772047,0.44404204886035004,0.10281847721685466
REACTOME_FGFR1B_LIGAND_BINDING_AND_ACTIVATION,0.49897963976890336,0.49897963976890336,0.0
REACTOME_FGFR1C_LIGAND_BINDING_AND_ACTIVATION,0.49979568158913734,0.49979568158913734,0.0
REACTOME_FGFR1_LIGAND_BINDING_AND_ACTIVATION,0.49877491075030195,0.4987757319657797,-8.212154777309522e-07
REACTOME_FGFR1_MUTANT_RECEPTOR_ACTIVATION,0.4976220884626452,0.507672123479273,-0.010050035016627823
REACTOME_FGFR2B_LIGAND_BINDING_AND_ACTIVATION,0.47912618074361385,0.4791564014731949,-3.0220729581031947e-05
REACTOME_FGFR2C_LIGAND_BINDING_AND_ACTIVATION,0.5002043184108627,0.49979568158913734,0.0004086368217253167
REACTOME_FGFR2_ALTERNATIVE_SPLICING,0.517050322113559,0.4995737070455032,0.017476615068055756
REACTOME_FGFR2_LIGAND_BINDING_AND_ACTIVATION,0.521049641490171,0.4789592276369886,0.04209041385318235
REACTOME_FGFR2_MUTANT_RECEPTOR_ACTIVATION,0.5082823687007845,0.48349677163771393,0.02478559706307054
REACTOME_FGFR3B_LIGAND_BINDING_AND_ACTIVATION,0.49979568158913734,0.49979568158913734,0.0
REACTOME_FGFR3_LIGAND_BINDING_AND_ACTIVATION,0.4985979388148481,0.5009934243634265,-0.0023954855485784354
REACTOME_FGFRL1_MODULATION_OF_FGFR1_SIGNALING,0.49897963976890336,0.49897963976890336,0.0
REACTOME_FIBRONECTIN_MATRIX_FORMATION,,,
REACTOME_FICOLINS_BIND_TO_REPETITIVE_CARBOHYDRATE_STRUCTURES_ON_THE_TARGET_CELL_SURFACE,0.476329038704871,0.5236709612951291,-0.047341922590258156
REACTOME_FLT3_SIGNALING,0.5422978528828606,0.48556171795650055,0.05673613492636004
REACTOME_FLT3_SIGNALING_BY_CBL_MUTANTS,0.5542680539295489,0.5444926333686784,0.009775420560870551
REACTOME_FLT3_SIGNALING_IN_DISEASE,0.475324445810947,0.509343214854934,-0.03401876904398693
REACTOME_FLT3_SIGNALING_THROUGH_SRC_FAMILY_KINASES,0.5144344223307541,0.4572784820521714,0.05715594027858267
REACTOME_FOLDING_OF_ACTIN_BY_CCT_TRIC,0.4470573878515295,0.41653190520676886,0.030525482644760626
REACTOME_FORMATION_OF_APOPTOSOME,,,
REACTOME_FORMATION_OF_ATP_BY_CHEMIOSMOTIC_COUPLING,,,
REACTOME_FORMATION_OF_FIBRIN_CLOT_CLOTTING_CASCADE,0.4912310611286523,0.49861214584261304,-0.007381084713960762
REACTOME_FORMATION_OF_INCISION_COMPLEX_IN_GG_NER,0.5275690248033353,0.5014612708210973,0.02610775398223808
REACTOME_FORMATION_OF_RNA_POL_II_ELONGATION_COMPLEX,0.5278369052921753,0.46978896076166754,0.05804794453050777
REACTOME_FORMATION_OF_SENESCENCE_ASSOCIATED_HETEROCHROMATIN_FOCI_SAHF,0.4979592795378068,0.4979592795378068,0.0
REACTOME_FORMATION_OF_TC_NER_PRE_INCISION_COMPLEX,0.5144638218448573,0.5172548047675172,-0.0027909829226598903
REACTOME_FORMATION_OF_THE_BETA_CATENIN_TCF_TRANSACTIVATING_COMPLEX,0.5002636922899035,0.4879316637037212,0.01233202858618232
REACTOME_FORMATION_OF_THE_CORNIFIED_ENVELOPE,0.5023698636256728,0.4901997787317016,0.0121700848939712
REACTOME_FORMATION_OF_THE_EARLY_ELONGATION_COMPLEX,0.49593884309791375,0.477891154786635,0.01804768831127873
REACTOME_FORMATION_OF_TUBULIN_FOLDING_INTERMEDIATES_BY_CCT_TRIC,0.4851445404938068,0.47749639650648357,0.007648143987323219
REACTOME_FORMATION_OF_XYLULOSE_5_PHOSPHATE,,,
REACTOME_FORMYL_PEPTIDE_RECEPTORS_BIND_FORMYL_PEPTIDES_AND_MANY_OTHER_LIGANDS,0.5614116431273461,0.5585162015959173,0.002895441531428844
REACTOME_FOXO_MEDIATED_TRANSCRIPTION,0.4671159865031594,0.5351098359277172,-0.06799384942455783
REACTOME_FOXO_MEDIATED_TRANSCRIPTION_OF_CELL_CYCLE_GENES,0.4939889490675592,0.49407254880319346,-8.359973563426548e-05
REACTOME_FOXO_MEDIATED_TRANSCRIPTION_OF_CELL_DEATH_GENES,0.5133032801317098,0.504018289454148,0.009284990677561833
REACTOME_FOXO_MEDIATED_TRANSCRIPTION_OF_OXIDATIVE_STRESS_METABOLIC_AND_NEURONAL_GENES,0.5334921235581098,0.5256907407626399,0.0078013827954699355
REACTOME_FREE_FATTY_ACIDS_REGULATE_INSULIN_SECRETION,0.49999786483975783,0.49999786483975783,0.0
REACTOME_FREE_FATTY_ACID_RECEPTORS,,,
REACTOME_FRS_MEDIATED_FGFR1_SIGNALING,0.5112613278463001,0.4866593545640529,0.02460197328224717
REACTOME_FRS_MEDIATED_FGFR2_SIGNALING,0.511301731647805,0.4866593545640529,0.02464237708375211
REACTOME_FRS_MEDIATED_FGFR3_SIGNALING,0.4884201226698832,0.48801148584815784,0.0004086368217253722
REACTOME_FRS_MEDIATED_FGFR4_SIGNALING,0.4884201226698832,0.48801148584815784,0.0004086368217253722
REACTOME_FRUCTOSE_CATABOLISM,0.4995918559075613,0.4995918559075613,0.0
REACTOME_FRUCTOSE_METABOLISM,0.5004081440924386,0.4995918559075613,0.000816288184877334
REACTOME_G0_AND_EARLY_G1,0.5066705690826169,0.5049956179942107,0.0016749510884062069
REACTOME_G1_S_DNA_DAMAGE_CHECKPOINTS,0.44096035565856884,0.5379422902320032,-0.0969819345734344
REACTOME_G1_S_SPECIFIC_TRANSCRIPTION,0.5015488945125726,0.49788742318350426,0.0036614713290683
REACTOME_G2_M_CHECKPOINTS,0.5167146913478051,0.5085178932998015,0.008196798048003662
REACTOME_G2_M_DNA_DAMAGE_CHECKPOINT,0.5092695518265803,0.4950948799514366,0.014174671875143707
REACTOME_G2_M_DNA_REPLICATION_CHECKPOINT,,,
REACTOME_G2_PHASE,0.4989836637247443,0.4989836637247443,0.0
REACTOME_GAB1_SIGNALOSOME,0.503599715925142,0.4964001198317625,0.007199596093379446
REACTOME_GABA_B_RECEPTOR_ACTIVATION,0.4915367175294685,0.48667347947027,0.004863238059198471
REACTOME_GABA_RECEPTOR_ACTIVATION,0.4887225763303362,0.4827147281382585,0.006007848192077725
REACTOME_GABA_SYNTHESIS_RELEASE_REUPTAKE_AND_DEGRADATION,0.5002079317589647,0.49979206824103534,0.00041586351792938236
REACTOME_GALACTOSE_CATABOLISM,0.5031280918762736,0.49688471908517906,0.006243372791094548
REACTOME_GAMMA_CARBOXYLATION_HYPUSINE_FORMATION_AND_ARYLSULFATASE_ACTIVATION,0.5066946306961148,0.4869306841578993,0.01976394653821545
REACTOME_GAMMA_CARBOXYLATION_TRANSPORT_AND_AMINO_TERMINAL_CLEAVAGE_OF_PROTEINS,0.5002022653721683,0.5002022653721683,0.0
REACTOME_GAP_FILLING_DNA_REPAIR_SYNTHESIS_AND_LIGATION_IN_GG_NER,0.5320311812232037,0.5365692179532158,-0.004538036730012074
REACTOME_GAP_JUNCTION_ASSEMBLY,0.5152897182508243,0.48800581946136146,0.0272838987894628
REACTOME_GAP_JUNCTION_DEGRADATION,0.6090882110247849,0.39091195321831057,0.21817625780647437
REACTOME_GAP_JUNCTION_TRAFFICKING_AND_REGULATION,0.3801247130673121,0.3913669065929806,-0.01124219352566852
REACTOME_GASTRIN_CREB_SIGNALLING_PATHWAY_VIA_PKC_AND_MAPK,0.488434740305387,0.48843211241585827,2.6278895287612514e-06
REACTOME_GDP_FUCOSE_BIOSYNTHESIS,0.49998341144734954,0.49998341144734954,0.0
REACTOME_GENERATION_OF_SECOND_MESSENGER_MOLECULES,0.5067754382991247,0.4414648283265468,0.06531060997257793
REACTOME_GENE_AND_PROTEIN_EXPRESSION_BY_JAK_STAT_SIGNALING_AFTER_INTERLEUKIN_12_STIMULATION,0.4764371927832898,0.4917664936201412,-0.015329300836851412
REACTOME_GENE_SILENCING_BY_RNA,0.49711498790513853,0.4911818703215354,0.0059331175836031536
REACTOME_GLI_PROTEINS_BIND_PROMOTERS_OF_HH_RESPONSIVE_GENES_TO_PROMOTE_TRANSCRIPTION,,,
REACTOME_GLOBAL_GENOME_NUCLEOTIDE_EXCISION_REPAIR_GG_NER,0.4618170115114701,0.46022327863381285,0.001593732877657239
REACTOME_GLUCAGON_LIKE_PEPTIDE_1_GLP1_REGULATES_INSULIN_SECRETION,0.4927407015413886,0.49312782251759707,-0.00038712097620846597
REACTOME_GLUCAGON_SIGNALING_IN_METABOLIC_REGULATION,0.49434699901585527,0.49720729252483686,-0.002860293508981593
REACTOME_GLUCAGON_TYPE_LIGAND_RECEPTORS,0.4972702797519798,0.4991940591301423,-0.0019237793781625157
REACTOME_GLUCOCORTICOID_BIOSYNTHESIS,,,
REACTOME_GLUCONEOGENESIS,0.5039599010336803,0.49314843502608835,0.010811466007591919
REACTOME_GLUCOSE_METABOLISM,0.5168130729620388,0.49388588652510224,0.022927186436936586
REACTOME_GLUCURONIDATION,,,
REACTOME_GLUTAMATE_AND_GLUTAMINE_METABOLISM,0.5186635999195865,0.5113721919357954,0.007291407983791132
REACTOME_GLUTAMATE_NEUROTRANSMITTER_RELEASE_CYCLE,0.5002085066097992,0.49979132914710533,0.000417177462693874
REACTOME_GLUTATHIONE_CONJUGATION,0.4998475824073306,0.4933902008627361,0.00645738154459452
REACTOME_GLUTATHIONE_SYNTHESIS_AND_RECYCLING,0.4932296532368373,0.49875429824181056,-0.005524645004973239
REACTOME_GLYCEROPHOSPHOLIPID_BIOSYNTHESIS,0.48406250698033154,0.4964145732241709,-0.012352066243839332
REACTOME_GLYCEROPHOSPHOLIPID_CATABOLISM,0.49466916184777426,0.4950764847247351,-0.00040732287696082503
REACTOME_GLYCOGEN_BREAKDOWN_GLYCOGENOLYSIS,0.4945839196811844,0.49062598956465064,0.003957930116533781
REACTOME_GLYCOGEN_METABOLISM,0.5069726942568789,0.5328726807232478,-0.02589998646636893
REACTOME_GLYCOGEN_STORAGE_DISEASES,0.46280123826154596,0.5427055042460125,-0.07990426598446654
REACTOME_GLYCOGEN_SYNTHESIS,0.4565823376916881,0.5417111765455603,-0.08512883885387224
REACTOME_GLYCOLYSIS,0.487208172867829,0.49596528623629726,-0.008757113368468239
REACTOME_GLYCOSAMINOGLYCAN_METABOLISM,0.47887513517206765,0.5183539195629294,-0.039478784390861776
REACTOME_GLYCOSPHINGOLIPID_METABOLISM,0.4694892992338388,0.47597410937539014,-0.006484810141551334
REACTOME_GLYOXYLATE_METABOLISM_AND_GLYCINE_DEGRADATION,0.5078383374919685,0.49062911018346617,0.01720922730850233
REACTOME_GOLGI_ASSOCIATED_VESICLE_BIOGENESIS,0.5248468597377103,0.4309635354048986,0.09388332433281166
REACTOME_GOLGI_CISTERNAE_PERICENTRIOLAR_STACK_REORGANIZATION,,,
REACTOME_GOLGI_TO_ER_RETROGRADE_TRANSPORT,0.5231306836323215,0.4845953115822917,0.038535372050029826
REACTOME_GP1B_IX_V_ACTIVATION_SIGNALLING,0.49786722128275174,0.49704666277739024,0.0008205585053615017
REACTOME_GPCR_LIGAND_BINDING,0.5627250951624495,0.5756493843511806,-0.01292428918873112
REACTOME_GPVI_MEDIATED_ACTIVATION_CASCADE,0.4811021073046131,0.4381807876310496,0.042921319673563496
REACTOME_GRB2_EVENTS_IN_ERBB2_SIGNALING,0.5116376908997499,0.487550291235857,0.02408739966389284
REACTOME_GRB2_SOS_PROVIDES_LINKAGE_TO_MAPK_SIGNALING_FOR_INTEGRINS,0.5012144134484874,0.5004023955840944,0.0008120178643929998
REACTOME_GRB7_EVENTS_IN_ERBB2_SIGNALING,0.5004066659045787,0.4995921843937524,0.0008144815108263037
REACTOME_GROWTH_HORMONE_RECEPTOR_SIGNALING,0.37934907504858306,0.5958157264734905,-0.2164666514249074
REACTOME_G_ALPHA_12_13_SIGNALLING_EVENTS,0.51206644750068,0.457188394714263,0.054878052786417
REACTOME_G_ALPHA_I_SIGNALLING_EVENTS,0.4212252337836222,0.5591287462207664,-0.13790351243714416
REACTOME_G_ALPHA_Q_SIGNALLING_EVENTS,0.46623917473757237,0.4934744575707526,-0.02723528283318022
REACTOME_G_ALPHA_S_SIGNALLING_EVENTS,0.5174486116202647,0.4900272413598276,0.02742137026043706
REACTOME_G_ALPHA_Z_SIGNALLING_EVENTS,0.4942501777110294,0.4920581893578358,0.002191988353193619
REACTOME_G_BETA_GAMMA_SIGNALLING_THROUGH_CDC42,0.5005556343922414,0.4970899408330673,0.003465693559174088
REACTOME_G_BETA_GAMMA_SIGNALLING_THROUGH_PI3KGAMMA,0.49331399206640136,0.49686361384740113,-0.0035496217809997677
REACTOME_G_PROTEIN_ACTIVATION,0.49546754753523664,0.49731823873588005,-0.0018506912006434062
REACTOME_G_PROTEIN_BETA_GAMMA_SIGNALLING,0.5049885555411022,0.49688332301886695,0.008105232522235273
REACTOME_G_PROTEIN_MEDIATED_EVENTS,0.5007554361179765,0.4935325175050291,0.007222918612947382
REACTOME_HATS_ACETYLATE_HISTONES,0.5349687511086408,0.429074739806088,0.10589401130255283
REACTOME_HCMV_EARLY_EVENTS,0.48337506750391235,0.4862489931898244,-0.0028739256859120488
REACTOME_HCMV_INFECTION,0.510042397712685,0.5019278033340036,0.00811459437868145
REACTOME_HCMV_LATE_EVENTS,0.5386085423490967,0.525914193494134,0.012694348854962678
REACTOME_HDACS_DEACETYLATE_HISTONES,0.4780724791641209,0.47754180972240284,0.0005306694417180347
REACTOME_HDL_ASSEMBLY,0.5006306934869073,0.4989632975808963,0.001667395906010949
REACTOME_HDL_CLEARANCE,0.4997969955339017,0.4997969955339017,0.0
REACTOME_HDL_REMODELING,0.4924975396384287,0.49167024716614965,0.0008272924722790287
REACTOME_HDMS_DEMETHYLATE_HISTONES,0.5008624404947266,0.488727010893916,0.012135429600810599
REACTOME_HDR_THROUGH_HOMOLOGOUS_RECOMBINATION_HRR,0.4687759093483228,0.5275989170467252,-0.05882300769840243
REACTOME_HDR_THROUGH_MMEJ_ALT_NHEJ,0.5021695691706513,0.4952920537876429,0.006877515383008348
REACTOME_HDR_THROUGH_SINGLE_STRAND_ANNEALING_SSA,0.5171315403243077,0.48370002246845545,0.0334315178558523
REACTOME_HEDGEHOG_LIGAND_BIOGENESIS,0.5488889283072318,0.5385437484479028,0.010345179859329034
REACTOME_HEDGEHOG_OFF_STATE,0.4738744256418949,0.5177135357333849,-0.04383911009148994
REACTOME_HEDGEHOG_ON_STATE,0.4468883817062098,0.5367220461536238,-0.08983366444741403
REACTOME_HEME_BIOSYNTHESIS,0.5011807436139,0.5011933903322572,-1.2646718357212094e-05
REACTOME_HEME_DEGRADATION,0.4995914452998224,0.5020253637327594,-0.002433918432936999
REACTOME_HEME_SIGNALING,0.5042403461193299,0.5021009155567119,0.0021394305626180055
REACTOME_HEMOSTASIS,0.5140917291118916,0.4148161397091189,0.0992755894027727
REACTOME_HEPARAN_SULFATE_HEPARIN_HS_GAG_METABOLISM,0.43143606279079233,0.48152987844696993,-0.0500938156561776
REACTOME_HIGHLY_CALCIUM_PERMEABLE_NICOTINIC_ACETYLCHOLINE_RECEPTORS,0.4989890016253497,0.5010109983746505,-0.0020219967493007585
REACTOME_HIGHLY_CALCIUM_PERMEABLE_POSTSYNAPTIC_NICOTINIC_ACETYLCHOLINE_RECEPTORS,0.4989890016253497,0.5010109983746505,-0.0020219967493007585
REACTOME_HIGHLY_SODIUM_PERMEABLE_POSTSYNAPTIC_ACETYLCHOLINE_NICOTINIC_RECEPTORS,0.4991835475720271,0.4991835475720271,0.0
REACTOME_HISTIDINE_CATABOLISM,,,
REACTOME_HIV_ELONGATION_ARREST_AND_RECOVERY,0.4863969762189137,0.47020884823543785,0.016188127983475853
REACTOME_HIV_INFECTION,0.5665240379624921,0.517209391551598,0.049314646410894114
REACTOME_HIV_LIFE_CYCLE,0.4184994553698952,0.4848517771759911,-0.0663523218060959
REACTOME_HIV_TRANSCRIPTION_ELONGATION,0.4736563929325539,0.4765935522102522,-0.002937159277698276
REACTOME_HIV_TRANSCRIPTION_INITIATION,0.5064485124174349,0.48589184657855355,0.020556665838881383
REACTOME_HOMOLOGOUS_DNA_PAIRING_AND_STRAND_EXCHANGE,0.5017075533428726,0.49582691142829743,0.005880641914575213
REACTOME_HOMOLOGY_DIRECTED_REPAIR,0.4899388785744224,0.5042161202627364,-0.014277241688314013
REACTOME_HORMONE_LIGAND_BINDING_RECEPTORS,,,
REACTOME_HOST_INTERACTIONS_OF_HIV_FACTORS,0.5381181124657882,0.5699822584608187,-0.03186414599503051
REACTOME_HSF1_ACTIVATION,0.5433039239646444,0.5734316919535336,-0.030127767988889165
REACTOME_HSF1_DEPENDENT_TRANSACTIVATION,0.5896102117159199,0.574277461774062,0.015332749941857848
REACTOME_HSP90_CHAPERONE_CYCLE_FOR_STEROID_HORMONE_RECEPTORS_SHR_IN_THE_PRESENCE_OF_LIGAND,0.450255447286507,0.5629779474080469,-0.11272250012153984
REACTOME_HS_GAG_BIOSYNTHESIS,0.5005984197186318,0.4981551394292487,0.0024432802893831207
REACTOME_HS_GAG_DEGRADATION,0.5366119211580583,0.5328013170982319,0.0038106040598264723
REACTOME_HUR_ELAVL1_BINDS_AND_STABILIZES_MRNA,,,
REACTOME_HYALURONAN_BIOSYNTHESIS_AND_EXPORT,0.49836890181810545,0.49836890181810545,0.0
REACTOME_HYALURONAN_METABOLISM,0.5004027240702855,0.4963309734885365,0.004071750581749023
REACTOME_HYALURONAN_UPTAKE_AND_DEGRADATION,0.4979635498582911,0.4979635498582911,0.0
REACTOME_HYDROLYSIS_OF_LPC,,,
REACTOME_IKBA_VARIANT_LEADS_TO_EDA_ID,0.4929481405710667,0.5070518594289333,-0.014103718857866598
REACTOME_IKK_COMPLEX_RECRUITMENT_MEDIATED_BY_RIP1,0.5544717974895772,0.4623692789202527,0.0921025185693245
REACTOME_IL_6_TYPE_CYTOKINE_RECEPTOR_LIGAND_INTERACTIONS,0.527758807700242,0.4726427666683748,0.05511604103186718
REACTOME_IMMUNOREGULATORY_INTERACTIONS_BETWEEN_A_LYMPHOID_AND_A_NON_LYMPHOID_CELL,0.5494534318266329,0.5625396647075751,-0.013086232880942239
REACTOME_INACTIVATION_OF_CDC42_AND_RAC1,0.49959316985232577,0.49959316985232577,0.0
REACTOME_INACTIVATION_OF_CSF3_G_CSF_SIGNALING,0.36047778973467515,0.6167237904152985,-0.2562460006806233
REACTOME_INCRETIN_SYNTHESIS_SECRETION_AND_INACTIVATION,0.4950387909343067,0.5097722178205073,-0.014733426886200607
REACTOME_INFECTION_WITH_MYCOBACTERIUM_TUBERCULOSIS,0.5672069607537837,0.6456685153869502,-0.07846155463316651
REACTOME_INFECTIOUS_DISEASE,0.6664418999904081,0.4931265906943804,0.17331530929602773
REACTOME_INFLAMMASOMES,0.43229702509765894,0.5522118946163741,-0.11991486951871516
REACTOME_INFLUENZA_INFECTION,0.9073297751709115,0.5824088089484895,0.32492096622242206
REACTOME_INHIBITION_OF_DNA_RECOMBINATION_AT_TELOMERE,0.5224055503654739,0.4811315889402641,0.04127396142520978
REACTOME_INHIBITION_OF_REPLICATION_INITIATION_OF_DAMAGED_DNA_BY_RB1_E2F1,0.5034845815151623,0.4944985132714991,0.008986068243663214
REACTOME_INHIBITION_OF_THE_PROTEOLYTIC_ACTIVITY_OF_APC_C_REQUIRED_FOR_THE_ONSET_OF_ANAPHASE_BY_MITOTIC_SPINDLE_CHECKPOINT_COMPONENTS,0.4969680724561701,0.49430717006518476,0.0026609023909853202
REACTOME_INITIAL_TRIGGERING_OF_COMPLEMENT,0.520437835959252,0.4839484401504729,0.03648939580877908
REACTOME_INITIATION_OF_NUCLEAR_ENVELOPE_NE_REFORMATION,0.48990036356851635,0.46776909917260906,0.02213126439590729
REACTOME_INLA_MEDIATED_ENTRY_OF_LISTERIA_MONOCYTOGENES_INTO_HOST_CELLS,0.5146122154816856,0.5515775877813649,-0.03696537229967933
REACTOME_INLB_MEDIATED_ENTRY_OF_LISTERIA_MONOCYTOGENES_INTO_HOST_CELL,0.5071220733522803,0.5515775877813649,-0.044455514429084575
REACTOME_INNATE_IMMUNE_SYSTEM,0.6313658160188262,0.5108967902957295,0.1204690257230967
REACTOME_INOSITOL_PHOSPHATE_METABOLISM,0.5059916702471661,0.4818118017204793,0.024179868526686743
REACTOME_INSERTION_OF_TAIL_ANCHORED_PROTEINS_INTO_THE_ENDOPLASMIC_RETICULUM_MEMBRANE,0.497663641965819,0.5008947963845497,-0.003231154418730675
REACTOME_INSULIN_PROCESSING,0.5004230902141336,0.48661139558015265,0.013811694633980909
REACTOME_INSULIN_RECEPTOR_RECYCLING,0.5130503457645649,0.5125690313730591,0.0004813143915057827
REACTOME_INSULIN_RECEPTOR_SIGNALLING_CASCADE,0.5084569591113528,0.472688918978224,0.03576804013312879
REACTOME_INTEGRATION_OF_ENERGY_METABOLISM,0.4973989642173423,0.4899807605637875,0.0074182036535548335
REACTOME_INTEGRATION_OF_PROVIRUS,0.49872777298187937,0.5012722270181207,-0.002544454036241317
REACTOME_INTEGRIN_CELL_SURFACE_INTERACTIONS,0.4950240911772551,0.47957505712374865,0.01544903405350645
REACTOME_INTEGRIN_SIGNALING,0.5071458064795872,0.4940651578638937,0.013080648615693469
REACTOME_INTERACTIONS_OF_REV_WITH_HOST_CELLULAR_PROTEINS,0.4893288797175545,0.5089285010386734,-0.019599621321118865
REACTOME_INTERACTIONS_OF_VPR_WITH_HOST_CELLULAR_PROTEINS,0.5180970433614913,0.50965034944361,0.008446693917881332
REACTOME_INTERACTION_BETWEEN_L1_AND_ANKYRINS,0.3907837614822348,0.3865478499264848,0.004235911555750038
REACTOME_INTERACTION_WITH_CUMULUS_CELLS_AND_THE_ZONA_PELLUCIDA,,,
REACTOME_INTERCONVERSION_OF_NUCLEOTIDE_DI_AND_TRIPHOSPHATES,0.5777566232670711,0.5342284253554549,0.04352819791161622
REACTOME_INTERFERON_ALPHA_BETA_SIGNALING,0.012619125517201516,0.9821820877793941,-0.9695629622621925
REACTOME_INTERFERON_GAMMA_SIGNALING,0.4516147231452684,0.6837582137972084,-0.23214349065193995
REACTOME_INTERFERON_SIGNALING,0.6483407505515283,0.8867852633211005,-0.23844451276957224
REACTOME_INTERLEUKIN_10_SIGNALING,0.7264451585734238,0.5731214367460422,0.15332372182738163
REACTOME_INTERLEUKIN_12_FAMILY_SIGNALING,0.5363267130226379,0.4748958534531125,0.061430859569525376
REACTOME_INTERLEUKIN_12_SIGNALING,0.561595184786622,0.49161267996115987,0.06998250482546209
REACTOME_INTERLEUKIN_15_SIGNALING,0.49370448002606865,0.4956811456809979,-0.001976665654929266
REACTOME_INTERLEUKIN_17_SIGNALING,0.5239875398617992,0.4745740191073848,0.049413520754414464
REACTOME_INTERLEUKIN_18_SIGNALING,0.4909576784961114,0.5090495482000927,-0.018091869703981356
REACTOME_INTERLEUKIN_1_FAMILY_SIGNALING,0.3272494405880166,0.5163311015981511,-0.18908166101013452
REACTOME_INTERLEUKIN_1_PROCESSING,0.4468995502367072,0.4468995502367072,0.0
REACTOME_INTERLEUKIN_1_SIGNALING,0.34096661332050926,0.515597345568787,-0.17463073224827774
REACTOME_INTERLEUKIN_20_FAMILY_SIGNALING,0.5199143110921903,0.5113288317585706,0.00858547933361975
REACTOME_INTERLEUKIN_21_SIGNALING,0.504099425543349,0.49588480711947835,0.008214618423870612
REACTOME_INTERLEUKIN_23_SIGNALING,0.511346077283603,0.4888902685308915,0.022455808752711526
REACTOME_INTERLEUKIN_27_SIGNALING,0.4913913623899077,0.4913913623899077,0.0
REACTOME_INTERLEUKIN_2_FAMILY_SIGNALING,0.522458929371527,0.46913987204805885,0.0533190573234682
REACTOME_INTERLEUKIN_2_SIGNALING,0.5354525291465797,0.4755864135483473,0.059866115598232406
REACTOME_INTERLEUKIN_35_SIGNALLING,0.5093864929106111,0.49223163006673526,0.01715486284387585
REACTOME_INTERLEUKIN_36_PATHWAY,0.4987864077669903,0.5012135922330098,-0.002427184466019472
REACTOME_INTERLEUKIN_37_SIGNALING,0.48195091562240905,0.4981663079597459,-0.016215392337336876
REACTOME_INTERLEUKIN_3_INTERLEUKIN_5_AND_GM_CSF_SIGNALING,0.4845280540346645,0.5161139722258355,-0.03158591819117107
REACTOME_INTERLEUKIN_4_AND_INTERLEUKIN_13_SIGNALING,0.582236025211972,0.5051355531116183,0.07710047210035376
REACTOME_INTERLEUKIN_6_FAMILY_SIGNALING,0.49203946564494316,0.4923167079902295,-0.0002772423452863104
REACTOME_INTERLEUKIN_6_SIGNALING,0.4875556291364624,0.5176924304956068,-0.030136801359144372
REACTOME_INTERLEUKIN_7_SIGNALING,0.5662100051638029,0.5743121170672227,-0.008102111903419806
REACTOME_INTERLEUKIN_9_SIGNALING,0.4975426769259474,0.4975426769259474,0.0
REACTOME_INTERLEUKIN_RECEPTOR_SHC_SIGNALING,0.5107785352669344,0.49680768907336675,0.013970846193567643
REACTOME_INTESTINAL_ABSORPTION,0.5004023955840944,0.5004023955840944,0.0
REACTOME_INTRACELLULAR_SIGNALING_BY_SECOND_MESSENGERS,0.5336771434052455,0.4587648820668877,0.07491226133835782
REACTOME_INTRAFLAGELLAR_TRANSPORT,0.5216598867116824,0.48504500917790416,0.036614877533778234
REACTOME_INTRA_GOLGI_AND_RETROGRADE_GOLGI_TO_ER_TRAFFIC,0.5146384943769734,0.4747931193968468,0.03984537498012658
REACTOME_INTRA_GOLGI_TRAFFIC,0.4956166802659949,0.49044417245787825,0.0051725078081166775
REACTOME_INTRINSIC_PATHWAY_FOR_APOPTOSIS,0.5566367678535529,0.5606503763794778,-0.004013608525924917
REACTOME_INTRINSIC_PATHWAY_OF_FIBRIN_CLOT_FORMATION,0.4975527778763237,0.497565753080872,-1.2975204548293373e-05
REACTOME_INWARDLY_RECTIFYING_K_CHANNELS,0.5162890553656905,0.48709041056832053,0.029198644797369944
REACTOME_IONOTROPIC_ACTIVITY_OF_KAINATE_RECEPTORS,0.4994025657399414,0.5005923427240966,-0.0011897769841551775
REACTOME_ION_CHANNEL_TRANSPORT,0.44704966842603877,0.5121982525848578,-0.06514858415881908
REACTOME_ION_HOMEOSTASIS,0.5097943906384064,0.4917604987471537,0.01803389189125265
REACTOME_ION_TRANSPORT_BY_P_TYPE_ATPASES,0.5082168357056606,0.49237016911783066,0.015846666587829905
REACTOME_IRAK1_RECRUITS_IKK_COMPLEX,0.48336283139329383,0.5438040441905903,-0.06044121279729642
REACTOME_IRAK2_MEDIATED_ACTIVATION_OF_TAK1_COMPLEX,0.44711372323330273,0.5494787252633474,-0.10236500203004467
REACTOME_IRAK4_DEFICIENCY_TLR2_4,0.4690290900801111,0.44374649340990996,0.025282596670201163
REACTOME_IRE1ALPHA_ACTIVATES_CHAPERONES,0.48532110182152166,0.49252710339562744,-0.00720600157410578
REACTOME_IRF3_MEDIATED_ACTIVATION_OF_TYPE_1_IFN,0.4995939910678035,0.4995939910678035,0.0
REACTOME_IRF3_MEDIATED_INDUCTION_OF_TYPE_I_IFN,0.5004060089321964,0.4995939910678035,0.0008120178643929443
REACTOME_IRON_UPTAKE_AND_TRANSPORT,0.3810679611650485,0.47207079008812625,-0.09100282892307776
REACTOME_IRS_ACTIVATION,0.49734673491295767,0.49734673491295767,0.0
REACTOME_IRS_MEDIATED_SIGNALLING,0.49159756959636935,0.472688918978224,0.01890865061814534
REACTOME_JNK_C_JUN_KINASES_PHOSPHORYLATION_AND_ACTIVATION_MEDIATED_BY_ACTIVATED_HUMAN_TAK1,0.4477018777584628,0.5509421312446867,-0.1032402534862239
REACTOME_JOSEPHIN_DOMAIN_DUBS,0.5495660204686315,0.5340751044257601,0.015490916042871339
REACTOME_KERATAN_SULFATE_BIOSYNTHESIS,0.5082656159050386,0.49375276749616004,0.014512848408878565
REACTOME_KERATAN_SULFATE_DEGRADATION,,,
REACTOME_KERATAN_SULFATE_KERATIN_METABOLISM,0.5070548158046533,0.49375276749616004,0.013302048308493242
REACTOME_KERATINIZATION,0.5053546534010802,0.4901997787317016,0.015154874669378593
REACTOME_KETONE_BODY_METABOLISM,0.5059325427327686,0.49315377292669377,0.012778769806074786
REACTOME_KILLING_MECHANISMS,0.47226418633313505,0.4706693858753566,0.0015948004577784336
REACTOME_KINESINS,0.5223562774368091,0.48786703404562287,0.03448924339118625
REACTOME_KSRP_KHSRP_BINDS_AND_DESTABILIZES_MRNA,0.5150304605245005,0.48514265169820786,0.02988780882629266
REACTOME_L1CAM_INTERACTIONS,0.42808780304493554,0.42197697443194887,0.006110828612986674
REACTOME_LAGGING_STRAND_SYNTHESIS,0.48962533850502,0.49474298911922343,-0.0051176506142034395
REACTOME_LAMININ_INTERACTIONS,0.4977638302541038,0.4977628447955305,9.85458573299347e-07
REACTOME_LATE_ENDOSOMAL_MICROAUTOPHAGY,0.5054092642303503,0.5134732717356028,-0.00806400750525249
REACTOME_LDL_CLEARANCE,0.5013068823112815,0.48660893193371935,0.014697950377562163
REACTOME_LDL_REMODELING,,,
REACTOME_LECTIN_PATHWAY_OF_COMPLEMENT_ACTIVATION,0.5236709612951291,0.5236709612951291,0.0
REACTOME_LEISHMANIA_INFECTION,0.4788496774922576,0.4695646868146957,0.009284990677561888
REACTOME_LEUKOTRIENE_RECEPTORS,0.4989921222441651,0.49899047981320965,1.6424309554619043e-06
REACTOME_LGI_ADAM_INTERACTIONS,0.4997911649040098,0.49979132914710533,-1.6424309551288374e-07
REACTOME_LIGAND_RECEPTOR_INTERACTIONS,,,
REACTOME_LINOLEIC_ACID_LA_METABOLISM,0.5016756080607883,0.49832439193921163,0.003351216121576628
REACTOME_LIPID_PARTICLE_ORGANIZATION,0.5004124144129228,0.49715054653532476,0.003261867877598079
REACTOME_LIPOPHAGY,0.4618972442636456,0.46104515108393873,0.0008520931797068587
REACTOME_LISTERIA_MONOCYTOGENES_ENTRY_INTO_HOST_CELLS,0.4482759894989534,0.5515775877813649,-0.10330159828241148
REACTOME_LONG_TERM_POTENTIATION,0.4982040017501745,0.4985730559858725,-0.00036905423569799645
REACTOME_LOSS_OF_FUNCTION_OF_MECP2_IN_RETT_SYNDROME,0.49857420568754124,0.495690589658992,0.002883616028549252
REACTOME_LOSS_OF_FUNCTION_OF_SMAD2_3_IN_CANCER,0.5009948204297388,0.5009902216230635,4.598806675248923e-06
REACTOME_LOSS_OF_MECP2_BINDING_ABILITY_TO_THE_NCOR_SMRT_COMPLEX,0.5043672239106414,0.495690589658992,0.008676634251649384
REACTOME_LRR_FLII_INTERACTING_PROTEIN_1_LRRFIP1_ACTIVATES_TYPE_I_IFN_PRODUCTION,,,
REACTOME_LTC4_CYSLTR_MEDIATED_IL4_PRODUCTION,0.5005650783702356,0.4994352501159556,0.0011298282542799853
REACTOME_LYSINE_CATABOLISM,0.4997977346278317,0.5006067961165048,-0.0008090614886731018
REACTOME_LYSOSOME_VESICLE_BIOGENESIS,0.50005239354748,0.502818575762712,-0.0027661822152320603
REACTOME_LYSOSPHINGOLIPID_AND_LPA_RECEPTORS,0.5322489675679014,0.462041942430824,0.07020702513707738
REACTOME_MAP2K_AND_MAPK_ACTIVATION,0.5516499368649541,0.4124344505805665,0.13921548628438762
REACTOME_MAP3K8_TPL2_DEPENDENT_MAPK1_3_ACTIVATION,0.42862561706131,0.5129299555755276,-0.08430433851421754
REACTOME_MAPK1_ERK2_ACTIVATION,0.4973761344270609,0.502623865572939,-0.005247731145878121
REACTOME_MAPK3_ERK1_ACTIVATION,0.5231191044940853,0.48250129423559285,0.040617810258492426
REACTOME_MAPK6_MAPK4_SIGNALING,0.585469232669397,0.5387023251566551,0.04676690751274193
REACTOME_MAPK_FAMILY_SIGNALING_CASCADES,0.44441767281987,0.4444818918702296,-6.421905035958186e-05
REACTOME_MAPK_TARGETS_NUCLEAR_EVENTS_MEDIATED_BY_MAP_KINASES,0.5536614220561396,0.45522363668376115,0.0984377853723784
REACTOME_MASTL_FACILITATES_MITOTIC_PROGRESSION,0.4897087739975587,0.4872561318517292,0.0024526421458294645
REACTOME_MATURATION_OF_PROTEIN_3A,0.49035761634652403,0.49748609517953085,-0.007128478833006824
REACTOME_MATURATION_OF_SARS_COV_1_NUCLEOPROTEIN,0.5002117914717101,0.49978820852828987,0.00042358294342026426
REACTOME_MATURATION_OF_SARS_COV_1_SPIKE_PROTEIN,0.4985696890024138,0.4985696890024138,0.0
REACTOME_MATURATION_OF_SARS_COV_2_NUCLEOPROTEIN,0.4880605124121792,0.47654312957991873,0.011517382832260448
REACTOME_MATURATION_OF_SARS_COV_2_SPIKE_PROTEIN,0.5055110949495905,0.47731712516769215,0.02819396978189831
REACTOME_MECP2_REGULATES_NEURONAL_RECEPTORS_AND_CHANNELS,0.49431842071722987,0.49471391809131127,-0.0003954973740813994
REACTOME_MECP2_REGULATES_TRANSCRIPTION_FACTORS,0.49911325152713226,0.49911325152713226,0.0
REACTOME_MECP2_REGULATES_TRANSCRIPTION_OF_NEURONAL_LIGANDS,,,
REACTOME_MEIOSIS,0.5377259820751654,0.4865020096785171,0.05122397239664833
REACTOME_MEIOTIC_RECOMBINATION,0.5077250097560398,0.4909354235566646,0.01678958619937526
REACTOME_MEIOTIC_SYNAPSIS,0.5491661706525182,0.4934329040675789,0.05573326658493927
REACTOME_MELANIN_BIOSYNTHESIS,,,
REACTOME_MEMBRANE_TRAFFICKING,0.41471857931036293,0.4608434605626049,-0.046124881252241956
REACTOME_METABOLIC_DISORDERS_OF_BIOLOGICAL_OXIDATION_ENZYMES,0.46223098623380066,0.46334652533876786,-0.0011155391049672003
REACTOME_METABOLISM_OF_AMINE_DERIVED_HORMONES,,,
REACTOME_METABOLISM_OF_AMINO_ACIDS_AND_DERIVATIVES,0.6172968345756681,0.5244754239771269,0.09282141059854121
REACTOME_METABOLISM_OF_ANGIOTENSINOGEN_TO_ANGIOTENSINS,0.5092602720916818,0.491709419144438,0.01755085294724379
REACTOME_METABOLISM_OF_CARBOHYDRATES,0.47475246923069847,0.5005809278289559,-0.025828458598257442
REACTOME_METABOLISM_OF_COFACTORS,0.4920809370265693,0.47811600358444134,0.013964933442127958
REACTOME_METABOLISM_OF_FAT_SOLUBLE_VITAMINS,0.5025592359148406,0.49612829750862936,0.006430938406211284
REACTOME_METABOLISM_OF_FOLATE_AND_PTERINES,0.5024297302340005,0.49757026976599955,0.0048594604680009534
REACTOME_METABOLISM_OF_INGESTED_SEMET_SEC_MESEC_INTO_H2SE,0.500207110543487,0.49979288945651307,0.00041422108697392046
REACTOME_METABOLISM_OF_LIPIDS,0.5141651457756019,0.4121511312407449,0.10201401453485703
REACTOME_METABOLISM_OF_NITRIC_OXIDE_NOS3_ACTIVATION_AND_REGULATION,0.5017912352000548,0.5017882788243349,2.956375719898041e-06
REACTOME_METABOLISM_OF_NUCLEOTIDES,0.45067861962218825,0.5285906168576485,-0.07791199723546027
REACTOME_METABOLISM_OF_POLYAMINES,0.7076521350945448,0.628085388671431,0.07956674642311379
REACTOME_METABOLISM_OF_PORPHYRINS,0.5039896290339747,0.501636025474761,0.0023536035592136573
REACTOME_METABOLISM_OF_RNA,0.5453300267913338,0.45987376932648516,0.08545625746484864
REACTOME_METABOLISM_OF_STEROIDS,0.541089680672004,0.4521556577804582,0.08893402289154584
REACTOME_METABOLISM_OF_STEROID_HORMONES,0.501784172746946,0.4977155427840124,0.0040686299629335565
REACTOME_METABOLISM_OF_VITAMINS_AND_COFACTORS,0.46704881107707996,0.4989635439455396,-0.03191473286845964
REACTOME_METABOLISM_OF_WATER_SOLUBLE_VITAMINS_AND_COFACTORS,0.45540923138173117,0.5274030571552834,-0.07199382577355218
REACTOME_METALLOPROTEASE_DUBS,0.4455952136934067,0.551513450852553,-0.10591823715914628
REACTOME_METALLOTHIONEINS_BIND_METALS,0.49698909557240023,0.5030097547259308,-0.006020659153530561
REACTOME_METAL_ION_SLC_TRANSPORTERS,0.49158845410456636,0.48832133044791065,0.0032671236566557127
REACTOME_METAL_SEQUESTRATION_BY_ANTIMICROBIAL_PROTEINS,0.5166370043636106,0.4578348555383429,0.058802148825267686
REACTOME_METHIONINE_SALVAGE_PATHWAY,0.50096895214219,0.4941548345940633,0.006814117548126664
REACTOME_METHYLATION,,,
REACTOME_MET_ACTIVATES_PI3K_AKT_SIGNALING,0.5027385893751799,0.49726141062482015,0.005477178750359746
REACTOME_MET_ACTIVATES_PTK2_SIGNALING,0.5,0.4995939910678035,0.0004060089321964999
REACTOME_MET_ACTIVATES_PTPN11,,,
REACTOME_MET_ACTIVATES_RAP1_AND_RAC1,0.49713477919815213,0.49713477919815213,0.0
REACTOME_MET_ACTIVATES_RAS_SIGNALING,0.4882340352426265,0.4882340352426265,0.0
REACTOME_MET_INTERACTS_WITH_TNS_PROTEINS,0.5002022653721683,0.5002022653721683,0.0
REACTOME_MET_PROMOTES_CELL_MOTILITY,0.49733778366425035,0.4969303786657417,0.00040740499850866474
REACTOME_MET_RECEPTOR_ACTIVATION,0.502108881346846,0.4978911186531541,0.00421776269369184
REACTOME_MET_RECEPTOR_RECYCLING,0.49713477919815213,0.49713477919815213,0.0
REACTOME_MHC_CLASS_II_ANTIGEN_PRESENTATION,0.4983950164702976,0.4927701831770396,0.005624833293258025
REACTOME_MICRORNA_MIRNA_BIOGENESIS,0.48489242734213944,0.48319021189987216,0.0017022154422672853
REACTOME_MINERALOCORTICOID_BIOSYNTHESIS,,,
REACTOME_MIRO_GTPASE_CYCLE,0.5003925409983614,0.5032199858882332,-0.002827444889871855
REACTOME_MISCELLANEOUS_SUBSTRATES,,,
REACTOME_MISCELLANEOUS_TRANSPORT_AND_BINDING_EVENTS,0.4845006254377079,0.4837815691653955,0.0007190562723123906
REACTOME_MISMATCH_REPAIR,0.4983518205361683,0.49960384565353644,-0.0012520251173681607
REACTOME_MITOCHONDRIAL_BIOGENESIS,0.4727159369674418,0.5231061292895369,-0.05039019232209513
REACTOME_MITOCHONDRIAL_CALCIUM_ION_TRANSPORT,0.48042558999404794,0.4796810760419254,0.0007445139521225497
REACTOME_MITOCHONDRIAL_FATTY_ACID_BETA_OXIDATION,0.4954094876009603,0.4979496713167172,-0.002540183715756872
REACTOME_MITOCHONDRIAL_FATTY_ACID_BETA_OXIDATION_OF_SATURATED_FATTY_ACIDS,0.497590882274491,0.49763424245171584,-4.33601772248382e-05
REACTOME_MITOCHONDRIAL_FATTY_ACID_BETA_OXIDATION_OF_UNSATURATED_FATTY_ACIDS,0.5017567441499895,0.4982432558500106,0.003513488299978884
REACTOME_MITOCHONDRIAL_IRON_SULFUR_CLUSTER_BIOGENESIS,0.5076501149044697,0.4729879235336705,0.03466219137079918
REACTOME_MITOCHONDRIAL_PROTEIN_IMPORT,0.5070361742133085,0.48563546310640193,0.021400711106906556
REACTOME_MITOCHONDRIAL_TRANSLATION,0.47134302893174973,0.4732278826962672,-0.001884853764517469
REACTOME_MITOCHONDRIAL_TRNA_AMINOACYLATION,0.49700280987087875,0.49024781983714966,0.006754990033729091
REACTOME_MITOCHONDRIAL_UNCOUPLING,,,
REACTOME_MITOPHAGY,0.5450727399821567,0.5384414249993759,0.0066313149827808004
REACTOME_MITOTIC_G1_PHASE_AND_G1_S_TRANSITION,0.4766305069067507,0.5037003969427134,-0.027069890035962718
REACTOME_MITOTIC_G2_G2_M_PHASES,0.44266060018368947,0.49709823510939244,-0.05443763492570297
REACTOME_MITOTIC_METAPHASE_AND_ANAPHASE,0.5274266260394945,0.4834634302893175,0.04396319575017704
REACTOME_MITOTIC_PROMETAPHASE,0.5302929965430113,0.47729519871443643,0.05299779782857489
REACTOME_MITOTIC_PROPHASE,0.5227788749216561,0.4890525407092937,0.033726334212362374
REACTOME_MITOTIC_SPINDLE_CHECKPOINT,0.485537163613716,0.4887320203083304,-0.0031948566946143897
REACTOME_MITOTIC_TELOPHASE_CYTOKINESIS,0.5091554849967217,0.48356378282069784,0.025591702176023856
REACTOME_MODULATION_BY_MTB_OF_HOST_IMMUNE_SYSTEM,0.5297735777533384,0.6572515954574303,-0.12747801770409184
REACTOME_MOLECULES_ASSOCIATED_WITH_ELASTIC_FIBRES,0.49609881587297844,0.4960626823919576,3.613348102082803e-05
REACTOME_MOLYBDENUM_COFACTOR_BIOSYNTHESIS,0.5046213901010028,0.4965884245408091,0.008032965560193728
REACTOME_MRNA_CAPPING,0.5193312481029922,0.4911757112054524,0.028155536897539857
REACTOME_MRNA_DECAY_BY_3_TO_5_EXORIBONUCLEASE,0.5033272366296265,0.47470048629095735,0.028626750338669182
REACTOME_MRNA_DECAY_BY_5_TO_3_EXORIBONUCLEASE,0.4945988658028794,0.5055977331824925,-0.010998867379613086
REACTOME_MRNA_EDITING,0.35905421270400645,0.6399491601922038,-0.2808949474881974
REACTOME_MRNA_EDITING_C_TO_U_CONVERSION,0.5766693339745383,0.641977151814492,-0.06530781783995365
REACTOME_MRNA_SPLICING,0.4628704667263198,0.4344046746212883,0.02846579210503153
REACTOME_MRNA_SPLICING_MINOR_PATHWAY,0.5311547800653555,0.4576678203101698,0.07348695975518577
REACTOME_MTORC1_MEDIATED_SIGNALLING,0.48319357888333087,0.4831267319434426,6.68469398882876e-05
REACTOME_MTOR_SIGNALLING,0.49044729307669366,0.4832900717019657,0.007157221374727962
REACTOME_MUCOPOLYSACCHARIDOSES,0.4934989297919894,0.4934989297919894,0.0
REACTOME_MULTIFUNCTIONAL_ANION_EXCHANGERS,0.5000052557790575,0.4999947442209424,1.0511558115100517e-05
REACTOME_MUSCARINIC_ACETYLCHOLINE_RECEPTORS,,,
REACTOME_MUSCLE_CONTRACTION,0.5439305113741629,0.5305763158828328,0.0133541954913301
REACTOME_MYD88_INDEPENDENT_TLR4_CASCADE,0.44508318584303347,0.4585235268379788,-0.013440340994945343
REACTOME_MYOCLONIC_EPILEPSY_OF_LAFORA,0.5225560791625442,0.5444928797333218,-0.021936800570777626
REACTOME_MYOGENESIS,0.50696932727342,0.4931715933025608,0.01379773397085926
REACTOME_M_PHASE,0.47028078671128826,0.4751423823395312,-0.004861595628242954
REACTOME_NADE_MODULATES_DEATH_SIGNALLING,0.5129890830899251,0.5129600120620129,2.9071027912164205e-05
REACTOME_NA_CL_DEPENDENT_NEUROTRANSMITTER_TRANSPORTERS,,,
REACTOME_NCAM1_INTERACTIONS,0.49990014019790635,0.5000847494373031,-0.0001846092393967269
REACTOME_NCAM_SIGNALING_FOR_NEURITE_OUT_GROWTH,0.5204079437158621,0.474761009871667,0.0456469338441951
REACTOME_NECTIN_NECL_TRANS_HETERODIMERIZATION,0.5006203461718877,0.49937965382811234,0.0012406923437753292
REACTOME_NEDDYLATION,0.5398195066925777,0.47851018701375836,0.06130931967881936
REACTOME_NEF_AND_SIGNAL_TRANSDUCTION,0.4933106250829427,0.4676650511715788,0.025645573911363906
REACTOME_NEF_MEDIATED_CD4_DOWN_REGULATION,0.5144924822650305,0.48593701342982937,0.02855546883520116
REACTOME_NEF_MEDIATED_CD8_DOWN_REGULATION,0.4799488744092175,0.5133015555792065,-0.03335268116998902
REACTOME_NEF_MEDIATED_DOWNREGULATION_OF_MHC_CLASS_I_COMPLEX_CELL_SURFACE_EXPRESSION,0.23664826815510331,0.7633633109831328,-0.5267150428280295
REACTOME_NEF_MEDIATES_DOWN_MODULATION_OF_CELL_SURFACE_RECEPTORS_BY_RECRUITING_THEM_TO_CLATHRIN_ADAPTERS,0.6176785355297234,0.637689585805192,-0.020011050275468567
REACTOME_NEGATIVE_EPIGENETIC_REGULATION_OF_RRNA_EXPRESSION,0.5078656018458297,0.4951901409468548,0.012675460898974922
REACTOME_NEGATIVE_FEEDBACK_REGULATION_OF_MAPK_PATHWAY,0.5236522375822364,0.4763696067494715,0.04728263083276496
REACTOME_NEGATIVE_REGULATION_OF_ACTIVITY_OF_TFAP2_AP_2_FAMILY_TRANSCRIPTION_FACTORS,0.500613694326518,0.49938630567348213,0.001227388653035899
REACTOME_NEGATIVE_REGULATION_OF_FGFR1_SIGNALING,0.46153484187331734,0.5432390479419027,-0.08170420606858536
REACTOME_NEGATIVE_REGULATION_OF_FGFR2_SIGNALING,0.535853528664362,0.5432390479419027,-0.00738551927754072
REACTOME_NEGATIVE_REGULATION_OF_FGFR3_SIGNALING,0.5401824839337405,0.5444685717551805,-0.004286087821440021
REACTOME_NEGATIVE_REGULATION_OF_FGFR4_SIGNALING,0.547530884271687,0.5444685717551805,0.00306231251650646
REACTOME_NEGATIVE_REGULATION_OF_FLT3,0.4476255868405804,0.54721750844538,-0.09959192160479957
REACTOME_NEGATIVE_REGULATION_OF_MAPK_PATHWAY,0.5656194691137574,0.4646094726219899,0.10100999649176745
REACTOME_NEGATIVE_REGULATION_OF_MET_ACTIVITY,0.4619448747613548,0.5515775877813649,-0.08963271302001008
REACTOME_NEGATIVE_REGULATION_OF_NMDA_RECEPTOR_MEDIATED_NEURONAL_TRANSMISSION,0.5010073029050004,0.4989465447851503,0.00206075811985007
REACTOME_NEGATIVE_REGULATION_OF_NOTCH4_SIGNALING,0.49827249112101824,0.5388783116335355,-0.040605820512517266
REACTOME_NEGATIVE_REGULATION_OF_TCF_DEPENDENT_SIGNALING_BY_DVL_INTERACTING_PROTEINS,0.4972835834427193,0.4972027758397093,8.080760300999135e-05
REACTOME_NEGATIVE_REGULATION_OF_TCF_DEPENDENT_SIGNALING_BY_WNT_LIGAND_ANTAGONISTS,0.5004066659045787,0.4995933340954213,0.000813331809157436
REACTOME_NEGATIVE_REGULATION_OF_THE_PI3K_AKT_NETWORK,0.4815941796188772,0.4288790441577417,0.05271513546113549
REACTOME_NEGATIVE_REGULATORS_OF_DDX58_IFIH1_SIGNALING,0.15674145640265577,0.7080204502363131,-0.5512789938336573
REACTOME_NEPHRIN_FAMILY_INTERACTIONS,0.4992990104681979,0.4747681544463233,0.024530856021874603
REACTOME_NERVOUS_SYSTEM_DEVELOPMENT,0.507354805818673,0.4045931567128781,0.10276164910579488
REACTOME_NETRIN_1_SIGNALING,0.48373722352959736,0.4852883353239597,-0.0015511117943623476
REACTOME_NETRIN_MEDIATED_REPULSION_SIGNALS,,,
REACTOME_NEUREXINS_AND_NEUROLIGINS,0.5020124706497588,0.49557874011092323,0.006433730538835614
REACTOME_NEUROFASCIN_INTERACTIONS,,,
REACTOME_NEURONAL_SYSTEM,0.5189326301100954,0.4687178494140463,0.050214780696049066
REACTOME_NEUROTOXICITY_OF_CLOSTRIDIUM_TOXINS,0.49959826138828783,0.499585450426835,1.2810961452836e-05
REACTOME_NEUROTRANSMITTER_CLEARANCE,0.4989789827965212,0.4989773403655656,1.6424309555729266e-06
REACTOME_NEUROTRANSMITTER_RECEPTORS_AND_POSTSYNAPTIC_SIGNAL_TRANSMISSION,0.5272829133308894,0.46051645255936735,0.06676646077152204
REACTOME_NEUROTRANSMITTER_RELEASE_CYCLE,0.49979280733496534,0.49979132914710533,1.4781878600045317e-06
REACTOME_NEUTROPHIL_DEGRANULATION,0.6761065385833311,0.492562908390457,0.18354363019287412
REACTOME_NF_KB_ACTIVATION_THROUGH_FADD_RIP_1_PATHWAY_MEDIATED_BY_CASPASE_8_AND_10,0.5200568740991265,0.51061634521008,0.009440528889046451
REACTOME_NF_KB_IS_ACTIVATED_AND_SIGNALS_SURVIVAL,0.5479696597014455,0.5400895223416599,0.007880137359785655
REACTOME_NGF_INDEPENDANT_TRKA_ACTIVATION,,,
REACTOME_NGF_STIMULATED_TRANSCRIPTION,0.5599483192675547,0.4220405365099262,0.13790778275762855
REACTOME_NICOTINAMIDE_SALVAGING,0.5002117914717101,0.49978820852828987,0.00042358294342026426
REACTOME_NICOTINATE_METABOLISM,0.4101255211433421,0.5859980133155163,-0.17587249217217416
REACTOME_NITRIC_OXIDE_STIMULATES_GUANYLATE_CYCLASE,0.4998065216334435,0.4993812962590679,0.00042522537437561514
REACTOME_NOD1_2_SIGNALING_PATHWAY,0.4722233719238911,0.540399202698317,-0.0681758307744259
REACTOME_NONCANONICAL_ACTIVATION_OF_NOTCH3,,,
REACTOME_NONHOMOLOGOUS_END_JOINING_NHEJ,0.49276427042559984,0.501969110472534,-0.00920484004693417
REACTOME_NONSENSE_MEDIATED_DECAY_NMD,0.4703127319933724,0.4331522388961813,0.037160493097191105
REACTOME_NON_INTEGRIN_MEMBRANE_ECM_INTERACTIONS,0.5330849649242445,0.4657027567875102,0.06738220813673429
REACTOME_NOREPINEPHRINE_NEUROTRANSMITTER_RELEASE_CYCLE,0.5000054200221531,0.4995885710456504,0.0004168489765026817
REACTOME_NOSTRIN_MEDIATED_ENOS_TRAFFICKING,0.5028193969781898,0.5028151266577057,4.270320484112133e-06
REACTOME_NOTCH1_INTRACELLULAR_DOMAIN_REGULATES_TRANSCRIPTION,0.44847414879373304,0.5378375031370431,-0.08936335434331011
REACTOME_NOTCH2_ACTIVATION_AND_TRANSMISSION_OF_SIGNAL_TO_THE_NUCLEUS,0.4383488904393437,0.5451398332866884,-0.10679094284734464
REACTOME_NOTCH2_INTRACELLULAR_DOMAIN_REGULATES_TRANSCRIPTION,0.491513641374544,0.5068608447088102,-0.015347203334266202
REACTOME_NOTCH3_ACTIVATION_AND_TRANSMISSION_OF_SIGNAL_TO_THE_NUCLEUS,0.5347622975375361,0.5451372053971595,-0.010374907859623361
REACTOME_NOTCH3_INTRACELLULAR_DOMAIN_REGULATES_TRANSCRIPTION,0.4997926430918697,0.500189947140002,-0.00039730404813226317
REACTOME_NOTCH4_ACTIVATION_AND_TRANSMISSION_OF_SIGNAL_TO_THE_NUCLEUS,,,
REACTOME_NOTCH4_INTRACELLULAR_DOMAIN_REGULATES_TRANSCRIPTION,0.4884930466043069,0.5093226844679902,-0.020829637863683304
REACTOME_NOTCH_HLH_TRANSCRIPTION_PATHWAY,0.5042985702967019,0.4957554656817337,0.008543104614968211
REACTOME_NR1H2_AND_NR1H3_MEDIATED_SIGNALING,0.4852654234121307,0.4807126048035193,0.0045528186086113975
REACTOME_NR1H2_NR1H3_REGULATE_GENE_EXPRESSION_LINKED_TO_GLUCONEOGENESIS,0.49608682612700317,0.49608682612700317,0.0
REACTOME_NR1H2_NR1H3_REGULATE_GENE_EXPRESSION_LINKED_TO_LIPOGENESIS,0.49608682612700317,0.49608682612700317,0.0
REACTOME_NR1H2_NR1H3_REGULATE_GENE_EXPRESSION_LINKED_TO_TRIGLYCERIDE_LIPOLYSIS_IN_ADIPOSE,0.49608682612700317,0.49608682612700317,0.0
REACTOME_NR1H2_NR1H3_REGULATE_GENE_EXPRESSION_TO_CONTROL_BILE_ACID_HOMEOSTASIS,0.49871709718066876,0.4934023548518068,0.005314742328861977
REACTOME_NR1H2_NR1H3_REGULATE_GENE_EXPRESSION_TO_LIMIT_CHOLESTEROL_UPTAKE,0.4956667744101374,0.49735782132190726,-0.0016910469117698557
REACTOME_NR1H3_NR1H2_REGULATE_GENE_EXPRESSION_LINKED_TO_CHOLESTEROL_TRANSPORT_AND_EFFLUX,0.48447631745956665,0.47973314110321436,0.004743176356352297
REACTOME_NRAGE_SIGNALS_DEATH_THROUGH_JNK,0.5289103981646819,0.4551841362192816,0.07372626194540027
REACTOME_NRCAM_INTERACTIONS,0.49876456343528225,0.49876456343528225,0.0
REACTOME_NRIF_SIGNALS_CELL_DEATH_FROM_THE_NUCLEUS,0.4482221177636134,0.553683512752491,-0.10546139498887752
REACTOME_NS1_MEDIATED_EFFECTS_ON_HOST_PATHWAYS,0.9477253645211262,0.8234022103178827,0.12432315420324347
REACTOME_NTRK2_ACTIVATES_RAC1,0.4813995515506519,0.4813995515506519,0.0
REACTOME_NUCLEAR_ENVELOPE_BREAKDOWN,0.5520187447360088,0.5063742745382469,0.045644470197761855
REACTOME_NUCLEAR_ENVELOPE_NE_REASSEMBLY,0.4865819139445016,0.47861431713633623,0.00796759680816539
REACTOME_NUCLEAR_EVENTS_KINASE_AND_TRANSCRIPTION_FACTOR_ACTIVATION,0.5392068799461808,0.4301888007231952,0.10901807922298556
REACTOME_NUCLEAR_EVENTS_STIMULATED_BY_ALK_SIGNALING_IN_CANCER,0.47006989857660353,0.4756966206654604,-0.005626722088856895
REACTOME_NUCLEAR_IMPORT_OF_REV_PROTEIN,0.5000895946086219,0.5089285010386734,-0.008838906430051474
REACTOME_NUCLEAR_PORE_COMPLEX_NPC_DISASSEMBLY,0.5036737074396865,0.5089285010386734,-0.00525479359898684
REACTOME_NUCLEAR_RECEPTOR_TRANSCRIPTION_PATHWAY,0.49335768072981756,0.49311000214173006,0.00024767858808749654
REACTOME_NUCLEAR_SIGNALING_BY_ERBB4,0.5130018119298302,0.48101530482861565,0.031986507101214534
REACTOME_NUCLEOTIDE_BINDING_DOMAIN_LEUCINE_RICH_REPEAT_CONTAINING_RECEPTOR_NLR_SIGNALING_PATHWAYS,0.4827378864147309,0.5618989523918393,-0.07916106597710837
REACTOME_NUCLEOTIDE_BIOSYNTHESIS,0.5067832398461635,0.507165926258792,-0.0003826864126285079
REACTOME_NUCLEOTIDE_CATABOLISM,0.41959315014315424,0.5608966589012532,-0.14130350875809894
REACTOME_NUCLEOTIDE_EXCISION_REPAIR,0.5252510619958558,0.45344923640100016,0.07180182559485565
REACTOME_NUCLEOTIDE_LIKE_PURINERGIC_RECEPTORS,0.5009852943301969,0.4997606978097855,0.0012245965204114029
REACTOME_NUCLEOTIDE_SALVAGE,0.4258131182931332,0.5631816088465273,-0.13736849055339417
REACTOME_N_GLYCAN_ANTENNAE_ELONGATION,0.5007307996536442,0.5011517547075357,-0.000420955053891503
REACTOME_N_GLYCAN_ANTENNAE_ELONGATION_IN_THE_MEDIAL_TRANS_GOLGI,0.5188426248937349,0.48139733426886194,0.03744529062487295
REACTOME_N_GLYCAN_TRIMMING_AND_ELONGATION_IN_THE_CIS_GOLGI,0.5006102452215114,0.4993592055627166,0.0012510396587948058
REACTOME_N_GLYCAN_TRIMMING_IN_THE_ER_AND_CALNEXIN_CALRETICULIN_CYCLE,0.5434907504858311,0.52726813145229,0.016222619033541053
REACTOME_OAS_ANTIVIRAL_RESPONSE,0.7370434370429936,0.7248961819393037,0.012147255103689858
REACTOME_OLFACTORY_SIGNALING_PATHWAY,0.49958955650422365,0.49958955650422365,0.0
REACTOME_ONCOGENE_INDUCED_SENESCENCE,0.5383909202474947,0.5334944229614476,0.00489649728604713
REACTOME_ONCOGENIC_MAPK_SIGNALING,0.576620389532065,0.42928858431649247,0.1473318052155725
REACTOME_OPIOID_SIGNALLING,0.5127745816071384,0.49893660807786966,0.013837973529268743
REACTOME_OPSINS,,,
REACTOME_ORC1_REMOVAL_FROM_CHROMATIN,0.4686012368162067,0.5154207021195243,-0.0468194653033176
REACTOME_OREXIN_AND_NEUROPEPTIDES_FF_AND_QRFP_BIND_TO_THEIR_RESPECTIVE_RECEPTORS,,,
REACTOME_ORGANELLE_BIOGENESIS_AND_MAINTENANCE,0.4788026218453829,0.4843606903203003,-0.00555806847491741
REACTOME_ORGANIC_ANION_TRANSPORT,,,
REACTOME_ORGANIC_ANION_TRANSPORTERS,,,
REACTOME_ORGANIC_CATION_ANION_ZWITTERION_TRANSPORT,,,
REACTOME_ORGANIC_CATION_TRANSPORT,,,
REACTOME_OTHER_INTERLEUKIN_SIGNALING,0.5189686814695684,0.5039535776745019,0.015015103795066542
REACTOME_OTHER_SEMAPHORIN_INTERACTIONS,0.4922301518788753,0.49852673943292763,-0.006296587554052324
REACTOME_OVARIAN_TUMOR_DOMAIN_PROTEASES,0.44982964706129686,0.5410335095333263,-0.09120386247202944
REACTOME_OXIDATIVE_STRESS_INDUCED_SENESCENCE,0.4663125914012827,0.5131357521742501,-0.04682316077296744
REACTOME_O_GLYCOSYLATION_OF_TSR_DOMAIN_CONTAINING_PROTEINS,0.5082473849214326,0.45399690500310746,0.054250479918325156
REACTOME_O_LINKED_GLYCOSYLATION,0.46241419940688533,0.45990472914999597,0.0025094702568893568
REACTOME_O_LINKED_GLYCOSYLATION_OF_MUCINS,0.49765674375580604,0.4942041896442758,0.003452554111530226
REACTOME_P130CAS_LINKAGE_TO_MAPK_SIGNALING_FOR_INTEGRINS,0.5004023955840944,0.5004023955840944,0.0
REACTOME_P2Y_RECEPTORS,0.5006124625033013,0.5006124625033013,0.0
REACTOME_P38MAPK_EVENTS,0.4902342697817669,0.4861515149126161,0.004082754869150773
REACTOME_P75NTR_NEGATIVELY_REGULATES_CELL_CYCLE_VIA_SC1,,,
REACTOME_P75NTR_RECRUITS_SIGNALLING_COMPLEXES,0.44780379059925074,0.5426175520683462,-0.09481376146909543
REACTOME_P75NTR_REGULATES_AXONOGENESIS,0.4997977346278317,0.5002022653721683,-0.0004045307443365509
REACTOME_P75NTR_SIGNALS_VIA_NF_KB,0.4567023993945343,0.5391087446965904,-0.08240634530205615
REACTOME_P75_NTR_RECEPTOR_MEDIATED_SIGNALLING,0.5420508312671553,0.4953604610369389,0.04669037023021633
REACTOME_PARASITE_INFECTION,0.5643569324382741,0.42771784547221203,0.13663908696606208
REACTOME_PASSIVE_TRANSPORT_BY_AQUAPORINS,0.5104293544457976,0.4912222741230405,0.019207080322757142
REACTOME_PCNA_DEPENDENT_LONG_PATCH_BASE_EXCISION_REPAIR,0.4962483592114754,0.4986032767154534,-0.0023549175039779824
REACTOME_PCP_CE_PATHWAY,0.5111067750933886,0.5284431265578458,-0.01733635146445711
REACTOME_PD_1_SIGNALING,0.5178306410605111,0.4467785851968355,0.07105205586367563
REACTOME_PECAM1_INTERACTIONS,0.4936660471417102,0.4583454052008561,0.0353206419408541
REACTOME_PENTOSE_PHOSPHATE_PATHWAY,0.49384687878990935,0.5072611051326623,-0.013414226342752966
REACTOME_PEPTIDE_HORMONE_BIOSYNTHESIS,,,
REACTOME_PEPTIDE_HORMONE_METABOLISM,0.49017037921759854,0.48595729745212973,0.004213081765468807
REACTOME_PEPTIDE_LIGAND_BINDING_RECEPTORS,0.5550448416499467,0.6001233301404476,-0.04507848849050089
REACTOME_PERK_REGULATES_GENE_EXPRESSION,0.5833458158085951,0.5547322049175696,0.028613610891025543
REACTOME_PEROXISOMAL_LIPID_METABOLISM,0.48514618292476225,0.4940698387921169,-0.008923655867354663
REACTOME_PEROXISOMAL_PROTEIN_IMPORT,0.44353141707628896,0.5223007632705137,-0.07876934619422471
REACTOME_PEXOPHAGY,0.5559797133498102,0.5482114255380932,0.007768287811717012
REACTOME_PHASE_0_RAPID_DEPOLARISATION,0.49351929593583743,0.4946890352623357,-0.0011697393264982758
REACTOME_PHASE_1_INACTIVATION_OF_FAST_NA_CHANNELS,0.5004045307443366,0.5004045307443366,0.0
REACTOME_PHASE_2_PLATEAU_PHASE,0.5002022653721683,0.5002022653721683,0.0
REACTOME_PHASE_3_RAPID_REPOLARISATION,,,
REACTOME_PHASE_4_RESTING_MEMBRANE_POTENTIAL,0.4991814124117851,0.4991814124117851,0.0
REACTOME_PHASE_II_CONJUGATION_OF_COMPOUNDS,0.5133271775021122,0.46530923033057536,0.048017947171536846
REACTOME_PHASE_I_FUNCTIONALIZATION_OF_COMPOUNDS,0.45344496608051593,0.49797866022308157,-0.04453369414256564
REACTOME_PHENYLALANINE_AND_TYROSINE_METABOLISM,0.5656482116554784,0.5706180434836878,-0.004969831828209426
REACTOME_PHENYLALANINE_METABOLISM,0.42835018139007475,0.5717189649531513,-0.14336878356307658
REACTOME_PHOSPHATE_BOND_HYDROLYSIS_BY_NTPDASE_PROTEINS,0.4993757941153669,0.4993757941153669,0.0
REACTOME_PHOSPHATE_BOND_HYDROLYSIS_BY_NUDT_PROTEINS,0.5168015759453504,0.4910126178115724,0.02578895813377796
REACTOME_PHOSPHOLIPASE_C_MEDIATED_CASCADE_FGFR2,0.49937620472310584,0.4993824459607367,-6.241237630877361e-06
REACTOME_PHOSPHOLIPASE_C_MEDIATED_CASCADE_FGFR4,0.4996002323054344,0.5004004246669479,-0.0008001923615135187
REACTOME_PHOSPHOLIPID_METABOLISM,0.49735946375286266,0.47744909449496564,0.01991036925789702
REACTOME_PHOSPHORYLATION_OF_EMI1,,,
REACTOME_PHOSPHORYLATION_OF_THE_APC_C,0.5034377722329308,0.4961948159623265,0.007242956270604339
REACTOME_PHYSIOLOGICAL_FACTORS,0.5002030044660983,0.4997969955339017,0.00040600893219661094
REACTOME_PI3K_AKT_ACTIVATION,0.5084949813879724,0.49149549251248575,0.01699948887548669
REACTOME_PI3K_AKT_SIGNALING_IN_CANCER,0.4739272297971138,0.4862987588477756,-0.0123715290506618
REACTOME_PI3K_EVENTS_IN_ERBB2_SIGNALING,0.5023637045095899,0.4968216497364884,0.00554205477310149
REACTOME_PI3K_EVENTS_IN_ERBB4_SIGNALING,0.497042720943097,0.497042720943097,0.0
REACTOME_PI5P_REGULATES_TP53_ACETYLATION,0.5047700301024745,0.4953217817879373,0.009448248314537167
REACTOME_PINK1_PRKN_MEDIATED_MITOPHAGY,0.4499461775375887,0.5370868300688376,-0.08714065253124892
REACTOME_PIWI_INTERACTING_RNA_PIRNA_BIOGENESIS,0.48274905494522813,0.48349668951616614,-0.0007476345709380161
REACTOME_PI_3K_CASCADE_FGFR1,0.4961510451773629,0.4957433938142108,0.00040765136315212835
REACTOME_PI_3K_CASCADE_FGFR2,0.4977824718454485,0.4957433938142108,0.0020390780312377066
REACTOME_PI_3K_CASCADE_FGFR3,0.4974513577648223,0.497042720943097,0.0004086368217253167
REACTOME_PI_3K_CASCADE_FGFR4,0.4970781974517355,0.497042720943097,3.547650863849894e-05
REACTOME_PI_METABOLISM,0.504911032800003,0.4765181646293954,0.028392868170607655
REACTOME_PKA_ACTIVATION_IN_GLUCAGON_SIGNALLING,0.49673714666382857,0.4967038053154322,3.334134839638736e-05
REACTOME_PKA_MEDIATED_PHOSPHORYLATION_OF_CREB,0.5028946203159511,0.4967038053154322,0.006190815000518934
REACTOME_PKA_MEDIATED_PHOSPHORYLATION_OF_KEY_METABOLIC_FACTORS,0.49916860145033226,0.49916860145033226,0.0
REACTOME_PKMTS_METHYLATE_HISTONE_LYSINES,0.5045328630725021,0.47744145719102266,0.027091405881479458
REACTOME_PLASMA_LIPOPROTEIN_ASSEMBLY,0.5010413012257792,0.4985526898420244,0.0024886113837547796
REACTOME_PLASMA_LIPOPROTEIN_ASSEMBLY_REMODELING_AND_CLEARANCE,0.4986977986169418,0.4810621962323947,0.01763560238454709
REACTOME_PLASMA_LIPOPROTEIN_CLEARANCE,0.4857078943115389,0.48711282975086284,-0.0014049354393239621
REACTOME_PLASMA_LIPOPROTEIN_REMODELING,0.4918831062179808,0.4914677354293381,0.0004153707886427327
REACTOME_PLATELET_ACTIVATION_SIGNALING_AND_AGGREGATION,0.45718823047116747,0.41760186685272127,0.039586363618446196
REACTOME_PLATELET_ADHESION_TO_EXPOSED_COLLAGEN,0.5083062660711869,0.4776269697674449,0.030679296303742
REACTOME_PLATELET_AGGREGATION_PLUG_FORMATION,0.49344448320581497,0.4934500674710636,-5.5842652486592925e-06
REACTOME_PLATELET_CALCIUM_HOMEOSTASIS,0.49809182371591454,0.4933417491495492,0.0047500745663653365
REACTOME_PLATELET_HOMEOSTASIS,0.5114628541245383,0.4881807383581208,0.023282115766417477
REACTOME_PLATELET_SENSITIZATION_BY_LDL,0.49960844446021174,0.5003915555397882,-0.0007831110795764595
REACTOME_POLB_DEPENDENT_LONG_PATCH_BASE_EXCISION_REPAIR,0.5049702424359483,0.49484202770583935,0.010128214730108998
REACTOME_POLO_LIKE_KINASE_MEDIATED_EVENTS,0.5011019069280366,0.49897742248711346,0.0021244844409231134
REACTOME_POLYMERASE_SWITCHING,0.5068863023886202,0.4986864658433489,0.008199836545271288
REACTOME_POLYMERASE_SWITCHING_ON_THE_C_STRAND_OF_THE_TELOMERE,0.5049716385022607,0.4978771579900324,0.007094480512228274
REACTOME_POSITIVE_EPIGENETIC_REGULATION_OF_RRNA_EXPRESSION,0.42696733664710207,0.40917291118915944,0.01779442545794263
REACTOME_POSTMITOTIC_NUCLEAR_PORE_COMPLEX_NPC_REFORMATION,0.5227801888664205,0.5140298094648698,0.008750379401550767
REACTOME_POST_CHAPERONIN_TUBULIN_FOLDING_PATHWAY,0.4762530762731796,0.47838987894626883,-0.002136802673089244
REACTOME_POST_TRANSLATIONAL_MODIFICATION_SYNTHESIS_OF_GPI_ANCHORED_PROTEINS,0.6925751116524563,0.6204559683970006,0.07211914325545576
REACTOME_POST_TRANSLATIONAL_PROTEIN_MODIFICATION,0.49822305394925814,0.43088190658641096,0.06734114736284719
REACTOME_POTASSIUM_CHANNELS,0.49501259416056664,0.48779082524928824,0.007221768911278403
REACTOME_POTENTIAL_THERAPEUTICS_FOR_SARS,0.5303898178478373,0.49930911141857415,0.031080706429263194
REACTOME_POU5F1_OCT4_SOX2_NANOG_ACTIVATE_GENES_RELATED_TO_PROLIFERATION,0.5006115591662758,0.4993864699165776,0.0012250892496981636
REACTOME_POU5F1_OCT4_SOX2_NANOG_REPRESS_GENES_RELATED_TO_DIFFERENTIATION,0.4999095020543526,0.49302180359942027,0.006887698454932312
REACTOME_PP2A_MEDIATED_DEPHOSPHORYLATION_OF_KEY_METABOLIC_FACTORS,,,
REACTOME_PRC2_METHYLATES_HISTONES_AND_DNA,0.516506513224197,0.48351336019036434,0.03299315303383271
REACTOME_PREGNENOLONE_BIOSYNTHESIS,0.5020344792245623,0.4979655207754376,0.004068958449124749
REACTOME_PRESYNAPTIC_DEPOLARIZATION_AND_CALCIUM_CHANNEL_OPENING,0.4997977346278317,0.5002022653721683,-0.0004045307443365509
REACTOME_PRESYNAPTIC_FUNCTION_OF_KAINATE_RECEPTORS,0.49717469027037037,0.4971078433304821,6.68469398882876e-05
REACTOME_PRESYNAPTIC_NICOTINIC_ACETYLCHOLINE_RECEPTORS,0.5018230983605911,0.5001980771732318,0.001625021187359299
REACTOME_PREVENTION_OF_PHAGOSOMAL_LYSOSOMAL_FUSION,0.4699625657136625,0.5515775877813649,-0.08161502206770238
REACTOME_PRE_NOTCH_EXPRESSION_AND_PROCESSING,0.4680488872858763,0.4679953440367273,5.3543249148968464e-05
REACTOME_PRE_NOTCH_PROCESSING_IN_GOLGI,0.49959661895733226,0.5008079117870045,-0.0012112928296721948
REACTOME_PRE_NOTCH_PROCESSING_IN_THE_ENDOPLASMIC_RETICULUM,,,
REACTOME_PROCESSING_AND_ACTIVATION_OF_SUMO,0.49740528757652086,0.4974199052120247,-1.46176355038663e-05
REACTOME_PROCESSING_OF_CAPPED_INTRONLESS_PRE_MRNA,0.5065888581425814,0.4868668757152787,0.019721982427302664
REACTOME_PROCESSING_OF_CAPPED_INTRON_CONTAINING_PRE_MRNA,0.5057532713939772,0.4439164028922552,0.06183686850172199
REACTOME_PROCESSING_OF_DNA_DOUBLE_STRAND_BREAK_ENDS,0.45489695716671463,0.5340172908561269,-0.07912033368941229
REACTOME_PROCESSING_OF_INTRONLESS_PRE_MRNAS,0.49492710562933356,0.4868668757152787,0.008060229914054862
REACTOME_PROCESSING_OF_SMDT1,0.4904728328780515,0.49052539066862705,-5.2557790575558094e-05
REACTOME_PROCESSIVE_SYNTHESIS_ON_THE_C_STRAND_OF_THE_TELOMERE,0.4982651823032664,0.4942348209815956,0.004030361321670783
REACTOME_PROCESSIVE_SYNTHESIS_ON_THE_LAGGING_STRAND,0.5037107442577329,0.49337755414437884,0.01033319011335404
REACTOME_PROGRAMMED_CELL_DEATH,0.5986403792307379,0.5629628370432564,0.035677542187481426
REACTOME_PROLACTIN_RECEPTOR_SIGNALING,0.49797907083082055,0.49711925822562275,0.0008598126051977961
REACTOME_PROLONGED_ERK_ACTIVATION_EVENTS,0.5187343065722203,0.4736806187891473,0.045053687783073004
REACTOME_PROPIONYL_COA_CATABOLISM,0.5009608221089601,0.5009608221089601,0.0
REACTOME_PROSTACYCLIN_SIGNALLING_THROUGH_PROSTACYCLIN_RECEPTOR,0.5035499502671907,0.4970899408330673,0.006460009434123448
REACTOME_PROSTANOID_LIGAND_RECEPTORS,0.4924252726763872,0.5046367468304367,-0.012211474154049495
REACTOME_PROTEIN_FOLDING,0.5344122133793741,0.4349033166593743,0.09950889671999974
REACTOME_PROTEIN_LOCALIZATION,0.47246530200363435,0.4891847564012104,-0.01671945439757605
REACTOME_PROTEIN_METHYLATION,0.5151287600171864,0.48522370566586126,0.029905054351325178
REACTOME_PROTEIN_PROTEIN_INTERACTIONS_AT_SYNAPSES,0.5020300446609826,0.4934512992942802,0.008578745366702334
REACTOME_PROTEIN_REPAIR,0.5643713858306826,0.5643713858306826,0.0
REACTOME_PROTEIN_UBIQUITINATION,0.47123512121797423,0.494323101645453,-0.023087980427478783
REACTOME_PROTON_COUPLED_MONOCARBOXYLATE_TRANSPORT,0.4960490502150271,0.503144023456542,-0.007094973241514868
REACTOME_PTEN_REGULATION,0.455899579143492,0.4869180374395421,-0.0310184582960501
REACTOME_PTK6_EXPRESSION,0.49946768812732656,0.49984807513661733,-0.0003803870092907724
REACTOME_PTK6_PROMOTES_HIF1A_STABILIZATION,0.4995939910678035,0.4995939910678035,0.0
REACTOME_PTK6_REGULATES_CELL_CYCLE,0.4996017104932943,0.49958906377493695,1.2646718357378628e-05
REACTOME_PTK6_REGULATES_PROTEINS_INVOLVED_IN_RNA_PROCESSING,0.4995933340954213,0.4995933340954213,0.0
REACTOME_PTK6_REGULATES_RHO_GTPASES_RAS_GTPASE_AND_MAP_KINASES,0.4832002307287007,0.4927668983151286,-0.00956666758642788
REACTOME_PTK6_REGULATES_RTKS_AND_THEIR_EFFECTORS_AKT1_AND_DOK1,0.5154567534789973,0.5511227986497904,-0.03566604517079308
REACTOME_PURINERGIC_SIGNALING_IN_LEISHMANIASIS_INFECTION,0.4594916577646909,0.5263517371006757,-0.06686007933598481
REACTOME_PURINE_CATABOLISM,0.5160456470980873,0.48313888593251314,0.03290676116557417
REACTOME_PURINE_RIBONUCLEOSIDE_MONOPHOSPHATE_BIOSYNTHESIS,0.49293754689140373,0.5069864085553571,-0.014048861663953416
REACTOME_PURINE_SALVAGE,0.4945249564098824,0.49679660266441716,-0.0022716462545347427
REACTOME_PYRIMIDINE_CATABOLISM,0.3942981531192392,0.5839780696049099,-0.18967991648567073
REACTOME_PYRIMIDINE_SALVAGE,0.5976325014749031,0.5975672148444224,6.528663048066541e-05
REACTOME_PYROPTOSIS,0.49065974152078595,0.5170825137602866,-0.026422772239500625
REACTOME_PYRUVATE_METABOLISM,0.5010215920543132,0.48690867558309575,0.01411291647121743
REACTOME_PYRUVATE_METABOLISM_AND_CITRIC_ACID_TCA_CYCLE,0.5232594502192317,0.47740277794202085,0.04585667227721085
REACTOME_RAB_GEFS_EXCHANGE_GTP_FOR_GDP_ON_RABS,0.4977748345415054,0.4869142598483445,0.010860574693160874
REACTOME_RAB_GERANYLGERANYLATION,0.5166257537115654,0.48540297700465274,0.031222776706912647
REACTOME_RAB_REGULATION_OF_TRAFFICKING,0.4722837312615053,0.4672232372445527,0.005060494016952577
REACTOME_RAC1_GTPASE_CYCLE,0.4828682954325967,0.5077934991268838,-0.02492520369428708
REACTOME_RAC2_GTPASE_CYCLE,0.4708372423190074,0.47898747744942294,-0.008150235130415517
REACTOME_RAC3_GTPASE_CYCLE,0.5065696417004022,0.5057400498247855,0.0008295918756167087
REACTOME_RAF_ACTIVATION,0.5256351444747966,0.46927808261296305,0.05635706186183359
REACTOME_RAF_INDEPENDENT_MAPK1_3_ACTIVATION,0.487964840809022,0.44523371464010403,0.042731126168918
REACTOME_RAP1_SIGNALLING,0.506870370808352,0.4932501836237808,0.013620187184571142
REACTOME_RAS_ACTIVATION_UPON_CA2_INFLUX_THROUGH_NMDA_RECEPTOR,0.4865484083530096,0.4865628617454179,-1.4453392408297905e-05
REACTOME_RAS_PROCESSING,0.5300636310600776,0.5247383771731005,0.005325253886977133
REACTOME_RAS_SIGNALING_DOWNSTREAM_OF_NF1_LOSS_OF_FUNCTION_VARIANTS,0.5117659647573736,0.4882340352426265,0.023531929514747085
REACTOME_RA_BIOSYNTHESIS_PATHWAY,0.49615498701165595,0.49615400155308265,9.85458573299347e-07
REACTOME_REACTIONS_SPECIFIC_TO_THE_COMPLEX_N_GLYCAN_SYNTHESIS_PATHWAY,0.5188423785290914,0.47826612177377287,0.04057625675531856
REACTOME_RECEPTOR_MEDIATED_MITOPHAGY,0.5094385579719,0.49369799242379453,0.015740565548105434
REACTOME_RECEPTOR_TYPE_TYROSINE_PROTEIN_PHOSPHATASES,,,
REACTOME_RECOGNITION_AND_ASSOCIATION_OF_DNA_GLYCOSYLASE_WITH_SITE_CONTAINING_AN_AFFECTED_PURINE,0.4940498832560077,0.49940158028136816,-0.00535169702536048
REACTOME_RECOGNITION_OF_DNA_DAMAGE_BY_PCNA_CONTAINING_REPLICATION_COMPLEX,0.4552132893687415,0.5276582909257661,-0.0724450015570246
REACTOME_RECRUITMENT_OF_MITOTIC_CENTROSOME_PROTEINS_AND_COMPLEXES,0.5076517573354251,0.48148963888856045,0.02616211844686467
REACTOME_RECRUITMENT_OF_NUMA_TO_MITOTIC_CENTROSOMES,0.49133379518491804,0.4891942003792045,0.0021395948057135183
REACTOME_RECYCLING_OF_BILE_ACIDS_AND_SALTS,,,
REACTOME_RECYCLING_OF_EIF2_GDP,0.4916720538402007,0.4887795686844917,0.0028924851557090014
REACTOME_RECYCLING_PATHWAY_OF_L1,0.5895078061458452,0.42624630945764297,0.16326149668820222
REACTOME_REDUCTION_OF_CYTOSOLIC_CA_LEVELS,0.5023910509849987,0.5023910509849987,0.0
REACTOME_REELIN_SIGNALLING_PATHWAY,0.4813995515506519,0.4813995515506519,0.0
REACTOME_REGULATED_NECROSIS,0.2665122617325413,0.6467762529448787,-0.38026399121233745
REACTOME_REGULATED_PROTEOLYSIS_OF_P75NTR,,,
REACTOME_REGULATION_BY_C_FLIP,0.7996388622815072,0.7616842538173378,0.037954608464169315
REACTOME_REGULATION_OF_BACH1_ACTIVITY,0.4611685797702436,0.5480004552818608,-0.0868318755116172
REACTOME_REGULATION_OF_BETA_CELL_DEVELOPMENT,0.49918256211345396,0.49918256211345396,0.0
REACTOME_REGULATION_OF_CHOLESTEROL_BIOSYNTHESIS_BY_SREBP_SREBF,0.4376235108078526,0.44220490771508947,-0.0045813969072368566
REACTOME_REGULATION_OF_COMMISSURAL_AXON_PATHFINDING_BY_SLIT_AND_ROBO,0.48464663754965065,0.4838313348233467,0.0008153027263039236
REACTOME_REGULATION_OF_CYTOSKELETAL_REMODELING_AND_CELL_SPREADING_BY_IPP_COMPLEX_COMPONENTS,,,
REACTOME_REGULATION_OF_EXPRESSION_OF_SLITS_AND_ROBOS,0.53107454731318,0.4469410216183332,0.08413352569484683
REACTOME_REGULATION_OF_FOXO_TRANSCRIPTIONAL_ACTIVITY_BY_ACETYLATION,0.450420675840629,0.5486725380288463,-0.0982518621882173
REACTOME_REGULATION_OF_FZD_BY_UBIQUITINATION,0.4566644592394625,0.5513670281328714,-0.09470256889340894
REACTOME_REGULATION_OF_GENE_EXPRESSION_BY_HYPOXIA_INDUCIBLE_FACTOR,0.5113023064986394,0.5113023064986394,0.0
REACTOME_REGULATION_OF_GENE_EXPRESSION_IN_BETA_CELLS,,,
REACTOME_REGULATION_OF_GENE_EXPRESSION_IN_EARLY_PANCREATIC_PRECURSOR_CELLS,,,
REACTOME_REGULATION_OF_GENE_EXPRESSION_IN_ENDOCRINE_COMMITTED_NEUROG3_PROGENITOR_CELLS,,,
REACTOME_REGULATION_OF_GENE_EXPRESSION_IN_LATE_STAGE_BRANCHING_MORPHOGENESIS_PANCREATIC_BUD_PRECURSOR_CELLS,0.5008174378865461,0.49918256211345396,0.001634875773092126
REACTOME_REGULATION_OF_GLUCOKINASE_BY_GLUCOKINASE_REGULATORY_PROTEIN,0.5038083867780366,0.5089285010386734,-0.005120114260636743
REACTOME_REGULATION_OF_GLYCOLYSIS_BY_FRUCTOSE_2_6_BISPHOSPHATE_METABOLISM,0.5008313985496677,0.49916860145033226,0.001662797099335478
REACTOME_REGULATION_OF_HMOX1_EXPRESSION_AND_ACTIVITY,0.5361075306116281,0.5301187346186341,0.005988795992993956
REACTOME_REGULATION_OF_HSF1_MEDIATED_HEAT_SHOCK_RESPONSE,0.4409794078576525,0.5529070535182842,-0.11192764566063168
REACTOME_REGULATION_OF_IFNA_SIGNALING,0.5812386590142523,0.6098148224794928,-0.0285761634652405
REACTOME_REGULATION_OF_IFNG_SIGNALING,0.3753264331524031,0.6101186722062578,-0.2347922390538547
REACTOME_REGULATION_OF_INNATE_IMMUNE_RESPONSES_TO_CYTOSOLIC_DNA,0.5617799582691143,0.5522048321632655,0.009575126105848764
REACTOME_REGULATION_OF_INSULIN_LIKE_GROWTH_FACTOR_IGF_TRANSPORT_AND_UPTAKE_BY_INSULIN_LIKE_GROWTH_FACTOR_BINDING_PROTEINS_IGFBPS,0.5131524228484483,0.4740251186820608,0.03912730416638749
REACTOME_REGULATION_OF_INSULIN_SECRETION,0.5014001723895529,0.4925206979149011,0.008879474474651816
REACTOME_REGULATION_OF_KIT_SIGNALING,0.4781114868993137,0.5408744400952874,-0.06276295319597369
REACTOME_REGULATION_OF_LIPID_METABOLISM_BY_PPARALPHA,0.48935392678962564,0.46306172781108634,0.026292198978539294
REACTOME_REGULATION_OF_LOCALIZATION_OF_FOXO_TRANSCRIPTION_FACTORS,0.5042759047495162,0.49572409525048383,0.008551809499032392
REACTOME_REGULATION_OF_MECP2_EXPRESSION_AND_ACTIVITY,0.4919627641193218,0.4815106620047907,0.010452102114531125
REACTOME_REGULATION_OF_MRNA_STABILITY_BY_PROTEINS_THAT_BIND_AU_RICH_ELEMENTS,0.559365092035261,0.5641668210551766,-0.0048017290199156015
REACTOME_REGULATION_OF_PLK1_ACTIVITY_AT_G2_M_TRANSITION,0.5141960234775651,0.5080700844997877,0.0061259389777773565
REACTOME_REGULATION_OF_PTEN_GENE_TRANSCRIPTION,0.535573247821808,0.4594079759075088,0.07616527191429923
REACTOME_REGULATION_OF_PTEN_LOCALIZATION,0.4999604174139727,0.5515775877813649,-0.05161717036739222
REACTOME_REGULATION_OF_PTEN_MRNA_TRANSLATION,0.503172437512072,0.4949686591325075,0.008203778379564486
REACTOME_REGULATION_OF_PTEN_STABILITY_AND_ACTIVITY,0.4504777503163322,0.5382462220803163,-0.08776847176398406
REACTOME_REGULATION_OF_PYRUVATE_DEHYDROGENASE_PDH_COMPLEX,0.49878189108186277,0.4919093029917208,0.006872588090141962
REACTOME_REGULATION_OF_RAS_BY_GAPS,0.4718675392573847,0.5178184870714404,-0.045950947814055676
REACTOME_REGULATION_OF_RUNX1_EXPRESSION_AND_ACTIVITY,0.4979682307865142,0.49563023032137765,0.002338000465136547
REACTOME_REGULATION_OF_RUNX2_EXPRESSION_AND_ACTIVITY,0.5021653809717148,0.5280326009405217,-0.02586721996880692
REACTOME_REGULATION_OF_RUNX3_EXPRESSION_AND_ACTIVITY,0.44967755795481873,0.5388783116335355,-0.08920075367871677
REACTOME_REGULATION_OF_SIGNALING_BY_CBL,0.5447125548736182,0.5181199552733202,0.026592599600298028
REACTOME_REGULATION_OF_SIGNALING_BY_NODAL,,,
REACTOME_REGULATION_OF_TLR_BY_ENDOGENOUS_LIGAND,0.6003501498554005,0.44239165211472836,0.1579584977406721
REACTOME_REGULATION_OF_TNFR1_SIGNALING,0.4832637106851302,0.5477647664397484,-0.06450105575461818
REACTOME_REGULATION_OF_TP53_ACTIVITY,0.5135164676697321,0.5062147123709214,0.007301755298810719
REACTOME_REGULATION_OF_TP53_ACTIVITY_THROUGH_ACETYLATION,0.5017361316414981,0.47699290929707894,0.02474322234441917
REACTOME_REGULATION_OF_TP53_ACTIVITY_THROUGH_ASSOCIATION_WITH_CO_FACTORS,,,
REACTOME_REGULATION_OF_TP53_ACTIVITY_THROUGH_METHYLATION,0.5586792128682494,0.5380906838688315,0.020588528999417877
REACTOME_REGULATION_OF_TP53_ACTIVITY_THROUGH_PHOSPHORYLATION,0.4707527392463476,0.516042854965463,-0.0452901157191154
REACTOME_REGULATION_OF_TP53_EXPRESSION_AND_DEGRADATION,0.5168614425536779,0.5702872578892528,-0.05342581533557489
REACTOME_RELAXIN_RECEPTORS,0.4997977346278317,0.5002022653721683,-0.0004045307443365509
REACTOME_RELEASE_OF_APOPTOTIC_FACTORS_FROM_THE_MITOCHONDRIA,,,
REACTOME_RELEASE_OF_HH_NP_FROM_THE_SECRETING_CELL,,,
REACTOME_REMOVAL_OF_AMINOTERMINAL_PROPEPTIDES_FROM_GAMMA_CARBOXYLATED_PROTEINS,0.4997977346278317,0.5002022653721683,-0.0004045307443365509
REACTOME_REPRESSION_OF_WNT_TARGET_GENES,0.47573012625695243,0.49245434370429936,-0.016724217447346923
REACTOME_REPRODUCTION,0.5253560954554592,0.45173051452763024,0.073625580927829
REACTOME_RESOLUTION_OF_ABASIC_SITES_AP_SITES,0.511979070173848,0.47745796362212517,0.03452110655172286
REACTOME_RESOLUTION_OF_AP_SITES_VIA_THE_MULTIPLE_NUCLEOTIDE_PATCH_REPLACEMENT_PATHWAY,0.5005396206904253,0.49364600948405335,0.006893611206371997
REACTOME_RESOLUTION_OF_D_LOOP_STRUCTURES,0.5021933022979581,0.49653135006510596,0.005661952232852152
REACTOME_RESOLUTION_OF_D_LOOP_STRUCTURES_THROUGH_SYNTHESIS_DEPENDENT_STRAND_ANNEALING_SDSA,0.5063228664493402,0.49822338243544917,0.008099484013891045
REACTOME_RESOLUTION_OF_SISTER_CHROMATID_COHESION,0.4862170479077399,0.48267186069032025,0.003545187217419643
REACTOME_RESPIRATORY_ELECTRON_TRANSPORT,0.4875116941084031,0.4604598708129508,0.027051823295452304
REACTOME_RESPIRATORY_ELECTRON_TRANSPORT_ATP_SYNTHESIS_BY_CHEMIOSMOTIC_COUPLING_AND_HEAT_PRODUCTION_BY_UNCOUPLING_PROTEINS,0.5163834951456311,0.4604598708129508,0.05592362433268028
REACTOME_RESPONSE_OF_EIF2AK1_HRI_TO_HEME_DEFICIENCY,0.49718109575109687,0.5027080401594078,-0.005526944408310974
REACTOME_RESPONSE_OF_EIF2AK4_GCN2_TO_AMINO_ACID_DEFICIENCY,0.38186741443263206,0.4459609009456461,-0.06409348651301405
REACTOME_RESPONSE_OF_MTB_TO_PHAGOCYTOSIS,0.5017761248352642,0.5574096137396576,-0.05563348890439335
REACTOME_RESPONSE_TO_ELEVATED_PLATELET_CYTOSOLIC_CA2,0.5437621622012254,0.44240906188285656,0.10135310031836886
REACTOME_RESPONSE_TO_METAL_IONS,0.5035713839911597,0.4999220666511621,0.0036493173399976264
REACTOME_RETINOID_CYCLE_DISEASE_EVENTS,0.496730412696911,0.496730412696911,0.0
REACTOME_RETROGRADE_NEUROTROPHIN_SIGNALLING,0.4997983094786662,0.5002016905213339,-0.00040338104266768315
REACTOME_RETROGRADE_TRANSPORT_AT_THE_TRANS_GOLGI_NETWORK,0.5047472824337411,0.4826240659495156,0.022123216484225494
REACTOME_RET_SIGNALING,0.48349430799128057,0.47734898832822864,0.006145319663051929
REACTOME_REVERSIBLE_HYDRATION_OF_CARBON_DIOXIDE,0.5064091761960511,0.4946789343119594,0.011730241884091663
REACTOME_RHOA_GTPASE_CYCLE,0.4474043513908762,0.4780294474730872,-0.03062509608221098
REACTOME_RHOBTB1_GTPASE_CYCLE,0.5079187344872397,0.48537981872818026,0.02253891575905942
REACTOME_RHOBTB2_GTPASE_CYCLE,0.4621489468075741,0.5350173670649234,-0.0728684202573493
REACTOME_RHOBTB3_ATPASE_CYCLE,0.5005944778843388,0.5009926031479489,-0.00039812526361016065
REACTOME_RHOBTB_GTPASE_CYCLE,0.4603875217293616,0.5295001951207975,-0.0691126733914359
REACTOME_RHOB_GTPASE_CYCLE,0.4829527985052565,0.46616444412909774,0.016788354376158776
REACTOME_RHOC_GTPASE_CYCLE,0.5335266146081751,0.46424838417642594,0.06927823043174913
REACTOME_RHOD_GTPASE_CYCLE,0.48186961529011246,0.48408082008548525,-0.00221120479537279
REACTOME_RHOF_GTPASE_CYCLE,0.3970392061408522,0.4216257405721178,-0.024586534431265628
REACTOME_RHOG_GTPASE_CYCLE,0.5006396447356146,0.5121450378219,-0.011505393086285398
REACTOME_RHOH_GTPASE_CYCLE,0.4855559694481564,0.46175205336718056,0.023803916080975818
REACTOME_RHOJ_GTPASE_CYCLE,0.4938556657955212,0.4836105099813814,0.010245155814139817
REACTOME_RHOQ_GTPASE_CYCLE,0.5023189482660528,0.4848766600049667,0.017442288261086125
REACTOME_RHOT1_GTPASE_CYCLE,0.5020202721967973,0.5020380104511166,-1.7738254319277225e-05
REACTOME_RHOU_GTPASE_CYCLE,0.4938704476741207,0.48111615008928255,0.012754297584838148
REACTOME_RHOV_GTPASE_CYCLE,0.48462183684222293,0.4801253536153847,0.0044964832268382104
REACTOME_RHO_GTPASES_ACTIVATE_CIT,0.49858332117934423,0.49978344547851894,-0.0012001242991747096
REACTOME_RHO_GTPASES_ACTIVATE_FORMINS,0.4542153483201873,0.4325332066690581,0.021682141651129194
REACTOME_RHO_GTPASES_ACTIVATE_IQGAPS,0.41779041792641114,0.423000044674122,-0.00520962674771086
REACTOME_RHO_GTPASES_ACTIVATE_KTN1,0.5036866005226872,0.4963066655103952,0.007379935012292005
REACTOME_RHO_GTPASES_ACTIVATE_NADPH_OXIDASES,0.4550309795326824,0.4565707585534519,-0.0015397790207695161
REACTOME_RHO_GTPASES_ACTIVATE_PAKS,0.49959711168661897,0.5008024917648511,-0.0012053800782321766
REACTOME_RHO_GTPASES_ACTIVATE_PKNS,0.5016168090325819,0.5016168090325819,0.0
REACTOME_RHO_GTPASES_ACTIVATE_RHOTEKIN_AND_RHOPHILINS,0.4987811519879327,0.4987811519879327,0.0
REACTOME_RHO_GTPASES_ACTIVATE_ROCKS,0.49939648874540615,0.5006035112545938,-0.0012070225091876385
REACTOME_RHO_GTPASES_ACTIVATE_WASPS_AND_WAVES,0.41506849922542954,0.4144809195511039,0.0005875796743256556
REACTOME_RHO_GTPASE_CYCLE,0.5405247665448639,0.46276296962028307,0.07776179692458085
REACTOME_RHO_GTPASE_EFFECTORS,0.4668515551193259,0.4420768802221092,0.024774674897216686
REACTOME_RIPK1_MEDIATED_REGULATED_NECROSIS,0.26204920197564735,0.68693656406072,-0.42488736208507266
REACTOME_RIP_MEDIATED_NFKB_ACTIVATION_VIA_ZBP1,0.5175516741627215,0.5070824086447053,0.010469265518016191
REACTOME_RMTS_METHYLATE_HISTONE_ARGININES,0.507690354462879,0.48321895444159313,0.024471400021285894
REACTOME_RNA_POLYMERASE_III_CHAIN_ELONGATION,0.5058780961465942,0.4997015702953879,0.00617652585120626
REACTOME_RNA_POLYMERASE_III_TRANSCRIPTION,0.49568902934958425,0.4936226869644854,0.0020663423850988405
REACTOME_RNA_POLYMERASE_III_TRANSCRIPTION_INITIATION_FROM_TYPE_1_PROMOTER,0.5118989195432204,0.48915190778210066,0.022747011761119762
REACTOME_RNA_POLYMERASE_III_TRANSCRIPTION_INITIATION_FROM_TYPE_3_PROMOTER,0.5097563683617867,0.5010066459326183,0.008749722429168383
REACTOME_RNA_POLYMERASE_III_TRANSCRIPTION_TERMINATION,0.49739526874769235,0.4997015702953879,-0.002306301547695566
REACTOME_RNA_POLYMERASE_II_TRANSCRIBES_SNRNA_GENES,0.5075338307928211,0.48210242987805285,0.025431400914768254
REACTOME_RNA_POLYMERASE_II_TRANSCRIPTION,0.5612779492475695,0.4369746684588873,0.12430328078868214
REACTOME_RNA_POLYMERASE_II_TRANSCRIPTION_TERMINATION,0.5310049082406674,0.45739509465001116,0.07360981359065621
REACTOME_RNA_POLYMERASE_I_PROMOTER_ESCAPE,0.5097952939754319,0.4916497167792061,0.01814557719622578
REACTOME_RNA_POLYMERASE_I_TRANSCRIPTION,0.4856123048299295,0.4700460012062013,0.015566303623728184
REACTOME_RNA_POLYMERASE_I_TRANSCRIPTION_INITIATION,0.4979157551174864,0.4700460012062013,0.0278697539112851
REACTOME_RNA_POLYMERASE_I_TRANSCRIPTION_TERMINATION,0.5066959446408792,0.48912965284265375,0.017566291798225442
REACTOME_RND1_GTPASE_CYCLE,0.5043930100766425,0.4959919757393239,0.008401034337318591
REACTOME_RND2_GTPASE_CYCLE,0.4935592070080559,0.4931361167939222,0.0004230902141336701
REACTOME_RND3_GTPASE_CYCLE,0.5010953372042146,0.49270596412668005,0.008389373077534568
REACTOME_ROBO_RECEPTORS_BIND_AKAP5,0.4991511916822041,0.49833539622661344,0.0008157954555906843
REACTOME_ROLE_OF_ABL_IN_ROBO_SLIT_SIGNALING,0.499171229339861,0.4991477425771976,2.34867626634494e-05
REACTOME_ROLE_OF_LAT2_NTAL_LAB_ON_CALCIUM_MOBILIZATION,0.49766914410951996,0.4719100782191318,0.025759065890388178
REACTOME_ROLE_OF_PHOSPHOLIPIDS_IN_PHAGOCYTOSIS,0.5284049400381308,0.4669630761812035,0.06144186385692729
REACTOME_ROLE_OF_SECOND_MESSENGERS_IN_NETRIN_1_SIGNALING,0.49919290942847344,0.5008074190577178,-0.0016145096292443095
REACTOME_RORA_ACTIVATES_GENE_EXPRESSION,0.5052308962285843,0.49477764441238425,0.010453251816200049
REACTOME_ROS_AND_RNS_PRODUCTION_IN_PHAGOCYTES,0.5149913706677599,0.5098486729814852,0.005142697686274733
REACTOME_RRNA_MODIFICATION_IN_THE_MITOCHONDRION,0.498776717424353,0.498776717424353,0.0
REACTOME_RRNA_MODIFICATION_IN_THE_NUCLEUS_AND_CYTOSOL,0.48000406008932195,0.4519440305518436,0.028060029537478326
REACTOME_RRNA_PROCESSING,0.47835243152048373,0.4331860729738643,0.045166358546619434
REACTOME_RRNA_PROCESSING_IN_THE_MITOCHONDRION,0.5012232825756471,0.498776717424353,0.0024465651512941
REACTOME_RSK_ACTIVATION,0.5000013139447644,0.4999986860552356,2.6278895288167625e-06
REACTOME_RUNX1_AND_FOXP3_CONTROL_THE_DEVELOPMENT_OF_REGULATORY_T_LYMPHOCYTES_TREGS,0.4939531440727295,0.5072303916737948,-0.0132772476010653
REACTOME_RUNX1_INTERACTS_WITH_CO_FACTORS_WHOSE_PRECISE_EFFECT_ON_RUNX1_TARGETS_IS_NOT_KNOWN,0.4928428607468198,0.49572532707370054,-0.002882466326880717
REACTOME_RUNX1_REGULATES_ESTROGEN_RECEPTOR_MEDIATED_TRANSCRIPTION,0.500402888313381,0.500402888313381,0.0
REACTOME_RUNX1_REGULATES_EXPRESSION_OF_COMPONENTS_OF_TIGHT_JUNCTIONS,0.5012119498020543,0.5012119498020543,0.0
REACTOME_RUNX1_REGULATES_GENES_INVOLVED_IN_MEGAKARYOCYTE_DIFFERENTIATION_AND_PLATELET_FUNCTION,0.543677166399279,0.45809049991656453,0.08558666648271446
REACTOME_RUNX1_REGULATES_TRANSCRIPTION_OF_GENES_INVOLVED_IN_BCR_SIGNALING,0.5099574840322862,0.489854621866406,0.020102862165880253
REACTOME_RUNX1_REGULATES_TRANSCRIPTION_OF_GENES_INVOLVED_IN_DIFFERENTIATION_OF_HSCS,0.5288021619647153,0.5336084076697584,-0.004806245705043066
REACTOME_RUNX1_REGULATES_TRANSCRIPTION_OF_GENES_INVOLVED_IN_DIFFERENTIATION_OF_KERATINOCYTES,0.50874044269427,0.5374457833541593,-0.028705340659889278
REACTOME_RUNX1_REGULATES_TRANSCRIPTION_OF_GENES_INVOLVED_IN_DIFFERENTIATION_OF_MYELOID_CELLS,0.4749254172103113,0.47458888310753194,0.00033653410277934004
REACTOME_RUNX1_REGULATES_TRANSCRIPTION_OF_GENES_INVOLVED_IN_INTERLEUKIN_SIGNALING,,,
REACTOME_RUNX1_REGULATES_TRANSCRIPTION_OF_GENES_INVOLVED_IN_WNT_SIGNALING,0.4995964547142367,0.5004035452857633,-0.0008070905715265586
REACTOME_RUNX2_REGULATES_BONE_DEVELOPMENT,0.5038152028665019,0.502905953089544,0.0009092497769579433
REACTOME_RUNX2_REGULATES_CHONDROCYTE_MATURATION,0.5005930818180265,0.5005930818180265,0.0
REACTOME_RUNX2_REGULATES_GENES_INVOLVED_IN_CELL_MIGRATION,,,
REACTOME_RUNX2_REGULATES_OSTEOBLAST_DIFFERENTIATION,0.5012222971170738,0.5023320877136966,-0.0011097905966228616
REACTOME_RUNX3_REGULATES_BCL2L11_BIM_TRANSCRIPTION,0.49442189386742563,0.49456248595721536,-0.00014059208978972615
REACTOME_RUNX3_REGULATES_CDKN1A_TRANSCRIPTION,0.4990062471503823,0.5009937528496178,-0.0019875056992355034
REACTOME_RUNX3_REGULATES_IMMUNE_RESPONSE_AND_CELL_MIGRATION,0.5061224898727708,0.5020515605064994,0.004070929366271403
REACTOME_RUNX3_REGULATES_NOTCH_SIGNALING,0.49918256211345396,0.49918256211345396,0.0
REACTOME_RUNX3_REGULATES_P14_ARF,0.4894094409559211,0.4894048421492458,4.598806675304434e-06
REACTOME_RUNX3_REGULATES_WNT_SIGNALING,0.5175139803722932,0.494398078618571,0.023115901753722246
REACTOME_RUNX3_REGULATES_YAP1_MEDIATED_TRANSCRIPTION,,,
REACTOME_SARS_COV_1_INFECTION,0.5546517258007508,0.5542813576202883,0.0003703681804625436
REACTOME_SARS_COV_2_INFECTION,0.5036225457154233,0.5087783007277941,-0.005155755012370755
REACTOME_SARS_COV_INFECTIONS,0.46264947764125897,0.49825573832527226,-0.03560626068401329
REACTOME_SCAVENGING_BY_CLASS_A_RECEPTORS,0.38955128129323696,0.3907113302770978,-0.0011600489838608508
REACTOME_SCAVENGING_BY_CLASS_B_RECEPTORS,0.5002030044660983,0.4997969955339017,0.00040600893219661094
REACTOME_SCAVENGING_BY_CLASS_F_RECEPTORS,0.4899112857343703,0.5101419290285875,-0.020230643294217143
REACTOME_SCAVENGING_OF_HEME_FROM_PLASMA,0.5020082824508224,0.5020086109370134,-3.284861910257675e-07
REACTOME_SCF_SKP2_MEDIATED_DEGRADATION_OF_P27_P21,0.4613072830644346,0.5289780663200481,-0.06767078325561349
REACTOME_SEALING_OF_THE_NUCLEAR_ENVELOPE_NE_BY_ESCRT_III,0.4830203024175271,0.4865103039548424,-0.0034900015373153237
REACTOME_SELECTIVE_AUTOPHAGY,0.4759842924473141,0.4949406556847163,-0.018956363237402185
REACTOME_SELENOAMINO_ACID_METABOLISM,0.4697299153688177,0.43708421860361835,0.03264569676519935
REACTOME_SEMA3A_PAK_DEPENDENT_AXON_REPULSION,0.47737346054946544,0.5256699640110529,-0.04829650346158748
REACTOME_SEMA3A_PLEXIN_REPULSION_SIGNALING_BY_INHIBITING_INTEGRIN_ADHESION,0.48355507793663377,0.47787932928375565,0.005675748652878121
REACTOME_SEMA4D_INDUCED_CELL_MIGRATION_AND_GROWTH_CONE_COLLAPSE,0.504825872754961,0.49483151614772414,0.00999435660723691
REACTOME_SEMA4D_IN_SEMAPHORIN_SIGNALING,0.49524425904683816,0.49483151614772414,0.00041274289911402695
REACTOME_SEMA4D_MEDIATED_INHIBITION_OF_CELL_ATTACHMENT_AND_MIGRATION,0.4952318586931242,0.4952318586931242,0.0
REACTOME_SEMAPHORIN_INTERACTIONS,0.48286410723366013,0.5103687487435403,-0.02750464150988019
REACTOME_SENESCENCE_ASSOCIATED_SECRETORY_PHENOTYPE_SASP,0.4784956514998023,0.4975897325728221,-0.019094081073019797
REACTOME_SENSING_OF_DNA_DOUBLE_STRAND_BREAKS,,,
REACTOME_SENSORY_PERCEPTION,0.4192381386921257,0.42999146264389343,-0.010753323951767757
REACTOME_SENSORY_PERCEPTION_OF_SALTY_TASTE,,,
REACTOME_SENSORY_PERCEPTION_OF_TASTE,0.5012165486087297,0.4991791130084473,0.0020374356002823557
REACTOME_SENSORY_PROCESSING_OF_SOUND,0.5811822415109313,0.41238575250273635,0.168796489008195
REACTOME_SENSORY_PROCESSING_OF_SOUND_BY_OUTER_HAIR_CELLS_OF_THE_COCHLEA,0.4132395702349465,0.41264459962132105,0.0005949706136254562
REACTOME_SEPARATION_OF_SISTER_CHROMATIDS,0.4746421799920375,0.4927990899618562,-0.01815690996981867
REACTOME_SERINE_BIOSYNTHESIS,0.49452889824417556,0.5050650928236279,-0.010536194579452318
REACTOME_SEROTONIN_AND_MELATONIN_BIOSYNTHESIS,,,
REACTOME_SEROTONIN_NEUROTRANSMITTER_RELEASE_CYCLE,0.4995885710456504,0.4995885710456504,0.0
REACTOME_SEROTONIN_RECEPTORS,,,
REACTOME_SHC1_EVENTS_IN_EGFR_SIGNALING,0.4881772071315666,0.48777119819937004,0.00040600893219655543
REACTOME_SHC1_EVENTS_IN_ERBB2_SIGNALING,0.5116293966234248,0.4875544794347935,0.02407491718863125
REACTOME_SHC1_EVENTS_IN_ERBB4_SIGNALING,0.5119885141518421,0.48801148584815784,0.023977028303684256
REACTOME_SHC_MEDIATED_CASCADE_FGFR1,0.5113014031616139,0.4866593545640529,0.024642048597560973
REACTOME_SHC_MEDIATED_CASCADE_FGFR3,0.5119885141518421,0.48801148584815784,0.023977028303684256
REACTOME_SHC_MEDIATED_CASCADE_FGFR4,0.4880551745115739,0.48801148584815784,4.3688663416030504e-05
REACTOME_SHC_RELATED_EVENTS_TRIGGERED_BY_IGF1R,0.4882340352426265,0.4882340352426265,0.0
REACTOME_SIALIC_ACID_METABOLISM,0.5310202649701012,0.4743830043872616,0.05663726058283963
REACTOME_SIGNALING_BY_ACTIVIN,0.5014017326989608,0.5005677062597642,0.0008340264391966112
REACTOME_SIGNALING_BY_ALK,0.4856783305543402,0.502105596484935,-0.016427265930594848
REACTOME_SIGNALING_BY_ALK_IN_CANCER,0.4566529622227741,0.487249644249455,-0.03059668202668092
REACTOME_SIGNALING_BY_BMP,0.49366539016932814,0.49083942346731635,0.002825966702011795
REACTOME_SIGNALING_BY_BRAF_AND_RAF1_FUSIONS,0.42934491969826577,0.4282019519963419,0.0011429677019238471
REACTOME_SIGNALING_BY_CSF3_G_CSF,0.3534830869029928,0.593696497811625,-0.24021341090863224
REACTOME_SIGNALING_BY_CTNNB1_PHOSPHO_SITE_MUTANTS,0.5003915555397882,0.5003915555397882,0.0
REACTOME_SIGNALING_BY_CYTOSOLIC_FGFR1_FUSION_MUTANTS,0.48258259456788954,0.508139148721466,-0.025556554153576494
REACTOME_SIGNALING_BY_EGFR,0.4427109406924752,0.5197435803943674,-0.07703263970189222
REACTOME_SIGNALING_BY_EGFR_IN_CANCER,0.45008438810249296,0.5269424373938169,-0.0768580492913239
REACTOME_SIGNALING_BY_ERBB2,0.4664592604856077,0.5064930222963288,-0.04003376181072105
REACTOME_SIGNALING_BY_ERBB2_ECD_MUTANTS,0.5108035002174578,0.4885460971241691,0.02225740309328872
REACTOME_SIGNALING_BY_ERBB2_IN_CANCER,0.5060541647450225,0.4883127898069421,0.017741374938080423
REACTOME_SIGNALING_BY_ERBB4,0.5514626176144808,0.5086315495219212,0.04283106809255954
REACTOME_SIGNALING_BY_ERYTHROPOIETIN,0.5116286575294947,0.47565104320644563,0.03597761432304908
REACTOME_SIGNALING_BY_FGFR,0.5256806398122637,0.4998387132801711,0.025841926532092552
REACTOME_SIGNALING_BY_FGFR1,0.5369788402335143,0.5183462822589864,0.018632557974527897
REACTOME_SIGNALING_BY_FGFR1_IN_DISEASE,0.49862766681514237,0.4993074689876187,-0.0006798021724763181
REACTOME_SIGNALING_BY_FGFR2,0.5021809019442441,0.4998141589373866,0.002366743006857519
REACTOME_SIGNALING_BY_FGFR2_IIIA_TM,0.5111934133262905,0.4846890122683023,0.026504401057988236
REACTOME_SIGNALING_BY_FGFR2_IN_DISEASE,0.5148811635506466,0.4757945916719553,0.0390865718786913
REACTOME_SIGNALING_BY_FGFR3,0.47927202861246115,0.5202254696367075,-0.040953441024246307
REACTOME_SIGNALING_BY_FGFR3_FUSIONS_IN_CANCER,0.4942123196775053,0.4884881193114405,0.005724200366064802
REACTOME_SIGNALING_BY_FGFR4,0.47172776838307273,0.5203036493501887,-0.04857588096711596
REACTOME_SIGNALING_BY_FGFR4_IN_DISEASE,0.5121461875235689,0.48879837451893193,0.023347813004636953
REACTOME_SIGNALING_BY_FGFR_IN_DISEASE,0.5074218170016568,0.4870860581262885,0.02033575887536826
REACTOME_SIGNALING_BY_FLT3_FUSION_PROTEINS,0.493854680336948,0.48264410360717247,0.011210576729775545
REACTOME_SIGNALING_BY_FLT3_ITD_AND_TKD_MUTANTS,0.5008179306158327,0.49102099420944545,0.009796936406387236
REACTOME_SIGNALING_BY_GPCR,0.6385475917363386,0.5320022744383872,0.10654531729795136
REACTOME_SIGNALING_BY_HEDGEHOG,0.5268166271826265,0.5179938165759388,0.008822810606687659
REACTOME_SIGNALING_BY_HIPPO,0.4879311709744346,0.5114749259920611,-0.02354375501762651
REACTOME_SIGNALING_BY_INSULIN_RECEPTOR,0.4746264126548648,0.4847273630311129,-0.010100950376248086
REACTOME_SIGNALING_BY_INTERLEUKINS,0.480268655716251,0.5189231040105536,-0.038654448294302646
REACTOME_SIGNALING_BY_KIT_IN_DISEASE,0.5055488708615667,0.45107814095211063,0.05447072990945612
REACTOME_SIGNALING_BY_LEPTIN,0.4898222659765828,0.5086423895662274,-0.018820123589644633
REACTOME_SIGNALING_BY_LRP5_MUTANTS,0.5004066659045787,0.4995933340954213,0.000813331809157436
REACTOME_SIGNALING_BY_MAPK_MUTANTS,0.5026587672307432,0.49734123276925685,0.005317534461486362
REACTOME_SIGNALING_BY_MEMBRANE_TETHERED_FUSIONS_OF_PDGFRA_OR_PDGFRB,,,
REACTOME_SIGNALING_BY_MET,0.46774544816684993,0.5198422083732444,-0.05209676020639442
REACTOME_SIGNALING_BY_MODERATE_KINASE_ACTIVITY_BRAF_MUTANTS,0.40591547787514115,0.4112355581046084,-0.005320080229467228
REACTOME_SIGNALING_BY_MRAS_COMPLEX_MUTANTS,0.504286498429179,0.4957135015708209,0.008572996858358162
REACTOME_SIGNALING_BY_MST1,0.4978911186531541,0.4978911186531541,0.0
REACTOME_SIGNALING_BY_NODAL,0.49459525245477726,0.49656567687207565,-0.0019704244172983887
REACTOME_SIGNALING_BY_NOTCH,0.5029829009798086,0.5035863301128547,-0.0006034291330461183
REACTOME_SIGNALING_BY_NOTCH1,0.473234863027828,0.5309121108916823,-0.05767724786385431
REACTOME_SIGNALING_BY_NOTCH1_HD_DOMAIN_MUTANTS_IN_CANCER,0.4807727998980379,0.5451398332866884,-0.06436703338865046
REACTOME_SIGNALING_BY_NOTCH1_PEST_DOMAIN_MUTANTS_IN_CANCER,0.48093769996596886,0.5347044018463551,-0.05376670188038629
REACTOME_SIGNALING_BY_NOTCH1_T_7_9_NOTCH1_M1580_K2555_TRANSLOCATION_MUTANT,,,
REACTOME_SIGNALING_BY_NOTCH2,0.5387981610029078,0.5411688458440584,-0.002370684841150661
REACTOME_SIGNALING_BY_NOTCH3,0.4428288672350792,0.5449458621908452,-0.10211699495576598
REACTOME_SIGNALING_BY_NOTCH4,0.5677210416428514,0.5447585429403718,0.022962498702479572
REACTOME_SIGNALING_BY_NTRK2_TRKB,0.49108628083992595,0.4738537310118557,0.017232549828070265
REACTOME_SIGNALING_BY_NTRK3_TRKC,0.5104845401259022,0.48879837451893193,0.02168616560697023
REACTOME_SIGNALING_BY_NTRKS,0.480806962461912,0.413799146461481,0.06700781600043099
REACTOME_SIGNALING_BY_NUCLEAR_RECEPTORS,0.4965394800983356,0.46423368441937435,0.03230579567896125
REACTOME_SIGNALING_BY_PDGF,0.512221821469069,0.4484036885057426,0.06381813296332645
REACTOME_SIGNALING_BY_PDGFRA_TRANSMEMBRANE_JUXTAMEMBRANE_AND_KINASE_DOMAIN_MUTANTS,0.5145748501774483,0.4851203146372132,0.029454535540235083
REACTOME_SIGNALING_BY_PDGFR_IN_DISEASE,0.4910108932590692,0.4851203146372132,0.005890578621855991
REACTOME_SIGNALING_BY_PTK6,0.5289390585848552,0.5284087176293283,0.0005303409555269534
REACTOME_SIGNALING_BY_RECEPTOR_TYROSINE_KINASES,0.44650101436535805,0.43950130211926147,0.006999712246096579
REACTOME_SIGNALING_BY_RETINOIC_ACID,0.49169816849239284,0.4866915462107805,0.005006622281612361
REACTOME_SIGNALING_BY_RHO_GTPASES_MIRO_GTPASES_AND_RHOBTB3,0.49540267151249495,0.44363012717671374,0.05177254433578121
REACTOME_SIGNALING_BY_RNF43_MUTANTS,,,
REACTOME_SIGNALING_BY_ROBO_RECEPTORS,0.43472650896701603,0.4327603548702019,0.00196615409681411
REACTOME_SIGNALING_BY_SCF_KIT,0.5667608765062735,0.4980019827426495,0.06875889376362398
REACTOME_SIGNALING_BY_TGFB_FAMILY_MEMBERS,0.4387502184433171,0.4845014466531856,-0.045751228209868544
REACTOME_SIGNALING_BY_TGF_BETA_RECEPTOR_COMPLEX,0.5418799363262367,0.4884171662941634,0.05346277003207328
REACTOME_SIGNALING_BY_TGF_BETA_RECEPTOR_COMPLEX_IN_CANCER,0.5009877579766302,0.5009902216230635,-2.4636464333038788e-06
REACTOME_SIGNALING_BY_THE_B_CELL_RECEPTOR_BCR,0.5429567140606543,0.47679770637801927,0.066159007682635
REACTOME_SIGNALING_BY_TYPE_1_INSULIN_LIKE_GROWTH_FACTOR_1_RECEPTOR_IGF1R,0.4821742862323553,0.472688918978224,0.009485367254131294
REACTOME_SIGNALING_BY_VEGF,0.5280652031949881,0.4982320051979655,0.029833197997022554
REACTOME_SIGNALING_BY_WNT,0.5171211930092883,0.4818016186485552,0.035319574360733075
REACTOME_SIGNALING_BY_WNT_IN_CANCER,0.49856369412942625,0.5025574292407896,-0.003993735111363361
REACTOME_SIGNALLING_TO_ERKS,0.46719433045973596,0.4618378703846047,0.005356460075131242
REACTOME_SIGNALLING_TO_P38_VIA_RIT_AND_RIN,0.4957135015708209,0.4957135015708209,0.0
REACTOME_SIGNALLING_TO_RAS,0.5138501275183394,0.4861515149126161,0.02769861260572326
REACTOME_SIGNAL_AMPLIFICATION,0.505463218087238,0.4968580295821524,0.008605188505085626
REACTOME_SIGNAL_ATTENUATION,0.5026532650870422,0.49734673491295767,0.005306530174084556
REACTOME_SIGNAL_REGULATORY_PROTEIN_FAMILY_INTERACTIONS,0.5102110753718135,0.5102023704877494,8.704884064125729e-06
REACTOME_SIGNAL_TRANSDUCTION_BY_L1,0.5184684791220747,0.4807311642733163,0.03773731484875842
REACTOME_SIRT1_NEGATIVELY_REGULATES_RRNA_EXPRESSION,0.5052120082725963,0.4894835967135614,0.01572841155903487
REACTOME_SLBP_DEPENDENT_PROCESSING_OF_REPLICATION_DEPENDENT_HISTONE_PRE_MRNAS,,,
REACTOME_SLC_MEDIATED_TRANSMEMBRANE_TRANSPORT,0.5142239448038084,0.4830235051578902,0.031200439645918177
REACTOME_SLC_TRANSPORTER_DISORDERS,0.48854281226225815,0.5037582926338942,-0.015215480371636003
REACTOME_SMAC_XIAP_REGULATED_APOPTOTIC_RESPONSE,0.4861669537635977,0.5138330462364024,-0.02766609247280466
REACTOME_SMAD2_SMAD3_SMAD4_HETEROTRIMER_REGULATES_TRANSCRIPTION,0.5433655151254752,0.5219974883945829,0.02136802673089222
REACTOME_SMALL_INTERFERING_RNA_SIRNA_BIOGENESIS,0.5004174238273371,0.4930762501855947,0.007341173641742416
REACTOME_SMOOTH_MUSCLE_CONTRACTION,0.5631487602274176,0.556014368642971,0.007134391584446509
REACTOME_SNRNP_ASSEMBLY,0.5008984097326517,0.5028578298625482,-0.001959420129896583
REACTOME_SODIUM_CALCIUM_EXCHANGERS,,,
REACTOME_SODIUM_COUPLED_PHOSPHATE_COTRANSPORTERS,,,
REACTOME_SODIUM_COUPLED_SULPHATE_DI_AND_TRI_CARBOXYLATE_TRANSPORTERS,,,
REACTOME_SODIUM_PROTON_EXCHANGERS,,,
REACTOME_SOS_MEDIATED_SIGNALLING,0.49181478109023247,0.48650775818686126,0.005307022903371206
REACTOME_SPERM_MOTILITY_AND_TAXES,0.49428819998764895,0.48949772161977856,0.004790478367870388
REACTOME_SPHINGOLIPID_DE_NOVO_BIOSYNTHESIS,0.49603205105463777,0.492193854154759,0.003838196899878743
REACTOME_SPHINGOLIPID_METABOLISM,0.5166993346183714,0.47304072768888933,0.043658606929482036
REACTOME_SPRY_REGULATION_OF_FGF_SIGNALING,0.4454767122999683,0.5449080862788691,-0.09943137397890078
REACTOME_SRP_DEPENDENT_COTRANSLATIONAL_PROTEIN_TARGETING_TO_MEMBRANE,0.5676560013770141,0.4483271512232169,0.11932885015379718
REACTOME_STABILIZATION_OF_P53,0.5538815899257228,0.538334010014887,0.015547579910835774
REACTOME_STAT3_NUCLEAR_EVENTS_DOWNSTREAM_OF_ALK_SIGNALING,,,
REACTOME_STAT5_ACTIVATION,0.49445901280701954,0.4944659110170327,-6.8982100131509405e-06
REACTOME_STAT5_ACTIVATION_DOWNSTREAM_OF_FLT3_ITD_MUTANTS,0.503802802512788,0.5030154211127272,0.0007873814000607382
REACTOME_STIMULI_SENSING_CHANNELS,0.5638006410736505,0.5136293026763741,0.05017133839727639
REACTOME_STING_MEDIATED_INDUCTION_OF_HOST_IMMUNE_RESPONSES,0.5004060089321964,0.4995939910678035,0.0008120178643929443
REACTOME_STRIATED_MUSCLE_CONTRACTION,0.5068899978582698,0.4939230054646963,0.012966992393573518
REACTOME_SULFIDE_OXIDATION_TO_SULFATE,0.4906639297197224,0.4906639297197224,0.0
REACTOME_SULFUR_AMINO_ACID_METABOLISM,0.5136042556043029,0.4772051934980757,0.036399062106227176
REACTOME_SUMOYLATION,0.5194324218498503,0.4702141040144955,0.0492183178353548
REACTOME_SUMOYLATION_OF_CHROMATIN_ORGANIZATION_PROTEINS,0.48164000344253527,0.5084244389784341,-0.026784435535898876
REACTOME_SUMOYLATION_OF_DNA_DAMAGE_RESPONSE_AND_REPAIR_PROTEINS,0.46121177570437283,0.4767003923439067,-0.015488616639533881
REACTOME_SUMOYLATION_OF_DNA_METHYLATION_PROTEINS,0.500219839383392,0.4997011596876491,0.0005186796957428741
REACTOME_SUMOYLATION_OF_DNA_REPLICATION_PROTEINS,0.5011356588841719,0.5053429100197486,-0.0042072511355767395
REACTOME_SUMOYLATION_OF_IMMUNE_RESPONSE_PROTEINS,0.487454209024961,0.5126006481689522,-0.025146439143991228
REACTOME_SUMOYLATION_OF_INTRACELLULAR_RECEPTORS,0.49862947348919345,0.4989413711276405,-0.0003118976384470229
REACTOME_SUMOYLATION_OF_RNA_BINDING_PROTEINS,0.5049571851098523,0.5109134609699278,-0.005956275860075522
REACTOME_SUMOYLATION_OF_SUMOYLATION_PROTEINS,0.5048015647768198,0.5119719255991917,-0.0071703608223718796
REACTOME_SUMOYLATION_OF_TRANSCRIPTION_COFACTORS,0.5019401215661696,0.49034505174971454,0.011595069816455084
REACTOME_SUMOYLATION_OF_TRANSCRIPTION_FACTORS,0.5035089716148513,0.4952936962185984,0.008215275396252886
REACTOME_SUMOYLATION_OF_UBIQUITINYLATION_PROTEINS,0.5022418361326926,0.5081825088986909,-0.0059406727659983005
REACTOME_SUMO_IS_CONJUGATED_TO_E1_UBA2_SAE1,0.5026346234956975,0.4973653765043024,0.005269246991395138
REACTOME_SUMO_IS_PROTEOLYTICALLY_PROCESSED,0.5002050575047926,0.5002050575047926,0.0
REACTOME_SUMO_IS_TRANSFERRED_FROM_E1_TO_E2_UBE2I_UBC9,0.4973653765043024,0.4973653765043024,0.0
REACTOME_SUPPRESSION_OF_APOPTOSIS,,,
REACTOME_SUPPRESSION_OF_PHAGOSOMAL_MATURATION,0.5181646293953095,0.5599746802843902,-0.04181005088908074
REACTOME_SURFACTANT_METABOLISM,0.5013348857590725,0.4943575105739705,0.006977375185101997
REACTOME_SWITCHING_OF_ORIGINS_TO_A_POST_REPLICATIVE_STATE,0.5352050969231356,0.5058254562344708,0.02937964068866472
REACTOME_SYNAPTIC_ADHESION_LIKE_MOLECULES,0.497127141894209,0.4971332188887443,-6.076994535308966e-06
REACTOME_SYNDECAN_INTERACTIONS,0.46642559065102024,0.46566728027887166,0.000758310372148574
REACTOME_SYNTHESIS_OF_12_EICOSATETRAENOIC_ACID_DERIVATIVES,0.56807531399995,0.43232921674438657,0.13574609725556347
REACTOME_SYNTHESIS_OF_15_EICOSATETRAENOIC_ACID_DERIVATIVES,0.5676711117418046,0.43232888825819543,0.1353422234836092
REACTOME_SYNTHESIS_OF_16_20_HYDROXYEICOSATETRAENOIC_ACIDS_HETE,0.5322833764964189,0.4677166235035812,0.0645667529928377
REACTOME_SYNTHESIS_OF_5_EICOSATETRAENOIC_ACIDS,0.5409848935770437,0.4468754065016615,0.09410948707538219
REACTOME_SYNTHESIS_OF_ACTIVE_UBIQUITIN_ROLES_OF_E1_AND_E2_ENZYMES,0.5446208251047542,0.5291242426750864,0.015496582429667782
REACTOME_SYNTHESIS_OF_BILE_ACIDS_AND_BILE_SALTS,0.5081467039038613,0.5083687605690432,-0.00022205666518193556
REACTOME_SYNTHESIS_OF_BILE_ACIDS_AND_BILE_SALTS_VIA_24_HYDROXYCHOLESTEROL,0.4999370948944048,0.5001057725535334,-0.000168677659128591
REACTOME_SYNTHESIS_OF_BILE_ACIDS_AND_BILE_SALTS_VIA_27_HYDROXYCHOLESTEROL,0.5025989006224156,0.49740109937758437,0.005197801244831268
REACTOME_SYNTHESIS_OF_BILE_ACIDS_AND_BILE_SALTS_VIA_7ALPHA_HYDROXYCHOLESTEROL,0.5047347999584794,0.5001057725535334,0.004629027404945973
REACTOME_SYNTHESIS_OF_DIPHTHAMIDE_EEF2,0.5037472062249447,0.503823907750566,-7.670152562122556e-05
REACTOME_SYNTHESIS_OF_DNA,0.5276007237207763,0.4962233942609521,0.03137732945982419
REACTOME_SYNTHESIS_OF_DOLICHYL_PHOSPHATE,0.5071260973081213,0.4928747239073564,0.014251373400764877
REACTOME_SYNTHESIS_OF_EPOXY_EET_AND_DIHYDROXYEICOSATRIENOIC_ACIDS_DHET,0.4681656641268114,0.46807073161758417,9.493250922720797e-05
REACTOME_SYNTHESIS_OF_GDP_MANNOSE,0.4993899190215842,0.4993899190215842,0.0
REACTOME_SYNTHESIS_OF_GLYCOSYLPHOSPHATIDYLINOSITOL_GPI,0.5044453215025747,0.49997840203293537,0.004466919469639341
REACTOME_SYNTHESIS_OF_IP2_IP_AND_INS_IN_THE_CYTOSOL,0.49413323662699865,0.49537212229672295,-0.001238885669724299
REACTOME_SYNTHESIS_OF_IP3_AND_IP4_IN_THE_CYTOSOL,0.5019346194224688,0.49811153288738047,0.0038230865350882826
REACTOME_SYNTHESIS_OF_KETONE_BODIES,0.5053389681854554,0.4946684227538443,0.010670545431611111
REACTOME_SYNTHESIS_OF_LEUKOTRIENES_LT_AND_EOXINS_EX,0.4961453787905664,0.5038546212094336,-0.007709242418867168
REACTOME_SYNTHESIS_OF_LIPOXINS_LX,0.5046485723333163,0.504795734146928,-0.0001471618136117403
REACTOME_SYNTHESIS_OF_PA,0.4895786934658841,0.5072050982370803,-0.017626404771196147
REACTOME_SYNTHESIS_OF_PC,0.5137263703458435,0.5216745864687339,-0.007948216122890428
REACTOME_SYNTHESIS_OF_PE,0.47278286602887787,0.5181916473845272,-0.0454087813556493
REACTOME_SYNTHESIS_OF_PG,0.4947250866218086,0.4947250866218086,0.0
REACTOME_SYNTHESIS_OF_PI,0.4911996085758547,0.49121866077493836,-1.905219908365785e-05
REACTOME_SYNTHESIS_OF_PIPS_AT_THE_EARLY_ENDOSOME_MEMBRANE,0.5058678309531224,0.4969080416047469,0.008959789348375491
REACTOME_SYNTHESIS_OF_PIPS_AT_THE_ER_MEMBRANE,0.5011608701993385,0.5011608701993385,0.0
REACTOME_SYNTHESIS_OF_PIPS_AT_THE_GOLGI_MEMBRANE,0.4990145414267074,0.5017720187578755,-0.0027574773311680456
REACTOME_SYNTHESIS_OF_PIPS_AT_THE_LATE_ENDOSOME_MEMBRANE,0.4997496935223837,0.5001507751617137,-0.0004010816393300032
REACTOME_SYNTHESIS_OF_PIPS_AT_THE_PLASMA_MEMBRANE,0.4980892779479337,0.4843078040435336,0.013781473904400099
REACTOME_SYNTHESIS_OF_PROSTAGLANDINS_PG_AND_THROMBOXANES_TX,0.49798613328392904,0.4980482171740465,-6.208389011747029e-05
REACTOME_SYNTHESIS_OF_PYROPHOSPHATES_IN_THE_CYTOSOL,0.5081012085663945,0.49200949128000554,0.016091717286388973
REACTOME_SYNTHESIS_OF_SUBSTRATES_IN_N_GLYCAN_BIOSYTHESIS,0.5093952799162229,0.4779340222345733,0.03146125768164959
REACTOME_SYNTHESIS_OF_UDP_N_ACETYL_GLUCOSAMINE,0.49487742209293006,0.49487742209293006,0.0
REACTOME_SYNTHESIS_OF_VERY_LONG_CHAIN_FATTY_ACYL_COAS,0.5015919262036064,0.49676827073043506,0.004823655473171318
REACTOME_SYNTHESIS_OF_WYBUTOSINE_AT_G37_OF_TRNA_PHE,0.5004224332417514,0.4994873972987924,0.0009350359429590172
REACTOME_SYNTHESIS_SECRETION_AND_DEACYLATION_OF_GHRELIN,0.5044369451047017,0.49950160432655744,0.0049353407781442815
REACTOME_SYNTHESIS_SECRETION_AND_INACTIVATION_OF_GLUCAGON_LIKE_PEPTIDE_1_GLP_1,0.495034684856918,0.5097722178205073,-0.014737532963589317
REACTOME_SYNTHESIS_SECRETION_AND_INACTIVATION_OF_GLUCOSE_DEPENDENT_INSULINOTROPIC_POLYPEPTIDE_GIP,0.49025192591453837,0.5097722178205073,-0.019520291905968934
REACTOME_S_PHASE,0.5274847680953187,0.4949718618728706,0.032512906222448124
REACTOME_TACHYKININ_RECEPTORS_BIND_TACHYKININS,,,
REACTOME_TAK1_ACTIVATES_NFKB_BY_PHOSPHORYLATION_AND_ACTIVATION_OF_IKKS_COMPLEX,0.4897780845838803,0.5207070303928563,-0.030928945808975983
REACTOME_TANDEM_PORE_DOMAIN_POTASSIUM_CHANNELS,,,
REACTOME_TBC_RABGAPS,0.5276341471907204,0.47054061928844637,0.057093527902274066
REACTOME_TCF_DEPENDENT_SIGNALING_IN_RESPONSE_TO_WNT,0.4529883702748905,0.4983661918070288,-0.04537782153213832
REACTOME_TCR_SIGNALING,0.560126194540034,0.4543431294485243,0.1057830650915097
REACTOME_TELOMERE_C_STRAND_LAGGING_STRAND_SYNTHESIS,0.5102495903777197,0.4926550487670599,0.017594541610659764
REACTOME_TELOMERE_C_STRAND_SYNTHESIS_INITIATION,0.5021224314022288,0.4972746321940118,0.004847799208216985
REACTOME_TELOMERE_EXTENSION_BY_TELOMERASE,0.5042445343182663,0.49182677083620757,0.012417763482058752
REACTOME_TELOMERE_MAINTENANCE,0.5083056090988047,0.47534152709288413,0.0329640820059206
REACTOME_TERMINAL_PATHWAY_OF_COMPLEMENT,0.5023999201121583,0.5023999201121583,0.0
REACTOME_TERMINATION_OF_O_GLYCAN_BIOSYNTHESIS,0.48975492630740786,0.4972747964371074,-0.0075198701296995685
REACTOME_TERMINATION_OF_TRANSLESION_DNA_SYNTHESIS,0.9483823369033213,0.7394132185471186,0.2089691183562027
REACTOME_TETRAHYDROBIOPTERIN_BH4_SYNTHESIS_RECYCLING_SALVAGE_AND_REGULATION,0.5142053032124635,0.48582869510831506,0.028376608104148437
REACTOME_TFAP2A_ACTS_AS_A_TRANSCRIPTIONAL_REPRESSOR_DURING_RETINOIC_ACID_INDUCED_CELL_DIFFERENTIATION,0.5035008415816217,0.4975353681081955,0.005965473473426186
REACTOME_TFAP2_AP_2_FAMILY_REGULATES_TRANSCRIPTION_OF_CELL_CYCLE_FACTORS,0.4888518356465332,0.5067073595360199,-0.01785552388948669
REACTOME_TFAP2_AP_2_FAMILY_REGULATES_TRANSCRIPTION_OF_GROWTH_FACTORS_AND_THEIR_RECEPTORS,0.5079445206532409,0.49205482237437703,0.015889698278863884
REACTOME_TGF_BETA_RECEPTOR_SIGNALING_ACTIVATES_SMADS,0.4473450596333831,0.5148436340033138,-0.06749857436993068
REACTOME_TGF_BETA_RECEPTOR_SIGNALING_IN_EMT_EPITHELIAL_TO_MESENCHYMAL_TRANSITION,0.4964319008707512,0.5471885195390156,-0.05075661866826442
REACTOME_THE_ACTIVATION_OF_ARYLSULFATASES,0.5044391623864916,0.503972055022751,0.00046710736374055983
REACTOME_THE_CANONICAL_RETINOID_CYCLE_IN_RODS_TWILIGHT_VISION,0.49632243284756794,0.496317669797797,4.76304977092834e-06
REACTOME_THE_CITRIC_ACID_TCA_CYCLE_AND_RESPIRATORY_ELECTRON_TRANSPORT,0.4926720479274492,0.44707594732132655,0.045596100606122625
REACTOME_THE_FATTY_ACID_CYCLING_MODEL,,,
REACTOME_THE_NLRP3_INFLAMMASOME,0.5211885911490053,0.5496543832540368,-0.02846579210503153
REACTOME_THE_PHOTOTRANSDUCTION_CASCADE,0.5018662121731727,0.5046386356260356,-0.002772423452862882
REACTOME_THE_RETINOID_CYCLE_IN_CONES_DAYLIGHT_VISION,,,
REACTOME_THE_ROLE_OF_GTSE1_IN_G2_M_PROGRESSION_AFTER_G2_CHECKPOINT,0.4526773759734688,0.5474120543920575,-0.09473467841858874
REACTOME_THE_ROLE_OF_NEF_IN_HIV_1_REPLICATION_AND_DISEASE_PATHOGENESIS,0.3548516424966527,0.590714828655033,-0.2358631861583803
REACTOME_THROMBIN_SIGNALLING_THROUGH_PROTEINASE_ACTIVATED_RECEPTORS_PARS,0.49737284956514993,0.4947119471741648,0.0026609023909851537
REACTOME_THROMBOXANE_SIGNALLING_THROUGH_TP_RECEPTOR,0.49487150934149027,0.4968580295821524,-0.0019865202406621485
REACTOME_THYROXINE_BIOSYNTHESIS,,,
REACTOME_TICAM1_DEPENDENT_ACTIVATION_OF_IRF3_IRF7,0.5458887818023905,0.5446765035141453,0.0012122782882452166
REACTOME_TICAM1_RIP1_MEDIATED_IKK_COMPLEX_RECRUITMENT,0.5360649095283333,0.5359159410406706,0.00014896848766265958
REACTOME_TICAM1_TRAF6_DEPENDENT_INDUCTION_OF_TAK1_COMPLEX,0.5527744272186286,0.5495766141482945,0.0031978130703340657
REACTOME_TIE2_SIGNALING,0.49114852897313904,0.4713790802912227,0.019769448681916324
REACTOME_TIGHT_JUNCTION_INTERACTIONS,0.49682173185803613,0.49588308256697505,0.0009386492910610778
REACTOME_TLR3_MEDIATED_TICAM1_DEPENDENT_PROGRAMMED_CELL_DEATH,0.5210273865507242,0.5222367084632497,-0.0012093219125254295
REACTOME_TNFR1_INDUCED_NFKAPPAB_SIGNALING_PATHWAY,0.4791213355722952,0.5350707460709766,-0.05594941049868141
REACTOME_TNFR1_INDUCED_PROAPOPTOTIC_SIGNALING,0.5168101987078667,0.5235655172277869,-0.006755318519920173
REACTOME_TNFR1_MEDIATED_CERAMIDE_PRODUCTION,0.5012033270395378,0.5052486344829036,-0.004045307443365731
REACTOME_TNFR2_NON_CANONICAL_NF_KB_PATHWAY,0.5367182685624261,0.5475931324048999,-0.010874863842473825
REACTOME_TNFS_BIND_THEIR_PHYSIOLOGICAL_RECEPTORS,0.6317480097021682,0.575868731005286,0.05587927869688214
REACTOME_TNF_RECEPTOR_SUPERFAMILY_TNFSF_MEMBERS_MEDIATING_NON_CANONICAL_NF_KB_PATHWAY,0.5747267487619356,0.5853199356955432,-0.010593186933607557
REACTOME_TNF_SIGNALING,0.5120444389258764,0.5473530911207555,-0.03530865219487911
REACTOME_TOLL_LIKE_RECEPTOR_9_TLR9_CASCADE,0.4366916776052568,0.4523124278151595,-0.015620750209902723
REACTOME_TOLL_LIKE_RECEPTOR_CASCADES,0.5172923343148501,0.48125238973704026,0.036039944577809846
REACTOME_TOLL_LIKE_RECEPTOR_TLR1_TLR2_CASCADE,0.5515971327097351,0.4749415951552229,0.07665553755451221
REACTOME_TOXICITY_OF_BOTULINUM_TOXIN_TYPE_D_BOTD,0.5004088010648208,0.4995911989351791,0.0008176021296416591
REACTOME_TP53_REGULATES_METABOLIC_GENES,0.4366860933400082,0.4982389855295263,-0.061552892189518094
REACTOME_TP53_REGULATES_TRANSCRIPTION_OF_ADDITIONAL_CELL_CYCLE_GENES_WHOSE_EXACT_ROLE_IN_THE_P53_PATHWAY_REMAIN_UNCERTAIN,0.4978314162879221,0.49260437977208316,0.005227036515838945
REACTOME_TP53_REGULATES_TRANSCRIPTION_OF_CASPASE_ACTIVATORS_AND_CASPASES,0.5008139887815396,0.4991860112184604,0.001627977563079197
REACTOME_TP53_REGULATES_TRANSCRIPTION_OF_CELL_CYCLE_GENES,0.5126729972525416,0.4754551833150038,0.03721781393753776
REACTOME_TP53_REGULATES_TRANSCRIPTION_OF_CELL_DEATH_GENES,0.5481623989740718,0.5467952394467243,0.0013671595273475612
REACTOME_TP53_REGULATES_TRANSCRIPTION_OF_DEATH_RECEPTORS_AND_LIGANDS,0.5256254541321592,0.5256794901105948,-5.4035978435562626e-05
REACTOME_TP53_REGULATES_TRANSCRIPTION_OF_DNA_REPAIR_GENES,0.5090686825207242,0.44644164048631724,0.062627042034407
REACTOME_TP53_REGULATES_TRANSCRIPTION_OF_GENES_INVOLVED_IN_CYTOCHROME_C_RELEASE,0.4400777953846376,0.5361240370427308,-0.09604624165809322
REACTOME_TP53_REGULATES_TRANSCRIPTION_OF_GENES_INVOLVED_IN_G1_CELL_CYCLE_ARREST,0.5012227898463605,0.49877146164529534,0.0024513282010651394
REACTOME_TP53_REGULATES_TRANSCRIPTION_OF_GENES_INVOLVED_IN_G2_CELL_CYCLE_ARREST,0.486387367997824,0.479375501762657,0.00701186623516703
REACTOME_TP53_REGULATES_TRANSCRIPTION_OF_SEVERAL_ADDITIONAL_CELL_DEATH_GENES_WHOSE_SPECIFIC_ROLES_IN_P53_DEPENDENT_APOPTOSIS_REMAIN_UNCERTAIN,0.4962197809128501,0.4962197809128501,0.0
REACTOME_TRAF3_DEPENDENT_IRF_ACTIVATION_PATHWAY,0.49760681385475913,0.49825458862360344,-0.0006477747688443114
REACTOME_TRAF6_MEDIATED_INDUCTION_OF_TAK1_COMPLEX_WITHIN_TLR4_COMPLEX,0.6151202029519083,0.4691181098378987,0.14600209311400958
REACTOME_TRAF6_MEDIATED_IRF7_ACTIVATION,0.49619120261422445,0.5033546652265832,-0.007163462612358784
REACTOME_TRAF6_MEDIATED_IRF7_ACTIVATION_IN_TLR7_8_OR_9_SIGNALING,0.46525519435213986,0.548508869784132,-0.08325367543199219
REACTOME_TRAF6_MEDIATED_NF_KB_ACTIVATION,0.5000709530172771,0.49388580440355445,0.0061851486137226575
REACTOME_TRAFFICKING_AND_PROCESSING_OF_ENDOSOMAL_TLR,0.47321359354695447,0.526868856487011,-0.053655262940056514
REACTOME_TRAFFICKING_OF_AMPA_RECEPTORS,0.4991404337594456,0.49787543343752916,0.001265000321916454
REACTOME_TRAFFICKING_OF_GLUR2_CONTAINING_AMPA_RECEPTORS,,,
REACTOME_TRAFFICKING_OF_MYRISTOYLATED_PROTEINS_TO_THE_CILIUM,,,
REACTOME_TRAIL_SIGNALING,0.7929070305242509,0.7692103651846683,0.02369666533958259
REACTOME_TRANSCRIPTIONAL_ACTIVATION_OF_MITOCHONDRIAL_BIOGENESIS,0.4708566230042821,0.5253524821073571,-0.05449585910307497
REACTOME_TRANSCRIPTIONAL_ACTIVITY_OF_SMAD2_SMAD3_SMAD4_HETEROTRIMER,0.4639194873775896,0.5085336606369741,-0.04461417325938455
REACTOME_TRANSCRIPTIONAL_REGULATION_BY_E2F6,0.4831718987947184,0.47909554940629406,0.004076349388424327
REACTOME_TRANSCRIPTIONAL_REGULATION_BY_MECP2,0.48863873023005855,0.4780056322242325,0.01063309800582607
REACTOME_TRANSCRIPTIONAL_REGULATION_BY_RUNX1,0.5189493007842936,0.5032451150818522,0.015704185702441364
REACTOME_TRANSCRIPTIONAL_REGULATION_BY_RUNX2,0.5210803549490387,0.5115600039155553,0.009520351033483365
REACTOME_TRANSCRIPTIONAL_REGULATION_BY_RUNX3,0.4653863424639355,0.5048882851312696,-0.03950194266733409
REACTOME_TRANSCRIPTIONAL_REGULATION_BY_SMALL_RNAS,0.509897124694672,0.4929960174334191,0.01690110726125288
REACTOME_TRANSCRIPTIONAL_REGULATION_BY_THE_AP_2_TFAP2_FAMILY_OF_TRANSCRIPTION_FACTORS,0.5136026952948952,0.49708197504293317,0.01652072025196205
REACTOME_TRANSCRIPTIONAL_REGULATION_BY_TP53,0.525052984822624,0.4761082138629056,0.04894477095971839
REACTOME_TRANSCRIPTIONAL_REGULATION_BY_VENTX,0.5054874439438314,0.4847827950758606,0.0207046488679708
REACTOME_TRANSCRIPTIONAL_REGULATION_OF_GRANULOPOIESIS,0.4939610277413159,0.49492612017076026,-0.0009650924294443697
REACTOME_TRANSCRIPTIONAL_REGULATION_OF_PLURIPOTENT_STEM_CELLS,0.5141461756980661,0.4795802307812584,0.0345659449168077
REACTOME_TRANSCRIPTIONAL_REGULATION_OF_TESTIS_DIFFERENTIATION,0.5001975844439452,0.4997891118653154,0.0004084725786298593
REACTOME_TRANSCRIPTIONAL_REGULATION_OF_WHITE_ADIPOCYTE_DIFFERENTIATION,0.5145979263323728,0.5070322323790152,0.0075656939533575995
REACTOME_TRANSCRIPTION_COUPLED_NUCLEOTIDE_EXCISION_REPAIR_TC_NER,0.4824681992518399,0.4915464078721059,-0.009078208620265982
REACTOME_TRANSCRIPTION_OF_E2F_TARGETS_UNDER_NEGATIVE_CONTROL_BY_DREAM_COMPLEX,0.5058472184446309,0.504051384437901,0.0017958340067298906
REACTOME_TRANSCRIPTION_OF_E2F_TARGETS_UNDER_NEGATIVE_CONTROL_BY_P107_RBL1_AND_P130_RBL2_IN_COMPLEX_WITH_HDAC1,0.49952665139862856,0.500697704669891,-0.00117105327126249
REACTOME_TRANSCRIPTION_OF_THE_HIV_GENOME,0.49313915529118985,0.47258446036945495,0.020554694921734895
REACTOME_TRANSFERRIN_ENDOCYTOSIS_AND_RECYCLING,0.5221377519981816,0.5127863249884701,0.009351427009711477
REACTOME_TRANSLATION,0.5316948113635199,0.4368642970986786,0.09483051426484135
REACTOME_TRANSLATION_OF_REPLICASE_AND_ASSEMBLY_OF_THE_REPLICATION_TRANSCRIPTION_COMPLEX,0.496012341883172,0.5039876581168281,-0.007975316233656105
REACTOME_TRANSLATION_OF_SARS_COV_1_STRUCTURAL_PROTEINS,0.4807408546159536,0.5387828042734739,-0.0580419496575203
REACTOME_TRANSLATION_OF_SARS_COV_2_STRUCTURAL_PROTEINS,0.440993779128513,0.49267927462365346,-0.051685495495140454
REACTOME_TRANSLESION_SYNTHESIS_BY_POLH,0.5012297701779213,0.5366714592801949,-0.03544168910227363
REACTOME_TRANSLESION_SYNTHESIS_BY_POLK,0.4934264985868524,0.5377328802851786,-0.044306381698326236
REACTOME_TRANSLESION_SYNTHESIS_BY_Y_FAMILY_DNA_POLYMERASES_BYPASSES_LESIONS_ON_DNA_TEMPLATE,0.15180578713832027,0.7352586894452131,-0.5834529023068928
REACTOME_TRANSLOCATION_OF_SLC2A4_GLUT4_TO_THE_PLASMA_MEMBRANE,0.5774183646117884,0.4376188298796294,0.139799534732159
REACTOME_TRANSMISSION_ACROSS_CHEMICAL_SYNAPSES,0.48700295111994085,0.469326862812341,0.01767608830759987
REACTOME_TRANSPORT_AND_SYNTHESIS_OF_PAPS,0.5010876177787238,0.49892387923796466,0.0021637385407591303
REACTOME_TRANSPORT_OF_BILE_SALTS_AND_ORGANIC_ACIDS_METAL_IONS_AND_AMINE_COMPOUNDS,0.49098781710414463,0.493420093106126,-0.0024322760019813705
REACTOME_TRANSPORT_OF_CONNEXONS_TO_THE_PLASMA_MEMBRANE,0.48425549261760126,0.48800581946136146,-0.003750326843760199
REACTOME_TRANSPORT_OF_FATTY_ACIDS,0.49878870717032797,0.501211292829672,-0.0024225856593440565
REACTOME_TRANSPORT_OF_INORGANIC_CATIONS_ANIONS_AND_AMINO_ACIDS_OLIGOPEPTIDES,0.49296776762098476,0.4941752828594591,-0.0012075152384743437
REACTOME_TRANSPORT_OF_MATURE_MRNAS_DERIVED_FROM_INTRONLESS_TRANSCRIPTS,0.5105805402152505,0.5053916080975788,0.005188932117671685
REACTOME_TRANSPORT_OF_MATURE_TRANSCRIPT_TO_CYTOPLASM,0.5237690965447195,0.47187074199774787,0.051898354546971615
REACTOME_TRANSPORT_OF_NUCLEOSIDES_AND_FREE_PURINE_AND_PYRIMIDINE_BASES_ACROSS_THE_PLASMA_MEMBRANE,0.49913682041134355,0.49913682041134355,0.0
REACTOME_TRANSPORT_OF_NUCLEOTIDE_SUGARS,0.4996919620742983,0.4973473918853399,0.0023445701889583948
REACTOME_TRANSPORT_OF_ORGANIC_ANIONS,0.4989444096249082,0.4981277929538398,0.0008166166710684153
REACTOME_TRANSPORT_OF_SMALL_MOLECULES,0.43930232160900423,0.43513645973350573,0.0041658618754985
REACTOME_TRANSPORT_OF_THE_SLBP_DEPENDANT_MATURE_MRNA,0.5148397742905684,0.5089285010386734,0.0059112732518949995
REACTOME_TRANSPORT_OF_VITAMINS_NUCLEOSIDES_AND_RELATED_MOLECULES,0.5013109062671223,0.4962807972228464,0.005030109044275866
REACTOME_TRANSPORT_TO_THE_GOLGI_AND_SUBSEQUENT_MODIFICATION,0.5331636373670124,0.4988672153700003,0.03429642199701216
REACTOME_TRANS_GOLGI_NETWORK_VESICLE_BUDDING,0.39788809658019597,0.4360370867479473,-0.03814899016775131
REACTOME_TRIF_MEDIATED_PROGRAMMED_CELL_DEATH,0.5667959424071731,0.44617022877092294,0.12062571363625019
REACTOME_TRIGLYCERIDE_BIOSYNTHESIS,0.5235732366532774,0.5231785604946738,0.0003946761586035574
REACTOME_TRIGLYCERIDE_CATABOLISM,0.49185378882542546,0.49053146766316236,0.001322321162263107
REACTOME_TRIGLYCERIDE_METABOLISM,0.5169133433718712,0.5121627760762193,0.004750567295651931
REACTOME_TRISTETRAPROLIN_TTP_ZFP36_BINDS_AND_DESTABILIZES_MRNA,0.504060417808156,0.49301950419608254,0.011040913612073489
REACTOME_TRNA_AMINOACYLATION,0.5049086512751176,0.4856524622667911,0.01925618900832654
REACTOME_TRNA_MODIFICATION_IN_THE_MITOCHONDRION,0.5088048259877251,0.4913237763560896,0.017481049631635548
REACTOME_TRNA_MODIFICATION_IN_THE_NUCLEUS_AND_CYTOSOL,0.4912498669630926,0.4907955705608048,0.00045429640228777934
REACTOME_TRNA_PROCESSING,0.5164385987041876,0.4761799880956604,0.0402586106085272
REACTOME_TRNA_PROCESSING_IN_THE_MITOCHONDRION,0.501048199435792,0.49895180056420796,0.002096398871584082
REACTOME_TRNA_PROCESSING_IN_THE_NUCLEUS,0.4832232247620776,0.48990956118186707,-0.006686336419789496
REACTOME_TRP_CHANNELS,0.4989779152164001,0.4993775186678702,-0.00039960345147010967
REACTOME_TRYPTOPHAN_CATABOLISM,0.5595496191531101,0.5559489177693948,0.0036007013837152657
REACTOME_TYPE_I_HEMIDESMOSOME_ASSEMBLY,,,
REACTOME_TYROSINE_CATABOLISM,0.5006127909894924,0.4993872090105076,0.0012255819789848132
REACTOME_TYSND1_CLEAVES_PEROXISOMAL_PROTEINS,0.5053041486491991,0.4946797555274371,0.010624393121762055
REACTOME_UBIQUINOL_BIOSYNTHESIS,0.5065629898550325,0.49338330265272307,0.013179687202309387
REACTOME_UB_SPECIFIC_PROCESSING_PROTEASES,0.5128110435743503,0.5003272543678808,0.01248378920646942
REACTOME_UCH_PROTEINASES,0.5551056115952997,0.4595711514229365,0.09553446017236322
REACTOME_UNBLOCKING_OF_NMDA_RECEPTORS_GLUTAMATE_BINDING_AND_ACTIVATION,0.4989636260670874,0.4989465447851503,1.7081281937059156e-05
REACTOME_UNFOLDED_PROTEIN_RESPONSE_UPR,0.44145037493413847,0.5209195609584965,-0.07946918602435799
REACTOME_UNWINDING_OF_DNA,0.5096378669683483,0.4901786734939237,0.019459193474424652
REACTOME_UPTAKE_AND_ACTIONS_OF_BACTERIAL_TOXINS,0.49217430922638866,0.4805046730445546,0.011669636181834087
REACTOME_UPTAKE_AND_FUNCTION_OF_ANTHRAX_TOXINS,0.5206727035858867,0.4793272964141134,0.04134540717177326
REACTOME_UPTAKE_AND_FUNCTION_OF_DIPHTHERIA_TOXIN,0.4998407663188655,0.500789105952564,-0.0009483396336985028
REACTOME_UREA_CYCLE,0.4964947238547986,0.4964947238547986,0.0
REACTOME_VASOPRESSIN_LIKE_RECEPTORS,0.4979720904992596,0.49878164471721936,-0.0008095542179597515
REACTOME_VASOPRESSIN_REGULATES_RENAL_WATER_HOMEOSTASIS_VIA_AQUAPORINS,0.483806451994371,0.4854406707950811,-0.0016342188007100744
REACTOME_VEGFR2_MEDIATED_CELL_PROLIFERATION,0.4878653094931195,0.4853325167166622,0.0025327927764572933
REACTOME_VEGFR2_MEDIATED_VASCULAR_PERMEABILITY,0.470084680455203,0.5272146703246889,-0.05712998986948592
REACTOME_VEGF_LIGAND_RECEPTOR_INTERACTIONS,,,
REACTOME_VESICLE_MEDIATED_TRANSPORT,0.5139891592987215,0.4636899576515602,0.050299201647161285
REACTOME_VIRAL_MESSENGER_RNA_SYNTHESIS,0.5049532432755592,0.49442378266302434,0.010529460612534902
REACTOME_VISUAL_PHOTOTRANSDUCTION,0.4967080756359164,0.49563556822198296,0.0010725074139334434
REACTOME_VITAMINS,0.4998043864732014,0.5001956135267985,-0.00039122705359712073
REACTOME_VITAMIN_B1_THIAMIN_METABOLISM,0.5002037435600282,0.4997962564399718,0.0004074871200563934
REACTOME_VITAMIN_B2_RIBOFLAVIN_METABOLISM,0.5094893912099724,0.4905106087900277,0.018978782419944662
REACTOME_VITAMIN_B5_PANTOTHENATE_METABOLISM,0.4972775885697317,0.4988773163203765,-0.0015997277506448193
REACTOME_VITAMIN_C_ASCORBATE_METABOLISM,0.5081281444340643,0.49210606622018827,0.016022078213876023
REACTOME_VITAMIN_D_CALCIFEROL_METABOLISM,0.5001956135267985,0.5001956135267985,0.0
REACTOME_VLDLR_INTERNALISATION_AND_DEGRADATION,0.5009533490481127,0.5009533490481127,0.0
REACTOME_VLDL_ASSEMBLY,,,
REACTOME_VLDL_CLEARANCE,0.49428639331359786,0.49428639331359786,0.0
REACTOME_VOLTAGE_GATED_POTASSIUM_CHANNELS,0.5004030525564765,0.5004037095288588,-6.569723822735796e-07
REACTOME_VXPX_CARGO_TARGETING_TO_CILIUM,0.4968792990630261,0.4968792990630261,0.0
REACTOME_WAX_AND_PLASMALOGEN_BIOSYNTHESIS,0.4940705778860468,0.49408963008513046,-1.905219908365785e-05
REACTOME_WNT5A_DEPENDENT_INTERNALIZATION_OF_FZD2_FZD5_AND_ROR2,,,
REACTOME_WNT5A_DEPENDENT_INTERNALIZATION_OF_FZD4,0.4981121077382149,0.4981121077382149,0.0
REACTOME_WNT_LIGAND_BIOGENESIS_AND_TRAFFICKING,0.4979640425875777,0.4979691341235397,-5.091535962009619e-06
REACTOME_WNT_MEDIATED_ACTIVATION_OF_DVL,0.4942330143075445,0.4942041075227279,2.890678481659581e-05
REACTOME_XENOBIOTICS,,,
REACTOME_YAP1_AND_WWTR1_TAZ_STIMULATED_GENE_EXPRESSION,,,
REACTOME_ZBP1_DAI_MEDIATED_INDUCTION_OF_TYPE_I_IFNS,0.4843082967728202,0.5067256726411735,-0.022417375868353295
REACTOME_ZINC_EFFLUX_AND_COMPARTMENTALIZATION_BY_THE_SLC30_FAMILY,0.4929304844382951,0.4929304844382951,0.0
REACTOME_ZINC_INFLUX_INTO_CELLS_BY_THE_SLC39_GENE_FAMILY,0.4944572061329686,0.4947579352409184,-0.0003007291079497598
REACTOME_ZINC_TRANSPORTERS,0.5033027644083898,0.4880585414950326,0.015244222913357253
