,unit_auc,naive_auc,diff
REACTOME_2_LTR_CIRCLE_FORMATION,,,
REACTOME_ABACAVIR_METABOLISM,0.49713855678934976,0.49713855678934976,0.0
REACTOME_ABACAVIR_TRANSMEMBRANE_TRANSPORT,0.4985751911461146,0.4985773263063567,-2.135160242111578e-06
REACTOME_ABACAVIR_TRANSPORT_AND_METABOLISM,0.4959410603797037,0.4959272639596776,1.3796420026079836e-05
REACTOME_ABC_FAMILY_PROTEINS_MEDIATED_TRANSPORT,0.5255390622639006,0.5245701922432585,0.0009688700206420542
REACTOME_ABC_TRANSPORTERS_IN_LIPID_HOMEOSTASIS,0.4963389392786706,0.4964842944182313,-0.0001453551395606545
REACTOME_ABC_TRANSPORTER_DISORDERS,0.5363762323159459,0.5276542669699251,0.008721965346020766
REACTOME_ABERRANT_REGULATION_OF_MITOTIC_EXIT_IN_CANCER_DUE_TO_RB1_DEFECTS,0.49330159171268756,0.4933511931275433,-4.9601414855715564e-05
REACTOME_ABERRANT_REGULATION_OF_MITOTIC_G1_S_TRANSITION_IN_CANCER_DUE_TO_RB1_DEFECTS,0.4991740214724853,0.4993730841042904,-0.00019906263180508033
REACTOME_ABORTIVE_ELONGATION_OF_HIV_1_TRANSCRIPT_IN_THE_ABSENCE_OF_TAT,0.47209288078447764,0.47194062743490395,0.0001522533495736944
REACTOME_ACETYLCHOLINE_BINDING_AND_DOWNSTREAM_EVENTS,0.5001901935046456,0.5001980771732318,-7.883668586283754e-06
REACTOME_ACETYLCHOLINE_INHIBITS_CONTRACTION_OF_OUTER_HAIR_CELLS,,,
REACTOME_ACETYLCHOLINE_NEUROTRANSMITTER_RELEASE_CYCLE,0.4995885710456504,0.4995885710456504,0.0
REACTOME_ACETYLCHOLINE_REGULATES_INSULIN_SECRETION,0.49999786483975783,0.49999786483975783,0.0
REACTOME_ACROSOME_REACTION_AND_SPERM_OOCYTE_MEMBRANE_BINDING,0.4508648712925405,0.45099462333802404,-0.00012975204548354435
REACTOME_ACTIVATED_NOTCH1_TRANSMITS_SIGNAL_TO_THE_NUCLEUS,0.5527147248533966,0.5438221109311007,0.0088926139222959
REACTOME_ACTIVATED_NTRK2_SIGNALS_THROUGH_CDK5,,,
REACTOME_ACTIVATED_NTRK2_SIGNALS_THROUGH_FRS2_AND_FRS3,0.4882340352426265,0.4882340352426265,0.0
REACTOME_ACTIVATED_NTRK2_SIGNALS_THROUGH_FYN,0.4813995515506519,0.4813995515506519,0.0
REACTOME_ACTIVATED_NTRK2_SIGNALS_THROUGH_PI3K,0.49726141062482015,0.49726141062482015,0.0
REACTOME_ACTIVATED_NTRK2_SIGNALS_THROUGH_RAS,0.4882340352426265,0.4882340352426265,0.0
REACTOME_ACTIVATED_NTRK3_SIGNALS_THROUGH_PI3K,0.49726141062482015,0.49726141062482015,0.0
REACTOME_ACTIVATED_NTRK3_SIGNALS_THROUGH_RAS,0.4882340352426265,0.4882340352426265,0.0
REACTOME_ACTIVATED_PKN1_STIMULATES_TRANSCRIPTION_OF_AR_ANDROGEN_RECEPTOR_REGULATED_GENES_KLK2_AND_KLK3,,,
REACTOME_ACTIVATED_TAK1_MEDIATES_P38_MAPK_ACTIVATION,0.5550739947994067,0.5494787252633474,0.005595269536059266
REACTOME_ACTIVATION_OF_AMPK_DOWNSTREAM_OF_NMDARS,0.487299902636693,0.4878617782665653,-0.0005618756298723104
REACTOME_ACTIVATION_OF_ANTERIOR_HOX_GENES_IN_HINDBRAIN_DEVELOPMENT_DURING_EARLY_EMBRYOGENESIS,0.46592735922067313,0.47185883437332066,-0.005931475152647525
REACTOME_ACTIVATION_OF_ATR_IN_RESPONSE_TO_REPLICATION_STRESS,0.4847330294179093,0.48566740838848615,-0.0009343789705768546
REACTOME_ACTIVATION_OF_BAD_AND_TRANSLOCATION_TO_MITOCHONDRIA,0.5050562236964683,0.5050562236964683,0.0
REACTOME_ACTIVATION_OF_BH3_ONLY_PROTEINS,0.543624690730251,0.5406050814185873,0.0030196093116636735
REACTOME_ACTIVATION_OF_C3_AND_C5,0.475272791357397,0.47527287347894476,-8.212154778419745e-08
REACTOME_ACTIVATION_OF_CASPASES_THROUGH_APOPTOSOME_MEDIATED_CLEAVAGE,0.5138330462364024,0.5138330462364024,0.0
REACTOME_ACTIVATION_OF_GENE_EXPRESSION_BY_SREBF_SREBP,0.48824791378420035,0.48647638775561153,0.0017715260285888212
REACTOME_ACTIVATION_OF_IRF3_IRF7_MEDIATED_BY_TBK1_IKK_EPSILON,0.4439268323288226,0.4707943748710692,-0.026867542542246603
REACTOME_ACTIVATION_OF_KAINATE_RECEPTORS_UPON_GLUTAMATE_BINDING,0.4977096300325727,0.4972967228903632,0.0004129071422094843
REACTOME_ACTIVATION_OF_MATRIX_METALLOPROTEINASES,0.45322422336009843,0.45323095732701585,-6.733966917416012e-06
REACTOME_ACTIVATION_OF_NIMA_KINASES_NEK9_NEK6_NEK7,,,
REACTOME_ACTIVATION_OF_NMDA_RECEPTORS_AND_POSTSYNAPTIC_EVENTS,0.4772384527249244,0.4734076467643454,0.003830805960578998
REACTOME_ACTIVATION_OF_NOXA_AND_TRANSLOCATION_TO_MITOCHONDRIA,0.5498821063060152,0.5499307222622976,-4.8615956282360706e-05
REACTOME_ACTIVATION_OF_PPARGC1A_PGC_1ALPHA_BY_PHOSPHORYLATION,0.49936758196058956,0.49936758196058956,0.0
REACTOME_ACTIVATION_OF_PUMA_AND_TRANSLOCATION_TO_MITOCHONDRIA,0.4905763060282472,0.49061917347618544,-4.286744793824404e-05
REACTOME_ACTIVATION_OF_RAC1,0.49771899188901897,0.4976780953582273,4.089653079164535e-05
REACTOME_ACTIVATION_OF_RAC1_DOWNSTREAM_OF_NMDARS,0.49796962685282636,0.49796962685282636,0.0
REACTOME_ACTIVATION_OF_RAS_IN_B_CELLS,0.4882340352426265,0.4882340352426265,0.0
REACTOME_ACTIVATION_OF_SMO,0.49907991017873593,0.4990861514163668,-6.241237630877361e-06
REACTOME_ACTIVATION_OF_THE_AP_1_FAMILY_OF_TRANSCRIPTION_FACTORS,0.45383101947660326,0.4497566410053254,0.00407437847127784
REACTOME_ACTIVATION_OF_THE_MRNA_UPON_BINDING_OF_THE_CAP_BINDING_COMPLEX_AND_EIFS_AND_SUBSEQUENT_BINDING_TO_43S,0.3958034410899435,0.4051605344864513,-0.00935709339650781
REACTOME_ACTIVATION_OF_THE_PHOTOTRANSDUCTION_CASCADE,0.5004030525564764,0.5004030525564764,0.0
REACTOME_ACTIVATION_OF_THE_PRE_REPLICATIVE_COMPLEX,0.4815129614081283,0.4812992811408193,0.00021368026730900214
REACTOME_ACTIVATION_OF_THE_TFAP2_AP_2_FAMILY_OF_TRANSCRIPTION_FACTORS,0.5004425530209561,0.5005672135304775,-0.0001246605095214237
REACTOME_ACTIVATION_OF_TRKA_RECEPTORS,,,
REACTOME_ACYL_CHAIN_REMODELING_OF_CL,,,
REACTOME_ACYL_CHAIN_REMODELING_OF_DAG_AND_TAG,,,
REACTOME_ACYL_CHAIN_REMODELLING_OF_PC,0.5000633978348819,0.4999088450819705,0.00015455275291137438
REACTOME_ACYL_CHAIN_REMODELLING_OF_PE,0.4993215117722881,0.4994814845473526,-0.00015997277506446528
REACTOME_ACYL_CHAIN_REMODELLING_OF_PG,0.49975921962192554,0.49997257140304335,-0.00021335178111780984
REACTOME_ACYL_CHAIN_REMODELLING_OF_PI,0.5030098368474787,0.5030098368474787,0.0
REACTOME_ACYL_CHAIN_REMODELLING_OF_PS,0.5020792354680994,0.5022385512707818,-0.00015931580268235823
REACTOME_ADAPTIVE_IMMUNE_SYSTEM,0.5180665762672669,0.48987309921465527,0.02819347705261166
REACTOME_ADENYLATE_CYCLASE_ACTIVATING_PATHWAY,0.49958955650422365,0.49958955650422365,0.0
REACTOME_ADENYLATE_CYCLASE_INHIBITORY_PATHWAY,0.49958955650422365,0.49958955650422365,0.0
REACTOME_ADHERENS_JUNCTIONS_INTERACTIONS,0.3922926628010412,0.39229381250271,-1.1497016688122308e-06
REACTOME_ADORA2B_MEDIATED_ANTI_INFLAMMATORY_CYTOKINES_PRODUCTION,0.4962632232116226,0.4975720764400506,-0.0013088532284279975
REACTOME_ADP_SIGNALLING_THROUGH_P2Y_PURINOCEPTOR_1,0.4972525414976605,0.4970899408330673,0.00016260066459322653
REACTOME_ADP_SIGNALLING_THROUGH_P2Y_PURINOCEPTOR_12,0.49745472474828106,0.4970899408330673,0.0003647839152137733
REACTOME_ADRENALINE_NORADRENALINE_INHIBITS_INSULIN_SECRETION,0.49735190857046746,0.49731823873588005,3.366983458741313e-05
REACTOME_ADRENOCEPTORS,0.5029955476981658,0.5029955476981658,0.0
REACTOME_ADVANCED_GLYCOSYLATION_ENDPRODUCT_RECEPTOR_SIGNALING,0.4560731019739392,0.4581374734418914,-0.0020643714679521863
REACTOME_AFLATOXIN_ACTIVATION_AND_DETOXIFICATION,0.4856568968303711,0.48565689683037105,5.551115123125783e-17
REACTOME_AGGREPHAGY,0.5450474465454421,0.536362764382111,0.008684682163331181
REACTOME_AKT_PHOSPHORYLATES_TARGETS_IN_THE_CYTOSOL,,,
REACTOME_AKT_PHOSPHORYLATES_TARGETS_IN_THE_NUCLEUS,0.4955412926851382,0.49553340901655185,7.883668586339265e-06
REACTOME_ALK_MUTANTS_BIND_TKIS,0.5052610348366177,0.5052610348366177,0.0
REACTOME_ALPHA_DEFENSINS,,,
REACTOME_ALPHA_LINOLENIC_OMEGA3_AND_LINOLEIC_OMEGA6_ACID_METABOLISM,0.49832439193921163,0.49832439193921163,0.0
REACTOME_ALPHA_OXIDATION_OF_PHYTANATE,0.49864483021862727,0.49862265740072814,2.2172817899124286e-05
REACTOME_ALPHA_PROTEIN_KINASE_1_SIGNALING_PATHWAY,0.5621173957089193,0.5521634429031872,0.00995395280573208
REACTOME_ALTERNATIVE_COMPLEMENT_ACTIVATION,0.47631154681519494,0.4712380775936941,0.005073469221500815
REACTOME_AMINE_LIGAND_BINDING_RECEPTORS,0.5029955476981658,0.5029955476981658,0.0
REACTOME_AMINO_ACIDS_REGULATE_MTORC1,0.5103878830641717,0.5085008120178643,0.0018870710463073648
REACTOME_AMINO_ACID_CONJUGATION,0.4997962564399718,0.4997962564399718,0.0
REACTOME_AMINO_ACID_TRANSPORT_ACROSS_THE_PLASMA_MEMBRANE,0.4974367401293185,0.49778329306092634,-0.0003465529316078464
REACTOME_AMPK_INHIBITS_CHREBP_TRANSCRIPTIONAL_ACTIVATION_ACTIVITY,0.499389262049202,0.499389262049202,0.0
REACTOME_AMYLOID_FIBER_FORMATION,0.6521437173074117,0.6020753593310444,0.05006835797636733
REACTOME_ANCHORING_FIBRIL_FORMATION,0.4997969955339017,0.4997969955339017,0.0
REACTOME_ANCHORING_OF_THE_BASAL_BODY_TO_THE_PLASMA_MEMBRANE,0.4734515817924046,0.47913143652267154,-0.005679854730266942
REACTOME_ANDROGEN_BIOSYNTHESIS,0.4997953531029463,0.4997953531029463,0.0
REACTOME_ANTIGEN_ACTIVATES_B_CELL_RECEPTOR_BCR_LEADING_TO_GENERATION_OF_SECOND_MESSENGERS,0.469258127076854,0.46856929153412263,0.0006888355427313586
REACTOME_ANTIGEN_PRESENTATION_FOLDING_ASSEMBLY_AND_PEPTIDE_LOADING_OF_CLASS_I_MHC,0.755974999572968,0.6616910863301129,0.09428391324285512
REACTOME_ANTIGEN_PROCESSING_CROSS_PRESENTATION,0.5216285984019804,0.5468672600441222,-0.025238661642141835
REACTOME_ANTIGEN_PROCESSING_UBIQUITINATION_PROTEASOME_DEGRADATION,0.5309943966825522,0.5182662137499063,0.012728182932645882
REACTOME_ANTIMICROBIAL_PEPTIDES,0.5154172530145178,0.5039661422713113,0.011451110743206483
REACTOME_ANTIVIRAL_MECHANISM_BY_IFN_STIMULATED_GENES,0.7800614958998353,0.8335776449379622,-0.05351614903812685
REACTOME_ANTI_INFLAMMATORY_RESPONSE_FAVOURING_LEISHMANIA_PARASITE_INFECTION,0.46712920807235103,0.47060360651558936,-0.0034743984432383246
REACTOME_APC_CDC20_MEDIATED_DEGRADATION_OF_NEK2A,0.5170177198590926,0.5337802059477024,-0.01676248608860975
REACTOME_APC_C_CDC20_MEDIATED_DEGRADATION_OF_CYCLIN_B,0.5433398932025696,0.5358157527523858,0.007524140450183792
REACTOME_APC_C_CDH1_MEDIATED_DEGRADATION_OF_CDC20_AND_OTHER_APC_C_CDH1_TARGETED_PROTEINS_IN_LATE_MITOSIS_EARLY_G1,0.5204578736169089,0.5191404797475123,0.0013173938693965548
REACTOME_APC_C_MEDIATED_DEGRADATION_OF_CELL_CYCLE_PROTEINS,0.4966077231045361,0.5178253031599058,-0.021217580055369722
REACTOME_APEX1_INDEPENDENT_RESOLUTION_OF_AP_SITES_VIA_THE_SINGLE_NUCLEOTIDE_REPLACEMENT_PATHWAY,0.4991434722567133,0.4991434722567133,0.0
REACTOME_APOBEC3G_MEDIATED_RESISTANCE_TO_HIV_1_INFECTION,0.5553675793327,0.5553675793327,0.0
REACTOME_APOPTOSIS,0.6133590242383391,0.5806799040031955,0.03267912023514363
REACTOME_APOPTOSIS_INDUCED_DNA_FRAGMENTATION,0.476817826157224,0.48538638845200227,-0.00856856229477826
REACTOME_APOPTOTIC_CLEAVAGE_OF_CELLULAR_PROTEINS,0.4974940609696649,0.518696530660244,-0.021202469690579095
REACTOME_APOPTOTIC_CLEAVAGE_OF_CELL_ADHESION_PROTEINS,0.5142472673233763,0.5142472673233763,0.0
REACTOME_APOPTOTIC_EXECUTION_PHASE,0.4988543222869997,0.5003954152525335,-0.0015410929655337857
REACTOME_APOPTOTIC_FACTOR_MEDIATED_RESPONSE,0.5138330462364024,0.5138330462364024,0.0
REACTOME_AQUAPORIN_MEDIATED_TRANSPORT,0.4862635287037803,0.48596887659036586,0.00029465211341445086
REACTOME_ARACHIDONATE_PRODUCTION_FROM_DAG,,,
REACTOME_ARACHIDONIC_ACID_METABOLISM,0.440759404231165,0.44058497806369223,0.00017442616747276318
REACTOME_ARMS_MEDIATED_ACTIVATION,0.4957135015708209,0.4957135015708209,0.0
REACTOME_ARYL_HYDROCARBON_RECEPTOR_SIGNALLING,0.5571140582892177,0.5571140582892177,0.0
REACTOME_ASPARAGINE_N_LINKED_GLYCOSYLATION,0.5344700269490071,0.48054105289021865,0.05392897405878849
REACTOME_ASPARTATE_AND_ASPARAGINE_METABOLISM,0.5011662902214916,0.5011588992821919,7.390939299689592e-06
REACTOME_ASSEMBLY_AND_CELL_SURFACE_PRESENTATION_OF_NMDA_RECEPTORS,0.4879261615600204,0.487945213759104,-1.905219908360234e-05
REACTOME_ASSEMBLY_OF_ACTIVE_LPL_AND_LIPC_LIPASE_COMPLEXES,0.49979584583223285,0.49979584583223285,0.0
REACTOME_ASSEMBLY_OF_COLLAGEN_FIBRILS_AND_OTHER_MULTIMERIC_STRUCTURES,0.5142749422849762,0.514265169820791,9.772464185209273e-06
REACTOME_ASSEMBLY_OF_THE_HIV_VIRION,0.5595357406115361,0.5481701183995626,0.011365622211973458
REACTOME_ASSEMBLY_OF_THE_ORC_COMPLEX_AT_THE_ORIGIN_OF_REPLICATION,0.49366736108647463,0.49354861332839295,0.00011874775808168314
REACTOME_ASSOCIATION_OF_TRIC_CCT_WITH_TARGET_PROTEINS_DURING_BIOSYNTHESIS,0.4778084583880263,0.4767752050739291,0.0010332533140972044
REACTOME_ASYMMETRIC_LOCALIZATION_OF_PCP_PROTEINS,0.534426420407139,0.5319070955645167,0.0025193248426222947
REACTOME_ATF4_ACTIVATES_GENES_IN_RESPONSE_TO_ENDOPLASMIC_RETICULUM_STRESS,0.5741921374859243,0.5640483196617381,0.010143817824186274
REACTOME_ATF6_ATF6_ALPHA_ACTIVATES_CHAPERONES,0.5262962229343803,0.5290017994473548,-0.002705576512974539
REACTOME_ATF6_ATF6_ALPHA_ACTIVATES_CHAPERONE_GENES,0.5404119315382219,0.5290017994473548,0.011410132090867053
REACTOME_ATTACHMENT_AND_ENTRY,0.5262509739615566,0.5262509739615566,0.0
REACTOME_ATTACHMENT_OF_GPI_ANCHOR_TO_UPAR,0.4542068898007665,0.4634780840583024,-0.009271194257535864
REACTOME_ATTENUATION_PHASE,0.582813339692826,0.5765991200511913,0.006214219641634711
REACTOME_AUF1_HNRNP_D0_BINDS_AND_DESTABILIZES_MRNA,0.4418859476235338,0.5798416072435147,-0.13795565961998096
REACTOME_AURKA_ACTIVATION_BY_TPX2,0.4847062577933348,0.48425902384415564,0.00044723394917917103
REACTOME_AUTOPHAGY,0.5033912093153428,0.5065077220533803,-0.003116512738037591
REACTOME_A_TETRASACCHARIDE_LINKER_SEQUENCE_IS_REQUIRED_FOR_GAG_SYNTHESIS,0.4409363761666187,0.44023949271220536,0.0006968834544133218
REACTOME_BASE_EXCISION_REPAIR,0.477278281675595,0.48009767865378483,-0.0028193969781898365
REACTOME_BASE_EXCISION_REPAIR_AP_SITE_FORMATION,0.48139150363897004,0.48141531888782463,-2.381524885458619e-05
REACTOME_BASIGIN_INTERACTIONS,0.5074687905269838,0.5072838528013959,0.0001849377255879192
REACTOME_BBSOME_MEDIATED_CARGO_TARGETING_TO_CILIUM,0.48710223607120007,0.4858961990205856,0.0012060370506144502
REACTOME_BETA_CATENIN_INDEPENDENT_WNT_SIGNALING,0.487675115988474,0.49078842598614836,-0.0031133099976743406
REACTOME_BETA_CATENIN_PHOSPHORYLATION_CASCADE,0.5003915555397882,0.5003915555397882,0.0
REACTOME_BETA_DEFENSINS,0.5721853332229621,0.5721891108141597,-3.7775911976289933e-06
REACTOME_BETA_OXIDATION_OF_BUTANOYL_COA_TO_ACETYL_COA,0.4989860452496298,0.49898489554796094,1.149701668867742e-06
REACTOME_BETA_OXIDATION_OF_DECANOYL_COA_TO_OCTANOYL_COA_COA,0.49643625331278324,0.49635938754406644,7.686576871679396e-05
REACTOME_BETA_OXIDATION_OF_HEXANOYL_COA_TO_BUTANOYL_COA,0.4977543862761097,0.4977543862761097,0.0
REACTOME_BETA_OXIDATION_OF_LAUROYL_COA_TO_DECANOYL_COA_COA,0.4977543862761097,0.4977543862761097,0.0
REACTOME_BETA_OXIDATION_OF_OCTANOYL_COA_TO_HEXANOYL_COA,0.49634559112404036,0.49635938754406644,-1.3796420026079836e-05
REACTOME_BETA_OXIDATION_OF_PRISTANOYL_COA,0.5020054903181981,0.5020033551579559,2.135160242167089e-06
REACTOME_BETA_OXIDATION_OF_VERY_LONG_CHAIN_FATTY_ACIDS,0.4917872703717281,0.49177856548766397,8.704884064125729e-06
REACTOME_BH3_ONLY_PROTEINS_ASSOCIATE_WITH_AND_INACTIVATE_ANTI_APOPTOTIC_BCL_2_MEMBERS,0.5510392810357039,0.5464966454990163,0.004542635536687545
REACTOME_BICARBONATE_TRANSPORTERS,0.4943175173802044,0.4943175173802044,0.0
REACTOME_BILE_ACID_AND_BILE_SALT_METABOLISM,0.5085349745817386,0.5083687605690432,0.00016621401269534264
REACTOME_BINDING_AND_UPTAKE_OF_LIGANDS_BY_SCAVENGER_RECEPTORS,0.4306188712688896,0.426904020933768,0.003714850335121589
REACTOME_BINDING_OF_TCF_LEF_CTNNB1_TO_TARGET_GENE_PROMOTERS,0.4963361471460463,0.4939574143932138,0.002378732752832513
REACTOME_BIOLOGICAL_OXIDATIONS,0.4842964712699408,0.4612667971413818,0.023029674128558997
REACTOME_BIOSYNTHESIS_OF_EPA_DERIVED_SPMS,0.5014119978924326,0.5014119978924326,0.0
REACTOME_BIOSYNTHESIS_OF_MARESINS,0.4999582822537307,0.4999582822537307,0.0
REACTOME_BIOSYNTHESIS_OF_MARESIN_LIKE_SPMS,,,
REACTOME_BIOSYNTHESIS_OF_SPECIALIZED_PRORESOLVING_MEDIATORS_SPMS,0.5054031051142672,0.5057217367196318,-0.00031863160536460544
REACTOME_BIOSYNTHESIS_OF_THE_N_GLYCAN_PRECURSOR_DOLICHOL_LIPID_LINKED_OLIGOSACCHARIDE_LLO_AND_TRANSFER_TO_A_NASCENT_PROTEIN,0.48366659899851144,0.48070841660458286,0.002958182393928588
REACTOME_BIOTIN_TRANSPORT_AND_METABOLISM,0.49837235092311183,0.49837235092311183,0.0
REACTOME_BLOOD_GROUP_SYSTEMS_BIOSYNTHESIS,0.4944053874363229,0.4943329562311859,7.243120513700241e-05
REACTOME_BMAL1_CLOCK_NPAS2_ACTIVATES_CIRCADIAN_GENE_EXPRESSION,0.49254599135161564,0.49248735656650466,5.863478511097808e-05
REACTOME_BRANCHED_CHAIN_AMINO_ACID_CATABOLISM,0.48622468521168305,0.4863079564611263,-8.327124944323971e-05
REACTOME_BUDDING_AND_MATURATION_OF_HIV_VIRION,0.5543835168257197,0.5498825990353018,0.0045009177904179465
REACTOME_BUTYRATE_RESPONSE_FACTOR_1_BRF1_BINDS_AND_DESTABILIZES_MRNA,0.4932456669386532,0.49301950419608254,0.00022616274257064584
REACTOME_BUTYROPHILIN_BTN_FAMILY_INTERACTIONS,0.5174955030240439,0.5171307191088301,0.0003647839152137733
REACTOME_B_WICH_COMPLEX_POSITIVELY_REGULATES_RRNA_EXPRESSION,0.41108149808098365,0.4107452924643954,0.00033620561658825876
REACTOME_CA2_ACTIVATED_K_CHANNELS,0.5001995553610916,0.5001995553610916,0.0
REACTOME_CA2_PATHWAY,0.482583169418724,0.48119515101824145,0.001388018400482527
REACTOME_CALCINEURIN_ACTIVATES_NFAT,0.4987003443849227,0.4986716018432017,2.8742541721027415e-05
REACTOME_CALCITONIN_LIKE_LIGAND_RECEPTORS,0.49101885904920334,0.4910260857454075,-7.226696204176708e-06
REACTOME_CALNEXIN_CALRETICULIN_CYCLE,0.5401321434249546,0.5411463445399682,-0.001014201115013602
REACTOME_CAMK_IV_MEDIATED_PHOSPHORYLATION_OF_CREB,0.49998168689484634,0.49998168689484634,0.0
REACTOME_CARBOXYTERMINAL_POST_TRANSLATIONAL_MODIFICATIONS_OF_TUBULIN,0.4811133579566582,0.4825821839601507,-0.0014688260034924627
REACTOME_CARDIAC_CONDUCTION,0.48687484150541277,0.4868359158917678,3.892561364499114e-05
REACTOME_CARGO_CONCENTRATION_IN_THE_ER,0.5591785118787177,0.5509473049021965,0.008231206976521244
REACTOME_CARGO_RECOGNITION_FOR_CLATHRIN_MEDIATED_ENDOCYTOSIS,0.49860114155521124,0.5136492582124832,-0.01504811665727196
REACTOME_CARGO_TRAFFICKING_TO_THE_PERICILIARY_MEMBRANE,0.4852519554782956,0.48524472878209146,7.226696204121197e-06
REACTOME_CARNITINE_METABOLISM,0.49715843020391115,0.4971300161483812,2.8414055529946136e-05
REACTOME_CASPASE_ACTIVATION_VIA_DEATH_RECEPTORS_IN_THE_PRESENCE_OF_LIGAND,0.6290319216310786,0.6607843823211359,-0.03175246069005733
REACTOME_CASPASE_ACTIVATION_VIA_DEPENDENCE_RECEPTORS_IN_THE_ABSENCE_OF_LIGAND,0.5193153986442718,0.5196534109349111,-0.00033801229063934457
REACTOME_CASPASE_ACTIVATION_VIA_EXTRINSIC_APOPTOTIC_SIGNALLING_PATHWAY,0.6197951363020602,0.6515595867380928,-0.0317644504360326
REACTOME_CASPASE_MEDIATED_CLEAVAGE_OF_CYTOSKELETAL_PROTEINS,0.5298200585493787,0.5303152514824583,-0.0004951929330795357
REACTOME_CATION_COUPLED_CHLORIDE_COTRANSPORTERS,0.4991853542460782,0.49918289059964494,2.4636464332483676e-06
REACTOME_CA_DEPENDENT_EVENTS,0.4967286881444078,0.49668335705003636,4.53310943714369e-05
REACTOME_CD163_MEDIATING_AN_ANTI_INFLAMMATORY_RESPONSE,0.5024245565764907,0.5024137165321844,1.0840044306292818e-05
REACTOME_CD209_DC_SIGN_SIGNALING,0.5034487765203327,0.4976628207503413,0.005785955769991413
REACTOME_CD22_MEDIATED_BCR_REGULATION,0.48759956416452166,0.4876076120762036,-8.047911681963171e-06
REACTOME_CD28_CO_STIMULATION,0.4776510313809428,0.48012157602418704,-0.0024705446432442546
REACTOME_CD28_DEPENDENT_PI3K_AKT_SIGNALING,0.47364957684408865,0.47776255244282034,-0.004112975598731694
REACTOME_CD28_DEPENDENT_VAV1_PATHWAY,0.4542554236355012,0.4549380179406019,-0.0006825943051007033
REACTOME_CDC42_GTPASE_CYCLE,0.5073549700617686,0.4972231419835573,0.010131828078211225
REACTOME_CDC6_ASSOCIATION_WITH_THE_ORC_ORIGIN_COMPLEX,0.4941843162297143,0.4941802101523256,4.106077388710272e-06
REACTOME_CDT1_ASSOCIATION_WITH_THE_CDC6_ORC_ORIGIN_COMPLEX,0.5283229827334519,0.53144943217877,-0.003126449445318147
REACTOME_CELLULAR_HEXOSE_TRANSPORT,0.49248957384829456,0.4924912162792501,-1.6424309555174155e-06
REACTOME_CELLULAR_RESPONSES_TO_STIMULI,0.5542209161611265,0.5010383448500592,0.053182571311067295
REACTOME_CELLULAR_RESPONSE_TO_CHEMICAL_STRESS,0.48012445027835926,0.5139767589450075,-0.033852308666648234
REACTOME_CELLULAR_RESPONSE_TO_HEAT_STRESS,0.5800291728586314,0.5590757778224519,0.020953395036179545
REACTOME_CELLULAR_RESPONSE_TO_HYPOXIA,0.5284984764810456,0.5384161315626613,-0.009917655081615684
REACTOME_CELLULAR_RESPONSE_TO_STARVATION,0.44399638927978746,0.4497588582871153,-0.005762469007327853
REACTOME_CELLULAR_SENESCENCE,0.474874583972239,0.5053258287378115,-0.030451244765572538
REACTOME_CELL_CELL_COMMUNICATION,0.4522436920796724,0.43171289452833983,0.02053079755133258
REACTOME_CELL_CELL_JUNCTION_ORGANIZATION,0.3919428250075223,0.3916862772922752,0.00025654771524713516
REACTOME_CELL_CYCLE,0.47057010092409735,0.4608705606733704,0.009699540250726946
REACTOME_CELL_CYCLE_CHECKPOINTS,0.491208231338371,0.4929878052786417,-0.001779573940270729
REACTOME_CELL_CYCLE_MITOTIC,0.4723980444560072,0.46731899096925766,0.00507905348674953
REACTOME_CELL_DEATH_SIGNALLING_VIA_NRAGE_NRIF_AND_NADE,0.49097796251841164,0.5026567963135966,-0.011678833795184973
REACTOME_CELL_EXTRACELLULAR_MATRIX_INTERACTIONS,0.3910437583024885,0.3910437583024885,0.0
REACTOME_CELL_JUNCTION_ORGANIZATION,0.39159208387697797,0.3916862772922752,-9.419341529720571e-05
REACTOME_CELL_SURFACE_INTERACTIONS_AT_THE_VASCULAR_WALL,0.47087493610943587,0.45579380658995855,0.015081129519477321
REACTOME_CGMP_EFFECTS,0.49938334929776224,0.49938400627014445,-6.569723822180684e-07
REACTOME_CHAPERONE_MEDIATED_AUTOPHAGY,0.5265086713784726,0.5345110877228944,-0.008002416344421781
REACTOME_CHEMOKINE_RECEPTORS_BIND_CHEMOKINES,0.6238922624420715,0.6070498720874772,0.01684239035459434
REACTOME_CHK1_CHK2_CDS1_MEDIATED_INACTIVATION_OF_CYCLIN_B_CDK1_COMPLEX,,,
REACTOME_CHL1_INTERACTIONS,0.4975549130365658,0.49755984032943223,-4.927292866441224e-06
REACTOME_CHOLESTEROL_BIOSYNTHESIS,0.4750437543606542,0.47492221446994815,0.0001215398907060683
REACTOME_CHOLINE_CATABOLISM,,,
REACTOME_CHONDROITIN_SULFATE_BIOSYNTHESIS,0.5295364928449138,0.5093148829209518,0.020221609923961936
REACTOME_CHONDROITIN_SULFATE_DERMATAN_SULFATE_METABOLISM,0.5215056624449622,0.49571309096308214,0.025792571481880078
REACTOME_CHREBP_ACTIVATES_METABOLIC_GENE_EXPRESSION,0.49837235092311183,0.49837235092311183,0.0
REACTOME_CHROMATIN_MODIFYING_ENZYMES,0.4603361136404548,0.4336776525588417,0.026658461081613072
REACTOME_CHROMOSOME_MAINTENANCE,0.46684367145073946,0.468501377014113,-0.0016577055633735238
REACTOME_CHYLOMICRON_ASSEMBLY,0.4993909866017052,0.4993909866017052,0.0
REACTOME_CHYLOMICRON_CLEARANCE,0.4920099840092922,0.49207108244083636,-6.109843154417094e-05
REACTOME_CHYLOMICRON_REMODELING,0.4993909866017052,0.4993909866017052,0.0
REACTOME_CILIUM_ASSEMBLY,0.4687708178123608,0.4764800602312281,-0.007709242418867279
REACTOME_CIRCADIAN_CLOCK,0.5213902816703392,0.5073532455092653,0.01403703616107388
REACTOME_CITRIC_ACID_CYCLE_TCA_CYCLE,0.48894446875242253,0.4884581449465027,0.0004863238059198416
REACTOME_CLASS_A_1_RHODOPSIN_LIKE_RECEPTORS,0.5870181271819696,0.5879405164065712,-0.0009223892246016385
REACTOME_CLASS_B_2_SECRETIN_FAMILY_RECEPTORS,0.47857859426305444,0.47939948125460713,-0.000820886991552694
REACTOME_CLASS_C_3_METABOTROPIC_GLUTAMATE_PHEROMONE_RECEPTORS,0.49999852181214005,0.49999852181214005,0.0
REACTOME_CLASS_I_MHC_MEDIATED_ANTIGEN_PROCESSING_PRESENTATION,0.4802936206667744,0.5061822743595505,-0.025888653692776153
REACTOME_CLASS_I_PEROXISOMAL_MEMBRANE_PROTEIN_IMPORT,0.49441220352478826,0.49487619026971347,-0.0004639867449252044
REACTOME_CLATHRIN_MEDIATED_ENDOCYTOSIS,0.4522054234384095,0.47593608709877055,-0.02373066366036103
REACTOME_CLEC7A_DECTIN_1_INDUCES_NFAT_ACTIVATION,0.49651098392125786,0.49627841569796083,0.00023256822329703608
REACTOME_CLEC7A_DECTIN_1_SIGNALING,0.4992413611416603,0.4913764983897607,0.00786486275189957
REACTOME_CLEC7A_INFLAMMASOME_PATHWAY,0.47425095293844033,0.4683662870680242,0.005884665870416139
REACTOME_COBALAMIN_CBL_VITAMIN_B12_TRANSPORT_AND_METABOLISM,0.4923490638800526,0.49257670481048316,-0.00022764093043053935
REACTOME_COENZYME_A_BIOSYNTHESIS,0.500793786880787,0.5007829468364808,1.0840044306181795e-05
REACTOME_COHESIN_LOADING_ONTO_CHROMATIN,0.4831170416008052,0.48356378282069784,-0.0004467412198926324
REACTOME_COLLAGEN_BIOSYNTHESIS_AND_MODIFYING_ENZYMES,0.4940834709690473,0.4940521005377975,3.1370431249788666e-05
REACTOME_COLLAGEN_CHAIN_TRIMERIZATION,0.4961168004919409,0.4961190998952786,-2.2994033376799727e-06
REACTOME_COLLAGEN_DEGRADATION,0.4978281314260111,0.49295306786393317,0.0048750635620779526
REACTOME_COLLAGEN_FORMATION,0.5101684542885185,0.5101118725421021,5.658174641642866e-05
REACTOME_COMMON_PATHWAY_OF_FIBRIN_CLOT_FORMATION,0.49960203897948535,0.4994637462930333,0.00013829268645204618
REACTOME_COMPETING_ENDOGENOUS_RNAS_CERNAS_REGULATE_PTEN_TRANSLATION,0.4950652340726901,0.4949686591325075,9.657494018261437e-05
REACTOME_COMPLEMENT_CASCADE,0.5047233850633387,0.4966171670825302,0.008106217980808517
REACTOME_COMPLEX_I_BIOGENESIS,0.4689152696148959,0.4694078346584466,-0.000492565043550719
REACTOME_CONDENSATION_OF_PROMETAPHASE_CHROMOSOMES,0.48738029963196405,0.48719766130971387,0.00018263832225018373
REACTOME_CONDENSATION_OF_PROPHASE_CHROMOSOMES,0.4862439016538623,0.4861348442384179,0.00010905741544436909
REACTOME_CONJUGATION_OF_BENZOATE_WITH_GLYCINE,0.4997962564399718,0.4997962564399718,0.0
REACTOME_CONSTITUTIVE_SIGNALING_BY_ABERRANT_PI3K_IN_CANCER,0.4673816497102095,0.4667256627865877,0.0006559869236217875
REACTOME_CONSTITUTIVE_SIGNALING_BY_AKT1_E17K_IN_CANCER,0.5227925892201343,0.522464760001419,0.00032782921871532533
REACTOME_CONSTITUTIVE_SIGNALING_BY_EGFRVIII,0.4878608749295397,0.48855348806346877,-0.0006926131339290431
REACTOME_CONSTITUTIVE_SIGNALING_BY_LIGAND_RESPONSIVE_EGFR_CANCER_VARIANTS,0.5154257115339386,0.5272676387230034,-0.01184192718906485
REACTOME_CONSTITUTIVE_SIGNALING_BY_OVEREXPRESSED_ERBB2,0.48800360217957156,0.48800360217957156,0.0
REACTOME_CONVERSION_FROM_APC_C_CDC20_TO_APC_C_CDH1_IN_LATE_ANAPHASE,0.4957142406647509,0.4961948159623265,-0.0004805752975756139
REACTOME_COOPERATION_OF_PDCL_PHLP1_AND_TRIC_CCT_IN_G_PROTEIN_BETA_FOLDING,0.4872389684482443,0.48867806645144257,-0.001439098003198247
REACTOME_COOPERATION_OF_PREFOLDIN_AND_TRIC_CCT_IN_ACTIN_AND_TUBULIN_FOLDING,0.4233683598158901,0.4282008022946731,-0.004832442478783006
REACTOME_COPII_MEDIATED_VESICLE_TRANSPORT,0.5514282086859632,0.5493623590301512,0.0020658496558120243
REACTOME_COPI_DEPENDENT_GOLGI_TO_ER_RETROGRADE_TRAFFIC,0.4870275054627254,0.4855654134261504,0.0014620920365749912
REACTOME_COPI_INDEPENDENT_GOLGI_TO_ER_RETROGRADE_TRAFFIC,0.485903343595242,0.4863689727711227,-0.0004656291758806663
REACTOME_COPI_MEDIATED_ANTEROGRADE_TRANSPORT,0.4671022722046811,0.4695424318752488,-0.0024401596705677098
REACTOME_COSTIMULATION_BY_THE_CD28_FAMILY,0.47350348261059794,0.47616717713420764,-0.0026636945236097054
REACTOME_CREATINE_METABOLISM,0.49795648740518245,0.49795648740518245,0.0
REACTOME_CREATION_OF_C4_AND_C2_ACTIVATORS,0.5240275330555653,0.5240299967019986,-2.4636464333038788e-06
REACTOME_CREB1_PHOSPHORYLATION_THROUGH_NMDA_RECEPTOR_MEDIATED_ACTIVATION_OF_RAS_SIGNALING,0.486788121150963,0.4867595428523376,2.857829862540351e-05
REACTOME_CREB1_PHOSPHORYLATION_THROUGH_THE_ACTIVATION_OF_ADENYLATE_CYCLASE,0.49669838529327903,0.4967038053154322,-5.420022153146409e-06
REACTOME_CREB1_PHOSPHORYLATION_THROUGH_THE_ACTIVATION_OF_CAMKII_CAMKK_CAMKIV_CASCASDE,,,
REACTOME_CREB3_FACTORS_ACTIVATE_GENES,0.49837136546453864,0.4983716939507298,-3.284861911367898e-07
REACTOME_CREB_PHOSPHORYLATION,0.5057496580458751,0.5059768062470189,-0.00022714820114377865
REACTOME_CRISTAE_FORMATION,0.49961337175307813,0.4999375876236914,-0.00032421587061326473
REACTOME_CRMPS_IN_SEMA3A_SIGNALING,0.4778793292837556,0.47787932928375565,-5.551115123125783e-17
REACTOME_CROSSLINKING_OF_COLLAGEN_FIBRILS,0.49959349833851685,0.49959341621696907,8.212154778419745e-08
REACTOME_CROSS_PRESENTATION_OF_PARTICULATE_EXOGENOUS_ANTIGENS_PHAGOSOMES,0.5002015262782383,0.5002016905213339,-1.642430955683949e-07
REACTOME_CROSS_PRESENTATION_OF_SOLUBLE_EXOGENOUS_ANTIGENS_ENDOSOMES,0.4919990618434382,0.4919988976003427,1.6424309551288374e-07
REACTOME_CS_DS_DEGRADATION,0.44786308235674394,0.44786308235674394,0.0
REACTOME_CTLA4_INHIBITORY_SIGNALING,0.4657889022911255,0.4639470802176418,0.001841822073483712
REACTOME_CYCLIN_A_B1_B2_ASSOCIATED_EVENTS_DURING_G2_M_TRANSITION,0.5067041567956566,0.5066964373701658,7.719425490826382e-06
REACTOME_CYCLIN_A_CDK2_ASSOCIATED_EVENTS_AT_S_PHASE_ENTRY,0.5433796400316924,0.5337297011958212,0.009649938835871175
REACTOME_CYCLIN_D_ASSOCIATED_EVENTS_IN_G1,0.5374001237735968,0.5444077196882797,-0.007007595914682918
REACTOME_CYP2E1_REACTIONS,,,
REACTOME_CYTOCHROME_C_MEDIATED_APOPTOTIC_RESPONSE,0.5138330462364024,0.5138330462364024,0.0
REACTOME_CYTOCHROME_P450_ARRANGED_BY_SUBSTRATE_TYPE,0.4660393730118374,0.4660232771884736,1.609582336381532e-05
REACTOME_CYTOKINE_SIGNALING_IN_IMMUNE_SYSTEM,0.8430763980043808,0.7370484464574079,0.10602795154697298
REACTOME_CYTOPROTECTION_BY_HMOX1,0.519424866667455,0.5147607733616094,0.004664093305845607
REACTOME_CYTOSOLIC_IRON_SULFUR_CLUSTER_ASSEMBLY,0.5017202821827776,0.501731450713275,-1.1168530497318585e-05
REACTOME_CYTOSOLIC_SENSORS_OF_PATHOGEN_ASSOCIATED_DNA,0.5430680708794363,0.5361848069880839,0.006883263891352409
REACTOME_CYTOSOLIC_SULFONATION_OF_SMALL_MOLECULES,0.47057773822804033,0.4697376347943085,0.0008401034337318092
REACTOME_CYTOSOLIC_TRNA_AMINOACYLATION,0.49526807429569286,0.49526807429569286,0.0
REACTOME_C_TYPE_LECTIN_RECEPTORS_CLRS,0.5059901920593062,0.4923760818692704,0.013614110190035777
REACTOME_DAG_AND_IP3_SIGNALING,0.49472459389252194,0.4945889290955987,0.00013566479692322941
REACTOME_DAP12_INTERACTIONS,0.5477851325835964,0.4760125422597485,0.07177259032384792
REACTOME_DAP12_SIGNALING,0.5815188577352585,0.5272843915187494,0.05423446621650907
REACTOME_DARPP_32_EVENTS,0.5064668255225887,0.5054037620866494,0.0010630634359393154
REACTOME_DCC_MEDIATED_ATTRACTIVE_SIGNALING,0.4805499220173782,0.4807003686929009,-0.00015044667552271962
REACTOME_DDX58_IFIH1_MEDIATED_INDUCTION_OF_INTERFERON_ALPHA_BETA,0.6574156743098833,0.6453328024996486,0.012082871810234708
REACTOME_DEACTIVATION_OF_THE_BETA_CATENIN_TRANSACTIVATING_COMPLEX,0.5234022595908112,0.5260511722358215,-0.002648912645010326
REACTOME_DEADENYLATION_DEPENDENT_MRNA_DECAY,0.43712330846035896,0.4439664970363977,-0.006843188576038717
REACTOME_DEADENYLATION_OF_MRNA,0.41716424112463163,0.41958633405468904,-0.0024220929300574068
REACTOME_DEATH_RECEPTOR_SIGNALLING,0.5315827975723557,0.5951125196598985,-0.06352972208754282
REACTOME_DECTIN_1_MEDIATED_NONCANONICAL_NF_KB_SIGNALING,0.532518818973888,0.5357742813707597,-0.003255462396871689
REACTOME_DECTIN_2_FAMILY,0.4893381594524529,0.49022260852198285,-0.0008844490695299467
REACTOME_DEFECTIVE_B4GALT1_CAUSES_B4GALT1_CDG_CDG_2D,,,
REACTOME_DEFECTIVE_B4GALT7_CAUSES_EDS_PROGEROID_TYPE,0.4450331738204389,0.4449316715873898,0.0001015022330491111
REACTOME_DEFECTIVE_C1GALT1C1_CAUSES_TNPS,0.4997960921968762,0.4997960921968762,0.0
REACTOME_DEFECTIVE_CFTR_CAUSES_CYSTIC_FIBROSIS,0.5405457896610942,0.5375276585372903,0.003018131123803891
REACTOME_DEFECTIVE_CHST14_CAUSES_EDS_MUSCULOCONTRACTURAL_TYPE,0.44786308235674394,0.44786308235674394,0.0
REACTOME_DEFECTIVE_CHST3_CAUSES_SEDCJD,0.44786308235674394,0.44786308235674394,0.0
REACTOME_DEFECTIVE_CHST6_CAUSES_MCDC1,,,
REACTOME_DEFECTIVE_CHSY1_CAUSES_TPBS,0.44786308235674394,0.44786308235674394,0.0
REACTOME_DEFECTIVE_CSF2RB_CAUSES_SMDP5,,,
REACTOME_DEFECTIVE_EXT2_CAUSES_EXOSTOSES_2,0.4987775386398306,0.4987791810707861,-1.6424309555174155e-06
REACTOME_DEFECTIVE_F9_ACTIVATION,0.4999957296795158,0.4999957296795158,0.0
REACTOME_DEFECTIVE_FACTOR_IX_CAUSES_HEMOPHILIA_B,0.4999957296795158,0.4999957296795158,0.0
REACTOME_DEFECTIVE_FACTOR_VIII_CAUSES_HEMOPHILIA_A,0.4749509570116691,0.47498429836006556,-3.334134839644287e-05
REACTOME_DEFECTIVE_GALNT3_CAUSES_HFTC,0.500993999214261,0.5009943277004522,-3.284861911367898e-07
REACTOME_DEFECTIVE_INTRINSIC_PATHWAY_FOR_APOPTOSIS,0.4867730107861726,0.4900192755696936,-0.0032462647835210245
REACTOME_DEFECTIVE_LFNG_CAUSES_SCDO3,,,
REACTOME_DEFECTIVE_RIPK1_MEDIATED_REGULATED_NECROSIS,0.5216144734957632,0.5216144734957632,0.0
REACTOME_DEFECTIVE_ST3GAL3_CAUSES_MCT12_AND_EIEE15,0.5006054821717404,0.5006054821717404,0.0
REACTOME_DEFECTS_IN_BIOTIN_BTN_METABOLISM,0.4981691000923703,0.4981691000923703,0.0
REACTOME_DEFECTS_IN_COBALAMIN_B12_METABOLISM,0.49256422233522146,0.49257670481048316,-1.248247526169921e-05
REACTOME_DEFECTS_IN_VITAMIN_AND_COFACTOR_METABOLISM,0.4916734499065128,0.4914233076719921,0.0002501422345206894
REACTOME_DEFECTS_OF_CONTACT_ACTIVATION_SYSTEM_CAS_AND_KALLIKREIN_KININ_SYSTEM_KKS,0.4750756175211906,0.4750674053664132,8.212154777420544e-06
REACTOME_DEFENSINS,0.5740453862800516,0.5721891108141597,0.0018562754658919545
REACTOME_DEGRADATION_OF_AXIN,0.5157373628077423,0.5381315803996232,-0.02239421759188087
REACTOME_DEGRADATION_OF_BETA_CATENIN_BY_THE_DESTRUCTION_COMPLEX,0.5076995520762297,0.5184196989226967,-0.010720146846466938
REACTOME_DEGRADATION_OF_CYSTEINE_AND_HOMOCYSTEINE,0.48178847920091133,0.4822854788080419,-0.000496999607130566
REACTOME_DEGRADATION_OF_DVL,0.5326950518154118,0.5359725227870871,-0.0032774709716753003
REACTOME_DEGRADATION_OF_GLI1_BY_THE_PROTEASOME,0.5229309640281342,0.5355369500976918,-0.01260598606955754
REACTOME_DEGRADATION_OF_THE_EXTRACELLULAR_MATRIX,0.4648328432319362,0.4666820562447196,-0.0018492130127834017
REACTOME_DEPOLYMERISATION_OF_THE_NUCLEAR_LAMINA,0.499639322162175,0.4995051355531117,0.0001341866090632804
REACTOME_DEPOSITION_OF_NEW_CENPA_CONTAINING_NUCLEOSOMES_AT_THE_CENTROMERE,0.47851478582043366,0.4800077555589718,-0.0014929697385381302
REACTOME_DERMATAN_SULFATE_BIOSYNTHESIS,0.44786308235674394,0.44786308235674394,0.0
REACTOME_DETOXIFICATION_OF_REACTIVE_OXYGEN_SPECIES,0.5392083581340407,0.5121685245845634,0.027039833549477255
REACTOME_DEUBIQUITINATION,0.47621259035012686,0.4702919552417855,0.005920635108341343
REACTOME_DEVELOPMENTAL_BIOLOGY,0.4147841123054869,0.4076991578928005,0.007084954412686417
REACTOME_DEX_H_BOX_HELICASES_ACTIVATE_TYPE_I_IFN_AND_INFLAMMATORY_CYTOKINES_PRODUCTION,,,
REACTOME_DIGESTION,0.49959251287994355,0.49959251287994355,0.0
REACTOME_DIGESTION_AND_ABSORPTION,0.49999392300546475,0.4999950727071336,-1.149701668867742e-06
REACTOME_DIGESTION_OF_DIETARY_CARBOHYDRATE,0.49959251287994355,0.49959251287994355,0.0
REACTOME_DIGESTION_OF_DIETARY_LIPID,,,
REACTOME_DISASSEMBLY_OF_THE_DESTRUCTION_COMPLEX_AND_RECRUITMENT_OF_AXIN_TO_THE_MEMBRANE,0.4984061028792472,0.4984202277854644,-1.4124906217216626e-05
REACTOME_DISEASES_ASSOCIATED_WITH_GLYCOSAMINOGLYCAN_METABOLISM,0.44219406767078323,0.44164927332284803,0.0005447943479351958
REACTOME_DISEASES_ASSOCIATED_WITH_GLYCOSYLATION_PRECURSOR_BIOSYNTHESIS,0.48121223230017857,0.4801958960249229,0.0010163362752556582
REACTOME_DISEASES_ASSOCIATED_WITH_N_GLYCOSYLATION_OF_PROTEINS,0.49315442989907593,0.49343791348199306,-0.00028348358291713227
REACTOME_DISEASES_ASSOCIATED_WITH_O_GLYCOSYLATION_OF_PROTEINS,0.46126499046733077,0.4563728456233157,0.004892144844015067
REACTOME_DISEASES_ASSOCIATED_WITH_SURFACTANT_METABOLISM,0.5004045307443366,0.5004045307443366,0.0
REACTOME_DISEASES_OF_BASE_EXCISION_REPAIR,0.4938349711654821,0.49378553399372194,4.943717176014717e-05
REACTOME_DISEASES_OF_CARBOHYDRATE_METABOLISM,0.5111010265850444,0.5326659807874996,-0.02156495420245519
REACTOME_DISEASES_OF_DNA_REPAIR,0.4943817364305639,0.49450212661960113,-0.00012039018903725607
REACTOME_DISEASES_OF_GLYCOSYLATION,0.4345146353737581,0.42341738637991133,0.011097248993846787
REACTOME_DISEASES_OF_IMMUNE_SYSTEM,0.4608037958550299,0.4625182474079155,-0.0017144515528855764
REACTOME_DISEASES_OF_METABOLISM,0.4309868579244665,0.42482651001817184,0.006160347906294661
REACTOME_DISEASES_OF_MISMATCH_REPAIR_MMR,0.501595293187065,0.501595293187065,0.0
REACTOME_DISEASES_OF_MITOTIC_CELL_CYCLE,0.4867166754043995,0.4875553006502713,-0.0008386252458718046
REACTOME_DISEASES_OF_PROGRAMMED_CELL_DEATH,0.4990308014931668,0.49303116545586656,0.005999636037300249
REACTOME_DISEASES_OF_SIGNAL_TRANSDUCTION_BY_GROWTH_FACTOR_RECEPTORS_AND_SECOND_MESSENGERS,0.4625887076959058,0.4631966535140795,-0.0006079458181736941
REACTOME_DISINHIBITION_OF_SNARE_FORMATION,,,
REACTOME_DISORDERS_OF_TRANSMEMBRANE_TRANSPORTERS,0.5086135649029586,0.519325828080839,-0.010712263177880432
REACTOME_DISPLACEMENT_OF_DNA_GLYCOSYLASE_BY_APEX1,0.4798874474914824,0.4798003986508415,8.704884064086871e-05
REACTOME_DISSOLUTION_OF_FIBRIN_CLOT,0.44878399339348574,0.4500030056486486,-0.0012190122551628546
REACTOME_DNA_DAMAGE_BYPASS,0.8002774394370009,0.7121347397798091,0.08814269965719179
REACTOME_DNA_DAMAGE_RECOGNITION_IN_GG_NER,0.4765478105081419,0.4590033630416244,0.017544447466517454
REACTOME_DNA_DAMAGE_REVERSAL,0.4995772382720575,0.4995816728356373,-4.434563579791551e-06
REACTOME_DNA_DAMAGE_TELOMERE_STRESS_INDUCED_SENESCENCE,0.4986137061520208,0.4982367682477364,0.0003769379042843912
REACTOME_DNA_DOUBLE_STRAND_BREAK_REPAIR,0.5094140857506632,0.5017792454540796,0.007634840296583567
REACTOME_DNA_DOUBLE_STRAND_BREAK_RESPONSE,0.5378810275573636,0.5375847330129936,0.00029629454436996827
REACTOME_DNA_METHYLATION,,,
REACTOME_DNA_REPAIR,0.6094805056585031,0.5172489741376252,0.09223153152087793
REACTOME_DNA_REPLICATION,0.5027713558727418,0.49277157924335174,0.009999776629390056
REACTOME_DNA_REPLICATION_INITIATION,0.49653167855129704,0.49653693433035456,-5.255779057522503e-06
REACTOME_DNA_REPLICATION_PRE_INITIATION,0.5093285150978824,0.506025586446397,0.003302928651485404
REACTOME_DNA_STRAND_ELONGATION,0.48620136269211517,0.48622107186358104,-1.970917146587592e-05
REACTOME_DOPAMINE_CLEARANCE_FROM_THE_SYNAPTIC_CLEFT,0.49897775097330455,0.49897775097330455,0.0
REACTOME_DOPAMINE_NEUROTRANSMITTER_RELEASE_CYCLE,0.4995885710456504,0.4995885710456504,0.0
REACTOME_DOPAMINE_RECEPTORS,,,
REACTOME_DOWNREGULATION_OF_ERBB2_ERBB3_SIGNALING,0.559489177693948,0.5513862445750506,0.008102933118897426
REACTOME_DOWNREGULATION_OF_ERBB2_SIGNALING,0.5558415849064537,0.5456645078554188,0.010177077051034988
REACTOME_DOWNREGULATION_OF_ERBB4_SIGNALING,0.5279605803431235,0.5496960188787584,-0.021735438535634866
REACTOME_DOWNREGULATION_OF_SMAD2_3_SMAD4_TRANSCRIPTIONAL_ACTIVITY,0.5343910260200482,0.5244416720209916,0.00994935399905661
REACTOME_DOWNREGULATION_OF_TGF_BETA_RECEPTOR_SIGNALING,0.5171290766778746,0.5148436340033138,0.002285442674560767
REACTOME_DOWNSTREAM_SIGNALING_EVENTS_OF_B_CELL_RECEPTOR_BCR,0.5077048899768352,0.5042722092798664,0.0034326806969687818
REACTOME_DOWNSTREAM_SIGNALING_OF_ACTIVATED_FGFR1,0.48595943261237184,0.4866881792273216,-0.0007287466149497601
REACTOME_DOWNSTREAM_SIGNALING_OF_ACTIVATED_FGFR2,0.48635189148918556,0.48693347629052364,-0.0005815848013380753
REACTOME_DOWNSTREAM_SIGNALING_OF_ACTIVATED_FGFR3,0.48767150264037196,0.48856170021824624,-0.0008901975778742854
REACTOME_DOWNSTREAM_SIGNALING_OF_ACTIVATED_FGFR4,0.4874806521633443,0.48856170021824624,-0.0010810480549019452
REACTOME_DOWNSTREAM_SIGNAL_TRANSDUCTION,0.4801834135496613,0.4792715358831746,0.0009118776664867045
REACTOME_DSCAM_INTERACTIONS,0.5004323699490321,0.5004481372862047,-1.576733717267853e-05
REACTOME_DUAL_INCISION_IN_GG_NER,0.516600460274851,0.5051761211562189,0.011424339118632054
REACTOME_DUAL_INCISION_IN_TC_NER,0.507563723036211,0.497418673388808,0.010145049647402982
REACTOME_E2F_ENABLED_INHIBITION_OF_PRE_REPLICATION_COMPLEX_FORMATION,0.4952431914667171,0.49522183986429574,2.1351602421337823e-05
REACTOME_E2F_MEDIATED_REGULATION_OF_DNA_REPLICATION,0.4900751182221802,0.48988705987777686,0.00018805834440333014
REACTOME_E3_UBIQUITIN_LIGASES_UBIQUITINATE_TARGET_PROTEINS,0.5168191499565742,0.5060339628442699,0.01078518711230425
REACTOME_EARLY_PHASE_OF_HIV_LIFE_CYCLE,0.4276240626646537,0.43132355627034147,-0.003699493605687776
REACTOME_ECM_PROTEOGLYCANS,0.45259985323236984,0.45195191422043,0.0006479390119398243
REACTOME_EFFECTS_OF_PIP2_HYDROLYSIS,0.4847534776833051,0.48548534491707035,-0.0007318672337652266
REACTOME_EGFR_DOWNREGULATION,0.5424155330608211,0.5441238254976237,-0.0017082924368025942
REACTOME_EGFR_INTERACTS_WITH_PHOSPHOLIPASE_C_GAMMA,0.4999942514916558,0.49999244481760474,1.8066740510302992e-06
REACTOME_EGFR_TRANSACTIVATION_BY_GASTRIN,0.4882340352426265,0.4882340352426265,0.0
REACTOME_EGR2_AND_SOX10_MEDIATED_INITIATION_OF_SCHWANN_CELL_MYELINATION,0.4987729398331552,0.4987118414016111,6.109843154405992e-05
REACTOME_EICOSANOIDS,,,
REACTOME_EICOSANOID_LIGAND_BINDING_RECEPTORS,0.5039029908010727,0.5039535776745018,-5.058687342907042e-05
REACTOME_ELASTIC_FIBRE_FORMATION,0.4962725850680689,0.4962709426371134,1.6424309555174155e-06
REACTOME_ELECTRIC_TRANSMISSION_ACROSS_GAP_JUNCTIONS,,,
REACTOME_ELEVATION_OF_CYTOSOLIC_CA2_LEVELS,0.49109202934827023,0.491033887292446,5.814205582421739e-05
REACTOME_ENDOGENOUS_STEROLS,0.46544456664130757,0.4654432526965432,1.3139447643806257e-06
REACTOME_ENDOSOMAL_SORTING_COMPLEX_REQUIRED_FOR_TRANSPORT_ESCRT,0.5361934297506001,0.5498825990353018,-0.013689169284701652
REACTOME_ENDOSOMAL_VACUOLAR_PATHWAY,0.7068247605007181,0.7231864934361889,-0.01636173293547083
REACTOME_ENERGY_DEPENDENT_REGULATION_OF_MTOR_BY_LKB1_AMPK,0.49584399271023444,0.495823790809482,2.020190075241457e-05
REACTOME_ENOS_ACTIVATION,0.49898161068604996,0.4989829246308143,-1.3139447643251145e-06
REACTOME_EPHA_MEDIATED_GROWTH_CONE_COLLAPSE,0.4792518267117087,0.4790905399918797,0.00016128671982895693
REACTOME_EPHB_MEDIATED_FORWARD_SIGNALING,0.39508068934798124,0.392014270754086,0.003066418593895226
REACTOME_EPHRIN_SIGNALING,0.4812564136928812,0.4812197874825738,3.662621030736668e-05
REACTOME_EPH_EPHRIN_MEDIATED_REPULSION_OF_CELLS,0.3853815597049931,0.3831853010313153,0.0021962586736777867
REACTOME_EPH_EPHRIN_SIGNALING,0.39002717566258954,0.39131861912288934,-0.0012914434602998015
REACTOME_EPIGENETIC_REGULATION_OF_GENE_EXPRESSION,0.45130101883277035,0.4394618837763298,0.011839135056440575
REACTOME_ERBB2_ACTIVATES_PTK6_SIGNALING,0.4989832531170054,0.4989829246308143,3.284861911367898e-07
REACTOME_ERBB2_REGULATES_CELL_MOTILITY,0.49938893356301084,0.49938893356301084,0.0
REACTOME_ERCC6_CSB_AND_EHMT2_G9A_POSITIVELY_REGULATE_RRNA_EXPRESSION,0.47492048991744484,0.47486727515448707,5.321476295777616e-05
REACTOME_ERKS_ARE_INACTIVATED,0.4909060240425613,0.4909060240425613,0.0
REACTOME_ERK_MAPK_TARGETS,0.49452544913916907,0.49570323637734914,-0.0011777872381800725
REACTOME_ERYTHROCYTES_TAKE_UP_CARBON_DIOXIDE_AND_RELEASE_OXYGEN,0.4966428711269835,0.49659589760165657,4.697352532695431e-05
REACTOME_ERYTHROCYTES_TAKE_UP_OXYGEN_AND_RELEASE_CARBON_DIOXIDE,0.4977720424088811,0.49659589760165657,0.001176144807224555
REACTOME_ERYTHROPOIETIN_ACTIVATES_PHOSPHOINOSITIDE_3_KINASE_PI3K,0.48760465570048367,0.48757459921399826,3.005648648540804e-05
REACTOME_ERYTHROPOIETIN_ACTIVATES_PHOSPHOLIPASE_C_GAMMA_PLCG,0.4959179021032314,0.49593531187135953,-1.7409768128140435e-05
REACTOME_ERYTHROPOIETIN_ACTIVATES_RAS,0.48261429348533047,0.48253315739612945,8.113608920101711e-05
REACTOME_ERYTHROPOIETIN_ACTIVATES_STAT5,0.49306327498104624,0.4930563767710332,6.898210013039918e-06
REACTOME_ER_QUALITY_CONTROL_COMPARTMENT_ERQC,0.5426493331073349,0.5411463445399682,0.0015029885673666366
REACTOME_ER_TO_GOLGI_ANTEROGRADE_TRANSPORT,0.49940897122066785,0.5122450618670892,-0.012836090646421328
REACTOME_ESR_MEDIATED_SIGNALING,0.4913130184333311,0.47369523642465117,0.017617782008679916
REACTOME_ESTABLISHMENT_OF_SISTER_CHROMATID_COHESION,0.4951067054543162,0.49514678076963003,-4.0075315313858884e-05
REACTOME_ESTROGEN_BIOSYNTHESIS,,,
REACTOME_ESTROGEN_DEPENDENT_GENE_EXPRESSION,0.46656256939270785,0.46790032940595244,-0.0013377600132445933
REACTOME_ESTROGEN_DEPENDENT_NUCLEAR_EVENTS_DOWNSTREAM_OF_ESR_MEMBRANE_SIGNALING,0.4741607834789841,0.4754183928616009,-0.00125760938261682
REACTOME_ESTROGEN_STIMULATED_SIGNALING_THROUGH_PRKCZ,0.48753871209762084,0.4875316496445123,7.062453108552802e-06
REACTOME_ETHANOL_OXIDATION,0.4975394741855842,0.4975394741855842,0.0
REACTOME_EUKARYOTIC_TRANSLATION_ELONGATION,0.46281051799644446,0.44006046773805724,0.022750050258387222
REACTOME_EUKARYOTIC_TRANSLATION_INITIATION,0.42654014035557974,0.4234692871981048,0.003070853157474962
REACTOME_EXPORT_OF_VIRAL_RIBONUCLEOPROTEINS_FROM_NUCLEUS,0.5710305400181588,0.5664371533649468,0.004593386653211962
REACTOME_EXTENSION_OF_TELOMERES,0.48470954265524585,0.486177383200165,-0.0014678405449191634
REACTOME_EXTRACELLULAR_MATRIX_ORGANIZATION,0.473765943077285,0.4491560861264514,0.024609856950833564
REACTOME_EXTRA_NUCLEAR_ESTROGEN_SIGNALING,0.5279031773812293,0.4851410092672525,0.04276216811397676
REACTOME_EXTRINSIC_PATHWAY_OF_FIBRIN_CLOT_FORMATION,,,
REACTOME_FACTORS_INVOLVED_IN_MEGAKARYOCYTE_DEVELOPMENT_AND_PLATELET_PRODUCTION,0.4690529874505136,0.47575886879867346,-0.006705881348159859
REACTOME_FANCONI_ANEMIA_PATHWAY,0.5115010406442534,0.5257538922328784,-0.014252851588624993
REACTOME_FASL_CD95L_SIGNALING,0.5498564843831096,0.5510280303836588,-0.0011715460005491396
REACTOME_FATTY_ACIDS,,,
REACTOME_FATTY_ACIDS_BOUND_TO_GPR40_FFAR1_REGULATE_INSULIN_SECRETION,0.49999786483975783,0.49999786483975783,0.0
REACTOME_FATTY_ACID_METABOLISM,0.4395378462080211,0.437635007824541,0.0019028383834800988
REACTOME_FATTY_ACYL_COA_BIOSYNTHESIS,0.47360851607020144,0.47406872522392907,-0.00046020915372763094
REACTOME_FBXW7_MUTANTS_AND_NOTCH1_IN_CANCER,,,
REACTOME_FCERI_MEDIATED_CA_2_MOBILIZATION,0.48237934373714797,0.4783865940843579,0.003992749652790062
REACTOME_FCERI_MEDIATED_MAPK_ACTIVATION,0.4323189515509147,0.43253090726572035,-0.000211955714805645
REACTOME_FCERI_MEDIATED_NF_KB_ACTIVATION,0.5049827249112102,0.5046483259686729,0.00033439894253728397
REACTOME_FCGAMMA_RECEPTOR_FCGR_DEPENDENT_PHAGOCYTOSIS,0.4609192587512006,0.45742096293756,0.003498295813640584
REACTOME_FCGR3A_MEDIATED_IL10_SYNTHESIS,0.45174677459408963,0.4552962321319936,-0.0035494575379039772
REACTOME_FCGR_ACTIVATION,0.4609288669722902,0.4581339422153371,0.0027949247569530877
REACTOME_FC_EPSILON_RECEPTOR_FCERI_SIGNALING,0.4492979921610055,0.4443711920238297,0.004926800137175835
REACTOME_FERTILIZATION,0.44202202302819593,0.44404204886035004,-0.0020200258321541043
REACTOME_FGFR1B_LIGAND_BINDING_AND_ACTIVATION,0.49897963976890336,0.49897963976890336,0.0
REACTOME_FGFR1C_LIGAND_BINDING_AND_ACTIVATION,0.49979568158913734,0.49979568158913734,0.0
REACTOME_FGFR1_LIGAND_BINDING_AND_ACTIVATION,0.4987763889381619,0.4987757319657797,6.569723822180684e-07
REACTOME_FGFR1_MUTANT_RECEPTOR_ACTIVATION,0.5081814413185698,0.507672123479273,0.0005093178392967523
REACTOME_FGFR2B_LIGAND_BINDING_AND_ACTIVATION,0.47915902936272364,0.4791564014731949,2.6278895287612514e-06
REACTOME_FGFR2C_LIGAND_BINDING_AND_ACTIVATION,0.49979568158913734,0.49979568158913734,0.0
REACTOME_FGFR2_ALTERNATIVE_SPLICING,0.4986352219975377,0.4995737070455032,-0.0009384850479655094
REACTOME_FGFR2_LIGAND_BINDING_AND_ACTIVATION,0.47896809676414825,0.4789592276369886,8.869127159638612e-06
REACTOME_FGFR2_MUTANT_RECEPTOR_ACTIVATION,0.4834874097812676,0.48349677163771393,-9.361856446343797e-06
REACTOME_FGFR3B_LIGAND_BINDING_AND_ACTIVATION,0.49979568158913734,0.49979568158913734,0.0
REACTOME_FGFR3_LIGAND_BINDING_AND_ACTIVATION,0.5009934243634265,0.5009934243634265,0.0
REACTOME_FGFRL1_MODULATION_OF_FGFR1_SIGNALING,0.49897963976890336,0.49897963976890336,0.0
REACTOME_FIBRONECTIN_MATRIX_FORMATION,,,
REACTOME_FICOLINS_BIND_TO_REPETITIVE_CARBOHYDRATE_STRUCTURES_ON_THE_TARGET_CELL_SURFACE,0.5236709612951291,0.5236709612951291,0.0
REACTOME_FLT3_SIGNALING,0.4715210684473246,0.48556171795650055,-0.01404064950917594
REACTOME_FLT3_SIGNALING_BY_CBL_MUTANTS,0.5494869374181248,0.5444926333686784,0.004994304049446452
REACTOME_FLT3_SIGNALING_IN_DISEASE,0.5024096925763435,0.509343214854934,-0.006933522278590454
REACTOME_FLT3_SIGNALING_THROUGH_SRC_FAMILY_KINASES,0.45958034903628714,0.4572784820521714,0.002301866984115719
REACTOME_FOLDING_OF_ACTIN_BY_CCT_TRIC,0.42347216145227684,0.41653190520676886,0.006940256245507981
REACTOME_FORMATION_OF_APOPTOSOME,,,
REACTOME_FORMATION_OF_ATP_BY_CHEMIOSMOTIC_COUPLING,,,
REACTOME_FORMATION_OF_FIBRIN_CLOT_CLOTTING_CASCADE,0.4988879100000394,0.49861214584261304,0.0002757641574263614
REACTOME_FORMATION_OF_INCISION_COMPLEX_IN_GG_NER,0.5204548351196412,0.5014612708210973,0.01899356429854393
REACTOME_FORMATION_OF_RNA_POL_II_ELONGATION_COMPLEX,0.46911745286551637,0.46978896076166754,-0.0006715078961511689
REACTOME_FORMATION_OF_SENESCENCE_ASSOCIATED_HETEROCHROMATIN_FOCI_SAHF,0.4979592795378068,0.4979592795378068,0.0
REACTOME_FORMATION_OF_TC_NER_PRE_INCISION_COMPLEX,0.5190254274590805,0.5172548047675172,0.0017706226915633616
REACTOME_FORMATION_OF_THE_BETA_CATENIN_TCF_TRANSACTIVATING_COMPLEX,0.4888732693705022,0.4879316637037212,0.0009416056667809758
REACTOME_FORMATION_OF_THE_CORNIFIED_ENVELOPE,0.4902088121019568,0.4901997787317016,9.033370255207007e-06
REACTOME_FORMATION_OF_THE_EARLY_ELONGATION_COMPLEX,0.4790305091404567,0.477891154786635,0.0011393543538216755
REACTOME_FORMATION_OF_TUBULIN_FOLDING_INTERMEDIATES_BY_CCT_TRIC,0.4816914936529898,0.47749639650648357,0.0041950971465062326
REACTOME_FORMATION_OF_XYLULOSE_5_PHOSPHATE,,,
REACTOME_FORMYL_PEPTIDE_RECEPTORS_BIND_FORMYL_PEPTIDES_AND_MANY_OTHER_LIGANDS,0.5605229237373319,0.5585162015959173,0.0020067221414146186
REACTOME_FOXO_MEDIATED_TRANSCRIPTION,0.5373384504912182,0.5351098359277172,0.0022286145635009857
REACTOME_FOXO_MEDIATED_TRANSCRIPTION_OF_CELL_CYCLE_GENES,0.4940193340402357,0.49407254880319346,-5.321476295777616e-05
REACTOME_FOXO_MEDIATED_TRANSCRIPTION_OF_CELL_DEATH_GENES,0.5043750254576799,0.504018289454148,0.00035673600353192114
REACTOME_FOXO_MEDIATED_TRANSCRIPTION_OF_OXIDATIVE_STRESS_METABOLIC_AND_NEURONAL_GENES,0.5278387940877741,0.5256907407626399,0.002148053325134236
REACTOME_FREE_FATTY_ACIDS_REGULATE_INSULIN_SECRETION,0.49999786483975783,0.49999786483975783,0.0
REACTOME_FREE_FATTY_ACID_RECEPTORS,,,
REACTOME_FRS_MEDIATED_FGFR1_SIGNALING,0.48666132548119945,0.4866593545640529,1.970917146543183e-06
REACTOME_FRS_MEDIATED_FGFR2_SIGNALING,0.4866593545640529,0.4866593545640529,0.0
REACTOME_FRS_MEDIATED_FGFR3_SIGNALING,0.48801148584815784,0.48801148584815784,0.0
REACTOME_FRS_MEDIATED_FGFR4_SIGNALING,0.48801148584815784,0.48801148584815784,0.0
REACTOME_FRUCTOSE_CATABOLISM,0.4995918559075613,0.4995918559075613,0.0
REACTOME_FRUCTOSE_METABOLISM,0.4995918559075613,0.4995918559075613,0.0
REACTOME_G0_AND_EARLY_G1,0.5069809885332041,0.5049956179942107,0.0019853705389933918
REACTOME_G1_S_DNA_DAMAGE_CHECKPOINTS,0.5229818793877543,0.5379422902320032,-0.014960410844248928
REACTOME_G1_S_SPECIFIC_TRANSCRIPTION,0.49781121438716963,0.49788742318350426,-7.62087963346314e-05
REACTOME_G2_M_CHECKPOINTS,0.5173854601500262,0.5085178932998015,0.008867566850224717
REACTOME_G2_M_DNA_DAMAGE_CHECKPOINT,0.4956521567746334,0.4950948799514366,0.0005572768231968395
REACTOME_G2_M_DNA_REPLICATION_CHECKPOINT,,,
REACTOME_G2_PHASE,0.4989836637247443,0.4989836637247443,0.0
REACTOME_GAB1_SIGNALOSOME,0.4964001198317625,0.4964001198317625,0.0
REACTOME_GABA_B_RECEPTOR_ACTIVATION,0.48735738772013504,0.48667347947027,0.0006839082498650284
REACTOME_GABA_RECEPTOR_ACTIVATION,0.4833942018245437,0.4827147281382585,0.0006794736862851813
REACTOME_GABA_SYNTHESIS_RELEASE_REUPTAKE_AND_DEGRADATION,0.49979206824103534,0.49979206824103534,0.0
REACTOME_GALACTOSE_CATABOLISM,0.49688964637804556,0.49688471908517906,4.927292866496735e-06
REACTOME_GAMMA_CARBOXYLATION_HYPUSINE_FORMATION_AND_ARYLSULFATASE_ACTIVATION,0.48742899770979414,0.4869306841578993,0.0004983135518948356
REACTOME_GAMMA_CARBOXYLATION_TRANSPORT_AND_AMINO_TERMINAL_CLEAVAGE_OF_PROTEINS,0.5002022653721683,0.5002022653721683,0.0
REACTOME_GAP_FILLING_DNA_REPAIR_SYNTHESIS_AND_LIGATION_IN_GG_NER,0.5312199845742884,0.5365692179532158,-0.005349233378927343
REACTOME_GAP_JUNCTION_ASSEMBLY,0.4865433989385954,0.48800581946136146,-0.0014624205227660725
REACTOME_GAP_JUNCTION_DEGRADATION,0.39091121412438057,0.39091195321831057,-7.390939300022659e-07
REACTOME_GAP_JUNCTION_TRAFFICKING_AND_REGULATION,0.3913797175544334,0.3913669065929806,1.281096145278049e-05
REACTOME_GASTRIN_CREB_SIGNALLING_PATHWAY_VIA_PKC_AND_MAPK,0.48843211241585827,0.48843211241585827,0.0
REACTOME_GDP_FUCOSE_BIOSYNTHESIS,0.49998341144734954,0.49998341144734954,0.0
REACTOME_GENERATION_OF_SECOND_MESSENGER_MOLECULES,0.4650282925156392,0.4414648283265468,0.023563464189092387
REACTOME_GENE_AND_PROTEIN_EXPRESSION_BY_JAK_STAT_SIGNALING_AFTER_INTERLEUKIN_12_STIMULATION,0.5214581140688007,0.4917664936201412,0.029691620448659528
REACTOME_GENE_SILENCING_BY_RNA,0.4907829238424475,0.4911818703215354,-0.0003989464790878916
REACTOME_GLI_PROTEINS_BIND_PROMOTERS_OF_HH_RESPONSIVE_GENES_TO_PROMOTE_TRANSCRIPTION,,,
REACTOME_GLOBAL_GENOME_NUCLEOTIDE_EXCISION_REPAIR_GG_NER,0.4488115862335379,0.46022327863381285,-0.011411692400274953
REACTOME_GLUCAGON_LIKE_PEPTIDE_1_GLP1_REGULATES_INSULIN_SECRETION,0.49281986671344313,0.49312782251759707,-0.00030795580415393653
REACTOME_GLUCAGON_SIGNALING_IN_METABOLIC_REGULATION,0.49725344483468603,0.49720729252483686,4.615230984916785e-05
REACTOME_GLUCAGON_TYPE_LIGAND_RECEPTORS,0.49864006716885634,0.4991940591301423,-0.0005539919612859712
REACTOME_GLUCOCORTICOID_BIOSYNTHESIS,,,
REACTOME_GLUCONEOGENESIS,0.49296530397455146,0.49314843502608835,-0.0001831310515368889
REACTOME_GLUCOSE_METABOLISM,0.49714143104352176,0.49388588652510224,0.0032555445184195286
REACTOME_GLUCURONIDATION,,,
REACTOME_GLUTAMATE_AND_GLUTAMINE_METABOLISM,0.5133794068064967,0.5113721919357954,0.0020072148707013238
REACTOME_GLUTAMATE_NEUROTRANSMITTER_RELEASE_CYCLE,0.4997914933902009,0.49979132914710533,1.642430955683949e-07
REACTOME_GLUTATHIONE_CONJUGATION,0.4934687090624084,0.4933902008627361,7.850819967231137e-05
REACTOME_GLUTATHIONE_SYNTHESIS_AND_RECYCLING,0.49883099976743184,0.49875429824181056,7.670152562128107e-05
REACTOME_GLYCEROPHOSPHOLIPID_BIOSYNTHESIS,0.502449193040823,0.4964145732241709,0.006034619816652154
REACTOME_GLYCEROPHOSPHOLIPID_CATABOLISM,0.49507861988497726,0.4950764847247351,2.135160242167089e-06
REACTOME_GLYCOGEN_BREAKDOWN_GLYCOGENOLYSIS,0.4903953922585002,0.49062598956465064,-0.0002305973061504374
REACTOME_GLYCOGEN_METABOLISM,0.5229305534203953,0.5328726807232478,-0.009942127302852488
REACTOME_GLYCOGEN_STORAGE_DISEASES,0.5313085116027892,0.5427055042460125,-0.011396992643223247
REACTOME_GLYCOGEN_SYNTHESIS,0.5507890566796353,0.5417111765455603,0.009077880134074956
REACTOME_GLYCOLYSIS,0.49383061872345013,0.49596528623629726,-0.0021346675128471326
REACTOME_GLYCOSAMINOGLYCAN_METABOLISM,0.5385632112547253,0.5183539195629294,0.02020929169179586
REACTOME_GLYCOSPHINGOLIPID_METABOLISM,0.47587983383854515,0.47597410937539014,-9.42755368449899e-05
REACTOME_GLYOXYLATE_METABOLISM_AND_GLYCINE_DEGRADATION,0.490640442957059,0.49062911018346617,1.1332773592831469e-05
REACTOME_GOLGI_ASSOCIATED_VESICLE_BIOGENESIS,0.40215578917493466,0.4309635354048986,-0.02880774622996396
REACTOME_GOLGI_CISTERNAE_PERICENTRIOLAR_STACK_REORGANIZATION,,,
REACTOME_GOLGI_TO_ER_RETROGRADE_TRANSPORT,0.48681062245505324,0.4845953115822917,0.0022153108727615556
REACTOME_GP1B_IX_V_ACTIVATION_SIGNALLING,0.4970816465567421,0.49704666277739024,3.4983779351849265e-05
REACTOME_GPCR_LIGAND_BINDING,0.560720179695086,0.5756493843511806,-0.014929204656094597
REACTOME_GPVI_MEDIATED_ACTIVATION_CASCADE,0.44970367260701094,0.4381807876310496,0.011522884975961323
REACTOME_GRB2_EVENTS_IN_ERBB2_SIGNALING,0.4875507839651436,0.487550291235857,4.927292865941624e-07
REACTOME_GRB2_SOS_PROVIDES_LINKAGE_TO_MAPK_SIGNALING_FOR_INTEGRINS,0.5004037095288588,0.5004023955840944,1.3139447644361368e-06
REACTOME_GRB7_EVENTS_IN_ERBB2_SIGNALING,0.49959185590756133,0.4995921843937524,-3.2848619108127863e-07
REACTOME_GROWTH_HORMONE_RECEPTOR_SIGNALING,0.6041839121916992,0.5958157264734905,0.008368185718208743
REACTOME_G_ALPHA_12_13_SIGNALLING_EVENTS,0.4573710330365132,0.457188394714263,0.00018263832225023924
REACTOME_G_ALPHA_I_SIGNALLING_EVENTS,0.538639337929512,0.5591287462207664,-0.02048940829125434
REACTOME_G_ALPHA_Q_SIGNALLING_EVENTS,0.5003312783237219,0.4934744575707526,0.006856820752969339
REACTOME_G_ALPHA_S_SIGNALLING_EVENTS,0.49105064008819194,0.4900272413598276,0.001023398728364322
REACTOME_G_ALPHA_Z_SIGNALLING_EVENTS,0.4915500212202079,0.4920581893578358,-0.0005081681376278846
REACTOME_G_BETA_GAMMA_SIGNALLING_THROUGH_CDC42,0.4970690819599326,0.4970899408330673,-2.085887313468815e-05
REACTOME_G_BETA_GAMMA_SIGNALLING_THROUGH_PI3KGAMMA,0.4970413248767849,0.49686361384740113,0.0001777110293837425
REACTOME_G_PROTEIN_ACTIVATION,0.4971443052976939,0.49731823873588005,-0.00017393343818616902
REACTOME_G_PROTEIN_BETA_GAMMA_SIGNALLING,0.4971707484360772,0.49688332301886695,0.00028742541721027415
REACTOME_G_PROTEIN_MEDIATED_EVENTS,0.493540565416711,0.4935325175050291,8.04791168190766e-06
REACTOME_HATS_ACETYLATE_HISTONES,0.4272010545720679,0.429074739806088,-0.001873685234020095
REACTOME_HCMV_EARLY_EVENTS,0.48670608172473656,0.4862489931898244,0.0004570885349121645
REACTOME_HCMV_INFECTION,0.5049086512751177,0.5019278033340036,0.0029808479411141953
REACTOME_HCMV_LATE_EVENTS,0.5252230585480648,0.525914193494134,-0.0006911349460692051
REACTOME_HDACS_DEACETYLATE_HISTONES,0.48401348041631026,0.47754180972240284,0.0064716706939074164
REACTOME_HDL_ASSEMBLY,0.4989632975808963,0.4989632975808963,0.0
REACTOME_HDL_CLEARANCE,0.4997969955339017,0.4997969955339017,0.0
REACTOME_HDL_REMODELING,0.49168355085688914,0.49167024716614965,1.3303690739485674e-05
REACTOME_HDMS_DEMETHYLATE_HISTONES,0.488930508089301,0.488727010893916,0.0002034971953849829
REACTOME_HDR_THROUGH_HOMOLOGOUS_RECOMBINATION_HRR,0.523657903969033,0.5275989170467252,-0.003941013077692235
REACTOME_HDR_THROUGH_MMEJ_ALT_NHEJ,0.4952831846604832,0.4952920537876429,-8.869127159694123e-06
REACTOME_HDR_THROUGH_SINGLE_STRAND_ANNEALING_SSA,0.48390368390693583,0.48370002246845545,0.00020366143848038476
REACTOME_HEDGEHOG_LIGAND_BIOGENESIS,0.5132652578550903,0.5385437484479028,-0.025278490592812508
REACTOME_HEDGEHOG_OFF_STATE,0.5245872735251955,0.5177135357333849,0.0068737377918106635
REACTOME_HEDGEHOG_ON_STATE,0.5472708874514334,0.5367220461536238,0.01054884129780953
REACTOME_HEME_BIOSYNTHESIS,0.5011938830615439,0.5011933903322572,4.927292867051847e-07
REACTOME_HEME_DEGRADATION,0.5020253637327594,0.5020253637327594,0.0
REACTOME_HEME_SIGNALING,0.5029111267470538,0.5021009155567119,0.0008102111903419695
REACTOME_HEMOSTASIS,0.4276930447647842,0.4148161397091189,0.0128769050556653
REACTOME_HEPARAN_SULFATE_HEPARIN_HS_GAG_METABOLISM,0.5001972559577541,0.48152987844696993,0.018667377510784178
REACTOME_HIGHLY_CALCIUM_PERMEABLE_NICOTINIC_ACETYLCHOLINE_RECEPTORS,0.5010109983746505,0.5010109983746505,0.0
REACTOME_HIGHLY_CALCIUM_PERMEABLE_POSTSYNAPTIC_NICOTINIC_ACETYLCHOLINE_RECEPTORS,0.5010109983746505,0.5010109983746505,0.0
REACTOME_HIGHLY_SODIUM_PERMEABLE_POSTSYNAPTIC_ACETYLCHOLINE_NICOTINIC_RECEPTORS,0.4991835475720271,0.4991835475720271,0.0
REACTOME_HISTIDINE_CATABOLISM,,,
REACTOME_HIV_ELONGATION_ARREST_AND_RECOVERY,0.4685210861855789,0.47020884823543785,-0.0016877620498589319
REACTOME_HIV_INFECTION,0.4908634850808142,0.517209391551598,-0.026345906470783775
REACTOME_HIV_LIFE_CYCLE,0.4623550718924877,0.4848517771759911,-0.022496705283503393
REACTOME_HIV_TRANSCRIPTION_ELONGATION,0.47687588609150044,0.4765935522102522,0.00028233388124826453
REACTOME_HIV_TRANSCRIPTION_INITIATION,0.48521713594203925,0.48589184657855355,-0.0006747106365143085
REACTOME_HOMOLOGOUS_DNA_PAIRING_AND_STRAND_EXCHANGE,0.49596569684403613,0.49582691142829743,0.00013878541573869585
REACTOME_HOMOLOGY_DIRECTED_REPAIR,0.5220361676435846,0.5042161202627364,0.017820047380848192
REACTOME_HORMONE_LIGAND_BINDING_RECEPTORS,,,
REACTOME_HOST_INTERACTIONS_OF_HIV_FACTORS,0.6228495651499802,0.5699822584608187,0.05286730668916151
REACTOME_HSF1_ACTIVATION,0.5775752167680375,0.5734316919535336,0.004143524814503863
REACTOME_HSF1_DEPENDENT_TRANSACTIVATION,0.587326247229219,0.574277461774062,0.013048785455156975
REACTOME_HSP90_CHAPERONE_CYCLE_FOR_STEROID_HORMONE_RECEPTORS_SHR_IN_THE_PRESENCE_OF_LIGAND,0.5700468059973695,0.5629779474080469,0.007068858589322602
REACTOME_HS_GAG_BIOSYNTHESIS,0.4981709067664214,0.4981551394292487,1.576733717267853e-05
REACTOME_HS_GAG_DEGRADATION,0.5351642825138917,0.5328013170982319,0.0023629654156598345
REACTOME_HUR_ELAVL1_BINDS_AND_STABILIZES_MRNA,,,
REACTOME_HYALURONAN_BIOSYNTHESIS_AND_EXPORT,0.49836890181810545,0.49836890181810545,0.0
REACTOME_HYALURONAN_METABOLISM,0.4963350795659252,0.4963309734885365,4.106077388710272e-06
REACTOME_HYALURONAN_UPTAKE_AND_DEGRADATION,0.4979635498582911,0.4979635498582911,0.0
REACTOME_HYDROLYSIS_OF_LPC,,,
REACTOME_IKBA_VARIANT_LEADS_TO_EDA_ID,0.507236140182139,0.5070518594289333,0.00018428075320575665
REACTOME_IKK_COMPLEX_RECRUITMENT_MEDIATED_BY_RIP1,0.4619006933686522,0.4623692789202527,-0.00046858555160050885
REACTOME_IL_6_TYPE_CYTOKINE_RECEPTOR_LIGAND_INTERACTIONS,0.4726427666683748,0.4726427666683748,0.0
REACTOME_IMMUNOREGULATORY_INTERACTIONS_BETWEEN_A_LYMPHOID_AND_A_NON_LYMPHOID_CELL,0.5218229801055623,0.5625396647075751,-0.04071668460201283
REACTOME_INACTIVATION_OF_CDC42_AND_RAC1,0.49959316985232577,0.49959316985232577,0.0
REACTOME_INACTIVATION_OF_CSF3_G_CSF_SIGNALING,0.6102948229262338,0.6167237904152985,-0.00642896748906463
REACTOME_INCRETIN_SYNTHESIS_SECRETION_AND_INACTIVATION,0.5097763238978961,0.5097722178205073,4.106077388765783e-06
REACTOME_INFECTION_WITH_MYCOBACTERIUM_TUBERCULOSIS,0.6620786179140602,0.6456685153869502,0.01641010252710995
REACTOME_INFECTIOUS_DISEASE,0.45834565156549945,0.4931265906943804,-0.03478093912888097
REACTOME_INFLAMMASOMES,0.5541203993866506,0.5522118946163741,0.0019085047702764868
REACTOME_INFLUENZA_INFECTION,0.5307803058075045,0.5824088089484895,-0.051628503140984994
REACTOME_INHIBITION_OF_DNA_RECOMBINATION_AT_TELOMERE,0.48016354013509976,0.4811315889402641,-0.0009680488051643232
REACTOME_INHIBITION_OF_REPLICATION_INITIATION_OF_DAMAGED_DNA_BY_RB1_E2F1,0.49449473568030144,0.4944985132714991,-3.7775911976289933e-06
REACTOME_INHIBITION_OF_THE_PROTEOLYTIC_ACTIVITY_OF_APC_C_REQUIRED_FOR_THE_ONSET_OF_ANAPHASE_BY_MITOTIC_SPINDLE_CHECKPOINT_COMPONENTS,0.49441984082873125,0.49430717006518476,0.0001126707635464852
REACTOME_INITIAL_TRIGGERING_OF_COMPLEMENT,0.48957557284706865,0.4839484401504729,0.00562713269659576
REACTOME_INITIATION_OF_NUCLEAR_ENVELOPE_NE_REFORMATION,0.46589377150763345,0.46776909917260906,-0.0018753276649756123
REACTOME_INLA_MEDIATED_ENTRY_OF_LISTERIA_MONOCYTOGENES_INTO_HOST_CELLS,0.5616433901351655,0.5515775877813649,0.010065802353800613
REACTOME_INLB_MEDIATED_ENTRY_OF_LISTERIA_MONOCYTOGENES_INTO_HOST_CELL,0.5490480798668186,0.5515775877813649,-0.002529507914546314
REACTOME_INNATE_IMMUNE_SYSTEM,0.5386697229021886,0.5108967902957295,0.027772932606459078
REACTOME_INOSITOL_PHOSPHATE_METABOLISM,0.4820816531264659,0.4818118017204793,0.0002698514059865653
REACTOME_INSERTION_OF_TAIL_ANCHORED_PROTEINS_INTO_THE_ENDOPLASMIC_RETICULUM_MEMBRANE,0.5011165245635405,0.5008947963845497,0.00022172817899079877
REACTOME_INSULIN_PROCESSING,0.4871141436956274,0.48661139558015265,0.0005027481154747382
REACTOME_INSULIN_RECEPTOR_RECYCLING,0.5125704274393713,0.5125690313730591,1.3960663122203343e-06
REACTOME_INSULIN_RECEPTOR_SIGNALLING_CASCADE,0.4724673550423288,0.472688918978224,-0.00022156393589523038
REACTOME_INTEGRATION_OF_ENERGY_METABOLISM,0.4903535923906831,0.4899807605637875,0.00037283182689562544
REACTOME_INTEGRATION_OF_PROVIRUS,0.5012722270181207,0.5012722270181207,0.0
REACTOME_INTEGRIN_CELL_SURFACE_INTERACTIONS,0.4785289928481986,0.47957505712374865,-0.0010460642755500404
REACTOME_INTEGRIN_SIGNALING,0.4940664718086581,0.4940651578638937,1.3139447643806257e-06
REACTOME_INTERACTIONS_OF_REV_WITH_HOST_CELLULAR_PROTEINS,0.5099900041652049,0.5089285010386734,0.0010615031265315267
REACTOME_INTERACTIONS_OF_VPR_WITH_HOST_CELLULAR_PROTEINS,0.5107691734104881,0.50965034944361,0.0011188239668781241
REACTOME_INTERACTION_BETWEEN_L1_AND_ANKYRINS,0.3866470527561962,0.3865478499264848,9.920282971143113e-05
REACTOME_INTERACTION_WITH_CUMULUS_CELLS_AND_THE_ZONA_PELLUCIDA,,,
REACTOME_INTERCONVERSION_OF_NUCLEOTIDE_DI_AND_TRIPHOSPHATES,0.5353240910458607,0.5342284253554549,0.001095665690405756
REACTOME_INTERFERON_ALPHA_BETA_SIGNALING,0.9894845000505869,0.9821820877793941,0.007302412271192771
REACTOME_INTERFERON_GAMMA_SIGNALING,0.6623639081710282,0.6837582137972084,-0.021394305626180166
REACTOME_INTERFERON_SIGNALING,0.8828320962543377,0.8867852633211005,-0.003953167066762853
REACTOME_INTERLEUKIN_10_SIGNALING,0.5909316295411574,0.5731214367460422,0.0178101927951152
REACTOME_INTERLEUKIN_12_FAMILY_SIGNALING,0.5052795121848667,0.4748958534531125,0.030383658731754137
REACTOME_INTERLEUKIN_12_SIGNALING,0.49767325018690867,0.49161267996115987,0.006060570225748796
REACTOME_INTERLEUKIN_15_SIGNALING,0.4958117189419592,0.4956811456809979,0.0001305732609612753
REACTOME_INTERLEUKIN_17_SIGNALING,0.4831241861754616,0.4745740191073848,0.00855016706807682
REACTOME_INTERLEUKIN_18_SIGNALING,0.5090375584541177,0.5090495482000927,-1.1989745975049537e-05
REACTOME_INTERLEUKIN_1_FAMILY_SIGNALING,0.5272097430318223,0.5163311015981511,0.010878641433671232
REACTOME_INTERLEUKIN_1_PROCESSING,0.4468995502367072,0.4468995502367072,0.0
REACTOME_INTERLEUKIN_1_SIGNALING,0.5117419031438756,0.515597345568787,-0.003855442424911426
REACTOME_INTERLEUKIN_20_FAMILY_SIGNALING,0.5114045478256185,0.5113288317585706,7.571606704792622e-05
REACTOME_INTERLEUKIN_21_SIGNALING,0.49590057445665103,0.49588480711947835,1.576733717267853e-05
REACTOME_INTERLEUKIN_23_SIGNALING,0.4886539227163969,0.4888902685308915,-0.00023634581449460956
REACTOME_INTERLEUKIN_27_SIGNALING,0.4913913623899077,0.4913913623899077,0.0
REACTOME_INTERLEUKIN_2_FAMILY_SIGNALING,0.46923513304347714,0.46913987204805885,9.526099541828925e-05
REACTOME_INTERLEUKIN_2_SIGNALING,0.47106036656431044,0.4755864135483473,-0.004526046984036858
REACTOME_INTERLEUKIN_35_SIGNALLING,0.49223163006673526,0.49223163006673526,0.0
REACTOME_INTERLEUKIN_36_PATHWAY,0.5012135922330098,0.5012135922330098,0.0
REACTOME_INTERLEUKIN_37_SIGNALING,0.4969205240800087,0.4981663079597459,-0.0012457838797372278
REACTOME_INTERLEUKIN_3_INTERLEUKIN_5_AND_GM_CSF_SIGNALING,0.5318694838956359,0.5161139722258355,0.01575551166980038
REACTOME_INTERLEUKIN_4_AND_INTERLEUKIN_13_SIGNALING,0.5168593895149836,0.5051355531116183,0.011723836403365273
REACTOME_INTERLEUKIN_6_FAMILY_SIGNALING,0.49444595548092346,0.4923167079902295,0.0021292474906939862
REACTOME_INTERLEUKIN_6_SIGNALING,0.5176925947387023,0.5176924304956068,1.642430955683949e-07
REACTOME_INTERLEUKIN_7_SIGNALING,0.55247180931508,0.5743121170672227,-0.02184030775214274
REACTOME_INTERLEUKIN_9_SIGNALING,0.4975426769259474,0.4975426769259474,0.0
REACTOME_INTERLEUKIN_RECEPTOR_SHC_SIGNALING,0.4965135296892389,0.49680768907336675,-0.0002941593841278567
REACTOME_INTESTINAL_ABSORPTION,0.5004023955840944,0.5004023955840944,0.0
REACTOME_INTRACELLULAR_SIGNALING_BY_SECOND_MESSENGERS,0.43951181367737663,0.4587648820668877,-0.019253068389511074
REACTOME_INTRAFLAGELLAR_TRANSPORT,0.4831100612692444,0.48504500917790416,-0.0019349479086597787
REACTOME_INTRA_GOLGI_AND_RETROGRADE_GOLGI_TO_ER_TRAFFIC,0.4732884883985247,0.4747931193968468,-0.0015046309983220985
REACTOME_INTRA_GOLGI_TRAFFIC,0.4904592828226687,0.49044417245787825,1.5110364790460462e-05
REACTOME_INTRINSIC_PATHWAY_FOR_APOPTOSIS,0.5650460964671968,0.5606503763794778,0.004395720087719046
REACTOME_INTRINSIC_PATHWAY_OF_FIBRIN_CLOT_FORMATION,0.4975672312687319,0.497565753080872,1.4781878599490206e-06
REACTOME_INWARDLY_RECTIFYING_K_CHANNELS,0.4864744989600127,0.48709041056832053,-0.0006159116083078175
REACTOME_IONOTROPIC_ACTIVITY_OF_KAINATE_RECEPTORS,0.5005731262819174,0.5005923427240966,-1.9216442179170734e-05
REACTOME_ION_CHANNEL_TRANSPORT,0.49699780045646436,0.5121982525848578,-0.015200452128393493
REACTOME_ION_HOMEOSTASIS,0.491791704935308,0.4917604987471537,3.120618815427578e-05
REACTOME_ION_TRANSPORT_BY_P_TYPE_ATPASES,0.4919014193231345,0.49237016911783066,-0.00046874979469613276
REACTOME_IRAK1_RECRUITS_IKK_COMPLEX,0.5444457419648993,0.5438040441905903,0.0006416977743090024
REACTOME_IRAK2_MEDIATED_ACTIVATION_OF_TAK1_COMPLEX,0.5240177605913803,0.5494787252633474,-0.025460964671967123
REACTOME_IRAK4_DEFICIENCY_TLR2_4,0.4477768547315808,0.44374649340990996,0.004030361321670839
REACTOME_IRE1ALPHA_ACTIVATES_CHAPERONES,0.4916415046244286,0.49252710339562744,-0.0008855987711988145
REACTOME_IRF3_MEDIATED_ACTIVATION_OF_TYPE_1_IFN,0.4995939910678035,0.4995939910678035,0.0
REACTOME_IRF3_MEDIATED_INDUCTION_OF_TYPE_I_IFN,0.4995939910678035,0.4995939910678035,0.0
REACTOME_IRON_UPTAKE_AND_TRANSPORT,0.4417050338537868,0.47207079008812625,-0.030365756234339458
REACTOME_IRS_ACTIVATION,0.49734673491295767,0.49734673491295767,0.0
REACTOME_IRS_MEDIATED_SIGNALLING,0.4743562327626871,0.472688918978224,0.0016673137844631092
REACTOME_JNK_C_JUN_KINASES_PHOSPHORYLATION_AND_ACTIVATION_MEDIATED_BY_ACTIVATED_HUMAN_TAK1,0.5326996506220871,0.5509421312446867,-0.01824248062259959
REACTOME_JOSEPHIN_DOMAIN_DUBS,0.5398518625824007,0.5340751044257601,0.005776758156640582
REACTOME_KERATAN_SULFATE_BIOSYNTHESIS,0.49375260325306447,0.49375276749616004,-1.642430955683949e-07
REACTOME_KERATAN_SULFATE_DEGRADATION,,,
REACTOME_KERATAN_SULFATE_KERATIN_METABOLISM,0.4937383962252995,0.49375276749616004,-1.4371270860513707e-05
REACTOME_KERATINIZATION,0.4902848566551959,0.4901997787317016,8.507792349427001e-05
REACTOME_KETONE_BODY_METABOLISM,0.4931654341864777,0.49315377292669377,1.1661259783912747e-05
REACTOME_KILLING_MECHANISMS,0.4701587540912955,0.4706693858753566,-0.000510631784061133
REACTOME_KINESINS,0.48386213040376214,0.48786703404562287,-0.004004903641860735
REACTOME_KSRP_KHSRP_BINDS_AND_DESTABILIZES_MRNA,0.48483600983881836,0.48514265169820786,-0.0003066418593895004
REACTOME_L1CAM_INTERACTIONS,0.42358614616058765,0.42197697443194887,0.0016091717286387808
REACTOME_LAGGING_STRAND_SYNTHESIS,0.4947674613404602,0.49474298911922343,2.4472221236748748e-05
REACTOME_LAMININ_INTERACTIONS,0.4977628447955305,0.4977628447955305,0.0
REACTOME_LATE_ENDOSOMAL_MICROAUTOPHAGY,0.5199979929493724,0.5134732717356028,0.00652472121376968
REACTOME_LDL_CLEARANCE,0.4866251920001787,0.48660893193371935,1.6260066459328204e-05
REACTOME_LDL_REMODELING,,,
REACTOME_LECTIN_PATHWAY_OF_COMPLEMENT_ACTIVATION,0.5236709612951291,0.5236709612951291,0.0
REACTOME_LEISHMANIA_INFECTION,0.4663956162860826,0.4695646868146957,-0.003169070528613094
REACTOME_LEUKOTRIENE_RECEPTORS,0.49899047981320965,0.49899047981320965,0.0
REACTOME_LGI_ADAM_INTERACTIONS,0.4997911649040098,0.49979132914710533,-1.6424309551288374e-07
REACTOME_LIGAND_RECEPTOR_INTERACTIONS,,,
REACTOME_LINOLEIC_ACID_LA_METABOLISM,0.49832439193921163,0.49832439193921163,0.0
REACTOME_LIPID_PARTICLE_ORGANIZATION,0.49714956107675146,0.49715054653532476,-9.85458573299347e-07
REACTOME_LIPOPHAGY,0.46104219470821883,0.46104515108393873,-2.956375719898041e-06
REACTOME_LISTERIA_MONOCYTOGENES_ENTRY_INTO_HOST_CELLS,0.5372225769873086,0.5515775877813649,-0.014355010794056322
REACTOME_LONG_TERM_POTENTIATION,0.4985901372678095,0.4985730559858725,1.7081281937003645e-05
REACTOME_LOSS_OF_FUNCTION_OF_MECP2_IN_RETT_SYNDROME,0.4957551371955426,0.495690589658992,6.454753655060763e-05
REACTOME_LOSS_OF_FUNCTION_OF_SMAD2_3_IN_CANCER,0.5009902216230635,0.5009902216230635,0.0
REACTOME_LOSS_OF_MECP2_BINDING_ABILITY_TO_THE_NCOR_SMRT_COMPLEX,0.4957610499469824,0.495690589658992,7.046028799040371e-05
REACTOME_LRR_FLII_INTERACTING_PROTEIN_1_LRRFIP1_ACTIVATES_TYPE_I_IFN_PRODUCTION,,,
REACTOME_LTC4_CYSLTR_MEDIATED_IL4_PRODUCTION,0.4994352501159556,0.4994352501159556,0.0
REACTOME_LYSINE_CATABOLISM,0.5006067961165048,0.5006067961165048,0.0
REACTOME_LYSOSOME_VESICLE_BIOGENESIS,0.502769467077143,0.502818575762712,-4.910868556906589e-05
REACTOME_LYSOSPHINGOLIPID_AND_LPA_RECEPTORS,0.4621772787415562,0.462041942430824,0.00013533631073214814
REACTOME_MAP2K_AND_MAPK_ACTIVATION,0.4012227241491222,0.4124344505805665,-0.011211726431444302
REACTOME_MAP3K8_TPL2_DEPENDENT_MAPK1_3_ACTIVATION,0.5101503875480082,0.5129299555755276,-0.00277956802751933
REACTOME_MAPK1_ERK2_ACTIVATION,0.502623865572939,0.502623865572939,0.0
REACTOME_MAPK3_ERK1_ACTIVATION,0.4817909428473445,0.48250129423559285,-0.0007103513882483203
REACTOME_MAPK6_MAPK4_SIGNALING,0.5357324815029425,0.5387023251566551,-0.002969843653712556
REACTOME_MAPK_FAMILY_SIGNALING_CASCADES,0.4748120073528349,0.4444818918702296,0.030330115482605335
REACTOME_MAPK_TARGETS_NUCLEAR_EVENTS_MEDIATED_BY_MAP_KINASES,0.45434748189055635,0.45522363668376115,-0.0008761547932047975
REACTOME_MASTL_FACILITATES_MITOTIC_PROGRESSION,0.48725728155339804,0.4872561318517292,1.1497016688122308e-06
REACTOME_MATURATION_OF_PROTEIN_3A,0.4975746222080316,0.49748609517953085,8.852702850076222e-05
REACTOME_MATURATION_OF_SARS_COV_1_NUCLEOPROTEIN,0.49978820852828987,0.49978820852828987,0.0
REACTOME_MATURATION_OF_SARS_COV_1_SPIKE_PROTEIN,0.4985696890024138,0.4985696890024138,0.0
REACTOME_MATURATION_OF_SARS_COV_2_NUCLEOPROTEIN,0.47675697409032314,0.47654312957991873,0.000213844510404404
REACTOME_MATURATION_OF_SARS_COV_2_SPIKE_PROTEIN,0.47559766420039234,0.47731712516769215,-0.0017194609672998018
REACTOME_MECP2_REGULATES_NEURONAL_RECEPTORS_AND_CHANNELS,0.494069428184378,0.49471391809131127,-0.0006444899069332766
REACTOME_MECP2_REGULATES_TRANSCRIPTION_FACTORS,0.49911325152713226,0.49911325152713226,0.0
REACTOME_MECP2_REGULATES_TRANSCRIPTION_OF_NEURONAL_LIGANDS,,,
REACTOME_MEIOSIS,0.48756039218623326,0.4865020096785171,0.0010583825077161713
REACTOME_MEIOTIC_RECOMBINATION,0.49172280495672527,0.4909354235566646,0.0007873814000606827
REACTOME_MEIOTIC_SYNAPSIS,0.5126518098932157,0.4934329040675789,0.01921890582563679
REACTOME_MELANIN_BIOSYNTHESIS,,,
REACTOME_MEMBRANE_TRAFFICKING,0.45926590562985914,0.4608434605626049,-0.0015775549327457505
REACTOME_METABOLIC_DISORDERS_OF_BIOLOGICAL_OXIDATION_ENZYMES,0.46338922854361053,0.46334652533876786,4.2703204842675646e-05
REACTOME_METABOLISM_OF_AMINE_DERIVED_HORMONES,,,
REACTOME_METABOLISM_OF_AMINO_ACIDS_AND_DERIVATIVES,0.5586374130004323,0.5244754239771269,0.03416198902330547
REACTOME_METABOLISM_OF_ANGIOTENSINOGEN_TO_ANGIOTENSINS,0.4908919812578919,0.491709419144438,-0.0008174378865460907
REACTOME_METABOLISM_OF_CARBOHYDRATES,0.5160991082256884,0.5005809278289559,0.015518180396732473
REACTOME_METABOLISM_OF_COFACTORS,0.4780023473623216,0.47811600358444134,-0.00011365622211972903
REACTOME_METABOLISM_OF_FAT_SOLUBLE_VITAMINS,0.49620861238235264,0.49612829750862936,8.031487372328616e-05
REACTOME_METABOLISM_OF_FOLATE_AND_PTERINES,0.49757026976599955,0.49757026976599955,0.0
REACTOME_METABOLISM_OF_INGESTED_SEMET_SEC_MESEC_INTO_H2SE,0.49979288945651307,0.49979288945651307,0.0
REACTOME_METABOLISM_OF_LIPIDS,0.39094849730707026,0.4121511312407449,-0.02120263393367461
REACTOME_METABOLISM_OF_NITRIC_OXIDE_NOS3_ACTIVATION_AND_REGULATION,0.5017874576088571,0.5017882788243349,-8.212154777309522e-07
REACTOME_METABOLISM_OF_NUCLEOTIDES,0.5586227953649284,0.5285906168576485,0.030032178507279905
REACTOME_METABOLISM_OF_POLYAMINES,0.6853298559785144,0.628085388671431,0.057244467307083324
REACTOME_METABOLISM_OF_PORPHYRINS,0.5016631255855266,0.501636025474761,2.710011076556551e-05
REACTOME_METABOLISM_OF_RNA,0.4667838869639598,0.45987376932648516,0.006910117637474622
REACTOME_METABOLISM_OF_STEROIDS,0.45408682809792045,0.4521556577804582,0.0019311703174622608
REACTOME_METABOLISM_OF_STEROID_HORMONES,0.4977184991597323,0.4977155427840124,2.956375719898041e-06
REACTOME_METABOLISM_OF_VITAMINS_AND_COFACTORS,0.4869156559146567,0.4989635439455396,-0.012047888030882914
REACTOME_METABOLISM_OF_WATER_SOLUBLE_VITAMINS_AND_COFACTORS,0.5329827235972654,0.5274030571552834,0.005579666441982045
REACTOME_METALLOPROTEASE_DUBS,0.5607128708773341,0.551513450852553,0.009199420024781135
REACTOME_METALLOTHIONEINS_BIND_METALS,0.5030098368474786,0.5030097547259308,8.212154778419745e-08
REACTOME_METAL_ION_SLC_TRANSPORTERS,0.4878821444104133,0.48832133044791065,-0.0004391860374973744
REACTOME_METAL_SEQUESTRATION_BY_ANTIMICROBIAL_PROTEINS,0.4596262549814931,0.4578348555383429,0.00179139944315021
REACTOME_METHIONINE_SALVAGE_PATHWAY,0.49415401337858555,0.4941548345940633,-8.212154777309522e-07
REACTOME_METHYLATION,,,
REACTOME_MET_ACTIVATES_PI3K_AKT_SIGNALING,0.49726141062482015,0.49726141062482015,0.0
REACTOME_MET_ACTIVATES_PTK2_SIGNALING,0.4995939910678035,0.4995939910678035,0.0
REACTOME_MET_ACTIVATES_PTPN11,,,
REACTOME_MET_ACTIVATES_RAP1_AND_RAC1,0.49713477919815213,0.49713477919815213,0.0
REACTOME_MET_ACTIVATES_RAS_SIGNALING,0.4882340352426265,0.4882340352426265,0.0
REACTOME_MET_INTERACTS_WITH_TNS_PROTEINS,0.5002022653721683,0.5002022653721683,0.0
REACTOME_MET_PROMOTES_CELL_MOTILITY,0.4969301323010984,0.4969303786657417,-2.463646432970812e-07
REACTOME_MET_RECEPTOR_ACTIVATION,0.4978911186531541,0.4978911186531541,0.0
REACTOME_MET_RECEPTOR_RECYCLING,0.49713477919815213,0.49713477919815213,0.0
REACTOME_MHC_CLASS_II_ANTIGEN_PRESENTATION,0.49385796519885905,0.4927701831770396,0.0010877820218194723
REACTOME_MICRORNA_MIRNA_BIOGENESIS,0.48332094940392895,0.48319021189987216,0.0001307375040567882
REACTOME_MINERALOCORTICOID_BIOSYNTHESIS,,,
REACTOME_MIRO_GTPASE_CYCLE,0.5031656214236065,0.5032199858882332,-5.4364464626699416e-05
REACTOME_MISCELLANEOUS_SUBSTRATES,,,
REACTOME_MISCELLANEOUS_TRANSPORT_AND_BINDING_EVENTS,0.48302867881539996,0.4837815691653955,-0.0007528903499955386
REACTOME_MISMATCH_REPAIR,0.49946029718802676,0.49960384565353644,-0.0001435484655096797
REACTOME_MITOCHONDRIAL_BIOGENESIS,0.523851875064876,0.5231061292895369,0.0007457457753390351
REACTOME_MITOCHONDRIAL_CALCIUM_ION_TRANSPORT,0.4796487201521023,0.4796810760419254,-3.235588982308801e-05
REACTOME_MITOCHONDRIAL_FATTY_ACID_BETA_OXIDATION,0.49794162340503534,0.4979496713167172,-8.047911681852149e-06
REACTOME_MITOCHONDRIAL_FATTY_ACID_BETA_OXIDATION_OF_SATURATED_FATTY_ACIDS,0.49771045124805047,0.49763424245171584,7.62087963346314e-05
REACTOME_MITOCHONDRIAL_FATTY_ACID_BETA_OXIDATION_OF_UNSATURATED_FATTY_ACIDS,0.4982432558500106,0.4982432558500106,0.0
REACTOME_MITOCHONDRIAL_IRON_SULFUR_CLUSTER_BIOGENESIS,0.4723227389966981,0.4729879235336705,-0.0006651845369723963
REACTOME_MITOCHONDRIAL_PROTEIN_IMPORT,0.49308980024097754,0.48563546310640193,0.007454337134575606
REACTOME_MITOCHONDRIAL_TRANSLATION,0.4753329864519155,0.4732278826962672,0.0021051037556483188
REACTOME_MITOCHONDRIAL_TRNA_AMINOACYLATION,0.4900829197692187,0.49024781983714966,-0.000164900067930962
REACTOME_MITOCHONDRIAL_UNCOUPLING,,,
REACTOME_MITOPHAGY,0.5247561975489674,0.5384414249993759,-0.013685227450408455
REACTOME_MITOTIC_G1_PHASE_AND_G1_S_TRANSITION,0.5108830759972512,0.5037003969427134,0.007182679054537844
REACTOME_MITOTIC_G2_G2_M_PHASES,0.45011469095362167,0.49709823510939244,-0.04698354415577077
REACTOME_MITOTIC_METAPHASE_AND_ANAPHASE,0.4723200289856215,0.4834634302893175,-0.01114340130369601
REACTOME_MITOTIC_PROMETAPHASE,0.49056324870215107,0.47729519871443643,0.013268049987714636
REACTOME_MITOTIC_PROPHASE,0.4787988442541853,0.4890525407092937,-0.01025369645510843
REACTOME_MITOTIC_SPINDLE_CHECKPOINT,0.49240186803527164,0.4887320203083304,0.0036698477269412333
REACTOME_MITOTIC_TELOPHASE_CYTOKINESIS,0.4833294079233497,0.48356378282069784,-0.0002343748973481219
REACTOME_MODULATION_BY_MTB_OF_HOST_IMMUNE_SYSTEM,0.700597894140726,0.6572515954574303,0.04334629868329576
REACTOME_MOLECULES_ASSOCIATED_WITH_ELASTIC_FIBRES,0.4960644890660087,0.4960626823919576,1.8066740510858104e-06
REACTOME_MOLYBDENUM_COFACTOR_BIOSYNTHESIS,0.49655146984431064,0.4965884245408091,-3.695469649844796e-05
REACTOME_MRNA_CAPPING,0.49067953281379967,0.4911757112054524,-0.000496178391652724
REACTOME_MRNA_DECAY_BY_3_TO_5_EXORIBONUCLEASE,0.4749585121940644,0.47470048629095735,0.00025802590310702866
REACTOME_MRNA_DECAY_BY_5_TO_3_EXORIBONUCLEASE,0.5062110169012715,0.5055977331824925,0.0006132837187790008
REACTOME_MRNA_EDITING,0.6489976408121755,0.6399491601922038,0.009048480619971655
REACTOME_MRNA_EDITING_C_TO_U_CONVERSION,0.6417064791930277,0.641977151814492,-0.00027067262146429627
REACTOME_MRNA_SPLICING,0.443176898354547,0.4344046746212883,0.0087722237332587
REACTOME_MRNA_SPLICING_MINOR_PATHWAY,0.4628064940406035,0.4576678203101698,0.005138673730433696
REACTOME_MTORC1_MEDIATED_SIGNALLING,0.4831536678111125,0.4831267319434426,2.6935867669941604e-05
REACTOME_MTOR_SIGNALLING,0.48289227492454667,0.4832900717019657,-0.00039779677741902386
REACTOME_MUCOPOLYSACCHARIDOSES,0.4934989297919894,0.4934989297919894,0.0
REACTOME_MULTIFUNCTIONAL_ANION_EXCHANGERS,0.4999947442209424,0.4999947442209424,0.0
REACTOME_MUSCARINIC_ACETYLCHOLINE_RECEPTORS,,,
REACTOME_MUSCLE_CONTRACTION,0.5365171528919267,0.5305763158828328,0.005940837009093869
REACTOME_MYD88_INDEPENDENT_TLR4_CASCADE,0.47034393818152676,0.4585235268379788,0.011820411343547943
REACTOME_MYOCLONIC_EPILEPSY_OF_LAFORA,0.5380647334597348,0.5444928797333218,-0.00642814627358701
REACTOME_MYOGENESIS,0.4932101904300147,0.4931715933025608,3.859712745390986e-05
REACTOME_M_PHASE,0.4611281759687386,0.4751423823395312,-0.014014206370792592
REACTOME_NADE_MODULATES_DEATH_SIGNALLING,0.5129600120620129,0.5129600120620129,0.0
REACTOME_NA_CL_DEPENDENT_NEUROTRANSMITTER_TRANSPORTERS,,,
REACTOME_NCAM1_INTERACTIONS,0.5000849136803986,0.5000847494373031,1.642430955683949e-07
REACTOME_NCAM_SIGNALING_FOR_NEURITE_OUT_GROWTH,0.47477809115360414,0.474761009871667,1.708128193717018e-05
REACTOME_NECTIN_NECL_TRANS_HETERODIMERIZATION,0.49937965382811234,0.49937965382811234,0.0
REACTOME_NEDDYLATION,0.4815648622263217,0.47851018701375836,0.0030546752125633625
REACTOME_NEF_AND_SIGNAL_TRANSDUCTION,0.46997036726070107,0.4676650511715788,0.002305316089122267
REACTOME_NEF_MEDIATED_CD4_DOWN_REGULATION,0.4779444516711406,0.48593701342982937,-0.007992561758688788
REACTOME_NEF_MEDIATED_CD8_DOWN_REGULATION,0.5120891951694134,0.5133015555792065,-0.0012123604097931118
REACTOME_NEF_MEDIATED_DOWNREGULATION_OF_MHC_CLASS_I_COMPLEX_CELL_SURFACE_EXPRESSION,0.7633544418559732,0.7633633109831328,-8.869127159583101e-06
REACTOME_NEF_MEDIATES_DOWN_MODULATION_OF_CELL_SURFACE_RECEPTORS_BY_RECRUITING_THEM_TO_CLATHRIN_ADAPTERS,0.6760332861627163,0.637689585805192,0.038343700357524324
REACTOME_NEGATIVE_EPIGENETIC_REGULATION_OF_RRNA_EXPRESSION,0.4939170927132565,0.4951901409468548,-0.0012730482335983062
REACTOME_NEGATIVE_FEEDBACK_REGULATION_OF_MAPK_PATHWAY,0.47635876670516525,0.4763696067494715,-1.0840044306237306e-05
REACTOME_NEGATIVE_REGULATION_OF_ACTIVITY_OF_TFAP2_AP_2_FAMILY_TRANSCRIPTION_FACTORS,0.49938630567348213,0.49938630567348213,0.0
REACTOME_NEGATIVE_REGULATION_OF_FGFR1_SIGNALING,0.5420890177868702,0.5432390479419027,-0.0011500301550324554
REACTOME_NEGATIVE_REGULATION_OF_FGFR2_SIGNALING,0.5333997368168637,0.5432390479419027,-0.009839311125038996
REACTOME_NEGATIVE_REGULATION_OF_FGFR3_SIGNALING,0.5538951399811054,0.5444685717551805,0.009426568225924914
REACTOME_NEGATIVE_REGULATION_OF_FGFR4_SIGNALING,0.5528415205231603,0.5444685717551805,0.008372948767979782
REACTOME_NEGATIVE_REGULATION_OF_FLT3,0.533107712592978,0.54721750844538,-0.014109795852402018
REACTOME_NEGATIVE_REGULATION_OF_MAPK_PATHWAY,0.46878740636501126,0.4646094726219899,0.004177933743021334
REACTOME_NEGATIVE_REGULATION_OF_MET_ACTIVITY,0.553579382629913,0.5515775877813649,0.002001794848548122
REACTOME_NEGATIVE_REGULATION_OF_NMDA_RECEPTOR_MEDIATED_NEURONAL_TRANSMISSION,0.49894096051990167,0.4989465447851503,-5.5842652486592925e-06
REACTOME_NEGATIVE_REGULATION_OF_NOTCH4_SIGNALING,0.5391816686310141,0.5388783116335355,0.0003033569974786321
REACTOME_NEGATIVE_REGULATION_OF_TCF_DEPENDENT_SIGNALING_BY_DVL_INTERACTING_PROTEINS,0.4972834191996237,0.4972027758397093,8.064335991442295e-05
REACTOME_NEGATIVE_REGULATION_OF_TCF_DEPENDENT_SIGNALING_BY_WNT_LIGAND_ANTAGONISTS,0.4995933340954213,0.4995933340954213,0.0
REACTOME_NEGATIVE_REGULATION_OF_THE_PI3K_AKT_NETWORK,0.441822549788652,0.4288790441577417,0.01294350563091029
REACTOME_NEGATIVE_REGULATORS_OF_DDX58_IFIH1_SIGNALING,0.831528465956348,0.7080204502363131,0.12350801572003489
REACTOME_NEPHRIN_FAMILY_INTERACTIONS,0.47343499323975413,0.4747681544463233,-0.0013331612065691778
REACTOME_NERVOUS_SYSTEM_DEVELOPMENT,0.4163774345754053,0.4045931567128781,0.011784277862527226
REACTOME_NETRIN_1_SIGNALING,0.48911470672095886,0.4852883353239597,0.003826371396999151
REACTOME_NETRIN_MEDIATED_REPULSION_SIGNALS,,,
REACTOME_NEUREXINS_AND_NEUROLIGINS,0.4955792328402098,0.49557874011092323,4.927292865941624e-07
REACTOME_NEUROFASCIN_INTERACTIONS,,,
REACTOME_NEURONAL_SYSTEM,0.4787878399667834,0.4687178494140463,0.010069990552737107
REACTOME_NEUROTOXICITY_OF_CLOSTRIDIUM_TOXINS,0.499585450426835,0.499585450426835,0.0
REACTOME_NEUROTRANSMITTER_CLEARANCE,0.4989773403655656,0.4989773403655656,0.0
REACTOME_NEUROTRANSMITTER_RECEPTORS_AND_POSTSYNAPTIC_SIGNAL_TRANSMISSION,0.46084477450736927,0.46051645255936735,0.0003283219480019195
REACTOME_NEUROTRANSMITTER_RELEASE_CYCLE,0.4997914933902009,0.49979132914710533,1.642430955683949e-07
REACTOME_NEUTROPHIL_DEGRANULATION,0.48172064680244975,0.492562908390457,-0.010842261588007274
REACTOME_NF_KB_ACTIVATION_THROUGH_FADD_RIP_1_PATHWAY_MEDIATED_BY_CASPASE_8_AND_10,0.510448160280238,0.51061634521008,-0.00016818492984205236
REACTOME_NF_KB_IS_ACTIVATED_AND_SIGNALS_SURVIVAL,0.5244925873806117,0.5400895223416599,-0.015596934961048192
REACTOME_NGF_INDEPENDANT_TRKA_ACTIVATION,,,
REACTOME_NGF_STIMULATED_TRANSCRIPTION,0.4330022028283975,0.4220405365099262,0.010961666318471341
REACTOME_NICOTINAMIDE_SALVAGING,0.49978820852828987,0.49978820852828987,0.0
REACTOME_NICOTINATE_METABOLISM,0.5860121382217335,0.5859980133155163,1.4124906217216626e-05
REACTOME_NITRIC_OXIDE_STIMULATES_GUANYLATE_CYCLASE,0.4993845811209789,0.4993812962590679,3.2848619109793198e-06
REACTOME_NOD1_2_SIGNALING_PATHWAY,0.5240888778517528,0.540399202698317,-0.01631032484656414
REACTOME_NONCANONICAL_ACTIVATION_OF_NOTCH3,,,
REACTOME_NONHOMOLOGOUS_END_JOINING_NHEJ,0.5024774428532574,0.501969110472534,0.000508332380723342
REACTOME_NONSENSE_MEDIATED_DECAY_NMD,0.4094095854898452,0.4331522388961813,-0.023742653406336134
REACTOME_NON_INTEGRIN_MEMBRANE_ECM_INTERACTIONS,0.46571376107491197,0.4657027567875102,1.100428740175019e-05
REACTOME_NOREPINEPHRINE_NEUROTRANSMITTER_RELEASE_CYCLE,0.4995885710456504,0.4995885710456504,0.0
REACTOME_NOSTRIN_MEDIATED_ENOS_TRAFFICKING,0.5028151266577057,0.5028151266577057,0.0
REACTOME_NOTCH1_INTRACELLULAR_DOMAIN_REGULATES_TRANSCRIPTION,0.5391839680343519,0.5378375031370431,0.001346464897308719
REACTOME_NOTCH2_ACTIVATION_AND_TRANSMISSION_OF_SIGNAL_TO_THE_NUCLEUS,0.5413361274368749,0.5451398332866884,-0.003803705849813488
REACTOME_NOTCH2_INTRACELLULAR_DOMAIN_REGULATES_TRANSCRIPTION,0.506858709548568,0.5068608447088102,-2.135160242167089e-06
REACTOME_NOTCH3_ACTIVATION_AND_TRANSMISSION_OF_SIGNAL_TO_THE_NUCLEUS,0.5469772207965922,0.5451372053971595,0.0018400153994326818
REACTOME_NOTCH3_INTRACELLULAR_DOMAIN_REGULATES_TRANSCRIPTION,0.5001971738362062,0.500189947140002,7.226696204232219e-06
REACTOME_NOTCH4_ACTIVATION_AND_TRANSMISSION_OF_SIGNAL_TO_THE_NUCLEUS,,,
REACTOME_NOTCH4_INTRACELLULAR_DOMAIN_REGULATES_TRANSCRIPTION,0.5094373261486833,0.5093226844679902,0.00011464168069308389
REACTOME_NOTCH_HLH_TRANSCRIPTION_PATHWAY,0.49548019425359396,0.4957554656817337,-0.0002752714281397117
REACTOME_NR1H2_AND_NR1H3_MEDIATED_SIGNALING,0.48033977297662367,0.4807126048035193,-0.00037283182689562544
REACTOME_NR1H2_NR1H3_REGULATE_GENE_EXPRESSION_LINKED_TO_GLUCONEOGENESIS,0.49608682612700317,0.49608682612700317,0.0
REACTOME_NR1H2_NR1H3_REGULATE_GENE_EXPRESSION_LINKED_TO_LIPOGENESIS,0.49608682612700317,0.49608682612700317,0.0
REACTOME_NR1H2_NR1H3_REGULATE_GENE_EXPRESSION_LINKED_TO_TRIGLYCERIDE_LIPOLYSIS_IN_ADIPOSE,0.49608682612700317,0.49608682612700317,0.0
REACTOME_NR1H2_NR1H3_REGULATE_GENE_EXPRESSION_TO_CONTROL_BILE_ACID_HOMEOSTASIS,0.4934102385203931,0.4934023548518068,7.883668586339265e-06
REACTOME_NR1H2_NR1H3_REGULATE_GENE_EXPRESSION_TO_LIMIT_CHOLESTEROL_UPTAKE,0.4973404115537791,0.49735782132190726,-1.7409768128140435e-05
REACTOME_NR1H3_NR1H2_REGULATE_GENE_EXPRESSION_LINKED_TO_CHOLESTEROL_TRANSPORT_AND_EFFLUX,0.4807253336434243,0.47973314110321436,0.0009921925402099352
REACTOME_NRAGE_SIGNALS_DEATH_THROUGH_JNK,0.45592175196139106,0.4551841362192816,0.0007376157421094542
REACTOME_NRCAM_INTERACTIONS,0.49876456343528225,0.49876456343528225,0.0
REACTOME_NRIF_SIGNALS_CELL_DEATH_FROM_THE_NUCLEUS,0.5629156171532861,0.553683512752491,0.009232104400795138
REACTOME_NS1_MEDIATED_EFFECTS_ON_HOST_PATHWAYS,0.8266568514992768,0.8234022103178827,0.003254641181394069
REACTOME_NTRK2_ACTIVATES_RAC1,0.4813995515506519,0.4813995515506519,0.0
REACTOME_NUCLEAR_ENVELOPE_BREAKDOWN,0.5086611954006677,0.5063742745382469,0.0022869208624207715
REACTOME_NUCLEAR_ENVELOPE_NE_REASSEMBLY,0.47610829598445353,0.47861431713633623,-0.002506021151882698
REACTOME_NUCLEAR_EVENTS_KINASE_AND_TRANSCRIPTION_FACTOR_ACTIVATION,0.4165445519251261,0.4301888007231952,-0.01364424879806908
REACTOME_NUCLEAR_EVENTS_STIMULATED_BY_ALK_SIGNALING_IN_CANCER,0.47533044068393454,0.4756966206654604,-0.0003661799815258826
REACTOME_NUCLEAR_IMPORT_OF_REV_PROTEIN,0.5097970185279351,0.5089285010386734,0.0008685174892617553
REACTOME_NUCLEAR_PORE_COMPLEX_NPC_DISASSEMBLY,0.5091162308968855,0.5089285010386734,0.00018772985821213783
REACTOME_NUCLEAR_RECEPTOR_TRANSCRIPTION_PATHWAY,0.49367237050088897,0.49311000214173006,0.0005623683591589046
REACTOME_NUCLEAR_SIGNALING_BY_ERBB4,0.4807917699755738,0.48101530482861565,-0.00022353485304182907
REACTOME_NUCLEOTIDE_BINDING_DOMAIN_LEUCINE_RICH_REPEAT_CONTAINING_RECEPTOR_NLR_SIGNALING_PATHWAYS,0.5402382444646792,0.5618989523918393,-0.021660707927160128
REACTOME_NUCLEOTIDE_BIOSYNTHESIS,0.5071838287562067,0.507165926258792,1.7902497414734597e-05
REACTOME_NUCLEOTIDE_CATABOLISM,0.5737453962660318,0.5608966589012532,0.01284873736477865
REACTOME_NUCLEOTIDE_EXCISION_REPAIR,0.448940763428187,0.45344923640100016,-0.004508472972813149
REACTOME_NUCLEOTIDE_LIKE_PURINERGIC_RECEPTORS,0.49976923845075405,0.4997606978097855,8.540640968557334e-06
REACTOME_NUCLEOTIDE_SALVAGE,0.5617880061807962,0.5631816088465273,-0.0013936026657311862
REACTOME_N_GLYCAN_ANTENNAE_ELONGATION,0.5011565177573066,0.5011517547075357,4.76304977092834e-06
REACTOME_N_GLYCAN_ANTENNAE_ELONGATION_IN_THE_MEDIAL_TRANS_GOLGI,0.4801952390525407,0.48139733426886194,-0.0012020952163212528
REACTOME_N_GLYCAN_TRIMMING_AND_ELONGATION_IN_THE_CIS_GOLGI,0.4993592055627166,0.4993592055627166,0.0
REACTOME_N_GLYCAN_TRIMMING_IN_THE_ER_AND_CALNEXIN_CALRETICULIN_CYCLE,0.5318675951000371,0.52726813145229,0.004599463647747104
REACTOME_OAS_ANTIVIRAL_RESPONSE,0.7245085682338087,0.7248961819393037,-0.0003876137054950046
REACTOME_OLFACTORY_SIGNALING_PATHWAY,0.49958955650422365,0.49958955650422365,0.0
REACTOME_ONCOGENE_INDUCED_SENESCENCE,0.549617182192895,0.5334944229614476,0.01612275923144746
REACTOME_ONCOGENIC_MAPK_SIGNALING,0.4158822416423258,0.42928858431649247,-0.013406342674166682
REACTOME_OPIOID_SIGNALLING,0.5019823320417257,0.49893660807786966,0.0030457239638560507
REACTOME_OPSINS,,,
REACTOME_ORC1_REMOVAL_FROM_CHROMATIN,0.5219248929463502,0.5154207021195243,0.006504190826825962
REACTOME_OREXIN_AND_NEUROPEPTIDES_FF_AND_QRFP_BIND_TO_THEIR_RESPECTIVE_RECEPTORS,,,
REACTOME_ORGANELLE_BIOGENESIS_AND_MAINTENANCE,0.4869706773516655,0.4843606903203003,0.0026099870313651685
REACTOME_ORGANIC_ANION_TRANSPORT,,,
REACTOME_ORGANIC_ANION_TRANSPORTERS,,,
REACTOME_ORGANIC_CATION_ANION_ZWITTERION_TRANSPORT,,,
REACTOME_ORGANIC_CATION_TRANSPORT,,,
REACTOME_OTHER_INTERLEUKIN_SIGNALING,0.5020237213018041,0.5039535776745019,-0.0019298563726978246
REACTOME_OTHER_SEMAPHORIN_INTERACTIONS,0.4984100447135404,0.49852673943292763,-0.00011669471938724474
REACTOME_OVARIAN_TUMOR_DOMAIN_PROTEASES,0.5427130594284078,0.5410335095333263,0.0016795498950814558
REACTOME_OXIDATIVE_STRESS_INDUCED_SENESCENCE,0.5295129239607025,0.5131357521742501,0.01637717178645237
REACTOME_O_GLYCOSYLATION_OF_TSR_DOMAIN_CONTAINING_PROTEINS,0.45518898139060027,0.45399690500310746,0.001192076387492802
REACTOME_O_LINKED_GLYCOSYLATION,0.4606995014893564,0.45990472914999597,0.0007947723393604278
REACTOME_O_LINKED_GLYCOSYLATION_OF_MUCINS,0.493461975095491,0.4942041896442758,-0.0007422145487848142
REACTOME_P130CAS_LINKAGE_TO_MAPK_SIGNALING_FOR_INTEGRINS,0.5004037095288588,0.5004023955840944,1.3139447644361368e-06
REACTOME_P2Y_RECEPTORS,0.5006124625033013,0.5006124625033013,0.0
REACTOME_P38MAPK_EVENTS,0.486151186426425,0.4861515149126161,-3.2848619108127863e-07
REACTOME_P75NTR_NEGATIVELY_REGULATES_CELL_CYCLE_VIA_SC1,,,
REACTOME_P75NTR_RECRUITS_SIGNALLING_COMPLEXES,0.5522811230811479,0.5426175520683462,0.009663571012801686
REACTOME_P75NTR_REGULATES_AXONOGENESIS,0.5002022653721683,0.5002022653721683,0.0
REACTOME_P75NTR_SIGNALS_VIA_NF_KB,0.5480284587296519,0.5391087446965904,0.008919714033061465
REACTOME_P75_NTR_RECEPTOR_MEDIATED_SIGNALLING,0.49866273271604206,0.4953604610369389,0.0033022716791031304
REACTOME_PARASITE_INFECTION,0.4339553876334147,0.42771784547221203,0.006237542161202647
REACTOME_PASSIVE_TRANSPORT_BY_AQUAPORINS,0.4912209601782761,0.4912222741230405,-1.3139447643806257e-06
REACTOME_PCNA_DEPENDENT_LONG_PATCH_BASE_EXCISION_REPAIR,0.49904574761486176,0.4986032767154534,0.0004424708994083537
REACTOME_PCP_CE_PATHWAY,0.5114981663900813,0.5284431265578458,-0.016944960167764478
REACTOME_PD_1_SIGNALING,0.4451854271700127,0.4467785851968355,-0.0015931580268228052
REACTOME_PECAM1_INTERACTIONS,0.45601791629383476,0.4583454052008561,-0.0023274889070213356
REACTOME_PENTOSE_PHOSPHATE_PATHWAY,0.5068777617476515,0.5072611051326623,-0.00038334338501078147
REACTOME_PEPTIDE_HORMONE_BIOSYNTHESIS,,,
REACTOME_PEPTIDE_HORMONE_METABOLISM,0.4873351327806882,0.48595729745212973,0.0013778353285584521
REACTOME_PEPTIDE_LIGAND_BINDING_RECEPTORS,0.551528396974248,0.6001233301404476,-0.04859493316619956
REACTOME_PERK_REGULATES_GENE_EXPRESSION,0.5855199016643737,0.5547322049175696,0.03078769674680415
REACTOME_PEROXISOMAL_LIPID_METABOLISM,0.4941158268588705,0.4940698387921169,4.5988066753599455e-05
REACTOME_PEROXISOMAL_PROTEIN_IMPORT,0.5269555768414607,0.5223007632705137,0.004654813570946992
REACTOME_PEXOPHAGY,0.557268611042129,0.5482114255380932,0.00905718550403578
REACTOME_PHASE_0_RAPID_DEPOLARISATION,0.49468952799162236,0.4946890352623357,4.927292866496735e-07
REACTOME_PHASE_1_INACTIVATION_OF_FAST_NA_CHANNELS,0.5004045307443366,0.5004045307443366,0.0
REACTOME_PHASE_2_PLATEAU_PHASE,0.5002022653721683,0.5002022653721683,0.0
REACTOME_PHASE_3_RAPID_REPOLARISATION,,,
REACTOME_PHASE_4_RESTING_MEMBRANE_POTENTIAL,0.4991814124117851,0.4991814124117851,0.0
REACTOME_PHASE_II_CONJUGATION_OF_COMPOUNDS,0.46633180784346195,0.46530923033057536,0.001022577512886591
REACTOME_PHASE_I_FUNCTIONALIZATION_OF_COMPOUNDS,0.4993055801920199,0.49797866022308157,0.001326919968938356
REACTOME_PHENYLALANINE_AND_TYROSINE_METABOLISM,0.5730907232871744,0.5706180434836878,0.0024726798034865327
REACTOME_PHENYLALANINE_METABOLISM,0.5737995964875628,0.5717189649531513,0.0020806315344115145
REACTOME_PHOSPHATE_BOND_HYDROLYSIS_BY_NTPDASE_PROTEINS,0.4993757941153669,0.4993757941153669,0.0
REACTOME_PHOSPHATE_BOND_HYDROLYSIS_BY_NUDT_PROTEINS,0.4910356118449492,0.4910126178115724,2.2994033376799727e-05
REACTOME_PHOSPHOLIPASE_C_MEDIATED_CASCADE_FGFR2,0.4993776829109658,0.4993824459607367,-4.76304977092834e-06
REACTOME_PHOSPHOLIPASE_C_MEDIATED_CASCADE_FGFR4,0.500400753153139,0.5004004246669479,3.284861911367898e-07
REACTOME_PHOSPHOLIPID_METABOLISM,0.4722230434376999,0.47744909449496564,-0.005226051057265757
REACTOME_PHOSPHORYLATION_OF_EMI1,,,
REACTOME_PHOSPHORYLATION_OF_THE_APC_C,0.4956937102778073,0.4961948159623265,-0.0005011056845192208
REACTOME_PHYSIOLOGICAL_FACTORS,0.4997969955339017,0.4997969955339017,0.0
REACTOME_PI3K_AKT_ACTIVATION,0.49149122219200153,0.49149549251248575,-4.270320484223156e-06
REACTOME_PI3K_AKT_SIGNALING_IN_CANCER,0.49033749656731934,0.4862987588477756,0.004038737719543717
REACTOME_PI3K_EVENTS_IN_ERBB2_SIGNALING,0.49685137773678273,0.4968216497364884,2.9728000294326762e-05
REACTOME_PI3K_EVENTS_IN_ERBB4_SIGNALING,0.497042720943097,0.497042720943097,0.0
REACTOME_PI5P_REGULATES_TP53_ACETYLATION,0.4953341000201034,0.4953217817879373,1.2318232166130816e-05
REACTOME_PINK1_PRKN_MEDIATED_MITOPHAGY,0.5351210044582146,0.5370868300688376,-0.0019658256106229732
REACTOME_PIWI_INTERACTING_RNA_PIRNA_BIOGENESIS,0.482500555141663,0.48349668951616614,-0.0009961343745031326
REACTOME_PI_3K_CASCADE_FGFR1,0.49574290108492414,0.4957433938142108,-4.927292866496735e-07
REACTOME_PI_3K_CASCADE_FGFR2,0.4957422441125419,0.4957433938142108,-1.149701668867742e-06
REACTOME_PI_3K_CASCADE_FGFR3,0.497042720943097,0.497042720943097,0.0
REACTOME_PI_3K_CASCADE_FGFR4,0.497042720943097,0.497042720943097,0.0
REACTOME_PI_METABOLISM,0.47579812289850965,0.4765181646293954,-0.0007200417308857454
REACTOME_PKA_ACTIVATION_IN_GLUCAGON_SIGNALLING,0.49669000889540604,0.4967038053154322,-1.3796420026135348e-05
REACTOME_PKA_MEDIATED_PHOSPHORYLATION_OF_CREB,0.4967359969621597,0.4967038053154322,3.219164672751962e-05
REACTOME_PKA_MEDIATED_PHOSPHORYLATION_OF_KEY_METABOLIC_FACTORS,0.49916860145033226,0.49916860145033226,0.0
REACTOME_PKMTS_METHYLATE_HISTONE_LYSINES,0.4745355041014786,0.47744145719102266,-0.0029059530895440555
REACTOME_PLASMA_LIPOPROTEIN_ASSEMBLY,0.4985526898420244,0.4985526898420244,0.0
REACTOME_PLASMA_LIPOPROTEIN_ASSEMBLY_REMODELING_AND_CLEARANCE,0.4813049475276158,0.4810621962323947,0.00024275129522111083
REACTOME_PLASMA_LIPOPROTEIN_CLEARANCE,0.48738465207399606,0.48711282975086284,0.0002718223231332195
REACTOME_PLASMA_LIPOPROTEIN_REMODELING,0.4914706918050579,0.4914677354293381,2.95637571984253e-06
REACTOME_PLATELET_ACTIVATION_SIGNALING_AND_AGGREGATION,0.42958266157907254,0.41760186685272127,0.011980794726351274
REACTOME_PLATELET_ADHESION_TO_EXPOSED_COLLAGEN,0.4792179105124779,0.4776269697674449,0.0015909407450330204
REACTOME_PLATELET_AGGREGATION_PLUG_FORMATION,0.49346189297394316,0.4934500674710636,1.1825502879536653e-05
REACTOME_PLATELET_CALCIUM_HOMEOSTASIS,0.49343421801234316,0.4933417491495492,9.24688627939596e-05
REACTOME_PLATELET_HOMEOSTASIS,0.4884152774985645,0.4881807383581208,0.00023453914044369029
REACTOME_PLATELET_SENSITIZATION_BY_LDL,0.5003915555397882,0.5003915555397882,0.0
REACTOME_POLB_DEPENDENT_LONG_PATCH_BASE_EXCISION_REPAIR,0.49502597997285397,0.49484202770583935,0.00018395226701461986
REACTOME_POLO_LIKE_KINASE_MEDIATED_EVENTS,0.4989966389292927,0.49897742248711346,1.9216442179226245e-05
REACTOME_POLYMERASE_SWITCHING,0.4984175998959356,0.4986864658433489,-0.0002688659474133215
REACTOME_POLYMERASE_SWITCHING_ON_THE_C_STRAND_OF_THE_TELOMERE,0.49833933806090663,0.4978771579900324,0.00046218007087422963
REACTOME_POSITIVE_EPIGENETIC_REGULATION_OF_RRNA_EXPRESSION,0.39976670910708256,0.40917291118915944,-0.009406202082076875
REACTOME_POSTMITOTIC_NUCLEAR_PORE_COMPLEX_NPC_REFORMATION,0.5145070999005343,0.5140298094648698,0.00047729043566457907
REACTOME_POST_CHAPERONIN_TUBULIN_FOLDING_PATHWAY,0.4763475160531202,0.47838987894626883,-0.0020423628931486304
REACTOME_POST_TRANSLATIONAL_MODIFICATION_SYNTHESIS_OF_GPI_ANCHORED_PROTEINS,0.6336090482178312,0.6204559683970006,0.013153079820830582
REACTOME_POST_TRANSLATIONAL_PROTEIN_MODIFICATION,0.42430889790255,0.43088190658641096,-0.006573008683860959
REACTOME_POTASSIUM_CHANNELS,0.4877584693594651,0.48779082524928824,-3.2355889823143524e-05
REACTOME_POTENTIAL_THERAPEUTICS_FOR_SARS,0.5034040202767956,0.49930911141857415,0.004094908858221502
REACTOME_POU5F1_OCT4_SOX2_NANOG_ACTIVATE_GENES_RELATED_TO_PROLIFERATION,0.49938844083372413,0.4993864699165776,1.970917146543183e-06
REACTOME_POU5F1_OCT4_SOX2_NANOG_REPRESS_GENES_RELATED_TO_DIFFERENTIATION,0.49301227749987847,0.49302180359942027,-9.52609954180117e-06
REACTOME_PP2A_MEDIATED_DEPHOSPHORYLATION_OF_KEY_METABOLIC_FACTORS,,,
REACTOME_PRC2_METHYLATES_HISTONES_AND_DNA,0.48412303056104133,0.48351336019036434,0.0006096703706769957
REACTOME_PREGNENOLONE_BIOSYNTHESIS,0.4979655207754376,0.4979655207754376,0.0
REACTOME_PRESYNAPTIC_DEPOLARIZATION_AND_CALCIUM_CHANNEL_OPENING,0.5002022653721683,0.5002022653721683,0.0
REACTOME_PRESYNAPTIC_FUNCTION_OF_KAINATE_RECEPTORS,0.49700322047861756,0.4971078433304821,-0.00010462285186452203
REACTOME_PRESYNAPTIC_NICOTINIC_ACETYLCHOLINE_RECEPTORS,0.5001988983887096,0.5001980771732318,8.212154777309522e-07
REACTOME_PREVENTION_OF_PHAGOSOMAL_LYSOSOMAL_FUSION,0.5601541979878251,0.5515775877813649,0.008576610206460167
REACTOME_PRE_NOTCH_EXPRESSION_AND_PROCESSING,0.4655131381336991,0.4679953440367273,-0.002482205903028223
REACTOME_PRE_NOTCH_PROCESSING_IN_GOLGI,0.5008075833008133,0.5008079117870045,-3.284861911367898e-07
REACTOME_PRE_NOTCH_PROCESSING_IN_THE_ENDOPLASMIC_RETICULUM,,,
REACTOME_PROCESSING_AND_ACTIVATION_OF_SUMO,0.4974057803058075,0.4974199052120247,-1.4124906217216626e-05
REACTOME_PROCESSING_OF_CAPPED_INTRONLESS_PRE_MRNA,0.488675684926557,0.4868668757152787,0.001808809211278295
REACTOME_PROCESSING_OF_CAPPED_INTRON_CONTAINING_PRE_MRNA,0.44424275392311063,0.4439164028922552,0.0003263510308554318
REACTOME_PROCESSING_OF_DNA_DOUBLE_STRAND_BREAK_ENDS,0.5388916974458228,0.5340172908561269,0.0048744065896958455
REACTOME_PROCESSING_OF_INTRONLESS_PRE_MRNAS,0.4887308706066614,0.4868668757152787,0.0018639948913827253
REACTOME_PROCESSING_OF_SMDT1,0.4905245694531493,0.49052539066862705,-8.212154777309522e-07
REACTOME_PROCESSIVE_SYNTHESIS_ON_THE_C_STRAND_OF_THE_TELOMERE,0.4931846506286569,0.4942348209815956,-0.0010501703529386952
REACTOME_PROCESSIVE_SYNTHESIS_ON_THE_LAGGING_STRAND,0.49327309553560983,0.49337755414437884,-0.00010445860876900914
REACTOME_PROGRAMMED_CELL_DEATH,0.5045336842879798,0.5629628370432564,-0.0584291527552766
REACTOME_PROLACTIN_RECEPTOR_SIGNALING,0.4971317407008845,0.49711925822562275,1.2482475261754722e-05
REACTOME_PROLONGED_ERK_ACTIVATION_EVENTS,0.4737175734856458,0.4736806187891473,3.695469649850347e-05
REACTOME_PROPIONYL_COA_CATABOLISM,0.5009608221089601,0.5009608221089601,0.0
REACTOME_PROSTACYCLIN_SIGNALLING_THROUGH_PROSTACYCLIN_RECEPTOR,0.49665650330391414,0.4970899408330673,-0.0004334375291531467
REACTOME_PROSTANOID_LIGAND_RECEPTORS,0.5046420026094943,0.5046367468304367,5.255779057633525e-06
REACTOME_PROTEIN_FOLDING,0.4289050766883862,0.4349033166593743,-0.0059982399709881395
REACTOME_PROTEIN_LOCALIZATION,0.48400025884711856,0.4891847564012104,-0.005184497554091838
REACTOME_PROTEIN_METHYLATION,0.48518034548863637,0.48522370566586126,-4.3360177224893715e-05
REACTOME_PROTEIN_PROTEIN_INTERACTIONS_AT_SYNAPSES,0.49345294172523574,0.4934512992942802,1.6424309555174155e-06
REACTOME_PROTEIN_REPAIR,0.5643713858306826,0.5643713858306826,0.0
REACTOME_PROTEIN_UBIQUITINATION,0.5032151407169145,0.494323101645453,0.008892039071461522
REACTOME_PROTON_COUPLED_MONOCARBOXYLATE_TRANSPORT,0.5031394246498665,0.503144023456542,-4.598806675470968e-06
REACTOME_PTEN_REGULATION,0.4928569856530371,0.4869180374395421,0.005938948213494999
REACTOME_PTK6_EXPRESSION,0.4999111444853081,0.49984807513661733,6.306934869076963e-05
REACTOME_PTK6_PROMOTES_HIF1A_STABILIZATION,0.4995939910678035,0.4995939910678035,0.0
REACTOME_PTK6_REGULATES_CELL_CYCLE,0.49958791407326814,0.49958906377493695,-1.1497016688122308e-06
REACTOME_PTK6_REGULATES_PROTEINS_INVOLVED_IN_RNA_PROCESSING,0.49959349833851685,0.4995933340954213,1.642430955683949e-07
REACTOME_PTK6_REGULATES_RHO_GTPASES_RAS_GTPASE_AND_MAP_KINASES,0.492779873519677,0.4927668983151286,1.2975204548404395e-05
REACTOME_PTK6_REGULATES_RTKS_AND_THEIR_EFFECTORS_AKT1_AND_DOK1,0.5545150755452543,0.5511227986497904,0.0033922768954638416
REACTOME_PURINERGIC_SIGNALING_IN_LEISHMANIASIS_INFECTION,0.5420497636870341,0.5263517371006757,0.015698026586358327
REACTOME_PURINE_CATABOLISM,0.48245744132908136,0.48313888593251314,-0.00068144460343178
REACTOME_PURINE_RIBONUCLEOSIDE_MONOPHOSPHATE_BIOSYNTHESIS,0.5070585112743031,0.5069864085553571,7.210271894597664e-05
REACTOME_PURINE_SALVAGE,0.49525238908006786,0.49679660266441716,-0.0015442135843493077
REACTOME_PYRIMIDINE_CATABOLISM,0.5840702099815128,0.5839780696049099,9.214037660287833e-05
REACTOME_PYRIMIDINE_SALVAGE,0.5975930010104236,0.5975672148444224,2.5786166001129374e-05
REACTOME_PYROPTOSIS,0.5414965929412259,0.5170825137602866,0.024414079180939297
REACTOME_PYRUVATE_METABOLISM,0.48677892353761226,0.48690867558309575,-0.00012975204548348884
REACTOME_PYRUVATE_METABOLISM_AND_CITRIC_ACID_TCA_CYCLE,0.4790593338037256,0.47740277794202085,0.001656555861704767
REACTOME_RAB_GEFS_EXCHANGE_GTP_FOR_GDP_ON_RABS,0.4874661166493883,0.4869142598483445,0.0005518568010438041
REACTOME_RAB_GERANYLGERANYLATION,0.48528406500347543,0.48540297700465274,-0.00011891200117730705
REACTOME_RAB_REGULATION_OF_TRAFFICKING,0.4626428257958892,0.4672232372445527,-0.004580411448663502
REACTOME_RAC1_GTPASE_CYCLE,0.5051183075865857,0.5077934991268838,-0.0026751915402980497
REACTOME_RAC2_GTPASE_CYCLE,0.48292734082544636,0.47898747744942294,0.0039398633760234225
REACTOME_RAC3_GTPASE_CYCLE,0.511206388530839,0.5057400498247855,0.0054663387060535085
REACTOME_RAF_ACTIVATION,0.47051007007267426,0.46927808261296305,0.0012319874597112035
REACTOME_RAF_INDEPENDENT_MAPK1_3_ACTIVATION,0.44738414949012384,0.44523371464010403,0.002150434850019811
REACTOME_RAP1_SIGNALLING,0.49325396121497844,0.4932501836237808,3.7775911976289933e-06
REACTOME_RAS_ACTIVATION_UPON_CA2_INFLUX_THROUGH_NMDA_RECEPTOR,0.4863250377430633,0.4865628617454179,-0.0002378240023546141
REACTOME_RAS_PROCESSING,0.507409745134134,0.5247383771731005,-0.017328632038966507
REACTOME_RAS_SIGNALING_DOWNSTREAM_OF_NF1_LOSS_OF_FUNCTION_VARIANTS,0.4882340352426265,0.4882340352426265,0.0
REACTOME_RA_BIOSYNTHESIS_PATHWAY,0.49615400155308265,0.49615400155308265,0.0
REACTOME_REACTIONS_SPECIFIC_TO_THE_COMPLEX_N_GLYCAN_SYNTHESIS_PATHWAY,0.47825758113280437,0.47826612177377287,-8.540640968501823e-06
REACTOME_RECEPTOR_MEDIATED_MITOPHAGY,0.4935183104772642,0.49369799242379453,-0.0001796819465303412
REACTOME_RECEPTOR_TYPE_TYROSINE_PROTEIN_PHOSPHATASES,,,
REACTOME_RECOGNITION_AND_ASSOCIATION_OF_DNA_GLYCOSYLASE_WITH_SITE_CONTAINING_AN_AFFECTED_PURINE,0.49981563712524657,0.49940158028136816,0.0004140568438784076
REACTOME_RECOGNITION_OF_DNA_DAMAGE_BY_PCNA_CONTAINING_REPLICATION_COMPLEX,0.5405191822796154,0.5276582909257661,0.012860891353849269
REACTOME_RECRUITMENT_OF_MITOTIC_CENTROSOME_PROTEINS_AND_COMPLEXES,0.47462362052224055,0.48148963888856045,-0.006866018366319893
REACTOME_RECRUITMENT_OF_NUMA_TO_MITOTIC_CENTROSOMES,0.4833632420010327,0.4891942003792045,-0.005830958378171824
REACTOME_RECYCLING_OF_BILE_ACIDS_AND_SALTS,,,
REACTOME_RECYCLING_OF_EIF2_GDP,0.4887766123087718,0.4887795686844917,-2.956375719898041e-06
REACTOME_RECYCLING_PATHWAY_OF_L1,0.43847634308148953,0.42624630945764297,0.012230033623846559
REACTOME_REDUCTION_OF_CYTOSOLIC_CA_LEVELS,0.5023910509849987,0.5023910509849987,0.0
REACTOME_REELIN_SIGNALLING_PATHWAY,0.4813995515506519,0.4813995515506519,0.0
REACTOME_REGULATED_NECROSIS,0.6696546591824373,0.6467762529448787,0.022878406237558546
REACTOME_REGULATED_PROTEOLYSIS_OF_P75NTR,,,
REACTOME_REGULATION_BY_C_FLIP,0.8053174030670097,0.7616842538173378,0.043633149249671876
REACTOME_REGULATION_OF_BACH1_ACTIVITY,0.5543917289804972,0.5480004552818608,0.006391273698636346
REACTOME_REGULATION_OF_BETA_CELL_DEVELOPMENT,0.49918256211345396,0.49918256211345396,0.0
REACTOME_REGULATION_OF_CHOLESTEROL_BIOSYNTHESIS_BY_SREBP_SREBF,0.4276526409632792,0.44220490771508947,-0.014552266751810261
REACTOME_REGULATION_OF_COMMISSURAL_AXON_PATHFINDING_BY_SLIT_AND_ROBO,0.4838313348233467,0.4838313348233467,0.0
REACTOME_REGULATION_OF_CYTOSKELETAL_REMODELING_AND_CELL_SPREADING_BY_IPP_COMPLEX_COMPONENTS,,,
REACTOME_REGULATION_OF_EXPRESSION_OF_SLITS_AND_ROBOS,0.4729480124614522,0.4469410216183332,0.02600699084311897
REACTOME_REGULATION_OF_FOXO_TRANSCRIPTIONAL_ACTIVITY_BY_ACETYLATION,0.5579879136790847,0.5486725380288463,0.009315375650238433
REACTOME_REGULATION_OF_FZD_BY_UBIQUITINATION,0.5340035765576486,0.5513670281328714,-0.017363451575222788
REACTOME_REGULATION_OF_GENE_EXPRESSION_BY_HYPOXIA_INDUCIBLE_FACTOR,0.5113023064986394,0.5113023064986394,0.0
REACTOME_REGULATION_OF_GENE_EXPRESSION_IN_BETA_CELLS,,,
REACTOME_REGULATION_OF_GENE_EXPRESSION_IN_EARLY_PANCREATIC_PRECURSOR_CELLS,,,
REACTOME_REGULATION_OF_GENE_EXPRESSION_IN_ENDOCRINE_COMMITTED_NEUROG3_PROGENITOR_CELLS,,,
REACTOME_REGULATION_OF_GENE_EXPRESSION_IN_LATE_STAGE_BRANCHING_MORPHOGENESIS_PANCREATIC_BUD_PRECURSOR_CELLS,0.49918256211345396,0.49918256211345396,0.0
REACTOME_REGULATION_OF_GLUCOKINASE_BY_GLUCOKINASE_REGULATORY_PROTEIN,0.5092757109426634,0.5089285010386734,0.00034720990399006446
REACTOME_REGULATION_OF_GLYCOLYSIS_BY_FRUCTOSE_2_6_BISPHOSPHATE_METABOLISM,0.49916860145033226,0.49916860145033226,0.0
REACTOME_REGULATION_OF_HMOX1_EXPRESSION_AND_ACTIVITY,0.5339391932641936,0.5301187346186341,0.003820458645559466
REACTOME_REGULATION_OF_HSF1_MEDIATED_HEAT_SHOCK_RESPONSE,0.5559913746095941,0.5529070535182842,0.0030843210913099606
REACTOME_REGULATION_OF_IFNA_SIGNALING,0.603829968320792,0.6098148224794928,-0.005984854158700759
REACTOME_REGULATION_OF_IFNG_SIGNALING,0.6066569204813769,0.6101186722062578,-0.003461751724880946
REACTOME_REGULATION_OF_INNATE_IMMUNE_RESPONSES_TO_CYTOSOLIC_DNA,0.5552628743592877,0.5522048321632655,0.003058042196022126
REACTOME_REGULATION_OF_INSULIN_LIKE_GROWTH_FACTOR_IGF_TRANSPORT_AND_UPTAKE_BY_INSULIN_LIKE_GROWTH_FACTOR_BINDING_PROTEINS_IGFBPS,0.46311740622047726,0.4740251186820608,-0.010907712461583563
REACTOME_REGULATION_OF_INSULIN_SECRETION,0.4937190155400248,0.4925206979149011,0.0011983176251236793
REACTOME_REGULATION_OF_KIT_SIGNALING,0.5510409234666593,0.5408744400952874,0.010166483371371937
REACTOME_REGULATION_OF_LIPID_METABOLISM_BY_PPARALPHA,0.46486265335377835,0.46306172781108634,0.0018009255426920112
REACTOME_REGULATION_OF_LOCALIZATION_OF_FOXO_TRANSCRIPTION_FACTORS,0.49572409525048383,0.49572409525048383,0.0
REACTOME_REGULATION_OF_MECP2_EXPRESSION_AND_ACTIVITY,0.48114883446529677,0.4815106620047907,-0.00036182753949393076
REACTOME_REGULATION_OF_MRNA_STABILITY_BY_PROTEINS_THAT_BIND_AU_RICH_ELEMENTS,0.5741574000712157,0.5641668210551766,0.00999057901603917
REACTOME_REGULATION_OF_PLK1_ACTIVITY_AT_G2_M_TRANSITION,0.5112917128189766,0.5080700844997877,0.0032216283191888184
REACTOME_REGULATION_OF_PTEN_GENE_TRANSCRIPTION,0.4555779911624075,0.4594079759075088,-0.0038299847451013225
REACTOME_REGULATION_OF_PTEN_LOCALIZATION,0.543990542225586,0.5515775877813649,-0.007587045555778937
REACTOME_REGULATION_OF_PTEN_MRNA_TRANSLATION,0.4950745959291364,0.4949686591325075,0.00010593679662890265
REACTOME_REGULATION_OF_PTEN_STABILITY_AND_ACTIVITY,0.5291064222992193,0.5382462220803163,-0.009139799781096913
REACTOME_REGULATION_OF_PYRUVATE_DEHYDROGENASE_PDH_COMPLEX,0.49224238798949366,0.4919093029917208,0.00033308499777284784
REACTOME_REGULATION_OF_RAS_BY_GAPS,0.5269746290405444,0.5178184870714404,0.00915614196910397
REACTOME_REGULATION_OF_RUNX1_EXPRESSION_AND_ACTIVITY,0.4956739189847937,0.49563023032137765,4.3688663416030504e-05
REACTOME_REGULATION_OF_RUNX2_EXPRESSION_AND_ACTIVITY,0.5339100401147338,0.5280326009405217,0.005877439174212018
REACTOME_REGULATION_OF_RUNX3_EXPRESSION_AND_ACTIVITY,0.5515582070960902,0.5388783116335355,0.012679895462554658
REACTOME_REGULATION_OF_SIGNALING_BY_CBL,0.5220594901631525,0.5181199552733202,0.00393953488983223
REACTOME_REGULATION_OF_SIGNALING_BY_NODAL,,,
REACTOME_REGULATION_OF_TLR_BY_ENDOGENOUS_LIGAND,0.43932260563130443,0.44239165211472836,-0.0030690464834239317
REACTOME_REGULATION_OF_TNFR1_SIGNALING,0.5165465064179632,0.5477647664397484,-0.031218260021785182
REACTOME_REGULATION_OF_TP53_ACTIVITY,0.49976570722419966,0.5062147123709214,-0.0064490051467217535
REACTOME_REGULATION_OF_TP53_ACTIVITY_THROUGH_ACETYLATION,0.4771423705140283,0.47699290929707894,0.00014946121694936476
REACTOME_REGULATION_OF_TP53_ACTIVITY_THROUGH_ASSOCIATION_WITH_CO_FACTORS,,,
REACTOME_REGULATION_OF_TP53_ACTIVITY_THROUGH_METHYLATION,0.5252020354318345,0.5380906838688315,-0.012888648436996997
REACTOME_REGULATION_OF_TP53_ACTIVITY_THROUGH_PHOSPHORYLATION,0.5054458083191098,0.516042854965463,-0.010597046646353192
REACTOME_REGULATION_OF_TP53_EXPRESSION_AND_DEGRADATION,0.5608240634530205,0.5702872578892528,-0.009463194436232336
REACTOME_RELAXIN_RECEPTORS,0.5002022653721683,0.5002022653721683,0.0
REACTOME_RELEASE_OF_APOPTOTIC_FACTORS_FROM_THE_MITOCHONDRIA,,,
REACTOME_RELEASE_OF_HH_NP_FROM_THE_SECRETING_CELL,,,
REACTOME_REMOVAL_OF_AMINOTERMINAL_PROPEPTIDES_FROM_GAMMA_CARBOXYLATED_PROTEINS,0.5002022653721683,0.5002022653721683,0.0
REACTOME_REPRESSION_OF_WNT_TARGET_GENES,0.49138462842299035,0.49245434370429936,-0.0010697152813090027
REACTOME_REPRODUCTION,0.455216738473748,0.45173051452763024,0.00348622394611775
REACTOME_RESOLUTION_OF_ABASIC_SITES_AP_SITES,0.4755534006861419,0.47745796362212517,-0.0019045629359832894
REACTOME_RESOLUTION_OF_AP_SITES_VIA_THE_MULTIPLE_NUCLEOTIDE_PATCH_REPLACEMENT_PATHWAY,0.49443848242007604,0.49364600948405335,0.0007924729360226923
REACTOME_RESOLUTION_OF_D_LOOP_STRUCTURES,0.49662776076219306,0.49653135006510596,9.641069708710148e-05
REACTOME_RESOLUTION_OF_D_LOOP_STRUCTURES_THROUGH_SYNTHESIS_DEPENDENT_STRAND_ANNEALING_SDSA,0.49813649783790387,0.49822338243544917,-8.688459754530031e-05
REACTOME_RESOLUTION_OF_SISTER_CHROMATID_COHESION,0.4817432302280877,0.48267186069032025,-0.0009286304622325714
REACTOME_RESPIRATORY_ELECTRON_TRANSPORT,0.4601433743678284,0.4604598708129508,-0.00031649644512243835
REACTOME_RESPIRATORY_ELECTRON_TRANSPORT_ATP_SYNTHESIS_BY_CHEMIOSMOTIC_COUPLING_AND_HEAT_PRODUCTION_BY_UNCOUPLING_PROTEINS,0.4598677744534976,0.4604598708129508,-0.0005920963594532314
REACTOME_RESPONSE_OF_EIF2AK1_HRI_TO_HEME_DEFICIENCY,0.5027129674522742,0.5027080401594078,4.927292866385713e-06
REACTOME_RESPONSE_OF_EIF2AK4_GCN2_TO_AMINO_ACID_DEFICIENCY,0.4374565577012274,0.4459609009456461,-0.008504343244418733
REACTOME_RESPONSE_OF_MTB_TO_PHAGOCYTOSIS,0.5505311128980759,0.5574096137396576,-0.006878500841581703
REACTOME_RESPONSE_TO_ELEVATED_PLATELET_CYTOSOLIC_CA2,0.4296536145963496,0.44240906188285656,-0.01275544728650696
REACTOME_RESPONSE_TO_METAL_IONS,0.49998603933687835,0.4999220666511621,6.397268571622927e-05
REACTOME_RETINOID_CYCLE_DISEASE_EVENTS,0.496730412696911,0.496730412696911,0.0
REACTOME_RETROGRADE_NEUROTROPHIN_SIGNALLING,0.5002016905213339,0.5002016905213339,0.0
REACTOME_RETROGRADE_TRANSPORT_AT_THE_TRANS_GOLGI_NETWORK,0.48124573789167047,0.4826240659495156,-0.0013783280578451573
REACTOME_RET_SIGNALING,0.4776899569945878,0.47734898832822864,0.0003409686663591871
REACTOME_REVERSIBLE_HYDRATION_OF_CARBON_DIOXIDE,0.4946035467311026,0.4946789343119594,-7.538758085684494e-05
REACTOME_RHOA_GTPASE_CYCLE,0.4843227501652286,0.4780294474730872,0.0062933026921414
REACTOME_RHOBTB1_GTPASE_CYCLE,0.48555243822160205,0.48537981872818026,0.0001726194934217884
REACTOME_RHOBTB2_GTPASE_CYCLE,0.5388985956558359,0.5350173670649234,0.0038812285909124444
REACTOME_RHOBTB3_ATPASE_CYCLE,0.50099145344628,0.5009926031479489,-1.149701668867742e-06
REACTOME_RHOBTB_GTPASE_CYCLE,0.5347699348414792,0.5295001951207975,0.0052697397206816765
REACTOME_RHOB_GTPASE_CYCLE,0.4663047898542441,0.46616444412909774,0.00014034572514637356
REACTOME_RHOC_GTPASE_CYCLE,0.46305121625297113,0.46424838417642594,-0.0011971679234548116
REACTOME_RHOD_GTPASE_CYCLE,0.48331577574641926,0.48408082008548525,-0.00076504433906599
REACTOME_RHOF_GTPASE_CYCLE,0.42158402282584845,0.4216257405721178,-4.17177462693763e-05
REACTOME_RHOG_GTPASE_CYCLE,0.5211371830600985,0.5121450378219,0.008992145238198468
REACTOME_RHOH_GTPASE_CYCLE,0.4697914244081007,0.46175205336718056,0.008039371040920118
REACTOME_RHOJ_GTPASE_CYCLE,0.4838568746247045,0.4836105099813814,0.0002463646433231159
REACTOME_RHOQ_GTPASE_CYCLE,0.48491936320980944,0.4848766600049667,4.270320484273116e-05
REACTOME_RHOT1_GTPASE_CYCLE,0.5019885732793564,0.5020380104511166,-4.943717176020268e-05
REACTOME_RHOU_GTPASE_CYCLE,0.48227685604552556,0.48111615008928255,0.0011607059562430133
REACTOME_RHOV_GTPASE_CYCLE,0.4824369109421378,0.4801253536153847,0.0023115573267530887
REACTOME_RHO_GTPASES_ACTIVATE_CIT,0.49978016061660796,0.49978344547851894,-3.2848619109793198e-06
REACTOME_RHO_GTPASES_ACTIVATE_FORMINS,0.43184511022025657,0.4325332066690581,-0.0006880964488015229
REACTOME_RHO_GTPASES_ACTIVATE_IQGAPS,0.4324643888120231,0.423000044674122,0.009464344137901093
REACTOME_RHO_GTPASES_ACTIVATE_KTN1,0.4963025594330065,0.4963066655103952,-4.106077388710272e-06
REACTOME_RHO_GTPASES_ACTIVATE_NADPH_OXIDASES,0.46069933724626083,0.4565707585534519,0.004128578692808915
REACTOME_RHO_GTPASES_ACTIVATE_PAKS,0.5008034772234243,0.5008024917648511,9.854585731883247e-07
REACTOME_RHO_GTPASES_ACTIVATE_PKNS,0.5016168090325819,0.5016168090325819,0.0
REACTOME_RHO_GTPASES_ACTIVATE_RHOTEKIN_AND_RHOPHILINS,0.4987811519879327,0.4987811519879327,0.0
REACTOME_RHO_GTPASES_ACTIVATE_ROCKS,0.5006035112545938,0.5006035112545938,0.0
REACTOME_RHO_GTPASES_ACTIVATE_WASPS_AND_WAVES,0.4146476262930859,0.4144809195511039,0.0001667067419819923
REACTOME_RHO_GTPASE_CYCLE,0.48173781020593454,0.46276296962028307,0.018974840585651465
REACTOME_RHO_GTPASE_EFFECTORS,0.45939335827200495,0.4420768802221092,0.017316478049895723
REACTOME_RIPK1_MEDIATED_REGULATED_NECROSIS,0.6172227609395756,0.68693656406072,-0.06971380312114439
REACTOME_RIP_MEDIATED_NFKB_ACTIVATION_VIA_ZBP1,0.5070558012632265,0.5070824086447053,-2.6607381478860326e-05
REACTOME_RMTS_METHYLATE_HISTONE_ARGININES,0.4816312164369234,0.48321895444159313,-0.0015877380046697143
REACTOME_RNA_POLYMERASE_III_CHAIN_ELONGATION,0.49969992786443235,0.4997015702953879,-1.6424309555729266e-06
REACTOME_RNA_POLYMERASE_III_TRANSCRIPTION,0.49545219080580294,0.4936226869644854,0.0018295038413175257
REACTOME_RNA_POLYMERASE_III_TRANSCRIPTION_INITIATION_FROM_TYPE_1_PROMOTER,0.48941469673497867,0.48915190778210066,0.0002627889528780125
REACTOME_RNA_POLYMERASE_III_TRANSCRIPTION_INITIATION_FROM_TYPE_3_PROMOTER,0.5006011297297086,0.5010066459326183,-0.0004055162029097392
REACTOME_RNA_POLYMERASE_III_TRANSCRIPTION_TERMINATION,0.499218531351379,0.4997015702953879,-0.0004830389440089178
REACTOME_RNA_POLYMERASE_II_TRANSCRIBES_SNRNA_GENES,0.48160066722115136,0.48210242987805285,-0.0005017626569014944
REACTOME_RNA_POLYMERASE_II_TRANSCRIPTION,0.4423580644016887,0.4369746684588873,0.00538339594280135
REACTOME_RNA_POLYMERASE_II_TRANSCRIPTION_TERMINATION,0.4550173473557519,0.45739509465001116,-0.0023777472942592692
REACTOME_RNA_POLYMERASE_I_PROMOTER_ESCAPE,0.49243069269854034,0.4916497167792061,0.0007809759193342369
REACTOME_RNA_POLYMERASE_I_TRANSCRIPTION,0.47136602296512664,0.4700460012062013,0.001320021758925316
REACTOME_RNA_POLYMERASE_I_TRANSCRIPTION_INITIATION,0.4700234999021112,0.4700460012062013,-2.2501304090150054e-05
REACTOME_RNA_POLYMERASE_I_TRANSCRIPTION_TERMINATION,0.48693979964970235,0.48912965284265375,-0.0021898531929513965
REACTOME_RND1_GTPASE_CYCLE,0.4964850335121613,0.4959919757393239,0.0004930577728373686
REACTOME_RND2_GTPASE_CYCLE,0.49321955228646097,0.4931361167939222,8.34354925387526e-05
REACTOME_RND3_GTPASE_CYCLE,0.4926795209882967,0.49270596412668005,-2.6443138383347442e-05
REACTOME_ROBO_RECEPTORS_BIND_AKAP5,0.498335560469709,0.49833539622661344,1.642430955683949e-07
REACTOME_ROLE_OF_ABL_IN_ROBO_SLIT_SIGNALING,0.49916663053318566,0.4991477425771976,1.8887955988089455e-05
REACTOME_ROLE_OF_LAT2_NTAL_LAB_ON_CALCIUM_MOBILIZATION,0.4724272797270148,0.4719100782191318,0.0005172015078830361
REACTOME_ROLE_OF_PHOSPHOLIPIDS_IN_PHAGOCYTOSIS,0.46750754204294753,0.4669630761812035,0.000544465861744059
REACTOME_ROLE_OF_SECOND_MESSENGERS_IN_NETRIN_1_SIGNALING,0.5008074190577178,0.5008074190577178,0.0
REACTOME_RORA_ACTIVATES_GENE_EXPRESSION,0.4947699249868935,0.49477764441238425,-7.71942549077087e-06
REACTOME_ROS_AND_RNS_PRODUCTION_IN_PHAGOCYTES,0.5103922355062038,0.5098486729814852,0.0005435625247186548
REACTOME_RRNA_MODIFICATION_IN_THE_MITOCHONDRION,0.498776717424353,0.498776717424353,0.0
REACTOME_RRNA_MODIFICATION_IN_THE_NUCLEUS_AND_CYTOSOL,0.44880468802352486,0.4519440305518436,-0.003139342528318767
REACTOME_RRNA_PROCESSING,0.44553781073151255,0.4331860729738643,0.012351737757648251
REACTOME_RRNA_PROCESSING_IN_THE_MITOCHONDRION,0.498776717424353,0.498776717424353,0.0
REACTOME_RSK_ACTIVATION,0.4999986860552356,0.4999986860552356,0.0
REACTOME_RUNX1_AND_FOXP3_CONTROL_THE_DEVELOPMENT_OF_REGULATORY_T_LYMPHOCYTES_TREGS,0.5069183297922523,0.5072303916737948,-0.0003120618815425358
REACTOME_RUNX1_INTERACTS_WITH_CO_FACTORS_WHOSE_PRECISE_EFFECT_ON_RUNX1_TARGETS_IS_NOT_KNOWN,0.49552133714902896,0.49572532707370054,-0.00020398992467157706
REACTOME_RUNX1_REGULATES_ESTROGEN_RECEPTOR_MEDIATED_TRANSCRIPTION,0.500402888313381,0.500402888313381,0.0
REACTOME_RUNX1_REGULATES_EXPRESSION_OF_COMPONENTS_OF_TIGHT_JUNCTIONS,0.5012119498020543,0.5012119498020543,0.0
REACTOME_RUNX1_REGULATES_GENES_INVOLVED_IN_MEGAKARYOCYTE_DIFFERENTIATION_AND_PLATELET_FUNCTION,0.4548875131887206,0.45809049991656453,-0.003202986727843915
REACTOME_RUNX1_REGULATES_TRANSCRIPTION_OF_GENES_INVOLVED_IN_BCR_SIGNALING,0.4898570855128392,0.489854621866406,2.4636464331928565e-06
REACTOME_RUNX1_REGULATES_TRANSCRIPTION_OF_GENES_INVOLVED_IN_DIFFERENTIATION_OF_HSCS,0.5431954414000344,0.5336084076697584,0.009587033730276029
REACTOME_RUNX1_REGULATES_TRANSCRIPTION_OF_GENES_INVOLVED_IN_DIFFERENTIATION_OF_KERATINOCYTES,0.536609457511625,0.5374457833541593,-0.0008363258425342357
REACTOME_RUNX1_REGULATES_TRANSCRIPTION_OF_GENES_INVOLVED_IN_DIFFERENTIATION_OF_MYELOID_CELLS,0.4745887188644363,0.47458888310753194,-1.6424309562390604e-07
REACTOME_RUNX1_REGULATES_TRANSCRIPTION_OF_GENES_INVOLVED_IN_INTERLEUKIN_SIGNALING,,,
REACTOME_RUNX1_REGULATES_TRANSCRIPTION_OF_GENES_INVOLVED_IN_WNT_SIGNALING,0.5004035452857633,0.5004035452857633,0.0
REACTOME_RUNX2_REGULATES_BONE_DEVELOPMENT,0.5029284543936342,0.502905953089544,2.2501304090205565e-05
REACTOME_RUNX2_REGULATES_CHONDROCYTE_MATURATION,0.5005930818180265,0.5005930818180265,0.0
REACTOME_RUNX2_REGULATES_GENES_INVOLVED_IN_CELL_MIGRATION,,,
REACTOME_RUNX2_REGULATES_OSTEOBLAST_DIFFERENTIATION,0.5024048474050248,0.5023320877136966,7.27596913281392e-05
REACTOME_RUNX3_REGULATES_BCL2L11_BIM_TRANSCRIPTION,0.4945261882330991,0.49456248595721536,-3.62977241162854e-05
REACTOME_RUNX3_REGULATES_CDKN1A_TRANSCRIPTION,0.5009937528496178,0.5009937528496178,0.0
REACTOME_RUNX3_REGULATES_IMMUNE_RESPONSE_AND_CELL_MIGRATION,0.5020518889926905,0.5020515605064994,3.284861911367898e-07
REACTOME_RUNX3_REGULATES_NOTCH_SIGNALING,0.49918256211345396,0.49918256211345396,0.0
REACTOME_RUNX3_REGULATES_P14_ARF,0.4894007360718571,0.4894048421492458,-4.106077388710272e-06
REACTOME_RUNX3_REGULATES_WNT_SIGNALING,0.49292054773101446,0.494398078618571,-0.001477530887556533
REACTOME_RUNX3_REGULATES_YAP1_MEDIATED_TRANSCRIPTION,,,
REACTOME_SARS_COV_1_INFECTION,0.5389799781096802,0.5542813576202883,-0.01530137951060806
REACTOME_SARS_COV_2_INFECTION,0.5242146059413955,0.5087783007277941,0.015436305213601398
REACTOME_SARS_COV_INFECTIONS,0.5082101838602908,0.49825573832527226,0.009954445535018563
REACTOME_SCAVENGING_BY_CLASS_A_RECEPTORS,0.386375969526993,0.3907113302770978,-0.004335360750104822
REACTOME_SCAVENGING_BY_CLASS_B_RECEPTORS,0.4997969955339017,0.4997969955339017,0.0
REACTOME_SCAVENGING_BY_CLASS_F_RECEPTORS,0.5101419290285875,0.5101419290285875,0.0
REACTOME_SCAVENGING_OF_HEME_FROM_PLASMA,0.5015878201262175,0.5020086109370134,-0.0004207908107959346
REACTOME_SCF_SKP2_MEDIATED_DEGRADATION_OF_P27_P21,0.5191643771179147,0.5289780663200481,-0.009813689202133324
REACTOME_SEALING_OF_THE_NUCLEAR_ENVELOPE_NE_BY_ESCRT_III,0.48525647216342327,0.4865103039548424,-0.0012538317914191355
REACTOME_SELECTIVE_AUTOPHAGY,0.4958229695940043,0.4949406556847163,0.0008823139092880017
REACTOME_SELENOAMINO_ACID_METABOLISM,0.43791356411459176,0.43708421860361835,0.0008293455109734116
REACTOME_SEMA3A_PAK_DEPENDENT_AXON_REPULSION,0.5259475348425302,0.5256699640110529,0.0002775708314772807
REACTOME_SEMA3A_PLEXIN_REPULSION_SIGNALING_BY_INHIBITING_INTEGRIN_ADHESION,0.4778791650406601,0.47787932928375565,-1.642430955683949e-07
REACTOME_SEMA4D_INDUCED_CELL_MIGRATION_AND_GROWTH_CONE_COLLAPSE,0.49483841435773723,0.49483151614772414,6.898210013095429e-06
REACTOME_SEMA4D_IN_SEMAPHORIN_SIGNALING,0.494832665849393,0.49483151614772414,1.149701668867742e-06
REACTOME_SEMA4D_MEDIATED_INHIBITION_OF_CELL_ATTACHMENT_AND_MIGRATION,0.4952318586931242,0.4952318586931242,0.0
REACTOME_SEMAPHORIN_INTERACTIONS,0.5111048862977898,0.5103687487435403,0.0007361375542495052
REACTOME_SENESCENCE_ASSOCIATED_SECRETORY_PHENOTYPE_SASP,0.49207855550168383,0.4975897325728221,-0.00551117707113824
REACTOME_SENSING_OF_DNA_DOUBLE_STRAND_BREAKS,,,
REACTOME_SENSORY_PERCEPTION,0.41108338687658247,0.42999146264389343,-0.01890807576731096
REACTOME_SENSORY_PERCEPTION_OF_SALTY_TASTE,,,
REACTOME_SENSORY_PERCEPTION_OF_TASTE,0.4991791130084473,0.4991791130084473,0.0
REACTOME_SENSORY_PROCESSING_OF_SOUND,0.4186064597466452,0.41238575250273635,0.0062207072439088296
REACTOME_SENSORY_PROCESSING_OF_SOUND_BY_OUTER_HAIR_CELLS_OF_THE_COCHLEA,0.40665333998189385,0.41264459962132105,-0.005991259639427204
REACTOME_SEPARATION_OF_SISTER_CHROMATIDS,0.4969546045223351,0.4927990899618562,0.004155514560478912
REACTOME_SERINE_BIOSYNTHESIS,0.5050650928236279,0.5050650928236279,0.0
REACTOME_SEROTONIN_AND_MELATONIN_BIOSYNTHESIS,,,
REACTOME_SEROTONIN_NEUROTRANSMITTER_RELEASE_CYCLE,0.4995885710456504,0.4995885710456504,0.0
REACTOME_SEROTONIN_RECEPTORS,,,
REACTOME_SHC1_EVENTS_IN_EGFR_SIGNALING,0.48777169092865663,0.48777119819937004,4.927292865941624e-07
REACTOME_SHC1_EVENTS_IN_ERBB2_SIGNALING,0.4875548079209846,0.4875544794347935,3.2848619108127863e-07
REACTOME_SHC1_EVENTS_IN_ERBB4_SIGNALING,0.48801148584815784,0.48801148584815784,0.0
REACTOME_SHC_MEDIATED_CASCADE_FGFR1,0.4866583691054796,0.4866593545640529,-9.85458573299347e-07
REACTOME_SHC_MEDIATED_CASCADE_FGFR3,0.48801148584815784,0.48801148584815784,0.0
REACTOME_SHC_MEDIATED_CASCADE_FGFR4,0.48801148584815784,0.48801148584815784,0.0
REACTOME_SHC_RELATED_EVENTS_TRIGGERED_BY_IGF1R,0.4882340352426265,0.4882340352426265,0.0
REACTOME_SIALIC_ACID_METABOLISM,0.47277276507850163,0.4743830043872616,-0.0016102393087599753
REACTOME_SIGNALING_BY_ACTIVIN,0.5005677062597642,0.5005677062597642,0.0
REACTOME_SIGNALING_BY_ALK,0.503178268141964,0.502105596484935,0.0010726716570289563
REACTOME_SIGNALING_BY_ALK_IN_CANCER,0.48773424350287164,0.487249644249455,0.000484599253416651
REACTOME_SIGNALING_BY_BMP,0.4908234918870481,0.49083942346731635,-1.5931580268246925e-05
REACTOME_SIGNALING_BY_BRAF_AND_RAF1_FUSIONS,0.4379694888886261,0.4282019519963419,0.009767536892284157
REACTOME_SIGNALING_BY_CSF3_G_CSF,0.6196705579140864,0.593696497811625,0.025974060102461394
REACTOME_SIGNALING_BY_CTNNB1_PHOSPHO_SITE_MUTANTS,0.5003915555397882,0.5003915555397882,0.0
REACTOME_SIGNALING_BY_CYTOSOLIC_FGFR1_FUSION_MUTANTS,0.5068007317358393,0.508139148721466,-0.0013384169856267558
REACTOME_SIGNALING_BY_EGFR,0.503332903016423,0.5197435803943674,-0.016410677377944438
REACTOME_SIGNALING_BY_EGFR_IN_CANCER,0.5126465541141582,0.5269424373938169,-0.014295883279658694
REACTOME_SIGNALING_BY_ERBB2,0.507829796851,0.5064930222963288,0.001336774554671294
REACTOME_SIGNALING_BY_ERBB2_ECD_MUTANTS,0.48877817261817946,0.4885460971241691,0.0002320754940103864
REACTOME_SIGNALING_BY_ERBB2_IN_CANCER,0.48855652656073645,0.4883127898069421,0.00024373675379435467
REACTOME_SIGNALING_BY_ERBB4,0.5305397717940733,0.5086315495219212,0.021908222272152056
REACTOME_SIGNALING_BY_ERYTHROPOIETIN,0.4764579695348767,0.47565104320644563,0.0008069263284310457
REACTOME_SIGNALING_BY_FGFR,0.5015977568334983,0.4998387132801711,0.0017590435533271775
REACTOME_SIGNALING_BY_FGFR1,0.5101467741999062,0.5183462822589864,-0.008199508059080207
REACTOME_SIGNALING_BY_FGFR1_IN_DISEASE,0.4999981112044012,0.4993074689876187,0.0006906422167824999
REACTOME_SIGNALING_BY_FGFR2,0.48571733828953295,0.4998141589373866,-0.01409682064785367
REACTOME_SIGNALING_BY_FGFR2_IIIA_TM,0.48604516750824833,0.4846890122683023,0.001356155239946033
REACTOME_SIGNALING_BY_FGFR2_IN_DISEASE,0.4769615388658291,0.4757945916719553,0.0011669471938737797
REACTOME_SIGNALING_BY_FGFR3,0.5449300948536726,0.5202254696367075,0.024704625216965148
REACTOME_SIGNALING_BY_FGFR3_FUSIONS_IN_CANCER,0.4887417106509677,0.4884881193114405,0.0002535913395272371
REACTOME_SIGNALING_BY_FGFR4,0.5034792436145569,0.5203036493501887,-0.01682440573563182
REACTOME_SIGNALING_BY_FGFR4_IN_DISEASE,0.4891518256605529,0.48879837451893193,0.0003534511416209418
REACTOME_SIGNALING_BY_FGFR_IN_DISEASE,0.4850210296859541,0.4870860581262885,-0.0020650284403344044
REACTOME_SIGNALING_BY_FLT3_FUSION_PROTEINS,0.486207193322007,0.48264410360717247,0.003563089714834544
REACTOME_SIGNALING_BY_FLT3_ITD_AND_TKD_MUTANTS,0.49480187026897765,0.49102099420944545,0.003780876059532201
REACTOME_SIGNALING_BY_GPCR,0.5846990146728211,0.5320022744383872,0.052696740234433936
REACTOME_SIGNALING_BY_HEDGEHOG,0.5248169674943205,0.5179938165759388,0.006823150918381704
REACTOME_SIGNALING_BY_HIPPO,0.5114755829644433,0.5114749259920611,6.569723821625573e-07
REACTOME_SIGNALING_BY_INSULIN_RECEPTOR,0.4954107194241769,0.4847273630311129,0.010683356393064003
REACTOME_SIGNALING_BY_INTERLEUKINS,0.5135083376365024,0.5189231040105536,-0.00541476637405125
REACTOME_SIGNALING_BY_KIT_IN_DISEASE,0.4529230836444098,0.45107814095211063,0.0018449426922991785
REACTOME_SIGNALING_BY_LEPTIN,0.5094668899058822,0.5086423895662274,0.0008245003396547546
REACTOME_SIGNALING_BY_LRP5_MUTANTS,0.4995933340954213,0.4995933340954213,0.0
REACTOME_SIGNALING_BY_MAPK_MUTANTS,0.49734123276925685,0.49734123276925685,0.0
REACTOME_SIGNALING_BY_MEMBRANE_TETHERED_FUSIONS_OF_PDGFRA_OR_PDGFRB,,,
REACTOME_SIGNALING_BY_MET,0.5112922055482632,0.5198422083732444,-0.008550002824981195
REACTOME_SIGNALING_BY_MODERATE_KINASE_ACTIVITY_BRAF_MUTANTS,0.40376479666047804,0.4112355581046084,-0.007470761444130336
REACTOME_SIGNALING_BY_MRAS_COMPLEX_MUTANTS,0.4957135015708209,0.4957135015708209,0.0
REACTOME_SIGNALING_BY_MST1,0.4978911186531541,0.4978911186531541,0.0
REACTOME_SIGNALING_BY_NODAL,0.4965829223971083,0.49656567687207565,1.724552503262755e-05
REACTOME_SIGNALING_BY_NOTCH,0.5066335322645706,0.5035863301128547,0.0030472021517159442
REACTOME_SIGNALING_BY_NOTCH1,0.5367923421985187,0.5309121108916823,0.005880231306836348
REACTOME_SIGNALING_BY_NOTCH1_HD_DOMAIN_MUTANTS_IN_CANCER,0.5366123317657973,0.5451398332866884,-0.008527501520891101
REACTOME_SIGNALING_BY_NOTCH1_PEST_DOMAIN_MUTANTS_IN_CANCER,0.5244186779876148,0.5347044018463551,-0.010285723858740381
REACTOME_SIGNALING_BY_NOTCH1_T_7_9_NOTCH1_M1580_K2555_TRANSLOCATION_MUTANT,,,
REACTOME_SIGNALING_BY_NOTCH2,0.5163421880071005,0.5411688458440584,-0.02482665783695792
REACTOME_SIGNALING_BY_NOTCH3,0.5272618902146592,0.5449458621908452,-0.017683971976185986
REACTOME_SIGNALING_BY_NOTCH4,0.5229140469892927,0.5447585429403718,-0.02184449595107918
REACTOME_SIGNALING_BY_NTRK2_TRKB,0.47470171811417394,0.4738537310118557,0.0008479871023182595
REACTOME_SIGNALING_BY_NTRK3_TRKC,0.4890320924438979,0.48879837451893193,0.00023371792496595933
REACTOME_SIGNALING_BY_NTRKS,0.40590086023963723,0.413799146461481,-0.007898286221843798
REACTOME_SIGNALING_BY_NUCLEAR_RECEPTORS,0.48145440874456513,0.46423368441937435,0.017220724325190784
REACTOME_SIGNALING_BY_PDGF,0.45633580880526947,0.4484036885057426,0.00793212029952689
REACTOME_SIGNALING_BY_PDGFRA_TRANSMEMBRANE_JUXTAMEMBRANE_AND_KINASE_DOMAIN_MUTANTS,0.4842113933464465,0.4851203146372132,-0.000908921290766751
REACTOME_SIGNALING_BY_PDGFR_IN_DISEASE,0.4854780360993184,0.4851203146372132,0.000357721462105165
REACTOME_SIGNALING_BY_PTK6,0.5373512614526711,0.5284087176293283,0.008942543823342808
REACTOME_SIGNALING_BY_RECEPTOR_TYROSINE_KINASES,0.42553530109701243,0.43950130211926147,-0.013966001022249042
REACTOME_SIGNALING_BY_RETINOIC_ACID,0.48713056800518223,0.4866915462107805,0.0004390217944017505
REACTOME_SIGNALING_BY_RHO_GTPASES_MIRO_GTPASES_AND_RHOBTB3,0.45572047204779603,0.44363012717671374,0.012090344871082292
REACTOME_SIGNALING_BY_RNF43_MUTANTS,,,
REACTOME_SIGNALING_BY_ROBO_RECEPTORS,0.4456527808983966,0.4327603548702019,0.012892426028194681
REACTOME_SIGNALING_BY_SCF_KIT,0.5246220109399041,0.4980019827426495,0.02662002819725462
REACTOME_SIGNALING_BY_TGFB_FAMILY_MEMBERS,0.4784439970462522,0.4845014466531856,-0.0060574496069334405
REACTOME_SIGNALING_BY_TGF_BETA_RECEPTOR_COMPLEX,0.49072083995233007,0.4884171662941634,0.002303673658166694
REACTOME_SIGNALING_BY_TGF_BETA_RECEPTOR_COMPLEX_IN_CANCER,0.5009902216230635,0.5009902216230635,0.0
REACTOME_SIGNALING_BY_THE_B_CELL_RECEPTOR_BCR,0.49221873698373464,0.47679770637801927,0.015421030605715369
REACTOME_SIGNALING_BY_TYPE_1_INSULIN_LIKE_GROWTH_FACTOR_1_RECEPTOR_IGF1R,0.47257460578372207,0.472688918978224,-0.0001143131945019471
REACTOME_SIGNALING_BY_VEGF,0.48324933941426973,0.4982320051979655,-0.014982665783695781
REACTOME_SIGNALING_BY_WNT,0.49096662974481875,0.4818016186485552,0.009165011096263553
REACTOME_SIGNALING_BY_WNT_IN_CANCER,0.5024652888641868,0.5025574292407896,-9.21403766027673e-05
REACTOME_SIGNALLING_TO_ERKS,0.462539516888789,0.4618378703846047,0.0007016465041843056
REACTOME_SIGNALLING_TO_P38_VIA_RIT_AND_RIN,0.4957135015708209,0.4957135015708209,0.0
REACTOME_SIGNALLING_TO_RAS,0.4861515149126161,0.4861515149126161,0.0
REACTOME_SIGNAL_AMPLIFICATION,0.4969749706661831,0.4968580295821524,0.00011694108403070835
REACTOME_SIGNAL_ATTENUATION,0.49734673491295767,0.49734673491295767,0.0
REACTOME_SIGNAL_REGULATORY_PROTEIN_FAMILY_INTERACTIONS,0.5101937477252331,0.5102023704877494,-8.622762516341531e-06
REACTOME_SIGNAL_TRANSDUCTION_BY_L1,0.4807198314997234,0.4807311642733163,-1.133277359288698e-05
REACTOME_SIRT1_NEGATIVELY_REGULATES_RRNA_EXPRESSION,0.48948425368594356,0.4894835967135614,6.569723821625573e-07
REACTOME_SLBP_DEPENDENT_PROCESSING_OF_REPLICATION_DEPENDENT_HISTONE_PRE_MRNAS,,,
REACTOME_SLC_MEDIATED_TRANSMEMBRANE_TRANSPORT,0.48688650276519674,0.4830235051578902,0.0038629976073065175
REACTOME_SLC_TRANSPORTER_DISORDERS,0.5059686762137894,0.5037582926338942,0.0022103835798952254
REACTOME_SMAC_XIAP_REGULATED_APOPTOTIC_RESPONSE,0.5138330462364024,0.5138330462364024,0.0
REACTOME_SMAD2_SMAD3_SMAD4_HETEROTRIMER_REGULATES_TRANSCRIPTION,0.4866078643535983,0.5219974883945829,-0.03538962404098461
REACTOME_SMALL_INTERFERING_RNA_SIRNA_BIOGENESIS,0.4931871142750901,0.4930762501855947,0.00011086408949539939
REACTOME_SMOOTH_MUSCLE_CONTRACTION,0.5567879536230056,0.556014368642971,0.0007735849800345473
REACTOME_SNRNP_ASSEMBLY,0.5015179346890615,0.5028578298625482,-0.0013398951734867603
REACTOME_SODIUM_CALCIUM_EXCHANGERS,,,
REACTOME_SODIUM_COUPLED_PHOSPHATE_COTRANSPORTERS,,,
REACTOME_SODIUM_COUPLED_SULPHATE_DI_AND_TRI_CARBOXYLATE_TRANSPORTERS,,,
REACTOME_SODIUM_PROTON_EXCHANGERS,,,
REACTOME_SOS_MEDIATED_SIGNALLING,0.48659989856346414,0.48650775818686126,9.214037660287833e-05
REACTOME_SPERM_MOTILITY_AND_TAXES,0.4894817900395103,0.48949772161977856,-1.5931580268246925e-05
REACTOME_SPHINGOLIPID_DE_NOVO_BIOSYNTHESIS,0.4931839115347269,0.492193854154759,0.0009900573799678791
REACTOME_SPHINGOLIPID_METABOLISM,0.47237882801382786,0.47304072768888933,-0.0006618996750614725
REACTOME_SPRY_REGULATION_OF_FGF_SIGNALING,0.5546593631046938,0.5449080862788691,0.009751276825824662
REACTOME_SRP_DEPENDENT_COTRANSLATIONAL_PROTEIN_TARGETING_TO_MEMBRANE,0.44023867149672763,0.4483271512232169,-0.008088479726489295
REACTOME_STABILIZATION_OF_P53,0.523206563942465,0.538334010014887,-0.015127446072422002
REACTOME_STAT3_NUCLEAR_EVENTS_DOWNSTREAM_OF_ALK_SIGNALING,,,
REACTOME_STAT5_ACTIVATION,0.4944572061329686,0.4944659110170327,-8.704884064070217e-06
REACTOME_STAT5_ACTIVATION_DOWNSTREAM_OF_FLT3_ITD_MUTANTS,0.5030132859524852,0.5030154211127272,-2.1351602420560667e-06
REACTOME_STIMULI_SENSING_CHANNELS,0.531638393860199,0.5136293026763741,0.018009091183824877
REACTOME_STING_MEDIATED_INDUCTION_OF_HOST_IMMUNE_RESPONSES,0.4995939910678035,0.4995939910678035,0.0
REACTOME_STRIATED_MUSCLE_CONTRACTION,0.49392349819398296,0.4939230054646963,4.927292866496735e-07
REACTOME_SULFIDE_OXIDATION_TO_SULFATE,0.4906639297197224,0.4906639297197224,0.0
REACTOME_SULFUR_AMINO_ACID_METABOLISM,0.477740461746469,0.4772051934980757,0.0005352682483932836
REACTOME_SUMOYLATION,0.48087890093776237,0.4702141040144955,0.010664796923266884
REACTOME_SUMOYLATION_OF_CHROMATIN_ORGANIZATION_PROTEINS,0.5101928443882076,0.5084244389784341,0.0017684054097734103
REACTOME_SUMOYLATION_OF_DNA_DAMAGE_RESPONSE_AND_REPAIR_PROTEINS,0.4703630725021582,0.4767003923439067,-0.006337319841748512
REACTOME_SUMOYLATION_OF_DNA_METHYLATION_PROTEINS,0.49970871487004437,0.4997011596876491,7.555182395257987e-06
REACTOME_SUMOYLATION_OF_DNA_REPLICATION_PROTEINS,0.5037481095619701,0.5053429100197486,-0.0015948004577784891
REACTOME_SUMOYLATION_OF_IMMUNE_RESPONSE_PROTEINS,0.5129754509129946,0.5126006481689522,0.00037480274404233516
REACTOME_SUMOYLATION_OF_INTRACELLULAR_RECEPTORS,0.49922107711936,0.4989413711276405,0.0002797059917195033
REACTOME_SUMOYLATION_OF_RNA_BINDING_PROTEINS,0.5122553270605611,0.5109134609699278,0.001341866090633248
REACTOME_SUMOYLATION_OF_SUMOYLATION_PROTEINS,0.5122460473256624,0.5119719255991917,0.00027412172647067745
REACTOME_SUMOYLATION_OF_TRANSCRIPTION_COFACTORS,0.4918099359189138,0.49034505174971454,0.0014648841691992653
REACTOME_SUMOYLATION_OF_TRANSCRIPTION_FACTORS,0.49527283734546373,0.4952936962185984,-2.085887313468815e-05
REACTOME_SUMOYLATION_OF_UBIQUITINYLATION_PROTEINS,0.5095764400506131,0.5081825088986909,0.001393931151922212
REACTOME_SUMO_IS_CONJUGATED_TO_E1_UBA2_SAE1,0.4973653765043024,0.4973653765043024,0.0
REACTOME_SUMO_IS_PROTEOLYTICALLY_PROCESSED,0.5002050575047926,0.5002050575047926,0.0
REACTOME_SUMO_IS_TRANSFERRED_FROM_E1_TO_E2_UBE2I_UBC9,0.4973653765043024,0.4973653765043024,0.0
REACTOME_SUPPRESSION_OF_APOPTOSIS,,,
REACTOME_SUPPRESSION_OF_PHAGOSOMAL_MATURATION,0.5630539098397381,0.5599746802843902,0.0030792295553478954
REACTOME_SURFACTANT_METABOLISM,0.4943110297779302,0.4943575105739705,-4.648079604030464e-05
REACTOME_SWITCHING_OF_ORIGINS_TO_A_POST_REPLICATIVE_STATE,0.5172659732980145,0.5058254562344708,0.011440517063543654
REACTOME_SYNAPTIC_ADHESION_LIKE_MOLECULES,0.49713650375065527,0.4971332188887443,3.2848619109793198e-06
REACTOME_SYNDECAN_INTERACTIONS,0.4656679372512539,0.46566728027887166,6.569723822180684e-07
REACTOME_SYNTHESIS_OF_12_EICOSATETRAENOIC_ACID_DERIVATIVES,0.43232921674438657,0.43232921674438657,0.0
REACTOME_SYNTHESIS_OF_15_EICOSATETRAENOIC_ACID_DERIVATIVES,0.43232888825819543,0.43232888825819543,0.0
REACTOME_SYNTHESIS_OF_16_20_HYDROXYEICOSATETRAENOIC_ACIDS_HETE,0.4677166235035812,0.4677166235035812,0.0
REACTOME_SYNTHESIS_OF_5_EICOSATETRAENOIC_ACIDS,0.4543440327855498,0.4468754065016615,0.00746862628388828
REACTOME_SYNTHESIS_OF_ACTIVE_UBIQUITIN_ROLES_OF_E1_AND_E2_ENZYMES,0.5171060826444978,0.5291242426750864,-0.012018160030588643
REACTOME_SYNTHESIS_OF_BILE_ACIDS_AND_BILE_SALTS,0.5080279561457797,0.5083687605690432,-0.0003408044232635632
REACTOME_SYNTHESIS_OF_BILE_ACIDS_AND_BILE_SALTS_VIA_24_HYDROXYCHOLESTEROL,0.5001138204652152,0.5001057725535334,8.047911681852149e-06
REACTOME_SYNTHESIS_OF_BILE_ACIDS_AND_BILE_SALTS_VIA_27_HYDROXYCHOLESTEROL,0.49740109937758437,0.49740109937758437,0.0
REACTOME_SYNTHESIS_OF_BILE_ACIDS_AND_BILE_SALTS_VIA_7ALPHA_HYDROXYCHOLESTEROL,0.5000878700561185,0.5001057725535334,-1.790249741484562e-05
REACTOME_SYNTHESIS_OF_DIPHTHAMIDE_EEF2,0.5038069907117245,0.503823907750566,-1.691703884143525e-05
REACTOME_SYNTHESIS_OF_DNA,0.5122471970273313,0.4962233942609521,0.01602380276637927
REACTOME_SYNTHESIS_OF_DOLICHYL_PHOSPHATE,0.4929451841953468,0.4928747239073564,7.04602879903482e-05
REACTOME_SYNTHESIS_OF_EPOXY_EET_AND_DIHYDROXYEICOSATRIENOIC_ACIDS_DHET,0.46808222863427257,0.46807073161758417,1.1497016688399864e-05
REACTOME_SYNTHESIS_OF_GDP_MANNOSE,0.4993899190215842,0.4993899190215842,0.0
REACTOME_SYNTHESIS_OF_GLYCOSYLPHOSPHATIDYLINOSITOL_GPI,0.5006260125586841,0.49997840203293537,0.000647610525748743
REACTOME_SYNTHESIS_OF_IP2_IP_AND_INS_IN_THE_CYTOSOL,0.49530215473801914,0.49537212229672295,-6.996755870380955e-05
REACTOME_SYNTHESIS_OF_IP3_AND_IP4_IN_THE_CYTOSOL,0.49814815909768784,0.49811153288738047,3.662621030736668e-05
REACTOME_SYNTHESIS_OF_KETONE_BODIES,0.49466086757144906,0.4946684227538443,-7.555182395257987e-06
REACTOME_SYNTHESIS_OF_LEUKOTRIENES_LT_AND_EOXINS_EX,0.5038546212094336,0.5038546212094336,0.0
REACTOME_SYNTHESIS_OF_LIPOXINS_LX,0.5047952414176413,0.504795734146928,-4.927292867051847e-07
REACTOME_SYNTHESIS_OF_PA,0.5070140835169571,0.5072050982370803,-0.00019101472012317267
REACTOME_SYNTHESIS_OF_PC,0.5198519808374296,0.5216745864687339,-0.0018226056313043193
REACTOME_SYNTHESIS_OF_PE,0.5180710929523944,0.5181916473845272,-0.00012055443213276895
REACTOME_SYNTHESIS_OF_PG,0.4947250866218086,0.4947250866218086,0.0
REACTOME_SYNTHESIS_OF_PI,0.49121866077493836,0.49121866077493836,0.0
REACTOME_SYNTHESIS_OF_PIPS_AT_THE_EARLY_ENDOSOME_MEMBRANE,0.4969310356381238,0.4969080416047469,2.299403337691075e-05
REACTOME_SYNTHESIS_OF_PIPS_AT_THE_ER_MEMBRANE,0.5011804151277088,0.5011608701993385,1.9544928370307524e-05
REACTOME_SYNTHESIS_OF_PIPS_AT_THE_GOLGI_MEMBRANE,0.5017772745369331,0.5017720187578755,5.255779057633525e-06
REACTOME_SYNTHESIS_OF_PIPS_AT_THE_LATE_ENDOSOME_MEMBRANE,0.5001359932831143,0.5001507751617137,-1.4781878599379183e-05
REACTOME_SYNTHESIS_OF_PIPS_AT_THE_PLASMA_MEMBRANE,0.4861594807027502,0.4843078040435336,0.00185167665921665
REACTOME_SYNTHESIS_OF_PROSTAGLANDINS_PG_AND_THROMBOXANES_TX,0.49799861575919074,0.4980482171740465,-4.9601414855771075e-05
REACTOME_SYNTHESIS_OF_PYROPHOSPHATES_IN_THE_CYTOSOL,0.4920050567164257,0.49200949128000554,-4.434563579847062e-06
REACTOME_SYNTHESIS_OF_SUBSTRATES_IN_N_GLYCAN_BIOSYTHESIS,0.48088514217539324,0.4779340222345733,0.002951119940819924
REACTOME_SYNTHESIS_OF_UDP_N_ACETYL_GLUCOSAMINE,0.49487742209293006,0.49487742209293006,0.0
REACTOME_SYNTHESIS_OF_VERY_LONG_CHAIN_FATTY_ACYL_COAS,0.49706243011456286,0.49676827073043506,0.0002941593841278012
REACTOME_SYNTHESIS_OF_WYBUTOSINE_AT_G37_OF_TRNA_PHE,0.49950267190667835,0.4994873972987924,1.5274607885973346e-05
REACTOME_SYNTHESIS_SECRETION_AND_DEACYLATION_OF_GHRELIN,0.4966220943753967,0.49950160432655744,-0.002879509951160708
REACTOME_SYNTHESIS_SECRETION_AND_INACTIVATION_OF_GLUCAGON_LIKE_PEPTIDE_1_GLP_1,0.509482985729246,0.5097722178205073,-0.00028923209126130445
REACTOME_SYNTHESIS_SECRETION_AND_INACTIVATION_OF_GLUCOSE_DEPENDENT_INSULINOTROPIC_POLYPEPTIDE_GIP,0.5094622910992067,0.5097722178205073,-0.00030992672130059074
REACTOME_S_PHASE,0.4951109757748004,0.4949718618728706,0.00013911390192977713
REACTOME_TACHYKININ_RECEPTORS_BIND_TACHYKININS,,,
REACTOME_TAK1_ACTIVATES_NFKB_BY_PHOSPHORYLATION_AND_ACTIVATION_OF_IKKS_COMPLEX,0.5137435337493282,0.5207070303928563,-0.006963496643528022
REACTOME_TANDEM_PORE_DOMAIN_POTASSIUM_CHANNELS,,,
REACTOME_TBC_RABGAPS,0.4706981284170776,0.47054061928844637,0.0001575091286312169
REACTOME_TCF_DEPENDENT_SIGNALING_IN_RESPONSE_TO_WNT,0.5022129293478761,0.4983661918070288,0.0038467375408473004
REACTOME_TCR_SIGNALING,0.4628410672122165,0.4543431294485243,0.008497937763692232
REACTOME_TELOMERE_C_STRAND_LAGGING_STRAND_SYNTHESIS,0.49160996995008316,0.4926550487670599,-0.001045078816976741
REACTOME_TELOMERE_C_STRAND_SYNTHESIS_INITIATION,0.49759917655081615,0.4972746321940118,0.000324544356804346
REACTOME_TELOMERE_EXTENSION_BY_TELOMERASE,0.4911103424534239,0.49182677083620757,-0.0007164283827836848
REACTOME_TELOMERE_MAINTENANCE,0.47116745306260815,0.47534152709288413,-0.004174074030275976
REACTOME_TERMINAL_PATHWAY_OF_COMPLEMENT,0.5023999201121583,0.5023999201121583,0.0
REACTOME_TERMINATION_OF_O_GLYCAN_BIOSYNTHESIS,0.49690935554951143,0.4972747964371074,-0.00036544088759599136
REACTOME_TERMINATION_OF_TRANSLESION_DNA_SYNTHESIS,0.8820606464345452,0.7394132185471186,0.14264742788742657
REACTOME_TETRAHYDROBIOPTERIN_BH4_SYNTHESIS_RECYCLING_SALVAGE_AND_REGULATION,0.48582869510831506,0.48582869510831506,0.0
REACTOME_TFAP2A_ACTS_AS_A_TRANSCRIPTIONAL_REPRESSOR_DURING_RETINOIC_ACID_INDUCED_CELL_DIFFERENTIATION,0.4975353681081955,0.4975353681081955,0.0
REACTOME_TFAP2_AP_2_FAMILY_REGULATES_TRANSCRIPTION_OF_CELL_CYCLE_FACTORS,0.506701118298389,0.5067073595360199,-6.24123763082185e-06
REACTOME_TFAP2_AP_2_FAMILY_REGULATES_TRANSCRIPTION_OF_GROWTH_FACTORS_AND_THEIR_RECEPTORS,0.49205482237437703,0.49205482237437703,0.0
REACTOME_TGF_BETA_RECEPTOR_SIGNALING_ACTIVATES_SMADS,0.5109059057875325,0.5148436340033138,-0.003937728215781311
REACTOME_TGF_BETA_RECEPTOR_SIGNALING_IN_EMT_EPITHELIAL_TO_MESENCHYMAL_TRANSITION,0.5573678138718405,0.5471885195390156,0.01017929433282494
REACTOME_THE_ACTIVATION_OF_ARYLSULFATASES,0.5040480995759901,0.503972055022751,7.6044553239063e-05
REACTOME_THE_CANONICAL_RETINOID_CYCLE_IN_RODS_TWILIGHT_VISION,0.4963040376208665,0.496317669797797,-1.3632176930511442e-05
REACTOME_THE_CITRIC_ACID_TCA_CYCLE_AND_RESPIRATORY_ELECTRON_TRANSPORT,0.44695046559632723,0.44707594732132655,-0.0001254817249993212
REACTOME_THE_FATTY_ACID_CYCLING_MODEL,,,
REACTOME_THE_NLRP3_INFLAMMASOME,0.5631563154098128,0.5496543832540368,0.013501932155775997
REACTOME_THE_PHOTOTRANSDUCTION_CASCADE,0.5047044971073507,0.5046386356260356,6.586148131504377e-05
REACTOME_THE_RETINOID_CYCLE_IN_CONES_DAYLIGHT_VISION,,,
REACTOME_THE_ROLE_OF_GTSE1_IN_G2_M_PROGRESSION_AFTER_G2_CHECKPOINT,0.5516238222127618,0.5474120543920575,0.004211767820704315
REACTOME_THE_ROLE_OF_NEF_IN_HIV_1_REPLICATION_AND_DISEASE_PATHOGENESIS,0.6193742633697163,0.590714828655033,0.02865943471468335
REACTOME_THROMBIN_SIGNALLING_THROUGH_PROTEINASE_ACTIVATED_RECEPTORS_PARS,0.49473461272135044,0.4947119471741648,2.2665547185662938e-05
REACTOME_THROMBOXANE_SIGNALLING_THROUGH_TP_RECEPTOR,0.4971607296072487,0.4968580295821524,0.000302700025096303
REACTOME_THYROXINE_BIOSYNTHESIS,,,
REACTOME_TICAM1_DEPENDENT_ACTIVATION_OF_IRF3_IRF7,0.5470215664323903,0.5446765035141453,0.002345062918244989
REACTOME_TICAM1_RIP1_MEDIATED_IKK_COMPLEX_RECRUITMENT,0.5535743732154987,0.5359159410406706,0.017658432174828098
REACTOME_TICAM1_TRAF6_DEPENDENT_INDUCTION_OF_TAK1_COMPLEX,0.5235969697805843,0.5495766141482945,-0.025979644367710164
REACTOME_TIE2_SIGNALING,0.47001011408982385,0.4713790802912227,-0.001368966201398869
REACTOME_TIGHT_JUNCTION_INTERACTIONS,0.49593826824707943,0.49588308256697505,5.518568010437486e-05
REACTOME_TLR3_MEDIATED_TICAM1_DEPENDENT_PROGRAMMED_CELL_DEATH,0.5222367084632497,0.5222367084632497,0.0
REACTOME_TNFR1_INDUCED_NFKAPPAB_SIGNALING_PATHWAY,0.5361131969984245,0.5350707460709766,0.0010424509274479243
REACTOME_TNFR1_INDUCED_PROAPOPTOTIC_SIGNALING,0.5237957860477461,0.5235655172277869,0.00023026881995924509
REACTOME_TNFR1_MEDIATED_CERAMIDE_PRODUCTION,0.5052486344829036,0.5052486344829036,0.0
REACTOME_TNFR2_NON_CANONICAL_NF_KB_PATHWAY,0.5287399959530502,0.5475931324048999,-0.018853136451849717
REACTOME_TNFS_BIND_THEIR_PHYSIOLOGICAL_RECEPTORS,0.5701359899982524,0.575868731005286,-0.005732741007033582
REACTOME_TNF_RECEPTOR_SUPERFAMILY_TNFSF_MEMBERS_MEDIATING_NON_CANONICAL_NF_KB_PATHWAY,0.5830326863469314,0.5853199356955432,-0.0022872493486117973
REACTOME_TNF_SIGNALING,0.548733061609556,0.5473530911207555,0.0013799704888005637
REACTOME_TOLL_LIKE_RECEPTOR_9_TLR9_CASCADE,0.45820276007237204,0.4523124278151595,0.005890332257212527
REACTOME_TOLL_LIKE_RECEPTOR_CASCADES,0.49410276953277443,0.48125238973704026,0.012850379795734168
REACTOME_TOLL_LIKE_RECEPTOR_TLR1_TLR2_CASCADE,0.47092486601048267,0.4749415951552229,-0.0040167291447402165
REACTOME_TOXICITY_OF_BOTULINUM_TOXIN_TYPE_D_BOTD,0.4995911989351791,0.4995911989351791,0.0
REACTOME_TP53_REGULATES_METABOLIC_GENES,0.5096029653105443,0.4982389855295263,0.011363979781017997
REACTOME_TP53_REGULATES_TRANSCRIPTION_OF_ADDITIONAL_CELL_CYCLE_GENES_WHOSE_EXACT_ROLE_IN_THE_P53_PATHWAY_REMAIN_UNCERTAIN,0.4926485611647857,0.49260437977208316,4.4181392702569156e-05
REACTOME_TP53_REGULATES_TRANSCRIPTION_OF_CASPASE_ACTIVATORS_AND_CASPASES,0.4991860112184604,0.4991860112184604,0.0
REACTOME_TP53_REGULATES_TRANSCRIPTION_OF_CELL_CYCLE_GENES,0.475835077595008,0.4754551833150038,0.00037989428000417824
REACTOME_TP53_REGULATES_TRANSCRIPTION_OF_CELL_DEATH_GENES,0.5462446965904447,0.5467952394467243,-0.0005505428562795345
REACTOME_TP53_REGULATES_TRANSCRIPTION_OF_DEATH_RECEPTORS_AND_LIGANDS,0.5257134884313733,0.5256794901105948,3.399832077854992e-05
REACTOME_TP53_REGULATES_TRANSCRIPTION_OF_DNA_REPAIR_GENES,0.43751782037586695,0.44644164048631724,-0.008923820110450287
REACTOME_TP53_REGULATES_TRANSCRIPTION_OF_GENES_INVOLVED_IN_CYTOCHROME_C_RELEASE,0.535396768615641,0.5361240370427308,-0.0007272684270898111
REACTOME_TP53_REGULATES_TRANSCRIPTION_OF_GENES_INVOLVED_IN_G1_CELL_CYCLE_ARREST,0.4987716258883909,0.49877146164529534,1.642430955683949e-07
REACTOME_TP53_REGULATES_TRANSCRIPTION_OF_GENES_INVOLVED_IN_G2_CELL_CYCLE_ARREST,0.47901416695244975,0.479375501762657,-0.0003613348102072256
REACTOME_TP53_REGULATES_TRANSCRIPTION_OF_SEVERAL_ADDITIONAL_CELL_DEATH_GENES_WHOSE_SPECIFIC_ROLES_IN_P53_DEPENDENT_APOPTOSIS_REMAIN_UNCERTAIN,0.4962197809128501,0.4962197809128501,0.0
REACTOME_TRAF3_DEPENDENT_IRF_ACTIVATION_PATHWAY,0.49860836825141547,0.49825458862360344,0.0003537796278120231
REACTOME_TRAF6_MEDIATED_INDUCTION_OF_TAK1_COMPLEX_WITHIN_TLR4_COMPLEX,0.4576276628733082,0.4691181098378987,-0.011490446964590506
REACTOME_TRAF6_MEDIATED_IRF7_ACTIVATION,0.5036680410528902,0.5033546652265832,0.0003133758263069719
REACTOME_TRAF6_MEDIATED_IRF7_ACTIVATION_IN_TLR7_8_OR_9_SIGNALING,0.5590820190600827,0.548508869784132,0.010573149275950655
REACTOME_TRAF6_MEDIATED_NF_KB_ACTIVATION,0.4929801679746987,0.49388580440355445,-0.0009056364288557717
REACTOME_TRAFFICKING_AND_PROCESSING_OF_ENDOSOMAL_TLR,0.5268686922439154,0.526868856487011,-1.642430955683949e-07
REACTOME_TRAFFICKING_OF_AMPA_RECEPTORS,0.4979117311616454,0.49787543343752916,3.629772411622989e-05
REACTOME_TRAFFICKING_OF_GLUR2_CONTAINING_AMPA_RECEPTORS,,,
REACTOME_TRAFFICKING_OF_MYRISTOYLATED_PROTEINS_TO_THE_CILIUM,,,
REACTOME_TRAIL_SIGNALING,0.7968620042650647,0.7692103651846683,0.027651639080396362
REACTOME_TRANSCRIPTIONAL_ACTIVATION_OF_MITOCHONDRIAL_BIOGENESIS,0.5306704271765824,0.5253524821073571,0.005317945069225338
REACTOME_TRANSCRIPTIONAL_ACTIVITY_OF_SMAD2_SMAD3_SMAD4_HETEROTRIMER,0.495610849636103,0.5085336606369741,-0.012922811000871115
REACTOME_TRANSCRIPTIONAL_REGULATION_BY_E2F6,0.4794595121060301,0.47909554940629406,0.00036396269973604234
REACTOME_TRANSCRIPTIONAL_REGULATION_BY_MECP2,0.47667247101766336,0.4780056322242325,-0.0013331612065691223
REACTOME_TRANSCRIPTIONAL_REGULATION_BY_RUNX1,0.4900971267969837,0.5032451150818522,-0.013147988284868517
REACTOME_TRANSCRIPTIONAL_REGULATION_BY_RUNX2,0.5136320948089984,0.5115600039155553,0.002072090893443068
REACTOME_TRANSCRIPTIONAL_REGULATION_BY_RUNX3,0.5072793361162683,0.5048882851312696,0.0023910509849986994
REACTOME_TRANSCRIPTIONAL_REGULATION_BY_SMALL_RNAS,0.4894302998290557,0.4929960174334191,-0.003565717604363361
REACTOME_TRANSCRIPTIONAL_REGULATION_BY_THE_AP_2_TFAP2_FAMILY_OF_TRANSCRIPTION_FACTORS,0.5052187422395137,0.49708197504293317,0.008136767196580519
REACTOME_TRANSCRIPTIONAL_REGULATION_BY_TP53,0.492240827680086,0.4761082138629056,0.016132613817180397
REACTOME_TRANSCRIPTIONAL_REGULATION_BY_VENTX,0.4839484401504729,0.4847827950758606,-0.0008343549253876925
REACTOME_TRANSCRIPTIONAL_REGULATION_OF_GRANULOPOIESIS,0.49567851779146915,0.49492612017076026,0.0007523976207088889
REACTOME_TRANSCRIPTIONAL_REGULATION_OF_PLURIPOTENT_STEM_CELLS,0.4793882306025619,0.4795802307812584,-0.000192000178696472
REACTOME_TRANSCRIPTIONAL_REGULATION_OF_TESTIS_DIFFERENTIATION,0.4997889476222198,0.4997891118653154,-1.642430955683949e-07
REACTOME_TRANSCRIPTIONAL_REGULATION_OF_WHITE_ADIPOCYTE_DIFFERENTIATION,0.5077227103527022,0.5070322323790152,0.0006904779736870426
REACTOME_TRANSCRIPTION_COUPLED_NUCLEOTIDE_EXCISION_REPAIR_TC_NER,0.4879920230413354,0.4915464078721059,-0.0035543848307705295
REACTOME_TRANSCRIPTION_OF_E2F_TARGETS_UNDER_NEGATIVE_CONTROL_BY_DREAM_COMPLEX,0.5042041305167613,0.504051384437901,0.00015274607886028857
REACTOME_TRANSCRIPTION_OF_E2F_TARGETS_UNDER_NEGATIVE_CONTROL_BY_P107_RBL1_AND_P130_RBL2_IN_COMPLEX_WITH_HDAC1,0.5005955454644598,0.500697704669891,-0.00010215920543121815
REACTOME_TRANSCRIPTION_OF_THE_HIV_GENOME,0.4737351474968695,0.47258446036945495,0.0011506871274145625
REACTOME_TRANSFERRIN_ENDOCYTOSIS_AND_RECYCLING,0.5127934695631264,0.5127863249884701,7.144574656336999e-06
REACTOME_TRANSLATION,0.4463031835567696,0.4368642970986786,0.009438886458091045
REACTOME_TRANSLATION_OF_REPLICASE_AND_ASSEMBLY_OF_THE_REPLICATION_TRANSCRIPTION_COMPLEX,0.5039876581168281,0.5039876581168281,0.0
REACTOME_TRANSLATION_OF_SARS_COV_1_STRUCTURAL_PROTEINS,0.5197497395104504,0.5387828042734739,-0.019033064763023466
REACTOME_TRANSLATION_OF_SARS_COV_2_STRUCTURAL_PROTEINS,0.47632887446177535,0.49267927462365346,-0.01635040016187811
REACTOME_TRANSLESION_SYNTHESIS_BY_POLH,0.5248385654613851,0.5366714592801949,-0.011832893818809809
REACTOME_TRANSLESION_SYNTHESIS_BY_POLK,0.5292812590744311,0.5377328802851786,-0.008451621210747495
REACTOME_TRANSLESION_SYNTHESIS_BY_Y_FAMILY_DNA_POLYMERASES_BYPASSES_LESIONS_ON_DNA_TEMPLATE,0.8125237331273067,0.7352586894452131,0.07726504368209364
REACTOME_TRANSLOCATION_OF_SLC2A4_GLUT4_TO_THE_PLASMA_MEMBRANE,0.4420597168186244,0.4376188298796294,0.00444088693899497
REACTOME_TRANSMISSION_ACROSS_CHEMICAL_SYNAPSES,0.4702964719269131,0.469326862812341,0.000969609114572112
REACTOME_TRANSPORT_AND_SYNTHESIS_OF_PAPS,0.49892387923796466,0.49892387923796466,0.0
REACTOME_TRANSPORT_OF_BILE_SALTS_AND_ORGANIC_ACIDS_METAL_IONS_AND_AMINE_COMPOUNDS,0.49357891617952165,0.493420093106126,0.00015882307339565305
REACTOME_TRANSPORT_OF_CONNEXONS_TO_THE_PLASMA_MEMBRANE,0.4879445567867218,0.48800581946136146,-6.126267463968382e-05
REACTOME_TRANSPORT_OF_FATTY_ACIDS,0.501211292829672,0.501211292829672,0.0
REACTOME_TRANSPORT_OF_INORGANIC_CATIONS_ANIONS_AND_AMINO_ACIDS_OLIGOPEPTIDES,0.4948800499824588,0.4941752828594591,0.0007047671229997166
REACTOME_TRANSPORT_OF_MATURE_MRNAS_DERIVED_FROM_INTRONLESS_TRANSCRIPTS,0.505259392405662,0.5053916080975788,-0.00013221569191679272
REACTOME_TRANSPORT_OF_MATURE_TRANSCRIPT_TO_CYTOPLASM,0.4573748106277108,0.47187074199774787,-0.014495931370037074
REACTOME_TRANSPORT_OF_NUCLEOSIDES_AND_FREE_PURINE_AND_PYRIMIDINE_BASES_ACROSS_THE_PLASMA_MEMBRANE,0.49913682041134355,0.49913682041134355,0.0
REACTOME_TRANSPORT_OF_NUCLEOTIDE_SUGARS,0.4973772841287298,0.4973473918853399,2.9892243389895157e-05
REACTOME_TRANSPORT_OF_ORGANIC_ANIONS,0.49812812144003094,0.4981277929538398,3.284861911367898e-07
REACTOME_TRANSPORT_OF_SMALL_MOLECULES,0.43584418323222535,0.43513645973350573,0.0007077234987196146
REACTOME_TRANSPORT_OF_THE_SLBP_DEPENDANT_MATURE_MRNA,0.510017268519066,0.5089285010386734,0.0010887674803926606
REACTOME_TRANSPORT_OF_VITAMINS_NUCLEOSIDES_AND_RELATED_MOLECULES,0.4963855843178065,0.4962807972228464,0.00010478709496009042
REACTOME_TRANSPORT_TO_THE_GOLGI_AND_SUBSEQUENT_MODIFICATION,0.5114285273175686,0.4988672153700003,0.012561311947568321
REACTOME_TRANS_GOLGI_NETWORK_VESICLE_BUDDING,0.3854603963908565,0.4360370867479473,-0.05057669035709078
REACTOME_TRIF_MEDIATED_PROGRAMMED_CELL_DEATH,0.4514069556293992,0.44617022877092294,0.005236726858476259
REACTOME_TRIGLYCERIDE_BIOSYNTHESIS,0.5238340546890089,0.5231785604946738,0.0006554941943350823
REACTOME_TRIGLYCERIDE_CATABOLISM,0.4905271973426781,0.49053146766316236,-4.270320484278667e-06
REACTOME_TRIGLYCERIDE_METABOLISM,0.5098783188602317,0.5121627760762193,-0.0022844572159875787
REACTOME_TRISTETRAPROLIN_TTP_ZFP36_BINDS_AND_DESTABILIZES_MRNA,0.494006440957235,0.49301950419608254,0.0009869367611524682
REACTOME_TRNA_AMINOACYLATION,0.4855391345308625,0.4856524622667911,-0.00011332773592859224
REACTOME_TRNA_MODIFICATION_IN_THE_MITOCHONDRION,0.4912318002225823,0.4913237763560896,-9.197613350730993e-05
REACTOME_TRNA_MODIFICATION_IN_THE_NUCLEUS_AND_CYTOSOL,0.4917654260400201,0.4907955705608048,0.000969855479215298
REACTOME_TRNA_PROCESSING,0.47441158268588707,0.4761799880956604,-0.0017684054097733548
REACTOME_TRNA_PROCESSING_IN_THE_MITOCHONDRION,0.49895180056420796,0.49895180056420796,0.0
REACTOME_TRNA_PROCESSING_IN_THE_NUCLEUS,0.4889277159566766,0.48990956118186707,-0.0009818452251904586
REACTOME_TRP_CHANNELS,0.4993775186678702,0.4993775186678702,0.0
REACTOME_TRYPTOPHAN_CATABOLISM,0.5433182952355049,0.5559489177693948,-0.012630622533889913
REACTOME_TYPE_I_HEMIDESMOSOME_ASSEMBLY,,,
REACTOME_TYROSINE_CATABOLISM,0.4993872090105076,0.4993872090105076,0.0
REACTOME_TYSND1_CLEAVES_PEROXISOMAL_PROTEINS,0.49462292741637726,0.4946797555274371,-5.682811105983676e-05
REACTOME_UBIQUINOL_BIOSYNTHESIS,0.49339906998989574,0.49338330265272307,1.576733717267853e-05
REACTOME_UB_SPECIFIC_PROCESSING_PROTEASES,0.5029173679846847,0.5003272543678808,0.0025901136168038352
REACTOME_UCH_PROTEINASES,0.4560527358300912,0.4595711514229365,-0.00351841559284527
REACTOME_UNBLOCKING_OF_NMDA_RECEPTORS_GLUTAMATE_BINDING_AND_ACTIVATION,0.49894194597847497,0.4989465447851503,-4.5988066753599455e-06
REACTOME_UNFOLDED_PROTEIN_RESPONSE_UPR,0.551165173368442,0.5209195609584965,0.0302456124099455
REACTOME_UNWINDING_OF_DNA,0.4900587760341731,0.4901786734939237,-0.0001198974597506064
REACTOME_UPTAKE_AND_ACTIONS_OF_BACTERIAL_TOXINS,0.48202326470599827,0.4805046730445546,0.0015185916614436912
REACTOME_UPTAKE_AND_FUNCTION_OF_ANTHRAX_TOXINS,0.4793272964141134,0.4793272964141134,0.0
REACTOME_UPTAKE_AND_FUNCTION_OF_DIPHTHERIA_TOXIN,0.4998000340311694,0.500789105952564,-0.0009890719213945798
REACTOME_UREA_CYCLE,0.4964947238547986,0.4964947238547986,0.0
REACTOME_VASOPRESSIN_LIKE_RECEPTORS,0.4987811519879327,0.49878164471721936,-4.927292866496735e-07
REACTOME_VASOPRESSIN_REGULATES_RENAL_WATER_HOMEOSTASIS_VIA_AQUAPORINS,0.4855769925643866,0.4854406707950811,0.000136321769305503
REACTOME_VEGFR2_MEDIATED_CELL_PROLIFERATION,0.4853426997885863,0.4853325167166622,1.0183071924074749e-05
REACTOME_VEGFR2_MEDIATED_VASCULAR_PERMEABILITY,0.526959108068015,0.5272146703246889,-0.0002555622566738913
REACTOME_VEGF_LIGAND_RECEPTOR_INTERACTIONS,,,
REACTOME_VESICLE_MEDIATED_TRANSPORT,0.48181804295811015,0.4636899576515602,0.018128085306549968
REACTOME_VIRAL_MESSENGER_RNA_SYNTHESIS,0.4929273638194797,0.49442378266302434,-0.0014964188435446224
REACTOME_VISUAL_PHOTOTRANSDUCTION,0.4949730115745394,0.49563556822198296,-0.0006625566474435796
REACTOME_VITAMINS,0.5001956135267985,0.5001956135267985,0.0
REACTOME_VITAMIN_B1_THIAMIN_METABOLISM,0.4997962564399718,0.4997962564399718,0.0
REACTOME_VITAMIN_B2_RIBOFLAVIN_METABOLISM,0.4905106087900277,0.4905106087900277,0.0
REACTOME_VITAMIN_B5_PANTOTHENATE_METABOLISM,0.49884923075103765,0.4988773163203765,-2.8085569338864858e-05
REACTOME_VITAMIN_C_ASCORBATE_METABOLISM,0.4918884441185861,0.49210606622018827,-0.00021762210160214401
REACTOME_VITAMIN_D_CALCIFEROL_METABOLISM,0.5001956135267985,0.5001956135267985,0.0
REACTOME_VLDLR_INTERNALISATION_AND_DEGRADATION,0.5009533490481127,0.5009533490481127,0.0
REACTOME_VLDL_ASSEMBLY,,,
REACTOME_VLDL_CLEARANCE,0.49428639331359786,0.49428639331359786,0.0
REACTOME_VOLTAGE_GATED_POTASSIUM_CHANNELS,0.5004030525564765,0.5004037095288588,-6.569723822735796e-07
REACTOME_VXPX_CARGO_TARGETING_TO_CILIUM,0.4968792990630261,0.4968792990630261,0.0
REACTOME_WAX_AND_PLASMALOGEN_BIOSYNTHESIS,0.4940753409358177,0.49408963008513046,-1.4289149312785021e-05
REACTOME_WNT5A_DEPENDENT_INTERNALIZATION_OF_FZD2_FZD5_AND_ROR2,,,
REACTOME_WNT5A_DEPENDENT_INTERNALIZATION_OF_FZD4,0.4981121077382149,0.4981121077382149,0.0
REACTOME_WNT_LIGAND_BIOGENESIS_AND_TRAFFICKING,0.4979640425875777,0.4979691341235397,-5.091535962009619e-06
REACTOME_WNT_MEDIATED_ACTIVATION_OF_DVL,0.4942118269482187,0.4942041075227279,7.71942549077087e-06
REACTOME_XENOBIOTICS,,,
REACTOME_YAP1_AND_WWTR1_TAZ_STIMULATED_GENE_EXPRESSION,,,
REACTOME_ZBP1_DAI_MEDIATED_INDUCTION_OF_TYPE_I_IFNS,0.5068039344762024,0.5067256726411735,7.826183502890327e-05
REACTOME_ZINC_EFFLUX_AND_COMPARTMENTALIZATION_BY_THE_SLC30_FAMILY,0.4929304844382951,0.4929304844382951,0.0
REACTOME_ZINC_INFLUX_INTO_CELLS_BY_THE_SLC39_GENE_FAMILY,0.4947860208102572,0.4947579352409184,2.8085569338809346e-05
REACTOME_ZINC_TRANSPORTERS,0.4876998345743541,0.4880585414950326,-0.0003587069206784643
