pathway,n_genes,corr,abs_corr,sign
REACTOME_2_LTR_CIRCLE_FORMATION,0,,,0
REACTOME_ABACAVIR_METABOLISM,1,,,0
REACTOME_ABACAVIR_TRANSMEMBRANE_TRANSPORT,2,,,0
REACTOME_ABACAVIR_TRANSPORT_AND_METABOLISM,3,,,0
REACTOME_ABC_FAMILY_PROTEINS_MEDIATED_TRANSPORT,17,0.8822870254516602,0.8822870254516602,1
REACTOME_ABC_TRANSPORTERS_IN_LIPID_HOMEOSTASIS,8,,,0
REACTOME_ABC_TRANSPORTER_DISORDERS,11,0.8932405114173889,0.8932405114173889,1
REACTOME_ABERRANT_REGULATION_OF_MITOTIC_EXIT_IN_CANCER_DUE_TO_RB1_DEFECTS,7,,,0
REACTOME_ABERRANT_REGULATION_OF_MITOTIC_G1_S_TRANSITION_IN_CANCER_DUE_TO_RB1_DEFECTS,7,,,0
REACTOME_ABORTIVE_ELONGATION_OF_HIV_1_TRANSCRIPT_IN_THE_ABSENCE_OF_TAT,6,,,0
REACTOME_ACETYLCHOLINE_BINDING_AND_DOWNSTREAM_EVENTS,2,,,0
REACTOME_ACETYLCHOLINE_INHIBITS_CONTRACTION_OF_OUTER_HAIR_CELLS,0,,,0
REACTOME_ACETYLCHOLINE_NEUROTRANSMITTER_RELEASE_CYCLE,2,,,0
REACTOME_ACETYLCHOLINE_REGULATES_INSULIN_SECRETION,1,,,0
REACTOME_ACROSOME_REACTION_AND_SPERM_OOCYTE_MEMBRANE_BINDING,2,,,0
REACTOME_ACTIVATED_NOTCH1_TRANSMITS_SIGNAL_TO_THE_NUCLEUS,5,,,0
REACTOME_ACTIVATED_NTRK2_SIGNALS_THROUGH_CDK5,0,,,0
REACTOME_ACTIVATED_NTRK2_SIGNALS_THROUGH_FRS2_AND_FRS3,1,,,0
REACTOME_ACTIVATED_NTRK2_SIGNALS_THROUGH_FYN,1,,,0
REACTOME_ACTIVATED_NTRK2_SIGNALS_THROUGH_PI3K,1,,,0
REACTOME_ACTIVATED_NTRK2_SIGNALS_THROUGH_RAS,1,,,0
REACTOME_ACTIVATED_NTRK3_SIGNALS_THROUGH_PI3K,1,,,0
REACTOME_ACTIVATED_NTRK3_SIGNALS_THROUGH_RAS,1,,,0
REACTOME_ACTIVATED_PKN1_STIMULATES_TRANSCRIPTION_OF_AR_ANDROGEN_RECEPTOR_REGULATED_GENES_KLK2_AND_KLK3,0,,,0
REACTOME_ACTIVATED_TAK1_MEDIATES_P38_MAPK_ACTIVATION,3,,,0
REACTOME_ACTIVATION_OF_AMPK_DOWNSTREAM_OF_NMDARS,4,,,0
REACTOME_ACTIVATION_OF_ANTERIOR_HOX_GENES_IN_HINDBRAIN_DEVELOPMENT_DURING_EARLY_EMBRYOGENESIS,21,0.8659225106239319,0.8659225106239319,1
REACTOME_ACTIVATION_OF_ATR_IN_RESPONSE_TO_REPLICATION_STRESS,12,0.8992463946342468,0.8992463946342468,1
REACTOME_ACTIVATION_OF_BAD_AND_TRANSLOCATION_TO_MITOCHONDRIA,1,,,0
REACTOME_ACTIVATION_OF_BH3_ONLY_PROTEINS,7,,,0
REACTOME_ACTIVATION_OF_C3_AND_C5,1,,,0
REACTOME_ACTIVATION_OF_CASPASES_THROUGH_APOPTOSOME_MEDIATED_CLEAVAGE,1,,,0
REACTOME_ACTIVATION_OF_GENE_EXPRESSION_BY_SREBF_SREBP,13,0.9016171097755432,0.9016171097755432,1
REACTOME_ACTIVATION_OF_IRF3_IRF7_MEDIATED_BY_TBK1_IKK_EPSILON,4,,,0
REACTOME_ACTIVATION_OF_KAINATE_RECEPTORS_UPON_GLUTAMATE_BINDING,11,0.8779693841934204,0.8779693841934204,1
REACTOME_ACTIVATION_OF_MATRIX_METALLOPROTEINASES,7,,,0
REACTOME_ACTIVATION_OF_NIMA_KINASES_NEK9_NEK6_NEK7,0,,,0
REACTOME_ACTIVATION_OF_NMDA_RECEPTORS_AND_POSTSYNAPTIC_EVENTS,17,0.7973868250846863,0.7973868250846863,1
REACTOME_ACTIVATION_OF_NOXA_AND_TRANSLOCATION_TO_MITOCHONDRIA,3,,,0
REACTOME_ACTIVATION_OF_PPARGC1A_PGC_1ALPHA_BY_PHOSPHORYLATION,1,,,0
REACTOME_ACTIVATION_OF_PUMA_AND_TRANSLOCATION_TO_MITOCHONDRIA,3,,,0
REACTOME_ACTIVATION_OF_RAC1,2,,,0
REACTOME_ACTIVATION_OF_RAC1_DOWNSTREAM_OF_NMDARS,1,,,0
REACTOME_ACTIVATION_OF_RAS_IN_B_CELLS,1,,,0
REACTOME_ACTIVATION_OF_SMO,4,,,0
REACTOME_ACTIVATION_OF_THE_AP_1_FAMILY_OF_TRANSCRIPTION_FACTORS,4,,,0
REACTOME_ACTIVATION_OF_THE_MRNA_UPON_BINDING_OF_THE_CAP_BINDING_COMPLEX_AND_EIFS_AND_SUBSEQUENT_BINDING_TO_43S,6,,,0
REACTOME_ACTIVATION_OF_THE_PHOTOTRANSDUCTION_CASCADE,2,,,0
REACTOME_ACTIVATION_OF_THE_PRE_REPLICATIVE_COMPLEX,12,0.8597500920295715,0.8597500920295715,1
REACTOME_ACTIVATION_OF_THE_TFAP2_AP_2_FAMILY_OF_TRANSCRIPTION_FACTORS,3,,,0
REACTOME_ACTIVATION_OF_TRKA_RECEPTORS,0,,,0
REACTOME_ACYL_CHAIN_REMODELING_OF_CL,0,,,0
REACTOME_ACYL_CHAIN_REMODELING_OF_DAG_AND_TAG,0,,,0
REACTOME_ACYL_CHAIN_REMODELLING_OF_PC,2,,,0
REACTOME_ACYL_CHAIN_REMODELLING_OF_PE,3,,,0
REACTOME_ACYL_CHAIN_REMODELLING_OF_PG,2,,,0
REACTOME_ACYL_CHAIN_REMODELLING_OF_PI,1,,,0
REACTOME_ACYL_CHAIN_REMODELLING_OF_PS,3,,,0
REACTOME_ADAPTIVE_IMMUNE_SYSTEM,196,0.8829266428947449,0.8829266428947449,1
REACTOME_ADENYLATE_CYCLASE_ACTIVATING_PATHWAY,2,,,0
REACTOME_ADENYLATE_CYCLASE_INHIBITORY_PATHWAY,2,,,0
REACTOME_ADHERENS_JUNCTIONS_INTERACTIONS,2,,,0
REACTOME_ADORA2B_MEDIATED_ANTI_INFLAMMATORY_CYTOKINES_PRODUCTION,26,0.8905820250511169,0.8905820250511169,1
REACTOME_ADP_SIGNALLING_THROUGH_P2Y_PURINOCEPTOR_1,8,,,0
REACTOME_ADP_SIGNALLING_THROUGH_P2Y_PURINOCEPTOR_12,8,,,0
REACTOME_ADRENALINE_NORADRENALINE_INHIBITS_INSULIN_SECRETION,9,,,0
REACTOME_ADRENOCEPTORS,1,,,0
REACTOME_ADVANCED_GLYCOSYLATION_ENDPRODUCT_RECEPTOR_SIGNALING,5,,,0
REACTOME_AFLATOXIN_ACTIVATION_AND_DETOXIFICATION,2,,,0
REACTOME_AGGREPHAGY,7,,,0
REACTOME_AKT_PHOSPHORYLATES_TARGETS_IN_THE_CYTOSOL,0,,,0
REACTOME_AKT_PHOSPHORYLATES_TARGETS_IN_THE_NUCLEUS,2,,,0
REACTOME_ALK_MUTANTS_BIND_TKIS,1,,,0
REACTOME_ALPHA_DEFENSINS,0,,,0
REACTOME_ALPHA_LINOLENIC_OMEGA3_AND_LINOLEIC_OMEGA6_ACID_METABOLISM,1,,,0
REACTOME_ALPHA_OXIDATION_OF_PHYTANATE,2,,,0
REACTOME_ALPHA_PROTEIN_KINASE_1_SIGNALING_PATHWAY,4,,,0
REACTOME_ALTERNATIVE_COMPLEMENT_ACTIVATION,3,,,0
REACTOME_AMINE_LIGAND_BINDING_RECEPTORS,1,,,0
REACTOME_AMINO_ACIDS_REGULATE_MTORC1,8,,,0
REACTOME_AMINO_ACID_CONJUGATION,1,,,0
REACTOME_AMINO_ACID_TRANSPORT_ACROSS_THE_PLASMA_MEMBRANE,2,,,0
REACTOME_AMPK_INHIBITS_CHREBP_TRANSCRIPTIONAL_ACTIVATION_ACTIVITY,1,,,0
REACTOME_AMYLOID_FIBER_FORMATION,13,0.8563277125358582,0.8563277125358582,1
REACTOME_ANCHORING_FIBRIL_FORMATION,1,,,0
REACTOME_ANCHORING_OF_THE_BASAL_BODY_TO_THE_PLASMA_MEMBRANE,29,0.9080139398574829,0.9080139398574829,1
REACTOME_ANDROGEN_BIOSYNTHESIS,1,,,0
REACTOME_ANTIGEN_ACTIVATES_B_CELL_RECEPTOR_BCR_LEADING_TO_GENERATION_OF_SECOND_MESSENGERS,12,0.9343423247337341,0.9343423247337341,1
REACTOME_ANTIGEN_PRESENTATION_FOLDING_ASSEMBLY_AND_PEPTIDE_LOADING_OF_CLASS_I_MHC,4,,,0
REACTOME_ANTIGEN_PROCESSING_CROSS_PRESENTATION,15,0.8969531655311584,0.8969531655311584,1
REACTOME_ANTIGEN_PROCESSING_UBIQUITINATION_PROTEASOME_DEGRADATION,64,0.8871241211891174,0.8871241211891174,1
REACTOME_ANTIMICROBIAL_PEPTIDES,8,,,0
REACTOME_ANTIVIRAL_MECHANISM_BY_IFN_STIMULATED_GENES,17,0.9080047011375427,0.9080047011375427,1
REACTOME_ANTI_INFLAMMATORY_RESPONSE_FAVOURING_LEISHMANIA_PARASITE_INFECTION,36,0.8838331699371338,0.8838331699371338,1
REACTOME_APC_CDC20_MEDIATED_DEGRADATION_OF_NEK2A,10,0.8450667858123779,0.8450667858123779,1
REACTOME_APC_C_CDC20_MEDIATED_DEGRADATION_OF_CYCLIN_B,8,,,0
REACTOME_APC_C_CDH1_MEDIATED_DEGRADATION_OF_CDC20_AND_OTHER_APC_C_CDH1_TARGETED_PROTEINS_IN_LATE_MITOSIS_EARLY_G1,12,0.8068330883979797,0.8068330883979797,1
REACTOME_APC_C_MEDIATED_DEGRADATION_OF_CELL_CYCLE_PROTEINS,14,0.8765875101089478,0.8765875101089478,1
REACTOME_APEX1_INDEPENDENT_RESOLUTION_OF_AP_SITES_VIA_THE_SINGLE_NUCLEOTIDE_REPLACEMENT_PATHWAY,2,,,0
REACTOME_APOBEC3G_MEDIATED_RESISTANCE_TO_HIV_1_INFECTION,1,,,0
REACTOME_APOPTOSIS,33,0.8893521428108215,0.8893521428108215,1
REACTOME_APOPTOSIS_INDUCED_DNA_FRAGMENTATION,4,,,0
REACTOME_APOPTOTIC_CLEAVAGE_OF_CELLULAR_PROTEINS,9,,,0
REACTOME_APOPTOTIC_CLEAVAGE_OF_CELL_ADHESION_PROTEINS,2,,,0
REACTOME_APOPTOTIC_EXECUTION_PHASE,12,0.8873648643493652,0.8873648643493652,1
REACTOME_APOPTOTIC_FACTOR_MEDIATED_RESPONSE,1,,,0
REACTOME_AQUAPORIN_MEDIATED_TRANSPORT,16,0.8148614764213562,0.8148614764213562,1
REACTOME_ARACHIDONATE_PRODUCTION_FROM_DAG,0,,,0
REACTOME_ARACHIDONIC_ACID_METABOLISM,10,0.8730321526527405,0.8730321526527405,1
REACTOME_ARMS_MEDIATED_ACTIVATION,1,,,0
REACTOME_ARYL_HYDROCARBON_RECEPTOR_SIGNALLING,1,,,0
REACTOME_ASPARAGINE_N_LINKED_GLYCOSYLATION,60,0.8250553011894226,0.8250553011894226,1
REACTOME_ASPARTATE_AND_ASPARAGINE_METABOLISM,2,,,0
REACTOME_ASSEMBLY_AND_CELL_SURFACE_PRESENTATION_OF_NMDA_RECEPTORS,7,,,0
REACTOME_ASSEMBLY_OF_ACTIVE_LPL_AND_LIPC_LIPASE_COMPLEXES,2,,,0
REACTOME_ASSEMBLY_OF_COLLAGEN_FIBRILS_AND_OTHER_MULTIMERIC_STRUCTURES,11,0.8928028345108032,0.8928028345108032,1
REACTOME_ASSEMBLY_OF_THE_HIV_VIRION,5,,,0
REACTOME_ASSEMBLY_OF_THE_ORC_COMPLEX_AT_THE_ORIGIN_OF_REPLICATION,6,,,0
REACTOME_ASSOCIATION_OF_TRIC_CCT_WITH_TARGET_PROTEINS_DURING_BIOSYNTHESIS,8,,,0
REACTOME_ASYMMETRIC_LOCALIZATION_OF_PCP_PROTEINS,7,,,0
REACTOME_ATF4_ACTIVATES_GENES_IN_RESPONSE_TO_ENDOPLASMIC_RETICULUM_STRESS,8,,,0
REACTOME_ATF6_ATF6_ALPHA_ACTIVATES_CHAPERONES,4,,,0
REACTOME_ATF6_ATF6_ALPHA_ACTIVATES_CHAPERONE_GENES,4,,,0
REACTOME_ATTACHMENT_AND_ENTRY,1,,,0
REACTOME_ATTACHMENT_OF_GPI_ANCHOR_TO_UPAR,3,,,0
REACTOME_ATTENUATION_PHASE,14,0.9085967540740967,0.9085967540740967,1
REACTOME_AUF1_HNRNP_D0_BINDS_AND_DESTABILIZES_MRNA,7,,,0
REACTOME_AURKA_ACTIVATION_BY_TPX2,23,0.8577901721000671,0.8577901721000671,1
REACTOME_AUTOPHAGY,30,0.7597572803497314,0.7597572803497314,1
REACTOME_A_TETRASACCHARIDE_LINKER_SEQUENCE_IS_REQUIRED_FOR_GAG_SYNTHESIS,6,,,0
REACTOME_BASE_EXCISION_REPAIR,21,0.8435764908790588,0.8435764908790588,1
REACTOME_BASE_EXCISION_REPAIR_AP_SITE_FORMATION,8,,,0
REACTOME_BASIGIN_INTERACTIONS,4,,,0
REACTOME_BBSOME_MEDIATED_CARGO_TARGETING_TO_CILIUM,9,,,0
REACTOME_BETA_CATENIN_INDEPENDENT_WNT_SIGNALING,30,0.8585715889930725,0.8585715889930725,1
REACTOME_BETA_CATENIN_PHOSPHORYLATION_CASCADE,1,,,0
REACTOME_BETA_DEFENSINS,2,,,0
REACTOME_BETA_OXIDATION_OF_BUTANOYL_COA_TO_ACETYL_COA,2,,,0
REACTOME_BETA_OXIDATION_OF_DECANOYL_COA_TO_OCTANOYL_COA_COA,2,,,0
REACTOME_BETA_OXIDATION_OF_HEXANOYL_COA_TO_BUTANOYL_COA,1,,,0
REACTOME_BETA_OXIDATION_OF_LAUROYL_COA_TO_DECANOYL_COA_COA,1,,,0
REACTOME_BETA_OXIDATION_OF_OCTANOYL_COA_TO_HEXANOYL_COA,2,,,0
REACTOME_BETA_OXIDATION_OF_PRISTANOYL_COA,3,,,0
REACTOME_BETA_OXIDATION_OF_VERY_LONG_CHAIN_FATTY_ACIDS,4,,,0
REACTOME_BH3_ONLY_PROTEINS_ASSOCIATE_WITH_AND_INACTIVATE_ANTI_APOPTOTIC_BCL_2_MEMBERS,4,,,0
REACTOME_BICARBONATE_TRANSPORTERS,3,,,0
REACTOME_BILE_ACID_AND_BILE_SALT_METABOLISM,6,,,0
REACTOME_BINDING_AND_UPTAKE_OF_LIGANDS_BY_SCAVENGER_RECEPTORS,11,0.9699190258979797,0.9699190258979797,1
REACTOME_BINDING_OF_TCF_LEF_CTNNB1_TO_TARGET_GENE_PROMOTERS,3,,,0
REACTOME_BIOLOGICAL_OXIDATIONS,27,0.8549548387527466,0.8549548387527466,1
REACTOME_BIOSYNTHESIS_OF_EPA_DERIVED_SPMS,1,,,0
REACTOME_BIOSYNTHESIS_OF_MARESINS,1,,,0
REACTOME_BIOSYNTHESIS_OF_MARESIN_LIKE_SPMS,0,,,0
REACTOME_BIOSYNTHESIS_OF_SPECIALIZED_PRORESOLVING_MEDIATORS_SPMS,4,,,0
REACTOME_BIOSYNTHESIS_OF_THE_N_GLYCAN_PRECURSOR_DOLICHOL_LIPID_LINKED_OLIGOSACCHARIDE_LLO_AND_TRANSFER_TO_A_NASCENT_PROTEIN,22,0.868811309337616,0.868811309337616,1
REACTOME_BIOTIN_TRANSPORT_AND_METABOLISM,2,,,0
REACTOME_BLOOD_GROUP_SYSTEMS_BIOSYNTHESIS,6,,,0
REACTOME_BMAL1_CLOCK_NPAS2_ACTIVATES_CIRCADIAN_GENE_EXPRESSION,7,,,0
REACTOME_BRANCHED_CHAIN_AMINO_ACID_CATABOLISM,6,,,0
REACTOME_BUDDING_AND_MATURATION_OF_HIV_VIRION,4,,,0
REACTOME_BUTYRATE_RESPONSE_FACTOR_1_BRF1_BINDS_AND_DESTABILIZES_MRNA,4,,,0
REACTOME_BUTYROPHILIN_BTN_FAMILY_INTERACTIONS,4,,,0
REACTOME_B_WICH_COMPLEX_POSITIVELY_REGULATES_RRNA_EXPRESSION,7,,,0
REACTOME_CA2_ACTIVATED_K_CHANNELS,1,,,0
REACTOME_CA2_PATHWAY,23,0.8710410594940186,0.8710410594940186,1
REACTOME_CALCINEURIN_ACTIVATES_NFAT,3,,,0
REACTOME_CALCITONIN_LIKE_LIGAND_RECEPTORS,2,,,0
REACTOME_CALNEXIN_CALRETICULIN_CYCLE,4,,,0
REACTOME_CAMK_IV_MEDIATED_PHOSPHORYLATION_OF_CREB,1,,,0
REACTOME_CARBOXYTERMINAL_POST_TRANSLATIONAL_MODIFICATIONS_OF_TUBULIN,9,,,0
REACTOME_CARDIAC_CONDUCTION,15,0.9571031928062439,0.9571031928062439,1
REACTOME_CARGO_CONCENTRATION_IN_THE_ER,5,,,0
REACTOME_CARGO_RECOGNITION_FOR_CLATHRIN_MEDIATED_ENDOCYTOSIS,17,0.8704193830490112,0.8704193830490112,1
REACTOME_CARGO_TRAFFICKING_TO_THE_PERICILIARY_MEMBRANE,11,0.8519399762153625,0.8519399762153625,1
REACTOME_CARNITINE_METABOLISM,3,,,0
REACTOME_CASPASE_ACTIVATION_VIA_DEATH_RECEPTORS_IN_THE_PRESENCE_OF_LIGAND,7,,,0
REACTOME_CASPASE_ACTIVATION_VIA_DEPENDENCE_RECEPTORS_IN_THE_ABSENCE_OF_LIGAND,3,,,0
REACTOME_CASPASE_ACTIVATION_VIA_EXTRINSIC_APOPTOTIC_SIGNALLING_PATHWAY,10,0.9238182306289673,0.9238182306289673,1
REACTOME_CASPASE_MEDIATED_CLEAVAGE_OF_CYTOSKELETAL_PROTEINS,4,,,0
REACTOME_CATION_COUPLED_CHLORIDE_COTRANSPORTERS,2,,,0
REACTOME_CA_DEPENDENT_EVENTS,5,,,0
REACTOME_CD163_MEDIATING_AN_ANTI_INFLAMMATORY_RESPONSE,2,,,0
REACTOME_CD209_DC_SIGN_SIGNALING,5,,,0
REACTOME_CD22_MEDIATED_BCR_REGULATION,2,,,0
REACTOME_CD28_CO_STIMULATION,10,0.9182237386703491,0.9182237386703491,1
REACTOME_CD28_DEPENDENT_PI3K_AKT_SIGNALING,8,,,0
REACTOME_CD28_DEPENDENT_VAV1_PATHWAY,2,,,0
REACTOME_CDC42_GTPASE_CYCLE,31,0.8805541396141052,0.8805541396141052,1
REACTOME_CDC6_ASSOCIATION_WITH_THE_ORC_ORIGIN_COMPLEX,5,,,0
REACTOME_CDT1_ASSOCIATION_WITH_THE_CDC6_ORC_ORIGIN_COMPLEX,8,,,0
REACTOME_CELLULAR_HEXOSE_TRANSPORT,5,,,0
REACTOME_CELLULAR_RESPONSES_TO_STIMULI,153,0.858595609664917,0.858595609664917,1
REACTOME_CELLULAR_RESPONSE_TO_CHEMICAL_STRESS,24,0.9134858846664429,0.9134858846664429,1
REACTOME_CELLULAR_RESPONSE_TO_HEAT_STRESS,33,0.9011613726615906,0.9011613726615906,1
REACTOME_CELLULAR_RESPONSE_TO_HYPOXIA,8,,,0
REACTOME_CELLULAR_RESPONSE_TO_STARVATION,16,0.9517990350723267,0.9517990350723267,1
REACTOME_CELLULAR_SENESCENCE,44,0.8064361214637756,0.8064361214637756,1
REACTOME_CELL_CELL_COMMUNICATION,18,0.8507100343704224,0.8507100343704224,1
REACTOME_CELL_CELL_JUNCTION_ORGANIZATION,9,,,0
REACTOME_CELL_CYCLE,176,0.8757774829864502,0.8757774829864502,1
REACTOME_CELL_CYCLE_CHECKPOINTS,59,0.8710826635360718,0.8710826635360718,1
REACTOME_CELL_CYCLE_MITOTIC,136,0.8632591366767883,0.8632591366767883,1
REACTOME_CELL_DEATH_SIGNALLING_VIA_NRAGE_NRIF_AND_NADE,25,0.8588447570800781,0.8588447570800781,1
REACTOME_CELL_EXTRACELLULAR_MATRIX_INTERACTIONS,1,,,0
REACTOME_CELL_JUNCTION_ORGANIZATION,9,,,0
REACTOME_CELL_SURFACE_INTERACTIONS_AT_THE_VASCULAR_WALL,36,0.8221943378448486,0.8221943378448486,1
REACTOME_CGMP_EFFECTS,3,,,0
REACTOME_CHAPERONE_MEDIATED_AUTOPHAGY,8,,,0
REACTOME_CHEMOKINE_RECEPTORS_BIND_CHEMOKINES,35,0.8877605199813843,0.8877605199813843,1
REACTOME_CHK1_CHK2_CDS1_MEDIATED_INACTIVATION_OF_CYCLIN_B_CDK1_COMPLEX,0,,,0
REACTOME_CHL1_INTERACTIONS,3,,,0
REACTOME_CHOLESTEROL_BIOSYNTHESIS,11,0.8604804873466492,0.8604804873466492,1
REACTOME_CHOLINE_CATABOLISM,0,,,0
REACTOME_CHONDROITIN_SULFATE_BIOSYNTHESIS,2,,,0
REACTOME_CHONDROITIN_SULFATE_DERMATAN_SULFATE_METABOLISM,7,,,0
REACTOME_CHREBP_ACTIVATES_METABOLIC_GENE_EXPRESSION,2,,,0
REACTOME_CHROMATIN_MODIFYING_ENZYMES,61,0.8203611969947815,0.8203611969947815,1
REACTOME_CHROMOSOME_MAINTENANCE,33,0.8793903589248657,0.8793903589248657,1
REACTOME_CHYLOMICRON_ASSEMBLY,2,,,0
REACTOME_CHYLOMICRON_CLEARANCE,4,,,0
REACTOME_CHYLOMICRON_REMODELING,2,,,0
REACTOME_CILIUM_ASSEMBLY,55,0.8259918093681335,0.8259918093681335,1
REACTOME_CIRCADIAN_CLOCK,21,0.8295132517814636,0.8295132517814636,1
REACTOME_CITRIC_ACID_CYCLE_TCA_CYCLE,4,,,0
REACTOME_CLASS_A_1_RHODOPSIN_LIKE_RECEPTORS,74,0.8293358683586121,0.8293358683586121,1
REACTOME_CLASS_B_2_SECRETIN_FAMILY_RECEPTORS,18,0.8062463998794556,0.8062463998794556,1
REACTOME_CLASS_C_3_METABOTROPIC_GLUTAMATE_PHEROMONE_RECEPTORS,1,,,0
REACTOME_CLASS_I_MHC_MEDIATED_ANTIGEN_PROCESSING_PRESENTATION,77,0.883575975894928,0.883575975894928,1
REACTOME_CLASS_I_PEROXISOMAL_MEMBRANE_PROTEIN_IMPORT,6,,,0
REACTOME_CLATHRIN_MEDIATED_ENDOCYTOSIS,27,0.8873275518417358,0.8873275518417358,1
REACTOME_CLEC7A_DECTIN_1_INDUCES_NFAT_ACTIVATION,5,,,0
REACTOME_CLEC7A_DECTIN_1_SIGNALING,17,0.8390279412269592,0.8390279412269592,1
REACTOME_CLEC7A_INFLAMMASOME_PATHWAY,3,,,0
REACTOME_COBALAMIN_CBL_VITAMIN_B12_TRANSPORT_AND_METABOLISM,4,,,0
REACTOME_COENZYME_A_BIOSYNTHESIS,3,,,0
REACTOME_COHESIN_LOADING_ONTO_CHROMATIN,4,,,0
REACTOME_COLLAGEN_BIOSYNTHESIS_AND_MODIFYING_ENZYMES,12,0.9135605692863464,0.9135605692863464,1
REACTOME_COLLAGEN_CHAIN_TRIMERIZATION,8,,,0
REACTOME_COLLAGEN_DEGRADATION,13,0.7755635976791382,0.7755635976791382,1
REACTOME_COLLAGEN_FORMATION,16,0.8353393077850342,0.8353393077850342,1
REACTOME_COMMON_PATHWAY_OF_FIBRIN_CLOT_FORMATION,5,,,0
REACTOME_COMPETING_ENDOGENOUS_RNAS_CERNAS_REGULATE_PTEN_TRANSLATION,3,,,0
REACTOME_COMPLEMENT_CASCADE,13,0.8607363104820251,0.8607363104820251,1
REACTOME_COMPLEX_I_BIOGENESIS,9,,,0
REACTOME_CONDENSATION_OF_PROMETAPHASE_CHROMOSOMES,3,,,0
REACTOME_CONDENSATION_OF_PROPHASE_CHROMOSOMES,4,,,0
REACTOME_CONJUGATION_OF_BENZOATE_WITH_GLYCINE,1,,,0
REACTOME_CONSTITUTIVE_SIGNALING_BY_ABERRANT_PI3K_IN_CANCER,20,0.9140720963478088,0.9140720963478088,1
REACTOME_CONSTITUTIVE_SIGNALING_BY_AKT1_E17K_IN_CANCER,5,,,0
REACTOME_CONSTITUTIVE_SIGNALING_BY_EGFRVIII,4,,,0
REACTOME_CONSTITUTIVE_SIGNALING_BY_LIGAND_RESPONSIVE_EGFR_CANCER_VARIANTS,6,,,0
REACTOME_CONSTITUTIVE_SIGNALING_BY_OVEREXPRESSED_ERBB2,2,,,0
REACTOME_CONVERSION_FROM_APC_C_CDC20_TO_APC_C_CDH1_IN_LATE_ANAPHASE,6,,,0
REACTOME_COOPERATION_OF_PDCL_PHLP1_AND_TRIC_CCT_IN_G_PROTEIN_BETA_FOLDING,11,0.884641706943512,0.884641706943512,1
REACTOME_COOPERATION_OF_PREFOLDIN_AND_TRIC_CCT_IN_ACTIN_AND_TUBULIN_FOLDING,8,,,0
REACTOME_COPII_MEDIATED_VESICLE_TRANSPORT,10,0.7665696740150452,0.7665696740150452,1
REACTOME_COPI_DEPENDENT_GOLGI_TO_ER_RETROGRADE_TRAFFIC,21,0.8882415890693665,0.8882415890693665,1
REACTOME_COPI_INDEPENDENT_GOLGI_TO_ER_RETROGRADE_TRAFFIC,6,,,0
REACTOME_COPI_MEDIATED_ANTEROGRADE_TRANSPORT,15,0.8800562620162964,0.8800562620162964,1
REACTOME_COSTIMULATION_BY_THE_CD28_FAMILY,25,0.9242051839828491,0.9242051839828491,1
REACTOME_CREATINE_METABOLISM,1,,,0
REACTOME_CREATION_OF_C4_AND_C2_ACTIVATORS,4,,,0
REACTOME_CREB1_PHOSPHORYLATION_THROUGH_NMDA_RECEPTOR_MEDIATED_ACTIVATION_OF_RAS_SIGNALING,6,,,0
REACTOME_CREB1_PHOSPHORYLATION_THROUGH_THE_ACTIVATION_OF_ADENYLATE_CYCLASE,4,,,0
REACTOME_CREB1_PHOSPHORYLATION_THROUGH_THE_ACTIVATION_OF_CAMKII_CAMKK_CAMKIV_CASCASDE,0,,,0
REACTOME_CREB3_FACTORS_ACTIVATE_GENES,2,,,0
REACTOME_CREB_PHOSPHORYLATION,3,,,0
REACTOME_CRISTAE_FORMATION,3,,,0
REACTOME_CRMPS_IN_SEMA3A_SIGNALING,2,,,0
REACTOME_CROSSLINKING_OF_COLLAGEN_FIBRILS,3,,,0
REACTOME_CROSS_PRESENTATION_OF_PARTICULATE_EXOGENOUS_ANTIGENS_PHAGOSOMES,1,,,0
REACTOME_CROSS_PRESENTATION_OF_SOLUBLE_EXOGENOUS_ANTIGENS_ENDOSOMES,3,,,0
REACTOME_CS_DS_DEGRADATION,1,,,0
REACTOME_CTLA4_INHIBITORY_SIGNALING,5,,,0
REACTOME_CYCLIN_A_B1_B2_ASSOCIATED_EVENTS_DURING_G2_M_TRANSITION,3,,,0
REACTOME_CYCLIN_A_CDK2_ASSOCIATED_EVENTS_AT_S_PHASE_ENTRY,16,0.8915013074874878,0.8915013074874878,1
REACTOME_CYCLIN_D_ASSOCIATED_EVENTS_IN_G1,17,0.85547935962677,0.85547935962677,1
REACTOME_CYP2E1_REACTIONS,0,,,0
REACTOME_CYTOCHROME_C_MEDIATED_APOPTOTIC_RESPONSE,1,,,0
REACTOME_CYTOCHROME_P450_ARRANGED_BY_SUBSTRATE_TYPE,4,,,0
REACTOME_CYTOKINE_SIGNALING_IN_IMMUNE_SYSTEM,191,0.8711486458778381,0.8711486458778381,1
REACTOME_CYTOPROTECTION_BY_HMOX1,19,0.9477701783180237,0.9477701783180237,1
REACTOME_CYTOSOLIC_IRON_SULFUR_CLUSTER_ASSEMBLY,2,,,0
REACTOME_CYTOSOLIC_SENSORS_OF_PATHOGEN_ASSOCIATED_DNA,13,0.819454550743103,0.819454550743103,1
REACTOME_CYTOSOLIC_SULFONATION_OF_SMALL_MOLECULES,6,,,0
REACTOME_CYTOSOLIC_TRNA_AMINOACYLATION,1,,,0
REACTOME_C_TYPE_LECTIN_RECEPTORS_CLRS,26,0.7926954627037048,0.7926954627037048,1
REACTOME_DAG_AND_IP3_SIGNALING,8,,,0
REACTOME_DAP12_INTERACTIONS,13,0.9131526350975037,0.9131526350975037,1
REACTOME_DAP12_SIGNALING,12,0.8691228032112122,0.8691228032112122,1
REACTOME_DARPP_32_EVENTS,7,,,0
REACTOME_DCC_MEDIATED_ATTRACTIVE_SIGNALING,4,,,0
REACTOME_DDX58_IFIH1_MEDIATED_INDUCTION_OF_INTERFERON_ALPHA_BETA,22,0.8704721927642822,0.8704721927642822,1
REACTOME_DEACTIVATION_OF_THE_BETA_CATENIN_TRANSACTIVATING_COMPLEX,12,0.9159015417098999,0.9159015417098999,1
REACTOME_DEADENYLATION_DEPENDENT_MRNA_DECAY,16,0.8617032170295715,0.8617032170295715,1
REACTOME_DEADENYLATION_OF_MRNA,3,,,0
REACTOME_DEATH_RECEPTOR_SIGNALLING,40,0.8339098691940308,0.8339098691940308,1
REACTOME_DECTIN_1_MEDIATED_NONCANONICAL_NF_KB_SIGNALING,5,,,0
REACTOME_DECTIN_2_FAMILY,5,,,0
REACTOME_DEFECTIVE_B4GALT1_CAUSES_B4GALT1_CDG_CDG_2D,0,,,0
REACTOME_DEFECTIVE_B4GALT7_CAUSES_EDS_PROGEROID_TYPE,4,,,0
REACTOME_DEFECTIVE_C1GALT1C1_CAUSES_TNPS,1,,,0
REACTOME_DEFECTIVE_CFTR_CAUSES_CYSTIC_FIBROSIS,5,,,0
REACTOME_DEFECTIVE_CHST14_CAUSES_EDS_MUSCULOCONTRACTURAL_TYPE,1,,,0
REACTOME_DEFECTIVE_CHST3_CAUSES_SEDCJD,1,,,0
REACTOME_DEFECTIVE_CHST6_CAUSES_MCDC1,0,,,0
REACTOME_DEFECTIVE_CHSY1_CAUSES_TPBS,1,,,0
REACTOME_DEFECTIVE_CSF2RB_CAUSES_SMDP5,0,,,0
REACTOME_DEFECTIVE_EXT2_CAUSES_EXOSTOSES_2,2,,,0
REACTOME_DEFECTIVE_F9_ACTIVATION,2,,,0
REACTOME_DEFECTIVE_FACTOR_IX_CAUSES_HEMOPHILIA_B,2,,,0
REACTOME_DEFECTIVE_FACTOR_VIII_CAUSES_HEMOPHILIA_A,2,,,0
REACTOME_DEFECTIVE_GALNT3_CAUSES_HFTC,2,,,0
REACTOME_DEFECTIVE_INTRINSIC_PATHWAY_FOR_APOPTOSIS,7,,,0
REACTOME_DEFECTIVE_LFNG_CAUSES_SCDO3,0,,,0
REACTOME_DEFECTIVE_RIPK1_MEDIATED_REGULATED_NECROSIS,1,,,0
REACTOME_DEFECTIVE_ST3GAL3_CAUSES_MCT12_AND_EIEE15,1,,,0
REACTOME_DEFECTS_IN_BIOTIN_BTN_METABOLISM,1,,,0
REACTOME_DEFECTS_IN_COBALAMIN_B12_METABOLISM,3,,,0
REACTOME_DEFECTS_IN_VITAMIN_AND_COFACTOR_METABOLISM,4,,,0
REACTOME_DEFECTS_OF_CONTACT_ACTIVATION_SYSTEM_CAS_AND_KALLIKREIN_KININ_SYSTEM_KKS,5,,,0
REACTOME_DEFENSINS,2,,,0
REACTOME_DEGRADATION_OF_AXIN,7,,,0
REACTOME_DEGRADATION_OF_BETA_CATENIN_BY_THE_DESTRUCTION_COMPLEX,12,0.8472821712493896,0.8472821712493896,1
REACTOME_DEGRADATION_OF_CYSTEINE_AND_HOMOCYSTEINE,5,,,0
REACTOME_DEGRADATION_OF_DVL,6,,,0
REACTOME_DEGRADATION_OF_GLI1_BY_THE_PROTEASOME,7,,,0
REACTOME_DEGRADATION_OF_THE_EXTRACELLULAR_MATRIX,24,0.8874033093452454,0.8874033093452454,1
REACTOME_DEPOLYMERISATION_OF_THE_NUCLEAR_LAMINA,6,,,0
REACTOME_DEPOSITION_OF_NEW_CENPA_CONTAINING_NUCLEOSOMES_AT_THE_CENTROMERE,8,,,0
REACTOME_DERMATAN_SULFATE_BIOSYNTHESIS,1,,,0
REACTOME_DETOXIFICATION_OF_REACTIVE_OXYGEN_SPECIES,5,,,0
REACTOME_DEUBIQUITINATION,53,0.8813273906707764,0.8813273906707764,1
REACTOME_DEVELOPMENTAL_BIOLOGY,172,0.8915605545043945,0.8915605545043945,1
REACTOME_DEX_H_BOX_HELICASES_ACTIVATE_TYPE_I_IFN_AND_INFLAMMATORY_CYTOKINES_PRODUCTION,0,,,0
REACTOME_DIGESTION,1,,,0
REACTOME_DIGESTION_AND_ABSORPTION,2,,,0
REACTOME_DIGESTION_OF_DIETARY_CARBOHYDRATE,1,,,0
REACTOME_DIGESTION_OF_DIETARY_LIPID,0,,,0
REACTOME_DISASSEMBLY_OF_THE_DESTRUCTION_COMPLEX_AND_RECRUITMENT_OF_AXIN_TO_THE_MEMBRANE,2,,,0
REACTOME_DISEASES_ASSOCIATED_WITH_GLYCOSAMINOGLYCAN_METABOLISM,7,,,0
REACTOME_DISEASES_ASSOCIATED_WITH_GLYCOSYLATION_PRECURSOR_BIOSYNTHESIS,6,,,0
REACTOME_DISEASES_ASSOCIATED_WITH_N_GLYCOSYLATION_OF_PROTEINS,6,,,0
REACTOME_DISEASES_ASSOCIATED_WITH_O_GLYCOSYLATION_OF_PROTEINS,9,,,0
REACTOME_DISEASES_ASSOCIATED_WITH_SURFACTANT_METABOLISM,1,,,0
REACTOME_DISEASES_OF_BASE_EXCISION_REPAIR,3,,,0
REACTOME_DISEASES_OF_CARBOHYDRATE_METABOLISM,9,,,0
REACTOME_DISEASES_OF_DNA_REPAIR,10,0.7988986372947693,0.7988986372947693,1
REACTOME_DISEASES_OF_GLYCOSYLATION,28,0.8205773830413818,0.8205773830413818,1
REACTOME_DISEASES_OF_IMMUNE_SYSTEM,10,0.9632515907287598,0.9632515907287598,1
REACTOME_DISEASES_OF_METABOLISM,47,0.907934308052063,0.907934308052063,1
REACTOME_DISEASES_OF_MISMATCH_REPAIR_MMR,1,,,0
REACTOME_DISEASES_OF_MITOTIC_CELL_CYCLE,15,0.8204350471496582,0.8204350471496582,1
REACTOME_DISEASES_OF_PROGRAMMED_CELL_DEATH,13,0.9066699743270874,0.9066699743270874,1
REACTOME_DISEASES_OF_SIGNAL_TRANSDUCTION_BY_GROWTH_FACTOR_RECEPTORS_AND_SECOND_MESSENGERS,85,0.8614668250083923,0.8614668250083923,1
REACTOME_DISINHIBITION_OF_SNARE_FORMATION,0,,,0
REACTOME_DISORDERS_OF_TRANSMEMBRANE_TRANSPORTERS,30,0.8519195318222046,0.8519195318222046,1
REACTOME_DISPLACEMENT_OF_DNA_GLYCOSYLASE_BY_APEX1,4,,,0
REACTOME_DISSOLUTION_OF_FIBRIN_CLOT,4,,,0
REACTOME_DNA_DAMAGE_BYPASS,16,0.861467182636261,0.861467182636261,1
REACTOME_DNA_DAMAGE_RECOGNITION_IN_GG_NER,17,0.8952643275260925,0.8952643275260925,1
REACTOME_DNA_DAMAGE_REVERSAL,2,,,0
REACTOME_DNA_DAMAGE_TELOMERE_STRESS_INDUCED_SENESCENCE,5,,,0
REACTOME_DNA_DOUBLE_STRAND_BREAK_REPAIR,36,0.8590352535247803,0.8590352535247803,1
REACTOME_DNA_DOUBLE_STRAND_BREAK_RESPONSE,8,,,0
REACTOME_DNA_METHYLATION,0,,,0
REACTOME_DNA_REPAIR,80,0.8633182048797607,0.8633182048797607,1
REACTOME_DNA_REPLICATION,35,0.831519603729248,0.831519603729248,1
REACTOME_DNA_REPLICATION_INITIATION,3,,,0
REACTOME_DNA_REPLICATION_PRE_INITIATION,19,0.8813761472702026,0.8813761472702026,1
REACTOME_DNA_STRAND_ELONGATION,14,0.8657829761505127,0.8657829761505127,1
REACTOME_DOPAMINE_CLEARANCE_FROM_THE_SYNAPTIC_CLEFT,1,,,0
REACTOME_DOPAMINE_NEUROTRANSMITTER_RELEASE_CYCLE,2,,,0
REACTOME_DOPAMINE_RECEPTORS,0,,,0
REACTOME_DOWNREGULATION_OF_ERBB2_ERBB3_SIGNALING,5,,,0
REACTOME_DOWNREGULATION_OF_ERBB2_SIGNALING,7,,,0
REACTOME_DOWNREGULATION_OF_ERBB4_SIGNALING,3,,,0
REACTOME_DOWNREGULATION_OF_SMAD2_3_SMAD4_TRANSCRIPTIONAL_ACTIVITY,8,,,0
REACTOME_DOWNREGULATION_OF_TGF_BETA_RECEPTOR_SIGNALING,8,,,0
REACTOME_DOWNSTREAM_SIGNALING_EVENTS_OF_B_CELL_RECEPTOR_BCR,12,0.9124454259872437,0.9124454259872437,1
REACTOME_DOWNSTREAM_SIGNALING_OF_ACTIVATED_FGFR1,6,,,0
REACTOME_DOWNSTREAM_SIGNALING_OF_ACTIVATED_FGFR2,5,,,0
REACTOME_DOWNSTREAM_SIGNALING_OF_ACTIVATED_FGFR3,4,,,0
REACTOME_DOWNSTREAM_SIGNALING_OF_ACTIVATED_FGFR4,4,,,0
REACTOME_DOWNSTREAM_SIGNAL_TRANSDUCTION,10,0.8972850441932678,0.8972850441932678,1
REACTOME_DSCAM_INTERACTIONS,2,,,0
REACTOME_DUAL_INCISION_IN_GG_NER,18,0.79128497838974,0.79128497838974,1
REACTOME_DUAL_INCISION_IN_TC_NER,23,0.8478068113327026,0.8478068113327026,1
REACTOME_E2F_ENABLED_INHIBITION_OF_PRE_REPLICATION_COMPLEX_FORMATION,4,,,0
REACTOME_E2F_MEDIATED_REGULATION_OF_DNA_REPLICATION,8,,,0
REACTOME_E3_UBIQUITIN_LIGASES_UBIQUITINATE_TARGET_PROTEINS,14,0.8953166604042053,0.8953166604042053,1
REACTOME_EARLY_PHASE_OF_HIV_LIFE_CYCLE,3,,,0
REACTOME_ECM_PROTEOGLYCANS,15,0.8562371134757996,0.8562371134757996,1
REACTOME_EFFECTS_OF_PIP2_HYDROLYSIS,7,,,0
REACTOME_EGFR_DOWNREGULATION,7,,,0
REACTOME_EGFR_INTERACTS_WITH_PHOSPHOLIPASE_C_GAMMA,3,,,0
REACTOME_EGFR_TRANSACTIVATION_BY_GASTRIN,1,,,0
REACTOME_EGR2_AND_SOX10_MEDIATED_INITIATION_OF_SCHWANN_CELL_MYELINATION,6,,,0
REACTOME_EICOSANOIDS,0,,,0
REACTOME_EICOSANOID_LIGAND_BINDING_RECEPTORS,6,,,0
REACTOME_ELASTIC_FIBRE_FORMATION,7,,,0
REACTOME_ELECTRIC_TRANSMISSION_ACROSS_GAP_JUNCTIONS,0,,,0
REACTOME_ELEVATION_OF_CYTOSOLIC_CA2_LEVELS,4,,,0
REACTOME_ENDOGENOUS_STEROLS,3,,,0
REACTOME_ENDOSOMAL_SORTING_COMPLEX_REQUIRED_FOR_TRANSPORT_ESCRT,4,,,0
REACTOME_ENDOSOMAL_VACUOLAR_PATHWAY,3,,,0
REACTOME_ENERGY_DEPENDENT_REGULATION_OF_MTOR_BY_LKB1_AMPK,4,,,0
REACTOME_ENOS_ACTIVATION,2,,,0
REACTOME_EPHA_MEDIATED_GROWTH_CONE_COLLAPSE,7,,,0
REACTOME_EPHB_MEDIATED_FORWARD_SIGNALING,6,,,0
REACTOME_EPHRIN_SIGNALING,3,,,0
REACTOME_EPH_EPHRIN_MEDIATED_REPULSION_OF_CELLS,8,,,0
REACTOME_EPH_EPHRIN_SIGNALING,14,0.8867850303649902,0.8867850303649902,1
REACTOME_EPIGENETIC_REGULATION_OF_GENE_EXPRESSION,24,0.841858983039856,0.841858983039856,1
REACTOME_ERBB2_ACTIVATES_PTK6_SIGNALING,5,,,0
REACTOME_ERBB2_REGULATES_CELL_MOTILITY,4,,,0
REACTOME_ERCC6_CSB_AND_EHMT2_G9A_POSITIVELY_REGULATE_RRNA_EXPRESSION,6,,,0
REACTOME_ERKS_ARE_INACTIVATED,1,,,0
REACTOME_ERK_MAPK_TARGETS,4,,,0
REACTOME_ERYTHROCYTES_TAKE_UP_CARBON_DIOXIDE_AND_RELEASE_OXYGEN,5,,,0
REACTOME_ERYTHROCYTES_TAKE_UP_OXYGEN_AND_RELEASE_CARBON_DIOXIDE,5,,,0
REACTOME_ERYTHROPOIETIN_ACTIVATES_PHOSPHOINOSITIDE_3_KINASE_PI3K,6,,,0
REACTOME_ERYTHROPOIETIN_ACTIVATES_PHOSPHOLIPASE_C_GAMMA_PLCG,3,,,0
REACTOME_ERYTHROPOIETIN_ACTIVATES_RAS,4,,,0
REACTOME_ERYTHROPOIETIN_ACTIVATES_STAT5,3,,,0
REACTOME_ER_QUALITY_CONTROL_COMPARTMENT_ERQC,4,,,0
REACTOME_ER_TO_GOLGI_ANTEROGRADE_TRANSPORT,24,0.8055420517921448,0.8055420517921448,1
REACTOME_ESR_MEDIATED_SIGNALING,50,0.8886006474494934,0.8886006474494934,1
REACTOME_ESTABLISHMENT_OF_SISTER_CHROMATID_COHESION,4,,,0
REACTOME_ESTROGEN_BIOSYNTHESIS,0,,,0
REACTOME_ESTROGEN_DEPENDENT_GENE_EXPRESSION,29,0.8204644322395325,0.8204644322395325,1
REACTOME_ESTROGEN_DEPENDENT_NUCLEAR_EVENTS_DOWNSTREAM_OF_ESR_MEMBRANE_SIGNALING,8,,,0
REACTOME_ESTROGEN_STIMULATED_SIGNALING_THROUGH_PRKCZ,2,,,0
REACTOME_ETHANOL_OXIDATION,1,,,0
REACTOME_EUKARYOTIC_TRANSLATION_ELONGATION,5,,,0
REACTOME_EUKARYOTIC_TRANSLATION_INITIATION,14,0.9258893132209778,0.9258893132209778,1
REACTOME_EXPORT_OF_VIRAL_RIBONUCLEOPROTEINS_FROM_NUCLEUS,10,0.9127973318099976,0.9127973318099976,1
REACTOME_EXTENSION_OF_TELOMERES,21,0.8993528485298157,0.8993528485298157,1
REACTOME_EXTRACELLULAR_MATRIX_ORGANIZATION,54,0.871399998664856,0.871399998664856,1
REACTOME_EXTRA_NUCLEAR_ESTROGEN_SIGNALING,25,0.859497606754303,0.859497606754303,1
REACTOME_EXTRINSIC_PATHWAY_OF_FIBRIN_CLOT_FORMATION,0,,,0
REACTOME_FACTORS_INVOLVED_IN_MEGAKARYOCYTE_DEVELOPMENT_AND_PLATELET_PRODUCTION,37,0.8610662817955017,0.8610662817955017,1
REACTOME_FANCONI_ANEMIA_PATHWAY,11,0.846493661403656,0.846493661403656,1
REACTOME_FASL_CD95L_SIGNALING,3,,,0
REACTOME_FATTY_ACIDS,0,,,0
REACTOME_FATTY_ACIDS_BOUND_TO_GPR40_FFAR1_REGULATE_INSULIN_SECRETION,1,,,0
REACTOME_FATTY_ACID_METABOLISM,37,0.8357517123222351,0.8357517123222351,1
REACTOME_FATTY_ACYL_COA_BIOSYNTHESIS,10,0.8611360192298889,0.8611360192298889,1
REACTOME_FBXW7_MUTANTS_AND_NOTCH1_IN_CANCER,0,,,0
REACTOME_FCERI_MEDIATED_CA_2_MOBILIZATION,12,0.8422262668609619,0.8422262668609619,1
REACTOME_FCERI_MEDIATED_MAPK_ACTIVATION,10,0.9202930331230164,0.9202930331230164,1
REACTOME_FCERI_MEDIATED_NF_KB_ACTIVATION,13,0.9166367650032043,0.9166367650032043,1
REACTOME_FCGAMMA_RECEPTOR_FCGR_DEPENDENT_PHAGOCYTOSIS,18,0.8355206251144409,0.8355206251144409,1
REACTOME_FCGR3A_MEDIATED_IL10_SYNTHESIS,12,0.7643885016441345,0.7643885016441345,1
REACTOME_FCGR_ACTIVATION,5,,,0
REACTOME_FC_EPSILON_RECEPTOR_FCERI_SIGNALING,32,0.8943132162094116,0.8943132162094116,1
REACTOME_FERTILIZATION,5,,,0
REACTOME_FGFR1B_LIGAND_BINDING_AND_ACTIVATION,1,,,0
REACTOME_FGFR1C_LIGAND_BINDING_AND_ACTIVATION,1,,,0
REACTOME_FGFR1_LIGAND_BINDING_AND_ACTIVATION,2,,,0
REACTOME_FGFR1_MUTANT_RECEPTOR_ACTIVATION,6,,,0
REACTOME_FGFR2B_LIGAND_BINDING_AND_ACTIVATION,3,,,0
REACTOME_FGFR2C_LIGAND_BINDING_AND_ACTIVATION,1,,,0
REACTOME_FGFR2_ALTERNATIVE_SPLICING,6,,,0
REACTOME_FGFR2_LIGAND_BINDING_AND_ACTIVATION,4,,,0
REACTOME_FGFR2_MUTANT_RECEPTOR_ACTIVATION,6,,,0
REACTOME_FGFR3B_LIGAND_BINDING_AND_ACTIVATION,1,,,0
REACTOME_FGFR3_LIGAND_BINDING_AND_ACTIVATION,2,,,0
REACTOME_FGFRL1_MODULATION_OF_FGFR1_SIGNALING,1,,,0
REACTOME_FIBRONECTIN_MATRIX_FORMATION,0,,,0
REACTOME_FICOLINS_BIND_TO_REPETITIVE_CARBOHYDRATE_STRUCTURES_ON_THE_TARGET_CELL_SURFACE,1,,,0
REACTOME_FLT3_SIGNALING,14,0.9102463126182556,0.9102463126182556,1
REACTOME_FLT3_SIGNALING_BY_CBL_MUTANTS,3,,,0
REACTOME_FLT3_SIGNALING_IN_DISEASE,12,0.865310788154602,0.865310788154602,1
REACTOME_FLT3_SIGNALING_THROUGH_SRC_FAMILY_KINASES,3,,,0
REACTOME_FOLDING_OF_ACTIN_BY_CCT_TRIC,3,,,0
REACTOME_FORMATION_OF_APOPTOSOME,0,,,0
REACTOME_FORMATION_OF_ATP_BY_CHEMIOSMOTIC_COUPLING,0,,,0
REACTOME_FORMATION_OF_FIBRIN_CLOT_CLOTTING_CASCADE,8,,,0
REACTOME_FORMATION_OF_INCISION_COMPLEX_IN_GG_NER,15,0.7962257266044617,0.7962257266044617,1
REACTOME_FORMATION_OF_RNA_POL_II_ELONGATION_COMPLEX,16,0.8729010224342346,0.8729010224342346,1
REACTOME_FORMATION_OF_SENESCENCE_ASSOCIATED_HETEROCHROMATIN_FOCI_SAHF,1,,,0
REACTOME_FORMATION_OF_TC_NER_PRE_INCISION_COMPLEX,13,0.922812819480896,0.922812819480896,1
REACTOME_FORMATION_OF_THE_BETA_CATENIN_TCF_TRANSACTIVATING_COMPLEX,10,0.9159462451934814,0.9159462451934814,1
REACTOME_FORMATION_OF_THE_CORNIFIED_ENVELOPE,8,,,0
REACTOME_FORMATION_OF_THE_EARLY_ELONGATION_COMPLEX,9,,,0
REACTOME_FORMATION_OF_TUBULIN_FOLDING_INTERMEDIATES_BY_CCT_TRIC,5,,,0
REACTOME_FORMATION_OF_XYLULOSE_5_PHOSPHATE,0,,,0
REACTOME_FORMYL_PEPTIDE_RECEPTORS_BIND_FORMYL_PEPTIDES_AND_MANY_OTHER_LIGANDS,3,,,0
REACTOME_FOXO_MEDIATED_TRANSCRIPTION,17,0.922407329082489,0.922407329082489,1
REACTOME_FOXO_MEDIATED_TRANSCRIPTION_OF_CELL_CYCLE_GENES,4,,,0
REACTOME_FOXO_MEDIATED_TRANSCRIPTION_OF_CELL_DEATH_GENES,8,,,0
REACTOME_FOXO_MEDIATED_TRANSCRIPTION_OF_OXIDATIVE_STRESS_METABOLIC_AND_NEURONAL_GENES,6,,,0
REACTOME_FREE_FATTY_ACIDS_REGULATE_INSULIN_SECRETION,1,,,0
REACTOME_FREE_FATTY_ACID_RECEPTORS,0,,,0
REACTOME_FRS_MEDIATED_FGFR1_SIGNALING,3,,,0
REACTOME_FRS_MEDIATED_FGFR2_SIGNALING,3,,,0
REACTOME_FRS_MEDIATED_FGFR3_SIGNALING,2,,,0
REACTOME_FRS_MEDIATED_FGFR4_SIGNALING,2,,,0
REACTOME_FRUCTOSE_CATABOLISM,1,,,0
REACTOME_FRUCTOSE_METABOLISM,1,,,0
REACTOME_G0_AND_EARLY_G1,11,0.7486340403556824,0.7486340403556824,1
REACTOME_G1_S_DNA_DAMAGE_CHECKPOINTS,7,,,0
REACTOME_G1_S_SPECIFIC_TRANSCRIPTION,13,0.8778977990150452,0.8778977990150452,1
REACTOME_G2_M_CHECKPOINTS,24,0.8700571060180664,0.8700571060180664,1
REACTOME_G2_M_DNA_DAMAGE_CHECKPOINT,12,0.8715145587921143,0.8715145587921143,1
REACTOME_G2_M_DNA_REPLICATION_CHECKPOINT,0,,,0
REACTOME_G2_PHASE,1,,,0
REACTOME_GAB1_SIGNALOSOME,3,,,0
REACTOME_GABA_B_RECEPTOR_ACTIVATION,11,0.7766414880752563,0.7766414880752563,1
REACTOME_GABA_RECEPTOR_ACTIVATION,12,0.8455485701560974,0.8455485701560974,1
REACTOME_GABA_SYNTHESIS_RELEASE_REUPTAKE_AND_DEGRADATION,1,,,0
REACTOME_GALACTOSE_CATABOLISM,3,,,0
REACTOME_GAMMA_CARBOXYLATION_HYPUSINE_FORMATION_AND_ARYLSULFATASE_ACTIVATION,13,0.8501275777816772,0.8501275777816772,1
REACTOME_GAMMA_CARBOXYLATION_TRANSPORT_AND_AMINO_TERMINAL_CLEAVAGE_OF_PROTEINS,1,,,0
REACTOME_GAP_FILLING_DNA_REPAIR_SYNTHESIS_AND_LIGATION_IN_GG_NER,10,0.8947578072547913,0.8947578072547913,1
REACTOME_GAP_JUNCTION_ASSEMBLY,3,,,0
REACTOME_GAP_JUNCTION_DEGRADATION,2,,,0
REACTOME_GAP_JUNCTION_TRAFFICKING_AND_REGULATION,5,,,0
REACTOME_GASTRIN_CREB_SIGNALLING_PATHWAY_VIA_PKC_AND_MAPK,2,,,0
REACTOME_GDP_FUCOSE_BIOSYNTHESIS,1,,,0
REACTOME_GENERATION_OF_SECOND_MESSENGER_MOLECULES,17,0.8544910550117493,0.8544910550117493,1
REACTOME_GENE_AND_PROTEIN_EXPRESSION_BY_JAK_STAT_SIGNALING_AFTER_INTERLEUKIN_12_STIMULATION,7,,,0
REACTOME_GENE_SILENCING_BY_RNA,21,0.9010859131813049,0.9010859131813049,1
REACTOME_GLI_PROTEINS_BIND_PROMOTERS_OF_HH_RESPONSIVE_GENES_TO_PROMOTE_TRANSCRIPTION,1,,,0
REACTOME_GLOBAL_GENOME_NUCLEOTIDE_EXCISION_REPAIR_GG_NER,31,0.8382524251937866,0.8382524251937866,1
REACTOME_GLUCAGON_LIKE_PEPTIDE_1_GLP1_REGULATES_INSULIN_SECRETION,15,0.8745713233947754,0.8745713233947754,1
REACTOME_GLUCAGON_SIGNALING_IN_METABOLIC_REGULATION,11,0.7135860919952393,0.7135860919952393,1
REACTOME_GLUCAGON_TYPE_LIGAND_RECEPTORS,12,0.8642656803131104,0.8642656803131104,1
REACTOME_GLUCOCORTICOID_BIOSYNTHESIS,0,,,0
REACTOME_GLUCONEOGENESIS,6,,,0
REACTOME_GLUCOSE_METABOLISM,18,0.8218672275543213,0.8218672275543213,1
REACTOME_GLUCURONIDATION,0,,,0
REACTOME_GLUTAMATE_AND_GLUTAMINE_METABOLISM,2,,,0
REACTOME_GLUTAMATE_NEUROTRANSMITTER_RELEASE_CYCLE,3,,,0
REACTOME_GLUTATHIONE_CONJUGATION,8,,,0
REACTOME_GLUTATHIONE_SYNTHESIS_AND_RECYCLING,2,,,0
REACTOME_GLYCEROPHOSPHOLIPID_BIOSYNTHESIS,26,0.8858008980751038,0.8858008980751038,1
REACTOME_GLYCEROPHOSPHOLIPID_CATABOLISM,3,,,0
REACTOME_GLYCOGEN_BREAKDOWN_GLYCOGENOLYSIS,4,,,0
REACTOME_GLYCOGEN_METABOLISM,8,,,0
REACTOME_GLYCOGEN_STORAGE_DISEASES,6,,,0
REACTOME_GLYCOGEN_SYNTHESIS,6,,,0
REACTOME_GLYCOLYSIS,14,0.8809012770652771,0.8809012770652771,1
REACTOME_GLYCOSAMINOGLYCAN_METABOLISM,19,0.8957564830780029,0.8957564830780029,1
REACTOME_GLYCOSPHINGOLIPID_METABOLISM,7,,,0
REACTOME_GLYOXYLATE_METABOLISM_AND_GLYCINE_DEGRADATION,7,,,0
REACTOME_GOLGI_ASSOCIATED_VESICLE_BIOGENESIS,15,0.6413986682891846,0.6413986682891846,1
REACTOME_GOLGI_CISTERNAE_PERICENTRIOLAR_STACK_REORGANIZATION,0,,,0
REACTOME_GOLGI_TO_ER_RETROGRADE_TRANSPORT,24,0.8266278505325317,0.8266278505325317,1
REACTOME_GP1B_IX_V_ACTIVATION_SIGNALLING,4,,,0
REACTOME_GPCR_LIGAND_BINDING,92,0.8549925088882446,0.8549925088882446,1
REACTOME_GPVI_MEDIATED_ACTIVATION_CASCADE,10,0.7612942457199097,0.7612942457199097,1
REACTOME_GRB2_EVENTS_IN_ERBB2_SIGNALING,4,,,0
REACTOME_GRB2_SOS_PROVIDES_LINKAGE_TO_MAPK_SIGNALING_FOR_INTEGRINS,2,,,0
REACTOME_GRB7_EVENTS_IN_ERBB2_SIGNALING,3,,,0
REACTOME_GROWTH_HORMONE_RECEPTOR_SIGNALING,6,,,0
REACTOME_G_ALPHA_12_13_SIGNALLING_EVENTS,27,0.8651245832443237,0.8651245832443237,1
REACTOME_G_ALPHA_I_SIGNALLING_EVENTS,79,0.836632251739502,0.836632251739502,1
REACTOME_G_ALPHA_Q_SIGNALLING_EVENTS,52,0.8581928014755249,0.8581928014755249,1
REACTOME_G_ALPHA_S_SIGNALLING_EVENTS,26,0.8598961234092712,0.8598961234092712,1
REACTOME_G_ALPHA_Z_SIGNALLING_EVENTS,13,0.8128368854522705,0.8128368854522705,1
REACTOME_G_BETA_GAMMA_SIGNALLING_THROUGH_CDC42,8,,,0
REACTOME_G_BETA_GAMMA_SIGNALLING_THROUGH_PI3KGAMMA,9,,,0
REACTOME_G_PROTEIN_ACTIVATION,9,,,0
REACTOME_G_PROTEIN_BETA_GAMMA_SIGNALLING,10,0.8079831004142761,0.8079831004142761,1
REACTOME_G_PROTEIN_MEDIATED_EVENTS,9,,,0
REACTOME_HATS_ACETYLATE_HISTONES,26,0.8355427980422974,0.8355427980422974,1
REACTOME_HCMV_EARLY_EVENTS,20,0.8426312804222107,0.8426312804222107,1
REACTOME_HCMV_INFECTION,24,0.8216766119003296,0.8216766119003296,1
REACTOME_HCMV_LATE_EVENTS,13,0.8575213551521301,0.8575213551521301,1
REACTOME_HDACS_DEACETYLATE_HISTONES,12,0.817195475101471,0.817195475101471,1
REACTOME_HDL_ASSEMBLY,2,,,0
REACTOME_HDL_CLEARANCE,1,,,0
REACTOME_HDL_REMODELING,4,,,0
REACTOME_HDMS_DEMETHYLATE_HISTONES,6,,,0
REACTOME_HDR_THROUGH_HOMOLOGOUS_RECOMBINATION_HRR,21,0.864868700504303,0.864868700504303,1
REACTOME_HDR_THROUGH_MMEJ_ALT_NHEJ,3,,,0
REACTOME_HDR_THROUGH_SINGLE_STRAND_ANNEALING_SSA,12,0.9219467639923096,0.9219467639923096,1
REACTOME_HEDGEHOG_LIGAND_BIOGENESIS,4,,,0
REACTOME_HEDGEHOG_OFF_STATE,18,0.8035953640937805,0.8035953640937805,1
REACTOME_HEDGEHOG_ON_STATE,11,0.9004719257354736,0.9004719257354736,1
REACTOME_HEME_BIOSYNTHESIS,3,,,0
REACTOME_HEME_DEGRADATION,2,,,0
REACTOME_HEME_SIGNALING,14,0.9146438837051392,0.9146438837051392,1
REACTOME_HEMOSTASIS,146,0.7371789216995239,0.7371789216995239,1
REACTOME_HEPARAN_SULFATE_HEPARIN_HS_GAG_METABOLISM,9,,,0
REACTOME_HIGHLY_CALCIUM_PERMEABLE_NICOTINIC_ACETYLCHOLINE_RECEPTORS,1,,,0
REACTOME_HIGHLY_CALCIUM_PERMEABLE_POSTSYNAPTIC_NICOTINIC_ACETYLCHOLINE_RECEPTORS,1,,,0
REACTOME_HIGHLY_SODIUM_PERMEABLE_POSTSYNAPTIC_ACETYLCHOLINE_NICOTINIC_RECEPTORS,1,,,0
REACTOME_HISTIDINE_CATABOLISM,0,,,0
REACTOME_HIV_ELONGATION_ARREST_AND_RECOVERY,7,,,0
REACTOME_HIV_INFECTION,44,0.9070507884025574,0.9070507884025574,1
REACTOME_HIV_LIFE_CYCLE,32,0.7980597019195557,0.7980597019195557,1
REACTOME_HIV_TRANSCRIPTION_ELONGATION,10,0.9616407155990601,0.9616407155990601,1
REACTOME_HIV_TRANSCRIPTION_INITIATION,12,0.9536311626434326,0.9536311626434326,1
REACTOME_HOMOLOGOUS_DNA_PAIRING_AND_STRAND_EXCHANGE,12,0.8582190275192261,0.8582190275192261,1
REACTOME_HOMOLOGY_DIRECTED_REPAIR,28,0.8492090106010437,0.8492090106010437,1
REACTOME_HORMONE_LIGAND_BINDING_RECEPTORS,0,,,0
REACTOME_HOST_INTERACTIONS_OF_HIV_FACTORS,24,0.9116799235343933,0.9116799235343933,1
REACTOME_HSF1_ACTIVATION,15,0.9224244952201843,0.9224244952201843,1
REACTOME_HSF1_DEPENDENT_TRANSACTIVATION,16,0.9118554592132568,0.9118554592132568,1
REACTOME_HSP90_CHAPERONE_CYCLE_FOR_STEROID_HORMONE_RECEPTORS_SHR_IN_THE_PRESENCE_OF_LIGAND,12,0.9405438303947449,0.9405438303947449,1
REACTOME_HS_GAG_BIOSYNTHESIS,3,,,0
REACTOME_HS_GAG_DEGRADATION,4,,,0
REACTOME_HUR_ELAVL1_BINDS_AND_STABILIZES_MRNA,0,,,0
REACTOME_HYALURONAN_BIOSYNTHESIS_AND_EXPORT,2,,,0
REACTOME_HYALURONAN_METABOLISM,3,,,0
REACTOME_HYALURONAN_UPTAKE_AND_DEGRADATION,1,,,0
REACTOME_HYDROLYSIS_OF_LPC,0,,,0
REACTOME_IKBA_VARIANT_LEADS_TO_EDA_ID,2,,,0
REACTOME_IKK_COMPLEX_RECRUITMENT_MEDIATED_BY_RIP1,5,,,0
REACTOME_IL_6_TYPE_CYTOKINE_RECEPTOR_LIGAND_INTERACTIONS,4,,,0
REACTOME_IMMUNOREGULATORY_INTERACTIONS_BETWEEN_A_LYMPHOID_AND_A_NON_LYMPHOID_CELL,42,0.8695715069770813,0.8695715069770813,1
REACTOME_INACTIVATION_OF_CDC42_AND_RAC1,1,,,0
REACTOME_INACTIVATION_OF_CSF3_G_CSF_SIGNALING,5,,,0
REACTOME_INCRETIN_SYNTHESIS_SECRETION_AND_INACTIVATION,2,,,0
REACTOME_INFECTION_WITH_MYCOBACTERIUM_TUBERCULOSIS,6,,,0
REACTOME_INFECTIOUS_DISEASE,158,0.8815613985061646,0.8815613985061646,1
REACTOME_INFLAMMASOMES,7,,,0
REACTOME_INFLUENZA_INFECTION,23,0.9173299074172974,0.9173299074172974,1
REACTOME_INHIBITION_OF_DNA_RECOMBINATION_AT_TELOMERE,8,,,0
REACTOME_INHIBITION_OF_REPLICATION_INITIATION_OF_DAMAGED_DNA_BY_RB1_E2F1,4,,,0
REACTOME_INHIBITION_OF_THE_PROTEOLYTIC_ACTIVITY_OF_APC_C_REQUIRED_FOR_THE_ONSET_OF_ANAPHASE_BY_MITOTIC_SPINDLE_CHECKPOINT_COMPONENTS,8,,,0
REACTOME_INITIAL_TRIGGERING_OF_COMPLEMENT,7,,,0
REACTOME_INITIATION_OF_NUCLEAR_ENVELOPE_NE_REFORMATION,5,,,0
REACTOME_INLA_MEDIATED_ENTRY_OF_LISTERIA_MONOCYTOGENES_INTO_HOST_CELLS,2,,,0
REACTOME_INLB_MEDIATED_ENTRY_OF_LISTERIA_MONOCYTOGENES_INTO_HOST_CELL,2,,,0
REACTOME_INNATE_IMMUNE_SYSTEM,212,0.9262574315071106,0.9262574315071106,1
REACTOME_INOSITOL_PHOSPHATE_METABOLISM,13,0.8630264401435852,0.8630264401435852,1
REACTOME_INSERTION_OF_TAIL_ANCHORED_PROTEINS_INTO_THE_ENDOPLASMIC_RETICULUM_MEMBRANE,5,,,0
REACTOME_INSULIN_PROCESSING,4,,,0
REACTOME_INSULIN_RECEPTOR_RECYCLING,5,,,0
REACTOME_INSULIN_RECEPTOR_SIGNALLING_CASCADE,11,0.8936713933944702,0.8936713933944702,1
REACTOME_INTEGRATION_OF_ENERGY_METABOLISM,24,0.8547527194023132,0.8547527194023132,1
REACTOME_INTEGRATION_OF_PROVIRUS,1,,,0
REACTOME_INTEGRIN_CELL_SURFACE_INTERACTIONS,18,0.8438647389411926,0.8438647389411926,1
REACTOME_INTEGRIN_SIGNALING,4,,,0
REACTOME_INTERACTIONS_OF_REV_WITH_HOST_CELLULAR_PROTEINS,9,,,0
REACTOME_INTERACTIONS_OF_VPR_WITH_HOST_CELLULAR_PROTEINS,11,0.9450333714485168,0.9450333714485168,1
REACTOME_INTERACTION_BETWEEN_L1_AND_ANKYRINS,6,,,0
REACTOME_INTERACTION_WITH_CUMULUS_CELLS_AND_THE_ZONA_PELLUCIDA,1,,,0
REACTOME_INTERCONVERSION_OF_NUCLEOTIDE_DI_AND_TRIPHOSPHATES,10,0.9455190300941467,0.9455190300941467,1
REACTOME_INTERFERON_ALPHA_BETA_SIGNALING,18,0.964900553226471,0.964900553226471,1
REACTOME_INTERFERON_GAMMA_SIGNALING,24,0.9678061008453369,0.9678061008453369,1
REACTOME_INTERFERON_SIGNALING,49,0.9608464241027832,0.9608464241027832,1
REACTOME_INTERLEUKIN_10_SIGNALING,19,0.9504681825637817,0.9504681825637817,1
REACTOME_INTERLEUKIN_12_FAMILY_SIGNALING,11,0.8556882739067078,0.8556882739067078,1
REACTOME_INTERLEUKIN_12_SIGNALING,9,,,0
REACTOME_INTERLEUKIN_15_SIGNALING,3,,,0
REACTOME_INTERLEUKIN_17_SIGNALING,15,0.9417350888252258,0.9417350888252258,1
REACTOME_INTERLEUKIN_18_SIGNALING,2,,,0
REACTOME_INTERLEUKIN_1_FAMILY_SIGNALING,29,0.9010589122772217,0.9010589122772217,1
REACTOME_INTERLEUKIN_1_PROCESSING,1,,,0
REACTOME_INTERLEUKIN_1_SIGNALING,19,0.8910010457038879,0.8910010457038879,1
REACTOME_INTERLEUKIN_20_FAMILY_SIGNALING,5,,,0
REACTOME_INTERLEUKIN_21_SIGNALING,2,,,0
REACTOME_INTERLEUKIN_23_SIGNALING,2,,,0
REACTOME_INTERLEUKIN_27_SIGNALING,1,,,0
REACTOME_INTERLEUKIN_2_FAMILY_SIGNALING,14,0.8358759880065918,0.8358759880065918,1
REACTOME_INTERLEUKIN_2_SIGNALING,6,,,0
REACTOME_INTERLEUKIN_35_SIGNALLING,2,,,0
REACTOME_INTERLEUKIN_36_PATHWAY,3,,,0
REACTOME_INTERLEUKIN_37_SIGNALING,5,,,0
REACTOME_INTERLEUKIN_3_INTERLEUKIN_5_AND_GM_CSF_SIGNALING,16,0.8766751289367676,0.8766751289367676,1
REACTOME_INTERLEUKIN_4_AND_INTERLEUKIN_13_SIGNALING,38,0.8764920234680176,0.8764920234680176,1
REACTOME_INTERLEUKIN_6_FAMILY_SIGNALING,6,,,0
REACTOME_INTERLEUKIN_6_SIGNALING,2,,,0
REACTOME_INTERLEUKIN_7_SIGNALING,6,,,0
REACTOME_INTERLEUKIN_9_SIGNALING,1,,,0
REACTOME_INTERLEUKIN_RECEPTOR_SHC_SIGNALING,9,,,0
REACTOME_INTESTINAL_ABSORPTION,1,,,0
REACTOME_INTRACELLULAR_SIGNALING_BY_SECOND_MESSENGERS,63,0.8812680244445801,0.8812680244445801,1
REACTOME_INTRAFLAGELLAR_TRANSPORT,15,0.8900331854820251,0.8900331854820251,1
REACTOME_INTRA_GOLGI_AND_RETROGRADE_GOLGI_TO_ER_TRAFFIC,42,0.9049481153488159,0.9049481153488159,1
REACTOME_INTRA_GOLGI_TRAFFIC,10,0.9035379886627197,0.9035379886627197,1
REACTOME_INTRINSIC_PATHWAY_FOR_APOPTOSIS,10,0.8834545016288757,0.8834545016288757,1
REACTOME_INTRINSIC_PATHWAY_OF_FIBRIN_CLOT_FORMATION,5,,,0
REACTOME_INWARDLY_RECTIFYING_K_CHANNELS,9,,,0
REACTOME_IONOTROPIC_ACTIVITY_OF_KAINATE_RECEPTORS,2,,,0
REACTOME_ION_CHANNEL_TRANSPORT,26,0.8373773694038391,0.8373773694038391,1
REACTOME_ION_HOMEOSTASIS,9,,,0
REACTOME_ION_TRANSPORT_BY_P_TYPE_ATPASES,10,0.8661994338035583,0.8661994338035583,1
REACTOME_IRAK1_RECRUITS_IKK_COMPLEX,4,,,0
REACTOME_IRAK2_MEDIATED_ACTIVATION_OF_TAK1_COMPLEX,3,,,0
REACTOME_IRAK4_DEFICIENCY_TLR2_4,6,,,0
REACTOME_IRE1ALPHA_ACTIVATES_CHAPERONES,12,0.8563711643218994,0.8563711643218994,1
REACTOME_IRF3_MEDIATED_ACTIVATION_OF_TYPE_1_IFN,1,,,0
REACTOME_IRF3_MEDIATED_INDUCTION_OF_TYPE_I_IFN,1,,,0
REACTOME_IRON_UPTAKE_AND_TRANSPORT,15,0.892901599407196,0.892901599407196,1
REACTOME_IRS_ACTIVATION,1,,,0
REACTOME_IRS_MEDIATED_SIGNALLING,11,0.8570448756217957,0.8570448756217957,1
REACTOME_JNK_C_JUN_KINASES_PHOSPHORYLATION_AND_ACTIVATION_MEDIATED_BY_ACTIVATED_HUMAN_TAK1,4,,,0
REACTOME_JOSEPHIN_DOMAIN_DUBS,4,,,0
REACTOME_KERATAN_SULFATE_BIOSYNTHESIS,4,,,0
REACTOME_KERATAN_SULFATE_DEGRADATION,0,,,0
REACTOME_KERATAN_SULFATE_KERATIN_METABOLISM,4,,,0
REACTOME_KERATINIZATION,8,,,0
REACTOME_KETONE_BODY_METABOLISM,3,,,0
REACTOME_KILLING_MECHANISMS,3,,,0
REACTOME_KINESINS,16,0.8267777562141418,0.8267777562141418,1
REACTOME_KSRP_KHSRP_BINDS_AND_DESTABILIZES_MRNA,3,,,0
REACTOME_L1CAM_INTERACTIONS,22,0.85805743932724,0.85805743932724,1
REACTOME_LAGGING_STRAND_SYNTHESIS,10,0.8713215589523315,0.8713215589523315,1
REACTOME_LAMININ_INTERACTIONS,2,,,0
REACTOME_LATE_ENDOSOMAL_MICROAUTOPHAGY,9,,,0
REACTOME_LDL_CLEARANCE,3,,,0
REACTOME_LDL_REMODELING,0,,,0
REACTOME_LECTIN_PATHWAY_OF_COMPLEMENT_ACTIVATION,1,,,0
REACTOME_LEISHMANIA_INFECTION,55,0.8600459694862366,0.8600459694862366,1
REACTOME_LEUKOTRIENE_RECEPTORS,3,,,0
REACTOME_LGI_ADAM_INTERACTIONS,2,,,0
REACTOME_LIGAND_RECEPTOR_INTERACTIONS,0,,,0
REACTOME_LINOLEIC_ACID_LA_METABOLISM,1,,,0
REACTOME_LIPID_PARTICLE_ORGANIZATION,4,,,0
REACTOME_LIPOPHAGY,2,,,0
REACTOME_LISTERIA_MONOCYTOGENES_ENTRY_INTO_HOST_CELLS,2,,,0
REACTOME_LONG_TERM_POTENTIATION,5,,,0
REACTOME_LOSS_OF_FUNCTION_OF_MECP2_IN_RETT_SYNDROME,3,,,0
REACTOME_LOSS_OF_FUNCTION_OF_SMAD2_3_IN_CANCER,2,,,0
REACTOME_LOSS_OF_MECP2_BINDING_ABILITY_TO_THE_NCOR_SMRT_COMPLEX,3,,,0
REACTOME_LRR_FLII_INTERACTING_PROTEIN_1_LRRFIP1_ACTIVATES_TYPE_I_IFN_PRODUCTION,0,,,0
REACTOME_LTC4_CYSLTR_MEDIATED_IL4_PRODUCTION,2,,,0
REACTOME_LYSINE_CATABOLISM,2,,,0
REACTOME_LYSOSOME_VESICLE_BIOGENESIS,2,,,0
REACTOME_LYSOSPHINGOLIPID_AND_LPA_RECEPTORS,4,,,0
REACTOME_MAP2K_AND_MAPK_ACTIVATION,8,,,0
REACTOME_MAP3K8_TPL2_DEPENDENT_MAPK1_3_ACTIVATION,5,,,0
REACTOME_MAPK1_ERK2_ACTIVATION,1,,,0
REACTOME_MAPK3_ERK1_ACTIVATION,2,,,0
REACTOME_MAPK6_MAPK4_SIGNALING,17,0.8778019547462463,0.8778019547462463,1
REACTOME_MAPK_FAMILY_SIGNALING_CASCADES,70,0.8709161877632141,0.8709161877632141,1
REACTOME_MAPK_TARGETS_NUCLEAR_EVENTS_MEDIATED_BY_MAP_KINASES,9,,,0
REACTOME_MASTL_FACILITATES_MITOTIC_PROGRESSION,2,,,0
REACTOME_MATURATION_OF_PROTEIN_3A,5,,,0
REACTOME_MATURATION_OF_SARS_COV_1_NUCLEOPROTEIN,1,,,0
REACTOME_MATURATION_OF_SARS_COV_1_SPIKE_PROTEIN,1,,,0
REACTOME_MATURATION_OF_SARS_COV_2_NUCLEOPROTEIN,4,,,0
REACTOME_MATURATION_OF_SARS_COV_2_SPIKE_PROTEIN,10,0.8215277791023254,0.8215277791023254,1
REACTOME_MECP2_REGULATES_NEURONAL_RECEPTORS_AND_CHANNELS,3,,,0
REACTOME_MECP2_REGULATES_TRANSCRIPTION_FACTORS,1,,,0
REACTOME_MECP2_REGULATES_TRANSCRIPTION_OF_NEURONAL_LIGANDS,0,,,0
REACTOME_MEIOSIS,22,0.751855731010437,0.751855731010437,1
REACTOME_MEIOTIC_RECOMBINATION,6,,,0
REACTOME_MEIOTIC_SYNAPSIS,16,0.8667973279953003,0.8667973279953003,1
REACTOME_MELANIN_BIOSYNTHESIS,0,,,0
REACTOME_MEMBRANE_TRAFFICKING,122,0.8892959952354431,0.8892959952354431,1
REACTOME_METABOLIC_DISORDERS_OF_BIOLOGICAL_OXIDATION_ENZYMES,4,,,0
REACTOME_METABOLISM_OF_AMINE_DERIVED_HORMONES,0,,,0
REACTOME_METABOLISM_OF_AMINO_ACIDS_AND_DERIVATIVES,58,0.8681997060775757,0.8681997060775757,1
REACTOME_METABOLISM_OF_ANGIOTENSINOGEN_TO_ANGIOTENSINS,3,,,0
REACTOME_METABOLISM_OF_CARBOHYDRATES,55,0.8697137236595154,0.8697137236595154,1
REACTOME_METABOLISM_OF_COFACTORS,8,,,0
REACTOME_METABOLISM_OF_FAT_SOLUBLE_VITAMINS,7,,,0
REACTOME_METABOLISM_OF_FOLATE_AND_PTERINES,1,,,0
REACTOME_METABOLISM_OF_INGESTED_SEMET_SEC_MESEC_INTO_H2SE,1,,,0
REACTOME_METABOLISM_OF_LIPIDS,166,0.8593284487724304,0.8593284487724304,1
REACTOME_METABOLISM_OF_NITRIC_OXIDE_NOS3_ACTIVATION_AND_REGULATION,3,,,0
REACTOME_METABOLISM_OF_NUCLEOTIDES,26,0.77789705991745,0.77789705991745,1
REACTOME_METABOLISM_OF_POLYAMINES,8,,,0
REACTOME_METABOLISM_OF_PORPHYRINS,4,,,0
REACTOME_METABOLISM_OF_RNA,150,0.9216566681861877,0.9216566681861877,1
REACTOME_METABOLISM_OF_STEROIDS,31,0.8225745558738708,0.8225745558738708,1
REACTOME_METABOLISM_OF_STEROID_HORMONES,2,,,0
REACTOME_METABOLISM_OF_VITAMINS_AND_COFACTORS,40,0.8718236684799194,0.8718236684799194,1
REACTOME_METABOLISM_OF_WATER_SOLUBLE_VITAMINS_AND_COFACTORS,25,0.8516470193862915,0.8516470193862915,1
REACTOME_METALLOPROTEASE_DUBS,3,,,0
REACTOME_METALLOTHIONEINS_BIND_METALS,3,,,0
REACTOME_METAL_ION_SLC_TRANSPORTERS,6,,,0
REACTOME_METAL_SEQUESTRATION_BY_ANTIMICROBIAL_PROTEINS,3,,,0
REACTOME_METHIONINE_SALVAGE_PATHWAY,2,,,0
REACTOME_METHYLATION,0,,,0
REACTOME_MET_ACTIVATES_PI3K_AKT_SIGNALING,1,,,0
REACTOME_MET_ACTIVATES_PTK2_SIGNALING,3,,,0
REACTOME_MET_ACTIVATES_PTPN11,0,,,0
REACTOME_MET_ACTIVATES_RAP1_AND_RAC1,1,,,0
REACTOME_MET_ACTIVATES_RAS_SIGNALING,1,,,0
REACTOME_MET_INTERACTS_WITH_TNS_PROTEINS,1,,,0
REACTOME_MET_PROMOTES_CELL_MOTILITY,5,,,0
REACTOME_MET_RECEPTOR_ACTIVATION,1,,,0
REACTOME_MET_RECEPTOR_RECYCLING,1,,,0
REACTOME_MHC_CLASS_II_ANTIGEN_PRESENTATION,32,0.9386196136474609,0.9386196136474609,1
REACTOME_MICRORNA_MIRNA_BIOGENESIS,7,,,0
REACTOME_MINERALOCORTICOID_BIOSYNTHESIS,0,,,0
REACTOME_MIRO_GTPASE_CYCLE,3,,,0
REACTOME_MISCELLANEOUS_SUBSTRATES,0,,,0
REACTOME_MISCELLANEOUS_TRANSPORT_AND_BINDING_EVENTS,6,,,0
REACTOME_MISMATCH_REPAIR,5,,,0
REACTOME_MITOCHONDRIAL_BIOGENESIS,16,0.878849446773529,0.878849446773529,1
REACTOME_MITOCHONDRIAL_CALCIUM_ION_TRANSPORT,5,,,0
REACTOME_MITOCHONDRIAL_FATTY_ACID_BETA_OXIDATION,5,,,0
REACTOME_MITOCHONDRIAL_FATTY_ACID_BETA_OXIDATION_OF_SATURATED_FATTY_ACIDS,3,,,0
REACTOME_MITOCHONDRIAL_FATTY_ACID_BETA_OXIDATION_OF_UNSATURATED_FATTY_ACIDS,1,,,0
REACTOME_MITOCHONDRIAL_IRON_SULFUR_CLUSTER_BIOGENESIS,5,,,0
REACTOME_MITOCHONDRIAL_PROTEIN_IMPORT,15,0.9478985071182251,0.9478985071182251,1
REACTOME_MITOCHONDRIAL_TRANSLATION,24,0.8993934392929077,0.8993934392929077,1
REACTOME_MITOCHONDRIAL_TRNA_AMINOACYLATION,6,,,0
REACTOME_MITOCHONDRIAL_UNCOUPLING,0,,,0
REACTOME_MITOPHAGY,6,,,0
REACTOME_MITOTIC_G1_PHASE_AND_G1_S_TRANSITION,39,0.9000920653343201,0.9000920653343201,1
REACTOME_MITOTIC_G2_G2_M_PHASES,42,0.8122639656066895,0.8122639656066895,1
REACTOME_MITOTIC_METAPHASE_AND_ANAPHASE,54,0.8206661939620972,0.8206661939620972,1
REACTOME_MITOTIC_PROMETAPHASE,58,0.8473004698753357,0.8473004698753357,1
REACTOME_MITOTIC_PROPHASE,22,0.9375411868095398,0.9375411868095398,1
REACTOME_MITOTIC_SPINDLE_CHECKPOINT,32,0.8578842878341675,0.8578842878341675,1
REACTOME_MITOTIC_TELOPHASE_CYTOKINESIS,4,,,0
REACTOME_MODULATION_BY_MTB_OF_HOST_IMMUNE_SYSTEM,3,,,0
REACTOME_MOLECULES_ASSOCIATED_WITH_ELASTIC_FIBRES,6,,,0
REACTOME_MOLYBDENUM_COFACTOR_BIOSYNTHESIS,4,,,0
REACTOME_MRNA_CAPPING,7,,,0
REACTOME_MRNA_DECAY_BY_3_TO_5_EXORIBONUCLEASE,8,,,0
REACTOME_MRNA_DECAY_BY_5_TO_3_EXORIBONUCLEASE,5,,,0
REACTOME_MRNA_EDITING,5,,,0
REACTOME_MRNA_EDITING_C_TO_U_CONVERSION,4,,,0
REACTOME_MRNA_SPLICING,44,0.8674811124801636,0.8674811124801636,1
REACTOME_MRNA_SPLICING_MINOR_PATHWAY,14,0.8736612200737,0.8736612200737,1
REACTOME_MTORC1_MEDIATED_SIGNALLING,4,,,0
REACTOME_MTOR_SIGNALLING,7,,,0
REACTOME_MUCOPOLYSACCHARIDOSES,1,,,0
REACTOME_MULTIFUNCTIONAL_ANION_EXCHANGERS,1,,,0
REACTOME_MUSCARINIC_ACETYLCHOLINE_RECEPTORS,0,,,0
REACTOME_MUSCLE_CONTRACTION,27,0.8431356549263,0.8431356549263,1
REACTOME_MYD88_INDEPENDENT_TLR4_CASCADE,24,0.8708136081695557,0.8708136081695557,1
REACTOME_MYOCLONIC_EPILEPSY_OF_LAFORA,5,,,0
REACTOME_MYOGENESIS,3,,,0
REACTOME_M_PHASE,88,0.8596571683883667,0.8596571683883667,1
REACTOME_NADE_MODULATES_DEATH_SIGNALLING,2,,,0
REACTOME_NA_CL_DEPENDENT_NEUROTRANSMITTER_TRANSPORTERS,0,,,0
REACTOME_NCAM1_INTERACTIONS,6,,,0
REACTOME_NCAM_SIGNALING_FOR_NEURITE_OUT_GROWTH,13,0.8476880192756653,0.8476880192756653,1
REACTOME_NECTIN_NECL_TRANS_HETERODIMERIZATION,1,,,0
REACTOME_NEDDYLATION,45,0.8909173011779785,0.8909173011779785,1
REACTOME_NEF_AND_SIGNAL_TRANSDUCTION,4,,,0
REACTOME_NEF_MEDIATED_CD4_DOWN_REGULATION,2,,,0
REACTOME_NEF_MEDIATED_CD8_DOWN_REGULATION,2,,,0
REACTOME_NEF_MEDIATED_DOWNREGULATION_OF_MHC_CLASS_I_COMPLEX_CELL_SURFACE_EXPRESSION,2,,,0
REACTOME_NEF_MEDIATES_DOWN_MODULATION_OF_CELL_SURFACE_RECEPTORS_BY_RECRUITING_THEM_TO_CLATHRIN_ADAPTERS,5,,,0
REACTOME_NEGATIVE_EPIGENETIC_REGULATION_OF_RRNA_EXPRESSION,14,0.8917283415794373,0.8917283415794373,1
REACTOME_NEGATIVE_FEEDBACK_REGULATION_OF_MAPK_PATHWAY,2,,,0
REACTOME_NEGATIVE_REGULATION_OF_ACTIVITY_OF_TFAP2_AP_2_FAMILY_TRANSCRIPTION_FACTORS,1,,,0
REACTOME_NEGATIVE_REGULATION_OF_FGFR1_SIGNALING,5,,,0
REACTOME_NEGATIVE_REGULATION_OF_FGFR2_SIGNALING,5,,,0
REACTOME_NEGATIVE_REGULATION_OF_FGFR3_SIGNALING,4,,,0
REACTOME_NEGATIVE_REGULATION_OF_FGFR4_SIGNALING,4,,,0
REACTOME_NEGATIVE_REGULATION_OF_FLT3,6,,,0
REACTOME_NEGATIVE_REGULATION_OF_MAPK_PATHWAY,12,0.8688567876815796,0.8688567876815796,1
REACTOME_NEGATIVE_REGULATION_OF_MET_ACTIVITY,2,,,0
REACTOME_NEGATIVE_REGULATION_OF_NMDA_RECEPTOR_MEDIATED_NEURONAL_TRANSMISSION,4,,,0
REACTOME_NEGATIVE_REGULATION_OF_NOTCH4_SIGNALING,3,,,0
REACTOME_NEGATIVE_REGULATION_OF_TCF_DEPENDENT_SIGNALING_BY_DVL_INTERACTING_PROTEINS,2,,,0
REACTOME_NEGATIVE_REGULATION_OF_TCF_DEPENDENT_SIGNALING_BY_WNT_LIGAND_ANTAGONISTS,1,,,0
REACTOME_NEGATIVE_REGULATION_OF_THE_PI3K_AKT_NETWORK,25,0.8647623062133789,0.8647623062133789,1
REACTOME_NEGATIVE_REGULATORS_OF_DDX58_IFIH1_SIGNALING,11,0.8636667728424072,0.8636667728424072,1
REACTOME_NEPHRIN_FAMILY_INTERACTIONS,7,,,0
REACTOME_NERVOUS_SYSTEM_DEVELOPMENT,97,0.868068516254425,0.868068516254425,1
REACTOME_NETRIN_1_SIGNALING,13,0.8867226839065552,0.8867226839065552,1
REACTOME_NETRIN_MEDIATED_REPULSION_SIGNALS,0,,,0
REACTOME_NEUREXINS_AND_NEUROLIGINS,5,,,0
REACTOME_NEUROFASCIN_INTERACTIONS,0,,,0
REACTOME_NEURONAL_SYSTEM,53,0.8182992339134216,0.8182992339134216,1
REACTOME_NEUROTOXICITY_OF_CLOSTRIDIUM_TOXINS,3,,,0
REACTOME_NEUROTRANSMITTER_CLEARANCE,3,,,0
REACTOME_NEUROTRANSMITTER_RECEPTORS_AND_POSTSYNAPTIC_SIGNAL_TRANSMISSION,35,0.863365650177002,0.863365650177002,1
REACTOME_NEUROTRANSMITTER_RELEASE_CYCLE,3,,,0
REACTOME_NEUTROPHIL_DEGRANULATION,94,0.9582777619361877,0.9582777619361877,1
REACTOME_NF_KB_ACTIVATION_THROUGH_FADD_RIP_1_PATHWAY_MEDIATED_BY_CASPASE_8_AND_10,3,,,0
REACTOME_NF_KB_IS_ACTIVATED_AND_SIGNALS_SURVIVAL,4,,,0
REACTOME_NGF_INDEPENDANT_TRKA_ACTIVATION,0,,,0
REACTOME_NGF_STIMULATED_TRANSCRIPTION,11,0.8081931471824646,0.8081931471824646,1
REACTOME_NICOTINAMIDE_SALVAGING,1,,,0
REACTOME_NICOTINATE_METABOLISM,4,,,0
REACTOME_NITRIC_OXIDE_STIMULATES_GUANYLATE_CYCLASE,4,,,0
REACTOME_NOD1_2_SIGNALING_PATHWAY,9,,,0
REACTOME_NONCANONICAL_ACTIVATION_OF_NOTCH3,0,,,0
REACTOME_NONHOMOLOGOUS_END_JOINING_NHEJ,6,,,0
REACTOME_NONSENSE_MEDIATED_DECAY_NMD,13,0.9002362489700317,0.9002362489700317,1
REACTOME_NON_INTEGRIN_MEMBRANE_ECM_INTERACTIONS,8,,,0
REACTOME_NOREPINEPHRINE_NEUROTRANSMITTER_RELEASE_CYCLE,2,,,0
REACTOME_NOSTRIN_MEDIATED_ENOS_TRAFFICKING,2,,,0
REACTOME_NOTCH1_INTRACELLULAR_DOMAIN_REGULATES_TRANSCRIPTION,14,0.8708741068840027,0.8708741068840027,1
REACTOME_NOTCH2_ACTIVATION_AND_TRANSMISSION_OF_SIGNAL_TO_THE_NUCLEUS,3,,,0
REACTOME_NOTCH2_INTRACELLULAR_DOMAIN_REGULATES_TRANSCRIPTION,3,,,0
REACTOME_NOTCH3_ACTIVATION_AND_TRANSMISSION_OF_SIGNAL_TO_THE_NUCLEUS,4,,,0
REACTOME_NOTCH3_INTRACELLULAR_DOMAIN_REGULATES_TRANSCRIPTION,3,,,0
REACTOME_NOTCH4_ACTIVATION_AND_TRANSMISSION_OF_SIGNAL_TO_THE_NUCLEUS,0,,,0
REACTOME_NOTCH4_INTRACELLULAR_DOMAIN_REGULATES_TRANSCRIPTION,3,,,0
REACTOME_NOTCH_HLH_TRANSCRIPTION_PATHWAY,6,,,0
REACTOME_NR1H2_AND_NR1H3_MEDIATED_SIGNALING,12,0.956875205039978,0.956875205039978,1
REACTOME_NR1H2_NR1H3_REGULATE_GENE_EXPRESSION_LINKED_TO_GLUCONEOGENESIS,1,,,0
REACTOME_NR1H2_NR1H3_REGULATE_GENE_EXPRESSION_LINKED_TO_LIPOGENESIS,1,,,0
REACTOME_NR1H2_NR1H3_REGULATE_GENE_EXPRESSION_LINKED_TO_TRIGLYCERIDE_LIPOLYSIS_IN_ADIPOSE,1,,,0
REACTOME_NR1H2_NR1H3_REGULATE_GENE_EXPRESSION_TO_CONTROL_BILE_ACID_HOMEOSTASIS,2,,,0
REACTOME_NR1H2_NR1H3_REGULATE_GENE_EXPRESSION_TO_LIMIT_CHOLESTEROL_UPTAKE,2,,,0
REACTOME_NR1H3_NR1H2_REGULATE_GENE_EXPRESSION_LINKED_TO_CHOLESTEROL_TRANSPORT_AND_EFFLUX,11,0.8742268085479736,0.8742268085479736,1
REACTOME_NRAGE_SIGNALS_DEATH_THROUGH_JNK,20,0.814372181892395,0.814372181892395,1
REACTOME_NRCAM_INTERACTIONS,1,,,0
REACTOME_NRIF_SIGNALS_CELL_DEATH_FROM_THE_NUCLEUS,4,,,0
REACTOME_NS1_MEDIATED_EFFECTS_ON_HOST_PATHWAYS,12,0.9139259457588196,0.9139259457588196,1
REACTOME_NTRK2_ACTIVATES_RAC1,1,,,0
REACTOME_NUCLEAR_ENVELOPE_BREAKDOWN,15,0.941493570804596,0.941493570804596,1
REACTOME_NUCLEAR_ENVELOPE_NE_REASSEMBLY,15,0.795074999332428,0.795074999332428,1
REACTOME_NUCLEAR_EVENTS_KINASE_AND_TRANSCRIPTION_FACTOR_ACTIVATION,15,0.8826733231544495,0.8826733231544495,1
REACTOME_NUCLEAR_EVENTS_STIMULATED_BY_ALK_SIGNALING_IN_CANCER,3,,,0
REACTOME_NUCLEAR_IMPORT_OF_REV_PROTEIN,9,,,0
REACTOME_NUCLEAR_PORE_COMPLEX_NPC_DISASSEMBLY,9,,,0
REACTOME_NUCLEAR_RECEPTOR_TRANSCRIPTION_PATHWAY,12,0.9164515137672424,0.9164515137672424,1
REACTOME_NUCLEAR_SIGNALING_BY_ERBB4,7,,,0
REACTOME_NUCLEOTIDE_BINDING_DOMAIN_LEUCINE_RICH_REPEAT_CONTAINING_RECEPTOR_NLR_SIGNALING_PATHWAYS,16,0.8391128778457642,0.8391128778457642,1
REACTOME_NUCLEOTIDE_BIOSYNTHESIS,3,,,0
REACTOME_NUCLEOTIDE_CATABOLISM,8,,,0
REACTOME_NUCLEOTIDE_EXCISION_REPAIR,37,0.9253066778182983,0.9253066778182983,1
REACTOME_NUCLEOTIDE_LIKE_PURINERGIC_RECEPTORS,3,,,0
REACTOME_NUCLEOTIDE_SALVAGE,6,,,0
REACTOME_N_GLYCAN_ANTENNAE_ELONGATION,4,,,0
REACTOME_N_GLYCAN_ANTENNAE_ELONGATION_IN_THE_MEDIAL_TRANS_GOLGI,7,,,0
REACTOME_N_GLYCAN_TRIMMING_AND_ELONGATION_IN_THE_CIS_GOLGI,2,,,0
REACTOME_N_GLYCAN_TRIMMING_IN_THE_ER_AND_CALNEXIN_CALRETICULIN_CYCLE,6,,,0
REACTOME_OAS_ANTIVIRAL_RESPONSE,2,,,0
REACTOME_OLFACTORY_SIGNALING_PATHWAY,1,,,0
REACTOME_ONCOGENE_INDUCED_SENESCENCE,12,0.7830278873443604,0.7830278873443604,1
REACTOME_ONCOGENIC_MAPK_SIGNALING,17,0.8712722063064575,0.8712722063064575,1
REACTOME_OPIOID_SIGNALLING,22,0.8614124655723572,0.8614124655723572,1
REACTOME_OPSINS,0,,,0
REACTOME_ORC1_REMOVAL_FROM_CHROMATIN,12,0.8966589570045471,0.8966589570045471,1
REACTOME_OREXIN_AND_NEUROPEPTIDES_FF_AND_QRFP_BIND_TO_THEIR_RESPECTIVE_RECEPTORS,1,,,0
REACTOME_ORGANELLE_BIOGENESIS_AND_MAINTENANCE,71,0.889054536819458,0.889054536819458,1
REACTOME_ORGANIC_ANION_TRANSPORT,0,,,0
REACTOME_ORGANIC_ANION_TRANSPORTERS,0,,,0
REACTOME_ORGANIC_CATION_ANION_ZWITTERION_TRANSPORT,0,,,0
REACTOME_ORGANIC_CATION_TRANSPORT,0,,,0
REACTOME_OTHER_INTERLEUKIN_SIGNALING,5,,,0
REACTOME_OTHER_SEMAPHORIN_INTERACTIONS,4,,,0
REACTOME_OVARIAN_TUMOR_DOMAIN_PROTEASES,7,,,0
REACTOME_OXIDATIVE_STRESS_INDUCED_SENESCENCE,27,0.8658159971237183,0.8658159971237183,1
REACTOME_O_GLYCOSYLATION_OF_TSR_DOMAIN_CONTAINING_PROTEINS,6,,,0
REACTOME_O_LINKED_GLYCOSYLATION,20,0.8269549012184143,0.8269549012184143,1
REACTOME_O_LINKED_GLYCOSYLATION_OF_MUCINS,13,0.9048389196395874,0.9048389196395874,1
REACTOME_P130CAS_LINKAGE_TO_MAPK_SIGNALING_FOR_INTEGRINS,2,,,0
REACTOME_P2Y_RECEPTORS,2,,,0
REACTOME_P38MAPK_EVENTS,2,,,0
REACTOME_P75NTR_NEGATIVELY_REGULATES_CELL_CYCLE_VIA_SC1,0,,,0
REACTOME_P75NTR_RECRUITS_SIGNALLING_COMPLEXES,4,,,0
REACTOME_P75NTR_REGULATES_AXONOGENESIS,1,,,0
REACTOME_P75NTR_SIGNALS_VIA_NF_KB,5,,,0
REACTOME_P75_NTR_RECEPTOR_MEDIATED_SIGNALLING,29,0.8613113760948181,0.8613113760948181,1
REACTOME_PARASITE_INFECTION,12,0.838119387626648,0.838119387626648,1
REACTOME_PASSIVE_TRANSPORT_BY_AQUAPORINS,3,,,0
REACTOME_PCNA_DEPENDENT_LONG_PATCH_BASE_EXCISION_REPAIR,10,0.847754180431366,0.847754180431366,1
REACTOME_PCP_CE_PATHWAY,8,,,0
REACTOME_PD_1_SIGNALING,12,0.9797930717468262,0.9797930717468262,1
REACTOME_PECAM1_INTERACTIONS,6,,,0
REACTOME_PENTOSE_PHOSPHATE_PATHWAY,3,,,0
REACTOME_PEPTIDE_HORMONE_BIOSYNTHESIS,0,,,0
REACTOME_PEPTIDE_HORMONE_METABOLISM,12,0.8184155821800232,0.8184155821800232,1
REACTOME_PEPTIDE_LIGAND_BINDING_RECEPTORS,56,0.7880277037620544,0.7880277037620544,1
REACTOME_PERK_REGULATES_GENE_EXPRESSION,9,,,0
REACTOME_PEROXISOMAL_LIPID_METABOLISM,10,0.8210455179214478,0.8210455179214478,1
REACTOME_PEROXISOMAL_PROTEIN_IMPORT,18,0.8516517877578735,0.8516517877578735,1
REACTOME_PEXOPHAGY,5,,,0
REACTOME_PHASE_0_RAPID_DEPOLARISATION,4,,,0
REACTOME_PHASE_1_INACTIVATION_OF_FAST_NA_CHANNELS,1,,,0
REACTOME_PHASE_2_PLATEAU_PHASE,1,,,0
REACTOME_PHASE_3_RAPID_REPOLARISATION,0,,,0
REACTOME_PHASE_4_RESTING_MEMBRANE_POTENTIAL,1,,,0
REACTOME_PHASE_II_CONJUGATION_OF_COMPOUNDS,15,0.8421835899353027,0.8421835899353027,1
REACTOME_PHASE_I_FUNCTIONALIZATION_OF_COMPOUNDS,11,0.8657602071762085,0.8657602071762085,1
REACTOME_PHENYLALANINE_AND_TYROSINE_METABOLISM,3,,,0
REACTOME_PHENYLALANINE_METABOLISM,2,,,0
REACTOME_PHOSPHATE_BOND_HYDROLYSIS_BY_NTPDASE_PROTEINS,1,,,0
REACTOME_PHOSPHATE_BOND_HYDROLYSIS_BY_NUDT_PROTEINS,3,,,0
REACTOME_PHOSPHOLIPASE_C_MEDIATED_CASCADE_FGFR2,3,,,0
REACTOME_PHOSPHOLIPASE_C_MEDIATED_CASCADE_FGFR4,2,,,0
REACTOME_PHOSPHOLIPID_METABOLISM,54,0.8762935400009155,0.8762935400009155,1
REACTOME_PHOSPHORYLATION_OF_EMI1,0,,,0
REACTOME_PHOSPHORYLATION_OF_THE_APC_C,6,,,0
REACTOME_PHYSIOLOGICAL_FACTORS,1,,,0
REACTOME_PI3K_AKT_ACTIVATION,3,,,0
REACTOME_PI3K_AKT_SIGNALING_IN_CANCER,25,0.85538649559021,0.85538649559021,1
REACTOME_PI3K_EVENTS_IN_ERBB2_SIGNALING,5,,,0
REACTOME_PI3K_EVENTS_IN_ERBB4_SIGNALING,2,,,0
REACTOME_PI5P_REGULATES_TP53_ACETYLATION,2,,,0
REACTOME_PINK1_PRKN_MEDIATED_MITOPHAGY,4,,,0
REACTOME_PIWI_INTERACTING_RNA_PIRNA_BIOGENESIS,6,,,0
REACTOME_PI_3K_CASCADE_FGFR1,3,,,0
REACTOME_PI_3K_CASCADE_FGFR2,3,,,0
REACTOME_PI_3K_CASCADE_FGFR3,2,,,0
REACTOME_PI_3K_CASCADE_FGFR4,2,,,0
REACTOME_PI_METABOLISM,28,0.8508320450782776,0.8508320450782776,1
REACTOME_PKA_ACTIVATION_IN_GLUCAGON_SIGNALLING,4,,,0
REACTOME_PKA_MEDIATED_PHOSPHORYLATION_OF_CREB,4,,,0
REACTOME_PKA_MEDIATED_PHOSPHORYLATION_OF_KEY_METABOLIC_FACTORS,1,,,0
REACTOME_PKMTS_METHYLATE_HISTONE_LYSINES,9,,,0
REACTOME_PLASMA_LIPOPROTEIN_ASSEMBLY,3,,,0
REACTOME_PLASMA_LIPOPROTEIN_ASSEMBLY_REMODELING_AND_CLEARANCE,11,0.8669729828834534,0.8669729828834534,1
REACTOME_PLASMA_LIPOPROTEIN_CLEARANCE,7,,,0
REACTOME_PLASMA_LIPOPROTEIN_REMODELING,6,,,0
REACTOME_PLATELET_ACTIVATION_SIGNALING_AND_AGGREGATION,68,0.592945396900177,0.592945396900177,1
REACTOME_PLATELET_ADHESION_TO_EXPOSED_COLLAGEN,7,,,0
REACTOME_PLATELET_AGGREGATION_PLUG_FORMATION,7,,,0
REACTOME_PLATELET_CALCIUM_HOMEOSTASIS,5,,,0
REACTOME_PLATELET_HOMEOSTASIS,19,0.8929908871650696,0.8929908871650696,1
REACTOME_PLATELET_SENSITIZATION_BY_LDL,1,,,0
REACTOME_POLB_DEPENDENT_LONG_PATCH_BASE_EXCISION_REPAIR,5,,,0
REACTOME_POLO_LIKE_KINASE_MEDIATED_EVENTS,4,,,0
REACTOME_POLYMERASE_SWITCHING,8,,,0
REACTOME_POLYMERASE_SWITCHING_ON_THE_C_STRAND_OF_THE_TELOMERE,13,0.8774995803833008,0.8774995803833008,1
REACTOME_POSITIVE_EPIGENETIC_REGULATION_OF_RRNA_EXPRESSION,13,0.9149355292320251,0.9149355292320251,1
REACTOME_POSTMITOTIC_NUCLEAR_PORE_COMPLEX_NPC_REFORMATION,7,,,0
REACTOME_POST_CHAPERONIN_TUBULIN_FOLDING_PATHWAY,5,,,0
REACTOME_POST_TRANSLATIONAL_MODIFICATION_SYNTHESIS_OF_GPI_ANCHORED_PROTEINS,21,0.6674267053604126,0.6674267053604126,1
REACTOME_POST_TRANSLATIONAL_PROTEIN_MODIFICATION,301,0.8821820616722107,0.8821820616722107,1
REACTOME_POTASSIUM_CHANNELS,12,0.8228006958961487,0.8228006958961487,1
REACTOME_POTENTIAL_THERAPEUTICS_FOR_SARS,20,0.8608235120773315,0.8608235120773315,1
REACTOME_POU5F1_OCT4_SOX2_NANOG_ACTIVATE_GENES_RELATED_TO_PROLIFERATION,2,,,0
REACTOME_POU5F1_OCT4_SOX2_NANOG_REPRESS_GENES_RELATED_TO_DIFFERENTIATION,4,,,0
REACTOME_PP2A_MEDIATED_DEPHOSPHORYLATION_OF_KEY_METABOLIC_FACTORS,0,,,0
REACTOME_PRC2_METHYLATES_HISTONES_AND_DNA,4,,,0
REACTOME_PREGNENOLONE_BIOSYNTHESIS,1,,,0
REACTOME_PRESYNAPTIC_DEPOLARIZATION_AND_CALCIUM_CHANNEL_OPENING,1,,,0
REACTOME_PRESYNAPTIC_FUNCTION_OF_KAINATE_RECEPTORS,9,,,0
REACTOME_PRESYNAPTIC_NICOTINIC_ACETYLCHOLINE_RECEPTORS,2,,,0
REACTOME_PREVENTION_OF_PHAGOSOMAL_LYSOSOMAL_FUSION,2,,,0
REACTOME_PRE_NOTCH_EXPRESSION_AND_PROCESSING,10,0.9081259369850159,0.9081259369850159,1
REACTOME_PRE_NOTCH_PROCESSING_IN_GOLGI,2,,,0
REACTOME_PRE_NOTCH_PROCESSING_IN_THE_ENDOPLASMIC_RETICULUM,0,,,0
REACTOME_PROCESSING_AND_ACTIVATION_OF_SUMO,2,,,0
REACTOME_PROCESSING_OF_CAPPED_INTRONLESS_PRE_MRNA,9,,,0
REACTOME_PROCESSING_OF_CAPPED_INTRON_CONTAINING_PRE_MRNA,56,0.884770393371582,0.884770393371582,1
REACTOME_PROCESSING_OF_DNA_DOUBLE_STRAND_BREAK_ENDS,14,0.8555927276611328,0.8555927276611328,1
REACTOME_PROCESSING_OF_INTRONLESS_PRE_MRNAS,9,,,0
REACTOME_PROCESSING_OF_SMDT1,3,,,0
REACTOME_PROCESSIVE_SYNTHESIS_ON_THE_C_STRAND_OF_THE_TELOMERE,10,0.866244375705719,0.866244375705719,1
REACTOME_PROCESSIVE_SYNTHESIS_ON_THE_LAGGING_STRAND,7,,,0
REACTOME_PROGRAMMED_CELL_DEATH,38,0.8602518439292908,0.8602518439292908,1
REACTOME_PROLACTIN_RECEPTOR_SIGNALING,2,,,0
REACTOME_PROLONGED_ERK_ACTIVATION_EVENTS,3,,,0
REACTOME_PROPIONYL_COA_CATABOLISM,1,,,0
REACTOME_PROSTACYCLIN_SIGNALLING_THROUGH_PROSTACYCLIN_RECEPTOR,8,,,0
REACTOME_PROSTANOID_LIGAND_RECEPTORS,3,,,0
REACTOME_PROTEIN_FOLDING,25,0.8375503420829773,0.8375503420829773,1
REACTOME_PROTEIN_LOCALIZATION,42,0.8304651975631714,0.8304651975631714,1
REACTOME_PROTEIN_METHYLATION,4,,,0
REACTOME_PROTEIN_PROTEIN_INTERACTIONS_AT_SYNAPSES,9,,,0
REACTOME_PROTEIN_REPAIR,1,,,0
REACTOME_PROTEIN_UBIQUITINATION,19,0.8260701894760132,0.8260701894760132,1
REACTOME_PROTON_COUPLED_MONOCARBOXYLATE_TRANSPORT,3,,,0
REACTOME_PTEN_REGULATION,26,0.9063469171524048,0.9063469171524048,1
REACTOME_PTK6_EXPRESSION,4,,,0
REACTOME_PTK6_PROMOTES_HIF1A_STABILIZATION,1,,,0
REACTOME_PTK6_REGULATES_CELL_CYCLE,4,,,0
REACTOME_PTK6_REGULATES_PROTEINS_INVOLVED_IN_RNA_PROCESSING,2,,,0
REACTOME_PTK6_REGULATES_RHO_GTPASES_RAS_GTPASE_AND_MAP_KINASES,3,,,0
REACTOME_PTK6_REGULATES_RTKS_AND_THEIR_EFFECTORS_AKT1_AND_DOK1,3,,,0
REACTOME_PURINERGIC_SIGNALING_IN_LEISHMANIASIS_INFECTION,9,,,0
REACTOME_PURINE_CATABOLISM,5,,,0
REACTOME_PURINE_RIBONUCLEOSIDE_MONOPHOSPHATE_BIOSYNTHESIS,2,,,0
REACTOME_PURINE_SALVAGE,3,,,0
REACTOME_PYRIMIDINE_CATABOLISM,4,,,0
REACTOME_PYRIMIDINE_SALVAGE,3,,,0
REACTOME_PYROPTOSIS,4,,,0
REACTOME_PYRUVATE_METABOLISM,8,,,0
REACTOME_PYRUVATE_METABOLISM_AND_CITRIC_ACID_TCA_CYCLE,13,0.8342728018760681,0.8342728018760681,1
REACTOME_RAB_GEFS_EXCHANGE_GTP_FOR_GDP_ON_RABS,18,0.8757965564727783,0.8757965564727783,1
REACTOME_RAB_GERANYLGERANYLATION,7,,,0
REACTOME_RAB_REGULATION_OF_TRAFFICKING,25,0.80246502161026,0.80246502161026,1
REACTOME_RAC1_GTPASE_CYCLE,34,0.842289388179779,0.842289388179779,1
REACTOME_RAC2_GTPASE_CYCLE,12,0.8610876202583313,0.8610876202583313,1
REACTOME_RAC3_GTPASE_CYCLE,14,0.9185642004013062,0.9185642004013062,1
REACTOME_RAF_ACTIVATION,5,,,0
REACTOME_RAF_INDEPENDENT_MAPK1_3_ACTIVATION,6,,,0
REACTOME_RAP1_SIGNALLING,3,,,0
REACTOME_RAS_ACTIVATION_UPON_CA2_INFLUX_THROUGH_NMDA_RECEPTOR,5,,,0
REACTOME_RAS_PROCESSING,7,,,0
REACTOME_RAS_SIGNALING_DOWNSTREAM_OF_NF1_LOSS_OF_FUNCTION_VARIANTS,2,,,0
REACTOME_RA_BIOSYNTHESIS_PATHWAY,3,,,0
REACTOME_REACTIONS_SPECIFIC_TO_THE_COMPLEX_N_GLYCAN_SYNTHESIS_PATHWAY,3,,,0
REACTOME_RECEPTOR_MEDIATED_MITOPHAGY,3,,,0
REACTOME_RECEPTOR_TYPE_TYROSINE_PROTEIN_PHOSPHATASES,0,,,0
REACTOME_RECOGNITION_AND_ASSOCIATION_OF_DNA_GLYCOSYLASE_WITH_SITE_CONTAINING_AN_AFFECTED_PURINE,4,,,0
REACTOME_RECOGNITION_OF_DNA_DAMAGE_BY_PCNA_CONTAINING_REPLICATION_COMPLEX,13,0.8934878706932068,0.8934878706932068,1
REACTOME_RECRUITMENT_OF_MITOTIC_CENTROSOME_PROTEINS_AND_COMPLEXES,25,0.8645179867744446,0.8645179867744446,1
REACTOME_RECRUITMENT_OF_NUMA_TO_MITOTIC_CENTROSOMES,28,0.888078510761261,0.888078510761261,1
REACTOME_RECYCLING_OF_BILE_ACIDS_AND_SALTS,0,,,0
REACTOME_RECYCLING_OF_EIF2_GDP,4,,,0
REACTOME_RECYCLING_PATHWAY_OF_L1,9,,,0
REACTOME_REDUCTION_OF_CYTOSOLIC_CA_LEVELS,1,,,0
REACTOME_REELIN_SIGNALLING_PATHWAY,1,,,0
REACTOME_REGULATED_NECROSIS,15,0.8747459650039673,0.8747459650039673,1
REACTOME_REGULATED_PROTEOLYSIS_OF_P75NTR,0,,,0
REACTOME_REGULATION_BY_C_FLIP,6,,,0
REACTOME_REGULATION_OF_BACH1_ACTIVITY,3,,,0
REACTOME_REGULATION_OF_BETA_CELL_DEVELOPMENT,2,,,0
REACTOME_REGULATION_OF_CHOLESTEROL_BIOSYNTHESIS_BY_SREBP_SREBF,16,0.8172803521156311,0.8172803521156311,1
REACTOME_REGULATION_OF_COMMISSURAL_AXON_PATHFINDING_BY_SLIT_AND_ROBO,2,,,0
REACTOME_REGULATION_OF_CYTOSKELETAL_REMODELING_AND_CELL_SPREADING_BY_IPP_COMPLEX_COMPONENTS,0,,,0
REACTOME_REGULATION_OF_EXPRESSION_OF_SLITS_AND_ROBOS,18,0.8997343182563782,0.8997343182563782,1
REACTOME_REGULATION_OF_FOXO_TRANSCRIPTIONAL_ACTIVITY_BY_ACETYLATION,4,,,0
REACTOME_REGULATION_OF_FZD_BY_UBIQUITINATION,3,,,0
REACTOME_REGULATION_OF_GENE_EXPRESSION_BY_HYPOXIA_INDUCIBLE_FACTOR,2,,,0
REACTOME_REGULATION_OF_GENE_EXPRESSION_IN_BETA_CELLS,1,,,0
REACTOME_REGULATION_OF_GENE_EXPRESSION_IN_EARLY_PANCREATIC_PRECURSOR_CELLS,0,,,0
REACTOME_REGULATION_OF_GENE_EXPRESSION_IN_ENDOCRINE_COMMITTED_NEUROG3_PROGENITOR_CELLS,0,,,0
REACTOME_REGULATION_OF_GENE_EXPRESSION_IN_LATE_STAGE_BRANCHING_MORPHOGENESIS_PANCREATIC_BUD_PRECURSOR_CELLS,1,,,0
REACTOME_REGULATION_OF_GLUCOKINASE_BY_GLUCOKINASE_REGULATORY_PROTEIN,9,,,0
REACTOME_REGULATION_OF_GLYCOLYSIS_BY_FRUCTOSE_2_6_BISPHOSPHATE_METABOLISM,1,,,0
REACTOME_REGULATION_OF_HMOX1_EXPRESSION_AND_ACTIVITY,6,,,0
REACTOME_REGULATION_OF_HSF1_MEDIATED_HEAT_SHOCK_RESPONSE,29,0.8955581188201904,0.8955581188201904,1
REACTOME_REGULATION_OF_IFNA_SIGNALING,3,,,0
REACTOME_REGULATION_OF_IFNG_SIGNALING,3,,,0
REACTOME_REGULATION_OF_INNATE_IMMUNE_RESPONSES_TO_CYTOSOLIC_DNA,4,,,0
REACTOME_REGULATION_OF_INSULIN_LIKE_GROWTH_FACTOR_IGF_TRANSPORT_AND_UPTAKE_BY_INSULIN_LIKE_GROWTH_FACTOR_BINDING_PROTEINS_IGFBPS,24,0.9080230593681335,0.9080230593681335,1
REACTOME_REGULATION_OF_INSULIN_SECRETION,19,0.8571884632110596,0.8571884632110596,1
REACTOME_REGULATION_OF_KIT_SIGNALING,4,,,0
REACTOME_REGULATION_OF_LIPID_METABOLISM_BY_PPARALPHA,28,0.7772647142410278,0.7772647142410278,1
REACTOME_REGULATION_OF_LOCALIZATION_OF_FOXO_TRANSCRIPTION_FACTORS,1,,,0
REACTOME_REGULATION_OF_MECP2_EXPRESSION_AND_ACTIVITY,9,,,0
REACTOME_REGULATION_OF_MRNA_STABILITY_BY_PROTEINS_THAT_BIND_AU_RICH_ELEMENTS,11,0.8894967436790466,0.8894967436790466,1
REACTOME_REGULATION_OF_PLK1_ACTIVITY_AT_G2_M_TRANSITION,25,0.8394983410835266,0.8394983410835266,1
REACTOME_REGULATION_OF_PTEN_GENE_TRANSCRIPTION,15,0.8291765451431274,0.8291765451431274,1
REACTOME_REGULATION_OF_PTEN_LOCALIZATION,2,,,0
REACTOME_REGULATION_OF_PTEN_MRNA_TRANSLATION,3,,,0
REACTOME_REGULATION_OF_PTEN_STABILITY_AND_ACTIVITY,8,,,0
REACTOME_REGULATION_OF_PYRUVATE_DEHYDROGENASE_PDH_COMPLEX,6,,,0
REACTOME_REGULATION_OF_RAS_BY_GAPS,8,,,0
REACTOME_REGULATION_OF_RUNX1_EXPRESSION_AND_ACTIVITY,6,,,0
REACTOME_REGULATION_OF_RUNX2_EXPRESSION_AND_ACTIVITY,6,,,0
REACTOME_REGULATION_OF_RUNX3_EXPRESSION_AND_ACTIVITY,3,,,0
REACTOME_REGULATION_OF_SIGNALING_BY_CBL,9,,,0
REACTOME_REGULATION_OF_SIGNALING_BY_NODAL,0,,,0
REACTOME_REGULATION_OF_TLR_BY_ENDOGENOUS_LIGAND,4,,,0
REACTOME_REGULATION_OF_TNFR1_SIGNALING,7,,,0
REACTOME_REGULATION_OF_TP53_ACTIVITY,37,0.8963960409164429,0.8963960409164429,1
REACTOME_REGULATION_OF_TP53_ACTIVITY_THROUGH_ACETYLATION,8,,,0
REACTOME_REGULATION_OF_TP53_ACTIVITY_THROUGH_ASSOCIATION_WITH_CO_FACTORS,0,,,0
REACTOME_REGULATION_OF_TP53_ACTIVITY_THROUGH_METHYLATION,6,,,0
REACTOME_REGULATION_OF_TP53_ACTIVITY_THROUGH_PHOSPHORYLATION,23,0.8811863660812378,0.8811863660812378,1
REACTOME_REGULATION_OF_TP53_EXPRESSION_AND_DEGRADATION,6,,,0
REACTOME_RELAXIN_RECEPTORS,1,,,0
REACTOME_RELEASE_OF_APOPTOTIC_FACTORS_FROM_THE_MITOCHONDRIA,0,,,0
REACTOME_RELEASE_OF_HH_NP_FROM_THE_SECRETING_CELL,0,,,0
REACTOME_REMOVAL_OF_AMINOTERMINAL_PROPEPTIDES_FROM_GAMMA_CARBOXYLATED_PROTEINS,1,,,0
REACTOME_REPRESSION_OF_WNT_TARGET_GENES,6,,,0
REACTOME_REPRODUCTION,27,0.8745984435081482,0.8745984435081482,1
REACTOME_RESOLUTION_OF_ABASIC_SITES_AP_SITES,18,0.8063571453094482,0.8063571453094482,1
REACTOME_RESOLUTION_OF_AP_SITES_VIA_THE_MULTIPLE_NUCLEOTIDE_PATCH_REPLACEMENT_PATHWAY,13,0.8160390257835388,0.8160390257835388,1
REACTOME_RESOLUTION_OF_D_LOOP_STRUCTURES,7,,,0
REACTOME_RESOLUTION_OF_D_LOOP_STRUCTURES_THROUGH_SYNTHESIS_DEPENDENT_STRAND_ANNEALING_SDSA,6,,,0
REACTOME_RESOLUTION_OF_SISTER_CHROMATID_COHESION,33,0.8207270503044128,0.8207270503044128,1
REACTOME_RESPIRATORY_ELECTRON_TRANSPORT,15,0.8649485111236572,0.8649485111236572,1
REACTOME_RESPIRATORY_ELECTRON_TRANSPORT_ATP_SYNTHESIS_BY_CHEMIOSMOTIC_COUPLING_AND_HEAT_PRODUCTION_BY_UNCOUPLING_PROTEINS,15,0.8636299967765808,0.8636299967765808,1
REACTOME_RESPONSE_OF_EIF2AK1_HRI_TO_HEME_DEFICIENCY,3,,,0
REACTOME_RESPONSE_OF_EIF2AK4_GCN2_TO_AMINO_ACID_DEFICIENCY,8,,,0
REACTOME_RESPONSE_OF_MTB_TO_PHAGOCYTOSIS,5,,,0
REACTOME_RESPONSE_TO_ELEVATED_PLATELET_CYTOSOLIC_CA2,38,0.798662006855011,0.798662006855011,1
REACTOME_RESPONSE_TO_METAL_IONS,4,,,0
REACTOME_RETINOID_CYCLE_DISEASE_EVENTS,1,,,0
REACTOME_RETROGRADE_NEUROTROPHIN_SIGNALLING,1,,,0
REACTOME_RETROGRADE_TRANSPORT_AT_THE_TRANS_GOLGI_NETWORK,13,0.8776375651359558,0.8776375651359558,1
REACTOME_RET_SIGNALING,7,,,0
REACTOME_REVERSIBLE_HYDRATION_OF_CARBON_DIOXIDE,5,,,0
REACTOME_RHOA_GTPASE_CYCLE,33,0.8463481068611145,0.8463481068611145,1
REACTOME_RHOBTB1_GTPASE_CYCLE,4,,,0
REACTOME_RHOBTB2_GTPASE_CYCLE,5,,,0
REACTOME_RHOBTB3_ATPASE_CYCLE,2,,,0
REACTOME_RHOBTB_GTPASE_CYCLE,7,,,0
REACTOME_RHOB_GTPASE_CYCLE,14,0.829468846321106,0.829468846321106,1
REACTOME_RHOC_GTPASE_CYCLE,16,0.9083050489425659,0.9083050489425659,1
REACTOME_RHOD_GTPASE_CYCLE,10,0.8136200904846191,0.8136200904846191,1
REACTOME_RHOF_GTPASE_CYCLE,10,0.8824198246002197,0.8824198246002197,1
REACTOME_RHOG_GTPASE_CYCLE,13,0.8732208013534546,0.8732208013534546,1
REACTOME_RHOH_GTPASE_CYCLE,5,,,0
REACTOME_RHOJ_GTPASE_CYCLE,10,0.8979196548461914,0.8979196548461914,1
REACTOME_RHOQ_GTPASE_CYCLE,11,0.9675456881523132,0.9675456881523132,1
REACTOME_RHOT1_GTPASE_CYCLE,2,,,0
REACTOME_RHOU_GTPASE_CYCLE,10,0.9268948435783386,0.9268948435783386,1
REACTOME_RHOV_GTPASE_CYCLE,12,0.7592775225639343,0.7592775225639343,1
REACTOME_RHO_GTPASES_ACTIVATE_CIT,2,,,0
REACTOME_RHO_GTPASES_ACTIVATE_FORMINS,33,0.8720746040344238,0.8720746040344238,1
REACTOME_RHO_GTPASES_ACTIVATE_IQGAPS,5,,,0
REACTOME_RHO_GTPASES_ACTIVATE_KTN1,2,,,0
REACTOME_RHO_GTPASES_ACTIVATE_NADPH_OXIDASES,4,,,0
REACTOME_RHO_GTPASES_ACTIVATE_PAKS,3,,,0
REACTOME_RHO_GTPASES_ACTIVATE_PKNS,2,,,0
REACTOME_RHO_GTPASES_ACTIVATE_RHOTEKIN_AND_RHOPHILINS,1,,,0
REACTOME_RHO_GTPASES_ACTIVATE_ROCKS,1,,,0
REACTOME_RHO_GTPASES_ACTIVATE_WASPS_AND_WAVES,6,,,0
REACTOME_RHO_GTPASE_CYCLE,95,0.8856827020645142,0.8856827020645142,1
REACTOME_RHO_GTPASE_EFFECTORS,52,0.8272442817687988,0.8272442817687988,1
REACTOME_RIPK1_MEDIATED_REGULATED_NECROSIS,11,0.8381442427635193,0.8381442427635193,1
REACTOME_RIP_MEDIATED_NFKB_ACTIVATION_VIA_ZBP1,4,,,0
REACTOME_RMTS_METHYLATE_HISTONE_ARGININES,11,0.9395491480827332,0.9395491480827332,1
REACTOME_RNA_POLYMERASE_III_CHAIN_ELONGATION,5,,,0
REACTOME_RNA_POLYMERASE_III_TRANSCRIPTION,14,0.7576635479927063,0.7576635479927063,1
REACTOME_RNA_POLYMERASE_III_TRANSCRIPTION_INITIATION_FROM_TYPE_1_PROMOTER,10,0.8650485873222351,0.8650485873222351,1
REACTOME_RNA_POLYMERASE_III_TRANSCRIPTION_INITIATION_FROM_TYPE_3_PROMOTER,10,0.8285053372383118,0.8285053372383118,1
REACTOME_RNA_POLYMERASE_III_TRANSCRIPTION_TERMINATION,5,,,0
REACTOME_RNA_POLYMERASE_II_TRANSCRIBES_SNRNA_GENES,23,0.832772433757782,0.832772433757782,1
REACTOME_RNA_POLYMERASE_II_TRANSCRIPTION,394,0.882522702217102,0.882522702217102,1
REACTOME_RNA_POLYMERASE_II_TRANSCRIPTION_TERMINATION,19,0.9315195083618164,0.9315195083618164,1
REACTOME_RNA_POLYMERASE_I_PROMOTER_ESCAPE,9,,,0
REACTOME_RNA_POLYMERASE_I_TRANSCRIPTION,15,0.8755542039871216,0.8755542039871216,1
REACTOME_RNA_POLYMERASE_I_TRANSCRIPTION_INITIATION,15,0.8627334237098694,0.8627334237098694,1
REACTOME_RNA_POLYMERASE_I_TRANSCRIPTION_TERMINATION,9,,,0
REACTOME_RND1_GTPASE_CYCLE,8,,,0
REACTOME_RND2_GTPASE_CYCLE,7,,,0
REACTOME_RND3_GTPASE_CYCLE,8,,,0
REACTOME_ROBO_RECEPTORS_BIND_AKAP5,3,,,0
REACTOME_ROLE_OF_ABL_IN_ROBO_SLIT_SIGNALING,2,,,0
REACTOME_ROLE_OF_LAT2_NTAL_LAB_ON_CALCIUM_MOBILIZATION,6,,,0
REACTOME_ROLE_OF_PHOSPHOLIPIDS_IN_PHAGOCYTOSIS,8,,,0
REACTOME_ROLE_OF_SECOND_MESSENGERS_IN_NETRIN_1_SIGNALING,2,,,0
REACTOME_RORA_ACTIVATES_GENE_EXPRESSION,4,,,0
REACTOME_ROS_AND_RNS_PRODUCTION_IN_PHAGOCYTES,7,,,0
REACTOME_RRNA_MODIFICATION_IN_THE_MITOCHONDRION,1,,,0
REACTOME_RRNA_MODIFICATION_IN_THE_NUCLEUS_AND_CYTOSOL,19,0.8834569454193115,0.8834569454193115,1
REACTOME_RRNA_PROCESSING,40,0.9292455911636353,0.9292455911636353,1
REACTOME_RRNA_PROCESSING_IN_THE_MITOCHONDRION,1,,,0
REACTOME_RSK_ACTIVATION,1,,,0
REACTOME_RUNX1_AND_FOXP3_CONTROL_THE_DEVELOPMENT_OF_REGULATORY_T_LYMPHOCYTES_TREGS,7,,,0
REACTOME_RUNX1_INTERACTS_WITH_CO_FACTORS_WHOSE_PRECISE_EFFECT_ON_RUNX1_TARGETS_IS_NOT_KNOWN,10,0.927403450012207,0.927403450012207,1
REACTOME_RUNX1_REGULATES_ESTROGEN_RECEPTOR_MEDIATED_TRANSCRIPTION,1,,,0
REACTOME_RUNX1_REGULATES_EXPRESSION_OF_COMPONENTS_OF_TIGHT_JUNCTIONS,1,,,0
REACTOME_RUNX1_REGULATES_GENES_INVOLVED_IN_MEGAKARYOCYTE_DIFFERENTIATION_AND_PLATELET_FUNCTION,13,0.8795281648635864,0.8795281648635864,1
REACTOME_RUNX1_REGULATES_TRANSCRIPTION_OF_GENES_INVOLVED_IN_BCR_SIGNALING,2,,,0
REACTOME_RUNX1_REGULATES_TRANSCRIPTION_OF_GENES_INVOLVED_IN_DIFFERENTIATION_OF_HSCS,13,0.8880268335342407,0.8880268335342407,1
REACTOME_RUNX1_REGULATES_TRANSCRIPTION_OF_GENES_INVOLVED_IN_DIFFERENTIATION_OF_KERATINOCYTES,3,,,0
REACTOME_RUNX1_REGULATES_TRANSCRIPTION_OF_GENES_INVOLVED_IN_DIFFERENTIATION_OF_MYELOID_CELLS,2,,,0
REACTOME_RUNX1_REGULATES_TRANSCRIPTION_OF_GENES_INVOLVED_IN_INTERLEUKIN_SIGNALING,0,,,0
REACTOME_RUNX1_REGULATES_TRANSCRIPTION_OF_GENES_INVOLVED_IN_WNT_SIGNALING,1,,,0
REACTOME_RUNX2_REGULATES_BONE_DEVELOPMENT,7,,,0
REACTOME_RUNX2_REGULATES_CHONDROCYTE_MATURATION,1,,,0
REACTOME_RUNX2_REGULATES_GENES_INVOLVED_IN_CELL_MIGRATION,0,,,0
REACTOME_RUNX2_REGULATES_OSTEOBLAST_DIFFERENTIATION,6,,,0
REACTOME_RUNX3_REGULATES_BCL2L11_BIM_TRANSCRIPTION,3,,,0
REACTOME_RUNX3_REGULATES_CDKN1A_TRANSCRIPTION,1,,,0
REACTOME_RUNX3_REGULATES_IMMUNE_RESPONSE_AND_CELL_MIGRATION,2,,,0
REACTOME_RUNX3_REGULATES_NOTCH_SIGNALING,1,,,0
REACTOME_RUNX3_REGULATES_P14_ARF,3,,,0
REACTOME_RUNX3_REGULATES_WNT_SIGNALING,4,,,0
REACTOME_RUNX3_REGULATES_YAP1_MEDIATED_TRANSCRIPTION,0,,,0
REACTOME_SARS_COV_1_INFECTION,12,0.7055245637893677,0.7055245637893677,1
REACTOME_SARS_COV_2_INFECTION,19,0.8545502424240112,0.8545502424240112,1
REACTOME_SARS_COV_INFECTIONS,39,0.8530020713806152,0.8530020713806152,1
REACTOME_SCAVENGING_BY_CLASS_A_RECEPTORS,5,,,0
REACTOME_SCAVENGING_BY_CLASS_B_RECEPTORS,1,,,0
REACTOME_SCAVENGING_BY_CLASS_F_RECEPTORS,2,,,0
REACTOME_SCAVENGING_OF_HEME_FROM_PLASMA,4,,,0
REACTOME_SCF_SKP2_MEDIATED_DEGRADATION_OF_P27_P21,8,,,0
REACTOME_SEALING_OF_THE_NUCLEAR_ENVELOPE_NE_BY_ESCRT_III,4,,,0
REACTOME_SELECTIVE_AUTOPHAGY,16,0.8140140175819397,0.8140140175819397,1
REACTOME_SELENOAMINO_ACID_METABOLISM,12,0.8140324354171753,0.8140324354171753,1
REACTOME_SEMA3A_PAK_DEPENDENT_AXON_REPULSION,3,,,0
REACTOME_SEMA3A_PLEXIN_REPULSION_SIGNALING_BY_INHIBITING_INTEGRIN_ADHESION,2,,,0
REACTOME_SEMA4D_INDUCED_CELL_MIGRATION_AND_GROWTH_CONE_COLLAPSE,4,,,0
REACTOME_SEMA4D_IN_SEMAPHORIN_SIGNALING,4,,,0
REACTOME_SEMA4D_MEDIATED_INHIBITION_OF_CELL_ATTACHMENT_AND_MIGRATION,1,,,0
REACTOME_SEMAPHORIN_INTERACTIONS,10,0.9080383777618408,0.9080383777618408,1
REACTOME_SENESCENCE_ASSOCIATED_SECRETORY_PHENOTYPE_SASP,19,0.8324680924415588,0.8324680924415588,1
REACTOME_SENSING_OF_DNA_DOUBLE_STRAND_BREAKS,0,,,0
REACTOME_SENSORY_PERCEPTION,33,0.8433030247688293,0.8433030247688293,1
REACTOME_SENSORY_PERCEPTION_OF_SALTY_TASTE,0,,,0
REACTOME_SENSORY_PERCEPTION_OF_TASTE,4,,,0
REACTOME_SENSORY_PROCESSING_OF_SOUND,9,,,0
REACTOME_SENSORY_PROCESSING_OF_SOUND_BY_OUTER_HAIR_CELLS_OF_THE_COCHLEA,6,,,0
REACTOME_SEPARATION_OF_SISTER_CHROMATIDS,44,0.8466915488243103,0.8466915488243103,1
REACTOME_SERINE_BIOSYNTHESIS,2,,,0
REACTOME_SEROTONIN_AND_MELATONIN_BIOSYNTHESIS,0,,,0
REACTOME_SEROTONIN_NEUROTRANSMITTER_RELEASE_CYCLE,2,,,0
REACTOME_SEROTONIN_RECEPTORS,0,,,0
REACTOME_SHC1_EVENTS_IN_EGFR_SIGNALING,3,,,0
REACTOME_SHC1_EVENTS_IN_ERBB2_SIGNALING,5,,,0
REACTOME_SHC1_EVENTS_IN_ERBB4_SIGNALING,2,,,0
REACTOME_SHC_MEDIATED_CASCADE_FGFR1,3,,,0
REACTOME_SHC_MEDIATED_CASCADE_FGFR3,2,,,0
REACTOME_SHC_MEDIATED_CASCADE_FGFR4,2,,,0
REACTOME_SHC_RELATED_EVENTS_TRIGGERED_BY_IGF1R,1,,,0
REACTOME_SIALIC_ACID_METABOLISM,10,0.7818818688392639,0.7818818688392639,1
REACTOME_SIGNALING_BY_ACTIVIN,2,,,0
REACTOME_SIGNALING_BY_ALK,4,,,0
REACTOME_SIGNALING_BY_ALK_IN_CANCER,10,0.9345077872276306,0.9345077872276306,1
REACTOME_SIGNALING_BY_BMP,4,,,0
REACTOME_SIGNALING_BY_BRAF_AND_RAF1_FUSIONS,15,0.7833003997802734,0.7833003997802734,1
REACTOME_SIGNALING_BY_CSF3_G_CSF,6,,,0
REACTOME_SIGNALING_BY_CTNNB1_PHOSPHO_SITE_MUTANTS,1,,,0
REACTOME_SIGNALING_BY_CYTOSOLIC_FGFR1_FUSION_MUTANTS,5,,,0
REACTOME_SIGNALING_BY_EGFR,11,0.8534627556800842,0.8534627556800842,1
REACTOME_SIGNALING_BY_EGFR_IN_CANCER,7,,,0
REACTOME_SIGNALING_BY_ERBB2,13,0.845058023929596,0.845058023929596,1
REACTOME_SIGNALING_BY_ERBB2_ECD_MUTANTS,5,,,0
REACTOME_SIGNALING_BY_ERBB2_IN_CANCER,7,,,0
REACTOME_SIGNALING_BY_ERBB4,14,0.7954942584037781,0.7954942584037781,1
REACTOME_SIGNALING_BY_ERYTHROPOIETIN,10,0.8504430055618286,0.8504430055618286,1
REACTOME_SIGNALING_BY_FGFR,18,0.9435523748397827,0.9435523748397827,1
REACTOME_SIGNALING_BY_FGFR1,9,,,0
REACTOME_SIGNALING_BY_FGFR1_IN_DISEASE,8,,,0
REACTOME_SIGNALING_BY_FGFR2,16,0.8380621075630188,0.8380621075630188,1
REACTOME_SIGNALING_BY_FGFR2_IIIA_TM,4,,,0
REACTOME_SIGNALING_BY_FGFR2_IN_DISEASE,9,,,0
REACTOME_SIGNALING_BY_FGFR3,8,,,0
REACTOME_SIGNALING_BY_FGFR3_FUSIONS_IN_CANCER,2,,,0
REACTOME_SIGNALING_BY_FGFR4,7,,,0
REACTOME_SIGNALING_BY_FGFR4_IN_DISEASE,3,,,0
REACTOME_SIGNALING_BY_FGFR_IN_DISEASE,13,0.936456024646759,0.936456024646759,1
REACTOME_SIGNALING_BY_FLT3_FUSION_PROTEINS,9,,,0
REACTOME_SIGNALING_BY_FLT3_ITD_AND_TKD_MUTANTS,4,,,0
REACTOME_SIGNALING_BY_GPCR,148,0.7180049419403076,0.7180049419403076,1
REACTOME_SIGNALING_BY_HEDGEHOG,22,0.887588620185852,0.887588620185852,1
REACTOME_SIGNALING_BY_HIPPO,2,,,0
REACTOME_SIGNALING_BY_INSULIN_RECEPTOR,16,0.7767825126647949,0.7767825126647949,1
REACTOME_SIGNALING_BY_INTERLEUKINS,122,0.8526836037635803,0.8526836037635803,1
REACTOME_SIGNALING_BY_KIT_IN_DISEASE,6,,,0
REACTOME_SIGNALING_BY_LEPTIN,4,,,0
REACTOME_SIGNALING_BY_LRP5_MUTANTS,1,,,0
REACTOME_SIGNALING_BY_MAPK_MUTANTS,1,,,0
REACTOME_SIGNALING_BY_MEMBRANE_TETHERED_FUSIONS_OF_PDGFRA_OR_PDGFRB,0,,,0
REACTOME_SIGNALING_BY_MET,10,0.8794088959693909,0.8794088959693909,1
REACTOME_SIGNALING_BY_MODERATE_KINASE_ACTIVITY_BRAF_MUTANTS,8,,,0
REACTOME_SIGNALING_BY_MRAS_COMPLEX_MUTANTS,1,,,0
REACTOME_SIGNALING_BY_MST1,1,,,0
REACTOME_SIGNALING_BY_NODAL,2,,,0
REACTOME_SIGNALING_BY_NOTCH,35,0.8813485503196716,0.8813485503196716,1
REACTOME_SIGNALING_BY_NOTCH1,17,0.8275673985481262,0.8275673985481262,1
REACTOME_SIGNALING_BY_NOTCH1_HD_DOMAIN_MUTANTS_IN_CANCER,3,,,0
REACTOME_SIGNALING_BY_NOTCH1_PEST_DOMAIN_MUTANTS_IN_CANCER,12,0.9016526341438293,0.9016526341438293,1
REACTOME_SIGNALING_BY_NOTCH1_T_7_9_NOTCH1_M1580_K2555_TRANSLOCATION_MUTANT,0,,,0
REACTOME_SIGNALING_BY_NOTCH2,6,,,0
REACTOME_SIGNALING_BY_NOTCH3,7,,,0
REACTOME_SIGNALING_BY_NOTCH4,6,,,0
REACTOME_SIGNALING_BY_NTRK2_TRKB,4,,,0
REACTOME_SIGNALING_BY_NTRK3_TRKC,3,,,0
REACTOME_SIGNALING_BY_NTRKS,27,0.8319947719573975,0.8319947719573975,1
REACTOME_SIGNALING_BY_NUCLEAR_RECEPTORS,69,0.9052632451057434,0.9052632451057434,1
REACTOME_SIGNALING_BY_PDGF,18,0.8118128776550293,0.8118128776550293,1
REACTOME_SIGNALING_BY_PDGFRA_TRANSMEMBRANE_JUXTAMEMBRANE_AND_KINASE_DOMAIN_MUTANTS,4,,,0
REACTOME_SIGNALING_BY_PDGFR_IN_DISEASE,4,,,0
REACTOME_SIGNALING_BY_PTK6,17,0.8900651335716248,0.8900651335716248,1
REACTOME_SIGNALING_BY_RECEPTOR_TYROSINE_KINASES,112,0.8691519498825073,0.8691519498825073,1
REACTOME_SIGNALING_BY_RETINOIC_ACID,11,0.9383665323257446,0.9383665323257446,1
REACTOME_SIGNALING_BY_RHO_GTPASES_MIRO_GTPASES_AND_RHOBTB3,143,0.8677012920379639,0.8677012920379639,1
REACTOME_SIGNALING_BY_RNF43_MUTANTS,0,,,0
REACTOME_SIGNALING_BY_ROBO_RECEPTORS,29,0.921953558921814,0.921953558921814,1
REACTOME_SIGNALING_BY_SCF_KIT,11,0.946504533290863,0.946504533290863,1
REACTOME_SIGNALING_BY_TGFB_FAMILY_MEMBERS,26,0.8491657376289368,0.8491657376289368,1
REACTOME_SIGNALING_BY_TGF_BETA_RECEPTOR_COMPLEX,22,0.8102624416351318,0.8102624416351318,1
REACTOME_SIGNALING_BY_TGF_BETA_RECEPTOR_COMPLEX_IN_CANCER,2,,,0
REACTOME_SIGNALING_BY_THE_B_CELL_RECEPTOR_BCR,24,0.8894803524017334,0.8894803524017334,1
REACTOME_SIGNALING_BY_TYPE_1_INSULIN_LIKE_GROWTH_FACTOR_1_RECEPTOR_IGF1R,11,0.9030773043632507,0.9030773043632507,1
REACTOME_SIGNALING_BY_VEGF,25,0.8751818537712097,0.8751818537712097,1
REACTOME_SIGNALING_BY_WNT,53,0.8925591111183167,0.8925591111183167,1
REACTOME_SIGNALING_BY_WNT_IN_CANCER,5,,,0
REACTOME_SIGNALLING_TO_ERKS,5,,,0
REACTOME_SIGNALLING_TO_P38_VIA_RIT_AND_RIN,1,,,0
REACTOME_SIGNALLING_TO_RAS,2,,,0
REACTOME_SIGNAL_AMPLIFICATION,9,,,0
REACTOME_SIGNAL_ATTENUATION,1,,,0
REACTOME_SIGNAL_REGULATORY_PROTEIN_FAMILY_INTERACTIONS,2,,,0
REACTOME_SIGNAL_TRANSDUCTION_BY_L1,4,,,0
REACTOME_SIRT1_NEGATIVELY_REGULATES_RRNA_EXPRESSION,3,,,0
REACTOME_SLBP_DEPENDENT_PROCESSING_OF_REPLICATION_DEPENDENT_HISTONE_PRE_MRNAS,0,,,0
REACTOME_SLC_MEDIATED_TRANSMEMBRANE_TRANSPORT,36,0.8519739508628845,0.8519739508628845,1
REACTOME_SLC_TRANSPORTER_DISORDERS,19,0.8998696208000183,0.8998696208000183,1
REACTOME_SMAC_XIAP_REGULATED_APOPTOTIC_RESPONSE,1,,,0
REACTOME_SMAD2_SMAD3_SMAD4_HETEROTRIMER_REGULATES_TRANSCRIPTION,10,0.82659912109375,0.82659912109375,1
REACTOME_SMALL_INTERFERING_RNA_SIRNA_BIOGENESIS,2,,,0
REACTOME_SMOOTH_MUSCLE_CONTRACTION,7,,,0
REACTOME_SNRNP_ASSEMBLY,12,0.8897992372512817,0.8897992372512817,1
REACTOME_SODIUM_CALCIUM_EXCHANGERS,0,,,0
REACTOME_SODIUM_COUPLED_PHOSPHATE_COTRANSPORTERS,0,,,0
REACTOME_SODIUM_COUPLED_SULPHATE_DI_AND_TRI_CARBOXYLATE_TRANSPORTERS,0,,,0
REACTOME_SODIUM_PROTON_EXCHANGERS,0,,,0
REACTOME_SOS_MEDIATED_SIGNALLING,2,,,0
REACTOME_SPERM_MOTILITY_AND_TAXES,2,,,0
REACTOME_SPHINGOLIPID_DE_NOVO_BIOSYNTHESIS,7,,,0
REACTOME_SPHINGOLIPID_METABOLISM,14,0.9021904468536377,0.9021904468536377,1
REACTOME_SPRY_REGULATION_OF_FGF_SIGNALING,3,,,0
REACTOME_SRP_DEPENDENT_COTRANSLATIONAL_PROTEIN_TARGETING_TO_MEMBRANE,9,,,0
REACTOME_STABILIZATION_OF_P53,5,,,0
REACTOME_STAT3_NUCLEAR_EVENTS_DOWNSTREAM_OF_ALK_SIGNALING,0,,,0
REACTOME_STAT5_ACTIVATION,2,,,0
REACTOME_STAT5_ACTIVATION_DOWNSTREAM_OF_FLT3_ITD_MUTANTS,2,,,0
REACTOME_STIMULI_SENSING_CHANNELS,11,0.861128568649292,0.861128568649292,1
REACTOME_STING_MEDIATED_INDUCTION_OF_HOST_IMMUNE_RESPONSES,1,,,0
REACTOME_STRIATED_MUSCLE_CONTRACTION,6,,,0
REACTOME_SULFIDE_OXIDATION_TO_SULFATE,1,,,0
REACTOME_SULFUR_AMINO_ACID_METABOLISM,7,,,0
REACTOME_SUMOYLATION,52,0.8545526266098022,0.8545526266098022,1
REACTOME_SUMOYLATION_OF_CHROMATIN_ORGANIZATION_PROTEINS,20,0.8413248658180237,0.8413248658180237,1
REACTOME_SUMOYLATION_OF_DNA_DAMAGE_RESPONSE_AND_REPAIR_PROTEINS,26,0.8787931799888611,0.8787931799888611,1
REACTOME_SUMOYLATION_OF_DNA_METHYLATION_PROTEINS,6,,,0
REACTOME_SUMOYLATION_OF_DNA_REPLICATION_PROTEINS,12,0.8392474055290222,0.8392474055290222,1
REACTOME_SUMOYLATION_OF_IMMUNE_RESPONSE_PROTEINS,2,,,0
REACTOME_SUMOYLATION_OF_INTRACELLULAR_RECEPTORS,8,,,0
REACTOME_SUMOYLATION_OF_RNA_BINDING_PROTEINS,16,0.8729298710823059,0.8729298710823059,1
REACTOME_SUMOYLATION_OF_SUMOYLATION_PROTEINS,10,0.8330706357955933,0.8330706357955933,1
REACTOME_SUMOYLATION_OF_TRANSCRIPTION_COFACTORS,14,0.9081262350082397,0.9081262350082397,1
REACTOME_SUMOYLATION_OF_TRANSCRIPTION_FACTORS,3,,,0
REACTOME_SUMOYLATION_OF_UBIQUITINYLATION_PROTEINS,10,0.8974502086639404,0.8974502086639404,1
REACTOME_SUMO_IS_CONJUGATED_TO_E1_UBA2_SAE1,1,,,0
REACTOME_SUMO_IS_PROTEOLYTICALLY_PROCESSED,1,,,0
REACTOME_SUMO_IS_TRANSFERRED_FROM_E1_TO_E2_UBE2I_UBC9,1,,,0
REACTOME_SUPPRESSION_OF_APOPTOSIS,0,,,0
REACTOME_SUPPRESSION_OF_PHAGOSOMAL_MATURATION,4,,,0
REACTOME_SURFACTANT_METABOLISM,3,,,0
REACTOME_SWITCHING_OF_ORIGINS_TO_A_POST_REPLICATIVE_STATE,19,0.9072157144546509,0.9072157144546509,1
REACTOME_SYNAPTIC_ADHESION_LIKE_MOLECULES,5,,,0
REACTOME_SYNDECAN_INTERACTIONS,4,,,0
REACTOME_SYNTHESIS_OF_12_EICOSATETRAENOIC_ACID_DERIVATIVES,2,,,0
REACTOME_SYNTHESIS_OF_15_EICOSATETRAENOIC_ACID_DERIVATIVES,1,,,0
REACTOME_SYNTHESIS_OF_16_20_HYDROXYEICOSATETRAENOIC_ACIDS_HETE,1,,,0
REACTOME_SYNTHESIS_OF_5_EICOSATETRAENOIC_ACIDS,2,,,0
REACTOME_SYNTHESIS_OF_ACTIVE_UBIQUITIN_ROLES_OF_E1_AND_E2_ENZYMES,7,,,0
REACTOME_SYNTHESIS_OF_BILE_ACIDS_AND_BILE_SALTS,6,,,0
REACTOME_SYNTHESIS_OF_BILE_ACIDS_AND_BILE_SALTS_VIA_24_HYDROXYCHOLESTEROL,2,,,0
REACTOME_SYNTHESIS_OF_BILE_ACIDS_AND_BILE_SALTS_VIA_27_HYDROXYCHOLESTEROL,1,,,0
REACTOME_SYNTHESIS_OF_BILE_ACIDS_AND_BILE_SALTS_VIA_7ALPHA_HYDROXYCHOLESTEROL,2,,,0
REACTOME_SYNTHESIS_OF_DIPHTHAMIDE_EEF2,3,,,0
REACTOME_SYNTHESIS_OF_DNA,31,0.8411667943000793,0.8411667943000793,1
REACTOME_SYNTHESIS_OF_DOLICHYL_PHOSPHATE,2,,,0
REACTOME_SYNTHESIS_OF_EPOXY_EET_AND_DIHYDROXYEICOSATRIENOIC_ACIDS_DHET,2,,,0
REACTOME_SYNTHESIS_OF_GDP_MANNOSE,1,,,0
REACTOME_SYNTHESIS_OF_GLYCOSYLPHOSPHATIDYLINOSITOL_GPI,7,,,0
REACTOME_SYNTHESIS_OF_IP2_IP_AND_INS_IN_THE_CYTOSOL,5,,,0
REACTOME_SYNTHESIS_OF_IP3_AND_IP4_IN_THE_CYTOSOL,6,,,0
REACTOME_SYNTHESIS_OF_KETONE_BODIES,2,,,0
REACTOME_SYNTHESIS_OF_LEUKOTRIENES_LT_AND_EOXINS_EX,1,,,0
REACTOME_SYNTHESIS_OF_LIPOXINS_LX,3,,,0
REACTOME_SYNTHESIS_OF_PA,7,,,0
REACTOME_SYNTHESIS_OF_PC,7,,,0
REACTOME_SYNTHESIS_OF_PE,3,,,0
REACTOME_SYNTHESIS_OF_PG,1,,,0
REACTOME_SYNTHESIS_OF_PI,2,,,0
REACTOME_SYNTHESIS_OF_PIPS_AT_THE_EARLY_ENDOSOME_MEMBRANE,4,,,0
REACTOME_SYNTHESIS_OF_PIPS_AT_THE_ER_MEMBRANE,2,,,0
REACTOME_SYNTHESIS_OF_PIPS_AT_THE_GOLGI_MEMBRANE,4,,,0
REACTOME_SYNTHESIS_OF_PIPS_AT_THE_LATE_ENDOSOME_MEMBRANE,2,,,0
REACTOME_SYNTHESIS_OF_PIPS_AT_THE_PLASMA_MEMBRANE,19,0.9170397520065308,0.9170397520065308,1
REACTOME_SYNTHESIS_OF_PROSTAGLANDINS_PG_AND_THROMBOXANES_TX,4,,,0
REACTOME_SYNTHESIS_OF_PYROPHOSPHATES_IN_THE_CYTOSOL,2,,,0
REACTOME_SYNTHESIS_OF_SUBSTRATES_IN_N_GLYCAN_BIOSYTHESIS,16,0.8482950925827026,0.8482950925827026,1
REACTOME_SYNTHESIS_OF_UDP_N_ACETYL_GLUCOSAMINE,1,,,0
REACTOME_SYNTHESIS_OF_VERY_LONG_CHAIN_FATTY_ACYL_COAS,5,,,0
REACTOME_SYNTHESIS_OF_WYBUTOSINE_AT_G37_OF_TRNA_PHE,2,,,0
REACTOME_SYNTHESIS_SECRETION_AND_DEACYLATION_OF_GHRELIN,4,,,0
REACTOME_SYNTHESIS_SECRETION_AND_INACTIVATION_OF_GLUCAGON_LIKE_PEPTIDE_1_GLP_1,2,,,0
REACTOME_SYNTHESIS_SECRETION_AND_INACTIVATION_OF_GLUCOSE_DEPENDENT_INSULINOTROPIC_POLYPEPTIDE_GIP,2,,,0
REACTOME_S_PHASE,46,0.8922649621963501,0.8922649621963501,1
REACTOME_TACHYKININ_RECEPTORS_BIND_TACHYKININS,0,,,0
REACTOME_TAK1_ACTIVATES_NFKB_BY_PHOSPHORYLATION_AND_ACTIVATION_OF_IKKS_COMPLEX,9,,,0
REACTOME_TANDEM_PORE_DOMAIN_POTASSIUM_CHANNELS,0,,,0
REACTOME_TBC_RABGAPS,7,,,0
REACTOME_TCF_DEPENDENT_SIGNALING_IN_RESPONSE_TO_WNT,28,0.8381624817848206,0.8381624817848206,1
REACTOME_TCR_SIGNALING,31,0.8536145091056824,0.8536145091056824,1
REACTOME_TELOMERE_C_STRAND_LAGGING_STRAND_SYNTHESIS,17,0.8614497184753418,0.8614497184753418,1
REACTOME_TELOMERE_C_STRAND_SYNTHESIS_INITIATION,6,,,0
REACTOME_TELOMERE_EXTENSION_BY_TELOMERASE,7,,,0
REACTOME_TELOMERE_MAINTENANCE,26,0.8790949583053589,0.8790949583053589,1
REACTOME_TERMINAL_PATHWAY_OF_COMPLEMENT,1,,,0
REACTOME_TERMINATION_OF_O_GLYCAN_BIOSYNTHESIS,6,,,0
REACTOME_TERMINATION_OF_TRANSLESION_DNA_SYNTHESIS,12,0.8249465227127075,0.8249465227127075,1
REACTOME_TETRAHYDROBIOPTERIN_BH4_SYNTHESIS_RECYCLING_SALVAGE_AND_REGULATION,2,,,0
REACTOME_TFAP2A_ACTS_AS_A_TRANSCRIPTIONAL_REPRESSOR_DURING_RETINOIC_ACID_INDUCED_CELL_DIFFERENTIATION,2,,,0
REACTOME_TFAP2_AP_2_FAMILY_REGULATES_TRANSCRIPTION_OF_CELL_CYCLE_FACTORS,2,,,0
REACTOME_TFAP2_AP_2_FAMILY_REGULATES_TRANSCRIPTION_OF_GROWTH_FACTORS_AND_THEIR_RECEPTORS,2,,,0
REACTOME_TGF_BETA_RECEPTOR_SIGNALING_ACTIVATES_SMADS,8,,,0
REACTOME_TGF_BETA_RECEPTOR_SIGNALING_IN_EMT_EPITHELIAL_TO_MESENCHYMAL_TRANSITION,6,,,0
REACTOME_THE_ACTIVATION_OF_ARYLSULFATASES,3,,,0
REACTOME_THE_CANONICAL_RETINOID_CYCLE_IN_RODS_TWILIGHT_VISION,4,,,0
REACTOME_THE_CITRIC_ACID_TCA_CYCLE_AND_RESPIRATORY_ELECTRON_TRANSPORT,28,0.8726556897163391,0.8726556897163391,1
REACTOME_THE_FATTY_ACID_CYCLING_MODEL,0,,,0
REACTOME_THE_NLRP3_INFLAMMASOME,6,,,0
REACTOME_THE_PHOTOTRANSDUCTION_CASCADE,9,,,0
REACTOME_THE_RETINOID_CYCLE_IN_CONES_DAYLIGHT_VISION,0,,,0
REACTOME_THE_ROLE_OF_GTSE1_IN_G2_M_PROGRESSION_AFTER_G2_CHECKPOINT,9,,,0
REACTOME_THE_ROLE_OF_NEF_IN_HIV_1_REPLICATION_AND_DISEASE_PATHOGENESIS,8,,,0
REACTOME_THROMBIN_SIGNALLING_THROUGH_PROTEINASE_ACTIVATED_RECEPTORS_PARS,9,,,0
REACTOME_THROMBOXANE_SIGNALLING_THROUGH_TP_RECEPTOR,9,,,0
REACTOME_THYROXINE_BIOSYNTHESIS,0,,,0
REACTOME_TICAM1_DEPENDENT_ACTIVATION_OF_IRF3_IRF7,4,,,0
REACTOME_TICAM1_RIP1_MEDIATED_IKK_COMPLEX_RECRUITMENT,5,,,0
REACTOME_TICAM1_TRAF6_DEPENDENT_INDUCTION_OF_TAK1_COMPLEX,4,,,0
REACTOME_TIE2_SIGNALING,6,,,0
REACTOME_TIGHT_JUNCTION_INTERACTIONS,7,,,0
REACTOME_TLR3_MEDIATED_TICAM1_DEPENDENT_PROGRAMMED_CELL_DEATH,2,,,0
REACTOME_TNFR1_INDUCED_NFKAPPAB_SIGNALING_PATHWAY,7,,,0
REACTOME_TNFR1_INDUCED_PROAPOPTOTIC_SIGNALING,3,,,0
REACTOME_TNFR1_MEDIATED_CERAMIDE_PRODUCTION,2,,,0
REACTOME_TNFR2_NON_CANONICAL_NF_KB_PATHWAY,25,0.7650188207626343,0.7650188207626343,1
REACTOME_TNFS_BIND_THEIR_PHYSIOLOGICAL_RECEPTORS,15,0.8386437892913818,0.8386437892913818,1
REACTOME_TNF_RECEPTOR_SUPERFAMILY_TNFSF_MEMBERS_MEDIATING_NON_CANONICAL_NF_KB_PATHWAY,8,,,0
REACTOME_TNF_SIGNALING,9,,,0
REACTOME_TOLL_LIKE_RECEPTOR_9_TLR9_CASCADE,27,0.8786088228225708,0.8786088228225708,1
REACTOME_TOLL_LIKE_RECEPTOR_CASCADES,40,0.8996126055717468,0.8996126055717468,1
REACTOME_TOLL_LIKE_RECEPTOR_TLR1_TLR2_CASCADE,29,0.9357415437698364,0.9357415437698364,1
REACTOME_TOXICITY_OF_BOTULINUM_TOXIN_TYPE_D_BOTD,1,,,0
REACTOME_TP53_REGULATES_METABOLIC_GENES,16,0.684971034526825,0.684971034526825,1
REACTOME_TP53_REGULATES_TRANSCRIPTION_OF_ADDITIONAL_CELL_CYCLE_GENES_WHOSE_EXACT_ROLE_IN_THE_P53_PATHWAY_REMAIN_UNCERTAIN,6,,,0
REACTOME_TP53_REGULATES_TRANSCRIPTION_OF_CASPASE_ACTIVATORS_AND_CASPASES,1,,,0
REACTOME_TP53_REGULATES_TRANSCRIPTION_OF_CELL_CYCLE_GENES,14,0.8068574070930481,0.8068574070930481,1
REACTOME_TP53_REGULATES_TRANSCRIPTION_OF_CELL_DEATH_GENES,11,0.8711949586868286,0.8711949586868286,1
REACTOME_TP53_REGULATES_TRANSCRIPTION_OF_DEATH_RECEPTORS_AND_LIGANDS,5,,,0
REACTOME_TP53_REGULATES_TRANSCRIPTION_OF_DNA_REPAIR_GENES,16,0.8729568123817444,0.8729568123817444,1
REACTOME_TP53_REGULATES_TRANSCRIPTION_OF_GENES_INVOLVED_IN_CYTOCHROME_C_RELEASE,4,,,0
REACTOME_TP53_REGULATES_TRANSCRIPTION_OF_GENES_INVOLVED_IN_G1_CELL_CYCLE_ARREST,3,,,0
REACTOME_TP53_REGULATES_TRANSCRIPTION_OF_GENES_INVOLVED_IN_G2_CELL_CYCLE_ARREST,5,,,0
REACTOME_TP53_REGULATES_TRANSCRIPTION_OF_SEVERAL_ADDITIONAL_CELL_DEATH_GENES_WHOSE_SPECIFIC_ROLES_IN_P53_DEPENDENT_APOPTOSIS_REMAIN_UNCERTAIN,1,,,0
REACTOME_TRAF3_DEPENDENT_IRF_ACTIVATION_PATHWAY,4,,,0
REACTOME_TRAF6_MEDIATED_INDUCTION_OF_TAK1_COMPLEX_WITHIN_TLR4_COMPLEX,4,,,0
REACTOME_TRAF6_MEDIATED_IRF7_ACTIVATION,3,,,0
REACTOME_TRAF6_MEDIATED_IRF7_ACTIVATION_IN_TLR7_8_OR_9_SIGNALING,4,,,0
REACTOME_TRAF6_MEDIATED_NF_KB_ACTIVATION,8,,,0
REACTOME_TRAFFICKING_AND_PROCESSING_OF_ENDOSOMAL_TLR,3,,,0
REACTOME_TRAFFICKING_OF_AMPA_RECEPTORS,5,,,0
REACTOME_TRAFFICKING_OF_GLUR2_CONTAINING_AMPA_RECEPTORS,1,,,0
REACTOME_TRAFFICKING_OF_MYRISTOYLATED_PROTEINS_TO_THE_CILIUM,0,,,0
REACTOME_TRAIL_SIGNALING,4,,,0
REACTOME_TRANSCRIPTIONAL_ACTIVATION_OF_MITOCHONDRIAL_BIOGENESIS,12,0.792295515537262,0.792295515537262,1
REACTOME_TRANSCRIPTIONAL_ACTIVITY_OF_SMAD2_SMAD3_SMAD4_HETEROTRIMER,14,0.8805932998657227,0.8805932998657227,1
REACTOME_TRANSCRIPTIONAL_REGULATION_BY_E2F6,14,0.85296630859375,0.85296630859375,1
REACTOME_TRANSCRIPTIONAL_REGULATION_BY_MECP2,15,0.7855547666549683,0.7855547666549683,1
REACTOME_TRANSCRIPTIONAL_REGULATION_BY_RUNX1,54,0.8143253922462463,0.8143253922462463,1
REACTOME_TRANSCRIPTIONAL_REGULATION_BY_RUNX2,16,0.8314774632453918,0.8314774632453918,1
REACTOME_TRANSCRIPTIONAL_REGULATION_BY_RUNX3,15,0.8903180360794067,0.8903180360794067,1
REACTOME_TRANSCRIPTIONAL_REGULATION_BY_SMALL_RNAS,14,0.8850765824317932,0.8850765824317932,1
REACTOME_TRANSCRIPTIONAL_REGULATION_BY_THE_AP_2_TFAP2_FAMILY_OF_TRANSCRIPTION_FACTORS,10,0.8987225294113159,0.8987225294113159,1
REACTOME_TRANSCRIPTIONAL_REGULATION_BY_TP53,90,0.8629724383354187,0.8629724383354187,1
REACTOME_TRANSCRIPTIONAL_REGULATION_BY_VENTX,13,0.8041292428970337,0.8041292428970337,1
REACTOME_TRANSCRIPTIONAL_REGULATION_OF_GRANULOPOIESIS,13,0.9386200308799744,0.9386200308799744,1
REACTOME_TRANSCRIPTIONAL_REGULATION_OF_PLURIPOTENT_STEM_CELLS,9,,,0
REACTOME_TRANSCRIPTIONAL_REGULATION_OF_TESTIS_DIFFERENTIATION,2,,,0
REACTOME_TRANSCRIPTIONAL_REGULATION_OF_WHITE_ADIPOCYTE_DIFFERENTIATION,22,0.8637500405311584,0.8637500405311584,1
REACTOME_TRANSCRIPTION_COUPLED_NUCLEOTIDE_EXCISION_REPAIR_TC_NER,25,0.8870342373847961,0.8870342373847961,1
REACTOME_TRANSCRIPTION_OF_E2F_TARGETS_UNDER_NEGATIVE_CONTROL_BY_DREAM_COMPLEX,9,,,0
REACTOME_TRANSCRIPTION_OF_E2F_TARGETS_UNDER_NEGATIVE_CONTROL_BY_P107_RBL1_AND_P130_RBL2_IN_COMPLEX_WITH_HDAC1,7,,,0
REACTOME_TRANSCRIPTION_OF_THE_HIV_GENOME,15,0.8972635269165039,0.8972635269165039,1
REACTOME_TRANSFERRIN_ENDOCYTOSIS_AND_RECYCLING,6,,,0
REACTOME_TRANSLATION,52,0.9397254586219788,0.9397254586219788,1
REACTOME_TRANSLATION_OF_REPLICASE_AND_ASSEMBLY_OF_THE_REPLICATION_TRANSCRIPTION_COMPLEX,2,,,0
REACTOME_TRANSLATION_OF_SARS_COV_1_STRUCTURAL_PROTEINS,9,,,0
REACTOME_TRANSLATION_OF_SARS_COV_2_STRUCTURAL_PROTEINS,16,0.7616990804672241,0.7616990804672241,1
REACTOME_TRANSLESION_SYNTHESIS_BY_POLH,9,,,0
REACTOME_TRANSLESION_SYNTHESIS_BY_POLK,7,,,0
REACTOME_TRANSLESION_SYNTHESIS_BY_Y_FAMILY_DNA_POLYMERASES_BYPASSES_LESIONS_ON_DNA_TEMPLATE,13,0.8725582361221313,0.8725582361221313,1
REACTOME_TRANSLOCATION_OF_SLC2A4_GLUT4_TO_THE_PLASMA_MEMBRANE,13,0.8649585843086243,0.8649585843086243,1
REACTOME_TRANSMISSION_ACROSS_CHEMICAL_SYNAPSES,44,0.904011070728302,0.904011070728302,1
REACTOME_TRANSPORT_AND_SYNTHESIS_OF_PAPS,2,,,0
REACTOME_TRANSPORT_OF_BILE_SALTS_AND_ORGANIC_ACIDS_METAL_IONS_AND_AMINE_COMPOUNDS,11,0.8435270190238953,0.8435270190238953,1
REACTOME_TRANSPORT_OF_CONNEXONS_TO_THE_PLASMA_MEMBRANE,3,,,0
REACTOME_TRANSPORT_OF_FATTY_ACIDS,2,,,0
REACTOME_TRANSPORT_OF_INORGANIC_CATIONS_ANIONS_AND_AMINO_ACIDS_OLIGOPEPTIDES,11,0.8414837121963501,0.8414837121963501,1
REACTOME_TRANSPORT_OF_MATURE_MRNAS_DERIVED_FROM_INTRONLESS_TRANSCRIPTS,11,0.8794142007827759,0.8794142007827759,1
REACTOME_TRANSPORT_OF_MATURE_TRANSCRIPT_TO_CYTOPLASM,21,0.8433443307876587,0.8433443307876587,1
REACTOME_TRANSPORT_OF_NUCLEOSIDES_AND_FREE_PURINE_AND_PYRIMIDINE_BASES_ACROSS_THE_PLASMA_MEMBRANE,1,,,0
REACTOME_TRANSPORT_OF_NUCLEOTIDE_SUGARS,3,,,0
REACTOME_TRANSPORT_OF_ORGANIC_ANIONS,3,,,0
REACTOME_TRANSPORT_OF_SMALL_MOLECULES,125,0.8726902008056641,0.8726902008056641,1
REACTOME_TRANSPORT_OF_THE_SLBP_DEPENDANT_MATURE_MRNA,9,,,0
REACTOME_TRANSPORT_OF_VITAMINS_NUCLEOSIDES_AND_RELATED_MOLECULES,9,,,0
REACTOME_TRANSPORT_TO_THE_GOLGI_AND_SUBSEQUENT_MODIFICATION,33,0.8318135738372803,0.8318135738372803,1
REACTOME_TRANS_GOLGI_NETWORK_VESICLE_BUDDING,16,0.48848631978034973,0.48848631978034973,1
REACTOME_TRIF_MEDIATED_PROGRAMMED_CELL_DEATH,2,,,0
REACTOME_TRIGLYCERIDE_BIOSYNTHESIS,3,,,0
REACTOME_TRIGLYCERIDE_CATABOLISM,5,,,0
REACTOME_TRIGLYCERIDE_METABOLISM,8,,,0
REACTOME_TRISTETRAPROLIN_TTP_ZFP36_BINDS_AND_DESTABILIZES_MRNA,4,,,0
REACTOME_TRNA_AMINOACYLATION,7,,,0
REACTOME_TRNA_MODIFICATION_IN_THE_MITOCHONDRION,3,,,0
REACTOME_TRNA_MODIFICATION_IN_THE_NUCLEUS_AND_CYTOSOL,10,0.8430859446525574,0.8430859446525574,1
REACTOME_TRNA_PROCESSING,34,0.8903185725212097,0.8903185725212097,1
REACTOME_TRNA_PROCESSING_IN_THE_MITOCHONDRION,1,,,0
REACTOME_TRNA_PROCESSING_IN_THE_NUCLEUS,21,0.8602227568626404,0.8602227568626404,1
REACTOME_TRP_CHANNELS,3,,,0
REACTOME_TRYPTOPHAN_CATABOLISM,5,,,0
REACTOME_TYPE_I_HEMIDESMOSOME_ASSEMBLY,0,,,0
REACTOME_TYROSINE_CATABOLISM,1,,,0
REACTOME_TYSND1_CLEAVES_PEROXISOMAL_PROTEINS,2,,,0
REACTOME_UBIQUINOL_BIOSYNTHESIS,5,,,0
REACTOME_UB_SPECIFIC_PROCESSING_PROTEASES,33,0.8876383900642395,0.8876383900642395,1
REACTOME_UCH_PROTEINASES,18,0.8613457083702087,0.8613457083702087,1
REACTOME_UNBLOCKING_OF_NMDA_RECEPTORS_GLUTAMATE_BINDING_AND_ACTIVATION,4,,,0
REACTOME_UNFOLDED_PROTEIN_RESPONSE_UPR,22,0.8816227912902832,0.8816227912902832,1
REACTOME_UNWINDING_OF_DNA,4,,,0
REACTOME_UPTAKE_AND_ACTIONS_OF_BACTERIAL_TOXINS,6,,,0
REACTOME_UPTAKE_AND_FUNCTION_OF_ANTHRAX_TOXINS,1,,,0
REACTOME_UPTAKE_AND_FUNCTION_OF_DIPHTHERIA_TOXIN,2,,,0
REACTOME_UREA_CYCLE,1,,,0
REACTOME_VASOPRESSIN_LIKE_RECEPTORS,3,,,0
REACTOME_VASOPRESSIN_REGULATES_RENAL_WATER_HOMEOSTASIS_VIA_AQUAPORINS,14,0.9558094143867493,0.9558094143867493,1
REACTOME_VEGFR2_MEDIATED_CELL_PROLIFERATION,5,,,0
REACTOME_VEGFR2_MEDIATED_VASCULAR_PERMEABILITY,5,,,0
REACTOME_VEGF_LIGAND_RECEPTOR_INTERACTIONS,0,,,0
REACTOME_VESICLE_MEDIATED_TRANSPORT,131,0.8321207165718079,0.8321207165718079,1
REACTOME_VIRAL_MESSENGER_RNA_SYNTHESIS,13,0.9389136433601379,0.9389136433601379,1
REACTOME_VISUAL_PHOTOTRANSDUCTION,20,0.9327220320701599,0.9327220320701599,1
REACTOME_VITAMINS,1,,,0
REACTOME_VITAMIN_B1_THIAMIN_METABOLISM,1,,,0
REACTOME_VITAMIN_B2_RIBOFLAVIN_METABOLISM,1,,,0
REACTOME_VITAMIN_B5_PANTOTHENATE_METABOLISM,5,,,0
REACTOME_VITAMIN_C_ASCORBATE_METABOLISM,3,,,0
REACTOME_VITAMIN_D_CALCIFEROL_METABOLISM,1,,,0
REACTOME_VLDLR_INTERNALISATION_AND_DEGRADATION,1,,,0
REACTOME_VLDL_ASSEMBLY,0,,,0
REACTOME_VLDL_CLEARANCE,1,,,0
REACTOME_VOLTAGE_GATED_POTASSIUM_CHANNELS,2,,,0
REACTOME_VXPX_CARGO_TARGETING_TO_CILIUM,1,,,0
REACTOME_WAX_AND_PLASMALOGEN_BIOSYNTHESIS,2,,,0
REACTOME_WNT5A_DEPENDENT_INTERNALIZATION_OF_FZD2_FZD5_AND_ROR2,0,,,0
REACTOME_WNT5A_DEPENDENT_INTERNALIZATION_OF_FZD4,1,,,0
REACTOME_WNT_LIGAND_BIOGENESIS_AND_TRAFFICKING,2,,,0
REACTOME_WNT_MEDIATED_ACTIVATION_OF_DVL,2,,,0
REACTOME_XENOBIOTICS,0,,,0
REACTOME_YAP1_AND_WWTR1_TAZ_STIMULATED_GENE_EXPRESSION,0,,,0
REACTOME_ZBP1_DAI_MEDIATED_INDUCTION_OF_TYPE_I_IFNS,5,,,0
REACTOME_ZINC_EFFLUX_AND_COMPARTMENTALIZATION_BY_THE_SLC30_FAMILY,1,,,0
REACTOME_ZINC_INFLUX_INTO_CELLS_BY_THE_SLC39_GENE_FAMILY,4,,,0
REACTOME_ZINC_TRANSPORTERS,5,,,0
