pathway,n_genes,n_tested,median_member,median_reference,effect,pvalue,qvalue,sign
REACTOME_INTERFERON_ALPHA_BETA_SIGNALING,18,18,0.8926638960838318,-5.758402403444052e-05,0.8927214801078662,3.449572320205726e-11,2.907989465933427e-08,1
REACTOME_INTERFERON_SIGNALING,49,49,0.016132935881614685,-6.660149665549397e-05,0.01619953737827018,5.397612623188342e-07,0.00022750937206738862,1
REACTOME_MRNA_SPLICING,44,44,-0.016643280163407326,6.476975977420807e-05,-0.016708049923181534,3.312930301885028e-05,0.006982000611222697,-1
REACTOME_TRANSLATION,52,52,-0.011906769126653671,6.476975977420807e-05,-0.01197153888642788,2.8330828402214987e-05,0.006982000611222697,-1
REACTOME_EUKARYOTIC_TRANSLATION_INITIATION,14,14,-0.03063132055103779,2.8627924621105194e-05,-0.030659948475658894,4.80191357773184e-05,0.008096026292055882,-1
REACTOME_ACTIVATION_OF_THE_MRNA_UPON_BINDING_OF_THE_CAP_BINDING_COMPLEX_AND_EIFS_AND_SUBSEQUENT_BINDING_TO_43S,6,6,-0.256639689207077,1.0591000318527222e-05,-0.25665028020739555,0.0002183740930557778,0.026298480063717242,-1
REACTOME_PROCESSING_OF_CAPPED_INTRON_CONTAINING_PRE_MRNA,56,56,-0.008904166519641876,7.363385520875454e-05,-0.00897780037485063,0.00021331355509465876,0.026298480063717242,-1
REACTOME_PEPTIDE_LIGAND_BINDING_RECEPTORS,56,56,0.003037162940017879,-6.859377026557922e-05,0.0031057567102834582,0.0015120992890776718,0.15933746258655967,1
REACTOME_INACTIVATION_OF_CSF3_G_CSF_SIGNALING,5,5,0.11426340043544769,-8.604023605585098e-06,0.11427200445905328,0.004438374247860541,0.1796657784290649,1
REACTOME_REGULATION_BY_C_FLIP,6,6,0.07135377824306488,-1.4012097381055355e-05,0.07136779034044594,0.0034020138408392664,0.1796657784290649,1
REACTOME_REGULATED_NECROSIS,15,15,0.06423664838075638,-1.6200414393097162e-05,0.06425284879514948,0.0022963716972776824,0.1796657784290649,1
REACTOME_PD_1_SIGNALING,12,12,-0.060143232345581055,1.0591000318527222e-05,-0.06015382334589958,0.0026137455158451828,0.1796657784290649,-1
REACTOME_MRNA_EDITING,5,5,0.04468692094087601,-1.6200414393097162e-05,0.044703121355269104,0.0044756599608663855,0.1796657784290649,1
REACTOME_ATTENUATION_PHASE,14,14,0.040041608735919,-1.838873140513897e-05,0.04005999746732414,0.004063653900398668,0.1796657784290649,1
REACTOME_RESPIRATORY_ELECTRON_TRANSPORT,15,15,-0.01789594441652298,2.56379134953022e-05,-0.017921582330018282,0.004298304510433455,0.1796657784290649,-1
REACTOME_RESPIRATORY_ELECTRON_TRANSPORT_ATP_SYNTHESIS_BY_CHEMIOSMOTIC_COUPLING_AND_HEAT_PRODUCTION_BY_UNCOUPLING_PROTEINS,15,15,-0.01789594441652298,2.56379134953022e-05,-0.017921582330018282,0.004298304510433455,0.1796657784290649,-1
REACTOME_NEGATIVE_REGULATION_OF_FLT3,6,6,0.017758212983608246,-1.838873140513897e-05,0.017776601715013385,0.0037574968186993955,0.1796657784290649,1
REACTOME_THE_CITRIC_ACID_TCA_CYCLE_AND_RESPIRATORY_ELECTRON_TRANSPORT,28,28,-0.00990583747625351,3.487616777420044e-05,-0.00994071364402771,0.0038528362942098337,0.1796657784290649,-1
REACTOME_APOPTOSIS,33,33,0.007132411003112793,-2.9971706680953503e-05,0.0071623827097937465,0.0038889725737877344,0.1796657784290649,1
REACTOME_METABOLISM_OF_RNA,150,150,-0.005624612793326378,9.734451305121183e-05,-0.00572195730637759,0.0029438353640812835,0.1796657784290649,-1
REACTOME_CYTOKINE_SIGNALING_IN_IMMUNE_SYSTEM,191,191,0.0018872320652008057,-0.00010292441584169865,0.0019901564810425043,0.002873822637730511,0.1796657784290649,1
REACTOME_MITOCHONDRIAL_IRON_SULFUR_CLUSTER_BIOGENESIS,5,5,-0.03431486338376999,9.017996490001678e-06,-0.03432388138025999,0.004976568885900299,0.19069307140063418,-1
REACTOME_HSF1_DEPENDENT_TRANSACTIVATION,16,16,0.021279724780470133,-1.838873140513897e-05,0.021298113511875272,0.005686619828464833,0.20842697893025453,1
REACTOME_EUKARYOTIC_TRANSLATION_ELONGATION,5,5,-0.15507254004478455,6.387708708643913e-06,-0.1550789277534932,0.006797872622621433,0.21604479322066333,-1
REACTOME_HSF1_ACTIVATION,15,15,0.03719291090965271,-1.6200414393097162e-05,0.03720911132404581,0.006421246679600859,0.21604479322066333,1
REACTOME_SIGNALING_BY_KIT_IN_DISEASE,6,6,-0.03536776453256607,1.0591000318527222e-05,-0.0353783555328846,0.006919584124505231,0.21604479322066333,-1
REACTOME_INFLAMMASOMES,7,7,0.013973623514175415,-1.6200414393097162e-05,0.013989823928568512,0.0064713073262686,0.21604479322066333,1
REACTOME_REGULATION_OF_TP53_EXPRESSION_AND_DEGRADATION,6,6,0.05268572084605694,-1.4012097381055355e-05,0.052699732943437994,0.0072822716841045255,0.21792219213822264,1
REACTOME_ASSEMBLY_OF_THE_HIV_VIRION,5,5,0.039412178099155426,-8.604023605585098e-06,0.03942078212276101,0.007496730215905642,0.21792219213822264,1
REACTOME_SIGNALING_BY_NTRKS,27,27,-0.006257336586713791,3.0124676413834095e-05,-0.006287461263127625,0.007888410053644468,0.21966092244440322,-1
REACTOME_GPCR_LIGAND_BINDING,92,92,0.0018872320652008057,-7.56862573325634e-05,0.001962918322533369,0.008077685166994662,0.21966092244440322,1
REACTOME_RIPK1_MEDIATED_REGULATED_NECROSIS,11,11,0.06098747253417969,-8.604023605585098e-06,0.06099607655778527,0.009334119675783788,0.2316193171021677,1
REACTOME_APOPTOTIC_CLEAVAGE_OF_CELLULAR_PROTEINS,9,9,0.018201708793640137,-1.6200414393097162e-05,0.018217909208033234,0.009616460377907319,0.2316193171021677,1
REACTOME_ANTIVIRAL_MECHANISM_BY_IFN_STIMULATED_GENES,17,17,0.013992276042699814,-8.604023605585098e-06,0.014000880066305399,0.008935971842270934,0.2316193171021677,1
REACTOME_THE_PHOTOTRANSDUCTION_CASCADE,9,9,0.006335096433758736,-2.1446205209940672e-05,0.006356542638968676,0.009464808351935177,0.2316193171021677,1
REACTOME_CLASS_A_1_RHODOPSIN_LIKE_RECEPTORS,74,74,0.0018872320652008057,-6.460922304540873e-05,0.0019518412882462144,0.010335182900880296,0.24201553292894692,1
REACTOME_RNA_POLYMERASE_II_TRANSCRIPTION_TERMINATION,19,19,-0.005995331332087517,3.0124676413834095e-05,-0.006025456008501351,0.011847523350215243,0.26591853806247556,-1
REACTOME_CELLULAR_RESPONSE_TO_HEAT_STRESS,33,33,0.003427945077419281,-1.6200414393097162e-05,0.003444145491812378,0.011986838014678614,0.26591853806247556,1
REACTOME_CASPASE_ACTIVATION_VIA_EXTRINSIC_APOPTOTIC_SIGNALLING_PATHWAY,10,10,0.05300199240446091,-1.4012097381055355e-05,0.05301600450184196,0.012706682366214084,0.2712391638286903,1
REACTOME_SIGNALLING_TO_ERKS,5,5,-0.012427577748894691,9.017996490001678e-06,-0.012436595745384693,0.012870185709546397,0.2712391638286903,-1
REACTOME_INTERFERON_GAMMA_SIGNALING,24,24,0.005653151543810964,-3.543973434716463e-05,0.005688591278158128,0.014618723404275079,0.3005752153610705,1
REACTOME_THE_NLRP3_INFLAMMASOME,6,6,0.02459835261106491,-1.4012097381055355e-05,0.024612364708445966,0.01590629484801358,0.3160768798991715,1
REACTOME_COMPLEX_I_BIOGENESIS,9,9,-0.01789594441652298,1.6619451344013214e-05,-0.017912563867866993,0.016872431311343673,0.3160768798991715,-1
REACTOME_RRNA_PROCESSING,40,40,-0.0068593816831707954,3.1621428206562996e-05,-0.0068910031113773584,0.016192410904088076,0.3160768798991715,-1
REACTOME_PROGRAMMED_CELL_DEATH,38,38,0.0053128121653571725,-1.838873140513897e-05,0.0053312008967623115,0.01687179735402364,0.3160768798991715,1
REACTOME_CHEMOKINE_RECEPTORS_BIND_CHEMOKINES,35,35,0.006096605211496353,-4.342047031968832e-05,0.0061400256818160415,0.018230902047320547,0.33410109621502654,1
REACTOME_CYTOSOLIC_SENSORS_OF_PATHOGEN_ASSOCIATED_DNA,13,13,0.002236615866422653,-2.1446205209940672e-05,0.002258062071632594,0.019774346963590178,0.35467605298524507,1
REACTOME_PEXOPHAGY,5,5,0.00761064887046814,-1.6200414393097162e-05,0.007626849284861237,0.020445218915815706,0.3590691572090133,1
REACTOME_MRNA_SPLICING_MINOR_PATHWAY,14,14,-0.016643280163407326,2.2647902369499207e-05,-0.016665928065776825,0.022218516855365505,0.36019634055909844,-1
REACTOME_GPVI_MEDIATED_ACTIVATION_CASCADE,10,10,-0.010076645761728287,7.444992661476135e-06,-0.010084090754389763,0.021750034442438643,0.36019634055909844,-1
REACTOME_EPH_EPHRIN_MEDIATED_REPULSION_OF_CELLS,8,8,-0.008679008344188333,1.0591000318527222e-05,-0.00868959934450686,0.021880933885941624,0.36019634055909844,-1
REACTOME_SIGNALING_BY_ROBO_RECEPTORS,29,29,-0.005059707909822464,2.56379134953022e-05,-0.005085345823317766,0.02185248797143066,0.36019634055909844,-1
REACTOME_ANTIGEN_ACTIVATES_B_CELL_RECEPTOR_BCR_LEADING_TO_GENERATION_OF_SECOND_MESSENGERS,12,12,-0.009261302649974823,1.0591000318527222e-05,-0.00927189365029335,0.022732135710516643,0.3615696302635006,-1
REACTOME_IRAK4_DEFICIENCY_TLR2_4,6,6,-0.10315418685786426,7.444992661476135e-06,-0.10316163185052574,0.026501536580765827,0.39853721263050074,-1
REACTOME_SRP_DEPENDENT_COTRANSLATIONAL_PROTEIN_TARGETING_TO_MEMBRANE,9,9,-0.0889682024717331,6.387708708643913e-06,-0.08897459018044174,0.02582045808923451,0.39853721263050074,-1
REACTOME_ERYTHROCYTES_TAKE_UP_CARBON_DIOXIDE_AND_RELEASE_OXYGEN,5,5,0.026235394179821014,-8.604023605585098e-06,0.0262439982034266,0.027892877277816776,0.39853721263050074,1
REACTOME_ERYTHROCYTES_TAKE_UP_OXYGEN_AND_RELEASE_CARBON_DIOXIDE,5,5,0.026235394179821014,-8.604023605585098e-06,0.0262439982034266,0.027892877277816776,0.39853721263050074,1
REACTOME_GENERATION_OF_SECOND_MESSENGER_MOLECULES,17,17,-0.023636966943740845,6.387708708643913e-06,-0.02364335465244949,0.027552782581380247,0.39853721263050074,-1
REACTOME_SIGNALING_BY_ERYTHROPOIETIN,10,10,-0.008779209107160568,2.2647902369499207e-05,-0.008801857009530067,0.026858485037865042,0.39853721263050074,-1
REACTOME_INTRINSIC_PATHWAY_FOR_APOPTOSIS,10,10,0.014883466064929962,-1.4012097381055355e-05,0.014897478162311018,0.02999399292065531,0.41084373562577364,1
REACTOME_TIE2_SIGNALING,6,6,-0.013836774975061417,7.444992661476135e-06,-0.013844219967722893,0.029769243653258275,0.41084373562577364,-1
REACTOME_CHOLESTEROL_BIOSYNTHESIS,11,11,-0.01341499388217926,1.6619451344013214e-05,-0.013431613333523273,0.030216265253615617,0.41084373562577364,-1
REACTOME_RUNX1_AND_FOXP3_CONTROL_THE_DEVELOPMENT_OF_REGULATORY_T_LYMPHOCYTES_TREGS,7,7,0.005714010680094361,-2.1446205209940672e-05,0.005735456885304302,0.033113677884301335,0.4430925469280321,1
REACTOME_INFECTION_WITH_MYCOBACTERIUM_TUBERCULOSIS,6,6,0.07185352966189384,-3.1959498301148415e-06,0.07185672561172396,0.03424559190648062,0.4510786558931744,1
REACTOME_FERTILIZATION,5,5,-0.013780586421489716,6.387708708643913e-06,-0.01378697413019836,0.03519045606399395,0.45639314556841387,-1
REACTOME_P75NTR_SIGNALS_VIA_NF_KB,5,5,0.0761587917804718,-8.604023605585098e-06,0.07616739580407739,0.041731489721777,0.4568785173436105,1
REACTOME_CASPASE_ACTIVATION_VIA_DEATH_RECEPTORS_IN_THE_PRESENCE_OF_LIGAND,7,7,0.06098747253417969,-8.604023605585098e-06,0.06099607655778527,0.03953447821712287,0.4568785173436105,1
REACTOME_RAF_INDEPENDENT_MAPK1_3_ACTIVATION,6,6,-0.028062800876796246,7.444992661476135e-06,-0.02807024586945772,0.03825226622672126,0.4568785173436105,-1
REACTOME_CYTOSOLIC_SULFONATION_OF_SMALL_MOLECULES,6,6,-0.014560984447598457,7.444992661476135e-06,-0.014568429440259933,0.0414824247162166,0.4568785173436105,-1
REACTOME_NEGATIVE_REGULATION_OF_MAPK_PATHWAY,12,12,-0.011530155315995216,1.0591000318527222e-05,-0.011540746316313744,0.03664989455486324,0.4568785173436105,-1
REACTOME_ERCC6_CSB_AND_EHMT2_G9A_POSITIVELY_REGULATE_RRNA_EXPRESSION,6,6,-0.01048866007477045,1.0591000318527222e-05,-0.010499251075088978,0.04016365516912125,0.4568785173436105,-1
REACTOME_ERYTHROPOIETIN_ACTIVATES_PHOSPHOINOSITIDE_3_KINASE_PI3K,6,6,-0.008779209107160568,1.0591000318527222e-05,-0.008789800107479095,0.040758621191676274,0.4568785173436105,-1
REACTOME_NUCLEOTIDE_BINDING_DOMAIN_LEUCINE_RICH_REPEAT_CONTAINING_RECEPTOR_NLR_SIGNALING_PATHWAYS,16,16,0.008045278489589691,-1.4012097381055355e-05,0.008059290586970747,0.03869535567762366,0.4568785173436105,1
REACTOME_SYNTHESIS_OF_ACTIVE_UBIQUITIN_ROLES_OF_E1_AND_E2_ENZYMES,7,7,0.0068401917815208435,-1.6200414393097162e-05,0.006856392195913941,0.037268667980262044,0.4568785173436105,1
REACTOME_REGULATION_OF_HSF1_MEDIATED_HEAT_SHOCK_RESPONSE,29,29,0.003427945077419281,-8.604023605585098e-06,0.003436549101024866,0.04101064262927238,0.4568785173436105,1
REACTOME_AUTOPHAGY,30,30,0.0032765386858955026,-2.4503679014742374e-05,0.003301042364910245,0.041389915025317484,0.4568785173436105,1
REACTOME_TRANSCRIPTIONAL_REGULATION_BY_RUNX1,54,54,0.0018872320652008057,-5.318049807101488e-05,0.0019404125632718205,0.04120729944351047,0.4568785173436105,1
REACTOME_VISUAL_PHOTOTRANSDUCTION,20,20,0.0018872320652008057,-2.4503679014742374e-05,0.001911735744215548,0.042602421486917785,0.4604338629932268,1
REACTOME_DEATH_RECEPTOR_SIGNALLING,40,40,0.0018872320652008057,-3.543973434716463e-05,0.0019226717995479703,0.04338810022438336,0.462989474546268,1
REACTOME_SIGNALING_BY_CSF3_G_CSF,6,6,0.09521109610795975,-3.1959498301148415e-06,0.09521429205778986,0.050833654414710404,0.490911186018446,1
REACTOME_ADVANCED_GLYCOSYLATION_ENDPRODUCT_RECEPTOR_SIGNALING,5,5,-0.08632365614175797,6.387708708643913e-06,-0.08633004385046661,0.04828187774463782,0.490911186018446,-1
REACTOME_O_GLYCOSYLATION_OF_TSR_DOMAIN_CONTAINING_PROTEINS,6,6,-0.018219232326373458,7.444992661476135e-06,-0.018226677319034934,0.04808554354372501,0.490911186018446,-1
REACTOME_HIV_ELONGATION_ARREST_AND_RECOVERY,7,7,-0.016716474667191505,9.017996490001678e-06,-0.016725492663681507,0.050927844149263275,0.490911186018446,-1
REACTOME_TRYPTOPHAN_CATABOLISM,5,5,0.013938494957983494,-8.604023605585098e-06,0.013947098981589079,0.05341346986522573,0.490911186018446,1
REACTOME_SELENOAMINO_ACID_METABOLISM,12,12,-0.01252472959458828,7.444992661476135e-06,-0.012532174587249756,0.05299248793736558,0.490911186018446,-1
REACTOME_TRANSPORT_OF_MATURE_TRANSCRIPT_TO_CYTOPLASM,21,21,-0.006744109094142914,3.0124676413834095e-05,-0.006774233770556748,0.0495136718177743,0.490911186018446,-1
REACTOME_TP53_REGULATES_TRANSCRIPTION_OF_GENES_INVOLVED_IN_G2_CELL_CYCLE_ARREST,5,5,-0.005853518843650818,9.017996490001678e-06,-0.0058625368401408195,0.05324903865983105,0.490911186018446,-1
REACTOME_IRON_UPTAKE_AND_TRANSPORT,15,15,0.00550025817938149,-2.1446205209940672e-05,0.00552170438459143,0.050392744659929316,0.490911186018446,1
REACTOME_DISEASES_OF_METABOLISM,47,47,-0.0037592370063066483,3.695732448250055e-05,-0.003796194330789149,0.05242928936094594,0.490911186018446,-1
REACTOME_CYCLIN_D_ASSOCIATED_EVENTS_IN_G1,17,17,0.0028315484523773193,-8.604023605585098e-06,0.0028401524759829044,0.0473349814546071,0.490911186018446,1
REACTOME_TRANSPORT_OF_SMALL_MOLECULES,125,125,0.0018872320652008057,-7.488951086997986e-05,0.0019621215760707855,0.05357512350379245,0.490911186018446,1
REACTOME_G_ALPHA_I_SIGNALLING_EVENTS,79,79,0.0018872320652008057,-6.660149665549397e-05,0.0019538335618562996,0.05305113075882562,0.490911186018446,1
REACTOME_PURINERGIC_SIGNALING_IN_LEISHMANIASIS_INFECTION,9,9,0.010588780045509338,-8.604023605585098e-06,0.010597384069114923,0.05818120126410826,0.5273844372649813,1
REACTOME_DISEASES_OF_GLYCOSYLATION,28,28,-0.0036034404765814543,2.2647902369499207e-05,-0.0036260883789509535,0.05912560004093155,0.530243413133035,-1
REACTOME_FCGR_ACTIVATION,5,5,-0.023636966943740845,6.387708708643913e-06,-0.02364335465244949,0.061541096155063826,0.5311209010924464,-1
REACTOME_DISEASES_OF_IMMUNE_SYSTEM,10,10,-0.011032677022740245,7.444992661476135e-06,-0.011040122015401721,0.06055141967348261,0.5311209010924464,-1
REACTOME_RET_SIGNALING,7,7,-0.008108973503112793,9.017996490001678e-06,-0.008117991499602795,0.06174359229781702,0.5311209010924464,-1
REACTOME_NONSENSE_MEDIATED_DECAY_NMD,13,13,-0.005059707909822464,9.017996490001678e-06,-0.005068725906312466,0.06065084718963513,0.5311209010924464,-1
REACTOME_LATE_ENDOSOMAL_MICROAUTOPHAGY,9,9,0.0197967067360878,-8.604023605585098e-06,0.019805310759693384,0.06239085241176855,0.5312675614456656,1
REACTOME_TP53_REGULATES_METABOLIC_GENES,16,16,-0.006067430600523949,1.0591000318527222e-05,-0.006078021600842476,0.06538507895482949,0.5511962155892126,-1
REACTOME_DOWNREGULATION_OF_ERBB2_ERBB3_SIGNALING,5,5,0.002955969190225005,-8.604023605585098e-06,0.0029645732138305902,0.06691131761186868,0.5584776311564881,1
REACTOME_ABORTIVE_ELONGATION_OF_HIV_1_TRANSCRIPT_IN_THE_ABSENCE_OF_TAT,6,6,-0.0251684682443738,7.444992661476135e-06,-0.025175913237035275,0.06807736248639064,0.5584927115018214,-1
REACTOME_REGULATION_OF_EXPRESSION_OF_SLITS_AND_ROBOS,18,18,-0.0033831801265478134,1.0591000318527222e-05,-0.0033937711268663406,0.06966771619650058,0.5584927115018214,-1
REACTOME_CELLULAR_RESPONSE_TO_CHEMICAL_STRESS,24,24,0.0022048931568861008,-1.838873140513897e-05,0.0022232818882912397,0.06892126048477215,0.5584927115018214,1
REACTOME_SENSORY_PERCEPTION,33,33,0.0018872320652008057,-4.342047031968832e-05,0.001930652535520494,0.07009547669267709,0.5584927115018214,1
REACTOME_SIGNALING_BY_PTK6,17,17,0.0018872320652008057,-2.1446205209940672e-05,0.0019086782704107463,0.07022565530153389,0.5584927115018214,1
REACTOME_RAF_ACTIVATION,5,5,-0.009494556114077568,6.387708708643913e-06,-0.009500943822786212,0.07287416343545886,0.5688233312601094,-1
REACTOME_CYCLIN_A_CDK2_ASSOCIATED_EVENTS_AT_S_PHASE_ENTRY,16,16,0.0029298271983861923,-1.4012097381055355e-05,0.0029438392957672477,0.07268254212461549,0.5688233312601094,1
REACTOME_SIGNALING_BY_NOTCH4,6,6,0.022928424179553986,-3.1959498301148415e-06,0.0229316201293841,0.07606456156375942,0.571183503280868,1
REACTOME_DDX58_IFIH1_MEDIATED_INDUCTION_OF_INTERFERON_ALPHA_BETA,22,22,0.003694504499435425,-1.838873140513897e-05,0.0037128932308405638,0.07569511728836127,0.571183503280868,1
REACTOME_BILE_ACID_AND_BILE_SALT_METABOLISM,6,6,0.0026693791151046753,-1.4012097381055355e-05,0.0026833912124857306,0.07506349777329951,0.571183503280868,1
REACTOME_SYNTHESIS_OF_BILE_ACIDS_AND_BILE_SALTS,6,6,0.0026693791151046753,-1.4012097381055355e-05,0.0026833912124857306,0.07506349777329951,0.571183503280868,1
REACTOME_CELLULAR_RESPONSES_TO_STIMULI,153,153,0.0010253500659018755,-5.2290852181613445e-05,0.001077640918083489,0.07656433673871657,0.571183503280868,1
REACTOME_NEPHRIN_FAMILY_INTERACTIONS,7,7,-0.01070384681224823,9.017996490001678e-06,-0.010712864808738232,0.07899136140129094,0.5768837759231357,-1
REACTOME_DEGRADATION_OF_AXIN,7,7,0.00867839902639389,-8.604023605585098e-06,0.008687003049999475,0.07899136140129094,0.5768837759231357,1
REACTOME_PLATELET_ACTIVATION_SIGNALING_AND_AGGREGATION,68,68,-0.0008933995850384235,5.330424755811691e-06,-0.0008987300097942352,0.07938139739867583,0.5768837759231357,-1
REACTOME_NOTCH1_INTRACELLULAR_DOMAIN_REGULATES_TRANSCRIPTION,14,14,0.004836771870031953,0.0,0.004836771870031953,0.08123956431810919,0.5853414762407355,1
REACTOME_SIGNALING_BY_NOTCH2,6,6,0.03822715231217444,-3.1959498301148415e-06,0.038230348262004554,0.08668594711672258,0.5884648816725321,1
REACTOME_RHOH_GTPASE_CYCLE,5,5,-0.022164801135659218,6.387708708643913e-06,-0.022171188844367862,0.08919575129528705,0.5884648816725321,-1
REACTOME_REGULATION_OF_TP53_ACTIVITY_THROUGH_ACETYLATION,8,8,-0.011025830172002316,7.444992661476135e-06,-0.011033275164663792,0.08935172580555648,0.5884648816725321,-1
REACTOME_TP53_REGULATES_TRANSCRIPTION_OF_DEATH_RECEPTORS_AND_LIGANDS,5,5,0.006719384808093309,-8.604023605585098e-06,0.0067279888316988945,0.08429138785769763,0.5884648816725321,1
REACTOME_HATS_ACETYLATE_HISTONES,26,26,-0.005706002935767174,2.2647902369499207e-05,-0.005728650838136673,0.08870923918334807,0.5884648816725321,-1
REACTOME_TNF_SIGNALING,9,9,0.005625683814287186,-8.604023605585098e-06,0.005634287837892771,0.08582443776496147,0.5884648816725321,1
REACTOME_ABC_FAMILY_PROTEINS_MEDIATED_TRANSPORT,17,17,0.0037135285092517734,-1.6200414393097162e-05,0.0037297289236448705,0.08711660050724308,0.5884648816725321,1
REACTOME_TERMINATION_OF_TRANSLESION_DNA_SYNTHESIS,12,12,0.00254885945469141,-1.4012097381055355e-05,0.0025628715520724654,0.08410808752471989,0.5884648816725321,1
REACTOME_HEME_SIGNALING,14,14,0.0020631523802876472,-1.4012097381055355e-05,0.0020771644776687026,0.0889724669997936,0.5884648816725321,1
REACTOME_ADORA2B_MEDIATED_ANTI_INFLAMMATORY_CYTOKINES_PRODUCTION,26,26,0.0018872320652008057,-5.318049807101488e-05,0.0019404125632718205,0.0846073039121379,0.5884648816725321,1
REACTOME_CYTOPROTECTION_BY_HMOX1,19,19,0.0018872320652008057,-1.6200414393097162e-05,0.0019034324795939028,0.08435724031609274,0.5884648816725321,1
REACTOME_THE_ROLE_OF_GTSE1_IN_G2_M_PROGRESSION_AFTER_G2_CHECKPOINT,9,9,0.0056763384491205215,-1.6200414393097162e-05,0.005692538863513619,0.09150296687946378,0.5933615467645229,1
REACTOME_TRANSLESION_SYNTHESIS_BY_Y_FAMILY_DNA_POLYMERASES_BYPASSES_LESIONS_ON_DNA_TEMPLATE,13,13,0.0018178615719079971,-1.6200414393097162e-05,0.0018340619863010943,0.09084155034229967,0.5933615467645229,1
REACTOME_HEDGEHOG_ON_STATE,11,11,0.0020764184882864356,-2.1446205209940672e-05,0.0020978646934963763,0.0926007983014914,0.5958967402149409,1
REACTOME_MICRORNA_MIRNA_BIOGENESIS,7,7,-0.014648491516709328,6.387708708643913e-06,-0.014654879225417972,0.09451436314328417,0.5959932608966562,-1
REACTOME_RAB_GERANYLGERANYLATION,7,7,-0.010302135720849037,9.017996490001678e-06,-0.010311153717339039,0.09473676982224427,0.5959932608966562,-1
REACTOME_MITOCHONDRIAL_TRANSLATION,24,24,-0.006877891719341278,2.8627924621105194e-05,-0.006906519643962383,0.09361890303541139,0.5959932608966562,-1
REACTOME_AGGREPHAGY,7,7,0.011243924498558044,-8.604023605585098e-06,0.01125252852216363,0.0958551010669389,0.5985618533291073,1
REACTOME_FORMATION_OF_RNA_POL_II_ELONGATION_COMPLEX,16,16,-0.005723293870687485,2.2647902369499207e-05,-0.005745941773056984,0.09691119305880262,0.5993622942712306,-1
REACTOME_CHROMATIN_MODIFYING_ENZYMES,61,61,-0.004663247615098953,3.695732448250055e-05,-0.004700204939581454,0.09740526016033048,0.5993622942712306,-1
REACTOME_REGULATION_OF_TNFR1_SIGNALING,7,7,0.005625683814287186,-8.604023605585098e-06,0.005634287837892771,0.10266995328442387,0.6226674145235203,1
REACTOME_MITOCHONDRIAL_BIOGENESIS,16,16,0.0020631523802876472,-3.1959498301148415e-06,0.002066348330117762,0.10228464741056745,0.6226674145235203,1
REACTOME_SIGNALING_BY_THE_B_CELL_RECEPTOR_BCR,24,24,-0.008118611760437489,1.0591000318527222e-05,-0.008129202760756016,0.10765880608145591,0.6259060243218437,-1
REACTOME_BINDING_AND_UPTAKE_OF_LIGANDS_BY_SCAVENGER_RECEPTORS,11,11,0.007517669815570116,-1.6200414393097162e-05,0.007533870229963213,0.1064504757452795,0.6259060243218437,1
REACTOME_GLUCAGON_TYPE_LIGAND_RECEPTORS,12,12,0.002845729817636311,-2.4503679014742374e-05,0.0028702334966510534,0.1065211691284101,0.6259060243218437,1
REACTOME_DISEASES_ASSOCIATED_WITH_GLYCOSAMINOGLYCAN_METABOLISM,7,7,-0.002322268206626177,6.387708708643913e-06,-0.0023286559153348207,0.10652423395385617,0.6259060243218437,-1
REACTOME_SIGNALING_BY_PDGF,18,18,-0.00214706314727664,1.0591000318527222e-05,-0.002157654147595167,0.10546019872420044,0.6259060243218437,-1
REACTOME_DNA_DAMAGE_BYPASS,16,16,0.0015010952483862638,-1.838873140513897e-05,0.0015194839797914028,0.10723958092485096,0.6259060243218437,1
REACTOME_TRANSCRIPTIONAL_ACTIVATION_OF_MITOCHONDRIAL_BIOGENESIS,12,12,0.0020631523802876472,-3.1959498301148415e-06,0.002066348330117762,0.10849780066834161,0.6264633285165204,1
REACTOME_AUF1_HNRNP_D0_BINDS_AND_DESTABILIZES_MRNA,7,7,0.0761587917804718,-8.604023605585098e-06,0.07616739580407739,0.11745221065951963,0.6336544100945253,1
REACTOME_RESPONSE_OF_MTB_TO_PHAGOCYTOSIS,5,5,0.06754826754331589,-1.5979749150574207e-06,0.06754986551823094,0.11694927345166013,0.6336544100945253,1
REACTOME_CHAPERONE_MEDIATED_AUTOPHAGY,8,8,0.02422012761235237,-3.1959498301148415e-06,0.024223323562182486,0.11442072052426751,0.6336544100945253,1
REACTOME_TCR_SIGNALING,31,31,-0.01070384681224823,9.017996490001678e-06,-0.010712864808738232,0.11690469580279525,0.6336544100945253,-1
REACTOME_MHC_CLASS_II_ANTIGEN_PRESENTATION,32,32,-0.007932538632303476,1.0591000318527222e-05,-0.007943129632622004,0.11493416248993639,0.6336544100945253,-1
REACTOME_POSITIVE_EPIGENETIC_REGULATION_OF_RRNA_EXPRESSION,13,13,-0.007041631266474724,1.6619451344013214e-05,-0.007058250717818737,0.11629843872850826,0.6336544100945253,-1
REACTOME_COSTIMULATION_BY_THE_CD28_FAMILY,25,25,-0.006703674793243408,1.6619451344013214e-05,-0.006720294244587421,0.11801155680289498,0.6336544100945253,-1
REACTOME_HCMV_LATE_EVENTS,13,13,0.005807347595691681,-1.5979749150574207e-06,0.005808945570606738,0.11259247418498895,0.6336544100945253,1
REACTOME_MTOR_SIGNALLING,7,7,-0.005454877391457558,9.017996490001678e-06,-0.005463895387947559,0.11771644560128855,0.6336544100945253,-1
REACTOME_COMPLEMENT_CASCADE,13,13,0.00543801742605865,-2.1446205209940672e-05,0.005459463631268591,0.11362819343658417,0.6336544100945253,1
REACTOME_DNA_DOUBLE_STRAND_BREAK_RESPONSE,8,8,0.003827111446298659,-3.1959498301148415e-06,0.0038303073961287737,0.11154584674632619,0.6336544100945253,1
REACTOME_EPH_EPHRIN_SIGNALING,14,14,-0.0038631707429885864,2.2647902369499207e-05,-0.0038858186453580856,0.12046976522811248,0.6347250755456176,-1
REACTOME_NGF_STIMULATED_TRANSCRIPTION,11,11,-0.0026358235627412796,6.387708708643913e-06,-0.0026422112714499235,0.11984559125720272,0.6347250755456176,-1
REACTOME_VESICLE_MEDIATED_TRANSPORT,131,131,0.0009389221668243408,-4.342047031968832e-05,0.0009823426371440291,0.11898628226258293,0.6347250755456176,1
REACTOME_REGULATION_OF_PTEN_STABILITY_AND_ACTIVITY,8,8,0.005282815545797348,-3.1959498301148415e-06,0.005286011495627463,0.12173608298885379,0.6374131550285947,1
REACTOME_POST_TRANSLATIONAL_PROTEIN_MODIFICATION,301,301,-0.0008494555950164795,5.672778934240341e-05,-0.0009061833843588829,0.12252935011346315,0.637606432997836,-1
REACTOME_RHOU_GTPASE_CYCLE,10,10,-0.007172317709773779,1.0591000318527222e-05,-0.007182908710092306,0.12345870144816967,0.6385011369374665,-1
REACTOME_ATF4_ACTIVATES_GENES_IN_RESPONSE_TO_ENDOPLASMIC_RETICULUM_STRESS,8,8,0.018145136535167694,-3.1959498301148415e-06,0.01814833248499781,0.1252034839688386,0.6435764450349447,1
REACTOME_FCGR3A_MEDIATED_IL10_SYNTHESIS,12,12,-0.006450193701311946,7.444992661476135e-06,-0.006457638693973422,0.12643864038387442,0.6459865081430676,-1
REACTOME_RESPONSE_OF_EIF2AK4_GCN2_TO_AMINO_ACID_DEFICIENCY,8,8,-0.04839531658217311,5.330424755811691e-06,-0.04840064700692892,0.13101841722374183,0.6496972101153786,-1
REACTOME_MRNA_DECAY_BY_5_TO_3_EXORIBONUCLEASE,5,5,0.0225965678691864,-8.604023605585098e-06,0.022605171892791986,0.1302636024271227,0.6496972101153786,1
REACTOME_PKMTS_METHYLATE_HISTONE_LYSINES,9,9,-0.007725946605205536,9.017996490001678e-06,-0.007734964601695538,0.12876406295930534,0.6496972101153786,-1
REACTOME_RNA_POLYMERASE_III_CHAIN_ELONGATION,5,5,0.002236615866422653,-8.604023605585098e-06,0.0022452198900282383,0.12958793757876924,0.6496972101153786,1
REACTOME_RNA_POLYMERASE_III_TRANSCRIPTION_TERMINATION,5,5,0.002236615866422653,-8.604023605585098e-06,0.0022452198900282383,0.12958793757876924,0.6496972101153786,1
REACTOME_ABC_TRANSPORTERS_IN_LIPID_HOMEOSTASIS,8,8,0.0038245277828536928,-1.4012097381055355e-05,0.003838539880234748,0.13209782874601272,0.651219120660168,1
REACTOME_ROLE_OF_PHOSPHOLIPIDS_IN_PHAGOCYTOSIS,8,8,-0.009416048415005207,7.444992661476135e-06,-0.009423493407666683,0.136762343872112,0.6532904665868056,-1
REACTOME_SIGNALING_BY_SCF_KIT,11,11,-0.005817434284836054,9.017996490001678e-06,-0.0058264522813260555,0.13879482862808137,0.6532904665868056,-1
REACTOME_NUCLEAR_RECEPTOR_TRANSCRIPTION_PATHWAY,12,12,-0.005226453300565481,7.444992661476135e-06,-0.005233898293226957,0.14012973022967798,0.6532904665868056,-1
REACTOME_SIGNALING_BY_MODERATE_KINASE_ACTIVITY_BRAF_MUTANTS,8,8,-0.004727758816443384,0.0,-0.004727758816443384,0.1388601888782349,0.6532904665868056,-1
REACTOME_PROCESSING_OF_DNA_DOUBLE_STRAND_BREAK_ENDS,14,14,0.003709795535542071,-3.1959498301148415e-06,0.0037129914853721857,0.1366027818909281,0.6532904665868056,1
REACTOME_OXIDATIVE_STRESS_INDUCED_SENESCENCE,27,27,0.002070225775241852,-2.1446205209940672e-05,0.0020916719804517925,0.13917066119031557,0.6532904665868056,1
REACTOME_CLATHRIN_MEDIATED_ENDOCYTOSIS,27,27,0.0018872320652008057,-2.9971706680953503e-05,0.0019172037718817592,0.13702684731040884,0.6532904665868056,1
REACTOME_TNFS_BIND_THEIR_PHYSIOLOGICAL_RECEPTORS,15,15,0.0018872320652008057,-2.1446205209940672e-05,0.0019086782704107463,0.13379072483792445,0.6532904665868056,1
REACTOME_SARS_COV_1_INFECTION,12,12,0.00131383934058249,-3.1959498301148415e-06,0.0013170352904126048,0.1356703947332179,0.6532904665868056,1
REACTOME_ANTIGEN_PROCESSING_UBIQUITINATION_PROTEASOME_DEGRADATION,64,64,0.0005126750329509377,-3.1959498301148415e-06,0.0005158709827810526,0.14026758535256442,0.6532904665868056,1
REACTOME_GAP_FILLING_DNA_REPAIR_SYNTHESIS_AND_LIGATION_IN_GG_NER,10,10,0.00254885945469141,-1.4012097381055355e-05,0.0025628715520724654,0.14592093140663243,0.6613513181494147,1
REACTOME_REGULATION_OF_TP53_ACTIVITY_THROUGH_PHOSPHORYLATION,23,23,0.002070225775241852,-1.5979749150574207e-06,0.0020718237501569092,0.14413170083125723,0.6613513181494147,1
REACTOME_LEISHMANIA_INFECTION,55,55,0.0018872320652008057,-5.2290852181613445e-05,0.0019395229173824191,0.14524970690807076,0.6613513181494147,1
REACTOME_SIGNALING_BY_HEDGEHOG,22,22,0.0018872320652008057,-3.543973434716463e-05,0.0019226717995479703,0.14510341443840075,0.6613513181494147,1
REACTOME_AMYLOID_FIBER_FORMATION,13,13,0.001013876695651561,-8.604023605585098e-06,0.0010224807192571461,0.14395885934481545,0.6613513181494147,1
REACTOME_RNA_POLYMERASE_III_TRANSCRIPTION_INITIATION_FROM_TYPE_3_PROMOTER,10,10,0.0016325403412338346,-3.1959498301148415e-06,0.0016357362910639495,0.1472330865366225,0.6637299034779293,1
REACTOME_SIGNALING_BY_NOTCH3,7,7,0.003614798770286143,-8.604023605585098e-06,0.003623402793891728,0.1498936126477677,0.6721293375641925,1
REACTOME_G_ALPHA_S_SIGNALLING_EVENTS,26,26,0.0018872320652008057,-5.140120629221201e-05,0.0019386332714930177,0.1508406898075685,0.6727973624750277,1
REACTOME_APC_C_CDC20_MEDIATED_DEGRADATION_OF_CYCLIN_B,8,8,0.004547453485429287,-1.4012097381055355e-05,0.004561465582810342,0.15242405722196392,0.6728505289118832,1
REACTOME_DEACTIVATION_OF_THE_BETA_CATENIN_TRANSACTIVATING_COMPLEX,12,12,0.001665414310991764,-1.4012097381055355e-05,0.0016794264083728194,0.15244893359687986,0.6728505289118832,1
REACTOME_CELLULAR_SENESCENCE,44,44,0.0019379649311304092,-2.4503679014742374e-05,0.0019624686101451516,0.15609052182672872,0.6853349473954808,1
REACTOME_A_TETRASACCHARIDE_LINKER_SEQUENCE_IS_REQUIRED_FOR_GAG_SYNTHESIS,6,6,-0.008923695189878345,5.330424755811691e-06,-0.008929025614634156,0.15814322890570987,0.6878179495327685,-1
REACTOME_RRNA_MODIFICATION_IN_THE_NUCLEUS_AND_CYTOSOL,19,19,-0.005760740488767624,9.017996490001678e-06,-0.005769758485257626,0.15991971305862707,0.6878179495327685,-1
REACTOME_MAP2K_AND_MAPK_ACTIVATION,8,8,-0.004727758816443384,0.0,-0.004727758816443384,0.1598081771413199,0.6878179495327685,-1
REACTOME_CHROMOSOME_MAINTENANCE,33,33,-0.003481809049844742,3.0124676413834095e-05,-0.003511933726258576,0.15864201543852485,0.6878179495327685,-1
REACTOME_CTLA4_INHIBITORY_SIGNALING,5,5,-0.006703674793243408,6.387708708643913e-06,-0.006710062501952052,0.1617804003779345,0.6922887183685218,-1
REACTOME_REGULATION_OF_MRNA_STABILITY_BY_PROTEINS_THAT_BIND_AU_RICH_ELEMENTS,11,11,0.02193470299243927,-8.604023605585098e-06,0.021943307016044855,0.16607641662075223,0.6977544278033376,1
REACTOME_RAS_PROCESSING,7,7,0.01764725148677826,-8.604023605585098e-06,0.017655855510383844,0.17049890979436078,0.6977544278033376,1
REACTOME_BASE_EXCISION_REPAIR_AP_SITE_FORMATION,8,8,-0.008451087400317192,7.444992661476135e-06,-0.008458532392978668,0.16713545906199534,0.6977544278033376,-1
REACTOME_NEGATIVE_REGULATORS_OF_DDX58_IFIH1_SIGNALING,11,11,0.0068401917815208435,-8.604023605585098e-06,0.006848795805126429,0.16912382953904015,0.6977544278033376,1
REACTOME_VEGFR2_MEDIATED_VASCULAR_PERMEABILITY,5,5,0.005284387152642012,-1.5979749150574207e-06,0.005285985127557069,0.16479849785765766,0.6977544278033376,1
REACTOME_BIOLOGICAL_OXIDATIONS,27,27,-0.004921054467558861,9.017996490001678e-06,-0.0049300724640488625,0.16553900422918155,0.6977544278033376,-1
REACTOME_PECAM1_INTERACTIONS,6,6,-0.003943493822589517,5.330424755811691e-06,-0.003948824247345328,0.1705070131998666,0.6977544278033376,-1
REACTOME_RECOGNITION_OF_DNA_DAMAGE_BY_PCNA_CONTAINING_REPLICATION_COMPLEX,13,13,0.0018178615719079971,-1.6200414393097162e-05,0.0018340619863010943,0.17038909995273221,0.6977544278033376,1
REACTOME_NERVOUS_SYSTEM_DEVELOPMENT,97,97,-0.00019656075164675713,6.387708708643913e-06,-0.00020294846035540104,0.17031370708500593,0.6977544278033376,-1
REACTOME_ROLE_OF_LAT2_NTAL_LAB_ON_CALCIUM_MOBILIZATION,6,6,-0.013836774975061417,5.330424755811691e-06,-0.013842105399817228,0.17763807409697785,0.7056662253483935,-1
REACTOME_APOPTOTIC_EXECUTION_PHASE,12,12,0.010776745504699647,-3.1959498301148415e-06,0.010779941454529762,0.17828150218582883,0.7056662253483935,1
REACTOME_PEPTIDE_HORMONE_METABOLISM,12,12,-0.007138185203075409,7.444992661476135e-06,-0.007145630195736885,0.1792559476436435,0.7056662253483935,-1
REACTOME_INSULIN_RECEPTOR_SIGNALLING_CASCADE,11,11,-0.005525580607354641,2.6652123779058456e-06,-0.005528245819732547,0.17997418558707545,0.7056662253483935,-1
REACTOME_IRS_MEDIATED_SIGNALLING,11,11,-0.005525580607354641,2.6652123779058456e-06,-0.005528245819732547,0.17997418558707545,0.7056662253483935,-1
REACTOME_SIGNALING_BY_TYPE_1_INSULIN_LIKE_GROWTH_FACTOR_1_RECEPTOR_IGF1R,11,11,-0.005525580607354641,2.6652123779058456e-06,-0.005528245819732547,0.17997418558707545,0.7056662253483935,-1
REACTOME_UCH_PROTEINASES,18,18,-0.004504472948610783,1.0591000318527222e-05,-0.00451506394892931,0.17627430492982887,0.7056662253483935,-1
REACTOME_DEGRADATION_OF_DVL,6,6,0.0040090803522616625,-3.1959498301148415e-06,0.004012276302091777,0.17724702061245745,0.7056662253483935,1
REACTOME_ONCOGENIC_MAPK_SIGNALING,17,17,-0.0012466390617191792,2.6652123779058456e-06,-0.001249304274097085,0.17844287345013343,0.7056662253483935,-1
REACTOME_NUCLEAR_EVENTS_KINASE_AND_TRANSCRIPTION_FACTOR_ACTIVATION,15,15,-0.0021549761295318604,6.387708708643913e-06,-0.0021613638382405043,0.18172941965594935,0.7059811095390107,-1
REACTOME_STABILIZATION_OF_P53,5,5,0.002070225775241852,-8.604023605585098e-06,0.002078829798847437,0.18139668649148932,0.7059811095390107,1
REACTOME_TNF_RECEPTOR_SUPERFAMILY_TNFSF_MEMBERS_MEDIATING_NON_CANONICAL_NF_KB_PATHWAY,8,8,-0.010483606718480587,7.444992661476135e-06,-0.010491051711142063,0.18497682562779794,0.7120340822111126,-1
REACTOME_INSERTION_OF_TAIL_ANCHORED_PROTEINS_INTO_THE_ENDOPLASMIC_RETICULUM_MEMBRANE,5,5,0.006397605407983065,-8.604023605585098e-06,0.00640620943158865,0.1846837459928269,0.7120340822111126,1
REACTOME_METABOLISM_OF_POLYAMINES,8,8,-0.013488071504980326,5.330424755811691e-06,-0.013493401929736137,0.19350446027452572,0.7169148154876347,-1
REACTOME_SIGNALING_BY_FGFR2_IN_DISEASE,9,9,-0.01070384681224823,2.6652123779058456e-06,-0.010706512024626136,0.19012907199420026,0.7169148154876347,-1
REACTOME_BRANCHED_CHAIN_AMINO_ACID_CATABOLISM,6,6,-0.00887767132371664,7.444992661476135e-06,-0.008885116316378117,0.1927701273332404,0.7169148154876347,-1
REACTOME_HDACS_DEACETYLATE_HISTONES,12,12,-0.007544437423348427,1.0591000318527222e-05,-0.007555028423666954,0.1895096107445421,0.7169148154876347,-1
REACTOME_MEIOTIC_RECOMBINATION,6,6,-0.005571896675974131,7.444992661476135e-06,-0.005579341668635607,0.1927701273332404,0.7169148154876347,-1
REACTOME_SIGNALING_BY_NOTCH1_PEST_DOMAIN_MUTANTS_IN_CANCER,12,12,0.005386023782193661,0.0,0.005386023782193661,0.19346414058077788,0.7169148154876347,1
REACTOME_RESOLUTION_OF_ABASIC_SITES_AP_SITES,18,18,-0.005222351290285587,1.0591000318527222e-05,-0.0052329422906041145,0.19389866895750973,0.7169148154876347,-1
REACTOME_APC_CDC20_MEDIATED_DEGRADATION_OF_NEK2A,10,10,0.0035922134993597865,-1.4012097381055355e-05,0.003606225596740842,0.19381841801316846,0.7169148154876347,1
REACTOME_SCAVENGING_BY_CLASS_A_RECEPTORS,5,5,-0.00027886824682354927,2.6652123779058456e-06,-0.0002815334592014551,0.1871221267656723,0.7169148154876347,-1
REACTOME_DEFECTS_OF_CONTACT_ACTIVATION_SYSTEM_CAS_AND_KALLIKREIN_KININ_SYSTEM_KKS,5,5,-0.006807168014347553,2.6652123779058456e-06,-0.006809833226725459,0.1964201387400749,0.7179965206768579,-1
REACTOME_REPRODUCTION,27,27,-0.003481809049844742,9.017996490001678e-06,-0.0034908270463347435,0.19759809347216017,0.7179965206768579,-1
REACTOME_ADRENALINE_NORADRENALINE_INHIBITS_INSULIN_SECRETION,9,9,0.003451357129961252,-1.6200414393097162e-05,0.0034675575443543494,0.1960810430332819,0.7179965206768579,1
REACTOME_SIGNALING_BY_GPCR,148,148,0.0014670355012640357,-7.115304470062256e-05,0.0015381885459646583,0.19677800666772716,0.7179965206768579,1
REACTOME_INNATE_IMMUNE_SYSTEM,212,212,0.0014687953516840935,-6.859377026557922e-05,0.0015373891219496727,0.20369781707047196,0.736983947598317,1
REACTOME_SIGNALING_BY_BRAF_AND_RAF1_FUSIONS,15,15,-0.0012466390617191792,2.6652123779058456e-06,-0.001249304274097085,0.20480762153513254,0.7378325852740032,-1
REACTOME_SMAD2_SMAD3_SMAD4_HETEROTRIMER_REGULATES_TRANSCRIPTION,10,10,0.0050101554952561855,-3.1959498301148415e-06,0.0050133514450863,0.21239589638834977,0.7586853417600798,1
REACTOME_DEVELOPMENTAL_BIOLOGY,172,172,-0.00026330421678721905,1.0591000318527222e-05,-0.00027389521710574627,0.21177573887959633,0.7586853417600798,-1
REACTOME_CD28_DEPENDENT_PI3K_AKT_SIGNALING,8,8,-0.008114713709801435,7.444992661476135e-06,-0.008122158702462912,0.2236088971412471,0.7700268092591637,-1
REACTOME_INFLUENZA_INFECTION,23,23,-0.006744109094142914,1.6619451344013214e-05,-0.006760728545486927,0.21972542480648916,0.7700268092591637,-1
REACTOME_NR1H3_NR1H2_REGULATE_GENE_EXPRESSION_LINKED_TO_CHOLESTEROL_TRANSPORT_AND_EFFLUX,11,11,-0.006432867608964443,6.387708708643913e-06,-0.006439255317673087,0.22424365785027578,0.7700268092591637,-1
REACTOME_TRANSCRIPTIONAL_REGULATION_BY_TP53,90,90,-0.002765537239611149,4.6372064389288425e-05,-0.0028119093040004373,0.22503183019166728,0.7700268092591637,-1
REACTOME_RUNX1_INTERACTS_WITH_CO_FACTORS_WHOSE_PRECISE_EFFECT_ON_RUNX1_TARGETS_IS_NOT_KNOWN,10,10,0.002606299938634038,-1.4012097381055355e-05,0.0026203120360150933,0.21921915153350502,0.7700268092591637,1
REACTOME_ACTIVATION_OF_KAINATE_RECEPTORS_UPON_GLUTAMATE_BINDING,11,11,0.0026087299920618534,-8.604023605585098e-06,0.0026173340156674385,0.2256187685492449,0.7700268092591637,1
REACTOME_DOWNREGULATION_OF_ERBB2_SIGNALING,7,7,0.0018872320652008057,-8.604023605585098e-06,0.0018958360888063908,0.22454706115037615,0.7700268092591637,1
REACTOME_ION_CHANNEL_TRANSPORT,26,26,0.0016855550929903984,-1.838873140513897e-05,0.0017039438243955374,0.220168177549652,0.7700268092591637,1
REACTOME_NEGATIVE_REGULATION_OF_FGFR1_SIGNALING,5,5,0.001685615861788392,-8.604023605585098e-06,0.0016942198853939772,0.2222703792409294,0.7700268092591637,1
REACTOME_NEGATIVE_REGULATION_OF_FGFR2_SIGNALING,5,5,0.001685615861788392,-8.604023605585098e-06,0.0016942198853939772,0.2222703792409294,0.7700268092591637,1
REACTOME_SIGNALING_BY_RECEPTOR_TYROSINE_KINASES,112,112,-0.0002124038292095065,1.0591000318527222e-05,-0.00022299482952803373,0.2189925378570745,0.7700268092591637,-1
REACTOME_INITIATION_OF_NUCLEAR_ENVELOPE_NE_REFORMATION,5,5,-0.004577634856104851,6.387708708643913e-06,-0.004584022564813495,0.2281315039955759,0.7719333583191629,-1
REACTOME_SUMOYLATION_OF_DNA_METHYLATION_PROTEINS,6,6,0.002606299938634038,-1.4012097381055355e-05,0.0026203120360150933,0.22723702877293583,0.7719333583191629,1
REACTOME_MATURATION_OF_SARS_COV_2_SPIKE_PROTEIN,10,10,-0.0010753748938441277,7.444992661476135e-06,-0.0010828198865056038,0.22892448348729622,0.7719333583191629,-1
REACTOME_MYOCLONIC_EPILEPSY_OF_LAFORA,5,5,0.003883209079504013,-1.5979749150574207e-06,0.0038848070544190705,0.23045469808777408,0.7739972529402133,1
REACTOME_PIWI_INTERACTING_RNA_PIRNA_BIOGENESIS,6,6,-0.014308375306427479,5.330424755811691e-06,-0.01431370573118329,0.2525299155824948,0.77977223923556,-1
REACTOME_INITIAL_TRIGGERING_OF_COMPLEMENT,7,7,0.008341053500771523,-8.604023605585098e-06,0.008349657524377108,0.24932837661468854,0.77977223923556,1
REACTOME_MITOPHAGY,6,6,0.006760765798389912,-3.1959498301148415e-06,0.0067639617482200265,0.24405381997171338,0.77977223923556,1
REACTOME_GENE_SILENCING_BY_RNA,21,21,-0.006744109094142914,1.6619451344013214e-05,-0.006760728545486927,0.2550013946741644,0.77977223923556,-1
REACTOME_REGULATION_OF_HMOX1_EXPRESSION_AND_ACTIVITY,6,6,0.006238006055355072,-3.1959498301148415e-06,0.006241202005185187,0.24826656113696688,0.77977223923556,1
REACTOME_HIV_TRANSCRIPTION_ELONGATION,10,10,-0.005519186146557331,7.444992661476135e-06,-0.005526631139218807,0.25510547096697245,0.77977223923556,-1
REACTOME_TP53_REGULATES_TRANSCRIPTION_OF_DNA_REPAIR_GENES,16,16,-0.005519186146557331,7.444992661476135e-06,-0.005526631139218807,0.24076248481204177,0.77977223923556,-1
REACTOME_FC_EPSILON_RECEPTOR_FCERI_SIGNALING,32,32,-0.005355633329600096,1.0591000318527222e-05,-0.005366224329918623,0.25417443223682934,0.77977223923556,-1
REACTOME_PYRUVATE_METABOLISM_AND_CITRIC_ACID_TCA_CYCLE,13,13,-0.004776332527399063,9.017996490001678e-06,-0.004785350523889065,0.2454501649747458,0.77977223923556,-1
REACTOME_CONSTITUTIVE_SIGNALING_BY_AKT1_E17K_IN_CANCER,5,5,0.0039240168407559395,-1.5979749150574207e-06,0.003925614815670997,0.2560066589731663,0.77977223923556,1
REACTOME_TELOMERE_MAINTENANCE,26,26,-0.0033716042526066303,2.2647902369499207e-05,-0.0033942521549761295,0.2560978309050015,0.77977223923556,-1
REACTOME_DECTIN_2_FAMILY,5,5,0.0033746063709259033,-8.604023605585098e-06,0.0033832103945314884,0.2546146096003975,0.77977223923556,1
REACTOME_TRANSLESION_SYNTHESIS_BY_POLK,7,7,0.003279857337474823,-1.5979749150574207e-06,0.0032814553123898804,0.24610149962625927,0.77977223923556,1
REACTOME_ACTIVATION_OF_THE_PRE_REPLICATIVE_COMPLEX,12,12,-0.003207593224942684,5.330424755811691e-06,-0.003212923649698496,0.23998124147703415,0.77977223923556,-1
REACTOME_TOLL_LIKE_RECEPTOR_TLR1_TLR2_CASCADE,29,29,-0.002991229295730591,9.017996490001678e-06,-0.0030002472922205925,0.23975587968188605,0.77977223923556,-1
REACTOME_SENESCENCE_ASSOCIATED_SECRETORY_PHENOTYPE_SASP,19,19,0.0028315484523773193,-1.6200414393097162e-05,0.0028477488667704165,0.24892132571928838,0.77977223923556,1
REACTOME_G_PROTEIN_ACTIVATION,9,9,0.0026087299920618534,-1.6200414393097162e-05,0.0026249304064549506,0.24723966759371763,0.77977223923556,1
REACTOME_NEUREXINS_AND_NEUROLIGINS,5,5,0.0024023279547691345,-8.604023605585098e-06,0.0024109319783747196,0.2557278269587231,0.77977223923556,1
REACTOME_GAMMA_CARBOXYLATION_HYPUSINE_FORMATION_AND_ARYLSULFATASE_ACTIVATION,13,13,0.0023503974080085754,-1.6200414393097162e-05,0.0023665978224016726,0.23419441615310255,0.77977223923556,1
REACTOME_CARGO_RECOGNITION_FOR_CLATHRIN_MEDIATED_ENDOCYTOSIS,17,17,0.0018872320652008057,-8.604023605585098e-06,0.0018958360888063908,0.25484231481939823,0.77977223923556,1
REACTOME_GROWTH_HORMONE_RECEPTOR_SIGNALING,6,6,0.0016061034984886646,0.0,0.0016061034984886646,0.24578235822951056,0.77977223923556,1
REACTOME_METABOLISM_OF_LIPIDS,166,166,-0.001146088819950819,3.903848119080067e-05,-0.0011851273011416197,0.25261665291789526,0.77977223923556,-1
REACTOME_SUMOYLATION_OF_RNA_BINDING_PROTEINS,16,16,0.0011626298073679209,-3.1959498301148415e-06,0.0011658257571980357,0.2397159778384531,0.77977223923556,1
REACTOME_TRANSLATION_OF_SARS_COV_2_STRUCTURAL_PROTEINS,16,16,-0.0011308691464364529,1.0591000318527222e-05,-0.00114146014675498,0.2466519306503686,0.77977223923556,-1
REACTOME_SIGNALING_BY_NOTCH,35,35,0.0007404466159641743,-1.5979749150574207e-06,0.0007420445908792317,0.25356943453047287,0.77977223923556,1
REACTOME_HEMOSTASIS,146,146,-0.00014083506539463997,7.444992661476135e-06,-0.0001482800580561161,0.25622409284489933,0.77977223923556,-1
REACTOME_VITAMIN_B5_PANTOTHENATE_METABOLISM,5,5,0.004513120744377375,-8.604023605585098e-06,0.00452172476798296,0.25936912238585974,0.7808863220402849,1
REACTOME_DOWNSTREAM_SIGNAL_TRANSDUCTION,10,10,-0.003924975171685219,7.444992661476135e-06,-0.003932420164346695,0.2580718942533007,0.7808863220402849,-1
REACTOME_TRANSFERRIN_ENDOCYTOSIS_AND_RECYCLING,6,6,0.0030114103574305773,-3.1959498301148415e-06,0.003014606307260692,0.2591485696030882,0.7808863220402849,1
REACTOME_OTHER_INTERLEUKIN_SIGNALING,5,5,0.006397605407983065,-1.5979749150574207e-06,0.006399203382898122,0.2610617746922479,0.7810635836366994,1
REACTOME_EPHB_MEDIATED_FORWARD_SIGNALING,6,6,-0.003092966740950942,7.444992661476135e-06,-0.003100411733612418,0.264060642154756,0.7810635836366994,-1
REACTOME_ASSOCIATION_OF_TRIC_CCT_WITH_TARGET_PROTEINS_DURING_BIOSYNTHESIS,8,8,-0.002415109076537192,7.444992661476135e-06,-0.002422554069198668,0.2638441590572729,0.7810635836366994,-1
REACTOME_HDR_THROUGH_HOMOLOGOUS_RECOMBINATION_HRR,21,21,0.0018178615719079971,-8.604023605585098e-06,0.0018264655955135822,0.2635435637292739,0.7810635836366994,1
REACTOME_SIGNALING_BY_INTERLEUKINS,122,122,0.0010262102005071938,-3.543973434716463e-05,0.0010616499348543584,0.2621559537860305,0.7810635836366994,1
REACTOME_PERK_REGULATES_GENE_EXPRESSION,9,9,0.014355570077896118,-1.5979749150574207e-06,0.014357168052811176,0.2759467822876116,0.7820079083857855,1
REACTOME_NUCLEOTIDE_EXCISION_REPAIR,37,37,-0.003954162821173668,1.6619451344013214e-05,-0.003970782272517681,0.2773669805543889,0.7820079083857855,-1
REACTOME_ADP_SIGNALLING_THROUGH_P2Y_PURINOCEPTOR_1,8,8,0.003030043561011553,-1.4012097381055355e-05,0.003044055658392608,0.27597272459268574,0.7820079083857855,1
REACTOME_ADP_SIGNALLING_THROUGH_P2Y_PURINOCEPTOR_12,8,8,0.003030043561011553,-1.4012097381055355e-05,0.003044055658392608,0.27597272459268574,0.7820079083857855,1
REACTOME_G_BETA_GAMMA_SIGNALLING_THROUGH_CDC42,8,8,0.003030043561011553,-1.4012097381055355e-05,0.003044055658392608,0.27597272459268574,0.7820079083857855,1
REACTOME_PROSTACYCLIN_SIGNALLING_THROUGH_PROSTACYCLIN_RECEPTOR,8,8,0.003030043561011553,-1.4012097381055355e-05,0.003044055658392608,0.27597272459268574,0.7820079083857855,1
REACTOME_INTERLEUKIN_6_FAMILY_SIGNALING,6,6,0.002928153146058321,-1.4012097381055355e-05,0.0029421652434393764,0.2748780770179625,0.7820079083857855,1
REACTOME_TRNA_AMINOACYLATION,7,7,-0.0025898395106196404,6.387708708643913e-06,-0.0025962272193282843,0.2661480502074641,0.7820079083857855,-1
REACTOME_STIMULI_SENSING_CHANNELS,11,11,0.002257278189063072,-8.604023605585098e-06,0.0022658822126686573,0.2693098455810383,0.7820079083857855,1
REACTOME_MITOTIC_G2_G2_M_PHASES,42,42,0.0018872320652008057,-1.838873140513897e-05,0.0019056207966059446,0.26734238285431555,0.7820079083857855,1
REACTOME_RUNX1_REGULATES_TRANSCRIPTION_OF_GENES_INVOLVED_IN_DIFFERENTIATION_OF_HSCS,13,13,0.0018872320652008057,-8.604023605585098e-06,0.0018958360888063908,0.2719670612255496,0.7820079083857855,1
REACTOME_ABC_TRANSPORTER_DISORDERS,11,11,0.0018872320652008057,-1.5979749150574207e-06,0.001888830040115863,0.27698890117629016,0.7820079083857855,1
REACTOME_ACTIVATION_OF_MATRIX_METALLOPROTEINASES,7,7,0.0007606877479702234,-1.5979749150574207e-06,0.0007622857228852808,0.2712691955806391,0.7820079083857855,1
REACTOME_MAPK_FAMILY_SIGNALING_CASCADES,70,70,-3.489496884867549e-05,5.330424755811691e-06,-4.022539360448718e-05,0.26629856395308915,0.7820079083857855,-1
REACTOME_EFFECTS_OF_PIP2_HYDROLYSIS,7,7,-0.007236151024699211,6.387708708643913e-06,-0.007242538733407855,0.2804555154789702,0.7880799984959062,-1
REACTOME_POST_CHAPERONIN_TUBULIN_FOLDING_PATHWAY,5,5,-0.03418673574924469,2.6652123779058456e-06,-0.034189400961622596,0.289488575495351,0.7887884725787389,-1
REACTOME_FORMATION_OF_TUBULIN_FOLDING_INTERMEDIATES_BY_CCT_TRIC,5,5,-0.031095266342163086,2.6652123779058456e-06,-0.031097931554540992,0.28646513319625133,0.7887884725787389,-1
REACTOME_INTERLEUKIN_2_SIGNALING,6,6,0.008637158782221377,-3.1959498301148415e-06,0.008640354732051492,0.292082517958543,0.7887884725787389,1
REACTOME_FATTY_ACYL_COA_BIOSYNTHESIS,10,10,-0.005924746859818697,7.444992661476135e-06,-0.005932191852480173,0.2901271421747723,0.7887884725787389,-1
REACTOME_VEGFR2_MEDIATED_CELL_PROLIFERATION,5,5,-0.0050661880522966385,6.387708708643913e-06,-0.005072575761005282,0.29498475382369294,0.7887884725787389,-1
REACTOME_SIGNALING_BY_ALK_IN_CANCER,10,10,0.004791625775396824,-3.1959498301148415e-06,0.004794821725226939,0.28755370576071015,0.7887884725787389,1
REACTOME_E2F_MEDIATED_REGULATION_OF_DNA_REPLICATION,8,8,-0.004508027108386159,5.330424755811691e-06,-0.004513357533141971,0.2908774147923,0.7887884725787389,-1
REACTOME_RHOV_GTPASE_CYCLE,12,12,-0.00392792618367821,7.444992661476135e-06,-0.003935371176339686,0.287185768641824,0.7887884725787389,-1
REACTOME_RECYCLING_PATHWAY_OF_L1,9,9,0.0035138438688591123,-1.6200414393097162e-05,0.0035300442832522094,0.2959190786900099,0.7887884725787389,1
REACTOME_RNA_POLYMERASE_I_PROMOTER_ESCAPE,9,9,0.0025764666497707367,-1.5979749150574207e-06,0.002578064624685794,0.29637873912446633,0.7887884725787389,1
REACTOME_TRANSPORT_OF_BILE_SALTS_AND_ORGANIC_ACIDS_METAL_IONS_AND_AMINE_COMPOUNDS,11,11,0.0024143047630786896,-8.604023605585098e-06,0.0024229087866842747,0.28522119683970826,0.7887884725787389,1
REACTOME_POTASSIUM_CHANNELS,12,12,0.002383092127274722,-1.838873140513897e-05,0.002401480858679861,0.29705247680472724,0.7887884725787389,1
REACTOME_POST_TRANSLATIONAL_MODIFICATION_SYNTHESIS_OF_GPI_ANCHORED_PROTEINS,21,21,0.0018872320652008057,-2.1446205209940672e-05,0.0019086782704107463,0.2975500999763214,0.7887884725787389,1
REACTOME_HEDGEHOG_OFF_STATE,18,18,0.0018872320652008057,-1.838873140513897e-05,0.0019056207966059446,0.2936636767468783,0.7887884725787389,1
REACTOME_RUNX2_REGULATES_OSTEOBLAST_DIFFERENTIATION,6,6,0.0018872320652008057,-3.1959498301148415e-06,0.0018904280150309205,0.287094749931191,0.7887884725787389,1
REACTOME_RNA_POLYMERASE_III_TRANSCRIPTION,14,14,0.0016325403412338346,-3.1959498301148415e-06,0.0016357362910639495,0.2828338262143315,0.7887884725787389,1
REACTOME_SUMOYLATION_OF_CHROMATIN_ORGANIZATION_PROTEINS,20,20,0.0011626298073679209,-3.1959498301148415e-06,0.0011658257571980357,0.2898258722489486,0.7887884725787389,1
REACTOME_RESPONSE_TO_ELEVATED_PLATELET_CYTOSOLIC_CA2,38,38,0.0004365904023870826,-3.1959498301148415e-06,0.0004397863522171974,0.29531392133512124,0.7887884725787389,1
REACTOME_MRNA_DECAY_BY_3_TO_5_EXORIBONUCLEASE,8,8,-0.01666519232094288,5.330424755811691e-06,-0.01667052274569869,0.3065634961003426,0.7913279707069717,-1
REACTOME_INTERLEUKIN_37_SIGNALING,5,5,0.004032835364341736,-8.604023605585098e-06,0.004041439387947321,0.3065007173052552,0.7913279707069717,1
REACTOME_RHOD_GTPASE_CYCLE,10,10,-0.0034245119895786047,5.330424755811691e-06,-0.0034298424143344164,0.3063385265402545,0.7913279707069717,-1
REACTOME_TP53_REGULATES_TRANSCRIPTION_OF_CELL_CYCLE_GENES,14,14,-0.0027782681863754988,2.2647902369499207e-05,-0.002800916088744998,0.306732666371896,0.7913279707069717,-1
REACTOME_OPIOID_SIGNALLING,22,22,0.0015644255327060819,-1.838873140513897e-05,0.0015828142641112208,0.3005799538126438,0.7913279707069717,1
REACTOME_TCF_DEPENDENT_SIGNALING_IN_RESPONSE_TO_WNT,28,28,0.0007244634907692671,-3.1959498301148415e-06,0.0007276594405993819,0.3062010313531539,0.7913279707069717,1
REACTOME_SIGNALING_BY_NOTCH1,17,17,-0.0005736323073506355,6.387708708643913e-06,-0.0005800200160592794,0.3069564014486118,0.7913279707069717,-1
REACTOME_FANCONI_ANEMIA_PATHWAY,11,11,-5.318049807101488e-05,2.6652123779058456e-06,-5.584571044892073e-05,0.30344428661538336,0.7913279707069717,-1
REACTOME_CLASS_I_MHC_MEDIATED_ANTIGEN_PROCESSING_PRESENTATION,77,77,0.0,1.067237462848425e-06,-1.067237462848425e-06,0.2996341606590974,0.7913279707069717,-1
REACTOME_MISCELLANEOUS_TRANSPORT_AND_BINDING_EVENTS,6,6,-0.010781729593873024,5.330424755811691e-06,-0.010787060018628836,0.3094163258987972,0.7928205554184986,-1
REACTOME_GLUCOSE_METABOLISM,18,18,-0.006614550948143005,2.2647902369499207e-05,-0.006637198850512505,0.3088134382047728,0.7928205554184986,-1
REACTOME_TRNA_PROCESSING,34,34,-0.005248382920399308,2.2647902369499207e-05,-0.005271030822768807,0.3150840980708727,0.7976453293505876,-1
REACTOME_SUMOYLATION_OF_INTRACELLULAR_RECEPTORS,8,8,-0.004960080608725548,5.330424755811691e-06,-0.0049654110334813595,0.31309317812065673,0.7976453293505876,-1
REACTOME_ACTIVATION_OF_ANTERIOR_HOX_GENES_IN_HINDBRAIN_DEVELOPMENT_DURING_EARLY_EMBRYOGENESIS,21,21,-0.0019245040602982044,6.387708708643913e-06,-0.0019308917690068483,0.31435055245548327,0.7976453293505876,-1
REACTOME_G1_S_DNA_DAMAGE_CHECKPOINTS,7,7,0.0018872320652008057,-1.5979749150574207e-06,0.001888830040115863,0.313850932831616,0.7976453293505876,1
REACTOME_DEPOSITION_OF_NEW_CENPA_CONTAINING_NUCLEOSOMES_AT_THE_CENTROMERE,8,8,-0.004650784656405449,7.444992661476135e-06,-0.004658229649066925,0.32022681086665294,0.8034261951207989,-1
REACTOME_TRANSCRIPTION_OF_E2F_TARGETS_UNDER_NEGATIVE_CONTROL_BY_P107_RBL1_AND_P130_RBL2_IN_COMPLEX_WITH_HDAC1,7,7,0.0030281059443950653,-1.5979749150574207e-06,0.0030297039193101227,0.32011818962463456,0.8034261951207989,1
REACTOME_DEUBIQUITINATION,53,53,-0.002682708203792572,2.56379134953022e-05,-0.0027083461172878742,0.31985286354716813,0.8034261951207989,-1
REACTOME_HSP90_CHAPERONE_CYCLE_FOR_STEROID_HORMONE_RECEPTORS_SHR_IN_THE_PRESENCE_OF_LIGAND,12,12,0.004397241864353418,-1.4012097381055355e-05,0.004411253961734474,0.3233331900847607,0.8088126980458553,1
REACTOME_IRE1ALPHA_ACTIVATES_CHAPERONES,12,12,-0.010996196419000626,7.444992661476135e-06,-0.011003641411662102,0.33120406505060296,0.8091234279441971,-1
REACTOME_ASSEMBLY_OF_THE_ORC_COMPLEX_AT_THE_ORIGIN_OF_REPLICATION,6,6,-0.003597046248614788,5.330424755811691e-06,-0.0036023766733705997,0.3292230188307459,0.8091234279441971,-1
REACTOME_ACTIVATION_OF_ATR_IN_RESPONSE_TO_REPLICATION_STRESS,12,12,-0.0034272130578756332,7.444992661476135e-06,-0.0034346580505371094,0.32460119809631127,0.8091234279441971,-1
REACTOME_PRESYNAPTIC_FUNCTION_OF_KAINATE_RECEPTORS,9,9,0.0026087299920618534,-8.604023605585098e-06,0.0026173340156674385,0.3307306604646997,0.8091234279441971,1
REACTOME_BIOSYNTHESIS_OF_THE_N_GLYCAN_PRECURSOR_DOLICHOL_LIPID_LINKED_OLIGOSACCHARIDE_LLO_AND_TRANSFER_TO_A_NASCENT_PROTEIN,22,22,-0.0023417011834681034,7.444992661476135e-06,-0.0023491461761295795,0.3291230015601069,0.8091234279441971,-1
REACTOME_IMMUNOREGULATORY_INTERACTIONS_BETWEEN_A_LYMPHOID_AND_A_NON_LYMPHOID_CELL,42,42,0.0018872320652008057,-1.838873140513897e-05,0.0019056207966059446,0.33209573673628967,0.8091234279441971,1
REACTOME_DEFECTIVE_CFTR_CAUSES_CYSTIC_FIBROSIS,5,5,0.0018872320652008057,-1.5979749150574207e-06,0.001888830040115863,0.33107756585652637,0.8091234279441971,1
REACTOME_SIGNALING_BY_TGFB_FAMILY_MEMBERS,26,26,-0.0016456949524581432,7.444992661476135e-06,-0.0016531399451196194,0.3318548676302673,0.8091234279441971,-1
REACTOME_INTERLEUKIN_7_SIGNALING,6,6,0.0016061034984886646,0.0,0.0016061034984886646,0.33012869445965076,0.8091234279441971,1
REACTOME_FORMATION_OF_THE_EARLY_ELONGATION_COMPLEX,9,9,-0.003954162821173668,6.387708708643913e-06,-0.003960550529882312,0.3332082738133967,0.8091277679270005,-1
REACTOME_PHASE_II_CONJUGATION_OF_COMPOUNDS,15,15,-0.002322268206626177,2.6652123779058456e-06,-0.0023249334190040827,0.33497697628294565,0.8091277679270005,-1
REACTOME_ASPARAGINE_N_LINKED_GLYCOSYLATION,60,60,-0.0010753748938441277,1.0591000318527222e-05,-0.0010859658941626549,0.33415701887414884,0.8091277679270005,-1
REACTOME_DNA_DAMAGE_RECOGNITION_IN_GG_NER,17,17,-0.005922354757785797,9.017996490001678e-06,-0.005931372754275799,0.3383177947378774,0.8102210300139323,-1
REACTOME_SYNTHESIS_OF_SUBSTRATES_IN_N_GLYCAN_BIOSYTHESIS,16,16,-0.0023417011834681034,7.444992661476135e-06,-0.0023491461761295795,0.33712409276797906,0.8102210300139323,-1
REACTOME_TGF_BETA_RECEPTOR_SIGNALING_IN_EMT_EPITHELIAL_TO_MESENCHYMAL_TRANSITION,6,6,0.0020252957474440336,-3.1959498301148415e-06,0.0020284916972741485,0.3392740493415398,0.8102210300139323,1
REACTOME_NEURONAL_SYSTEM,53,53,0.0018872320652008057,-4.342047031968832e-05,0.001930652535520494,0.33829957773563735,0.8102210300139323,1
REACTOME_TRANSLESION_SYNTHESIS_BY_POLH,9,9,0.0005967319011688232,-1.5979749150574207e-06,0.0005983298760838807,0.3455211938503653,0.8228089446775647,1
REACTOME_GLYCOLYSIS,14,14,-0.0067479428835213184,1.0591000318527222e-05,-0.006758533883839846,0.34890743293386894,0.824013542760784,-1
REACTOME_PRE_NOTCH_EXPRESSION_AND_PROCESSING,10,10,-0.005166622111573815,5.330424755811691e-06,-0.005171952536329627,0.3489594718453142,0.824013542760784,-1
REACTOME_SYNTHESIS_OF_PC,7,7,0.00025627214927226305,-1.5979749150574207e-06,0.00025787012418732047,0.3488909253811342,0.824013542760784,1
REACTOME_APC_C_CDH1_MEDIATED_DEGRADATION_OF_CDC20_AND_OTHER_APC_C_CDH1_TARGETED_PROTEINS_IN_LATE_MITOSIS_EARLY_G1,12,12,0.0024418188259005547,-1.4012097381055355e-05,0.00245583092328161,0.35309098615274015,0.8314405064993294,1
REACTOME_FGFR2_MUTANT_RECEPTOR_ACTIVATION,6,6,-0.008229448925703764,0.0,-0.008229448925703764,0.357729058847731,0.8341151945565818,-1
REACTOME_PURINE_CATABOLISM,5,5,-0.0033302120864391327,6.387708708643913e-06,-0.0033365997951477766,0.35724215812107263,0.8341151945565818,-1
REACTOME_HOST_INTERACTIONS_OF_HIV_FACTORS,24,24,-0.0029169805347919464,5.330424755811691e-06,-0.002922310959547758,0.356892331735305,0.8341151945565818,-1
REACTOME_SELECTIVE_AUTOPHAGY,16,16,0.0028042944613844156,-1.4012097381055355e-05,0.002818306558765471,0.360163619001893,0.8341151945565818,1
REACTOME_NCAM1_INTERACTIONS,6,6,0.0022248405148275197,-1.4012097381055355e-05,0.002238852612208575,0.35995981558433954,0.8341151945565818,1
REACTOME_MUSCLE_CONTRACTION,27,27,0.0018872320652008057,-2.1446205209940672e-05,0.0019086782704107463,0.3592881687204932,0.8341151945565818,1
REACTOME_INHIBITION_OF_DNA_RECOMBINATION_AT_TELOMERE,8,8,-0.010099141858518124,5.330424755811691e-06,-0.010104472283273935,0.36162160696488455,0.8351973004695827,-1
REACTOME_DISEASES_OF_CARBOHYDRATE_METABOLISM,9,9,0.0031995526514947414,-1.5979749150574207e-06,0.003201150626409799,0.3672943642468933,0.8402532130880845,1
REACTOME_HEPARAN_SULFATE_HEPARIN_HS_GAG_METABOLISM,9,9,-0.0019500046037137508,2.6652123779058456e-06,-0.0019526698160916567,0.36623855021214,0.8402532130880845,-1
REACTOME_NETRIN_1_SIGNALING,13,13,0.0018872320652008057,-1.6200414393097162e-05,0.0019034324795939028,0.36579457694905193,0.8402532130880845,1
REACTOME_FOXO_MEDIATED_TRANSCRIPTION,17,17,0.001300264149904251,-1.5979749150574207e-06,0.0013018621248193085,0.36779766978588757,0.8402532130880845,1
REACTOME_CELLULAR_RESPONSE_TO_STARVATION,16,16,-0.0035184414591640234,5.330424755811691e-06,-0.003523771883919835,0.3704473193591531,0.8440191627561245,-1
REACTOME_BASE_EXCISION_REPAIR,21,21,-0.003481809049844742,9.017996490001678e-06,-0.0034908270463347435,0.3727796124765439,0.8447667024670068,-1
REACTOME_RUNX2_REGULATES_BONE_DEVELOPMENT,7,7,0.0018872320652008057,-1.5979749150574207e-06,0.001888830040115863,0.37196789137738584,0.8447667024670068,1
REACTOME_G_ALPHA_Z_SIGNALLING_EVENTS,13,13,0.0026087299920618534,-1.6200414393097162e-05,0.0026249304064549506,0.38090668014370455,0.8499940475811123,1
REACTOME_SIGNAL_AMPLIFICATION,9,9,0.0026087299920618534,-8.604023605585098e-06,0.0026173340156674385,0.3825451633052177,0.8499940475811123,1
REACTOME_THROMBOXANE_SIGNALLING_THROUGH_TP_RECEPTOR,9,9,0.0026087299920618534,-8.604023605585098e-06,0.0026173340156674385,0.3825451633052177,0.8499940475811123,1
REACTOME_APC_C_MEDIATED_DEGRADATION_OF_CELL_CYCLE_PROTEINS,14,14,0.0024418188259005547,-1.4012097381055355e-05,0.00245583092328161,0.38099803907178953,0.8499940475811123,1
REACTOME_EPHA_MEDIATED_GROWTH_CONE_COLLAPSE,7,7,-0.001908907201141119,6.387708708643913e-06,-0.001915294909849763,0.3841610108284742,0.8499940475811123,-1
REACTOME_INSULIN_RECEPTOR_RECYCLING,5,5,0.0018872320652008057,-1.5979749150574207e-06,0.001888830040115863,0.3821265513135358,0.8499940475811123,1
REACTOME_INTEGRATION_OF_ENERGY_METABOLISM,24,24,0.001290982007049024,-1.4012097381055355e-05,0.0013049941044300795,0.38064343066109607,0.8499940475811123,1
REACTOME_NUCLEOTIDE_SALVAGE,6,6,0.000802148540969938,0.0,0.000802148540969938,0.3837413645158736,0.8499940475811123,1
REACTOME_MITOTIC_G1_PHASE_AND_G1_S_TRANSITION,39,39,0.0006657084450125694,-1.5979749150574207e-06,0.0006673064199276268,0.3794363205919773,0.8499940475811123,1
REACTOME_SIALIC_ACID_METABOLISM,10,10,-0.0008331221761181951,5.330424755811691e-06,-0.0008384526008740067,0.38734864479147546,0.8525715602068246,-1
REACTOME_SCF_SKP2_MEDIATED_DEGRADATION_OF_P27_P21,8,8,0.0007843244820833206,0.0,0.0007843244820833206,0.3871301382456014,0.8525715602068246,1
REACTOME_TRANSCRIPTIONAL_REGULATION_BY_SMALL_RNAS,14,14,-0.0067479428835213184,1.0591000318527222e-05,-0.006758533883839846,0.3910560875559912,0.8536576714162342,-1
REACTOME_NR1H2_AND_NR1H3_MEDIATED_SIGNALING,12,12,-0.0057561988942325115,5.330424755811691e-06,-0.005761529318988323,0.40461831600098197,0.8536576714162342,-1
REACTOME_CD28_CO_STIMULATION,10,10,-0.005671507446095347,7.444992661476135e-06,-0.0056789524387568235,0.39569190352306705,0.8536576714162342,-1
REACTOME_RHO_GTPASES_ACTIVATE_FORMINS,33,33,-0.004638321697711945,9.017996490001678e-06,-0.004647339694201946,0.40196361289007776,0.8536576714162342,-1
REACTOME_METABOLISM_OF_COFACTORS,8,8,-0.0035594776272773743,5.330424755811691e-06,-0.003564808052033186,0.4065162204384909,0.8536576714162342,-1
REACTOME_RNA_POLYMERASE_II_TRANSCRIBES_SNRNA_GENES,23,23,-0.003416016697883606,1.6619451344013214e-05,-0.003432636149227619,0.4059074504597543,0.8536576714162342,-1
REACTOME_PARASITE_INFECTION,12,12,-0.0029709634836763144,5.330424755811691e-06,-0.002976293908432126,0.4070515438093534,0.8536576714162342,-1
REACTOME_ABERRANT_REGULATION_OF_MITOTIC_G1_S_TRANSITION_IN_CANCER_DUE_TO_RB1_DEFECTS,7,7,0.0028315484523773193,-1.5979749150574207e-06,0.0028331464272923768,0.3959681935039079,0.8536576714162342,1
REACTOME_MYD88_INDEPENDENT_TLR4_CASCADE,24,24,-0.0026529673486948013,7.444992661476135e-06,-0.0026604123413562775,0.4065489979488992,0.8536576714162342,-1
REACTOME_SUMOYLATION_OF_TRANSCRIPTION_COFACTORS,14,14,0.002606299938634038,-1.4012097381055355e-05,0.0026203120360150933,0.4055404137949935,0.8536576714162342,1
REACTOME_RND2_GTPASE_CYCLE,7,7,-0.002055928111076355,6.387708708643913e-06,-0.002062315819784999,0.3922161437314521,0.8536576714162342,-1
REACTOME_TNFR1_INDUCED_NFKAPPAB_SIGNALING_PATHWAY,7,7,0.0019344212487339973,-1.5979749150574207e-06,0.0019360192236490548,0.40512471091294333,0.8536576714162342,1
REACTOME_PROTEIN_PROTEIN_INTERACTIONS_AT_SYNAPSES,9,9,0.0018872320652008057,-1.5979749150574207e-06,0.001888830040115863,0.4059962608264398,0.8536576714162342,1
REACTOME_FGFR1_MUTANT_RECEPTOR_ACTIVATION,6,6,0.0017864239634945989,-3.1959498301148415e-06,0.0017896199133247137,0.40708230594226114,0.8536576714162342,1
REACTOME_PLATELET_HOMEOSTASIS,19,19,0.001774029340595007,-8.604023605585098e-06,0.001782633364200592,0.39369085576975504,0.8536576714162342,1
REACTOME_DEGRADATION_OF_THE_EXTRACELLULAR_MATRIX,24,24,0.0016827182262204587,-1.4012097381055355e-05,0.001696730323601514,0.39899333084461974,0.8536576714162342,1
REACTOME_TRIGLYCERIDE_METABOLISM,8,8,0.0013258068356662989,-3.1959498301148415e-06,0.0013290027854964137,0.3911945222901805,0.8536576714162342,1
REACTOME_GLYCOGEN_STORAGE_DISEASES,6,6,0.0012056092964485288,0.0,0.0012056092964485288,0.39547688038926143,0.8536576714162342,1
REACTOME_INTERACTION_BETWEEN_L1_AND_ANKYRINS,6,6,0.00010055862367153168,0.0,0.00010055862367153168,0.4029632699781803,0.8536576714162342,1
REACTOME_DISEASES_ASSOCIATED_WITH_GLYCOSYLATION_PRECURSOR_BIOSYNTHESIS,6,6,-0.008161116391420364,5.330424755811691e-06,-0.008166446816176176,0.41574387448896466,0.8608738862979671,-1
REACTOME_REGULATION_OF_MECP2_EXPRESSION_AND_ACTIVITY,9,9,-0.006432867608964443,6.387708708643913e-06,-0.006439255317673087,0.4239191269362247,0.8608738862979671,-1
REACTOME_TRAF6_MEDIATED_NF_KB_ACTIVATION,8,8,-0.005801137536764145,5.330424755811691e-06,-0.005806467961519957,0.42831217872674276,0.8608738862979671,-1
REACTOME_GAP_JUNCTION_TRAFFICKING_AND_REGULATION,5,5,-0.005653871223330498,2.6652123779058456e-06,-0.005656536435708404,0.4210048997660846,0.8608738862979671,-1
REACTOME_MITOTIC_PROPHASE,22,22,-0.004860961111262441,1.0591000318527222e-05,-0.004871552111580968,0.42434108421532957,0.8608738862979671,-1
REACTOME_SPHINGOLIPID_DE_NOVO_BIOSYNTHESIS,7,7,0.0040333576034754515,-8.604023605585098e-06,0.004041961627081037,0.4257748308182244,0.8608738862979671,1
REACTOME_E3_UBIQUITIN_LIGASES_UBIQUITINATE_TARGET_PROTEINS,14,14,-0.0038775261491537094,5.330424755811691e-06,-0.003882856573909521,0.4289051390808377,0.8608738862979671,-1
REACTOME_FCGAMMA_RECEPTOR_FCGR_DEPENDENT_PHAGOCYTOSIS,18,18,-0.003821248421445489,7.444992661476135e-06,-0.003828693414106965,0.4196131848127239,0.8608738862979671,-1
REACTOME_CONSTITUTIVE_SIGNALING_BY_LIGAND_RESPONSIVE_EGFR_CANCER_VARIANTS,6,6,0.0029918337240815163,-3.1959498301148415e-06,0.002995029673911631,0.4188884870071402,0.8608738862979671,1
REACTOME_REGULATION_OF_PTEN_GENE_TRANSCRIPTION,15,15,-0.0025765146128833294,6.387708708643913e-06,-0.0025829023215919733,0.4213261115685788,0.8608738862979671,-1
REACTOME_FCERI_MEDIATED_CA_2_MOBILIZATION,12,12,0.002441439777612686,-3.1959498301148415e-06,0.002444635727442801,0.42833514687878227,0.8608738862979671,1
REACTOME_GLUCAGON_SIGNALING_IN_METABOLIC_REGULATION,11,11,0.0018872320652008057,-1.6200414393097162e-05,0.0019034324795939028,0.4148505132492811,0.8608738862979671,1
REACTOME_SIGNALING_BY_CYTOSOLIC_FGFR1_FUSION_MUTANTS,5,5,0.0018872320652008057,-1.5979749150574207e-06,0.001888830040115863,0.42641025083971673,0.8608738862979671,1
REACTOME_CLASS_B_2_SECRETIN_FAMILY_RECEPTORS,18,18,0.0018441566498950124,-2.4503679014742374e-05,0.0018686603289097548,0.41556661901128433,0.8608738862979671,1
REACTOME_DEGRADATION_OF_BETA_CATENIN_BY_THE_DESTRUCTION_COMPLEX,12,12,0.0017699701711535454,-3.1959498301148415e-06,0.0017731661209836602,0.42083810131189714,0.8608738862979671,1
REACTOME_TNFR2_NON_CANONICAL_NF_KB_PATHWAY,25,25,0.0014898329973220825,-1.6200414393097162e-05,0.0015060334117151797,0.42219778530649177,0.8608738862979671,1
REACTOME_SYNTHESIS_OF_GLYCOSYLPHOSPHATIDYLINOSITOL_GPI,7,7,0.001139860600233078,-8.604023605585098e-06,0.001148464623838663,0.4156966985716106,0.8608738862979671,1
REACTOME_MEMBRANE_TRAFFICKING,122,122,0.00010252662468701601,-1.4012097381055355e-05,0.00011653872206807137,0.4274178309840817,0.8608738862979671,1
REACTOME_RHOBTB_GTPASE_CYCLE,7,7,-0.004391439259052277,6.387708708643913e-06,-0.0043978269677609205,0.43898731482259756,0.8611937301450513,-1
REACTOME_SPHINGOLIPID_METABOLISM,14,14,0.0028224349953234196,-1.838873140513897e-05,0.0028408237267285585,0.43662869664901405,0.8611937301450513,1
REACTOME_SIGNALING_BY_TGF_BETA_RECEPTOR_COMPLEX,22,22,-0.002797892317175865,5.330424755811691e-06,-0.002803222741931677,0.43947227492452234,0.8611937301450513,-1
REACTOME_TRANSCRIPTIONAL_REGULATION_BY_THE_AP_2_TFAP2_FAMILY_OF_TRANSCRIPTION_FACTORS,10,10,0.002647069049999118,-1.4012097381055355e-05,0.002661081147380173,0.4404071725147559,0.8611937301450513,1
REACTOME_ESTROGEN_DEPENDENT_NUCLEAR_EVENTS_DOWNSTREAM_OF_ESR_MEMBRANE_SIGNALING,8,8,0.0024826442822813988,-1.4012097381055355e-05,0.002496656379662454,0.4354155325176924,0.8611937301450513,1
REACTOME_INTERLEUKIN_1_FAMILY_SIGNALING,29,29,0.0018872320652008057,-1.6200414393097162e-05,0.0019034324795939028,0.4374814292766941,0.8611937301450513,1
REACTOME_SMOOTH_MUSCLE_CONTRACTION,7,7,0.0018872320652008057,-1.5979749150574207e-06,0.001888830040115863,0.441323477369706,0.8611937301450513,1
REACTOME_ESTROGEN_DEPENDENT_GENE_EXPRESSION,29,29,-0.001664659008383751,6.387708708643913e-06,-0.0016710467170923948,0.4368250174315519,0.8611937301450513,-1
REACTOME_ACTIVATION_OF_BH3_ONLY_PROTEINS,7,7,0.001300264149904251,-1.5979749150574207e-06,0.0013018621248193085,0.441323477369706,0.8611937301450513,1
REACTOME_METABOLISM_OF_NUCLEOTIDES,26,26,0.0011130375787615776,-3.1959498301148415e-06,0.0011162335285916924,0.4378967116894613,0.8611937301450513,1
REACTOME_G0_AND_EARLY_G1,11,11,-0.0005295965820550919,2.6652123779058456e-06,-0.0005322617944329977,0.4402623626485781,0.8611937301450513,-1
REACTOME_DISEASES_ASSOCIATED_WITH_O_GLYCOSYLATION_OF_PROTEINS,9,9,-0.00038865627720952034,2.6652123779058456e-06,-0.0003913214895874262,0.43378103264399204,0.8611937301450513,-1
REACTOME_ORGANELLE_BIOGENESIS_AND_MAINTENANCE,71,71,0.0003421185538172722,-8.604023605585098e-06,0.0003507225774228573,0.44239506134813333,0.861291077867151,1
REACTOME_TRNA_PROCESSING_IN_THE_NUCLEUS,21,21,-0.005995331332087517,9.017996490001678e-06,-0.0060043493285775185,0.4512964513064647,0.863515211410741,-1
REACTOME_CDC6_ASSOCIATION_WITH_THE_ORC_ORIGIN_COMPLEX,5,5,-0.004479725379496813,2.6652123779058456e-06,-0.004482390591874719,0.45082964445344176,0.863515211410741,-1
REACTOME_SIGNALING_BY_FGFR3,8,8,0.0028910256223753095,-3.1959498301148415e-06,0.0028942215722054243,0.4539448000169648,0.863515211410741,1
REACTOME_TRANSCRIPTIONAL_REGULATION_BY_E2F6,14,14,-0.002717407653108239,7.444992661476135e-06,-0.0027248526457697153,0.4549586217863737,0.863515211410741,-1
REACTOME_DNA_REPLICATION_PRE_INITIATION,19,19,-0.002657763659954071,6.387708708643913e-06,-0.002664151368662715,0.44642354854760957,0.863515211410741,-1
REACTOME_G_BETA_GAMMA_SIGNALLING_THROUGH_PI3KGAMMA,9,9,0.0026087299920618534,-8.604023605585098e-06,0.0026173340156674385,0.45509721569079264,0.863515211410741,1
REACTOME_SIGNALING_BY_EGFR_IN_CANCER,7,7,0.0018872320652008057,-8.604023605585098e-06,0.0018958360888063908,0.4524322677935493,0.863515211410741,1
REACTOME_ROS_AND_RNS_PRODUCTION_IN_PHAGOCYTES,7,7,0.0018872320652008057,-1.5979749150574207e-06,0.001888830040115863,0.4558295006853852,0.863515211410741,1
REACTOME_P75_NTR_RECEPTOR_MEDIATED_SIGNALLING,29,29,0.001300264149904251,-1.6200414393097162e-05,0.0013164645642973483,0.45474628516948834,0.863515211410741,1
REACTOME_TAK1_ACTIVATES_NFKB_BY_PHOSPHORYLATION_AND_ACTIVATION_OF_IKKS_COMPLEX,9,9,0.0010565463453531265,-1.5979749150574207e-06,0.001058144320268184,0.45359812402112076,0.863515211410741,1
REACTOME_REGULATION_OF_INSULIN_SECRETION,19,19,0.0006947319488972425,-8.604023605585098e-06,0.0007033359725028276,0.4486789749227106,0.863515211410741,1
REACTOME_DNA_DOUBLE_STRAND_BREAK_REPAIR,36,36,7.632351480424404e-05,0.0,7.632351480424404e-05,0.4526780684929914,0.863515211410741,1
REACTOME_SLC_MEDIATED_TRANSMEMBRANE_TRANSPORT,36,36,0.0018872320652008057,-1.838873140513897e-05,0.0019056207966059446,0.4614531282533898,0.871942213110465,1
REACTOME_GLYCOSAMINOGLYCAN_METABOLISM,19,19,-0.0016320860013365746,2.6652123779058456e-06,-0.0016347512137144804,0.46234658275252416,0.871942213110465,-1
REACTOME_DAP12_INTERACTIONS,13,13,-0.01070384681224823,2.6652123779058456e-06,-0.010706512024626136,0.46812594857604795,0.8769559436657965,-1
REACTOME_DISORDERS_OF_TRANSMEMBRANE_TRANSPORTERS,30,30,-0.0015710706356912851,7.444992661476135e-06,-0.0015785156283527613,0.4676130449741456,0.8769559436657965,-1
REACTOME_PROTEIN_LOCALIZATION,42,42,0.00100168795324862,-3.1959498301148415e-06,0.0010048839030787349,0.4679415274001898,0.8769559436657965,1
REACTOME_NEUTROPHIL_DEGRANULATION,94,94,0.0001308844075538218,0.0,0.0001308844075538218,0.46935465222130146,0.8773081415134305,1
REACTOME_DECTIN_1_MEDIATED_NONCANONICAL_NF_KB_SIGNALING,5,5,0.0018872320652008057,-1.5979749150574207e-06,0.001888830040115863,0.4719069655247483,0.8781844855129421,1
REACTOME_TOLL_LIKE_RECEPTOR_9_TLR9_CASCADE,27,27,-0.001858200877904892,6.387708708643913e-06,-0.0018645885866135359,0.47139584022293857,0.8781844855129421,-1
REACTOME_GABA_B_RECEPTOR_ACTIVATION,11,11,0.0018872320652008057,-1.6200414393097162e-05,0.0019034324795939028,0.47595874941562977,0.8806077250395953,1
REACTOME_COPI_DEPENDENT_GOLGI_TO_ER_RETROGRADE_TRAFFIC,21,21,0.0018872320652008057,-8.604023605585098e-06,0.0018958360888063908,0.4773875804781673,0.8806077250395953,1
REACTOME_GLYCOGEN_SYNTHESIS,6,6,0.0012056092964485288,0.0,0.0012056092964485288,0.4770866735922109,0.8806077250395953,1
REACTOME_DISEASES_OF_SIGNAL_TRANSDUCTION_BY_GROWTH_FACTOR_RECEPTORS_AND_SECOND_MESSENGERS,85,85,0.0011077001690864563,-4.342047031968832e-05,0.0011511206394061446,0.4756687376734997,0.8806077250395953,1
REACTOME_INTERLEUKIN_1_SIGNALING,19,19,-0.0031509585678577423,6.387708708643913e-06,-0.0031573462765663862,0.48584824069119625,0.8816908476668798,-1
REACTOME_METABOLISM_OF_AMINO_ACIDS_AND_DERIVATIVES,58,58,-0.0030105188488960266,1.0591000318527222e-05,-0.003021109849214554,0.4855396772649899,0.8816908476668798,-1
REACTOME_METABOLISM_OF_CARBOHYDRATES,55,55,-0.002322268206626177,1.6619451344013214e-05,-0.00233888765797019,0.4894792917675599,0.8816908476668798,-1
REACTOME_INTERLEUKIN_17_SIGNALING,15,15,-0.0021549761295318604,6.387708708643913e-06,-0.0021613638382405043,0.48007252447736304,0.8816908476668798,-1
REACTOME_CIRCADIAN_CLOCK,21,21,-0.0021205684170126915,9.017996490001678e-06,-0.002129586413502693,0.4815439493141058,0.8816908476668798,-1
REACTOME_ECM_PROTEOGLYCANS,15,15,0.0018872320652008057,-4.342047031968832e-05,0.001930652535520494,0.48103205219935463,0.8816908476668798,1
REACTOME_TRANSPORT_OF_INORGANIC_CATIONS_ANIONS_AND_AMINO_ACIDS_OLIGOPEPTIDES,11,11,0.0018872320652008057,-8.604023605585098e-06,0.0018958360888063908,0.48603930352187386,0.8816908476668798,1
REACTOME_FCERI_MEDIATED_NF_KB_ACTIVATION,13,13,0.0018872320652008057,-1.5979749150574207e-06,0.001888830040115863,0.4881590885255451,0.8816908476668798,1
REACTOME_TICAM1_RIP1_MEDIATED_IKK_COMPLEX_RECRUITMENT,5,5,0.0018217726610600948,-1.5979749150574207e-06,0.0018233706359751523,0.4889013321693847,0.8816908476668798,1
REACTOME_ANTI_INFLAMMATORY_RESPONSE_FAVOURING_LEISHMANIA_PARASITE_INFECTION,36,36,0.0016498869517818093,-3.543973434716463e-05,0.001685326686128974,0.4833328072198684,0.8816908476668798,1
REACTOME_TRANSCRIPTIONAL_REGULATION_OF_WHITE_ADIPOCYTE_DIFFERENTIATION,22,22,0.00011128652840852737,0.0,0.00011128652840852737,0.48947961649833893,0.8816908476668798,1
REACTOME_RAC2_GTPASE_CYCLE,12,12,-0.002351063769310713,5.330424755811691e-06,-0.0023563941940665245,0.49104390285558197,0.8826226228299693,-1
REACTOME_TRANSCRIPTION_OF_THE_HIV_GENOME,15,15,-0.0038578957319259644,6.387708708643913e-06,-0.0038642834406346083,0.49311380424828966,0.8844573127261876,-1
REACTOME_THROMBIN_SIGNALLING_THROUGH_PROTEINASE_ACTIVATED_RECEPTORS_PARS,9,9,0.0026087299920618534,-8.604023605585098e-06,0.0026173340156674385,0.5010292104190952,0.8873269419817169,1
REACTOME_DNA_STRAND_ELONGATION,14,14,-0.0020984774455428123,5.330424755811691e-06,-0.002103807870298624,0.5004681676103908,0.8873269419817169,-1
REACTOME_CHONDROITIN_SULFATE_DERMATAN_SULFATE_METABOLISM,7,7,-0.0019500046037137508,2.6652123779058456e-06,-0.0019526698160916567,0.500559571346573,0.8873269419817169,-1
REACTOME_OVARIAN_TUMOR_DOMAIN_PROTEASES,7,7,0.001652708277106285,-1.5979749150574207e-06,0.0016543062520213425,0.497340227986269,0.8873269419817169,1
REACTOME_ONCOGENE_INDUCED_SENESCENCE,12,12,-0.0012047498021274805,0.0,-0.0012047498021274805,0.4964834135714117,0.8873269419817169,-1
REACTOME_METABOLISM_OF_FAT_SOLUBLE_VITAMINS,7,7,0.001013876695651561,-1.5979749150574207e-06,0.0010154746705666184,0.499127389406649,0.8873269419817169,1
REACTOME_POLB_DEPENDENT_LONG_PATCH_BASE_EXCISION_REPAIR,5,5,-0.004910284653306007,6.387708708643913e-06,-0.004916672362014651,0.5045163539171301,0.8896619109752549,-1
REACTOME_FCERI_MEDIATED_MAPK_ACTIVATION,10,10,-0.004146209917962551,0.0,-0.004146209917962551,0.5055137074224758,0.8896619109752549,-1
REACTOME_MITOCHONDRIAL_TRNA_AMINOACYLATION,6,6,-0.0021944965701550245,5.330424755811691e-06,-0.0021998269949108362,0.5050418363462026,0.8896619109752549,-1
REACTOME_G2_M_DNA_DAMAGE_CHECKPOINT,12,12,-0.00010031962301582098,0.0,-0.00010031962301582098,0.5074581095175696,0.8912233048402317,-1
REACTOME_ANTIMICROBIAL_PEPTIDES,8,8,0.007819822640158236,-3.1959498301148415e-06,0.007823018589988351,0.5131357407993805,0.891527989497287,1
REACTOME_GLUCONEOGENESIS,6,6,-0.006129977758973837,5.330424755811691e-06,-0.006135308183729649,0.5116736703228553,0.891527989497287,-1
REACTOME_POSTMITOTIC_NUCLEAR_PORE_COMPLEX_NPC_REFORMATION,7,7,-0.005144287366420031,2.6652123779058456e-06,-0.0051469525787979364,0.5160921220340167,0.891527989497287,-1
REACTOME_NS1_MEDIATED_EFFECTS_ON_HOST_PATHWAYS,12,12,-0.003901025513187051,5.330424755811691e-06,-0.0039063559379428625,0.5154937001303227,0.891527989497287,-1
REACTOME_EPIGENETIC_REGULATION_OF_GENE_EXPRESSION,24,24,-0.0033585461787879467,1.0591000318527222e-05,-0.003369137179106474,0.5160294338844007,0.891527989497287,-1
REACTOME_ASSEMBLY_AND_CELL_SURFACE_PRESENTATION_OF_NMDA_RECEPTORS,7,7,0.0018872320652008057,-8.604023605585098e-06,0.0018958360888063908,0.5091982178650517,0.891527989497287,1
REACTOME_CELLULAR_RESPONSE_TO_HYPOXIA,8,8,0.0015526372008025646,-3.1959498301148415e-06,0.0015558331506326795,0.5155161453306403,0.891527989497287,1
REACTOME_G_PROTEIN_BETA_GAMMA_SIGNALLING,10,10,0.001341181923635304,-3.1959498301148415e-06,0.0013443778734654188,0.5112601952226743,0.891527989497287,1
REACTOME_COOPERATION_OF_PREFOLDIN_AND_TRIC_CCT_IN_ACTIN_AND_TUBULIN_FOLDING,8,8,-0.013379864394664764,0.0,-0.013379864394664764,0.5223487496941771,0.8919004904972233,-1
REACTOME_EXPORT_OF_VIRAL_RIBONUCLEOPROTEINS_FROM_NUCLEUS,10,10,-0.005801548017188907,5.330424755811691e-06,-0.005806878441944718,0.5179563968048031,0.8919004904972233,-1
REACTOME_TRANSCRIPTIONAL_REGULATION_BY_MECP2,15,15,-0.00507953017950058,6.387708708643913e-06,-0.005085917888209224,0.5202558005782916,0.8919004904972233,-1
REACTOME_RESOLUTION_OF_SISTER_CHROMATID_COHESION,33,33,-0.004638321697711945,9.017996490001678e-06,-0.004647339694201946,0.5226558034467714,0.8919004904972233,-1
REACTOME_RND3_GTPASE_CYCLE,8,8,-0.001822083257138729,5.330424755811691e-06,-0.0018274136818945408,0.5223487496941771,0.8919004904972233,-1
REACTOME_ACTIVATION_OF_NMDA_RECEPTORS_AND_POSTSYNAPTIC_EVENTS,17,17,-0.0014513544738292694,2.6652123779058456e-06,-0.0014540196862071753,0.5218844768052789,0.8919004904972233,-1
REACTOME_FLT3_SIGNALING_IN_DISEASE,12,12,0.0017595663666725159,-3.1959498301148415e-06,0.0017627623165026307,0.5244366028992167,0.8931314267556356,1
REACTOME_TRANS_GOLGI_NETWORK_VESICLE_BUDDING,16,16,0.0044123101979494095,-1.838873140513897e-05,0.0044306989293545485,0.5283602040506683,0.8971223479705166,1
REACTOME_GLOBAL_GENOME_NUCLEOTIDE_EXCISION_REPAIR_GG_NER,31,31,-0.002682708203792572,9.017996490001678e-06,-0.0026917262002825737,0.5299726326089172,0.8971223479705166,-1
REACTOME_NRAGE_SIGNALS_DEATH_THROUGH_JNK,20,20,-3.113690763711929e-05,0.0,-3.113690763711929e-05,0.5293808589984074,0.8971223479705166,-1
REACTOME_SIGNALING_BY_INSULIN_RECEPTOR,16,16,4.575366619974375e-05,0.0,4.575366619974375e-05,0.5332563571469066,0.9008719620738321,1
REACTOME_INTERLEUKIN_12_SIGNALING,9,9,0.0036886970046907663,-8.604023605585098e-06,0.0036973010282963514,0.534488252556873,0.901147193810888,1
REACTOME_VIRAL_MESSENGER_RNA_SYNTHESIS,13,13,-0.006744109094142914,9.017996490001678e-06,-0.0067531270906329155,0.5380119144515796,0.902444353355631,-1
REACTOME_HCMV_EARLY_EVENTS,20,20,-0.006048404145985842,1.0591000318527222e-05,-0.006058995146304369,0.5421512801200927,0.902444353355631,-1
REACTOME_CARGO_CONCENTRATION_IN_THE_ER,5,5,-0.005937991663813591,2.6652123779058456e-06,-0.005940656876191497,0.5431272473013942,0.902444353355631,-1
REACTOME_DETOXIFICATION_OF_REACTIVE_OXYGEN_SPECIES,5,5,0.002522554248571396,-1.5979749150574207e-06,0.0025241522234864533,0.539156901593767,0.902444353355631,1
REACTOME_INTERLEUKIN_2_FAMILY_SIGNALING,14,14,-0.0019072014838457108,1.0591000318527222e-05,-0.001917792484164238,0.5440386429545706,0.902444353355631,-1
REACTOME_TRANSCRIPTIONAL_REGULATION_BY_RUNX2,16,16,0.0018872320652008057,-3.1959498301148415e-06,0.0018904280150309205,0.5431169995848844,0.902444353355631,1
REACTOME_N_GLYCAN_ANTENNAE_ELONGATION_IN_THE_MEDIAL_TRANS_GOLGI,7,7,-0.0009678713977336884,2.6652123779058456e-06,-0.0009705366101115942,0.5448922608042897,0.902444353355631,-1
REACTOME_INTERLEUKIN_20_FAMILY_SIGNALING,5,5,-0.00035236263647675514,2.6652123779058456e-06,-0.000355027848854661,0.5369574552581018,0.902444353355631,-1
REACTOME_DOWNSTREAM_SIGNALING_OF_ACTIVATED_FGFR2,5,5,0.0002575768157839775,-1.5979749150574207e-06,0.00025917479069903493,0.5409197029872355,0.902444353355631,1
REACTOME_BLOOD_GROUP_SYSTEMS_BIOSYNTHESIS,6,6,-0.005235652672126889,0.0,-0.005235652672126889,0.5467158814029403,0.9028608219582643,-1
REACTOME_GOLGI_TO_ER_RETROGRADE_TRANSPORT,24,24,0.001840735087171197,-1.4012097381055355e-05,0.0018547471845522523,0.547285741424286,0.9028608219582643,1
REACTOME_RHOB_GTPASE_CYCLE,14,14,-5.5802054703235626e-05,0.0,-5.5802054703235626e-05,0.5498809035317083,0.9053703157758399,-1
REACTOME_AQUAPORIN_MEDIATED_TRANSPORT,16,16,0.0018872320652008057,-1.838873140513897e-05,0.0019056207966059446,0.5520685429411245,0.9057818470596452,1
REACTOME_RAC3_GTPASE_CYCLE,14,14,0.001090644916985184,-3.1959498301148415e-06,0.0010938408668152988,0.552279797614066,0.9057818470596452,1
REACTOME_INWARDLY_RECTIFYING_K_CHANNELS,9,9,0.0026087299920618534,-8.604023605585098e-06,0.0026173340156674385,0.5549580684940181,0.9084070907581694,1
REACTOME_REGULATION_OF_PYRUVATE_DEHYDROGENASE_PDH_COMPLEX,6,6,-0.005602666176855564,5.330424755811691e-06,-0.005607996601611376,0.5622068177187803,0.9092578094905936,-1
REACTOME_PYRUVATE_METABOLISM,8,8,-0.00284145912155509,7.444992661476135e-06,-0.002848904114216566,0.5589677007116063,0.9092578094905936,-1
REACTOME_REGULATION_OF_LIPID_METABOLISM_BY_PPARALPHA,28,28,-0.0020073805935680866,7.444992661476135e-06,-0.0020148255862295628,0.5594154392892108,0.9092578094905936,-1
REACTOME_O_LINKED_GLYCOSYLATION_OF_MUCINS,13,13,0.0018340405076742172,-8.604023605585098e-06,0.0018426445312798023,0.5603725089135567,0.9092578094905936,1
REACTOME_GLUCAGON_LIKE_PEPTIDE_1_GLP1_REGULATES_INSULIN_SECRETION,15,15,0.0006947319488972425,-8.604023605585098e-06,0.0007033359725028276,0.5569163413064047,0.9092578094905936,1
REACTOME_REGULATION_OF_TP53_ACTIVITY_THROUGH_METHYLATION,6,6,0.0005575679242610931,0.0,0.0005575679242610931,0.563027967442574,0.9092578094905936,1
REACTOME_NEGATIVE_REGULATION_OF_THE_PI3K_AKT_NETWORK,25,25,2.8627924621105194e-05,-1.5979749150574207e-06,3.0225899536162615e-05,0.5617643555070313,0.9092578094905936,1
REACTOME_RAB_REGULATION_OF_TRAFFICKING,25,25,-0.0017023822292685509,9.017996490001678e-06,-0.0017114002257585526,0.5645932675077832,0.9097942487507396,-1
REACTOME_TRANSMISSION_ACROSS_CHEMICAL_SYNAPSES,44,44,0.0011187465279363096,-2.4503679014742374e-05,0.001143250206951052,0.5665978417486812,0.9097942487507396,1
REACTOME_C_TYPE_LECTIN_RECEPTORS_CLRS,26,26,-0.0001583946868777275,0.0,-0.0001583946868777275,0.5661194009933608,0.9097942487507396,-1
REACTOME_ORC1_REMOVAL_FROM_CHROMATIN,12,12,-0.003207593224942684,5.330424755811691e-06,-0.003212923649698496,0.5697270667081635,0.913079690560802,-1
REACTOME_EICOSANOID_LIGAND_BINDING_RECEPTORS,6,6,0.0012691512238234282,-3.1959498301148415e-06,0.001272347173653543,0.5737552273510069,0.9161755246118205,1
REACTOME_RUNX1_REGULATES_GENES_INVOLVED_IN_MEGAKARYOCYTE_DIFFERENTIATION_AND_PLATELET_FUNCTION,13,13,-0.0003652297891676426,2.6652123779058456e-06,-0.00036789500154554844,0.5738323570522434,0.9161755246118205,-1
REACTOME_PROCESSIVE_SYNTHESIS_ON_THE_LAGGING_STRAND,7,7,-0.005534417927265167,2.6652123779058456e-06,-0.005537083139643073,0.5756214548299945,0.9166651938908315,-1
REACTOME_MISMATCH_REPAIR,5,5,0.0018178615719079971,-1.5979749150574207e-06,0.0018194595468230546,0.5763138229681384,0.9166651938908315,1
REACTOME_DOWNREGULATION_OF_SMAD2_3_SMAD4_TRANSCRIPTIONAL_ACTIVITY,8,8,-0.014176896307617426,5.330424755811691e-06,-0.014182226732373238,0.577913424371711,0.9174582837756547,-1
REACTOME_PHASE_I_FUNCTIONALIZATION_OF_COMPOUNDS,11,11,-0.006847070530056953,6.387708708643913e-06,-0.006853458238765597,0.5808016179508034,0.9174582837756547,-1
REACTOME_HCMV_INFECTION,24,24,-0.005111908772960305,5.330424755811691e-06,-0.005117239197716117,0.586997966293372,0.9174582837756547,-1
REACTOME_SIGNALING_BY_FGFR2,16,16,-0.004618489649146795,0.0,-0.004618489649146795,0.5837012047233758,0.9174582837756547,-1
REACTOME_DISEASES_ASSOCIATED_WITH_N_GLYCOSYLATION_OF_PROTEINS,6,6,-0.004585272632539272,5.330424755811691e-06,-0.004590603057295084,0.5879275793491338,0.9174582837756547,-1
REACTOME_TRANSPORT_OF_VITAMINS_NUCLEOSIDES_AND_RELATED_MOLECULES,9,9,-0.0031761974096298218,2.6652123779058456e-06,-0.0031788626220077276,0.5843125955909201,0.9174582837756547,-1
REACTOME_DNA_REPAIR,80,80,-0.002774526597931981,3.487616777420044e-05,-0.0028094027657061815,0.5816298834360891,0.9174582837756547,-1
REACTOME_S_PHASE,46,46,0.0008455292554572225,-1.4012097381055355e-05,0.0008595413528382778,0.5862249387707725,0.9174582837756547,1
REACTOME_RHO_GTPASE_EFFECTORS,52,52,-0.0007557985372841358,7.444992661476135e-06,-0.000763243529945612,0.5887840231585163,0.9174582837756547,-1
REACTOME_TP53_REGULATES_TRANSCRIPTION_OF_ADDITIONAL_CELL_CYCLE_GENES_WHOSE_EXACT_ROLE_IN_THE_P53_PATHWAY_REMAIN_UNCERTAIN,6,6,-0.000385891180485487,0.0,-0.000385891180485487,0.5854148450552584,0.9174582837756547,-1
REACTOME_UB_SPECIFIC_PROCESSING_PROTEASES,33,33,0.0001161438412964344,-8.604023605585098e-06,0.0001247478649020195,0.5819589139348913,0.9174582837756547,1
REACTOME_CELL_SURFACE_INTERACTIONS_AT_THE_VASCULAR_WALL,36,36,0.0009631352731958032,-3.1959498301148415e-06,0.000966331223025918,0.5923497719912182,0.9213115457354187,1
REACTOME_PROCESSING_OF_CAPPED_INTRONLESS_PRE_MRNA,9,9,-0.0030579417943954468,6.387708708643913e-06,-0.0030643295031040907,0.5980471417076756,0.9216704578785567,-1
REACTOME_PROCESSING_OF_INTRONLESS_PRE_MRNAS,9,9,-0.0030579417943954468,6.387708708643913e-06,-0.0030643295031040907,0.5980471417076756,0.9216704578785567,-1
REACTOME_RMTS_METHYLATE_HISTONE_ARGININES,11,11,0.0028315484523773193,-8.604023605585098e-06,0.0028401524759829044,0.5956818063161469,0.9216704578785567,1
REACTOME_PLATELET_ADHESION_TO_EXPOSED_COLLAGEN,7,7,0.00047420780174434185,-1.5979749150574207e-06,0.00047580577665939927,0.5949898396139054,0.9216704578785567,1
REACTOME_SYNTHESIS_OF_PA,7,7,3.1621428206562996e-05,-1.5979749150574207e-06,3.321940312162042e-05,0.5961613469635807,0.9216704578785567,1
REACTOME_RAS_ACTIVATION_UPON_CA2_INFLUX_THROUGH_NMDA_RECEPTOR,5,5,-0.0014513544738292694,2.6652123779058456e-06,-0.0014540196862071753,0.6011193581196639,0.9247146330198479,-1
REACTOME_SUMOYLATION_OF_SUMOYLATION_PROTEINS,10,10,-0.005801548017188907,5.330424755811691e-06,-0.005806878441944718,0.6278911694144766,0.9256368500431232,-1
REACTOME_TBC_RABGAPS,7,7,-0.005355679430067539,2.6652123779058456e-06,-0.005358344642445445,0.6122761371354768,0.9256368500431232,-1
REACTOME_RHOBTB2_GTPASE_CYCLE,5,5,-0.004391439259052277,6.387708708643913e-06,-0.0043978269677609205,0.6188588784471849,0.9256368500431232,-1
REACTOME_RHOJ_GTPASE_CYCLE,10,10,-0.003972738457378,0.0,-0.003972738457378,0.6376284813313962,0.9256368500431232,-1
REACTOME_RNA_POLYMERASE_I_TRANSCRIPTION,15,15,-0.003730691969394684,9.017996490001678e-06,-0.0037397099658846855,0.623948302180359,0.9256368500431232,-1
REACTOME_RNA_POLYMERASE_I_TRANSCRIPTION_INITIATION,15,15,-0.003730691969394684,9.017996490001678e-06,-0.0037397099658846855,0.623948302180359,0.9256368500431232,-1
REACTOME_INTERLEUKIN_4_AND_INTERLEUKIN_13_SIGNALING,38,38,0.002637243829667568,-1.4012097381055355e-05,0.0026512559270486236,0.640611052530566,0.9256368500431232,1
REACTOME_SEMAPHORIN_INTERACTIONS,10,10,0.002300537656992674,-3.1959498301148415e-06,0.0023037336068227887,0.6396510032679619,0.9256368500431232,1
REACTOME_UBIQUINOL_BIOSYNTHESIS,5,5,-0.002076324075460434,2.6652123779058456e-06,-0.00207898928783834,0.6108944681883797,0.9256368500431232,-1
REACTOME_DEGRADATION_OF_GLI1_BY_THE_PROTEASOME,7,7,0.0018872320652008057,-1.5979749150574207e-06,0.001888830040115863,0.622992358485853,0.9256368500431232,1
REACTOME_ERBB2_ACTIVATES_PTK6_SIGNALING,5,5,0.0018872320652008057,-1.5979749150574207e-06,0.001888830040115863,0.6382508356977055,0.9256368500431232,1
REACTOME_TRAFFICKING_OF_AMPA_RECEPTORS,5,5,0.0018872320652008057,-1.5979749150574207e-06,0.001888830040115863,0.63112653953239,0.9256368500431232,1
REACTOME_COLLAGEN_DEGRADATION,13,13,0.0018181120976805687,-8.604023605585098e-06,0.0018267161212861538,0.6265030253440107,0.9256368500431232,1
REACTOME_CELL_CELL_COMMUNICATION,18,18,-0.0017184332245960832,5.330424755811691e-06,-0.0017237636493518949,0.6213227449647658,0.9256368500431232,-1
REACTOME_TOLL_LIKE_RECEPTOR_CASCADES,40,40,-0.0017024967819452286,5.330424755811691e-06,-0.0017078272067010403,0.606187281414168,0.9256368500431232,-1
REACTOME_SIGNALING_BY_FGFR1,9,9,0.001685615861788392,-8.604023605585098e-06,0.0016942198853939772,0.6301792672874995,0.9256368500431232,1
REACTOME_RNA_POLYMERASE_III_TRANSCRIPTION_INITIATION_FROM_TYPE_1_PROMOTER,10,10,0.0016325403412338346,-3.1959498301148415e-06,0.0016357362910639495,0.6208801041937815,0.9256368500431232,1
REACTOME_POLYMERASE_SWITCHING,8,8,0.0014987041940912604,-3.1959498301148415e-06,0.0015019001439213753,0.6312313056737859,0.9256368500431232,1
REACTOME_NUCLEAR_SIGNALING_BY_ERBB4,7,7,-0.0013043121434748173,2.6652123779058456e-06,-0.0013069773558527231,0.6154428159018025,0.9256368500431232,-1
REACTOME_POLYMERASE_SWITCHING_ON_THE_C_STRAND_OF_THE_TELOMERE,13,13,0.0011795468162745237,-1.5979749150574207e-06,0.0011811447911895812,0.6203540011645245,0.9256368500431232,1
REACTOME_INTRA_GOLGI_TRAFFIC,10,10,-0.0011532614007592201,7.444992661476135e-06,-0.0011607063934206963,0.6376284813313962,0.9256368500431232,-1
REACTOME_SIGNALING_BY_WNT_IN_CANCER,5,5,0.0011077001690864563,-1.5979749150574207e-06,0.0011092981440015137,0.6330230391421003,0.9256368500431232,1
REACTOME_PEROXISOMAL_PROTEIN_IMPORT,18,18,0.00100168795324862,-3.1959498301148415e-06,0.0010048839030787349,0.6318079750126089,0.9256368500431232,1
REACTOME_COPI_MEDIATED_ANTEROGRADE_TRANSPORT,15,15,-0.0008494555950164795,2.6652123779058456e-06,-0.0008521208073943853,0.6236755185847944,0.9256368500431232,-1
REACTOME_RHOC_GTPASE_CYCLE,16,16,0.0007593664340674877,0.0,0.0007593664340674877,0.6386627543032635,0.9256368500431232,1
REACTOME_MATURATION_OF_PROTEIN_3A,5,5,-0.0006983729545027018,2.6652123779058456e-06,-0.0007010381668806076,0.6306527932432252,0.9256368500431232,-1
REACTOME_TRANSLATION_OF_SARS_COV_1_STRUCTURAL_PROTEINS,9,9,-0.0006983729545027018,2.6652123779058456e-06,-0.0007010381668806076,0.6238346318591266,0.9256368500431232,-1
REACTOME_DARPP_32_EVENTS,7,7,0.0006947319488972425,-1.5979749150574207e-06,0.0006963299238123,0.6190139074629133,0.9256368500431232,1
REACTOME_TRANSCRIPTION_OF_E2F_TARGETS_UNDER_NEGATIVE_CONTROL_BY_DREAM_COMPLEX,9,9,-0.0005295965820550919,2.6652123779058456e-06,-0.0005322617944329977,0.615068810006308,0.9256368500431232,-1
REACTOME_NONHOMOLOGOUS_END_JOINING_NHEJ,6,6,-0.0005149781936779618,0.0,-0.0005149781936779618,0.6086323288217512,0.9256368500431232,-1
REACTOME_INTERLEUKIN_10_SIGNALING,19,19,0.00044872728176414967,-1.5979749150574207e-06,0.0004503252566792071,0.6045015879481389,0.9256368500431232,1
REACTOME_INOSITOL_PHOSPHATE_METABOLISM,13,13,0.00029405776876956224,-1.5979749150574207e-06,0.00029565574368461967,0.6347422177081397,0.9256368500431232,1
REACTOME_TRANSCRIPTIONAL_REGULATION_OF_GRANULOPOIESIS,13,13,-0.00020743953064084053,2.6652123779058456e-06,-0.00021010474301874638,0.6412478296858648,0.9256368500431232,-1
REACTOME_REGULATION_OF_PLK1_ACTIVITY_AT_G2_M_TRANSITION,25,25,3.487616777420044e-05,-1.5979749150574207e-06,3.647414268925786e-05,0.6255259682489862,0.9256368500431232,1
REACTOME_FACTORS_INVOLVED_IN_MEGAKARYOCYTE_DEVELOPMENT_AND_PLATELET_PRODUCTION,37,37,-1.4012097381055355e-05,2.6652123779058456e-06,-1.66773097589612e-05,0.6081448488097112,0.9256368500431232,-1
REACTOME_SIGNALING_BY_WNT,53,53,5.330424755811691e-06,-1.5979749150574207e-06,6.928399670869112e-06,0.6067610265154489,0.9256368500431232,1
REACTOME_METABOLISM_OF_WATER_SOLUBLE_VITAMINS_AND_COFACTORS,25,25,0.0005057002417743206,-8.604023605585098e-06,0.0005143042653799057,0.6440861487933784,0.9281446554407146,1
REACTOME_SIGNALING_BY_VEGF,25,25,-0.0025765146128833294,9.017996490001678e-06,-0.002585532609373331,0.646019157938164,0.9286019973648327,-1
REACTOME_SENSORY_PROCESSING_OF_SOUND_BY_OUTER_HAIR_CELLS_OF_THE_COCHLEA,6,6,0.00010055862367153168,0.0,0.00010055862367153168,0.6466066102647174,0.9286019973648327,1
REACTOME_CDT1_ASSOCIATION_WITH_THE_CDC6_ORC_ORIGIN_COMPLEX,8,8,0.0012764702551066875,-3.1959498301148415e-06,0.0012796662049368024,0.6478157278493283,0.9287562220697003,1
REACTOME_DUAL_INCISION_IN_GG_NER,18,18,0.00033644656650722027,0.0,0.00033644656650722027,0.6504623222431705,0.93096729652121,1
REACTOME_MAP3K8_TPL2_DEPENDENT_MAPK1_3_ACTIVATION,5,5,-0.021278664469718933,2.6652123779058456e-06,-0.02128132968209684,0.6583756079578295,0.9360617019984621,-1
REACTOME_REGULATION_OF_SIGNALING_BY_CBL,9,9,-0.008108973503112793,6.387708708643913e-06,-0.008115361211821437,0.6587035576491771,0.9360617019984621,-1
REACTOME_TELOMERE_EXTENSION_BY_TELOMERASE,7,7,-0.003481809049844742,2.6652123779058456e-06,-0.0034844742622226477,0.6818697895249558,0.9360617019984621,-1
REACTOME_GOLGI_ASSOCIATED_VESICLE_BIOGENESIS,15,15,0.003322843462228775,-1.6200414393097162e-05,0.003339043876621872,0.6789342531854858,0.9360617019984621,1
REACTOME_RNA_POLYMERASE_I_TRANSCRIPTION_TERMINATION,9,9,-0.0029864003881812096,2.6652123779058456e-06,-0.0029890656005591154,0.6619448494106711,0.9360617019984621,-1
REACTOME_SUMOYLATION,52,52,-0.0024823856074362993,1.0591000318527222e-05,-0.0024929766077548265,0.6858570684190266,0.9360617019984621,-1
REACTOME_ZINC_TRANSPORTERS,5,5,-0.002443898469209671,2.6652123779058456e-06,-0.002446563681587577,0.6816814323721305,0.9360617019984621,-1
REACTOME_MEIOSIS,22,22,-0.0024087373167276382,5.330424755811691e-06,-0.00241406774148345,0.6760416728731047,0.9360617019984621,-1
REACTOME_ANTIGEN_PROCESSING_CROSS_PRESENTATION,15,15,0.0018872320652008057,-8.604023605585098e-06,0.0018958360888063908,0.6860079877357849,0.9360617019984621,1
REACTOME_MET_PROMOTES_CELL_MOTILITY,5,5,0.0018872320652008057,-8.604023605585098e-06,0.0018958360888063908,0.6753382165148285,0.9360617019984621,1
REACTOME_ARACHIDONIC_ACID_METABOLISM,10,10,0.0018872320652008057,-3.1959498301148415e-06,0.0018904280150309205,0.6747783007780186,0.9360617019984621,1
REACTOME_LONG_TERM_POTENTIATION,5,5,0.0018872320652008057,-1.5979749150574207e-06,0.001888830040115863,0.6787509645231489,0.9360617019984621,1
REACTOME_SIGNALING_BY_ERBB2_ECD_MUTANTS,5,5,0.0018872320652008057,-1.5979749150574207e-06,0.001888830040115863,0.688537828526103,0.9360617019984621,1
REACTOME_SIGNALING_BY_FGFR1_IN_DISEASE,8,8,0.0017864239634945989,-3.1959498301148415e-06,0.0017896199133247137,0.6565556140539817,0.9360617019984621,1
REACTOME_SIGNALING_BY_FLT3_FUSION_PROTEINS,9,9,-0.001744849607348442,2.6652123779058456e-06,-0.001747514819726348,0.663748312949912,0.9360617019984621,-1
REACTOME_MAPK_TARGETS_NUCLEAR_EVENTS_MEDIATED_BY_MAP_KINASES,9,9,-0.0015467926859855652,2.6652123779058456e-06,-0.001549457898363471,0.6789735025255939,0.9360617019984621,-1
REACTOME_FLT3_SIGNALING,14,14,0.0014660824090242386,-3.1959498301148415e-06,0.0014692783588543534,0.6640426875526642,0.9360617019984621,1
REACTOME_G_PROTEIN_MEDIATED_EVENTS,9,9,-0.0012325800489634275,2.6652123779058456e-06,-0.0012352452613413334,0.6807949345105886,0.9360617019984621,-1
REACTOME_ACTIVATED_NOTCH1_TRANSMITS_SIGNAL_TO_THE_NUCLEUS,5,5,-0.001143723726272583,2.6652123779058456e-06,-0.0011463889386504889,0.6690179747772333,0.9360617019984621,-1
REACTOME_DOWNSTREAM_SIGNALING_OF_ACTIVATED_FGFR1,6,6,0.0009715963387861848,-3.1959498301148415e-06,0.0009747922886162996,0.6895543498707533,0.9360617019984621,1
REACTOME_REGULATION_OF_TP53_ACTIVITY,37,37,-0.0009550899267196655,9.017996490001678e-06,-0.0009641079232096672,0.6671332858869505,0.9360617019984621,-1
REACTOME_N_GLYCAN_TRIMMING_IN_THE_ER_AND_CALNEXIN_CALRETICULIN_CYCLE,6,6,0.0007346440106630325,0.0,0.0007346440106630325,0.67615624116656,0.9360617019984621,1
REACTOME_TRANSCRIPTIONAL_REGULATION_OF_PLURIPOTENT_STEM_CELLS,9,9,0.000603607390075922,-1.5979749150574207e-06,0.0006052053649909794,0.6884651884836743,0.9360617019984621,1
REACTOME_HOMOLOGY_DIRECTED_REPAIR,28,28,-0.0005668841768056154,0.0,-0.0005668841768056154,0.6669642725662218,0.9360617019984621,-1
REACTOME_CELL_DEATH_SIGNALLING_VIA_NRAGE_NRIF_AND_NADE,25,25,0.00046285195276141167,-8.604023605585098e-06,0.00047145597636699677,0.6867073466665914,0.9360617019984621,1
REACTOME_TP53_REGULATES_TRANSCRIPTION_OF_CELL_DEATH_GENES,11,11,0.00046285195276141167,-1.5979749150574207e-06,0.0004644499276764691,0.6877149796486801,0.9360617019984621,1
REACTOME_RECRUITMENT_OF_NUMA_TO_MITOTIC_CENTROSOMES,28,28,0.0003648040583357215,-3.1959498301148415e-06,0.00036800000816583633,0.6688178611958391,0.9360617019984621,1
REACTOME_NUCLEOTIDE_CATABOLISM,8,8,0.0003363844007253647,0.0,0.0003363844007253647,0.6745611818524941,0.9360617019984621,1
REACTOME_CREB1_PHOSPHORYLATION_THROUGH_NMDA_RECEPTOR_MEDIATED_ACTIVATION_OF_RAS_SIGNALING,6,6,-0.00022774020908400416,0.0,-0.00022774020908400416,0.684183129997265,0.9360617019984621,-1
REACTOME_O_LINKED_GLYCOSYLATION,20,20,0.00017589516937732697,0.0,0.00017589516937732697,0.684507736200672,0.9360617019984621,1
REACTOME_RAC1_GTPASE_CYCLE,34,34,0.00017106765881180763,0.0,0.00017106765881180763,0.6596522270215102,0.9360617019984621,1
REACTOME_EGFR_DOWNREGULATION,7,7,2.8627924621105194e-05,-1.5979749150574207e-06,3.0225899536162615e-05,0.6572448696686912,0.9360617019984621,1
REACTOME_GENE_AND_PROTEIN_EXPRESSION_BY_JAK_STAT_SIGNALING_AFTER_INTERLEUKIN_12_STIMULATION,7,7,0.009877590462565422,-1.5979749150574207e-06,0.00987918843748048,0.6955614703409111,0.937139860813895,1
REACTOME_SUMOYLATION_OF_UBIQUITINYLATION_PROTEINS,10,10,-0.005801548017188907,5.330424755811691e-06,-0.005806878441944718,0.7011651723505156,0.937139860813895,-1
REACTOME_MRNA_CAPPING,7,7,-0.003954162821173668,2.6652123779058456e-06,-0.003956828033551574,0.7076762276476023,0.937139860813895,-1
REACTOME_MITOCHONDRIAL_CALCIUM_ION_TRANSPORT,5,5,-0.0033843517303466797,2.6652123779058456e-06,-0.0033870169427245855,0.7142253274862596,0.937139860813895,-1
REACTOME_MITOTIC_SPINDLE_CHECKPOINT,32,32,-0.0028078993782401085,5.330424755811691e-06,-0.00281322980299592,0.7206668845091655,0.937139860813895,-1
REACTOME_HDMS_DEMETHYLATE_HISTONES,6,6,-0.002796214073896408,5.330424755811691e-06,-0.0028015444986522198,0.7071179088523212,0.937139860813895,-1
REACTOME_NEGATIVE_EPIGENETIC_REGULATION_OF_RRNA_EXPRESSION,14,14,-0.00234642019495368,5.330424755811691e-06,-0.0023517506197094917,0.6962069817359723,0.937139860813895,-1
REACTOME_EXTENSION_OF_TELOMERES,21,21,-0.0023180972784757614,7.960712537169456e-06,-0.002326057991012931,0.7000944404626116,0.937139860813895,-1
REACTOME_COPII_MEDIATED_VESICLE_TRANSPORT,10,10,-0.002132600639015436,0.0,-0.002132600639015436,0.7113317771727253,0.937139860813895,-1
REACTOME_DNA_REPLICATION,35,35,-0.0017050656024366617,2.6652123779058456e-06,-0.0017077308148145676,0.7208411101296308,0.937139860813895,-1
REACTOME_SIGNALING_BY_FGFR4,7,7,0.001685615861788392,-1.5979749150574207e-06,0.0016872138367034495,0.7055820867512856,0.937139860813895,1
REACTOME_BBSOME_MEDIATED_CARGO_TARGETING_TO_CILIUM,9,9,0.0016019393224269152,-1.5979749150574207e-06,0.0016035372973419726,0.7153741868992813,0.937139860813895,1
REACTOME_M_PHASE,88,88,-0.0015438124537467957,7.444992661476135e-06,-0.0015512574464082718,0.7177534815952217,0.937139860813895,-1
REACTOME_RAB_GEFS_EXCHANGE_GTP_FOR_GDP_ON_RABS,18,18,-0.0013398579321801662,7.444992661476135e-06,-0.0013473029248416424,0.7182185953772577,0.937139860813895,-1
REACTOME_TRANSCRIPTIONAL_REGULATION_BY_RUNX3,15,15,0.001300264149904251,-1.5979749150574207e-06,0.0013018621248193085,0.6965276406442493,0.937139860813895,1
REACTOME_GLYCOGEN_METABOLISM,8,8,0.0011742255883291364,0.0,0.0011742255883291364,0.7217597282036516,0.937139860813895,1
REACTOME_TRANSCRIPTIONAL_REGULATION_BY_VENTX,13,13,-0.0009550899267196655,2.6652123779058456e-06,-0.0009577551390975714,0.6991506868124218,0.937139860813895,-1
REACTOME_FORMATION_OF_TC_NER_PRE_INCISION_COMPLEX,13,13,0.0009518319275230169,-1.5979749150574207e-06,0.0009534299024380744,0.7099097718114726,0.937139860813895,1
REACTOME_KINESINS,16,16,0.0008628221694380045,0.0,0.0008628221694380045,0.7092564868036135,0.937139860813895,1
REACTOME_G_ALPHA_Q_SIGNALLING_EVENTS,52,52,0.0007612384506501257,-1.4012097381055355e-05,0.0007752505480311811,0.7152471232411661,0.937139860813895,1
REACTOME_PROCESSIVE_SYNTHESIS_ON_THE_C_STRAND_OF_THE_TELOMERE,10,10,-0.0007217689417302608,0.0,-0.0007217689417302608,0.7176681412174644,0.937139860813895,-1
REACTOME_ASYMMETRIC_LOCALIZATION_OF_PCP_PROTEINS,7,7,-0.0005432926118373871,2.6652123779058456e-06,-0.0005459578242152929,0.7223963854047063,0.937139860813895,-1
REACTOME_ESR_MEDIATED_SIGNALING,50,50,-0.0005015269853174686,0.0,-0.0005015269853174686,0.7060251617850403,0.937139860813895,-1
REACTOME_RHOG_GTPASE_CYCLE,13,13,-0.00031916890293359756,2.6652123779058456e-06,-0.0003218341153115034,0.7225870812918527,0.937139860813895,-1
REACTOME_SYNTHESIS_OF_IP2_IP_AND_INS_IN_THE_CYTOSOL,5,5,0.00029405776876956224,-1.5979749150574207e-06,0.00029565574368461967,0.7162152177575953,0.937139860813895,1
REACTOME_PI3K_AKT_SIGNALING_IN_CANCER,25,25,0.0002575768157839775,-1.9257888197898865e-05,0.0002768347039818764,0.7086310714752719,0.937139860813895,1
REACTOME_HOMOLOGOUS_DNA_PAIRING_AND_STRAND_EXCHANGE,12,12,-0.00021543260663747787,0.0,-0.00021543260663747787,0.7221150710598168,0.937139860813895,-1
REACTOME_REGULATION_OF_INSULIN_LIKE_GROWTH_FACTOR_IGF_TRANSPORT_AND_UPTAKE_BY_INSULIN_LIKE_GROWTH_FACTOR_BINDING_PROTEINS_IGFBPS,24,24,-0.00020253960974514484,5.330424755811691e-06,-0.00020787003450095654,0.6973103114945836,0.937139860813895,-1
REACTOME_FOXO_MEDIATED_TRANSCRIPTION_OF_CELL_DEATH_GENES,8,8,0.00018972274847328663,0.0,0.00018972274847328663,0.6919771258688299,0.937139860813895,1
REACTOME_NOD1_2_SIGNALING_PATHWAY,9,9,-0.00443743821233511,2.6652123779058456e-06,-0.0044401034247130156,0.7265383634177793,0.9389994139799179,-1
REACTOME_ASSEMBLY_OF_COLLAGEN_FIBRILS_AND_OTHER_MULTIMERIC_STRUCTURES,11,11,0.0018872320652008057,-1.6200414393097162e-05,0.0019034324795939028,0.7275221326893633,0.9389994139799179,1
REACTOME_INTRAFLAGELLAR_TRANSPORT,15,15,0.0003421185538172722,-1.5979749150574207e-06,0.0003437165287323296,0.7295902920010039,0.9389994139799179,1
REACTOME_INTERCONVERSION_OF_NUCLEOTIDE_DI_AND_TRIPHOSPHATES,10,10,0.0002608645590953529,0.0,0.0002608645590953529,0.7265008831227269,0.9389994139799179,1
REACTOME_SIGNALING_BY_FGFR_IN_DISEASE,13,13,0.0002575768157839775,-1.5979749150574207e-06,0.00025917479069903493,0.729110211968582,0.9389994139799179,1
REACTOME_CD209_DC_SIGN_SIGNALING,5,5,-0.007494540885090828,2.6652123779058456e-06,-0.007497206097468734,0.7382286100802204,0.9396813875776923,-1
REACTOME_DISEASES_OF_DNA_REPAIR,10,10,-0.004416116513311863,5.330424755811691e-06,-0.004421446938067675,0.7325280682593774,0.9396813875776923,-1
REACTOME_HIV_INFECTION,44,44,-0.00302412873134017,1.0591000318527222e-05,-0.003034719731658697,0.7361172183091649,0.9396813875776923,-1
REACTOME_COOPERATION_OF_PDCL_PHLP1_AND_TRIC_CCT_IN_G_PROTEIN_BETA_FOLDING,11,11,0.0026087299920618534,-8.604023605585098e-06,0.0026173340156674385,0.7319180356541475,0.9396813875776923,1
REACTOME_NON_INTEGRIN_MEMBRANE_ECM_INTERACTIONS,8,8,0.0018872320652008057,-1.838873140513897e-05,0.0019056207966059446,0.7376093422174921,0.9396813875776923,1
REACTOME_RHOQ_GTPASE_CYCLE,11,11,0.0018872320652008057,-1.5979749150574207e-06,0.001888830040115863,0.7390376749276513,0.9396813875776923,1
REACTOME_SYNTHESIS_OF_PIPS_AT_THE_PLASMA_MEMBRANE,19,19,-0.0014393774326890707,6.387708708643913e-06,-0.0014457651413977146,0.7349068976418347,0.9396813875776923,-1
REACTOME_G_ALPHA_12_13_SIGNALLING_EVENTS,27,27,7.363385520875454e-05,-1.5979749150574207e-06,7.523183012381196e-05,0.7361308207853576,0.9396813875776923,1
REACTOME_L1CAM_INTERACTIONS,22,22,0.0018872320652008057,-2.4503679014742374e-05,0.001911735744215548,0.7441543887210371,0.9401783426316185,1
REACTOME_SWITCHING_OF_ORIGINS_TO_A_POST_REPLICATIVE_STATE,19,19,-0.0017050656024366617,2.6652123779058456e-06,-0.0017077308148145676,0.7450049025835364,0.9401783426316185,-1
REACTOME_ER_TO_GOLGI_ANTEROGRADE_TRANSPORT,24,24,-0.001267785206437111,5.330424755811691e-06,-0.0012731156311929226,0.7427793419777187,0.9401783426316185,-1
REACTOME_DUAL_INCISION_IN_TC_NER,23,23,0.0009518319275230169,-1.5979749150574207e-06,0.0009534299024380744,0.7436296111699525,0.9401783426316185,1
REACTOME_RETROGRADE_TRANSPORT_AT_THE_TRANS_GOLGI_NETWORK,13,13,-0.0008494555950164795,2.6652123779058456e-06,-0.0008521208073943853,0.7447198335179839,0.9401783426316185,-1
REACTOME_CONVERSION_FROM_APC_C_CDC20_TO_APC_C_CDH1_IN_LATE_ANAPHASE,6,6,0.0020108778262510896,-3.1959498301148415e-06,0.0020140737760812044,0.75054177520834,0.9410917558229401,1
REACTOME_PHOSPHORYLATION_OF_THE_APC_C,6,6,0.0020108778262510896,-3.1959498301148415e-06,0.0020140737760812044,0.75054177520834,0.9410917558229401,1
REACTOME_CELL_CYCLE,176,176,-0.0010557612404227257,2.8627924621105194e-05,-0.0010843891650438309,0.7476016214377645,0.9410917558229401,-1
REACTOME_G2_M_CHECKPOINTS,24,24,-0.0006065745837986469,0.0,-0.0006065745837986469,0.7485594062523266,0.9410917558229401,-1
REACTOME_SIGNALING_BY_RHO_GTPASES_MIRO_GTPASES_AND_RHOBTB3,143,143,-0.00036849919706583023,2.56379134953022e-05,-0.00039413711056113243,0.7513105002002832,0.9410917558229401,-1
REACTOME_GLYCOSPHINGOLIPID_METABOLISM,7,7,0.0023503974080085754,-8.604023605585098e-06,0.0023590014316141605,0.7628580840912773,0.941830797169698,1
REACTOME_MEIOTIC_SYNAPSIS,16,16,0.002229146659374237,-3.1959498301148415e-06,0.002232342609204352,0.7567528192850327,0.941830797169698,1
REACTOME_GABA_RECEPTOR_ACTIVATION,12,12,0.0015644255327060819,-1.4012097381055355e-05,0.0015784376300871372,0.7546206731202828,0.941830797169698,1
REACTOME_ZBP1_DAI_MEDIATED_INDUCTION_OF_TYPE_I_IFNS,5,5,0.0010565463453531265,-1.5979749150574207e-06,0.001058144320268184,0.7569083465216799,0.941830797169698,1
REACTOME_SARS_COV_INFECTIONS,39,39,-0.0009678713977336884,6.387708708643913e-06,-0.0009742591064423323,0.7629937016253701,0.941830797169698,-1
REACTOME_EGR2_AND_SOX10_MEDIATED_INITIATION_OF_SCHWANN_CELL_MYELINATION,6,6,0.0009657865157350898,-3.1959498301148415e-06,0.0009689824655652046,0.7625721160300734,0.941830797169698,1
REACTOME_TRANSPORT_TO_THE_GOLGI_AND_SUBSEQUENT_MODIFICATION,33,33,-0.0008494555950164795,2.6652123779058456e-06,-0.0008521208073943853,0.7588156307796154,0.941830797169698,-1
REACTOME_FORMATION_OF_INCISION_COMPLEX_IN_GG_NER,15,15,-0.00051143579185009,2.6652123779058456e-06,-0.0005141010042279959,0.7614001965432824,0.941830797169698,-1
REACTOME_ELASTIC_FIBRE_FORMATION,7,7,0.000460756360553205,-8.604023605585098e-06,0.0004693603841587901,0.7630728759986994,0.941830797169698,1
REACTOME_SIGNALING_BY_NUCLEAR_RECEPTORS,69,69,2.8627924621105194e-05,-1.5979749150574207e-06,3.0225899536162615e-05,0.7560914464128679,0.941830797169698,1
REACTOME_INHIBITION_OF_THE_PROTEOLYTIC_ACTIVITY_OF_APC_C_REQUIRED_FOR_THE_ONSET_OF_ANAPHASE_BY_MITOTIC_SPINDLE_CHECKPOINT_COMPONENTS,8,8,0.0020108778262510896,-3.1959498301148415e-06,0.0020140737760812044,0.7668200431718402,0.943692403494688,1
REACTOME_REPRESSION_OF_WNT_TARGET_GENES,6,6,0.0008772064466029406,0.0,0.0008772064466029406,0.7662854817941014,0.943692403494688,1
REACTOME_SENSORY_PROCESSING_OF_SOUND,9,9,0.0018872320652008057,-8.604023605585098e-06,0.0018958360888063908,0.7694757901127306,0.9455803076749737,1
REACTOME_VASOPRESSIN_REGULATES_RENAL_WATER_HOMEOSTASIS_VIA_AQUAPORINS,14,14,0.001290982007049024,-1.4012097381055355e-05,0.0013049941044300795,0.7777058062452191,0.9534333163743067,1
REACTOME_MITOTIC_PROMETAPHASE,58,58,-0.0010557612404227257,5.330424755811691e-06,-0.0010610916651785374,0.7781282582034673,0.9534333163743067,-1
REACTOME_TRANSLOCATION_OF_SLC2A4_GLUT4_TO_THE_PLASMA_MEMBRANE,13,13,-0.005454877391457558,6.387708708643913e-06,-0.005461265100166202,0.7902440117144197,0.9539610210560158,-1
REACTOME_SIGNALING_BY_RETINOIC_ACID,11,11,-0.004776332527399063,2.6652123779058456e-06,-0.004778997739776969,0.7953656117373585,0.9539610210560158,-1
REACTOME_DAP12_SIGNALING,12,12,-0.0033037057146430016,0.0,-0.0033037057146430016,0.7955333307264283,0.9539610210560158,-1
REACTOME_PTEN_REGULATION,26,26,-0.0020470318850129843,7.444992661476135e-06,-0.0020544768776744604,0.7946733902305199,0.9539610210560158,-1
REACTOME_INTEGRIN_CELL_SURFACE_INTERACTIONS,18,18,0.0018526720814406872,-2.4503679014742374e-05,0.0018771757604554296,0.784204205443809,0.9539610210560158,1
REACTOME_CARGO_TRAFFICKING_TO_THE_PERICILIARY_MEMBRANE,11,11,0.0016019393224269152,-1.5979749150574207e-06,0.0016035372973419726,0.7901641151418105,0.9539610210560158,1
REACTOME_REVERSIBLE_HYDRATION_OF_CARBON_DIOXIDE,5,5,-0.0013785162009298801,6.387708708643913e-06,-0.001384903909638524,0.7926313945984897,0.9539610210560158,-1
REACTOME_GLYCEROPHOSPHOLIPID_BIOSYNTHESIS,26,26,-0.0013518743216991425,5.330424755811691e-06,-0.0013572047464549541,0.7858558389421437,0.9539610210560158,-1
REACTOME_INTERLEUKIN_3_INTERLEUKIN_5_AND_GM_CSF_SIGNALING,16,16,-0.0009993195999413729,7.444992661476135e-06,-0.001006764592602849,0.7838746109429489,0.9539610210560158,-1
REACTOME_CDC42_GTPASE_CYCLE,31,31,-0.0005934592336416245,6.387708708643913e-06,-0.0005998469423502684,0.7881294614386234,0.9539610210560158,-1
REACTOME_THE_ROLE_OF_NEF_IN_HIV_1_REPLICATION_AND_DISEASE_PATHOGENESIS,8,8,-0.00048395898193120956,0.0,-0.00048395898193120956,0.788645888095387,0.9539610210560158,-1
REACTOME_INTERLEUKIN_12_FAMILY_SIGNALING,11,11,0.00047997012734413147,-1.5979749150574207e-06,0.0004815681022591889,0.7905105936984153,0.9539610210560158,1
REACTOME_PHOSPHOLIPID_METABOLISM,54,54,-0.000313496682792902,5.330424755811691e-06,-0.0003188271075487137,0.7920322725445583,0.9539610210560158,-1
REACTOME_METABOLISM_OF_VITAMINS_AND_COFACTORS,40,40,8.438248187303543e-05,-3.1959498301148415e-06,8.757843170315027e-05,0.7814676565291241,0.9539610210560158,1
REACTOME_INTRA_GOLGI_AND_RETROGRADE_GOLGI_TO_ER_TRAFFIC,42,42,3.880367148667574e-05,0.0,3.880367148667574e-05,0.7925819986108739,0.9539610210560158,1
REACTOME_COMMON_PATHWAY_OF_FIBRIN_CLOT_FORMATION,5,5,0.0018872320652008057,-1.5979749150574207e-06,0.001888830040115863,0.8060161002973054,0.9621915025904407,1
REACTOME_FORMATION_OF_FIBRIN_CLOT_CLOTTING_CASCADE,8,8,0.0012615207815542817,-3.1959498301148415e-06,0.0012647167313843966,0.8069625057312475,0.9621915025904407,1
REACTOME_AMINO_ACIDS_REGULATE_MTORC1,8,8,-0.0009367687162011862,0.0,-0.0009367687162011862,0.8061461009755881,0.9621915025904407,-1
REACTOME_MITOCHONDRIAL_FATTY_ACID_BETA_OXIDATION,5,5,0.0001267939805984497,-1.5979749150574207e-06,0.00012839195551350713,0.8065320605952039,0.9621915025904407,1
REACTOME_FGFR2_ALTERNATIVE_SPLICING,6,6,-0.00741462130099535,0.0,-0.00741462130099535,0.8131298847546973,0.9632383897504787,-1
REACTOME_B_WICH_COMPLEX_POSITIVELY_REGULATES_RRNA_EXPRESSION,7,7,-0.0029864003881812096,2.6652123779058456e-06,-0.0029890656005591154,0.8127091448477113,0.9632383897504787,-1
REACTOME_DOWNREGULATION_OF_TGF_BETA_RECEPTOR_SIGNALING,8,8,0.0019511509453877807,-3.1959498301148415e-06,0.0019543468952178955,0.8159566533235308,0.9632383897504787,1
REACTOME_TGF_BETA_RECEPTOR_SIGNALING_ACTIVATES_SMADS,8,8,0.0019511509453877807,-3.1959498301148415e-06,0.0019543468952178955,0.8159566533235308,0.9632383897504787,1
REACTOME_SIGNALING_BY_MET,10,10,0.0018872320652008057,-3.1959498301148415e-06,0.0018904280150309205,0.8104294620154661,0.9632383897504787,1
REACTOME_SIGNALING_BY_ERBB2,13,13,-0.001262899488210678,2.6652123779058456e-06,-0.001265564700588584,0.8177887858675719,0.9632383897504787,-1
REACTOME_RHOF_GTPASE_CYCLE,10,10,-0.0004863747162744403,0.0,-0.0004863747162744403,0.8148209144746852,0.9632383897504787,-1
REACTOME_SYNTHESIS_OF_DNA,31,31,0.0003661192022264004,-1.5979749150574207e-06,0.0003677171771414578,0.810583896387095,0.9632383897504787,1
REACTOME_INTRACELLULAR_SIGNALING_BY_SECOND_MESSENGERS,63,63,-1.838873140513897e-05,2.6652123779058456e-06,-2.1053943783044815e-05,0.8181241839399084,0.9632383897504787,-1
REACTOME_CARDIAC_CONDUCTION,15,15,0.0018872320652008057,-7.0060486905276775e-06,0.0018942381138913333,0.8228911650529821,0.9658082549709698,1
REACTOME_PLASMA_LIPOPROTEIN_REMODELING,6,6,0.0014505543804261833,-3.1959498301148415e-06,0.0014537503302562982,0.8235324704662897,0.9658082549709698,1
REACTOME_RND1_GTPASE_CYCLE,8,8,0.00014949683099985123,0.0,0.00014949683099985123,0.8237439327688342,0.9658082549709698,1
REACTOME_ION_HOMEOSTASIS,9,9,0.0018872320652008057,-1.5979749150574207e-06,0.001888830040115863,0.8274342700000517,0.968292708959526,1
REACTOME_PLASMA_LIPOPROTEIN_ASSEMBLY_REMODELING_AND_CLEARANCE,11,11,0.001013876695651561,-1.5979749150574207e-06,0.0010154746705666184,0.8281601935466408,0.968292708959526,1
REACTOME_SARS_COV_2_INFECTION,19,19,-0.0009678713977336884,6.387708708643913e-06,-0.0009742591064423323,0.830173729550182,0.9693025678819992,-1
REACTOME_POTENTIAL_THERAPEUTICS_FOR_SARS,20,20,-0.0003448333591222763,0.0,-0.0003448333591222763,0.8335926040959961,0.9715611550504843,-1
REACTOME_CARBOXYTERMINAL_POST_TRANSLATIONAL_MODIFICATIONS_OF_TUBULIN,9,9,-2.4503679014742374e-05,2.6652123779058456e-06,-2.716889139264822e-05,0.8344131390943661,0.9715611550504843,-1
REACTOME_IKK_COMPLEX_RECRUITMENT_MEDIATED_BY_RIP1,5,5,-0.008006483316421509,2.6652123779058456e-06,-0.008009148528799415,0.8397191996992038,0.9743320750495297,-1
REACTOME_RHO_GTPASES_ACTIVATE_IQGAPS,5,5,0.0056763384491205215,-1.5979749150574207e-06,0.005677936424035579,0.854855263232833,0.9743320750495297,1
REACTOME_MITOCHONDRIAL_PROTEIN_IMPORT,15,15,-0.004325270652770996,6.387708708643913e-06,-0.00433165836147964,0.8388283853087639,0.9743320750495297,-1
REACTOME_DEGRADATION_OF_CYSTEINE_AND_HOMOCYSTEINE,5,5,0.004270029254257679,-1.5979749150574207e-06,0.004271627229172736,0.8595638171266093,0.9743320750495297,1
REACTOME_HIV_LIFE_CYCLE,32,32,-0.003364977892488241,1.0591000318527222e-05,-0.0033755688928067684,0.8604487165881082,0.9743320750495297,-1
REACTOME_RESOLUTION_OF_D_LOOP_STRUCTURES,7,7,-0.003261399455368519,2.6652123779058456e-06,-0.0032640646677464247,0.8421210991248098,0.9743320750495297,-1
REACTOME_SULFUR_AMINO_ACID_METABOLISM,7,7,-0.0027169138193130493,2.6652123779058456e-06,-0.002719579031690955,0.8602315211548889,0.9743320750495297,-1
REACTOME_MITOTIC_METAPHASE_AND_ANAPHASE,54,54,-0.0024580741301178932,7.444992661476135e-06,-0.0024655191227793694,0.8582385486475048,0.9743320750495297,-1
REACTOME_TELOMERE_C_STRAND_LAGGING_STRAND_SYNTHESIS,17,17,-0.0018923475872725248,2.6652123779058456e-06,-0.0018950127996504307,0.8552372270161657,0.9743320750495297,-1
REACTOME_STRIATED_MUSCLE_CONTRACTION,6,6,0.0018872320652008057,-3.1959498301148415e-06,0.0018904280150309205,0.8539649087048387,0.9743320750495297,1
REACTOME_SHC1_EVENTS_IN_ERBB2_SIGNALING,5,5,0.0018872320652008057,-1.5979749150574207e-06,0.001888830040115863,0.8726688519816526,0.9743320750495297,1
REACTOME_SIGNALING_BY_ERBB2_IN_CANCER,7,7,0.0018872320652008057,-1.5979749150574207e-06,0.001888830040115863,0.863774162407515,0.9743320750495297,1
REACTOME_COLLAGEN_BIOSYNTHESIS_AND_MODIFYING_ENZYMES,12,12,0.0018526720814406872,-1.4012097381055355e-05,0.0018666841788217425,0.8653847722016691,0.9743320750495297,1
REACTOME_REGULATION_OF_CHOLESTEROL_BIOSYNTHESIS_BY_SREBP_SREBF,16,16,-0.0017995878588408232,5.330424755811691e-06,-0.0018049182835966349,0.8412169288631897,0.9743320750495297,-1
REACTOME_GLUTATHIONE_CONJUGATION,8,8,0.0017290011746808887,-3.1959498301148415e-06,0.0017321971245110035,0.8662426526248224,0.9743320750495297,1
REACTOME_DEADENYLATION_DEPENDENT_MRNA_DECAY,16,16,0.0014407634735107422,-3.1959498301148415e-06,0.001443959423340857,0.8749340223161257,0.9743320750495297,1
REACTOME_ANCHORING_OF_THE_BASAL_BODY_TO_THE_PLASMA_MEMBRANE,29,29,-0.001134045422077179,6.387708708643913e-06,-0.0011404331307858229,0.85488979379296,0.9743320750495297,-1
REACTOME_AURKA_ACTIVATION_BY_TPX2,23,23,-0.001134045422077179,2.6652123779058456e-06,-0.0011367106344550848,0.8612112597240602,0.9743320750495297,-1
REACTOME_ION_TRANSPORT_BY_P_TYPE_ATPASES,10,10,0.0010847887606360018,-3.1959498301148415e-06,0.0010879847104661167,0.8471942689544151,0.9743320750495297,1
REACTOME_REGULATION_OF_RUNX1_EXPRESSION_AND_ACTIVITY,6,6,-0.0010860408656299114,0.0,-0.0010860408656299114,0.8740579486736493,0.9743320750495297,-1
REACTOME_DISEASES_OF_MITOTIC_CELL_CYCLE,15,15,0.0010253500659018755,-1.5979749150574207e-06,0.001026948040816933,0.8502963006071189,0.9743320750495297,1
REACTOME_METABOLISM_OF_STEROIDS,31,31,-0.0010079331696033478,6.387708708643913e-06,-0.0010143208783119917,0.8464505786831096,0.9743320750495297,-1
REACTOME_SIGNALING_BY_FGFR,18,18,0.0009715963387861848,-3.1959498301148415e-06,0.0009747922886162996,0.8722631161354872,0.9743320750495297,1
REACTOME_DAG_AND_IP3_SIGNALING,8,8,-0.0005651653045788407,0.0,-0.0005651653045788407,0.86914646134079,0.9743320750495297,-1
REACTOME_ADAPTIVE_IMMUNE_SYSTEM,196,196,-0.00043105718214064837,1.0591000318527222e-05,-0.0004416481824591756,0.8705697316848506,0.9743320750495297,-1
REACTOME_FATTY_ACID_METABOLISM,37,37,-0.0004388280212879181,2.6652123779058456e-06,-0.00044149323366582394,0.8729033980702574,0.9743320750495297,-1
REACTOME_PROTEIN_UBIQUITINATION,19,19,0.00041274691466242075,-1.5979749150574207e-06,0.00041434488957747817,0.8699430799764224,0.9743320750495297,1
REACTOME_TELOMERE_C_STRAND_SYNTHESIS_INITIATION,6,6,-0.00035640038549900055,0.0,-0.00035640038549900055,0.8472875575667956,0.9743320750495297,-1
REACTOME_RNA_POLYMERASE_II_TRANSCRIPTION,394,394,-0.00012355903163552284,2.8627924621105194e-05,-0.00015218695625662804,0.8644049907613638,0.9743320750495297,-1
REACTOME_UPTAKE_AND_ACTIONS_OF_BACTERIAL_TOXINS,6,6,0.00011470878962427378,0.0,0.00011470878962427378,0.8640004347272718,0.9743320750495297,1
REACTOME_PROTEIN_FOLDING,25,25,7.363385520875454e-05,-1.5979749150574207e-06,7.523183012381196e-05,0.8545385776646899,0.9743320750495297,1
REACTOME_G1_S_SPECIFIC_TRANSCRIPTION,13,13,-3.543973434716463e-05,2.6652123779058456e-06,-3.8104946725070477e-05,0.8565950833541272,0.9743320750495297,-1
REACTOME_TERMINATION_OF_O_GLYCAN_BIOSYNTHESIS,6,6,2.1036830730736256e-05,0.0,2.1036830730736256e-05,0.8563522405854324,0.9743320750495297,1
REACTOME_DNA_DAMAGE_TELOMERE_STRESS_INDUCED_SENESCENCE,5,5,-0.0017050656024366617,2.6652123779058456e-06,-0.0017077308148145676,0.8763446931873573,0.9746155360909527,-1
REACTOME_SYNAPTIC_ADHESION_LIKE_MOLECULES,5,5,-0.0014513544738292694,2.6652123779058456e-06,-0.0014540196862071753,0.8800232035225378,0.9748483056103803,-1
REACTOME_RECRUITMENT_OF_MITOTIC_CENTROSOME_PROTEINS_AND_COMPLEXES,25,25,-0.001134045422077179,2.6652123779058456e-06,-0.0011367106344550848,0.8794998835148546,0.9748483056103803,-1
REACTOME_CONSTITUTIVE_SIGNALING_BY_ABERRANT_PI3K_IN_CANCER,20,20,0.0001946152187883854,-1.4012097381055355e-05,0.00020862731616944075,0.8789776038027106,0.9748483056103803,1
REACTOME_NEDDYLATION,45,45,-0.00044918060302734375,9.017996490001678e-06,-0.00045819859951734543,0.883227370599055,0.977113744639112,-1
REACTOME_INTERACTIONS_OF_REV_WITH_HOST_CELLULAR_PROTEINS,9,9,-0.006458808667957783,6.387708708643913e-06,-0.006465196376666427,0.9091646134558935,0.9778514375115908,-1
REACTOME_NUCLEAR_IMPORT_OF_REV_PROTEIN,9,9,-0.006458808667957783,6.387708708643913e-06,-0.006465196376666427,0.9091646134558935,0.9778514375115908,-1
REACTOME_NUCLEAR_PORE_COMPLEX_NPC_DISASSEMBLY,9,9,-0.006458808667957783,6.387708708643913e-06,-0.006465196376666427,0.9091646134558935,0.9778514375115908,-1
REACTOME_REGULATION_OF_GLUCOKINASE_BY_GLUCOKINASE_REGULATORY_PROTEIN,9,9,-0.006458808667957783,6.387708708643913e-06,-0.006465196376666427,0.9091646134558935,0.9778514375115908,-1
REACTOME_TRANSPORT_OF_THE_SLBP_DEPENDANT_MATURE_MRNA,9,9,-0.006458808667957783,6.387708708643913e-06,-0.006465196376666427,0.9091646134558935,0.9778514375115908,-1
REACTOME_INTERACTIONS_OF_VPR_WITH_HOST_CELLULAR_PROTEINS,11,11,-0.005144287366420031,9.017996490001678e-06,-0.005153305362910032,0.9077783462582236,0.9778514375115908,-1
REACTOME_TRANSPORT_OF_MATURE_MRNAS_DERIVED_FROM_INTRONLESS_TRANSCRIPTS,11,11,-0.005144287366420031,6.387708708643913e-06,-0.0051506750751286745,0.9074218123457138,0.9778514375115908,-1
REACTOME_NUCLEAR_ENVELOPE_NE_REASSEMBLY,15,15,-0.004577634856104851,6.387708708643913e-06,-0.004584022564813495,0.9059253329825818,0.9778514375115908,-1
REACTOME_CLEC7A_DECTIN_1_SIGNALING,17,17,-0.00443743821233511,6.387708708643913e-06,-0.004443825921043754,0.9066870458512841,0.9778514375115908,-1
REACTOME_TRANSCRIPTIONAL_ACTIVITY_OF_SMAD2_SMAD3_SMAD4_HETEROTRIMER,14,14,-0.003191557712852955,5.330424755811691e-06,-0.0031968881376087666,0.8957123127941535,0.9778514375115908,-1
REACTOME_EXTRACELLULAR_MATRIX_ORGANIZATION,54,54,0.0018526720814406872,-5.758402403444052e-05,0.0019102561054751277,0.9190290334874184,0.9778514375115908,1
REACTOME_NCAM_SIGNALING_FOR_NEURITE_OUT_GROWTH,13,13,0.0018872320652008057,-8.604023605585098e-06,0.0018958360888063908,0.9193738125092437,0.9778514375115908,1
REACTOME_CELL_CELL_JUNCTION_ORGANIZATION,9,9,0.0018872320652008057,-1.5979749150574207e-06,0.001888830040115863,0.9170506055860383,0.9778514375115908,1
REACTOME_CELL_JUNCTION_ORGANIZATION,9,9,0.0018872320652008057,-1.5979749150574207e-06,0.001888830040115863,0.9170506055860383,0.9778514375115908,1
REACTOME_PI3K_EVENTS_IN_ERBB2_SIGNALING,5,5,0.0018872320652008057,-1.5979749150574207e-06,0.001888830040115863,0.8868615373309463,0.9778514375115908,1
REACTOME_TIGHT_JUNCTION_INTERACTIONS,7,7,0.0018872320652008057,-1.5979749150574207e-06,0.001888830040115863,0.8882002977007428,0.9778514375115908,1
REACTOME_COLLAGEN_CHAIN_TRIMERIZATION,8,8,0.0018526720814406872,-1.4012097381055355e-05,0.0018666841788217425,0.914148266238137,0.9778514375115908,1
REACTOME_COLLAGEN_FORMATION,16,16,0.0018526720814406872,-1.4012097381055355e-05,0.0018666841788217425,0.9053287028012732,0.9778514375115908,1
REACTOME_PLATELET_CALCIUM_HOMEOSTASIS,5,5,-0.001825062558054924,2.6652123779058456e-06,-0.0018277277704328299,0.8963438162932803,0.9778514375115908,-1
REACTOME_MAPK6_MAPK4_SIGNALING,17,17,-0.001664659008383751,6.387708708643913e-06,-0.0016710467170923948,0.9127193947806834,0.9778514375115908,-1
REACTOME_DISEASES_OF_PROGRAMMED_CELL_DEATH,13,13,0.0011795468162745237,-1.5979749150574207e-06,0.0011811447911895812,0.8852806897641541,0.9778514375115908,1
REACTOME_PCP_CE_PATHWAY,8,8,-0.0008267518132925034,5.330424755811691e-06,-0.000832082238048315,0.908296002290176,0.9778514375115908,-1
REACTOME_CA_DEPENDENT_EVENTS,5,5,0.0006947319488972425,-1.5979749150574207e-06,0.0006963299238123,0.907953272471692,0.9778514375115908,1
REACTOME_PCNA_DEPENDENT_LONG_PATCH_BASE_EXCISION_REPAIR,10,10,-0.0005668841768056154,0.0,-0.0005668841768056154,0.9033194705131384,0.9778514375115908,-1
REACTOME_SYNTHESIS_OF_IP3_AND_IP4_IN_THE_CYTOSOL,6,6,-0.00046926114009693265,0.0,-0.00046926114009693265,0.9144757919638339,0.9778514375115908,-1
REACTOME_CELL_CYCLE_MITOTIC,136,136,-0.00028251815820112824,5.330424755811691e-06,-0.00028784858295693994,0.8969603768309808,0.9778514375115908,-1
REACTOME_FORMATION_OF_THE_BETA_CATENIN_TCF_TRANSACTIVATING_COMPLEX,10,10,-0.0002813569735735655,5.330424755811691e-06,-0.0002866873983293772,0.9122922167301935,0.9778514375115908,-1
REACTOME_REGULATION_OF_RAS_BY_GAPS,8,8,-0.00014671310782432556,0.0,-0.00014671310782432556,0.9200051884993317,0.9778514375115908,-1
REACTOME_SIGNALING_BY_ERBB4,14,14,-0.00014521772391162813,0.0,-0.00014521772391162813,0.9210130977274058,0.9778514375115908,-1
REACTOME_EXTRA_NUCLEAR_ESTROGEN_SIGNALING,25,25,7.363385520875454e-05,-8.604023605585098e-06,8.223787881433964e-05,0.9176348307861014,0.9778514375115908,1
REACTOME_SIGNALING_BY_EGFR,11,11,2.8627924621105194e-05,-1.5979749150574207e-06,3.0225899536162615e-05,0.8896203770863156,0.9778514375115908,1
REACTOME_PI_METABOLISM,28,28,1.9390659872442484e-05,0.0,1.9390659872442484e-05,0.9187364882457846,0.9778514375115908,1
REACTOME_RHO_GTPASE_CYCLE,95,95,-0.00012449268251657486,6.387708708643913e-06,-0.00013088039122521877,0.922795152788847,0.9785110865421359,-1
REACTOME_SUMOYLATION_OF_DNA_REPLICATION_PROTEINS,12,12,-0.005339352646842599,7.444992661476135e-06,-0.005346797639504075,0.9246621406756986,0.9792590258663492,-1
REACTOME_TRANSCRIPTION_COUPLED_NUCLEOTIDE_EXCISION_REPAIR_TC_NER,25,25,-0.00051143579185009,2.6652123779058456e-06,-0.0005141010042279959,0.9261910699276391,0.9796475181292343,-1
REACTOME_COPI_INDEPENDENT_GOLGI_TO_ER_RETROGRADE_TRAFFIC,6,6,0.001967028249055147,-3.1959498301148415e-06,0.001970224198885262,0.9313882207250962,0.9814503375890701,1
REACTOME_FORMATION_OF_THE_CORNIFIED_ENVELOPE,8,8,0.0006245009135454893,0.0,0.0006245009135454893,0.9308936116771546,0.9814503375890701,1
REACTOME_KERATINIZATION,8,8,0.0006245009135454893,0.0,0.0006245009135454893,0.9308936116771546,0.9814503375890701,1
REACTOME_UNFOLDED_PROTEIN_RESPONSE_UPR,22,22,-0.004644876345992088,5.330424755811691e-06,-0.0046502067707479,0.9332936207723164,0.9818315189901855,-1
REACTOME_SLC_TRANSPORTER_DISORDERS,19,19,-0.002443898469209671,9.017996490001678e-06,-0.0024529164656996727,0.934821922395628,0.9818315189901855,-1
REACTOME_CLASS_I_PEROXISOMAL_MEMBRANE_PROTEIN_IMPORT,6,6,-0.001913048094138503,0.0,-0.001913048094138503,0.936710325608727,0.9818315189901855,-1
REACTOME_CELLULAR_HEXOSE_TRANSPORT,5,5,0.0018872320652008057,-1.5979749150574207e-06,0.001888830040115863,0.9354676336037258,0.9818315189901855,1
REACTOME_BMAL1_CLOCK_NPAS2_ACTIVATES_CIRCADIAN_GENE_EXPRESSION,7,7,0.000460756360553205,-1.5979749150574207e-06,0.00046235433546826243,0.937573395951482,0.9818315189901855,1
REACTOME_PEROXISOMAL_LIPID_METABOLISM,10,10,-0.00033718766644597054,0.0,-0.00033718766644597054,0.9400236819316101,0.9831761338316966,-1
REACTOME_FOXO_MEDIATED_TRANSCRIPTION_OF_OXIDATIVE_STRESS_METABOLIC_AND_NEURONAL_GENES,6,6,-0.004862048663198948,0.0,-0.004862048663198948,0.9420352597817999,0.9831796181591608,-1
REACTOME_CLEC7A_DECTIN_1_INDUCES_NFAT_ACTIVATION,5,5,-0.001825062558054924,2.6652123779058456e-06,-0.0018277277704328299,0.9423595865629916,0.9831796181591608,-1
REACTOME_NUCLEAR_ENVELOPE_BREAKDOWN,15,15,-0.004577634856104851,9.017996490001678e-06,-0.0045866528525948524,0.9472770258094293,0.985246870955603,-1
REACTOME_NOTCH_HLH_TRANSCRIPTION_PATHWAY,6,6,-0.0034484434872865677,5.330424755811691e-06,-0.0034537739120423794,0.9473627860793813,0.985246870955603,-1
REACTOME_RHO_GTPASES_ACTIVATE_WASPS_AND_WAVES,6,6,0.0005286051891744137,0.0,0.0005286051891744137,0.9478472269810131,0.985246870955603,1
REACTOME_SEPARATION_OF_SISTER_CHROMATIDS,44,44,-0.00046143680810928345,0.0,-0.00046143680810928345,0.9502317765067119,0.9865090980235938,-1
REACTOME_REGULATION_OF_RUNX2_EXPRESSION_AND_ACTIVITY,6,6,-0.003856003750115633,0.0,-0.003856003750115633,0.9531773101573852,0.9878575757507415,-1
REACTOME_HDR_THROUGH_SINGLE_STRAND_ANNEALING_SSA,12,12,-0.00278974836692214,5.330424755811691e-06,-0.002795078791677952,0.9544796390885777,0.9878575757507415,-1
REACTOME_LAGGING_STRAND_SYNTHESIS,10,10,-0.0005692752311006188,0.0,-0.0005692752311006188,0.9550461734719506,0.9878575757507415,-1
REACTOME_SUMOYLATION_OF_DNA_DAMAGE_RESPONSE_AND_REPAIR_PROTEINS,26,26,-0.0020062201656401157,5.330424755811691e-06,-0.0020115505903959274,0.9591443362969222,0.9896679014667141,-1
REACTOME_RESOLUTION_OF_D_LOOP_STRUCTURES_THROUGH_SYNTHESIS_DEPENDENT_STRAND_ANNEALING_SDSA,6,6,-0.0006870836950838566,0.0,-0.0006870836950838566,0.9585094884815696,0.9896679014667141,-1
REACTOME_SNRNP_ASSEMBLY,12,12,-0.006601458881050348,7.444992661476135e-06,-0.006608903873711824,0.9664955462743723,0.989941356223063,-1
REACTOME_RESOLUTION_OF_AP_SITES_VIA_THE_MULTIPLE_NUCLEOTIDE_PATCH_REPLACEMENT_PATHWAY,13,13,-0.0023180972784757614,2.6652123779058456e-06,-0.0023207624908536673,0.9635120718525134,0.989941356223063,-1
REACTOME_PLASMA_LIPOPROTEIN_CLEARANCE,7,7,0.001013876695651561,-1.5979749150574207e-06,0.0010154746705666184,0.9633728002714281,0.989941356223063,1
REACTOME_NEUROTRANSMITTER_RECEPTORS_AND_POSTSYNAPTIC_SIGNAL_TRANSMISSION,35,35,0.0006947319488972425,-8.604023605585098e-06,0.0007033359725028276,0.9671389873565661,0.989941356223063,1
REACTOME_CA2_PATHWAY,23,23,-0.0005432926118373871,2.6652123779058456e-06,-0.0005459578242152929,0.9630548226436594,0.989941356223063,-1
REACTOME_INTERLEUKIN_RECEPTOR_SHC_SIGNALING,9,9,-0.00025378959253430367,6.387708708643913e-06,-0.0002601773012429476,0.9664924433031117,0.989941356223063,-1
REACTOME_RHOA_GTPASE_CYCLE,33,33,-7.115304470062256e-05,2.6652123779058456e-06,-7.38182570785284e-05,0.9676295107091387,0.989941356223063,-1
REACTOME_DEPOLYMERISATION_OF_THE_NUCLEAR_LAMINA,6,6,-0.002647300250828266,5.330424755811691e-06,-0.002652630675584078,0.9720901313880268,0.993299370618311,-1
REACTOME_CELL_CYCLE_CHECKPOINTS,59,59,-0.0009774770587682724,6.387708708643913e-06,-0.0009838647674769163,0.9733014595053827,0.993333087606583,-1
REACTOME_NEF_MEDIATES_DOWN_MODULATION_OF_CELL_SURFACE_RECEPTORS_BY_RECRUITING_THEM_TO_CLATHRIN_ADAPTERS,5,5,-0.006745276972651482,2.6652123779058456e-06,-0.0067479421850293875,0.9763423289387256,0.9938276367326658,-1
REACTOME_ACTIVATION_OF_GENE_EXPRESSION_BY_SREBF_SREBP,13,13,-0.0017377217300236225,2.6652123779058456e-06,-0.0017403869424015284,0.9819989416657299,0.9938276367326658,-1
REACTOME_ABERRANT_REGULATION_OF_MITOTIC_EXIT_IN_CANCER_DUE_TO_RB1_DEFECTS,7,7,0.0010253500659018755,-1.5979749150574207e-06,0.001026948040816933,0.9790973190301752,0.9938276367326658,1
REACTOME_INTRINSIC_PATHWAY_OF_FIBRIN_CLOT_FORMATION,5,5,0.0006358094979077578,-1.5979749150574207e-06,0.0006374074728228152,0.9816575871311535,0.9938276367326658,1
REACTOME_MOLECULES_ASSOCIATED_WITH_ELASTIC_FIBRES,6,6,0.00024989742087200284,-3.1959498301148415e-06,0.0002530933707021177,0.9820384595472249,0.9938276367326658,1
REACTOME_GLYOXYLATE_METABOLISM_AND_GLYCINE_DEGRADATION,7,7,-7.409276440739632e-05,2.6652123779058456e-06,-7.675797678530216e-05,0.9777490980202191,0.9938276367326658,-1
REACTOME_METAL_ION_SLC_TRANSPORTERS,6,6,-1.4796853065490723e-05,0.0,-1.4796853065490723e-05,0.9774278174702853,0.9938276367326658,-1
REACTOME_INFECTIOUS_DISEASE,158,158,-0.0006174446316435933,7.444992661476135e-06,-0.0006248896243050694,0.9837063843249675,0.994282902614094,-1
REACTOME_CILIUM_ASSEMBLY,55,55,3.487616777420044e-05,-1.5979749150574207e-06,3.647414268925786e-05,0.9848472404303303,0.994282902614094,1
REACTOME_TRNA_MODIFICATION_IN_THE_NUCLEUS_AND_CYTOSOL,10,10,-0.0010929359123110771,0.0,-0.0010929359123110771,0.9896497882659716,0.9955546199382029,-1
REACTOME_SYNTHESIS_OF_VERY_LONG_CHAIN_FATTY_ACYL_COAS,5,5,-0.0010079331696033478,2.6652123779058456e-06,-0.0010105983819812536,0.987505302708494,0.9955546199382029,-1
REACTOME_HIV_TRANSCRIPTION_INITIATION,12,12,-0.0008436585776507854,0.0,-0.0008436585776507854,0.9895163392253179,0.9955546199382029,-1
REACTOME_DOWNSTREAM_SIGNALING_EVENTS_OF_B_CELL_RECEPTOR_BCR,12,12,-0.0023827776312828064,0.0,-0.0023827776312828064,0.9932972176038083,0.9979317618948643,-1
REACTOME_PLATELET_AGGREGATION_PLUG_FORMATION,7,7,0.0018872320652008057,-8.604023605585098e-06,0.0018958360888063908,0.9943804033116086,0.9979317618948643,1
REACTOME_DEFECTIVE_INTRINSIC_PATHWAY_FOR_APOPTOSIS,7,7,0.001300264149904251,-1.5979749150574207e-06,0.0013018621248193085,0.9984265009380049,0.998426500938005,1
REACTOME_TRIGLYCERIDE_CATABOLISM,5,5,0.0007643816061317921,-1.5979749150574207e-06,0.0007659795810468495,0.9981390132600367,0.998426500938005,1
REACTOME_BETA_CATENIN_INDEPENDENT_WNT_SIGNALING,30,30,-0.0005774855380877852,5.330424755811691e-06,-0.0005828159628435969,0.9979266447081467,0.998426500938005,-1
REACTOME_2_LTR_CIRCLE_FORMATION,0,0,,,,,,0
REACTOME_ABACAVIR_METABOLISM,1,1,,,,,,0
REACTOME_ABACAVIR_TRANSMEMBRANE_TRANSPORT,2,2,,,,,,0
REACTOME_ABACAVIR_TRANSPORT_AND_METABOLISM,3,3,,,,,,0
REACTOME_ACETYLCHOLINE_BINDING_AND_DOWNSTREAM_EVENTS,2,2,,,,,,0
REACTOME_ACETYLCHOLINE_INHIBITS_CONTRACTION_OF_OUTER_HAIR_CELLS,0,0,,,,,,0
REACTOME_ACETYLCHOLINE_NEUROTRANSMITTER_RELEASE_CYCLE,2,2,,,,,,0
REACTOME_ACETYLCHOLINE_REGULATES_INSULIN_SECRETION,1,1,,,,,,0
REACTOME_ACROSOME_REACTION_AND_SPERM_OOCYTE_MEMBRANE_BINDING,2,2,,,,,,0
REACTOME_ACTIVATED_NTRK2_SIGNALS_THROUGH_CDK5,0,0,,,,,,0
REACTOME_ACTIVATED_NTRK2_SIGNALS_THROUGH_FRS2_AND_FRS3,1,1,,,,,,0
REACTOME_ACTIVATED_NTRK2_SIGNALS_THROUGH_FYN,1,1,,,,,,0
REACTOME_ACTIVATED_NTRK2_SIGNALS_THROUGH_PI3K,1,1,,,,,,0
REACTOME_ACTIVATED_NTRK2_SIGNALS_THROUGH_RAS,1,1,,,,,,0
REACTOME_ACTIVATED_NTRK3_SIGNALS_THROUGH_PI3K,1,1,,,,,,0
REACTOME_ACTIVATED_NTRK3_SIGNALS_THROUGH_RAS,1,1,,,,,,0
REACTOME_ACTIVATED_PKN1_STIMULATES_TRANSCRIPTION_OF_AR_ANDROGEN_RECEPTOR_REGULATED_GENES_KLK2_AND_KLK3,0,0,,,,,,0
REACTOME_ACTIVATED_TAK1_MEDIATES_P38_MAPK_ACTIVATION,3,3,,,,,,0
REACTOME_ACTIVATION_OF_AMPK_DOWNSTREAM_OF_NMDARS,4,4,,,,,,0
REACTOME_ACTIVATION_OF_BAD_AND_TRANSLOCATION_TO_MITOCHONDRIA,1,1,,,,,,0
REACTOME_ACTIVATION_OF_C3_AND_C5,1,1,,,,,,0
REACTOME_ACTIVATION_OF_CASPASES_THROUGH_APOPTOSOME_MEDIATED_CLEAVAGE,1,1,,,,,,0
REACTOME_ACTIVATION_OF_IRF3_IRF7_MEDIATED_BY_TBK1_IKK_EPSILON,4,4,,,,,,0
REACTOME_ACTIVATION_OF_NIMA_KINASES_NEK9_NEK6_NEK7,0,0,,,,,,0
REACTOME_ACTIVATION_OF_NOXA_AND_TRANSLOCATION_TO_MITOCHONDRIA,3,3,,,,,,0
REACTOME_ACTIVATION_OF_PPARGC1A_PGC_1ALPHA_BY_PHOSPHORYLATION,1,1,,,,,,0
REACTOME_ACTIVATION_OF_PUMA_AND_TRANSLOCATION_TO_MITOCHONDRIA,3,3,,,,,,0
REACTOME_ACTIVATION_OF_RAC1,2,2,,,,,,0
REACTOME_ACTIVATION_OF_RAC1_DOWNSTREAM_OF_NMDARS,1,1,,,,,,0
REACTOME_ACTIVATION_OF_RAS_IN_B_CELLS,1,1,,,,,,0
REACTOME_ACTIVATION_OF_SMO,4,4,,,,,,0
REACTOME_ACTIVATION_OF_THE_AP_1_FAMILY_OF_TRANSCRIPTION_FACTORS,4,4,,,,,,0
REACTOME_ACTIVATION_OF_THE_PHOTOTRANSDUCTION_CASCADE,2,2,,,,,,0
REACTOME_ACTIVATION_OF_THE_TFAP2_AP_2_FAMILY_OF_TRANSCRIPTION_FACTORS,3,3,,,,,,0
REACTOME_ACTIVATION_OF_TRKA_RECEPTORS,0,0,,,,,,0
REACTOME_ACYL_CHAIN_REMODELING_OF_CL,0,0,,,,,,0
REACTOME_ACYL_CHAIN_REMODELING_OF_DAG_AND_TAG,0,0,,,,,,0
REACTOME_ACYL_CHAIN_REMODELLING_OF_PC,2,2,,,,,,0
REACTOME_ACYL_CHAIN_REMODELLING_OF_PE,3,3,,,,,,0
REACTOME_ACYL_CHAIN_REMODELLING_OF_PG,2,2,,,,,,0
REACTOME_ACYL_CHAIN_REMODELLING_OF_PI,1,1,,,,,,0
REACTOME_ACYL_CHAIN_REMODELLING_OF_PS,3,3,,,,,,0
REACTOME_ADENYLATE_CYCLASE_ACTIVATING_PATHWAY,2,2,,,,,,0
REACTOME_ADENYLATE_CYCLASE_INHIBITORY_PATHWAY,2,2,,,,,,0
REACTOME_ADHERENS_JUNCTIONS_INTERACTIONS,2,2,,,,,,0
REACTOME_ADRENOCEPTORS,1,1,,,,,,0
REACTOME_AFLATOXIN_ACTIVATION_AND_DETOXIFICATION,2,2,,,,,,0
REACTOME_AKT_PHOSPHORYLATES_TARGETS_IN_THE_CYTOSOL,0,0,,,,,,0
REACTOME_AKT_PHOSPHORYLATES_TARGETS_IN_THE_NUCLEUS,2,2,,,,,,0
REACTOME_ALK_MUTANTS_BIND_TKIS,1,1,,,,,,0
REACTOME_ALPHA_DEFENSINS,0,0,,,,,,0
REACTOME_ALPHA_LINOLENIC_OMEGA3_AND_LINOLEIC_OMEGA6_ACID_METABOLISM,1,1,,,,,,0
REACTOME_ALPHA_OXIDATION_OF_PHYTANATE,2,2,,,,,,0
REACTOME_ALPHA_PROTEIN_KINASE_1_SIGNALING_PATHWAY,4,4,,,,,,0
REACTOME_ALTERNATIVE_COMPLEMENT_ACTIVATION,3,3,,,,,,0
REACTOME_AMINE_LIGAND_BINDING_RECEPTORS,1,1,,,,,,0
REACTOME_AMINO_ACID_CONJUGATION,1,1,,,,,,0
REACTOME_AMINO_ACID_TRANSPORT_ACROSS_THE_PLASMA_MEMBRANE,2,2,,,,,,0
REACTOME_AMPK_INHIBITS_CHREBP_TRANSCRIPTIONAL_ACTIVATION_ACTIVITY,1,1,,,,,,0
REACTOME_ANCHORING_FIBRIL_FORMATION,1,1,,,,,,0
REACTOME_ANDROGEN_BIOSYNTHESIS,1,1,,,,,,0
REACTOME_ANTIGEN_PRESENTATION_FOLDING_ASSEMBLY_AND_PEPTIDE_LOADING_OF_CLASS_I_MHC,4,4,,,,,,0
REACTOME_APEX1_INDEPENDENT_RESOLUTION_OF_AP_SITES_VIA_THE_SINGLE_NUCLEOTIDE_REPLACEMENT_PATHWAY,2,2,,,,,,0
REACTOME_APOBEC3G_MEDIATED_RESISTANCE_TO_HIV_1_INFECTION,1,1,,,,,,0
REACTOME_APOPTOSIS_INDUCED_DNA_FRAGMENTATION,4,4,,,,,,0
REACTOME_APOPTOTIC_CLEAVAGE_OF_CELL_ADHESION_PROTEINS,2,2,,,,,,0
REACTOME_APOPTOTIC_FACTOR_MEDIATED_RESPONSE,1,1,,,,,,0
REACTOME_ARACHIDONATE_PRODUCTION_FROM_DAG,0,0,,,,,,0
REACTOME_ARMS_MEDIATED_ACTIVATION,1,1,,,,,,0
REACTOME_ARYL_HYDROCARBON_RECEPTOR_SIGNALLING,1,1,,,,,,0
REACTOME_ASPARTATE_AND_ASPARAGINE_METABOLISM,2,2,,,,,,0
REACTOME_ASSEMBLY_OF_ACTIVE_LPL_AND_LIPC_LIPASE_COMPLEXES,2,2,,,,,,0
REACTOME_ATF6_ATF6_ALPHA_ACTIVATES_CHAPERONES,4,4,,,,,,0
REACTOME_ATF6_ATF6_ALPHA_ACTIVATES_CHAPERONE_GENES,4,4,,,,,,0
REACTOME_ATTACHMENT_AND_ENTRY,1,1,,,,,,0
REACTOME_ATTACHMENT_OF_GPI_ANCHOR_TO_UPAR,3,3,,,,,,0
REACTOME_BASIGIN_INTERACTIONS,4,4,,,,,,0
REACTOME_BETA_CATENIN_PHOSPHORYLATION_CASCADE,1,1,,,,,,0
REACTOME_BETA_DEFENSINS,2,2,,,,,,0
REACTOME_BETA_OXIDATION_OF_BUTANOYL_COA_TO_ACETYL_COA,2,2,,,,,,0
REACTOME_BETA_OXIDATION_OF_DECANOYL_COA_TO_OCTANOYL_COA_COA,2,2,,,,,,0
REACTOME_BETA_OXIDATION_OF_HEXANOYL_COA_TO_BUTANOYL_COA,1,1,,,,,,0
REACTOME_BETA_OXIDATION_OF_LAUROYL_COA_TO_DECANOYL_COA_COA,1,1,,,,,,0
REACTOME_BETA_OXIDATION_OF_OCTANOYL_COA_TO_HEXANOYL_COA,2,2,,,,,,0
REACTOME_BETA_OXIDATION_OF_PRISTANOYL_COA,3,3,,,,,,0
REACTOME_BETA_OXIDATION_OF_VERY_LONG_CHAIN_FATTY_ACIDS,4,4,,,,,,0
REACTOME_BH3_ONLY_PROTEINS_ASSOCIATE_WITH_AND_INACTIVATE_ANTI_APOPTOTIC_BCL_2_MEMBERS,4,4,,,,,,0
REACTOME_BICARBONATE_TRANSPORTERS,3,3,,,,,,0
REACTOME_BINDING_OF_TCF_LEF_CTNNB1_TO_TARGET_GENE_PROMOTERS,3,3,,,,,,0
REACTOME_BIOSYNTHESIS_OF_EPA_DERIVED_SPMS,1,1,,,,,,0
REACTOME_BIOSYNTHESIS_OF_MARESINS,1,1,,,,,,0
REACTOME_BIOSYNTHESIS_OF_MARESIN_LIKE_SPMS,0,0,,,,,,0
REACTOME_BIOSYNTHESIS_OF_SPECIALIZED_PRORESOLVING_MEDIATORS_SPMS,4,4,,,,,,0
REACTOME_BIOTIN_TRANSPORT_AND_METABOLISM,2,2,,,,,,0
REACTOME_BUDDING_AND_MATURATION_OF_HIV_VIRION,4,4,,,,,,0
REACTOME_BUTYRATE_RESPONSE_FACTOR_1_BRF1_BINDS_AND_DESTABILIZES_MRNA,4,4,,,,,,0
REACTOME_BUTYROPHILIN_BTN_FAMILY_INTERACTIONS,4,4,,,,,,0
REACTOME_CA2_ACTIVATED_K_CHANNELS,1,1,,,,,,0
REACTOME_CALCINEURIN_ACTIVATES_NFAT,3,3,,,,,,0
REACTOME_CALCITONIN_LIKE_LIGAND_RECEPTORS,2,2,,,,,,0
REACTOME_CALNEXIN_CALRETICULIN_CYCLE,4,4,,,,,,0
REACTOME_CAMK_IV_MEDIATED_PHOSPHORYLATION_OF_CREB,1,1,,,,,,0
REACTOME_CARNITINE_METABOLISM,3,3,,,,,,0
REACTOME_CASPASE_ACTIVATION_VIA_DEPENDENCE_RECEPTORS_IN_THE_ABSENCE_OF_LIGAND,3,3,,,,,,0
REACTOME_CASPASE_MEDIATED_CLEAVAGE_OF_CYTOSKELETAL_PROTEINS,4,4,,,,,,0
REACTOME_CATION_COUPLED_CHLORIDE_COTRANSPORTERS,2,2,,,,,,0
REACTOME_CD163_MEDIATING_AN_ANTI_INFLAMMATORY_RESPONSE,2,2,,,,,,0
REACTOME_CD22_MEDIATED_BCR_REGULATION,2,2,,,,,,0
REACTOME_CD28_DEPENDENT_VAV1_PATHWAY,2,2,,,,,,0
REACTOME_CELL_EXTRACELLULAR_MATRIX_INTERACTIONS,1,1,,,,,,0
REACTOME_CGMP_EFFECTS,3,3,,,,,,0
REACTOME_CHK1_CHK2_CDS1_MEDIATED_INACTIVATION_OF_CYCLIN_B_CDK1_COMPLEX,0,0,,,,,,0
REACTOME_CHL1_INTERACTIONS,3,3,,,,,,0
REACTOME_CHOLINE_CATABOLISM,0,0,,,,,,0
REACTOME_CHONDROITIN_SULFATE_BIOSYNTHESIS,2,2,,,,,,0
REACTOME_CHREBP_ACTIVATES_METABOLIC_GENE_EXPRESSION,2,2,,,,,,0
REACTOME_CHYLOMICRON_ASSEMBLY,2,2,,,,,,0
REACTOME_CHYLOMICRON_CLEARANCE,4,4,,,,,,0
REACTOME_CHYLOMICRON_REMODELING,2,2,,,,,,0
REACTOME_CITRIC_ACID_CYCLE_TCA_CYCLE,4,4,,,,,,0
REACTOME_CLASS_C_3_METABOTROPIC_GLUTAMATE_PHEROMONE_RECEPTORS,1,1,,,,,,0
REACTOME_CLEC7A_INFLAMMASOME_PATHWAY,3,3,,,,,,0
REACTOME_COBALAMIN_CBL_VITAMIN_B12_TRANSPORT_AND_METABOLISM,4,4,,,,,,0
REACTOME_COENZYME_A_BIOSYNTHESIS,3,3,,,,,,0
REACTOME_COHESIN_LOADING_ONTO_CHROMATIN,4,4,,,,,,0
REACTOME_COMPETING_ENDOGENOUS_RNAS_CERNAS_REGULATE_PTEN_TRANSLATION,3,3,,,,,,0
REACTOME_CONDENSATION_OF_PROMETAPHASE_CHROMOSOMES,3,3,,,,,,0
REACTOME_CONDENSATION_OF_PROPHASE_CHROMOSOMES,4,4,,,,,,0
REACTOME_CONJUGATION_OF_BENZOATE_WITH_GLYCINE,1,1,,,,,,0
REACTOME_CONSTITUTIVE_SIGNALING_BY_EGFRVIII,4,4,,,,,,0
REACTOME_CONSTITUTIVE_SIGNALING_BY_OVEREXPRESSED_ERBB2,2,2,,,,,,0
REACTOME_CREATINE_METABOLISM,1,1,,,,,,0
REACTOME_CREATION_OF_C4_AND_C2_ACTIVATORS,4,4,,,,,,0
REACTOME_CREB1_PHOSPHORYLATION_THROUGH_THE_ACTIVATION_OF_ADENYLATE_CYCLASE,4,4,,,,,,0
REACTOME_CREB1_PHOSPHORYLATION_THROUGH_THE_ACTIVATION_OF_CAMKII_CAMKK_CAMKIV_CASCASDE,0,0,,,,,,0
REACTOME_CREB3_FACTORS_ACTIVATE_GENES,2,2,,,,,,0
REACTOME_CREB_PHOSPHORYLATION,3,3,,,,,,0
REACTOME_CRISTAE_FORMATION,3,3,,,,,,0
REACTOME_CRMPS_IN_SEMA3A_SIGNALING,2,2,,,,,,0
REACTOME_CROSSLINKING_OF_COLLAGEN_FIBRILS,3,3,,,,,,0
REACTOME_CROSS_PRESENTATION_OF_PARTICULATE_EXOGENOUS_ANTIGENS_PHAGOSOMES,1,1,,,,,,0
REACTOME_CROSS_PRESENTATION_OF_SOLUBLE_EXOGENOUS_ANTIGENS_ENDOSOMES,3,3,,,,,,0
REACTOME_CS_DS_DEGRADATION,1,1,,,,,,0
REACTOME_CYCLIN_A_B1_B2_ASSOCIATED_EVENTS_DURING_G2_M_TRANSITION,3,3,,,,,,0
REACTOME_CYP2E1_REACTIONS,0,0,,,,,,0
REACTOME_CYTOCHROME_C_MEDIATED_APOPTOTIC_RESPONSE,1,1,,,,,,0
REACTOME_CYTOCHROME_P450_ARRANGED_BY_SUBSTRATE_TYPE,4,4,,,,,,0
REACTOME_CYTOSOLIC_IRON_SULFUR_CLUSTER_ASSEMBLY,2,2,,,,,,0
REACTOME_CYTOSOLIC_TRNA_AMINOACYLATION,1,1,,,,,,0
REACTOME_DCC_MEDIATED_ATTRACTIVE_SIGNALING,4,4,,,,,,0
REACTOME_DEADENYLATION_OF_MRNA,3,3,,,,,,0
REACTOME_DEFECTIVE_B4GALT1_CAUSES_B4GALT1_CDG_CDG_2D,0,0,,,,,,0
REACTOME_DEFECTIVE_B4GALT7_CAUSES_EDS_PROGEROID_TYPE,4,4,,,,,,0
REACTOME_DEFECTIVE_C1GALT1C1_CAUSES_TNPS,1,1,,,,,,0
REACTOME_DEFECTIVE_CHST14_CAUSES_EDS_MUSCULOCONTRACTURAL_TYPE,1,1,,,,,,0
REACTOME_DEFECTIVE_CHST3_CAUSES_SEDCJD,1,1,,,,,,0
REACTOME_DEFECTIVE_CHST6_CAUSES_MCDC1,0,0,,,,,,0
REACTOME_DEFECTIVE_CHSY1_CAUSES_TPBS,1,1,,,,,,0
REACTOME_DEFECTIVE_CSF2RB_CAUSES_SMDP5,0,0,,,,,,0
REACTOME_DEFECTIVE_EXT2_CAUSES_EXOSTOSES_2,2,2,,,,,,0
REACTOME_DEFECTIVE_F9_ACTIVATION,2,2,,,,,,0
REACTOME_DEFECTIVE_FACTOR_IX_CAUSES_HEMOPHILIA_B,2,2,,,,,,0
REACTOME_DEFECTIVE_FACTOR_VIII_CAUSES_HEMOPHILIA_A,2,2,,,,,,0
REACTOME_DEFECTIVE_GALNT3_CAUSES_HFTC,2,2,,,,,,0
REACTOME_DEFECTIVE_LFNG_CAUSES_SCDO3,0,0,,,,,,0
REACTOME_DEFECTIVE_RIPK1_MEDIATED_REGULATED_NECROSIS,1,1,,,,,,0
REACTOME_DEFECTIVE_ST3GAL3_CAUSES_MCT12_AND_EIEE15,1,1,,,,,,0
REACTOME_DEFECTS_IN_BIOTIN_BTN_METABOLISM,1,1,,,,,,0
REACTOME_DEFECTS_IN_COBALAMIN_B12_METABOLISM,3,3,,,,,,0
REACTOME_DEFECTS_IN_VITAMIN_AND_COFACTOR_METABOLISM,4,4,,,,,,0
REACTOME_DEFENSINS,2,2,,,,,,0
REACTOME_DERMATAN_SULFATE_BIOSYNTHESIS,1,1,,,,,,0
REACTOME_DEX_H_BOX_HELICASES_ACTIVATE_TYPE_I_IFN_AND_INFLAMMATORY_CYTOKINES_PRODUCTION,0,0,,,,,,0
REACTOME_DIGESTION,1,1,,,,,,0
REACTOME_DIGESTION_AND_ABSORPTION,2,2,,,,,,0
REACTOME_DIGESTION_OF_DIETARY_CARBOHYDRATE,1,1,,,,,,0
REACTOME_DIGESTION_OF_DIETARY_LIPID,0,0,,,,,,0
REACTOME_DISASSEMBLY_OF_THE_DESTRUCTION_COMPLEX_AND_RECRUITMENT_OF_AXIN_TO_THE_MEMBRANE,2,2,,,,,,0
REACTOME_DISEASES_ASSOCIATED_WITH_SURFACTANT_METABOLISM,1,1,,,,,,0
REACTOME_DISEASES_OF_BASE_EXCISION_REPAIR,3,3,,,,,,0
REACTOME_DISEASES_OF_MISMATCH_REPAIR_MMR,1,1,,,,,,0
REACTOME_DISINHIBITION_OF_SNARE_FORMATION,0,0,,,,,,0
REACTOME_DISPLACEMENT_OF_DNA_GLYCOSYLASE_BY_APEX1,4,4,,,,,,0
REACTOME_DISSOLUTION_OF_FIBRIN_CLOT,4,4,,,,,,0
REACTOME_DNA_DAMAGE_REVERSAL,2,2,,,,,,0
REACTOME_DNA_METHYLATION,0,0,,,,,,0
REACTOME_DNA_REPLICATION_INITIATION,3,3,,,,,,0
REACTOME_DOPAMINE_CLEARANCE_FROM_THE_SYNAPTIC_CLEFT,1,1,,,,,,0
REACTOME_DOPAMINE_NEUROTRANSMITTER_RELEASE_CYCLE,2,2,,,,,,0
REACTOME_DOPAMINE_RECEPTORS,0,0,,,,,,0
REACTOME_DOWNREGULATION_OF_ERBB4_SIGNALING,3,3,,,,,,0
REACTOME_DOWNSTREAM_SIGNALING_OF_ACTIVATED_FGFR3,4,4,,,,,,0
REACTOME_DOWNSTREAM_SIGNALING_OF_ACTIVATED_FGFR4,4,4,,,,,,0
REACTOME_DSCAM_INTERACTIONS,2,2,,,,,,0
REACTOME_E2F_ENABLED_INHIBITION_OF_PRE_REPLICATION_COMPLEX_FORMATION,4,4,,,,,,0
REACTOME_EARLY_PHASE_OF_HIV_LIFE_CYCLE,3,3,,,,,,0
REACTOME_EGFR_INTERACTS_WITH_PHOSPHOLIPASE_C_GAMMA,3,3,,,,,,0
REACTOME_EGFR_TRANSACTIVATION_BY_GASTRIN,1,1,,,,,,0
REACTOME_EICOSANOIDS,0,0,,,,,,0
REACTOME_ELECTRIC_TRANSMISSION_ACROSS_GAP_JUNCTIONS,0,0,,,,,,0
REACTOME_ELEVATION_OF_CYTOSOLIC_CA2_LEVELS,4,4,,,,,,0
REACTOME_ENDOGENOUS_STEROLS,3,3,,,,,,0
REACTOME_ENDOSOMAL_SORTING_COMPLEX_REQUIRED_FOR_TRANSPORT_ESCRT,4,4,,,,,,0
REACTOME_ENDOSOMAL_VACUOLAR_PATHWAY,3,3,,,,,,0
REACTOME_ENERGY_DEPENDENT_REGULATION_OF_MTOR_BY_LKB1_AMPK,4,4,,,,,,0
REACTOME_ENOS_ACTIVATION,2,2,,,,,,0
REACTOME_EPHRIN_SIGNALING,3,3,,,,,,0
REACTOME_ERBB2_REGULATES_CELL_MOTILITY,4,4,,,,,,0
REACTOME_ERKS_ARE_INACTIVATED,1,1,,,,,,0
REACTOME_ERK_MAPK_TARGETS,4,4,,,,,,0
REACTOME_ERYTHROPOIETIN_ACTIVATES_PHOSPHOLIPASE_C_GAMMA_PLCG,3,3,,,,,,0
REACTOME_ERYTHROPOIETIN_ACTIVATES_RAS,4,4,,,,,,0
REACTOME_ERYTHROPOIETIN_ACTIVATES_STAT5,3,3,,,,,,0
REACTOME_ER_QUALITY_CONTROL_COMPARTMENT_ERQC,4,4,,,,,,0
REACTOME_ESTABLISHMENT_OF_SISTER_CHROMATID_COHESION,4,4,,,,,,0
REACTOME_ESTROGEN_BIOSYNTHESIS,0,0,,,,,,0
REACTOME_ESTROGEN_STIMULATED_SIGNALING_THROUGH_PRKCZ,2,2,,,,,,0
REACTOME_ETHANOL_OXIDATION,1,1,,,,,,0
REACTOME_EXTRINSIC_PATHWAY_OF_FIBRIN_CLOT_FORMATION,0,0,,,,,,0
REACTOME_FASL_CD95L_SIGNALING,3,3,,,,,,0
REACTOME_FATTY_ACIDS,0,0,,,,,,0
REACTOME_FATTY_ACIDS_BOUND_TO_GPR40_FFAR1_REGULATE_INSULIN_SECRETION,1,1,,,,,,0
REACTOME_FBXW7_MUTANTS_AND_NOTCH1_IN_CANCER,0,0,,,,,,0
REACTOME_FGFR1B_LIGAND_BINDING_AND_ACTIVATION,1,1,,,,,,0
REACTOME_FGFR1C_LIGAND_BINDING_AND_ACTIVATION,1,1,,,,,,0
REACTOME_FGFR1_LIGAND_BINDING_AND_ACTIVATION,2,2,,,,,,0
REACTOME_FGFR2B_LIGAND_BINDING_AND_ACTIVATION,3,3,,,,,,0
REACTOME_FGFR2C_LIGAND_BINDING_AND_ACTIVATION,1,1,,,,,,0
REACTOME_FGFR2_LIGAND_BINDING_AND_ACTIVATION,4,4,,,,,,0
REACTOME_FGFR3B_LIGAND_BINDING_AND_ACTIVATION,1,1,,,,,,0
REACTOME_FGFR3_LIGAND_BINDING_AND_ACTIVATION,2,2,,,,,,0
REACTOME_FGFRL1_MODULATION_OF_FGFR1_SIGNALING,1,1,,,,,,0
REACTOME_FIBRONECTIN_MATRIX_FORMATION,0,0,,,,,,0
REACTOME_FICOLINS_BIND_TO_REPETITIVE_CARBOHYDRATE_STRUCTURES_ON_THE_TARGET_CELL_SURFACE,1,1,,,,,,0
REACTOME_FLT3_SIGNALING_BY_CBL_MUTANTS,3,3,,,,,,0
REACTOME_FLT3_SIGNALING_THROUGH_SRC_FAMILY_KINASES,3,3,,,,,,0
REACTOME_FOLDING_OF_ACTIN_BY_CCT_TRIC,3,3,,,,,,0
REACTOME_FORMATION_OF_APOPTOSOME,0,0,,,,,,0
REACTOME_FORMATION_OF_ATP_BY_CHEMIOSMOTIC_COUPLING,0,0,,,,,,0
REACTOME_FORMATION_OF_SENESCENCE_ASSOCIATED_HETEROCHROMATIN_FOCI_SAHF,1,1,,,,,,0
REACTOME_FORMATION_OF_XYLULOSE_5_PHOSPHATE,0,0,,,,,,0
REACTOME_FORMYL_PEPTIDE_RECEPTORS_BIND_FORMYL_PEPTIDES_AND_MANY_OTHER_LIGANDS,3,3,,,,,,0
REACTOME_FOXO_MEDIATED_TRANSCRIPTION_OF_CELL_CYCLE_GENES,4,4,,,,,,0
REACTOME_FREE_FATTY_ACIDS_REGULATE_INSULIN_SECRETION,1,1,,,,,,0
REACTOME_FREE_FATTY_ACID_RECEPTORS,0,0,,,,,,0
REACTOME_FRS_MEDIATED_FGFR1_SIGNALING,3,3,,,,,,0
REACTOME_FRS_MEDIATED_FGFR2_SIGNALING,3,3,,,,,,0
REACTOME_FRS_MEDIATED_FGFR3_SIGNALING,2,2,,,,,,0
REACTOME_FRS_MEDIATED_FGFR4_SIGNALING,2,2,,,,,,0
REACTOME_FRUCTOSE_CATABOLISM,1,1,,,,,,0
REACTOME_FRUCTOSE_METABOLISM,1,1,,,,,,0
REACTOME_G2_M_DNA_REPLICATION_CHECKPOINT,0,0,,,,,,0
REACTOME_G2_PHASE,1,1,,,,,,0
REACTOME_GAB1_SIGNALOSOME,3,3,,,,,,0
REACTOME_GABA_SYNTHESIS_RELEASE_REUPTAKE_AND_DEGRADATION,1,1,,,,,,0
REACTOME_GALACTOSE_CATABOLISM,3,3,,,,,,0
REACTOME_GAMMA_CARBOXYLATION_TRANSPORT_AND_AMINO_TERMINAL_CLEAVAGE_OF_PROTEINS,1,1,,,,,,0
REACTOME_GAP_JUNCTION_ASSEMBLY,3,3,,,,,,0
REACTOME_GAP_JUNCTION_DEGRADATION,2,2,,,,,,0
REACTOME_GASTRIN_CREB_SIGNALLING_PATHWAY_VIA_PKC_AND_MAPK,2,2,,,,,,0
REACTOME_GDP_FUCOSE_BIOSYNTHESIS,1,1,,,,,,0
REACTOME_GLI_PROTEINS_BIND_PROMOTERS_OF_HH_RESPONSIVE_GENES_TO_PROMOTE_TRANSCRIPTION,1,1,,,,,,0
REACTOME_GLUCOCORTICOID_BIOSYNTHESIS,0,0,,,,,,0
REACTOME_GLUCURONIDATION,0,0,,,,,,0
REACTOME_GLUTAMATE_AND_GLUTAMINE_METABOLISM,2,2,,,,,,0
REACTOME_GLUTAMATE_NEUROTRANSMITTER_RELEASE_CYCLE,3,3,,,,,,0
REACTOME_GLUTATHIONE_SYNTHESIS_AND_RECYCLING,2,2,,,,,,0
REACTOME_GLYCEROPHOSPHOLIPID_CATABOLISM,3,3,,,,,,0
REACTOME_GLYCOGEN_BREAKDOWN_GLYCOGENOLYSIS,4,4,,,,,,0
REACTOME_GOLGI_CISTERNAE_PERICENTRIOLAR_STACK_REORGANIZATION,0,0,,,,,,0
REACTOME_GP1B_IX_V_ACTIVATION_SIGNALLING,4,4,,,,,,0
REACTOME_GRB2_EVENTS_IN_ERBB2_SIGNALING,4,4,,,,,,0
REACTOME_GRB2_SOS_PROVIDES_LINKAGE_TO_MAPK_SIGNALING_FOR_INTEGRINS,2,2,,,,,,0
REACTOME_GRB7_EVENTS_IN_ERBB2_SIGNALING,3,3,,,,,,0
REACTOME_HDL_ASSEMBLY,2,2,,,,,,0
REACTOME_HDL_CLEARANCE,1,1,,,,,,0
REACTOME_HDL_REMODELING,4,4,,,,,,0
REACTOME_HDR_THROUGH_MMEJ_ALT_NHEJ,3,3,,,,,,0
REACTOME_HEDGEHOG_LIGAND_BIOGENESIS,4,4,,,,,,0
REACTOME_HEME_BIOSYNTHESIS,3,3,,,,,,0
REACTOME_HEME_DEGRADATION,2,2,,,,,,0
REACTOME_HIGHLY_CALCIUM_PERMEABLE_NICOTINIC_ACETYLCHOLINE_RECEPTORS,1,1,,,,,,0
REACTOME_HIGHLY_CALCIUM_PERMEABLE_POSTSYNAPTIC_NICOTINIC_ACETYLCHOLINE_RECEPTORS,1,1,,,,,,0
REACTOME_HIGHLY_SODIUM_PERMEABLE_POSTSYNAPTIC_ACETYLCHOLINE_NICOTINIC_RECEPTORS,1,1,,,,,,0
REACTOME_HISTIDINE_CATABOLISM,0,0,,,,,,0
REACTOME_HORMONE_LIGAND_BINDING_RECEPTORS,0,0,,,,,,0
REACTOME_HS_GAG_BIOSYNTHESIS,3,3,,,,,,0
REACTOME_HS_GAG_DEGRADATION,4,4,,,,,,0
REACTOME_HUR_ELAVL1_BINDS_AND_STABILIZES_MRNA,0,0,,,,,,0
REACTOME_HYALURONAN_BIOSYNTHESIS_AND_EXPORT,2,2,,,,,,0
REACTOME_HYALURONAN_METABOLISM,3,3,,,,,,0
REACTOME_HYALURONAN_UPTAKE_AND_DEGRADATION,1,1,,,,,,0
REACTOME_HYDROLYSIS_OF_LPC,0,0,,,,,,0
REACTOME_IKBA_VARIANT_LEADS_TO_EDA_ID,2,2,,,,,,0
REACTOME_IL_6_TYPE_CYTOKINE_RECEPTOR_LIGAND_INTERACTIONS,4,4,,,,,,0
REACTOME_INACTIVATION_OF_CDC42_AND_RAC1,1,1,,,,,,0
REACTOME_INCRETIN_SYNTHESIS_SECRETION_AND_INACTIVATION,2,2,,,,,,0
REACTOME_INHIBITION_OF_REPLICATION_INITIATION_OF_DAMAGED_DNA_BY_RB1_E2F1,4,4,,,,,,0
REACTOME_INLA_MEDIATED_ENTRY_OF_LISTERIA_MONOCYTOGENES_INTO_HOST_CELLS,2,2,,,,,,0
REACTOME_INLB_MEDIATED_ENTRY_OF_LISTERIA_MONOCYTOGENES_INTO_HOST_CELL,2,2,,,,,,0
REACTOME_INSULIN_PROCESSING,4,4,,,,,,0
REACTOME_INTEGRATION_OF_PROVIRUS,1,1,,,,,,0
REACTOME_INTEGRIN_SIGNALING,4,4,,,,,,0
REACTOME_INTERACTION_WITH_CUMULUS_CELLS_AND_THE_ZONA_PELLUCIDA,1,1,,,,,,0
REACTOME_INTERLEUKIN_15_SIGNALING,3,3,,,,,,0
REACTOME_INTERLEUKIN_18_SIGNALING,2,2,,,,,,0
REACTOME_INTERLEUKIN_1_PROCESSING,1,1,,,,,,0
REACTOME_INTERLEUKIN_21_SIGNALING,2,2,,,,,,0
REACTOME_INTERLEUKIN_23_SIGNALING,2,2,,,,,,0
REACTOME_INTERLEUKIN_27_SIGNALING,1,1,,,,,,0
REACTOME_INTERLEUKIN_35_SIGNALLING,2,2,,,,,,0
REACTOME_INTERLEUKIN_36_PATHWAY,3,3,,,,,,0
REACTOME_INTERLEUKIN_6_SIGNALING,2,2,,,,,,0
REACTOME_INTERLEUKIN_9_SIGNALING,1,1,,,,,,0
REACTOME_INTESTINAL_ABSORPTION,1,1,,,,,,0
REACTOME_IONOTROPIC_ACTIVITY_OF_KAINATE_RECEPTORS,2,2,,,,,,0
REACTOME_IRAK1_RECRUITS_IKK_COMPLEX,4,4,,,,,,0
REACTOME_IRAK2_MEDIATED_ACTIVATION_OF_TAK1_COMPLEX,3,3,,,,,,0
REACTOME_IRF3_MEDIATED_ACTIVATION_OF_TYPE_1_IFN,1,1,,,,,,0
REACTOME_IRF3_MEDIATED_INDUCTION_OF_TYPE_I_IFN,1,1,,,,,,0
REACTOME_IRS_ACTIVATION,1,1,,,,,,0
REACTOME_JNK_C_JUN_KINASES_PHOSPHORYLATION_AND_ACTIVATION_MEDIATED_BY_ACTIVATED_HUMAN_TAK1,4,4,,,,,,0
REACTOME_JOSEPHIN_DOMAIN_DUBS,4,4,,,,,,0
REACTOME_KERATAN_SULFATE_BIOSYNTHESIS,4,4,,,,,,0
REACTOME_KERATAN_SULFATE_DEGRADATION,0,0,,,,,,0
REACTOME_KERATAN_SULFATE_KERATIN_METABOLISM,4,4,,,,,,0
REACTOME_KETONE_BODY_METABOLISM,3,3,,,,,,0
REACTOME_KILLING_MECHANISMS,3,3,,,,,,0
REACTOME_KSRP_KHSRP_BINDS_AND_DESTABILIZES_MRNA,3,3,,,,,,0
REACTOME_LAMININ_INTERACTIONS,2,2,,,,,,0
REACTOME_LDL_CLEARANCE,3,3,,,,,,0
REACTOME_LDL_REMODELING,0,0,,,,,,0
REACTOME_LECTIN_PATHWAY_OF_COMPLEMENT_ACTIVATION,1,1,,,,,,0
REACTOME_LEUKOTRIENE_RECEPTORS,3,3,,,,,,0
REACTOME_LGI_ADAM_INTERACTIONS,2,2,,,,,,0
REACTOME_LIGAND_RECEPTOR_INTERACTIONS,0,0,,,,,,0
REACTOME_LINOLEIC_ACID_LA_METABOLISM,1,1,,,,,,0
REACTOME_LIPID_PARTICLE_ORGANIZATION,4,4,,,,,,0
REACTOME_LIPOPHAGY,2,2,,,,,,0
REACTOME_LISTERIA_MONOCYTOGENES_ENTRY_INTO_HOST_CELLS,2,2,,,,,,0
REACTOME_LOSS_OF_FUNCTION_OF_MECP2_IN_RETT_SYNDROME,3,3,,,,,,0
REACTOME_LOSS_OF_FUNCTION_OF_SMAD2_3_IN_CANCER,2,2,,,,,,0
REACTOME_LOSS_OF_MECP2_BINDING_ABILITY_TO_THE_NCOR_SMRT_COMPLEX,3,3,,,,,,0
REACTOME_LRR_FLII_INTERACTING_PROTEIN_1_LRRFIP1_ACTIVATES_TYPE_I_IFN_PRODUCTION,0,0,,,,,,0
REACTOME_LTC4_CYSLTR_MEDIATED_IL4_PRODUCTION,2,2,,,,,,0
REACTOME_LYSINE_CATABOLISM,2,2,,,,,,0
REACTOME_LYSOSOME_VESICLE_BIOGENESIS,2,2,,,,,,0
REACTOME_LYSOSPHINGOLIPID_AND_LPA_RECEPTORS,4,4,,,,,,0
REACTOME_MAPK1_ERK2_ACTIVATION,1,1,,,,,,0
REACTOME_MAPK3_ERK1_ACTIVATION,2,2,,,,,,0
REACTOME_MASTL_FACILITATES_MITOTIC_PROGRESSION,2,2,,,,,,0
REACTOME_MATURATION_OF_SARS_COV_1_NUCLEOPROTEIN,1,1,,,,,,0
REACTOME_MATURATION_OF_SARS_COV_1_SPIKE_PROTEIN,1,1,,,,,,0
REACTOME_MATURATION_OF_SARS_COV_2_NUCLEOPROTEIN,4,4,,,,,,0
REACTOME_MECP2_REGULATES_NEURONAL_RECEPTORS_AND_CHANNELS,3,3,,,,,,0
REACTOME_MECP2_REGULATES_TRANSCRIPTION_FACTORS,1,1,,,,,,0
REACTOME_MECP2_REGULATES_TRANSCRIPTION_OF_NEURONAL_LIGANDS,0,0,,,,,,0
REACTOME_MELANIN_BIOSYNTHESIS,0,0,,,,,,0
REACTOME_METABOLIC_DISORDERS_OF_BIOLOGICAL_OXIDATION_ENZYMES,4,4,,,,,,0
REACTOME_METABOLISM_OF_AMINE_DERIVED_HORMONES,0,0,,,,,,0
REACTOME_METABOLISM_OF_ANGIOTENSINOGEN_TO_ANGIOTENSINS,3,3,,,,,,0
REACTOME_METABOLISM_OF_FOLATE_AND_PTERINES,1,1,,,,,,0
REACTOME_METABOLISM_OF_INGESTED_SEMET_SEC_MESEC_INTO_H2SE,1,1,,,,,,0
REACTOME_METABOLISM_OF_NITRIC_OXIDE_NOS3_ACTIVATION_AND_REGULATION,3,3,,,,,,0
REACTOME_METABOLISM_OF_PORPHYRINS,4,4,,,,,,0
REACTOME_METABOLISM_OF_STEROID_HORMONES,2,2,,,,,,0
REACTOME_METALLOPROTEASE_DUBS,3,3,,,,,,0
REACTOME_METALLOTHIONEINS_BIND_METALS,3,3,,,,,,0
REACTOME_METAL_SEQUESTRATION_BY_ANTIMICROBIAL_PROTEINS,3,3,,,,,,0
REACTOME_METHIONINE_SALVAGE_PATHWAY,2,2,,,,,,0
REACTOME_METHYLATION,0,0,,,,,,0
REACTOME_MET_ACTIVATES_PI3K_AKT_SIGNALING,1,1,,,,,,0
REACTOME_MET_ACTIVATES_PTK2_SIGNALING,3,3,,,,,,0
REACTOME_MET_ACTIVATES_PTPN11,0,0,,,,,,0
REACTOME_MET_ACTIVATES_RAP1_AND_RAC1,1,1,,,,,,0
REACTOME_MET_ACTIVATES_RAS_SIGNALING,1,1,,,,,,0
REACTOME_MET_INTERACTS_WITH_TNS_PROTEINS,1,1,,,,,,0
REACTOME_MET_RECEPTOR_ACTIVATION,1,1,,,,,,0
REACTOME_MET_RECEPTOR_RECYCLING,1,1,,,,,,0
REACTOME_MINERALOCORTICOID_BIOSYNTHESIS,0,0,,,,,,0
REACTOME_MIRO_GTPASE_CYCLE,3,3,,,,,,0
REACTOME_MISCELLANEOUS_SUBSTRATES,0,0,,,,,,0
REACTOME_MITOCHONDRIAL_FATTY_ACID_BETA_OXIDATION_OF_SATURATED_FATTY_ACIDS,3,3,,,,,,0
REACTOME_MITOCHONDRIAL_FATTY_ACID_BETA_OXIDATION_OF_UNSATURATED_FATTY_ACIDS,1,1,,,,,,0
REACTOME_MITOCHONDRIAL_UNCOUPLING,0,0,,,,,,0
REACTOME_MITOTIC_TELOPHASE_CYTOKINESIS,4,4,,,,,,0
REACTOME_MODULATION_BY_MTB_OF_HOST_IMMUNE_SYSTEM,3,3,,,,,,0
REACTOME_MOLYBDENUM_COFACTOR_BIOSYNTHESIS,4,4,,,,,,0
REACTOME_MRNA_EDITING_C_TO_U_CONVERSION,4,4,,,,,,0
REACTOME_MTORC1_MEDIATED_SIGNALLING,4,4,,,,,,0
REACTOME_MUCOPOLYSACCHARIDOSES,1,1,,,,,,0
REACTOME_MULTIFUNCTIONAL_ANION_EXCHANGERS,1,1,,,,,,0
REACTOME_MUSCARINIC_ACETYLCHOLINE_RECEPTORS,0,0,,,,,,0
REACTOME_MYOGENESIS,3,3,,,,,,0
REACTOME_NADE_MODULATES_DEATH_SIGNALLING,2,2,,,,,,0
REACTOME_NA_CL_DEPENDENT_NEUROTRANSMITTER_TRANSPORTERS,0,0,,,,,,0
REACTOME_NECTIN_NECL_TRANS_HETERODIMERIZATION,1,1,,,,,,0
REACTOME_NEF_AND_SIGNAL_TRANSDUCTION,4,4,,,,,,0
REACTOME_NEF_MEDIATED_CD4_DOWN_REGULATION,2,2,,,,,,0
REACTOME_NEF_MEDIATED_CD8_DOWN_REGULATION,2,2,,,,,,0
REACTOME_NEF_MEDIATED_DOWNREGULATION_OF_MHC_CLASS_I_COMPLEX_CELL_SURFACE_EXPRESSION,2,2,,,,,,0
REACTOME_NEGATIVE_FEEDBACK_REGULATION_OF_MAPK_PATHWAY,2,2,,,,,,0
REACTOME_NEGATIVE_REGULATION_OF_ACTIVITY_OF_TFAP2_AP_2_FAMILY_TRANSCRIPTION_FACTORS,1,1,,,,,,0
REACTOME_NEGATIVE_REGULATION_OF_FGFR3_SIGNALING,4,4,,,,,,0
REACTOME_NEGATIVE_REGULATION_OF_FGFR4_SIGNALING,4,4,,,,,,0
REACTOME_NEGATIVE_REGULATION_OF_MET_ACTIVITY,2,2,,,,,,0
REACTOME_NEGATIVE_REGULATION_OF_NMDA_RECEPTOR_MEDIATED_NEURONAL_TRANSMISSION,4,4,,,,,,0
REACTOME_NEGATIVE_REGULATION_OF_NOTCH4_SIGNALING,3,3,,,,,,0
REACTOME_NEGATIVE_REGULATION_OF_TCF_DEPENDENT_SIGNALING_BY_DVL_INTERACTING_PROTEINS,2,2,,,,,,0
REACTOME_NEGATIVE_REGULATION_OF_TCF_DEPENDENT_SIGNALING_BY_WNT_LIGAND_ANTAGONISTS,1,1,,,,,,0
REACTOME_NETRIN_MEDIATED_REPULSION_SIGNALS,0,0,,,,,,0
REACTOME_NEUROFASCIN_INTERACTIONS,0,0,,,,,,0
REACTOME_NEUROTOXICITY_OF_CLOSTRIDIUM_TOXINS,3,3,,,,,,0
REACTOME_NEUROTRANSMITTER_CLEARANCE,3,3,,,,,,0
REACTOME_NEUROTRANSMITTER_RELEASE_CYCLE,3,3,,,,,,0
REACTOME_NF_KB_ACTIVATION_THROUGH_FADD_RIP_1_PATHWAY_MEDIATED_BY_CASPASE_8_AND_10,3,3,,,,,,0
REACTOME_NF_KB_IS_ACTIVATED_AND_SIGNALS_SURVIVAL,4,4,,,,,,0
REACTOME_NGF_INDEPENDANT_TRKA_ACTIVATION,0,0,,,,,,0
REACTOME_NICOTINAMIDE_SALVAGING,1,1,,,,,,0
REACTOME_NICOTINATE_METABOLISM,4,4,,,,,,0
REACTOME_NITRIC_OXIDE_STIMULATES_GUANYLATE_CYCLASE,4,4,,,,,,0
REACTOME_NONCANONICAL_ACTIVATION_OF_NOTCH3,0,0,,,,,,0
REACTOME_NOREPINEPHRINE_NEUROTRANSMITTER_RELEASE_CYCLE,2,2,,,,,,0
REACTOME_NOSTRIN_MEDIATED_ENOS_TRAFFICKING,2,2,,,,,,0
REACTOME_NOTCH2_ACTIVATION_AND_TRANSMISSION_OF_SIGNAL_TO_THE_NUCLEUS,3,3,,,,,,0
REACTOME_NOTCH2_INTRACELLULAR_DOMAIN_REGULATES_TRANSCRIPTION,3,3,,,,,,0
REACTOME_NOTCH3_ACTIVATION_AND_TRANSMISSION_OF_SIGNAL_TO_THE_NUCLEUS,4,4,,,,,,0
REACTOME_NOTCH3_INTRACELLULAR_DOMAIN_REGULATES_TRANSCRIPTION,3,3,,,,,,0
REACTOME_NOTCH4_ACTIVATION_AND_TRANSMISSION_OF_SIGNAL_TO_THE_NUCLEUS,0,0,,,,,,0
REACTOME_NOTCH4_INTRACELLULAR_DOMAIN_REGULATES_TRANSCRIPTION,3,3,,,,,,0
REACTOME_NR1H2_NR1H3_REGULATE_GENE_EXPRESSION_LINKED_TO_GLUCONEOGENESIS,1,1,,,,,,0
REACTOME_NR1H2_NR1H3_REGULATE_GENE_EXPRESSION_LINKED_TO_LIPOGENESIS,1,1,,,,,,0
REACTOME_NR1H2_NR1H3_REGULATE_GENE_EXPRESSION_LINKED_TO_TRIGLYCERIDE_LIPOLYSIS_IN_ADIPOSE,1,1,,,,,,0
REACTOME_NR1H2_NR1H3_REGULATE_GENE_EXPRESSION_TO_CONTROL_BILE_ACID_HOMEOSTASIS,2,2,,,,,,0
REACTOME_NR1H2_NR1H3_REGULATE_GENE_EXPRESSION_TO_LIMIT_CHOLESTEROL_UPTAKE,2,2,,,,,,0
REACTOME_NRCAM_INTERACTIONS,1,1,,,,,,0
REACTOME_NRIF_SIGNALS_CELL_DEATH_FROM_THE_NUCLEUS,4,4,,,,,,0
REACTOME_NTRK2_ACTIVATES_RAC1,1,1,,,,,,0
REACTOME_NUCLEAR_EVENTS_STIMULATED_BY_ALK_SIGNALING_IN_CANCER,3,3,,,,,,0
REACTOME_NUCLEOTIDE_BIOSYNTHESIS,3,3,,,,,,0
REACTOME_NUCLEOTIDE_LIKE_PURINERGIC_RECEPTORS,3,3,,,,,,0
REACTOME_N_GLYCAN_ANTENNAE_ELONGATION,4,4,,,,,,0
REACTOME_N_GLYCAN_TRIMMING_AND_ELONGATION_IN_THE_CIS_GOLGI,2,2,,,,,,0
REACTOME_OAS_ANTIVIRAL_RESPONSE,2,2,,,,,,0
REACTOME_OLFACTORY_SIGNALING_PATHWAY,1,1,,,,,,0
REACTOME_OPSINS,0,0,,,,,,0
REACTOME_OREXIN_AND_NEUROPEPTIDES_FF_AND_QRFP_BIND_TO_THEIR_RESPECTIVE_RECEPTORS,1,1,,,,,,0
REACTOME_ORGANIC_ANION_TRANSPORT,0,0,,,,,,0
REACTOME_ORGANIC_ANION_TRANSPORTERS,0,0,,,,,,0
REACTOME_ORGANIC_CATION_ANION_ZWITTERION_TRANSPORT,0,0,,,,,,0
REACTOME_ORGANIC_CATION_TRANSPORT,0,0,,,,,,0
REACTOME_OTHER_SEMAPHORIN_INTERACTIONS,4,4,,,,,,0
REACTOME_P130CAS_LINKAGE_TO_MAPK_SIGNALING_FOR_INTEGRINS,2,2,,,,,,0
REACTOME_P2Y_RECEPTORS,2,2,,,,,,0
REACTOME_P38MAPK_EVENTS,2,2,,,,,,0
REACTOME_P75NTR_NEGATIVELY_REGULATES_CELL_CYCLE_VIA_SC1,0,0,,,,,,0
REACTOME_P75NTR_RECRUITS_SIGNALLING_COMPLEXES,4,4,,,,,,0
REACTOME_P75NTR_REGULATES_AXONOGENESIS,1,1,,,,,,0
REACTOME_PASSIVE_TRANSPORT_BY_AQUAPORINS,3,3,,,,,,0
REACTOME_PENTOSE_PHOSPHATE_PATHWAY,3,3,,,,,,0
REACTOME_PEPTIDE_HORMONE_BIOSYNTHESIS,0,0,,,,,,0
REACTOME_PHASE_0_RAPID_DEPOLARISATION,4,4,,,,,,0
REACTOME_PHASE_1_INACTIVATION_OF_FAST_NA_CHANNELS,1,1,,,,,,0
REACTOME_PHASE_2_PLATEAU_PHASE,1,1,,,,,,0
REACTOME_PHASE_3_RAPID_REPOLARISATION,0,0,,,,,,0
REACTOME_PHASE_4_RESTING_MEMBRANE_POTENTIAL,1,1,,,,,,0
REACTOME_PHENYLALANINE_AND_TYROSINE_METABOLISM,3,3,,,,,,0
REACTOME_PHENYLALANINE_METABOLISM,2,2,,,,,,0
REACTOME_PHOSPHATE_BOND_HYDROLYSIS_BY_NTPDASE_PROTEINS,1,1,,,,,,0
REACTOME_PHOSPHATE_BOND_HYDROLYSIS_BY_NUDT_PROTEINS,3,3,,,,,,0
REACTOME_PHOSPHOLIPASE_C_MEDIATED_CASCADE_FGFR2,3,3,,,,,,0
REACTOME_PHOSPHOLIPASE_C_MEDIATED_CASCADE_FGFR4,2,2,,,,,,0
REACTOME_PHOSPHORYLATION_OF_EMI1,0,0,,,,,,0
REACTOME_PHYSIOLOGICAL_FACTORS,1,1,,,,,,0
REACTOME_PI3K_AKT_ACTIVATION,3,3,,,,,,0
REACTOME_PI3K_EVENTS_IN_ERBB4_SIGNALING,2,2,,,,,,0
REACTOME_PI5P_REGULATES_TP53_ACETYLATION,2,2,,,,,,0
REACTOME_PINK1_PRKN_MEDIATED_MITOPHAGY,4,4,,,,,,0
REACTOME_PI_3K_CASCADE_FGFR1,3,3,,,,,,0
REACTOME_PI_3K_CASCADE_FGFR2,3,3,,,,,,0
REACTOME_PI_3K_CASCADE_FGFR3,2,2,,,,,,0
REACTOME_PI_3K_CASCADE_FGFR4,2,2,,,,,,0
REACTOME_PKA_ACTIVATION_IN_GLUCAGON_SIGNALLING,4,4,,,,,,0
REACTOME_PKA_MEDIATED_PHOSPHORYLATION_OF_CREB,4,4,,,,,,0
REACTOME_PKA_MEDIATED_PHOSPHORYLATION_OF_KEY_METABOLIC_FACTORS,1,1,,,,,,0
REACTOME_PLASMA_LIPOPROTEIN_ASSEMBLY,3,3,,,,,,0
REACTOME_PLATELET_SENSITIZATION_BY_LDL,1,1,,,,,,0
REACTOME_POLO_LIKE_KINASE_MEDIATED_EVENTS,4,4,,,,,,0
REACTOME_POU5F1_OCT4_SOX2_NANOG_ACTIVATE_GENES_RELATED_TO_PROLIFERATION,2,2,,,,,,0
REACTOME_POU5F1_OCT4_SOX2_NANOG_REPRESS_GENES_RELATED_TO_DIFFERENTIATION,4,4,,,,,,0
REACTOME_PP2A_MEDIATED_DEPHOSPHORYLATION_OF_KEY_METABOLIC_FACTORS,0,0,,,,,,0
REACTOME_PRC2_METHYLATES_HISTONES_AND_DNA,4,4,,,,,,0
REACTOME_PREGNENOLONE_BIOSYNTHESIS,1,1,,,,,,0
REACTOME_PRESYNAPTIC_DEPOLARIZATION_AND_CALCIUM_CHANNEL_OPENING,1,1,,,,,,0
REACTOME_PRESYNAPTIC_NICOTINIC_ACETYLCHOLINE_RECEPTORS,2,2,,,,,,0
REACTOME_PREVENTION_OF_PHAGOSOMAL_LYSOSOMAL_FUSION,2,2,,,,,,0
REACTOME_PRE_NOTCH_PROCESSING_IN_GOLGI,2,2,,,,,,0
REACTOME_PRE_NOTCH_PROCESSING_IN_THE_ENDOPLASMIC_RETICULUM,0,0,,,,,,0
REACTOME_PROCESSING_AND_ACTIVATION_OF_SUMO,2,2,,,,,,0
REACTOME_PROCESSING_OF_SMDT1,3,3,,,,,,0
REACTOME_PROLACTIN_RECEPTOR_SIGNALING,2,2,,,,,,0
REACTOME_PROLONGED_ERK_ACTIVATION_EVENTS,3,3,,,,,,0
REACTOME_PROPIONYL_COA_CATABOLISM,1,1,,,,,,0
REACTOME_PROSTANOID_LIGAND_RECEPTORS,3,3,,,,,,0
REACTOME_PROTEIN_METHYLATION,4,4,,,,,,0
REACTOME_PROTEIN_REPAIR,1,1,,,,,,0
REACTOME_PROTON_COUPLED_MONOCARBOXYLATE_TRANSPORT,3,3,,,,,,0
REACTOME_PTK6_EXPRESSION,4,4,,,,,,0
REACTOME_PTK6_PROMOTES_HIF1A_STABILIZATION,1,1,,,,,,0
REACTOME_PTK6_REGULATES_CELL_CYCLE,4,4,,,,,,0
REACTOME_PTK6_REGULATES_PROTEINS_INVOLVED_IN_RNA_PROCESSING,2,2,,,,,,0
REACTOME_PTK6_REGULATES_RHO_GTPASES_RAS_GTPASE_AND_MAP_KINASES,3,3,,,,,,0
REACTOME_PTK6_REGULATES_RTKS_AND_THEIR_EFFECTORS_AKT1_AND_DOK1,3,3,,,,,,0
REACTOME_PURINE_RIBONUCLEOSIDE_MONOPHOSPHATE_BIOSYNTHESIS,2,2,,,,,,0
REACTOME_PURINE_SALVAGE,3,3,,,,,,0
REACTOME_PYRIMIDINE_CATABOLISM,4,4,,,,,,0
REACTOME_PYRIMIDINE_SALVAGE,3,3,,,,,,0
REACTOME_PYROPTOSIS,4,4,,,,,,0
REACTOME_RAP1_SIGNALLING,3,3,,,,,,0
REACTOME_RAS_SIGNALING_DOWNSTREAM_OF_NF1_LOSS_OF_FUNCTION_VARIANTS,2,2,,,,,,0
REACTOME_RA_BIOSYNTHESIS_PATHWAY,3,3,,,,,,0
REACTOME_REACTIONS_SPECIFIC_TO_THE_COMPLEX_N_GLYCAN_SYNTHESIS_PATHWAY,3,3,,,,,,0
REACTOME_RECEPTOR_MEDIATED_MITOPHAGY,3,3,,,,,,0
REACTOME_RECEPTOR_TYPE_TYROSINE_PROTEIN_PHOSPHATASES,0,0,,,,,,0
REACTOME_RECOGNITION_AND_ASSOCIATION_OF_DNA_GLYCOSYLASE_WITH_SITE_CONTAINING_AN_AFFECTED_PURINE,4,4,,,,,,0
REACTOME_RECYCLING_OF_BILE_ACIDS_AND_SALTS,0,0,,,,,,0
REACTOME_RECYCLING_OF_EIF2_GDP,4,4,,,,,,0
REACTOME_REDUCTION_OF_CYTOSOLIC_CA_LEVELS,1,1,,,,,,0
REACTOME_REELIN_SIGNALLING_PATHWAY,1,1,,,,,,0
REACTOME_REGULATED_PROTEOLYSIS_OF_P75NTR,0,0,,,,,,0
REACTOME_REGULATION_OF_BACH1_ACTIVITY,3,3,,,,,,0
REACTOME_REGULATION_OF_BETA_CELL_DEVELOPMENT,2,2,,,,,,0
REACTOME_REGULATION_OF_COMMISSURAL_AXON_PATHFINDING_BY_SLIT_AND_ROBO,2,2,,,,,,0
REACTOME_REGULATION_OF_CYTOSKELETAL_REMODELING_AND_CELL_SPREADING_BY_IPP_COMPLEX_COMPONENTS,0,0,,,,,,0
REACTOME_REGULATION_OF_FOXO_TRANSCRIPTIONAL_ACTIVITY_BY_ACETYLATION,4,4,,,,,,0
REACTOME_REGULATION_OF_FZD_BY_UBIQUITINATION,3,3,,,,,,0
REACTOME_REGULATION_OF_GENE_EXPRESSION_BY_HYPOXIA_INDUCIBLE_FACTOR,2,2,,,,,,0
REACTOME_REGULATION_OF_GENE_EXPRESSION_IN_BETA_CELLS,1,1,,,,,,0
REACTOME_REGULATION_OF_GENE_EXPRESSION_IN_EARLY_PANCREATIC_PRECURSOR_CELLS,0,0,,,,,,0
REACTOME_REGULATION_OF_GENE_EXPRESSION_IN_ENDOCRINE_COMMITTED_NEUROG3_PROGENITOR_CELLS,0,0,,,,,,0
REACTOME_REGULATION_OF_GENE_EXPRESSION_IN_LATE_STAGE_BRANCHING_MORPHOGENESIS_PANCREATIC_BUD_PRECURSOR_CELLS,1,1,,,,,,0
REACTOME_REGULATION_OF_GLYCOLYSIS_BY_FRUCTOSE_2_6_BISPHOSPHATE_METABOLISM,1,1,,,,,,0
REACTOME_REGULATION_OF_IFNA_SIGNALING,3,3,,,,,,0
REACTOME_REGULATION_OF_IFNG_SIGNALING,3,3,,,,,,0
REACTOME_REGULATION_OF_INNATE_IMMUNE_RESPONSES_TO_CYTOSOLIC_DNA,4,4,,,,,,0
REACTOME_REGULATION_OF_KIT_SIGNALING,4,4,,,,,,0
REACTOME_REGULATION_OF_LOCALIZATION_OF_FOXO_TRANSCRIPTION_FACTORS,1,1,,,,,,0
REACTOME_REGULATION_OF_PTEN_LOCALIZATION,2,2,,,,,,0
REACTOME_REGULATION_OF_PTEN_MRNA_TRANSLATION,3,3,,,,,,0
REACTOME_REGULATION_OF_RUNX3_EXPRESSION_AND_ACTIVITY,3,3,,,,,,0
REACTOME_REGULATION_OF_SIGNALING_BY_NODAL,0,0,,,,,,0
REACTOME_REGULATION_OF_TLR_BY_ENDOGENOUS_LIGAND,4,4,,,,,,0
REACTOME_REGULATION_OF_TP53_ACTIVITY_THROUGH_ASSOCIATION_WITH_CO_FACTORS,0,0,,,,,,0
REACTOME_RELAXIN_RECEPTORS,1,1,,,,,,0
REACTOME_RELEASE_OF_APOPTOTIC_FACTORS_FROM_THE_MITOCHONDRIA,0,0,,,,,,0
REACTOME_RELEASE_OF_HH_NP_FROM_THE_SECRETING_CELL,0,0,,,,,,0
REACTOME_REMOVAL_OF_AMINOTERMINAL_PROPEPTIDES_FROM_GAMMA_CARBOXYLATED_PROTEINS,1,1,,,,,,0
REACTOME_RESPONSE_OF_EIF2AK1_HRI_TO_HEME_DEFICIENCY,3,3,,,,,,0
REACTOME_RESPONSE_TO_METAL_IONS,4,4,,,,,,0
REACTOME_RETINOID_CYCLE_DISEASE_EVENTS,1,1,,,,,,0
REACTOME_RETROGRADE_NEUROTROPHIN_SIGNALLING,1,1,,,,,,0
REACTOME_RHOBTB1_GTPASE_CYCLE,4,4,,,,,,0
REACTOME_RHOBTB3_ATPASE_CYCLE,2,2,,,,,,0
REACTOME_RHOT1_GTPASE_CYCLE,2,2,,,,,,0
REACTOME_RHO_GTPASES_ACTIVATE_CIT,2,2,,,,,,0
REACTOME_RHO_GTPASES_ACTIVATE_KTN1,2,2,,,,,,0
REACTOME_RHO_GTPASES_ACTIVATE_NADPH_OXIDASES,4,4,,,,,,0
REACTOME_RHO_GTPASES_ACTIVATE_PAKS,3,3,,,,,,0
REACTOME_RHO_GTPASES_ACTIVATE_PKNS,2,2,,,,,,0
REACTOME_RHO_GTPASES_ACTIVATE_RHOTEKIN_AND_RHOPHILINS,1,1,,,,,,0
REACTOME_RHO_GTPASES_ACTIVATE_ROCKS,1,1,,,,,,0
REACTOME_RIP_MEDIATED_NFKB_ACTIVATION_VIA_ZBP1,4,4,,,,,,0
REACTOME_ROBO_RECEPTORS_BIND_AKAP5,3,3,,,,,,0
REACTOME_ROLE_OF_ABL_IN_ROBO_SLIT_SIGNALING,2,2,,,,,,0
REACTOME_ROLE_OF_SECOND_MESSENGERS_IN_NETRIN_1_SIGNALING,2,2,,,,,,0
REACTOME_RORA_ACTIVATES_GENE_EXPRESSION,4,4,,,,,,0
REACTOME_RRNA_MODIFICATION_IN_THE_MITOCHONDRION,1,1,,,,,,0
REACTOME_RRNA_PROCESSING_IN_THE_MITOCHONDRION,1,1,,,,,,0
REACTOME_RSK_ACTIVATION,1,1,,,,,,0
REACTOME_RUNX1_REGULATES_ESTROGEN_RECEPTOR_MEDIATED_TRANSCRIPTION,1,1,,,,,,0
REACTOME_RUNX1_REGULATES_EXPRESSION_OF_COMPONENTS_OF_TIGHT_JUNCTIONS,1,1,,,,,,0
REACTOME_RUNX1_REGULATES_TRANSCRIPTION_OF_GENES_INVOLVED_IN_BCR_SIGNALING,2,2,,,,,,0
REACTOME_RUNX1_REGULATES_TRANSCRIPTION_OF_GENES_INVOLVED_IN_DIFFERENTIATION_OF_KERATINOCYTES,3,3,,,,,,0
REACTOME_RUNX1_REGULATES_TRANSCRIPTION_OF_GENES_INVOLVED_IN_DIFFERENTIATION_OF_MYELOID_CELLS,2,2,,,,,,0
REACTOME_RUNX1_REGULATES_TRANSCRIPTION_OF_GENES_INVOLVED_IN_INTERLEUKIN_SIGNALING,0,0,,,,,,0
REACTOME_RUNX1_REGULATES_TRANSCRIPTION_OF_GENES_INVOLVED_IN_WNT_SIGNALING,1,1,,,,,,0
REACTOME_RUNX2_REGULATES_CHONDROCYTE_MATURATION,1,1,,,,,,0
REACTOME_RUNX2_REGULATES_GENES_INVOLVED_IN_CELL_MIGRATION,0,0,,,,,,0
REACTOME_RUNX3_REGULATES_BCL2L11_BIM_TRANSCRIPTION,3,3,,,,,,0
REACTOME_RUNX3_REGULATES_CDKN1A_TRANSCRIPTION,1,1,,,,,,0
REACTOME_RUNX3_REGULATES_IMMUNE_RESPONSE_AND_CELL_MIGRATION,2,2,,,,,,0
REACTOME_RUNX3_REGULATES_NOTCH_SIGNALING,1,1,,,,,,0
REACTOME_RUNX3_REGULATES_P14_ARF,3,3,,,,,,0
REACTOME_RUNX3_REGULATES_WNT_SIGNALING,4,4,,,,,,0
REACTOME_RUNX3_REGULATES_YAP1_MEDIATED_TRANSCRIPTION,0,0,,,,,,0
REACTOME_SCAVENGING_BY_CLASS_B_RECEPTORS,1,1,,,,,,0
REACTOME_SCAVENGING_BY_CLASS_F_RECEPTORS,2,2,,,,,,0
REACTOME_SCAVENGING_OF_HEME_FROM_PLASMA,4,4,,,,,,0
REACTOME_SEALING_OF_THE_NUCLEAR_ENVELOPE_NE_BY_ESCRT_III,4,4,,,,,,0
REACTOME_SEMA3A_PAK_DEPENDENT_AXON_REPULSION,3,3,,,,,,0
REACTOME_SEMA3A_PLEXIN_REPULSION_SIGNALING_BY_INHIBITING_INTEGRIN_ADHESION,2,2,,,,,,0
REACTOME_SEMA4D_INDUCED_CELL_MIGRATION_AND_GROWTH_CONE_COLLAPSE,4,4,,,,,,0
REACTOME_SEMA4D_IN_SEMAPHORIN_SIGNALING,4,4,,,,,,0
REACTOME_SEMA4D_MEDIATED_INHIBITION_OF_CELL_ATTACHMENT_AND_MIGRATION,1,1,,,,,,0
REACTOME_SENSING_OF_DNA_DOUBLE_STRAND_BREAKS,0,0,,,,,,0
REACTOME_SENSORY_PERCEPTION_OF_SALTY_TASTE,0,0,,,,,,0
REACTOME_SENSORY_PERCEPTION_OF_TASTE,4,4,,,,,,0
REACTOME_SERINE_BIOSYNTHESIS,2,2,,,,,,0
REACTOME_SEROTONIN_AND_MELATONIN_BIOSYNTHESIS,0,0,,,,,,0
REACTOME_SEROTONIN_NEUROTRANSMITTER_RELEASE_CYCLE,2,2,,,,,,0
REACTOME_SEROTONIN_RECEPTORS,0,0,,,,,,0
REACTOME_SHC1_EVENTS_IN_EGFR_SIGNALING,3,3,,,,,,0
REACTOME_SHC1_EVENTS_IN_ERBB4_SIGNALING,2,2,,,,,,0
REACTOME_SHC_MEDIATED_CASCADE_FGFR1,3,3,,,,,,0
REACTOME_SHC_MEDIATED_CASCADE_FGFR3,2,2,,,,,,0
REACTOME_SHC_MEDIATED_CASCADE_FGFR4,2,2,,,,,,0
REACTOME_SHC_RELATED_EVENTS_TRIGGERED_BY_IGF1R,1,1,,,,,,0
REACTOME_SIGNALING_BY_ACTIVIN,2,2,,,,,,0
REACTOME_SIGNALING_BY_ALK,4,4,,,,,,0
REACTOME_SIGNALING_BY_BMP,4,4,,,,,,0
REACTOME_SIGNALING_BY_CTNNB1_PHOSPHO_SITE_MUTANTS,1,1,,,,,,0
REACTOME_SIGNALING_BY_FGFR2_IIIA_TM,4,4,,,,,,0
REACTOME_SIGNALING_BY_FGFR3_FUSIONS_IN_CANCER,2,2,,,,,,0
REACTOME_SIGNALING_BY_FGFR4_IN_DISEASE,3,3,,,,,,0
REACTOME_SIGNALING_BY_FLT3_ITD_AND_TKD_MUTANTS,4,4,,,,,,0
REACTOME_SIGNALING_BY_HIPPO,2,2,,,,,,0
REACTOME_SIGNALING_BY_LEPTIN,4,4,,,,,,0
REACTOME_SIGNALING_BY_LRP5_MUTANTS,1,1,,,,,,0
REACTOME_SIGNALING_BY_MAPK_MUTANTS,1,1,,,,,,0
REACTOME_SIGNALING_BY_MEMBRANE_TETHERED_FUSIONS_OF_PDGFRA_OR_PDGFRB,0,0,,,,,,0
REACTOME_SIGNALING_BY_MRAS_COMPLEX_MUTANTS,1,1,,,,,,0
REACTOME_SIGNALING_BY_MST1,1,1,,,,,,0
REACTOME_SIGNALING_BY_NODAL,2,2,,,,,,0
REACTOME_SIGNALING_BY_NOTCH1_HD_DOMAIN_MUTANTS_IN_CANCER,3,3,,,,,,0
REACTOME_SIGNALING_BY_NOTCH1_T_7_9_NOTCH1_M1580_K2555_TRANSLOCATION_MUTANT,0,0,,,,,,0
REACTOME_SIGNALING_BY_NTRK2_TRKB,4,4,,,,,,0
REACTOME_SIGNALING_BY_NTRK3_TRKC,3,3,,,,,,0
REACTOME_SIGNALING_BY_PDGFRA_TRANSMEMBRANE_JUXTAMEMBRANE_AND_KINASE_DOMAIN_MUTANTS,4,4,,,,,,0
REACTOME_SIGNALING_BY_PDGFR_IN_DISEASE,4,4,,,,,,0
REACTOME_SIGNALING_BY_RNF43_MUTANTS,0,0,,,,,,0
REACTOME_SIGNALING_BY_TGF_BETA_RECEPTOR_COMPLEX_IN_CANCER,2,2,,,,,,0
REACTOME_SIGNALLING_TO_P38_VIA_RIT_AND_RIN,1,1,,,,,,0
REACTOME_SIGNALLING_TO_RAS,2,2,,,,,,0
REACTOME_SIGNAL_ATTENUATION,1,1,,,,,,0
REACTOME_SIGNAL_REGULATORY_PROTEIN_FAMILY_INTERACTIONS,2,2,,,,,,0
REACTOME_SIGNAL_TRANSDUCTION_BY_L1,4,4,,,,,,0
REACTOME_SIRT1_NEGATIVELY_REGULATES_RRNA_EXPRESSION,3,3,,,,,,0
REACTOME_SLBP_DEPENDENT_PROCESSING_OF_REPLICATION_DEPENDENT_HISTONE_PRE_MRNAS,0,0,,,,,,0
REACTOME_SMAC_XIAP_REGULATED_APOPTOTIC_RESPONSE,1,1,,,,,,0
REACTOME_SMALL_INTERFERING_RNA_SIRNA_BIOGENESIS,2,2,,,,,,0
REACTOME_SODIUM_CALCIUM_EXCHANGERS,0,0,,,,,,0
REACTOME_SODIUM_COUPLED_PHOSPHATE_COTRANSPORTERS,0,0,,,,,,0
REACTOME_SODIUM_COUPLED_SULPHATE_DI_AND_TRI_CARBOXYLATE_TRANSPORTERS,0,0,,,,,,0
REACTOME_SODIUM_PROTON_EXCHANGERS,0,0,,,,,,0
REACTOME_SOS_MEDIATED_SIGNALLING,2,2,,,,,,0
REACTOME_SPERM_MOTILITY_AND_TAXES,2,2,,,,,,0
REACTOME_SPRY_REGULATION_OF_FGF_SIGNALING,3,3,,,,,,0
REACTOME_STAT3_NUCLEAR_EVENTS_DOWNSTREAM_OF_ALK_SIGNALING,0,0,,,,,,0
REACTOME_STAT5_ACTIVATION,2,2,,,,,,0
REACTOME_STAT5_ACTIVATION_DOWNSTREAM_OF_FLT3_ITD_MUTANTS,2,2,,,,,,0
REACTOME_STING_MEDIATED_INDUCTION_OF_HOST_IMMUNE_RESPONSES,1,1,,,,,,0
REACTOME_SULFIDE_OXIDATION_TO_SULFATE,1,1,,,,,,0
REACTOME_SUMOYLATION_OF_IMMUNE_RESPONSE_PROTEINS,2,2,,,,,,0
REACTOME_SUMOYLATION_OF_TRANSCRIPTION_FACTORS,3,3,,,,,,0
REACTOME_SUMO_IS_CONJUGATED_TO_E1_UBA2_SAE1,1,1,,,,,,0
REACTOME_SUMO_IS_PROTEOLYTICALLY_PROCESSED,1,1,,,,,,0
REACTOME_SUMO_IS_TRANSFERRED_FROM_E1_TO_E2_UBE2I_UBC9,1,1,,,,,,0
REACTOME_SUPPRESSION_OF_APOPTOSIS,0,0,,,,,,0
REACTOME_SUPPRESSION_OF_PHAGOSOMAL_MATURATION,4,4,,,,,,0
REACTOME_SURFACTANT_METABOLISM,3,3,,,,,,0
REACTOME_SYNDECAN_INTERACTIONS,4,4,,,,,,0
REACTOME_SYNTHESIS_OF_12_EICOSATETRAENOIC_ACID_DERIVATIVES,2,2,,,,,,0
REACTOME_SYNTHESIS_OF_15_EICOSATETRAENOIC_ACID_DERIVATIVES,1,1,,,,,,0
REACTOME_SYNTHESIS_OF_16_20_HYDROXYEICOSATETRAENOIC_ACIDS_HETE,1,1,,,,,,0
REACTOME_SYNTHESIS_OF_5_EICOSATETRAENOIC_ACIDS,2,2,,,,,,0
REACTOME_SYNTHESIS_OF_BILE_ACIDS_AND_BILE_SALTS_VIA_24_HYDROXYCHOLESTEROL,2,2,,,,,,0
REACTOME_SYNTHESIS_OF_BILE_ACIDS_AND_BILE_SALTS_VIA_27_HYDROXYCHOLESTEROL,1,1,,,,,,0
REACTOME_SYNTHESIS_OF_BILE_ACIDS_AND_BILE_SALTS_VIA_7ALPHA_HYDROXYCHOLESTEROL,2,2,,,,,,0
REACTOME_SYNTHESIS_OF_DIPHTHAMIDE_EEF2,3,3,,,,,,0
REACTOME_SYNTHESIS_OF_DOLICHYL_PHOSPHATE,2,2,,,,,,0
REACTOME_SYNTHESIS_OF_EPOXY_EET_AND_DIHYDROXYEICOSATRIENOIC_ACIDS_DHET,2,2,,,,,,0
REACTOME_SYNTHESIS_OF_GDP_MANNOSE,1,1,,,,,,0
REACTOME_SYNTHESIS_OF_KETONE_BODIES,2,2,,,,,,0
REACTOME_SYNTHESIS_OF_LEUKOTRIENES_LT_AND_EOXINS_EX,1,1,,,,,,0
REACTOME_SYNTHESIS_OF_LIPOXINS_LX,3,3,,,,,,0
REACTOME_SYNTHESIS_OF_PE,3,3,,,,,,0
REACTOME_SYNTHESIS_OF_PG,1,1,,,,,,0
REACTOME_SYNTHESIS_OF_PI,2,2,,,,,,0
REACTOME_SYNTHESIS_OF_PIPS_AT_THE_EARLY_ENDOSOME_MEMBRANE,4,4,,,,,,0
REACTOME_SYNTHESIS_OF_PIPS_AT_THE_ER_MEMBRANE,2,2,,,,,,0
REACTOME_SYNTHESIS_OF_PIPS_AT_THE_GOLGI_MEMBRANE,4,4,,,,,,0
REACTOME_SYNTHESIS_OF_PIPS_AT_THE_LATE_ENDOSOME_MEMBRANE,2,2,,,,,,0
REACTOME_SYNTHESIS_OF_PROSTAGLANDINS_PG_AND_THROMBOXANES_TX,4,4,,,,,,0
REACTOME_SYNTHESIS_OF_PYROPHOSPHATES_IN_THE_CYTOSOL,2,2,,,,,,0
REACTOME_SYNTHESIS_OF_UDP_N_ACETYL_GLUCOSAMINE,1,1,,,,,,0
REACTOME_SYNTHESIS_OF_WYBUTOSINE_AT_G37_OF_TRNA_PHE,2,2,,,,,,0
REACTOME_SYNTHESIS_SECRETION_AND_DEACYLATION_OF_GHRELIN,4,4,,,,,,0
REACTOME_SYNTHESIS_SECRETION_AND_INACTIVATION_OF_GLUCAGON_LIKE_PEPTIDE_1_GLP_1,2,2,,,,,,0
REACTOME_SYNTHESIS_SECRETION_AND_INACTIVATION_OF_GLUCOSE_DEPENDENT_INSULINOTROPIC_POLYPEPTIDE_GIP,2,2,,,,,,0
REACTOME_TACHYKININ_RECEPTORS_BIND_TACHYKININS,0,0,,,,,,0
REACTOME_TANDEM_PORE_DOMAIN_POTASSIUM_CHANNELS,0,0,,,,,,0
REACTOME_TERMINAL_PATHWAY_OF_COMPLEMENT,1,1,,,,,,0
REACTOME_TETRAHYDROBIOPTERIN_BH4_SYNTHESIS_RECYCLING_SALVAGE_AND_REGULATION,2,2,,,,,,0
REACTOME_TFAP2A_ACTS_AS_A_TRANSCRIPTIONAL_REPRESSOR_DURING_RETINOIC_ACID_INDUCED_CELL_DIFFERENTIATION,2,2,,,,,,0
REACTOME_TFAP2_AP_2_FAMILY_REGULATES_TRANSCRIPTION_OF_CELL_CYCLE_FACTORS,2,2,,,,,,0
REACTOME_TFAP2_AP_2_FAMILY_REGULATES_TRANSCRIPTION_OF_GROWTH_FACTORS_AND_THEIR_RECEPTORS,2,2,,,,,,0
REACTOME_THE_ACTIVATION_OF_ARYLSULFATASES,3,3,,,,,,0
REACTOME_THE_CANONICAL_RETINOID_CYCLE_IN_RODS_TWILIGHT_VISION,4,4,,,,,,0
REACTOME_THE_FATTY_ACID_CYCLING_MODEL,0,0,,,,,,0
REACTOME_THE_RETINOID_CYCLE_IN_CONES_DAYLIGHT_VISION,0,0,,,,,,0
REACTOME_THYROXINE_BIOSYNTHESIS,0,0,,,,,,0
REACTOME_TICAM1_DEPENDENT_ACTIVATION_OF_IRF3_IRF7,4,4,,,,,,0
REACTOME_TICAM1_TRAF6_DEPENDENT_INDUCTION_OF_TAK1_COMPLEX,4,4,,,,,,0
REACTOME_TLR3_MEDIATED_TICAM1_DEPENDENT_PROGRAMMED_CELL_DEATH,2,2,,,,,,0
REACTOME_TNFR1_INDUCED_PROAPOPTOTIC_SIGNALING,3,3,,,,,,0
REACTOME_TNFR1_MEDIATED_CERAMIDE_PRODUCTION,2,2,,,,,,0
REACTOME_TOXICITY_OF_BOTULINUM_TOXIN_TYPE_D_BOTD,1,1,,,,,,0
REACTOME_TP53_REGULATES_TRANSCRIPTION_OF_CASPASE_ACTIVATORS_AND_CASPASES,1,1,,,,,,0
REACTOME_TP53_REGULATES_TRANSCRIPTION_OF_GENES_INVOLVED_IN_CYTOCHROME_C_RELEASE,4,4,,,,,,0
REACTOME_TP53_REGULATES_TRANSCRIPTION_OF_GENES_INVOLVED_IN_G1_CELL_CYCLE_ARREST,3,3,,,,,,0
REACTOME_TP53_REGULATES_TRANSCRIPTION_OF_SEVERAL_ADDITIONAL_CELL_DEATH_GENES_WHOSE_SPECIFIC_ROLES_IN_P53_DEPENDENT_APOPTOSIS_REMAIN_UNCERTAIN,1,1,,,,,,0
REACTOME_TRAF3_DEPENDENT_IRF_ACTIVATION_PATHWAY,4,4,,,,,,0
REACTOME_TRAF6_MEDIATED_INDUCTION_OF_TAK1_COMPLEX_WITHIN_TLR4_COMPLEX,4,4,,,,,,0
REACTOME_TRAF6_MEDIATED_IRF7_ACTIVATION,3,3,,,,,,0
REACTOME_TRAF6_MEDIATED_IRF7_ACTIVATION_IN_TLR7_8_OR_9_SIGNALING,4,4,,,,,,0
REACTOME_TRAFFICKING_AND_PROCESSING_OF_ENDOSOMAL_TLR,3,3,,,,,,0
REACTOME_TRAFFICKING_OF_GLUR2_CONTAINING_AMPA_RECEPTORS,1,1,,,,,,0
REACTOME_TRAFFICKING_OF_MYRISTOYLATED_PROTEINS_TO_THE_CILIUM,0,0,,,,,,0
REACTOME_TRAIL_SIGNALING,4,4,,,,,,0
REACTOME_TRANSCRIPTIONAL_REGULATION_OF_TESTIS_DIFFERENTIATION,2,2,,,,,,0
REACTOME_TRANSLATION_OF_REPLICASE_AND_ASSEMBLY_OF_THE_REPLICATION_TRANSCRIPTION_COMPLEX,2,2,,,,,,0
REACTOME_TRANSPORT_AND_SYNTHESIS_OF_PAPS,2,2,,,,,,0
REACTOME_TRANSPORT_OF_CONNEXONS_TO_THE_PLASMA_MEMBRANE,3,3,,,,,,0
REACTOME_TRANSPORT_OF_FATTY_ACIDS,2,2,,,,,,0
REACTOME_TRANSPORT_OF_NUCLEOSIDES_AND_FREE_PURINE_AND_PYRIMIDINE_BASES_ACROSS_THE_PLASMA_MEMBRANE,1,1,,,,,,0
REACTOME_TRANSPORT_OF_NUCLEOTIDE_SUGARS,3,3,,,,,,0
REACTOME_TRANSPORT_OF_ORGANIC_ANIONS,3,3,,,,,,0
REACTOME_TRIF_MEDIATED_PROGRAMMED_CELL_DEATH,2,2,,,,,,0
REACTOME_TRIGLYCERIDE_BIOSYNTHESIS,3,3,,,,,,0
REACTOME_TRISTETRAPROLIN_TTP_ZFP36_BINDS_AND_DESTABILIZES_MRNA,4,4,,,,,,0
REACTOME_TRNA_MODIFICATION_IN_THE_MITOCHONDRION,3,3,,,,,,0
REACTOME_TRNA_PROCESSING_IN_THE_MITOCHONDRION,1,1,,,,,,0
REACTOME_TRP_CHANNELS,3,3,,,,,,0
REACTOME_TYPE_I_HEMIDESMOSOME_ASSEMBLY,0,0,,,,,,0
REACTOME_TYROSINE_CATABOLISM,1,1,,,,,,0
REACTOME_TYSND1_CLEAVES_PEROXISOMAL_PROTEINS,2,2,,,,,,0
REACTOME_UNBLOCKING_OF_NMDA_RECEPTORS_GLUTAMATE_BINDING_AND_ACTIVATION,4,4,,,,,,0
REACTOME_UNWINDING_OF_DNA,4,4,,,,,,0
REACTOME_UPTAKE_AND_FUNCTION_OF_ANTHRAX_TOXINS,1,1,,,,,,0
REACTOME_UPTAKE_AND_FUNCTION_OF_DIPHTHERIA_TOXIN,2,2,,,,,,0
REACTOME_UREA_CYCLE,1,1,,,,,,0
REACTOME_VASOPRESSIN_LIKE_RECEPTORS,3,3,,,,,,0
REACTOME_VEGF_LIGAND_RECEPTOR_INTERACTIONS,0,0,,,,,,0
REACTOME_VITAMINS,1,1,,,,,,0
REACTOME_VITAMIN_B1_THIAMIN_METABOLISM,1,1,,,,,,0
REACTOME_VITAMIN_B2_RIBOFLAVIN_METABOLISM,1,1,,,,,,0
REACTOME_VITAMIN_C_ASCORBATE_METABOLISM,3,3,,,,,,0
REACTOME_VITAMIN_D_CALCIFEROL_METABOLISM,1,1,,,,,,0
REACTOME_VLDLR_INTERNALISATION_AND_DEGRADATION,1,1,,,,,,0
REACTOME_VLDL_ASSEMBLY,0,0,,,,,,0
REACTOME_VLDL_CLEARANCE,1,1,,,,,,0
REACTOME_VOLTAGE_GATED_POTASSIUM_CHANNELS,2,2,,,,,,0
REACTOME_VXPX_CARGO_TARGETING_TO_CILIUM,1,1,,,,,,0
REACTOME_WAX_AND_PLASMALOGEN_BIOSYNTHESIS,2,2,,,,,,0
REACTOME_WNT5A_DEPENDENT_INTERNALIZATION_OF_FZD2_FZD5_AND_ROR2,0,0,,,,,,0
REACTOME_WNT5A_DEPENDENT_INTERNALIZATION_OF_FZD4,1,1,,,,,,0
REACTOME_WNT_LIGAND_BIOGENESIS_AND_TRAFFICKING,2,2,,,,,,0
REACTOME_WNT_MEDIATED_ACTIVATION_OF_DVL,2,2,,,,,,0
REACTOME_XENOBIOTICS,0,0,,,,,,0
REACTOME_YAP1_AND_WWTR1_TAZ_STIMULATED_GENE_EXPRESSION,0,0,,,,,,0
REACTOME_ZINC_EFFLUX_AND_COMPARTMENTALIZATION_BY_THE_SLC30_FAMILY,1,1,,,,,,0
REACTOME_ZINC_INFLUX_INTO_CELLS_BY_THE_SLC39_GENE_FAMILY,4,4,,,,,,0
