gene,proba_de,bf,lfc_mean,lfc_std,proba_up,detection_rate
LY6E,0.99978,8.421662987408371,3.76825017578125,1.2352500804137097,0.99102,1.0
IFIT3,0.99956,7.728295734223573,5.750801015625,1.2296844833885088,0.99338,1.0
ISG15,0.9995,7.60040233450051,5.35491740234375,1.4034457055586687,0.99238,1.0
IFI6,0.99944,7.487013617376507,4.26351693359375,1.187242306548814,0.99182,1.0
IFIT1,0.99938,7.385170887645732,6.23373861328125,1.1993075846238785,0.99364,1.0
IFIT2,0.99938,7.385170887645732,5.65483951171875,1.284846757576345,0.9934,1.0
ISG20,0.99934,7.322610505047932,3.516168447265625,1.3927814029456111,0.99076,1.0
RSAD2,0.99908,6.990216464461412,5.5978121484375,1.5057800130432546,0.99326,1.0
TNFSF10,0.9985,6.500789044747742,4.515656640625,1.6488554110289164,0.9914,1.0
MNDA,0.99118,4.7218742825301065,2.4995888671875,3.507021587744693,0.7478,1.0
CXCL10,0.9893,4.526753880861312,6.04305091796875,3.2268810855587864,0.97754,1.0
CXCL11,0.98898,4.496962305246549,6.7200241015625,3.7088150456943945,0.97918,1.0
IFITM3,0.98364,4.096420645278336,3.86605453125,2.1012010000595716,0.97208,1.0
CD38,0.98316,4.067014865127545,4.02817724609375,2.4073829045360795,0.94898,1.0
OASL,0.9829,4.05142892206397,2.960829140625,1.5873044230001452,0.96998,1.0
IFI27,0.9827,4.039597383864649,3.582427568359375,1.8639266931558047,0.97904,1.0
CH25H,0.98252,4.029063329542935,5.04991044921875,3.1286035975329773,0.93864,1.0
APOBEC3A,0.98238,4.0209435783714245,3.91479724609375,3.909920218588455,0.80618,1.0
DEFB1,0.97778,3.784291911643284,4.94176669921875,4.605107322635664,0.82426,1.0
CLEC5A,0.97206,3.5493581771215674,-4.39438849609375,4.063287796126298,0.15372,1.0
APOBEC3B,0.97078,3.5032464657519578,4.70554775390625,3.5177487285134292,0.91344,1.0
IDO1,0.97036,3.4885423362369656,3.897008720703125,3.5482058823987077,0.85514,1.0
PRR5,0.96984,3.4706145662985737,3.472136181640625,2.8642341540570766,0.88036,1.0
GBP5,0.9698,3.469247940290428,2.293467763671875,1.528758774442661,0.95164,1.0
CCL2,0.96908,3.4449439441032372,2.0556921337890626,3.9227364999388845,0.76166,1.0
KRT2,0.96846,3.4244505994783503,-2.2599330810546876,5.528159953289582,0.31442,1.0
LAG3,0.96798,3.408850718337537,4.063341669921875,3.3790861405639707,0.8837,1.0
ZNF704,0.96762,3.3972984999709914,-4.039043974609375,3.787932218232225,0.1567,1.0
CD14,0.9673,3.3871336072852953,-2.446354541015625,3.929258240307861,0.2456,1.0
ARHGEF35,0.96676,3.370196304382527,-3.669982568359375,3.068999222741564,0.10484,1.0
CCL7,0.96618,3.352297808787527,2.453358212890625,3.879262842086383,0.77208,1.0
VCAN,0.96552,3.3322873705141514,-3.747910732421875,3.8873257076584062,0.17712,1.0
TNFSF13B,0.96516,3.321527738719676,3.00894181640625,2.162845683392451,0.92606,1.0
CATSPER1,0.96516,3.321527738719676,-2.197971455078125,4.933834723256521,0.31262,1.0
CLEC2D,0.96516,3.321527738719676,1.0754156323242188,3.5261098882926496,0.72772,1.0
UBAC1,0.9641,3.2904577281761003,-1.8438725244140626,1.3684228106513396,0.03262,1.0
BDH1,0.96402,3.288148812760911,-2.064132822265625,4.342976638513123,0.26972,1.0
E2F5,0.96372,3.279534170741436,3.14047876953125,4.057158552484545,0.77956,1.0
KLRC2,0.9636,3.276107496098022,-0.1783418021583557,5.8641308884269385,0.4863,1.0
GBP4,0.96352,3.2738290800872396,2.30623609375,1.6403321053439883,0.94984,1.0
CCL3L1,0.96342,3.2709878108269304,0.47657774703979494,5.922609741577312,0.53314,1.0
XCL2,0.96338,3.2698533949252586,-0.44724504272460935,5.098699267019802,0.46734,1.0
NELL2,0.96334,3.2687201704180873,-1.9360321728515626,4.7808722371089,0.3404,1.0
S100B,0.96326,3.2664572851862927,-1.1966028588867188,5.072358344619309,0.407,1.0
KRT86,0.96298,3.2585743360051223,-1.588883916015625,5.052546497020275,0.37398,1.0
XCL1,0.96298,3.2585743360051223,-0.60199232421875,5.13416587441005,0.45578,1.0
NOG,0.96292,3.2568925939217244,-1.2309265869140624,5.022039003557529,0.40842,1.0
SPRY1,0.9629,3.2563325946328483,-2.0504420751953125,4.669610600001219,0.33794,1.0
CPNE7,0.96264,3.2490788967692668,-2.0259867529296876,4.685689085737915,0.34506,1.0
CXCL9,0.96252,3.245747387796613,3.5088200390625,3.6086817921816596,0.83042,1.0
PGAP1,0.96202,3.2319755350862467,1.8670456298828124,2.9068293828926377,0.75784,1.0
NEIL1,0.96198,3.2308813233685165,-1.333197578125,4.922057988553329,0.39742,1.0
IL4I1,0.96196,3.230334632082464,1.7624632177734374,3.1799754211995412,0.74248,1.0
CA6,0.96192,3.2292420772013903,0.1038792809677124,5.131709285290393,0.51036,1.0
CHN1,0.96122,3.210298661155516,-0.6929965893554687,5.563857385698495,0.4463,1.0
KLF5,0.9612,3.2097622572330877,1.896771240234375,4.623956203468492,0.68426,1.0
PTGDR,0.96098,3.203879261904234,-1.4164761303710938,4.997608222961653,0.38574,1.0
AQP3,0.96088,3.201215686079617,-1.4110393115234374,4.8055554373386915,0.37952,1.0
FGFBP3,0.96088,3.201215686079617,-1.065562315673828,5.080513976352769,0.41084,1.0
MMP7,0.9608,3.1990895239693566,-2.716738408203125,4.072775917159444,0.2454,1.0
G0S2,0.96076,3.19802800322862,-1.887783544921875,4.545098347742015,0.34562,1.0
IGFBP4,0.96054,3.1922081257235875,2.208445908203125,2.3296727302168163,0.86494,1.0
CXCL1,0.9605,3.191153310301536,-2.1806092724609374,4.6544426859165835,0.3242,1.0
CD79B,0.96038,3.187994998203464,-2.1059216552734377,3.9360778579348996,0.28168,1.0
NCAPH,0.96014,3.1817057923779197,-1.7534615576171875,4.585827622996061,0.35546,1.0
CD8B,0.9601,3.180661121807759,-0.5299860833740234,4.8447455817029095,0.46018,1.0
MMP9,0.95992,3.175972490879524,-3.126408095703125,3.306548946370968,0.18458,1.0
SOCS1,0.95992,3.175972490879524,1.9809706591796874,2.3957850792395163,0.82162,1.0
IFNG,0.95974,3.1713039942349335,0.9844065234375,4.8254989832388,0.57968,1.0
GPC2,0.95958,3.1671709767553593,-1.540285927734375,4.7218892913296315,0.3716,1.0
ITGA1,0.9595,3.1651103413352617,-1.2225113818359374,4.704774443255126,0.40116,1.0
IL1RN,0.95948,3.164595791660347,4.37151380859375,3.3608149689694558,0.88184,1.0
TNFRSF13C,0.95946,3.164081485175551,-1.6975775537109374,4.178440234451941,0.33852,1.0
COL6A2,0.95924,3.158440095907148,-0.9635557836914063,4.673239484871799,0.42004,1.0
CD27,0.95882,3.1477506601506247,-1.56136482421875,4.772313384716301,0.36418,1.0
CXCR6,0.9588,3.1472442462047483,-0.4625803497314453,4.343324237915854,0.46474,1.0
YES1,0.9588,3.1472442462047483,-0.1037555207824707,4.70724411260529,0.49698,1.0
CXCL3,0.95874,3.1457264147362474,-1.480712587890625,4.787613926274992,0.37164,1.0
CCNE1,0.95856,3.141185560384386,-0.3230075666809082,4.693444449374774,0.47294,1.0
FBLN5,0.9584,3.137165060093968,-0.4491387292480469,5.016397583364924,0.46274,1.0
PDE6B,0.95838,3.136663538064432,-0.15560842765808106,4.671317383283519,0.4833,1.0
MYB,0.95836,3.136162246516391,-0.9792648486328125,5.009676835571049,0.4205,1.0
SIGLEC7,0.95832,3.135160353977963,-2.64763513671875,3.021432830111367,0.16726,1.0
FST,0.9583,3.134659752544962,-0.4971731091308594,4.6779703123584655,0.45876,1.0
ZNF512B,0.95816,3.131161958882584,-1.0122306884765624,4.710328674392718,0.41086,1.0
CXCR3,0.95804,3.1281727472245495,-1.2848818334960936,4.74581783016128,0.39864,1.0
FGF22,0.958,3.1271781596874915,-1.460452646484375,4.387088124029626,0.37124,1.0
ROBO3,0.95798,3.126681205509361,-0.9752079028320313,4.763234164147712,0.41344,1.0
AGBL3,0.95796,3.1261844774369583,-0.6742172351074218,4.531028531954318,0.44336,1.0
P2RX5,0.95794,3.1256879752547695,-0.6388824645996094,4.83673589503315,0.4605,1.0
S1PR5,0.95794,3.1256879752547695,-0.5955215869140625,4.736432627993283,0.45042,1.0
IL1B,0.9579,3.1246956477005097,-2.779941337890625,3.7172932422008196,0.23434,1.0
CD160,0.95786,3.1237042211285955,-0.8304466125488281,4.583744570008366,0.43082,1.0
FN3K,0.9578,3.1222187668665424,-1.9277030908203125,4.171936789417094,0.31894,1.0
ATP1A3,0.9577,3.119747490475341,-1.487268232421875,4.784312181346313,0.36442,1.0
PRSS23,0.95768,3.11925390539307,-1.3057874291992186,4.4787922446788375,0.38368,1.0
WNT7A,0.95768,3.11925390539307,-0.9093942529296875,5.366371641317666,0.42358,1.0
NCALD,0.95766,3.1187605432158017,0.7282766955566407,5.0413154293134745,0.5591,1.0
KCNJ15,0.95764,3.1182674037325735,-2.2573908837890624,4.106605120599744,0.31066,1.0
OXT,0.9576,3.1172817920058513,-1.2589595703125,4.190361366092853,0.38244,1.0
GP9,0.95752,3.1153132316314327,-0.4277809262084961,4.6657032020690306,0.45694,1.0
SDS,0.95746,3.1138391349531718,2.0383430224609373,3.897677632374157,0.71334,1.0
MYO6,0.95746,3.1138391349531718,-0.27288761390686034,4.5405477719022205,0.48348,1.0
FGF9,0.95744,3.113348210872613,-1.3215687622070313,4.528683867224403,0.38106,1.0
FDXR,0.95708,3.10454906476298,-0.8165322827148438,4.556671323116194,0.43214,1.0
S100A8,0.95704,3.1035757376620396,-2.1475086083984376,4.415285423458443,0.27818,1.0
IL18RAP,0.957,3.102603275759391,1.3201514404296875,4.169870082203572,0.63382,1.0
TTLL11,0.957,3.102603275759391,-1.047017373046875,4.817157220087177,0.40264,1.0
PCBP4,0.95694,3.1011462016265012,-1.1280793505859374,4.582642151440216,0.40728,1.0
COL9A3,0.95678,3.097270128889122,-0.7536228295898437,4.592447559183011,0.4372,1.0
ADAMTS10,0.95674,3.0963032516750615,-1.20395568359375,5.129353121624335,0.40284,1.0
PLAU,0.9566,3.0929258901398375,-2.215772490234375,3.5928811892783976,0.25502,1.0
BBS1,0.95658,3.092444259197183,-1.650719833984375,4.053712858101891,0.34416,1.0
AKAP12,0.95652,3.0910006359748246,-1.0446222680664063,4.649620080736145,0.40564,1.0
BLK,0.95638,3.0876395628396285,-1.3120306103515624,4.4037249650864325,0.38028,1.0
PDE7B,0.95632,3.0862022536392932,-1.4012120361328124,4.383407937016191,0.37304,1.0
DAPK2,0.9562,3.0833332788096035,-1.3284680517578125,4.397667046055078,0.37776,1.0
EDAR,0.95614,3.0819016028544985,-0.6121600769042969,4.485337610230085,0.44134,1.0
STX1A,0.95596,3.0776177593173797,-1.3886422998046875,4.162576189325926,0.36874,1.0
RNASE1,0.95594,3.0771428082013426,-0.8570879736328125,4.726225276233032,0.44668,1.0
MYBL1,0.95592,3.076668062696839,0.22707979541778564,4.3771479638873325,0.52294,1.0
GNG4,0.9559,3.076193522616916,-1.0252829467773437,4.247123129725293,0.40684,1.0
KRT1,0.9559,3.076193522616916,-0.6542828381347656,4.260648661248346,0.43758,1.0
ST3GAL3,0.95582,3.0742974128128466,-0.8708424096679688,4.2985254627341325,0.41672,1.0
EPHA4,0.95576,3.0728774782948904,-1.2339961401367188,4.493324146498078,0.39712,1.0
DACT1,0.95566,3.0705149970697305,-3.077191767578125,3.1084289335489745,0.14172,1.0
CTLA4,0.95564,3.0700431106116546,0.22986623748779297,4.445878255866686,0.52734,1.0
SPP1,0.95558,3.0686286675072485,-0.715940634765625,4.644140581621792,0.44214,1.0
GPR55,0.95556,3.0681575912859236,-1.6926503955078125,4.532789207316203,0.33118,1.0
COL19A1,0.95556,3.0681575912859236,-0.7634988842773438,4.565728549539739,0.4363,1.0
MCOLN3,0.95548,3.0662753056044147,0.4622243783569336,4.7796764272336,0.5337,1.0
ATP6V1E2,0.9554,3.0643962419298436,-0.9923984545898438,4.1089007324590705,0.40476,1.0
EPHX2,0.9554,3.0643962419298436,-0.16674760848999023,4.948333163241727,0.48852,1.0
PRKCZ,0.95538,3.0639269780920033,-1.2748922802734375,4.5211551156700205,0.38846,1.0
HPSE,0.95528,3.0615836623782857,1.4580614990234375,3.145130317163428,0.72854,1.0
KIF19,0.95526,3.0611155986739846,0.9494175317382813,4.87559234610811,0.57868,1.0
CHST12,0.95516,3.058778267510651,1.632231103515625,2.887600022569117,0.71472,1.0
CCL20,0.95514,3.058311397503037,-0.8233234936523437,4.256251402692879,0.41958,1.0
TNFAIP6,0.95488,3.052260070945482,1.566175546875,4.474070043050376,0.66342,1.0
CCR6,0.95486,3.051795961486333,0.24147455005645752,4.606162452809826,0.52846,1.0
KISS1R,0.95474,3.049015411899324,-0.8087820556640625,4.312806595137419,0.42526,1.0
ATP6V0E2,0.95472,3.0485526698788448,-1.4382416455078124,4.639976953108386,0.3534,1.0
ITPR3,0.95472,3.0485526698788448,-0.5667444482421875,4.393015482246979,0.44902,1.0
SLC27A2,0.95468,3.047627769635537,0.6559861462402343,4.184650316297753,0.56346,1.0
TBXA2R,0.95466,3.047165611068436,-0.3996314306640625,4.2727859710030405,0.46188,1.0
COL23A1,0.9546,3.045780299524494,-1.5845461328125,4.050056138483015,0.34424,1.0
INPP4B,0.9546,3.045780299524494,-0.1747329168701172,4.625151565247572,0.49306,1.0
MICU3,0.95454,3.0443967306208073,-0.5932270220947266,5.598438040840644,0.4431,1.0
AKAP5,0.95452,3.043935927442681,-0.20736365058898926,4.383696152453932,0.4864,1.0
ACOT4,0.95448,3.043014899749469,-0.7569308752441406,4.420816324868874,0.43172,1.0
NEO1,0.95434,3.0397973609833127,-0.08548963889122009,4.509844097889332,0.49204,1.0
EPHA1,0.95432,3.0393384796259344,-1.0573477124023438,4.11123867846754,0.40044,1.0
POLA1,0.95432,3.0393384796259344,-0.8697450708007812,4.111631224260967,0.4212,1.0
CD8A,0.95414,3.035217133775832,-0.7529736596679687,4.67637227142699,0.44424,1.0
PRKCQ,0.9541,3.0343033706912994,-0.3923214270019531,4.625798823694146,0.471,1.0
GMPPB,0.95408,3.0338467733634857,-1.8632865380859376,3.8151916619762005,0.31278,1.0
PSAT1,0.95408,3.0338467733634857,1.2823828759765625,4.114888993038218,0.61844,1.0
GNAL,0.95402,3.0324781162540884,-0.7918353491210938,4.291866051236603,0.42528,1.0
PLCG1,0.95402,3.0324781162540884,0.5575637805175782,4.45106150148815,0.54724,1.0
LYPD3,0.954,3.0320222749591905,-1.5745616162109375,3.423500084143449,0.3268,1.0
POMK,0.95398,3.0315666222607254,-1.9782068115234375,3.6087775910226547,0.29044,1.0
CCR4,0.95394,3.030655881996134,-0.482401396484375,4.304049073131012,0.46002,1.0
CADM1,0.95382,3.0279281704744863,-0.7202502368164062,4.385266372623892,0.44002,1.0
HBA2,0.95382,3.0279281704744863,0.3135223717498779,4.409056115744881,0.52808,1.0
EDN1,0.95376,3.0265668431074957,2.0695715625,3.9237951017881025,0.70222,1.0
SH2D2A,0.95374,3.026113440812491,-0.9959628076171875,4.331334635706215,0.41748,1.0
TLE2,0.95374,3.026113440812491,-0.3945938775634766,4.860140876936019,0.46066,1.0
KALRN,0.95372,3.0256602249947306,-1.546916875,4.322159469375839,0.36152,1.0
C1QB,0.95372,3.0256602249947306,0.17538859092712403,4.726246877311595,0.49796,1.0
TOP2A,0.95364,3.023849223268538,-0.4624268948364258,4.330934038770614,0.45644,1.0
HBA1,0.95364,3.023849223268538,0.46114522338867187,4.562417876501539,0.54018,1.0
OSBPL7,0.9536,3.022944837078876,-1.6806682080078126,4.434707950808803,0.34724,1.0
PDGFD,0.9536,3.022944837078876,-0.1804555194091797,5.062489446829965,0.48604,1.0
DPP4,0.95356,3.022041192292898,0.365289833984375,4.810014566928324,0.54394,1.0
BLM,0.9535,3.0206871124471633,-0.48969027740478516,4.444006338706688,0.46344,1.0
CX3CR1,0.9534,3.018434001639126,-1.478316708984375,4.206837489262285,0.34758,1.0
LEF1,0.95338,3.017983931389065,-0.2731819549560547,4.528816887525525,0.47336,1.0
RFC3,0.95336,3.0175340447403136,-0.7560354345703125,4.118713034711095,0.42958,1.0
CCR9,0.95336,3.0175340447403136,-0.7271244677734375,4.553578633090702,0.43032,1.0
KRT81,0.9533,3.0161854848246814,-1.74370884765625,4.916647176135919,0.35056,1.0
XRCC2,0.9533,3.0161854848246814,-1.3207294482421874,3.913751264314185,0.36776,1.0
ACSM3,0.9533,3.0161854848246814,0.601320009765625,4.4498947349466,0.56486,1.0
IDO2,0.95326,3.0152873599994217,1.5000993603515624,3.987725761988007,0.6267,1.0
ORC6,0.95326,3.0152873599994217,-0.35159796142578126,4.0423899961945455,0.46618,1.0
PDGFRB,0.95324,3.014838571651295,-0.6082011163330078,4.526549345828043,0.4392,1.0
TAB1,0.95318,3.0134933009861804,-0.12729953145980835,4.180218835992933,0.48982,1.0
NDC1,0.9531,3.011702154491345,-0.836747958984375,4.31389313113868,0.42252,1.0
CCL3,0.95302,3.009913910562091,1.4060985791015626,4.105143028671299,0.6282,1.0
ZFYVE9,0.95302,3.009913910562091,-0.18579456657409668,4.18791270215922,0.477,1.0
KRT18,0.953,3.0094673019441425,-0.8868024462890625,4.355520959369354,0.4146,1.0
AREG,0.953,3.0094673019441425,0.3001656323242187,4.185745454185419,0.52428,1.0
TPST1,0.95298,3.0090208739631965,-2.759645859375,2.7540880488529083,0.15616,1.0
PPP1R14A,0.95294,3.00812855929638,-0.611305966796875,4.036852697641882,0.43858,1.0
FBXO15,0.95294,3.00812855929638,-0.1496963686609268,4.08886759197577,0.48566,1.0
CXXC5,0.95284,3.0059009230188485,-1.950163017578125,2.63389465997989,0.20188,1.0
PARD6A,0.95284,3.0059009230188485,-1.0238152490234376,5.015215325162228,0.40546,1.0
FASLG,0.9528,3.00501112544958,0.39710269897460937,4.263797354936921,0.54426,1.0
GRK4,0.95278,3.0045664953993496,-2.161938115234375,3.1310843069868524,0.24588,1.0
INCENP,0.95276,3.0041220443025534,0.027372071838378906,4.199896128290946,0.50368,1.0
ICOS,0.95272,3.003233678361898,0.46580727416992185,4.402659386902465,0.5549,1.0
NRG2,0.9527,3.0027897632148464,-1.4313810595703125,3.8972590604395765,0.35826,1.0
IL23A,0.95266,3.0019024678107487,-1.42220857421875,3.7106946680987067,0.35056,1.0
F2R,0.95262,3.0010158845868364,-0.987580390625,3.998611635444917,0.40788,1.0
ZBTB16,0.9526,3.0005728596657293,-1.1205120190429687,4.307885983090227,0.40334,1.0
SLC37A4,0.95256,2.999687342453449,-1.0540858154296875,3.9575585276733345,0.38088,1.0
AQP11,0.95246,2.997476649436347,-0.905919228515625,4.535276749566188,0.41326,1.0
SLC14A1,0.95246,2.997476649436347,-0.2367974937438965,4.369770105518322,0.47928,1.0
RGS9,0.95244,2.9970350410682025,-0.07872541469573975,4.622909642106471,0.49126,1.0
LDLRAP1,0.95236,2.9952703700836016,-1.3062103271484375,3.81210364374131,0.3732,1.0
FOXP3,0.95232,2.9943890900075245,-1.288300078125,4.421449142315009,0.38046,1.0
CD40LG,0.95232,2.9943890900075245,-0.8178767895507812,4.5848135418317835,0.4165,1.0
FZD3,0.95232,2.9943890900075245,-0.7703277709960937,4.3106063469490215,0.43666,1.0
ST8SIA1,0.95232,2.9943890900075245,-0.2667588545608521,4.546012644451551,0.48082,1.0
VIPR2,0.95214,2.9904320003225786,-0.6833313342285157,3.941892278205225,0.4295,1.0
LNX1,0.9521,2.9895545668747747,-0.6899581176757813,4.321323580033471,0.43526,1.0
KIF18A,0.95202,2.987801785562504,-1.3089767456054688,3.6580265871473125,0.35808,1.0
PCOLCE,0.95202,2.987801785562504,-1.001383642578125,3.927211232669051,0.39772,1.0
ACSM1,0.95198,2.9869264353742184,0.13868462539672852,4.582998508038004,0.51066,1.0
VAMP1,0.95196,2.9864890198901297,-1.737781025390625,3.54873620197808,0.3119,1.0
IL12RB2,0.95196,2.9864890198901297,0.3180090547180176,4.934423472579381,0.5249,1.0
SERPINE2,0.95194,2.9860517772867867,-0.5721261352539062,4.3823677298618415,0.4448,1.0
MARS2,0.95194,2.9860517772867867,-0.2809088868713379,4.624362038138526,0.48476,1.0
AGMAT,0.95194,2.9860517772867867,-0.02613569887161255,4.70799133325397,0.50428,1.0
PLEKHA5,0.9519,2.9851778101455433,-1.4659638330078124,3.7744599056521375,0.35492,1.0
GZMM,0.95186,2.984304532798702,-1.0762900512695313,4.617422512943583,0.38126,1.0
HBB,0.95182,2.9834319440973376,0.35339782943725584,4.287718777846681,0.53284,1.0
PELI3,0.95174,2.981688828049662,-1.837918095703125,3.3535964841009864,0.29232,1.0
SLC19A2,0.95168,2.9803832902051752,-0.7081275549316406,3.935266208475805,0.4305,1.0
CXCL5,0.95166,2.9799484528681854,-2.255570068359375,3.4841334325907045,0.2653,1.0
IL6,0.95166,2.9799484528681854,1.313377802734375,3.8366980327046365,0.63848,1.0
POLR1A,0.95166,2.9799484528681854,-0.7019620422363281,3.873925697130032,0.42928,1.0
CD9,0.95164,2.979513786267052,-2.668222646484375,2.9022342313789764,0.17946,1.0
CD3E,0.95164,2.979513786267052,-0.95311685546875,4.435521722111319,0.36738,1.0
CRB3,0.95164,2.979513786267052,-0.3302334635925293,4.662358602094404,0.47004,1.0
PCP2,0.95162,2.979079290260195,-1.0326019262695312,4.15312342693598,0.39246,1.0
PTGDS,0.95162,2.979079290260195,0.5448883892822266,4.435522156350413,0.55032,1.0
HPGD,0.9516,2.9786449647062168,-0.8000675830078126,3.9861432188341577,0.42172,1.0
BCL9,0.9516,2.9786449647062168,-0.05798107023239136,3.99910999280555,0.49524,1.0
ACACA,0.95158,2.9782108094638926,-0.7636160205078125,3.9785172758012264,0.42964,1.0
KCNG1,0.9515,2.9764758887927667,-2.0755819921875,3.809515535137896,0.27012,1.0
SLC16A1,0.95142,2.9747436818555055,-1.0130706860351562,4.003943848230611,0.39508,1.0
GNAO1,0.9514,2.9743110530917334,-1.0425932177734376,3.8639615721032126,0.39722,1.0
CCL4,0.9514,2.9743110530917334,0.917894560546875,3.9417099524389103,0.58618,1.0
PARD6B,0.95138,2.973878593236944,0.020666082458496094,3.9585162228382136,0.49992,1.0
PXMP4,0.95136,2.973446302151821,-0.8316607397460938,3.9308648042482304,0.41866,1.0
SYCE1,0.95136,2.973446302151821,-0.7669070043945313,3.6874318974284943,0.41952,1.0
IFNLR1,0.95134,2.9730141796972203,0.34004463806152346,3.7987624778176916,0.5364,1.0
ABCB1,0.95128,2.971718822727682,-0.3812807250213623,4.573093054689811,0.47036,1.0
IL1R2,0.95124,2.9708560920239933,-0.988111748046875,4.2370042871847255,0.40294,1.0
CCL23,0.95124,2.9708560920239933,-0.80950580078125,4.7851581216430565,0.42646,1.0
HOXA1,0.95122,2.970424978440082,-1.0292500146484376,3.919368879699727,0.39996,1.0
S100A12,0.95118,2.969563254118378,-1.055480712890625,4.575845080320235,0.40486,1.0
IGFBP6,0.95118,2.969563254118378,0.7422091577148437,3.9166559172356106,0.57344,1.0
MRM1,0.95114,2.968702199340474,-0.3333504193115234,4.7175650082770275,0.4788,1.0
PLCB2,0.95112,2.9682719226869487,-0.5926790185546875,4.134225334936105,0.44242,1.0
TUBB1,0.95106,2.966982094023331,-0.3425914224243164,4.086734449536853,0.46712,1.0
DERL3,0.95104,2.9665524844452142,-0.14621626229286194,4.08537017141086,0.48202,1.0
PIK3R4,0.951,2.965693764434763,-0.9990957690429687,3.8710116152667946,0.39766,1.0
KCNK12,0.95094,2.964406930242046,-0.5722188293457031,4.012965133916532,0.44794,1.0
ECM1,0.95086,2.962693471155877,-1.836954521484375,3.3210773736749357,0.28864,1.0
GDPD1,0.95086,2.962693471155877,0.12444684288024903,4.086269555687026,0.51044,1.0
TNFRSF18,0.95082,2.9618377333947254,-1.1382435913085938,4.002627975034954,0.39024,1.0
E2F1,0.95082,2.9618377333947254,-0.3895161410522461,4.66140222373963,0.46638,1.0
C1QA,0.9508,2.961410111987776,0.5957305114746094,4.105708145551532,0.5517,1.0
SNAI1,0.95078,2.9609826553839276,-1.0640863818359374,3.8226447017400536,0.38954,1.0
VCAM1,0.95072,2.959701273048979,-0.7371662329101563,4.636016432987706,0.43158,1.0
MAF,0.95072,2.959701273048979,-0.5188613488769531,4.003462179673874,0.45358,1.0
CHRNA6,0.9507,2.95927447431634,1.5436394140625,4.917890063010028,0.62376,1.0
FAAH2,0.9507,2.95927447431634,-0.13958245056152344,4.014052788189293,0.49078,1.0
LCK,0.95068,2.9588478397170217,-1.0608573168945312,4.527148121341551,0.3769,1.0
KLHL3,0.95064,2.9579950623846396,-0.5979442395019531,4.311623075573911,0.4395,1.0
PRKACB,0.95064,2.9579950623846396,-0.5861399658203125,3.937396305559127,0.43636,1.0
MAD2L1,0.95064,2.9579950623846396,-0.43887703063964845,4.182699711173625,0.44672,1.0
ELOVL6,0.95064,2.9579950623846396,0.3823469317626953,4.109593611526163,0.53022,1.0
CROT,0.95056,2.956291471457995,0.8832360009765625,3.915025835365449,0.60772,1.0
PERP,0.95056,2.956291471457995,-0.7678684814453125,4.231328732083206,0.43136,1.0
HS2ST1,0.95052,2.9554406557399022,-1.0703064428710938,3.867625979837131,0.39764,1.0
ST6GALNAC3,0.9505,2.9550154923538394,-0.8997033911132812,3.861938543766817,0.40814,1.0
F12,0.95046,2.9541656538676,-1.991396943359375,3.3874906265890887,0.26676,1.0
CHST10,0.95046,2.9541656538676,-1.1686627221679688,3.949950026931031,0.38954,1.0
CNKSR2,0.95044,2.9537409785038697,0.20037660804748536,4.757735674267475,0.51914,1.0
CENPF,0.95042,2.9533164655509636,-0.6850878100585938,4.430100089375422,0.44146,1.0
IL19,0.95038,2.952467926352259,-1.7835725341796875,3.3756268676639674,0.30406,1.0
EVC2,0.95036,2.9520438998441807,-1.574510361328125,3.456747298790494,0.32086,1.0
CLEC1B,0.95036,2.9520438998441807,-1.1676183764648438,3.792953564308968,0.37414,1.0
SLC27A4,0.95032,2.951196332356062,-1.365608310546875,3.8357417283007744,0.36214,1.0
DOK3,0.9503,2.9507727911146873,-1.57043861328125,3.353111291823277,0.32238,1.0
PITPNM2,0.95026,2.949926192985162,-0.8489559985351562,3.8034007091994235,0.41438,1.0
LRFN3,0.95026,2.949926192985162,-0.8043550244140625,3.81043765256366,0.42122,1.0
DNM3,0.95014,2.9473902640625678,-1.0794793139648438,3.7377548403633285,0.38656,1.0
GALR2,0.95008,2.9461244675142235,0.26033552169799806,4.646069990179036,0.52838,1.0
ADM2,0.94998,2.944018006291926,0.23461664428710938,4.090543428205592,0.52234,1.0
AMY2B,0.94996,2.9435971928462674,-0.19461421077251434,3.8798014250767903,0.4841,1.0
TLR3,0.94994,2.9431765387016777,1.4312352099609376,3.7381280451023304,0.65012,1.0
ZNF442,0.94994,2.9431765387016777,-1.2635091040039061,3.8259928319782888,0.37312,1.0
EFNA5,0.94994,2.9431765387016777,0.12068753143310547,4.149685317068522,0.51042,1.0
RASGRF2,0.94984,2.941075653032872,-0.49731930541992186,4.87684270388708,0.45292,1.0
TNFRSF13B,0.94984,2.941075653032872,-0.12177561632156372,5.043956818487794,0.48978,1.0
IL24,0.94982,2.9406559520196938,-1.0930766479492187,3.7355820910395745,0.3842,1.0
ZNF625,0.9498,2.9402364094173374,-1.439863974609375,3.7604152779642694,0.34564,1.0
NTHL1,0.94978,2.9398170250992335,-1.1137108032226561,4.158628741834278,0.37614,1.0
LAIR2,0.94978,2.9398170250992335,-0.6426031982421875,4.1756988978922935,0.43932,1.0
INSL3,0.94976,2.939397798938964,0.12001302673339843,4.286626559899904,0.5094,1.0
CD1D,0.9497,2.938141068143213,1.355522734375,3.65079918896603,0.64368,1.0
NR3C2,0.94964,2.9368857562313218,-0.5940281799316406,4.3309360517037305,0.44688,1.0
IRF6,0.94962,2.936467633648783,0.5375959906005859,4.3385753894873345,0.55338,1.0
TAS2R14,0.94962,2.936467633648783,-0.34635258392333984,4.101204434955313,0.4676,1.0
TSPAN15,0.94962,2.936467633648783,-0.25540276473999024,4.026257088973973,0.47082,1.0
LSR,0.9496,2.936049668218135,-1.6076143798828124,3.8064374068354914,0.33198,1.0
NCKAP1,0.9496,2.936049668218135,-0.9022955249023438,4.109962017554567,0.41044,1.0
ALAS2,0.9496,2.936049668218135,0.4147195347595215,4.180609149841546,0.5418,1.0
CTH,0.94958,2.935631859814309,-0.07620438049316407,3.9382987584925107,0.49394,1.0
ZKSCAN7,0.94952,2.934379375515293,-0.7784724682617188,4.1106723891789905,0.4193,1.0
CTF1,0.94952,2.934379375515293,-0.10080250839233398,3.8031860290405612,0.4945,1.0
KNTC1,0.94948,2.9335451688304603,0.18710784027099608,4.384389793259048,0.51654,1.0
GSTM2,0.94946,2.933128299969414,-1.1965935693359375,3.6757549184417724,0.37656,1.0
RPS6KA2,0.94946,2.933128299969414,-0.0914311890411377,4.1543461835372515,0.49008,1.0
PARP16,0.94938,2.9314623848419687,-0.7267738586425782,3.956492448213288,0.42924,1.0
CYP2R1,0.94936,2.9310462955209626,-0.929720234375,3.8245845429822434,0.40256,1.0
ITGA2B,0.94928,2.929383492381363,-0.541484970703125,3.929005321396897,0.44244,1.0
ZNF597,0.94924,2.92855302157763,-0.6578588122558594,4.251986675589108,0.42922,1.0
IL2RB,0.94924,2.92855302157763,-0.07891331007003784,4.004804838073422,0.4998,1.0
KLRB1,0.94916,2.9268939366023035,-0.44620859497070314,4.314970008125696,0.4673,1.0
LTB4R,0.94914,2.926479551444569,-0.6445345715332031,4.040048348083041,0.4325,1.0
AMT,0.9491,2.9256512435799706,-0.5558643157958985,4.566543390169391,0.44806,1.0
TXK,0.94908,2.925237320630121,-0.1092822483921051,4.079121536234715,0.48472,1.0
GRAP,0.94906,2.9248235515068224,-1.0257810083007812,4.012452740517255,0.38564,1.0
HBG2,0.94906,2.9248235515068224,0.41063270263671875,4.069750030993951,0.53718,1.0
SCMH1,0.94902,2.9239964742554827,-0.9561452270507812,3.8866402506021203,0.41136,1.0
IL18R1,0.949,2.923583165885601,0.6776488708496093,4.427355108621427,0.5914,1.0
ELOVL4,0.949,2.923583165885601,-0.28175548721313476,4.540088605803888,0.47658,1.0
ADORA3,0.94898,2.923170010858591,-0.9338781372070313,5.196176402218436,0.40784,1.0
RGS16,0.94896,2.9227570090538824,-1.4056947021484374,3.8776600121693,0.35694,1.0
RAMP1,0.94892,2.921931464629825,-1.4902212939453126,3.804398701430616,0.33238,1.0
CCR3,0.9489,2.9215189217700535,0.22970518432617187,3.751883311066081,0.52528,1.0
HBD,0.9489,2.9215189217700535,0.18868006637573242,4.343934428249056,0.51608,1.0
COLGALT2,0.94888,2.92110653165174,-1.1142556030273438,3.9460460627376324,0.38808,1.0
PGAM5,0.94888,2.92110653165174,-0.9670530224609375,4.043199800111808,0.406,1.0
HILPDA,0.94888,2.92110653165174,-0.8149075927734375,3.847767345478115,0.41452,1.0
CCND1,0.94888,2.92110653165174,-0.4700641931152344,3.8542927931854014,0.4544,1.0
CDKN2C,0.94882,2.919870276547664,-1.7786103076171875,3.6892970862788204,0.30928,1.0
POLD1,0.94882,2.919870276547664,-0.59320587890625,3.9336193163365545,0.44674,1.0
GINS4,0.94878,2.9190468679919,-1.1875575659179687,3.762781841122468,0.3705,1.0
NUDT13,0.94878,2.9190468679919,0.039289491882324216,4.3008759836168995,0.50418,1.0
THBS3,0.94864,2.9161697205773525,-0.8999356127929687,3.6116655008045724,0.40276,1.0
ACHE,0.94856,2.9145289652204505,-0.24487010345458984,3.7892194683482163,0.46994,1.0
KLRG1,0.94854,2.914119153482554,-1.0939024145507812,4.315281151175433,0.3999,1.0
NUP210,0.94854,2.914119153482554,-0.5979299963378907,3.8419385559788526,0.4334,1.0
KHK,0.94844,2.912072351527789,-1.0990116430664063,3.7821863523254615,0.38574,1.0
BUB1,0.94838,2.910846071529964,0.7085142041015625,5.405154958239988,0.56586,1.0
SCARF1,0.94826,2.9083975494976757,-0.14390282228469847,3.8164014700845477,0.48506,1.0
FITM2,0.94824,2.9079899845785993,0.17328928524017334,4.158684574011469,0.51914,1.0
MT1E,0.94822,2.9075825685186785,0.3127768600463867,3.745737975295325,0.53128,1.0
ST8SIA6,0.94822,2.9075825685186785,0.07344109594345093,4.088443564539766,0.5043,1.0
RORB,0.9482,2.9071753012025816,0.27139108825683594,4.445900306289467,0.52026,1.0
PTX3,0.94818,2.906768182515104,-0.06523704740524292,4.261082708232245,0.486,1.0
IER3,0.94812,2.9055477170743984,-2.0423012646484375,2.7109374166933273,0.22584,1.0
PLEKHG1,0.9481,2.9051411917520715,-0.71176271484375,3.7346421570055752,0.42906,1.0
IL16,0.94808,2.9047348144843594,-1.3444649658203125,3.3376625268564504,0.27498,1.0
SERPINB2,0.948,2.9031107836735934,-1.314396728515625,4.184057408343894,0.3615,1.0
MYBL2,0.94798,2.902705144965558,0.07122452819824218,3.919104523957984,0.5022,1.0
BAMBI,0.94796,2.902299653627695,0.8913541162109375,3.5750863172028895,0.59828,1.0
IGFBP3,0.94796,2.902299653627695,0.6505477856445312,4.711240199694556,0.57258,1.0
CHRNE,0.94794,2.9018943095463934,-1.29383134765625,3.4208552724990446,0.35056,1.0
GPAM,0.94788,2.9006791597076824,-0.5781427355957032,5.134863888084368,0.44992,1.0
NET1,0.94788,2.9006791597076824,-0.54902818359375,3.8445112415536316,0.44604,1.0
CCL19,0.94786,2.900274403519107,1.6044301953125,3.5890112504953215,0.67748,1.0
DYNLRB2,0.94786,2.900274403519107,-0.9261584130859375,4.278412897558526,0.39906,1.0
ST3GAL4,0.94778,2.898656844541658,-0.24114966514587402,3.7401500590217007,0.47488,1.0
ZNF726,0.94778,2.898656844541658,0.03392941060066223,4.026716749346953,0.50532,1.0
HBG1,0.94776,2.898252820678329,0.5010448071289062,4.584641569414032,0.54338,1.0
TAF4B,0.94774,2.8978489429425887,0.8677008422851562,3.685234051444037,0.5965,1.0
MYL9,0.94774,2.8978489429425887,-0.6447985290527344,3.769903266422287,0.43292,1.0
MATK,0.94772,2.897445211222255,-1.2931873583984375,3.7888946703842232,0.35464,1.0
PRKAR1B,0.94772,2.897445211222255,-0.547592705078125,3.7853011876081566,0.43962,1.0
SCD5,0.9477,2.8970416254052718,-0.054388930473327636,3.7434921353836805,0.49672,1.0
STAG3,0.94768,2.896638185379711,0.7373058959960938,3.8565760468052357,0.5788,1.0
GCHFR,0.94756,2.894220600594426,-1.313578876953125,3.826700325054546,0.36842,1.0
PTPN14,0.94756,2.894220600594426,-0.14123345885753633,3.647257454338004,0.48302,1.0
SYP,0.94752,2.8934159002773936,-0.7708221997070313,3.634666085144729,0.41636,1.0
RAB33A,0.9475,2.8930137673590037,-1.1770378979492186,4.004927549583923,0.3494,1.0
UBE2C,0.94748,2.892611779119785,-0.22119070487976075,3.8738386344586933,0.47376,1.0
LCN2,0.94746,2.8922099354492126,-0.9063367919921875,3.597999941692441,0.3994,1.0
GAMT,0.9474,2.8910052707459877,-1.2781021044921874,4.134073818718969,0.3632,1.0
TREML1,0.9474,2.8910052707459877,-0.5131387200927734,3.687833239926129,0.4444,1.0
SLC25A16,0.9474,2.8910052707459877,-0.4747009069824219,3.686760384788733,0.44916,1.0
PSTPIP1,0.94736,2.890202881766404,-2.1494229150390627,2.8340735368004264,0.21524,1.0
TNKS1BP1,0.9473,2.8890003773341726,-1.1323282299804687,3.4946691666417866,0.371,1.0
EFNA3,0.94728,2.8885998298284496,-0.4359815197753906,3.7837265594799976,0.4541,1.0
ARHGEF40,0.94724,2.8877991651187065,-0.34154372314453124,3.7746063994962533,0.46284,1.0
SMARCD3,0.94724,2.8877991651187065,-0.07534567756652832,3.6651239775837787,0.49084,1.0
MRI1,0.94722,2.8873990476965115,-0.8412577490234375,3.8210750656746484,0.41352,1.0
RRAS2,0.94716,2.886199553854187,-0.6969599035644531,4.629270285606408,0.42684,1.0
PRX,0.94712,2.885400605559949,-0.9365991796875,3.472393090288555,0.39006,1.0
DENND5B,0.9471,2.885001345367803,0.057260789270401,3.8255465182048995,0.51378,1.0
KIR3DL2,0.94706,2.8842032523526364,-1.5512297802734376,3.6963326573923676,0.32608,1.0
CCL28,0.94702,2.883405728443326,-1.2382915600585938,4.4714641701334985,0.34834,1.0
CD3G,0.94696,2.8822105077680313,-0.6406829626464844,4.537620025698993,0.42682,1.0
DCLRE1A,0.94688,2.8806188640436674,-0.5938906726074219,4.415857774500318,0.43222,1.0
FGFBP2,0.94686,2.8802213066564297,-1.3421487524414062,4.396573862261383,0.34432,1.0
TRIM2,0.94686,2.8802213066564297,-0.47047135620117186,3.5993890681519454,0.44608,1.0
EHD3,0.94684,2.879823890473146,-0.3897993325519562,4.212588351710507,0.46008,1.0
SPARC,0.94684,2.879823890473146,-0.08303227234363555,3.7082816966554,0.49188,1.0
ALMS1,0.94682,2.879426615387233,-1.4402701708984376,3.6087299909137265,0.34796,1.0
ZNF563,0.94678,2.878632488081792,-0.9819688989257812,4.514381175093934,0.38038,1.0
LHX4,0.94674,2.877838923889847,-1.34931869140625,3.5330340414113937,0.35458,1.0
POLE,0.94672,2.8774423526962503,-0.4561520111083984,3.5922585806076466,0.45288,1.0
DBP,0.9467,2.8770459219630466,-1.686750947265625,3.0586375374745725,0.28038,1.0
NUP188,0.94666,2.8762534814549547,-0.5023765563964844,3.648561668480911,0.44848,1.0
KRT23,0.94664,2.8758574714689358,-1.34983501953125,3.3569323547116006,0.34348,1.0
EXOSC5,0.94662,2.8754616015210397,-0.49750462951660157,4.396930010656248,0.45182,1.0
SLC2A1,0.9466,2.8750658715059982,-0.9566493969726563,3.719528408240667,0.40386,1.0
ZFP69B,0.94658,2.8746702813186595,-1.2100370458984375,4.211028113113041,0.3182,1.0
MYC,0.94658,2.8746702813186595,0.059461126832962036,3.6491020780403303,0.51316,1.0
FUT7,0.94658,2.8746702813186595,0.043296984300613406,3.792467866652,0.50066,1.0
EOMES,0.94656,2.8742748308539894,-0.7160566394042969,3.8563555291609237,0.43114,1.0
PDE9A,0.94654,2.873879520007073,-0.8590345703125,3.8642862523136814,0.40988,1.0
POLR3G,0.94654,2.873879520007073,-0.3809126675415039,4.120121896977857,0.4615,1.0
XPNPEP2,0.94652,2.8734843486731085,-1.0898123999023437,3.664339590723558,0.38486,1.0
EPM2A,0.94652,2.8734843486731085,-0.2977701866149902,4.570433763983816,0.4725,1.0
CAPN12,0.9465,2.873089316747417,-0.9619101513671875,3.5673974222827005,0.39942,1.0
CXCL13,0.94646,2.872299670702714,0.88819583984375,3.542391486970244,0.60382,1.0
FCER1A,0.94644,2.8719050563749273,-0.6014737963867187,3.62149066861771,0.43308,1.0
SESN3,0.94638,2.8707220469196244,-1.0232944921875,3.862348644818814,0.38556,1.0
BCL11A,0.94634,2.86993406751663,0.9500177490234375,3.814322662058159,0.6029,1.0
NAPEPLD,0.94634,2.86993406751663,-0.606126826171875,3.8428533503319264,0.4384,1.0
CREB3L4,0.9463,2.8691466419993685,-1.07426810546875,3.7038161051404246,0.38624,1.0
TLE1,0.94626,2.868359769540176,-1.1989318676757812,3.407222606801097,0.3643,1.0
NME1,0.94614,2.8660024622620974,0.017446511640548706,3.7239942321527,0.50636,1.0
HADH,0.94612,2.8656100593592386,-0.9444092211914062,3.9821737071436427,0.41464,1.0
ABCA2,0.94608,2.864825665468469,-0.8307623266601563,3.6104047518563904,0.40536,1.0
ATP8A2,0.94608,2.864825665468469,-0.5109739529418945,4.7418903875500895,0.464,1.0
NLRX1,0.94606,2.8644336742761634,-1.391274736328125,3.6264429561631197,0.3464,1.0
ABCG2,0.94606,2.8644336742761634,1.348859111328125,3.3871125234076005,0.65674,1.0
HLA-DMB,0.94606,2.8644336742761634,-1.2255792138671875,3.366648173848017,0.34904,1.0
SYDE2,0.94604,2.8640418201165065,-0.10150465560913086,4.139174279847634,0.48836,1.0
TPCN1,0.94602,2.8636501028875863,-0.8532753955078125,3.6280517819118137,0.4094,1.0
GNG8,0.94602,2.8636501028875863,-0.2439719508743286,4.872451861261594,0.47996,1.0
NR4A2,0.946,2.863258522487603,-1.00227240234375,3.7222454308018285,0.4091,1.0
SPTBN1,0.946,2.863258522487603,-0.9398775170898438,3.9910620134315793,0.39044,1.0
TRIM45,0.946,2.863258522487603,-0.33575285064697263,4.404144561677946,0.46244,1.0
NMUR1,0.94598,2.8628670788148733,-1.1181493481445313,4.064681597415591,0.38664,1.0
LTA,0.94594,2.862084601244984,1.0137796655273437,4.205444769776232,0.60104,1.0
CASP2,0.9459,2.8613026693666885,-0.8041261254882812,3.604722781374069,0.414,1.0
NHLRC1,0.94588,2.860911907808872,-1.58925201171875,3.2341822702671545,0.29604,1.0
KLRC1,0.94586,2.8605212823705544,-0.45917793823242187,4.163710896969267,0.45432,1.0
TNFRSF4,0.94586,2.8605212823705544,-0.4065425219726562,3.605175426732465,0.46218,1.0
SKP2,0.94578,2.8589601397959856,-0.364239287109375,3.7642102134164284,0.46078,1.0
ABCA3,0.94574,2.8581803826076313,-0.7219553308105469,3.5701681771051392,0.41424,1.0
NR4A1,0.94566,2.856622492417302,-0.4835797607421875,3.6931752077312185,0.44812,1.0
EGR4,0.94552,2.8539013788627288,-0.44860046997070313,3.695083706075488,0.45372,1.0
NCKIPSD,0.9455,2.853513186429314,-0.6196712768554687,3.556698100180533,0.43418,1.0
KIF27,0.94544,2.852349414062157,0.9259217236328126,3.4995355853694843,0.59856,1.0
SPON2,0.94544,2.852349414062157,-0.7981461608886719,4.164001133553361,0.42176,1.0
PRIM1,0.94542,2.8519617579218175,-0.5219946118164063,4.201312869611074,0.4476,1.0
LRTOMT,0.9454,2.851574235608277,-1.1577923803710937,3.481972956693107,0.36834,1.0
SCT,0.94538,2.851186847023167,1.205132353515625,3.5947662523378887,0.63062,1.0
FLOT2,0.94538,2.851186847023167,-1.0478984155273436,3.6341452910791534,0.38594,1.0
ZNF696,0.94536,2.850799592068225,-1.4858898486328125,3.9414977857700184,0.32298,1.0
SMPD3,0.9453,2.8496386280034036,0.96132353515625,3.5891760716430015,0.60508,1.0
ESAM,0.94528,2.8492519065886657,-0.874510595703125,3.5422854291760517,0.39848,1.0
SLC9B1,0.94528,2.8492519065886657,0.34272785522460936,3.6237160980739977,0.5391,1.0
PDCD1,0.94524,2.8484788630829847,0.7058153979492188,3.383384945068738,0.58712,1.0
WWOX,0.94522,2.8480925407969138,-0.4856331848144531,3.623129013340123,0.44562,1.0
PDE5A,0.94522,2.8480925407969138,-0.4788619177246094,3.739502882821206,0.44674,1.0
LRFN1,0.94518,2.847320294671293,-0.6167637280273438,3.888160695951212,0.44252,1.0
SLA2,0.94516,2.8469343706372534,-0.17065129821777344,4.064517942286217,0.49006,1.0
LPAR5,0.94514,2.84654857915958,-1.7505163916015625,3.3970875938878504,0.31508,1.0
PORCN,0.9451,2.8457773934855264,-1.679776298828125,3.3892762789820314,0.31232,1.0
RAB27B,0.94504,2.8446216067261703,-0.2007355697631836,3.6750276886415225,0.49018,1.0
CXCL2,0.945,2.843851742261271,-1.2857041796875,3.7895199951424052,0.34922,1.0
RPA4,0.94498,2.84346700775219,0.2177911484527588,3.462137157211298,0.52632,1.0
RDH13,0.94494,2.8426979337000833,-0.4138900161743164,3.8986568520227225,0.45382,1.0
CCL5,0.94484,2.8407775480644064,-0.22555575012207033,3.9238381334271257,0.47718,1.0
AGL,0.94482,2.840393864371233,-0.09532103012084961,3.6975613736832282,0.49216,1.0
APBB1,0.94478,2.8396268896558174,-0.8773818212890625,3.588567862495286,0.40656,1.0
PF4,0.94476,2.8392435984432858,0.029737695178985595,3.7059555803106226,0.50326,1.0
SLC12A2,0.94476,2.8392435984432858,-0.0008912757110595703,4.940752906567238,0.50556,1.0
SLC4A5,0.94474,2.8388604378675124,-0.9749534643554687,3.3612587509411957,0.3848,1.0
DEGS2,0.94474,2.8388604378675124,0.036504863052368164,4.340766112318024,0.50216,1.0
TTLL1,0.94472,2.838477407833612,-0.35639065170288087,4.053132445090006,0.45614,1.0
TLR6,0.9447,2.838094508246799,-1.5455680126953124,3.2746031108758906,0.3121,1.0
TRH,0.9447,2.838094508246799,-0.8735656909179688,3.5178090070686774,0.4004,1.0
ATP2B4,0.9447,2.838094508246799,0.33767602325439455,3.9192019701728307,0.5521,1.0
PARD3,0.94466,2.837329100035815,1.444635205078125,3.4977265639892985,0.66502,1.0
ARHGEF26,0.94466,2.837329100035815,-0.0902605641746521,4.089717582615562,0.50216,1.0
MYO18A,0.94464,2.836946591222585,-0.47406197265625,3.721979355693186,0.44568,1.0
EFCAB7,0.94464,2.836946591222585,-0.37343370483398436,5.443180416754892,0.45036,1.0
FUT8,0.94458,2.8357998448197597,-1.336739775390625,3.4792985350967114,0.34196,1.0
HERC2,0.94458,2.8357998448197597,-1.1414383129882812,3.6063116036097003,0.38768,1.0
F13A1,0.94456,2.8354178557172056,-0.34210226928710935,3.6267333278170053,0.46082,1.0
FAN1,0.94456,2.8354178557172056,0.15806287811279296,4.24165109564515,0.52244,1.0
ZWINT,0.9445,2.8342726661891753,-0.892447705078125,3.4888139191494276,0.40346,1.0
THBS1,0.94448,2.83389119529383,-1.69958048828125,3.2202505955637473,0.29996,1.0
LIPE,0.94448,2.83389119529383,-0.3891751626205444,5.55127734785421,0.4544,1.0
NCR3,0.94448,2.83389119529383,-0.1571655509185791,4.167454732872567,0.4959,1.0
TPSAB1,0.94444,2.833128641362619,-0.6797936682128907,3.885187287140436,0.43326,1.0
P2RY14,0.94434,2.831224514693819,1.473773193359375,3.416379547878179,0.66398,1.0
ZNF443,0.94432,2.8308440757284115,-1.54159435546875,3.3556744861874472,0.30638,1.0
SIRT3,0.94424,2.8293236046685446,-0.8648533911132813,3.5347316545520617,0.41246,1.0
RGS17,0.94422,2.828943807641484,0.78612580078125,3.598805630696598,0.59028,1.0
TCTN1,0.94418,2.8281845978266937,-0.2537612515258789,5.650473451598903,0.46858,1.0
KLHL11,0.94416,2.8278051848547414,-0.8026675830078125,3.3245356973193863,0.40216,1.0
PTPN22,0.94414,2.8274258997171033,-1.2732577294921874,3.8773172391536908,0.36386,1.0
NUF2,0.94412,2.8270467423219166,0.1272892848968506,3.8230715696953608,0.5236,1.0
KLRD1,0.9441,2.8266677125774184,0.0246531924533844,4.39295796041538,0.51486,1.0
LIN37,0.94404,2.825531388331871,-1.3306170849609376,3.3779822312232577,0.34854,1.0
CYSLTR1,0.94402,2.8251528682744413,-0.31445106079101565,3.7652025519126995,0.47266,1.0
ABCA5,0.944,2.8247744754103503,-0.9589835034179688,4.167504604022316,0.41792,1.0
CA1,0.94396,2.824018070897583,0.09062604236602784,3.761625262537135,0.50918,1.0
AUTS2,0.94394,2.8236400590668453,-1.2136778881835937,3.7917467177059985,0.36872,1.0
AFMID,0.94386,2.8221292791287325,-1.493417373046875,3.081161183284927,0.31524,1.0
DSP,0.94384,2.8217519005372096,0.9394255859375,3.9867937117107006,0.5954,1.0
KLC2,0.9438,2.8209975223926413,-0.9389952685546875,3.676679393446539,0.40934,1.0
OSM,0.94378,2.820620522659088,-2.442993935546875,2.9311227860891793,0.20288,1.0
TRIB3,0.94376,2.8202436490311786,-1.2461613037109376,3.4207239235845175,0.3614,1.0
HSPA1L,0.94376,2.8202436490311786,0.06335632919311524,3.4991988423139335,0.5064,1.0
TNRC6C,0.94372,2.8194902797323245,-0.45228369018554687,3.637464632924923,0.45378,1.0
RASGRP2,0.9437,2.819113783881642,-0.751187880859375,3.4720519377271706,0.41562,1.0
TYMP,0.94368,2.8187374137771237,1.0920290283203125,2.3229685563532265,0.70824,1.0
TNFRSF10A,0.94368,2.8187374137771237,0.3528835021972656,3.7012897128655697,0.53798,1.0
MAPK13,0.94362,2.8176090570447228,-1.296165068359375,3.569729350945592,0.36528,1.0
ACSS1,0.94362,2.8176090570447228,-0.9565088842773437,3.887301152018713,0.39146,1.0
RAB3IL1,0.94362,2.8176090570447228,-0.8173965112304687,3.748978123017759,0.40736,1.0
POT1,0.94362,2.8176090570447228,-0.13066805661201478,3.4693134733213054,0.4925,1.0
ACKR3,0.9436,2.8172331890295066,-1.0074898681640625,3.3137013248381724,0.38186,1.0
ZNF382,0.9436,2.8172331890295066,-0.6488603686523438,4.447669296959628,0.44242,1.0
OSBPL5,0.9436,2.8172331890295066,0.5994412243652344,3.476193318006999,0.57132,1.0
BBC3,0.94358,2.816857446313254,-1.8740690869140626,2.841559777927537,0.2506,1.0
GSTO2,0.94356,2.8164818288068107,-0.4636613513183594,3.5093502986280996,0.4501,1.0
VNN2,0.94354,2.8161063364211185,-1.30109365234375,3.3418012889317343,0.34534,1.0
CLDN5,0.9435,2.8153557266562097,-0.40759690368652346,3.9423617899496692,0.45674,1.0
DCSTAMP,0.94348,2.8149806090993477,0.93329892578125,3.611022555507728,0.60096,1.0
SLC2A9,0.94348,2.8149806090993477,-0.91190609375,3.2498023333533865,0.38636,1.0
QPRT,0.94348,2.8149806090993477,-0.3884438555908203,3.383862865792767,0.45092,1.0
ADHFE1,0.94346,2.814605616307939,0.3654100524902344,4.167255516573718,0.53496,1.0
ITGA10,0.94344,2.814230748193396,-0.4121696069335937,3.359119299030656,0.45584,1.0
CD70,0.94344,2.814230748193396,-0.3791957293701172,3.592579403534801,0.46228,1.0
IFT140,0.9434,2.8134813856410243,-0.8469792883300781,4.780040973688393,0.42492,1.0
MPRIP,0.9434,2.8134813856410243,-0.5516848645019531,3.804269869497557,0.45066,1.0
NCR1,0.94338,2.813106891026486,-0.15625640464782714,3.81476636920684,0.48292,1.0
MYO15A,0.94334,2.8123582746796396,-0.2537020477294922,3.4485428248360006,0.46736,1.0
EHMT2,0.94332,2.8119841527711866,-0.863240458984375,4.2284208012534,0.4167,1.0
TPD52L1,0.94332,2.8119841527711866,-0.22413737213134766,3.77040598684035,0.4687,1.0
POLH,0.9433,2.8116101549221018,-0.7840379748535157,3.5585914086001216,0.4182,1.0
FITM1,0.94326,2.810862531050772,-0.36003813171386717,3.441295394037613,0.46408,1.0
JAM2,0.94318,2.8093687681617854,-0.88246759765625,3.363963395780237,0.39712,1.0
RBL1,0.94312,2.808249742488886,-1.0041334106445312,3.4769192934715756,0.39312,1.0
ZNF667,0.94308,2.807504341444433,-0.3651319381713867,5.177569621294552,0.4543,1.0
CYSLTR2,0.94306,2.8071318254826956,1.209402763671875,3.323369718124637,0.64562,1.0
AGAP2,0.94302,2.80638716224653,-0.9998798754882813,3.60395026870253,0.36338,1.0
SLC2A5,0.94302,2.80638716224653,-0.5679202136230469,4.228827924535752,0.44486,1.0
EPB41L5,0.94302,2.80638716224653,-0.13467654636383056,3.768440716129751,0.48414,1.0
MDGA1,0.943,2.8060150147989065,1.51835787109375,3.2044419671137994,0.6882,1.0
KCND3,0.94298,2.805642990016279,-0.535319009399414,4.256685729758027,0.44446,1.0
CYP4V2,0.94294,2.8048993081006137,0.2544473802947998,3.5028193454128655,0.527,1.0
SEMA4F,0.9429,2.8041561158096666,0.6599633142089844,3.677249740017775,0.57254,1.0
B3GNT7,0.94288,2.8037847030582754,-0.6269140258789062,3.4511795672956227,0.4261,1.0
NOL6,0.94286,2.8034134124550163,-0.910471748046875,3.330958075962675,0.39358,1.0
ULBP2,0.94286,2.8034134124550163,-0.47514578002929686,3.8568957324311155,0.44718,1.0
LTB,0.94284,2.803042243914064,-0.47150678283691405,4.476603503981985,0.4443,1.0
PIF1,0.94276,2.801558788659938,-0.7468665795898437,3.3983041611466693,0.41352,1.0
MVK,0.94276,2.801558788659938,-0.5777799572753907,3.5885613043437545,0.44172,1.0
PRKAR2B,0.94274,2.8011882291462635,0.16973110572814942,3.461740703099858,0.52016,1.0
HIP1R,0.94272,2.8008177911818204,-0.9588132934570313,4.010311995676282,0.4145,1.0
NR6A1,0.9427,2.8004474746814103,-0.08441888139724732,3.526446934765025,0.4925,1.0
CHGB,0.94268,2.8000772795599227,-0.3894659118652344,4.372250195522322,0.468,1.0
IVD,0.94266,2.799707205732338,-0.7892702514648438,3.6656900795368834,0.4024,1.0
DUSP16,0.94262,2.7989674216192295,-0.5347967102050781,3.6868207290467523,0.4477,1.0
COQ3,0.94256,2.7978586530334075,-0.48811906982421877,3.6057828998081596,0.45332,1.0
ASNS,0.94252,2.797120078045349,-0.1496201644897461,3.7848738339858254,0.48456,1.0
GFI1,0.9425,2.796750971518861,-0.39986460083007813,3.9157349371322367,0.4561,1.0
ARHGEF12,0.94248,2.7963819855250724,-0.480117421875,3.383652276750982,0.4458,1.0
NSMCE1,0.94246,2.796013119979845,-1.33704931640625,3.0995800409386236,0.28954,1.0
PHC1,0.94242,2.7952757498989667,-1.1932820239257813,3.2480502209692035,0.35396,1.0
CHAC2,0.9424,2.794907245195477,-0.48994753173828126,3.75602020539441,0.45104,1.0
IL5RA,0.94238,2.7945388606048756,-0.7730512768554687,4.035879343453497,0.41892,1.0
PDK2,0.94232,2.7934344266738362,-1.5999659228515626,2.96373451051857,0.29188,1.0
NFE2,0.9423,2.793066521698657,-0.07353622678756713,3.7859711231366844,0.4925,1.0
NPHP1,0.94224,2.791963524611689,0.42516914306640624,4.466286089600528,0.55618,1.0
ABCB4,0.94216,2.7904945336827836,-0.5508873400878906,3.80387507674324,0.43474,1.0
OXTR,0.94214,2.7901275839430593,-0.32495683013916016,3.961157680264812,0.46006,1.0
ACACB,0.94212,2.7897607532348805,-0.23719149972915649,4.181797170508002,0.47672,1.0
SYTL1,0.9421,2.7893940414756733,-1.2669491674804687,3.6989186978876742,0.3404,1.0
AASS,0.94208,2.789027448582942,1.0120690063476563,3.728488508868636,0.60636,1.0
NEURL2,0.94208,2.789027448582942,-0.42569717163085935,3.499891650680487,0.45936,1.0
POLR3A,0.94206,2.788660974474281,0.15952497283935546,3.492669111901112,0.51824,1.0
RGS13,0.94204,2.7882946190673707,1.0639494702148438,3.0396207812126095,0.6473,1.0
ARHGEF10,0.942,2.7875622640299427,-0.2268218072128296,3.756029656676742,0.4727,1.0
ATIC,0.94198,2.787196264235211,-0.39805021240234373,4.112781170703585,0.45838,1.0
CXCR5,0.94196,2.7868303828137937,-0.1931408818054199,3.9539695785249065,0.4845,1.0
SLC16A7,0.94188,2.7853680392246414,-0.7764761010742187,3.480308846804846,0.41638,1.0
AVP,0.94186,2.7850027484430564,-1.0476620092773437,4.495512782063017,0.3956,1.0
KIR2DL3,0.94186,2.7850027484430564,-0.8497597509765625,4.410301125985645,0.39668,1.0
IL21R,0.94182,2.784272520448115,-1.5326948876953126,3.1201973492745863,0.30954,1.0
CYGB,0.9418,2.7839075830720614,-1.3579990625,4.410735220671733,0.37482,1.0
PROK2,0.9418,2.7839075830720614,-0.7273549072265625,3.4423563926830614,0.40764,1.0
CYP1B1,0.94178,2.7835427633352947,-1.272927353515625,3.9176720177433446,0.33078,1.0
BTLA,0.94178,2.7835427633352947,0.22539623703002928,4.105405137257492,0.52594,1.0
MYLK,0.94172,2.782449009149745,0.6126677453613282,3.3875993054235867,0.57302,1.0
GFOD1,0.94168,2.7817204264038216,-0.30836921936035155,3.3580305488096123,0.46848,1.0
IZUMO4,0.94166,2.7813563108017787,-1.2176446044921876,3.555923674609885,0.35824,1.0
HES1,0.94166,2.7813563108017787,-1.1098750122070313,3.375774754282851,0.36676,1.0
LILRA4,0.94166,2.7813563108017787,0.5267105102539062,3.814444343251461,0.56318,1.0
ZNF486,0.94164,2.7809923122727978,-0.6045784326171875,3.7757142118331926,0.4329,1.0
MDC1,0.94156,2.7795374872776266,-0.5622838623046875,3.323481288320535,0.43716,1.0
KIF21A,0.94156,2.7795374872776266,-0.2429598285675049,4.02610901043302,0.4931,1.0
SYNE2,0.94154,2.7791740729072743,0.8186135961914063,4.103661330005264,0.67288,1.0
TK1,0.94154,2.7791740729072743,0.5168420556640625,3.3405582945346795,0.56374,1.0
DHCR7,0.9415,2.778447593859396,-0.9176718017578125,4.625860015838522,0.40504,1.0
ARHGEF9,0.9415,2.778447593859396,-0.7698467309570313,3.6297121737074103,0.42732,1.0
IL2RA,0.94142,2.7769960322961076,1.0411761279296874,3.2984424598974504,0.62666,1.0
EPAS1,0.94142,2.7769960322961076,-1.0051963940429687,3.2591993262863674,0.37968,1.0
IGFBP2,0.94142,2.7769960322961076,-0.9050727001953125,3.1414040030671266,0.38434,1.0
ITPKB,0.94136,2.7759085805772767,-1.0348163427734376,3.4217691108060615,0.38698,1.0
TBC1D10C,0.94128,2.7744602668098857,-1.262977978515625,3.726091396427976,0.33158,1.0
EXTL2,0.94128,2.7744602668098857,-1.0181960815429687,3.7026499406884987,0.38184,1.0
HCRT,0.94128,2.7744602668098857,0.16056455196380615,3.6712197555312134,0.51098,1.0
ANAPC1,0.94126,2.77409847745718,-0.5759826611328125,3.3848056324384217,0.43782,1.0
PPBP,0.94124,2.7737368035820027,-0.1231934083557129,3.4098291037748805,0.48544,1.0
ANO9,0.9412,2.773013801948627,-0.17986584762573243,3.834968077032438,0.47336,1.0
ALDOC,0.94118,2.7726524740328222,-0.36229965911865236,3.389860566472832,0.45006,1.0
OBSCN,0.94116,2.7722912612793387,-0.9688560546875,3.6653476205771223,0.37254,1.0
ZNF570,0.94112,2.7715691809450087,-0.7722033666992187,3.8893856921139736,0.41472,1.0
UBE3D,0.94108,2.7708475603177893,-1.0336981982421876,4.20585482771646,0.37238,1.0
DUSP4,0.94106,2.7704869221984905,-0.6962698486328125,3.178188767955711,0.41776,1.0
TM7SF2,0.94104,2.7701263987711044,-1.376458779296875,3.321163020241788,0.31144,1.0
CEP250,0.94104,2.7701263987711044,-1.1878842114257813,3.1335456477938615,0.35534,1.0
FYN,0.94102,2.7697659899575084,-0.865790439453125,3.568386436290437,0.40652,1.0
GDPD3,0.94096,2.768685450419429,-0.8112240649414062,3.21156395787511,0.40054,1.0
ARHGAP24,0.94094,2.7683254992813566,-1.092315615234375,3.4882406184694528,0.36098,1.0
LIPC,0.94094,2.7683254992813566,-0.12320163949012757,3.5326153152306214,0.4801,1.0
PTCRA,0.94092,2.7679656623676516,-0.2603751929473877,3.5786861941339745,0.46546,1.0
SCN1B,0.9409,2.7676059396006667,-0.7836137646484375,3.233904442684725,0.4028,1.0
GTSE1,0.94084,2.766527455404744,-1.5257653271484375,3.448150943925834,0.32002,1.0
TUBA4A,0.94078,2.76544999574155,-1.5411864306640626,2.932396546022462,0.29848,1.0
LIPT2,0.94076,2.765091069834089,-0.7199454504394531,3.8389618949924516,0.40104,1.0
NRGN,0.94074,2.7647322574549955,-0.5632223974609375,3.23853882099024,0.4302,1.0
ATR,0.9407,2.7640149729742256,0.11845973308563232,3.390806035869242,0.51294,1.0
PNOC,0.94068,2.763656500718899,0.08437154026031495,4.081258211830219,0.51296,1.0
GNG7,0.94064,2.7629398957948204,-0.5029537274169922,3.8116419076891725,0.44938,1.0
ITGB3,0.94058,2.7618658362268222,-1.0183815161132812,3.4833204998716836,0.37822,1.0
ACTA2,0.94052,2.7607927922074516,2.0268002099609377,2.4215116442580444,0.80212,1.0
HIC1,0.94048,2.7600779927057157,-0.8315201586914063,3.158869811103699,0.39364,1.0
OTUD7B,0.9404,2.758649742594611,-0.23522852844238282,3.6424826055307844,0.47256,1.0
PARP2,0.94036,2.757936290773283,-0.869164404296875,3.297442166265507,0.39802,1.0
PGM2L1,0.94024,2.7557986210000363,-0.2811639581298828,3.3604065789013893,0.45588,1.0
USP46,0.94022,2.7554427335777625,-1.31205810546875,3.0354810440025406,0.3358,1.0
CDC14B,0.94018,2.7547312930922025,0.4173860021972656,3.2547640832585367,0.55172,1.0
NFATC2,0.94018,2.7547312930922025,-0.06617117412567139,3.7822420197585624,0.51718,1.0
DHODH,0.94016,2.7543757398792357,-0.3387676103973389,4.082603171333601,0.47598,1.0
MXD4,0.94012,2.7536649671392994,-1.1031069653320313,3.4234830159555276,0.3703,1.0
MT1X,0.94012,2.7536649671392994,0.22910544067382813,3.144279576696171,0.53184,1.0
ADRB2,0.9401,2.7533097474631023,1.010608623046875,3.2006379393545594,0.62242,1.0
EEF2K,0.94008,2.752954638816722,-1.443304951171875,3.0796648619083133,0.33068,1.0
FBXO32,0.94008,2.752954638816722,-0.5007915466308593,3.680492883553176,0.4224,1.0
ZNF20,0.94006,2.7525996411257325,-0.7633414184570313,3.147658293149132,0.40358,1.0
GTF3C1,0.94002,2.751889978312587,-1.3297896044921875,3.105922964168141,0.3367,1.0
PTPRB,0.93996,2.7508263144018867,-1.2005174853515626,3.8573163631179725,0.34924,1.0
ZFP30,0.93996,2.7508263144018867,-0.05336538970947265,4.194394057570313,0.49492,1.0
CBX8,0.93994,2.7504719808844236,-0.8467331298828125,3.3024632613696636,0.40346,1.0
HSPA2,0.93992,2.7501177578034373,-0.5200158093261719,3.412323742506834,0.43688,1.0
PDGFA,0.93988,2.7494096426556314,0.39978047607421874,3.343687806759906,0.5417,1.0
ZNF540,0.93976,2.747287940023993,-1.1681977001953125,4.6806297979153815,0.36256,1.0
ORC5,0.93974,2.7469347075575556,-0.6752888635253906,3.6545171948372452,0.4344,1.0
SUV39H1,0.93968,2.745875668074508,-0.95615544921875,3.523831078225344,0.39116,1.0
ERBB2,0.93968,2.745875668074508,-0.216284556350708,3.966471276729693,0.48172,1.0
ACSL6,0.93966,2.7455228739754833,-1.3172158984375,3.2917800459103415,0.333,1.0
CCR7,0.93964,2.745170189285917,0.606131142578125,4.381176893883302,0.5702,1.0
FBXO44,0.93958,2.744112790946219,-0.43678273193359374,4.052264483797563,0.44268,1.0
KLK1,0.93952,2.7430563746747643,0.044597743453979495,3.70614493768003,0.50818,1.0
MIB2,0.93942,2.741297857952396,-1.2295285888671874,3.1123767162986975,0.34702,1.0
HDAC4,0.93938,2.7405952115513736,0.03454997944355011,3.313916909534011,0.5061,1.0
ATP8B3,0.93936,2.740244050981759,-0.2333492510986328,3.432008460409765,0.46938,1.0
SLC25A4,0.93934,2.7398929987369742,-0.6649888366699219,4.755135719038877,0.43864,1.0
TAF1C,0.93922,2.7377889560773663,-0.5394826782226563,3.176251543814691,0.43536,1.0
IL11RA,0.93918,2.7370884718789683,-0.4878494873046875,3.371839067637875,0.44614,1.0
TRAF3IP1,0.9391,2.7356887950947173,-0.7957467346191406,3.752338060916883,0.43218,1.0
KCNMB3,0.9391,2.7356887950947173,-0.6795285595703126,3.1898707726337907,0.41414,1.0
PIK3C2B,0.9391,2.7356887950947173,-0.4222263427734375,4.748306597142625,0.44676,1.0
SLC12A4,0.93908,2.735339144570347,-1.3699889990234375,2.9420927769497274,0.30496,1.0
RTKN,0.93908,2.735339144570347,-0.8051261206054687,4.477586741054693,0.40356,1.0
ALKBH2,0.93908,2.735339144570347,-0.4041147964477539,3.9498564428080156,0.45608,1.0
PER2,0.93906,2.734989601372903,-1.203142451171875,3.110827110673403,0.34916,1.0
MCM7,0.93904,2.7346401654316335,-1.3210332958984374,3.149950200479797,0.32766,1.0
WRN,0.93904,2.7346401654316335,-0.51744220703125,3.4009128840937883,0.45302,1.0
GZMH,0.93904,2.7346401654316335,-0.2991986651611328,4.1768448490626024,0.4711,1.0
DTX4,0.93904,2.7346401654316335,-0.16548414016723634,3.7243849008900933,0.4815,1.0
FLT3LG,0.939,2.7339416150349507,-0.2264495036315918,3.443056690254316,0.47434,1.0
RNF152,0.93898,2.7335925004383816,-0.6935373815917969,3.2408040997312373,0.4084,1.0
CTTN,0.93892,2.7325457982102543,-0.9548362866210938,3.110434889981486,0.3807,1.0
ABCC5,0.93888,2.731848530656298,-1.3561741552734374,3.161010935939779,0.33804,1.0
ZNF248,0.93888,2.731848530656298,-1.0569646166992188,3.6516502500986965,0.36016,1.0
ZNF682,0.93888,2.731848530656298,-0.5805854125976563,3.495534555497744,0.4037,1.0
CTSL,0.93888,2.731848530656298,0.42164752319335935,3.10480119742954,0.55036,1.0
CLEC4E,0.93884,2.7311516895924797,-0.16442095885753633,4.498324015832271,0.479,1.0
TADA1,0.93878,2.7301072264405972,-1.2378179638671876,3.755511887864315,0.35486,1.0
NDC80,0.93876,2.729759284695507,1.28537931640625,3.010347573446462,0.66024,1.0
GRIP1,0.93866,2.72802116762577,-0.1341350665283203,3.531874702865313,0.48494,1.0
ATP8A1,0.93864,2.7276738620563683,-0.7865181188964844,4.003051188650981,0.40436,1.0
GPSM1,0.93864,2.7276738620563683,0.12661513685226441,3.1911115957444802,0.5151,1.0
ZNF500,0.93862,2.7273266622732657,-1.2778842041015626,3.158257419789862,0.30802,1.0
GALNT3,0.93862,2.7273266622732657,0.18528905982971192,3.1876774514715134,0.52506,1.0
MGST2,0.9386,2.7269795682072204,-1.48199732421875,2.9279224091723237,0.30734,1.0
HSD17B8,0.9386,2.7269795682072204,-0.6367834765625,3.30139087747149,0.41692,1.0
NMB,0.93858,2.726632579789057,-2.0139909228515624,2.1510190572253216,0.15116,1.0
S100A9,0.93858,2.726632579789057,-1.1670440502929686,4.241001224687489,0.3555,1.0
PEX12,0.93858,2.726632579789057,-0.1773481959915161,3.455000022639805,0.47762,1.0
ALDH8A1,0.93858,2.726632579789057,0.05464535045623779,3.963715357155268,0.50146,1.0
ZNF331,0.93852,2.7255922477311256,-1.25010095703125,3.26243101872163,0.37538,1.0
SMAD5,0.93852,2.7255922477311256,-1.2474897924804687,3.08109810079451,0.3429,1.0
CTSF,0.93848,2.724899220000076,-1.2205553735351562,3.0037062279077755,0.33418,1.0
TAL1,0.93848,2.724899220000076,0.06139989134311676,3.3615056055517076,0.5068,1.0
TRIM32,0.93842,2.7238604674887714,-0.4637702947998047,4.30992250922639,0.4662,1.0
CAMK2D,0.93838,2.7231684910706457,0.29571239562988283,3.2564534304509616,0.53716,1.0
KDM4D,0.93832,2.7221313129581763,0.1685596710205078,3.207888820420754,0.51758,1.0
RAB37,0.93822,2.7204047755930394,-0.5766413598632812,3.2736812015348296,0.42792,1.0
NR1D1,0.9382,2.720059781430713,-0.47327434204101565,3.208393860296869,0.43876,1.0
SLC26A2,0.93814,2.719025424343414,-1.0803596313476562,3.092046200751107,0.36068,1.0
RPEL1,0.93812,2.7186808468885104,-0.3088507452392578,3.3492014857522614,0.46626,1.0
RAB30,0.9381,2.7183363734413555,-0.4085585711669922,3.7779828306817365,0.4711,1.0
EPOR,0.93806,2.7176477383002995,-1.1945817944335937,3.1420292756784294,0.36076,1.0
ABHD14B,0.93806,2.7176477383002995,-0.9828780810546875,3.4761492330281585,0.37598,1.0
SAP30,0.93802,2.7169595183809325,0.00807457878112793,3.3679316428896695,0.50172,1.0
GNG11,0.938,2.716615563961132,-0.18070220947265625,3.303722337274154,0.47946,1.0
MEIS1,0.93798,2.7162717131449856,0.359147158203125,3.5403843748779056,0.5422,1.0
PDP2,0.93796,2.715927965865368,-0.29021958282470706,3.609779817124592,0.4699,1.0
FAM169A,0.93794,2.7155843220552245,0.33764232025146484,3.43016041550176,0.55566,1.0
GADD45A,0.93792,2.715240781647564,-0.947058076171875,3.1733290793219235,0.38552,1.0
GPD1L,0.93792,2.715240781647564,-0.6011201745605469,3.654860227934346,0.4313,1.0
ANKRD26,0.93792,2.715240781647564,-0.5384254724121094,3.144585736781603,0.43214,1.0
ARHGAP6,0.93788,2.7145540107720496,-0.23335081268310548,3.560108733605637,0.46928,1.0
ARHGEF7,0.9378,2.7131817069103517,-1.27597240234375,2.98361973014024,0.33342,1.0
ACTR5,0.9378,2.7131817069103517,-0.8853463793945312,3.455202953887875,0.3995,1.0
NCK2,0.93778,2.7128388884497303,-0.460936982421875,3.1536838808147554,0.44864,1.0
CLEC4C,0.9377,2.7114686426321715,1.3791529248046874,3.2176700771874787,0.67596,1.0
PVALB,0.9377,2.7114686426321715,-0.776715888671875,3.0424648221318287,0.39682,1.0
THRA,0.93766,2.710784135610144,-0.08360352412223816,3.241189123628756,0.4791,1.0
TBCD,0.93762,2.7101000384736076,-1.36639359375,3.029313845590113,0.32748,1.0
LZTFL1,0.93762,2.7101000384736076,-0.90219466796875,3.591680297467156,0.40766,1.0
MTA2,0.93754,2.7087330717461042,-0.79219484375,3.1458750623095177,0.40088,1.0
ZNF324B,0.93754,2.7087330717461042,-0.6828665063476562,3.6731326801615873,0.4334,1.0
JAM3,0.93754,2.7087330717461042,-0.5341395361328125,3.445446411071405,0.44248,1.0
RFC5,0.93748,2.7077089187303973,-0.6522298583984375,3.1433845775594427,0.42308,1.0
PAQR3,0.93748,2.7077089187303973,0.01576996529817581,3.5544391341243267,0.50122,1.0
CLUAP1,0.93746,2.7073677382379553,0.1123520673751831,4.072834578661896,0.52206,1.0
ABHD4,0.93742,2.706685682629401,-0.7950647998046875,3.1613420575345104,0.39944,1.0
ADAT2,0.93742,2.706685682629401,-0.3849692401123047,4.46179971008531,0.46132,1.0
SLC6A4,0.9374,2.706344807382553,-0.07565981910705566,3.8000770096502894,0.48642,1.0
POU3F1,0.93734,2.70532279108864,-1.0388392504882813,3.5920306925219814,0.37674,1.0
PDK1,0.93728,2.704301687597216,-0.75022486328125,3.032499194633385,0.40238,1.0
SLC4A7,0.93724,2.7036214581823996,-1.50706478515625,2.8837532088026268,0.3006,1.0
TRIM62,0.93722,2.703281495154321,-1.51361125,2.7756484264038983,0.26956,1.0
KAT6B,0.9372,2.702941633159488,-1.5021085009765625,2.418774215101049,0.2404,1.0
CABIN1,0.93718,2.7026018721332505,-0.6914258227539063,3.3427351818071953,0.41848,1.0
NUP35,0.93712,2.7015831942205204,-0.23427016448974608,3.2192401007019416,0.48534,1.0
CTSW,0.93712,2.7015831942205204,-0.003639101529121399,3.9995110588752047,0.5145,1.0
ZNF771,0.93708,2.7009045792725073,-1.0754872387695313,3.7335451394912704,0.39386,1.0
KIR3DL1,0.93704,2.7002263666524713,-0.17806355045318603,4.181134842039001,0.48278,1.0
SOX4,0.93702,2.6998874110549305,-1.1706785302734375,2.956450062840454,0.3489,1.0
PIK3CB,0.937,2.6995485558468904,-0.45879714172363284,3.1258476705221456,0.44776,1.0
TNNT3,0.937,2.6995485558468904,0.36438510925292966,3.204350359515908,0.54568,1.0
TRAT1,0.93694,2.6985325919196863,-0.08602153450012207,4.447033278839078,0.50076,1.0
HSPA6,0.93692,2.698194137629871,-0.2744301583099365,3.3349987177786113,0.46438,1.0
FHL2,0.9369,2.6978557834099743,-0.029571569213867187,3.1046160212628116,0.49622,1.0
BCL2,0.9369,2.6978557834099743,0.018338171157836914,3.0947767425904225,0.501,1.0
MATN1,0.93684,2.6968413205327586,-0.15806652549743652,3.1349457875224362,0.48512,1.0
MUC12,0.93682,2.6965033659558,-0.26392451629638675,3.691181380332077,0.46934,1.0
PHLDA1,0.93672,2.6948150880810706,-1.7299456689453125,2.411590019053271,0.23594,1.0
ZNF799,0.93666,2.693803315086137,-0.9835895874023437,3.7867253694391,0.36922,1.0
HLA-DMA,0.93666,2.693803315086137,-0.8660868359375,3.0147534749114677,0.37342,1.0
TCTN2,0.93646,2.6904371799042046,-1.0346051513671874,3.1782498981577074,0.36248,1.0
GRB14,0.93642,2.6897651382998613,-0.36706635147094724,3.3901944353152973,0.44878,1.0
CDK8,0.9364,2.6894292652706793,-0.4027110467529297,3.162905993012701,0.45552,1.0
SYCP3,0.93638,2.689093490673815,-0.8555953833007812,3.1053497716258773,0.39808,1.0
STARD10,0.93632,2.688086756855578,-1.729963017578125,2.872185407054964,0.23558,1.0
ZNF665,0.93632,2.688086756855578,-0.1748375331401825,3.33184065487914,0.46604,1.0
GATA3,0.9363,2.687751375366726,-0.5128800769042968,3.98280803051875,0.45002,1.0
ZNF658,0.93628,2.687416091999856,-0.8146906616210937,3.078091729656523,0.40086,1.0
GNB5,0.93628,2.687416091999856,-0.5263983367919922,3.590858008378377,0.45628,1.0
ZNF77,0.93624,2.6867458193845506,-0.98224728515625,3.40869795599114,0.36182,1.0
SESN1,0.93624,2.6867458193845506,0.06403811935424805,3.2027267828886172,0.49922,1.0
CDK6,0.93622,2.686410830012508,-0.5366032849121094,3.193581520839343,0.4436,1.0
GRAP2,0.93622,2.686410830012508,-0.21545149925231932,3.9113832405678335,0.47648,1.0
RMI2,0.93614,2.6850718506556546,0.2769816961669922,3.082181509700306,0.5318,1.0
TEX2,0.93612,2.68473735004141,-1.3074832373046874,2.792239294809769,0.32182,1.0
HGD,0.93612,2.68473735004141,0.287391272277832,3.1936723887917853,0.53866,1.0
ALOX5AP,0.93604,2.6834003226414573,-0.6191747998046875,3.4981597099545536,0.4618,1.0
PLCD1,0.93604,2.6834003226414573,-0.6017557556152344,3.86419260178746,0.4445,1.0
RGS2,0.93598,2.6823985741862195,-0.875298125,2.979406615134796,0.39984,1.0
DENND3,0.93596,2.682064852393175,-1.1071489038085938,2.8141879684880555,0.34832,1.0
BEGAIN,0.93594,2.6817312276778202,-0.5441705810546875,3.0806173507151295,0.4309,1.0
NCAM1,0.93594,2.6817312276778202,0.017709788208007813,3.714037386342742,0.5023,1.0
GTF2H2,0.9359,2.6810642692365856,-0.1417184902191162,3.0844915837893794,0.48888,1.0
PARG,0.93588,2.6807309353890556,-0.691805419921875,3.2484913907311217,0.41414,1.0
PIK3R1,0.93588,2.6807309353890556,-0.41813664794921873,3.2853284809919376,0.45714,1.0
MCM6,0.93586,2.6803976983759066,-1.1048883154296876,4.102144924585423,0.38416,1.0
TNFRSF9,0.93586,2.6803976983759066,-0.9139496044921875,2.9824278051004143,0.37788,1.0
APOBEC3H,0.93584,2.680064558136457,0.3965470831298828,3.5306072397214736,0.5537,1.0
ACOXL,0.93582,2.679731514610078,-2.55887681640625,3.1225129767578417,0.20618,1.0
AKR1C3,0.93576,2.678732963703946,-0.8966371264648437,3.188885389522077,0.3881,1.0
RINL,0.93574,2.6784003064247095,-1.0721591259765626,3.2988631274402964,0.29916,1.0
BCL2L11,0.93574,2.6784003064247095,-0.5496725073242188,3.2601858018856693,0.4448,1.0
BCKDHB,0.93574,2.6784003064247095,-0.5147998089599609,4.432192184793523,0.43208,1.0
LRRC7,0.93568,2.6774029128105927,0.8870156127929687,3.8932900989842785,0.5893,1.0
NME3,0.93564,2.676738464985327,-1.2163675,2.035290569574772,0.24026,1.0
CLU,0.93558,2.675742513921796,-0.21088683971405028,3.1366084612640006,0.47632,1.0
SOCS2,0.93558,2.675742513921796,0.1404335802459717,3.061990488765322,0.52842,1.0
CSF2,0.93556,2.6754107221739187,-0.4939464501953125,4.167659104599601,0.45388,1.0
ATP6V1G2,0.93554,2.675079026296246,-0.41697856201171873,3.6669592216862923,0.44778,1.0
TMOD1,0.93554,2.675079026296246,0.06072465866088867,3.168746846677803,0.50538,1.0
GP1BA,0.93552,2.6747474262289876,0.5521059094238281,3.576227138920889,0.56096,1.0
PLAUR,0.93544,2.6734219828703707,-1.008509794921875,3.1819623504681256,0.36046,1.0
SMOX,0.93538,2.6724289034395694,-1.5625480322265626,3.0170839111089363,0.27286,1.0
RAB39B,0.93538,2.6724289034395694,-0.7549351745605469,4.9788071165778485,0.41418,1.0
DVL2,0.9353,2.6711061319336507,-0.5961245043945312,2.990848089423863,0.42042,1.0
NOS3,0.93528,2.670775676948327,0.5106890759277344,4.351630713979884,0.5495,1.0
IRF8,0.93526,2.6704453170012488,1.3920529052734374,2.9124996911771994,0.73082,1.0
TNNC2,0.93526,2.6704453170012488,0.67553044921875,2.9895454456410784,0.59094,1.0
SAT1,0.93524,2.6701150520334025,1.790057900390625,1.7242429890024513,0.84834,1.0
STK11,0.93524,2.6701150520334025,-0.9922237963867188,2.955151689540899,0.36666,1.0
GAS8,0.93522,2.6697848819858323,-0.37089836059570314,3.117236273405085,0.45586,1.0
MEF2C,0.9352,2.66945480679963,-0.6236551354980469,3.4732784931123666,0.41872,1.0
FES,0.93518,2.669124826415949,-0.17179972061157225,3.178724920722582,0.47128,1.0
TNFSF14,0.93516,2.668794940775994,-1.5749103466796874,2.5653153850786587,0.2564,1.0
IRS2,0.93516,2.668794940775994,-0.5559925634765625,3.1267342568738967,0.42688,1.0
SLC25A12,0.93516,2.668794940775994,-0.1433630551147461,3.377635666926003,0.47806,1.0
ST6GALNAC6,0.93512,2.6681354534923565,-1.1364533911132813,3.186237375291132,0.35714,1.0
PAXIP1,0.9351,2.6678058517313574,-0.4657496276855469,3.381125012005734,0.4402,1.0
SARS2,0.9351,2.6678058517313574,-0.2520937013626099,5.205509597722715,0.46406,1.0
STMN1,0.93508,2.667476344479447,-1.00286705078125,4.119664753163455,0.35906,1.0
DYNC2LI1,0.93502,2.666488389193293,-0.67765904296875,3.6756132538387627,0.40548,1.0
MTA1,0.93494,2.6651724350614323,-1.0759531420898438,3.0496259363489147,0.3676,1.0
CHL1,0.93494,2.6651724350614323,-0.27437144023895266,3.5144309583798488,0.46882,1.0
ID3,0.93488,2.6641864571118425,-1.60961162109375,2.605343727236859,0.25728,1.0
RGS3,0.93488,2.6641864571118425,-0.8720930297851562,3.2727607858599512,0.41036,1.0
LAT,0.93488,2.6641864571118425,-0.8660563232421875,3.484799351913568,0.37558,1.0
SMAD3,0.93488,2.6641864571118425,-0.7342753247070313,2.9970359480808506,0.40504,1.0
RNF125,0.93484,2.66352960791698,-0.8542620947265624,4.007146489993021,0.38988,1.0
DPH2,0.93482,2.66320132397721,-0.5635696105957031,3.2902602238862517,0.44024,1.0
HOXB4,0.93476,2.6622170340947933,-0.08162654639720916,3.8000746442978937,0.514,1.0
MOGS,0.93474,2.661889124587218,-0.9439683764648438,2.9245002032158123,0.36916,1.0
ITGB3BP,0.93474,2.661889124587218,-0.2561194589996338,3.1769443865484543,0.46764,1.0
CCL22,0.93472,2.6615613085435244,-0.8577310791015625,3.1865079788176067,0.38456,1.0
STAT5B,0.9347,2.661233585906152,-0.48839724487304687,3.0097101134723783,0.43846,1.0
CTC1,0.93468,2.6609059566175923,-0.5913401879882813,3.0203943025716833,0.42424,1.0
CDK4,0.93468,2.6609059566175923,-0.5381684436035157,3.2145887907315407,0.44218,1.0
PRSS1,0.93468,2.6609059566175923,-0.10763417229890823,4.099268870857159,0.488,1.0
RPS6KA5,0.9346,2.6595963718031723,1.03948984375,2.851944759565935,0.65192,1.0
ABLIM3,0.9346,2.6595963718031723,0.4562026458740234,3.0632643315012076,0.5582,1.0
IDE,0.93456,2.658942137997507,-1.4645611962890626,2.8546465812578004,0.30418,1.0
PRKAB1,0.93456,2.658942137997507,-0.028433944826126097,3.1365068066691046,0.49826,1.0
IFT88,0.93454,2.6586151605448434,-1.5852096044921875,2.814590306912042,0.28992,1.0
SLC7A5,0.93454,2.6586151605448434,0.11202463609695434,3.070034000163084,0.52326,1.0
MMP11,0.93452,2.6582882759828226,-0.5790116906738281,3.6835102294551234,0.43714,1.0
HYAL2,0.93448,2.6576347853026263,-0.852092705078125,2.9976864019006633,0.38712,1.0
MTOR,0.93448,2.6576347853026263,-0.8397859741210938,2.942402396243499,0.39126,1.0
LPIN2,0.93446,2.657308179070537,1.35438880859375,2.1390812220874764,0.75034,1.0
ARHGEF19,0.93446,2.657308179070537,0.5668853076171875,3.288160590884403,0.56668,1.0
PPP2R5A,0.93444,2.656981665501267,-0.648491005859375,3.207589358606319,0.43444,1.0
OTUD3,0.93438,2.6560026802023464,-1.2007310498046875,2.785103991399591,0.3374,1.0
FAS,0.93436,2.6556765367165958,1.9312922607421874,1.9628351446720713,0.8435,1.0
PIK3CD,0.93434,2.655350485610048,-0.46663730224609373,3.0612437313680183,0.4415,1.0
ITK,0.9342,2.6530707097367365,-0.16745730169296263,4.241324924432189,0.49172,1.0
PLTP,0.93416,2.652420173398645,-0.8751524609375,2.9256466442997753,0.38538,1.0
LRRC1,0.93414,2.6520950429814194,-0.22152512939453126,3.5186166015810443,0.49534,1.0
ZNF776,0.9341,2.651445057370342,0.18967098442077637,3.698715744668189,0.53338,1.0
UBL4A,0.93408,2.651120202064534,-1.3220431103515624,2.8043439418265845,0.31344,1.0
FCER2,0.93408,2.651120202064534,-0.7831662426757813,3.4815219108919306,0.39908,1.0
ZNF551,0.93404,2.650470766172876,-0.7489516882324219,4.415774462432248,0.41984,1.0
PTPN7,0.93398,2.6494972982982974,-0.9462125537109375,3.049444513720872,0.3937,1.0
BCL9L,0.93398,2.6494972982982974,-0.937207822265625,2.9869589556221934,0.38252,1.0
MNAT1,0.93394,2.648848776374039,-0.7746384838867187,3.0622092949628192,0.40192,1.0
HNRNPDL,0.93392,2.6485246522427577,-0.9411484790039063,2.1319103791405922,0.28384,1.0
SELP,0.9339,2.6482006192580307,-0.052390318164825436,3.4202833770847976,0.48826,1.0
S1PR4,0.93388,2.647876677364414,-0.97780224609375,3.4721761280800574,0.34086,1.0
PCYOX1L,0.93384,2.647229066628972,-0.5110544580078125,3.1284765007828237,0.43512,1.0
TBL1XR1,0.93384,2.647229066628972,-0.2682241387939453,3.1286640567689985,0.47166,1.0
SLC41A1,0.93382,2.6469053976765085,-0.8130418481445313,3.443242712188719,0.40054,1.0
ADAMTSL5,0.93382,2.6469053976765085,-0.2156243660736084,3.8872929004247743,0.47298,1.0
ABHD17A,0.9338,2.6465818195938735,-0.911657333984375,2.717870832549581,0.3733,1.0
DUSP2,0.93378,2.6462583323258744,-0.6129012609863281,3.0277522947466937,0.41906,1.0
LYPD2,0.9337,2.644965290298063,1.7205652197265624,3.349774982598426,0.77454,1.0
FCGR3B,0.9337,2.644965290298063,1.28274203125,3.0043949432480783,0.6902,1.0
TMEM67,0.93368,2.644642256277058,-0.8977372338867188,3.606230725618291,0.3875,1.0
KCTD3,0.93366,2.644319312740568,-0.42831702880859374,3.2946939396012307,0.43728,1.0
TNF,0.93358,2.643028442343553,-0.03844185228347778,2.940429360084895,0.49654,1.0
ZNF519,0.93348,2.6414168836819556,-0.5059531823730469,3.4383802126323357,0.42886,1.0
PREX1,0.93346,2.641094841982218,-1.40524173828125,2.495565037463668,0.2844,1.0
TNFSF4,0.93338,2.6398075734796933,0.046109675483703615,3.4660512744172274,0.51124,1.0
HFE,0.93336,2.639485980657014,1.3783667724609374,2.6559927010584232,0.70144,1.0
SUN2,0.93334,2.639164477447224,-1.4826746240234374,2.601906186438504,0.28764,1.0
S1PR1,0.93328,2.638200504954836,-1.0857289208984375,4.089680044523619,0.34904,1.0
HLA-DRB5,0.9332,2.6369164596046755,-0.5000836999511719,3.4631454221441738,0.43534,1.0
STARD13,0.93316,2.636274972235245,-0.9723638598632812,2.928293933328634,0.36834,1.0
NDUFAF6,0.93312,2.635633841163737,-1.1282555541992187,3.1260783061679076,0.3557,1.0
EGR2,0.9331,2.635313409105794,-0.8767555004882812,2.878686085947206,0.37506,1.0
TNFRSF25,0.9331,2.635313409105794,-0.4811126916503906,3.9540805011004667,0.43302,1.0
PTPN4,0.933,2.6337125814563787,0.09407465682983399,4.016825087935414,0.53302,1.0
GPSM2,0.93298,2.6333926820811966,-0.9610881127929688,2.980858738540884,0.36746,1.0
SERPINH1,0.93294,2.632753149059697,0.3056884753417969,2.990999928396557,0.54184,1.0
RAPGEF3,0.93294,2.632753149059697,0.1987410498046875,3.5878778714056767,0.52264,1.0
PLEK,0.9329,2.6321139699892786,0.7323244653320312,2.960361922707029,0.61378,1.0
NUP88,0.93288,2.6317945130531273,-0.820042451171875,3.273589198059375,0.4069,1.0
COMMD3,0.93286,2.6314751444457207,-1.0538937084960938,2.065646251881261,0.2515,1.0
CHTF18,0.93286,2.6314751444457207,-0.5652736608886719,3.2416110518911765,0.42602,1.0
PMAIP1,0.9328,2.6305175680671233,1.1456480737304688,2.6813851734111074,0.67046,1.0
SUMF1,0.93274,2.629560784745343,-1.34466998046875,2.7340336406697108,0.3086,1.0
NT5E,0.93272,2.6292420329603434,-0.71732791015625,3.254845637266976,0.40808,1.0
CDC23,0.9327,2.6289233690821354,-0.5904240661621094,2.9130345854993465,0.42346,1.0
CENPL,0.9327,2.6289233690821354,-0.5035697039794922,3.3780144371522463,0.45268,1.0
RAB33B,0.93268,2.6286047930581864,-0.4113393310546875,3.022582930527297,0.4468,1.0
SUN1,0.93266,2.6282863048360117,-0.8238824926757813,3.207035128892392,0.38738,1.0
BDH2,0.93264,2.6279679043631687,-0.5592179064941406,3.080126148531714,0.41642,1.0
DARS2,0.93258,2.6270132289169466,-0.512271416015625,2.971690107984991,0.44318,1.0
NEB,0.93258,2.6270132289169466,-0.27042057071685793,3.5718370705679128,0.46882,1.0
CD320,0.93254,2.626377216406843,-0.42076939544677733,4.757509786206998,0.44684,1.0
TSEN54,0.93248,2.6254238532790835,-1.180692119140625,3.6185750263552254,0.3364,1.0
DYRK2,0.93246,2.625106240198153,-0.3923421728515625,3.1923205769905247,0.46336,1.0
UBOX5,0.93244,2.624788714344723,-0.25900387268066405,3.0396734382370614,0.4619,1.0
HMOX1,0.93244,2.624788714344723,-0.19251677406311035,3.7174277516287164,0.474,1.0
COQ10A,0.93236,2.623519482168089,-1.09281462890625,4.068471670507673,0.3641,1.0
SYT11,0.9323,2.622568471384419,-0.9214782104492187,3.051783830531302,0.39002,1.0
CUL4B,0.93228,2.6222516414853954,0.35785044372558594,2.961628875971448,0.5485,1.0
AK1,0.93226,2.621934898348164,-1.589905048828125,2.479030568732632,0.26668,1.0
POLR1E,0.93224,2.621618241921208,-0.8536487109375,3.5653933551225796,0.39264,1.0
CD200,0.93222,2.62130167215306,0.009860102000236511,3.3942120606649704,0.50306,1.0
ERCC8,0.93218,2.620668792387523,-0.5862381640625,2.918522804754424,0.4305,1.0
KDM4B,0.93214,2.6200362586406993,-0.6941747253417969,2.859919293399578,0.41124,1.0
RUVBL1,0.93212,2.619720121396111,-0.8133452465820312,3.6175323159216446,0.40288,1.0
LTBP1,0.9321,2.6194040705024615,0.07754584377288819,3.469416006097215,0.5099,1.0
QTRT1,0.93208,2.619088105908594,-0.17825973663330077,3.960019707461432,0.4764,1.0
LIN52,0.93208,2.619088105908594,0.08234587657928467,3.0491740967408516,0.51342,1.0
PLK2,0.93204,2.618456435415825,-0.409706591796875,2.967834819603458,0.44484,1.0
ST6GAL1,0.93202,2.618140729414842,0.16858559421539307,2.987129666338037,0.52104,1.0
SH2D1B,0.93198,2.617509575648822,-0.4537573791503906,3.7759304087607424,0.44654,1.0
GTF3C2,0.93196,2.6171941277819712,-1.0488201806640625,2.9042640758687566,0.37078,1.0
HSPA1A,0.9319,2.6162482996361422,1.5634856201171874,2.86514993691417,0.69676,1.0
ZNF70,0.9319,2.6162482996361422,0.21449207000732423,3.883573749263231,0.5239,1.0
GNG2,0.9319,2.6162482996361422,0.04374085271835327,3.3035084302512336,0.49864,1.0
HENMT1,0.93186,2.6156181765771547,-1.3006080517578125,3.347515179262112,0.3366,1.0
ZNF10,0.93186,2.6156181765771547,-0.44301796264648435,3.19146208516137,0.43916,1.0
PAOX,0.93178,2.6143589583284053,-0.6174812182617188,2.88762484371893,0.40398,1.0
AHI1,0.93176,2.6140443676109735,-1.1807445068359375,3.119527506322353,0.34654,1.0
PLEKHA8,0.93176,2.6140443676109735,-1.0804530541992188,2.833189802923611,0.34864,1.0
MCEE,0.93174,2.613729862330592,-0.5977593835449219,3.3224738301748133,0.42832,1.0
B3GAT1,0.93162,2.6118446220099782,-0.69908515625,4.139869363005119,0.41492,1.0
ZNF154,0.9316,2.611530713381681,0.0032730624008178713,4.771301364296487,0.50138,1.0
MAN1A1,0.93156,2.6109031511815974,1.0366645043945313,2.839935158648599,0.64732,1.0
SOS2,0.9315,2.6099624447734633,-0.576427734375,2.8397167127108918,0.41896,1.0
ADAL,0.93142,2.608709356334281,-0.6179818896484375,3.1880604693044243,0.41802,1.0
FEN1,0.93142,2.608709356334281,-0.46617160888671877,3.1698577525960006,0.44662,1.0
VASH1,0.93138,2.608083319836103,-1.54397912109375,2.5312042659822165,0.2717,1.0
NMT2,0.93136,2.6077704283437178,-0.938339501953125,3.2894164558017525,0.36754,1.0
CRLS1,0.93136,2.6077704283437178,-0.6765000073242188,3.062137683582391,0.42734,1.0
RGS1,0.93134,2.6074576212897655,0.35796656982421876,2.74340624151474,0.5943,1.0
ATP1B1,0.93134,2.6074576212897655,-0.014023396530151368,3.0890013026016607,0.50596,1.0
ABCA7,0.93132,2.6071448986247736,-0.9982261157226563,2.6506137063568427,0.36114,1.0
TIRAP,0.93124,2.6058948508664312,-0.9554831176757812,2.894135101960354,0.3714,1.0
HLTF,0.93122,2.6055825494056424,-0.7051180554199219,4.309967246806619,0.40416,1.0
HLA-DQA1,0.93122,2.6055825494056424,-0.6359643322753906,3.470735967649515,0.41094,1.0
ARHGAP11A,0.9312,2.605270332037876,0.2484488757324219,2.8411190184927215,0.53828,1.0
ZNF599,0.93114,2.60433418400121,-0.7333998364257812,3.4844887078207956,0.42924,1.0
MSH6,0.93114,2.60433418400121,-0.4256199877929687,2.91052023462256,0.43582,1.0
CEBPD,0.93108,2.6033987910341296,0.5694371142578125,2.876037398748404,0.5786,1.0
ZNF714,0.93106,2.603087160943104,-0.8712578784179688,3.163982826515043,0.38596,1.0
FANCA,0.93104,2.6027756145529217,1.2883219287109375,2.5105594703364984,0.71634,1.0
DEPDC1B,0.93102,2.602464151814752,0.08060148656845093,3.793792267316498,0.5161,1.0
ZNF584,0.931,2.6021527726798084,-0.827400400390625,4.054896931403859,0.3958,1.0
SLC2A8,0.93098,2.601841477099341,-1.0575201293945313,2.6532455221719253,0.34196,1.0
GSPT2,0.93094,2.60121913640707,-0.6981780017089844,3.3174078467501777,0.42408,1.0
CRHR1,0.9309,2.6005971293488193,-0.3186372854614258,4.143810120114551,0.47186,1.0
AGO2,0.93088,2.6002862508110374,-0.6508703198242187,2.825688452238794,0.4089,1.0
LMO7,0.93086,2.599975455536144,-0.6621102478027344,3.158960979955213,0.42462,1.0
ABCG1,0.93084,2.599664743475691,-0.8703889526367188,2.8966016903222913,0.37888,1.0
CCNF,0.93078,2.5987331060970975,-1.2458318798828125,2.824567824609219,0.34034,1.0
BBS10,0.93072,2.5978022159082714,-0.73580208984375,2.812641901179222,0.39708,1.0
PRKCI,0.93072,2.5978022159082714,-0.3602756481933594,2.9132935534224154,0.45978,1.0
EXOSC6,0.93062,2.5962523891488587,-1.070945,2.8187384094728443,0.3555,1.0
RPL39L,0.93062,2.5962523891488587,0.5026172802734375,2.8886901650351033,0.57036,1.0
FLRT2,0.93058,2.595633037235108,-2.34824009765625,3.0004823580983384,0.2042,1.0
ZNF692,0.93046,2.593776960937541,-1.1743999658203126,3.3155825152744653,0.33292,1.0
PIGB,0.93034,2.5919238457950433,0.29237149780273436,2.789543985233758,0.53788,1.0
NUP107,0.9303,2.591306797008035,-0.36057510375976565,3.27976647546912,0.46004,1.0
PANK1,0.93022,2.5900736815527576,-0.054069159107208255,3.983123916652411,0.4904,1.0
SETD2,0.93018,2.589457614129436,-0.7597622412109375,2.9415323668039304,0.39458,1.0
VPS37B,0.93016,2.5891497028290056,-0.09150280471801758,2.6925990345663213,0.50796,1.0
AKR7A2,0.93012,2.5885341248155638,-1.3598192578125,2.8101958728698544,0.30172,1.0
DCP1B,0.93008,2.5879188726057607,-0.8309323901367187,3.2848590086595313,0.40604,1.0
GRHL1,0.93008,2.5879188726057607,0.14359925287246705,2.8214263376514404,0.52058,1.0
TSC22D3,0.93006,2.587611368560028,-1.0186444262695313,2.709323997072197,0.33404,1.0
RGS5,0.93006,2.587611368560028,0.6288464855957031,3.7019553147278037,0.55968,1.0
CTPS1,0.93004,2.5873039458246523,-0.0478654284286499,3.630061325774861,0.51018,1.0
EMILIN1,0.93,2.5866893440979433,-0.2746211562347412,3.1730363603315035,0.46286,1.0
FOXK2,0.92998,2.586382165013194,-0.9260765380859375,2.7434766947275158,0.36634,1.0
SHMT2,0.92998,2.586382165013194,-0.8921130908203125,2.9657302495126774,0.38404,1.0
TFDP2,0.92998,2.586382165013194,-0.703835791015625,2.855402668282603,0.4186,1.0
PPAT,0.92996,2.5860750670519734,-0.6512681518554687,3.9835453387973083,0.4179,1.0
NIPA1,0.92988,2.584847485510826,0.18693961776733398,2.904214153405402,0.52808,1.0
ARHGEF28,0.92986,2.5845407924689345,-0.9451522412109375,3.5279199695070242,0.36998,1.0
DAAM1,0.92984,2.5842341802715247,-0.75006392578125,3.291591139895965,0.40274,1.0
GALNT11,0.9298,2.5836211982247184,-1.31234330078125,2.420778183564032,0.29504,1.0
INPP5D,0.9298,2.5836211982247184,0.25099013671875,2.7933305379490365,0.53254,1.0
PDE4D,0.92978,2.5833148282827048,-0.7727055590820312,3.819548129797388,0.41004,1.0
ADAM12,0.92972,2.58239620222733,0.18895100402832032,3.481827445728276,0.50806,1.0
OMG,0.92966,2.5814783008587887,-0.25314739166259764,3.2642035410601196,0.46984,1.0
CD79A,0.92964,2.5811724945624546,-1.0037241357421876,4.058891095093412,0.3415,1.0
GRPEL2,0.92962,2.5808667686027196,-0.16638881622314453,3.216623228824113,0.49372,1.0
CERS4,0.9296,2.58056112293365,-1.11152462890625,2.7185711635360628,0.34734,1.0
FBXO40,0.92952,2.5793393422466826,1.9490481103515624,3.6100925989384267,0.70316,1.0
PCGF2,0.92934,2.576595014856724,-1.1240506494140625,3.5583297330509334,0.36946,1.0
ZNF792,0.92934,2.576595014856724,-0.6345134814453125,4.259181120090944,0.42344,1.0
FGL2,0.92932,2.576290488455592,0.791762119140625,3.2116345521702723,0.61956,1.0
NUDT18,0.9293,2.5759860416607667,-0.6685044519042969,2.929252004453805,0.41454,1.0
LDLR,0.9293,2.5759860416607667,0.6551474145507813,2.8520148459665626,0.59504,1.0
BICD1,0.92928,2.5756816744269337,-0.48320668701171876,3.299023643557615,0.43924,1.0
NABP2,0.92926,2.575377386708817,-0.8209254931640625,3.3425502647190424,0.39432,1.0
GALE,0.9292,2.5744650001965805,-0.941102021484375,2.7314514322177272,0.36284,1.0
ERCC5,0.92914,2.5735533276995284,-1.0432900341796876,2.8617255922814904,0.36294,1.0
IGFBP7,0.92914,2.5735533276995284,0.5776535815429688,3.2814789759219973,0.58818,1.0
MRPS24,0.92908,2.5726423680014094,0.22263197357177733,3.2062181657239943,0.54944,1.0
PIGL,0.92904,2.572035456936178,-0.5018333154296875,3.311337031004221,0.4203,1.0
OPHN1,0.92896,2.5708225821523505,0.5231679626464844,2.9768694837841525,0.57168,1.0
NKIRAS1,0.92878,2.568098219141141,-0.5711596545410156,2.815934179161214,0.42888,1.0
ALDH6A1,0.92878,2.568098219141141,-0.5175748291015625,3.351586530710939,0.40516,1.0
ZNF2,0.92874,2.567493668636151,-0.5632687951660156,4.125385046273526,0.42292,1.0
SOCS5,0.92872,2.5671915108672265,-0.7366569409179687,2.698295962673226,0.4033,1.0
CYFIP2,0.92866,2.5662855069642316,-0.936948916015625,3.401851226588201,0.365,1.0
CD19,0.92866,2.5662855069642316,-0.6872209606933594,4.178881224524537,0.40994,1.0
NMRAL1,0.92864,2.565983661984015,-1.027126708984375,2.947177546283211,0.36968,1.0
TRIB1,0.92862,2.5656818950907088,-0.23781903625488282,3.0840620466451867,0.4598,1.0
KIF3A,0.92862,2.5656818950907088,-0.16998776557922363,3.5523254569001534,0.48864,1.0
SYNGR1,0.9286,2.5653802062402824,-1.3664295654296874,2.435588607259729,0.2771,1.0
PRPS2,0.92852,2.564174230388019,0.8766077758789063,3.0988114434337786,0.6454,1.0
SRGAP3,0.92848,2.563571709577039,-0.9135392749023438,3.7972841365275,0.39836,1.0
HSD17B6,0.92838,2.5620667671593496,0.34083403640747073,4.397976156029179,0.53344,1.0
METAP1,0.92836,2.561766011402382,-1.027721103515625,2.9020231623732995,0.37278,1.0
TNFRSF10C,0.92834,2.561465333119228,-0.008819706954956055,2.7800862111948037,0.502,1.0
SENP3,0.92828,2.5605637626776256,-1.2208329345703124,2.6237396923498695,0.32406,1.0
COL1A1,0.92822,2.5596628879358505,-0.7264079125976562,4.073016980785314,0.41398,1.0
RPPH1,0.9282,2.5593627507528973,-0.10062384595394135,3.152952262027676,0.48442,1.0
FOS,0.92816,2.55876270772381,-1.3446974755859376,2.4512151179816013,0.30056,1.0
ZNF432,0.92816,2.55876270772381,-0.997963740234375,2.568686889837134,0.31678,1.0
BASP1,0.92814,2.558462801791255,0.10009238739967347,3.1929075011436887,0.51724,1.0
PRMT6,0.92806,2.557263947601081,-0.22868313400268556,3.6206886377763428,0.48134,1.0
POLR3D,0.92802,2.5566649816272182,0.16421470146179198,2.985636136771997,0.53454,1.0
ZNF544,0.928,2.556365613770146,-0.89712970703125,4.059331250689517,0.38966,1.0
ZNF441,0.92798,2.5560663226090923,-1.0165624829101563,3.3622531181990953,0.34718,1.0
ANKH,0.92796,2.5557671081011892,-1.293064130859375,2.458625421262588,0.28296,1.0
ZAP70,0.92788,2.5545710157449535,-0.5663668579101563,3.932702586892184,0.42698,1.0
ZNF529,0.92778,2.553077619866083,-0.08151175372123719,3.8243253150399337,0.50516,1.0
ZIK1,0.92776,2.5527791695397184,-0.7823753735351563,3.8835566094687257,0.3989,1.0
ARSD,0.92774,2.5524807953972903,0.29678570556640627,2.6961511490287315,0.54594,1.0
ANGPT2,0.92772,2.552182497396356,-0.5978561767578126,3.3767704823321987,0.42454,1.0
SLC15A4,0.9277,2.551884275494506,0.44828563232421875,2.8855430787009877,0.56678,1.0
NFATC3,0.92768,2.551586129649369,-0.6278011218261719,2.8509153117402577,0.41218,1.0
PLOD2,0.92764,2.5509900659599145,-1.8136343701171875,2.8981728990485767,0.25442,1.0
INPP5E,0.92756,2.549798849401023,-0.3374214660644531,3.143222650280905,0.44908,1.0
GSC,0.92756,2.549798849401023,0.022107574462890626,3.770131738475974,0.4946,1.0
DLG1,0.9275,2.548906232620961,-0.4533827185058594,2.7783413739581637,0.43648,1.0
LAT2,0.9275,2.548906232620961,-0.4470059851074219,2.9784494486272792,0.43554,1.0
ZNF461,0.92748,2.548608845020129,-0.7571482568359374,3.7129660999472915,0.41864,1.0
KIF3B,0.92746,2.548311533012215,-1.224462763671875,2.472098777590063,0.30538,1.0
PLA2G12A,0.92744,2.5480142965552655,-0.2816476516723633,3.1136949185204292,0.4682,1.0
TTLL5,0.92742,2.5477171356073582,-1.0539739111328126,3.4401509906400043,0.3815,1.0
CKAP5,0.92736,2.5468261053992243,-0.7373956884765624,2.8193932852749857,0.40742,1.0
ALG8,0.92734,2.546529246068992,-0.39162148681640624,3.354061203433266,0.45732,1.0
ZKSCAN8,0.92732,2.5462324620387227,-0.9715034765625,2.882385984523408,0.35126,1.0
BBS4,0.92732,2.5462324620387227,-0.651188955078125,2.9335351592782657,0.42254,1.0
EIF2B3,0.92732,2.5462324620387227,-0.35479360107421876,3.422243138965916,0.4621,1.0
EIF4EBP1,0.9273,2.545935753266707,-1.0337188037109375,2.8535819947005954,0.37526,1.0
LETM1,0.9273,2.545935753266707,-0.9950872192382813,3.126418599939254,0.39578,1.0
PADI4,0.92728,2.545639119711266,-0.09169060653686524,3.0682465951436177,0.48906,1.0
KLHL22,0.9272,2.544453336822902,-0.9630512670898438,2.6608084912802625,0.36422,1.0
SPTBN4,0.9272,2.544453336822902,0.7221802001953125,3.8966696989635725,0.57174,1.0
TRMU,0.92716,2.543860895597069,-0.7994606323242187,2.9093595532116274,0.37944,1.0
CD72,0.92716,2.543860895597069,0.6057602526855469,2.9727015452621277,0.60926,1.0
DNAJC24,0.92716,2.543860895597069,-0.2286106283569336,2.8020761786702013,0.47254,1.0
PACS1,0.92714,2.543564787393557,-1.0149964624023438,2.8630734881414113,0.3566,1.0
DEF6,0.92714,2.543564787393557,-0.89369181640625,3.661420267435643,0.35954,1.0
CHD3,0.9271,2.542972795598325,-1.0367064599609375,2.782477809929535,0.3583,1.0
SPRED3,0.9271,2.542972795598325,-0.4174181884765625,3.1947997518414897,0.44806,1.0
IL27RA,0.92706,2.5423811030098475,-0.9834688354492187,2.6022540835447177,0.37164,1.0
SC5D,0.92698,2.54119861413259,-0.6129850939941406,3.129692173787383,0.4181,1.0
TRIM4,0.92696,2.540903178402094,-0.8328175561523438,2.7357841933419085,0.38942,1.0
SLC39A10,0.92696,2.540903178402094,-0.2653033117675781,2.977300392860562,0.47502,1.0
MOCS2,0.92686,2.5394271166280062,-0.4875819104003906,3.136331115336087,0.42326,1.0
THBS4,0.9268,2.5385423715909545,-0.771433837890625,3.646112499251064,0.40798,1.0
KLHDC3,0.92676,2.5379529125628633,-1.3644233251953124,2.3607278955216793,0.2578,1.0
SMAD7,0.92676,2.5379529125628633,-1.2672884716796875,2.457363052488432,0.29604,1.0
COQ6,0.9267,2.5370692797000394,-0.79896458984375,2.9402706478508587,0.3864,1.0
ZNF202,0.9267,2.5370692797000394,-0.36399233642578127,2.935135060131101,0.46796,1.0
KLHL42,0.92666,2.5364805611029104,-0.903233115234375,3.110238469632434,0.3778,1.0
MLYCD,0.92662,2.535892138109114,-0.7751138403320312,2.8590525841713683,0.39346,1.0
LPIN1,0.92658,2.5353040103942757,-0.4230921594238281,2.795763542639619,0.45098,1.0
NELFCD,0.9265,2.534128639506623,-1.03332455078125,3.0241228424954447,0.36584,1.0
FCHO1,0.9265,2.534128639506623,-0.8190793286132813,2.926556408616348,0.38572,1.0
CLASP2,0.92642,2.532954445855524,-0.47376896484375,2.771530153855832,0.43478,1.0
PDE3B,0.92636,2.5320745716287423,-1.2303603955078124,2.544028239600459,0.31142,1.0
ARHGEF1,0.92628,2.53090243194814,-0.810625859375,2.755062388220554,0.3589,1.0
SLC44A2,0.92628,2.53090243194814,0.3561154797363281,2.875349158053186,0.53138,1.0
FUZ,0.9262,2.529731462440225,-0.814112333984375,2.759706650199349,0.37582,1.0
MAP3K5,0.9262,2.529731462440225,0.6124810546875,2.6087482938708146,0.59904,1.0
ZNF530,0.9262,2.529731462440225,-0.4020507971191406,3.3538311873286593,0.45428,1.0
BEST4,0.92618,2.5294389026033617,-0.5639061730957031,4.096602530009722,0.44152,1.0
NICN1,0.92618,2.5294389026033617,-0.3700661218261719,2.7239390550511198,0.45316,1.0
KDM5B,0.92616,2.529146415702876,-0.98373421875,2.7038882510858926,0.35608,1.0
ZNF133,0.92614,2.5288540016989898,-0.5803129504394531,3.581086346154579,0.42586,1.0
CCND2,0.92604,2.5273930237385875,0.5691184338378906,3.2451816429540434,0.59366,1.0
SLC39A3,0.92594,2.525933862245023,-0.9759446240234375,2.697440120581178,0.35784,1.0
RHNO1,0.92588,2.5250592351987295,-0.8296363793945313,3.0338098214411255,0.40412,1.0
RPA1,0.92578,2.523602969793373,-0.4157740460205078,2.836553725969594,0.45302,1.0
ZNF138,0.92576,2.5233119333098255,-0.7532291040039063,4.164634350847199,0.37556,1.0
ZEB1,0.92574,2.5230209689340555,-0.49183764038085936,3.3948541702210253,0.42912,1.0
SATB1,0.9257,2.5224392563494518,-0.1294676936340332,2.9330275046217325,0.49574,1.0
TBL1X,0.92564,2.521567227304228,-0.8650152075195312,2.658963918605787,0.36722,1.0
RPRD2,0.92552,2.519825108751822,-1.0498557885742188,2.7362409510032566,0.3152,1.0
PRKCH,0.92552,2.519825108751822,-0.6986736340332032,3.80269562551282,0.41232,1.0
HLA-DOB,0.9255,2.5195350066280384,0.5965003344726563,3.4883682453314058,0.59492,1.0
RAD51C,0.92548,2.5192449761060933,-0.6348237866210937,3.3959585887496564,0.41746,1.0
MOCS3,0.92546,2.5189550171472876,-0.818046728515625,2.794623559448997,0.38378,1.0
NELFA,0.92546,2.5189550171472876,-0.5631907263183594,2.7390984300852077,0.41492,1.0
GALT,0.92542,2.5183753137644556,-0.6572823095703125,3.6158901054357857,0.41774,1.0
RNF144A,0.92542,2.5183753137644556,0.6318872094726562,3.0414577353741676,0.59126,1.0
NUAK1,0.9254,2.518085569263184,-1.0512667358398438,3.4123637518759105,0.36334,1.0
PAFAH2,0.92534,2.5172167640571463,-0.8517469165039062,2.6700798579890055,0.37594,1.0
ALG14,0.92532,2.516927304959348,-0.7009659936523438,2.8360589946359513,0.4104,1.0
C1QC,0.92526,2.516059355040282,1.20115806640625,3.9401252362878263,0.60744,1.0
NT5M,0.92522,2.5154810775223613,0.192181968126297,3.661444616140548,0.52044,1.0
EPS15L1,0.92516,2.514614194121409,-0.9243253100585938,2.5306715015048544,0.35994,1.0
SNAPC1,0.92516,2.514614194121409,-0.5459368041992188,2.8842385155209502,0.43588,1.0
HLA-DQB1,0.92514,2.5143253749350327,-0.7915474047851563,2.990931725865768,0.37414,1.0
GBP3,0.92508,2.5134593426832836,1.4306282666015624,1.3557552665871277,0.90268,1.0
DGKQ,0.92498,2.512017371003312,-0.13917278966903687,2.90436414570655,0.48336,1.0
TOP3A,0.92492,2.511153035567458,-0.6523112341308593,2.7145864986244543,0.40822,1.0
ORMDL3,0.92492,2.511153035567458,-0.010418640632629395,3.6351412840565587,0.50172,1.0
ABCE1,0.9249,2.510865064790126,-0.5842804370117187,3.0847823635226512,0.43996,1.0
APOM,0.92486,2.5102893345604795,-0.3853693341064453,2.652935529115409,0.4434,1.0
GNLY,0.92486,2.5102893345604795,0.3398883966064453,4.359744153155928,0.56396,1.0
HHEX,0.92484,2.5100015750326374,-0.8864341259765625,2.939317125678032,0.3594,1.0
GBA2,0.92484,2.5100015750326374,-0.8646949951171875,2.6356106842059464,0.3682,1.0
HLA-DPA1,0.92484,2.5100015750326374,0.042847452774047855,2.847826915168744,0.51002,1.0
FOXK1,0.9248,2.5094262669623184,-0.7204188793945312,2.5988818391749127,0.39236,1.0
ZNF549,0.92474,2.508563831755362,-0.716425908203125,3.0304788858248672,0.41264,1.0
BCL2A1,0.92474,2.508563831755362,0.25492011596679687,2.611178413500641,0.5403,1.0
ZNF510,0.92472,2.5082764937088875,0.016639239845275877,3.3080359500215337,0.53012,1.0
PIGN,0.92468,2.5077020279244238,-0.2845025299072266,3.014193058656228,0.48804,1.0
FUCA1,0.92464,2.5071278423013603,-1.457943798828125,2.210699593332078,0.22774,1.0
TNFRSF10B,0.92464,2.5071278423013603,-0.5972250964355469,2.6877568257749904,0.41378,1.0
PTPRN2,0.92464,2.5071278423013603,-0.27275096069335936,3.0383395636541106,0.48048,1.0
UCKL1,0.92456,2.5059803103419847,-1.1907368701171874,2.393009987420346,0.29448,1.0
SPTAN1,0.92452,2.505406963408139,-0.54239232421875,2.6638093208558646,0.42048,1.0
CBR3,0.9245,2.5051203945722005,0.2630186270141602,2.7787394165002834,0.52608,1.0
PDE4C,0.9245,2.5051203945722005,-0.25910956649780276,3.2100324189931198,0.45208,1.0
PHC2,0.92448,2.504833895440625,-0.5882353283691406,2.6301918298366944,0.4087,1.0
KIFAP3,0.92448,2.504833895440625,-0.09730250873565674,3.0380219836854785,0.49712,1.0
NDUFAF5,0.9244,2.5036885952147383,-0.8974125415039063,2.4908193791542272,0.3637,1.0
INPP4A,0.9244,2.5036885952147383,-0.8674867993164063,2.6098129072453213,0.38618,1.0
RAD18,0.9244,2.5036885952147383,-0.23982960998535155,2.65837882715068,0.4635,1.0
CENPJ,0.92436,2.503116362362617,1.0744896997070312,2.4620649144642783,0.67566,1.0
TYSND1,0.92436,2.503116362362617,-0.5575405822753906,3.227156961445092,0.41684,1.0
DOLK,0.92434,2.502830350122114,-1.24365041015625,2.6622221768734744,0.32406,1.0
IL4R,0.92434,2.502830350122114,-1.1380303076171876,2.264734848278542,0.2838,1.0
CDC34,0.92424,2.5014013292969395,-0.7559844677734375,2.4471210053763306,0.37872,1.0
ACSF2,0.92422,2.5011157329491525,-0.798522197265625,2.59857539390679,0.37872,1.0
RORA,0.9242,2.50083020578784,-0.2525833619689941,4.363886178941477,0.481,1.0
TUBGCP4,0.92418,2.5005447477762326,-0.3512457232666016,3.1984198852244874,0.46654,1.0
ZNF736,0.92412,2.4996887882723464,-0.9370711743164063,2.4593496419054106,0.3491,1.0
HPS4,0.9241,2.499403606492411,-0.947636513671875,2.7279456840529863,0.34166,1.0
CENPT,0.92408,2.4991184936787527,-1.1458993676757812,2.326964326972804,0.3092,1.0
KBTBD8,0.92408,2.4991184936787527,-0.34175402954101564,2.66361545070417,0.45306,1.0
ZNF18,0.924,2.497978731355354,-0.8821093115234375,3.4271607689107824,0.37398,1.0
PEX3,0.924,2.497978731355354,-0.39241599365234375,3.0417974680052815,0.44414,1.0
HSD17B12,0.92398,2.49769396282468,-0.23160899139404298,2.6673760166440603,0.4759,1.0
CSNK1E,0.92392,2.4968400695696964,-0.7165421459960938,2.6639416192303393,0.40146,1.0
DCUN1D2,0.92386,2.495986794056238,-0.6018094641113281,2.83341541394278,0.40908,1.0
TMPO,0.92384,2.4957025059914604,-0.0018945218563079834,3.6185577891318714,0.52154,1.0
DDIT4,0.92374,2.4942820923346147,-0.6333653002929688,2.7427144575408406,0.42514,1.0
MUTYH,0.92374,2.4942820923346147,-0.47585710571289064,2.763317627747044,0.434,1.0
BHLHE41,0.9237,2.4937144053081526,-0.6079282775878906,3.4616239706236898,0.43716,1.0
ASCC1,0.92368,2.4934306641725916,-0.6648202990722656,2.7966082738075713,0.4104,1.0
CEP76,0.92368,2.4934306641725916,-0.39455938720703126,2.801755232377431,0.436,1.0
DUS2,0.92364,2.49286338647668,-1.0501869873046874,2.816636740169187,0.3573,1.0
KBTBD7,0.92364,2.49286338647668,-0.6787176452636718,4.162846496300066,0.401,1.0
ORC1,0.92344,2.4900310801619585,-0.7934188354492188,3.857029386999716,0.4126,1.0
PLAC8,0.92342,2.489748222875172,1.413463046875,2.1658805288193625,0.76384,1.0
CRKL,0.92332,2.488334951798354,-0.514378212890625,2.660684162081897,0.42434,1.0
COG5,0.9233,2.488052500405372,-0.6883086962890625,2.536257405488272,0.39486,1.0
TNFRSF17,0.92328,2.4877701165369666,0.6859678845214844,4.103438927309035,0.57108,1.0
CD52,0.92322,2.486923369724691,-0.66418220703125,2.6040963268390915,0.3911,1.0
ANAPC10,0.92314,2.4857953171706195,-0.26887200286865237,2.7090540853736473,0.47146,1.0
TEX10,0.92304,2.484386764151128,-0.8862380883789063,2.602695781676472,0.36686,1.0
ACP5,0.92296,2.483261129129164,-0.6611939599609375,2.5342303188601316,0.40102,1.0
PNO1,0.92296,2.483261129129164,-0.27917315002441406,3.100212286197986,0.4758,1.0
PROS1,0.92294,2.482979887774779,-0.15387988128662108,3.197945557201172,0.49134,1.0
NCOR2,0.92292,2.4826987133107967,-1.129926083984375,2.503578184203408,0.32088,1.0
ZNF439,0.92292,2.4826987133107967,-0.42523967407226565,3.706767392330535,0.442,1.0
ALG10B,0.92286,2.4818555909116924,0.04114272149562836,2.6312904894270384,0.5045,1.0
GLI1,0.9228,2.4810130692688674,-2.579126962890625,3.390159606296668,0.21932,1.0
ZWILCH,0.9228,2.4810130692688674,-0.41826574829101565,3.161018392770209,0.44486,1.0
MPST,0.92276,2.480451721462571,-0.8764667407226563,2.5769974158530413,0.35608,1.0
AGPAT5,0.92276,2.480451721462571,-0.06703750203132629,2.827679625960374,0.4855,1.0
PRMT1,0.9227,2.4796101989911334,-1.0220341625976563,2.824240176885335,0.36006,1.0
CEP78,0.92266,2.4790495164306705,-0.8565451977539063,3.3536284413515793,0.37052,1.0
RASA3,0.92266,2.4790495164306705,-0.4216857971191406,2.636674073627464,0.44096,1.0
PCGF6,0.92262,2.4784890994832893,-1.1876325708007813,2.959413154752666,0.30626,1.0
COL15A1,0.92262,2.4784890994832893,-1.0658027880859375,3.2376646921964825,0.37152,1.0
NUP54,0.92254,2.4773690613216446,-0.4550895251464844,2.7253858830635243,0.43396,1.0
ZNF337,0.92248,2.4765297278803495,-0.77204568359375,3.014427403640575,0.39526,1.0
CRAT,0.92244,2.47597050277459,-0.5614115307617188,2.6011677447055455,0.40954,1.0
VCPKMT,0.92242,2.475690989275181,-0.3452319696044922,3.0846200074381938,0.46,1.0
PMEPA1,0.9223,2.4740152928680716,-1.2530108447265624,2.8311288251438023,0.33594,1.0
PLAGL1,0.9223,2.4740152928680716,-0.19650917114257813,2.584686439281728,0.46774,1.0
PINK1,0.92228,2.4737362405791727,-1.4057789453125,2.2160316513020124,0.24864,1.0
IARS2,0.92228,2.4737362405791727,-0.8494003247070312,2.8670768177732158,0.3759,1.0
ZNF445,0.92228,2.4737362405791727,-0.757225361328125,3.396417831789692,0.39262,1.0
TAF4,0.92228,2.4737362405791727,-0.5889081225585937,2.5547770199416644,0.40854,1.0
ZNF420,0.92228,2.4737362405791727,-0.4272463555908203,3.6872434239224514,0.45496,1.0
FCGR3A,0.92224,2.473178333218918,-0.6165953833007812,3.634484501855753,0.40324,1.0
ALG1,0.92204,2.4703927319241163,-0.303181417388916,3.3290643998201728,0.46218,1.0
CCDC88C,0.92184,2.467613664971232,-0.48270623046875,2.9538309288116253,0.42458,1.0
RFC1,0.92178,2.466781214043256,-0.14301009454727173,2.856382906434304,0.48546,1.0
COX11,0.92172,2.465949347270715,-0.9285529248046875,3.887274286682014,0.34952,1.0
PIAS2,0.92164,2.4648410987011915,-1.0021242260742187,2.469757947789904,0.34704,1.0
CD207,0.9216,2.464287362585264,-0.6478766259765625,3.281871080889029,0.41742,1.0
MGAT4A,0.92158,2.464010591453073,-0.7661871240234375,2.429770437885942,0.3802,1.0
BYSL,0.92146,2.46235131953009,0.04761959316253662,3.213456288742626,0.5194,1.0
SELPLG,0.9214,2.4615225530666556,-0.4589190350341797,2.8642371671619733,0.42924,1.0
MCM5,0.92134,2.4606943650796236,-0.6023350720214844,2.711880538438755,0.41456,1.0
HLA-DPB1,0.9213,2.460142560691529,-0.44692604248046874,2.7975713035578282,0.43472,1.0
EZH2,0.9213,2.460142560691529,-0.21575852905273438,2.507117239159549,0.467,1.0
MTO1,0.92124,2.459315334856882,-0.8284324536132812,2.6982620784532827,0.36884,1.0
PELP1,0.92122,2.459039720980079,-0.846782734375,3.2385410935831738,0.38242,1.0
WDR36,0.92122,2.459039720980079,-0.7837547924804688,3.4011821226617514,0.40498,1.0
UTP15,0.9212,2.458764171082697,-0.2639034573364258,3.1221465854670214,0.4625,1.0
PRC1,0.921,2.456012183788286,0.17173943939208985,2.6023807531736285,0.53124,1.0
SMARCA2,0.92092,2.454913172073753,-0.15806019161224366,2.903439316819365,0.49696,1.0
CDC16,0.9209,2.454638577953714,-0.8233258959960937,2.544793343355896,0.37112,1.0
MTMR1,0.92086,2.454089580057327,0.7078273803710937,2.72330725613467,0.6159,1.0
LGALS1,0.92084,2.4538151762163305,-0.5684723425292969,2.693988322635791,0.39742,1.0
HSPA1B,0.92082,2.4535408357370736,0.9188993017578125,2.5760922158337043,0.64864,1.0
TRMT12,0.9208,2.453266558587292,-0.848295185546875,2.521342788647647,0.36558,1.0
PSTK,0.92076,2.452718194147224,-0.5187439709472657,3.2310237477045667,0.42732,1.0
PARD6G,0.92074,2.452444106792531,-2.43827388671875,3.3374071183566953,0.22464,1.0
ZNF782,0.92074,2.452444106792531,-0.6748591320800781,3.30660747055772,0.42168,1.0
ZNF19,0.9207,2.451896121652997,-0.9339707446289063,2.5105025089404065,0.3597,1.0
KRBA1,0.9207,2.451896121652997,-0.7232476391601562,2.9167690682948764,0.42038,1.0
MCPH1,0.92064,2.451074617386566,-0.7597432934570313,2.548356430945407,0.38992,1.0
TMED3,0.92064,2.451074617386566,-0.7327658666992187,3.083842514356163,0.41174,1.0
PHC3,0.92058,2.450253680482063,-0.06307631337404251,2.5447010798367633,0.49226,1.0
HLA-DRB1,0.92052,2.449433310075589,-0.32798228637695315,3.5408317683858472,0.45176,1.0
XPC,0.9205,2.449159979012846,-0.9006326635742188,3.1193108251748827,0.35838,1.0
MRPS2,0.92048,2.448886710766664,-0.9905356567382813,3.131804655752424,0.35006,1.0
TTC5,0.92048,2.448886710766664,-0.9653647290039062,3.0286219604066984,0.33884,1.0
EEFSEC,0.92048,2.448886710766664,-0.5564791040039062,3.1529882203624724,0.41458,1.0
ORC4,0.92046,2.448613505305192,0.13600939346313476,2.641094366489446,0.51646,1.0
GSTM3,0.92042,2.448067282609089,-0.6652382263183594,2.6879118246781837,0.40446,1.0
GNGT2,0.9204,2.4477942653108733,-0.6287387536621094,2.5841413100123156,0.39838,1.0
APEH,0.92038,2.4475213106702,-1.0606333959960939,2.1312781253828166,0.25902,1.0
TRMT10A,0.92036,2.447248418655336,-0.4998803271484375,2.5804871357456367,0.43086,1.0
ALS2CL,0.92036,2.447248418655336,-0.46081721313476565,3.5257665716768187,0.4555,1.0
DROSHA,0.92034,2.446975589234575,-0.04157930595397949,2.499192793353013,0.48686,1.0
PLEKHA1,0.92032,2.44670282237623,-0.883738291015625,3.195157779289668,0.3678,1.0
CPSF4,0.92032,2.44670282237623,-0.6144844580078125,2.734120235147285,0.41754,1.0
SNCA,0.92026,2.4458848968592135,-0.85042888671875,2.4058771151098526,0.35178,1.0
KIF20B,0.92026,2.4458848968592135,-0.5990422326660156,3.3891734285047312,0.41346,1.0
RGS18,0.92018,2.444795203459021,-0.787209892578125,2.430355466676045,0.3671,1.0
HGSNAT,0.92018,2.444795203459021,-0.6377934619140625,2.651551518822692,0.40968,1.0
NIPAL3,0.92016,2.4445229359622354,-0.3912466448974609,3.658103201333511,0.44612,1.0
FABP5,0.92012,2.4439785877722042,-0.24674738677978517,2.5841121058411622,0.4652,1.0
CD244,0.9201,2.443706507016087,-0.8137694750976563,3.023696384780851,0.36258,1.0
BBS5,0.92008,2.4434344884440278,-0.6286537292480469,3.4445373074101,0.42524,1.0
GSTT1,0.92006,2.443162532024651,-1.376699931640625,2.081521424065988,0.24508,1.0
GZMB,0.92004,2.4428906377266038,0.15295959033966064,4.575835562834193,0.52942,1.0
ZNF569,0.92002,2.4426188055185563,-0.9504316186523437,3.6898875919722656,0.38256,1.0
SLC35A1,0.92,2.442347035369205,-0.5256659631347657,2.6111235463125544,0.41484,1.0
DDHD2,0.91998,2.4420753272472644,-0.7895887963867187,2.9300563736783416,0.39436,1.0
CTSD,0.91998,2.4420753272472644,-0.6073392517089844,2.4433838101063494,0.39218,1.0
RRP9,0.91996,2.4418036811214767,-0.44651759765625,3.441753783363329,0.44252,1.0
TYW3,0.91996,2.4418036811214767,-0.2622335690307617,2.8838561594230283,0.47096,1.0
SLC2A3,0.91994,2.441532096960607,-0.61339453125,2.7269547928048503,0.43436,1.0
LEMD3,0.91992,2.4412605747334437,-0.22006309043884278,2.596527791525445,0.46688,1.0
CD247,0.91984,2.440175104538426,-0.24956431884765626,4.587751984987648,0.46064,1.0
SLC39A4,0.91982,2.439903891512428,-0.6202285693359375,2.52993292476515,0.40942,1.0
ZFP90,0.91972,2.4385487519656626,-0.15573674171447754,2.955329159718111,0.45818,1.0
RPS6KB1,0.91966,2.4377364075885044,-0.28784232421875,2.590169399681148,0.47308,1.0
FBXW4,0.91964,2.437465749169002,0.13882256978988647,2.5532302405588947,0.51954,1.0
IL32,0.91964,2.437465749169002,0.12755585388183593,4.196306389748069,0.52296,1.0
CD2,0.91958,2.436654142597052,-0.5536510900878906,4.446452922886341,0.41366,1.0
POLB,0.91956,2.4363837298658626,-0.5160897473144531,2.438427316728326,0.41496,1.0
ABLIM1,0.91954,2.436113378479762,-0.6868797045898437,3.3829058130803125,0.38058,1.0
B3GAT3,0.91944,2.4347625406501967,-1.1217379565429688,2.572527721663229,0.32432,1.0
EEF1E1,0.91944,2.4347625406501967,-0.395797822265625,3.1640892656125854,0.4598,1.0
SPN,0.91944,2.4347625406501967,0.34470572265625,2.606629055903531,0.54704,1.0
EIF2B4,0.9194,2.434222633859545,-1.21990892578125,2.462946792015458,0.30326,1.0
ITPR2,0.9194,2.434222633859545,-0.6768476770019531,2.5303484033724604,0.39328,1.0
MME,0.91938,2.43395277212912,2.1685012255859375,3.2936325899768004,0.75306,1.0
PTGER4,0.91936,2.4336829714678654,0.25440829345703125,2.604716896637047,0.54362,1.0
TAF3,0.91926,2.432334883130922,-0.6310289428710938,2.598507796068301,0.4122,1.0
APOBEC3C,0.91926,2.432334883130922,0.24210857543945313,2.6963501807209087,0.52916,1.0
ZNF235,0.91916,2.430988316951315,-0.49033821899414065,2.671684133046963,0.44084,1.0
ZFP1,0.9191,2.430181106299618,-0.48179110626220706,4.455788526448112,0.45838,1.0
COA1,0.919,2.4288369676832486,-0.7178902014160157,3.0870110231659966,0.37116,1.0
ZNF595,0.919,2.4288369676832486,-0.4324594689941406,2.581445441122048,0.40194,1.0
FAHD1,0.91894,2.428031210667237,-0.5699895190429688,2.4377578299010065,0.41174,1.0
ERBB3,0.91892,2.4277627458401705,-2.6115726171875,3.504136800291397,0.21122,1.0
TRMT61B,0.91892,2.4277627458401705,-0.940896787109375,3.064968302763465,0.3666,1.0
GRIN2C,0.91892,2.4277627458401705,-0.2904142266845703,4.078480923977909,0.47334,1.0
LIPT1,0.91888,2.427225997273114,-0.9934455908203125,2.734683043126009,0.32994,1.0
RHOBTB3,0.91888,2.427225997273114,-0.49819802001953123,2.6345633796890557,0.42556,1.0
SESN2,0.91882,2.426421326690138,-0.9044580395507813,2.391247171980441,0.34766,1.0
RXRB,0.91878,2.42588518079702,-0.5068881982421874,2.5177252760021873,0.4242,1.0
BLNK,0.91874,2.425349275554489,0.9360820263671875,3.218128351751962,0.6874,1.0
SH2B1,0.91864,2.4240105637276295,-0.9801403955078125,2.3330243918369753,0.33416,1.0
PCNA,0.91858,2.4232080563177023,-0.3370483905029297,2.458485421953806,0.44716,1.0
ZNF282,0.91858,2.4232080563177023,0.1476221178817749,2.700247181133303,0.52542,1.0
SMC4,0.91856,2.4229406736171146,-0.7814700659179687,2.4273999812323197,0.36882,1.0
ZKSCAN4,0.91856,2.4229406736171146,-0.6078969396972657,2.823459245586511,0.43134,1.0
IMP3,0.91854,2.422673350751779,-0.9261993920898437,2.7477781895671916,0.28866,1.0
CLCN6,0.91854,2.422673350751779,-0.7847497436523437,2.4093040780729256,0.3703,1.0
ALG12,0.9185,2.422138884408363,-0.730479697265625,2.421994411928725,0.3794,1.0
WARS2,0.91848,2.4218717408710866,-0.2315048483276367,2.7503230558337686,0.47756,1.0
ARSG,0.91846,2.4216046570506706,0.86188322265625,2.3253386358638557,0.65628,1.0
RGP1,0.91846,2.4216046570506706,-0.7850862573242188,2.6722892475304576,0.3703,1.0
PIGA,0.91844,2.4213376329175684,-0.47665524658203123,2.4870939505524463,0.42962,1.0
PIP4K2C,0.91844,2.4213376329175684,-0.08267194766998291,2.54084122262681,0.48852,1.0
KLRF1,0.91842,2.4210706684422587,-0.4129660498046875,3.344779791586991,0.43268,1.0
SAE1,0.9184,2.4208037635952406,-0.8032231298828125,2.529775393413664,0.37942,1.0
LGALS3,0.9184,2.4208037635952406,-0.6352984411621094,2.7049329055393394,0.39354,1.0
SNRNP25,0.91832,2.4197367399008316,-1.4438742822265624,2.312998461163232,0.25766,1.0
FAM135A,0.91832,2.4197367399008316,1.088804970703125,2.7788932475150365,0.70702,1.0
ARHGAP12,0.9183,2.4194701327535193,-0.6361219714355468,2.527320787097367,0.39712,1.0
ZNF256,0.91824,2.4186706679046575,-0.5648841137695313,3.0155113969086256,0.40936,1.0
TIMM9,0.91824,2.4186706679046575,-0.5017351098632813,3.049739980693925,0.43268,1.0
CCT2,0.9182,2.4181379882064205,-0.6319462573242187,2.576119978319656,0.40912,1.0
ACD,0.91818,2.4178717373297474,-0.4372999255371094,2.653617751968572,0.43652,1.0
CRCP,0.91814,2.4173394133750827,-0.752438955078125,2.4122514269880617,0.38476,1.0
ZNF664,0.91812,2.4170733402386726,-0.3076157192993164,2.553093468842497,0.47134,1.0
FUT11,0.91812,2.4170733402386726,-0.17971202644348144,2.575826155707442,0.47538,1.0
TAF1D,0.9181,2.416807326290631,-0.5340932214355468,2.9062539679334805,0.42854,1.0
LMNA,0.91808,2.4165413715018023,-0.48530958740234376,2.3814348753037247,0.42512,1.0
ERCC4,0.918,2.415478143356238,-0.6382771728515625,2.7107775609576703,0.42704,1.0
INO80E,0.91796,2.414946883482231,-1.0939037231445312,2.551386739192636,0.32626,1.0
HINT2,0.91788,2.4138850709710424,-0.3948234729003906,3.5192134590785162,0.4273,1.0
CRY1,0.91778,2.412559129013647,-0.7683319262695313,2.4037528877998673,0.35514,1.0
SATB2,0.91778,2.412559129013647,-0.5780159057617188,3.006061739718424,0.4207,1.0
C3AR1,0.91768,2.4112346544472185,0.45810809814453124,2.72759535911591,0.5862,1.0
SRPRB,0.91768,2.4112346544472185,-0.24704795888900757,3.7300617142275643,0.47872,1.0
IFT27,0.91762,2.410440672559235,-0.9935405981445312,2.8017416126783723,0.32694,1.0
CTSC,0.91758,2.409911643677415,1.2411218603515626,2.4121947719040486,0.70268,1.0
SLC25A20,0.9174,2.407533901636139,-0.8006954345703124,2.3094117268653633,0.37282,1.0
SNX5,0.91736,2.4070061549186654,-1.0995864990234374,2.38770687092823,0.29942,1.0
AGPAT4,0.91732,2.406478640582204,-0.742655986328125,2.6619051558286686,0.37992,1.0
ENPP4,0.91732,2.406478640582204,0.2939453173828125,2.835532894346311,0.56518,1.0
UHRF2,0.91732,2.406478640582204,-0.2327401968383789,2.586146707699388,0.4575,1.0
BNIP1,0.91726,2.405687804295873,-0.04157519277572632,2.924869711879601,0.49348,1.0
ACBD4,0.91724,2.4054243081454456,-0.825305087890625,2.6110529276152366,0.37206,1.0
ZNF419,0.91722,2.405160869920412,-0.8631624462890625,3.153294886018636,0.39248,1.0
SPINT2,0.9172,2.4048974895925355,-0.37584255859375,2.313437628338444,0.43552,1.0
ACAD8,0.91718,2.4046341671336,-1.0798470166015626,2.680134305103562,0.3053,1.0
ALOX12,0.91716,2.404370902515409,0.3214332586669922,3.408299434501423,0.53604,1.0
NT5C3B,0.91712,2.40384454668858,-1.1332700122070312,2.335317801859583,0.30602,1.0
JADE1,0.91706,2.4030554460501845,-0.7396796166992188,3.444634017971241,0.37956,1.0
FTH1,0.91704,2.402792527885482,-0.9104811108398437,1.992851880963584,0.3184,1.0
FANCF,0.91702,2.4025296673647203,-0.4089924163818359,3.6134893228228373,0.44182,1.0
SOCS3,0.91702,2.4025296673647203,0.06280531787633896,2.3478869539005602,0.5115,1.0
ODC1,0.91698,2.4020041191429073,-0.9348653686523437,2.2943492797511276,0.33584,1.0
ZNF548,0.9169,2.400953713194453,-0.7429344750976562,2.6024806199912653,0.37444,1.0
ARV1,0.91688,2.400691255397472,-0.7859676342773437,2.613628601716821,0.3643,1.0
KHDRBS2,0.91688,2.400691255397472,-0.48817573486328125,3.2059340424754836,0.43946,1.0
MAP1LC3A,0.91682,2.399904226416491,-1.30821251953125,2.048770645066316,0.24648,1.0
ZNF565,0.91682,2.399904226416491,-0.7723788403320313,2.6195796212085436,0.38272,1.0
IKBKB,0.91682,2.399904226416491,-0.5250241784667968,2.456978311773481,0.4164,1.0
ZMYM2,0.9167,2.3983317157949324,-0.5685884191894531,2.4720998085574717,0.40638,1.0
ZNF554,0.91668,2.398069830948498,-0.42367559936523436,3.7945757444347463,0.46548,1.0
C4BPB,0.9166,2.3970228627103225,-0.7206910620117187,4.055088563807691,0.42676,1.0
IL7R,0.9166,2.3970228627103225,-0.08459263076782227,3.3404972766894723,0.47824,1.0
SLA,0.91658,2.396761263299459,-0.23841595794677733,2.7091503581432264,0.47944,1.0
IMPA2,0.91656,2.396499720892854,-0.8631041943359375,2.265440276373108,0.3455,1.0
TMEM186,0.91656,2.396499720892854,-0.7628875610351562,2.4494558529330206,0.38274,1.0
GEMIN7,0.91644,2.3949316619999284,-1.0307300512695312,2.3139894137014565,0.32942,1.0
SAMM50,0.91644,2.3949316619999284,-0.8488551806640625,3.1155888788393247,0.37874,1.0
ITCH,0.91636,2.393887426004714,-0.3213643560791016,2.4696134149683964,0.44764,1.0
SMN2,0.9163,2.393104844475738,-0.3220727453613281,2.5115203987030776,0.45834,1.0
COG3,0.9163,2.393104844475738,-0.30786499572753906,2.4111872893671453,0.4514,1.0
CRYM,0.9163,2.393104844475738,-0.18281771011352538,3.5811908630187315,0.46554,1.0
OXCT1,0.91624,2.39232277252718,0.05871596026420593,3.2647767640104814,0.51476,1.0
ARHGEF18,0.91614,2.391020449680858,-0.2598516619873047,2.4555507999123,0.45638,1.0
CCL13,0.91612,2.3907601544269013,0.6889033837890625,4.945484985032204,0.54688,1.0
POLR2B,0.9161,2.390499915548003,-0.8694488134765626,2.4985689245847205,0.37182,1.0
LBR,0.91608,2.3902397330170424,-0.6995073156738282,2.579278276840499,0.39076,1.0
NUMA1,0.91604,2.3897195368905435,-1.378840244140625,2.026314627064852,0.22452,1.0
ADPRM,0.91604,2.3897195368905435,0.07102116717815399,2.4213740323936226,0.50914,1.0
GGA2,0.91592,2.3881602980468606,-0.8526005346679687,2.257947842864488,0.35728,1.0
KBTBD6,0.91592,2.3881602980468606,-0.6734363049316406,4.258799019685599,0.4189,1.0
HSPB1,0.91586,2.387381436402825,0.890688544921875,2.436348876811099,0.6307,1.0
PLK3,0.91582,2.386862475471545,-1.2070968505859374,2.1049789483491304,0.2744,1.0
RAB27A,0.9158,2.3866030789747135,-0.3938662878417969,2.2603033776509895,0.44454,1.0
GSR,0.9157,2.385306935105876,-1.1531056225585938,2.1747972160723994,0.28682,1.0
RPIA,0.9157,2.385306935105876,-0.6635367175292969,2.800510162277883,0.40968,1.0
SOX13,0.91568,2.3850478738677405,-0.2813853984069824,3.603352328006636,0.462,1.0
INSIG1,0.91564,2.3845299187132305,-1.5138274072265625,1.5846189713160397,0.15032,1.0
ATP6V0A4,0.91564,2.3845299187132305,-1.0333069946289062,4.012856917362738,0.35576,1.0
TNKS,0.91564,2.3845299187132305,-0.35258119567871093,2.4045172487783324,0.44528,1.0
TRAPPC2,0.91562,2.384271024743476,-0.6386771142578125,2.7609096526560886,0.39676,1.0
ID2,0.9156,2.3840121864765,-0.7518522680664063,2.4339764362054535,0.3849,1.0
APP,0.9156,2.3840121864765,-0.26959947204589846,2.40617565868617,0.45382,1.0
IL36G,0.91558,2.3837534038856583,1.3623007958984374,3.4831810592466312,0.66502,1.0
COPS7B,0.91554,2.383236005625902,-0.6278010034179687,2.7788215384034456,0.41222,1.0
MRGBP,0.9155,2.382718829751437,-0.6086824780273438,2.5629505503920655,0.42222,1.0
FUNDC1,0.9155,2.382718829751437,0.15917665637969972,2.5599767720262188,0.5369,1.0
MAP2K5,0.91548,2.3824603251422816,-0.6726393908691406,2.9059706182661573,0.40218,1.0
ABCD4,0.91546,2.3822018760498,-0.6338783374023438,2.596591032806917,0.39958,1.0
BATF,0.91544,2.3819434824474777,-0.3561225915527344,2.7680860378729224,0.4454,1.0
WRAP53,0.91542,2.381685144308823,-0.6848925903320312,2.4685299093075175,0.39778,1.0
NTNG1,0.91542,2.381685144308823,-0.4354717993164062,3.8440667419658094,0.4411,1.0
BRF1,0.9154,2.381426861607364,-0.7865711791992187,2.355471095308622,0.36518,1.0
TLE3,0.91534,2.3806523458617006,-1.0790880200195312,2.2741304060330574,0.31166,1.0
ENOPH1,0.91534,2.3806523458617006,-0.8001484204101562,2.7715442808347177,0.3435,1.0
GNG3,0.91534,2.3806523458617006,0.7673278247070312,3.7239446913344287,0.58804,1.0
YEATS4,0.91532,2.3803942846446593,-0.403360419921875,2.384650954820841,0.43516,1.0
SCCPDH,0.9153,2.380136278732725,-0.7175271484375,2.4945869143580466,0.3677,1.0
COPZ2,0.9153,2.380136278732725,-0.5547184448242187,3.5609234704773987,0.42276,1.0
METTL22,0.9153,2.380136278732725,-0.524141875,2.2804100898048985,0.40728,1.0
WASL,0.9153,2.380136278732725,0.20758472621917726,2.494401502340393,0.53796,1.0
TIFA,0.91524,2.37936259256405,0.3479755517578125,2.444395156955519,0.55882,1.0
EGLN1,0.9152,2.3788470778276762,-1.084412919921875,2.494025702562829,0.31136,1.0
KIF2A,0.91518,2.3785894031934522,-0.5892682788085938,3.1013303919894533,0.41144,1.0
VPS45,0.91516,2.3783317836801974,-0.9693724047851563,2.4015731360006076,0.3469,1.0
ACADM,0.91516,2.3783317836801974,-0.24199423889160157,2.7436977285851434,0.47908,1.0
ECI2,0.91514,2.3780742192616806,-0.72441873046875,2.597849956690589,0.3481,1.0
CA2,0.9151,2.377559255604031,-0.42753600341796877,2.2721670154832676,0.42504,1.0
ADARB1,0.91506,2.377044512011022,-0.9959372314453125,2.80510782152773,0.31748,1.0
HMGB2,0.91502,2.3765299882734716,-0.978150556640625,2.427842720936868,0.3304,1.0
TMEM129,0.91502,2.3765299882734716,-0.8398985620117188,2.7773410302840733,0.35692,1.0
BRAF,0.91494,2.375501599529488,-0.5778818591308593,2.344054617340424,0.40326,1.0
TTC37,0.91494,2.375501599529488,0.3865976062011719,2.4038384071635357,0.5531,1.0
APOO,0.91494,2.375501599529488,0.1865957943725586,2.476444176540726,0.53886,1.0
HDAC6,0.91492,2.375244639427122,0.06042396019935608,2.4731866502050703,0.5135,1.0
PRKD3,0.91476,2.3731909285577664,-1.0417911889648437,2.292697763041984,0.30986,1.0
CA13,0.91476,2.3731909285577664,-0.3509100036621094,2.4617949183697467,0.44122,1.0
MMRN1,0.91476,2.3731909285577664,-0.020202815113067627,3.4322246012533926,0.4882,1.0
NDUFAF2,0.91474,2.3729344605538776,-0.7744306323242187,2.6878225148806165,0.39164,1.0
DPH7,0.91472,2.3726780470981264,-1.0342425317382813,2.6459720757005996,0.29926,1.0
JOSD1,0.9146,2.37114071042943,-0.938072607421875,2.219730033997316,0.31568,1.0
MAPK8,0.91456,2.3706287000895636,-0.4051494494628906,2.4127231352780965,0.4354,1.0
ECE1,0.9144,2.3685828293329045,0.851190263671875,1.908565330138113,0.69768,1.0
ZNF354B,0.9144,2.3685828293329045,-0.5900732360839843,2.459399678617198,0.3956,1.0
TRPM7,0.9144,2.3685828293329045,-0.4317602667236328,2.419739616231463,0.42964,1.0
NPRL2,0.91436,2.3680719032703648,-0.6048009838867188,3.7829216331282436,0.3949,1.0
RRM2,0.91434,2.3678165213426,0.15918156602859498,3.8337624381489372,0.50336,1.0
ATF2,0.9143,2.367305919566647,-0.22129622863769532,2.364147666734934,0.46292,1.0
MTMR9,0.91426,2.366795533727103,-0.6444763793945313,2.406139364566196,0.39356,1.0
CXCL16,0.91422,2.3662853636205843,-0.6093831555175782,3.0483476283917224,0.39118,1.0
ZNF773,0.9141,2.364756145669564,-0.5568053649902344,2.982032145233447,0.40278,1.0
GPX1,0.91408,2.364501464215598,-1.1407140600585937,1.8439201318701113,0.26158,1.0
PIK3CG,0.91406,2.3642468364669513,-0.07966415564775467,2.5162949708087545,0.48802,1.0
GPI,0.91404,2.363992262398387,-1.1061560424804688,2.4768801888343726,0.31688,1.0
TSPYL2,0.91404,2.363992262398387,-0.6919280102539063,2.497504896241661,0.37598,1.0
LEO1,0.914,2.3634832752006427,-0.3750270684814453,2.613473867276553,0.45342,1.0
FECH,0.91394,2.362720196374712,-0.15115211471557619,2.2844356761637017,0.47644,1.0
SLC1A7,0.91378,2.3606876729433965,-0.07468854153633117,3.866738943769436,0.48254,1.0
OAT,0.91374,2.3601800758719573,-0.8437201196289063,2.4172506925254225,0.32334,1.0
GATA1,0.9137,2.359672691915192,-0.5258374096679688,3.0272392633645895,0.41324,1.0
CA5B,0.9137,2.359672691915192,-0.3228320245361328,2.446711487102924,0.4417,1.0
ZFP14,0.91368,2.359419079792473,-0.723735947265625,3.023588951200713,0.36324,1.0
RNU12,0.91364,2.3589120151338268,0.1619222020149231,2.763721585340298,0.52738,1.0
OCRL,0.91356,2.3578985234674366,-2.541933896484375,3.085975489558166,0.17184,1.0
ABHD5,0.91354,2.35764528324992,-0.8727526171875,2.165911993531505,0.34106,1.0
ADAMTS17,0.91354,2.35764528324992,0.86144880859375,4.28610052927453,0.56564,1.0
NDE1,0.91354,2.35764528324992,-0.5429590075683594,2.5050827683445176,0.41622,1.0
RRN3,0.9135,2.3571389618802274,-0.4330606787109375,2.4276055693042315,0.4181,1.0
SYNE1,0.91348,2.3568858806785324,-0.16385386795043946,3.0586251500298594,0.47582,1.0
HTT,0.91346,2.3566328524326225,-0.4235244030761719,2.392963098858604,0.43112,1.0
HAS1,0.9134,2.355874085182509,-2.2175909619140626,2.5096134408534043,0.15598,1.0
ANAPC5,0.91334,2.355115793645677,-0.9213907836914063,2.596350052292841,0.3482,1.0
TRIAP1,0.91324,2.35385302975258,-0.5501405163574219,3.180094796112529,0.42952,1.0
CRY2,0.91316,2.3528437666713202,-0.40973666015625,2.3781264968350615,0.45072,1.0
GIPR,0.9131,2.3520873713509483,-0.3088569061279297,3.7444959280638943,0.45464,1.0
HAUS6,0.91306,2.3515833702901427,-0.3545098089599609,2.3936090041780886,0.4452,1.0
POLD3,0.91304,2.35133144843239,-0.20666871856689453,2.3107044324966504,0.4613,1.0
PRMT3,0.91302,2.3510795789905865,-0.21352060638427733,2.9830749336924622,0.49042,1.0
TNIK,0.913,2.3508277619403852,-0.5118721081542968,3.0436177126622153,0.41774,1.0
PIM1,0.91294,2.350072624896218,-0.07719838427305221,2.7044063255228736,0.48816,1.0
NUP160,0.91292,2.3498210171693295,-0.15048902717590332,2.332741979418941,0.47062,1.0
PSMD3,0.91288,2.3493179585017194,-0.657012275390625,2.2596095026267333,0.38788,1.0
CHN2,0.9128,2.3483124676329314,-0.18881293884277345,2.3481754981728487,0.47156,1.0
PIGK,0.91272,2.347307810763298,-0.44849569274902346,3.430692448484063,0.44402,1.0
TNFAIP8L1,0.91266,2.346554864494292,-1.6001689404296875,1.947620018659731,0.16952,1.0
MAP3K1,0.9126,2.345802385831812,-0.8058615966796875,2.256224553415365,0.35592,1.0
SLAMF6,0.91248,2.344298828734557,0.2686167501831055,3.292625798795859,0.55068,1.0
ZNF677,0.91242,2.3435477490071706,-0.5635248083496094,2.949104880308945,0.4106,1.0
SOD2,0.91232,2.342296982524602,0.40146715209960937,3.184162183885273,0.578,1.0
SIRT5,0.91226,2.3415471414257794,-0.28588572601318357,2.8166837243866083,0.45666,1.0
USP28,0.91216,2.340298435522051,0.4541941223144531,2.322483496989,0.58292,1.0
PCYT2,0.91198,2.338053998626363,-0.4722831628417969,3.054621879223949,0.42364,1.0
NDUFAF7,0.91198,2.338053998626363,-0.4023256457519531,2.6280968474571145,0.4683,1.0
ZNF614,0.91194,2.337555798108817,-1.0255850415039063,2.2488544328487405,0.31742,1.0
KPNA1,0.91192,2.337306774514098,-0.13819037033081055,2.2932033416335074,0.47602,1.0
RUVBL2,0.9119,2.3370578019974864,-0.49331103881835936,2.814570508739735,0.4313,1.0
CXCR4,0.91186,2.336560010104883,-0.9791251684570312,2.997958269774029,0.35432,1.0
AGK,0.91184,2.336311190682085,0.5979485705566406,2.2428671981836152,0.60754,1.0
IL12RB1,0.91176,2.335316422602233,-0.3783118475341797,2.448451816630057,0.43546,1.0
ALG3,0.91166,2.334074107378595,-0.7228244189453125,2.955496946898503,0.4088,1.0
GPR18,0.91166,2.334074107378595,-0.44798336730957034,3.665956528629531,0.41362,1.0
P2RY10,0.91164,2.3338257967512144,-0.5406937548828125,3.918275583044246,0.40798,1.0
MLLT3,0.91164,2.3338257967512144,-0.3535388070678711,3.5289351704015517,0.42526,1.0
B4GALT7,0.91152,2.332336997958061,-0.49647029052734376,2.381932818079142,0.423,1.0
PABPC1,0.91146,2.331593282143632,-0.6688312365722656,2.458780775503423,0.38398,1.0
RALGAPA1,0.9113,2.329612262186547,-0.7589020361328125,2.6527728830574095,0.37694,1.0
MYLIP,0.91126,2.3291175112487905,-0.05361995597839356,2.405764086069304,0.48904,1.0
USP30,0.91124,2.3288702112613615,0.45901901000976564,2.224884935054149,0.58544,1.0
SLC30A5,0.91122,2.328622961564345,-0.7200819409179687,2.3599124856167997,0.39486,1.0
MAN1A2,0.91116,2.327881513986916,-0.791464404296875,2.3142207523226888,0.36018,1.0
IFT74,0.91114,2.327634465222769,0.05239110487699509,2.2995848080288903,0.50566,1.0
ZNF611,0.9111,2.327140518199954,-0.7029425463867187,2.2033100186306296,0.365,1.0
WDR83,0.9111,2.327140518199954,-0.5390766235351563,2.436168856759612,0.41616,1.0
SUCLA2,0.91106,2.326646771699072,-0.4327196203613281,2.6214632944928105,0.429,1.0
ACTL6A,0.91104,2.3263999735874,-0.68850677734375,3.07517861199585,0.41716,1.0
BRF2,0.91102,2.3261532255378965,-0.6126320812988282,2.644007851520295,0.40192,1.0
POLR2C,0.911,2.325906527527819,-0.50559123046875,2.4281983675887346,0.41828,1.0
PLIN2,0.91096,2.32541328153506,-1.360468037109375,1.5567471819030665,0.16562,1.0
MRPL48,0.91096,2.32541328153506,-0.6332916613769531,3.0221233338611313,0.38468,1.0
ZNF33B,0.9109,2.3246737872740013,-0.6764051000976562,2.993923776261159,0.3911,1.0
FCN1,0.91088,2.324427389023798,0.4263788427734375,3.9285913044146863,0.58772,1.0
CDK7,0.91086,2.324181040654269,-0.707914716796875,2.294295527735289,0.37592,1.0
BHLHE40,0.91082,2.323688493466775,-0.5936476831054688,2.234669116705202,0.3868,1.0
RNF216,0.91076,2.3229500462256323,-0.7275974243164063,2.479970540683776,0.37042,1.0
MTMR12,0.91074,2.322703996665699,-0.5500380737304688,2.3868599338900003,0.42024,1.0
TNRC6B,0.9107,2.3222120466913188,-0.374188720703125,2.480663349360622,0.44958,1.0
DCUN1D4,0.91068,2.321966146231865,0.19076202117919921,2.7649125720288383,0.55162,1.0
ATG16L1,0.91064,2.321474494256016,-0.5802958154296874,2.5118517682493318,0.41592,1.0
WDR61,0.91054,2.3202462321035293,-0.6277764660644531,2.4481923197406035,0.39808,1.0
TRIM37,0.91032,2.317548407284849,-0.5936347985839844,2.441157894634256,0.42004,1.0
KLC1,0.9102,2.3160793802743878,-0.8350454516601562,2.186249122692605,0.33936,1.0
CAPN7,0.9102,2.3160793802743878,-0.78568244140625,2.3424574426864546,0.3634,1.0
CLASP1,0.91018,2.3158347144888305,-0.5918835205078125,2.2624416281547526,0.39532,1.0
NCAPH2,0.91018,2.3158347144888305,-0.48458295532226564,2.400170225904277,0.4206,1.0
SLC35B3,0.91014,2.3153455301896213,-0.615550126953125,2.2334411759705004,0.39378,1.0
TNS4,0.91014,2.3153455301896213,-0.5112981567382813,3.5496002492239933,0.4577,1.0
SENP5,0.9101,2.3148565421057357,-0.4798034680175781,2.3166297329479097,0.41598,1.0
GSS,0.9101,2.3148565421057357,-0.4660309423828125,2.3441602650505335,0.41944,1.0
ZNF669,0.91002,2.313879153878335,-0.7446576977539062,2.1333456730760023,0.35886,1.0
LPCAT3,0.90986,2.311926724259014,-0.6031346264648437,2.246431934170077,0.40116,1.0
MRPL17,0.90984,2.311682890144668,0.980174384765625,2.399293078598742,0.69516,1.0
MRPL35,0.90982,2.31143910475472,-0.8206954028320312,2.4514853662795684,0.3515,1.0
ETS1,0.90982,2.31143910475472,-0.48015279357910157,3.7418299716857373,0.41544,1.0
RBM28,0.9098,2.3111953680673265,-0.6108811975097657,2.777986737706425,0.41544,1.0
CBLB,0.90976,2.3107080407128864,-0.6599170349121094,2.8219516800215696,0.3749,1.0
ARAP2,0.90974,2.3104644500022236,0.5742879943847656,2.5435133179765885,0.59346,1.0
ELMO1,0.90974,2.3104644500022236,-0.00627022668838501,2.350998412551522,0.50238,1.0
TIMP1,0.90968,2.3097339694750616,-0.7797187744140625,3.5195398036819006,0.35462,1.0
MRPL12,0.90964,2.309247225243426,-0.8040351513671875,2.400573376083242,0.36116,1.0
PLA2G7,0.90964,2.309247225243426,-0.37894778381347655,4.061873401555968,0.43764,1.0
TBC1D1,0.90962,2.309003925898362,1.2332468603515625,1.7097145611626998,0.80634,1.0
UPF3A,0.9096,2.308760675038195,-0.82529837890625,2.4139089853764095,0.35916,1.0
B3GNTL1,0.9096,2.308760675038195,-0.7815914501953125,2.324108275799094,0.37058,1.0
DUSP1,0.90956,2.308274318685822,-0.5637880517578125,2.130938633202838,0.40208,1.0
RAD1,0.90944,2.3068164110138087,-0.30611400695800783,2.573596131248134,0.46712,1.0
ZNF211,0.90936,2.3058454386587033,-0.9730890161132812,2.037542012872296,0.29468,1.0
GLRX5,0.9093,2.305117715610776,-1.0112423608398438,2.462510822657549,0.2871,1.0
NT5C,0.90928,2.304875237569369,-0.950871044921875,2.32844639519663,0.34194,1.0
QDPR,0.90928,2.304875237569369,-0.09787469398498536,2.7381463808334088,0.48382,1.0
TSR1,0.90924,2.304390425819642,-0.4698384997558594,2.7455274081660366,0.44614,1.0
GIT2,0.90918,2.3036635687063205,-0.7705144848632812,2.1860398445713134,0.35918,1.0
CNOT6L,0.90916,2.3034213790526,-0.46824306518554687,2.77696024765604,0.42668,1.0
ZNF268,0.90908,2.302453100121469,-0.5394103796386719,2.5312320518179607,0.40262,1.0
RBFOX2,0.90882,2.2993114799816934,-0.5821121716308594,3.37455055886361,0.42454,1.0
LNPEP,0.90878,2.298828869398921,0.7328642358398437,2.2501078689660927,0.64564,1.0
EXOSC4,0.9087,2.297864219100378,-1.0752127465820311,2.008640697569198,0.3017,1.0
SUCLG2,0.9087,2.297864219100378,-0.2264111557006836,3.383003366483217,0.47132,1.0
DGKD,0.90862,2.296900328834338,-0.9393473315429688,2.2122859114509486,0.33488,1.0
PARP1,0.9086,2.2966594748651983,-0.5283393981933594,3.161853420168174,0.41836,1.0
PRNP,0.90848,2.295215345653118,-0.3996494213867188,2.402415668261898,0.4621,1.0
ZNF429,0.90832,2.2932924864559867,-0.8728838989257812,2.5702088861661374,0.3226,1.0
KAT6A,0.9083,2.293052341245749,-0.9694372973632812,1.9575344121926637,0.30106,1.0
TOPORS,0.90824,2.2923321880351635,-0.3542146112060547,2.6111725801990078,0.46066,1.0
WDR46,0.90822,2.292092231035842,-0.697717294921875,2.671997597735522,0.37582,1.0
AK9,0.90818,2.2916124580191464,-0.4786599072265625,2.7092403848210127,0.41508,1.0
EIF5A2,0.9081,2.2906534753341417,-0.5071251123046875,2.595112661511771,0.39728,1.0
PWP2,0.90806,2.290174265335225,-0.4041119763183594,2.5300811759091486,0.43432,1.0
MAP3K8,0.90806,2.290174265335225,0.00777506534576416,2.3253841243335733,0.49504,1.0
POLR2A,0.90804,2.2899347305994495,-0.3504807763671875,2.240440164710286,0.43806,1.0
THOC1,0.90796,2.2889770596003363,-0.37339114685058594,3.05721029594647,0.45828,1.0
CENPC,0.90794,2.2887377587337108,-0.5133457592773437,2.7278211633830978,0.41778,1.0
ZNF700,0.90786,2.2877810221837636,-0.6928885107421875,2.4112800599072837,0.39134,1.0
MOCS1,0.90782,2.287302933771741,0.17383605560302734,3.258804499806621,0.50616,1.0
FLI1,0.9078,2.2870639594598177,-0.5879938647460937,2.5766667451966314,0.37412,1.0
EIF3B,0.90774,2.286347315855124,-0.9527256103515624,2.4563511479756905,0.36328,1.0
SH2D1A,0.90772,2.2861085276958684,-0.38239764373779295,4.426886410567113,0.42818,1.0
ELP4,0.90764,2.2851538397267745,-0.421228642578125,3.1288891837874013,0.43544,1.0
RBBP7,0.90758,2.2844383110814994,-0.7979287548828125,2.6169868458496146,0.36364,1.0
AP4B1,0.90758,2.2844383110814994,-0.52711953125,2.3828166679818823,0.42514,1.0
GABARAPL1,0.90754,2.2839615237425446,-0.731029951171875,1.9883638245479363,0.35778,1.0
ZNF675,0.90754,2.2839615237425446,-0.6390343615722657,2.7539052006670777,0.4084,1.0
UTP14A,0.90748,2.283246689965421,-0.6770531640625,2.4505485373945786,0.3819,1.0
NFYB,0.90748,2.283246689965421,-0.19894542602539061,2.286202610798051,0.4665,1.0
TUBB2A,0.90742,2.282532272380093,0.477436220703125,2.273527735942145,0.59234,1.0
BCDIN3D,0.9074,2.2822942255777297,-0.867322548828125,2.7460748967356636,0.32104,1.0
DET1,0.9074,2.2822942255777297,-0.4679205029296875,2.5201828067623446,0.428,1.0
ZNF14,0.90736,2.2818182704410335,-0.49419063720703127,3.49868649304234,0.41122,1.0
MDM4,0.90732,2.2813424997940035,-0.3890810461425781,2.312787208110886,0.43436,1.0
FOXP1,0.90726,2.2806291893893174,-0.49172316650390624,2.3614129789621447,0.39668,1.0
ZNF583,0.90722,2.2801538792622633,-0.8814249267578125,3.123138361246582,0.32748,1.0
XPOT,0.90722,2.2801538792622633,-0.8649158618164062,2.9172053201828945,0.35502,1.0
HERC1,0.90722,2.2801538792622633,-0.7187931420898438,2.209761501054098,0.37194,1.0
CASP8,0.90722,2.2801538792622633,0.7142440063476563,2.1323113265061573,0.63234,1.0
ACTR1B,0.9072,2.2799162931813326,-0.942391708984375,3.275948576790394,0.32394,1.0
LIAS,0.90716,2.2794412588844244,-0.5813067761230468,2.9915534364746734,0.42182,1.0
POLR2K,0.90712,2.278966408273949,-0.08932660739898682,2.3075560866744036,0.5061,1.0
CDKN2D,0.90706,2.278254476420292,0.7447348706054687,1.9602979265370624,0.65208,1.0
AGPS,0.90706,2.278254476420292,-0.26258029388427734,2.1669683620746283,0.45232,1.0
CD96,0.90694,2.276831849360539,-0.6529917651367187,3.9815415656550206,0.38346,1.0
APOBEC3G,0.90692,2.2765949049243503,0.6868523583984375,2.533303285629507,0.63592,1.0
COQ9,0.90672,2.2742279698191266,-0.6513680395507813,2.427348872359621,0.38288,1.0
AUH,0.90672,2.2742279698191266,-0.588351337890625,3.1617298234731903,0.39234,1.0
FBXL20,0.9066,2.2728099932719514,-0.718812255859375,2.2717189843709447,0.37064,1.0
ZNF25,0.9066,2.2728099932719514,-0.5893731323242187,2.45216087629627,0.41848,1.0
KLHL20,0.90656,2.272337697562235,-0.643471748046875,2.5476558212765417,0.38292,1.0
ORAI1,0.90646,2.271157751165185,-1.0274443041992187,2.3991729040741485,0.3304,1.0
MAPKAPK5,0.90636,2.2699789354906477,-0.18717520790100098,2.469373179286287,0.49046,1.0
ING2,0.90632,2.2695077252757714,-1.1325873828125,1.8025210426944902,0.258,1.0
ZNF440,0.90632,2.2695077252757714,-0.6445912585449218,2.1674948817776882,0.3884,1.0
BIRC3,0.90622,2.2683304885112374,0.009226257245540619,2.4439410197892437,0.48832,1.0
GYPC,0.9062,2.268095176220859,-0.5365193542480469,2.8680109325244487,0.37684,1.0
HBS1L,0.90618,2.267859908905993,-0.667133359375,2.4442464239124964,0.38816,1.0
DDB1,0.90616,2.267624686547238,-0.8060662573242188,2.1378185529566878,0.3587,1.0
DIMT1,0.90612,2.2671543766205122,-0.643272275390625,2.852320974201539,0.40524,1.0
ELL,0.90608,2.2666842462857084,-0.7171093334960937,2.1973479497809483,0.37304,1.0
LEMD2,0.90596,2.2652749312860903,-0.4495898913574219,2.2257405245702433,0.4232,1.0
SEMA4D,0.90588,2.264336283080372,-0.6454844763183594,2.2639946948550946,0.38232,1.0
SLC35A2,0.90586,2.264101732743392,-0.7007254296875,2.075586439419416,0.36888,1.0
CAPN10,0.90582,2.263632765992291,-0.8400922265625,2.059135094165876,0.33578,1.0
METTL21A,0.90582,2.263632765992291,-0.8323036889648437,2.2246676461309365,0.35068,1.0
EHMT1,0.90578,2.2631639776771095,-0.55347125,2.3812368899806438,0.41888,1.0
ZNF426,0.90578,2.2631639776771095,-0.40031459594726565,2.495580828883394,0.42134,1.0
COPRS,0.90564,2.2615246215453033,-1.317854619140625,1.7914497946836854,0.188,1.0
CD55,0.90562,2.261290605712465,-0.5726738452148438,2.0340425225184195,0.39002,1.0
FGD3,0.9056,2.261056634297463,-0.29692344543457033,2.143998965766428,0.4394,1.0
TBC1D13,0.90558,2.260822707281252,-0.28596046691894533,2.420569936686554,0.47062,1.0
PJA1,0.90552,2.260121192435058,-0.30692097900390625,2.3225673263230786,0.4604,1.0
PDS5A,0.90546,2.2594200764934245,-0.5675368774414062,2.2894018814474904,0.40792,1.0
NUDT5,0.90544,2.259186459736426,-0.95816494140625,2.4487296618407486,0.3436,1.0
IP6K1,0.90542,2.2589528872262727,-0.6761459423828124,2.1747946752378735,0.36882,1.0
FCF1,0.9054,2.2587193589440253,-0.12504126983642577,2.1766378561026047,0.4825,1.0
GATA2,0.90536,2.2582524349875555,-0.07512634643554687,3.5194779798744653,0.47988,1.0
MED9,0.90532,2.257785687715742,-0.7808540600585937,2.24588940991704,0.36512,1.0
HACL1,0.90526,2.2570858977613204,-0.6680555151367188,2.5055701175284764,0.4013,1.0
ZNF770,0.90526,2.2570858977613204,-0.5644219372558594,2.5331452907885765,0.40128,1.0
STAG1,0.90522,2.256619591540596,-0.7018747583007813,2.202397115446933,0.37046,1.0
ZC3H8,0.90512,2.2554545963454307,-0.6134105334472656,3.2062278291562407,0.41208,1.0
RNF139,0.90506,2.254756126721657,-0.614183662109375,2.0523263218946606,0.38776,1.0
ZNF398,0.90504,2.2545233913167984,-0.6693935656738281,2.6360904053784324,0.41148,1.0
RIF1,0.90504,2.2545233913167984,0.2096051351928711,2.5645707341740502,0.54618,1.0
LTV1,0.90496,2.2535928882137637,-0.2839535403442383,3.1433844836300207,0.47414,1.0
FOXO3,0.90494,2.2533603719736885,-0.6370373937988282,1.978448124654491,0.37048,1.0
LMBRD1,0.9049,2.2528954708057434,-0.5872064135742188,2.291159030289267,0.396,1.0
ABHD17B,0.90488,2.2526630858405996,-0.56441962890625,2.3557107709588587,0.40414,1.0
SRPK1,0.90488,2.2526630858405996,-0.4740188037109375,1.9848886741397997,0.4016,1.0
USP47,0.90486,2.2524307445965133,-0.7112904833984375,2.2221097996066863,0.33442,1.0
PREB,0.90486,2.2524307445965133,-0.5958151550292968,2.264303727716296,0.40384,1.0
IDH1,0.90486,2.2524307445965133,-0.2241553436279297,2.2202243884454664,0.45356,1.0
COL11A2,0.90482,2.251966193197098,0.05784431106567383,3.5524002686197735,0.51146,1.0
TRNT1,0.90472,2.2508055785160264,-0.2959922003173828,2.337168271950861,0.45854,1.0
PILRB,0.90472,2.2508055785160264,0.10138293342590332,2.649510272560518,0.55358,1.0
BLMH,0.90464,2.2498778711881857,0.5046930639648437,2.2215559829553087,0.6807,1.0
BAG3,0.90464,2.2498778711881857,-0.08331369724273682,2.293214689689562,0.49152,1.0
HLA-DRA,0.9046,2.2494142785895015,-0.4647093811035156,3.757117448156151,0.4172,1.0
SACM1L,0.90456,2.2489508598373296,-0.408087578125,2.4472659564077976,0.42582,1.0
SLC25A37,0.90454,2.2487192156075824,-0.5378095349121094,2.072782636284524,0.40036,1.0
SIKE1,0.90454,2.2487192156075824,0.11362630470275879,2.3501837902674434,0.52556,1.0
ZNF92,0.90442,2.2473302611180905,0.2523242886352539,2.575180297890997,0.56154,1.0
PPIP5K2,0.90436,2.246636368617992,-0.6231256604003906,2.256453037354883,0.41038,1.0
TSNAX,0.9042,2.24478788988369,-0.34523555908203124,2.7813535877049267,0.45498,1.0
SMC2,0.90406,2.243172733797172,-0.5762232531738282,2.9272032508653667,0.3924,1.0
SNRNP48,0.90398,2.24225073315084,-0.7379751586914063,2.3363683693591413,0.37388,1.0
TPST2,0.90392,2.241559683129262,-1.2106352734375,1.604033562696175,0.20318,1.0
MMGT1,0.90386,2.2408690186765527,-0.8246935620117187,2.101225461232724,0.33842,1.0
CHPT1,0.90378,2.2399487316714715,-0.9978011083984375,2.018440126864084,0.2831,1.0
ASXL2,0.90378,2.2399487316714715,-0.7130707543945313,2.065673364034949,0.37148,1.0
NEDD1,0.9037,2.2390291281038297,0.6629655603027343,2.510287148554171,0.62598,1.0
INTS10,0.90358,2.2376510016839464,-0.6943749462890625,2.8268846237781906,0.3553,1.0
MAP3K3,0.90352,2.236962512945651,-0.81729552734375,2.0540034159423035,0.33472,1.0
CDIPT,0.9035,2.2367331016873426,-0.87662771484375,1.969060318290891,0.3014,1.0
DCAF16,0.90346,2.2362744065454025,-0.689917705078125,2.124089387993943,0.3819,1.0
MRPL45,0.9034,2.2355866820020314,-0.6346078088378906,2.6550351558806096,0.397,1.0
ZNF600,0.9034,2.2355866820020314,-0.2348281301879883,2.772515668501246,0.45526,1.0
PHF21A,0.90338,2.2353575252616222,-0.758108046875,2.0722224778862723,0.35616,1.0
ZNF227,0.90336,2.2351284108786205,-0.29745990478515627,3.0224397849225557,0.44216,1.0
AP3M1,0.90326,2.233983473703651,-0.36240269775390627,2.199830450562768,0.43156,1.0
MIS18BP1,0.90318,2.233068284588919,-0.5390980456542969,2.3438371142776684,0.40564,1.0
MLH3,0.90318,2.233068284588919,-0.5201779455566407,2.335986668101987,0.41528,1.0
SLC4A4,0.90304,2.2314683269033897,1.9783312939453126,3.0992634171519957,0.77108,1.0
TRMT11,0.903,2.231011574913603,-0.3645081512451172,3.1320826517452196,0.43882,1.0
ZNF43,0.90298,2.2307832619603944,-0.2685720700073242,2.701346210299502,0.4446,1.0
CHCHD4,0.90296,2.230554991011576,-0.3131726928710937,2.8267641983706153,0.45712,1.0
STX10,0.90294,2.2303267620496117,-0.9597103002929688,2.0555597927052816,0.32038,1.0
RANGRF,0.90294,2.2303267620496117,-0.8234597290039063,2.6876575485255394,0.37186,1.0
MAFA,0.90284,2.2291862464295837,-2.398046259765625,3.073850228910657,0.1955,1.0
HSPA14,0.90282,2.2289582690210845,-0.5951379260253906,2.3508083070855537,0.4001,1.0
NAPG,0.90274,2.228046777856658,-0.17924959579467772,2.1835245600364663,0.47012,1.0
UAP1,0.9027,2.227591283112149,-0.8175249194335937,2.1578654270870548,0.37066,1.0
ZSCAN25,0.90268,2.227363598388388,-0.5157260192871094,2.6738758687178286,0.42564,1.0
BACE1,0.90254,2.225770973139155,-0.047902981352806094,2.9933382793091585,0.50174,1.0
PIGX,0.90242,2.2244074892310723,-0.7801227685546875,3.690645225014194,0.32508,1.0
LOXL2,0.90236,2.223726307995464,-2.044956826171875,2.837352015860132,0.1986,1.0
ZNF169,0.90236,2.223726307995464,-0.8829495263671875,2.3885837439488506,0.33086,1.0
PTK6,0.90234,2.2234993305380626,-0.6480964001464844,3.155037836766727,0.41542,1.0
NUS1,0.90234,2.2234993305380626,-0.27269982299804685,2.1790878346023215,0.4542,1.0
BTN2A2,0.90204,2.2200996328934104,0.14483290092468262,2.194567817012268,0.5323,1.0
CASP3,0.90202,2.2198733165553817,0.6208754187011719,1.957956684534963,0.62908,1.0
RGS10,0.90198,2.2194208073863964,-0.7969936083984375,1.8242157365307463,0.33034,1.0
GYG1,0.90192,2.218742352145364,-0.3547181884765625,2.280735028973972,0.43868,1.0
COQ5,0.90172,2.2164835029329533,-0.32146337463378905,2.5198740260899566,0.44362,1.0
HIBCH,0.90164,2.215581109965768,0.04021399580001831,2.5957716937558852,0.50542,1.0
MSMO1,0.9016,2.215130158667358,0.1613688954925537,3.784611971507781,0.53432,1.0
SRF,0.90158,2.214904744255535,-0.8386054516601562,1.9708224949502975,0.32242,1.0
ZNF514,0.90158,2.214904744255535,-0.4113138403320313,2.195434628930583,0.4268,1.0
ARID5B,0.90148,2.2137782838981273,0.03798416653156281,2.2097819542036614,0.50658,1.0
MAD1L1,0.90144,2.2133279849027985,-0.7897999487304688,2.0653412877138124,0.3424,1.0
NOL9,0.90144,2.2133279849027985,-0.5420889672851562,2.934672685376976,0.44224,1.0
ELP2,0.9014,2.212877848647958,-0.8643385546875,3.108892103769561,0.35036,1.0
INTS8,0.90132,2.211978063824765,-0.8209621533203125,2.5057745906337376,0.37452,1.0
RRM1,0.90122,2.210854245831404,-0.546945771484375,2.869886065017279,0.3726,1.0
GFM1,0.90116,2.210180441188532,-0.4540374145507812,2.641322545963109,0.43128,1.0
BTN3A3,0.90096,2.2079370525700224,0.5749989147949218,2.2523263576627084,0.61282,1.0
NAA30,0.90096,2.2079370525700224,0.10692610927581787,2.1613025293931867,0.53066,1.0
CFP,0.90084,2.206592954205921,-0.6560879699707032,3.5500037441490426,0.35704,1.0
TRAK2,0.90082,2.2063690785646446,-0.09754307273864746,2.0706393980916746,0.48564,1.0
PPP3CA,0.90078,2.205921447779366,-0.9195179809570313,2.049436761201832,0.31414,1.0
EPB41,0.90066,2.2045795182209353,-0.6345708923339843,2.5632409632587123,0.3871,1.0
FH,0.90056,2.2034623448440933,-0.5581024633789062,2.1772319007734104,0.4084,1.0
CBX1,0.90054,2.2032390301096862,-0.5507715905761719,2.868435309321825,0.41164,1.0
DDX20,0.90054,2.2032390301096862,-0.4981158642578125,2.7789508790402255,0.42098,1.0
EED,0.90052,2.203015755317569,-0.08569643829345704,2.2706985406811087,0.49408,1.0
BMS1,0.9005,2.2027925204514633,-0.7286908471679687,2.4760832227160963,0.3535,1.0
ELOVL5,0.90046,2.20234617043222,-0.17616730072021483,2.231510783107647,0.47,1.0
PER1,0.90034,2.201008076908772,-1.0212851489257813,1.8577099488237245,0.25566,1.0
RIOK1,0.90034,2.201008076908772,-0.3355065576171875,2.9656131780242116,0.45876,1.0
CSRP1,0.9003,2.2005623641466383,-1.0163783715820311,1.9418934677667719,0.28902,1.0
DOK2,0.90014,2.198781101709893,-0.9267461938476562,2.0620595287239847,0.29936,1.0
ZNF568,0.90006,2.1978914218527947,-0.4764230407714844,3.159126293421102,0.41886,1.0
GPR183,0.90004,2.197669100814378,-0.46670992431640623,2.4019072237262464,0.44368,1.0
EZR,0.90002,2.197446819314199,-0.32972584106445313,2.3122063433919213,0.43458,1.0
UTRN,0.9,2.1972245773362196,1.0550412255859376,1.5660681242321477,0.76844,1.0
PRMT7,0.89996,2.196780211882764,0.03547188702583313,3.0466621379356833,0.51524,1.0
C1orf35,0.8999,2.1961139597187285,-0.9166864404296875,3.1174982885813023,0.2956,1.0
EBP,0.8999,2.1961139597187285,-0.68469142578125,2.731328784457373,0.3673,1.0
RICTOR,0.8999,2.1961139597187285,0.33727981018066405,2.0645390502000063,0.56392,1.0
CSTF2,0.89986,2.1956699887669364,-0.47012814819335935,2.481673864311653,0.44096,1.0
FANCL,0.8998,2.195004327756308,-0.5867713854980469,2.019641140711501,0.38106,1.0
PCM1,0.89972,2.194117330518005,-0.8527038696289062,2.122016167380951,0.32994,1.0
MED16,0.89964,2.1932309618047494,-0.606596083984375,2.1646830201240945,0.37514,1.0
TPD52,0.89948,2.19146010589324,-0.536428740234375,3.667410363862089,0.41698,1.0
ASPSCR1,0.89946,2.1912389249878497,-0.9172061254882813,1.91449908376216,0.29264,1.0
SRPK2,0.89938,2.190354591979267,-0.434167431640625,2.1980934851428824,0.42002,1.0
SPATA13,0.89934,2.1899126596223457,0.035412412128448485,2.407114918444588,0.50926,1.0
RALGAPB,0.89928,2.1892500534174495,-0.91744140625,1.954786517397238,0.31828,1.0
NAA35,0.89928,2.1892500534174495,-0.691563759765625,2.2652726225468056,0.37826,1.0
COA4,0.89924,2.1888085106513997,-0.5466764855957031,2.4491392891374577,0.4231,1.0
LGR6,0.89922,2.188587797632508,-1.9712564794921874,3.1406330537007294,0.23564,1.0
OGT,0.89922,2.188587797632508,-0.744983154296875,2.040321532328331,0.36096,1.0
NDUFAF4,0.8992,2.1883671235021582,-0.09363830649375915,3.514259239209521,0.49024,1.0
RPAP2,0.89916,2.1879258918445,-0.7144512622070313,2.7209595546124956,0.40064,1.0
IQGAP2,0.8991,2.187264335631164,0.7097684008789062,1.909266327391408,0.66032,1.0
MPHOSPH10,0.89904,2.1866031285709844,-0.5394842712402343,2.837221073568844,0.40416,1.0
CLEC2B,0.89898,2.1859422702432014,0.804152314453125,1.7912727129370354,0.7012,1.0
UBE2D4,0.89894,2.1855018915574527,-0.5126017590332032,2.4989140577230873,0.3993,1.0
HSPD1,0.8989,2.185061667552928,0.00796089225769043,2.094376670017409,0.4948,1.0
UVRAG,0.8988,2.1839617834578093,0.27740002258300783,2.2210669524258937,0.55516,1.0
LYZ,0.8988,2.1839617834578093,-0.2103825842666626,4.100430902027222,0.47286,1.0
CSAD,0.89874,2.183302315866919,-0.3744127801513672,2.2652383833364147,0.43004,1.0
C2CD3,0.8987,2.1828628634096905,-0.5592168811035156,2.2984492044667544,0.42642,1.0
SHPRH,0.89868,2.182643194915802,-0.18805988483428956,2.458205901293383,0.46036,1.0
CSTF2T,0.89866,2.182423564891182,-0.383937861328125,2.238930151332336,0.42756,1.0
GOLGB1,0.8986,2.181764905478976,-0.18743426635742189,2.211275697917676,0.47314,1.0
NFRKB,0.89856,2.1813259912684213,-0.7392893188476563,2.3384145926127,0.37854,1.0
ADAT1,0.89856,2.1813259912684213,-0.2900324090576172,2.3636001221936285,0.45906,1.0
SERINC4,0.89856,2.1813259912684213,0.17592226209640502,3.4916796009691216,0.53026,1.0
SEC11C,0.89852,2.180887230565888,-0.0556695378112793,2.5203054332319783,0.49828,1.0
FPGT,0.8985,2.180667907741771,-0.34860272277832033,2.0986631089330516,0.43648,1.0
ZNF775,0.8985,2.180667907741771,0.1585919388961792,4.326927506186364,0.57024,1.0
CDK13,0.89846,2.1802293770712002,-0.6431800891113282,2.123600512948644,0.3775,1.0
ZNF555,0.89846,2.1802293770712002,-0.551254833984375,2.113679003141527,0.38476,1.0
UBE2G2,0.89846,2.1802293770712002,-0.45557861083984375,2.7254852715218876,0.43042,1.0
RHOT1,0.89846,2.1802293770712002,0.01256143367767334,2.174296205149545,0.50904,1.0
CTR9,0.89842,2.1797909996020977,-0.707511787109375,2.2176014414525773,0.36488,1.0
KMT2A,0.8984,2.1795718682798517,-0.5440018737792969,2.2465115118875674,0.39968,1.0
SMG6,0.89838,2.1793527752120965,-0.7528005078125,2.1522346238052186,0.3607,1.0
MRPL4,0.89824,2.1778201935817063,-0.6201723022460938,2.8901047719538697,0.39148,1.0
MT1G,0.8982,2.1773826565372154,1.5673316455078126,3.0790016310875465,0.70616,1.0
ARC,0.89816,2.1769452719013724,1.8293301513671876,3.339714864623386,0.69538,1.0
PDHX,0.89816,2.1769452719013724,-0.37983551330566406,2.2828334578135725,0.43902,1.0
ZNF354A,0.89812,2.1765080395527443,-0.9166895971679687,2.424576369815772,0.33234,1.0
PDK3,0.89808,2.176070959370036,0.11150582118034363,2.0977362721438313,0.51892,1.0
RNF126,0.89804,2.1756340312320996,-0.7220929541015625,2.6195126141993246,0.3584,1.0
GDE1,0.89802,2.1754156241421017,-0.865147353515625,1.8673122704300587,0.3304,1.0
E2F6,0.898,2.175197255017929,-0.5869484484863281,2.338603678127344,0.41078,1.0
SRRT,0.89798,2.1749789238444786,-0.5390258544921875,1.9272371677728761,0.40226,1.0
TDP1,0.89782,2.173233638873378,-0.6874555725097656,2.902449004969815,0.375,1.0
HAUS2,0.89782,2.173233638873378,-0.3212615643310547,2.0028474362733393,0.43958,1.0
GOLGA3,0.8978,2.1730156485782284,-0.5942043078613282,2.128211252448941,0.39632,1.0
DPM2,0.8978,2.1730156485782284,-0.10101546033382416,1.9018384680130358,0.49168,1.0
ADK,0.89778,2.17279769608325,-0.4175463708496094,2.3609230287583647,0.45234,1.0
EIF2AK1,0.8977,2.1719262638050627,-0.7253525927734376,1.8545431659678622,0.3055,1.0
NOP58,0.89766,2.17149077407725,-0.4102288067626953,3.183254676257392,0.45142,1.0
CHID1,0.89764,2.171273085763788,-0.7086799926757813,2.730259226047694,0.3696,1.0
CES2,0.89764,2.171273085763788,-0.44216099731445313,2.0717063185747726,0.41802,1.0
ZNF626,0.89762,2.171055435130691,-0.16307868759155272,3.0965478178979273,0.48386,1.0
ELP5,0.8976,2.170837822163024,-0.8988366870117187,2.0980169610075956,0.31078,1.0
ZNF263,0.89756,2.1704027091642777,-0.6073154211425781,2.2194259601355624,0.40404,1.0
SEPSECS,0.89756,2.1704027091642777,-0.5428046594238282,2.055525037510558,0.39332,1.0
TNFAIP1,0.89756,2.1704027091642777,-0.4585714099121094,2.134011388386018,0.41156,1.0
CST3,0.89756,2.1704027091642777,0.43073944091796873,3.8025321511593004,0.60514,1.0
SLC38A1,0.89754,2.1701852091033684,-0.4360425408935547,3.7246042244906494,0.42646,1.0
AASDHPPT,0.8974,2.1686637608052135,-0.5021547497558594,2.294671720009233,0.4267,1.0
MRPS25,0.89732,2.167795187142165,-0.32724636108398436,2.551842512731201,0.439,1.0
CD300A,0.89726,2.167144150092272,-0.543599140625,2.544364324946756,0.3872,1.0
ST3GAL1,0.89722,2.1667103124073015,-0.7068437158203125,1.921574734795744,0.34862,1.0
MSI2,0.89722,2.1667103124073015,-0.704495458984375,2.4599045323806052,0.3713,1.0
NDUFV1,0.89716,2.166059836106936,-0.824278515625,2.738272548482491,0.3375,1.0
TPM1,0.89712,2.1656263718860536,-0.9851963452148438,1.6735301349384746,0.27588,1.0
EIF2B5,0.8971,2.1654096957252342,-0.6278965771484375,2.164306427977916,0.36528,1.0
ENTPD4,0.89696,2.1638940056203797,-0.7385782763671875,1.860367899496051,0.34248,1.0
STT3A,0.89694,2.163677627289399,-0.5057827319335938,2.016419303268399,0.39304,1.0
ACAT2,0.89686,2.162812485446637,-0.5870236950683594,2.2381187643427882,0.35098,1.0
TAF8,0.8968,2.1621640187104885,-0.135075517578125,2.448546251385912,0.48902,1.0
CUL2,0.89676,2.161731892879786,-0.20740237655639648,2.334041432890333,0.47712,1.0
ZNF264,0.89674,2.161515885518728,-1.0032610473632813,1.8805900018926325,0.29832,1.0
RPP14,0.89672,2.1612999151744523,-0.6054035229492187,1.9615173177114509,0.38844,1.0
TERF1,0.89672,2.1612999151744523,-0.4829661926269531,2.1007278418141593,0.42028,1.0
INPP5K,0.89664,2.1604364036742956,-0.5345247058105469,1.973549716972573,0.38612,1.0
ZNF160,0.89658,2.1597891580132815,-0.7343585668945313,2.1895950893680913,0.31852,1.0
TSEN15,0.89636,2.1574187623010412,-0.1141392420578003,2.9041280168253554,0.4778,1.0
HPGDS,0.89634,2.1572034925207206,-1.0611868139648437,3.499106767571853,0.36062,1.0
BTN3A1,0.89632,2.156988259467779,0.47350243286132815,2.506910397870136,0.5828,1.0
SIAH2,0.89624,2.15612769424228,-0.041209487166404726,2.060467452756924,0.50282,1.0
NCR3LG1,0.8962,2.1556976316202543,-0.22305683898925782,1.9895314358109852,0.4525,1.0
TRMT13,0.89612,2.1548379457841813,-0.355221149597168,3.251643233217455,0.443,1.0
HSCB,0.89612,2.1548379457841813,-0.18448737884521485,2.052370709714426,0.47374,1.0
RHOT2,0.8961,2.154623115784992,-0.7949697314453125,2.045066443639,0.33556,1.0
SPIDR,0.8961,2.154623115784992,-0.2354452001953125,1.9611734497214899,0.45652,1.0
ZNF606,0.89606,2.154193565438341,-0.6517883984375,3.1315747350434218,0.40888,1.0
ZNF184,0.89602,2.153764161198813,-0.28299053375244143,3.4285912214868235,0.4528,1.0
PTCD3,0.89598,2.153334902952306,-0.7476480200195312,2.9923974464003567,0.3906,1.0
AK3,0.89596,2.1531203285408145,-0.23501424751281738,3.281565291808695,0.48428,1.0
ELL2,0.89586,2.1520480030318745,-0.5137001208496094,2.0504811740696613,0.3862,1.0
ZNF273,0.89584,2.1518336471403234,-0.04938351511001587,2.2285525621671187,0.48808,1.0
SPOPL,0.8958,2.1514050444539334,-0.6945026171875,1.9772153273372157,0.35144,1.0
ACAD9,0.89558,2.149050325094899,-0.7448276391601563,2.041461125327729,0.3511,1.0
CFD,0.89542,2.1473405531834,0.05526660181045532,3.5814290063778067,0.51448,1.0
JUN,0.89536,2.1466999843281735,-0.8494256176757813,1.927915372244362,0.32476,1.0
TIA1,0.89534,2.1464865334596714,0.9572521728515625,1.6527765010238338,0.7269,1.0
ERCC1,0.89528,2.145846396908127,-1.0391465209960937,1.868726148492059,0.29356,1.0
SMUG1,0.89526,2.145633090029043,-0.643977158203125,2.1020656511498106,0.3735,1.0
ISCA1,0.89524,2.145419819112418,-0.5145265783691406,2.57171656137039,0.392,1.0
GLO1,0.89522,2.1452065841443058,-0.6489143933105469,2.5331966729000546,0.39038,1.0
NR3C1,0.89518,2.144780221997894,-0.19465258697509766,2.574890535308521,0.47864,1.0
ZNF738,0.89514,2.1443540034784254,-0.8116647021484374,1.8408294748365241,0.31586,1.0
PPWD1,0.89502,2.143076208569741,-0.8857356494140625,2.560233135285398,0.32278,1.0
CEP57,0.89496,2.142437794544134,-0.6864184716796875,2.599231048794657,0.34024,1.0
UTP18,0.89484,2.141161931482023,-0.7065300952148438,2.2642349205276724,0.37174,1.0
CUTC,0.89482,2.140949412568421,-0.7534813427734375,2.791492881366051,0.32634,1.0
MTMR6,0.89482,2.140949412568421,-0.4538533215332031,2.012575807586705,0.40534,1.0
COL6A3,0.89476,2.1403120697178193,0.12461900749206543,3.546797689884735,0.48488,1.0
POP5,0.89468,2.139462777813961,-0.7312661242675781,3.361943049255322,0.35776,1.0
DDX42,0.89466,2.139250543775628,-0.6358627661132813,2.0545863253832914,0.37206,1.0
SMC6,0.89456,2.138189906524138,0.04648750358581543,2.176725600919385,0.50474,1.0
SOCS4,0.89442,2.136706504114924,-0.7717607250976563,1.8621697018346943,0.33652,1.0
CPSF7,0.89428,2.1352248355059693,-0.697487646484375,1.8360647925535778,0.34096,1.0
FTL,0.89412,2.133533616994736,-0.6735506762695312,2.546317736997262,0.3013,1.0
PPP2R2D,0.89392,2.1314227592732866,-0.8012191015625,1.8935871506203525,0.3243,1.0
APPL1,0.89386,2.1307901859582024,0.3035355712890625,2.194759931510101,0.54104,1.0
ZNF12,0.89382,2.1303686454640305,-0.7598326635742187,2.0177246203776686,0.35694,1.0
PANK3,0.8938,2.130157927691513,-0.06289291097640991,2.026030611414728,0.48984,1.0
ICAM2,0.89368,2.1288943548576036,0.498732158203125,2.0773357956314027,0.61336,1.0
SBF1,0.89364,2.1284734431357353,-0.08026144930958748,1.9986158232961444,0.48384,1.0
MED27,0.89352,2.1272115441457147,-0.3000700573730469,2.0879526669861046,0.45316,1.0
ELP3,0.8935,2.1270013494500026,-0.6478098461914062,2.330344458186915,0.41278,1.0
MRPS23,0.89348,2.126791189519625,-0.5486796899414063,2.63487070369488,0.39432,1.0
HVCN1,0.89336,2.125530959267084,-0.22652829711914063,2.676097199218818,0.46062,1.0
PGS1,0.89328,2.1246914993947366,-0.7332191870117187,2.0290010422044205,0.36038,1.0
UNC13B,0.89322,2.1240622680449808,0.002980045967102051,3.0505897909176567,0.49856,1.0
PDS5B,0.89316,2.123433347918059,-0.5997375964355469,1.9656839123206173,0.38448,1.0
AMFR,0.89296,2.121339190660205,-0.3617635882568359,1.8321717194977012,0.4155,1.0
BAZ1B,0.8929,2.120711615069468,-0.5462774206542969,2.1914749829229256,0.39942,1.0
DDOST,0.89284,2.1200843488144034,-0.544733076171875,2.3641210453634933,0.39778,1.0
VPS52,0.8927,2.118621928548664,0.018268545989990233,1.926416965425849,0.511,1.0
ADAM8,0.89266,2.1182044025465423,-0.7820001904296875,1.9042797781976017,0.32454,1.0
SEC24C,0.89262,2.1177870134027836,-0.23119669921875,2.0177808650776425,0.4544,1.0
DDRGK1,0.8926,2.1175783701204045,-0.7841725122070312,2.1540993972624416,0.30036,1.0
CEP135,0.8926,2.1175783701204045,-0.5806696740722657,1.9022059627008543,0.38646,1.0
CXXC1,0.89258,2.11736976101377,-0.7425661303710938,2.115928942124345,0.35592,1.0
IDI1,0.89254,2.116952645275996,-0.2995868310546875,2.240673813143852,0.445,1.0
MAGED2,0.89246,2.1161188233407384,-0.6417898168945313,2.5422335757334995,0.30954,1.0
HAUS3,0.89242,2.1157021169368226,0.12160574520111084,2.6280695207728684,0.55378,1.0
DFFA,0.89224,2.1138286225841734,-0.7055066430664062,2.1753633464525346,0.38276,1.0
CSTF3,0.89214,2.1127889810281064,0.13077035369873047,2.060813207809998,0.53154,1.0
ADO,0.89212,2.112581154408228,-0.7967580810546875,2.0197665826910054,0.35238,1.0
YAF2,0.89212,2.112581154408228,-0.4693615380859375,2.2802484360611572,0.40434,1.0
TRIM28,0.89206,2.1119578777013435,-1.0086372827148438,1.8988040880328114,0.2852,1.0
COX19,0.89198,2.1111273156392345,-0.7539349291992188,1.948457832059657,0.34182,1.0
BRD1,0.89184,2.109675131998929,0.05939494490623474,1.9978805235105301,0.51852,1.0
MRS2,0.89164,2.1076034464558373,-0.4442724694824219,2.94175402412999,0.41558,1.0
PHB2,0.89156,2.1067757127075275,-0.8540413720703125,2.110405714573565,0.3306,1.0
PDCD7,0.89154,2.1065688630833965,-0.6857867822265625,2.8495797670355425,0.3548,1.0
FNTA,0.8914,2.10512185301262,-0.1996679750061035,2.075493184178031,0.45144,1.0
RNF19A,0.89134,2.1045022072739945,0.27967686401367187,1.910162005915952,0.55666,1.0
DCLRE1C,0.89128,2.1038828619081724,0.3785493896484375,2.163494936454797,0.59032,1.0
CEP63,0.89126,2.103676480144139,-0.02507590117931366,1.8163206358749122,0.48842,1.0
ZNF571,0.89124,2.1034701317049356,-0.216051923828125,5.671270987449389,0.45214,1.0
SLC25A1,0.89116,2.102645070947277,-0.5199066296386718,1.9939201795446218,0.3919,1.0
PTTG1,0.8908,2.0989388720724085,0.17309259216308595,1.8647341019417523,0.53966,1.0
TXN,0.8907,2.0979112752553313,0.8607546826171875,1.9930797779699099,0.67994,1.0
GALNT7,0.89066,2.0975004674636204,-1.1181090063476562,1.8023893928232482,0.24408,1.0
RHOH,0.89066,2.0975004674636204,-0.19134575309753418,3.484975134141424,0.47422,1.0
SLC39A6,0.89058,2.096679247229049,-0.32661099670410154,2.1206110657044595,0.44844,1.0
ZNF649,0.89054,2.0962688345901994,-0.3103712554931641,2.012207135177029,0.43916,1.0
PPIH,0.89046,2.095448403780207,-0.45779557739257815,2.726907350388173,0.42562,1.0
PUS3,0.89032,2.0940139134111107,-0.11377226318359375,2.2228763858608027,0.49774,1.0
STX17,0.8901,2.09176295455531,1.0658205810546875,1.6014549764931336,0.76364,1.0
SRSF1,0.88998,2.0905368231162638,-0.6105449645996094,2.044354780192472,0.38184,1.0
OXA1L,0.88992,2.089924196860567,-0.7481090258789063,2.0199683665356654,0.3285,1.0
ZC3HC1,0.8896,2.086661789653322,-0.4025621911621094,1.883864426222701,0.42368,1.0
TIMM22,0.88946,2.0852370906058786,-0.5166504821777343,2.642445661908777,0.40654,1.0
MALT1,0.88944,2.0850336911858,-0.3620088671875,1.8839983039733603,0.42274,1.0
MED11,0.8894,2.0846269889883615,-0.5208185119628906,2.3446661566607965,0.3933,1.0
XBP1,0.88938,2.0844236861872907,0.31854846252441404,1.9118491672596605,0.58998,1.0
ENAH,0.88938,2.0844236861872907,-0.30606781372070313,3.2526905979844947,0.43926,1.0
ZNF567,0.88932,2.0838139708325425,-0.5999587536621094,2.8804701360787806,0.38214,1.0
IRAK4,0.8892,2.082595407776858,0.11736087934494019,2.047746388509972,0.54002,1.0
GTF3C5,0.88916,2.0821894768279305,-0.42910208740234373,2.2418858969959756,0.4186,1.0
TIMM10B,0.88912,2.081783674090018,-0.6231856408691406,2.3018409982518926,0.37748,1.0
BAG5,0.88912,2.081783674090018,-0.5093746728515625,1.9652133614288843,0.40034,1.0
NUDT2,0.88892,2.0797565802746694,-0.07693647575378418,2.2541901342857233,0.46566,1.0
U2AF1L4,0.8888,2.0785418565089384,-0.7132853833007813,1.9836662161971599,0.33004,1.0
ZNF250,0.88876,2.0781372034464733,-0.2961267352294922,2.5430008056049296,0.4583,1.0
ITGA4,0.88876,2.0781372034464733,0.07068990269660949,2.6748688066836555,0.5007,1.0
ATF1,0.88874,2.0779349246489147,-0.4426108264160156,1.9833973704216665,0.4175,1.0
MED22,0.88854,2.0759138841360767,-0.6975845581054687,1.960803457349894,0.36384,1.0
MIS18A,0.88848,2.075308190481084,-0.27179448181152344,2.9368145652912454,0.4495,1.0
HCFC1,0.88842,2.0747027817313,-0.0649812516784668,1.9601636858210463,0.49506,1.0
PDE4B,0.8884,2.0745010420730616,0.16891006866455077,2.0335005979031546,0.53844,1.0
GSPT1,0.88836,2.074097657574886,-0.46499986450195313,2.464318255004955,0.41898,1.0
STRAP,0.88832,2.073694399424268,-0.7008513110351563,1.9185919159165405,0.35904,1.0
APOE,0.88806,2.0710762948139383,-1.60129826171875,3.2743631075109874,0.30502,1.0
TAGAP,0.88802,2.070673981340317,0.674297880859375,2.084203442316106,0.64802,1.0
OFD1,0.88798,2.0702717934343253,-0.08853031652450562,3.118714052938097,0.50882,1.0
UTP3,0.88796,2.0700707465406585,-0.5418440832519531,2.0679272365949197,0.37742,1.0
FABP3,0.88784,2.0688651232913107,-1.31743201171875,3.491720492258965,0.36112,1.0
ALDH9A1,0.88776,2.0680620003981027,-0.7724753247070313,2.203117539363258,0.32344,1.0
FBXO9,0.8877,2.067459986329877,-0.771086376953125,1.825378122873396,0.3227,1.0
GLTP,0.88766,2.067058799686634,-1.17498005859375,1.557402499516672,0.17154,1.0
PACSIN1,0.88766,2.067058799686634,-0.16205067245483398,3.377674370016955,0.47388,1.0
RPS4X,0.8876,2.0664572535988475,-0.6520222985839844,2.3362416917908466,0.36948,1.0
EMB,0.88734,2.0638537899401648,-0.31853804626464843,3.4589237224560767,0.46836,1.0
GPC1,0.8872,2.0624540969721985,-2.1570073388671873,3.7134034522857995,0.26986,1.0
CITED2,0.88718,2.0622542646388538,0.01480460217475891,1.931136139828397,0.49582,1.0
TRAPPC13,0.88704,2.0608563033764975,0.06095212310791016,2.09541543949625,0.53014,1.0
GRPEL1,0.887,2.060457163597239,-0.5782489868164062,2.278700682549608,0.3942,1.0
KIF13B,0.88692,2.0596592537594063,-0.5337881604003907,1.8951922763322702,0.37866,1.0
TTF1,0.88692,2.0596592537594063,-0.34245120849609373,1.8860894387518954,0.44418,1.0
ARFRP1,0.88686,2.0590611445370266,-0.7586578759765625,1.6383752267013594,0.30784,1.0
PDHA1,0.88682,2.058662558773013,-0.4766497985839844,2.399116306380559,0.4314,1.0
PPT1,0.88676,2.058064910482053,-0.7422145971679688,1.6825266765021631,0.32234,1.0
IP6K2,0.88668,2.057268475626241,-0.5149562097167969,1.8552246996141695,0.37826,1.0
RPL32,0.8865,2.0554782885928047,-0.3644646771240234,2.2750550841348063,0.43042,1.0
RAB3GAP2,0.88648,2.055279531776283,-0.09270337236642838,1.831255879572989,0.48506,1.0
CLP1,0.88638,2.0542862054325903,-0.6555620373535156,1.9711249978065273,0.37168,1.0
TRAF3,0.88636,2.054087631635017,-0.8328885205078125,1.7354504333304748,0.29396,1.0
MRPL10,0.88626,2.0530952194019103,-0.46999553344726563,2.860817801855725,0.40476,1.0
MRPL46,0.88624,2.0528968282298634,-0.3660310314941406,2.528196212454808,0.43808,1.0
FEM1C,0.88616,2.0521035674270798,0.8882994604492187,1.5703693261518934,0.7555,1.0
KRAS,0.88612,2.051707119204638,-0.49436594848632814,1.81075509337844,0.39112,1.0
GPR132,0.88612,2.051707119204638,-0.4556932263183594,1.9211942066280843,0.402,1.0
ELP6,0.88606,2.0511126743502226,-0.47179546264648436,2.747970298270378,0.43276,1.0
OPA1,0.886,2.0505185022105854,-0.4690893969726562,2.0024167358799727,0.39952,1.0
UBXN7,0.88598,2.0503205053834317,-0.978532421875,1.8500771686089736,0.28766,1.0
DENND4C,0.88592,2.0497266964086718,-0.4015234118652344,1.8624985750092806,0.40752,1.0
PCF11,0.8859,2.049528820549957,-0.2387744107055664,1.8941009533330608,0.45404,1.0
AP3B1,0.88588,2.0493309749063453,0.142082684173584,2.1164200110568268,0.5375,1.0
PDCD4,0.8858,2.048539894267188,-0.05598066846847534,3.3270829872157264,0.50026,1.0
GFM2,0.88566,2.047156663941135,0.03005957221031189,2.1917625381598786,0.53158,1.0
HSPE1,0.88564,2.04695918003865,0.06360543027877807,1.9768329270590057,0.5119,1.0
SAP130,0.88554,2.0459722114407835,0.2689210852050781,1.8180118816677873,0.56572,1.0
CTSA,0.88552,2.045774907829173,-1.0524228540039062,1.4381414749583132,0.20132,1.0
ATP11B,0.88552,2.045774907829173,-0.8649014111328125,1.8809537277598283,0.30896,1.0
GPR27,0.88544,2.0449859933862258,-1.73367859375,2.531516401563601,0.21538,1.0
RPS3,0.8854,2.044591716017401,-0.6760647412109375,2.3886153360271067,0.3532,1.0
IMMT,0.88526,2.0432126879984853,-0.5104978552246093,2.0662036222408173,0.40314,1.0
RPS14,0.88516,2.0422285643748017,-0.38967876037597654,2.3174381765201617,0.4314,1.0
WIPI1,0.88484,2.0390843719588463,-0.17658486541748047,1.8784340537505877,0.4609,1.0
CTCF,0.88476,2.0382995115732316,-0.6406221154785157,2.2728992198849425,0.35662,1.0
ADA,0.8845,2.0357519836379914,-0.42632035888671876,1.8131332149388042,0.3973,1.0
GNPDA1,0.88432,2.0339912296744984,-0.5917630053710937,1.8561339538025121,0.3639,1.0
POP7,0.88428,2.0336002744589736,-0.7125656079101562,2.0480403220331453,0.34064,1.0
DIDO1,0.88408,2.0316472582680998,-0.643361083984375,1.7486386172280781,0.3367,1.0
ITGB2,0.88406,2.031452117725935,-0.67293759765625,1.7572339462929758,0.34772,1.0
KPNA6,0.88406,2.031452117725935,-0.6402097058105469,1.8492823696196243,0.3571,1.0
TMOD4,0.884,2.0308668715312788,1.8219055517578124,2.9082381378979374,0.75742,1.0
SDCCAG8,0.88398,2.0306718479093995,-0.5419470373535156,1.7962151507233544,0.38524,1.0
PCK2,0.88392,2.0300869522289875,-0.0368363481760025,1.9323274319214592,0.49568,1.0
INTS4,0.8838,2.028917948278829,-0.6386649755859375,2.157148969790001,0.35808,1.0
RAD23B,0.88378,2.02872321623943,-0.6820780859375,1.7030539326675658,0.34024,1.0
ZRANB1,0.88374,2.0283338394563017,-0.41886889282226564,1.884153970515739,0.41558,1.0
PHKG2,0.8837,2.02794457899934,-1.0187046997070313,1.7365498195590108,0.24612,1.0
ZKSCAN1,0.88356,2.0265830822912037,-0.7943483837890625,1.717846057935767,0.31534,1.0
ZDHHC7,0.88354,2.0263886988024327,-1.100644248046875,1.4557546444866505,0.15884,1.0
GTF2A1,0.8835,2.0260000187539955,-0.457750654296875,1.8715739591543084,0.39478,1.0
ETHE1,0.88346,2.025611454543389,-0.47357186401367185,1.833977858991451,0.39492,1.0
PDE6A,0.88328,2.023864346916351,1.58193998046875,2.9563405112583077,0.70928,1.0
DEDD2,0.88324,2.023476418366435,-0.9814016674804688,1.377592486926125,0.17202,1.0
DCP1A,0.88324,2.023476418366435,0.4905543798828125,1.7593725588312483,0.60962,1.0
REL,0.88298,2.020957689930728,-0.5984404174804687,2.1013370474624726,0.35616,1.0
EIF5A,0.88284,2.01960346177264,-0.11233496200561524,1.741297327757367,0.4713,1.0
ATRX,0.88268,2.0180574899056296,-0.5987558508300781,2.084215596754088,0.36908,1.0
ARHGEF4,0.88262,2.0174782217702933,0.5043305676269532,4.109449088548193,0.53738,1.0
CLINT1,0.88254,2.016706263464933,-0.6007857629394531,2.021293674219529,0.37668,1.0
MRPL1,0.88252,2.016513345109751,-0.020100913972854614,3.265679021104563,0.50952,1.0
DDR2,0.88216,2.0130456732960487,-0.4179968206787109,3.700994939298754,0.43672,1.0
YARS2,0.88202,2.011699612911733,-0.22678233489990235,2.6898206091291845,0.47186,1.0
TYROBP,0.88202,2.011699612911733,0.1412197763824463,4.070555971863179,0.54434,1.0
TSC22D1,0.88196,2.0111231534297205,-0.43548875854492186,1.900777793659349,0.39786,1.0
BBS7,0.8819,2.0105469476908184,-0.07819243185043336,1.9627489955117963,0.4837,1.0
SCO1,0.88182,2.00977906762912,-0.20681570678710937,1.877995304836689,0.4562,1.0
APOD,0.8811,2.002888323175948,0.024570996551513673,3.4027898676403696,0.50332,1.0
CTDSP2,0.88102,2.0021249153943415,-1.0228853149414063,1.514995699785265,0.19244,1.0
WDR33,0.881,2.0019341328246503,-0.5059468469238281,1.9735174605242505,0.38308,1.0
BTN3A2,0.88096,2.0015526508694603,0.061660842418670654,2.708281507111515,0.5256,1.0
NPLOC4,0.88092,2.001171279763115,-0.5483708374023437,1.7872902168416585,0.36514,1.0
TMX3,0.8808,2.000027830777221,-0.13381821382522582,2.080644706017795,0.4797,1.0
EXOC5,0.88054,1.9975537683339213,-0.2318064434814453,1.9215001771958307,0.45844,1.0
RNF138,0.88048,1.9969834919269418,0.7488057934570312,1.8450240251054824,0.67198,1.0
ARID4A,0.88024,1.9947048574502846,-0.730807744140625,1.5669309087336032,0.29004,1.0
ADAM21,0.87996,1.9920514313215418,2.2609545068359376,3.457810767516893,0.74788,1.0
TNFSF9,0.87996,1.9920514313215418,-1.291156708984375,2.978113748882359,0.30974,1.0
DDX6,0.87982,1.9907267221896507,-0.5676611999511719,2.241233608147251,0.35926,1.0
WBP11,0.87962,1.9888365899104892,-0.5431649487304687,1.8878726485911999,0.3678,1.0
SECISBP2,0.87962,1.9888365899104892,-0.33841157287597656,1.955213877946728,0.43894,1.0
ZNF493,0.87956,1.9882700788170369,-0.24487643157958985,2.7364429155624364,0.45586,1.0
PEX11B,0.8795,1.9877038112469028,-0.4315266577148438,2.0601635197373183,0.40498,1.0
ZNF708,0.8793,1.9858180082814705,-0.6200813024902344,2.6887063786888326,0.35766,1.0
KYNU,0.8792,1.9848761175886969,-0.20935405136108398,3.5118027030185934,0.46064,1.0
USP48,0.87878,1.98092750542156,-0.5466443957519531,1.9729959403822546,0.37178,1.0
THUMPD1,0.87878,1.98092750542156,-0.16220776870727538,2.2699230066628378,0.47262,1.0
GABPB1,0.87876,1.9807397706713763,-0.1311186817932129,1.8892583233582856,0.4707,1.0
FCER1G,0.87866,1.9798014971579387,-0.19013194747924805,3.71076414052554,0.46158,1.0
FBXL5,0.87862,1.9794263743622518,-0.5017510974121093,1.8420902583314136,0.3896,1.0
SRSF2,0.87844,1.9777396390105,-0.3838376867675781,2.0957252150727954,0.41942,1.0
VPS37A,0.87844,1.9777396390105,-0.30556634643554687,1.8345820285952823,0.43402,1.0
MBP,0.87838,1.9771778721337832,-0.6581422827148438,1.8468353330553444,0.3089,1.0
TNKS2,0.87836,1.976990669568627,0.1499880651855469,1.746305502045324,0.54188,1.0
TRAPPC10,0.87828,1.9762421243723651,-0.5232258569335938,1.7673248359265994,0.37322,1.0
HSD17B7,0.878,1.9736255489018601,-0.12316074447631836,2.216295752084441,0.48202,1.0
USP42,0.87788,1.9725057421679806,0.47779208984375,1.8006983921110975,0.62826,1.0
PEX19,0.87786,1.972319199823137,-0.40355456298828124,2.1636817679169775,0.39662,1.0
MCFD2,0.87766,1.970455221086717,-0.5675826416015625,1.7829427109634208,0.36416,1.0
UPF1,0.87766,1.970455221086717,-0.18402350189208985,1.875812230108966,0.46806,1.0
SNRPA,0.87762,1.970082740092657,-0.3708263439941406,1.9142764320094459,0.39032,1.0
LONRF1,0.8776,1.9698965388827951,-0.26939640869140624,2.501124838507001,0.43476,1.0
MRPL49,0.87756,1.9695242149936485,-0.2811614251708984,2.455674743997741,0.42332,1.0
ASB8,0.87754,1.9693380922968753,-0.3841351477050781,2.056623990689316,0.40676,1.0
NDEL1,0.87748,1.9687798810929127,-0.30408088806152345,1.8447283577552387,0.43704,1.0
PEX2,0.87738,1.9678500515173014,-0.4847785241699219,1.6469303410067568,0.38442,1.0
GLUL,0.87732,1.967292466847174,0.04916911302566528,2.153916054766415,0.50894,1.0
GLG1,0.8772,1.9661780008306908,-0.9434273950195312,1.6220872285081223,0.2254,1.0
CWC27,0.87678,1.9622847301281914,-0.37273901611328125,2.1961141732169582,0.44472,1.0
STX18,0.8767,1.9615444484242417,0.23484431945800782,1.9780799242280203,0.53826,1.0
ING5,0.8766,1.9606196765134218,-0.25425693969726565,1.8533043311264426,0.45422,1.0
CDC37L1,0.87654,1.9600651224067278,-0.5281253942871094,2.1748747390158094,0.37096,1.0
SRP68,0.87646,1.9593260769996985,-0.5710834423828125,2.0996916093036013,0.34578,1.0
MRPS30,0.87644,1.9591413798890986,-0.41032232421875,2.4706505114286648,0.39738,1.0
NFKBIA,0.87642,1.9589567084579405,0.033019609842300415,1.7630537661452608,0.51024,1.0
SLC25A26,0.87608,1.9558212148588903,-0.5212198156738281,3.0294547360043094,0.3973,1.0
ZNF791,0.876,1.9550845253313545,-0.5738237438964844,2.2000212007153186,0.39692,1.0
MZT1,0.87584,1.9536123694174052,-0.12172719215393066,2.006464469763842,0.4883,1.0
UBE2G1,0.87576,1.95287690195587,-0.529633671875,1.9529002645162028,0.36812,1.0
ELF2,0.87576,1.95287690195587,-0.2959731793212891,1.899954567243964,0.42566,1.0
ZNF3,0.87576,1.95287690195587,-0.2565426168823242,1.986623884871497,0.424,1.0
CDC40,0.87548,1.9503059618024774,-0.49421502197265627,1.9738897933657396,0.41202,1.0
UHMK1,0.87544,1.9499390895844446,0.01177020622253418,2.392246051157098,0.52166,1.0
MBD4,0.87542,1.9497556913684655,-0.5516794055175781,1.7720352219040107,0.38376,1.0
BDP1,0.87532,1.9488390788870227,-0.17560688522338866,1.9606234223542305,0.4742,1.0
MAFB,0.87518,1.9475568799811491,-0.031407357902526856,4.038521453576121,0.5073,1.0
DDHD1,0.87504,1.946275913507087,0.15897591598510744,1.704829648041065,0.54388,1.0
CPNE3,0.8749,1.9449961766393535,-0.36602683288574217,2.489226697775864,0.41056,1.0
CCDC59,0.87488,1.9448134572985292,-0.4994716638183594,2.0042960550235946,0.37538,1.0
NCOA3,0.87482,1.9442654494132592,0.20705986846923827,1.7619161460726152,0.55838,1.0
MED17,0.87482,1.9442654494132592,-0.15252994873046874,2.036674498582869,0.47256,1.0
CERS2,0.87476,1.9437176665619171,-0.4545649987792969,1.7920756906518773,0.41678,1.0
USP33,0.87468,1.942987639098131,0.37220965576171877,1.7034635934898177,0.60204,1.0
VPS72,0.87452,1.9415287810862092,-0.5225199780273437,1.8787611447356884,0.36796,1.0
IRF1,0.87448,1.9411643155608032,0.7422271411132813,1.518713777184638,0.71244,1.0
UPF3B,0.8743,1.9395254505906434,-0.3034367953491211,1.9019438139399665,0.43342,1.0
PDGFRA,0.8741,1.9377068445361407,0.3507762091064453,2.8456617640442903,0.55678,1.0
PTK2B,0.87408,1.9375251199783141,0.18259393722534178,1.8731932287026072,0.55576,1.0
NIP7,0.87402,1.9369800944951285,-0.36708151916503906,2.363845290353196,0.43206,1.0
ZNF26,0.87388,1.9357092317810318,-1.821787294921875,3.0371355229679393,0.26652,1.0
MED24,0.87388,1.9357092317810318,-0.2122125860595703,2.226995874043194,0.45212,1.0
CNTRL,0.87384,1.9353463498805044,0.4348244348144531,1.687554931383025,0.6088,1.0
USP34,0.8738,1.9349835664102228,-0.5824399340820312,1.8231783268423771,0.37172,1.0
TCP1,0.87372,1.9342582945048297,-0.2921479956054687,1.83823264991845,0.43028,1.0
ADCY1,0.87346,1.9319038720192154,-0.21168665420532226,3.4102695507641116,0.45422,1.0
ZNF720,0.87326,1.9300955912003805,-0.02793597343444824,2.0596627599934645,0.50044,1.0
EIF2B1,0.8732,1.929553582672663,-0.6813742919921875,2.1250029898860485,0.34822,1.0
HSPH1,0.87302,1.9279288713423253,0.05627257785797119,1.8933617507615506,0.51064,1.0
ESCO1,0.87298,1.927568091694901,-0.21005433975219726,2.5082933079850367,0.46042,1.0
PLEKHA2,0.87294,1.9272074091169655,-0.0019008120346069336,1.6718698744663067,0.49884,1.0
IL2,0.8729,1.9268468235458958,0.1320783473587036,3.0691274649477323,0.51686,1.0
SNRNP200,0.8728,1.9259457836128395,-0.8753984228515626,1.820471281620915,0.30664,1.0
INTS3,0.8726,1.9241455175514466,-0.649356796875,1.6587139597749336,0.32754,1.0
KREMEN2,0.8726,1.9241455175514466,-0.3266302084350586,3.26448444973516,0.45502,1.0
TGFB3,0.87256,1.9237857540186944,0.17546860041618348,3.589947013443302,0.50548,1.0
RUFY1,0.87248,1.9230665161358467,-0.5687962121582031,1.5756556825563066,0.35372,1.0
OSBPL6,0.87246,1.9228867668663239,0.4496814831542969,2.703337195652006,0.57892,1.0
AGGF1,0.8724,1.922347663416784,-0.6125369409179687,1.8568535950242837,0.35588,1.0
ZNF124,0.87222,1.9207316504920913,-0.1572227896118164,1.739879942734499,0.456,1.0
RECK,0.87212,1.9198347049282067,-0.5006464624023438,1.7572134325170616,0.37292,1.0
MCU,0.8721,1.9196553876481428,0.15672683547973632,1.7235289696424476,0.5424,1.0
ADD1,0.87192,1.9180426078925972,-0.3035513043212891,1.6367833517025,0.42344,1.0
CRNKL1,0.87186,1.9175054443497836,-0.4466457202148438,1.8383278781879848,0.39764,1.0
ISG20L2,0.87172,1.9162528966026566,-0.50669892578125,1.9111860037159196,0.39644,1.0
SF3B3,0.87172,1.9162528966026566,-0.38313899658203127,2.7031133376773835,0.4291,1.0
LSM2,0.8717,1.9160740563959398,-0.20705558822631837,2.6587447319723085,0.47952,1.0
ABCB6,0.87154,1.914644189954377,-0.013009357833862305,3.2729715830069854,0.49314,1.0
ZNF136,0.87152,1.9144655634369123,-0.1729619563293457,2.393025082291288,0.45616,1.0
VDAC3,0.87132,1.91268060080933,-0.43821554321289063,1.942600317900856,0.40794,1.0
TADA3,0.87124,1.9119672778164198,-0.8561150073242187,1.408476128441836,0.25208,1.0
MAP2K1,0.87122,1.9117890060863476,-0.7002788403320312,1.5615605347202284,0.31364,1.0
ZC3H11A,0.87122,1.9117890060863476,-0.40934500366210935,1.5886649262997508,0.39614,1.0
NBR1,0.87086,1.9085841419473608,-0.5908279650878906,1.6190210925407913,0.35312,1.0
VBP1,0.87082,1.9082285158786312,-0.4033188427734375,1.8588060697162292,0.41756,1.0
CALU,0.87056,1.9059192294274336,-0.648153984375,1.784994481576221,0.35586,1.0
SRSF3,0.87052,1.9055643051878224,-0.5209998107910156,1.8080105438971383,0.37646,1.0
PHIP,0.8704,1.9045000921835034,-0.22867924255371094,1.8129695736881,0.45038,1.0
UNKL,0.8703,1.9036138884730696,-0.2336209881591797,1.7880414372036106,0.43574,1.0
ZNF430,0.87008,1.9016662850307378,-0.5176739831542969,2.3605100942333768,0.39752,1.0
USP14,0.87004,1.901312476802314,-0.09236528617858887,2.030837112268091,0.48016,1.0
KDM3B,0.87,1.900958761193047,-0.5555217004394531,1.6707463292166342,0.35538,1.0
MRPL39,0.86978,1.8990149782987844,-0.30203886596679685,2.1444491899163736,0.42068,1.0
CD74,0.86972,1.8984853403588258,-0.1240863500213623,2.392419400011393,0.47206,1.0
ERAP1,0.86968,1.8981323636019554,0.09656528612613678,1.746267201677911,0.53736,1.0
OSBPL2,0.86956,1.8970739856678598,0.0364422296333313,1.725362660313036,0.51592,1.0
ZNF131,0.86934,1.8951357736480816,-0.13122721069335938,2.460376968948029,0.48164,1.0
TAGLN2,0.86932,1.8949597101046318,-0.5636580895996094,1.5405462097694989,0.3448,1.0
UBA5,0.86932,1.8949597101046318,-0.485285625,2.9671996364385156,0.43672,1.0
JMJD6,0.86928,1.8946076516915207,-0.5492039221191406,1.7538844954595294,0.35434,1.0
PHF1,0.86924,1.8942556847955259,-0.442859990234375,1.7673044832375333,0.38602,1.0
TBCB,0.86902,1.8923215001703684,-0.5757331311035156,1.711556025307196,0.34544,1.0
HDAC8,0.86898,1.8919701267370894,-0.48099124267578125,1.739391473448892,0.37316,1.0
EIF5B,0.86888,1.8910920915362064,-0.40654277282714846,2.5739878519805144,0.43068,1.0
EHHADH,0.86886,1.8909165527330927,-0.3351000456237793,3.5261234012259046,0.43534,1.0
ETFA,0.8685,1.8877607340633409,-0.6282838623046875,1.6355409451583227,0.35384,1.0
KANSL2,0.86818,1.8849617108088006,-0.30537732055664063,2.3471675260225138,0.43584,1.0
SVIP,0.86816,1.8847869633094056,-0.3794220538330078,3.393124510554784,0.39808,1.0
TXNL4A,0.86804,1.8837389501874922,-0.5609457629394531,1.7628603237245286,0.38782,1.0
CHD8,0.86778,1.8814710244082635,-0.40461616821289065,1.771776624411594,0.39904,1.0
HSP90AB1,0.86776,1.8812967252191932,0.3071323986816406,1.6789612738867181,0.58462,1.0
GCC2,0.86756,1.8795549610153608,-0.3921412432861328,2.250576126587147,0.39088,1.0
RALBP1,0.86726,1.8769464887660925,-0.4307271435546875,1.8421822961314713,0.37358,1.0
GAPVD1,0.86718,1.8762517395762377,-0.7925492260742187,1.6700139997632975,0.32544,1.0
RARA,0.86712,1.875730910202455,-0.2766380810546875,1.6785265479313636,0.44148,1.0
COQ7,0.86704,1.8750367807106663,-0.15483606475830078,1.7640468339880573,0.46008,1.0
VAMP4,0.86622,1.867942258179516,-0.21266244140625,1.8634282210064486,0.46422,1.0
ZNF33A,0.8662,1.867769681086398,-0.5798282055664062,2.1045263009162873,0.3579,1.0
DCAF7,0.86616,1.8674245923240747,-0.18685334259033204,1.6345772575148276,0.46348,1.0
YY1,0.86604,1.8663898489461785,-0.48761532470703123,1.7162261885506545,0.36284,1.0
BAZ2A,0.86602,1.8662174679038572,-0.01827476450443268,1.7600882096186423,0.4967,1.0
CRBN,0.86578,1.8641505899878772,-0.466799228515625,2.234557384117371,0.36728,1.0
FN3KRP,0.86578,1.8641505899878772,-0.2831410340881348,3.0126337403097976,0.42022,1.0
ACTR1A,0.86562,1.8627744056937316,-0.72491537109375,1.4149539178070911,0.28118,1.0
NLRC5,0.86562,1.8627744056937316,0.611409453125,1.4873255787196573,0.66682,1.0
ZNF701,0.86482,1.855914169119877,-0.4776131787109375,1.889787106984477,0.38632,1.0
GOPC,0.86478,1.8555720576605343,-0.08718404048919677,1.9266565031096237,0.48358,1.0
ANXA5,0.86468,1.8547171523773442,-0.27165209228515624,2.234520127309407,0.43434,1.0
TAOK1,0.8646,1.854033611755357,-0.3293313427734375,1.678770376792243,0.40984,1.0
PPM1A,0.86444,1.8526675516959754,-0.6494942358398438,1.3259044658835266,0.31158,1.0
SMNDC1,0.86406,1.8494285989188546,0.10749284553527833,1.7398334081626117,0.53342,1.0
MRPS28,0.86386,1.8477269506177938,-0.2696786877441406,2.420212301651262,0.4467,1.0
ARL1,0.86376,1.846876916084452,-0.41715465637207033,2.3511158837703214,0.4237,1.0
SYCE2,0.86354,1.8450086882302217,1.85419330078125,3.1628780493247652,0.75768,1.0
DNAJB1,0.8633,1.8429735115115728,-0.23604160583496095,1.6648183949155617,0.42942,1.0
PGRMC1,0.86328,1.8428040492481432,-0.4371100537109375,1.7048584458763933,0.3951,1.0
CPNE1,0.8629,1.8395882229459932,-0.17808179489135742,2.3790104296383974,0.45106,1.0
SERPINB1,0.86278,1.838574256640519,0.7661639575195313,1.1148595926356646,0.86078,1.0
TAF7,0.8625,1.8362112317988892,-0.3168999072265625,1.780271632509642,0.42114,1.0
HERPUD1,0.86228,1.8343574054349103,-0.19313077026367187,1.871717568951339,0.45812,1.0
IFNB1,0.86218,1.8335155796407936,1.995942041015625,3.0478763447122295,0.77398,1.0
DHX15,0.86216,1.8333472760689025,-0.1453647329521179,2.1178663931555053,0.48918,1.0
PUM1,0.862,1.8320015855064884,-0.2584839447021484,1.705330683411385,0.43408,1.0
WHAMM,0.86192,1.831329231597106,-0.0664252725124359,1.9789882589027086,0.47382,1.0
RNF146,0.86166,1.8291463381281436,0.051835886878967286,1.6114272787860597,0.51904,1.0
DCPS,0.8614,1.8269668858642079,-0.08431165765762329,3.1834408194017088,0.48778,1.0
PPIL4,0.86124,1.8256273891284318,-0.486071357421875,1.7038965158324408,0.39482,1.0
MED30,0.86124,1.8256273891284318,-0.3170884539794922,1.55961309249775,0.42598,1.0
MBD1,0.86098,1.8234534676818812,-0.39019592651367185,1.789383775810897,0.40158,1.0
HSPA5,0.86096,1.823286384224027,-0.12234947341918945,1.7450902977696232,0.4727,1.0
SULT1C4,0.86068,1.8209493289874499,0.4552577429199219,2.7587594190220193,0.5699,1.0
CWC22,0.86044,1.8189492699990237,-0.18687614349365234,1.8470697793758537,0.47636,1.0
ATP6V1H,0.86036,1.818283224071397,0.4721667333984375,1.5476911898796941,0.63548,1.0
IL11,0.86014,1.8164532444205395,-0.5068245178222657,2.949465931186183,0.3973,1.0
PFDN1,0.8599,1.8144596500738897,-0.33136110717773437,1.9014186039047125,0.43836,1.0
INSIG2,0.85944,1.810646570479445,0.00012327983856201172,2.034911506262055,0.49556,1.0
AMPH,0.85926,1.8091573371802636,-0.0778839856338501,3.12791227155299,0.49026,1.0
LY6G6F,0.85878,1.8051938193359796,-0.05616036756515503,3.036610163743849,0.47622,1.0
MRPS16,0.85816,1.8000909005232215,-0.35449013427734377,1.775032888277188,0.42488,1.0
NUDT21,0.85808,1.7994338166733455,-0.3744251647949219,1.6989475272253616,0.42902,1.0
HSPA4,0.85782,1.797300426767791,-0.15062097045898437,1.726469633536489,0.46072,1.0
COX5A,0.85776,1.796808568313633,0.018971739387512208,1.6948161240082542,0.56184,1.0
EAF2,0.8577,1.7963168829005693,0.567345234375,1.9157452782062327,0.66842,1.0
TRIM33,0.8577,1.7963168829005693,-0.36496882568359373,1.4347016282623064,0.39522,1.0
SCFD1,0.85728,1.792879917524545,-0.28081164611816406,1.6154655975130379,0.41558,1.0
SUPT6H,0.85682,1.7891252815634657,-0.6667264599609375,1.5153258878333586,0.29302,1.0
ZNF217,0.8567,1.7881474641358723,-0.7549849340820313,1.5651191564601483,0.27164,1.0
DHRS7B,0.85636,1.7853806791206395,-0.8063825048828125,1.4757671468882028,0.23444,1.0
RBM17,0.85594,1.7819704007659203,-0.4207066540527344,1.9245105843722328,0.40656,1.0
TFIP11,0.85592,1.7818082129626507,-0.3409066748046875,1.7438913675926708,0.41348,1.0
PIGH,0.85586,1.7813217618675885,-0.4153888525390625,2.0209998182208677,0.40168,1.0
CIAO1,0.8557,1.780025381644184,-0.4208503369140625,1.6220094187353522,0.38128,1.0
CDK19,0.85532,1.776951260837537,-0.32213095764160155,1.5795053819464038,0.42168,1.0
POU2F1,0.8552,1.775981879759219,0.21936320495605469,1.5222119234128202,0.5631,1.0
MGRN1,0.85486,1.7732389189894127,-0.660740849609375,1.4862906968412528,0.29042,1.0
LSM6,0.85478,1.7725942919332562,-0.3183926629638672,1.7604399554600414,0.44656,1.0
MYO7A,0.85464,1.771466903549716,-0.0043910198974609375,2.9526465512221844,0.51924,1.0
BLOC1S6,0.85442,1.76969711248155,-0.7405333740234376,1.3362059871597365,0.27612,1.0
TRIP11,0.85426,1.7684113848597558,-0.505815517578125,1.778471714349057,0.40866,1.0
MED6,0.8542,1.767929538832808,0.016072337660789488,1.6771784051252174,0.50804,1.0
MATN3,0.85356,1.7628000502813885,-0.40590782470703124,3.350980664815392,0.41558,1.0
ATG4A,0.85348,1.7621601711260695,-0.39466140625,1.942421823506006,0.43906,1.0
RABEP1,0.8532,1.75992287041678,-0.488167177734375,1.6031228143079774,0.36968,1.0
WDR20,0.8532,1.75992287041678,-0.20902953186035156,1.8958985734748555,0.45598,1.0
ATG10,0.85298,1.7581674686120088,0.11057480525970459,1.392303355006966,0.52934,1.0
DDX52,0.85182,1.748947485915027,-0.17685181106567383,1.8249307401800325,0.43422,1.0
ATF7IP,0.85112,1.743412516874115,-0.3813384069824219,1.8617498446901664,0.40226,1.0
ATF6,0.85078,1.7407318487191539,-0.35581317504882815,1.6327650089052685,0.4153,1.0
INO80C,0.85062,1.7394721004286748,-0.40991949951171874,1.6463864159068375,0.39096,1.0
SLCO3A1,0.85058,1.7391573371809634,-0.6418841943359375,1.5474865626332444,0.28292,1.0
BCAS2,0.85036,1.7374273797529158,-0.3925289880371094,1.9155702116440585,0.37992,1.0
ZNF638,0.85032,1.7371130672594919,-0.6169848901367188,1.7324233182297293,0.33822,1.0
STAMBP,0.84978,1.7328766061964942,-0.11726969223022461,1.8303970968549022,0.48398,1.0
TXNIP,0.84942,1.7300592592124842,0.006971031551361084,1.5364737677858709,0.50956,1.0
NUP62,0.84898,1.7266233505325634,0.15085333251953126,1.436895882092367,0.54796,1.0
ING3,0.84846,1.7225733250445128,-0.47859490966796875,1.5778667574408125,0.36018,1.0
NIPBL,0.84836,1.7217957833590116,-0.3930675439453125,1.4700851928565823,0.39572,1.0
YPEL5,0.84816,1.7202419623778784,-0.3041696453857422,1.6627735021355243,0.4048,1.0
MRPL18,0.84796,1.7186898207470043,-0.09507371925354004,1.5127591886705891,0.45322,1.0
DEGS1,0.84776,1.717139353878686,-0.144816962890625,1.707194504605732,0.49116,1.0
S100A11,0.84762,1.7160550211067647,-0.09155392253398895,1.7869632876413593,0.47868,1.0
ABHD3,0.8467,1.7089496547704632,-0.11398140909314156,1.488480516877305,0.46262,1.0
ARID4B,0.8464,1.7066402403904635,0.04676768781661987,1.5270568001473577,0.51342,1.0
RBM4,0.84636,1.706332597530384,-0.46923491455078126,2.6104519112414275,0.37288,1.0
GAK,0.84588,1.7026459858158276,-0.30441933715820313,1.6095755518172827,0.41428,1.0
ACTB,0.8446,1.6928607045662962,-0.8337874438476562,1.2018481647767758,0.16564,1.0
DCUN1D1,0.84444,1.6916421764789111,-0.7069457080078125,1.0795988690609906,0.24558,1.0
CAND1,0.84372,1.6861714158122005,-0.25769212829589844,2.12886391848342,0.47168,1.0
ENSA,0.84304,1.6810234106439228,-0.415740537109375,1.9072266635191484,0.38358,1.0
TRPC1,0.84294,1.6802678831448867,0.03880521892547607,3.3080334649129752,0.4777,1.0
ANXA1,0.84288,1.6798147545087057,0.3534020056152344,2.1110607641114645,0.61648,1.0
ZNF143,0.84178,1.6715322278484823,-0.38432219970703124,1.3609922856136434,0.3979,1.0
ZNF75A,0.84128,1.667782898004954,-0.41488121826171875,2.463667319398293,0.40094,1.0
SCAMP1,0.8402,1.659716925403107,-0.17090081939697266,1.8253733912137862,0.4562,1.0
TIMM17A,0.84016,1.6594190349893059,-0.32462877990722655,1.743796950807797,0.45246,1.0
ATG4B,0.83962,1.6554034091509628,-0.4683786767578125,1.482271789297125,0.38042,1.0
CHD1,0.83944,1.6540672983615725,-0.43906512817382815,1.546761068007257,0.35812,1.0
ABI1,0.83734,1.6385680679330947,-0.01999975305557251,1.324965108663089,0.48702,1.0
CYB5B,0.83716,1.637247087486999,-0.3558155487060547,2.106262787977265,0.41884,1.0
CMC2,0.83708,1.6366603625922573,0.44295893310546874,1.3437395950861823,0.6487,1.0
UBE2K,0.837,1.6360738696827126,-0.21772622131347658,1.350938188386729,0.43812,1.0
GALNT6,0.83646,1.6321210922592204,-0.10183534217834472,1.5312161771128756,0.47636,1.0
C2orf49,0.83588,1.6278871945379116,-0.10978035410881043,1.5001240125898323,0.477,1.0
UBB,0.83576,1.627012717818574,-0.1496285775756836,1.2438164848370379,0.44726,1.0
LCMT1,0.83518,1.622793301146265,-0.2708050183105469,2.1946395795768665,0.42048,1.0
TCF7L1,0.83514,1.6225027465822828,0.550435390625,3.339158655886989,0.56108,1.0
SRSF11,0.83514,1.6225027465822828,-0.25781540771484374,1.6402174865074537,0.43548,1.0
B3GALT4,0.83416,1.6154017623538135,-0.593278623046875,1.2690807034546372,0.28246,1.0
SMS,0.8318,1.5984382797699634,-0.6145455395507813,1.4783754216166183,0.33404,1.0
CDC5L,0.8305,1.5891750022328448,-0.41852619995117185,1.4610527861041012,0.36364,1.0
BBIP1,0.83036,1.5881807970882036,-0.22964673889160156,1.5184443790760669,0.43094,1.0
KCMF1,0.8292,1.5799680992071554,-0.29764872192382813,1.4311095741895907,0.4093,1.0
GDI1,0.82898,1.5784155206641104,-0.6651487573242187,1.2747875882979427,0.24108,1.0
UBC,0.8284,1.5743299424675674,0.1431959896850586,1.570971163586196,0.55832,1.0
EEA1,0.82834,1.5739079218298964,-0.5780523693847657,1.386522001622417,0.29066,1.0
GALNT12,0.82766,1.5691331722235433,1.4664892041015625,3.0386491910783424,0.71678,1.0
MTIF3,0.82748,1.567871765995206,-0.5011361535644532,1.5559094999378578,0.34,1.0
SPTSSB,0.82638,1.5601857131936336,-1.2791825927734375,2.784652381632746,0.28676,1.0
IL1RL2,0.82572,1.5555925317531476,-0.4562678186035156,2.625596429632806,0.43174,1.0
FXYD3,0.8257,1.5554535588974077,-0.049319333391189574,2.6758669677573845,0.49224,1.0
DNAJB6,0.82338,1.5394172874689407,-0.06117537406921387,1.4551995290373816,0.4866,1.0
LAMA5,0.82224,1.5315979973525995,0.03841137419700623,2.561736691940118,0.51066,1.0
CACNB2,0.81824,1.504468556570035,-0.11653562386035919,3.0360756426259337,0.46086,1.0
APOA1,0.81758,1.5000370365587015,-1.547786650390625,2.779107630022193,0.23288,1.0
CHMP1A,0.81672,1.49428128071552,-0.14940912994384767,1.3956303818941407,0.45208,1.0
PBX1,0.81566,1.4872157229022467,0.11293647153377533,2.8014967159522515,0.51732,1.0
CIDEC,0.81312,1.4704120004919368,1.4452651025390626,2.963743969143211,0.67704,1.0
BNIP2,0.8091,1.4441727880820923,-0.2359822686767578,1.2360488041391895,0.42442,1.0
SLCO4C1,0.80788,1.4362933558435642,1.3097389306640626,2.880097869550696,0.66804,1.0
SNAPIN,0.8071,1.4312756564186435,-0.06145575083732605,1.347648930148801,0.49624,1.0
JUNB,0.80696,1.4303766794298036,-0.3930696984863281,1.2739624842791162,0.33634,1.0
B2M,0.80658,1.427939096405399,0.3138201336669922,1.2492306381838008,0.69412,1.0
ZNF224,0.80548,1.4209033874746193,-0.2042765347290039,2.2066729507159892,0.43594,1.0
AQP10,0.7968,1.3664129905660614,-0.29607670989990237,2.8227134669019893,0.44832,1.0
ZNF233,0.79562,1.3591406787402256,0.12777979400634765,3.134726777995364,0.45902,1.0
ANLN,0.79504,1.3555775897055862,0.14883895382881165,3.0525802631049928,0.52548,1.0
SCG3,0.7891,1.3195089680422605,1.0722920581054687,2.199614822445952,0.7029,1.0
BUB1B,0.78564,1.298841827614351,0.9820160693359375,2.924430724870397,0.66138,1.0
CHTOP,0.7846,1.2926772690531638,0.016490790042877197,1.254952809798171,0.51528,1.0
ITGB5,0.77832,1.2559028501124494,1.0119658349609375,2.476629997590589,0.6853,1.0
MMP24,0.76734,1.1933518282846636,-1.187144033203125,2.1972262480352853,0.25724,1.0
SYTL4,0.76356,1.1722972310765325,-0.37310697204589843,2.4075444480719335,0.43496,1.0
PSMB11,0.76272,1.1676501130668935,0.08141661874771118,3.128954292891507,0.51104,1.0
TMSB4X,0.76202,1.16378616553436,-0.2900593994140625,1.715165591349434,0.41314,1.0
EIF5,0.75838,1.1438183351936486,-0.21685894592285157,1.307500980414228,0.43562,1.0
KIR2DL1,0.75598,1.1307647316559493,-1.022464140625,2.498837743715512,0.31172,1.0
PMCH,0.75206,1.1096293265910493,0.29494739318847657,3.1575703519381517,0.49712,1.0
MBOAT4,0.74548,1.074648887847873,0.25614043518066404,2.2559964641407264,0.51402,1.0
KIF4A,0.71832,0.936143477365756,-0.2757248767089844,2.2564080301695912,0.40254,1.0
OPRM1,0.71736,0.9314038035929022,0.002078196506500244,2.538537225944408,0.4484,1.0
FSTL1,0.70996,0.895189785916754,0.6721753369140625,1.9870549703308011,0.66118,1.0
SPTA1,0.7066,0.8789278692161636,0.6114858666992188,2.5960818876991545,0.51512,1.0
EGF,0.70534,0.8728578067820452,0.05387371871948242,2.1188221423396616,0.47064,1.0
NPPC,0.69864,0.8408300247216921,0.7280075634765625,2.468062283013421,0.66148,1.0
SLC2A14,0.69726,0.8342840171284183,-0.6570596594238282,2.261158188618798,0.3221,1.0
IL36RN,0.69454,0.8214309187859167,1.6648031396484375,2.757018295408412,0.7746,1.0
GYPA,0.66004,0.6634724756141785,-0.06337498584747314,1.7792095544124595,0.46324,1.0
MOCOS,0.51154,0.046168198888696194,0.5377205126953125,1.3663712723625403,0.70754,1.0
STX1B,0.49384,-0.02464124675298825,-0.23647023132324219,1.3641525971142514,0.36578,1.0
TLR9,8e-05,-9.433403920090221,-0.00134892062664032,0.01228567637998385,0.4127,1.0
