pathway,n_genes,n_tested,median_member,median_reference,effect,pvalue,qvalue,sign
REACTOME_INTERFERON_ALPHA_BETA_SIGNALING,18,18,3.748996649169922,-0.0023822216796874907,3.751378870849609,7.573303330910461e-10,6.384294707957518e-07,1
REACTOME_INTERFERON_SIGNALING,49,49,0.5733031731009482,-0.005872259521484402,0.5791754326224327,2.5594864132224837e-09,1.078823523173277e-06,1
REACTOME_CYTOKINE_SIGNALING_IN_IMMUNE_SYSTEM,191,191,0.18251556884765618,-0.014406063842773487,0.19692163269042967,1.201757108785512e-06,0.0003376937475687289,1
REACTOME_INTERFERON_GAMMA_SIGNALING,24,24,0.5633242405498027,-0.002640864868164061,0.5659651054179667,0.00013104898646497786,0.027618573897494083,1
REACTOME_HSF1_ACTIVATION,15,15,0.5667704330825806,-0.002243062744140656,0.5690134958267212,0.00026658580685669366,0.044946367036038555,1
REACTOME_DISEASES_ASSOCIATED_WITH_GLYCOSAMINOGLYCAN_METABOLISM,7,7,-0.6112401013183595,0.003491199951171864,-0.6147313012695313,0.0004144667946974103,0.05823258465498615,-1
REACTOME_ATTENUATION_PHASE,14,14,0.508046457118988,-0.0017735607910156492,0.5098200179100036,0.0007208461910112317,0.07595916737780854,1
REACTOME_CELLULAR_RESPONSE_TO_HEAT_STRESS,33,33,0.36000882804870604,-0.003025084838867209,0.36303391288757325,0.0006549281252775588,0.07595916737780854,1
REACTOME_REGULATION_BY_C_FLIP,6,6,1.0661712078857422,-0.0005566027832031306,1.0667278106689453,0.0011473450862382263,0.09672119076988248,1
REACTOME_HSF1_DEPENDENT_TRANSACTIVATION,16,16,0.508046457118988,-0.0017735607910156492,0.5098200179100036,0.0010663878086693127,0.09672119076988248,1
REACTOME_INNATE_IMMUNE_SYSTEM,212,212,0.14834359207153314,-0.00522816406250004,0.15357175613403318,0.0015231888111177307,0.11673165161565882,1
REACTOME_REGULATION_OF_HSF1_MEDIATED_HEAT_SHOCK_RESPONSE,29,29,0.35987688476562496,-0.002744384460449223,0.3626212692260742,0.002037455269075823,0.14313123265257657,1
REACTOME_A_TETRASACCHARIDE_LINKER_SEQUENCE_IS_REQUIRED_FOR_GAG_SYNTHESIS,6,6,-0.8205140869140626,0.003372742919921845,-0.8238868298339844,0.0029279853495010636,0.1898685884330305,-1
REACTOME_TNF_SIGNALING,9,9,0.47205600294113154,-0.0010872772216797277,0.47314328016281126,0.0033625699316539,0.20247474659887413,1
REACTOME_REGULATED_NECROSIS,15,15,0.66345744556427,-0.0010872772216797277,0.6645447227859498,0.003989957208503197,0.22423559511787966,1
REACTOME_GLYCOSAMINOGLYCAN_METABOLISM,19,19,-0.3415948498535156,0.004171801147460907,-0.34576665100097653,0.004349204319424608,0.22914870257968403,-1
REACTOME_IRAK4_DEFICIENCY_TLR2_4,6,6,-0.8458081762695312,0.003372742919921845,-0.849180919189453,0.0075159806358641714,0.28978569493011286,-1
REACTOME_ERYTHROCYTES_TAKE_UP_CARBON_DIOXIDE_AND_RELEASE_OXYGEN,5,5,0.8240202269744872,-0.0006784521484375361,0.8246986791229247,0.009391309630770388,0.28978569493011286,1
REACTOME_ERYTHROCYTES_TAKE_UP_OXYGEN_AND_RELEASE_CARBON_DIOXIDE,5,5,0.8240202269744872,-0.0006784521484375361,0.8246986791229247,0.009391309630770388,0.28978569493011286,1
REACTOME_RIPK1_MEDIATED_REGULATED_NECROSIS,11,11,0.6536938449096679,-0.0006784521484375361,0.6543722970581054,0.009465827751801067,0.28978569493011286,1
REACTOME_FORMATION_OF_THE_CORNIFIED_ENVELOPE,8,8,-0.6078208776855469,0.0036096569824218827,-0.6114305346679688,0.009625147637061874,0.28978569493011286,-1
REACTOME_KERATINIZATION,8,8,-0.6078208776855469,0.0036096569824218827,-0.6114305346679688,0.009625147637061874,0.28978569493011286,-1
REACTOME_COLLAGEN_FORMATION,16,16,-0.47197185791015633,0.003673337402343657,-0.4756451953125,0.009445888146679085,0.28978569493011286,-1
REACTOME_UB_SPECIFIC_PROCESSING_PROTEASES,33,33,0.36086927764892573,-0.0019387322998047352,0.36280800994873047,0.007019211900452813,0.28978569493011286,1
REACTOME_ANTIVIRAL_MECHANISM_BY_IFN_STIMULATED_GENES,17,17,0.36000882804870604,-0.0015739068603515816,0.3615827349090576,0.009439832448726015,0.28978569493011286,1
REACTOME_APOPTOSIS,33,33,0.3108298802185058,-0.002243062744140656,0.3130729429626465,0.00705227300072122,0.28978569493011286,1
REACTOME_DISEASES_OF_METABOLISM,47,47,-0.19046813842773447,0.004547840576171858,-0.19501597900390633,0.007143112134016105,0.28978569493011286,-1
REACTOME_SIGNALING_BY_INTERLEUKINS,122,122,0.1432806356811523,-0.005591892089843786,0.14887252777099608,0.006539437984326368,0.28978569493011286,1
REACTOME_SCAVENGING_BY_CLASS_A_RECEPTORS,5,5,-0.3999832556152344,0.003491199951171864,-0.40347445556640626,0.012023183345148482,0.3495015020675921,-1
REACTOME_TP53_REGULATES_TRANSCRIPTION_OF_DEATH_RECEPTORS_AND_LIGANDS,5,5,0.8633813574218749,-0.0005163502502441575,0.863897707672119,0.01411489446772957,0.3667747257073229,1
REACTOME_SIGNALING_BY_EGFR_IN_CANCER,7,7,0.5643715739440918,-0.0010872772216797277,0.5654588511657714,0.014217262915491939,0.3667747257073229,1
REACTOME_REGULATION_OF_TNFR1_SIGNALING,7,7,0.47205600294113154,-0.0006784521484375361,0.47273445508956907,0.014343658789492762,0.3667747257073229,1
REACTOME_BIOLOGICAL_OXIDATIONS,27,27,-0.30603442749023446,0.00364149719238277,-0.30967592468261723,0.014357729476087372,0.3667747257073229,-1
REACTOME_DEATH_RECEPTOR_SIGNALLING,40,40,0.2525122947311401,-0.0023822216796874907,0.2548945164108276,0.014935857996912633,0.37032142033521614,1
REACTOME_PHASE_II_CONJUGATION_OF_COMPOUNDS,15,15,-0.4723802258300782,0.003491199951171864,-0.4758714257812501,0.01623476584966567,0.37860696196072363,-1
REACTOME_CYTOSOLIC_SENSORS_OF_PATHOGEN_ASSOCIATED_DNA,13,13,0.36086927764892573,-0.0010872772216797277,0.36195655487060546,0.0158170526707172,0.37860696196072363,1
REACTOME_CELLULAR_RESPONSES_TO_STIMULI,153,153,0.12141680908203123,-0.005872259521484402,0.12728906860351563,0.016617387417018712,0.37860696196072363,1
REACTOME_NUCLEAR_SIGNALING_BY_ERBB4,7,7,-0.592609110107422,0.0022479626464843583,-0.5948570727539064,0.018531851353253945,0.3810329436778799,-1
REACTOME_INFECTION_WITH_MYCOBACTERIUM_TUBERCULOSIS,6,6,0.5130006649017333,-0.0005566027832031306,0.5135572676849365,0.01769545541180153,0.3810329436778799,1
REACTOME_MUSCLE_CONTRACTION,27,27,0.4611785218334198,-0.0006784521484375361,0.4618569739818573,0.017617200236161066,0.3810329436778799,1
REACTOME_APOPTOTIC_CLEAVAGE_OF_CELLULAR_PROTEINS,9,9,0.3108298802185058,-0.0010872772216797277,0.31191715744018556,0.018111095611056467,0.3810329436778799,1
REACTOME_PROGRAMMED_CELL_DEATH,38,38,0.258888215560913,-0.002103903808593821,0.26099211936950684,0.01947170274235959,0.3908248907573604,1
REACTOME_HEPARAN_SULFATE_HEPARIN_HS_GAG_METABOLISM,9,9,-0.5598085876464844,0.003491199951171864,-0.5632997875976563,0.02028211279701125,0.3976237462297787,-1
REACTOME_NEGATIVE_REGULATION_OF_FLT3,6,6,0.3503579173278808,-0.0008003015136719416,0.35115821884155274,0.021806027071809203,0.41778365503488996,1
REACTOME_INACTIVATION_OF_CSF3_G_CSF_SIGNALING,5,5,0.5733031731009482,-0.0006784521484375361,0.5739816252493858,0.02264497095137974,0.42009720942183326,1
REACTOME_DISEASES_OF_GLYCOSYLATION,28,28,-0.2161542028808594,0.003673337402343657,-0.21982754028320306,0.022923453894904303,0.42009720942183326,-1
REACTOME_MRNA_EDITING,5,5,0.9070449383544921,-0.0005163502502441575,0.9075612886047362,0.023528643289373524,0.422013750913657,1
REACTOME_CASPASE_ACTIVATION_VIA_EXTRINSIC_APOPTOTIC_SIGNALLING_PATHWAY,10,10,0.8854909558105468,-0.0005566027832031306,0.88604755859375,0.026361307624732874,0.4629704651593711,1
REACTOME_METABOLISM_OF_FAT_SOLUBLE_VITAMINS,7,7,-1.0297880725097657,0.0022479626464843583,-1.03203603515625,0.029543305953035982,0.48833346898841834,-1
REACTOME_CASPASE_ACTIVATION_VIA_DEATH_RECEPTORS_IN_THE_PRESENCE_OF_LIGAND,7,7,0.9076005541992187,-0.0005163502502441575,0.9081169044494628,0.029222451409098574,0.48833346898841834,1
REACTOME_TNFR1_INDUCED_NFKAPPAB_SIGNALING_PATHWAY,7,7,0.383198323764801,-0.0006784521484375361,0.38387677591323854,0.02894969969974142,0.48833346898841834,1
REACTOME_DEGRADATION_OF_AXIN,7,7,0.5623337421035766,-0.0006784521484375361,0.5630121942520141,0.03157782931289208,0.4929650020512597,1
REACTOME_TICAM1_RIP1_MEDIATED_IKK_COMPLEX_RECRUITMENT,5,5,0.5197241124701499,-0.0005163502502441575,0.520240462720394,0.03092355933534255,0.4929650020512597,1
REACTOME_INTERLEUKIN_3_INTERLEUKIN_5_AND_GM_CSF_SIGNALING,16,16,0.22661524246215817,-0.0017735607910156492,0.22838880325317382,0.031403910808457725,0.4929650020512597,1
REACTOME_STRIATED_MUSCLE_CONTRACTION,6,6,0.7230527391815185,-0.0005566027832031306,0.7236093419647216,0.03335299726685019,0.5021841711488918,1
REACTOME_GLUTATHIONE_CONJUGATION,8,8,-0.3527146649169922,0.0011231823730468715,-0.3538378472900391,0.03335980259114821,0.5021841711488918,-1
REACTOME_NUCLEOTIDE_BINDING_DOMAIN_LEUCINE_RICH_REPEAT_CONTAINING_RECEPTOR_NLR_SIGNALING_PATHWAYS,16,16,0.37203380070686337,-0.0013742529296875139,0.3734080536365509,0.03440212741516847,0.5087893580874916,1
REACTOME_AUF1_HNRNP_D0_BINDS_AND_DESTABILIZES_MRNA,7,7,0.5919144739723206,-0.0005163502502441575,0.5924308242225647,0.03507939386713506,0.5098608453447389,1
REACTOME_SIGNALING_BY_CSF3_G_CSF,6,6,0.467086225374937,-0.0008003015136719416,0.46788652688860893,0.03806007110441244,0.5357651913168641,1
REACTOME_CONSTITUTIVE_SIGNALING_BY_LIGAND_RESPONSIVE_EGFR_CANCER_VARIANTS,6,6,0.46262042579650875,-0.0008003015136719416,0.4634207273101807,0.03937960625247271,0.5357651913168641,1
REACTOME_ABC_TRANSPORTERS_IN_LIPID_HOMEOSTASIS,8,8,-0.3400777844238282,0.003372742919921845,-0.34345052734375003,0.039403845624727846,0.5357651913168641,-1
REACTOME_ACTIVATION_OF_MATRIX_METALLOPROTEINASES,7,7,-0.2692209191894531,0.003491199951171864,-0.272712119140625,0.03820339830896943,0.5357651913168641,-1
REACTOME_CHONDROITIN_SULFATE_DERMATAN_SULFATE_METABOLISM,7,7,-0.6112401013183595,0.0022479626464843583,-0.6134880639648439,0.045973155164005276,0.6079003860662043,-1
REACTOME_DEGRADATION_OF_THE_EXTRACELLULAR_MATRIX,24,24,-0.24806300170898443,0.004544672851562459,-0.2526076745605469,0.04615139348545324,0.6079003860662043,-1
REACTOME_NEUTROPHIL_DEGRANULATION,94,94,0.1519889314270019,-0.0017735607910156492,0.15376249221801755,0.04748338593786238,0.6158229899325844,1
REACTOME_REGULATION_OF_PTEN_GENE_TRANSCRIPTION,15,15,-0.32928811889648446,0.00364149719238277,-0.33292961608886723,0.048325108728447065,0.6172434342133466,-1
REACTOME_INITIAL_TRIGGERING_OF_COMPLEMENT,7,7,0.6858864461517333,-0.0005163502502441575,0.6864027964019774,0.05155569243687809,0.6391389518277681,1
REACTOME_RESPONSE_OF_MTB_TO_PHAGOCYTOSIS,5,5,0.3723074848937988,-0.0005163502502441575,0.37282383514404294,0.051457243998064076,0.6391389518277681,1
REACTOME_ASSEMBLY_OF_COLLAGEN_FIBRILS_AND_OTHER_MULTIMERIC_STRUCTURES,11,11,-0.45305792846679693,0.003491199951171864,-0.4565491284179688,0.055138354262072704,0.6415778038827377,-1
REACTOME_CELLULAR_HEXOSE_TRANSPORT,5,5,-0.40140823852539065,0.003491199951171864,-0.4048994384765625,0.054507119857293236,0.6415778038827377,-1
REACTOME_COLLAGEN_BIOSYNTHESIS_AND_MODIFYING_ENZYMES,12,12,-0.3530294787597657,0.0036096569824218827,-0.3566391357421876,0.055062938652117574,0.6415778038827377,-1
REACTOME_EPH_EPHRIN_SIGNALING,14,14,-0.33929108642578126,0.003372742919921845,-0.3426638293457031,0.05555774576920504,0.6415778038827377,-1
REACTOME_ERCC6_CSB_AND_EHMT2_G9A_POSITIVELY_REGULATE_RRNA_EXPRESSION,6,6,-0.3200867517089844,0.003372742919921845,-0.3234594946289062,0.05385756803737891,0.6415778038827377,-1
REACTOME_CELLULAR_RESPONSE_TO_CHEMICAL_STRESS,24,24,0.33942517940521233,-0.0013742529296875139,0.34079943233489984,0.057279846617113266,0.6525258202463039,1
REACTOME_REGULATION_OF_TP53_EXPRESSION_AND_DEGRADATION,6,6,0.5072815612792968,-0.0005566027832031306,0.5078381640624999,0.059456822000595884,0.6544511102649144,1
REACTOME_COMPLEMENT_CASCADE,13,13,0.3566179739379882,-0.0005163502502441575,0.3571343241882324,0.05977785941921519,0.6544511102649144,1
REACTOME_HSP90_CHAPERONE_CYCLE_FOR_STEROID_HORMONE_RECEPTORS_SHR_IN_THE_PRESENCE_OF_LIGAND,12,12,0.29515075881958003,-0.0005566027832031306,0.29570736160278316,0.05928519398746179,0.6544511102649144,1
REACTOME_CYTOSOLIC_SULFONATION_OF_SMALL_MOLECULES,6,6,-0.5211210009765626,0.003372742919921845,-0.5244937438964844,0.061874154279918187,0.6626046526321708,-1
REACTOME_CYTOPROTECTION_BY_HMOX1,19,19,0.317981081161499,-0.0010872772216797277,0.3190683583831787,0.06209462343765301,0.6626046526321708,1
REACTOME_GLUCAGON_SIGNALING_IN_METABOLIC_REGULATION,11,11,0.29881120101928704,-0.0006784521484375361,0.2994896531677246,0.06343078310354802,0.663214003169352,1
REACTOME_PEPTIDE_LIGAND_BINDING_RECEPTORS,56,56,0.262920244140625,-0.0017735607910156492,0.26469380493164063,0.06372518891662812,0.663214003169352,1
REACTOME_SIGNALING_BY_INSULIN_RECEPTOR,16,16,-0.2636976538085938,0.0011231823730468715,-0.26482083618164065,0.06530857988743809,0.6714040590867111,-1
REACTOME_SUMOYLATION_OF_TRANSCRIPTION_COFACTORS,14,14,-0.3909413232421875,0.003372742919921845,-0.39431406616210934,0.06792306157981133,0.6898691676118187,-1
REACTOME_COPII_MEDIATED_VESICLE_TRANSPORT,10,10,0.25449368255615235,-0.00047609771728518435,0.25496978027343753,0.06970882080365609,0.6929012471984358,1
REACTOME_TRANSMISSION_ACROSS_CHEMICAL_SYNAPSES,44,44,0.22884693492889402,-0.0023822216796874907,0.2312291566085815,0.06986548755856115,0.6929012471984358,1
REACTOME_INFLAMMASOMES,7,7,0.5174688867759705,-0.0006784521484375361,0.518147338924408,0.07252727367181327,0.7027642724751562,1
REACTOME_APOPTOTIC_EXECUTION_PHASE,12,12,0.258888215560913,-0.0008003015136719416,0.25968851707458496,0.07228223751286268,0.7027642724751562,1
REACTOME_POSITIVE_EPIGENETIC_REGULATION_OF_RRNA_EXPRESSION,13,13,-0.2816969885253907,0.0037361334228515064,-0.2854331219482422,0.07383501026907659,0.7073058370094496,-1
REACTOME_COLLAGEN_DEGRADATION,13,13,-0.2431249743652344,0.00364149719238277,-0.24676647155761716,0.07779506413784366,0.7368678546989013,-1
REACTOME_ADORA2B_MEDIATED_ANTI_INFLAMMATORY_CYTOKINES_PRODUCTION,26,26,0.23408342672348018,-0.0008003015136719416,0.23488372823715212,0.08291185700139157,0.7766077272463677,1
REACTOME_TRYPTOPHAN_CATABOLISM,5,5,0.6225224913215637,-0.0005163502502441575,0.6230388415718078,0.09832871092689215,0.7891193570851922,1
REACTOME_INTERLEUKIN_12_SIGNALING,9,9,0.454517186756134,-0.0006784521484375361,0.45519563890457154,0.1042293099452603,0.7891193570851922,1
REACTOME_TP53_REGULATES_TRANSCRIPTION_OF_GENES_INVOLVED_IN_G2_CELL_CYCLE_ARREST,5,5,-0.43656022094726565,0.0022479626464843583,-0.43880818359375,0.10375055223571088,0.7891193570851922,-1
REACTOME_SUMOYLATION_OF_DNA_METHYLATION_PROTEINS,6,6,-0.3909413232421875,0.003372742919921845,-0.39431406616210934,0.09916155812451466,0.7891193570851922,-1
REACTOME_DEFECTIVE_CFTR_CAUSES_CYSTIC_FIBROSIS,5,5,0.3642815929317474,-0.0005163502502441575,0.36479794318199155,0.10345195454688533,0.7891193570851922,1
REACTOME_TBC_RABGAPS,7,7,-0.34210267944335937,0.0005615911865234358,-0.3426642706298828,0.1032785805519863,0.7891193570851922,-1
REACTOME_REGULATION_OF_HMOX1_EXPRESSION_AND_ACTIVITY,6,6,0.33942517940521233,-0.0005566027832031306,0.33998178218841546,0.10475691423812274,0.7891193570851922,1
REACTOME_REGULATION_OF_RUNX2_EXPRESSION_AND_ACTIVITY,6,6,0.3383572729492187,-0.0005566027832031306,0.3389138757324218,0.10530188408040418,0.7891193570851922,1
REACTOME_INTRINSIC_PATHWAY_FOR_APOPTOSIS,10,10,0.3249088702774047,-0.0005566027832031306,0.32546547306060786,0.09766896300799233,0.7891193570851922,1
REACTOME_TRAFFICKING_OF_AMPA_RECEPTORS,5,5,0.3031342046356201,-0.0006784521484375361,0.3038126567840576,0.09381164461298738,0.7891193570851922,1
REACTOME_SIGNALING_BY_ERBB2_ECD_MUTANTS,5,5,0.29421329887390135,-0.0006784521484375361,0.2948917510223389,0.1054042269622477,0.7891193570851922,1
REACTOME_CHEMOKINE_RECEPTORS_BIND_CHEMOKINES,35,35,0.28494210510253903,-0.0010872772216797277,0.28602938232421876,0.10639879556692527,0.7891193570851922,1
REACTOME_MAPK6_MAPK4_SIGNALING,17,17,0.2744562493896484,-0.0006784521484375361,0.27513470153808595,0.10671364971258827,0.7891193570851922,1
REACTOME_INTERLEUKIN_7_SIGNALING,6,6,0.25913321586608884,-0.0005566027832031306,0.25968981864929197,0.10060476430348678,0.7891193570851922,1
REACTOME_RESPIRATORY_ELECTRON_TRANSPORT,15,15,-0.24343707397460945,0.00364149719238277,-0.24707857116699222,0.09562205885324164,0.7891193570851922,-1
REACTOME_RESPIRATORY_ELECTRON_TRANSPORT_ATP_SYNTHESIS_BY_CHEMIOSMOTIC_COUPLING_AND_HEAT_PRODUCTION_BY_UNCOUPLING_PROTEINS,15,15,-0.24343707397460945,0.00364149719238277,-0.24707857116699222,0.09562205885324164,0.7891193570851922,-1
REACTOME_CREB1_PHOSPHORYLATION_THROUGH_NMDA_RECEPTOR_MEDIATED_ACTIVATION_OF_RAS_SIGNALING,6,6,0.2380909014511108,-0.0008003015136719416,0.23889120296478275,0.0946730871236607,0.7891193570851922,1
REACTOME_GLUCAGON_TYPE_LIGAND_RECEPTORS,12,12,0.23408342672348018,-0.0005566027832031306,0.2346400295066833,0.10098233700966555,0.7891193570851922,1
REACTOME_RNA_POLYMERASE_III_TRANSCRIPTION_INITIATION_FROM_TYPE_3_PROMOTER,10,10,0.23223807884216308,-0.0005566027832031306,0.2327946816253662,0.10184390972152432,0.7891193570851922,1
REACTOME_ANTI_INFLAMMATORY_RESPONSE_FAVOURING_LEISHMANIA_PARASITE_INFECTION,36,36,0.19395368209838862,-0.0008003015136719416,0.19475398361206056,0.0859140475212865,0.7891193570851922,1
REACTOME_LEISHMANIA_INFECTION,55,55,0.19186056976318355,-0.0010872772216797277,0.19294784698486328,0.09967234153121575,0.7891193570851922,1
REACTOME_INTERLEUKIN_RECEPTOR_SHC_SIGNALING,9,9,0.0923612072753906,-0.0010872772216797277,0.09344848449707033,0.09863064296336863,0.7891193570851922,1
REACTOME_METABOLISM_OF_CARBOHYDRATES,55,55,-0.08743214111328135,0.0037361334228515064,-0.09116827453613285,0.09383857506273802,0.7891193570851922,-1
REACTOME_SIGNALING_BY_RECEPTOR_TYROSINE_KINASES,112,112,-0.06949916015625002,0.0037989294433593557,-0.07329808959960937,0.09760028452886149,0.7891193570851922,-1
REACTOME_COMPLEX_I_BIOGENESIS,9,9,-0.25238970581054687,0.003491199951171864,-0.25588090576171874,0.10908520323639667,0.7927485028300206,-1
REACTOME_PEPTIDE_HORMONE_METABOLISM,12,12,0.23846347091674802,-0.0008003015136719416,0.23926377243041996,0.10854053778290518,0.7927485028300206,1
REACTOME_P75NTR_SIGNALS_VIA_NF_KB,5,5,0.36086927764892573,-0.0005163502502441575,0.3613856278991699,0.11268936031618294,0.8050604300554426,1
REACTOME_DEPOLYMERISATION_OF_THE_NUCLEAR_LAMINA,6,6,0.1889202302932739,-0.0008003015136719416,0.18972053180694584,0.11200811858407086,0.8050604300554426,1
REACTOME_REVERSIBLE_HYDRATION_OF_CARBON_DIOXIDE,5,5,0.18766583068847653,-0.0006784521484375361,0.18834428283691407,0.11364526485811764,0.8050668762638081,1
REACTOME_GPCR_LIGAND_BINDING,92,92,0.06288365020751949,-0.002103903808593821,0.06498755401611331,0.11565913575122859,0.8125054286523808,1
REACTOME_INTERLEUKIN_2_SIGNALING,6,6,0.5370803738689423,-0.0005566027832031306,0.5376369766521454,0.12204596451546083,0.8364613665571827,1
REACTOME_LONG_TERM_POTENTIATION,5,5,0.22008362854003904,-0.0005163502502441575,0.2205999787902832,0.12201132296857377,0.8364613665571827,1
REACTOME_C_TYPE_LECTIN_RECEPTORS_CLRS,26,26,0.19753116348266594,-0.0005566027832031306,0.19808776626586908,0.12009045256763617,0.8364613665571827,1
REACTOME_DEFECTS_OF_CONTACT_ACTIVATION_SYSTEM_CAS_AND_KALLIKREIN_KININ_SYSTEM_KKS,5,5,-0.7001374182128908,0.0005615911865234358,-0.7006990093994142,0.16785935332636442,0.845402631733963,-1
REACTOME_RUNX1_AND_FOXP3_CONTROL_THE_DEVELOPMENT_OF_REGULATORY_T_LYMPHOCYTES_TREGS,7,7,0.6425762025833129,-0.0005163502502441575,0.6430925528335572,0.15008630337231738,0.845402631733963,1
REACTOME_UPTAKE_AND_ACTIONS_OF_BACTERIAL_TOXINS,6,6,-0.53396271484375,0.0011231823730468715,-0.5350858972167969,0.1622319431613433,0.845402631733963,-1
REACTOME_REGULATION_OF_PTEN_STABILITY_AND_ACTIVITY,8,8,0.46160150987625115,-0.0005566027832031306,0.4621581126594543,0.1390440902036282,0.845402631733963,1
REACTOME_RNA_POLYMERASE_III_CHAIN_ELONGATION,5,5,0.42117124782562254,-0.0005163502502441575,0.4216875980758667,0.16659490663541235,0.845402631733963,1
REACTOME_RNA_POLYMERASE_III_TRANSCRIPTION_TERMINATION,5,5,0.42117124782562254,-0.0005163502502441575,0.4216875980758667,0.16659490663541235,0.845402631733963,1
REACTOME_THE_NLRP3_INFLAMMASOME,6,6,0.4177249839687347,-0.0005566027832031306,0.41828158675193783,0.1386602522189184,0.845402631733963,1
REACTOME_MOLECULES_ASSOCIATED_WITH_ELASTIC_FIBRES,6,6,0.41196019899368286,-0.0005566027832031306,0.412516801776886,0.14738416587513148,0.845402631733963,1
REACTOME_DISEASES_OF_IMMUNE_SYSTEM,10,10,-0.3836879638671875,0.003372742919921845,-0.38706070678710935,0.15275704023085598,0.845402631733963,-1
REACTOME_STABILIZATION_OF_P53,5,5,0.36086927764892573,-0.0005163502502441575,0.3613856278991699,0.1624282374333222,0.845402631733963,1
REACTOME_SYNTHESIS_OF_IP2_IP_AND_INS_IN_THE_CYTOSOL,5,5,-0.3526063391113282,0.0022479626464843583,-0.3548543017578126,0.14997761996406564,0.845402631733963,-1
REACTOME_ZBP1_DAI_MEDIATED_INDUCTION_OF_TYPE_I_IFNS,5,5,0.345013715057373,-0.00023804885864259218,0.3452517639160156,0.14100155783463764,0.845402631733963,1
REACTOME_EPH_EPHRIN_MEDIATED_REPULSION_OF_CELLS,8,8,-0.33929108642578126,0.0011231823730468715,-0.34041426879882813,0.16015807111105082,0.845402631733963,-1
REACTOME_MTOR_SIGNALLING,7,7,-0.32928811889648446,0.0022479626464843583,-0.3315360815429688,0.15876083926523432,0.845402631733963,-1
REACTOME_GPVI_MEDIATED_ACTIVATION_CASCADE,10,10,-0.28560132080078127,0.0011231823730468715,-0.28672450317382814,0.14926741496107376,0.845402631733963,-1
REACTOME_CARGO_CONCENTRATION_IN_THE_ER,5,5,0.27930115600585936,-0.00023804885864259218,0.27953920486450196,0.15712167033157498,0.845402631733963,1
REACTOME_HDACS_DEACETYLATE_HISTONES,12,12,-0.2646535900878907,0.003372742919921845,-0.26802633300781253,0.14931329584154812,0.845402631733963,-1
REACTOME_RESPONSE_TO_ELEVATED_PLATELET_CYTOSOLIC_CA2,38,38,0.23987207305908198,-0.0017735607910156492,0.24164563385009763,0.12774468037829406,0.845402631733963,1
REACTOME_INTERLEUKIN_1_FAMILY_SIGNALING,29,29,0.24089838317871087,-0.0006784521484375361,0.2415768353271484,0.1551461374257387,0.845402631733963,1
REACTOME_ASSEMBLY_AND_CELL_SURFACE_PRESENTATION_OF_NMDA_RECEPTORS,7,7,0.22008362854003904,-0.0006784521484375361,0.22076208068847658,0.13849774738003331,0.845402631733963,1
REACTOME_HOST_INTERACTIONS_OF_HIV_FACTORS,24,24,0.20542814392089837,-0.0008003015136719416,0.2062284454345703,0.1528157540169376,0.845402631733963,1
REACTOME_HCMV_LATE_EVENTS,13,13,0.20493150878906247,-0.0010872772216797277,0.2060187860107422,0.15391341656473947,0.845402631733963,1
REACTOME_RNA_POLYMERASE_I_TRANSCRIPTION,15,15,-0.19741686157226568,0.00364149719238277,-0.20105835876464845,0.1419192488430117,0.845402631733963,-1
REACTOME_RNA_POLYMERASE_I_TRANSCRIPTION_INITIATION,15,15,-0.19741686157226568,0.00364149719238277,-0.20105835876464845,0.1419192488430117,0.845402631733963,-1
REACTOME_APC_C_MEDIATED_DEGRADATION_OF_CELL_CYCLE_PROTEINS,14,14,0.19394221023559566,-0.0005566027832031306,0.1944988130187988,0.16300942171108213,0.845402631733963,1
REACTOME_RND3_GTPASE_CYCLE,8,8,0.1913979860305786,-0.0005566027832031306,0.19195458881378172,0.15619856159036116,0.845402631733963,1
REACTOME_ANTIGEN_ACTIVATES_B_CELL_RECEPTOR_BCR_LEADING_TO_GENERATION_OF_SECOND_MESSENGERS,12,12,-0.17153646362304692,0.003372742919921845,-0.17490920654296876,0.17148736657948715,0.845402631733963,-1
REACTOME_NEUROTRANSMITTER_RECEPTORS_AND_POSTSYNAPTIC_SIGNAL_TRANSMISSION,35,35,0.16790643280029294,-0.0015739068603515816,0.16948033966064452,0.12952279513566856,0.845402631733963,1
REACTOME_ACTIVATION_OF_NMDA_RECEPTORS_AND_POSTSYNAPTIC_EVENTS,17,17,0.16790643280029294,-0.0010872772216797277,0.16899371002197267,0.14273389560183058,0.845402631733963,1
REACTOME_ACTIVATION_OF_THE_MRNA_UPON_BINDING_OF_THE_CAP_BINDING_COMPLEX_AND_EIFS_AND_SUBSEQUENT_BINDING_TO_43S,6,6,-0.16195013366699224,0.003372742919921845,-0.16532287658691408,0.16204467422494614,0.845402631733963,-1
REACTOME_GLOBAL_GENOME_NUCLEOTIDE_EXCISION_REPAIR_GG_NER,31,31,-0.14173200317382817,0.0037361334228515064,-0.14546813659667968,0.17079828833144328,0.845402631733963,-1
REACTOME_INFLUENZA_INFECTION,23,23,0.12081909484863279,-0.0010872772216797277,0.12190637207031252,0.14930276586527666,0.845402631733963,1
REACTOME_SIGNALING_BY_ALK_IN_CANCER,10,10,0.11493789978027341,-0.0008003015136719416,0.11573820129394535,0.14728203162037892,0.845402631733963,1
REACTOME_SIGNALING_BY_MET,10,10,0.11350825195312497,-0.0005566027832031306,0.1140648547363281,0.1653166309690831,0.845402631733963,1
REACTOME_FANCONI_ANEMIA_PATHWAY,11,11,0.10150543884277341,-0.0005163502502441575,0.10202178909301757,0.1700138417807907,0.845402631733963,1
REACTOME_REGULATION_OF_SIGNALING_BY_CBL,9,9,0.0923612072753906,-0.0006784521484375361,0.09303965942382814,0.16663151465194825,0.845402631733963,1
REACTOME_ER_TO_GOLGI_ANTEROGRADE_TRANSPORT,24,24,0.07758921554565423,0.0,0.07758921554565423,0.15229029592800308,0.845402631733963,1
REACTOME_SUMOYLATION_OF_DNA_DAMAGE_RESPONSE_AND_REPAIR_PROTEINS,26,26,-0.06476174011230473,0.0036096569824218827,-0.06837139709472662,0.15630508423754336,0.845402631733963,-1
REACTOME_CLASS_A_1_RHODOPSIN_LIKE_RECEPTORS,74,74,0.06288365020751949,-0.0017735607910156492,0.06465721099853514,0.155776783315709,0.845402631733963,1
REACTOME_RAS_ACTIVATION_UPON_CA2_INFLUX_THROUGH_NMDA_RECEPTOR,5,5,0.05711513671874996,-0.0006784521484375361,0.057793588867187495,0.162221842752955,0.845402631733963,1
REACTOME_DOWNSTREAM_SIGNAL_TRANSDUCTION,10,10,0.050630793151855424,-0.0008003015136719416,0.051431094665527366,0.14649355501256084,0.845402631733963,1
REACTOME_G_ALPHA_I_SIGNALLING_EVENTS,79,79,0.047917505493164037,-0.0010872772216797277,0.049004782714843764,0.15968541255555901,0.845402631733963,1
REACTOME_MITOTIC_METAPHASE_AND_ANAPHASE,54,54,0.04606861022949216,-0.0017735607910156492,0.04784217102050781,0.17137599405557746,0.845402631733963,1
REACTOME_DISEASES_OF_SIGNAL_TRANSDUCTION_BY_GROWTH_FACTOR_RECEPTORS_AND_SECOND_MESSENGERS,85,85,0.0438605529785156,-0.002744384460449223,0.04660493743896482,0.14446199745534996,0.845402631733963,1
REACTOME_INSULIN_RECEPTOR_SIGNALLING_CASCADE,11,11,-0.04549470825195312,0.0005615911865234358,-0.046056299438476556,0.12656340085722265,0.845402631733963,-1
REACTOME_IRS_MEDIATED_SIGNALLING,11,11,-0.04549470825195312,0.0005615911865234358,-0.046056299438476556,0.12656340085722265,0.845402631733963,-1
REACTOME_SIGNALING_BY_TYPE_1_INSULIN_LIKE_GROWTH_FACTOR_1_RECEPTOR_IGF1R,11,11,-0.04549470825195312,0.0005615911865234358,-0.046056299438476556,0.12656340085722265,0.845402631733963,-1
REACTOME_MAPK_FAMILY_SIGNALING_CASCADES,70,70,0.03412605926513665,-0.0008003015136719416,0.03492636077880859,0.1371533659091325,0.845402631733963,1
REACTOME_NUCLEAR_ENVELOPE_BREAKDOWN,15,15,0.08740569580078122,-0.0015739068603515816,0.0889796026611328,0.1746977295633878,0.8562220117554414,1
REACTOME_REGULATION_OF_MRNA_STABILITY_BY_PROTEINS_THAT_BIND_AU_RICH_ELEMENTS,11,11,0.36086927764892573,-0.0005163502502441575,0.3613856278991699,0.18684141360579076,0.8667284775627686,1
REACTOME_CA_DEPENDENT_EVENTS,5,5,0.29881120101928704,-0.00023804885864259218,0.29904924987792963,0.18626991029507428,0.8667284775627686,1
REACTOME_COLLAGEN_CHAIN_TRIMERIZATION,8,8,-0.24806300170898443,0.003372742919921845,-0.2514357446289063,0.18492143747845288,0.8667284775627686,-1
REACTOME_RHOH_GTPASE_CYCLE,5,5,-0.24840418090820315,0.0022479626464843583,-0.2506521435546875,0.18400828438822445,0.8667284775627686,-1
REACTOME_INTEGRIN_CELL_SURFACE_INTERACTIONS,18,18,-0.21067641845703128,0.003673337402343657,-0.21434975585937494,0.1821410661324918,0.8667284775627686,-1
REACTOME_UCH_PROTEINASES,18,18,-0.2062469616699219,0.0036096569824218827,-0.20985661865234378,0.18539317588538107,0.8667284775627686,-1
REACTOME_TRANSCRIPTIONAL_REGULATION_OF_WHITE_ADIPOCYTE_DIFFERENTIATION,22,22,0.19088814941406246,-0.0005566027832031306,0.1914447521972656,0.18712287415945894,0.8667284775627686,1
REACTOME_NUCLEOTIDE_EXCISION_REPAIR,37,37,-0.12777931762695316,0.0037361334228515064,-0.13151545104980467,0.18586681138418681,0.8667284775627686,-1
REACTOME_DAG_AND_IP3_SIGNALING,8,8,0.1308581755828857,0.0,0.1308581755828857,0.18580901470122835,0.8667284775627686,1
REACTOME_FACTORS_INVOLVED_IN_MEGAKARYOCYTE_DEVELOPMENT_AND_PLATELET_PRODUCTION,37,37,0.12069852267265313,-0.00023804885864259218,0.12093657153129572,0.18537508691241122,0.8667284775627686,1
REACTOME_DNA_DAMAGE_BYPASS,16,16,0.13408663696289058,-0.0005566027832031306,0.1346432397460937,0.18970193543875646,0.8738728501359109,1
REACTOME_MATURATION_OF_SARS_COV_2_SPIKE_PROTEIN,10,10,-0.22601756469726564,0.003372742919921845,-0.22939030761718748,0.19161650776597106,0.8778951959060521,-1
REACTOME_TRANSCRIPTIONAL_REGULATION_OF_GRANULOPOIESIS,13,13,0.12098171417236325,-0.0005163502502441575,0.12149806442260741,0.19416782006999878,0.8841022753033123,1
REACTOME_COSTIMULATION_BY_THE_CD28_FAMILY,25,25,0.0923612072753906,-0.0010872772216797277,0.09344848449707033,0.19506882942635362,0.8841022753033123,1
REACTOME_DNA_DAMAGE_RECOGNITION_IN_GG_NER,17,17,-0.17800892211914066,0.00364149719238277,-0.18165041931152343,0.19870134281559582,0.8909852765614217,-1
REACTOME_RAB_REGULATION_OF_TRAFFICKING,25,25,-0.12817925903320315,0.0022479626464843583,-0.1304272216796875,0.19859889332983416,0.8909852765614217,-1
REACTOME_REGULATION_OF_INSULIN_LIKE_GROWTH_FACTOR_IGF_TRANSPORT_AND_UPTAKE_BY_INSULIN_LIKE_GROWTH_FACTOR_BINDING_PROTEINS_IGFBPS,24,24,0.16616556671142574,-0.0005566027832031306,0.16672216949462887,0.202695265807034,0.8993268898701561,1
REACTOME_FCERI_MEDIATED_NF_KB_ACTIVATION,13,13,0.1484889880371093,-0.0005163502502441575,0.14900533828735346,0.20269001540251186,0.8993268898701561,1
REACTOME_DECTIN_2_FAMILY,5,5,0.3203659077453613,-0.0005163502502441575,0.32088225799560544,0.2040847689015412,0.9007511004397866,1
REACTOME_SLC_TRANSPORTER_DISORDERS,19,19,-0.10973071411132818,0.003491199951171864,-0.11322191406250004,0.2060136642048449,0.9045287443993971,-1
REACTOME_BILE_ACID_AND_BILE_SALT_METABOLISM,6,6,0.7535597116184234,-0.00047609771728518435,0.7540358093357086,0.2133414288268429,0.9270454871187038,1
REACTOME_SYNTHESIS_OF_BILE_ACIDS_AND_BILE_SALTS,6,6,0.7535597116184234,-0.00047609771728518435,0.7540358093357086,0.2133414288268429,0.9270454871187038,1
REACTOME_NOD1_2_SIGNALING_PATHWAY,9,9,0.36086927764892573,-0.0005163502502441575,0.3613856278991699,0.21720792082072116,0.9321352688023421,1
REACTOME_INTERLEUKIN_10_SIGNALING,19,19,0.28494210510253903,-0.0005163502502441575,0.2854584553527832,0.216531569997077,0.9321352688023421,1
REACTOME_RECOGNITION_OF_DNA_DAMAGE_BY_PCNA_CONTAINING_REPLICATION_COMPLEX,13,13,0.17344946472167966,-0.0006784521484375361,0.1741279168701172,0.2205454241887298,0.9321352688023421,1
REACTOME_NR1H3_NR1H2_REGULATE_GENE_EXPRESSION_LINKED_TO_CHOLESTEROL_TRANSPORT_AND_EFFLUX,11,11,-0.1403724645996094,0.0005615911865234358,-0.14093405578613283,0.21852199807694583,0.9321352688023421,-1
REACTOME_INFECTIOUS_DISEASE,158,158,0.04008883911132807,-0.0017735607910156492,0.04186239990234372,0.21978537342059434,0.9321352688023421,1
REACTOME_GLUCAGON_LIKE_PEPTIDE_1_GLP1_REGULATES_INSULIN_SECRETION,15,15,0.007544127807617151,-0.00023804885864259218,0.007782176666259744,0.22114715748572766,0.9321352688023421,1
REACTOME_DOWNSTREAM_SIGNALING_OF_ACTIVATED_FGFR1,6,6,-0.3974695001220704,0.0,-0.3974695001220704,0.22489524323409485,0.9385479705264455,-1
REACTOME_HATS_ACETYLATE_HISTONES,26,26,-0.11774830688476567,0.003372742919921845,-0.12112104980468752,0.22467461399926747,0.9385479705264455,-1
REACTOME_SIGNALING_BY_FGFR3,8,8,0.22661524246215817,-0.0005566027832031306,0.2271718452453613,0.2324438244992273,0.9512142915186825,1
REACTOME_RND1_GTPASE_CYCLE,8,8,0.1913979860305786,-0.00047609771728518435,0.19187408374786377,0.23182089845480067,0.9512142915186825,1
REACTOME_TERMINATION_OF_TRANSLESION_DNA_SYNTHESIS,12,12,0.13408663696289058,-0.0005566027832031306,0.1346432397460937,0.23085767456903872,0.9512142915186825,1
REACTOME_DNA_STRAND_ELONGATION,14,14,-0.08727262023925786,0.003372742919921845,-0.0906453631591797,0.23063495139135803,0.9512142915186825,-1
REACTOME_SMOOTH_MUSCLE_CONTRACTION,7,7,0.8638998608398437,-0.00023804885864259218,0.8641379096984863,0.24811220831652908,0.9561113275558099,1
REACTOME_PLASMA_LIPOPROTEIN_CLEARANCE,7,7,-0.7957124719238282,0.0005615911865234358,-0.7962740631103516,0.27109222456888465,0.9561113275558099,-1
REACTOME_GENE_AND_PROTEIN_EXPRESSION_BY_JAK_STAT_SIGNALING_AFTER_INTERLEUKIN_12_STIMULATION,7,7,0.454517186756134,-0.0005163502502441575,0.45503353700637816,0.24303517617949597,0.9561113275558099,1
REACTOME_MAP3K8_TPL2_DEPENDENT_MAPK1_3_ACTIVATION,5,5,0.36086927764892573,-0.00023804885864259218,0.3611073265075683,0.26662660530273163,0.9561113275558099,1
REACTOME_STIMULI_SENSING_CHANNELS,11,11,0.3306320075988769,-0.0005163502502441575,0.33114835784912106,0.239578819006669,0.9561113275558099,1
REACTOME_GROWTH_HORMONE_RECEPTOR_SIGNALING,6,6,0.2977018917262554,-0.00047609771728518435,0.29817798944354057,0.25818001961261194,0.9561113275558099,1
REACTOME_SYNTHESIS_OF_ACTIVE_UBIQUITIN_ROLES_OF_E1_AND_E2_ENZYMES,7,7,0.28930715034484855,-0.0005163502502441575,0.2898235005950927,0.2738114507230561,0.9561113275558099,1
REACTOME_DISEASES_ASSOCIATED_WITH_GLYCOSYLATION_PRECURSOR_BIOSYNTHESIS,6,6,-0.28869431030273446,0.0011231823730468715,-0.28981749267578133,0.266257630689636,0.9561113275558099,-1
REACTOME_ADRENALINE_NORADRENALINE_INHIBITS_INSULIN_SECRETION,9,9,0.26652590435028073,-0.0005163502502441575,0.2670422546005249,0.261589599217509,0.9561113275558099,1
REACTOME_G_BETA_GAMMA_SIGNALLING_THROUGH_PI3KGAMMA,9,9,0.26652590435028073,-0.0005163502502441575,0.2670422546005249,0.25261695213882174,0.9561113275558099,1
REACTOME_G_PROTEIN_ACTIVATION,9,9,0.26652590435028073,-0.0005163502502441575,0.2670422546005249,0.23986200099441746,0.9561113275558099,1
REACTOME_CDT1_ASSOCIATION_WITH_THE_CDC6_ORC_ORIGIN_COMPLEX,8,8,0.2598845857238769,-0.00047609771728518435,0.2603606834411621,0.2693896710897588,0.9561113275558099,1
REACTOME_COOPERATION_OF_PDCL_PHLP1_AND_TRIC_CCT_IN_G_PROTEIN_BETA_FOLDING,11,11,0.2183498596191406,-0.0005163502502441575,0.21886620986938476,0.27447086745967497,0.9561113275558099,1
REACTOME_DDX58_IFIH1_MEDIATED_INDUCTION_OF_INTERFERON_ALPHA_BETA,22,22,0.21501594116210931,-0.00047609771728518435,0.2154920388793945,0.26087040020718844,0.9561113275558099,1
REACTOME_DAP12_SIGNALING,12,12,0.1937037816238403,-0.0008003015136719416,0.19450408313751225,0.25952768029871454,0.9561113275558099,1
REACTOME_NETRIN_1_SIGNALING,13,13,0.1807720141601562,-0.0006784521484375361,0.18145046630859374,0.2403295496548259,0.9561113275558099,1
REACTOME_CARBOXYTERMINAL_POST_TRANSLATIONAL_MODIFICATIONS_OF_TUBULIN,9,9,-0.1637193798828125,0.0005615911865234358,-0.16428097106933592,0.24065808745654482,0.9561113275558099,-1
REACTOME_NUCLEAR_ENVELOPE_NE_REASSEMBLY,15,15,0.14992275146484368,-0.0015739068603515816,0.15149665832519527,0.2704438088121235,0.9561113275558099,1
REACTOME_EXTRACELLULAR_MATRIX_ORGANIZATION,54,54,-0.1296405694580079,0.003673337402343657,-0.13331390686035155,0.2606947635893656,0.9561113275558099,-1
REACTOME_THE_CITRIC_ACID_TCA_CYCLE_AND_RESPIRATORY_ELECTRON_TRANSPORT,28,28,-0.12810127258300785,0.0036096569824218827,-0.13171092956542974,0.24042357717200713,0.9561113275558099,-1
REACTOME_ADVANCED_GLYCOSYLATION_ENDPRODUCT_RECEPTOR_SIGNALING,5,5,-0.1248005859375001,0.0022479626464843583,-0.12704854858398446,0.2574960952007858,0.9561113275558099,-1
REACTOME_SLC_MEDIATED_TRANSMEMBRANE_TRANSPORT,36,36,-0.12055852661132815,0.0037989294433593557,-0.12435745605468751,0.267812979353372,0.9561113275558099,-1
REACTOME_NCAM_SIGNALING_FOR_NEURITE_OUT_GROWTH,13,13,0.11084843383789056,-0.0005163502502441575,0.11136478408813472,0.24854935699749348,0.9561113275558099,1
REACTOME_TRANSLESION_SYNTHESIS_BY_Y_FAMILY_DNA_POLYMERASES_BYPASSES_LESIONS_ON_DNA_TEMPLATE,13,13,0.0947238092041015,-0.0005163502502441575,0.09524015945434566,0.2632705129440944,0.9561113275558099,1
REACTOME_TCR_SIGNALING,31,31,0.0923612072753906,-0.0015739068603515816,0.09393511413574218,0.2651692079793314,0.9561113275558099,1
REACTOME_TRANSCRIPTIONAL_REGULATION_BY_RUNX2,16,16,0.09334611511230465,-0.00047609771728518435,0.09382221282958983,0.25069119511656834,0.9561113275558099,1
REACTOME_TP53_REGULATES_TRANSCRIPTION_OF_CELL_DEATH_GENES,11,11,0.08325149963378903,-0.00023804885864259218,0.08348954849243162,0.25276735053855715,0.9561113275558099,1
REACTOME_TP53_REGULATES_TRANSCRIPTION_OF_CELL_CYCLE_GENES,14,14,-0.0755415728759766,0.0,-0.0755415728759766,0.266589861077706,0.9561113275558099,-1
REACTOME_DISEASES_OF_DNA_REPAIR,10,10,-0.06563514160156253,0.0011231823730468715,-0.0667583239746094,0.2685981874583002,0.9561113275558099,-1
REACTOME_POST_TRANSLATIONAL_MODIFICATION_SYNTHESIS_OF_GPI_ANCHORED_PROTEINS,21,21,0.062002162475585876,-0.0015739068603515816,0.06357606933593746,0.2556041285775371,0.9561113275558099,1
REACTOME_ACTIVATION_OF_KAINATE_RECEPTORS_UPON_GLUTAMATE_BINDING,11,11,0.05711513671874996,-0.0005163502502441575,0.05763148696899412,0.23814394410814854,0.9561113275558099,1
REACTOME_CELL_CYCLE_MITOTIC,136,136,0.038581276245117146,-0.002103903808593821,0.04068518005371097,0.2727055714829195,0.9561113275558099,1
REACTOME_ADAPTIVE_IMMUNE_SYSTEM,196,196,0.03389479125976558,-0.0017735607910156492,0.03566835205078123,0.2532393082249387,0.9561113275558099,1
REACTOME_M_PHASE,88,88,0.03311775146484372,-0.0017735607910156492,0.03489131225585937,0.26402433788239543,0.9561113275558099,1
REACTOME_SEPARATION_OF_SISTER_CHROMATIDS,44,44,0.03311775146484372,-0.0005566027832031306,0.03367435424804685,0.2692093770779804,0.9561113275558099,1
REACTOME_METABOLISM_OF_AMINO_ACIDS_AND_DERIVATIVES,58,58,0.014773051452636687,0.0,0.014773051452636687,0.26192485083206885,0.9561113275558099,1
REACTOME_CELLULAR_SENESCENCE,44,44,0.0657060473632812,-0.0008003015136719416,0.06650634887695314,0.2774421089762539,0.959088049862908,1
REACTOME_FLT3_SIGNALING_IN_DISEASE,12,12,0.06439854492187497,-0.0013742529296875139,0.06577279785156248,0.277600811585468,0.959088049862908,1
REACTOME_ASSEMBLY_OF_THE_HIV_VIRION,5,5,0.36086927764892573,-0.0005163502502441575,0.3613856278991699,0.2798149755710462,0.9609350047806614,1
REACTOME_CHROMATIN_MODIFYING_ENZYMES,61,61,-0.038706066894531266,0.00364149719238277,-0.042347564086914036,0.28041519712460583,0.9609350047806614,-1
REACTOME_FERTILIZATION,5,5,-0.7071467492675783,0.0005615911865234358,-0.7077083404541017,0.28430179302406294,0.9609918505438225,-1
REACTOME_PLASMA_LIPOPROTEIN_REMODELING,6,6,-0.36227285156250005,0.0011231823730468715,-0.3633960339355469,0.2823555139461786,0.9609918505438225,-1
REACTOME_PLASMA_LIPOPROTEIN_ASSEMBLY_REMODELING_AND_CLEARANCE,11,11,-0.35989109741210945,0.0022479626464843583,-0.3621390600585938,0.28833226406713774,0.9609918505438225,-1
REACTOME_FGFR2_MUTANT_RECEPTOR_ACTIVATION,6,6,-0.17702216674804694,0.0,-0.17702216674804694,0.28841155182394673,0.9609918505438225,-1
REACTOME_PROTEIN_UBIQUITINATION,19,19,0.13547078674316404,-0.0006784521484375361,0.13614923889160158,0.2880897997129065,0.9609918505438225,1
REACTOME_BMAL1_CLOCK_NPAS2_ACTIVATES_CIRCADIAN_GENE_EXPRESSION,7,7,-0.09743042236328125,0.0022479626464843583,-0.09967838500976561,0.28639537060460496,0.9609918505438225,-1
REACTOME_TRANSCRIPTIONAL_REGULATION_BY_RUNX3,15,15,0.040433662109374935,-0.0005163502502441575,0.04095001235961909,0.2839068691838268,0.9609918505438225,1
REACTOME_AMYLOID_FIBER_FORMATION,13,13,0.30011527095794677,-0.0006784521484375361,0.3007937231063843,0.29258728162747094,0.9672591310272862,1
REACTOME_NEURONAL_SYSTEM,53,53,0.05711513671874996,-0.0010872772216797277,0.05820241394042969,0.29245429520179334,0.9672591310272862,1
REACTOME_TRAF6_MEDIATED_NF_KB_ACTIVATION,8,8,-0.1780127703857422,0.003372742919921845,-0.18138551330566405,0.3000648470954618,0.9766589424767347,-1
REACTOME_NS1_MEDIATED_EFFECTS_ON_HOST_PATHWAYS,12,12,0.10266554077148432,-0.0005566027832031306,0.10322214355468745,0.2985101487299503,0.9766589424767347,1
REACTOME_DOWNSTREAM_SIGNALING_EVENTS_OF_B_CELL_RECEPTOR_BCR,12,12,0.08231044738769525,-0.00047609771728518435,0.08278654510498043,0.2987103972455213,0.9766589424767347,1
REACTOME_OPIOID_SIGNALLING,22,22,-0.004178176879882867,0.0,-0.004178176879882867,0.29974600754662994,0.9766589424767347,-1
REACTOME_SIGNALING_BY_EGFR,11,11,0.36086927764892573,-0.0006784521484375361,0.36154772979736327,0.30434910245530333,0.9808304570136545,1
REACTOME_FLT3_SIGNALING,14,14,0.1822215522766113,-0.0008003015136719416,0.18302185379028324,0.30603644851625555,0.9808304570136545,1
REACTOME_G0_AND_EARLY_G1,11,11,0.17344946472167966,-0.0006784521484375361,0.1741279168701172,0.30753673481838184,0.9808304570136545,1
REACTOME_GAP_FILLING_DNA_REPAIR_SYNTHESIS_AND_LIGATION_IN_GG_NER,10,10,0.13408663696289058,-0.0005566027832031306,0.1346432397460937,0.3106544863851076,0.9808304570136545,1
REACTOME_IMMUNOREGULATORY_INTERACTIONS_BETWEEN_A_LYMPHOID_AND_A_NON_LYMPHOID_CELL,42,42,0.054030196533203095,-0.00047609771728518435,0.05450629425048828,0.3044074385950779,0.9808304570136545,1
REACTOME_TRANSCRIPTIONAL_REGULATION_BY_RUNX1,54,54,0.04078498962402338,-0.0005566027832031306,0.04134159240722651,0.30985630579531753,0.9808304570136545,1
REACTOME_RNA_POLYMERASE_II_TRANSCRIPTION,394,394,-0.02994981994628909,0.00876274536132804,-0.03871256530761713,0.3071780119329778,0.9808304570136545,-1
REACTOME_SIGNALING_BY_ERBB4,14,14,0.020498288574218704,-0.00047609771728518435,0.020974386291503888,0.3105833540719982,0.9808304570136545,1
REACTOME_INSULIN_RECEPTOR_RECYCLING,5,5,-0.48190059936523444,0.0005615911865234358,-0.4824621905517579,0.3150532561159829,0.9811315849941666,-1
REACTOME_E3_UBIQUITIN_LIGASES_UBIQUITINATE_TARGET_PROTEINS,14,14,0.15446012573242185,-0.0005566027832031306,0.15501672851562498,0.3132562019373252,0.9811315849941666,1
REACTOME_G_PROTEIN_BETA_GAMMA_SIGNALLING,10,10,0.13703501607894894,-0.00047609771728518435,0.13751111379623412,0.3154052900752303,0.9811315849941666,1
REACTOME_RND2_GTPASE_CYCLE,7,7,0.0923612072753906,-0.0005163502502441575,0.09287755752563476,0.3151015846840427,0.9811315849941666,1
REACTOME_VEGFR2_MEDIATED_VASCULAR_PERMEABILITY,5,5,0.8477776654052733,-0.00023804885864259218,0.848015714263916,0.34743746434016176,0.9812535377153159,1
REACTOME_CHAPERONE_MEDIATED_AUTOPHAGY,8,8,0.46589554653644555,-0.00047609771728518435,0.46637164425373073,0.5177528099383533,0.9812535377153159,1
REACTOME_ION_HOMEOSTASIS,9,9,0.4611785218334198,-0.00023804885864259218,0.4614165706920624,0.4297600869616852,0.9812535377153159,1
REACTOME_INTERLEUKIN_37_SIGNALING,5,5,0.369264396367073,-0.00023804885864259218,0.36950244522571557,0.4355391403146821,0.9812535377153159,1
REACTOME_AGGREPHAGY,7,7,0.36086927764892573,-0.0005163502502441575,0.3613856278991699,0.47667093177225406,0.9812535377153159,1
REACTOME_LATE_ENDOSOMAL_MICROAUTOPHAGY,9,9,0.36086927764892573,-0.0005163502502441575,0.3613856278991699,0.5087020611001545,0.9812535377153159,1
REACTOME_SIGNALING_BY_NOTCH3,7,7,0.36086927764892573,-0.0005163502502441575,0.3613856278991699,0.39960524031147543,0.9812535377153159,1
REACTOME_THE_ROLE_OF_GTSE1_IN_G2_M_PROGRESSION_AFTER_G2_CHECKPOINT,9,9,0.36086927764892573,-0.0005163502502441575,0.3613856278991699,0.34102319449073815,0.9812535377153159,1
REACTOME_DECTIN_1_MEDIATED_NONCANONICAL_NF_KB_SIGNALING,5,5,0.36086927764892573,-0.00023804885864259218,0.3611073265075683,0.4209553907335309,0.9812535377153159,1
REACTOME_IKK_COMPLEX_RECRUITMENT_MEDIATED_BY_RIP1,5,5,0.36086927764892573,-0.00023804885864259218,0.3611073265075683,0.5440872190280797,0.9812535377153159,1
REACTOME_PEXOPHAGY,5,5,0.36086927764892573,-0.00023804885864259218,0.3611073265075683,0.3713896092698091,0.9812535377153159,1
REACTOME_ACTIVATED_NOTCH1_TRANSMITS_SIGNAL_TO_THE_NUCLEUS,5,5,0.345013715057373,-0.0005163502502441575,0.34553006530761715,0.38715474034039976,0.9812535377153159,1
REACTOME_EPHB_MEDIATED_FORWARD_SIGNALING,6,6,-0.33929108642578126,0.0011231823730468715,-0.34041426879882813,0.3401300676246729,0.9812535377153159,-1
REACTOME_CELLULAR_RESPONSE_TO_HYPOXIA,8,8,0.3319823781585693,-0.00047609771728518435,0.3324584758758545,0.4671276071363934,0.9812535377153159,1
REACTOME_NON_INTEGRIN_MEMBRANE_ECM_INTERACTIONS,8,8,0.320705131983757,-0.00047609771728518435,0.3211812297010422,0.486204501901388,0.9812535377153159,1
REACTOME_PURINERGIC_SIGNALING_IN_LEISHMANIASIS_INFECTION,9,9,0.317981081161499,-0.0005163502502441575,0.31849743141174314,0.3607847410923769,0.9812535377153159,1
REACTOME_PERK_REGULATES_GENE_EXPRESSION,9,9,0.3115524291992187,-0.0006784521484375361,0.31223088134765625,0.34608819572340277,0.9812535377153159,1
REACTOME_TGF_BETA_RECEPTOR_SIGNALING_IN_EMT_EPITHELIAL_TO_MESENCHYMAL_TRANSITION,6,6,0.3057577354431152,-0.00047609771728518435,0.30623383316040037,0.5098295290097092,0.9812535377153159,1
REACTOME_RHOF_GTPASE_CYCLE,10,10,0.30048227032184593,-0.00047609771728518435,0.3009583680391311,0.4491752099689733,0.9812535377153159,1
REACTOME_ANTIMICROBIAL_PEPTIDES,8,8,0.2998631432342529,-0.00047609771728518435,0.3003392409515381,0.5385335876407834,0.9812535377153159,1
REACTOME_RHOG_GTPASE_CYCLE,13,13,0.2904347647857666,-0.0005163502502441575,0.29095111503601073,0.5126874883920445,0.9812535377153159,1
REACTOME_SULFUR_AMINO_ACID_METABOLISM,7,7,-0.28626022583007815,0.0005615911865234358,-0.2868218170166016,0.4421598023148876,0.9812535377153159,-1
REACTOME_REGULATION_OF_TP53_ACTIVITY_THROUGH_ACETYLATION,8,8,-0.2845639440917969,0.0011231823730468715,-0.2856871264648438,0.3565167305752145,0.9812535377153159,-1
REACTOME_RAC3_GTPASE_CYCLE,14,14,0.28379090366363524,-0.0005566027832031306,0.28434750644683837,0.35329408724361167,0.9812535377153159,1
REACTOME_ESTROGEN_DEPENDENT_NUCLEAR_EVENTS_DOWNSTREAM_OF_ESR_MEMBRANE_SIGNALING,8,8,0.28135086177825924,-0.00047609771728518435,0.2818269594955444,0.49903354794161564,0.9812535377153159,1
REACTOME_SYNTHESIS_OF_VERY_LONG_CHAIN_FATTY_ACYL_COAS,5,5,0.2788888638305663,-0.0005163502502441575,0.2794052140808105,0.3878803574611377,0.9812535377153159,1
REACTOME_TRANSLOCATION_OF_SLC2A4_GLUT4_TO_THE_PLASMA_MEMBRANE,13,13,0.27869141174316403,-0.0005163502502441575,0.2792077619934082,0.4968238749869418,0.9812535377153159,1
REACTOME_SYNTHESIS_OF_PC,7,7,0.2656277517700195,-0.0005163502502441575,0.2661441020202637,0.46161340708294646,0.9812535377153159,1
REACTOME_N_GLYCAN_ANTENNAE_ELONGATION_IN_THE_MEDIAL_TRANS_GOLGI,7,7,-0.25568926879882814,0.0005615911865234358,-0.2562508599853516,0.4329316841139657,0.9812535377153159,-1
REACTOME_POTENTIAL_THERAPEUTICS_FOR_SARS,20,20,0.25343833732604976,-0.0005566027832031306,0.2539949401092529,0.49459265326204416,0.9812535377153159,1
REACTOME_NCAM1_INTERACTIONS,6,6,0.25240533260107034,-0.00047609771728518435,0.2528814303183555,0.5017788137107086,0.9812535377153159,1
REACTOME_HEME_SIGNALING,14,14,0.25009410484313965,-0.0005566027832031306,0.2506507076263428,0.5549991175554652,0.9812535377153159,1
REACTOME_MITOCHONDRIAL_TRNA_AMINOACYLATION,6,6,0.24399656110763543,-0.00047609771728518435,0.2444726588249206,0.49455025884514137,0.9812535377153159,1
REACTOME_ECM_PROTEOGLYCANS,15,15,0.24089838317871087,-0.0005163502502441575,0.24141473342895503,0.3730525930641091,0.9812535377153159,1
REACTOME_TAK1_ACTIVATES_NFKB_BY_PHOSPHORYLATION_AND_ACTIVATION_OF_IKKS_COMPLEX,9,9,0.24089838317871087,-0.00023804885864259218,0.24113643203735347,0.5600148689074382,0.9812535377153159,1
REACTOME_RHOBTB2_GTPASE_CYCLE,5,5,0.237610241317749,-0.00023804885864259218,0.23784829017639159,0.45911654698928833,0.9812535377153159,1
REACTOME_ELASTIC_FIBRE_FORMATION,7,7,0.23587669898986813,-0.0005163502502441575,0.23639304924011229,0.4815153595371849,0.9812535377153159,1
REACTOME_MITOCHONDRIAL_BIOGENESIS,16,16,0.2334429228210449,-0.0008003015136719416,0.23424322433471684,0.33045970111277334,0.9812535377153159,1
REACTOME_TRANSCRIPTIONAL_ACTIVATION_OF_MITOCHONDRIAL_BIOGENESIS,12,12,0.2334429228210449,-0.0005566027832031306,0.23399952560424803,0.46939885662261627,0.9812535377153159,1
REACTOME_ATF4_ACTIVATES_GENES_IN_RESPONSE_TO_ENDOPLASMIC_RETICULUM_STRESS,8,8,0.23311855468749995,-0.0005566027832031306,0.23367515747070308,0.5023506900471375,0.9812535377153159,1
REACTOME_TRNA_AMINOACYLATION,7,7,0.22958896835327142,-0.0005163502502441575,0.23010531860351557,0.44814856310890316,0.9812535377153159,1
REACTOME_GLYCOGEN_METABOLISM,8,8,0.2210307828521728,-0.0005566027832031306,0.22158738563537594,0.5450874701316666,0.9812535377153159,1
REACTOME_GLYCOGEN_SYNTHESIS,6,6,0.2210307828521728,-0.0005566027832031306,0.22158738563537594,0.41415526069674113,0.9812535377153159,1
REACTOME_INTERLEUKIN_12_FAMILY_SIGNALING,11,11,0.2183498596191406,-0.0005163502502441575,0.21886620986938476,0.5181766322051047,0.9812535377153159,1
REACTOME_O_GLYCOSYLATION_OF_TSR_DOMAIN_CONTAINING_PROTEINS,6,6,-0.21661921020507818,0.0011231823730468715,-0.21774239257812505,0.4107161089053642,0.9812535377153159,-1
REACTOME_INTERLEUKIN_6_FAMILY_SIGNALING,6,6,0.2161718573760986,-0.0005566027832031306,0.21672846015930172,0.4096875091532801,0.9812535377153159,1
REACTOME_MYOCLONIC_EPILEPSY_OF_LAFORA,5,5,0.2127276686096191,-0.0005163502502441575,0.21324401885986327,0.5264377974219968,0.9812535377153159,1
REACTOME_AMINO_ACIDS_REGULATE_MTORC1,8,8,-0.21179562377929695,0.0011231823730468715,-0.21291880615234382,0.4572666510724468,0.9812535377153159,-1
REACTOME_PURINE_CATABOLISM,5,5,-0.20683005493164064,0.0022479626464843583,-0.209078017578125,0.3413449849865821,0.9812535377153159,-1
REACTOME_DISEASES_ASSOCIATED_WITH_N_GLYCOSYLATION_OF_PROTEINS,6,6,-0.2013973510742188,0.0011231823730468715,-0.20252053344726567,0.4096875091532801,0.9812535377153159,-1
REACTOME_TRANSCRIPTIONAL_REGULATION_BY_THE_AP_2_TFAP2_FAMILY_OF_TRANSCRIPTION_FACTORS,10,10,0.20067536708831785,-0.0008003015136719416,0.2014756686019898,0.3680256558057807,0.9812535377153159,1
REACTOME_ARACHIDONIC_ACID_METABOLISM,10,10,-0.1991233361816407,0.0011231823730468715,-0.20024651855468756,0.5638817622350352,0.9812535377153159,-1
REACTOME_G_ALPHA_S_SIGNALLING_EVENTS,26,26,0.1967507594299316,-0.0005566027832031306,0.19730736221313472,0.5332715090342826,0.9812535377153159,1
REACTOME_APC_C_CDH1_MEDIATED_DEGRADATION_OF_CDC20_AND_OTHER_APC_C_CDH1_TARGETED_PROTEINS_IN_LATE_MITOSIS_EARLY_G1,12,12,0.19394221023559566,-0.00047609771728518435,0.19441830795288084,0.3223375279369388,0.9812535377153159,1
REACTOME_MRNA_DECAY_BY_5_TO_3_EXORIBONUCLEASE,5,5,0.19210519226074213,-0.00023804885864259218,0.19234324111938472,0.4792685639774802,0.9812535377153159,1
REACTOME_PEROXISOMAL_LIPID_METABOLISM,10,10,-0.1857392675781251,0.003372742919921845,-0.18911201049804693,0.5638817622350352,0.9812535377153159,-1
REACTOME_G1_S_DNA_DAMAGE_CHECKPOINTS,7,7,0.18749028854370114,-0.0005163502502441575,0.1880066387939453,0.3927498092300624,0.9812535377153159,1
REACTOME_DEGRADATION_OF_BETA_CATENIN_BY_THE_DESTRUCTION_COMPLEX,12,12,0.1766099389648437,-0.0005566027832031306,0.17716654174804683,0.3200261874069096,0.9812535377153159,1
REACTOME_FORMATION_OF_INCISION_COMPLEX_IN_GG_NER,15,15,-0.17158023071289064,0.003491199951171864,-0.1750714306640625,0.4211596730106075,0.9812535377153159,-1
REACTOME_O_LINKED_GLYCOSYLATION,20,20,-0.1709679876708985,0.003372742919921845,-0.17434073059082034,0.3774715533361416,0.9812535377153159,-1
REACTOME_TRANSLESION_SYNTHESIS_BY_POLK,7,7,0.17344946472167966,-0.0005163502502441575,0.17396581497192382,0.34497629700406457,0.9812535377153159,1
REACTOME_EFFECTS_OF_PIP2_HYDROLYSIS,7,7,-0.1663498217773438,0.0022479626464843583,-0.16859778442382817,0.500438661737639,0.9812535377153159,-1
REACTOME_ASSOCIATION_OF_TRIC_CCT_WITH_TARGET_PROTEINS_DURING_BIOSYNTHESIS,8,8,0.1677927230072021,-0.0005566027832031306,0.16834932579040524,0.362024193111159,0.9812535377153159,1
REACTOME_COPI_DEPENDENT_GOLGI_TO_ER_RETROGRADE_TRAFFIC,21,21,0.16790643280029294,-0.00023804885864259218,0.16814448165893553,0.4764301619682818,0.9812535377153159,1
REACTOME_INTRAFLAGELLAR_TRANSPORT,15,15,-0.16716118774414068,0.0005615911865234358,-0.16772277893066412,0.4131915656740117,0.9812535377153159,-1
REACTOME_SEMAPHORIN_INTERACTIONS,10,10,0.16229686611175534,-0.00047609771728518435,0.16277296382904052,0.4407420086009297,0.9812535377153159,1
REACTOME_METAL_ION_SLC_TRANSPORTERS,6,6,-0.1596573999023438,0.0011231823730468715,-0.16078058227539066,0.4555755946268354,0.9812535377153159,-1
REACTOME_HCMV_INFECTION,24,24,0.1589145921325683,-0.0008003015136719416,0.15971489364624025,0.5062624285994903,0.9812535377153159,1
REACTOME_APC_CDC20_MEDIATED_DEGRADATION_OF_NEK2A,10,10,0.15662333847045892,-0.00047609771728518435,0.1570994361877441,0.3733194516216194,0.9812535377153159,1
REACTOME_EICOSANOID_LIGAND_BINDING_RECEPTORS,6,6,0.15345660949707027,-0.00047609771728518435,0.15393270721435545,0.4742980543669629,0.9812535377153159,1
REACTOME_TRNA_MODIFICATION_IN_THE_NUCLEUS_AND_CYTOSOL,10,10,0.15063320480346673,-0.0008003015136719416,0.15143350631713867,0.5358743100902891,0.9812535377153159,1
REACTOME_POSTMITOTIC_NUCLEAR_PORE_COMPLEX_NPC_REFORMATION,7,7,0.14992275146484368,-0.0006784521484375361,0.15060120361328122,0.35423534869147516,0.9812535377153159,1
REACTOME_PROTEIN_FOLDING,25,25,0.14809515747070306,-0.0010872772216797277,0.1491824346923828,0.36569257191320625,0.9812535377153159,1
REACTOME_RHOB_GTPASE_CYCLE,14,14,-0.1390481994628907,0.0011231823730468715,-0.14017138183593758,0.47598716901456517,0.9812535377153159,-1
REACTOME_ERBB2_ACTIVATES_PTK6_SIGNALING,5,5,-0.13759854492187507,0.0005615911865234358,-0.1381601361083985,0.4217161342839717,0.9812535377153159,-1
REACTOME_MRNA_DECAY_BY_3_TO_5_EXORIBONUCLEASE,8,8,-0.13695705749511722,0.0011231823730468715,-0.1380802398681641,0.3940943047664716,0.9812535377153159,-1
REACTOME_ADP_SIGNALLING_THROUGH_P2Y_PURINOCEPTOR_1,8,8,0.13703501607894894,-0.00047609771728518435,0.13751111379623412,0.3906122795356947,0.9812535377153159,1
REACTOME_ADP_SIGNALLING_THROUGH_P2Y_PURINOCEPTOR_12,8,8,0.13703501607894894,-0.00047609771728518435,0.13751111379623412,0.3906122795356947,0.9812535377153159,1
REACTOME_G_BETA_GAMMA_SIGNALLING_THROUGH_CDC42,8,8,0.13703501607894894,-0.00047609771728518435,0.13751111379623412,0.3906122795356947,0.9812535377153159,1
REACTOME_PROSTACYCLIN_SIGNALLING_THROUGH_PROSTACYCLIN_RECEPTOR,8,8,0.13703501607894894,-0.00047609771728518435,0.13751111379623412,0.3906122795356947,0.9812535377153159,1
REACTOME_NUCLEAR_RECEPTOR_TRANSCRIPTION_PATHWAY,12,12,0.13554164367675775,-0.0008003015136719416,0.1363419451904297,0.449790510411745,0.9812535377153159,1
REACTOME_TRANSPORT_OF_VITAMINS_NUCLEOSIDES_AND_RELATED_MOLECULES,9,9,-0.13138633911132813,0.003491199951171864,-0.1348775390625,0.515099047940966,0.9812535377153159,-1
REACTOME_EPHA_MEDIATED_GROWTH_CONE_COLLAPSE,7,7,-0.13430067382812505,0.0005615911865234358,-0.13486226501464849,0.5064731104717046,0.9812535377153159,-1
REACTOME_TP53_REGULATES_METABOLIC_GENES,16,16,-0.13161995483398442,0.0011231823730468715,-0.1327431372070313,0.5558674199878907,0.9812535377153159,-1
REACTOME_EUKARYOTIC_TRANSLATION_INITIATION,14,14,-0.12946158264160162,0.0011231823730468715,-0.1305847650146485,0.5143192048723138,0.9812535377153159,-1
REACTOME_RUNX1_INTERACTS_WITH_CO_FACTORS_WHOSE_PRECISE_EFFECT_ON_RUNX1_TARGETS_IS_NOT_KNOWN,10,10,-0.12787319763183597,0.0011231823730468715,-0.12899638000488284,0.3923467128958077,0.9812535377153159,-1
REACTOME_DISEASES_OF_CARBOHYDRATE_METABOLISM,9,9,-0.12729560668945317,0.0005615911865234358,-0.1278571978759766,0.4963487404320006,0.9812535377153159,-1
REACTOME_HIV_TRANSCRIPTION_ELONGATION,10,10,-0.12505486633300789,0.0011231823730468715,-0.12617804870605476,0.5122216823446489,0.9812535377153159,-1
REACTOME_BBSOME_MEDIATED_CARGO_TARGETING_TO_CILIUM,9,9,-0.12144840209960939,0.0022479626464843583,-0.12369636474609375,0.4461996103593715,0.9812535377153159,-1
REACTOME_TRANSCRIPTION_OF_E2F_TARGETS_UNDER_NEGATIVE_CONTROL_BY_DREAM_COMPLEX,9,9,0.12098171417236325,-0.0005163502502441575,0.12149806442260741,0.5677375311403484,0.9812535377153159,1
REACTOME_SRP_DEPENDENT_COTRANSLATIONAL_PROTEIN_TARGETING_TO_MEMBRANE,9,9,0.12081909484863279,-0.00023804885864259218,0.12105714370727538,0.38043921717058227,0.9812535377153159,1
REACTOME_FCERI_MEDIATED_CA_2_MOBILIZATION,12,12,0.11939988147735592,0.0,0.11939988147735592,0.5047540922557552,0.9812535377153159,1
REACTOME_MITOTIC_G2_G2_M_PHASES,42,42,0.11846009109497066,-0.00047609771728518435,0.11893618881225584,0.45880941620522675,0.9812535377153159,1
REACTOME_G_ALPHA_Z_SIGNALLING_EVENTS,13,13,0.11817642822265623,-0.0005163502502441575,0.11869277847290038,0.40925503099858485,0.9812535377153159,1
REACTOME_RAS_PROCESSING,7,7,0.11817642822265623,-0.0005163502502441575,0.11869277847290038,0.4541811458734529,0.9812535377153159,1
REACTOME_SIGNALING_BY_NOTCH,35,35,0.11590397766113275,-0.0015739068603515816,0.11747788452148433,0.5450440169117832,0.9812535377153159,1
REACTOME_TRANSLATION_OF_SARS_COV_2_STRUCTURAL_PROTEINS,16,16,-0.11529054077148443,0.0011231823730468715,-0.1164137231445313,0.3697077588281843,0.9812535377153159,-1
REACTOME_INOSITOL_PHOSPHATE_METABOLISM,13,13,-0.1126278051757813,0.00364149719238277,-0.11626930236816407,0.37782212600482556,0.9812535377153159,-1
REACTOME_SIGNAL_AMPLIFICATION,9,9,0.11086642456054685,-0.0005163502502441575,0.11138277481079101,0.3517147488971981,0.9812535377153159,1
REACTOME_THROMBOXANE_SIGNALLING_THROUGH_TP_RECEPTOR,9,9,0.11086642456054685,-0.0005163502502441575,0.11138277481079101,0.3517147488971981,0.9812535377153159,1
REACTOME_INSERTION_OF_TAIL_ANCHORED_PROTEINS_INTO_THE_ENDOPLASMIC_RETICULUM_MEMBRANE,5,5,0.11084843383789056,-0.00023804885864259218,0.11108648269653315,0.5589301922436104,0.9812535377153159,1
REACTOME_PTEN_REGULATION,26,26,-0.10905496887207033,0.0011231823730468715,-0.1101781512451172,0.5170043879627569,0.9812535377153159,-1
REACTOME_PROTEIN_PROTEIN_INTERACTIONS_AT_SYNAPSES,9,9,-0.10626587280273447,0.0022479626464843583,-0.10851383544921883,0.33850858506171677,0.9812535377153159,-1
REACTOME_SYNTHESIS_OF_SUBSTRATES_IN_N_GLYCAN_BIOSYTHESIS,16,16,-0.10575698425292973,0.0011231823730468715,-0.1068801666259766,0.3695085632348174,0.9812535377153159,-1
REACTOME_SYNAPTIC_ADHESION_LIKE_MOLECULES,5,5,-0.10626587280273447,0.0005615911865234358,-0.10682746398925791,0.45553748423697576,0.9812535377153159,-1
REACTOME_CHOLESTEROL_BIOSYNTHESIS,11,11,-0.10248723876953125,0.003491199951171864,-0.10597843872070312,0.4387204285175542,0.9812535377153159,-1
REACTOME_INTERLEUKIN_17_SIGNALING,15,15,0.10534840576171872,-0.0005163502502441575,0.10586475601196288,0.32432420978076737,0.9812535377153159,1
REACTOME_OXIDATIVE_STRESS_INDUCED_SENESCENCE,27,27,0.10534840576171872,-0.0005163502502441575,0.10586475601196288,0.43519256586004507,0.9812535377153159,1
REACTOME_INTERLEUKIN_4_AND_INTERLEUKIN_13_SIGNALING,38,38,0.10489468200683591,-0.0008003015136719416,0.10569498352050785,0.46334478099742404,0.9812535377153159,1
REACTOME_TNFR2_NON_CANONICAL_NF_KB_PATHWAY,25,25,0.10395533325195311,-0.0006784521484375361,0.10463378540039064,0.5282165422691383,0.9812535377153159,1
REACTOME_BIOSYNTHESIS_OF_THE_N_GLYCAN_PRECURSOR_DOLICHOL_LIPID_LINKED_OLIGOSACCHARIDE_LLO_AND_TRANSFER_TO_A_NASCENT_PROTEIN,22,22,-0.1028181231689454,0.0011231823730468715,-0.10394130554199227,0.46464168805211714,0.9812535377153159,-1
REACTOME_SUMOYLATION_OF_DNA_REPLICATION_PROTEINS,12,12,0.10266554077148432,-0.0008003015136719416,0.10346584228515626,0.3754645646072424,0.9812535377153159,1
REACTOME_PLATELET_ACTIVATION_SIGNALING_AND_AGGREGATION,68,68,0.10161381591796873,-0.0017735607910156492,0.10338737670898437,0.353450900716056,0.9812535377153159,1
REACTOME_EXPORT_OF_VIRAL_RIBONUCLEOPROTEINS_FROM_NUCLEUS,10,10,0.10266554077148432,-0.0005566027832031306,0.10322214355468745,0.344665923039822,0.9812535377153159,1
REACTOME_RNA_POLYMERASE_II_TRANSCRIPTION_TERMINATION,19,19,0.10115285156249998,-0.0010872772216797277,0.1022401287841797,0.3766750026263772,0.9812535377153159,1
REACTOME_PEROXISOMAL_PROTEIN_IMPORT,18,18,0.10055857032775872,-0.00047609771728518435,0.10103466804504391,0.3644010729096081,0.9812535377153159,1
REACTOME_CLASS_B_2_SECRETIN_FAMILY_RECEPTORS,18,18,0.09970234878540035,-0.00047609771728518435,0.10017844650268554,0.35369988625492144,0.9812535377153159,1
REACTOME_GOLGI_TO_ER_RETROGRADE_TRANSPORT,24,24,0.09759880050659175,-0.00047609771728518435,0.09807489822387694,0.4570197547091318,0.9812535377153159,1
REACTOME_TP53_REGULATES_TRANSCRIPTION_OF_DNA_REPAIR_GENES,16,16,-0.09268755249023447,0.003372742919921845,-0.09606029541015632,0.42656059311317984,0.9812535377153159,-1
REACTOME_SYNTHESIS_OF_GLYCOSYLPHOSPHATIDYLINOSITOL_GPI,7,7,0.09510900268554684,-0.0006784521484375361,0.09578745483398438,0.35921467370517607,0.9812535377153159,1
REACTOME_MISMATCH_REPAIR,5,5,0.0947238092041015,-0.0005163502502441575,0.09524015945434566,0.5162360356302247,0.9812535377153159,1
REACTOME_REGULATION_OF_TP53_ACTIVITY_THROUGH_PHOSPHORYLATION,23,23,0.0947238092041015,-0.0005163502502441575,0.09524015945434566,0.5263460552345296,0.9812535377153159,1
REACTOME_SCF_SKP2_MEDIATED_DEGRADATION_OF_P27_P21,8,8,0.09334611511230465,-0.00047609771728518435,0.09382221282958983,0.45253592125738973,0.9812535377153159,1
REACTOME_PROTEIN_LOCALIZATION,42,42,0.09295724487304682,-0.0008003015136719416,0.09375754638671877,0.3786827429369568,0.9812535377153159,1
REACTOME_DAP12_INTERACTIONS,13,13,0.0923612072753906,-0.0006784521484375361,0.09303965942382814,0.5471159903790777,0.9812535377153159,1
REACTOME_SIGNALING_BY_FGFR4,7,7,0.0923612072753906,-0.0005163502502441575,0.09287755752563476,0.4273813582183306,0.9812535377153159,1
REACTOME_REGULATION_OF_RAS_BY_GAPS,8,8,0.09094586242675778,-0.0005566027832031306,0.09150246520996091,0.3194008575998451,0.9812535377153159,1
REACTOME_ONCOGENE_INDUCED_SENESCENCE,12,12,0.08959793960571286,-0.0005566027832031306,0.09015454238891599,0.44850000678042634,0.9812535377153159,1
REACTOME_NUCLEOTIDE_SALVAGE,6,6,0.08856449035644526,-0.00047609771728518435,0.08904058807373044,0.47022630631565476,0.9812535377153159,1
REACTOME_DEADENYLATION_DEPENDENT_MRNA_DECAY,16,16,-0.0872209777832032,0.0011231823730468715,-0.08834416015625007,0.5247533291233588,0.9812535377153159,-1
REACTOME_ION_CHANNEL_TRANSPORT,26,26,0.08612844085693355,-0.0005566027832031306,0.08668504364013668,0.5525387188523673,0.9812535377153159,1
REACTOME_RAC1_GTPASE_CYCLE,34,34,0.08606595947265622,-0.0005566027832031306,0.08662256225585935,0.4514416816063094,0.9812535377153159,1
REACTOME_DISORDERS_OF_TRANSMEMBRANE_TRANSPORTERS,30,30,-0.08207034973144539,0.0036096569824218827,-0.08568000671386727,0.48836394126858795,0.9812535377153159,-1
REACTOME_FOXO_MEDIATED_TRANSCRIPTION_OF_CELL_DEATH_GENES,8,8,-0.08285709533691415,0.0011231823730468715,-0.08398027770996103,0.5586583599259938,0.9812535377153159,-1
REACTOME_RHOJ_GTPASE_CYCLE,10,10,-0.08382771118164065,0.0,-0.08382771118164065,0.5638817622350352,0.9812535377153159,-1
REACTOME_CIRCADIAN_CLOCK,21,21,-0.08314982788085945,0.0005615911865234358,-0.08371141906738289,0.3875375401158273,0.9812535377153159,-1
REACTOME_FGFR2_ALTERNATIVE_SPLICING,6,6,0.08246185180664059,-0.00047609771728518435,0.08293794952392577,0.4768986990161216,0.9812535377153159,1
REACTOME_CYCLIN_A_CDK2_ASSOCIATED_EVENTS_AT_S_PHASE_ENTRY,16,16,0.0807076881408691,-0.00047609771728518435,0.08118378585815428,0.4379404730869353,0.9812535377153159,1
REACTOME_CDC42_GTPASE_CYCLE,31,31,0.07977071166992183,-0.0006784521484375361,0.08044916381835937,0.48774232372463655,0.9812535377153159,1
REACTOME_RHOV_GTPASE_CYCLE,12,12,-0.07875929260253911,0.0011231823730468715,-0.07988247497558598,0.5122116755483967,0.9812535377153159,-1
REACTOME_PROCESSING_OF_CAPPED_INTRON_CONTAINING_PRE_MRNA,56,56,0.07682166809082025,-0.0028479040527343846,0.07966957214355463,0.3330100647145178,0.9812535377153159,1
REACTOME_MITOCHONDRIAL_TRANSLATION,24,24,0.07831798583984373,-0.0008003015136719416,0.07911828735351567,0.39428669907993363,0.9812535377153159,1
REACTOME_MRNA_SPLICING_MINOR_PATHWAY,14,14,-0.0752475085449219,0.0011231823730468715,-0.07637069091796878,0.4720453510891649,0.9812535377153159,-1
REACTOME_TRIGLYCERIDE_CATABOLISM,5,5,-0.07564211059570314,0.0005615911865234358,-0.07620370178222657,0.45831991579917236,0.9812535377153159,-1
REACTOME_SUMOYLATION_OF_CHROMATIN_ORGANIZATION_PROTEINS,20,20,-0.07262776184082037,0.0011231823730468715,-0.07375094421386724,0.4463171619170764,0.9812535377153159,-1
REACTOME_DEUBIQUITINATION,53,53,0.0722823120117187,-0.0005163502502441575,0.07279866226196285,0.38016789180622024,0.9812535377153159,1
REACTOME_NEGATIVE_EPIGENETIC_REGULATION_OF_RRNA_EXPRESSION,14,14,0.07222564025878905,0.0,0.07222564025878905,0.46910083177913364,0.9812535377153159,1
REACTOME_SIGNALLING_TO_ERKS,5,5,-0.06738400390624999,0.0022479626464843583,-0.06963196655273435,0.3290252771847082,0.9812535377153159,-1
REACTOME_NR1H2_AND_NR1H3_MEDIATED_SIGNALING,12,12,-0.06838140380859375,0.0,-0.06838140380859375,0.3754645646072424,0.9812535377153159,-1
REACTOME_POST_CHAPERONIN_TUBULIN_FOLDING_PATHWAY,5,5,-0.06523527587890632,0.0005615911865234358,-0.06579686706542975,0.5320039742113838,0.9812535377153159,-1
REACTOME_TOLL_LIKE_RECEPTOR_TLR1_TLR2_CASCADE,29,29,-0.06066179931640625,0.0022479626464843583,-0.06290976196289061,0.4019740237536026,0.9812535377153159,-1
REACTOME_NGF_STIMULATED_TRANSCRIPTION,11,11,0.0618973852539062,-0.00023804885864259218,0.06213543411254879,0.5525253998119086,0.9812535377153159,1
REACTOME_INITIATION_OF_NUCLEAR_ENVELOPE_NE_REFORMATION,5,5,0.06090796386718744,-0.0005163502502441575,0.0614243141174316,0.5226007913457297,0.9812535377153159,1
REACTOME_INTRA_GOLGI_AND_RETROGRADE_GOLGI_TO_ER_TRAFFIC,42,42,0.060317183532714785,-0.0008003015136719416,0.06111748504638673,0.4992405078353769,0.9812535377153159,1
REACTOME_TRANSCRIPTIONAL_REGULATION_BY_E2F6,14,14,-0.059711994018554704,0.0011231823730468715,-0.060835176391601575,0.5073949659995788,0.9812535377153159,-1
REACTOME_MRNA_SPLICING,44,44,0.05827720642089837,-0.002103903808593821,0.06038111022949219,0.5378681277042758,0.9812535377153159,1
REACTOME_SENSORY_PERCEPTION,33,33,-0.05624659301757817,0.003491199951171864,-0.059737792968750036,0.32095550296632847,0.9812535377153159,-1
REACTOME_PROCESSIVE_SYNTHESIS_ON_THE_C_STRAND_OF_THE_TELOMERE,10,10,0.05876208801269525,-0.0008003015136719416,0.05956238952636719,0.41033972450653233,0.9812535377153159,1
REACTOME_TRANSPORT_OF_MATURE_TRANSCRIPT_TO_CYTOPLASM,21,21,0.05540833007812496,-0.0010872772216797277,0.056495607299804684,0.45390365309965364,0.9812535377153159,1
REACTOME_HDR_THROUGH_HOMOLOGOUS_RECOMBINATION_HRR,21,21,0.054345844116210906,-0.0005163502502441575,0.054862194366455064,0.51691411242754,0.9812535377153159,1
REACTOME_HIV_ELONGATION_ARREST_AND_RECOVERY,7,7,-0.05269287109375009,0.0005615911865234358,-0.05325446228027353,0.5560322454130455,0.9812535377153159,-1
REACTOME_ACTIVATION_OF_THE_PRE_REPLICATIVE_COMPLEX,12,12,-0.051666986694336,0.0011231823730468715,-0.052790169067382875,0.5494811609099748,0.9812535377153159,-1
REACTOME_MAP2K_AND_MAPK_ACTIVATION,8,8,-0.04918555969238281,0.003372742919921845,-0.05255830261230465,0.5430137127244484,0.9812535377153159,-1
REACTOME_PYRUVATE_METABOLISM,8,8,-0.052284240722656306,0.0,-0.052284240722656306,0.5475116257498467,0.9812535377153159,-1
REACTOME_TRANSCRIPTIONAL_REGULATION_BY_TP53,90,90,-0.047379700927734414,0.0036096569824218827,-0.0509893579101563,0.5555971352106663,0.9812535377153159,-1
REACTOME_REGULATION_OF_RUNX1_EXPRESSION_AND_ACTIVITY,6,6,0.0493239135742187,-0.00047609771728518435,0.04980001129150388,0.5094447131415691,0.9812535377153159,1
REACTOME_HIV_INFECTION,44,44,0.048536723632812445,-0.0008003015136719416,0.04933702514648439,0.37132802656506003,0.9812535377153159,1
REACTOME_HIV_LIFE_CYCLE,32,32,0.048536723632812445,-0.0008003015136719416,0.04933702514648439,0.5695771100250966,0.9812535377153159,1
REACTOME_MITOTIC_G1_PHASE_AND_G1_S_TRANSITION,39,39,0.04807096038818354,-0.0005163502502441575,0.048587310638427694,0.38868490652475285,0.9812535377153159,1
REACTOME_INTERLEUKIN_2_FAMILY_SIGNALING,14,14,0.047780633239746045,-0.0008003015136719416,0.04858093475341799,0.39354218516549944,0.9812535377153159,1
REACTOME_FCGR3A_MEDIATED_IL10_SYNTHESIS,12,12,-0.0466707214355469,0.0011231823730468715,-0.047793903808593774,0.5105494831852091,0.9812535377153159,-1
REACTOME_SIGNALING_BY_NTRKS,27,27,-0.04549470825195312,0.0022479626464843583,-0.04774267089843748,0.4835955003196428,0.9812535377153159,-1
REACTOME_GLYOXYLATE_METABOLISM_AND_GLYCINE_DEGRADATION,7,7,-0.045366460571289124,0.0022479626464843583,-0.04761442321777348,0.5273333385299396,0.9812535377153159,-1
REACTOME_METABOLISM_OF_RNA,150,150,0.0414570727539062,-0.003880357666015688,0.04533743041992189,0.4347821922122177,0.9812535377153159,1
REACTOME_PKMTS_METHYLATE_HISTONE_LYSINES,9,9,-0.04297339477539064,0.0022479626464843583,-0.045221357421875,0.5473683646717462,0.9812535377153159,-1
REACTOME_DNA_REPAIR,80,80,-0.03952726623535158,0.0037989294433593557,-0.04332619567871093,0.468441228728932,0.9812535377153159,-1
REACTOME_ABC_FAMILY_PROTEINS_MEDIATED_TRANSPORT,17,17,-0.04038948486328131,0.0005615911865234358,-0.04095107604980475,0.5671503748929804,0.9812535377153159,-1
REACTOME_ABERRANT_REGULATION_OF_MITOTIC_G1_S_TRANSITION_IN_CANCER_DUE_TO_RB1_DEFECTS,7,7,0.040433662109374935,-0.00023804885864259218,0.04067171096801753,0.5244313338689345,0.9812535377153159,1
REACTOME_CYCLIN_D_ASSOCIATED_EVENTS_IN_G1,17,17,0.040433662109374935,-0.00023804885864259218,0.04067171096801753,0.4954489062387254,0.9812535377153159,1
REACTOME_B_WICH_COMPLEX_POSITIVELY_REGULATES_RRNA_EXPRESSION,7,7,-0.03577956542968752,0.003491199951171864,-0.039270765380859385,0.5182906972511856,0.9812535377153159,-1
REACTOME_SIGNALING_BY_CYTOSOLIC_FGFR1_FUSION_MUTANTS,5,5,0.036435882568359335,-0.0005163502502441575,0.03695223281860349,0.4691360148455198,0.9812535377153159,1
REACTOME_SUMOYLATION_OF_RNA_BINDING_PROTEINS,16,16,-0.03480808715820316,0.0,-0.03480808715820316,0.5436611561323903,0.9812535377153159,-1
REACTOME_METABOLISM_OF_VITAMINS_AND_COFACTORS,40,40,-0.034182726440429745,0.0,-0.034182726440429745,0.4860665092158729,0.9812535377153159,-1
REACTOME_RESOLUTION_OF_ABASIC_SITES_AP_SITES,18,18,-0.02951154663085942,0.003372742919921845,-0.032884289550781265,0.38814311853708894,0.9812535377153159,-1
REACTOME_RHO_GTPASE_CYCLE,95,95,0.03163593749999993,-0.0006784521484375361,0.03231438964843747,0.5663870908724818,0.9812535377153159,1
REACTOME_RRNA_PROCESSING,40,40,-0.030166322021484393,0.0011231823730468715,-0.031289504394531265,0.5182679133042737,0.9812535377153159,-1
REACTOME_SIGNALING_BY_GPCR,148,148,0.029238446044921818,-0.0013742529296875139,0.03061269897460933,0.38796900942817425,0.9812535377153159,1
REACTOME_RESOLUTION_OF_SISTER_CHROMATID_COHESION,33,33,0.02950661254882808,-0.0005163502502441575,0.03002296279907224,0.4552518768593018,0.9812535377153159,1
REACTOME_SIGNALING_BY_FGFR1_IN_DISEASE,8,8,0.0292682464599609,-0.0005566027832031306,0.02982484924316403,0.5642712212828255,0.9812535377153159,1
REACTOME_MITOCHONDRIAL_IRON_SULFUR_CLUSTER_BIOGENESIS,5,5,-0.027311679687500034,0.0022479626464843583,-0.029559642333984393,0.5466930983151297,0.9812535377153159,-1
REACTOME_VESICLE_MEDIATED_TRANSPORT,131,131,0.02729116821289057,-0.0010872772216797277,0.0283784454345703,0.36188452015041683,0.9812535377153159,1
REACTOME_CONSTITUTIVE_SIGNALING_BY_AKT1_E17K_IN_CANCER,5,5,0.026918094482421828,-0.00023804885864259218,0.02715614334106442,0.42400292912804016,0.9812535377153159,1
REACTOME_MEIOTIC_SYNAPSIS,16,16,0.026359965209960895,-0.00047609771728518435,0.02683606292724608,0.4758769410825302,0.9812535377153159,1
REACTOME_DEFECTIVE_INTRINSIC_PATHWAY_FOR_APOPTOSIS,7,7,0.025188267822265575,-0.00023804885864259218,0.025426316680908168,0.449485359617176,0.9812535377153159,1
REACTOME_DISEASES_OF_PROGRAMMED_CELL_DEATH,13,13,0.025188267822265575,-0.00023804885864259218,0.025426316680908168,0.3460121429756897,0.9812535377153159,1
REACTOME_CARDIAC_CONDUCTION,15,15,-0.024821154174804683,0.0005615911865234358,-0.02538274536132812,0.4585819831434167,0.9812535377153159,-1
REACTOME_MITOTIC_SPINDLE_CHECKPOINT,32,32,0.02182852081298825,-0.00047609771728518435,0.022304618530273435,0.49252155916561147,0.9812535377153159,1
REACTOME_POLB_DEPENDENT_LONG_PATCH_BASE_EXCISION_REPAIR,5,5,-0.017841542968750068,0.0022479626464843583,-0.020089505615234426,0.5251572898037694,0.9812535377153159,-1
REACTOME_MITOTIC_PROMETAPHASE,58,58,0.018217381896972612,-0.00047609771728518435,0.018693479614257796,0.5285345533821244,0.9812535377153159,1
REACTOME_MEMBRANE_TRAFFICKING,122,122,0.01731525634765621,-0.0005566027832031306,0.01787185913085934,0.5216272173909096,0.9812535377153159,1
REACTOME_DEPOSITION_OF_NEW_CENPA_CONTAINING_NUCLEOSOMES_AT_THE_CENTROMERE,8,8,-0.01572404724121096,0.0011231823730468715,-0.01684722961425783,0.5130404551461408,0.9812535377153159,-1
REACTOME_CA2_PATHWAY,23,23,0.016131906738281188,-0.0005163502502441575,0.016648256988525345,0.3645101495948242,0.9812535377153159,1
REACTOME_REGULATION_OF_INSULIN_SECRETION,19,19,-0.015900481567382885,0.0005615911865234358,-0.01646207275390632,0.5343259319033822,0.9812535377153159,-1
REACTOME_CD209_DC_SIGN_SIGNALING,5,5,0.016131906738281188,-0.00023804885864259218,0.01636995559692378,0.41451987011091873,0.9812535377153159,1
REACTOME_DOWNSTREAM_SIGNALING_OF_ACTIVATED_FGFR2,5,5,0.016131906738281188,-0.00023804885864259218,0.01636995559692378,0.5695176693963525,0.9812535377153159,1
REACTOME_SHC1_EVENTS_IN_ERBB2_SIGNALING,5,5,0.016131906738281188,-0.00023804885864259218,0.01636995559692378,0.5527960125978367,0.9812535377153159,1
REACTOME_CELL_CYCLE,176,176,0.012654057617187464,-0.0008003015136719416,0.013454359130859406,0.3983775521948756,0.9812535377153159,1
REACTOME_TRANSPORT_TO_THE_GOLGI_AND_SUBSEQUENT_MODIFICATION,33,33,-0.012728001708984471,0.0005615911865234358,-0.013289592895507907,0.32171946790687567,0.9812535377153159,-1
REACTOME_NRAGE_SIGNALS_DEATH_THROUGH_JNK,20,20,-0.012675889282226627,0.0,-0.012675889282226627,0.518979725476465,0.9812535377153159,-1
REACTOME_BETA_CATENIN_INDEPENDENT_WNT_SIGNALING,30,30,0.01183801727294917,-0.00047609771728518435,0.012314114990234354,0.3661109212166286,0.9812535377153159,1
REACTOME_HEMOSTASIS,146,146,0.01183801727294917,-0.00047609771728518435,0.012314114990234354,0.3383244543554994,0.9812535377153159,1
REACTOME_MITOCHONDRIAL_PROTEIN_IMPORT,15,15,0.00876274536132804,-0.00023804885864259218,0.009000794219970631,0.4112135788673097,0.9812535377153159,1
REACTOME_PRESYNAPTIC_FUNCTION_OF_KAINATE_RECEPTORS,9,9,0.007544127807617151,-0.00023804885864259218,0.007782176666259744,0.46208302600073725,0.9812535377153159,1
REACTOME_BASE_EXCISION_REPAIR_AP_SITE_FORMATION,8,8,-0.0068249438476562785,0.0,-0.0068249438476562785,0.45789942729853333,0.9812535377153159,-1
REACTOME_INTEGRATION_OF_ENERGY_METABOLISM,24,24,-0.004178176879882867,0.0,-0.004178176879882867,0.43515000153521777,0.9812535377153159,-1
REACTOME_RUNX1_REGULATES_TRANSCRIPTION_OF_GENES_INVOLVED_IN_DIFFERENTIATION_OF_HSCS,13,13,-0.0023822216796874907,0.0005615911865234358,-0.0029438128662109264,0.44317744902204914,0.9812535377153159,-1
REACTOME_FCGAMMA_RECEPTOR_FCGR_DEPENDENT_PHAGOCYTOSIS,18,18,-0.0022729397583008404,0.0,-0.0022729397583008404,0.5703608938084279,0.9812535377153159,-1
REACTOME_MET_PROMOTES_CELL_MOTILITY,5,5,-0.0008003015136719416,0.0005615911865234358,-0.0013618927001953773,0.4858120822557955,0.9812535377153159,-1
REACTOME_SUMOYLATION,52,52,0.000588473510742149,0.0,0.000588473510742149,0.3565794296939766,0.9812535377153159,1
REACTOME_RECYCLING_PATHWAY_OF_L1,9,9,0.1807720141601562,-0.0005163502502441575,0.18128836441040036,0.5741553265671471,0.9817706699718154,1
REACTOME_ACTIVATION_OF_ATR_IN_RESPONSE_TO_REPLICATION_STRESS,12,12,-0.11678460998535162,0.0011231823730468715,-0.11790779235839849,0.5738747635840732,0.9817706699718154,-1
REACTOME_SUMOYLATION_OF_SUMOYLATION_PROTEINS,10,10,0.10266554077148432,-0.0005566027832031306,0.10322214355468745,0.5725157017449193,0.9817706699718154,1
REACTOME_RHOQ_GTPASE_CYCLE,11,11,-0.25934887573242194,0.0005615911865234358,-0.25991046691894537,0.5780770708813898,0.9822397786612207,-1
REACTOME_PHASE_I_FUNCTIONALIZATION_OF_COMPOUNDS,11,11,-0.10698336303710942,0.0005615911865234358,-0.10754495422363286,0.5786921583459843,0.9822397786612207,-1
REACTOME_FC_EPSILON_RECEPTOR_FCERI_SIGNALING,32,32,0.05759629180908196,-0.0005566027832031306,0.05815289459228509,0.5786020341144975,0.9822397786612207,1
REACTOME_REGULATION_OF_PLK1_ACTIVITY_AT_G2_M_TRANSITION,25,25,-0.03144918212890624,0.0005615911865234358,-0.032010773315429675,0.579090355865512,0.9822397786612207,-1
REACTOME_OTHER_INTERLEUKIN_SIGNALING,5,5,0.6380537091064453,-0.00023804885864259218,0.638291757965088,0.6643300721278699,0.9827217156097856,1
REACTOME_DETOXIFICATION_OF_REACTIVE_OXYGEN_SPECIES,5,5,0.4335613794708252,-0.00023804885864259218,0.4337994283294678,0.6118255819618859,0.9827217156097856,1
REACTOME_BINDING_AND_UPTAKE_OF_LIGANDS_BY_SCAVENGER_RECEPTORS,11,11,0.36659503293991086,-0.00023804885864259218,0.36683308179855345,0.60668386021916,0.9827217156097856,1
REACTOME_EGR2_AND_SOX10_MEDIATED_INITIATION_OF_SCHWANN_CELL_MYELINATION,6,6,-0.25695103637695316,0.0011231823730468715,-0.25807421875000003,0.6271563396151029,0.9827217156097856,-1
REACTOME_INTERCONVERSION_OF_NUCLEOTIDE_DI_AND_TRIPHOSPHATES,10,10,0.24723518739700315,-0.00047609771728518435,0.24771128511428833,0.6192582310230907,0.9827217156097856,1
REACTOME_DISEASES_ASSOCIATED_WITH_O_GLYCOSYLATION_OF_PROTEINS,9,9,0.24657333892822259,-0.00023804885864259218,0.24681138778686518,0.6207149722857757,0.9827217156097856,1
REACTOME_SUMOYLATION_OF_INTRACELLULAR_RECEPTORS,8,8,0.24588713371276852,-0.00047609771728518435,0.2463632314300537,0.6269314410030614,0.9827217156097856,1
REACTOME_RHO_GTPASES_ACTIVATE_WASPS_AND_WAVES,6,6,-0.21623150512695316,0.0011231823730468715,-0.21735468750000003,0.6765325560031898,0.9827217156097856,-1
REACTOME_CD28_CO_STIMULATION,10,10,0.1937037816238403,-0.00047609771728518435,0.1941798793411255,0.65426256547049,0.9827217156097856,1
REACTOME_DEGRADATION_OF_GLI1_BY_THE_PROTEASOME,7,7,0.18913349914550776,-0.00023804885864259218,0.18937154800415035,0.6151306190303689,0.9827217156097856,1
REACTOME_NEGATIVE_REGULATORS_OF_DDX58_IFIH1_SIGNALING,11,11,0.18913349914550776,-0.00023804885864259218,0.18937154800415035,0.6343031526801584,0.9827217156097856,1
REACTOME_HEDGEHOG_OFF_STATE,18,18,0.17851996597290035,-0.00047609771728518435,0.17899606369018553,0.651770204909569,0.9827217156097856,1
REACTOME_SIGNALING_BY_NOTCH1_PEST_DOMAIN_MUTANTS_IN_CANCER,12,12,0.17503026245117184,-0.0005566027832031306,0.17558686523437497,0.6847506097286686,0.9827217156097856,1
REACTOME_COMMON_PATHWAY_OF_FIBRIN_CLOT_FORMATION,5,5,0.16839558593749998,-0.00023804885864259218,0.16863363479614257,0.6511632532463393,0.9827217156097856,1
REACTOME_RHO_GTPASES_ACTIVATE_IQGAPS,5,5,0.16790643280029294,-0.00023804885864259218,0.16814448165893553,0.692868811136319,0.9827217156097856,1
REACTOME_SPHINGOLIPID_METABOLISM,14,14,-0.14913214172363287,0.0,-0.14913214172363287,0.6716296157871509,0.9827217156097856,-1
REACTOME_AUTOPHAGY,30,30,0.14187144088745113,-0.0005566027832031306,0.14242804367065426,0.6453981716817866,0.9827217156097856,1
REACTOME_ION_TRANSPORT_BY_P_TYPE_ATPASES,10,10,0.13833625320434567,0.0,0.13833625320434567,0.6546030278989248,0.9827217156097856,1
REACTOME_RESPONSE_OF_EIF2AK4_GCN2_TO_AMINO_ACID_DEFICIENCY,8,8,0.13342613647460935,-0.00047609771728518435,0.13390223419189454,0.6272997507162126,0.9827217156097856,1
REACTOME_PLATELET_CALCIUM_HOMEOSTASIS,5,5,-0.12838460937500007,0.0022479626464843583,-0.13063257202148443,0.6737949035657133,0.9827217156097856,-1
REACTOME_G1_S_SPECIFIC_TRANSCRIPTION,13,13,0.12098171417236325,-0.00023804885864259218,0.12121976303100584,0.6609674141321442,0.9827217156097856,1
REACTOME_TRANSCRIPTION_OF_E2F_TARGETS_UNDER_NEGATIVE_CONTROL_BY_P107_RBL1_AND_P130_RBL2_IN_COMPLEX_WITH_HDAC1,7,7,0.12098171417236325,-0.00023804885864259218,0.12121976303100584,0.6840210288434948,0.9827217156097856,1
REACTOME_EUKARYOTIC_TRANSLATION_ELONGATION,5,5,0.12081909484863279,-0.00023804885864259218,0.12105714370727538,0.5819821840105593,0.9827217156097856,1
REACTOME_CLEC7A_DECTIN_1_INDUCES_NFAT_ACTIVATION,5,5,-0.11730326660156254,0.0022479626464843583,-0.1195512292480469,0.6246752460712073,0.9827217156097856,-1
REACTOME_CLATHRIN_MEDIATED_ENDOCYTOSIS,27,27,-0.11730314819335941,0.0022479626464843583,-0.11955111083984377,0.6793948594265313,0.9827217156097856,-1
REACTOME_SMAD2_SMAD3_SMAD4_HETEROTRIMER_REGULATES_TRANSCRIPTION,10,10,0.11260748260498044,-0.00047609771728518435,0.11308358032226562,0.5938810823798075,0.9827217156097856,1
REACTOME_FATTY_ACID_METABOLISM,37,37,-0.10867694458007815,0.00364149719238277,-0.11231844177246092,0.6532351892424744,0.9827217156097856,-1
REACTOME_ZINC_TRANSPORTERS,5,5,-0.10973071411132818,0.0005615911865234358,-0.11029230529785161,0.6596162513558974,0.9827217156097856,-1
REACTOME_SIGNALING_BY_NOTCH4,6,6,0.10717742874145503,0.0,0.10717742874145503,0.6053247136217376,0.9827217156097856,1
REACTOME_SIALIC_ACID_METABOLISM,10,10,-0.10575698425292973,0.0011231823730468715,-0.1068801666259766,0.6146090912965896,0.9827217156097856,-1
REACTOME_P75_NTR_RECEPTOR_MEDIATED_SIGNALLING,29,29,0.10534840576171872,-0.0006784521484375361,0.10602685791015626,0.6228273787930468,0.9827217156097856,1
REACTOME_TNFS_BIND_THEIR_PHYSIOLOGICAL_RECEPTORS,15,15,0.10395533325195311,-0.0005163502502441575,0.10447168350219727,0.690869407986447,0.9827217156097856,1
REACTOME_RNA_POLYMERASE_III_TRANSCRIPTION,14,14,0.10378571166992184,-0.00047609771728518435,0.10426180938720703,0.6262931968451619,0.9827217156097856,1
REACTOME_TRANSLESION_SYNTHESIS_BY_POLH,9,9,0.0947238092041015,-0.00023804885864259218,0.0949618580627441,0.5850412352170241,0.9827217156097856,1
REACTOME_IRON_UPTAKE_AND_TRANSPORT,15,15,0.0935192932128906,-0.0005163502502441575,0.09403564346313475,0.6267206814992914,0.9827217156097856,1
REACTOME_PI3K_EVENTS_IN_ERBB2_SIGNALING,5,5,0.0923612072753906,-0.00023804885864259218,0.09259925613403319,0.6191548500694781,0.9827217156097856,1
REACTOME_MYD88_INDEPENDENT_TLR4_CASCADE,24,24,0.08661771728515621,-0.00047609771728518435,0.0870938150024414,0.5929437614015005,0.9827217156097856,1
REACTOME_RHO_GTPASE_EFFECTORS,52,52,-0.08007804443359379,0.0036096569824218827,-0.08368770141601567,0.6811416715032733,0.9827217156097856,-1
REACTOME_REGULATION_OF_EXPRESSION_OF_SLITS_AND_ROBOS,18,18,0.0831585427856445,-0.00047609771728518435,0.08363464050292968,0.5908630904058281,0.9827217156097856,1
REACTOME_MITOCHONDRIAL_CALCIUM_ION_TRANSPORT,5,5,-0.08272916687011722,0.0005615911865234358,-0.08329075805664066,0.6833082503753372,0.9827217156097856,-1
REACTOME_DOWNREGULATION_OF_SMAD2_3_SMAD4_TRANSCRIPTIONAL_ACTIVITY,8,8,-0.07841896179199226,0.0011231823730468715,-0.07954214416503913,0.6068142718854747,0.9827217156097856,-1
REACTOME_RHOC_GTPASE_CYCLE,16,16,-0.07931451354980476,0.0,-0.07931451354980476,0.6913093766720089,0.9827217156097856,-1
REACTOME_G2_M_CHECKPOINTS,24,24,-0.07181161193847663,0.003372742919921845,-0.07518435485839847,0.6439386439880685,0.9827217156097856,-1
REACTOME_CONVERSION_FROM_APC_C_CDC20_TO_APC_C_CDH1_IN_LATE_ANAPHASE,6,6,-0.07270550842285162,0.0011231823730468715,-0.07382869079589849,0.6739211611837396,0.9827217156097856,-1
REACTOME_PHOSPHORYLATION_OF_THE_APC_C,6,6,-0.07270550842285162,0.0011231823730468715,-0.07382869079589849,0.6739211611837396,0.9827217156097856,-1
REACTOME_DNA_DAMAGE_TELOMERE_STRESS_INDUCED_SENESCENCE,5,5,0.07319792968749994,-0.0005163502502441575,0.0737142799377441,0.6209927648889466,0.9827217156097856,1
REACTOME_CELL_CELL_COMMUNICATION,18,18,0.07203096038818355,-0.0005566027832031306,0.07258756317138668,0.6907962719648165,0.9827217156097856,1
REACTOME_RAB_GEFS_EXCHANGE_GTP_FOR_GDP_ON_RABS,18,18,-0.07045363037109381,0.0011231823730468715,-0.07157681274414068,0.6231070735233328,0.9827217156097856,-1
REACTOME_NEGATIVE_REGULATION_OF_FGFR1_SIGNALING,5,5,-0.06738400390624999,0.0005615911865234358,-0.06794559509277343,0.6008998748971554,0.9827217156097856,-1
REACTOME_NEGATIVE_REGULATION_OF_FGFR2_SIGNALING,5,5,-0.06738400390624999,0.0005615911865234358,-0.06794559509277343,0.6008998748971554,0.9827217156097856,-1
REACTOME_RESOLUTION_OF_D_LOOP_STRUCTURES_THROUGH_SYNTHESIS_DEPENDENT_STRAND_ANNEALING_SDSA,6,6,-0.06563514160156253,0.0011231823730468715,-0.0667583239746094,0.6962342833457755,0.9827217156097856,-1
REACTOME_SIGNALING_BY_ROBO_RECEPTORS,29,29,-0.06592987915039061,0.0005615911865234358,-0.06649147033691405,0.6492115247881751,0.9827217156097856,-1
REACTOME_GENE_SILENCING_BY_RNA,21,21,0.05821416503906246,-0.0010872772216797277,0.05930144226074219,0.6246842745923009,0.9827217156097856,1
REACTOME_G_PROTEIN_MEDIATED_EVENTS,9,9,-0.05624659301757817,0.0022479626464843583,-0.05849455566406253,0.676827144706077,0.9827217156097856,-1
REACTOME_METABOLISM_OF_NUCLEOTIDES,26,26,0.058007722167968706,-0.00047609771728518435,0.05848381988525389,0.6681399588307596,0.9827217156097856,1
REACTOME_RUNX1_REGULATES_GENES_INVOLVED_IN_MEGAKARYOCYTE_DIFFERENTIATION_AND_PLATELET_FUNCTION,13,13,0.05821416503906246,-0.00023804885864259218,0.05845221389770505,0.6513956094940841,0.9827217156097856,1
REACTOME_VIRAL_MESSENGER_RNA_SYNTHESIS,13,13,0.05540833007812496,-0.0006784521484375361,0.05608678222656249,0.6227354687046462,0.9827217156097856,1
REACTOME_INTERACTIONS_OF_REV_WITH_HOST_CELLULAR_PROTEINS,9,9,0.05540833007812496,-0.0005163502502441575,0.055924680328369114,0.6558667319680895,0.9827217156097856,1
REACTOME_INTERACTIONS_OF_VPR_WITH_HOST_CELLULAR_PROTEINS,11,11,0.05540833007812496,-0.0005163502502441575,0.055924680328369114,0.6010372797728329,0.9827217156097856,1
REACTOME_NUCLEAR_IMPORT_OF_REV_PROTEIN,9,9,0.05540833007812496,-0.0005163502502441575,0.055924680328369114,0.6558667319680895,0.9827217156097856,1
REACTOME_NUCLEAR_PORE_COMPLEX_NPC_DISASSEMBLY,9,9,0.05540833007812496,-0.0005163502502441575,0.055924680328369114,0.6558667319680895,0.9827217156097856,1
REACTOME_REGULATION_OF_GLUCOKINASE_BY_GLUCOKINASE_REGULATORY_PROTEIN,9,9,0.05540833007812496,-0.0005163502502441575,0.055924680328369114,0.6558667319680895,0.9827217156097856,1
REACTOME_TRANSPORT_OF_THE_SLBP_DEPENDANT_MATURE_MRNA,9,9,0.05540833007812496,-0.0005163502502441575,0.055924680328369114,0.6558667319680895,0.9827217156097856,1
REACTOME_FORMATION_OF_THE_EARLY_ELONGATION_COMPLEX,9,9,-0.05269287109375009,0.0005615911865234358,-0.05325446228027353,0.6263404571976787,0.9827217156097856,-1
REACTOME_SELENOAMINO_ACID_METABOLISM,12,12,0.05322695861816401,0.0,0.05322695861816401,0.6863338282952596,0.9827217156097856,1
REACTOME_TRANSLATION,52,52,0.05097921569824215,-0.0008003015136719416,0.051779517211914095,0.6324161275320735,0.9827217156097856,1
REACTOME_VISUAL_PHOTOTRANSDUCTION,20,20,0.05113797332763667,0.0,0.05113797332763667,0.6931587353479549,0.9827217156097856,1
REACTOME_INHIBITION_OF_DNA_RECOMBINATION_AT_TELOMERE,8,8,0.05036479614257808,-0.0005566027832031306,0.05092139892578121,0.6443374361129589,0.9827217156097856,1
REACTOME_PCNA_DEPENDENT_LONG_PATCH_BASE_EXCISION_REPAIR,10,10,0.049336045227050734,-0.00047609771728518435,0.04981214294433592,0.6949165941578614,0.9827217156097856,1
REACTOME_BRANCHED_CHAIN_AMINO_ACID_CATABOLISM,6,6,-0.04246522827148441,0.003372742919921845,-0.04583797119140626,0.6078271844814671,0.9827217156097856,-1
REACTOME_NONSENSE_MEDIATED_DECAY_NMD,13,13,0.0454979907226562,-0.00023804885864259218,0.04573603958129879,0.6681829406318072,0.9827217156097856,1
REACTOME_ACTIVATION_OF_ANTERIOR_HOX_GENES_IN_HINDBRAIN_DEVELOPMENT_DURING_EARLY_EMBRYOGENESIS,21,21,0.044748227539062435,-0.0006784521484375361,0.04542667968749997,0.6904852230327405,0.9827217156097856,1
REACTOME_SELECTIVE_AUTOPHAGY,16,16,0.04378816146850584,0.0,0.04378816146850584,0.6957197351324235,0.9827217156097856,1
REACTOME_RECRUITMENT_OF_NUMA_TO_MITOTIC_CENTROSOMES,28,28,0.042244642944335914,0.0,0.042244642944335914,0.6506177534525068,0.9827217156097856,1
REACTOME_SIGNALING_BY_PTK6,17,17,0.040433662109374935,-0.0006784521484375361,0.04111211425781247,0.6730989659962461,0.9827217156097856,1
REACTOME_ABC_TRANSPORTER_DISORDERS,11,11,-0.04038948486328131,0.0005615911865234358,-0.04095107604980475,0.6035439418854096,0.9827217156097856,-1
REACTOME_PROCESSING_OF_CAPPED_INTRONLESS_PRE_MRNA,9,9,0.04036970703124998,-0.0005163502502441575,0.04088605728149414,0.6334029735271863,0.9827217156097856,1
REACTOME_PROCESSING_OF_INTRONLESS_PRE_MRNAS,9,9,0.04036970703124998,-0.0005163502502441575,0.04088605728149414,0.6334029735271863,0.9827217156097856,1
REACTOME_FCERI_MEDIATED_MAPK_ACTIVATION,10,10,-0.0374220172119141,0.0,-0.0374220172119141,0.6945681480304593,0.9827217156097856,-1
REACTOME_SARS_COV_2_INFECTION,19,19,-0.03423522094726572,0.0005615911865234358,-0.03479681213378916,0.6394236210206368,0.9827217156097856,-1
REACTOME_CELL_SURFACE_INTERACTIONS_AT_THE_VASCULAR_WALL,36,36,0.033855363464355415,-0.00047609771728518435,0.0343314611816406,0.6033288639959791,0.9827217156097856,1
REACTOME_MHC_CLASS_II_ANTIGEN_PRESENTATION,32,32,-0.03417813415527349,0.0,-0.03417813415527349,0.666340967078836,0.9827217156097856,-1
REACTOME_SIGNALING_BY_ERYTHROPOIETIN,10,10,0.03298058166503903,-0.0005566027832031306,0.03353718444824216,0.6269292032083921,0.9827217156097856,1
REACTOME_COPI_MEDIATED_ANTEROGRADE_TRANSPORT,15,15,-0.03189446899414072,0.0005615911865234358,-0.03245606018066416,0.5959051671006351,0.9827217156097856,-1
REACTOME_SENSORY_PROCESSING_OF_SOUND,9,9,-0.03189446899414072,0.0005615911865234358,-0.03245606018066416,0.664869400634789,0.9827217156097856,-1
REACTOME_RECRUITMENT_OF_MITOTIC_CENTROSOME_PROTEINS_AND_COMPLEXES,25,25,-0.03144918212890624,0.0005615911865234358,-0.032010773315429675,0.6832243913294154,0.9827217156097856,-1
REACTOME_RHOBTB_GTPASE_CYCLE,7,7,0.03163593749999993,-0.00023804885864259218,0.031873986358642525,0.6474252419996337,0.9827217156097856,1
REACTOME_HIV_TRANSCRIPTION_INITIATION,12,12,0.028826912841796837,-0.00047609771728518435,0.02930301055908202,0.6512112289741537,0.9827217156097856,1
REACTOME_GOLGI_ASSOCIATED_VESICLE_BIOGENESIS,15,15,-0.025930885009765703,0.0022479626464843583,-0.02817884765625006,0.6185449311117548,0.9827217156097856,-1
REACTOME_ABORTIVE_ELONGATION_OF_HIV_1_TRANSCRIPT_IN_THE_ABSENCE_OF_TAT,6,6,-0.023893123168945374,0.0,-0.023893123168945374,0.6971145740624577,0.9827217156097856,-1
REACTOME_POTASSIUM_CHANNELS,12,12,-0.020360817871093784,0.0011231823730468715,-0.021484000244140655,0.6630461492314181,0.9827217156097856,-1
REACTOME_METABOLISM_OF_LIPIDS,166,166,-0.017173753662109437,0.003372742919921845,-0.02054649658203128,0.6545702535028977,0.9827217156097856,-1
REACTOME_SIGNALING_BY_KIT_IN_DISEASE,6,6,0.019116258544921827,-0.00047609771728518435,0.01959235626220701,0.6953543818631034,0.9827217156097856,1
REACTOME_CLEC7A_DECTIN_1_SIGNALING,17,17,-0.0145263232421875,0.0005615911865234358,-0.015087914428710936,0.598217355660223,0.9827217156097856,-1
REACTOME_THROMBIN_SIGNALLING_THROUGH_PROTEINASE_ACTIVATED_RECEPTORS_PARS,9,9,0.007544127807617151,-0.00023804885864259218,0.007782176666259744,0.6681223164651194,0.9827217156097856,1
REACTOME_RHO_GTPASES_ACTIVATE_FORMINS,33,33,0.006928151245117142,-0.00023804885864259218,0.0071662001037597345,0.6699255406214981,0.9827217156097856,1
REACTOME_BASE_EXCISION_REPAIR,21,21,-0.005591892089843786,0.0005615911865234358,-0.006153483276367222,0.5884405662319201,0.9827217156097856,-1
REACTOME_MEIOSIS,22,22,0.005644811859130822,0.0,0.005644811859130822,0.6341839029965521,0.9827217156097856,1
REACTOME_ESTROGEN_DEPENDENT_GENE_EXPRESSION,29,29,0.004906624755859346,-0.00023804885864259218,0.005144673614501938,0.6856267009562688,0.9827217156097856,1
REACTOME_FORMATION_OF_TC_NER_PRE_INCISION_COMPLEX,13,13,0.004906624755859346,-0.00023804885864259218,0.005144673614501938,0.5829354438106742,0.9827217156097856,1
REACTOME_GAMMA_CARBOXYLATION_HYPUSINE_FORMATION_AND_ARYLSULFATASE_ACTIVATION,13,13,0.003372742919921845,-0.00023804885864259218,0.0036107917785644372,0.612529994468474,0.9827217156097856,1
REACTOME_TRANSPORT_OF_BILE_SALTS_AND_ORGANIC_ACIDS_METAL_IONS_AND_AMINE_COMPOUNDS,11,11,-0.10973071411132818,0.0005615911865234358,-0.11029230529785161,0.698707766469508,0.9833232840297083,-1
REACTOME_ROLE_OF_PHOSPHOLIPIDS_IN_PHAGOCYTOSIS,8,8,-0.0022729397583008404,0.0,-0.0022729397583008404,0.7011173431155409,0.985069867077335,-1
REACTOME_REPRESSION_OF_WNT_TARGET_GENES,6,6,0.1766099389648437,-0.00047609771728518435,0.17708603668212888,0.7447496648189503,0.9853124951868683,1
REACTOME_DEACTIVATION_OF_THE_BETA_CATENIN_TRANSACTIVATING_COMPLEX,12,12,0.17250821723937984,-0.0005566027832031306,0.17306482002258297,0.7354164002936076,0.9853124951868683,1
REACTOME_TIGHT_JUNCTION_INTERACTIONS,7,7,0.15022220703124994,-0.0005163502502441575,0.1507385572814941,0.7110207913432588,0.9853124951868683,1
REACTOME_HEDGEHOG_ON_STATE,11,11,0.1395994946289062,-0.0005163502502441575,0.14011584487915035,0.7530309886723645,0.9853124951868683,1
REACTOME_DEGRADATION_OF_DVL,6,6,0.1376213142395019,0.0,0.1376213142395019,0.7515071443275717,0.9853124951868683,1
REACTOME_FORMATION_OF_FIBRIN_CLOT_CLOTTING_CASCADE,8,8,0.1255562574768066,-0.00047609771728518435,0.12603235519409178,0.7122947236428885,0.9853124951868683,1
REACTOME_CDC6_ASSOCIATION_WITH_THE_ORC_ORIGIN_COMPLEX,5,5,0.12098171417236325,-0.00023804885864259218,0.12121976303100584,0.754593024443926,0.9853124951868683,1
REACTOME_THE_ROLE_OF_NEF_IN_HIV_1_REPLICATION_AND_DISEASE_PATHOGENESIS,8,8,0.12072265411376948,0.0,0.12072265411376948,0.7446084049825084,0.9853124951868683,1
REACTOME_CARGO_TRAFFICKING_TO_THE_PERICILIARY_MEMBRANE,11,11,-0.11815587402343752,0.0005615911865234358,-0.11871746520996096,0.7366926148107413,0.9853124951868683,-1
REACTOME_FATTY_ACYL_COA_BIOSYNTHESIS,10,10,0.10966679679870603,0.0,0.10966679679870603,0.7159389462367818,0.9853124951868683,1
REACTOME_ACTIVATION_OF_BH3_ONLY_PROTEINS,7,7,0.10534840576171872,-0.00023804885864259218,0.10558645462036131,0.7143179841641171,0.9853124951868683,1
REACTOME_TRANSCRIPTIONAL_REGULATION_BY_MECP2,15,15,-0.10289667602539065,0.0005615911865234358,-0.10345826721191409,0.7494136242877081,0.9853124951868683,-1
REACTOME_SIGNALING_BY_RETINOIC_ACID,11,11,0.09660783905029291,-0.0006784521484375361,0.09728629119873045,0.7602144544958068,0.9853124951868683,1
REACTOME_RETROGRADE_TRANSPORT_AT_THE_TRANS_GOLGI_NETWORK,13,13,0.093343198852539,-0.0005163502502441575,0.09385954910278316,0.7232395806042284,0.9853124951868683,1
REACTOME_CLASS_I_PEROXISOMAL_MEMBRANE_PROTEIN_IMPORT,6,6,0.09295724487304682,-0.0005566027832031306,0.09351384765624995,0.729502527184623,0.9853124951868683,1
REACTOME_E2F_MEDIATED_REGULATION_OF_DNA_REPLICATION,8,8,-0.08814388244628912,0.0011231823730468715,-0.089267064819336,0.7595522196106832,0.9853124951868683,-1
REACTOME_APC_C_CDC20_MEDIATED_DEGRADATION_OF_CYCLIN_B,8,8,0.0880705232238769,0.0,0.0880705232238769,0.7215903051754369,0.9853124951868683,1
REACTOME_L1CAM_INTERACTIONS,22,22,0.07772169250488278,-0.00047609771728518435,0.07819779022216797,0.7403283489433541,0.9853124951868683,1
REACTOME_SYNTHESIS_OF_PA,7,7,-0.06764488037109384,0.0005615911865234358,-0.06820647155761728,0.75846723493217,0.9853124951868683,-1
REACTOME_METABOLISM_OF_STEROIDS,31,31,-0.06728210205078133,0.0005615911865234358,-0.06784369323730477,0.7231250362465504,0.9853124951868683,-1
REACTOME_SPHINGOLIPID_DE_NOVO_BIOSYNTHESIS,7,7,0.05593285644531243,-0.00023804885864259218,0.05617090530395502,0.7421274044291646,0.9853124951868683,1
REACTOME_DNA_REPLICATION_PRE_INITIATION,19,19,0.054345844116210906,-0.00023804885864259218,0.0545838929748535,0.7207763927778472,0.9853124951868683,1
REACTOME_CILIUM_ASSEMBLY,55,55,-0.04871902587890631,0.003491199951171864,-0.05221022583007817,0.7202161681815313,0.9853124951868683,-1
REACTOME_MITOPHAGY,6,6,-0.047842944793701214,0.0,-0.047842944793701214,0.7330811802503416,0.9853124951868683,-1
REACTOME_PI3K_AKT_SIGNALING_IN_CANCER,25,25,0.0438605529785156,-0.0005163502502441575,0.044376903228759756,0.7088874112545597,0.9853124951868683,1
REACTOME_MITOTIC_PROPHASE,22,22,0.040661614990234324,-0.0008003015136719416,0.041461916503906265,0.7439430728862977,0.9853124951868683,1
REACTOME_RNA_POLYMERASE_II_TRANSCRIBES_SNRNA_GENES,23,23,-0.03543894897460942,0.003491199951171864,-0.03893014892578128,0.7220619299868156,0.9853124951868683,-1
REACTOME_DARPP_32_EVENTS,7,7,-0.03709484985351563,0.0005615911865234358,-0.03765644104003907,0.7151430833643159,0.9853124951868683,-1
REACTOME_SARS_COV_1_INFECTION,12,12,0.0365011647415161,0.0,0.0365011647415161,0.7279627399360054,0.9853124951868683,1
REACTOME_EPIGENETIC_REGULATION_OF_GENE_EXPRESSION,24,24,-0.03238219421386723,0.003372742919921845,-0.03575493713378908,0.7453505472450591,0.9853124951868683,-1
REACTOME_ONCOGENIC_MAPK_SIGNALING,17,17,-0.030987115478515626,0.0022479626464843583,-0.033235078124999984,0.7557741655319264,0.9853124951868683,-1
REACTOME_TRANSCRIPTIONAL_REGULATION_BY_SMALL_RNAS,14,14,0.03176481445312496,-0.0005566027832031306,0.03232141723632809,0.7220745793833455,0.9853124951868683,1
REACTOME_RNA_POLYMERASE_I_PROMOTER_ESCAPE,9,9,-0.028984822998046944,0.0022479626464843583,-0.031232785644531302,0.743047468506534,0.9853124951868683,-1
REACTOME_IRE1ALPHA_ACTIVATES_CHAPERONES,12,12,-0.03006451599121096,0.0,-0.03006451599121096,0.7373649707167431,0.9853124951868683,-1
REACTOME_SIGNALING_BY_FLT3_FUSION_PROTEINS,9,9,0.022100610351562466,-0.0006784521484375361,0.022779062500000002,0.7483154621090817,0.9853124951868683,1
REACTOME_TRANS_GOLGI_NETWORK_VESICLE_BUDDING,16,16,-0.021276280517578183,0.0011231823730468715,-0.022399462890625055,0.7426253255212456,0.9853124951868683,-1
REACTOME_TELOMERE_EXTENSION_BY_TELOMERASE,7,7,0.017186816406249972,-0.00023804885864259218,0.017424865264892564,0.7580469386000913,0.9853124951868683,1
REACTOME_SIGNALING_BY_NUCLEAR_RECEPTORS,69,69,0.016131906738281188,-0.0010872772216797277,0.017219183959960915,0.752250832076969,0.9853124951868683,1
REACTOME_SIGNALING_BY_FGFR1,9,9,0.016131906738281188,-0.00023804885864259218,0.01636995559692378,0.7043046499560845,0.9853124951868683,1
REACTOME_ASSEMBLY_OF_THE_ORC_COMPLEX_AT_THE_ORIGIN_OF_REPLICATION,6,6,0.01459402160644524,0.0,0.01459402160644524,0.7407041068610687,0.9853124951868683,1
REACTOME_SIGNALING_BY_RHO_GTPASES_MIRO_GTPASES_AND_RHOBTB3,143,143,0.012299835205078102,-0.0005163502502441575,0.01281618545532226,0.7278676262369771,0.9853124951868683,1
REACTOME_ANTIGEN_PROCESSING_UBIQUITINATION_PROTEASOME_DEGRADATION,64,64,0.009226533203124998,-0.00047609771728518435,0.009702630920410182,0.708118199832078,0.9853124951868683,1
REACTOME_RUNX2_REGULATES_BONE_DEVELOPMENT,7,7,-0.00836349365234379,0.0005615911865234358,-0.008925084838867225,0.7271424050426977,0.9853124951868683,-1
REACTOME_RHOU_GTPASE_CYCLE,10,10,0.008833201904296817,0.0,0.008833201904296817,0.7117165991342964,0.9853124951868683,1
REACTOME_TRANSPORT_OF_MATURE_MRNAS_DERIVED_FROM_INTRONLESS_TRANSCRIPTS,11,11,0.008121298828124957,-0.0005163502502441575,0.008637649078369114,0.7608996848951972,0.9853124951868683,1
REACTOME_SIGNALING_BY_WNT,53,53,0.007544127807617151,-0.00023804885864259218,0.007782176666259744,0.760256294300218,0.9853124951868683,1
REACTOME_PROCESSING_OF_DNA_DOUBLE_STRAND_BREAK_ENDS,14,14,0.006931613006591758,0.0,0.006931613006591758,0.7057045511572254,0.9853124951868683,1
REACTOME_VASOPRESSIN_REGULATES_RENAL_WATER_HOMEOSTASIS_VIA_AQUAPORINS,14,14,-0.004178176879882867,0.0,-0.004178176879882867,0.7307581338766742,0.9853124951868683,-1
REACTOME_NONHOMOLOGOUS_END_JOINING_NHEJ,6,6,-0.003518889770507877,0.0,-0.003518889770507877,0.7605453531755393,0.9853124951868683,-1
REACTOME_CHROMOSOME_MAINTENANCE,33,33,-0.0028479040527343846,0.0005615911865234358,-0.0034094952392578204,0.7214074117992297,0.9853124951868683,-1
REACTOME_POST_TRANSLATIONAL_PROTEIN_MODIFICATION,301,301,-0.0023822216796874907,0.0005615911865234358,-0.0029438128662109264,0.7598021553420908,0.9853124951868683,-1
REACTOME_DOWNREGULATION_OF_ERBB2_SIGNALING,7,7,0.29421329887390135,-0.00023804885864259218,0.29445134773254394,0.7660441422436398,0.9857603129940324,1
REACTOME_SYNTHESIS_OF_IP3_AND_IP4_IN_THE_CYTOSOL,6,6,-0.08671953186035164,0.0011231823730468715,-0.08784271423339851,0.7646228112311374,0.9857603129940324,-1
REACTOME_CARGO_RECOGNITION_FOR_CLATHRIN_MEDIATED_ENDOCYTOSIS,17,17,-0.08562664916992191,0.0005615911865234358,-0.08618824035644534,0.7670922483085234,0.9857603129940324,-1
REACTOME_FORMATION_OF_RNA_POL_II_ELONGATION_COMPLEX,16,16,-0.08498574096679695,0.0011231823730468715,-0.08610892333984382,0.7630362217568611,0.9857603129940324,-1
REACTOME_HOMOLOGOUS_DNA_PAIRING_AND_STRAND_EXCHANGE,12,12,-0.06563514160156253,0.0011231823730468715,-0.0667583239746094,0.765803205823806,0.9857603129940324,-1
REACTOME_MATURATION_OF_PROTEIN_3A,5,5,-0.19634586059570314,0.0005615911865234358,-0.19690745178222657,0.7689105020100229,0.9863011659476816,-1
REACTOME_INTRINSIC_PATHWAY_OF_FIBRIN_CLOT_FORMATION,5,5,0.08271692901611322,-0.00023804885864259218,0.08295497787475581,0.7703959021971548,0.9863011659476816,1
REACTOME_SIGNALING_BY_FGFR2_IN_DISEASE,9,9,0.016131906738281188,-0.0005163502502441575,0.016648256988525345,0.7710230941394094,0.9863011659476816,1
REACTOME_REGULATION_OF_LIPID_METABOLISM_BY_PPARALPHA,28,28,0.14807685302734372,-0.0008003015136719416,0.14887715454101566,0.7751347524974025,0.9865236932671224,1
REACTOME_METABOLISM_OF_COFACTORS,8,8,0.10570663299560543,-0.00047609771728518435,0.10618273071289061,0.7789494880795619,0.9865236932671224,1
REACTOME_VEGFR2_MEDIATED_CELL_PROLIFERATION,5,5,-0.05624659301757817,0.0005615911865234358,-0.05680818420410161,0.7803183671406885,0.9865236932671224,-1
REACTOME_PI_METABOLISM,28,28,0.047780633239746045,-0.00047609771728518435,0.04825673095703123,0.7805590787771893,0.9865236932671224,1
REACTOME_DNA_DOUBLE_STRAND_BREAK_RESPONSE,8,8,-0.043782786254882855,0.0011231823730468715,-0.04490596862792973,0.779744124952363,0.9865236932671224,-1
REACTOME_SIGNALING_BY_BRAF_AND_RAF1_FUSIONS,15,15,-0.039174652099609464,0.0022479626464843583,-0.04142261474609382,0.7802971161411476,0.9865236932671224,-1
REACTOME_VITAMIN_B5_PANTOTHENATE_METABOLISM,5,5,0.03579694824218743,-0.0005163502502441575,0.03631329849243159,0.7778345639765587,0.9865236932671224,1
REACTOME_SENESCENCE_ASSOCIATED_SECRETORY_PHENOTYPE_SASP,19,19,-0.027670588378906347,0.0022479626464843583,-0.029918551025390705,0.7766337365861431,0.9865236932671224,-1
REACTOME_NEGATIVE_REGULATION_OF_THE_PI3K_AKT_NETWORK,25,25,0.0438605529785156,-0.00023804885864259218,0.04409860183715819,0.7827126349288651,0.9877645976722055,1
REACTOME_COPI_INDEPENDENT_GOLGI_TO_ER_RETROGRADE_TRAFFIC,6,6,0.09759880050659175,-0.00047609771728518435,0.09807489822387694,0.7873859430546619,0.990696044768776,1
REACTOME_TRANSPORT_OF_INORGANIC_CATIONS_ANIONS_AND_AMINO_ACIDS_OLIGOPEPTIDES,11,11,0.07445531433105462,-0.00023804885864259218,0.07469336318969721,0.7863808213809921,0.990696044768776,1
REACTOME_GLYCOSPHINGOLIPID_METABOLISM,7,7,-0.35419713989257817,0.0005615911865234358,-0.3547587310791016,0.7974120427255441,0.9917422340323351,-1
REACTOME_DOWNREGULATION_OF_ERBB2_ERBB3_SIGNALING,5,5,0.29421329887390135,-0.00023804885864259218,0.29445134773254394,0.8405025664756738,0.9917422340323351,1
REACTOME_TRANSFERRIN_ENDOCYTOSIS_AND_RECYCLING,6,6,-0.19419065307617192,0.0,-0.19419065307617192,0.7905871191815796,0.9917422340323351,-1
REACTOME_FORMATION_OF_TUBULIN_FOLDING_INTERMEDIATES_BY_CCT_TRIC,5,5,0.16790643280029294,-0.00023804885864259218,0.16814448165893553,0.8324200826800592,0.9917422340323351,1
REACTOME_CTLA4_INHIBITORY_SIGNALING,5,5,-0.1379931506347657,0.0005615911865234358,-0.13855474182128913,0.8349441323231303,0.9917422340323351,-1
REACTOME_NOTCH_HLH_TRANSCRIPTION_PATHWAY,6,6,0.13589016448974606,-0.00047609771728518435,0.13636626220703124,0.8002106860086395,0.9917422340323351,1
REACTOME_RHOD_GTPASE_CYCLE,10,10,0.10401779479980466,-0.00047609771728518435,0.10449389251708985,0.8203397728855397,0.9917422340323351,1
REACTOME_RAB_GERANYLGERANYLATION,7,7,0.09915852416992182,-0.00023804885864259218,0.09939657302856442,0.8175021287630925,0.9917422340323351,1
REACTOME_UNFOLDED_PROTEIN_RESPONSE_UPR,22,22,0.08993647399902338,-0.0005566027832031306,0.09049307678222651,0.8269970855174842,0.9917422340323351,1
REACTOME_ASYMMETRIC_LOCALIZATION_OF_PCP_PROTEINS,7,7,-0.08562664916992191,0.0005615911865234358,-0.08618824035644534,0.8411574108340683,0.9917422340323351,-1
REACTOME_KINESINS,16,16,0.0723080638122558,0.0,0.0723080638122558,0.8182401105898217,0.9917422340323351,1
REACTOME_HDR_THROUGH_SINGLE_STRAND_ANNEALING_SSA,12,12,-0.06736183471679691,0.0011231823730468715,-0.06848501708984378,0.8162321947793653,0.9917422340323351,-1
REACTOME_ABERRANT_REGULATION_OF_MITOTIC_EXIT_IN_CANCER_DUE_TO_RB1_DEFECTS,7,7,-0.06548480590820316,0.0005615911865234358,-0.0660463970947266,0.8140740522471576,0.9917422340323351,-1
REACTOME_SIGNALING_BY_VEGF,25,25,-0.05624659301757817,0.0005615911865234358,-0.05680818420410161,0.8222834574248704,0.9917422340323351,-1
REACTOME_ANCHORING_OF_THE_BASAL_BODY_TO_THE_PLASMA_MEMBRANE,29,29,-0.04871902587890631,0.003491199951171864,-0.05221022583007817,0.8374860678235743,0.9917422340323351,-1
REACTOME_PRE_NOTCH_EXPRESSION_AND_PROCESSING,10,10,0.0493239135742187,-0.00047609771728518435,0.04980001129150388,0.8064321498020515,0.9917422340323351,1
REACTOME_GENERATION_OF_SECOND_MESSENGER_MOLECULES,17,17,0.045788474121093714,-0.0005163502502441575,0.04630482437133787,0.8030175458462554,0.9917422340323351,1
REACTOME_RET_SIGNALING,7,7,0.0438605529785156,-0.00023804885864259218,0.04409860183715819,0.8299564829836633,0.9917422340323351,1
REACTOME_TRANSCRIPTIONAL_REGULATION_BY_VENTX,13,13,0.040433662109374935,-0.00023804885864259218,0.04067171096801753,0.8300542160082122,0.9917422340323351,1
REACTOME_FOXO_MEDIATED_TRANSCRIPTION,17,17,-0.039174652099609464,0.0005615911865234358,-0.0397362432861329,0.8134026864402195,0.9917422340323351,-1
REACTOME_SIGNALING_BY_THE_B_CELL_RECEPTOR_BCR,24,24,-0.035386458129882836,0.0011231823730468715,-0.03650964050292971,0.816110811701656,0.9917422340323351,-1
REACTOME_NEUREXINS_AND_NEUROLIGINS,5,5,-0.03367272583007819,0.0005615911865234358,-0.03423431701660162,0.7972623939623616,0.9917422340323351,-1
REACTOME_GLUCOSE_METABOLISM,18,18,0.03176481445312496,-0.00047609771728518435,0.03224091217041014,0.7975223221786099,0.9917422340323351,1
REACTOME_RNA_POLYMERASE_I_TRANSCRIPTION_TERMINATION,9,9,-0.028984822998046944,0.0022479626464843583,-0.031232785644531302,0.8042957661217865,0.9917422340323351,-1
REACTOME_RRNA_MODIFICATION_IN_THE_NUCLEUS_AND_CYTOSOL,19,19,-0.028986416015625016,0.0005615911865234358,-0.029548007202148452,0.8358123106008375,0.9917422340323351,-1
REACTOME_INTRACELLULAR_SIGNALING_BY_SECOND_MESSENGERS,63,63,0.026918094482421828,-0.00023804885864259218,0.02715614334106442,0.8132744607940837,0.9917422340323351,1
REACTOME_DISEASES_OF_MITOTIC_CELL_CYCLE,15,15,-0.02610542968750007,0.0005615911865234358,-0.026667020874023506,0.8373413435565681,0.9917422340323351,-1
REACTOME_G_ALPHA_Q_SIGNALLING_EVENTS,52,52,-0.023048190612793007,0.0011231823730468715,-0.02417137298583988,0.840603577308014,0.9917422340323351,-1
REACTOME_SIGNALING_BY_SCF_KIT,11,11,0.022100610351562466,-0.0005163502502441575,0.022616960601806624,0.826428356611917,0.9917422340323351,1
REACTOME_N_GLYCAN_TRIMMING_IN_THE_ER_AND_CALNEXIN_CALRETICULIN_CYCLE,6,6,0.022524230041503862,0.0,0.022524230041503862,0.8264741841548443,0.9917422340323351,1
REACTOME_TELOMERE_C_STRAND_LAGGING_STRAND_SYNTHESIS,17,17,0.020807577819824175,-0.00023804885864259218,0.021045626678466767,0.8356842717528159,0.9917422340323351,1
REACTOME_MEIOTIC_RECOMBINATION,6,6,-0.018675339355468834,0.0011231823730468715,-0.019798521728515706,0.8048036183265117,0.9917422340323351,-1
REACTOME_TRANSCRIPTIONAL_REGULATION_OF_PLURIPOTENT_STEM_CELLS,9,9,0.018774688720703092,-0.00023804885864259218,0.019012737579345684,0.8394807475583492,0.9917422340323351,1
REACTOME_GLYCEROPHOSPHOLIPID_BIOSYNTHESIS,26,26,-0.014715093994140699,0.0,-0.014715093994140699,0.8108151018163284,0.9917422340323351,-1
REACTOME_HOMOLOGY_DIRECTED_REPAIR,28,28,-0.012392947387695363,0.0011231823730468715,-0.013516129760742235,0.8304910259053373,0.9917422340323351,-1
REACTOME_RHOA_GTPASE_CYCLE,33,33,0.013178549804687467,-0.00023804885864259218,0.01341659866333006,0.8065378131561303,0.9917422340323351,1
REACTOME_SYNTHESIS_OF_DNA,31,31,-0.011496756591796942,0.0005615911865234358,-0.012058347778320377,0.8164535749720286,0.9917422340323351,-1
REACTOME_SIGNALING_BY_FGFR,18,18,0.010519265747070267,-0.00047609771728518435,0.010995363464355451,0.8305918465607474,0.9917422340323351,1
REACTOME_CLASS_I_MHC_MEDIATED_ANTIGEN_PROCESSING_PRESENTATION,77,77,0.008746757812500006,-0.00023804885864259218,0.008984806671142598,0.8084439626422835,0.9917422340323351,1
REACTOME_GABA_B_RECEPTOR_ACTIVATION,11,11,0.007544127807617151,-0.00023804885864259218,0.007782176666259744,0.8330916237428587,0.9917422340323351,1
REACTOME_INWARDLY_RECTIFYING_K_CHANNELS,9,9,0.007544127807617151,-0.00023804885864259218,0.007782176666259744,0.799683801035874,0.9917422340323351,1
REACTOME_EXTENSION_OF_TELOMERES,21,21,-0.006944351806640658,0.0005615911865234358,-0.007505942993164094,0.79975451775618,0.9917422340323351,-1
REACTOME_AQUAPORIN_MEDIATED_TRANSPORT,16,16,-0.004178176879882867,0.0,-0.004178176879882867,0.840943904056798,0.9917422340323351,-1
REACTOME_INHIBITION_OF_THE_PROTEOLYTIC_ACTIVITY_OF_APC_C_REQUIRED_FOR_THE_ONSET_OF_ANAPHASE_BY_MITOTIC_SPINDLE_CHECKPOINT_COMPONENTS,8,8,0.003068009338378863,0.0,0.003068009338378863,0.8000801525284219,0.9917422340323351,1
REACTOME_SIGNALING_BY_TGFB_FAMILY_MEMBERS,26,26,-0.0022583984375000588,0.0,-0.0022583984375000588,0.8103599554436349,0.9917422340323351,-1
REACTOME_TELOMERE_MAINTENANCE,26,26,-0.0010188635253906564,0.0,-0.0010188635253906564,0.8423665229462767,0.991780696709094,-1
REACTOME_TCF_DEPENDENT_SIGNALING_IN_RESPONSE_TO_WNT,28,28,0.11089283233642572,-0.0005566027832031306,0.11144943511962885,0.8459695757696257,0.9934388407694947,1
REACTOME_G2_M_DNA_DAMAGE_CHECKPOINT,12,12,-0.029365179443359424,0.0011231823730468715,-0.030488361816406295,0.8461317765984546,0.9934388407694947,-1
REACTOME_TNF_RECEPTOR_SUPERFAMILY_TNFSF_MEMBERS_MEDIATING_NON_CANONICAL_NF_KB_PATHWAY,8,8,-0.13419393096923832,0.0,-0.13419393096923832,0.8480192718072112,0.994270161520833,-1
REACTOME_RNA_POLYMERASE_III_TRANSCRIPTION_INITIATION_FROM_TYPE_1_PROMOTER,10,10,0.10549047775268552,-0.00047609771728518435,0.10596657546997071,0.8520177324203322,0.9961871684193343,1
REACTOME_TIE2_SIGNALING,6,6,0.03391631011962884,-0.00047609771728518435,0.034392407836914024,0.8510626296023603,0.9961871684193343,1
REACTOME_REGULATION_OF_MECP2_EXPRESSION_AND_ACTIVITY,9,9,0.05821416503906246,-0.00023804885864259218,0.05845221389770505,0.8546632059374495,0.9965160202009266,1
REACTOME_CELLULAR_RESPONSE_TO_STARVATION,16,16,-0.00039191772460941965,0.0,-0.00039191772460941965,0.8535181876855364,0.9965160202009266,-1
REACTOME_SNRNP_ASSEMBLY,12,12,0.03389516052246089,-0.0005566027832031306,0.03445176330566402,0.8562627131970065,0.9970020265539731,1
REACTOME_CELL_CELL_JUNCTION_ORGANIZATION,9,9,0.10290095153808587,-0.00023804885864259218,0.10313900039672846,0.8605172954182047,0.9978212930365151,1
REACTOME_CELL_JUNCTION_ORGANIZATION,9,9,0.10290095153808587,-0.00023804885864259218,0.10313900039672846,0.8605172954182047,0.9978212930365151,1
REACTOME_ANTIGEN_PROCESSING_CROSS_PRESENTATION,15,15,-0.0145263232421875,0.0005615911865234358,-0.015087914428710936,0.8602978569406519,0.9978212930365151,-1
REACTOME_EGFR_DOWNREGULATION,7,7,0.36086927764892573,-0.00023804885864259218,0.3611073265075683,0.8967092724078586,0.9982336270802222,1
REACTOME_TRANSLATION_OF_SARS_COV_1_STRUCTURAL_PROTEINS,9,9,-0.19634586059570314,0.0005615911865234358,-0.19690745178222657,0.9099636700243184,0.9982336270802222,-1
REACTOME_GLYCOGEN_STORAGE_DISEASES,6,6,0.18425366767883297,-0.00047609771728518435,0.18472976539611816,0.9472726785498012,0.9982336270802222,1
REACTOME_NUCLEOTIDE_CATABOLISM,8,8,-0.18241832580566408,0.0011231823730468715,-0.18354150817871095,0.9886532101419896,0.9982336270802222,-1
REACTOME_SIGNALING_BY_WNT_IN_CANCER,5,5,0.1579166595458984,-0.00023804885864259218,0.158154708404541,0.9621435117444812,0.9982336270802222,1
REACTOME_INTERACTION_BETWEEN_L1_AND_ANKYRINS,6,6,-0.15250518920898443,0.0011231823730468715,-0.1536283715820313,0.9605015335198525,0.9982336270802222,-1
REACTOME_SIGNALING_BY_HEDGEHOG,22,22,0.13833182250976558,-0.00047609771728518435,0.13880792022705077,0.9072320937360477,0.9982336270802222,1
REACTOME_COOPERATION_OF_PREFOLDIN_AND_TRIC_CCT_IN_ACTIN_AND_TUBULIN_FOLDING,8,8,0.1375427226257324,-0.00047609771728518435,0.13801882034301757,0.894460200033025,0.9982336270802222,1
REACTOME_FORMATION_OF_THE_BETA_CATENIN_TCF_TRANSACTIVATING_COMPLEX,10,10,0.1256873822021484,-0.00047609771728518435,0.12616347991943358,0.9321532574250506,0.9982336270802222,1
REACTOME_CD28_DEPENDENT_PI3K_AKT_SIGNALING,8,8,-0.11846345581054693,0.0,-0.11846345581054693,0.935492197627083,0.9982336270802222,-1
REACTOME_THE_PHOTOTRANSDUCTION_CASCADE,9,9,0.11817642822265623,-0.00023804885864259218,0.11841447708129882,0.8698996705897534,0.9982336270802222,1
REACTOME_PCP_CE_PATHWAY,8,8,-0.1160705346679688,0.0011231823730468715,-0.11719371704101567,0.9589613632328043,0.9982336270802222,-1
REACTOME_O_LINKED_GLYCOSYLATION_OF_MUCINS,13,13,-0.11641617065429688,0.0005615911865234358,-0.11697776184082032,0.954610635855823,0.9982336270802222,-1
REACTOME_SIGNALING_BY_NOTCH1,17,17,0.11590397766113275,-0.0006784521484375361,0.11658242980957029,0.9328697358241479,0.9982336270802222,1
REACTOME_NOTCH1_INTRACELLULAR_DOMAIN_REGULATES_TRANSCRIPTION,14,14,0.1118453930664062,-0.0005566027832031306,0.11240199584960933,0.9042523081400259,0.9982336270802222,1
REACTOME_PARASITE_INFECTION,12,12,-0.10763547485351566,0.0011231823730468715,-0.10875865722656253,0.9654694495910461,0.9982336270802222,-1
REACTOME_FCGR_ACTIVATION,5,5,-0.1060975280761719,0.0005615911865234358,-0.10665911926269533,0.9477384694701286,0.9982336270802222,-1
REACTOME_METABOLISM_OF_POLYAMINES,8,8,-0.10551552368164069,0.0011231823730468715,-0.10663870605468756,0.9911287614070533,0.9982336270802222,-1
REACTOME_ROS_AND_RNS_PRODUCTION_IN_PHAGOCYTES,7,7,0.0935192932128906,-0.00023804885864259218,0.09375734207153319,0.9593371556052733,0.9982336270802222,1
REACTOME_BLOOD_GROUP_SYSTEMS_BIOSYNTHESIS,6,6,0.09328371112823486,0.0,0.09328371112823486,0.990299208483838,0.9982336270802222,1
REACTOME_SIGNALING_BY_ERBB2,13,13,0.0923612072753906,-0.0005163502502441575,0.09287755752563476,0.8944541071683018,0.9982336270802222,1
REACTOME_SIGNALING_BY_ERBB2_IN_CANCER,7,7,0.0923612072753906,-0.0005163502502441575,0.09287755752563476,0.894092316370022,0.9982336270802222,1
REACTOME_OVARIAN_TUMOR_DOMAIN_PROTEASES,7,7,0.0916289624023437,-0.00023804885864259218,0.09186701126098629,0.9430946523746803,0.9982336270802222,1
REACTOME_NEDDYLATION,45,45,-0.08744638427734375,0.0022479626464843583,-0.0896943469238281,0.968635357272414,0.9982336270802222,-1
REACTOME_MITOCHONDRIAL_FATTY_ACID_BETA_OXIDATION,5,5,-0.08726152832031253,0.0005615911865234358,-0.08782311950683597,0.9786201866298029,0.9982336270802222,-1
REACTOME_PLATELET_ADHESION_TO_EXPOSED_COLLAGEN,7,7,0.08271692901611322,-0.00023804885864259218,0.08295497787475581,0.9154939689825071,0.9982336270802222,1
REACTOME_PIWI_INTERACTING_RNA_PIRNA_BIOGENESIS,6,6,0.08246185180664059,-0.00047609771728518435,0.08293794952392577,0.9194472395653821,0.9982336270802222,1
REACTOME_REGULATION_OF_PYRUVATE_DEHYDROGENASE_PDH_COMPLEX,6,6,0.08225519927978511,-0.00047609771728518435,0.0827312969970703,0.9770518333160012,0.9982336270802222,1
REACTOME_RAF_INDEPENDENT_MAPK1_3_ACTIVATION,6,6,-0.07784680114746101,0.003372742919921845,-0.08121954406738285,0.9770518333160012,0.9982336270802222,-1
REACTOME_TRANSCRIPTION_COUPLED_NUCLEOTIDE_EXCISION_REPAIR_TC_NER,25,25,-0.07574030883789062,0.0005615911865234358,-0.07630190002441406,0.9283401500450005,0.9982336270802222,-1
REACTOME_SENSORY_PROCESSING_OF_SOUND_BY_OUTER_HAIR_CELLS_OF_THE_COCHLEA,6,6,0.07443877258300774,0.0,0.07443877258300774,0.972321913262363,0.9982336270802222,1
REACTOME_REGULATION_OF_CHOLESTEROL_BIOSYNTHESIS_BY_SREBP_SREBF,16,16,0.07181446105957026,0.0,0.07181446105957026,0.9825738853299031,0.9982336270802222,1
REACTOME_GLUCONEOGENESIS,6,6,0.06939471084594723,0.0,0.06939471084594723,0.8893710096029115,0.9982336270802222,1
REACTOME_MAPK_TARGETS_NUCLEAR_EVENTS_MEDIATED_BY_MAP_KINASES,9,9,0.06788702880859371,-0.00023804885864259218,0.0681250776672363,0.8965783844402898,0.9982336270802222,1
REACTOME_RAF_ACTIVATION,5,5,-0.06738400390624999,0.0005615911865234358,-0.06794559509277343,0.9400277069217547,0.9982336270802222,-1
REACTOME_ACTIVATION_OF_GENE_EXPRESSION_BY_SREBF_SREBP,13,13,-0.06728210205078133,0.0005615911865234358,-0.06784369323730477,0.9826615223909849,0.9982336270802222,-1
REACTOME_DOWNREGULATION_OF_TGF_BETA_RECEPTOR_SIGNALING,8,8,0.06717491641998286,0.0,0.06717491641998286,0.9215174501176909,0.9982336270802222,1
REACTOME_TGF_BETA_RECEPTOR_SIGNALING_ACTIVATES_SMADS,8,8,0.06717491641998286,0.0,0.06717491641998286,0.9215174501176909,0.9982336270802222,1
REACTOME_SWITCHING_OF_ORIGINS_TO_A_POST_REPLICATIVE_STATE,19,19,-0.06548480590820316,0.0005615911865234358,-0.0660463970947266,0.9766144055238382,0.9982336270802222,-1
REACTOME_NEGATIVE_REGULATION_OF_MAPK_PATHWAY,12,12,-0.0603371002197266,0.003372742919921845,-0.06370984313964845,0.9455666531991799,0.9982336270802222,-1
REACTOME_NUCLEAR_EVENTS_KINASE_AND_TRANSCRIPTION_FACTOR_ACTIVATION,15,15,0.0618973852539062,-0.00023804885864259218,0.06213543411254879,0.9264320914821982,0.9982336270802222,1
REACTOME_PLATELET_HOMEOSTASIS,19,19,-0.05624659301757817,0.0022479626464843583,-0.05849455566406253,0.9637664389250061,0.9982336270802222,-1
REACTOME_FOXO_MEDIATED_TRANSCRIPTION_OF_OXIDATIVE_STRESS_METABOLIC_AND_NEURONAL_GENES,6,6,-0.05841661499023443,0.0,-0.05841661499023443,0.9439674991290521,0.9982336270802222,-1
REACTOME_ROLE_OF_LAT2_NTAL_LAB_ON_CALCIUM_MOBILIZATION,6,6,0.05759629180908196,-0.00047609771728518435,0.058072389526367146,0.9590835967984345,0.9982336270802222,1
REACTOME_TRANSCRIPTION_OF_THE_HIV_GENOME,15,15,-0.05269287109375009,0.0005615911865234358,-0.05325446228027353,0.905631198314361,0.9982336270802222,-1
REACTOME_INTRA_GOLGI_TRAFFIC,10,10,0.05192043090820306,-0.00047609771728518435,0.05239652862548824,0.9407814961175863,0.9982336270802222,1
REACTOME_SYNTHESIS_OF_PIPS_AT_THE_PLASMA_MEMBRANE,19,19,0.05170071350097649,-0.0005163502502441575,0.05221706375122065,0.9359204180442817,0.9982336270802222,1
REACTOME_SIGNALING_BY_MODERATE_KINASE_ACTIVITY_BRAF_MUTANTS,8,8,-0.04918555969238281,0.0011231823730468715,-0.05030874206542968,0.9104362546836228,0.9982336270802222,-1
REACTOME_NEPHRIN_FAMILY_INTERACTIONS,7,7,0.04956087280273436,-0.00023804885864259218,0.04979892166137695,0.915931399651184,0.9982336270802222,1
REACTOME_RAC2_GTPASE_CYCLE,12,12,-0.04832412658691412,0.0,-0.04832412658691412,0.9682166328912528,0.9982336270802222,-1
REACTOME_POLYMERASE_SWITCHING,8,8,-0.0471023901367188,0.0011231823730468715,-0.04822557250976567,0.9042871432871122,0.9982336270802222,-1
REACTOME_S_PHASE,46,46,-0.04235480529785163,0.003372742919921845,-0.04572754821777347,0.8783622009891364,0.9982336270802222,-1
REACTOME_SIGNALING_BY_TGF_BETA_RECEPTOR_COMPLEX,22,22,0.04497263275146479,0.0,0.04497263275146479,0.9787613176317949,0.9982336270802222,1
REACTOME_TRANSCRIPTIONAL_ACTIVITY_OF_SMAD2_SMAD3_SMAD4_HETEROTRIMER,14,14,0.04497263275146479,0.0,0.04497263275146479,0.9492594691647029,0.9982336270802222,1
REACTOME_NERVOUS_SYSTEM_DEVELOPMENT,97,97,0.0438605529785156,-0.0010872772216797277,0.04494783020019533,0.9863905017127351,0.9982336270802222,1
REACTOME_DNA_REPLICATION,35,35,0.04432624633789056,-0.00023804885864259218,0.044564295196533155,0.8866162609893077,0.9982336270802222,1
REACTOME_PROCESSIVE_SYNTHESIS_ON_THE_LAGGING_STRAND,7,7,0.04432624633789056,-0.00023804885864259218,0.044564295196533155,0.8923482898039385,0.9982336270802222,1
REACTOME_SIGNALING_BY_NOTCH2,6,6,0.044100445098876895,0.0,0.044100445098876895,0.9246288712901914,0.9982336270802222,1
REACTOME_HDMS_DEMETHYLATE_HISTONES,6,6,-0.04186495605468754,0.0011231823730468715,-0.04298813842773441,0.8795332616108882,0.9982336270802222,-1
REACTOME_PHOSPHOLIPID_METABOLISM,54,54,0.04103762268066402,-0.00047609771728518435,0.041513720397949205,0.9724541482749208,0.9982336270802222,1
REACTOME_RMTS_METHYLATE_HISTONE_ARGININES,11,11,0.040433662109374935,-0.00023804885864259218,0.04067171096801753,0.9231352083577099,0.9982336270802222,1
REACTOME_REGULATION_OF_TP53_ACTIVITY_THROUGH_METHYLATION,6,6,0.039221707153320295,0.0,0.039221707153320295,0.9326427898380216,0.9982336270802222,1
REACTOME_RUNX2_REGULATES_OSTEOBLAST_DIFFERENTIATION,6,6,-0.03794077209472663,0.0011231823730468715,-0.0390639544677735,0.9486894529012582,0.9982336270802222,-1
REACTOME_TOLL_LIKE_RECEPTOR_CASCADES,40,40,-0.037594061279296875,0.0011231823730468715,-0.03871724365234375,0.9052406088704985,0.9982336270802222,-1
REACTOME_DEGRADATION_OF_CYSTEINE_AND_HOMOCYSTEINE,5,5,0.03692599121093748,-0.00023804885864259218,0.03716404006958007,0.8877666264801081,0.9982336270802222,1
REACTOME_SARS_COV_INFECTIONS,39,39,0.03647905151367181,-0.0005163502502441575,0.03699540176391597,0.8708374902824578,0.9982336270802222,1
REACTOME_ASPARAGINE_N_LINKED_GLYCOSYLATION,60,60,-0.03306484497070322,0.0036096569824218827,-0.036674501953125105,0.9589350196480937,0.9982336270802222,-1
REACTOME_DEVELOPMENTAL_BIOLOGY,172,172,0.03355466186523434,-0.0017735607910156492,0.03532822265624999,0.9363206242063596,0.9982336270802222,1
REACTOME_AURKA_ACTIVATION_BY_TPX2,23,23,-0.03246115234375002,0.0022479626464843583,-0.03470911499023438,0.8870298870288853,0.9982336270802222,-1
REACTOME_PYRUVATE_METABOLISM_AND_CITRIC_ACID_TCA_CYCLE,13,13,0.03384805664062496,-0.00023804885864259218,0.03408610549926755,0.9427451746590205,0.9982336270802222,1
REACTOME_GLYCOLYSIS,14,14,0.03176481445312496,-0.00047609771728518435,0.03224091217041014,0.8900465131827795,0.9982336270802222,1
REACTOME_HCMV_EARLY_EVENTS,20,20,0.03176481445312496,-0.00047609771728518435,0.03224091217041014,0.901444757775935,0.9982336270802222,1
REACTOME_SUMOYLATION_OF_UBIQUITINYLATION_PROTEINS,10,10,0.03176481445312496,-0.00047609771728518435,0.03224091217041014,0.9659518995378222,0.9982336270802222,1
REACTOME_PLATELET_AGGREGATION_PLUG_FORMATION,7,7,-0.030987115478515626,0.0005615911865234358,-0.03154870666503906,0.9023829971738228,0.9982336270802222,-1
REACTOME_CELL_DEATH_SIGNALLING_VIA_NRAGE_NRIF_AND_NADE,25,25,0.030380433349609326,-0.0005163502502441575,0.030896783599853483,0.9197827082046557,0.9982336270802222,1
REACTOME_FGFR1_MUTANT_RECEPTOR_ACTIVATION,6,6,0.0292682464599609,-0.00047609771728518435,0.029744344177246085,0.9515234628168736,0.9982336270802222,1
REACTOME_PD_1_SIGNALING,12,12,0.028101314697265595,-0.00047609771728518435,0.02857741241455078,0.968560057996319,0.9982336270802222,1
REACTOME_ORC1_REMOVAL_FROM_CHROMATIN,12,12,0.027210675659179645,0.0,0.027210675659179645,0.9014397203780634,0.9982336270802222,1
REACTOME_TRNA_PROCESSING,34,34,0.025493617553710907,-0.0005566027832031306,0.026050220336914037,0.8888561515645401,0.9982336270802222,1
REACTOME_PECAM1_INTERACTIONS,6,6,0.025724875106811512,0.0,0.025724875106811512,0.9378317966326827,0.9982336270802222,1
REACTOME_TERMINATION_OF_O_GLYCAN_BIOSYNTHESIS,6,6,0.025113739166259724,0.0,0.025113739166259724,0.9832018596813887,0.9982336270802222,1
REACTOME_SIGNALING_BY_FGFR_IN_DISEASE,13,13,0.022100610351562466,-0.0006784521484375361,0.022779062500000002,0.8846407834133793,0.9982336270802222,1
REACTOME_UBIQUINOL_BIOSYNTHESIS,5,5,0.022378785400390566,-0.00023804885864259218,0.02261683425903316,0.9503097646055471,0.9982336270802222,1
REACTOME_INTERLEUKIN_20_FAMILY_SIGNALING,5,5,0.022100610351562466,-0.00023804885864259218,0.02233865921020506,0.8622995314376799,0.9982336270802222,1
REACTOME_NEF_MEDIATES_DOWN_MODULATION_OF_CELL_SURFACE_RECEPTORS_BY_RECRUITING_THEM_TO_CLATHRIN_ADAPTERS,5,5,-0.01948822814941409,0.0005615911865234358,-0.020049819335937524,0.9292415307071679,0.9982336270802222,-1
REACTOME_SIGNALING_BY_PDGF,18,18,0.019116258544921827,-0.00047609771728518435,0.01959235626220701,0.8650719030619552,0.9982336270802222,1
REACTOME_DUAL_INCISION_IN_GG_NER,18,18,0.01825215057373042,0.0,0.01825215057373042,0.8797733721085472,0.9982336270802222,1
REACTOME_EXTRA_NUCLEAR_ESTROGEN_SIGNALING,25,25,0.016131906738281188,-0.0005163502502441575,0.016648256988525345,0.9621659396526911,0.9982336270802222,1
REACTOME_LAGGING_STRAND_SYNTHESIS,10,10,0.01641474487304681,0.0,0.01641474487304681,0.9825017621690273,0.9982336270802222,1
REACTOME_INTERLEUKIN_1_SIGNALING,19,19,-0.0145263232421875,0.0005615911865234358,-0.015087914428710936,0.9176698438762873,0.9982336270802222,-1
REACTOME_TOLL_LIKE_RECEPTOR_9_TLR9_CASCADE,27,27,-0.0145263232421875,0.0005615911865234358,-0.015087914428710936,0.888302867986639,0.9982336270802222,-1
REACTOME_G_ALPHA_12_13_SIGNALLING_EVENTS,27,27,0.013178549804687467,-0.0005163502502441575,0.013694900054931625,0.9589852359096939,0.9982336270802222,1
REACTOME_DNA_DOUBLE_STRAND_BREAK_REPAIR,36,36,-0.012392947387695363,0.0011231823730468715,-0.013516129760742235,0.9749707474179704,0.9982336270802222,-1
REACTOME_TRANSPORT_OF_SMALL_MOLECULES,125,125,-0.010721960449218804,0.0022479626464843583,-0.012969923095703162,0.8944518193297494,0.9982336270802222,-1
REACTOME_ESR_MEDIATED_SIGNALING,50,50,0.01183801727294917,-0.0005566027832031306,0.0123946200561523,0.9556268440024224,0.9982336270802222,1
REACTOME_POLYMERASE_SWITCHING_ON_THE_C_STRAND_OF_THE_TELOMERE,13,13,-0.011496756591796942,0.0005615911865234358,-0.012058347778320377,0.9105166575251543,0.9982336270802222,-1
REACTOME_SIGNALING_BY_FGFR2,16,16,0.010519265747070267,-0.00047609771728518435,0.010995363464355451,0.9053401016620293,0.9982336270802222,1
REACTOME_REPRODUCTION,27,27,-0.009517954101562531,0.0005615911865234358,-0.010079545288085967,0.966562853274938,0.9982336270802222,-1
REACTOME_TRIGLYCERIDE_METABOLISM,8,8,0.009880407714843692,0.0,0.009880407714843692,0.9886532101419896,0.9982336270802222,1
REACTOME_METABOLISM_OF_WATER_SOLUBLE_VITAMINS_AND_COFACTORS,25,25,0.008343105468749945,-0.00023804885864259218,0.008581154327392537,0.9202578872570909,0.9982336270802222,1
REACTOME_TELOMERE_C_STRAND_SYNTHESIS_INITIATION,6,6,0.008017453002929636,0.0,0.008017453002929636,0.9694843979108482,0.9982336270802222,1
REACTOME_REGULATION_OF_TP53_ACTIVITY,37,37,-0.006944351806640658,0.0005615911865234358,-0.007505942993164094,0.9605580862635986,0.9982336270802222,-1
REACTOME_RESOLUTION_OF_D_LOOP_STRUCTURES,7,7,-0.006944351806640658,0.0005615911865234358,-0.007505942993164094,0.9119954154721256,0.9982336270802222,-1
REACTOME_RESOLUTION_OF_AP_SITES_VIA_THE_MULTIPLE_NUCLEOTIDE_PATCH_REPLACEMENT_PATHWAY,13,13,-0.005591892089843786,0.0005615911865234358,-0.006153483276367222,0.9249715984907855,0.9982336270802222,-1
REACTOME_DUAL_INCISION_IN_TC_NER,23,23,0.004906624755859346,-0.00023804885864259218,0.005144673614501938,0.9122101433732821,0.9982336270802222,1
REACTOME_MICRORNA_MIRNA_BIOGENESIS,7,7,0.004906624755859346,-0.00023804885864259218,0.005144673614501938,0.9887859502337077,0.9982336270802222,1
REACTOME_MRNA_CAPPING,7,7,0.004906624755859346,-0.00023804885864259218,0.005144673614501938,0.986147579744579,0.9982336270802222,1
REACTOME_GABA_RECEPTOR_ACTIVATION,12,12,-0.004178176879882867,0.0,-0.004178176879882867,0.9908922831970519,0.9982336270802222,-1
REACTOME_CELL_CYCLE_CHECKPOINTS,59,59,-0.0028479040527343846,0.0005615911865234358,-0.0034094952392578204,0.8841347767690034,0.9982336270802222,-1
REACTOME_ORGANELLE_BIOGENESIS_AND_MAINTENANCE,71,71,0.0,0.0003235423278808436,-0.0003235423278808436,0.8798677763012923,0.9982336270802222,-1
REACTOME_TRNA_PROCESSING_IN_THE_NUCLEUS,21,21,0.008121298828124957,-0.00023804885864259218,0.008359347686767549,0.9923208136141183,0.9982415821917682,1
REACTOME_GAP_JUNCTION_TRAFFICKING_AND_REGULATION,5,5,0.16790643280029294,-0.00023804885864259218,0.16814448165893553,0.9992271501333928,0.9992271501333928,1
REACTOME_MISCELLANEOUS_TRANSPORT_AND_BINDING_EVENTS,6,6,0.09273829803466793,-0.00047609771728518435,0.09321439575195312,0.9969240740696397,0.9992271501333928,1
REACTOME_TP53_REGULATES_TRANSCRIPTION_OF_ADDITIONAL_CELL_CYCLE_GENES_WHOSE_EXACT_ROLE_IN_THE_P53_PATHWAY_REMAIN_UNCERTAIN,6,6,0.07152302673339839,-0.00047609771728518435,0.07199912445068357,0.9983437294042845,0.9992271501333928,1
REACTOME_CONSTITUTIVE_SIGNALING_BY_ABERRANT_PI3K_IN_CANCER,20,20,0.047780633239746045,-0.00047609771728518435,0.04825673095703123,0.9953330196355388,0.9992271501333928,1
REACTOME_ERYTHROPOIETIN_ACTIVATES_PHOSPHOINOSITIDE_3_KINASE_PI3K,6,6,0.047780633239746045,-0.00047609771728518435,0.04825673095703123,0.9964508574819914,0.9992271501333928,1
REACTOME_2_LTR_CIRCLE_FORMATION,0,0,,,,,,0
REACTOME_ABACAVIR_METABOLISM,1,1,,,,,,0
REACTOME_ABACAVIR_TRANSMEMBRANE_TRANSPORT,2,2,,,,,,0
REACTOME_ABACAVIR_TRANSPORT_AND_METABOLISM,3,3,,,,,,0
REACTOME_ACETYLCHOLINE_BINDING_AND_DOWNSTREAM_EVENTS,2,2,,,,,,0
REACTOME_ACETYLCHOLINE_INHIBITS_CONTRACTION_OF_OUTER_HAIR_CELLS,0,0,,,,,,0
REACTOME_ACETYLCHOLINE_NEUROTRANSMITTER_RELEASE_CYCLE,2,2,,,,,,0
REACTOME_ACETYLCHOLINE_REGULATES_INSULIN_SECRETION,1,1,,,,,,0
REACTOME_ACROSOME_REACTION_AND_SPERM_OOCYTE_MEMBRANE_BINDING,2,2,,,,,,0
REACTOME_ACTIVATED_NTRK2_SIGNALS_THROUGH_CDK5,0,0,,,,,,0
REACTOME_ACTIVATED_NTRK2_SIGNALS_THROUGH_FRS2_AND_FRS3,1,1,,,,,,0
REACTOME_ACTIVATED_NTRK2_SIGNALS_THROUGH_FYN,1,1,,,,,,0
REACTOME_ACTIVATED_NTRK2_SIGNALS_THROUGH_PI3K,1,1,,,,,,0
REACTOME_ACTIVATED_NTRK2_SIGNALS_THROUGH_RAS,1,1,,,,,,0
REACTOME_ACTIVATED_NTRK3_SIGNALS_THROUGH_PI3K,1,1,,,,,,0
REACTOME_ACTIVATED_NTRK3_SIGNALS_THROUGH_RAS,1,1,,,,,,0
REACTOME_ACTIVATED_PKN1_STIMULATES_TRANSCRIPTION_OF_AR_ANDROGEN_RECEPTOR_REGULATED_GENES_KLK2_AND_KLK3,0,0,,,,,,0
REACTOME_ACTIVATED_TAK1_MEDIATES_P38_MAPK_ACTIVATION,3,3,,,,,,0
REACTOME_ACTIVATION_OF_AMPK_DOWNSTREAM_OF_NMDARS,4,4,,,,,,0
REACTOME_ACTIVATION_OF_BAD_AND_TRANSLOCATION_TO_MITOCHONDRIA,1,1,,,,,,0
REACTOME_ACTIVATION_OF_C3_AND_C5,1,1,,,,,,0
REACTOME_ACTIVATION_OF_CASPASES_THROUGH_APOPTOSOME_MEDIATED_CLEAVAGE,1,1,,,,,,0
REACTOME_ACTIVATION_OF_IRF3_IRF7_MEDIATED_BY_TBK1_IKK_EPSILON,4,4,,,,,,0
REACTOME_ACTIVATION_OF_NIMA_KINASES_NEK9_NEK6_NEK7,0,0,,,,,,0
REACTOME_ACTIVATION_OF_NOXA_AND_TRANSLOCATION_TO_MITOCHONDRIA,3,3,,,,,,0
REACTOME_ACTIVATION_OF_PPARGC1A_PGC_1ALPHA_BY_PHOSPHORYLATION,1,1,,,,,,0
REACTOME_ACTIVATION_OF_PUMA_AND_TRANSLOCATION_TO_MITOCHONDRIA,3,3,,,,,,0
REACTOME_ACTIVATION_OF_RAC1,2,2,,,,,,0
REACTOME_ACTIVATION_OF_RAC1_DOWNSTREAM_OF_NMDARS,1,1,,,,,,0
REACTOME_ACTIVATION_OF_RAS_IN_B_CELLS,1,1,,,,,,0
REACTOME_ACTIVATION_OF_SMO,4,4,,,,,,0
REACTOME_ACTIVATION_OF_THE_AP_1_FAMILY_OF_TRANSCRIPTION_FACTORS,4,4,,,,,,0
REACTOME_ACTIVATION_OF_THE_PHOTOTRANSDUCTION_CASCADE,2,2,,,,,,0
REACTOME_ACTIVATION_OF_THE_TFAP2_AP_2_FAMILY_OF_TRANSCRIPTION_FACTORS,3,3,,,,,,0
REACTOME_ACTIVATION_OF_TRKA_RECEPTORS,0,0,,,,,,0
REACTOME_ACYL_CHAIN_REMODELING_OF_CL,0,0,,,,,,0
REACTOME_ACYL_CHAIN_REMODELING_OF_DAG_AND_TAG,0,0,,,,,,0
REACTOME_ACYL_CHAIN_REMODELLING_OF_PC,2,2,,,,,,0
REACTOME_ACYL_CHAIN_REMODELLING_OF_PE,3,3,,,,,,0
REACTOME_ACYL_CHAIN_REMODELLING_OF_PG,2,2,,,,,,0
REACTOME_ACYL_CHAIN_REMODELLING_OF_PI,1,1,,,,,,0
REACTOME_ACYL_CHAIN_REMODELLING_OF_PS,3,3,,,,,,0
REACTOME_ADENYLATE_CYCLASE_ACTIVATING_PATHWAY,2,2,,,,,,0
REACTOME_ADENYLATE_CYCLASE_INHIBITORY_PATHWAY,2,2,,,,,,0
REACTOME_ADHERENS_JUNCTIONS_INTERACTIONS,2,2,,,,,,0
REACTOME_ADRENOCEPTORS,1,1,,,,,,0
REACTOME_AFLATOXIN_ACTIVATION_AND_DETOXIFICATION,2,2,,,,,,0
REACTOME_AKT_PHOSPHORYLATES_TARGETS_IN_THE_CYTOSOL,0,0,,,,,,0
REACTOME_AKT_PHOSPHORYLATES_TARGETS_IN_THE_NUCLEUS,2,2,,,,,,0
REACTOME_ALK_MUTANTS_BIND_TKIS,1,1,,,,,,0
REACTOME_ALPHA_DEFENSINS,0,0,,,,,,0
REACTOME_ALPHA_LINOLENIC_OMEGA3_AND_LINOLEIC_OMEGA6_ACID_METABOLISM,1,1,,,,,,0
REACTOME_ALPHA_OXIDATION_OF_PHYTANATE,2,2,,,,,,0
REACTOME_ALPHA_PROTEIN_KINASE_1_SIGNALING_PATHWAY,4,4,,,,,,0
REACTOME_ALTERNATIVE_COMPLEMENT_ACTIVATION,3,3,,,,,,0
REACTOME_AMINE_LIGAND_BINDING_RECEPTORS,1,1,,,,,,0
REACTOME_AMINO_ACID_CONJUGATION,1,1,,,,,,0
REACTOME_AMINO_ACID_TRANSPORT_ACROSS_THE_PLASMA_MEMBRANE,2,2,,,,,,0
REACTOME_AMPK_INHIBITS_CHREBP_TRANSCRIPTIONAL_ACTIVATION_ACTIVITY,1,1,,,,,,0
REACTOME_ANCHORING_FIBRIL_FORMATION,1,1,,,,,,0
REACTOME_ANDROGEN_BIOSYNTHESIS,1,1,,,,,,0
REACTOME_ANTIGEN_PRESENTATION_FOLDING_ASSEMBLY_AND_PEPTIDE_LOADING_OF_CLASS_I_MHC,4,4,,,,,,0
REACTOME_APEX1_INDEPENDENT_RESOLUTION_OF_AP_SITES_VIA_THE_SINGLE_NUCLEOTIDE_REPLACEMENT_PATHWAY,2,2,,,,,,0
REACTOME_APOBEC3G_MEDIATED_RESISTANCE_TO_HIV_1_INFECTION,1,1,,,,,,0
REACTOME_APOPTOSIS_INDUCED_DNA_FRAGMENTATION,4,4,,,,,,0
REACTOME_APOPTOTIC_CLEAVAGE_OF_CELL_ADHESION_PROTEINS,2,2,,,,,,0
REACTOME_APOPTOTIC_FACTOR_MEDIATED_RESPONSE,1,1,,,,,,0
REACTOME_ARACHIDONATE_PRODUCTION_FROM_DAG,0,0,,,,,,0
REACTOME_ARMS_MEDIATED_ACTIVATION,1,1,,,,,,0
REACTOME_ARYL_HYDROCARBON_RECEPTOR_SIGNALLING,1,1,,,,,,0
REACTOME_ASPARTATE_AND_ASPARAGINE_METABOLISM,2,2,,,,,,0
REACTOME_ASSEMBLY_OF_ACTIVE_LPL_AND_LIPC_LIPASE_COMPLEXES,2,2,,,,,,0
REACTOME_ATF6_ATF6_ALPHA_ACTIVATES_CHAPERONES,4,4,,,,,,0
REACTOME_ATF6_ATF6_ALPHA_ACTIVATES_CHAPERONE_GENES,4,4,,,,,,0
REACTOME_ATTACHMENT_AND_ENTRY,1,1,,,,,,0
REACTOME_ATTACHMENT_OF_GPI_ANCHOR_TO_UPAR,3,3,,,,,,0
REACTOME_BASIGIN_INTERACTIONS,4,4,,,,,,0
REACTOME_BETA_CATENIN_PHOSPHORYLATION_CASCADE,1,1,,,,,,0
REACTOME_BETA_DEFENSINS,2,2,,,,,,0
REACTOME_BETA_OXIDATION_OF_BUTANOYL_COA_TO_ACETYL_COA,2,2,,,,,,0
REACTOME_BETA_OXIDATION_OF_DECANOYL_COA_TO_OCTANOYL_COA_COA,2,2,,,,,,0
REACTOME_BETA_OXIDATION_OF_HEXANOYL_COA_TO_BUTANOYL_COA,1,1,,,,,,0
REACTOME_BETA_OXIDATION_OF_LAUROYL_COA_TO_DECANOYL_COA_COA,1,1,,,,,,0
REACTOME_BETA_OXIDATION_OF_OCTANOYL_COA_TO_HEXANOYL_COA,2,2,,,,,,0
REACTOME_BETA_OXIDATION_OF_PRISTANOYL_COA,3,3,,,,,,0
REACTOME_BETA_OXIDATION_OF_VERY_LONG_CHAIN_FATTY_ACIDS,4,4,,,,,,0
REACTOME_BH3_ONLY_PROTEINS_ASSOCIATE_WITH_AND_INACTIVATE_ANTI_APOPTOTIC_BCL_2_MEMBERS,4,4,,,,,,0
REACTOME_BICARBONATE_TRANSPORTERS,3,3,,,,,,0
REACTOME_BINDING_OF_TCF_LEF_CTNNB1_TO_TARGET_GENE_PROMOTERS,3,3,,,,,,0
REACTOME_BIOSYNTHESIS_OF_EPA_DERIVED_SPMS,1,1,,,,,,0
REACTOME_BIOSYNTHESIS_OF_MARESINS,1,1,,,,,,0
REACTOME_BIOSYNTHESIS_OF_MARESIN_LIKE_SPMS,0,0,,,,,,0
REACTOME_BIOSYNTHESIS_OF_SPECIALIZED_PRORESOLVING_MEDIATORS_SPMS,4,4,,,,,,0
REACTOME_BIOTIN_TRANSPORT_AND_METABOLISM,2,2,,,,,,0
REACTOME_BUDDING_AND_MATURATION_OF_HIV_VIRION,4,4,,,,,,0
REACTOME_BUTYRATE_RESPONSE_FACTOR_1_BRF1_BINDS_AND_DESTABILIZES_MRNA,4,4,,,,,,0
REACTOME_BUTYROPHILIN_BTN_FAMILY_INTERACTIONS,4,4,,,,,,0
REACTOME_CA2_ACTIVATED_K_CHANNELS,1,1,,,,,,0
REACTOME_CALCINEURIN_ACTIVATES_NFAT,3,3,,,,,,0
REACTOME_CALCITONIN_LIKE_LIGAND_RECEPTORS,2,2,,,,,,0
REACTOME_CALNEXIN_CALRETICULIN_CYCLE,4,4,,,,,,0
REACTOME_CAMK_IV_MEDIATED_PHOSPHORYLATION_OF_CREB,1,1,,,,,,0
REACTOME_CARNITINE_METABOLISM,3,3,,,,,,0
REACTOME_CASPASE_ACTIVATION_VIA_DEPENDENCE_RECEPTORS_IN_THE_ABSENCE_OF_LIGAND,3,3,,,,,,0
REACTOME_CASPASE_MEDIATED_CLEAVAGE_OF_CYTOSKELETAL_PROTEINS,4,4,,,,,,0
REACTOME_CATION_COUPLED_CHLORIDE_COTRANSPORTERS,2,2,,,,,,0
REACTOME_CD163_MEDIATING_AN_ANTI_INFLAMMATORY_RESPONSE,2,2,,,,,,0
REACTOME_CD22_MEDIATED_BCR_REGULATION,2,2,,,,,,0
REACTOME_CD28_DEPENDENT_VAV1_PATHWAY,2,2,,,,,,0
REACTOME_CELL_EXTRACELLULAR_MATRIX_INTERACTIONS,1,1,,,,,,0
REACTOME_CGMP_EFFECTS,3,3,,,,,,0
REACTOME_CHK1_CHK2_CDS1_MEDIATED_INACTIVATION_OF_CYCLIN_B_CDK1_COMPLEX,0,0,,,,,,0
REACTOME_CHL1_INTERACTIONS,3,3,,,,,,0
REACTOME_CHOLINE_CATABOLISM,0,0,,,,,,0
REACTOME_CHONDROITIN_SULFATE_BIOSYNTHESIS,2,2,,,,,,0
REACTOME_CHREBP_ACTIVATES_METABOLIC_GENE_EXPRESSION,2,2,,,,,,0
REACTOME_CHYLOMICRON_ASSEMBLY,2,2,,,,,,0
REACTOME_CHYLOMICRON_CLEARANCE,4,4,,,,,,0
REACTOME_CHYLOMICRON_REMODELING,2,2,,,,,,0
REACTOME_CITRIC_ACID_CYCLE_TCA_CYCLE,4,4,,,,,,0
REACTOME_CLASS_C_3_METABOTROPIC_GLUTAMATE_PHEROMONE_RECEPTORS,1,1,,,,,,0
REACTOME_CLEC7A_INFLAMMASOME_PATHWAY,3,3,,,,,,0
REACTOME_COBALAMIN_CBL_VITAMIN_B12_TRANSPORT_AND_METABOLISM,4,4,,,,,,0
REACTOME_COENZYME_A_BIOSYNTHESIS,3,3,,,,,,0
REACTOME_COHESIN_LOADING_ONTO_CHROMATIN,4,4,,,,,,0
REACTOME_COMPETING_ENDOGENOUS_RNAS_CERNAS_REGULATE_PTEN_TRANSLATION,3,3,,,,,,0
REACTOME_CONDENSATION_OF_PROMETAPHASE_CHROMOSOMES,3,3,,,,,,0
REACTOME_CONDENSATION_OF_PROPHASE_CHROMOSOMES,4,4,,,,,,0
REACTOME_CONJUGATION_OF_BENZOATE_WITH_GLYCINE,1,1,,,,,,0
REACTOME_CONSTITUTIVE_SIGNALING_BY_EGFRVIII,4,4,,,,,,0
REACTOME_CONSTITUTIVE_SIGNALING_BY_OVEREXPRESSED_ERBB2,2,2,,,,,,0
REACTOME_CREATINE_METABOLISM,1,1,,,,,,0
REACTOME_CREATION_OF_C4_AND_C2_ACTIVATORS,4,4,,,,,,0
REACTOME_CREB1_PHOSPHORYLATION_THROUGH_THE_ACTIVATION_OF_ADENYLATE_CYCLASE,4,4,,,,,,0
REACTOME_CREB1_PHOSPHORYLATION_THROUGH_THE_ACTIVATION_OF_CAMKII_CAMKK_CAMKIV_CASCASDE,0,0,,,,,,0
REACTOME_CREB3_FACTORS_ACTIVATE_GENES,2,2,,,,,,0
REACTOME_CREB_PHOSPHORYLATION,3,3,,,,,,0
REACTOME_CRISTAE_FORMATION,3,3,,,,,,0
REACTOME_CRMPS_IN_SEMA3A_SIGNALING,2,2,,,,,,0
REACTOME_CROSSLINKING_OF_COLLAGEN_FIBRILS,3,3,,,,,,0
REACTOME_CROSS_PRESENTATION_OF_PARTICULATE_EXOGENOUS_ANTIGENS_PHAGOSOMES,1,1,,,,,,0
REACTOME_CROSS_PRESENTATION_OF_SOLUBLE_EXOGENOUS_ANTIGENS_ENDOSOMES,3,3,,,,,,0
REACTOME_CS_DS_DEGRADATION,1,1,,,,,,0
REACTOME_CYCLIN_A_B1_B2_ASSOCIATED_EVENTS_DURING_G2_M_TRANSITION,3,3,,,,,,0
REACTOME_CYP2E1_REACTIONS,0,0,,,,,,0
REACTOME_CYTOCHROME_C_MEDIATED_APOPTOTIC_RESPONSE,1,1,,,,,,0
REACTOME_CYTOCHROME_P450_ARRANGED_BY_SUBSTRATE_TYPE,4,4,,,,,,0
REACTOME_CYTOSOLIC_IRON_SULFUR_CLUSTER_ASSEMBLY,2,2,,,,,,0
REACTOME_CYTOSOLIC_TRNA_AMINOACYLATION,1,1,,,,,,0
REACTOME_DCC_MEDIATED_ATTRACTIVE_SIGNALING,4,4,,,,,,0
REACTOME_DEADENYLATION_OF_MRNA,3,3,,,,,,0
REACTOME_DEFECTIVE_B4GALT1_CAUSES_B4GALT1_CDG_CDG_2D,0,0,,,,,,0
REACTOME_DEFECTIVE_B4GALT7_CAUSES_EDS_PROGEROID_TYPE,4,4,,,,,,0
REACTOME_DEFECTIVE_C1GALT1C1_CAUSES_TNPS,1,1,,,,,,0
REACTOME_DEFECTIVE_CHST14_CAUSES_EDS_MUSCULOCONTRACTURAL_TYPE,1,1,,,,,,0
REACTOME_DEFECTIVE_CHST3_CAUSES_SEDCJD,1,1,,,,,,0
REACTOME_DEFECTIVE_CHST6_CAUSES_MCDC1,0,0,,,,,,0
REACTOME_DEFECTIVE_CHSY1_CAUSES_TPBS,1,1,,,,,,0
REACTOME_DEFECTIVE_CSF2RB_CAUSES_SMDP5,0,0,,,,,,0
REACTOME_DEFECTIVE_EXT2_CAUSES_EXOSTOSES_2,2,2,,,,,,0
REACTOME_DEFECTIVE_F9_ACTIVATION,2,2,,,,,,0
REACTOME_DEFECTIVE_FACTOR_IX_CAUSES_HEMOPHILIA_B,2,2,,,,,,0
REACTOME_DEFECTIVE_FACTOR_VIII_CAUSES_HEMOPHILIA_A,2,2,,,,,,0
REACTOME_DEFECTIVE_GALNT3_CAUSES_HFTC,2,2,,,,,,0
REACTOME_DEFECTIVE_LFNG_CAUSES_SCDO3,0,0,,,,,,0
REACTOME_DEFECTIVE_RIPK1_MEDIATED_REGULATED_NECROSIS,1,1,,,,,,0
REACTOME_DEFECTIVE_ST3GAL3_CAUSES_MCT12_AND_EIEE15,1,1,,,,,,0
REACTOME_DEFECTS_IN_BIOTIN_BTN_METABOLISM,1,1,,,,,,0
REACTOME_DEFECTS_IN_COBALAMIN_B12_METABOLISM,3,3,,,,,,0
REACTOME_DEFECTS_IN_VITAMIN_AND_COFACTOR_METABOLISM,4,4,,,,,,0
REACTOME_DEFENSINS,2,2,,,,,,0
REACTOME_DERMATAN_SULFATE_BIOSYNTHESIS,1,1,,,,,,0
REACTOME_DEX_H_BOX_HELICASES_ACTIVATE_TYPE_I_IFN_AND_INFLAMMATORY_CYTOKINES_PRODUCTION,0,0,,,,,,0
REACTOME_DIGESTION,1,1,,,,,,0
REACTOME_DIGESTION_AND_ABSORPTION,2,2,,,,,,0
REACTOME_DIGESTION_OF_DIETARY_CARBOHYDRATE,1,1,,,,,,0
REACTOME_DIGESTION_OF_DIETARY_LIPID,0,0,,,,,,0
REACTOME_DISASSEMBLY_OF_THE_DESTRUCTION_COMPLEX_AND_RECRUITMENT_OF_AXIN_TO_THE_MEMBRANE,2,2,,,,,,0
REACTOME_DISEASES_ASSOCIATED_WITH_SURFACTANT_METABOLISM,1,1,,,,,,0
REACTOME_DISEASES_OF_BASE_EXCISION_REPAIR,3,3,,,,,,0
REACTOME_DISEASES_OF_MISMATCH_REPAIR_MMR,1,1,,,,,,0
REACTOME_DISINHIBITION_OF_SNARE_FORMATION,0,0,,,,,,0
REACTOME_DISPLACEMENT_OF_DNA_GLYCOSYLASE_BY_APEX1,4,4,,,,,,0
REACTOME_DISSOLUTION_OF_FIBRIN_CLOT,4,4,,,,,,0
REACTOME_DNA_DAMAGE_REVERSAL,2,2,,,,,,0
REACTOME_DNA_METHYLATION,0,0,,,,,,0
REACTOME_DNA_REPLICATION_INITIATION,3,3,,,,,,0
REACTOME_DOPAMINE_CLEARANCE_FROM_THE_SYNAPTIC_CLEFT,1,1,,,,,,0
REACTOME_DOPAMINE_NEUROTRANSMITTER_RELEASE_CYCLE,2,2,,,,,,0
REACTOME_DOPAMINE_RECEPTORS,0,0,,,,,,0
REACTOME_DOWNREGULATION_OF_ERBB4_SIGNALING,3,3,,,,,,0
REACTOME_DOWNSTREAM_SIGNALING_OF_ACTIVATED_FGFR3,4,4,,,,,,0
REACTOME_DOWNSTREAM_SIGNALING_OF_ACTIVATED_FGFR4,4,4,,,,,,0
REACTOME_DSCAM_INTERACTIONS,2,2,,,,,,0
REACTOME_E2F_ENABLED_INHIBITION_OF_PRE_REPLICATION_COMPLEX_FORMATION,4,4,,,,,,0
REACTOME_EARLY_PHASE_OF_HIV_LIFE_CYCLE,3,3,,,,,,0
REACTOME_EGFR_INTERACTS_WITH_PHOSPHOLIPASE_C_GAMMA,3,3,,,,,,0
REACTOME_EGFR_TRANSACTIVATION_BY_GASTRIN,1,1,,,,,,0
REACTOME_EICOSANOIDS,0,0,,,,,,0
REACTOME_ELECTRIC_TRANSMISSION_ACROSS_GAP_JUNCTIONS,0,0,,,,,,0
REACTOME_ELEVATION_OF_CYTOSOLIC_CA2_LEVELS,4,4,,,,,,0
REACTOME_ENDOGENOUS_STEROLS,3,3,,,,,,0
REACTOME_ENDOSOMAL_SORTING_COMPLEX_REQUIRED_FOR_TRANSPORT_ESCRT,4,4,,,,,,0
REACTOME_ENDOSOMAL_VACUOLAR_PATHWAY,3,3,,,,,,0
REACTOME_ENERGY_DEPENDENT_REGULATION_OF_MTOR_BY_LKB1_AMPK,4,4,,,,,,0
REACTOME_ENOS_ACTIVATION,2,2,,,,,,0
REACTOME_EPHRIN_SIGNALING,3,3,,,,,,0
REACTOME_ERBB2_REGULATES_CELL_MOTILITY,4,4,,,,,,0
REACTOME_ERKS_ARE_INACTIVATED,1,1,,,,,,0
REACTOME_ERK_MAPK_TARGETS,4,4,,,,,,0
REACTOME_ERYTHROPOIETIN_ACTIVATES_PHOSPHOLIPASE_C_GAMMA_PLCG,3,3,,,,,,0
REACTOME_ERYTHROPOIETIN_ACTIVATES_RAS,4,4,,,,,,0
REACTOME_ERYTHROPOIETIN_ACTIVATES_STAT5,3,3,,,,,,0
REACTOME_ER_QUALITY_CONTROL_COMPARTMENT_ERQC,4,4,,,,,,0
REACTOME_ESTABLISHMENT_OF_SISTER_CHROMATID_COHESION,4,4,,,,,,0
REACTOME_ESTROGEN_BIOSYNTHESIS,0,0,,,,,,0
REACTOME_ESTROGEN_STIMULATED_SIGNALING_THROUGH_PRKCZ,2,2,,,,,,0
REACTOME_ETHANOL_OXIDATION,1,1,,,,,,0
REACTOME_EXTRINSIC_PATHWAY_OF_FIBRIN_CLOT_FORMATION,0,0,,,,,,0
REACTOME_FASL_CD95L_SIGNALING,3,3,,,,,,0
REACTOME_FATTY_ACIDS,0,0,,,,,,0
REACTOME_FATTY_ACIDS_BOUND_TO_GPR40_FFAR1_REGULATE_INSULIN_SECRETION,1,1,,,,,,0
REACTOME_FBXW7_MUTANTS_AND_NOTCH1_IN_CANCER,0,0,,,,,,0
REACTOME_FGFR1B_LIGAND_BINDING_AND_ACTIVATION,1,1,,,,,,0
REACTOME_FGFR1C_LIGAND_BINDING_AND_ACTIVATION,1,1,,,,,,0
REACTOME_FGFR1_LIGAND_BINDING_AND_ACTIVATION,2,2,,,,,,0
REACTOME_FGFR2B_LIGAND_BINDING_AND_ACTIVATION,3,3,,,,,,0
REACTOME_FGFR2C_LIGAND_BINDING_AND_ACTIVATION,1,1,,,,,,0
REACTOME_FGFR2_LIGAND_BINDING_AND_ACTIVATION,4,4,,,,,,0
REACTOME_FGFR3B_LIGAND_BINDING_AND_ACTIVATION,1,1,,,,,,0
REACTOME_FGFR3_LIGAND_BINDING_AND_ACTIVATION,2,2,,,,,,0
REACTOME_FGFRL1_MODULATION_OF_FGFR1_SIGNALING,1,1,,,,,,0
REACTOME_FIBRONECTIN_MATRIX_FORMATION,0,0,,,,,,0
REACTOME_FICOLINS_BIND_TO_REPETITIVE_CARBOHYDRATE_STRUCTURES_ON_THE_TARGET_CELL_SURFACE,1,1,,,,,,0
REACTOME_FLT3_SIGNALING_BY_CBL_MUTANTS,3,3,,,,,,0
REACTOME_FLT3_SIGNALING_THROUGH_SRC_FAMILY_KINASES,3,3,,,,,,0
REACTOME_FOLDING_OF_ACTIN_BY_CCT_TRIC,3,3,,,,,,0
REACTOME_FORMATION_OF_APOPTOSOME,0,0,,,,,,0
REACTOME_FORMATION_OF_ATP_BY_CHEMIOSMOTIC_COUPLING,0,0,,,,,,0
REACTOME_FORMATION_OF_SENESCENCE_ASSOCIATED_HETEROCHROMATIN_FOCI_SAHF,1,1,,,,,,0
REACTOME_FORMATION_OF_XYLULOSE_5_PHOSPHATE,0,0,,,,,,0
REACTOME_FORMYL_PEPTIDE_RECEPTORS_BIND_FORMYL_PEPTIDES_AND_MANY_OTHER_LIGANDS,3,3,,,,,,0
REACTOME_FOXO_MEDIATED_TRANSCRIPTION_OF_CELL_CYCLE_GENES,4,4,,,,,,0
REACTOME_FREE_FATTY_ACIDS_REGULATE_INSULIN_SECRETION,1,1,,,,,,0
REACTOME_FREE_FATTY_ACID_RECEPTORS,0,0,,,,,,0
REACTOME_FRS_MEDIATED_FGFR1_SIGNALING,3,3,,,,,,0
REACTOME_FRS_MEDIATED_FGFR2_SIGNALING,3,3,,,,,,0
REACTOME_FRS_MEDIATED_FGFR3_SIGNALING,2,2,,,,,,0
REACTOME_FRS_MEDIATED_FGFR4_SIGNALING,2,2,,,,,,0
REACTOME_FRUCTOSE_CATABOLISM,1,1,,,,,,0
REACTOME_FRUCTOSE_METABOLISM,1,1,,,,,,0
REACTOME_G2_M_DNA_REPLICATION_CHECKPOINT,0,0,,,,,,0
REACTOME_G2_PHASE,1,1,,,,,,0
REACTOME_GAB1_SIGNALOSOME,3,3,,,,,,0
REACTOME_GABA_SYNTHESIS_RELEASE_REUPTAKE_AND_DEGRADATION,1,1,,,,,,0
REACTOME_GALACTOSE_CATABOLISM,3,3,,,,,,0
REACTOME_GAMMA_CARBOXYLATION_TRANSPORT_AND_AMINO_TERMINAL_CLEAVAGE_OF_PROTEINS,1,1,,,,,,0
REACTOME_GAP_JUNCTION_ASSEMBLY,3,3,,,,,,0
REACTOME_GAP_JUNCTION_DEGRADATION,2,2,,,,,,0
REACTOME_GASTRIN_CREB_SIGNALLING_PATHWAY_VIA_PKC_AND_MAPK,2,2,,,,,,0
REACTOME_GDP_FUCOSE_BIOSYNTHESIS,1,1,,,,,,0
REACTOME_GLI_PROTEINS_BIND_PROMOTERS_OF_HH_RESPONSIVE_GENES_TO_PROMOTE_TRANSCRIPTION,1,1,,,,,,0
REACTOME_GLUCOCORTICOID_BIOSYNTHESIS,0,0,,,,,,0
REACTOME_GLUCURONIDATION,0,0,,,,,,0
REACTOME_GLUTAMATE_AND_GLUTAMINE_METABOLISM,2,2,,,,,,0
REACTOME_GLUTAMATE_NEUROTRANSMITTER_RELEASE_CYCLE,3,3,,,,,,0
REACTOME_GLUTATHIONE_SYNTHESIS_AND_RECYCLING,2,2,,,,,,0
REACTOME_GLYCEROPHOSPHOLIPID_CATABOLISM,3,3,,,,,,0
REACTOME_GLYCOGEN_BREAKDOWN_GLYCOGENOLYSIS,4,4,,,,,,0
REACTOME_GOLGI_CISTERNAE_PERICENTRIOLAR_STACK_REORGANIZATION,0,0,,,,,,0
REACTOME_GP1B_IX_V_ACTIVATION_SIGNALLING,4,4,,,,,,0
REACTOME_GRB2_EVENTS_IN_ERBB2_SIGNALING,4,4,,,,,,0
REACTOME_GRB2_SOS_PROVIDES_LINKAGE_TO_MAPK_SIGNALING_FOR_INTEGRINS,2,2,,,,,,0
REACTOME_GRB7_EVENTS_IN_ERBB2_SIGNALING,3,3,,,,,,0
REACTOME_HDL_ASSEMBLY,2,2,,,,,,0
REACTOME_HDL_CLEARANCE,1,1,,,,,,0
REACTOME_HDL_REMODELING,4,4,,,,,,0
REACTOME_HDR_THROUGH_MMEJ_ALT_NHEJ,3,3,,,,,,0
REACTOME_HEDGEHOG_LIGAND_BIOGENESIS,4,4,,,,,,0
REACTOME_HEME_BIOSYNTHESIS,3,3,,,,,,0
REACTOME_HEME_DEGRADATION,2,2,,,,,,0
REACTOME_HIGHLY_CALCIUM_PERMEABLE_NICOTINIC_ACETYLCHOLINE_RECEPTORS,1,1,,,,,,0
REACTOME_HIGHLY_CALCIUM_PERMEABLE_POSTSYNAPTIC_NICOTINIC_ACETYLCHOLINE_RECEPTORS,1,1,,,,,,0
REACTOME_HIGHLY_SODIUM_PERMEABLE_POSTSYNAPTIC_ACETYLCHOLINE_NICOTINIC_RECEPTORS,1,1,,,,,,0
REACTOME_HISTIDINE_CATABOLISM,0,0,,,,,,0
REACTOME_HORMONE_LIGAND_BINDING_RECEPTORS,0,0,,,,,,0
REACTOME_HS_GAG_BIOSYNTHESIS,3,3,,,,,,0
REACTOME_HS_GAG_DEGRADATION,4,4,,,,,,0
REACTOME_HUR_ELAVL1_BINDS_AND_STABILIZES_MRNA,0,0,,,,,,0
REACTOME_HYALURONAN_BIOSYNTHESIS_AND_EXPORT,2,2,,,,,,0
REACTOME_HYALURONAN_METABOLISM,3,3,,,,,,0
REACTOME_HYALURONAN_UPTAKE_AND_DEGRADATION,1,1,,,,,,0
REACTOME_HYDROLYSIS_OF_LPC,0,0,,,,,,0
REACTOME_IKBA_VARIANT_LEADS_TO_EDA_ID,2,2,,,,,,0
REACTOME_IL_6_TYPE_CYTOKINE_RECEPTOR_LIGAND_INTERACTIONS,4,4,,,,,,0
REACTOME_INACTIVATION_OF_CDC42_AND_RAC1,1,1,,,,,,0
REACTOME_INCRETIN_SYNTHESIS_SECRETION_AND_INACTIVATION,2,2,,,,,,0
REACTOME_INHIBITION_OF_REPLICATION_INITIATION_OF_DAMAGED_DNA_BY_RB1_E2F1,4,4,,,,,,0
REACTOME_INLA_MEDIATED_ENTRY_OF_LISTERIA_MONOCYTOGENES_INTO_HOST_CELLS,2,2,,,,,,0
REACTOME_INLB_MEDIATED_ENTRY_OF_LISTERIA_MONOCYTOGENES_INTO_HOST_CELL,2,2,,,,,,0
REACTOME_INSULIN_PROCESSING,4,4,,,,,,0
REACTOME_INTEGRATION_OF_PROVIRUS,1,1,,,,,,0
REACTOME_INTEGRIN_SIGNALING,4,4,,,,,,0
REACTOME_INTERACTION_WITH_CUMULUS_CELLS_AND_THE_ZONA_PELLUCIDA,1,1,,,,,,0
REACTOME_INTERLEUKIN_15_SIGNALING,3,3,,,,,,0
REACTOME_INTERLEUKIN_18_SIGNALING,2,2,,,,,,0
REACTOME_INTERLEUKIN_1_PROCESSING,1,1,,,,,,0
REACTOME_INTERLEUKIN_21_SIGNALING,2,2,,,,,,0
REACTOME_INTERLEUKIN_23_SIGNALING,2,2,,,,,,0
REACTOME_INTERLEUKIN_27_SIGNALING,1,1,,,,,,0
REACTOME_INTERLEUKIN_35_SIGNALLING,2,2,,,,,,0
REACTOME_INTERLEUKIN_36_PATHWAY,3,3,,,,,,0
REACTOME_INTERLEUKIN_6_SIGNALING,2,2,,,,,,0
REACTOME_INTERLEUKIN_9_SIGNALING,1,1,,,,,,0
REACTOME_INTESTINAL_ABSORPTION,1,1,,,,,,0
REACTOME_IONOTROPIC_ACTIVITY_OF_KAINATE_RECEPTORS,2,2,,,,,,0
REACTOME_IRAK1_RECRUITS_IKK_COMPLEX,4,4,,,,,,0
REACTOME_IRAK2_MEDIATED_ACTIVATION_OF_TAK1_COMPLEX,3,3,,,,,,0
REACTOME_IRF3_MEDIATED_ACTIVATION_OF_TYPE_1_IFN,1,1,,,,,,0
REACTOME_IRF3_MEDIATED_INDUCTION_OF_TYPE_I_IFN,1,1,,,,,,0
REACTOME_IRS_ACTIVATION,1,1,,,,,,0
REACTOME_JNK_C_JUN_KINASES_PHOSPHORYLATION_AND_ACTIVATION_MEDIATED_BY_ACTIVATED_HUMAN_TAK1,4,4,,,,,,0
REACTOME_JOSEPHIN_DOMAIN_DUBS,4,4,,,,,,0
REACTOME_KERATAN_SULFATE_BIOSYNTHESIS,4,4,,,,,,0
REACTOME_KERATAN_SULFATE_DEGRADATION,0,0,,,,,,0
REACTOME_KERATAN_SULFATE_KERATIN_METABOLISM,4,4,,,,,,0
REACTOME_KETONE_BODY_METABOLISM,3,3,,,,,,0
REACTOME_KILLING_MECHANISMS,3,3,,,,,,0
REACTOME_KSRP_KHSRP_BINDS_AND_DESTABILIZES_MRNA,3,3,,,,,,0
REACTOME_LAMININ_INTERACTIONS,2,2,,,,,,0
REACTOME_LDL_CLEARANCE,3,3,,,,,,0
REACTOME_LDL_REMODELING,0,0,,,,,,0
REACTOME_LECTIN_PATHWAY_OF_COMPLEMENT_ACTIVATION,1,1,,,,,,0
REACTOME_LEUKOTRIENE_RECEPTORS,3,3,,,,,,0
REACTOME_LGI_ADAM_INTERACTIONS,2,2,,,,,,0
REACTOME_LIGAND_RECEPTOR_INTERACTIONS,0,0,,,,,,0
REACTOME_LINOLEIC_ACID_LA_METABOLISM,1,1,,,,,,0
REACTOME_LIPID_PARTICLE_ORGANIZATION,4,4,,,,,,0
REACTOME_LIPOPHAGY,2,2,,,,,,0
REACTOME_LISTERIA_MONOCYTOGENES_ENTRY_INTO_HOST_CELLS,2,2,,,,,,0
REACTOME_LOSS_OF_FUNCTION_OF_MECP2_IN_RETT_SYNDROME,3,3,,,,,,0
REACTOME_LOSS_OF_FUNCTION_OF_SMAD2_3_IN_CANCER,2,2,,,,,,0
REACTOME_LOSS_OF_MECP2_BINDING_ABILITY_TO_THE_NCOR_SMRT_COMPLEX,3,3,,,,,,0
REACTOME_LRR_FLII_INTERACTING_PROTEIN_1_LRRFIP1_ACTIVATES_TYPE_I_IFN_PRODUCTION,0,0,,,,,,0
REACTOME_LTC4_CYSLTR_MEDIATED_IL4_PRODUCTION,2,2,,,,,,0
REACTOME_LYSINE_CATABOLISM,2,2,,,,,,0
REACTOME_LYSOSOME_VESICLE_BIOGENESIS,2,2,,,,,,0
REACTOME_LYSOSPHINGOLIPID_AND_LPA_RECEPTORS,4,4,,,,,,0
REACTOME_MAPK1_ERK2_ACTIVATION,1,1,,,,,,0
REACTOME_MAPK3_ERK1_ACTIVATION,2,2,,,,,,0
REACTOME_MASTL_FACILITATES_MITOTIC_PROGRESSION,2,2,,,,,,0
REACTOME_MATURATION_OF_SARS_COV_1_NUCLEOPROTEIN,1,1,,,,,,0
REACTOME_MATURATION_OF_SARS_COV_1_SPIKE_PROTEIN,1,1,,,,,,0
REACTOME_MATURATION_OF_SARS_COV_2_NUCLEOPROTEIN,4,4,,,,,,0
REACTOME_MECP2_REGULATES_NEURONAL_RECEPTORS_AND_CHANNELS,3,3,,,,,,0
REACTOME_MECP2_REGULATES_TRANSCRIPTION_FACTORS,1,1,,,,,,0
REACTOME_MECP2_REGULATES_TRANSCRIPTION_OF_NEURONAL_LIGANDS,0,0,,,,,,0
REACTOME_MELANIN_BIOSYNTHESIS,0,0,,,,,,0
REACTOME_METABOLIC_DISORDERS_OF_BIOLOGICAL_OXIDATION_ENZYMES,4,4,,,,,,0
REACTOME_METABOLISM_OF_AMINE_DERIVED_HORMONES,0,0,,,,,,0
REACTOME_METABOLISM_OF_ANGIOTENSINOGEN_TO_ANGIOTENSINS,3,3,,,,,,0
REACTOME_METABOLISM_OF_FOLATE_AND_PTERINES,1,1,,,,,,0
REACTOME_METABOLISM_OF_INGESTED_SEMET_SEC_MESEC_INTO_H2SE,1,1,,,,,,0
REACTOME_METABOLISM_OF_NITRIC_OXIDE_NOS3_ACTIVATION_AND_REGULATION,3,3,,,,,,0
REACTOME_METABOLISM_OF_PORPHYRINS,4,4,,,,,,0
REACTOME_METABOLISM_OF_STEROID_HORMONES,2,2,,,,,,0
REACTOME_METALLOPROTEASE_DUBS,3,3,,,,,,0
REACTOME_METALLOTHIONEINS_BIND_METALS,3,3,,,,,,0
REACTOME_METAL_SEQUESTRATION_BY_ANTIMICROBIAL_PROTEINS,3,3,,,,,,0
REACTOME_METHIONINE_SALVAGE_PATHWAY,2,2,,,,,,0
REACTOME_METHYLATION,0,0,,,,,,0
REACTOME_MET_ACTIVATES_PI3K_AKT_SIGNALING,1,1,,,,,,0
REACTOME_MET_ACTIVATES_PTK2_SIGNALING,3,3,,,,,,0
REACTOME_MET_ACTIVATES_PTPN11,0,0,,,,,,0
REACTOME_MET_ACTIVATES_RAP1_AND_RAC1,1,1,,,,,,0
REACTOME_MET_ACTIVATES_RAS_SIGNALING,1,1,,,,,,0
REACTOME_MET_INTERACTS_WITH_TNS_PROTEINS,1,1,,,,,,0
REACTOME_MET_RECEPTOR_ACTIVATION,1,1,,,,,,0
REACTOME_MET_RECEPTOR_RECYCLING,1,1,,,,,,0
REACTOME_MINERALOCORTICOID_BIOSYNTHESIS,0,0,,,,,,0
REACTOME_MIRO_GTPASE_CYCLE,3,3,,,,,,0
REACTOME_MISCELLANEOUS_SUBSTRATES,0,0,,,,,,0
REACTOME_MITOCHONDRIAL_FATTY_ACID_BETA_OXIDATION_OF_SATURATED_FATTY_ACIDS,3,3,,,,,,0
REACTOME_MITOCHONDRIAL_FATTY_ACID_BETA_OXIDATION_OF_UNSATURATED_FATTY_ACIDS,1,1,,,,,,0
REACTOME_MITOCHONDRIAL_UNCOUPLING,0,0,,,,,,0
REACTOME_MITOTIC_TELOPHASE_CYTOKINESIS,4,4,,,,,,0
REACTOME_MODULATION_BY_MTB_OF_HOST_IMMUNE_SYSTEM,3,3,,,,,,0
REACTOME_MOLYBDENUM_COFACTOR_BIOSYNTHESIS,4,4,,,,,,0
REACTOME_MRNA_EDITING_C_TO_U_CONVERSION,4,4,,,,,,0
REACTOME_MTORC1_MEDIATED_SIGNALLING,4,4,,,,,,0
REACTOME_MUCOPOLYSACCHARIDOSES,1,1,,,,,,0
REACTOME_MULTIFUNCTIONAL_ANION_EXCHANGERS,1,1,,,,,,0
REACTOME_MUSCARINIC_ACETYLCHOLINE_RECEPTORS,0,0,,,,,,0
REACTOME_MYOGENESIS,3,3,,,,,,0
REACTOME_NADE_MODULATES_DEATH_SIGNALLING,2,2,,,,,,0
REACTOME_NA_CL_DEPENDENT_NEUROTRANSMITTER_TRANSPORTERS,0,0,,,,,,0
REACTOME_NECTIN_NECL_TRANS_HETERODIMERIZATION,1,1,,,,,,0
REACTOME_NEF_AND_SIGNAL_TRANSDUCTION,4,4,,,,,,0
REACTOME_NEF_MEDIATED_CD4_DOWN_REGULATION,2,2,,,,,,0
REACTOME_NEF_MEDIATED_CD8_DOWN_REGULATION,2,2,,,,,,0
REACTOME_NEF_MEDIATED_DOWNREGULATION_OF_MHC_CLASS_I_COMPLEX_CELL_SURFACE_EXPRESSION,2,2,,,,,,0
REACTOME_NEGATIVE_FEEDBACK_REGULATION_OF_MAPK_PATHWAY,2,2,,,,,,0
REACTOME_NEGATIVE_REGULATION_OF_ACTIVITY_OF_TFAP2_AP_2_FAMILY_TRANSCRIPTION_FACTORS,1,1,,,,,,0
REACTOME_NEGATIVE_REGULATION_OF_FGFR3_SIGNALING,4,4,,,,,,0
REACTOME_NEGATIVE_REGULATION_OF_FGFR4_SIGNALING,4,4,,,,,,0
REACTOME_NEGATIVE_REGULATION_OF_MET_ACTIVITY,2,2,,,,,,0
REACTOME_NEGATIVE_REGULATION_OF_NMDA_RECEPTOR_MEDIATED_NEURONAL_TRANSMISSION,4,4,,,,,,0
REACTOME_NEGATIVE_REGULATION_OF_NOTCH4_SIGNALING,3,3,,,,,,0
REACTOME_NEGATIVE_REGULATION_OF_TCF_DEPENDENT_SIGNALING_BY_DVL_INTERACTING_PROTEINS,2,2,,,,,,0
REACTOME_NEGATIVE_REGULATION_OF_TCF_DEPENDENT_SIGNALING_BY_WNT_LIGAND_ANTAGONISTS,1,1,,,,,,0
REACTOME_NETRIN_MEDIATED_REPULSION_SIGNALS,0,0,,,,,,0
REACTOME_NEUROFASCIN_INTERACTIONS,0,0,,,,,,0
REACTOME_NEUROTOXICITY_OF_CLOSTRIDIUM_TOXINS,3,3,,,,,,0
REACTOME_NEUROTRANSMITTER_CLEARANCE,3,3,,,,,,0
REACTOME_NEUROTRANSMITTER_RELEASE_CYCLE,3,3,,,,,,0
REACTOME_NF_KB_ACTIVATION_THROUGH_FADD_RIP_1_PATHWAY_MEDIATED_BY_CASPASE_8_AND_10,3,3,,,,,,0
REACTOME_NF_KB_IS_ACTIVATED_AND_SIGNALS_SURVIVAL,4,4,,,,,,0
REACTOME_NGF_INDEPENDANT_TRKA_ACTIVATION,0,0,,,,,,0
REACTOME_NICOTINAMIDE_SALVAGING,1,1,,,,,,0
REACTOME_NICOTINATE_METABOLISM,4,4,,,,,,0
REACTOME_NITRIC_OXIDE_STIMULATES_GUANYLATE_CYCLASE,4,4,,,,,,0
REACTOME_NONCANONICAL_ACTIVATION_OF_NOTCH3,0,0,,,,,,0
REACTOME_NOREPINEPHRINE_NEUROTRANSMITTER_RELEASE_CYCLE,2,2,,,,,,0
REACTOME_NOSTRIN_MEDIATED_ENOS_TRAFFICKING,2,2,,,,,,0
REACTOME_NOTCH2_ACTIVATION_AND_TRANSMISSION_OF_SIGNAL_TO_THE_NUCLEUS,3,3,,,,,,0
REACTOME_NOTCH2_INTRACELLULAR_DOMAIN_REGULATES_TRANSCRIPTION,3,3,,,,,,0
REACTOME_NOTCH3_ACTIVATION_AND_TRANSMISSION_OF_SIGNAL_TO_THE_NUCLEUS,4,4,,,,,,0
REACTOME_NOTCH3_INTRACELLULAR_DOMAIN_REGULATES_TRANSCRIPTION,3,3,,,,,,0
REACTOME_NOTCH4_ACTIVATION_AND_TRANSMISSION_OF_SIGNAL_TO_THE_NUCLEUS,0,0,,,,,,0
REACTOME_NOTCH4_INTRACELLULAR_DOMAIN_REGULATES_TRANSCRIPTION,3,3,,,,,,0
REACTOME_NR1H2_NR1H3_REGULATE_GENE_EXPRESSION_LINKED_TO_GLUCONEOGENESIS,1,1,,,,,,0
REACTOME_NR1H2_NR1H3_REGULATE_GENE_EXPRESSION_LINKED_TO_LIPOGENESIS,1,1,,,,,,0
REACTOME_NR1H2_NR1H3_REGULATE_GENE_EXPRESSION_LINKED_TO_TRIGLYCERIDE_LIPOLYSIS_IN_ADIPOSE,1,1,,,,,,0
REACTOME_NR1H2_NR1H3_REGULATE_GENE_EXPRESSION_TO_CONTROL_BILE_ACID_HOMEOSTASIS,2,2,,,,,,0
REACTOME_NR1H2_NR1H3_REGULATE_GENE_EXPRESSION_TO_LIMIT_CHOLESTEROL_UPTAKE,2,2,,,,,,0
REACTOME_NRCAM_INTERACTIONS,1,1,,,,,,0
REACTOME_NRIF_SIGNALS_CELL_DEATH_FROM_THE_NUCLEUS,4,4,,,,,,0
REACTOME_NTRK2_ACTIVATES_RAC1,1,1,,,,,,0
REACTOME_NUCLEAR_EVENTS_STIMULATED_BY_ALK_SIGNALING_IN_CANCER,3,3,,,,,,0
REACTOME_NUCLEOTIDE_BIOSYNTHESIS,3,3,,,,,,0
REACTOME_NUCLEOTIDE_LIKE_PURINERGIC_RECEPTORS,3,3,,,,,,0
REACTOME_N_GLYCAN_ANTENNAE_ELONGATION,4,4,,,,,,0
REACTOME_N_GLYCAN_TRIMMING_AND_ELONGATION_IN_THE_CIS_GOLGI,2,2,,,,,,0
REACTOME_OAS_ANTIVIRAL_RESPONSE,2,2,,,,,,0
REACTOME_OLFACTORY_SIGNALING_PATHWAY,1,1,,,,,,0
REACTOME_OPSINS,0,0,,,,,,0
REACTOME_OREXIN_AND_NEUROPEPTIDES_FF_AND_QRFP_BIND_TO_THEIR_RESPECTIVE_RECEPTORS,1,1,,,,,,0
REACTOME_ORGANIC_ANION_TRANSPORT,0,0,,,,,,0
REACTOME_ORGANIC_ANION_TRANSPORTERS,0,0,,,,,,0
REACTOME_ORGANIC_CATION_ANION_ZWITTERION_TRANSPORT,0,0,,,,,,0
REACTOME_ORGANIC_CATION_TRANSPORT,0,0,,,,,,0
REACTOME_OTHER_SEMAPHORIN_INTERACTIONS,4,4,,,,,,0
REACTOME_P130CAS_LINKAGE_TO_MAPK_SIGNALING_FOR_INTEGRINS,2,2,,,,,,0
REACTOME_P2Y_RECEPTORS,2,2,,,,,,0
REACTOME_P38MAPK_EVENTS,2,2,,,,,,0
REACTOME_P75NTR_NEGATIVELY_REGULATES_CELL_CYCLE_VIA_SC1,0,0,,,,,,0
REACTOME_P75NTR_RECRUITS_SIGNALLING_COMPLEXES,4,4,,,,,,0
REACTOME_P75NTR_REGULATES_AXONOGENESIS,1,1,,,,,,0
REACTOME_PASSIVE_TRANSPORT_BY_AQUAPORINS,3,3,,,,,,0
REACTOME_PENTOSE_PHOSPHATE_PATHWAY,3,3,,,,,,0
REACTOME_PEPTIDE_HORMONE_BIOSYNTHESIS,0,0,,,,,,0
REACTOME_PHASE_0_RAPID_DEPOLARISATION,4,4,,,,,,0
REACTOME_PHASE_1_INACTIVATION_OF_FAST_NA_CHANNELS,1,1,,,,,,0
REACTOME_PHASE_2_PLATEAU_PHASE,1,1,,,,,,0
REACTOME_PHASE_3_RAPID_REPOLARISATION,0,0,,,,,,0
REACTOME_PHASE_4_RESTING_MEMBRANE_POTENTIAL,1,1,,,,,,0
REACTOME_PHENYLALANINE_AND_TYROSINE_METABOLISM,3,3,,,,,,0
REACTOME_PHENYLALANINE_METABOLISM,2,2,,,,,,0
REACTOME_PHOSPHATE_BOND_HYDROLYSIS_BY_NTPDASE_PROTEINS,1,1,,,,,,0
REACTOME_PHOSPHATE_BOND_HYDROLYSIS_BY_NUDT_PROTEINS,3,3,,,,,,0
REACTOME_PHOSPHOLIPASE_C_MEDIATED_CASCADE_FGFR2,3,3,,,,,,0
REACTOME_PHOSPHOLIPASE_C_MEDIATED_CASCADE_FGFR4,2,2,,,,,,0
REACTOME_PHOSPHORYLATION_OF_EMI1,0,0,,,,,,0
REACTOME_PHYSIOLOGICAL_FACTORS,1,1,,,,,,0
REACTOME_PI3K_AKT_ACTIVATION,3,3,,,,,,0
REACTOME_PI3K_EVENTS_IN_ERBB4_SIGNALING,2,2,,,,,,0
REACTOME_PI5P_REGULATES_TP53_ACETYLATION,2,2,,,,,,0
REACTOME_PINK1_PRKN_MEDIATED_MITOPHAGY,4,4,,,,,,0
REACTOME_PI_3K_CASCADE_FGFR1,3,3,,,,,,0
REACTOME_PI_3K_CASCADE_FGFR2,3,3,,,,,,0
REACTOME_PI_3K_CASCADE_FGFR3,2,2,,,,,,0
REACTOME_PI_3K_CASCADE_FGFR4,2,2,,,,,,0
REACTOME_PKA_ACTIVATION_IN_GLUCAGON_SIGNALLING,4,4,,,,,,0
REACTOME_PKA_MEDIATED_PHOSPHORYLATION_OF_CREB,4,4,,,,,,0
REACTOME_PKA_MEDIATED_PHOSPHORYLATION_OF_KEY_METABOLIC_FACTORS,1,1,,,,,,0
REACTOME_PLASMA_LIPOPROTEIN_ASSEMBLY,3,3,,,,,,0
REACTOME_PLATELET_SENSITIZATION_BY_LDL,1,1,,,,,,0
REACTOME_POLO_LIKE_KINASE_MEDIATED_EVENTS,4,4,,,,,,0
REACTOME_POU5F1_OCT4_SOX2_NANOG_ACTIVATE_GENES_RELATED_TO_PROLIFERATION,2,2,,,,,,0
REACTOME_POU5F1_OCT4_SOX2_NANOG_REPRESS_GENES_RELATED_TO_DIFFERENTIATION,4,4,,,,,,0
REACTOME_PP2A_MEDIATED_DEPHOSPHORYLATION_OF_KEY_METABOLIC_FACTORS,0,0,,,,,,0
REACTOME_PRC2_METHYLATES_HISTONES_AND_DNA,4,4,,,,,,0
REACTOME_PREGNENOLONE_BIOSYNTHESIS,1,1,,,,,,0
REACTOME_PRESYNAPTIC_DEPOLARIZATION_AND_CALCIUM_CHANNEL_OPENING,1,1,,,,,,0
REACTOME_PRESYNAPTIC_NICOTINIC_ACETYLCHOLINE_RECEPTORS,2,2,,,,,,0
REACTOME_PREVENTION_OF_PHAGOSOMAL_LYSOSOMAL_FUSION,2,2,,,,,,0
REACTOME_PRE_NOTCH_PROCESSING_IN_GOLGI,2,2,,,,,,0
REACTOME_PRE_NOTCH_PROCESSING_IN_THE_ENDOPLASMIC_RETICULUM,0,0,,,,,,0
REACTOME_PROCESSING_AND_ACTIVATION_OF_SUMO,2,2,,,,,,0
REACTOME_PROCESSING_OF_SMDT1,3,3,,,,,,0
REACTOME_PROLACTIN_RECEPTOR_SIGNALING,2,2,,,,,,0
REACTOME_PROLONGED_ERK_ACTIVATION_EVENTS,3,3,,,,,,0
REACTOME_PROPIONYL_COA_CATABOLISM,1,1,,,,,,0
REACTOME_PROSTANOID_LIGAND_RECEPTORS,3,3,,,,,,0
REACTOME_PROTEIN_METHYLATION,4,4,,,,,,0
REACTOME_PROTEIN_REPAIR,1,1,,,,,,0
REACTOME_PROTON_COUPLED_MONOCARBOXYLATE_TRANSPORT,3,3,,,,,,0
REACTOME_PTK6_EXPRESSION,4,4,,,,,,0
REACTOME_PTK6_PROMOTES_HIF1A_STABILIZATION,1,1,,,,,,0
REACTOME_PTK6_REGULATES_CELL_CYCLE,4,4,,,,,,0
REACTOME_PTK6_REGULATES_PROTEINS_INVOLVED_IN_RNA_PROCESSING,2,2,,,,,,0
REACTOME_PTK6_REGULATES_RHO_GTPASES_RAS_GTPASE_AND_MAP_KINASES,3,3,,,,,,0
REACTOME_PTK6_REGULATES_RTKS_AND_THEIR_EFFECTORS_AKT1_AND_DOK1,3,3,,,,,,0
REACTOME_PURINE_RIBONUCLEOSIDE_MONOPHOSPHATE_BIOSYNTHESIS,2,2,,,,,,0
REACTOME_PURINE_SALVAGE,3,3,,,,,,0
REACTOME_PYRIMIDINE_CATABOLISM,4,4,,,,,,0
REACTOME_PYRIMIDINE_SALVAGE,3,3,,,,,,0
REACTOME_PYROPTOSIS,4,4,,,,,,0
REACTOME_RAP1_SIGNALLING,3,3,,,,,,0
REACTOME_RAS_SIGNALING_DOWNSTREAM_OF_NF1_LOSS_OF_FUNCTION_VARIANTS,2,2,,,,,,0
REACTOME_RA_BIOSYNTHESIS_PATHWAY,3,3,,,,,,0
REACTOME_REACTIONS_SPECIFIC_TO_THE_COMPLEX_N_GLYCAN_SYNTHESIS_PATHWAY,3,3,,,,,,0
REACTOME_RECEPTOR_MEDIATED_MITOPHAGY,3,3,,,,,,0
REACTOME_RECEPTOR_TYPE_TYROSINE_PROTEIN_PHOSPHATASES,0,0,,,,,,0
REACTOME_RECOGNITION_AND_ASSOCIATION_OF_DNA_GLYCOSYLASE_WITH_SITE_CONTAINING_AN_AFFECTED_PURINE,4,4,,,,,,0
REACTOME_RECYCLING_OF_BILE_ACIDS_AND_SALTS,0,0,,,,,,0
REACTOME_RECYCLING_OF_EIF2_GDP,4,4,,,,,,0
REACTOME_REDUCTION_OF_CYTOSOLIC_CA_LEVELS,1,1,,,,,,0
REACTOME_REELIN_SIGNALLING_PATHWAY,1,1,,,,,,0
REACTOME_REGULATED_PROTEOLYSIS_OF_P75NTR,0,0,,,,,,0
REACTOME_REGULATION_OF_BACH1_ACTIVITY,3,3,,,,,,0
REACTOME_REGULATION_OF_BETA_CELL_DEVELOPMENT,2,2,,,,,,0
REACTOME_REGULATION_OF_COMMISSURAL_AXON_PATHFINDING_BY_SLIT_AND_ROBO,2,2,,,,,,0
REACTOME_REGULATION_OF_CYTOSKELETAL_REMODELING_AND_CELL_SPREADING_BY_IPP_COMPLEX_COMPONENTS,0,0,,,,,,0
REACTOME_REGULATION_OF_FOXO_TRANSCRIPTIONAL_ACTIVITY_BY_ACETYLATION,4,4,,,,,,0
REACTOME_REGULATION_OF_FZD_BY_UBIQUITINATION,3,3,,,,,,0
REACTOME_REGULATION_OF_GENE_EXPRESSION_BY_HYPOXIA_INDUCIBLE_FACTOR,2,2,,,,,,0
REACTOME_REGULATION_OF_GENE_EXPRESSION_IN_BETA_CELLS,1,1,,,,,,0
REACTOME_REGULATION_OF_GENE_EXPRESSION_IN_EARLY_PANCREATIC_PRECURSOR_CELLS,0,0,,,,,,0
REACTOME_REGULATION_OF_GENE_EXPRESSION_IN_ENDOCRINE_COMMITTED_NEUROG3_PROGENITOR_CELLS,0,0,,,,,,0
REACTOME_REGULATION_OF_GENE_EXPRESSION_IN_LATE_STAGE_BRANCHING_MORPHOGENESIS_PANCREATIC_BUD_PRECURSOR_CELLS,1,1,,,,,,0
REACTOME_REGULATION_OF_GLYCOLYSIS_BY_FRUCTOSE_2_6_BISPHOSPHATE_METABOLISM,1,1,,,,,,0
REACTOME_REGULATION_OF_IFNA_SIGNALING,3,3,,,,,,0
REACTOME_REGULATION_OF_IFNG_SIGNALING,3,3,,,,,,0
REACTOME_REGULATION_OF_INNATE_IMMUNE_RESPONSES_TO_CYTOSOLIC_DNA,4,4,,,,,,0
REACTOME_REGULATION_OF_KIT_SIGNALING,4,4,,,,,,0
REACTOME_REGULATION_OF_LOCALIZATION_OF_FOXO_TRANSCRIPTION_FACTORS,1,1,,,,,,0
REACTOME_REGULATION_OF_PTEN_LOCALIZATION,2,2,,,,,,0
REACTOME_REGULATION_OF_PTEN_MRNA_TRANSLATION,3,3,,,,,,0
REACTOME_REGULATION_OF_RUNX3_EXPRESSION_AND_ACTIVITY,3,3,,,,,,0
REACTOME_REGULATION_OF_SIGNALING_BY_NODAL,0,0,,,,,,0
REACTOME_REGULATION_OF_TLR_BY_ENDOGENOUS_LIGAND,4,4,,,,,,0
REACTOME_REGULATION_OF_TP53_ACTIVITY_THROUGH_ASSOCIATION_WITH_CO_FACTORS,0,0,,,,,,0
REACTOME_RELAXIN_RECEPTORS,1,1,,,,,,0
REACTOME_RELEASE_OF_APOPTOTIC_FACTORS_FROM_THE_MITOCHONDRIA,0,0,,,,,,0
REACTOME_RELEASE_OF_HH_NP_FROM_THE_SECRETING_CELL,0,0,,,,,,0
REACTOME_REMOVAL_OF_AMINOTERMINAL_PROPEPTIDES_FROM_GAMMA_CARBOXYLATED_PROTEINS,1,1,,,,,,0
REACTOME_RESPONSE_OF_EIF2AK1_HRI_TO_HEME_DEFICIENCY,3,3,,,,,,0
REACTOME_RESPONSE_TO_METAL_IONS,4,4,,,,,,0
REACTOME_RETINOID_CYCLE_DISEASE_EVENTS,1,1,,,,,,0
REACTOME_RETROGRADE_NEUROTROPHIN_SIGNALLING,1,1,,,,,,0
REACTOME_RHOBTB1_GTPASE_CYCLE,4,4,,,,,,0
REACTOME_RHOBTB3_ATPASE_CYCLE,2,2,,,,,,0
REACTOME_RHOT1_GTPASE_CYCLE,2,2,,,,,,0
REACTOME_RHO_GTPASES_ACTIVATE_CIT,2,2,,,,,,0
REACTOME_RHO_GTPASES_ACTIVATE_KTN1,2,2,,,,,,0
REACTOME_RHO_GTPASES_ACTIVATE_NADPH_OXIDASES,4,4,,,,,,0
REACTOME_RHO_GTPASES_ACTIVATE_PAKS,3,3,,,,,,0
REACTOME_RHO_GTPASES_ACTIVATE_PKNS,2,2,,,,,,0
REACTOME_RHO_GTPASES_ACTIVATE_RHOTEKIN_AND_RHOPHILINS,1,1,,,,,,0
REACTOME_RHO_GTPASES_ACTIVATE_ROCKS,1,1,,,,,,0
REACTOME_RIP_MEDIATED_NFKB_ACTIVATION_VIA_ZBP1,4,4,,,,,,0
REACTOME_ROBO_RECEPTORS_BIND_AKAP5,3,3,,,,,,0
REACTOME_ROLE_OF_ABL_IN_ROBO_SLIT_SIGNALING,2,2,,,,,,0
REACTOME_ROLE_OF_SECOND_MESSENGERS_IN_NETRIN_1_SIGNALING,2,2,,,,,,0
REACTOME_RORA_ACTIVATES_GENE_EXPRESSION,4,4,,,,,,0
REACTOME_RRNA_MODIFICATION_IN_THE_MITOCHONDRION,1,1,,,,,,0
REACTOME_RRNA_PROCESSING_IN_THE_MITOCHONDRION,1,1,,,,,,0
REACTOME_RSK_ACTIVATION,1,1,,,,,,0
REACTOME_RUNX1_REGULATES_ESTROGEN_RECEPTOR_MEDIATED_TRANSCRIPTION,1,1,,,,,,0
REACTOME_RUNX1_REGULATES_EXPRESSION_OF_COMPONENTS_OF_TIGHT_JUNCTIONS,1,1,,,,,,0
REACTOME_RUNX1_REGULATES_TRANSCRIPTION_OF_GENES_INVOLVED_IN_BCR_SIGNALING,2,2,,,,,,0
REACTOME_RUNX1_REGULATES_TRANSCRIPTION_OF_GENES_INVOLVED_IN_DIFFERENTIATION_OF_KERATINOCYTES,3,3,,,,,,0
REACTOME_RUNX1_REGULATES_TRANSCRIPTION_OF_GENES_INVOLVED_IN_DIFFERENTIATION_OF_MYELOID_CELLS,2,2,,,,,,0
REACTOME_RUNX1_REGULATES_TRANSCRIPTION_OF_GENES_INVOLVED_IN_INTERLEUKIN_SIGNALING,0,0,,,,,,0
REACTOME_RUNX1_REGULATES_TRANSCRIPTION_OF_GENES_INVOLVED_IN_WNT_SIGNALING,1,1,,,,,,0
REACTOME_RUNX2_REGULATES_CHONDROCYTE_MATURATION,1,1,,,,,,0
REACTOME_RUNX2_REGULATES_GENES_INVOLVED_IN_CELL_MIGRATION,0,0,,,,,,0
REACTOME_RUNX3_REGULATES_BCL2L11_BIM_TRANSCRIPTION,3,3,,,,,,0
REACTOME_RUNX3_REGULATES_CDKN1A_TRANSCRIPTION,1,1,,,,,,0
REACTOME_RUNX3_REGULATES_IMMUNE_RESPONSE_AND_CELL_MIGRATION,2,2,,,,,,0
REACTOME_RUNX3_REGULATES_NOTCH_SIGNALING,1,1,,,,,,0
REACTOME_RUNX3_REGULATES_P14_ARF,3,3,,,,,,0
REACTOME_RUNX3_REGULATES_WNT_SIGNALING,4,4,,,,,,0
REACTOME_RUNX3_REGULATES_YAP1_MEDIATED_TRANSCRIPTION,0,0,,,,,,0
REACTOME_SCAVENGING_BY_CLASS_B_RECEPTORS,1,1,,,,,,0
REACTOME_SCAVENGING_BY_CLASS_F_RECEPTORS,2,2,,,,,,0
REACTOME_SCAVENGING_OF_HEME_FROM_PLASMA,4,4,,,,,,0
REACTOME_SEALING_OF_THE_NUCLEAR_ENVELOPE_NE_BY_ESCRT_III,4,4,,,,,,0
REACTOME_SEMA3A_PAK_DEPENDENT_AXON_REPULSION,3,3,,,,,,0
REACTOME_SEMA3A_PLEXIN_REPULSION_SIGNALING_BY_INHIBITING_INTEGRIN_ADHESION,2,2,,,,,,0
REACTOME_SEMA4D_INDUCED_CELL_MIGRATION_AND_GROWTH_CONE_COLLAPSE,4,4,,,,,,0
REACTOME_SEMA4D_IN_SEMAPHORIN_SIGNALING,4,4,,,,,,0
REACTOME_SEMA4D_MEDIATED_INHIBITION_OF_CELL_ATTACHMENT_AND_MIGRATION,1,1,,,,,,0
REACTOME_SENSING_OF_DNA_DOUBLE_STRAND_BREAKS,0,0,,,,,,0
REACTOME_SENSORY_PERCEPTION_OF_SALTY_TASTE,0,0,,,,,,0
REACTOME_SENSORY_PERCEPTION_OF_TASTE,4,4,,,,,,0
REACTOME_SERINE_BIOSYNTHESIS,2,2,,,,,,0
REACTOME_SEROTONIN_AND_MELATONIN_BIOSYNTHESIS,0,0,,,,,,0
REACTOME_SEROTONIN_NEUROTRANSMITTER_RELEASE_CYCLE,2,2,,,,,,0
REACTOME_SEROTONIN_RECEPTORS,0,0,,,,,,0
REACTOME_SHC1_EVENTS_IN_EGFR_SIGNALING,3,3,,,,,,0
REACTOME_SHC1_EVENTS_IN_ERBB4_SIGNALING,2,2,,,,,,0
REACTOME_SHC_MEDIATED_CASCADE_FGFR1,3,3,,,,,,0
REACTOME_SHC_MEDIATED_CASCADE_FGFR3,2,2,,,,,,0
REACTOME_SHC_MEDIATED_CASCADE_FGFR4,2,2,,,,,,0
REACTOME_SHC_RELATED_EVENTS_TRIGGERED_BY_IGF1R,1,1,,,,,,0
REACTOME_SIGNALING_BY_ACTIVIN,2,2,,,,,,0
REACTOME_SIGNALING_BY_ALK,4,4,,,,,,0
REACTOME_SIGNALING_BY_BMP,4,4,,,,,,0
REACTOME_SIGNALING_BY_CTNNB1_PHOSPHO_SITE_MUTANTS,1,1,,,,,,0
REACTOME_SIGNALING_BY_FGFR2_IIIA_TM,4,4,,,,,,0
REACTOME_SIGNALING_BY_FGFR3_FUSIONS_IN_CANCER,2,2,,,,,,0
REACTOME_SIGNALING_BY_FGFR4_IN_DISEASE,3,3,,,,,,0
REACTOME_SIGNALING_BY_FLT3_ITD_AND_TKD_MUTANTS,4,4,,,,,,0
REACTOME_SIGNALING_BY_HIPPO,2,2,,,,,,0
REACTOME_SIGNALING_BY_LEPTIN,4,4,,,,,,0
REACTOME_SIGNALING_BY_LRP5_MUTANTS,1,1,,,,,,0
REACTOME_SIGNALING_BY_MAPK_MUTANTS,1,1,,,,,,0
REACTOME_SIGNALING_BY_MEMBRANE_TETHERED_FUSIONS_OF_PDGFRA_OR_PDGFRB,0,0,,,,,,0
REACTOME_SIGNALING_BY_MRAS_COMPLEX_MUTANTS,1,1,,,,,,0
REACTOME_SIGNALING_BY_MST1,1,1,,,,,,0
REACTOME_SIGNALING_BY_NODAL,2,2,,,,,,0
REACTOME_SIGNALING_BY_NOTCH1_HD_DOMAIN_MUTANTS_IN_CANCER,3,3,,,,,,0
REACTOME_SIGNALING_BY_NOTCH1_T_7_9_NOTCH1_M1580_K2555_TRANSLOCATION_MUTANT,0,0,,,,,,0
REACTOME_SIGNALING_BY_NTRK2_TRKB,4,4,,,,,,0
REACTOME_SIGNALING_BY_NTRK3_TRKC,3,3,,,,,,0
REACTOME_SIGNALING_BY_PDGFRA_TRANSMEMBRANE_JUXTAMEMBRANE_AND_KINASE_DOMAIN_MUTANTS,4,4,,,,,,0
REACTOME_SIGNALING_BY_PDGFR_IN_DISEASE,4,4,,,,,,0
REACTOME_SIGNALING_BY_RNF43_MUTANTS,0,0,,,,,,0
REACTOME_SIGNALING_BY_TGF_BETA_RECEPTOR_COMPLEX_IN_CANCER,2,2,,,,,,0
REACTOME_SIGNALLING_TO_P38_VIA_RIT_AND_RIN,1,1,,,,,,0
REACTOME_SIGNALLING_TO_RAS,2,2,,,,,,0
REACTOME_SIGNAL_ATTENUATION,1,1,,,,,,0
REACTOME_SIGNAL_REGULATORY_PROTEIN_FAMILY_INTERACTIONS,2,2,,,,,,0
REACTOME_SIGNAL_TRANSDUCTION_BY_L1,4,4,,,,,,0
REACTOME_SIRT1_NEGATIVELY_REGULATES_RRNA_EXPRESSION,3,3,,,,,,0
REACTOME_SLBP_DEPENDENT_PROCESSING_OF_REPLICATION_DEPENDENT_HISTONE_PRE_MRNAS,0,0,,,,,,0
REACTOME_SMAC_XIAP_REGULATED_APOPTOTIC_RESPONSE,1,1,,,,,,0
REACTOME_SMALL_INTERFERING_RNA_SIRNA_BIOGENESIS,2,2,,,,,,0
REACTOME_SODIUM_CALCIUM_EXCHANGERS,0,0,,,,,,0
REACTOME_SODIUM_COUPLED_PHOSPHATE_COTRANSPORTERS,0,0,,,,,,0
REACTOME_SODIUM_COUPLED_SULPHATE_DI_AND_TRI_CARBOXYLATE_TRANSPORTERS,0,0,,,,,,0
REACTOME_SODIUM_PROTON_EXCHANGERS,0,0,,,,,,0
REACTOME_SOS_MEDIATED_SIGNALLING,2,2,,,,,,0
REACTOME_SPERM_MOTILITY_AND_TAXES,2,2,,,,,,0
REACTOME_SPRY_REGULATION_OF_FGF_SIGNALING,3,3,,,,,,0
REACTOME_STAT3_NUCLEAR_EVENTS_DOWNSTREAM_OF_ALK_SIGNALING,0,0,,,,,,0
REACTOME_STAT5_ACTIVATION,2,2,,,,,,0
REACTOME_STAT5_ACTIVATION_DOWNSTREAM_OF_FLT3_ITD_MUTANTS,2,2,,,,,,0
REACTOME_STING_MEDIATED_INDUCTION_OF_HOST_IMMUNE_RESPONSES,1,1,,,,,,0
REACTOME_SULFIDE_OXIDATION_TO_SULFATE,1,1,,,,,,0
REACTOME_SUMOYLATION_OF_IMMUNE_RESPONSE_PROTEINS,2,2,,,,,,0
REACTOME_SUMOYLATION_OF_TRANSCRIPTION_FACTORS,3,3,,,,,,0
REACTOME_SUMO_IS_CONJUGATED_TO_E1_UBA2_SAE1,1,1,,,,,,0
REACTOME_SUMO_IS_PROTEOLYTICALLY_PROCESSED,1,1,,,,,,0
REACTOME_SUMO_IS_TRANSFERRED_FROM_E1_TO_E2_UBE2I_UBC9,1,1,,,,,,0
REACTOME_SUPPRESSION_OF_APOPTOSIS,0,0,,,,,,0
REACTOME_SUPPRESSION_OF_PHAGOSOMAL_MATURATION,4,4,,,,,,0
REACTOME_SURFACTANT_METABOLISM,3,3,,,,,,0
REACTOME_SYNDECAN_INTERACTIONS,4,4,,,,,,0
REACTOME_SYNTHESIS_OF_12_EICOSATETRAENOIC_ACID_DERIVATIVES,2,2,,,,,,0
REACTOME_SYNTHESIS_OF_15_EICOSATETRAENOIC_ACID_DERIVATIVES,1,1,,,,,,0
REACTOME_SYNTHESIS_OF_16_20_HYDROXYEICOSATETRAENOIC_ACIDS_HETE,1,1,,,,,,0
REACTOME_SYNTHESIS_OF_5_EICOSATETRAENOIC_ACIDS,2,2,,,,,,0
REACTOME_SYNTHESIS_OF_BILE_ACIDS_AND_BILE_SALTS_VIA_24_HYDROXYCHOLESTEROL,2,2,,,,,,0
REACTOME_SYNTHESIS_OF_BILE_ACIDS_AND_BILE_SALTS_VIA_27_HYDROXYCHOLESTEROL,1,1,,,,,,0
REACTOME_SYNTHESIS_OF_BILE_ACIDS_AND_BILE_SALTS_VIA_7ALPHA_HYDROXYCHOLESTEROL,2,2,,,,,,0
REACTOME_SYNTHESIS_OF_DIPHTHAMIDE_EEF2,3,3,,,,,,0
REACTOME_SYNTHESIS_OF_DOLICHYL_PHOSPHATE,2,2,,,,,,0
REACTOME_SYNTHESIS_OF_EPOXY_EET_AND_DIHYDROXYEICOSATRIENOIC_ACIDS_DHET,2,2,,,,,,0
REACTOME_SYNTHESIS_OF_GDP_MANNOSE,1,1,,,,,,0
REACTOME_SYNTHESIS_OF_KETONE_BODIES,2,2,,,,,,0
REACTOME_SYNTHESIS_OF_LEUKOTRIENES_LT_AND_EOXINS_EX,1,1,,,,,,0
REACTOME_SYNTHESIS_OF_LIPOXINS_LX,3,3,,,,,,0
REACTOME_SYNTHESIS_OF_PE,3,3,,,,,,0
REACTOME_SYNTHESIS_OF_PG,1,1,,,,,,0
REACTOME_SYNTHESIS_OF_PI,2,2,,,,,,0
REACTOME_SYNTHESIS_OF_PIPS_AT_THE_EARLY_ENDOSOME_MEMBRANE,4,4,,,,,,0
REACTOME_SYNTHESIS_OF_PIPS_AT_THE_ER_MEMBRANE,2,2,,,,,,0
REACTOME_SYNTHESIS_OF_PIPS_AT_THE_GOLGI_MEMBRANE,4,4,,,,,,0
REACTOME_SYNTHESIS_OF_PIPS_AT_THE_LATE_ENDOSOME_MEMBRANE,2,2,,,,,,0
REACTOME_SYNTHESIS_OF_PROSTAGLANDINS_PG_AND_THROMBOXANES_TX,4,4,,,,,,0
REACTOME_SYNTHESIS_OF_PYROPHOSPHATES_IN_THE_CYTOSOL,2,2,,,,,,0
REACTOME_SYNTHESIS_OF_UDP_N_ACETYL_GLUCOSAMINE,1,1,,,,,,0
REACTOME_SYNTHESIS_OF_WYBUTOSINE_AT_G37_OF_TRNA_PHE,2,2,,,,,,0
REACTOME_SYNTHESIS_SECRETION_AND_DEACYLATION_OF_GHRELIN,4,4,,,,,,0
REACTOME_SYNTHESIS_SECRETION_AND_INACTIVATION_OF_GLUCAGON_LIKE_PEPTIDE_1_GLP_1,2,2,,,,,,0
REACTOME_SYNTHESIS_SECRETION_AND_INACTIVATION_OF_GLUCOSE_DEPENDENT_INSULINOTROPIC_POLYPEPTIDE_GIP,2,2,,,,,,0
REACTOME_TACHYKININ_RECEPTORS_BIND_TACHYKININS,0,0,,,,,,0
REACTOME_TANDEM_PORE_DOMAIN_POTASSIUM_CHANNELS,0,0,,,,,,0
REACTOME_TERMINAL_PATHWAY_OF_COMPLEMENT,1,1,,,,,,0
REACTOME_TETRAHYDROBIOPTERIN_BH4_SYNTHESIS_RECYCLING_SALVAGE_AND_REGULATION,2,2,,,,,,0
REACTOME_TFAP2A_ACTS_AS_A_TRANSCRIPTIONAL_REPRESSOR_DURING_RETINOIC_ACID_INDUCED_CELL_DIFFERENTIATION,2,2,,,,,,0
REACTOME_TFAP2_AP_2_FAMILY_REGULATES_TRANSCRIPTION_OF_CELL_CYCLE_FACTORS,2,2,,,,,,0
REACTOME_TFAP2_AP_2_FAMILY_REGULATES_TRANSCRIPTION_OF_GROWTH_FACTORS_AND_THEIR_RECEPTORS,2,2,,,,,,0
REACTOME_THE_ACTIVATION_OF_ARYLSULFATASES,3,3,,,,,,0
REACTOME_THE_CANONICAL_RETINOID_CYCLE_IN_RODS_TWILIGHT_VISION,4,4,,,,,,0
REACTOME_THE_FATTY_ACID_CYCLING_MODEL,0,0,,,,,,0
REACTOME_THE_RETINOID_CYCLE_IN_CONES_DAYLIGHT_VISION,0,0,,,,,,0
REACTOME_THYROXINE_BIOSYNTHESIS,0,0,,,,,,0
REACTOME_TICAM1_DEPENDENT_ACTIVATION_OF_IRF3_IRF7,4,4,,,,,,0
REACTOME_TICAM1_TRAF6_DEPENDENT_INDUCTION_OF_TAK1_COMPLEX,4,4,,,,,,0
REACTOME_TLR3_MEDIATED_TICAM1_DEPENDENT_PROGRAMMED_CELL_DEATH,2,2,,,,,,0
REACTOME_TNFR1_INDUCED_PROAPOPTOTIC_SIGNALING,3,3,,,,,,0
REACTOME_TNFR1_MEDIATED_CERAMIDE_PRODUCTION,2,2,,,,,,0
REACTOME_TOXICITY_OF_BOTULINUM_TOXIN_TYPE_D_BOTD,1,1,,,,,,0
REACTOME_TP53_REGULATES_TRANSCRIPTION_OF_CASPASE_ACTIVATORS_AND_CASPASES,1,1,,,,,,0
REACTOME_TP53_REGULATES_TRANSCRIPTION_OF_GENES_INVOLVED_IN_CYTOCHROME_C_RELEASE,4,4,,,,,,0
REACTOME_TP53_REGULATES_TRANSCRIPTION_OF_GENES_INVOLVED_IN_G1_CELL_CYCLE_ARREST,3,3,,,,,,0
REACTOME_TP53_REGULATES_TRANSCRIPTION_OF_SEVERAL_ADDITIONAL_CELL_DEATH_GENES_WHOSE_SPECIFIC_ROLES_IN_P53_DEPENDENT_APOPTOSIS_REMAIN_UNCERTAIN,1,1,,,,,,0
REACTOME_TRAF3_DEPENDENT_IRF_ACTIVATION_PATHWAY,4,4,,,,,,0
REACTOME_TRAF6_MEDIATED_INDUCTION_OF_TAK1_COMPLEX_WITHIN_TLR4_COMPLEX,4,4,,,,,,0
REACTOME_TRAF6_MEDIATED_IRF7_ACTIVATION,3,3,,,,,,0
REACTOME_TRAF6_MEDIATED_IRF7_ACTIVATION_IN_TLR7_8_OR_9_SIGNALING,4,4,,,,,,0
REACTOME_TRAFFICKING_AND_PROCESSING_OF_ENDOSOMAL_TLR,3,3,,,,,,0
REACTOME_TRAFFICKING_OF_GLUR2_CONTAINING_AMPA_RECEPTORS,1,1,,,,,,0
REACTOME_TRAFFICKING_OF_MYRISTOYLATED_PROTEINS_TO_THE_CILIUM,0,0,,,,,,0
REACTOME_TRAIL_SIGNALING,4,4,,,,,,0
REACTOME_TRANSCRIPTIONAL_REGULATION_OF_TESTIS_DIFFERENTIATION,2,2,,,,,,0
REACTOME_TRANSLATION_OF_REPLICASE_AND_ASSEMBLY_OF_THE_REPLICATION_TRANSCRIPTION_COMPLEX,2,2,,,,,,0
REACTOME_TRANSPORT_AND_SYNTHESIS_OF_PAPS,2,2,,,,,,0
REACTOME_TRANSPORT_OF_CONNEXONS_TO_THE_PLASMA_MEMBRANE,3,3,,,,,,0
REACTOME_TRANSPORT_OF_FATTY_ACIDS,2,2,,,,,,0
REACTOME_TRANSPORT_OF_NUCLEOSIDES_AND_FREE_PURINE_AND_PYRIMIDINE_BASES_ACROSS_THE_PLASMA_MEMBRANE,1,1,,,,,,0
REACTOME_TRANSPORT_OF_NUCLEOTIDE_SUGARS,3,3,,,,,,0
REACTOME_TRANSPORT_OF_ORGANIC_ANIONS,3,3,,,,,,0
REACTOME_TRIF_MEDIATED_PROGRAMMED_CELL_DEATH,2,2,,,,,,0
REACTOME_TRIGLYCERIDE_BIOSYNTHESIS,3,3,,,,,,0
REACTOME_TRISTETRAPROLIN_TTP_ZFP36_BINDS_AND_DESTABILIZES_MRNA,4,4,,,,,,0
REACTOME_TRNA_MODIFICATION_IN_THE_MITOCHONDRION,3,3,,,,,,0
REACTOME_TRNA_PROCESSING_IN_THE_MITOCHONDRION,1,1,,,,,,0
REACTOME_TRP_CHANNELS,3,3,,,,,,0
REACTOME_TYPE_I_HEMIDESMOSOME_ASSEMBLY,0,0,,,,,,0
REACTOME_TYROSINE_CATABOLISM,1,1,,,,,,0
REACTOME_TYSND1_CLEAVES_PEROXISOMAL_PROTEINS,2,2,,,,,,0
REACTOME_UNBLOCKING_OF_NMDA_RECEPTORS_GLUTAMATE_BINDING_AND_ACTIVATION,4,4,,,,,,0
REACTOME_UNWINDING_OF_DNA,4,4,,,,,,0
REACTOME_UPTAKE_AND_FUNCTION_OF_ANTHRAX_TOXINS,1,1,,,,,,0
REACTOME_UPTAKE_AND_FUNCTION_OF_DIPHTHERIA_TOXIN,2,2,,,,,,0
REACTOME_UREA_CYCLE,1,1,,,,,,0
REACTOME_VASOPRESSIN_LIKE_RECEPTORS,3,3,,,,,,0
REACTOME_VEGF_LIGAND_RECEPTOR_INTERACTIONS,0,0,,,,,,0
REACTOME_VITAMINS,1,1,,,,,,0
REACTOME_VITAMIN_B1_THIAMIN_METABOLISM,1,1,,,,,,0
REACTOME_VITAMIN_B2_RIBOFLAVIN_METABOLISM,1,1,,,,,,0
REACTOME_VITAMIN_C_ASCORBATE_METABOLISM,3,3,,,,,,0
REACTOME_VITAMIN_D_CALCIFEROL_METABOLISM,1,1,,,,,,0
REACTOME_VLDLR_INTERNALISATION_AND_DEGRADATION,1,1,,,,,,0
REACTOME_VLDL_ASSEMBLY,0,0,,,,,,0
REACTOME_VLDL_CLEARANCE,1,1,,,,,,0
REACTOME_VOLTAGE_GATED_POTASSIUM_CHANNELS,2,2,,,,,,0
REACTOME_VXPX_CARGO_TARGETING_TO_CILIUM,1,1,,,,,,0
REACTOME_WAX_AND_PLASMALOGEN_BIOSYNTHESIS,2,2,,,,,,0
REACTOME_WNT5A_DEPENDENT_INTERNALIZATION_OF_FZD2_FZD5_AND_ROR2,0,0,,,,,,0
REACTOME_WNT5A_DEPENDENT_INTERNALIZATION_OF_FZD4,1,1,,,,,,0
REACTOME_WNT_LIGAND_BIOGENESIS_AND_TRAFFICKING,2,2,,,,,,0
REACTOME_WNT_MEDIATED_ACTIVATION_OF_DVL,2,2,,,,,,0
REACTOME_XENOBIOTICS,0,0,,,,,,0
REACTOME_YAP1_AND_WWTR1_TAZ_STIMULATED_GENE_EXPRESSION,0,0,,,,,,0
REACTOME_ZINC_EFFLUX_AND_COMPARTMENTALIZATION_BY_THE_SLC30_FAMILY,1,1,,,,,,0
REACTOME_ZINC_INFLUX_INTO_CELLS_BY_THE_SLC39_GENE_FAMILY,4,4,,,,,,0
