,unit_auc,naive_auc,diff
REACTOME_2_LTR_CIRCLE_FORMATION,,,
REACTOME_ABACAVIR_METABOLISM,0.49713855678934976,0.49713855678934976,0.0
REACTOME_ABACAVIR_TRANSMEMBRANE_TRANSPORT,0.4985610662398974,0.4985773263063567,-1.6260066459328204e-05
REACTOME_ABACAVIR_TRANSPORT_AND_METABOLISM,0.4959098541915494,0.4959272639596776,-1.7409768128195946e-05
REACTOME_ABC_FAMILY_PROTEINS_MEDIATED_TRANSPORT,0.5287105964389469,0.5245701922432585,0.004140404195688396
REACTOME_ABC_TRANSPORTERS_IN_LIPID_HOMEOSTASIS,0.4962065593436583,0.4964842944182313,-0.0002777350745729601
REACTOME_ABC_TRANSPORTER_DISORDERS,0.543335705003633,0.5276542669699251,0.015681438033707917
REACTOME_ABERRANT_REGULATION_OF_MITOTIC_EXIT_IN_CANCER_DUE_TO_RB1_DEFECTS,0.49357719162701835,0.4933511931275433,0.00022599849947507744
REACTOME_ABERRANT_REGULATION_OF_MITOTIC_G1_S_TRANSITION_IN_CANCER_DUE_TO_RB1_DEFECTS,0.4993560028223533,0.4993730841042904,-1.7081281937059156e-05
REACTOME_ABORTIVE_ELONGATION_OF_HIV_1_TRANSCRIPT_IN_THE_ABSENCE_OF_TAT,0.47248936361713234,0.47194062743490395,0.0005487361822283932
REACTOME_ACETYLCHOLINE_BINDING_AND_DOWNSTREAM_EVENTS,0.5001901935046456,0.5001980771732318,-7.883668586283754e-06
REACTOME_ACETYLCHOLINE_INHIBITS_CONTRACTION_OF_OUTER_HAIR_CELLS,,,
REACTOME_ACETYLCHOLINE_NEUROTRANSMITTER_RELEASE_CYCLE,0.4995885710456504,0.4995885710456504,0.0
REACTOME_ACETYLCHOLINE_REGULATES_INSULIN_SECRETION,0.49999786483975783,0.49999786483975783,0.0
REACTOME_ACROSOME_REACTION_AND_SPERM_OOCYTE_MEMBRANE_BINDING,0.4506883099648256,0.45099462333802404,-0.0003063133731984191
REACTOME_ACTIVATED_NOTCH1_TRANSMITS_SIGNAL_TO_THE_NUCLEUS,0.5543701310134324,0.5438221109311007,0.010548020082331688
REACTOME_ACTIVATED_NTRK2_SIGNALS_THROUGH_CDK5,,,
REACTOME_ACTIVATED_NTRK2_SIGNALS_THROUGH_FRS2_AND_FRS3,0.4882340352426265,0.4882340352426265,0.0
REACTOME_ACTIVATED_NTRK2_SIGNALS_THROUGH_FYN,0.4813995515506519,0.4813995515506519,0.0
REACTOME_ACTIVATED_NTRK2_SIGNALS_THROUGH_PI3K,0.49726141062482015,0.49726141062482015,0.0
REACTOME_ACTIVATED_NTRK2_SIGNALS_THROUGH_RAS,0.4882340352426265,0.4882340352426265,0.0
REACTOME_ACTIVATED_NTRK3_SIGNALS_THROUGH_PI3K,0.49726141062482015,0.49726141062482015,0.0
REACTOME_ACTIVATED_NTRK3_SIGNALS_THROUGH_RAS,0.4882340352426265,0.4882340352426265,0.0
REACTOME_ACTIVATED_PKN1_STIMULATES_TRANSCRIPTION_OF_AR_ANDROGEN_RECEPTOR_REGULATED_GENES_KLK2_AND_KLK3,,,
REACTOME_ACTIVATED_TAK1_MEDIATES_P38_MAPK_ACTIVATION,0.5544720438542204,0.5494787252633474,0.0049933185908730415
REACTOME_ACTIVATION_OF_AMPK_DOWNSTREAM_OF_NMDARS,0.4863423653896438,0.4878617782665653,-0.0015194128769214776
REACTOME_ACTIVATION_OF_ANTERIOR_HOX_GENES_IN_HINDBRAIN_DEVELOPMENT_DURING_EARLY_EMBRYOGENESIS,0.4611808980024099,0.47185883437332066,-0.010677936370910746
REACTOME_ACTIVATION_OF_ATR_IN_RESPONSE_TO_REPLICATION_STRESS,0.48451672126107165,0.48566740838848615,-0.001150687127414507
REACTOME_ACTIVATION_OF_BAD_AND_TRANSLOCATION_TO_MITOCHONDRIA,0.5050562236964683,0.5050562236964683,0.0
REACTOME_ACTIVATION_OF_BH3_ONLY_PROTEINS,0.5484184539600324,0.5406050814185873,0.007813372541445096
REACTOME_ACTIVATION_OF_C3_AND_C5,0.47527287347894476,0.47527287347894476,0.0
REACTOME_ACTIVATION_OF_CASPASES_THROUGH_APOPTOSOME_MEDIATED_CLEAVAGE,0.5138330462364024,0.5138330462364024,0.0
REACTOME_ACTIVATION_OF_GENE_EXPRESSION_BY_SREBF_SREBP,0.48891145589021734,0.48647638775561153,0.002435068134605811
REACTOME_ACTIVATION_OF_IRF3_IRF7_MEDIATED_BY_TBK1_IKK_EPSILON,0.4616140070453718,0.4707943748710692,-0.009180367825697366
REACTOME_ACTIVATION_OF_KAINATE_RECEPTORS_UPON_GLUTAMATE_BINDING,0.497764487226486,0.4972967228903632,0.0004677643361227779
REACTOME_ACTIVATION_OF_MATRIX_METALLOPROTEINASES,0.45515752883780275,0.45323095732701585,0.0019265715107869008
REACTOME_ACTIVATION_OF_NIMA_KINASES_NEK9_NEK6_NEK7,,,
REACTOME_ACTIVATION_OF_NMDA_RECEPTORS_AND_POSTSYNAPTIC_EVENTS,0.4764574768055901,0.4734076467643454,0.0030498300412447055
REACTOME_ACTIVATION_OF_NOXA_AND_TRANSLOCATION_TO_MITOCHONDRIA,0.5510677772127816,0.5499307222622976,0.0011370549504839955
REACTOME_ACTIVATION_OF_PPARGC1A_PGC_1ALPHA_BY_PHOSPHORYLATION,0.49936758196058956,0.49936758196058956,0.0
REACTOME_ACTIVATION_OF_PUMA_AND_TRANSLOCATION_TO_MITOCHONDRIA,0.49059026669136885,0.49061917347618544,-2.890678481659581e-05
REACTOME_ACTIVATION_OF_RAC1,0.4977447780550201,0.4976780953582273,6.668269679277472e-05
REACTOME_ACTIVATION_OF_RAC1_DOWNSTREAM_OF_NMDARS,0.49796962685282636,0.49796962685282636,0.0
REACTOME_ACTIVATION_OF_RAS_IN_B_CELLS,0.4882340352426265,0.4882340352426265,0.0
REACTOME_ACTIVATION_OF_SMO,0.49908073139421366,0.4990861514163668,-5.420022153146409e-06
REACTOME_ACTIVATION_OF_THE_AP_1_FAMILY_OF_TRANSCRIPTION_FACTORS,0.45368172250274946,0.4497566410053254,0.003925081497424043
REACTOME_ACTIVATION_OF_THE_MRNA_UPON_BINDING_OF_THE_CAP_BINDING_COMPLEX_AND_EIFS_AND_SUBSEQUENT_BINDING_TO_43S,0.3959277731132738,0.4051605344864513,-0.009232761373177467
REACTOME_ACTIVATION_OF_THE_PHOTOTRANSDUCTION_CASCADE,0.5004025598271898,0.5004030525564764,-4.927292865941624e-07
REACTOME_ACTIVATION_OF_THE_PRE_REPLICATIVE_COMPLEX,0.48145728299873725,0.4812992811408193,0.0001580018579179221
REACTOME_ACTIVATION_OF_THE_TFAP2_AP_2_FAMILY_OF_TRANSCRIPTION_FACTORS,0.5004561851978866,0.5005672135304775,-0.00011102833259091227
REACTOME_ACTIVATION_OF_TRKA_RECEPTORS,,,
REACTOME_ACYL_CHAIN_REMODELING_OF_CL,,,
REACTOME_ACYL_CHAIN_REMODELING_OF_DAG_AND_TAG,,,
REACTOME_ACYL_CHAIN_REMODELLING_OF_PC,0.5000665184536972,0.4999088450819705,0.0001576733717267298
REACTOME_ACYL_CHAIN_REMODELLING_OF_PE,0.4993270960375368,0.4994814845473526,-0.00015438850981580599
REACTOME_ACYL_CHAIN_REMODELLING_OF_PG,0.4997588911357344,0.49997257140304335,-0.00021368026730894663
REACTOME_ACYL_CHAIN_REMODELLING_OF_PI,0.5030098368474787,0.5030098368474787,0.0
REACTOME_ACYL_CHAIN_REMODELLING_OF_PS,0.5020667529928378,0.5022385512707818,-0.00017179827794400193
REACTOME_ADAPTIVE_IMMUNE_SYSTEM,0.5254839587053439,0.48987309921465527,0.03561085949068865
REACTOME_ADENYLATE_CYCLASE_ACTIVATING_PATHWAY,0.49958955650422365,0.49958955650422365,0.0
REACTOME_ADENYLATE_CYCLASE_INHIBITORY_PATHWAY,0.49958955650422365,0.49958955650422365,0.0
REACTOME_ADHERENS_JUNCTIONS_INTERACTIONS,0.3914418835660986,0.39229381250271,-0.0008519289366114013
REACTOME_ADORA2B_MEDIATED_ANTI_INFLAMMATORY_CYTOKINES_PRODUCTION,0.496134949353999,0.4975720764400506,-0.0014371270860515928
REACTOME_ADP_SIGNALLING_THROUGH_P2Y_PURINOCEPTOR_1,0.49727422158627294,0.4970899408330673,0.00018428075320564563
REACTOME_ADP_SIGNALLING_THROUGH_P2Y_PURINOCEPTOR_12,0.49765789345747485,0.4970899408330673,0.0005679526244075639
REACTOME_ADRENALINE_NORADRENALINE_INHIBITS_INSULIN_SECRETION,0.4975396384286797,0.49731823873588005,0.00022139969279966198
REACTOME_ADRENOCEPTORS,0.5029955476981658,0.5029955476981658,0.0
REACTOME_ADVANCED_GLYCOSYLATION_ENDPRODUCT_RECEPTOR_SIGNALING,0.4562380020418701,0.4581374734418914,-0.0018994714000212798
REACTOME_AFLATOXIN_ACTIVATION_AND_DETOXIFICATION,0.4856071311724198,0.48565689683037105,-4.976565795122845e-05
REACTOME_AGGREPHAGY,0.5539791503244786,0.536362764382111,0.017616385942367696
REACTOME_AKT_PHOSPHORYLATES_TARGETS_IN_THE_CYTOSOL,,,
REACTOME_AKT_PHOSPHORYLATES_TARGETS_IN_THE_NUCLEUS,0.4955412926851382,0.49553340901655185,7.883668586339265e-06
REACTOME_ALK_MUTANTS_BIND_TKIS,0.5052610348366177,0.5052610348366177,0.0
REACTOME_ALPHA_DEFENSINS,,,
REACTOME_ALPHA_LINOLENIC_OMEGA3_AND_LINOLEIC_OMEGA6_ACID_METABOLISM,0.49832439193921163,0.49832439193921163,0.0
REACTOME_ALPHA_OXIDATION_OF_PHYTANATE,0.49852279759863455,0.49862265740072814,-9.985980209359369e-05
REACTOME_ALPHA_PROTEIN_KINASE_1_SIGNALING_PATHWAY,0.5637397890067497,0.5521634429031872,0.011576346103562507
REACTOME_ALTERNATIVE_COMPLEMENT_ACTIVATION,0.477767069127948,0.4712380775936941,0.006528991534253847
REACTOME_AMINE_LIGAND_BINDING_RECEPTORS,0.5029955476981658,0.5029955476981658,0.0
REACTOME_AMINO_ACIDS_REGULATE_MTORC1,0.5112521302329492,0.5085008120178643,0.002751318215084897
REACTOME_AMINO_ACID_CONJUGATION,0.4997962564399718,0.4997962564399718,0.0
REACTOME_AMINO_ACID_TRANSPORT_ACROSS_THE_PLASMA_MEMBRANE,0.49742048006285916,0.49778329306092634,-0.0003628129980671746
REACTOME_AMPK_INHIBITS_CHREBP_TRANSCRIPTIONAL_ACTIVATION_ACTIVITY,0.499389262049202,0.499389262049202,0.0
REACTOME_AMYLOID_FIBER_FORMATION,0.6218825018033891,0.6020753593310444,0.01980714247234472
REACTOME_ANCHORING_FIBRIL_FORMATION,0.4997969955339017,0.4997969955339017,0.0
REACTOME_ANCHORING_OF_THE_BASAL_BODY_TO_THE_PLASMA_MEMBRANE,0.47274008070248746,0.47913143652267154,-0.006391355820184075
REACTOME_ANDROGEN_BIOSYNTHESIS,0.4997953531029463,0.4997953531029463,0.0
REACTOME_ANTIGEN_ACTIVATES_B_CELL_RECEPTOR_BCR_LEADING_TO_GENERATION_OF_SECOND_MESSENGERS,0.4699775118353575,0.46856929153412263,0.001408220301234886
REACTOME_ANTIGEN_PRESENTATION_FOLDING_ASSEMBLY_AND_PEPTIDE_LOADING_OF_CLASS_I_MHC,0.7447577709978228,0.6616910863301129,0.08306668466770994
REACTOME_ANTIGEN_PROCESSING_CROSS_PRESENTATION,0.5130851653008212,0.5468672600441222,-0.03378209474330107
REACTOME_ANTIGEN_PROCESSING_UBIQUITINATION_PROTEASOME_DEGRADATION,0.5826867082661579,0.5182662137499063,0.06442049451625154
REACTOME_ANTIMICROBIAL_PEPTIDES,0.49821081783863974,0.5039661422713113,-0.005755324432671571
REACTOME_ANTIVIRAL_MECHANISM_BY_IFN_STIMULATED_GENES,0.8568725716658323,0.8335776449379622,0.023294926727870147
REACTOME_ANTI_INFLAMMATORY_RESPONSE_FAVOURING_LEISHMANIA_PARASITE_INFECTION,0.46575235820236593,0.47060360651558936,-0.004851248313223422
REACTOME_APC_CDC20_MEDIATED_DEGRADATION_OF_NEK2A,0.5179161295917443,0.5337802059477024,-0.0158640763559581
REACTOME_APC_C_CDC20_MEDIATED_DEGRADATION_OF_CYCLIN_B,0.545784158950526,0.5358157527523858,0.009968406198140212
REACTOME_APC_C_CDH1_MEDIATED_DEGRADATION_OF_CDC20_AND_OTHER_APC_C_CDH1_TARGETED_PROTEINS_IN_LATE_MITOSIS_EARLY_G1,0.5234624546853299,0.5191404797475123,0.0043219749378176076
REACTOME_APC_C_MEDIATED_DEGRADATION_OF_CELL_CYCLE_PROTEINS,0.5045022317351824,0.5178253031599058,-0.013323071424723443
REACTOME_APEX1_INDEPENDENT_RESOLUTION_OF_AP_SITES_VIA_THE_SINGLE_NUCLEOTIDE_REPLACEMENT_PATHWAY,0.49915513351649726,0.4991434722567133,1.1661259783968259e-05
REACTOME_APOBEC3G_MEDIATED_RESISTANCE_TO_HIV_1_INFECTION,0.5553675793327,0.5553675793327,0.0
REACTOME_APOPTOSIS,0.6735776055196192,0.5806799040031955,0.09289770151642374
REACTOME_APOPTOSIS_INDUCED_DNA_FRAGMENTATION,0.47615986831645574,0.48538638845200227,-0.009226520135546534
REACTOME_APOPTOTIC_CLEAVAGE_OF_CELLULAR_PROTEINS,0.494918564988365,0.518696530660244,-0.02377796567187901
REACTOME_APOPTOTIC_CLEAVAGE_OF_CELL_ADHESION_PROTEINS,0.5142372484945479,0.5142472673233763,-1.0018828828450843e-05
REACTOME_APOPTOTIC_EXECUTION_PHASE,0.4871290076957744,0.5003954152525335,-0.013266407556759119
REACTOME_APOPTOTIC_FACTOR_MEDIATED_RESPONSE,0.5138330462364024,0.5138330462364024,0.0
REACTOME_AQUAPORIN_MEDIATED_TRANSPORT,0.48635796848372087,0.48596887659036586,0.00038909189335500916
REACTOME_ARACHIDONATE_PRODUCTION_FROM_DAG,,,
REACTOME_ARACHIDONIC_ACID_METABOLISM,0.4353475942328337,0.44058497806369223,-0.005237383830858533
REACTOME_ARMS_MEDIATED_ACTIVATION,0.4957135015708209,0.4957135015708209,0.0
REACTOME_ARYL_HYDROCARBON_RECEPTOR_SIGNALLING,0.5571140582892177,0.5571140582892177,0.0
REACTOME_ASPARAGINE_N_LINKED_GLYCOSYLATION,0.5588933037432973,0.48054105289021865,0.07835225085307862
REACTOME_ASPARTATE_AND_ASPARAGINE_METABOLISM,0.5011966751941682,0.5011588992821919,3.777591197628993e-05
REACTOME_ASSEMBLY_AND_CELL_SURFACE_PRESENTATION_OF_NMDA_RECEPTORS,0.4872414320946776,0.487945213759104,-0.0007037816644264172
REACTOME_ASSEMBLY_OF_ACTIVE_LPL_AND_LIPC_LIPASE_COMPLEXES,0.49979584583223285,0.49979584583223285,0.0
REACTOME_ASSEMBLY_OF_COLLAGEN_FIBRILS_AND_OTHER_MULTIMERIC_STRUCTURES,0.5154081375227147,0.514265169820791,0.0011429677019237916
REACTOME_ASSEMBLY_OF_THE_HIV_VIRION,0.5602065094137572,0.5481701183995626,0.012036391014194514
REACTOME_ASSEMBLY_OF_THE_ORC_COMPLEX_AT_THE_ORIGIN_OF_REPLICATION,0.49377379061239024,0.49354861332839295,0.00022517728399729098
REACTOME_ASSOCIATION_OF_TRIC_CCT_WITH_TARGET_PROTEINS_DURING_BIOSYNTHESIS,0.4775854162642711,0.4767752050739291,0.0008102111903419695
REACTOME_ASYMMETRIC_LOCALIZATION_OF_PCP_PROTEINS,0.5409460500849466,0.5319070955645167,0.00903895452042991
REACTOME_ATF4_ACTIVATES_GENES_IN_RESPONSE_TO_ENDOPLASMIC_RETICULUM_STRESS,0.5878226719855152,0.5640483196617381,0.023774352323777115
REACTOME_ATF6_ATF6_ALPHA_ACTIVATES_CHAPERONES,0.526202768613013,0.5290017994473548,-0.0027990308343418535
REACTOME_ATF6_ATF6_ALPHA_ACTIVATES_CHAPERONE_GENES,0.5396731660944436,0.5290017994473548,0.010671366647088787
REACTOME_ATTACHMENT_AND_ENTRY,0.5262510560831044,0.5262509739615566,8.212154778419745e-08
REACTOME_ATTACHMENT_OF_GPI_ANCHOR_TO_UPAR,0.45475381930894393,0.4634780840583024,-0.008724264749358446
REACTOME_ATTENUATION_PHASE,0.5852644215292477,0.5765991200511913,0.008665301478056442
REACTOME_AUF1_HNRNP_D0_BINDS_AND_DESTABILIZES_MRNA,0.45275637690242787,0.5798416072435147,-0.12708523034108687
REACTOME_AURKA_ACTIVATION_BY_TPX2,0.48564162222248497,0.48425902384415564,0.001382598378329325
REACTOME_AUTOPHAGY,0.5183273121814506,0.5065077220533803,0.011819590128070212
REACTOME_A_TETRASACCHARIDE_LINKER_SEQUENCE_IS_REQUIRED_FOR_GAG_SYNTHESIS,0.44092898522731905,0.44023949271220536,0.0006894925151136877
REACTOME_BASE_EXCISION_REPAIR,0.4767824317701333,0.48009767865378483,-0.0033152468836515347
REACTOME_BASE_EXCISION_REPAIR_AP_SITE_FORMATION,0.4816230864036937,0.48141531888782463,0.00020776751586909503
REACTOME_BASIGIN_INTERACTIONS,0.5076322124070548,0.5072838528013959,0.0003483596056589322
REACTOME_BBSOME_MEDIATED_CARGO_TARGETING_TO_CILIUM,0.4862105603054659,0.4858961990205856,0.00031436128488027126
REACTOME_BETA_CATENIN_INDEPENDENT_WNT_SIGNALING,0.49520738647188756,0.49078842598614836,0.004418960485739198
REACTOME_BETA_CATENIN_PHOSPHORYLATION_CASCADE,0.5003915555397882,0.5003915555397882,0.0
REACTOME_BETA_DEFENSINS,0.5721861544384398,0.5721891108141597,-2.956375719898041e-06
REACTOME_BETA_OXIDATION_OF_BUTANOYL_COA_TO_ACETYL_COA,0.4989860452496298,0.49898489554796094,1.149701668867742e-06
REACTOME_BETA_OXIDATION_OF_DECANOYL_COA_TO_OCTANOYL_COA_COA,0.49645546975496246,0.49635938754406644,9.60822108960202e-05
REACTOME_BETA_OXIDATION_OF_HEXANOYL_COA_TO_BUTANOYL_COA,0.4977543862761097,0.4977543862761097,0.0
REACTOME_BETA_OXIDATION_OF_LAUROYL_COA_TO_DECANOYL_COA_COA,0.4977543862761097,0.4977543862761097,0.0
REACTOME_BETA_OXIDATION_OF_OCTANOYL_COA_TO_HEXANOYL_COA,0.4963400068587917,0.49635938754406644,-1.938068527473913e-05
REACTOME_BETA_OXIDATION_OF_PRISTANOYL_COA,0.5020063115336758,0.5020033551579559,2.956375719898041e-06
REACTOME_BETA_OXIDATION_OF_VERY_LONG_CHAIN_FATTY_ACIDS,0.4917261719401839,0.49177856548766397,-5.239354748004521e-05
REACTOME_BH3_ONLY_PROTEINS_ASSOCIATE_WITH_AND_INACTIVATE_ANTI_APOPTOTIC_BCL_2_MEMBERS,0.5520873162284003,0.5464966454990163,0.0055906707293840174
REACTOME_BICARBONATE_TRANSPORTERS,0.4943065130928026,0.4943175173802044,-1.1004287401805701e-05
REACTOME_BILE_ACID_AND_BILE_SALT_METABOLISM,0.5085896675325563,0.5083687605690432,0.00022090696351306782
REACTOME_BINDING_AND_UPTAKE_OF_LIGANDS_BY_SCAVENGER_RECEPTORS,0.41119819280037107,0.426904020933768,-0.015705828133396937
REACTOME_BINDING_OF_TCF_LEF_CTNNB1_TO_TARGET_GENE_PROMOTERS,0.49625731046018295,0.4939574143932138,0.002299896066969176
REACTOME_BIOLOGICAL_OXIDATIONS,0.511910662924552,0.4612667971413818,0.050643865783170205
REACTOME_BIOSYNTHESIS_OF_EPA_DERIVED_SPMS,0.5014119978924326,0.5014119978924326,0.0
REACTOME_BIOSYNTHESIS_OF_MARESINS,0.4999582822537307,0.4999582822537307,0.0
REACTOME_BIOSYNTHESIS_OF_MARESIN_LIKE_SPMS,,,
REACTOME_BIOSYNTHESIS_OF_SPECIALIZED_PRORESOLVING_MEDIATORS_SPMS,0.5048998642695058,0.5057217367196318,-0.0008218724501259933
REACTOME_BIOSYNTHESIS_OF_THE_N_GLYCAN_PRECURSOR_DOLICHOL_LIPID_LINKED_OLIGOSACCHARIDE_LLO_AND_TRANSFER_TO_A_NASCENT_PROTEIN,0.48214751460778094,0.48070841660458286,0.0014390980031980805
REACTOME_BIOTIN_TRANSPORT_AND_METABOLISM,0.49837235092311183,0.49837235092311183,0.0
REACTOME_BLOOD_GROUP_SYSTEMS_BIOSYNTHESIS,0.4943825576460416,0.4943329562311859,4.9601414855715564e-05
REACTOME_BMAL1_CLOCK_NPAS2_ACTIVATES_CIRCADIAN_GENE_EXPRESSION,0.4926696664025638,0.49248735656650466,0.00018230983605915796
REACTOME_BRANCHED_CHAIN_AMINO_ACID_CATABOLISM,0.4861893729461401,0.4863079564611263,-0.00011858351498617026
REACTOME_BUDDING_AND_MATURATION_OF_HIV_VIRION,0.5545032500423747,0.5498825990353018,0.0046206510070728735
REACTOME_BUTYRATE_RESPONSE_FACTOR_1_BRF1_BINDS_AND_DESTABILIZES_MRNA,0.493479056377428,0.49301950419608254,0.0004595521813454684
REACTOME_BUTYROPHILIN_BTN_FAMILY_INTERACTIONS,0.5167817025307889,0.5171307191088301,-0.0003490165780412058
REACTOME_B_WICH_COMPLEX_POSITIVELY_REGULATES_RRNA_EXPRESSION,0.4029690388625443,0.4107452924643954,-0.00777625360185108
REACTOME_CA2_ACTIVATED_K_CHANNELS,0.5001995553610916,0.5001995553610916,0.0
REACTOME_CA2_PATHWAY,0.4836218427549742,0.48119515101824145,0.0024266917367327667
REACTOME_CALCINEURIN_ACTIVATES_NFAT,0.4986801424841702,0.4986716018432017,8.540640968501823e-06
REACTOME_CALCITONIN_LIKE_LIGAND_RECEPTORS,0.49101885904920334,0.4910260857454075,-7.226696204176708e-06
REACTOME_CALNEXIN_CALRETICULIN_CYCLE,0.5421690862959503,0.5411463445399682,0.0010227417559820484
REACTOME_CAMK_IV_MEDIATED_PHOSPHORYLATION_OF_CREB,0.49998168689484634,0.49998168689484634,0.0
REACTOME_CARBOXYTERMINAL_POST_TRANSLATIONAL_MODIFICATIONS_OF_TUBULIN,0.4810647420003758,0.4825821839601507,-0.001517441959774879
REACTOME_CARDIAC_CONDUCTION,0.4866207574365989,0.4868359158917678,-0.00021515845516889565
REACTOME_CARGO_CONCENTRATION_IN_THE_ER,0.5637558027085657,0.5509473049021965,0.012808497806369279
REACTOME_CARGO_RECOGNITION_FOR_CLATHRIN_MEDIATED_ENDOCYTOSIS,0.502663530280514,0.5136492582124832,-0.01098572793196917
REACTOME_CARGO_TRAFFICKING_TO_THE_PERICILIARY_MEMBRANE,0.4849168995633762,0.48524472878209146,-0.0003278292187152698
REACTOME_CARNITINE_METABOLISM,0.49715251745247135,0.4971300161483812,2.2501304090150054e-05
REACTOME_CASPASE_ACTIVATION_VIA_DEATH_RECEPTORS_IN_THE_PRESENCE_OF_LIGAND,0.6079561654887152,0.6607843823211359,-0.05282821683242067
REACTOME_CASPASE_ACTIVATION_VIA_DEPENDENCE_RECEPTORS_IN_THE_ABSENCE_OF_LIGAND,0.5193017664673413,0.5196534109349111,-0.000351644467569856
REACTOME_CASPASE_ACTIVATION_VIA_EXTRINSIC_APOPTOTIC_SIGNALLING_PATHWAY,0.6136923556007552,0.6515595867380928,-0.03786723113733759
REACTOME_CASPASE_MEDIATED_CLEAVAGE_OF_CYTOSKELETAL_PROTEINS,0.5304466459588973,0.5303152514824583,0.00013139447643906177
REACTOME_CATION_COUPLED_CHLORIDE_COTRANSPORTERS,0.4991853542460782,0.49918289059964494,2.4636464332483676e-06
REACTOME_CA_DEPENDENT_EVENTS,0.4967396924318096,0.49668335705003636,5.63353817732426e-05
REACTOME_CD163_MEDIATING_AN_ANTI_INFLAMMATORY_RESPONSE,0.5024135522890889,0.5024137165321844,-1.642430954573726e-07
REACTOME_CD209_DC_SIGN_SIGNALING,0.5035961025770399,0.4976628207503413,0.005933281826698611
REACTOME_CD22_MEDIATED_BCR_REGULATION,0.48768086449681836,0.4876076120762036,7.325242061473336e-05
REACTOME_CD28_CO_STIMULATION,0.4720058319438367,0.48012157602418704,-0.008115744080350318
REACTOME_CD28_DEPENDENT_PI3K_AKT_SIGNALING,0.46801554593747985,0.47776255244282034,-0.009747006505340494
REACTOME_CD28_DEPENDENT_VAV1_PATHWAY,0.4544272219134452,0.4549380179406019,-0.0005107960271567014
REACTOME_CDC42_GTPASE_CYCLE,0.5155935679775894,0.4972231419835573,0.018370425994032047
REACTOME_CDC6_ASSOCIATION_WITH_THE_ORC_ORIGIN_COMPLEX,0.49418727260543416,0.4941802101523256,7.062453108552802e-06
REACTOME_CDT1_ASSOCIATION_WITH_THE_CDC6_ORC_ORIGIN_COMPLEX,0.5370659711957029,0.53144943217877,0.00561653901693282
REACTOME_CELLULAR_HEXOSE_TRANSPORT,0.492406795328138,0.4924912162792501,-8.442095111205195e-05
REACTOME_CELLULAR_RESPONSES_TO_STIMULI,0.5735184123079833,0.5010383448500592,0.07248006745792412
REACTOME_CELLULAR_RESPONSE_TO_CHEMICAL_STRESS,0.49820498720874773,0.5139767589450075,-0.015771771736259765
REACTOME_CELLULAR_RESPONSE_TO_HEAT_STRESS,0.5921195177297137,0.5590757778224519,0.03304373990726184
REACTOME_CELLULAR_RESPONSE_TO_HYPOXIA,0.5359935459033173,0.5384161315626613,-0.0024225856593440565
REACTOME_CELLULAR_RESPONSE_TO_STARVATION,0.4364604233267242,0.4497588582871153,-0.013298434960391126
REACTOME_CELLULAR_SENESCENCE,0.4834029067086078,0.5053258287378115,-0.021922922029203706
REACTOME_CELL_CELL_COMMUNICATION,0.45216042083022917,0.43171289452833983,0.02044752630188934
REACTOME_CELL_CELL_JUNCTION_ORGANIZATION,0.3909908720257218,0.3916862772922752,-0.0006954052665533728
REACTOME_CELL_CYCLE,0.4704030656959242,0.4608705606733704,0.009532505022553817
REACTOME_CELL_CYCLE_CHECKPOINTS,0.49449563901732696,0.4929878052786417,0.001507833738685238
REACTOME_CELL_CYCLE_MITOTIC,0.4988394582868525,0.46731899096925766,0.031520467317594836
REACTOME_CELL_DEATH_SIGNALLING_VIA_NRAGE_NRIF_AND_NADE,0.49544898806543974,0.5026567963135966,-0.007207808248156866
REACTOME_CELL_EXTRACELLULAR_MATRIX_INTERACTIONS,0.3910436761809407,0.3910437583024885,-8.212154778419745e-08
REACTOME_CELL_JUNCTION_ORGANIZATION,0.39167888635297543,0.3916862772922752,-7.390939299745103e-06
REACTOME_CELL_SURFACE_INTERACTIONS_AT_THE_VASCULAR_WALL,0.46745260272748657,0.45579380658995855,0.011658796137528016
REACTOME_CGMP_EFFECTS,0.49938302081157115,0.49938400627014445,-9.85458573299347e-07
REACTOME_CHAPERONE_MEDIATED_AUTOPHAGY,0.5316337129319758,0.5345110877228944,-0.002877374790918541
REACTOME_CHEMOKINE_RECEPTORS_BIND_CHEMOKINES,0.6632625642683233,0.6070498720874772,0.056212692180846124
REACTOME_CHK1_CHK2_CDS1_MEDIATED_INACTIVATION_OF_CYCLIN_B_CDK1_COMPLEX,,,
REACTOME_CHL1_INTERACTIONS,0.4975549130365658,0.49755984032943223,-4.927292866441224e-06
REACTOME_CHOLESTEROL_BIOSYNTHESIS,0.4748837815855898,0.47492221446994815,-3.843288435834147e-05
REACTOME_CHOLINE_CATABOLISM,,,
REACTOME_CHONDROITIN_SULFATE_BIOSYNTHESIS,0.5305817359049859,0.5093148829209518,0.02126685298403408
REACTOME_CHONDROITIN_SULFATE_DERMATAN_SULFATE_METABOLISM,0.525544728650697,0.49571309096308214,0.029831637687614876
REACTOME_CHREBP_ACTIVATES_METABOLIC_GENE_EXPRESSION,0.4983703800059653,0.49837235092311183,-1.970917146543183e-06
REACTOME_CHROMATIN_MODIFYING_ENZYMES,0.4579736409540816,0.4336776525588417,0.024295988395239887
REACTOME_CHROMOSOME_MAINTENANCE,0.46635291308123983,0.468501377014113,-0.002148463932873157
REACTOME_CHYLOMICRON_ASSEMBLY,0.4993909866017052,0.4993909866017052,0.0
REACTOME_CHYLOMICRON_CLEARANCE,0.491945272229646,0.49207108244083636,-0.00012581021119034697
REACTOME_CHYLOMICRON_REMODELING,0.4993909866017052,0.4993909866017052,0.0
REACTOME_CILIUM_ASSEMBLY,0.4694852752779978,0.4764800602312281,-0.006994784953230249
REACTOME_CIRCADIAN_CLOCK,0.5357109656574257,0.5073532455092653,0.028357720148160404
REACTOME_CITRIC_ACID_CYCLE_TCA_CYCLE,0.4890881814610277,0.4884581449465027,0.0006300365145250342
REACTOME_CLASS_A_1_RHODOPSIN_LIKE_RECEPTORS,0.5861413975379303,0.5879405164065712,-0.0017991188686409254
REACTOME_CLASS_B_2_SECRETIN_FAMILY_RECEPTORS,0.4776542341213061,0.47939948125460713,-0.0017452471333010422
REACTOME_CLASS_C_3_METABOTROPIC_GLUTAMATE_PHEROMONE_RECEPTORS,0.49999852181214005,0.49999852181214005,0.0
REACTOME_CLASS_I_MHC_MEDIATED_ANTIGEN_PROCESSING_PRESENTATION,0.4874147085604815,0.5061822743595505,-0.01876756579906902
REACTOME_CLASS_I_PEROXISOMAL_MEMBRANE_PROTEIN_IMPORT,0.4943901949499847,0.49487619026971347,-0.0004859953197287603
REACTOME_CLATHRIN_MEDIATED_ENDOCYTOSIS,0.4391480973422839,0.47593608709877055,-0.03678798975648667
REACTOME_CLEC7A_DECTIN_1_INDUCES_NFAT_ACTIVATION,0.49653069309272374,0.49627841569796083,0.000252277394762912
REACTOME_CLEC7A_DECTIN_1_SIGNALING,0.5112880994708745,0.4913764983897607,0.019911601081113783
REACTOME_CLEC7A_INFLAMMASOME_PATHWAY,0.46997997548179066,0.4683662870680242,0.0016136884137664675
REACTOME_COBALAMIN_CBL_VITAMIN_B12_TRANSPORT_AND_METABOLISM,0.4923827337146401,0.49257670481048316,-0.0001939710958430707
REACTOME_COENZYME_A_BIOSYNTHESIS,0.500791651720545,0.5007829468364808,8.704884064125729e-06
REACTOME_COHESIN_LOADING_ONTO_CHROMATIN,0.4831172058439007,0.48356378282069784,-0.0004465769767971195
REACTOME_COLLAGEN_BIOSYNTHESIS_AND_MODIFYING_ENZYMES,0.4941002237647933,0.4940521005377975,4.8123226995766544e-05
REACTOME_COLLAGEN_CHAIN_TRIMERIZATION,0.4961337175307824,0.4961190998952786,1.4617635503810789e-05
REACTOME_COLLAGEN_DEGRADATION,0.5014155291189869,0.49295306786393317,0.008462461255053733
REACTOME_COLLAGEN_FORMATION,0.5139137717178645,0.5101118725421021,0.0038018991757623466
REACTOME_COMMON_PATHWAY_OF_FIBRIN_CLOT_FORMATION,0.4996449064274236,0.4994637462930333,0.00018116013439029022
REACTOME_COMPETING_ENDOGENOUS_RNAS_CERNAS_REGULATE_PTEN_TRANSLATION,0.49518973033911606,0.4949686591325075,0.0002210712066085807
REACTOME_COMPLEMENT_CASCADE,0.5057134424433066,0.4966171670825302,0.009096275360776451
REACTOME_COMPLEX_I_BIOGENESIS,0.46893612848803057,0.4694078346584466,-0.0004717061704160308
REACTOME_CONDENSATION_OF_PROMETAPHASE_CHROMOSOMES,0.4873829275214928,0.48719766130971387,0.00018526621177894498
REACTOME_CONDENSATION_OF_PROPHASE_CHROMOSOMES,0.4862054687695039,0.4861348442384179,7.062453108597211e-05
REACTOME_CONJUGATION_OF_BENZOATE_WITH_GLYCINE,0.4997962564399718,0.4997962564399718,0.0
REACTOME_CONSTITUTIVE_SIGNALING_BY_ABERRANT_PI3K_IN_CANCER,0.4697268768715501,0.4667256627865877,0.0030012140849624003
REACTOME_CONSTITUTIVE_SIGNALING_BY_AKT1_E17K_IN_CANCER,0.5234449627956539,0.522464760001419,0.0009802027942349412
REACTOME_CONSTITUTIVE_SIGNALING_BY_EGFRVIII,0.48776643514959916,0.48855348806346877,-0.0007870529138696014
REACTOME_CONSTITUTIVE_SIGNALING_BY_LIGAND_RESPONSIVE_EGFR_CANCER_VARIANTS,0.5231390600301944,0.5272676387230034,-0.004128578692809026
REACTOME_CONSTITUTIVE_SIGNALING_BY_OVEREXPRESSED_ERBB2,0.48804597689822315,0.48800360217957156,4.237471865159437e-05
REACTOME_CONVERSION_FROM_APC_C_CDC20_TO_APC_C_CDH1_IN_LATE_ANAPHASE,0.4957562868972114,0.4961948159623265,-0.0004385290651151008
REACTOME_COOPERATION_OF_PDCL_PHLP1_AND_TRIC_CCT_IN_G_PROTEIN_BETA_FOLDING,0.48722878537632036,0.48867806645144257,-0.0014492810751222107
REACTOME_COOPERATION_OF_PREFOLDIN_AND_TRIC_CCT_IN_ACTIN_AND_TUBULIN_FOLDING,0.4090236963368534,0.4282008022946731,-0.019177105957819685
REACTOME_COPII_MEDIATED_VESICLE_TRANSPORT,0.5572061165442728,0.5493623590301512,0.007843757514121585
REACTOME_COPI_DEPENDENT_GOLGI_TO_ER_RETROGRADE_TRAFFIC,0.48672989697359104,0.4855654134261504,0.0011644835474406423
REACTOME_COPI_INDEPENDENT_GOLGI_TO_ER_RETROGRADE_TRAFFIC,0.48343279895199776,0.4863689727711227,-0.002936173819124921
REACTOME_COPI_MEDIATED_ANTEROGRADE_TRANSPORT,0.46422933197734234,0.4695424318752488,-0.005313099897906459
REACTOME_COSTIMULATION_BY_THE_CD28_FAMILY,0.47656858725972884,0.47616717713420764,0.0004014101255211955
REACTOME_CREATINE_METABOLISM,0.49795648740518245,0.49795648740518245,0.0
REACTOME_CREATION_OF_C4_AND_C2_ACTIVATORS,0.5240194851438835,0.5240299967019986,-1.0511558115045005e-05
REACTOME_CREB1_PHOSPHORYLATION_THROUGH_NMDA_RECEPTOR_MEDIATED_ACTIVATION_OF_RAS_SIGNALING,0.4869898116722968,0.4867595428523376,0.00023026881995924509
REACTOME_CREB1_PHOSPHORYLATION_THROUGH_THE_ACTIVATION_OF_ADENYLATE_CYCLASE,0.4967006846966167,0.4967038053154322,-3.120618815466436e-06
REACTOME_CREB1_PHOSPHORYLATION_THROUGH_THE_ACTIVATION_OF_CAMKII_CAMKK_CAMKIV_CASCASDE,,,
REACTOME_CREB3_FACTORS_ACTIVATE_GENES,0.49837136546453864,0.4983716939507298,-3.284861911367898e-07
REACTOME_CREB_PHOSPHORYLATION,0.50560446714941,0.5059768062470189,-0.00037233909760892026
REACTOME_CRISTAE_FORMATION,0.4990693986206207,0.4999375876236914,-0.000868189003070674
REACTOME_CRMPS_IN_SEMA3A_SIGNALING,0.4778793292837556,0.47787932928375565,-5.551115123125783e-17
REACTOME_CROSSLINKING_OF_COLLAGEN_FIBRILS,0.4995930056092302,0.49959341621696907,-4.106077388654761e-07
REACTOME_CROSS_PRESENTATION_OF_PARTICULATE_EXOGENOUS_ANTIGENS_PHAGOSOMES,0.5002016905213339,0.5002016905213339,0.0
REACTOME_CROSS_PRESENTATION_OF_SOLUBLE_EXOGENOUS_ANTIGENS_ENDOSOMES,0.4919990618434382,0.4919988976003427,1.6424309551288374e-07
REACTOME_CS_DS_DEGRADATION,0.44786308235674394,0.44786308235674394,0.0
REACTOME_CTLA4_INHIBITORY_SIGNALING,0.4653584211376922,0.4639470802176418,0.001411340920050408
REACTOME_CYCLIN_A_B1_B2_ASSOCIATED_EVENTS_DURING_G2_M_TRANSITION,0.5066929882651593,0.5066964373701658,-3.4491050064922035e-06
REACTOME_CYCLIN_A_CDK2_ASSOCIATED_EVENTS_AT_S_PHASE_ENTRY,0.5487505534992321,0.5337297011958212,0.015020852303410881
REACTOME_CYCLIN_D_ASSOCIATED_EVENTS_IN_G1,0.544576890076695,0.5444077196882797,0.00016917038841524068
REACTOME_CYP2E1_REACTIONS,,,
REACTOME_CYTOCHROME_C_MEDIATED_APOPTOTIC_RESPONSE,0.5138330462364024,0.5138330462364024,0.0
REACTOME_CYTOCHROME_P450_ARRANGED_BY_SUBSTRATE_TYPE,0.46606088885735425,0.4660232771884736,3.761166888066603e-05
REACTOME_CYTOKINE_SIGNALING_IN_IMMUNE_SYSTEM,0.9122047566114415,0.7370484464574079,0.17515631015403366
REACTOME_CYTOPROTECTION_BY_HMOX1,0.5376423823395312,0.5147607733616094,0.022881608977921797
REACTOME_CYTOSOLIC_IRON_SULFUR_CLUSTER_ASSEMBLY,0.5015836319272811,0.501731450713275,-0.00014781878599390286
REACTOME_CYTOSOLIC_SENSORS_OF_PATHOGEN_ASSOCIATED_DNA,0.547240091871018,0.5361848069880839,0.011055284882934058
REACTOME_CYTOSOLIC_SULFONATION_OF_SMALL_MOLECULES,0.4701920954396919,0.4697376347943085,0.00045446064538340325
REACTOME_CYTOSOLIC_TRNA_AMINOACYLATION,0.49526807429569286,0.49526807429569286,0.0
REACTOME_C_TYPE_LECTIN_RECEPTORS_CLRS,0.5203829787653387,0.4923760818692704,0.02800689689606828
REACTOME_DAG_AND_IP3_SIGNALING,0.4947209805444199,0.4945889290955987,0.00013205144882116882
REACTOME_DAP12_INTERACTIONS,0.5286381652338099,0.4760125422597485,0.052625622974061426
REACTOME_DAP12_SIGNALING,0.5571815622014882,0.5272843915187494,0.029897170682738783
REACTOME_DARPP_32_EVENTS,0.5073145662602635,0.5054037620866494,0.0019108041736141113
REACTOME_DCC_MEDIATED_ATTRACTIVE_SIGNALING,0.4794455514429084,0.4807003686929009,-0.0012548172499924903
REACTOME_DDX58_IFIH1_MEDIATED_INDUCTION_OF_INTERFERON_ALPHA_BETA,0.8216831599583216,0.6453328024996486,0.176350357458673
REACTOME_DEACTIVATION_OF_THE_BETA_CATENIN_TRANSACTIVATING_COMPLEX,0.5247924131515359,0.5260511722358215,-0.0012587590842856322
REACTOME_DEADENYLATION_DEPENDENT_MRNA_DECAY,0.4243200664330473,0.4439664970363977,-0.019646430603350362
REACTOME_DEADENYLATION_OF_MRNA,0.41731435931396316,0.41958633405468904,-0.0022719747407258795
REACTOME_DEATH_RECEPTOR_SIGNALLING,0.5631669090894756,0.5951125196598985,-0.03194561057042289
REACTOME_DECTIN_1_MEDIATED_NONCANONICAL_NF_KB_SIGNALING,0.5370396101788673,0.5357742813707597,0.0012653288081075909
REACTOME_DECTIN_2_FAMILY,0.4891806503238217,0.49022260852198285,-0.0010419581981611636
REACTOME_DEFECTIVE_B4GALT1_CAUSES_B4GALT1_CDG_CDG_2D,,,
REACTOME_DEFECTIVE_B4GALT7_CAUSES_EDS_PROGEROID_TYPE,0.4449122909021151,0.4449316715873898,-1.9380685274683618e-05
REACTOME_DEFECTIVE_C1GALT1C1_CAUSES_TNPS,0.4997960921968762,0.4997960921968762,0.0
REACTOME_DEFECTIVE_CFTR_CAUSES_CYSTIC_FIBROSIS,0.5460668213179654,0.5375276585372903,0.008539162780675014
REACTOME_DEFECTIVE_CHST14_CAUSES_EDS_MUSCULOCONTRACTURAL_TYPE,0.44786308235674394,0.44786308235674394,0.0
REACTOME_DEFECTIVE_CHST3_CAUSES_SEDCJD,0.44786308235674394,0.44786308235674394,0.0
REACTOME_DEFECTIVE_CHST6_CAUSES_MCDC1,,,
REACTOME_DEFECTIVE_CHSY1_CAUSES_TPBS,0.44786308235674394,0.44786308235674394,0.0
REACTOME_DEFECTIVE_CSF2RB_CAUSES_SMDP5,,,
REACTOME_DEFECTIVE_EXT2_CAUSES_EXOSTOSES_2,0.4987775386398306,0.4987791810707861,-1.6424309555174155e-06
REACTOME_DEFECTIVE_F9_ACTIVATION,0.49999523695022907,0.4999957296795158,-4.927292867051847e-07
REACTOME_DEFECTIVE_FACTOR_IX_CAUSES_HEMOPHILIA_B,0.4999957296795158,0.4999957296795158,0.0
REACTOME_DEFECTIVE_FACTOR_VIII_CAUSES_HEMOPHILIA_A,0.47495227095643355,0.47498429836006556,-3.2027403632006735e-05
REACTOME_DEFECTIVE_GALNT3_CAUSES_HFTC,0.5009990907502231,0.5009943277004522,4.76304977092834e-06
REACTOME_DEFECTIVE_INTRINSIC_PATHWAY_FOR_APOPTOSIS,0.49118770095142744,0.4900192755696936,0.0011684253817338397
REACTOME_DEFECTIVE_LFNG_CAUSES_SCDO3,,,
REACTOME_DEFECTIVE_RIPK1_MEDIATED_REGULATED_NECROSIS,0.5216144734957632,0.5216144734957632,0.0
REACTOME_DEFECTIVE_ST3GAL3_CAUSES_MCT12_AND_EIEE15,0.5006054821717404,0.5006054821717404,0.0
REACTOME_DEFECTS_IN_BIOTIN_BTN_METABOLISM,0.4981691000923703,0.4981691000923703,0.0
REACTOME_DEFECTS_IN_COBALAMIN_B12_METABOLISM,0.49256372960593486,0.49257670481048316,-1.2975204548293373e-05
REACTOME_DEFECTS_IN_VITAMIN_AND_COFACTOR_METABOLISM,0.4918173268582135,0.4914233076719921,0.00039401918622139487
REACTOME_DEFECTS_OF_CONTACT_ACTIVATION_SYSTEM_CAS_AND_KALLIKREIN_KININ_SYSTEM_KKS,0.47503324280253906,0.4750674053664132,-3.416256387411831e-05
REACTOME_DEFENSINS,0.5740453862800516,0.5721891108141597,0.0018562754658919545
REACTOME_DEGRADATION_OF_AXIN,0.5184059846242184,0.5381315803996232,-0.01972559577540478
REACTOME_DEGRADATION_OF_BETA_CATENIN_BY_THE_DESTRUCTION_COMPLEX,0.5102765262453897,0.5184196989226967,-0.00814317267730702
REACTOME_DEGRADATION_OF_CYSTEINE_AND_HOMOCYSTEINE,0.4817480753994064,0.4822854788080419,-0.0005374034086355062
REACTOME_DEGRADATION_OF_DVL,0.5395628768557827,0.5359725227870871,0.003590354068695678
REACTOME_DEGRADATION_OF_GLI1_BY_THE_PROTEASOME,0.5299694376447803,0.5355369500976918,-0.005567512452911427
REACTOME_DEGRADATION_OF_THE_EXTRACELLULAR_MATRIX,0.4651963132023856,0.4666820562447196,-0.001485743042334009
REACTOME_DEPOLYMERISATION_OF_THE_NUCLEAR_LAMINA,0.4980875533954304,0.4995051355531117,-0.0014175821576812853
REACTOME_DEPOSITION_OF_NEW_CENPA_CONTAINING_NUCLEOSOMES_AT_THE_CENTROMERE,0.4779612865884343,0.4800077555589718,-0.002046468970537507
REACTOME_DERMATAN_SULFATE_BIOSYNTHESIS,0.44786308235674394,0.44786308235674394,0.0
REACTOME_DETOXIFICATION_OF_REACTIVE_OXYGEN_SPECIES,0.5398456213447699,0.5121685245845634,0.027677096760206465
REACTOME_DEUBIQUITINATION,0.47713744322116186,0.4702919552417855,0.006845487979376341
REACTOME_DEVELOPMENTAL_BIOLOGY,0.3945804870004874,0.4076991578928005,-0.013118670892313056
REACTOME_DEX_H_BOX_HELICASES_ACTIVATE_TYPE_I_IFN_AND_INFLAMMATORY_CYTOKINES_PRODUCTION,,,
REACTOME_DIGESTION,0.49959251287994355,0.49959251287994355,0.0
REACTOME_DIGESTION_AND_ABSORPTION,0.49999392300546475,0.4999950727071336,-1.149701668867742e-06
REACTOME_DIGESTION_OF_DIETARY_CARBOHYDRATE,0.49959251287994355,0.49959251287994355,0.0
REACTOME_DIGESTION_OF_DIETARY_LIPID,,,
REACTOME_DISASSEMBLY_OF_THE_DESTRUCTION_COMPLEX_AND_RECRUITMENT_OF_AXIN_TO_THE_MEMBRANE,0.4984069240947249,0.4984202277854644,-1.3303690739485674e-05
REACTOME_DISEASES_ASSOCIATED_WITH_GLYCOSAMINOGLYCAN_METABOLISM,0.44113042938400954,0.44164927332284803,-0.000518843938838498
REACTOME_DISEASES_ASSOCIATED_WITH_GLYCOSYLATION_PRECURSOR_BIOSYNTHESIS,0.4812815428865001,0.4801958960249229,0.0010856468615771941
REACTOME_DISEASES_ASSOCIATED_WITH_N_GLYCOSYLATION_OF_PROTEINS,0.4930816702077478,0.49343791348199306,-0.00035624327424527147
REACTOME_DISEASES_ASSOCIATED_WITH_O_GLYCOSYLATION_OF_PROTEINS,0.46082038440768036,0.4563728456233157,0.0044475387843646574
REACTOME_DISEASES_ASSOCIATED_WITH_SURFACTANT_METABOLISM,0.5004045307443366,0.5004045307443366,0.0
REACTOME_DISEASES_OF_BASE_EXCISION_REPAIR,0.49383842027048863,0.49378553399372194,5.2886276766694884e-05
REACTOME_DISEASES_OF_CARBOHYDRATE_METABOLISM,0.5147533003007619,0.5326659807874996,-0.017912680486737664
REACTOME_DISEASES_OF_DNA_REPAIR,0.49442148325968666,0.49450212661960113,-8.064335991447846e-05
REACTOME_DISEASES_OF_GLYCOSYLATION,0.42921598886825996,0.42341738637991133,0.005798602488348625
REACTOME_DISEASES_OF_IMMUNE_SYSTEM,0.4643135886853589,0.4625182474079155,0.0017953412774434074
REACTOME_DISEASES_OF_METABOLISM,0.43892801159424866,0.42482651001817184,0.014101501576076814
REACTOME_DISEASES_OF_MISMATCH_REPAIR_MMR,0.501595293187065,0.501595293187065,0.0
REACTOME_DISEASES_OF_MITOTIC_CELL_CYCLE,0.48678631447691206,0.4875553006502713,-0.0007689861733592429
REACTOME_DISEASES_OF_PROGRAMMED_CELL_DEATH,0.5031843451364992,0.49303116545586656,0.010153179680632674
REACTOME_DISEASES_OF_SIGNAL_TRANSDUCTION_BY_GROWTH_FACTOR_RECEPTORS_AND_SECOND_MESSENGERS,0.44722647611839694,0.4631966535140795,-0.015970177395682572
REACTOME_DISINHIBITION_OF_SNARE_FORMATION,,,
REACTOME_DISORDERS_OF_TRANSMEMBRANE_TRANSPORTERS,0.5124695000571566,0.519325828080839,-0.006856328023682412
REACTOME_DISPLACEMENT_OF_DNA_GLYCOSYLASE_BY_APEX1,0.4796908485061105,0.4798003986508415,-0.00010955014473101876
REACTOME_DISSOLUTION_OF_FIBRIN_CLOT,0.4486483285965625,0.4500030056486486,-0.001354677052086084
REACTOME_DNA_DAMAGE_BYPASS,0.8786810983789862,0.7121347397798091,0.1665463585991771
REACTOME_DNA_DAMAGE_RECOGNITION_IN_GG_NER,0.4887826893033071,0.4590033630416244,0.02977932626168267
REACTOME_DNA_DAMAGE_REVERSAL,0.49958134434944623,0.4995816728356373,-3.2848619108127863e-07
REACTOME_DNA_DAMAGE_TELOMERE_STRESS_INDUCED_SENESCENCE,0.4986629790806854,0.4982367682477364,0.0004262108329490255
REACTOME_DNA_DOUBLE_STRAND_BREAK_REPAIR,0.5220911069590457,0.5017792454540796,0.02031186150496611
REACTOME_DNA_DOUBLE_STRAND_BREAK_RESPONSE,0.5400615188938688,0.5375847330129936,0.0024767858808751875
REACTOME_DNA_METHYLATION,,,
REACTOME_DNA_REPAIR,0.8294179421785466,0.5172489741376252,0.3121689680409214
REACTOME_DNA_REPLICATION,0.5246251315587196,0.49277157924335174,0.03185355231536785
REACTOME_DNA_REPLICATION_INITIATION,0.4965180463743665,0.49653693433035456,-1.8887955988089455e-05
REACTOME_DNA_REPLICATION_PRE_INITIATION,0.5240814869124532,0.506025586446397,0.018055900466056207
REACTOME_DNA_STRAND_ELONGATION,0.48596567385000267,0.48622107186358104,-0.00025539801357837844
REACTOME_DOPAMINE_CLEARANCE_FROM_THE_SYNAPTIC_CLEFT,0.49897775097330455,0.49897775097330455,0.0
REACTOME_DOPAMINE_NEUROTRANSMITTER_RELEASE_CYCLE,0.49958906377493706,0.4995885710456504,4.927292866496735e-07
REACTOME_DOPAMINE_RECEPTORS,,,
REACTOME_DOWNREGULATION_OF_ERBB2_ERBB3_SIGNALING,0.5592051192601966,0.5513862445750506,0.007818874685145971
REACTOME_DOWNREGULATION_OF_ERBB2_SIGNALING,0.556340473309183,0.5456645078554188,0.010675965453764258
REACTOME_DOWNREGULATION_OF_ERBB4_SIGNALING,0.5302992377806421,0.5496960188787584,-0.019396781098116267
REACTOME_DOWNREGULATION_OF_SMAD2_3_SMAD4_TRANSCRIPTIONAL_ACTIVITY,0.5397391096973065,0.5244416720209916,0.015297437676314973
REACTOME_DOWNREGULATION_OF_TGF_BETA_RECEPTOR_SIGNALING,0.5227370750538389,0.5148436340033138,0.00789344105052514
REACTOME_DOWNSTREAM_SIGNALING_EVENTS_OF_B_CELL_RECEPTOR_BCR,0.521534487108231,0.5042722092798664,0.017262277828364647
REACTOME_DOWNSTREAM_SIGNALING_OF_ACTIVATED_FGFR1,0.48602496560749575,0.4866881792273216,-0.0006632136198258531
REACTOME_DOWNSTREAM_SIGNALING_OF_ACTIVATED_FGFR2,0.48628734395263484,0.48693347629052364,-0.000646132337888794
REACTOME_DOWNSTREAM_SIGNALING_OF_ACTIVATED_FGFR3,0.4876724880989453,0.48856170021824624,-0.0008892121193009306
REACTOME_DOWNSTREAM_SIGNALING_OF_ACTIVATED_FGFR4,0.48748952129050394,0.48856170021824624,-0.0010721789277423066
REACTOME_DOWNSTREAM_SIGNAL_TRANSDUCTION,0.4807901275446183,0.4792715358831746,0.0015185916614436912
REACTOME_DSCAM_INTERACTIONS,0.5004323699490321,0.5004481372862047,-1.576733717267853e-05
REACTOME_DUAL_INCISION_IN_GG_NER,0.5227606439380501,0.5051761211562189,0.017584522781831202
REACTOME_DUAL_INCISION_IN_TC_NER,0.529011900397731,0.497418673388808,0.03159322700892303
REACTOME_E2F_ENABLED_INHIBITION_OF_PRE_REPLICATION_COMPLEX_FORMATION,0.49521559862666487,0.49522183986429574,-6.241237630877361e-06
REACTOME_E2F_MEDIATED_REGULATION_OF_DNA_REPLICATION,0.4901030395484235,0.48988705987777686,0.0002159796706466266
REACTOME_E3_UBIQUITIN_LIGASES_UBIQUITINATE_TARGET_PROTEINS,0.5315672765998263,0.5060339628442699,0.02553331375555634
REACTOME_EARLY_PHASE_OF_HIV_LIFE_CYCLE,0.4268247736401657,0.43132355627034147,-0.004498782630175779
REACTOME_ECM_PROTEOGLYCANS,0.45266045893462736,0.45195191422043,0.0007085447141973455
REACTOME_EFFECTS_OF_PIP2_HYDROLYSIS,0.4849796404258757,0.48548534491707035,-0.0005057044911946362
REACTOME_EGFR_DOWNREGULATION,0.544997270279752,0.5441238254976237,0.000873444782128252
REACTOME_EGFR_INTERACTS_WITH_PHOSPHOLIPASE_C_GAMMA,0.49999523695022907,0.49999244481760474,2.7921326243296463e-06
REACTOME_EGFR_TRANSACTIVATION_BY_GASTRIN,0.4882340352426265,0.4882340352426265,0.0
REACTOME_EGR2_AND_SOX10_MEDIATED_INITIATION_OF_SCHWANN_CELL_MYELINATION,0.4982923645355796,0.4987118414016111,-0.0004194768660314985
REACTOME_EICOSANOIDS,,,
REACTOME_EICOSANOID_LIGAND_BINDING_RECEPTORS,0.5039251636189718,0.5039535776745018,-2.8414055530001647e-05
REACTOME_ELASTIC_FIBRE_FORMATION,0.4963094576430196,0.4962709426371134,3.851500590618118e-05
REACTOME_ELECTRIC_TRANSMISSION_ACROSS_GAP_JUNCTIONS,,,
REACTOME_ELEVATION_OF_CYTOSOLIC_CA2_LEVELS,0.49111354519378714,0.491033887292446,7.96579013411236e-05
REACTOME_ENDOGENOUS_STEROLS,0.465444402398212,0.4654432526965432,1.1497016688122308e-06
REACTOME_ENDOSOMAL_SORTING_COMPLEX_REQUIRED_FOR_TRANSPORT_ESCRT,0.5364488277641785,0.5498825990353018,-0.01343377127112333
REACTOME_ENDOSOMAL_VACUOLAR_PATHWAY,0.7028976259645997,0.7231864934361889,-0.0202888674715892
REACTOME_ENERGY_DEPENDENT_REGULATION_OF_MTOR_BY_LKB1_AMPK,0.49584349998094784,0.495823790809482,1.9709171465820408e-05
REACTOME_ENOS_ACTIVATION,0.49898161068604996,0.4989829246308143,-1.3139447643251145e-06
REACTOME_EPHA_MEDIATED_GROWTH_CONE_COLLAPSE,0.4795750571237486,0.4790905399918797,0.0004845171318688668
REACTOME_EPHB_MEDIATED_FORWARD_SIGNALING,0.38970402737209736,0.392014270754086,-0.0023102433819886525
REACTOME_EPHRIN_SIGNALING,0.48110810217760075,0.4812197874825738,-0.00011168530497307483
REACTOME_EPH_EPHRIN_MEDIATED_REPULSION_OF_CELLS,0.3840144001776453,0.3831853010313153,0.0008290991463300035
REACTOME_EPH_EPHRIN_SIGNALING,0.3879506502055667,0.39131861912288934,-0.0033679689173226612
REACTOME_EPIGENETIC_REGULATION_OF_GENE_EXPRESSION,0.4513670445571809,0.4394618837763298,0.011905160780851132
REACTOME_ERBB2_ACTIVATES_PTK6_SIGNALING,0.49898308887390985,0.4989829246308143,1.642430955683949e-07
REACTOME_ERBB2_REGULATES_CELL_MOTILITY,0.49938893356301084,0.49938893356301084,0.0
REACTOME_ERCC6_CSB_AND_EHMT2_G9A_POSITIVELY_REGULATE_RRNA_EXPRESSION,0.4751216877094921,0.47486727515448707,0.0002544125550050236
REACTOME_ERKS_ARE_INACTIVATED,0.4909060240425613,0.4909060240425613,0.0
REACTOME_ERK_MAPK_TARGETS,0.494491615061486,0.49570323637734914,-0.001211621315863165
REACTOME_ERYTHROCYTES_TAKE_UP_CARBON_DIOXIDE_AND_RELEASE_OXYGEN,0.4969930374066935,0.49659589760165657,0.0003971398050369168
REACTOME_ERYTHROCYTES_TAKE_UP_OXYGEN_AND_RELEASE_CARBON_DIOXIDE,0.4977869885305761,0.49659589760165657,0.0011910909289195581
REACTOME_ERYTHROPOIETIN_ACTIVATES_PHOSPHOINOSITIDE_3_KINASE_PI3K,0.4882547298726656,0.48757459921399826,0.0006801306586673439
REACTOME_ERYTHROPOIETIN_ACTIVATES_PHOSPHOLIPASE_C_GAMMA_PLCG,0.49590788327440294,0.49593531187135953,-2.7428596956591278e-05
REACTOME_ERYTHROPOIETIN_ACTIVATES_RAS,0.48275225768559143,0.48253315739612945,0.000219100289461982
REACTOME_ERYTHROPOIETIN_ACTIVATES_STAT5,0.4930686950031994,0.4930563767710332,1.2318232166186327e-05
REACTOME_ER_QUALITY_CONTROL_COMPARTMENT_ERQC,0.5444591277771865,0.5411463445399682,0.0033127832372182864
REACTOME_ER_TO_GOLGI_ANTEROGRADE_TRANSPORT,0.5205864759607236,0.5122450618670892,0.008341414093634425
REACTOME_ESR_MEDIATED_SIGNALING,0.5143879415347138,0.47369523642465117,0.04069270511006262
REACTOME_ESTABLISHMENT_OF_SISTER_CHROMATID_COHESION,0.49514875168677663,0.49514678076963003,1.970917146598694e-06
REACTOME_ESTROGEN_BIOSYNTHESIS,,,
REACTOME_ESTROGEN_DEPENDENT_GENE_EXPRESSION,0.4674711621972836,0.46790032940595244,-0.00042916720866886804
REACTOME_ESTROGEN_DEPENDENT_NUCLEAR_EVENTS_DOWNSTREAM_OF_ESR_MEMBRANE_SIGNALING,0.4722708381785047,0.4754183928616009,-0.003147554683096243
REACTOME_ESTROGEN_STIMULATED_SIGNALING_THROUGH_PRKCZ,0.4876090081425158,0.4875316496445123,7.735849800349914e-05
REACTOME_ETHANOL_OXIDATION,0.4975394741855842,0.4975394741855842,0.0
REACTOME_EUKARYOTIC_TRANSLATION_ELONGATION,0.4560857486922965,0.44006046773805724,0.016025280954239274
REACTOME_EUKARYOTIC_TRANSLATION_INITIATION,0.4269596172216113,0.4234692871981048,0.003490330023506516
REACTOME_EXPORT_OF_VIRAL_RIBONUCLEOPROTEINS_FROM_NUCLEUS,0.5849913673828979,0.5664371533649468,0.0185542140179511
REACTOME_EXTENSION_OF_TELOMERES,0.4846428599584531,0.486177383200165,-0.001534523241711938
REACTOME_EXTRACELLULAR_MATRIX_ORGANIZATION,0.47852907496974645,0.4491560861264514,0.029372988843295034
REACTOME_EXTRA_NUCLEAR_ESTROGEN_SIGNALING,0.552896213473978,0.4851410092672525,0.06775520420672548
REACTOME_EXTRINSIC_PATHWAY_OF_FIBRIN_CLOT_FORMATION,,,
REACTOME_FACTORS_INVOLVED_IN_MEGAKARYOCYTE_DEVELOPMENT_AND_PLATELET_PRODUCTION,0.45506481361036544,0.47575886879867346,-0.020694055188308025
REACTOME_FANCONI_ANEMIA_PATHWAY,0.5095907291999259,0.5257538922328784,-0.01616316303295251
REACTOME_FASL_CD95L_SIGNALING,0.5493558714278769,0.5510280303836588,-0.0016721589557818772
REACTOME_FATTY_ACIDS,,,
REACTOME_FATTY_ACIDS_BOUND_TO_GPR40_FFAR1_REGULATE_INSULIN_SECRETION,0.49999786483975783,0.49999786483975783,0.0
REACTOME_FATTY_ACID_METABOLISM,0.42610177553356016,0.437635007824541,-0.011533232290980855
REACTOME_FATTY_ACYL_COA_BIOSYNTHESIS,0.47368768124225596,0.47406872522392907,-0.0003810439816731015
REACTOME_FBXW7_MUTANTS_AND_NOTCH1_IN_CANCER,,,
REACTOME_FCERI_MEDIATED_CA_2_MOBILIZATION,0.4838695213430618,0.4783865940843579,0.005482927258703918
REACTOME_FCERI_MEDIATED_MAPK_ACTIVATION,0.4417223615003672,0.43253090726572035,0.009191454234646845
REACTOME_FCERI_MEDIATED_NF_KB_ACTIVATION,0.5197662459415531,0.5046483259686729,0.015117919972880145
REACTOME_FCGAMMA_RECEPTOR_FCGR_DEPENDENT_PHAGOCYTOSIS,0.4573262767929762,0.45742096293756,-9.468614458379987e-05
REACTOME_FCGR3A_MEDIATED_IL10_SYNTHESIS,0.4523758256500413,0.4552962321319936,-0.002920406481952298
REACTOME_FCGR_ACTIVATION,0.4615232627350811,0.4581339422153371,0.003389320519743999
REACTOME_FC_EPSILON_RECEPTOR_FCERI_SIGNALING,0.470525098315917,0.4443711920238297,0.026153906292087303
REACTOME_FERTILIZATION,0.44201085449769867,0.44404204886035004,-0.0020311943626513673
REACTOME_FGFR1B_LIGAND_BINDING_AND_ACTIVATION,0.49897963976890336,0.49897963976890336,0.0
REACTOME_FGFR1C_LIGAND_BINDING_AND_ACTIVATION,0.49979568158913734,0.49979568158913734,0.0
REACTOME_FGFR1_LIGAND_BINDING_AND_ACTIVATION,0.49877523923649303,0.4987757319657797,-4.927292866496735e-07
REACTOME_FGFR1_MUTANT_RECEPTOR_ACTIVATION,0.5075893449591166,0.507672123479273,-8.277852015647902e-05
REACTOME_FGFR2B_LIGAND_BINDING_AND_ACTIVATION,0.479123224367894,0.4791564014731949,-3.3177105300874477e-05
REACTOME_FGFR2C_LIGAND_BINDING_AND_ACTIVATION,0.49979568158913734,0.49979568158913734,0.0
REACTOME_FGFR2_ALTERNATIVE_SPLICING,0.5001038837579346,0.4995737070455032,0.000530176712431385
REACTOME_FGFR2_LIGAND_BINDING_AND_ACTIVATION,0.4789375475483762,0.4789592276369886,-2.16800886124191e-05
REACTOME_FGFR2_MUTANT_RECEPTOR_ACTIVATION,0.4840504351128087,0.48349677163771393,0.0005536634750947789
REACTOME_FGFR3B_LIGAND_BINDING_AND_ACTIVATION,0.49979568158913734,0.49979568158913734,0.0
REACTOME_FGFR3_LIGAND_BINDING_AND_ACTIVATION,0.5009940813358087,0.5009934243634265,6.569723821625573e-07
REACTOME_FGFRL1_MODULATION_OF_FGFR1_SIGNALING,0.49897963976890336,0.49897963976890336,0.0
REACTOME_FIBRONECTIN_MATRIX_FORMATION,,,
REACTOME_FICOLINS_BIND_TO_REPETITIVE_CARBOHYDRATE_STRUCTURES_ON_THE_TARGET_CELL_SURFACE,0.5236709612951291,0.5236709612951291,0.0
REACTOME_FLT3_SIGNALING,0.4766040637683674,0.48556171795650055,-0.008957654188133157
REACTOME_FLT3_SIGNALING_BY_CBL_MUTANTS,0.5498123851119547,0.5444926333686784,0.005319751743276369
REACTOME_FLT3_SIGNALING_IN_DISEASE,0.5127944550216998,0.509343214854934,0.003451240166765901
REACTOME_FLT3_SIGNALING_THROUGH_SRC_FAMILY_KINASES,0.4595164584721187,0.4572784820521714,0.002237976419947274
REACTOME_FOLDING_OF_ACTIN_BY_CCT_TRIC,0.42339833418082773,0.41653190520676886,0.006866428974058869
REACTOME_FORMATION_OF_APOPTOSOME,,,
REACTOME_FORMATION_OF_ATP_BY_CHEMIOSMOTIC_COUPLING,,,
REACTOME_FORMATION_OF_FIBRIN_CLOT_CLOTTING_CASCADE,0.49889924277363223,0.49861214584261304,0.00028709693101919287
REACTOME_FORMATION_OF_INCISION_COMPLEX_IN_GG_NER,0.5305915083691712,0.5014612708210973,0.02913023754807398
REACTOME_FORMATION_OF_RNA_POL_II_ELONGATION_COMPLEX,0.4671648488240851,0.46978896076166754,-0.0026241119375824407
REACTOME_FORMATION_OF_SENESCENCE_ASSOCIATED_HETEROCHROMATIN_FOCI_SAHF,0.4979592795378068,0.4979592795378068,0.0
REACTOME_FORMATION_OF_TC_NER_PRE_INCISION_COMPLEX,0.5350981746679334,0.5172548047675172,0.01784336990041624
REACTOME_FORMATION_OF_THE_BETA_CATENIN_TCF_TRANSACTIVATING_COMPLEX,0.4884914041733513,0.4879316637037212,0.0005597404696300878
REACTOME_FORMATION_OF_THE_CORNIFIED_ENVELOPE,0.4904410518390627,0.4901997787317016,0.0002412731073611063
REACTOME_FORMATION_OF_THE_EARLY_ELONGATION_COMPLEX,0.4788306252931739,0.477891154786635,0.0009394705065388642
REACTOME_FORMATION_OF_TUBULIN_FOLDING_INTERMEDIATES_BY_CCT_TRIC,0.48168788030488774,0.47749639650648357,0.004191483798404172
REACTOME_FORMATION_OF_XYLULOSE_5_PHOSPHATE,,,
REACTOME_FORMYL_PEPTIDE_RECEPTORS_BIND_FORMYL_PEPTIDES_AND_MANY_OTHER_LIGANDS,0.5619863297186712,0.5585162015959173,0.003470128122753935
REACTOME_FOXO_MEDIATED_TRANSCRIPTION,0.5596323155517189,0.5351098359277172,0.02452247962400167
REACTOME_FOXO_MEDIATED_TRANSCRIPTION_OF_CELL_CYCLE_GENES,0.49403510137740836,0.49407254880319346,-3.744742578509763e-05
REACTOME_FOXO_MEDIATED_TRANSCRIPTION_OF_CELL_DEATH_GENES,0.505066160403749,0.504018289454148,0.0010478709496010152
REACTOME_FOXO_MEDIATED_TRANSCRIPTION_OF_OXIDATIVE_STRESS_METABOLIC_AND_NEURONAL_GENES,0.529190268399497,0.5256907407626399,0.003499527636857125
REACTOME_FREE_FATTY_ACIDS_REGULATE_INSULIN_SECRETION,0.49999786483975783,0.49999786483975783,0.0
REACTOME_FREE_FATTY_ACID_RECEPTORS,,,
REACTOME_FRS_MEDIATED_FGFR1_SIGNALING,0.48699818807017,0.4866593545640529,0.0003388335061170755
REACTOME_FRS_MEDIATED_FGFR2_SIGNALING,0.48687763363803715,0.4866593545640529,0.00021827907398425106
REACTOME_FRS_MEDIATED_FGFR3_SIGNALING,0.488054024809905,0.48801148584815784,4.253896174716276e-05
REACTOME_FRS_MEDIATED_FGFR4_SIGNALING,0.4880118143343489,0.48801148584815784,3.2848619108127863e-07
REACTOME_FRUCTOSE_CATABOLISM,0.4995918559075613,0.4995918559075613,0.0
REACTOME_FRUCTOSE_METABOLISM,0.4995918559075613,0.4995918559075613,0.0
REACTOME_G0_AND_EARLY_G1,0.5068095187414511,0.5049956179942107,0.0018139007472404156
REACTOME_G1_S_DNA_DAMAGE_CHECKPOINTS,0.5245481015469071,0.5379422902320032,-0.01339418868509612
REACTOME_G1_S_SPECIFIC_TRANSCRIPTION,0.49771956673985346,0.49788742318350426,-0.00016785644365080454
REACTOME_G2_M_CHECKPOINTS,0.5363501997853014,0.5085178932998015,0.027832306485499947
REACTOME_G2_M_DNA_DAMAGE_CHECKPOINT,0.49514612379724776,0.4950948799514366,5.124384581117747e-05
REACTOME_G2_M_DNA_REPLICATION_CHECKPOINT,,,
REACTOME_G2_PHASE,0.4989836637247443,0.4989836637247443,0.0
REACTOME_GAB1_SIGNALOSOME,0.4964007768041447,0.4964001198317625,6.569723821625573e-07
REACTOME_GABA_B_RECEPTOR_ACTIVATION,0.48827025084519493,0.48667347947027,0.0015967713749249213
REACTOME_GABA_RECEPTOR_ACTIVATION,0.4836183936499677,0.4827147281382585,0.0009036655117092285
REACTOME_GABA_SYNTHESIS_RELEASE_REUPTAKE_AND_DEGRADATION,0.49979206824103534,0.49979206824103534,0.0
REACTOME_GALACTOSE_CATABOLISM,0.4968880039470901,0.49688471908517906,3.284861911034831e-06
REACTOME_GAMMA_CARBOXYLATION_HYPUSINE_FORMATION_AND_ARYLSULFATASE_ACTIVATION,0.4887128859876988,0.4869306841578993,0.0017822018297994902
REACTOME_GAMMA_CARBOXYLATION_TRANSPORT_AND_AMINO_TERMINAL_CLEAVAGE_OF_PROTEINS,0.5002022653721683,0.5002022653721683,0.0
REACTOME_GAP_FILLING_DNA_REPAIR_SYNTHESIS_AND_LIGATION_IN_GG_NER,0.5386265269680593,0.5365692179532158,0.002057309014843578
REACTOME_GAP_JUNCTION_ASSEMBLY,0.4864588137443878,0.48800581946136146,-0.0015470057169736373
REACTOME_GAP_JUNCTION_DEGRADATION,0.390911788975215,0.39091195321831057,-1.642430955683949e-07
REACTOME_GAP_JUNCTION_TRAFFICKING_AND_REGULATION,0.38797553303454224,0.3913669065929806,-0.003391373558438382
REACTOME_GASTRIN_CREB_SIGNALLING_PATHWAY_VIA_PKC_AND_MAPK,0.48843211241585827,0.48843211241585827,0.0
REACTOME_GDP_FUCOSE_BIOSYNTHESIS,0.49998341144734954,0.49998341144734954,0.0
REACTOME_GENERATION_OF_SECOND_MESSENGER_MOLECULES,0.46272946402879117,0.4414648283265468,0.02126463570224435
REACTOME_GENE_AND_PROTEIN_EXPRESSION_BY_JAK_STAT_SIGNALING_AFTER_INTERLEUKIN_12_STIMULATION,0.5254699980422223,0.4917664936201412,0.03370350442208109
REACTOME_GENE_SILENCING_BY_RNA,0.4915358141924429,0.4911818703215354,0.000353943870907536
REACTOME_GLI_PROTEINS_BIND_PROMOTERS_OF_HH_RESPONSIVE_GENES_TO_PROMOTE_TRANSCRIPTION,,,
REACTOME_GLOBAL_GENOME_NUCLEOTIDE_EXCISION_REPAIR_GG_NER,0.44212845255411154,0.46022327863381285,-0.01809482607970131
REACTOME_GLUCAGON_LIKE_PEPTIDE_1_GLP1_REGULATES_INSULIN_SECRETION,0.49299889168759126,0.49312782251759707,-0.0001289308300058134
REACTOME_GLUCAGON_SIGNALING_IN_METABOLIC_REGULATION,0.4975039155553979,0.49720729252483686,0.00029662303056104955
REACTOME_GLUCAGON_TYPE_LIGAND_RECEPTORS,0.4986888473682343,0.4991940591301423,-0.0005052117619079866
REACTOME_GLUCOCORTICOID_BIOSYNTHESIS,,,
REACTOME_GLUCONEOGENESIS,0.4931267549374759,0.49314843502608835,-2.1680088612474613e-05
REACTOME_GLUCOSE_METABOLISM,0.4982573807562278,0.49388588652510224,0.004371494231125539
REACTOME_GLUCURONIDATION,,,
REACTOME_GLUTAMATE_AND_GLUTAMINE_METABOLISM,0.5133884401767519,0.5113721919357954,0.0020162482409564753
REACTOME_GLUTAMATE_NEUROTRANSMITTER_RELEASE_CYCLE,0.4997924788487742,0.49979132914710533,1.149701668867742e-06
REACTOME_GLUTATHIONE_CONJUGATION,0.49341779370278827,0.4933902008627361,2.7592840052159673e-05
REACTOME_GLUTATHIONE_SYNTHESIS_AND_RECYCLING,0.49883099976743184,0.49875429824181056,7.670152562128107e-05
REACTOME_GLYCEROPHOSPHOLIPID_BIOSYNTHESIS,0.5052690827482994,0.4964145732241709,0.008854509524128529
REACTOME_GLYCEROPHOSPHOLIPID_CATABOLISM,0.49506203133232685,0.4950764847247351,-1.4453392408242394e-05
REACTOME_GLYCOGEN_BREAKDOWN_GLYCOGENOLYSIS,0.4904936096296384,0.49062598956465064,-0.0001323799350122501
REACTOME_GLYCOGEN_METABOLISM,0.5284680093868215,0.5328726807232478,-0.004404671336426302
REACTOME_GLYCOGEN_STORAGE_DISEASES,0.5344544238549299,0.5427055042460125,-0.008251080391082577
REACTOME_GLYCOGEN_SYNTHESIS,0.5511551545396135,0.5417111765455603,0.009443977994053165
REACTOME_GLYCOLYSIS,0.49439906407714435,0.49596528623629726,-0.001566222159152919
REACTOME_GLYCOSAMINOGLYCAN_METABOLISM,0.553017753364684,0.5183539195629294,0.03466383380175453
REACTOME_GLYCOSPHINGOLIPID_METABOLISM,0.4753447298332473,0.47597410937539014,-0.0006293795421428161
REACTOME_GLYOXYLATE_METABOLISM_AND_GLYCINE_DEGRADATION,0.49051956003873504,0.49062911018346617,-0.00010955014473112978
REACTOME_GOLGI_ASSOCIATED_VESICLE_BIOGENESIS,0.3914494387484939,0.4309635354048986,-0.03951409665640471
REACTOME_GOLGI_CISTERNAE_PERICENTRIOLAR_STACK_REORGANIZATION,,,
REACTOME_GOLGI_TO_ER_RETROGRADE_TRANSPORT,0.4852934268599217,0.4845953115822917,0.0006981152776300292
REACTOME_GP1B_IX_V_ACTIVATION_SIGNALLING,0.497113345474183,0.49704666277739024,6.668269679277472e-05
REACTOME_GPCR_LIGAND_BINDING,0.5716441522231289,0.5756493843511806,-0.004005232128051706
REACTOME_GPVI_MEDIATED_ACTIVATION_CASCADE,0.4492644865695136,0.4381807876310496,0.011083698938464004
REACTOME_GRB2_EVENTS_IN_ERBB2_SIGNALING,0.4875509482082392,0.487550291235857,6.569723821625573e-07
REACTOME_GRB2_SOS_PROVIDES_LINKAGE_TO_MAPK_SIGNALING_FOR_INTEGRINS,0.5004037095288588,0.5004023955840944,1.3139447644361368e-06
REACTOME_GRB7_EVENTS_IN_ERBB2_SIGNALING,0.49959185590756133,0.4995921843937524,-3.2848619108127863e-07
REACTOME_GROWTH_HORMONE_RECEPTOR_SIGNALING,0.6143474391873515,0.5958157264734905,0.018531712713861004
REACTOME_G_ALPHA_12_13_SIGNALLING_EVENTS,0.4572302767036279,0.457188394714263,4.1881989364944694e-05
REACTOME_G_ALPHA_I_SIGNALLING_EVENTS,0.6699097287098245,0.5591287462207664,0.1107809824890581
REACTOME_G_ALPHA_Q_SIGNALLING_EVENTS,0.518965150243014,0.4934744575707526,0.02549069267226145
REACTOME_G_ALPHA_S_SIGNALLING_EVENTS,0.49043029391630427,0.4900272413598276,0.0004030525564766574
REACTOME_G_ALPHA_Z_SIGNALLING_EVENTS,0.4911875367083319,0.4920581893578358,-0.0008706526495039224
REACTOME_G_BETA_GAMMA_SIGNALLING_THROUGH_CDC42,0.49750432616313683,0.4970899408330673,0.00041438533006954437
REACTOME_G_BETA_GAMMA_SIGNALLING_THROUGH_PI3KGAMMA,0.4969559184670995,0.49686361384740113,9.230461969839121e-05
REACTOME_G_PROTEIN_ACTIVATION,0.4971976843037472,0.49731823873588005,-0.00012055443213282446
REACTOME_G_PROTEIN_BETA_GAMMA_SIGNALLING,0.4972638742712533,0.49688332301886695,0.0003805512523863408
REACTOME_G_PROTEIN_MEDIATED_EVENTS,0.4935292326431181,0.4935325175050291,-3.2848619109793198e-06
REACTOME_HATS_ACETYLATE_HISTONES,0.41048266775461295,0.429074739806088,-0.01859207205147506
REACTOME_HCMV_EARLY_EVENTS,0.4847722835177455,0.4862489931898244,-0.001476709672078913
REACTOME_HCMV_INFECTION,0.5071394009988608,0.5019278033340036,0.005211597664857237
REACTOME_HCMV_LATE_EVENTS,0.5283223257610697,0.525914193494134,0.002408132266935703
REACTOME_HDACS_DEACETYLATE_HISTONES,0.4876286351924337,0.47754180972240284,0.010086825470030869
REACTOME_HDL_ASSEMBLY,0.49896789638757166,0.4989632975808963,4.5988066753599455e-06
REACTOME_HDL_CLEARANCE,0.4997969955339017,0.4997969955339017,0.0
REACTOME_HDL_REMODELING,0.4916704114092452,0.49167024716614965,1.642430955683949e-07
REACTOME_HDMS_DEMETHYLATE_HISTONES,0.48907980506315474,0.488727010893916,0.00035279416923872375
REACTOME_HDR_THROUGH_HOMOLOGOUS_RECOMBINATION_HRR,0.5348151016927551,0.5275989170467252,0.007216184646029911
REACTOME_HDR_THROUGH_MMEJ_ALT_NHEJ,0.4953170187381663,0.4952920537876429,2.496495052339842e-05
REACTOME_HDR_THROUGH_SINGLE_STRAND_ANNEALING_SSA,0.48312418617546155,0.48370002246845545,-0.0005758362929939032
REACTOME_HEDGEHOG_LIGAND_BIOGENESIS,0.5154835251035718,0.5385437484479028,-0.023060223344331
REACTOME_HEDGEHOG_OFF_STATE,0.5298679354117312,0.5177135357333849,0.012154399678346306
REACTOME_HEDGEHOG_ON_STATE,0.5504861102898956,0.5367220461536238,0.013764064136271736
REACTOME_HEME_BIOSYNTHESIS,0.5011726957022181,0.5011933903322572,-2.0694630039064243e-05
REACTOME_HEME_DEGRADATION,0.501890848637505,0.5020253637327594,-0.00013451509525441718
REACTOME_HEME_SIGNALING,0.5039565340502217,0.5021009155567119,0.001855618493509792
REACTOME_HEMOSTASIS,0.425500153074565,0.4148161397091189,0.01068401336544611
REACTOME_HEPARAN_SULFATE_HEPARIN_HS_GAG_METABOLISM,0.5043266558660408,0.48152987844696993,0.022796777419070824
REACTOME_HIGHLY_CALCIUM_PERMEABLE_NICOTINIC_ACETYLCHOLINE_RECEPTORS,0.5010109983746505,0.5010109983746505,0.0
REACTOME_HIGHLY_CALCIUM_PERMEABLE_POSTSYNAPTIC_NICOTINIC_ACETYLCHOLINE_RECEPTORS,0.5010109983746505,0.5010109983746505,0.0
REACTOME_HIGHLY_SODIUM_PERMEABLE_POSTSYNAPTIC_ACETYLCHOLINE_NICOTINIC_RECEPTORS,0.4991835475720271,0.4991835475720271,0.0
REACTOME_HISTIDINE_CATABOLISM,,,
REACTOME_HIV_ELONGATION_ARREST_AND_RECOVERY,0.46851698010819015,0.47020884823543785,-0.0016918681272476976
REACTOME_HIV_INFECTION,0.48999299667440577,0.517209391551598,-0.027216394877192185
REACTOME_HIV_LIFE_CYCLE,0.4678854654058053,0.4848517771759911,-0.016966311770185816
REACTOME_HIV_TRANSCRIPTION_ELONGATION,0.4773203279080554,0.4765935522102522,0.0007267756978032169
REACTOME_HIV_TRANSCRIPTION_INITIATION,0.4850013205144882,0.48589184657855355,-0.0008905260640653667
REACTOME_HOMOLOGOUS_DNA_PAIRING_AND_STRAND_EXCHANGE,0.4956211148295748,0.49582691142829743,-0.00020579659872260736
REACTOME_HOMOLOGY_DIRECTED_REPAIR,0.5401659775026377,0.5042161202627364,0.035949857239901295
REACTOME_HORMONE_LIGAND_BINDING_RECEPTORS,,,
REACTOME_HOST_INTERACTIONS_OF_HIV_FACTORS,0.61486554403226,0.5699822584608187,0.04488328557144128
REACTOME_HSF1_ACTIVATION,0.5827305611726694,0.5734316919535336,0.009298869219135808
REACTOME_HSF1_DEPENDENT_TRANSACTIVATION,0.5877814469685323,0.574277461774062,0.01350398519447027
REACTOME_HSP90_CHAPERONE_CYCLE_FOR_STEROID_HORMONE_RECEPTORS_SHR_IN_THE_PRESENCE_OF_LIGAND,0.5824943796012703,0.5629779474080469,0.01951643219322341
REACTOME_HS_GAG_BIOSYNTHESIS,0.4981679503907015,0.4981551394292487,1.281096145278049e-05
REACTOME_HS_GAG_DEGRADATION,0.5365713531134578,0.5328013170982319,0.0037700360152259638
REACTOME_HUR_ELAVL1_BINDS_AND_STABILIZES_MRNA,,,
REACTOME_HYALURONAN_BIOSYNTHESIS_AND_EXPORT,0.49836890181810545,0.49836890181810545,0.0
REACTOME_HYALURONAN_METABOLISM,0.4963350795659252,0.4963309734885365,4.106077388710272e-06
REACTOME_HYALURONAN_UPTAKE_AND_DEGRADATION,0.4979635498582911,0.4979635498582911,0.0
REACTOME_HYDROLYSIS_OF_LPC,,,
REACTOME_IKBA_VARIANT_LEADS_TO_EDA_ID,0.5105299533418213,0.5070518594289333,0.003478093912888003
REACTOME_IKK_COMPLEX_RECRUITMENT_MEDIATED_BY_RIP1,0.485711836145832,0.4623692789202527,0.02334255722557932
REACTOME_IL_6_TYPE_CYTOKINE_RECEPTOR_LIGAND_INTERACTIONS,0.4725744415406265,0.4726427666683748,-6.832512774829214e-05
REACTOME_IMMUNOREGULATORY_INTERACTIONS_BETWEEN_A_LYMPHOID_AND_A_NON_LYMPHOID_CELL,0.5171931314851386,0.5625396647075751,-0.045346533222436536
REACTOME_INACTIVATION_OF_CDC42_AND_RAC1,0.49959316985232577,0.49959316985232577,0.0
REACTOME_INACTIVATION_OF_CSF3_G_CSF_SIGNALING,0.601503382750796,0.6167237904152985,-0.0152204076645025
REACTOME_INCRETIN_SYNTHESIS_SECRETION_AND_INACTIVATION,0.5097750099531316,0.5097722178205073,2.7921326243296463e-06
REACTOME_INFECTION_WITH_MYCOBACTERIUM_TUBERCULOSIS,0.619322362551523,0.6456685153869502,-0.026346152835427294
REACTOME_INFECTIOUS_DISEASE,0.5448639870077142,0.4931265906943804,0.051737396313333794
REACTOME_INFLAMMASOMES,0.5599736948258169,0.5522118946163741,0.007761800209442837
REACTOME_INFLUENZA_INFECTION,0.6605661853686995,0.5824088089484895,0.07815737642021003
REACTOME_INHIBITION_OF_DNA_RECOMBINATION_AT_TELOMERE,0.4811782339793999,0.4811315889402641,4.664503913581752e-05
REACTOME_INHIBITION_OF_REPLICATION_INITIATION_OF_DAMAGED_DNA_BY_RB1_E2F1,0.49462744410150483,0.4944985132714991,0.0001289308300057579
REACTOME_INHIBITION_OF_THE_PROTEOLYTIC_ACTIVITY_OF_APC_C_REQUIRED_FOR_THE_ONSET_OF_ANAPHASE_BY_MITOTIC_SPINDLE_CHECKPOINT_COMPONENTS,0.4943924122317746,0.49430717006518476,8.524216658983841e-05
REACTOME_INITIAL_TRIGGERING_OF_COMPLEMENT,0.4900712585094347,0.4839484401504729,0.006122818358961835
REACTOME_INITIATION_OF_NUCLEAR_ENVELOPE_NE_REFORMATION,0.4639765618532929,0.46776909917260906,-0.0037925373193161693
REACTOME_INLA_MEDIATED_ENTRY_OF_LISTERIA_MONOCYTOGENES_INTO_HOST_CELLS,0.5616865860692948,0.5515775877813649,0.010108998287929882
REACTOME_INLB_MEDIATED_ENTRY_OF_LISTERIA_MONOCYTOGENES_INTO_HOST_CELL,0.5497830677193992,0.5515775877813649,-0.0017945200619656765
REACTOME_INNATE_IMMUNE_SYSTEM,0.5875888719390014,0.5108967902957295,0.0766920816432719
REACTOME_INOSITOL_PHOSPHATE_METABOLISM,0.4822473744098746,0.4818118017204793,0.0004355726893952583
REACTOME_INSERTION_OF_TAIL_ANCHORED_PROTEINS_INTO_THE_ENDOPLASMIC_RETICULUM_MEMBRANE,0.5011899412272507,0.5008947963845497,0.0002951448427009895
REACTOME_INSULIN_PROCESSING,0.4871389444030552,0.48661139558015265,0.0005275488229025682
REACTOME_INSULIN_RECEPTOR_RECYCLING,0.5125579449641096,0.5125690313730591,-1.1086408949534388e-05
REACTOME_INSULIN_RECEPTOR_SIGNALLING_CASCADE,0.4731476499440917,0.472688918978224,0.0004587309658676819
REACTOME_INTEGRATION_OF_ENERGY_METABOLISM,0.4910728129060911,0.4899807605637875,0.00109205234230364
REACTOME_INTEGRATION_OF_PROVIRUS,0.5012722270181207,0.5012722270181207,0.0
REACTOME_INTEGRIN_CELL_SURFACE_INTERACTIONS,0.4781210129988555,0.47957505712374865,-0.001454044124893139
REACTOME_INTEGRIN_SIGNALING,0.49400143154282083,0.4940651578638937,-6.372632107287668e-05
REACTOME_INTERACTIONS_OF_REV_WITH_HOST_CELLULAR_PROTEINS,0.5114228609307722,0.5089285010386734,0.0024943598920987853
REACTOME_INTERACTIONS_OF_VPR_WITH_HOST_CELLULAR_PROTEINS,0.511680229861497,0.50965034944361,0.0020298804178869867
REACTOME_INTERACTION_BETWEEN_L1_AND_ANKYRINS,0.3866110835182711,0.3865478499264848,6.323359178633803e-05
REACTOME_INTERACTION_WITH_CUMULUS_CELLS_AND_THE_ZONA_PELLUCIDA,,,
REACTOME_INTERCONVERSION_OF_NUCLEOTIDE_DI_AND_TRIPHOSPHATES,0.5497145783485553,0.5342284253554549,0.01548615299310041
REACTOME_INTERFERON_ALPHA_BETA_SIGNALING,0.990313927683108,0.9821820877793941,0.008131839903713911
REACTOME_INTERFERON_GAMMA_SIGNALING,0.6536320882392745,0.6837582137972084,-0.030126125557933814
REACTOME_INTERFERON_SIGNALING,0.940032546411814,0.8867852633211005,0.05324728309071347
REACTOME_INTERLEUKIN_10_SIGNALING,0.6215953227508223,0.5731214367460422,0.04847388600478009
REACTOME_INTERLEUKIN_12_FAMILY_SIGNALING,0.5085126375207439,0.4748958534531125,0.03361678406763141
REACTOME_INTERLEUKIN_12_SIGNALING,0.5021948626073658,0.49161267996115987,0.010582182646205918
REACTOME_INTERLEUKIN_15_SIGNALING,0.495932273374092,0.4956811456809979,0.00025112769309409977
REACTOME_INTERLEUKIN_17_SIGNALING,0.5043910391594958,0.4745740191073848,0.02981702005211101
REACTOME_INTERLEUKIN_18_SIGNALING,0.5090799331727692,0.5090495482000927,3.038497267648932e-05
REACTOME_INTERLEUKIN_1_FAMILY_SIGNALING,0.5592892938466653,0.5163311015981511,0.04295819224851416
REACTOME_INTERLEUKIN_1_PROCESSING,0.4468995502367072,0.4468995502367072,0.0
REACTOME_INTERLEUKIN_1_SIGNALING,0.529366419119473,0.515597345568787,0.013769073550686017
REACTOME_INTERLEUKIN_20_FAMILY_SIGNALING,0.5124908516595779,0.5113288317585706,0.001162019901007283
REACTOME_INTERLEUKIN_21_SIGNALING,0.49590057445665103,0.49588480711947835,1.576733717267853e-05
REACTOME_INTERLEUKIN_23_SIGNALING,0.4886539227163969,0.4888902685308915,-0.00023634581449460956
REACTOME_INTERLEUKIN_27_SIGNALING,0.4913913623899077,0.4913913623899077,0.0
REACTOME_INTERLEUKIN_2_FAMILY_SIGNALING,0.4690308146326144,0.46913987204805885,-0.0001090574154444246
REACTOME_INTERLEUKIN_2_SIGNALING,0.4697605467061376,0.4755864135483473,-0.005825866842209704
REACTOME_INTERLEUKIN_35_SIGNALLING,0.49223163006673526,0.49223163006673526,0.0
REACTOME_INTERLEUKIN_36_PATHWAY,0.5012135922330098,0.5012135922330098,0.0
REACTOME_INTERLEUKIN_37_SIGNALING,0.4968792990630259,0.4981663079597459,-0.00128700889672001
REACTOME_INTERLEUKIN_3_INTERLEUKIN_5_AND_GM_CSF_SIGNALING,0.5445561954466558,0.5161139722258355,0.02844222322082024
REACTOME_INTERLEUKIN_4_AND_INTERLEUKIN_13_SIGNALING,0.5492208636033359,0.5051355531116183,0.0440853104917176
REACTOME_INTERLEUKIN_6_FAMILY_SIGNALING,0.4947297675500317,0.4923167079902295,0.0024130595598021998
REACTOME_INTERLEUKIN_6_SIGNALING,0.5175038794219168,0.5176924304956068,-0.0001885510736899798
REACTOME_INTERLEUKIN_7_SIGNALING,0.553928809815693,0.5743121170672227,-0.020383307251529703
REACTOME_INTERLEUKIN_9_SIGNALING,0.4975426769259474,0.4975426769259474,0.0
REACTOME_INTERLEUKIN_RECEPTOR_SHC_SIGNALING,0.4966017282315486,0.49680768907336675,-0.00020596084181817575
REACTOME_INTESTINAL_ABSORPTION,0.5004023955840944,0.5004023955840944,0.0
REACTOME_INTRACELLULAR_SIGNALING_BY_SECOND_MESSENGERS,0.4302864432434989,0.4587648820668877,-0.028478438823388796
REACTOME_INTRAFLAGELLAR_TRANSPORT,0.4825536056615253,0.48504500917790416,-0.0024914035163788872
REACTOME_INTRA_GOLGI_AND_RETROGRADE_GOLGI_TO_ER_TRAFFIC,0.4687021641984215,0.4747931193968468,-0.006090955198425341
REACTOME_INTRA_GOLGI_TRAFFIC,0.49049722297774045,0.49044417245787825,5.305051986220777e-05
REACTOME_INTRINSIC_PATHWAY_FOR_APOPTOSIS,0.5659797363438437,0.5606503763794778,0.005329359964365898
REACTOME_INTRINSIC_PATHWAY_OF_FIBRIN_CLOT_FORMATION,0.4975550772796613,0.497565753080872,-1.0675801210668912e-05
REACTOME_INWARDLY_RECTIFYING_K_CHANNELS,0.486365934273855,0.48709041056832053,-0.000724476294465537
REACTOME_IONOTROPIC_ACTIVITY_OF_KAINATE_RECEPTORS,0.5005575231878403,0.5005923427240966,-3.481953625628087e-05
REACTOME_ION_CHANNEL_TRANSPORT,0.5030559070357801,0.5121982525848578,-0.00914234554907778
REACTOME_ION_HOMEOSTASIS,0.49183769300206165,0.4917604987471537,7.719425490793075e-05
REACTOME_ION_TRANSPORT_BY_P_TYPE_ATPASES,0.4917184525146932,0.49237016911783066,-0.0006517166031374533
REACTOME_IRAK1_RECRUITS_IKK_COMPLEX,0.5444776051254357,0.5438040441905903,0.0006735609348454963
REACTOME_IRAK2_MEDIATED_ACTIVATION_OF_TAK1_COMPLEX,0.5242248711348673,0.5494787252633474,-0.025253854128480135
REACTOME_IRAK4_DEFICIENCY_TLR2_4,0.4464809767077011,0.44374649340990996,0.002734483297791135
REACTOME_IRE1ALPHA_ACTIVATES_CHAPERONES,0.4946101985764722,0.49252710339562744,0.002083095180844763
REACTOME_IRF3_MEDIATED_ACTIVATION_OF_TYPE_1_IFN,0.4995939910678035,0.4995939910678035,0.0
REACTOME_IRF3_MEDIATED_INDUCTION_OF_TYPE_I_IFN,0.4995939910678035,0.4995939910678035,0.0
REACTOME_IRON_UPTAKE_AND_TRANSPORT,0.453833647366132,0.47207079008812625,-0.018237142721994226
REACTOME_IRS_ACTIVATION,0.49734673491295767,0.49734673491295767,0.0
REACTOME_IRS_MEDIATED_SIGNALLING,0.47555512523864524,0.472688918978224,0.0028662062604212224
REACTOME_JNK_C_JUN_KINASES_PHOSPHORYLATION_AND_ACTIVATION_MEDIATED_BY_ACTIVATED_HUMAN_TAK1,0.5328985490107967,0.5509421312446867,-0.01804358223389002
REACTOME_JOSEPHIN_DOMAIN_DUBS,0.5439288689432074,0.5340751044257601,0.009853764517447239
REACTOME_KERATAN_SULFATE_BIOSYNTHESIS,0.49368444236841175,0.49375276749616004,-6.832512774829214e-05
REACTOME_KERATAN_SULFATE_DEGRADATION,,,
REACTOME_KERATAN_SULFATE_KERATIN_METABOLISM,0.49366867503123907,0.49375276749616004,-8.409246492097067e-05
REACTOME_KERATINIZATION,0.4903549884569952,0.4901997787317016,0.00015520972529359245
REACTOME_KETONE_BODY_METABOLISM,0.4932301459661239,0.49315377292669377,7.637303943014428e-05
REACTOME_KILLING_MECHANISMS,0.4689535382561588,0.4706693858753566,-0.0017158476191977967
REACTOME_KINESINS,0.4836604398824283,0.48786703404562287,-0.004206594163194577
REACTOME_KSRP_KHSRP_BINDS_AND_DESTABILIZES_MRNA,0.484800861816371,0.48514265169820786,-0.00034178988183686254
REACTOME_L1CAM_INTERACTIONS,0.4075195580678179,0.42197697443194887,-0.014457416364130948
REACTOME_LAGGING_STRAND_SYNTHESIS,0.49511319305659024,0.49474298911922343,0.0003702039373668087
REACTOME_LAMININ_INTERACTIONS,0.4977628447955305,0.4977628447955305,0.0
REACTOME_LATE_ENDOSOMAL_MICROAUTOPHAGY,0.529275099958348,0.5134732717356028,0.01580182822274523
REACTOME_LDL_CLEARANCE,0.4865742766405585,0.48660893193371935,-3.46552931608235e-05
REACTOME_LDL_REMODELING,,,
REACTOME_LECTIN_PATHWAY_OF_COMPLEMENT_ACTIVATION,0.5236709612951291,0.5236709612951291,0.0
REACTOME_LEISHMANIA_INFECTION,0.4672853211346702,0.4695646868146957,-0.0022793656800255135
REACTOME_LEUKOTRIENE_RECEPTORS,0.498989987083923,0.49899047981320965,-4.927292866496735e-07
REACTOME_LGI_ADAM_INTERACTIONS,0.4997911649040098,0.49979132914710533,-1.6424309551288374e-07
REACTOME_LIGAND_RECEPTOR_INTERACTIONS,,,
REACTOME_LINOLEIC_ACID_LA_METABOLISM,0.49832439193921163,0.49832439193921163,0.0
REACTOME_LIPID_PARTICLE_ORGANIZATION,0.4971520247231847,0.49715054653532476,1.4781878599490206e-06
REACTOME_LIPOPHAGY,0.4604788408904867,0.46104515108393873,-0.0005663101934520465
REACTOME_LISTERIA_MONOCYTOGENES_ENTRY_INTO_HOST_CELLS,0.5362289062592387,0.5515775877813649,-0.015348681522126206
REACTOME_LONG_TERM_POTENTIATION,0.49856829293610155,0.4985730559858725,-4.76304977092834e-06
REACTOME_LOSS_OF_FUNCTION_OF_MECP2_IN_RETT_SYNDROME,0.49575250930601383,0.495690589658992,6.191964702184638e-05
REACTOME_LOSS_OF_FUNCTION_OF_SMAD2_3_IN_CANCER,0.5009887434352035,0.5009902216230635,-1.4781878600045317e-06
REACTOME_LOSS_OF_MECP2_BINDING_ABILITY_TO_THE_NCOR_SMRT_COMPLEX,0.4957610499469824,0.495690589658992,7.046028799040371e-05
REACTOME_LRR_FLII_INTERACTING_PROTEIN_1_LRRFIP1_ACTIVATES_TYPE_I_IFN_PRODUCTION,,,
REACTOME_LTC4_CYSLTR_MEDIATED_IL4_PRODUCTION,0.4994349216297645,0.4994352501159556,-3.2848619108127863e-07
REACTOME_LYSINE_CATABOLISM,0.5006067961165048,0.5006067961165048,0.0
REACTOME_LYSOSOME_VESICLE_BIOGENESIS,0.5027602694637922,0.502818575762712,-5.8306298919896804e-05
REACTOME_LYSOSPHINGOLIPID_AND_LPA_RECEPTORS,0.4625241601593552,0.462041942430824,0.00048221772853118683
REACTOME_MAP2K_AND_MAPK_ACTIVATION,0.3909395460583628,0.4124344505805665,-0.021494904522203706
REACTOME_MAP3K8_TPL2_DEPENDENT_MAPK1_3_ACTIVATION,0.5206600568675294,0.5129299555755276,0.007730101292001801
REACTOME_MAPK1_ERK2_ACTIVATION,0.502623865572939,0.502623865572939,0.0
REACTOME_MAPK3_ERK1_ACTIVATION,0.4817807597754205,0.48250129423559285,-0.0007205344601723396
REACTOME_MAPK6_MAPK4_SIGNALING,0.5416882646337313,0.5387023251566551,0.0029859394770762604
REACTOME_MAPK_FAMILY_SIGNALING_CASCADES,0.47549706530436875,0.4444818918702296,0.031015173434139176
REACTOME_MAPK_TARGETS_NUCLEAR_EVENTS_MEDIATED_BY_MAP_KINASES,0.4514473594309043,0.45522363668376115,-0.003776277252856841
REACTOME_MASTL_FACILITATES_MITOTIC_PROGRESSION,0.48727846891272386,0.4872561318517292,2.233706099463717e-05
REACTOME_MATURATION_OF_PROTEIN_3A,0.4975664100532542,0.49748609517953085,8.031487372334167e-05
REACTOME_MATURATION_OF_SARS_COV_1_NUCLEOPROTEIN,0.49978820852828987,0.49978820852828987,0.0
REACTOME_MATURATION_OF_SARS_COV_1_SPIKE_PROTEIN,0.4985696890024138,0.4985696890024138,0.0
REACTOME_MATURATION_OF_SARS_COV_2_NUCLEOPROTEIN,0.4765301543753703,0.47654312957991873,-1.2975204548459907e-05
REACTOME_MATURATION_OF_SARS_COV_2_SPIKE_PROTEIN,0.47578128798121583,0.47731712516769215,-0.0015358371864763187
REACTOME_MECP2_REGULATES_NEURONAL_RECEPTORS_AND_CHANNELS,0.49399223392947006,0.49471391809131127,-0.0007216841618412073
REACTOME_MECP2_REGULATES_TRANSCRIPTION_FACTORS,0.49911325152713226,0.49911325152713226,0.0
REACTOME_MECP2_REGULATES_TRANSCRIPTION_OF_NEURONAL_LIGANDS,,,
REACTOME_MEIOSIS,0.48345431479751455,0.4865020096785171,-0.0030476948810025384
REACTOME_MEIOTIC_RECOMBINATION,0.4918034483166397,0.4909354235566646,0.0008680247599751056
REACTOME_MEIOTIC_SYNAPSIS,0.518231804821389,0.4934329040675789,0.024798900753810083
REACTOME_MELANIN_BIOSYNTHESIS,,,
REACTOME_MEMBRANE_TRAFFICKING,0.41388956228558066,0.4608434605626049,-0.04695389827702423
REACTOME_METABOLIC_DISORDERS_OF_BIOLOGICAL_OXIDATION_ENZYMES,0.4634030249636366,0.46334652533876786,5.649962486875548e-05
REACTOME_METABOLISM_OF_AMINE_DERIVED_HORMONES,,,
REACTOME_METABOLISM_OF_AMINO_ACIDS_AND_DERIVATIVES,0.6065715140716914,0.5244754239771269,0.08209609009456453
REACTOME_METABOLISM_OF_ANGIOTENSINOGEN_TO_ANGIOTENSINS,0.4909042994900581,0.491709419144438,-0.0008051196543799044
REACTOME_METABOLISM_OF_CARBOHYDRATES,0.5319973471455207,0.5005809278289559,0.0314164193165648
REACTOME_METABOLISM_OF_COFACTORS,0.47720971018320335,0.47811600358444134,-0.0009062934012379897
REACTOME_METABOLISM_OF_FAT_SOLUBLE_VITAMINS,0.496171000713472,0.49612829750862936,4.2703204842620135e-05
REACTOME_METABOLISM_OF_FOLATE_AND_PTERINES,0.49757026976599955,0.49757026976599955,0.0
REACTOME_METABOLISM_OF_INGESTED_SEMET_SEC_MESEC_INTO_H2SE,0.49979288945651307,0.49979288945651307,0.0
REACTOME_METABOLISM_OF_LIPIDS,0.3618388722674876,0.4121511312407449,-0.05031225897325725
REACTOME_METABOLISM_OF_NITRIC_OXIDE_NOS3_ACTIVATION_AND_REGULATION,0.5018198134986802,0.5017882788243349,3.153467434535706e-05
REACTOME_METABOLISM_OF_NUCLEOTIDES,0.5948894775361433,0.5285906168576485,0.06629886067849478
REACTOME_METABOLISM_OF_POLYAMINES,0.6964051785191053,0.628085388671431,0.06831978984767428
REACTOME_METABOLISM_OF_PORPHYRINS,0.5016264993752193,0.501636025474761,-9.526099541745658e-06
REACTOME_METABOLISM_OF_RNA,0.47870407598805365,0.45987376932648516,0.018830306661568486
REACTOME_METABOLISM_OF_STEROIDS,0.4539303044278624,0.4521556577804582,0.0017746466474042322
REACTOME_METABOLISM_OF_STEROID_HORMONES,0.49774527078430675,0.4977155427840124,2.9728000294326762e-05
REACTOME_METABOLISM_OF_VITAMINS_AND_COFACTORS,0.4884454161065977,0.4989635439455396,-0.010518127838941904
REACTOME_METABOLISM_OF_WATER_SOLUBLE_VITAMINS_AND_COFACTORS,0.5404222788532417,0.5274030571552834,0.013019221697958328
REACTOME_METALLOPROTEASE_DUBS,0.5608647957407167,0.551513450852553,0.009351344888163693
REACTOME_METALLOTHIONEINS_BIND_METALS,0.5030107401845041,0.5030097547259308,9.85458573299347e-07
REACTOME_METAL_ION_SLC_TRANSPORTERS,0.487738103215617,0.48832133044791065,-0.0005832272322936483
REACTOME_METAL_SEQUESTRATION_BY_ANTIMICROBIAL_PROTEINS,0.4596617314901316,0.4578348555383429,0.001826875951788709
REACTOME_METHIONINE_SALVAGE_PATHWAY,0.49415401337858555,0.4941548345940633,-8.212154777309522e-07
REACTOME_METHYLATION,,,
REACTOME_MET_ACTIVATES_PI3K_AKT_SIGNALING,0.49726141062482015,0.49726141062482015,0.0
REACTOME_MET_ACTIVATES_PTK2_SIGNALING,0.4995939910678035,0.4995939910678035,0.0
REACTOME_MET_ACTIVATES_PTPN11,,,
REACTOME_MET_ACTIVATES_RAP1_AND_RAC1,0.49713477919815213,0.49713477919815213,0.0
REACTOME_MET_ACTIVATES_RAS_SIGNALING,0.4882340352426265,0.4882340352426265,0.0
REACTOME_MET_INTERACTS_WITH_TNS_PROTEINS,0.5002022653721683,0.5002022653721683,0.0
REACTOME_MET_PROMOTES_CELL_MOTILITY,0.4969240553065631,0.4969303786657417,-6.323359178606047e-06
REACTOME_MET_RECEPTOR_ACTIVATION,0.4978911186531541,0.4978911186531541,0.0
REACTOME_MET_RECEPTOR_RECYCLING,0.49713477919815213,0.49713477919815213,0.0
REACTOME_MHC_CLASS_II_ANTIGEN_PRESENTATION,0.4946494526763084,0.4927701831770396,0.0018792694992688097
REACTOME_MICRORNA_MIRNA_BIOGENESIS,0.48414610671596586,0.48319021189987216,0.0009558948160937053
REACTOME_MINERALOCORTICOID_BIOSYNTHESIS,,,
REACTOME_MIRO_GTPASE_CYCLE,0.5031339225061656,0.5032199858882332,-8.606338206762487e-05
REACTOME_MISCELLANEOUS_SUBSTRATES,,,
REACTOME_MISCELLANEOUS_TRANSPORT_AND_BINDING_EVENTS,0.48298696106913064,0.4837815691653955,-0.0007946080962648594
REACTOME_MISMATCH_REPAIR,0.4993596161704554,0.49960384565353644,-0.00024422948308105985
REACTOME_MITOCHONDRIAL_BIOGENESIS,0.5301798330501782,0.5231061292895369,0.0070737037606413145
REACTOME_MITOCHONDRIAL_CALCIUM_ION_TRANSPORT,0.47954229062618664,0.4796810760419254,-0.00013878541573875136
REACTOME_MITOCHONDRIAL_FATTY_ACID_BETA_OXIDATION,0.4979702017036608,0.4979496713167172,2.053038694360687e-05
REACTOME_MITOCHONDRIAL_FATTY_ACID_BETA_OXIDATION_OF_SATURATED_FATTY_ACIDS,0.4976222527057408,0.49763424245171584,-1.1989745975049537e-05
REACTOME_MITOCHONDRIAL_FATTY_ACID_BETA_OXIDATION_OF_UNSATURATED_FATTY_ACIDS,0.4982432558500106,0.4982432558500106,0.0
REACTOME_MITOCHONDRIAL_IRON_SULFUR_CLUSTER_BIOGENESIS,0.4724252266883205,0.4729879235336705,-0.0005626968453499859
REACTOME_MITOCHONDRIAL_PROTEIN_IMPORT,0.4943736885188821,0.48563546310640193,0.00873822541248015
REACTOME_MITOCHONDRIAL_TRANSLATION,0.4769143189758589,0.4732278826962672,0.0036864362795916983
REACTOME_MITOCHONDRIAL_TRNA_AMINOACYLATION,0.4900857119018431,0.49024781983714966,-0.00016210793530657686
REACTOME_MITOCHONDRIAL_UNCOUPLING,,,
REACTOME_MITOPHAGY,0.5293905628545186,0.5384414249993759,-0.009050862144857286
REACTOME_MITOTIC_G1_PHASE_AND_G1_S_TRANSITION,0.5326591646990344,0.5037003969427134,0.028958767756321002
REACTOME_MITOTIC_G2_G2_M_PHASES,0.45931731371876594,0.49709823510939244,-0.0377809213906265
REACTOME_MITOTIC_METAPHASE_AND_ANAPHASE,0.4807861035887773,0.4834634302893175,-0.0026773267005401613
REACTOME_MITOTIC_PROMETAPHASE,0.4908401625612463,0.47729519871443643,0.013544963846809865
REACTOME_MITOTIC_PROPHASE,0.47403382356612495,0.4890525407092937,-0.01501871714316877
REACTOME_MITOTIC_SPINDLE_CHECKPOINT,0.4911289840447688,0.4887320203083304,0.0023969637364383845
REACTOME_MITOTIC_TELOPHASE_CYTOKINESIS,0.48320983894979025,0.48356378282069784,-0.0003539438709075915
REACTOME_MODULATION_BY_MTB_OF_HOST_IMMUNE_SYSTEM,0.6238705002319114,0.6572515954574303,-0.03338109522551891
REACTOME_MOLECULES_ASSOCIATED_WITH_ELASTIC_FIBRES,0.4960883043148633,0.4960626823919576,2.5621922905672e-05
REACTOME_MOLYBDENUM_COFACTOR_BIOSYNTHESIS,0.49649250657300864,0.4965884245408091,-9.591796780045181e-05
REACTOME_MRNA_CAPPING,0.4908978118877839,0.4911757112054524,-0.000277899317668473
REACTOME_MRNA_DECAY_BY_3_TO_5_EXORIBONUCLEASE,0.4755765589626144,0.47470048629095735,0.0008760726716570688
REACTOME_MRNA_DECAY_BY_5_TO_3_EXORIBONUCLEASE,0.5059056889866463,0.5055977331824925,0.000307955804153881
REACTOME_MRNA_EDITING,0.6490838684373386,0.6399491601922038,0.009134708245134737
REACTOME_MRNA_EDITING_C_TO_U_CONVERSION,0.6486160219796681,0.641977151814492,0.0066388701651760584
REACTOME_MRNA_SPLICING,0.44465984926425667,0.4344046746212883,0.010255174642968379
REACTOME_MRNA_SPLICING_MINOR_PATHWAY,0.46410368600924756,0.4576678203101698,0.006435865699077781
REACTOME_MTORC1_MEDIATED_SIGNALLING,0.48315251810944365,0.4831267319434426,2.5786166001073862e-05
REACTOME_MTOR_SIGNALLING,0.48276843563050287,0.4832900717019657,-0.0005216360714628276
REACTOME_MUCOPOLYSACCHARIDOSES,0.4934989297919894,0.4934989297919894,0.0
REACTOME_MULTIFUNCTIONAL_ANION_EXCHANGERS,0.4999947442209424,0.4999947442209424,0.0
REACTOME_MUSCARINIC_ACETYLCHOLINE_RECEPTORS,,,
REACTOME_MUSCLE_CONTRACTION,0.5422151564842517,0.5305763158828328,0.011638840601418843
REACTOME_MYD88_INDEPENDENT_TLR4_CASCADE,0.48305676438473877,0.4585235268379788,0.024533237546759956
REACTOME_MYOCLONIC_EPILEPSY_OF_LAFORA,0.5426755298810748,0.5444928797333218,-0.0018173498522470188
REACTOME_MYOGENESIS,0.4932115043747791,0.4931715933025608,3.9911072218346e-05
REACTOME_M_PHASE,0.4821137626516456,0.4751423823395312,0.006971380312114417
REACTOME_NADE_MODULATES_DEATH_SIGNALLING,0.5130695622067439,0.5129600120620129,0.00010955014473101876
REACTOME_NA_CL_DEPENDENT_NEUROTRANSMITTER_TRANSPORTERS,,,
REACTOME_NCAM1_INTERACTIONS,0.5000875415699275,0.5000847494373031,2.7921326244406686e-06
REACTOME_NCAM_SIGNALING_FOR_NEURITE_OUT_GROWTH,0.47473538794876136,0.474761009871667,-2.562192290561649e-05
REACTOME_NECTIN_NECL_TRANS_HETERODIMERIZATION,0.49937965382811234,0.49937965382811234,0.0
REACTOME_NEDDYLATION,0.5027976347680296,0.47851018701375836,0.024287447754271274
REACTOME_NEF_AND_SIGNAL_TRANSDUCTION,0.4691688609544231,0.4676650511715788,0.001503809782844312
REACTOME_NEF_MEDIATED_CD4_DOWN_REGULATION,0.47772797927120736,0.48593701342982937,-0.008209034158622008
REACTOME_NEF_MEDIATED_CD8_DOWN_REGULATION,0.5120883739539357,0.5133015555792065,-0.0012131816252708427
REACTOME_NEF_MEDIATED_DOWNREGULATION_OF_MHC_CLASS_I_COMPLEX_CELL_SURFACE_EXPRESSION,0.763357398231693,0.7633633109831328,-5.912751439796082e-06
REACTOME_NEF_MEDIATES_DOWN_MODULATION_OF_CELL_SURFACE_RECEPTORS_BY_RECRUITING_THEM_TO_CLATHRIN_ADAPTERS,0.6579111957291538,0.637689585805192,0.020221609923961825
REACTOME_NEGATIVE_EPIGENETIC_REGULATION_OF_RRNA_EXPRESSION,0.49458506938285324,0.4951901409468548,-0.0006050715640015802
REACTOME_NEGATIVE_FEEDBACK_REGULATION_OF_MAPK_PATHWAY,0.4762958615995701,0.4763696067494715,-7.374514990138303e-05
REACTOME_NEGATIVE_REGULATION_OF_ACTIVITY_OF_TFAP2_AP_2_FAMILY_TRANSCRIPTION_FACTORS,0.49938630567348213,0.49938630567348213,0.0
REACTOME_NEGATIVE_REGULATION_OF_FGFR1_SIGNALING,0.5469177647960035,0.5432390479419027,0.0036787168541008164
REACTOME_NEGATIVE_REGULATION_OF_FGFR2_SIGNALING,0.5351436700054003,0.5432390479419027,-0.00809537793650239
REACTOME_NEGATIVE_REGULATION_OF_FGFR3_SIGNALING,0.5539843239819885,0.5444685717551805,0.009515752226808005
REACTOME_NEGATIVE_REGULATION_OF_FGFR4_SIGNALING,0.5526808907757136,0.5444685717551805,0.008212319020533099
REACTOME_NEGATIVE_REGULATION_OF_FLT3,0.5343093150800127,0.54721750844538,-0.012908193365367304
REACTOME_NEGATIVE_REGULATION_OF_MAPK_PATHWAY,0.48738342025077946,0.4646094726219899,0.022773947628789537
REACTOME_NEGATIVE_REGULATION_OF_MET_ACTIVITY,0.5533499350254314,0.5515775877813649,0.0017723472440664967
REACTOME_NEGATIVE_REGULATION_OF_NMDA_RECEPTOR_MEDIATED_NEURONAL_TRANSMISSION,0.49893718292870404,0.4989465447851503,-9.361856446288286e-06
REACTOME_NEGATIVE_REGULATION_OF_NOTCH4_SIGNALING,0.5413823618682718,0.5388783116335355,0.0025040502347363214
REACTOME_NEGATIVE_REGULATION_OF_TCF_DEPENDENT_SIGNALING_BY_DVL_INTERACTING_PROTEINS,0.4972832549565282,0.4972027758397093,8.047911681891007e-05
REACTOME_NEGATIVE_REGULATION_OF_TCF_DEPENDENT_SIGNALING_BY_WNT_LIGAND_ANTAGONISTS,0.4995933340954213,0.4995933340954213,0.0
REACTOME_NEGATIVE_REGULATION_OF_THE_PI3K_AKT_NETWORK,0.44469729669004177,0.4288790441577417,0.01581825253230007
REACTOME_NEGATIVE_REGULATORS_OF_DDX58_IFIH1_SIGNALING,0.919781783338392,0.7080204502363131,0.2117613331020789
REACTOME_NEPHRIN_FAMILY_INTERACTIONS,0.4729545821852741,0.4747681544463233,-0.0018135722610492233
REACTOME_NERVOUS_SYSTEM_DEVELOPMENT,0.40412440691818197,0.4045931567128781,-0.00046874979469613276
REACTOME_NETRIN_1_SIGNALING,0.4868852709419802,0.4852883353239597,0.0015969356180204897
REACTOME_NETRIN_MEDIATED_REPULSION_SIGNALS,,,
REACTOME_NEUREXINS_AND_NEUROLIGINS,0.4956127384317018,0.49557874011092323,3.399832077854992e-05
REACTOME_NEUROFASCIN_INTERACTIONS,,,
REACTOME_NEURONAL_SYSTEM,0.485509160165925,0.4687178494140463,0.016791310751878674
REACTOME_NEUROTOXICITY_OF_CLOSTRIDIUM_TOXINS,0.4995831510234973,0.499585450426835,-2.2994033376799727e-06
REACTOME_NEUROTRANSMITTER_CLEARANCE,0.49897668339318346,0.4989773403655656,-6.569723821625573e-07
REACTOME_NEUROTRANSMITTER_RECEPTORS_AND_POSTSYNAPTIC_SIGNAL_TRANSMISSION,0.45959734819667647,0.46051645255936735,-0.0009191043626908812
REACTOME_NEUROTRANSMITTER_RELEASE_CYCLE,0.4997914933902009,0.49979132914710533,1.642430955683949e-07
REACTOME_NEUTROPHIL_DEGRANULATION,0.4902449455829776,0.492562908390457,-0.0023179628074794234
REACTOME_NF_KB_ACTIVATION_THROUGH_FADD_RIP_1_PATHWAY_MEDIATED_BY_CASPASE_8_AND_10,0.5104545657609644,0.51061634521008,-0.0001617794491156621
REACTOME_NF_KB_IS_ACTIVATED_AND_SIGNALS_SURVIVAL,0.5299202468376634,0.5400895223416599,-0.010169275503996489
REACTOME_NGF_INDEPENDANT_TRKA_ACTIVATION,,,
REACTOME_NGF_STIMULATED_TRANSCRIPTION,0.4349167024716616,0.4220405365099262,0.012876165961735409
REACTOME_NICOTINAMIDE_SALVAGING,0.49978820852828987,0.49978820852828987,0.0
REACTOME_NICOTINATE_METABOLISM,0.5878693991461987,0.5859980133155163,0.0018713858306824704
REACTOME_NITRIC_OXIDE_STIMULATES_GUANYLATE_CYCLASE,0.4993844168778833,0.4993812962590679,3.120618815410925e-06
REACTOME_NOD1_2_SIGNALING_PATHWAY,0.5285283687244355,0.540399202698317,-0.011870833973881445
REACTOME_NONCANONICAL_ACTIVATION_OF_NOTCH3,,,
REACTOME_NONHOMOLOGOUS_END_JOINING_NHEJ,0.5027492651763905,0.501969110472534,0.000780154703856506
REACTOME_NONSENSE_MEDIATED_DECAY_NMD,0.4047128078079854,0.4331522388961813,-0.02843943108819591
REACTOME_NON_INTEGRIN_MEMBRANE_ECM_INTERACTIONS,0.4655795744658487,0.4657027567875102,-0.0001231823216615302
REACTOME_NOREPINEPHRINE_NEUROTRANSMITTER_RELEASE_CYCLE,0.4995885710456504,0.4995885710456504,0.0
REACTOME_NOSTRIN_MEDIATED_ENOS_TRAFFICKING,0.5028190684919988,0.5028151266577057,3.941834293086366e-06
REACTOME_NOTCH1_INTRACELLULAR_DOMAIN_REGULATES_TRANSCRIPTION,0.5452412533981897,0.5378375031370431,0.007403750261146591
REACTOME_NOTCH2_ACTIVATION_AND_TRANSMISSION_OF_SIGNAL_TO_THE_NUCLEUS,0.5425288607967498,0.5451398332866884,-0.002610972489938579
REACTOME_NOTCH2_INTRACELLULAR_DOMAIN_REGULATES_TRANSCRIPTION,0.5070645061472907,0.5068608447088102,0.00020366143848049578
REACTOME_NOTCH3_ACTIVATION_AND_TRANSMISSION_OF_SIGNAL_TO_THE_NUCLEUS,0.5474755343484871,0.5451372053971595,0.002338328951327573
REACTOME_NOTCH3_INTRACELLULAR_DOMAIN_REGULATES_TRANSCRIPTION,0.5001971738362062,0.500189947140002,7.226696204232219e-06
REACTOME_NOTCH4_ACTIVATION_AND_TRANSMISSION_OF_SIGNAL_TO_THE_NUCLEUS,,,
REACTOME_NOTCH4_INTRACELLULAR_DOMAIN_REGULATES_TRANSCRIPTION,0.5095296307683818,0.5093226844679902,0.0002069463003915306
REACTOME_NOTCH_HLH_TRANSCRIPTION_PATHWAY,0.4953202214785295,0.4957554656817337,-0.000435244203204177
REACTOME_NR1H2_AND_NR1H3_MEDIATED_SIGNALING,0.48054392714439076,0.4807126048035193,-0.0001686776591285355
REACTOME_NR1H2_NR1H3_REGULATE_GENE_EXPRESSION_LINKED_TO_GLUCONEOGENESIS,0.49608682612700317,0.49608682612700317,0.0
REACTOME_NR1H2_NR1H3_REGULATE_GENE_EXPRESSION_LINKED_TO_LIPOGENESIS,0.49608682612700317,0.49608682612700317,0.0
REACTOME_NR1H2_NR1H3_REGULATE_GENE_EXPRESSION_LINKED_TO_TRIGLYCERIDE_LIPOLYSIS_IN_ADIPOSE,0.49608682612700317,0.49608682612700317,0.0
REACTOME_NR1H2_NR1H3_REGULATE_GENE_EXPRESSION_TO_CONTROL_BILE_ACID_HOMEOSTASIS,0.4934044900120489,0.4934023548518068,2.135160242111578e-06
REACTOME_NR1H2_NR1H3_REGULATE_GENE_EXPRESSION_TO_LIMIT_CHOLESTEROL_UPTAKE,0.4974471695658858,0.49735782132190726,8.934824397854868e-05
REACTOME_NR1H3_NR1H2_REGULATE_GENE_EXPRESSION_LINKED_TO_CHOLESTEROL_TRANSPORT_AND_EFFLUX,0.48044070035883835,0.47973314110321436,0.0007075592556239907
REACTOME_NRAGE_SIGNALS_DEATH_THROUGH_JNK,0.4561360892010821,0.4551841362192816,0.0009519529818005079
REACTOME_NRCAM_INTERACTIONS,0.49876456343528225,0.49876456343528225,0.0
REACTOME_NRIF_SIGNALS_CELL_DEATH_FROM_THE_NUCLEUS,0.5616733645001032,0.553683512752491,0.007989851747612242
REACTOME_NS1_MEDIATED_EFFECTS_ON_HOST_PATHWAYS,0.9338180804055359,0.8234022103178827,0.11041587008765319
REACTOME_NTRK2_ACTIVATES_RAC1,0.4813995515506519,0.4813995515506519,0.0
REACTOME_NUCLEAR_ENVELOPE_BREAKDOWN,0.5129100000394183,0.5063742745382469,0.00653572550117143
REACTOME_NUCLEAR_ENVELOPE_NE_REASSEMBLY,0.47207267888372517,0.47861431713633623,-0.0065416382526110595
REACTOME_NUCLEAR_EVENTS_KINASE_AND_TRANSCRIPTION_FACTOR_ACTIVATION,0.4124183547572027,0.4301888007231952,-0.017770445965992532
REACTOME_NUCLEAR_EVENTS_STIMULATED_BY_ALK_SIGNALING_IN_CANCER,0.4736908018610714,0.4756966206654604,-0.002005818804389048
REACTOME_NUCLEAR_IMPORT_OF_REV_PROTEIN,0.510329166157513,0.5089285010386734,0.001400665118839628
REACTOME_NUCLEAR_PORE_COMPLEX_NPC_DISASSEMBLY,0.5094882415083035,0.5089285010386734,0.0005597404696301433
REACTOME_NUCLEAR_RECEPTOR_TRANSCRIPTION_PATHWAY,0.4943669545519646,0.49311000214173006,0.0012569524102345464
REACTOME_NUCLEAR_SIGNALING_BY_ERBB4,0.4809313766067902,0.48101530482861565,-8.392822182545778e-05
REACTOME_NUCLEOTIDE_BINDING_DOMAIN_LEUCINE_RICH_REPEAT_CONTAINING_RECEPTOR_NLR_SIGNALING_PATHWAYS,0.5461734972085244,0.5618989523918393,-0.015725455183314918
REACTOME_NUCLEOTIDE_BIOSYNTHESIS,0.5072459126463241,0.507165926258792,7.998638753214937e-05
REACTOME_NUCLEOTIDE_CATABOLISM,0.5907120365224087,0.5608966589012532,0.029815377621155492
REACTOME_NUCLEOTIDE_EXCISION_REPAIR,0.4513176895069685,0.45344923640100016,-0.002131546894031666
REACTOME_NUCLEOTIDE_LIKE_PURINERGIC_RECEPTORS,0.49967447018462235,0.4997606978097855,-8.622762516313776e-05
REACTOME_NUCLEOTIDE_SALVAGE,0.5697674284918411,0.5631816088465273,0.006585819645313795
REACTOME_N_GLYCAN_ANTENNAE_ELONGATION,0.5011448564975226,0.5011517547075357,-6.898210013095429e-06
REACTOME_N_GLYCAN_ANTENNAE_ELONGATION_IN_THE_MEDIAL_TRANS_GOLGI,0.4796857569701485,0.48139733426886194,-0.0017115772987134625
REACTOME_N_GLYCAN_TRIMMING_AND_ELONGATION_IN_THE_CIS_GOLGI,0.49939041175087084,0.4993592055627166,3.120618815422027e-05
REACTOME_N_GLYCAN_TRIMMING_IN_THE_ER_AND_CALNEXIN_CALRETICULIN_CYCLE,0.5414171814045281,0.52726813145229,0.01414904995223809
REACTOME_OAS_ANTIVIRAL_RESPONSE,0.7245527496265113,0.7248961819393037,-0.00034343231279243547
REACTOME_OLFACTORY_SIGNALING_PATHWAY,0.49958955650422365,0.49958955650422365,0.0
REACTOME_ONCOGENE_INDUCED_SENESCENCE,0.5537102022555176,0.5334944229614476,0.020215779294070035
REACTOME_ONCOGENIC_MAPK_SIGNALING,0.3978012941041984,0.42928858431649247,-0.03148729021229407
REACTOME_OPIOID_SIGNALLING,0.5050571270334938,0.49893660807786966,0.006120518955624155
REACTOME_OPSINS,,,
REACTOME_ORC1_REMOVAL_FROM_CHROMATIN,0.533446217612904,0.5154207021195243,0.018025515493379718
REACTOME_OREXIN_AND_NEUROPEPTIDES_FF_AND_QRFP_BIND_TO_THEIR_RESPECTIVE_RECEPTORS,,,
REACTOME_ORGANELLE_BIOGENESIS_AND_MAINTENANCE,0.5037444140923204,0.4843606903203003,0.01938372377202008
REACTOME_ORGANIC_ANION_TRANSPORT,,,
REACTOME_ORGANIC_ANION_TRANSPORTERS,,,
REACTOME_ORGANIC_CATION_ANION_ZWITTERION_TRANSPORT,,,
REACTOME_ORGANIC_CATION_TRANSPORT,,,
REACTOME_OTHER_INTERLEUKIN_SIGNALING,0.49965615707946875,0.5039535776745019,-0.00429742059503313
REACTOME_OTHER_SEMAPHORIN_INTERACTIONS,0.5019527682845268,0.49852673943292763,0.0034260288515992054
REACTOME_OVARIAN_TUMOR_DOMAIN_PROTEASES,0.545410752272796,0.5410335095333263,0.004377242739469711
REACTOME_OXIDATIVE_STRESS_INDUCED_SENESCENCE,0.5519161749228386,0.5131357521742501,0.038780422748588506
REACTOME_O_GLYCOSYLATION_OF_TSR_DOMAIN_CONTAINING_PROTEINS,0.4554261484205727,0.45399690500310746,0.0014292434174652535
REACTOME_O_LINKED_GLYCOSYLATION,0.45816260263551034,0.45990472914999597,-0.0017421265144856313
REACTOME_O_LINKED_GLYCOSYLATION_OF_MUCINS,0.4929756512895711,0.4942041896442758,-0.0012285383547047113
REACTOME_P130CAS_LINKAGE_TO_MAPK_SIGNALING_FOR_INTEGRINS,0.5004037095288588,0.5004023955840944,1.3139447644361368e-06
REACTOME_P2Y_RECEPTORS,0.5006329928902449,0.5006124625033013,2.053038694360687e-05
REACTOME_P38MAPK_EVENTS,0.4861515149126161,0.4861515149126161,0.0
REACTOME_P75NTR_NEGATIVELY_REGULATES_CELL_CYCLE_VIA_SC1,,,
REACTOME_P75NTR_RECRUITS_SIGNALLING_COMPLEXES,0.5523161068604998,0.5426175520683462,0.009698554792153646
REACTOME_P75NTR_REGULATES_AXONOGENESIS,0.5002022653721683,0.5002022653721683,0.0
REACTOME_P75NTR_SIGNALS_VIA_NF_KB,0.5534313174792759,0.5391087446965904,0.01432257278268545
REACTOME_P75_NTR_RECEPTOR_MEDIATED_SIGNALLING,0.5239228280821531,0.4953604610369389,0.028562367045214143
REACTOME_PARASITE_INFECTION,0.4205046172019021,0.42771784547221203,-0.007213228270309957
REACTOME_PASSIVE_TRANSPORT_BY_AQUAPORINS,0.491104511823532,0.4912222741230405,-0.00011776229950849482
REACTOME_PCNA_DEPENDENT_LONG_PATCH_BASE_EXCISION_REPAIR,0.49880792361250714,0.4986032767154534,0.00020464689705373962
REACTOME_PCP_CE_PATHWAY,0.5178995410390937,0.5284431265578458,-0.010543585518752008
REACTOME_PD_1_SIGNALING,0.45250065040265836,0.4467785851968355,0.005722065205822857
REACTOME_PECAM1_INTERACTIONS,0.4553029660989111,0.4583454052008561,-0.003042439101945016
REACTOME_PENTOSE_PHOSPHATE_PATHWAY,0.5065775253689886,0.5072611051326623,-0.0006835797636737251
REACTOME_PEPTIDE_HORMONE_BIOSYNTHESIS,,,
REACTOME_PEPTIDE_HORMONE_METABOLISM,0.4886168858983507,0.48595729745212973,0.0026595884462209396
REACTOME_PEPTIDE_LIGAND_BINDING_RECEPTORS,0.6034699474553489,0.6001233301404476,0.003346617314901268
REACTOME_PERK_REGULATES_GENE_EXPRESSION,0.5937890487959667,0.5547322049175696,0.03905684387839714
REACTOME_PEROXISOMAL_LIPID_METABOLISM,0.4939323673211426,0.4940698387921169,-0.00013747147097431522
REACTOME_PEROXISOMAL_PROTEIN_IMPORT,0.5397808274435759,0.5223007632705137,0.01748006417306225
REACTOME_PEXOPHAGY,0.5582266410184649,0.5482114255380932,0.010015215480371653
REACTOME_PHASE_0_RAPID_DEPOLARISATION,0.4945620753494765,0.4946890352623357,-0.0001269599128592147
REACTOME_PHASE_1_INACTIVATION_OF_FAST_NA_CHANNELS,0.5004045307443366,0.5004045307443366,0.0
REACTOME_PHASE_2_PLATEAU_PHASE,0.5002022653721683,0.5002022653721683,0.0
REACTOME_PHASE_3_RAPID_REPOLARISATION,,,
REACTOME_PHASE_4_RESTING_MEMBRANE_POTENTIAL,0.4991814124117851,0.4991814124117851,0.0
REACTOME_PHASE_II_CONJUGATION_OF_COMPOUNDS,0.464819457419649,0.46530923033057536,-0.0004897729109263893
REACTOME_PHASE_I_FUNCTIONALIZATION_OF_COMPOUNDS,0.5110625937006861,0.49797866022308157,0.013083933477604504
REACTOME_PHENYLALANINE_AND_TYROSINE_METABOLISM,0.5735115140979703,0.5706180434836878,0.0028934706142824673
REACTOME_PHENYLALANINE_METABOLISM,0.57432402469165,0.5717189649531513,0.002605059738498672
REACTOME_PHOSPHATE_BOND_HYDROLYSIS_BY_NTPDASE_PROTEINS,0.4993757941153669,0.4993757941153669,0.0
REACTOME_PHOSPHATE_BOND_HYDROLYSIS_BY_NUDT_PROTEINS,0.4911315298127496,0.4910126178115724,0.00011891200117719603
REACTOME_PHOSPHOLIPASE_C_MEDIATED_CASCADE_FGFR2,0.4993763689662014,0.4993824459607367,-6.076994535308966e-06
REACTOME_PHOSPHOLIPASE_C_MEDIATED_CASCADE_FGFR4,0.5004004246669479,0.5004004246669479,0.0
REACTOME_PHOSPHOLIPID_METABOLISM,0.47169779401813505,0.47744909449496564,-0.00575130047683059
REACTOME_PHOSPHORYLATION_OF_EMI1,,,
REACTOME_PHOSPHORYLATION_OF_THE_APC_C,0.49568796176946306,0.4961948159623265,-0.0005068541928634485
REACTOME_PHYSIOLOGICAL_FACTORS,0.4997969955339017,0.4997969955339017,0.0
REACTOME_PI3K_AKT_ACTIVATION,0.49148925127485493,0.49149549251248575,-6.24123763082185e-06
REACTOME_PI3K_AKT_SIGNALING_IN_CANCER,0.4918123995653471,0.4862987588477756,0.0055136407175714885
REACTOME_PI3K_EVENTS_IN_ERBB2_SIGNALING,0.49687338631158623,0.4968216497364884,5.173657509782714e-05
REACTOME_PI3K_EVENTS_IN_ERBB4_SIGNALING,0.497042720943097,0.497042720943097,0.0
REACTOME_PI5P_REGULATES_TP53_ACETYLATION,0.4953341000201034,0.4953217817879373,1.2318232166130816e-05
REACTOME_PINK1_PRKN_MEDIATED_MITOPHAGY,0.5387318889138539,0.5370868300688376,0.0016450588450163117
REACTOME_PIWI_INTERACTING_RNA_PIRNA_BIOGENESIS,0.4829054143721906,0.48349668951616614,-0.0005912751439755559
REACTOME_PI_3K_CASCADE_FGFR1,0.49578396185881135,0.4957433938142108,4.056804460056407e-05
REACTOME_PI_3K_CASCADE_FGFR2,0.4958076128645703,0.4957433938142108,6.421905035952635e-05
REACTOME_PI_3K_CASCADE_FGFR3,0.497042720943097,0.497042720943097,0.0
REACTOME_PI_3K_CASCADE_FGFR4,0.497042720943097,0.497042720943097,0.0
REACTOME_PI_METABOLISM,0.47696375614761916,0.4765181646293954,0.00044559151822376464
REACTOME_PKA_ACTIVATION_IN_GLUCAGON_SIGNALLING,0.4966982210501835,0.4967038053154322,-5.5842652486592925e-06
REACTOME_PKA_MEDIATED_PHOSPHORYLATION_OF_CREB,0.49673238361405764,0.4967038053154322,2.857829862545902e-05
REACTOME_PKA_MEDIATED_PHOSPHORYLATION_OF_KEY_METABOLIC_FACTORS,0.49916860145033226,0.49916860145033226,0.0
REACTOME_PKMTS_METHYLATE_HISTONE_LYSINES,0.47426056115953,0.47744145719102266,-0.0031808960314926304
REACTOME_PLASMA_LIPOPROTEIN_ASSEMBLY,0.4985526898420244,0.4985526898420244,0.0
REACTOME_PLASMA_LIPOPROTEIN_ASSEMBLY_REMODELING_AND_CLEARANCE,0.4811249370948944,0.4810621962323947,6.274086249968835e-05
REACTOME_PLASMA_LIPOPROTEIN_CLEARANCE,0.48738744420662033,0.48711282975086284,0.00027461445575749366
REACTOME_PLASMA_LIPOPROTEIN_REMODELING,0.4914759475841155,0.4914677354293381,8.212154777420544e-06
REACTOME_PLATELET_ACTIVATION_SIGNALING_AND_AGGREGATION,0.4169563093656669,0.41760186685272127,-0.0006455574870543601
REACTOME_PLATELET_ADHESION_TO_EXPOSED_COLLAGEN,0.48408533677061283,0.4776269697674449,0.006458367003167931
REACTOME_PLATELET_AGGREGATION_PLUG_FORMATION,0.49339816665287023,0.4934500674710636,-5.190081819339554e-05
REACTOME_PLATELET_CALCIUM_HOMEOSTASIS,0.49347577151551697,0.4933417491495492,0.0001340223659677675
REACTOME_PLATELET_HOMEOSTASIS,0.4884162629571378,0.4881807383581208,0.00023552459901698963
REACTOME_PLATELET_SENSITIZATION_BY_LDL,0.5003915555397882,0.5003915555397882,0.0
REACTOME_POLB_DEPENDENT_LONG_PATCH_BASE_EXCISION_REPAIR,0.49523243354395874,0.49484202770583935,0.0003904058381193898
REACTOME_POLO_LIKE_KINASE_MEDIATED_EVENTS,0.49889201607742817,0.49897742248711346,-8.540640968529578e-05
REACTOME_POLYMERASE_SWITCHING,0.49850612692443635,0.4986864658433489,-0.00018033891891255927
REACTOME_POLYMERASE_SWITCHING_ON_THE_C_STRAND_OF_THE_TELOMERE,0.49864170959981186,0.4978771579900324,0.0007645516097794514
REACTOME_POSITIVE_EPIGENETIC_REGULATION_OF_RRNA_EXPRESSION,0.3879118067134694,0.40917291118915944,-0.021261104475690018
REACTOME_POSTMITOTIC_NUCLEAR_PORE_COMPLEX_NPC_REFORMATION,0.5154800759985652,0.5140298094648698,0.001450266533695399
REACTOME_POST_CHAPERONIN_TUBULIN_FOLDING_PATHWAY,0.4781996854416234,0.47838987894626883,-0.0001901935046454417
REACTOME_POST_TRANSLATIONAL_MODIFICATION_SYNTHESIS_OF_GPI_ANCHORED_PROTEINS,0.6190429850459946,0.6204559683970006,-0.0014129833510059253
REACTOME_POST_TRANSLATIONAL_PROTEIN_MODIFICATION,0.4269238122267816,0.43088190658641096,-0.003958094359629349
REACTOME_POTASSIUM_CHANNELS,0.48768291753551263,0.48779082524928824,-0.00010790771377561237
REACTOME_POTENTIAL_THERAPEUTICS_FOR_SARS,0.5148729513958692,0.49930911141857415,0.015563839977295046
REACTOME_POU5F1_OCT4_SOX2_NANOG_ACTIVATE_GENES_RELATED_TO_PROLIFERATION,0.49938844083372413,0.4993864699165776,1.970917146543183e-06
REACTOME_POU5F1_OCT4_SOX2_NANOG_REPRESS_GENES_RELATED_TO_DIFFERENTIATION,0.49324451723698437,0.49302180359942027,0.00022271363756409812
REACTOME_PP2A_MEDIATED_DEPHOSPHORYLATION_OF_KEY_METABOLIC_FACTORS,,,
REACTOME_PRC2_METHYLATES_HISTONES_AND_DNA,0.4839085290782546,0.48351336019036434,0.0003951688878902626
REACTOME_PREGNENOLONE_BIOSYNTHESIS,0.4979655207754376,0.4979655207754376,0.0
REACTOME_PRESYNAPTIC_DEPOLARIZATION_AND_CALCIUM_CHANNEL_OPENING,0.5002022653721683,0.5002022653721683,0.0
REACTOME_PRESYNAPTIC_FUNCTION_OF_KAINATE_RECEPTORS,0.49705512129681095,0.4971078433304821,-5.272203367112649e-05
REACTOME_PRESYNAPTIC_NICOTINIC_ACETYLCHOLINE_RECEPTORS,0.5001988983887096,0.5001980771732318,8.212154777309522e-07
REACTOME_PREVENTION_OF_PHAGOSOMAL_LYSOSOMAL_FUSION,0.5601254554461039,0.5515775877813649,0.008547867664739028
REACTOME_PRE_NOTCH_EXPRESSION_AND_PROCESSING,0.4642806579447013,0.4679953440367273,-0.0037146860920260205
REACTOME_PRE_NOTCH_PROCESSING_IN_GOLGI,0.5008075833008133,0.5008079117870045,-3.284861911367898e-07
REACTOME_PRE_NOTCH_PROCESSING_IN_THE_ENDOPLASMIC_RETICULUM,,,
REACTOME_PROCESSING_AND_ACTIVATION_OF_SUMO,0.49743632952157957,0.4974199052120247,1.6424309554841088e-05
REACTOME_PROCESSING_OF_CAPPED_INTRONLESS_PRE_MRNA,0.4890769308089826,0.4868668757152787,0.002210055093703922
REACTOME_PROCESSING_OF_CAPPED_INTRON_CONTAINING_PRE_MRNA,0.4431681113489351,0.4439164028922552,-0.0007482915433201232
REACTOME_PROCESSING_OF_DNA_DOUBLE_STRAND_BREAK_ENDS,0.5436376659347995,0.5340172908561269,0.009620375078672527
REACTOME_PROCESSING_OF_INTRONLESS_PRE_MRNAS,0.48906904714039623,0.4868668757152787,0.0022021714251175273
REACTOME_PROCESSING_OF_SMDT1,0.49052506218243597,0.49052539066862705,-3.2848619108127863e-07
REACTOME_PROCESSIVE_SYNTHESIS_ON_THE_C_STRAND_OF_THE_TELOMERE,0.4933626901442316,0.4942348209815956,-0.0008721308373639824
REACTOME_PROCESSIVE_SYNTHESIS_ON_THE_LAGGING_STRAND,0.4932726028063232,0.49337755414437884,-0.00010495133805565882
REACTOME_PROGRAMMED_CELL_DEATH,0.5189832991050722,0.5629628370432564,-0.04397953793818421
REACTOME_PROLACTIN_RECEPTOR_SIGNALING,0.4971172873084762,0.49711925822562275,-1.970917146543183e-06
REACTOME_PROLONGED_ERK_ACTIVATION_EVENTS,0.47371510983921256,0.4736806187891473,3.44910500652551e-05
REACTOME_PROPIONYL_COA_CATABOLISM,0.5009608221089601,0.5009608221089601,0.0
REACTOME_PROSTACYCLIN_SIGNALLING_THROUGH_PROSTACYCLIN_RECEPTOR,0.496699863481139,0.4970899408330673,-0.0003900773519283085
REACTOME_PROSTANOID_LIGAND_RECEPTORS,0.5049254861924114,0.5046367468304367,0.0002887393619747103
REACTOME_PROTEIN_FOLDING,0.4131733802674403,0.4349033166593743,-0.02172993639193399
REACTOME_PROTEIN_LOCALIZATION,0.4890729068531417,0.4891847564012104,-0.00011184954806869873
REACTOME_PROTEIN_METHYLATION,0.4851716406045723,0.48522370566586126,-5.206506128896393e-05
REACTOME_PROTEIN_PROTEIN_INTERACTIONS_AT_SYNAPSES,0.4934442368411716,0.4934512992942802,-7.062453108608313e-06
REACTOME_PROTEIN_REPAIR,0.5643713858306825,0.5643713858306826,-1.1102230246251565e-16
REACTOME_PROTEIN_UBIQUITINATION,0.5204184552739771,0.494323101645453,0.02609535362852411
REACTOME_PROTON_COUPLED_MONOCARBOXYLATE_TRANSPORT,0.5031400816222488,0.503144023456542,-3.941834293197388e-06
REACTOME_PTEN_REGULATION,0.5121507863302442,0.4869180374395421,0.02523274889070215
REACTOME_PTK6_EXPRESSION,0.5002553980135783,0.49984807513661733,0.00040732287696099156
REACTOME_PTK6_PROMOTES_HIF1A_STABILIZATION,0.4995939910678035,0.4995939910678035,0.0
REACTOME_PTK6_REGULATES_CELL_CYCLE,0.4995985898744788,0.49958906377493695,9.52609954185668e-06
REACTOME_PTK6_REGULATES_PROTEINS_INVOLVED_IN_RNA_PROCESSING,0.49959349833851685,0.4995933340954213,1.642430955683949e-07
REACTOME_PTK6_REGULATES_RHO_GTPASES_RAS_GTPASE_AND_MAP_KINASES,0.49276804801679747,0.4927668983151286,1.149701668867742e-06
REACTOME_PTK6_REGULATES_RTKS_AND_THEIR_EFFECTORS_AKT1_AND_DOK1,0.5543335048031252,0.5511227986497904,0.0032107061533347414
REACTOME_PURINERGIC_SIGNALING_IN_LEISHMANIASIS_INFECTION,0.5572525973403131,0.5263517371006757,0.03090086023963734
REACTOME_PURINE_CATABOLISM,0.4820719627838284,0.48313888593251314,-0.0010669231486847286
REACTOME_PURINE_RIBONUCLEOSIDE_MONOPHOSPHATE_BIOSYNTHESIS,0.5070583470312076,0.5069864085553571,7.193847585040825e-05
REACTOME_PURINE_SALVAGE,0.4960451905022817,0.49679660266441716,-0.0007514121621354786
REACTOME_PYRIMIDINE_CATABOLISM,0.592358902041476,0.5839780696049099,0.008380832436566066
REACTOME_PYRIMIDINE_SALVAGE,0.5997008968986962,0.5975672148444224,0.0021336820542737778
REACTOME_PYROPTOSIS,0.5408576872995413,0.5170825137602866,0.023775173539254735
REACTOME_PYRUVATE_METABOLISM,0.48674262581349603,0.48690867558309575,-0.00016604976959971873
REACTOME_PYRUVATE_METABOLISM_AND_CITRIC_ACID_TCA_CYCLE,0.4787295336678637,0.47740277794202085,0.001326755725842843
REACTOME_RAB_GEFS_EXCHANGE_GTP_FOR_GDP_ON_RABS,0.4883796367468305,0.4869142598483445,0.0014653768984859705
REACTOME_RAB_GERANYLGERANYLATION,0.48518863976496157,0.48540297700465274,-0.0002143372396911647
REACTOME_RAB_REGULATION_OF_TRAFFICKING,0.4616388077527997,0.4672232372445527,-0.005584429491753029
REACTOME_RAC1_GTPASE_CYCLE,0.5083028990877282,0.5077934991268838,0.0005093999608444255
REACTOME_RAC2_GTPASE_CYCLE,0.4839180551777964,0.47898747744942294,0.004930577728373464
REACTOME_RAC3_GTPASE_CYCLE,0.513372754961127,0.5057400498247855,0.007632705136341511
REACTOME_RAF_ACTIVATION,0.4702779945786638,0.46927808261296305,0.0009999119657007616
REACTOME_RAF_INDEPENDENT_MAPK1_3_ACTIVATION,0.4474559237228786,0.44523371464010403,0.0022222090827745955
REACTOME_RAP1_SIGNALLING,0.49324870543592086,0.4932501836237808,-1.4781878599490206e-06
REACTOME_RAS_ACTIVATION_UPON_CA2_INFLUX_THROUGH_NMDA_RECEPTOR,0.4864662868052353,0.4865628617454179,-9.657494018261437e-05
REACTOME_RAS_PROCESSING,0.5138810052203026,0.5247383771731005,-0.0108573719527979
REACTOME_RAS_SIGNALING_DOWNSTREAM_OF_NF1_LOSS_OF_FUNCTION_VARIANTS,0.4882340352426265,0.4882340352426265,0.0
REACTOME_RA_BIOSYNTHESIS_PATHWAY,0.49615498701165595,0.49615400155308265,9.85458573299347e-07
REACTOME_REACTIONS_SPECIFIC_TO_THE_COMPLEX_N_GLYCAN_SYNTHESIS_PATHWAY,0.47816872561811247,0.47826612177377287,-9.739615566040083e-05
REACTOME_RECEPTOR_MEDIATED_MITOPHAGY,0.4935204456375063,0.49369799242379453,-0.00017754678628822962
REACTOME_RECEPTOR_TYPE_TYROSINE_PROTEIN_PHOSPHATASES,,,
REACTOME_RECOGNITION_AND_ASSOCIATION_OF_DNA_GLYCOSYLASE_WITH_SITE_CONTAINING_AN_AFFECTED_PURINE,0.5000245543427846,0.49940158028136816,0.0006229740614164259
REACTOME_RECOGNITION_OF_DNA_DAMAGE_BY_PCNA_CONTAINING_REPLICATION_COMPLEX,0.5472203826995521,0.5276582909257661,0.019562091773785983
REACTOME_RECRUITMENT_OF_MITOTIC_CENTROSOME_PROTEINS_AND_COMPLEXES,0.4726487615413623,0.48148963888856045,-0.008840877347198128
REACTOME_RECRUITMENT_OF_NUMA_TO_MITOTIC_CENTROSOMES,0.48255253808140414,0.4891942003792045,-0.006641662297800388
REACTOME_RECYCLING_OF_BILE_ACIDS_AND_SALTS,,,
REACTOME_RECYCLING_OF_EIF2_GDP,0.4889346141666897,0.4887795686844917,0.00015504548219802405
REACTOME_RECYCLING_PATHWAY_OF_L1,0.4251116360320445,0.42624630945764297,-0.0011346734255984758
REACTOME_REDUCTION_OF_CYTOSOLIC_CA_LEVELS,0.5023910509849987,0.5023910509849987,0.0
REACTOME_REELIN_SIGNALLING_PATHWAY,0.4813995515506519,0.4813995515506519,0.0
REACTOME_REGULATED_NECROSIS,0.7418133850239204,0.6467762529448787,0.09503713207904163
REACTOME_REGULATED_PROTEOLYSIS_OF_P75NTR,,,
REACTOME_REGULATION_BY_C_FLIP,0.8148753657693737,0.7616842538173378,0.05319111195203585
REACTOME_REGULATION_OF_BACH1_ACTIVITY,0.5567794951035848,0.5480004552818608,0.00877903982172401
REACTOME_REGULATION_OF_BETA_CELL_DEVELOPMENT,0.49918256211345396,0.49918256211345396,0.0
REACTOME_REGULATION_OF_CHOLESTEROL_BIOSYNTHESIS_BY_SREBP_SREBF,0.42605784050550083,0.44220490771508947,-0.01614706720958864
REACTOME_REGULATION_OF_COMMISSURAL_AXON_PATHFINDING_BY_SLIT_AND_ROBO,0.4838231226685693,0.4838313348233467,-8.212154777420544e-06
REACTOME_REGULATION_OF_CYTOSKELETAL_REMODELING_AND_CELL_SPREADING_BY_IPP_COMPLEX_COMPONENTS,,,
REACTOME_REGULATION_OF_EXPRESSION_OF_SLITS_AND_ROBOS,0.48370987705418844,0.4469410216183332,0.03676885543585523
REACTOME_REGULATION_OF_FOXO_TRANSCRIPTIONAL_ACTIVITY_BY_ACETYLATION,0.5607690420160116,0.5486725380288463,0.01209650398716533
REACTOME_REGULATION_OF_FZD_BY_UBIQUITINATION,0.5339316380817983,0.5513670281328714,-0.017435390051073085
REACTOME_REGULATION_OF_GENE_EXPRESSION_BY_HYPOXIA_INDUCIBLE_FACTOR,0.5113929686873824,0.5113023064986394,9.066218874298482e-05
REACTOME_REGULATION_OF_GENE_EXPRESSION_IN_BETA_CELLS,,,
REACTOME_REGULATION_OF_GENE_EXPRESSION_IN_EARLY_PANCREATIC_PRECURSOR_CELLS,,,
REACTOME_REGULATION_OF_GENE_EXPRESSION_IN_ENDOCRINE_COMMITTED_NEUROG3_PROGENITOR_CELLS,,,
REACTOME_REGULATION_OF_GENE_EXPRESSION_IN_LATE_STAGE_BRANCHING_MORPHOGENESIS_PANCREATIC_BUD_PRECURSOR_CELLS,0.49918256211345396,0.49918256211345396,0.0
REACTOME_REGULATION_OF_GLUCOKINASE_BY_GLUCOKINASE_REGULATORY_PROTEIN,0.5097032357203768,0.5089285010386734,0.0007747346817034151
REACTOME_REGULATION_OF_GLYCOLYSIS_BY_FRUCTOSE_2_6_BISPHOSPHATE_METABOLISM,0.49916860145033226,0.49916860145033226,0.0
REACTOME_REGULATION_OF_HMOX1_EXPRESSION_AND_ACTIVITY,0.5442324723053292,0.5301187346186341,0.014113737686695105
REACTOME_REGULATION_OF_HSF1_MEDIATED_HEAT_SHOCK_RESPONSE,0.5779461597993343,0.5529070535182842,0.025039106281050105
REACTOME_REGULATION_OF_IFNA_SIGNALING,0.6050491448190504,0.6098148224794928,-0.004765677660442447
REACTOME_REGULATION_OF_IFNG_SIGNALING,0.6108474188212076,0.6101186722062578,0.0007287466149498156
REACTOME_REGULATION_OF_INNATE_IMMUNE_RESPONSES_TO_CYTOSOLIC_DNA,0.5554529036208377,0.5522048321632655,0.0032480714575721104
REACTOME_REGULATION_OF_INSULIN_LIKE_GROWTH_FACTOR_IGF_TRANSPORT_AND_UPTAKE_BY_INSULIN_LIKE_GROWTH_FACTOR_BINDING_PROTEINS_IGFBPS,0.4582773264377512,0.4740251186820608,-0.01574779224430961
REACTOME_REGULATION_OF_INSULIN_SECRETION,0.49377469394941587,0.4925206979149011,0.0012539960345147594
REACTOME_REGULATION_OF_KIT_SIGNALING,0.5492927199576385,0.5408744400952874,0.008418279862351108
REACTOME_REGULATION_OF_LIPID_METABOLISM_BY_PPARALPHA,0.4615741780947013,0.46306172781108634,-0.0014875497163850393
REACTOME_REGULATION_OF_LOCALIZATION_OF_FOXO_TRANSCRIPTION_FACTORS,0.49572409525048383,0.49572409525048383,0.0
REACTOME_REGULATION_OF_MECP2_EXPRESSION_AND_ACTIVITY,0.4811627951284184,0.4815106620047907,-0.00034786687637228253
REACTOME_REGULATION_OF_MRNA_STABILITY_BY_PROTEINS_THAT_BIND_AU_RICH_ELEMENTS,0.5755465681733671,0.5641668210551766,0.011379747118190564
REACTOME_REGULATION_OF_PLK1_ACTIVITY_AT_G2_M_TRANSITION,0.5187357847600803,0.5080700844997877,0.010665700260292565
REACTOME_REGULATION_OF_PTEN_GENE_TRANSCRIPTION,0.4549517322390801,0.4594079759075088,-0.004456243668428728
REACTOME_REGULATION_OF_PTEN_LOCALIZATION,0.5443600891905706,0.5515775877813649,-0.007217498590794347
REACTOME_REGULATION_OF_PTEN_MRNA_TRANSLATION,0.49523982448325843,0.4949686591325075,0.00027116535075094594
REACTOME_REGULATION_OF_PTEN_STABILITY_AND_ACTIVITY,0.5376721924613733,0.5382462220803163,-0.0005740296189429284
REACTOME_REGULATION_OF_PYRUVATE_DEHYDROGENASE_PDH_COMPLEX,0.4922798354152788,0.4919093029917208,0.000370532423558001
REACTOME_REGULATION_OF_RAS_BY_GAPS,0.5369657829074181,0.5178184870714404,0.01914729583597774
REACTOME_REGULATION_OF_RUNX1_EXPRESSION_AND_ACTIVITY,0.4958330705443804,0.49563023032137765,0.00020284022300276483
REACTOME_REGULATION_OF_RUNX2_EXPRESSION_AND_ACTIVITY,0.545738663613059,0.5280326009405217,0.01770606267253727
REACTOME_REGULATION_OF_RUNX3_EXPRESSION_AND_ACTIVITY,0.5544296691355689,0.5388783116335355,0.015551357502033403
REACTOME_REGULATION_OF_SIGNALING_BY_CBL,0.5318833624372099,0.5181199552733202,0.013763407163889685
REACTOME_REGULATION_OF_SIGNALING_BY_NODAL,,,
REACTOME_REGULATION_OF_TLR_BY_ENDOGENOUS_LIGAND,0.43943363396389534,0.44239165211472836,-0.0029580181508330194
REACTOME_REGULATION_OF_TNFR1_SIGNALING,0.5188799080764244,0.5477647664397484,-0.028884858363323995
REACTOME_REGULATION_OF_TP53_ACTIVITY,0.5110699846399858,0.5062147123709214,0.004855272269064348
REACTOME_REGULATION_OF_TP53_ACTIVITY_THROUGH_ACETYLATION,0.4773014399520673,0.47699290929707894,0.0003085306549883704
REACTOME_REGULATION_OF_TP53_ACTIVITY_THROUGH_ASSOCIATION_WITH_CO_FACTORS,,,
REACTOME_REGULATION_OF_TP53_ACTIVITY_THROUGH_METHYLATION,0.5264734412344775,0.5380906838688315,-0.011617242634354041
REACTOME_REGULATION_OF_TP53_ACTIVITY_THROUGH_PHOSPHORYLATION,0.5079878808304656,0.516042854965463,-0.00805497413499734
REACTOME_REGULATION_OF_TP53_EXPRESSION_AND_DEGRADATION,0.5535653398452436,0.5702872578892528,-0.016721918044009243
REACTOME_RELAXIN_RECEPTORS,0.5002022653721683,0.5002022653721683,0.0
REACTOME_RELEASE_OF_APOPTOTIC_FACTORS_FROM_THE_MITOCHONDRIA,,,
REACTOME_RELEASE_OF_HH_NP_FROM_THE_SECRETING_CELL,,,
REACTOME_REMOVAL_OF_AMINOTERMINAL_PROPEPTIDES_FROM_GAMMA_CARBOXYLATED_PROTEINS,0.5002022653721683,0.5002022653721683,0.0
REACTOME_REPRESSION_OF_WNT_TARGET_GENES,0.49108948358028925,0.49245434370429936,-0.0013648601240101033
REACTOME_REPRODUCTION,0.4589820114392031,0.45173051452763024,0.007251496911572841
REACTOME_RESOLUTION_OF_ABASIC_SITES_AP_SITES,0.47443589066402814,0.47745796362212517,-0.003022072958097033
REACTOME_RESOLUTION_OF_AP_SITES_VIA_THE_MULTIPLE_NUCLEOTIDE_PATCH_REPLACEMENT_PATHWAY,0.49399469757590336,0.49364600948405335,0.0003486880918500135
REACTOME_RESOLUTION_OF_D_LOOP_STRUCTURES,0.49676703890721835,0.49653135006510596,0.0002356888421123915
REACTOME_RESOLUTION_OF_D_LOOP_STRUCTURES_THROUGH_SYNTHESIS_DEPENDENT_STRAND_ANNEALING_SDSA,0.49818708471133294,0.49822338243544917,-3.629772411622989e-05
REACTOME_RESOLUTION_OF_SISTER_CHROMATID_COHESION,0.480992228673691,0.48267186069032025,-0.00167963201662924
REACTOME_RESPIRATORY_ELECTRON_TRANSPORT,0.4608609524522808,0.4604598708129508,0.0004010816393300032
REACTOME_RESPIRATORY_ELECTRON_TRANSPORT_ATP_SYNTHESIS_BY_CHEMIOSMOTIC_COUPLING_AND_HEAT_PRODUCTION_BY_UNCOUPLING_PROTEINS,0.46032026418173433,0.4604598708129508,-0.0001396066312164823
REACTOME_RESPONSE_OF_EIF2AK1_HRI_TO_HEME_DEFICIENCY,0.502713788667752,0.5027080401594078,5.748508344116665e-06
REACTOME_RESPONSE_OF_EIF2AK4_GCN2_TO_AMINO_ACID_DEFICIENCY,0.42929088371983015,0.4459609009456461,-0.01667001722581596
REACTOME_RESPONSE_OF_MTB_TO_PHAGOCYTOSIS,0.5525373423102039,0.5574096137396576,-0.004872271429453678
REACTOME_RESPONSE_TO_ELEVATED_PLATELET_CYTOSOLIC_CA2,0.44299097517038577,0.44240906188285656,0.0005819132875292121
REACTOME_RESPONSE_TO_METAL_IONS,0.5000028742541721,0.4999220666511621,8.080760300999135e-05
REACTOME_RETINOID_CYCLE_DISEASE_EVENTS,0.496730412696911,0.496730412696911,0.0
REACTOME_RETROGRADE_NEUROTROPHIN_SIGNALLING,0.5002016905213339,0.5002016905213339,0.0
REACTOME_RETROGRADE_TRANSPORT_AT_THE_TRANS_GOLGI_NETWORK,0.4809013201203048,0.4826240659495156,-0.0017227458292108366
REACTOME_RET_SIGNALING,0.47743045290362085,0.47734898832822864,8.146457539220942e-05
REACTOME_REVERSIBLE_HYDRATION_OF_CARBON_DIOXIDE,0.4946280189523393,0.4946789343119594,-5.091535962009619e-05
REACTOME_RHOA_GTPASE_CYCLE,0.48862181319121706,0.4780294474730872,0.010592365718129881
REACTOME_RHOBTB1_GTPASE_CYCLE,0.4855854510838073,0.48537981872818026,0.00020563235562703897
REACTOME_RHOBTB2_GTPASE_CYCLE,0.5413822797467241,0.5350173670649234,0.006364912681800727
REACTOME_RHOBTB3_ATPASE_CYCLE,0.5009921104186622,0.5009926031479489,-4.927292867051847e-07
REACTOME_RHOBTB_GTPASE_CYCLE,0.5414776228636901,0.5295001951207975,0.011977427742892566
REACTOME_RHOB_GTPASE_CYCLE,0.4666339330177237,0.46616444412909774,0.0004694888886259685
REACTOME_RHOC_GTPASE_CYCLE,0.4634554185111166,0.46424838417642594,-0.000792965665309342
REACTOME_RHOD_GTPASE_CYCLE,0.48406193212949716,0.48408082008548525,-1.8887955988089455e-05
REACTOME_RHOF_GTPASE_CYCLE,0.41152454383122644,0.4216257405721178,-0.010101196740891383
REACTOME_RHOG_GTPASE_CYCLE,0.5236841007427729,0.5121450378219,0.011539062920872922
REACTOME_RHOH_GTPASE_CYCLE,0.4697424799656272,0.46175205336718056,0.00799042659844662
REACTOME_RHOJ_GTPASE_CYCLE,0.48343821897415074,0.4836105099813814,-0.0001722910072306516
REACTOME_RHOQ_GTPASE_CYCLE,0.4849504051548682,0.4848766600049667,7.374514990149406e-05
REACTOME_RHOT1_GTPASE_CYCLE,0.5019872593345921,0.5020380104511166,-5.0751116524527795e-05
REACTOME_RHOU_GTPASE_CYCLE,0.48252781949552404,0.48111615008928255,0.0014116694062414892
REACTOME_RHOV_GTPASE_CYCLE,0.4815123865572939,0.4801253536153847,0.001387032941909172
REACTOME_RHO_GTPASES_ACTIVATE_CIT,0.49978016061660796,0.49978344547851894,-3.2848619109793198e-06
REACTOME_RHO_GTPASES_ACTIVATE_FORMINS,0.4087448936821594,0.4325332066690581,-0.023788312986898708
REACTOME_RHO_GTPASES_ACTIVATE_IQGAPS,0.43515822194366593,0.423000044674122,0.012158177269543935
REACTOME_RHO_GTPASES_ACTIVATE_KTN1,0.4963058442949175,0.4963066655103952,-8.212154777309522e-07
REACTOME_RHO_GTPASES_ACTIVATE_NADPH_OXIDASES,0.4604114190997639,0.4565707585534519,0.0038406605463119914
REACTOME_RHO_GTPASES_ACTIVATE_PAKS,0.5008046269250932,0.5008024917648511,2.1351602420560667e-06
REACTOME_RHO_GTPASES_ACTIVATE_PKNS,0.5016168090325819,0.5016168090325819,0.0
REACTOME_RHO_GTPASES_ACTIVATE_RHOTEKIN_AND_RHOPHILINS,0.4987811519879327,0.4987811519879327,0.0
REACTOME_RHO_GTPASES_ACTIVATE_ROCKS,0.5006035112545938,0.5006035112545938,0.0
REACTOME_RHO_GTPASES_ACTIVATE_WASPS_AND_WAVES,0.41136670621640403,0.4144809195511039,-0.0031142133346998557
REACTOME_RHO_GTPASE_CYCLE,0.48662757352506414,0.46276296962028307,0.023864603904781068
REACTOME_RHO_GTPASE_EFFECTORS,0.43340591235725634,0.4420768802221092,-0.008670967864852885
REACTOME_RIPK1_MEDIATED_REGULATED_NECROSIS,0.6476128251520562,0.68693656406072,-0.03932373890866381
REACTOME_RIP_MEDIATED_NFKB_ACTIVATION_VIA_ZBP1,0.5103909215614394,0.5070824086447053,0.0033085129167340632
REACTOME_RMTS_METHYLATE_HISTONE_ARGININES,0.47937952571849785,0.48321895444159313,-0.003839428723095284
REACTOME_RNA_POLYMERASE_III_CHAIN_ELONGATION,0.4996541040407743,0.4997015702953879,-4.7466254613603986e-05
REACTOME_RNA_POLYMERASE_III_TRANSCRIPTION,0.49547731999942185,0.4936226869644854,0.001854633034936437
REACTOME_RNA_POLYMERASE_III_TRANSCRIPTION_INITIATION_FROM_TYPE_1_PROMOTER,0.4892318941696329,0.48915190778210066,7.99863875322604e-05
REACTOME_RNA_POLYMERASE_III_TRANSCRIPTION_INITIATION_FROM_TYPE_3_PROMOTER,0.5004032167995722,0.5010066459326183,-0.0006034291330461183
REACTOME_RNA_POLYMERASE_III_TRANSCRIPTION_TERMINATION,0.49922920715258967,0.4997015702953879,-0.00047236314279824887
REACTOME_RNA_POLYMERASE_II_TRANSCRIBES_SNRNA_GENES,0.48102335274029756,0.48210242987805285,-0.001079077137755291
REACTOME_RNA_POLYMERASE_II_TRANSCRIPTION,0.46460011076554364,0.4369746684588873,0.02762544230665631
REACTOME_RNA_POLYMERASE_II_TRANSCRIPTION_TERMINATION,0.45497168777518937,0.45739509465001116,-0.0024234068748217874
REACTOME_RNA_POLYMERASE_I_PROMOTER_ESCAPE,0.49272682299981474,0.4916497167792061,0.0010771062206086368
REACTOME_RNA_POLYMERASE_I_TRANSCRIPTION,0.47163948771921527,0.4700460012062013,0.001593486513013942
REACTOME_RNA_POLYMERASE_I_TRANSCRIPTION_INITIATION,0.47089480952399726,0.4700460012062013,0.0008488083177959349
REACTOME_RNA_POLYMERASE_I_TRANSCRIPTION_TERMINATION,0.48709156026998934,0.48912965284265375,-0.0020380925726644072
REACTOME_RND1_GTPASE_CYCLE,0.496708239879012,0.4959919757393239,0.0007162641396881164
REACTOME_RND2_GTPASE_CYCLE,0.49315664718086577,0.4931361167939222,2.053038694355136e-05
REACTOME_RND3_GTPASE_CYCLE,0.4927332284805412,0.49270596412668005,2.7264353861133905e-05
REACTOME_ROBO_RECEPTORS_BIND_AKAP5,0.4983380241161422,0.49833539622661344,2.6278895287612514e-06
REACTOME_ROLE_OF_ABL_IN_ROBO_SLIT_SIGNALING,0.499171229339861,0.4991477425771976,2.34867626634494e-05
REACTOME_ROLE_OF_LAT2_NTAL_LAB_ON_CALCIUM_MOBILIZATION,0.4800827325320898,0.4719100782191318,0.008172654312957994
REACTOME_ROLE_OF_PHOSPHOLIPIDS_IN_PHAGOCYTOSIS,0.46715113452560675,0.4669630761812035,0.00018805834440327462
REACTOME_ROLE_OF_SECOND_MESSENGERS_IN_NETRIN_1_SIGNALING,0.5008070905715266,0.5008074190577178,-3.284861911367898e-07
REACTOME_RORA_ACTIVATES_GENE_EXPRESSION,0.4947983390424234,0.49477764441238425,2.0694630039119755e-05
REACTOME_ROS_AND_RNS_PRODUCTION_IN_PHAGOCYTES,0.5116068131977868,0.5098486729814852,0.0017581402163016069
REACTOME_RRNA_MODIFICATION_IN_THE_MITOCHONDRION,0.498776717424353,0.498776717424353,0.0
REACTOME_RRNA_MODIFICATION_IN_THE_NUCLEUS_AND_CYTOSOL,0.44999684653256544,0.4519440305518436,-0.0019471840192781809
REACTOME_RRNA_PROCESSING,0.4515412243600103,0.4331860729738643,0.018355151386146018
REACTOME_RRNA_PROCESSING_IN_THE_MITOCHONDRION,0.498776717424353,0.498776717424353,0.0
REACTOME_RSK_ACTIVATION,0.4999986860552356,0.4999986860552356,0.0
REACTOME_RUNX1_AND_FOXP3_CONTROL_THE_DEVELOPMENT_OF_REGULATORY_T_LYMPHOCYTES_TREGS,0.5064991814124118,0.5072303916737948,-0.0007312102613830085
REACTOME_RUNX1_INTERACTS_WITH_CO_FACTORS_WHOSE_PRECISE_EFFECT_ON_RUNX1_TARGETS_IS_NOT_KNOWN,0.4950368200171602,0.49572532707370054,-0.0006885070565403328
REACTOME_RUNX1_REGULATES_ESTROGEN_RECEPTOR_MEDIATED_TRANSCRIPTION,0.500402888313381,0.500402888313381,0.0
REACTOME_RUNX1_REGULATES_EXPRESSION_OF_COMPONENTS_OF_TIGHT_JUNCTIONS,0.5012119498020543,0.5012119498020543,0.0
REACTOME_RUNX1_REGULATES_GENES_INVOLVED_IN_MEGAKARYOCYTE_DIFFERENTIATION_AND_PLATELET_FUNCTION,0.45379020506735945,0.45809049991656453,-0.004300294849205077
REACTOME_RUNX1_REGULATES_TRANSCRIPTION_OF_GENES_INVOLVED_IN_BCR_SIGNALING,0.48988763472861124,0.489854621866406,3.301286220525057e-05
REACTOME_RUNX1_REGULATES_TRANSCRIPTION_OF_GENES_INVOLVED_IN_DIFFERENTIATION_OF_HSCS,0.5489758950263248,0.5336084076697584,0.015367487356566456
REACTOME_RUNX1_REGULATES_TRANSCRIPTION_OF_GENES_INVOLVED_IN_DIFFERENTIATION_OF_KERATINOCYTES,0.5377221223624201,0.5374457833541593,0.0002763390082608508
REACTOME_RUNX1_REGULATES_TRANSCRIPTION_OF_GENES_INVOLVED_IN_DIFFERENTIATION_OF_MYELOID_CELLS,0.47465638701980245,0.47458888310753194,6.750391227050567e-05
REACTOME_RUNX1_REGULATES_TRANSCRIPTION_OF_GENES_INVOLVED_IN_INTERLEUKIN_SIGNALING,,,
REACTOME_RUNX1_REGULATES_TRANSCRIPTION_OF_GENES_INVOLVED_IN_WNT_SIGNALING,0.5004035452857633,0.5004035452857633,0.0
REACTOME_RUNX2_REGULATES_BONE_DEVELOPMENT,0.5029169573769458,0.502905953089544,1.100428740175019e-05
REACTOME_RUNX2_REGULATES_CHONDROCYTE_MATURATION,0.5005930818180265,0.5005930818180265,0.0
REACTOME_RUNX2_REGULATES_GENES_INVOLVED_IN_CELL_MIGRATION,,,
REACTOME_RUNX2_REGULATES_OSTEOBLAST_DIFFERENTIATION,0.5024593761127469,0.5023320877136966,0.00012728839905029599
REACTOME_RUNX3_REGULATES_BCL2L11_BIM_TRANSCRIPTION,0.4945071360340154,0.49456248595721536,-5.534992319994325e-05
REACTOME_RUNX3_REGULATES_CDKN1A_TRANSCRIPTION,0.5009937528496178,0.5009937528496178,0.0
REACTOME_RUNX3_REGULATES_IMMUNE_RESPONSE_AND_CELL_MIGRATION,0.5020518889926905,0.5020515605064994,3.284861911367898e-07
REACTOME_RUNX3_REGULATES_NOTCH_SIGNALING,0.49918256211345396,0.49918256211345396,0.0
REACTOME_RUNX3_REGULATES_P14_ARF,0.4894035282044814,0.4894048421492458,-1.3139447643806257e-06
REACTOME_RUNX3_REGULATES_WNT_SIGNALING,0.4927316681711334,0.494398078618571,-0.001666410447437594
REACTOME_RUNX3_REGULATES_YAP1_MEDIATED_TRANSCRIPTION,,,
REACTOME_SARS_COV_1_INFECTION,0.5452622765144199,0.5542813576202883,-0.009019081105868354
REACTOME_SARS_COV_2_INFECTION,0.5387373089360069,0.5087783007277941,0.029959008208212845
REACTOME_SARS_COV_INFECTIONS,0.5328737483033689,0.49825573832527226,0.03461800997809661
REACTOME_SCAVENGING_BY_CLASS_A_RECEPTORS,0.38746153426702246,0.3907113302770978,-0.0032497960100753565
REACTOME_SCAVENGING_BY_CLASS_B_RECEPTORS,0.4997969955339017,0.4997969955339017,0.0
REACTOME_SCAVENGING_BY_CLASS_F_RECEPTORS,0.5101483345093138,0.5101419290285875,6.405480726390245e-06
REACTOME_SCAVENGING_OF_HEME_FROM_PLASMA,0.5015219586449026,0.5020086109370134,-0.00048665229211086736
REACTOME_SCF_SKP2_MEDIATED_DEGRADATION_OF_P27_P21,0.5244789552036812,0.5289780663200481,-0.004499111116366916
REACTOME_SEALING_OF_THE_NUCLEAR_ENVELOPE_NE_BY_ESCRT_III,0.48500008869127165,0.4865103039548424,-0.0015102152635707577
REACTOME_SELECTIVE_AUTOPHAGY,0.49950250766358284,0.4949406556847163,0.004561851978866549
REACTOME_SELENOAMINO_ACID_METABOLISM,0.4358428692874609,0.43708421860361835,-0.0012413493161574363
REACTOME_SEMA3A_PAK_DEPENDENT_AXON_REPULSION,0.5269719190294678,0.5256699640110529,0.001301955018414902
REACTOME_SEMA3A_PLEXIN_REPULSION_SIGNALING_BY_INHIBITING_INTEGRIN_ADHESION,0.477878836554469,0.47787932928375565,-4.927292866496735e-07
REACTOME_SEMA4D_INDUCED_CELL_MIGRATION_AND_GROWTH_CONE_COLLAPSE,0.4947983390424233,0.49483151614772414,-3.3177105300818965e-05
REACTOME_SEMA4D_IN_SEMAPHORIN_SIGNALING,0.49483644344059063,0.49483151614772414,4.927292866496735e-06
REACTOME_SEMA4D_MEDIATED_INHIBITION_OF_CELL_ATTACHMENT_AND_MIGRATION,0.4952318586931242,0.4952318586931242,0.0
REACTOME_SEMAPHORIN_INTERACTIONS,0.5174474619185959,0.5103687487435403,0.007078713175055595
REACTOME_SENESCENCE_ASSOCIATED_SECRETORY_PHENOTYPE_SASP,0.5007106798744394,0.4975897325728221,0.0031209473016173273
REACTOME_SENSING_OF_DNA_DOUBLE_STRAND_BREAKS,,,
REACTOME_SENSORY_PERCEPTION,0.40049529147893687,0.42999146264389343,-0.029496171164956564
REACTOME_SENSORY_PERCEPTION_OF_SALTY_TASTE,,,
REACTOME_SENSORY_PERCEPTION_OF_TASTE,0.4991768136051096,0.4991791130084473,-2.2994033376799727e-06
REACTOME_SENSORY_PROCESSING_OF_SOUND,0.4105099321084741,0.41238575250273635,-0.001875820394262262
REACTOME_SENSORY_PROCESSING_OF_SOUND_BY_OUTER_HAIR_CELLS_OF_THE_COCHLEA,0.4005081024403896,0.41264459962132105,-0.01213649718093146
REACTOME_SEPARATION_OF_SISTER_CHROMATIDS,0.5191201136036643,0.4927990899618562,0.026321023641808106
REACTOME_SERINE_BIOSYNTHESIS,0.5050728122491187,0.5050650928236279,7.719425490826382e-06
REACTOME_SEROTONIN_AND_MELATONIN_BIOSYNTHESIS,,,
REACTOME_SEROTONIN_NEUROTRANSMITTER_RELEASE_CYCLE,0.4995885710456504,0.4995885710456504,0.0
REACTOME_SEROTONIN_RECEPTORS,,,
REACTOME_SHC1_EVENTS_IN_EGFR_SIGNALING,0.48782671236566555,0.48777119819937004,5.5514166295511647e-05
REACTOME_SHC1_EVENTS_IN_ERBB2_SIGNALING,0.4875553006502712,0.4875544794347935,8.21215477675441e-07
REACTOME_SHC1_EVENTS_IN_ERBB4_SIGNALING,0.48801148584815784,0.48801148584815784,0.0
REACTOME_SHC_MEDIATED_CASCADE_FGFR1,0.4866593545640529,0.4866593545640529,0.0
REACTOME_SHC_MEDIATED_CASCADE_FGFR3,0.48801148584815784,0.48801148584815784,0.0
REACTOME_SHC_MEDIATED_CASCADE_FGFR4,0.48803612231249016,0.48801148584815784,2.4636464332317143e-05
REACTOME_SHC_RELATED_EVENTS_TRIGGERED_BY_IGF1R,0.4882340352426265,0.4882340352426265,0.0
REACTOME_SIALIC_ACID_METABOLISM,0.47201445470635306,0.4743830043872616,-0.0023685496809085493
REACTOME_SIGNALING_BY_ACTIVIN,0.5005677062597642,0.5005677062597642,0.0
REACTOME_SIGNALING_BY_ALK,0.5042823102302426,0.502105596484935,0.00217671374530759
REACTOME_SIGNALING_BY_ALK_IN_CANCER,0.484537333769563,0.487249644249455,-0.0027123104798920106
REACTOME_SIGNALING_BY_BMP,0.49081987853894604,0.49083942346731635,-1.9544928370307524e-05
REACTOME_SIGNALING_BY_BRAF_AND_RAF1_FUSIONS,0.43138391560795564,0.4282019519963419,0.003181963611613714
REACTOME_SIGNALING_BY_CSF3_G_CSF,0.6271531448610963,0.593696497811625,0.033456647049471266
REACTOME_SIGNALING_BY_CTNNB1_PHOSPHO_SITE_MUTANTS,0.5003915555397882,0.5003915555397882,0.0
REACTOME_SIGNALING_BY_CYTOSOLIC_FGFR1_FUSION_MUTANTS,0.5068348942997134,0.508139148721466,-0.0013042544217526375
REACTOME_SIGNALING_BY_EGFR,0.5095217470997955,0.5197435803943674,-0.010221833294571936
REACTOME_SIGNALING_BY_EGFR_IN_CANCER,0.520344628002528,0.5269424373938169,-0.006597809391288845
REACTOME_SIGNALING_BY_ERBB2,0.522746847518024,0.5064930222963288,0.016253825221695273
REACTOME_SIGNALING_BY_ERBB2_ECD_MUTANTS,0.48869720077207396,0.4885460971241691,0.00015110364790488218
REACTOME_SIGNALING_BY_ERBB2_IN_CANCER,0.48853566768760176,0.4883127898069421,0.00022287788065966652
REACTOME_SIGNALING_BY_ERBB4,0.5348198647425261,0.5086315495219212,0.02618831522060483
REACTOME_SIGNALING_BY_ERYTHROPOIETIN,0.47699619415899,0.47565104320644563,0.0013451509525443384
REACTOME_SIGNALING_BY_FGFR,0.5141142304159818,0.4998387132801711,0.014275517135810711
REACTOME_SIGNALING_BY_FGFR1,0.5229634841610529,0.5183462822589864,0.004617201902066492
REACTOME_SIGNALING_BY_FGFR1_IN_DISEASE,0.49901380233277753,0.4993074689876187,-0.0002936666548411515
REACTOME_SIGNALING_BY_FGFR2,0.4939319567134036,0.4998141589373866,-0.005882202223983002
REACTOME_SIGNALING_BY_FGFR2_IIIA_TM,0.48607637369640255,0.4846890122683023,0.0013873614281002533
REACTOME_SIGNALING_BY_FGFR2_IN_DISEASE,0.47839439563139646,0.4757945916719553,0.0025998039594411493
REACTOME_SIGNALING_BY_FGFR3,0.5506649710209482,0.5202254696367075,0.030439501384240786
REACTOME_SIGNALING_BY_FGFR3_FUSIONS_IN_CANCER,0.48873349849619036,0.4884881193114405,0.0002453791847498721
REACTOME_SIGNALING_BY_FGFR4,0.5114440482900979,0.5203036493501887,-0.00885960106009076
REACTOME_SIGNALING_BY_FGFR4_IN_DISEASE,0.4890736459470717,0.48879837451893193,0.00027527142813976724
REACTOME_SIGNALING_BY_FGFR_IN_DISEASE,0.48388775232666775,0.4870860581262885,-0.003198305799620771
REACTOME_SIGNALING_BY_FLT3_FUSION_PROTEINS,0.48825760412683766,0.48264410360717247,0.005613500519665193
REACTOME_SIGNALING_BY_FLT3_ITD_AND_TKD_MUTANTS,0.4954314140542159,0.49102099420944545,0.0044104198447704746
REACTOME_SIGNALING_BY_GPCR,0.6569341135537344,0.5320022744383872,0.12493183911534722
REACTOME_SIGNALING_BY_HEDGEHOG,0.5369322773159262,0.5179938165759388,0.018938460739987395
REACTOME_SIGNALING_BY_HIPPO,0.5115692015289062,0.5114749259920611,9.427553684504542e-05
REACTOME_SIGNALING_BY_INSULIN_RECEPTOR,0.4959683247335649,0.4847273630311129,0.01124096170245198
REACTOME_SIGNALING_BY_INTERLEUKINS,0.569278641039488,0.5189231040105536,0.05035553702893436
REACTOME_SIGNALING_BY_KIT_IN_DISEASE,0.45110014952691424,0.45107814095211063,2.2008574803611403e-05
REACTOME_SIGNALING_BY_LEPTIN,0.510227992410655,0.5086423895662274,0.0015856028444275472
REACTOME_SIGNALING_BY_LRP5_MUTANTS,0.4995933340954213,0.4995933340954213,0.0
REACTOME_SIGNALING_BY_MAPK_MUTANTS,0.49734123276925685,0.49734123276925685,0.0
REACTOME_SIGNALING_BY_MEMBRANE_TETHERED_FUSIONS_OF_PDGFRA_OR_PDGFRB,,,
REACTOME_SIGNALING_BY_MET,0.5228468715632133,0.5198422083732444,0.003004663189968948
REACTOME_SIGNALING_BY_MODERATE_KINASE_ACTIVITY_BRAF_MUTANTS,0.39516059361396566,0.4112355581046084,-0.016074964490642718
REACTOME_SIGNALING_BY_MRAS_COMPLEX_MUTANTS,0.4957135015708209,0.4957135015708209,0.0
REACTOME_SIGNALING_BY_MST1,0.4978911186531541,0.4978911186531541,0.0
REACTOME_SIGNALING_BY_NODAL,0.4965827581540127,0.49656567687207565,1.7081281937059156e-05
REACTOME_SIGNALING_BY_NOTCH,0.5248201702346836,0.5035863301128547,0.02123384012182894
REACTOME_SIGNALING_BY_NOTCH1,0.5422700957997127,0.5309121108916823,0.011357984908030416
REACTOME_SIGNALING_BY_NOTCH1_HD_DOMAIN_MUTANTS_IN_CANCER,0.5383689116726911,0.5451398332866884,-0.006770921613997283
REACTOME_SIGNALING_BY_NOTCH1_PEST_DOMAIN_MUTANTS_IN_CANCER,0.5272701844909844,0.5347044018463551,-0.0074342173553707536
REACTOME_SIGNALING_BY_NOTCH1_T_7_9_NOTCH1_M1580_K2555_TRANSLOCATION_MUTANT,,,
REACTOME_SIGNALING_BY_NOTCH2,0.5192689999697792,0.5411688458440584,-0.02189984587427929
REACTOME_SIGNALING_BY_NOTCH3,0.5326640919919008,0.5449458621908452,-0.012281770198944386
REACTOME_SIGNALING_BY_NOTCH4,0.5292385558695883,0.5447585429403718,-0.015519987070783503
REACTOME_SIGNALING_BY_NTRK2_TRKB,0.4743924483652556,0.4738537310118557,0.0005387173533999423
REACTOME_SIGNALING_BY_NTRK3_TRKC,0.4889639315592451,0.48879837451893193,0.00016555704031318008
REACTOME_SIGNALING_BY_NTRKS,0.3996538741004405,0.413799146461481,-0.014145272361040517
REACTOME_SIGNALING_BY_NUCLEAR_RECEPTORS,0.5167711909726739,0.46423368441937435,0.05253750655329953
REACTOME_SIGNALING_BY_PDGF,0.4581045427012339,0.4484036885057426,0.009700854195491326
REACTOME_SIGNALING_BY_PDGFRA_TRANSMEMBRANE_JUXTAMEMBRANE_AND_KINASE_DOMAIN_MUTANTS,0.48503770036015215,0.4851203146372132,-8.261427706107716e-05
REACTOME_SIGNALING_BY_PDGFR_IN_DISEASE,0.4854757366959807,0.4851203146372132,0.000355422058767485
REACTOME_SIGNALING_BY_PTK6,0.5446428336795578,0.5284087176293283,0.016234116050229508
REACTOME_SIGNALING_BY_RECEPTOR_TYROSINE_KINASES,0.461532049740693,0.43950130211926147,0.022030747621431535
REACTOME_SIGNALING_BY_RETINOIC_ACID,0.48795014105197054,0.4866915462107805,0.0012585948411900638
REACTOME_SIGNALING_BY_RHO_GTPASES_MIRO_GTPASES_AND_RHOBTB3,0.43074862331437314,0.44363012717671374,-0.012881503862340604
REACTOME_SIGNALING_BY_RNF43_MUTANTS,,,
REACTOME_SIGNALING_BY_ROBO_RECEPTORS,0.45441572489675675,0.4327603548702019,0.02165537002655482
REACTOME_SIGNALING_BY_SCF_KIT,0.5442548093663239,0.4980019827426495,0.04625282662367436
REACTOME_SIGNALING_BY_TGFB_FAMILY_MEMBERS,0.4878926559685284,0.4845014466531856,0.003391209315342758
REACTOME_SIGNALING_BY_TGF_BETA_RECEPTOR_COMPLEX,0.497748802010861,0.4884171662941634,0.00933163571669765
REACTOME_SIGNALING_BY_TGF_BETA_RECEPTOR_COMPLEX_IN_CANCER,0.5009928495125923,0.5009902216230635,2.6278895287612514e-06
REACTOME_SIGNALING_BY_THE_B_CELL_RECEPTOR_BCR,0.5123774418021015,0.47679770637801927,0.03557973542408227
REACTOME_SIGNALING_BY_TYPE_1_INSULIN_LIKE_GROWTH_FACTOR_1_RECEPTOR_IGF1R,0.4738374709453964,0.472688918978224,0.0011485519671723954
REACTOME_SIGNALING_BY_VEGF,0.46692291874434183,0.4982320051979655,-0.03130908645362368
REACTOME_SIGNALING_BY_WNT,0.512404213426676,0.4818016186485552,0.030602594778120773
REACTOME_SIGNALING_BY_WNT_IN_CANCER,0.502471037372531,0.5025574292407896,-8.639186825865064e-05
REACTOME_SIGNALLING_TO_ERKS,0.46342560838927455,0.4618378703846047,0.0015877380046698253
REACTOME_SIGNALLING_TO_P38_VIA_RIT_AND_RIN,0.4957135015708209,0.4957135015708209,0.0
REACTOME_SIGNALLING_TO_RAS,0.4861658040619289,0.4861515149126161,1.4289149312785021e-05
REACTOME_SIGNAL_AMPLIFICATION,0.4971426628667383,0.4968580295821524,0.000284633284585889
REACTOME_SIGNAL_ATTENUATION,0.49734673491295767,0.49734673491295767,0.0
REACTOME_SIGNAL_REGULATORY_PROTEIN_FAMILY_INTERACTIONS,0.509100792045904,0.5102023704877494,-0.001101578441845441
REACTOME_SIGNAL_TRANSDUCTION_BY_L1,0.48033796630257264,0.4807311642733163,-0.0003931979707436639
REACTOME_SIRT1_NEGATIVELY_REGULATES_RRNA_EXPRESSION,0.4897404729149996,0.4894835967135614,0.00025687620143821643
REACTOME_SLBP_DEPENDENT_PROCESSING_OF_REPLICATION_DEPENDENT_HISTONE_PRE_MRNAS,,,
REACTOME_SLC_MEDIATED_TRANSMEMBRANE_TRANSPORT,0.48638786072711077,0.4830235051578902,0.003364355569220545
REACTOME_SLC_TRANSPORTER_DISORDERS,0.5079827892945036,0.5037582926338942,0.0042244966606094225
REACTOME_SMAC_XIAP_REGULATED_APOPTOTIC_RESPONSE,0.5138330462364024,0.5138330462364024,0.0
REACTOME_SMAD2_SMAD3_SMAD4_HETEROTRIMER_REGULATES_TRANSCRIPTION,0.4845349522446775,0.5219974883945829,-0.03746253614990541
REACTOME_SMALL_INTERFERING_RNA_SIRNA_BIOGENESIS,0.49322603988873515,0.4930762501855947,0.00014978970314044604
REACTOME_SMOOTH_MUSCLE_CONTRACTION,0.5606180204896547,0.556014368642971,0.004603651846683654
REACTOME_SNRNP_ASSEMBLY,0.5029333816865006,0.5028578298625482,7.555182395235782e-05
REACTOME_SODIUM_CALCIUM_EXCHANGERS,,,
REACTOME_SODIUM_COUPLED_PHOSPHATE_COTRANSPORTERS,,,
REACTOME_SODIUM_COUPLED_SULPHATE_DI_AND_TRI_CARBOXYLATE_TRANSPORTERS,,,
REACTOME_SODIUM_PROTON_EXCHANGERS,,,
REACTOME_SOS_MEDIATED_SIGNALLING,0.48681111518433984,0.48650775818686126,0.0003033569974785766
REACTOME_SPERM_MOTILITY_AND_TAXES,0.48991555605485454,0.48949772161977856,0.00041783443507598106
REACTOME_SPHINGOLIPID_DE_NOVO_BIOSYNTHESIS,0.49335735224362637,0.492193854154759,0.001163498088867343
REACTOME_SPHINGOLIPID_METABOLISM,0.47033958573949464,0.47304072768888933,-0.002701141949394692
REACTOME_SPRY_REGULATION_OF_FGF_SIGNALING,0.5593881681901857,0.5449080862788691,0.014480081911316556
REACTOME_SRP_DEPENDENT_COTRANSLATIONAL_PROTEIN_TARGETING_TO_MEMBRANE,0.4316346326933108,0.4483271512232169,-0.01669251852990611
REACTOME_STABILIZATION_OF_P53,0.5241501405263925,0.538334010014887,-0.014183869488494483
REACTOME_STAT3_NUCLEAR_EVENTS_DOWNSTREAM_OF_ALK_SIGNALING,,,
REACTOME_STAT5_ACTIVATION,0.49445145762462434,0.4944659110170327,-1.4453392408353416e-05
REACTOME_STAT5_ACTIVATION_DOWNSTREAM_OF_FLT3_ITD_MUTANTS,0.5031279276331782,0.5030154211127272,0.0001125065204509168
REACTOME_STIMULI_SENSING_CHANNELS,0.5304393371411453,0.5136293026763741,0.01681003446477125
REACTOME_STING_MEDIATED_INDUCTION_OF_HOST_IMMUNE_RESPONSES,0.4995939910678035,0.4995939910678035,0.0
REACTOME_STRIATED_MUSCLE_CONTRACTION,0.49388112347533136,0.4939230054646963,-4.1881989364944694e-05
REACTOME_SULFIDE_OXIDATION_TO_SULFATE,0.4906639297197224,0.4906639297197224,0.0
REACTOME_SULFUR_AMINO_ACID_METABOLISM,0.4777559005974506,0.4772051934980757,0.0005507070993748808
REACTOME_SUMOYLATION,0.4880931146666457,0.4702141040144955,0.017879010652150196
REACTOME_SUMOYLATION_OF_CHROMATIN_ORGANIZATION_PROTEINS,0.5126942667334151,0.5084244389784341,0.0042698277549809704
REACTOME_SUMOYLATION_OF_DNA_DAMAGE_RESPONSE_AND_REPAIR_PROTEINS,0.4633111309516771,0.4767003923439067,-0.013389261392229623
REACTOME_SUMOYLATION_OF_DNA_METHYLATION_PROTEINS,0.4997647217656265,0.4997011596876491,6.35620779773638e-05
REACTOME_SUMOYLATION_OF_DNA_REPLICATION_PROTEINS,0.5036298545331751,0.5053429100197486,-0.0017130554865735226
REACTOME_SUMOYLATION_OF_IMMUNE_RESPONSE_PROTEINS,0.5129222361500366,0.5126006481689522,0.00032158798108439246
REACTOME_SUMOYLATION_OF_INTRACELLULAR_RECEPTORS,0.499015444763733,0.4989413711276405,7.407363609251982e-05
REACTOME_SUMOYLATION_OF_RNA_BINDING_PROTEINS,0.5127815619386993,0.5109134609699278,0.0018681009687714356
REACTOME_SUMOYLATION_OF_SUMOYLATION_PROTEINS,0.512783779220489,0.5119719255991917,0.0008118536212973204
REACTOME_SUMOYLATION_OF_TRANSCRIPTION_COFACTORS,0.4923309150179945,0.49034505174971454,0.0019858632682799304
REACTOME_SUMOYLATION_OF_TRANSCRIPTION_FACTORS,0.4952877834671587,0.4952936962185984,-5.912751439740571e-06
REACTOME_SUMOYLATION_OF_UBIQUITINYLATION_PROTEINS,0.5102798932288484,0.5081825088986909,0.0020973843301574924
REACTOME_SUMO_IS_CONJUGATED_TO_E1_UBA2_SAE1,0.4973653765043024,0.4973653765043024,0.0
REACTOME_SUMO_IS_PROTEOLYTICALLY_PROCESSED,0.5002050575047926,0.5002050575047926,0.0
REACTOME_SUMO_IS_TRANSFERRED_FROM_E1_TO_E2_UBE2I_UBC9,0.4973653765043024,0.4973653765043024,0.0
REACTOME_SUPPRESSION_OF_APOPTOSIS,,,
REACTOME_SUPPRESSION_OF_PHAGOSOMAL_MATURATION,0.561870702579405,0.5599746802843902,0.001896022295014732
REACTOME_SURFACTANT_METABOLISM,0.494457041889873,0.4943575105739705,9.953131590251241e-05
REACTOME_SWITCHING_OF_ORIGINS_TO_A_POST_REPLICATIVE_STATE,0.5323314997234146,0.5058254562344708,0.02650604348894381
REACTOME_SYNAPTIC_ADHESION_LIKE_MOLECULES,0.4971392958832796,0.4971332188887443,6.076994535308966e-06
REACTOME_SYNDECAN_INTERACTIONS,0.46567040089768713,0.46566728027887166,3.120618815466436e-06
REACTOME_SYNTHESIS_OF_12_EICOSATETRAENOIC_ACID_DERIVATIVES,0.43232921674438657,0.43232921674438657,0.0
REACTOME_SYNTHESIS_OF_15_EICOSATETRAENOIC_ACID_DERIVATIVES,0.43232888825819543,0.43232888825819543,0.0
REACTOME_SYNTHESIS_OF_16_20_HYDROXYEICOSATETRAENOIC_ACIDS_HETE,0.4677166235035812,0.4677166235035812,0.0
REACTOME_SYNTHESIS_OF_5_EICOSATETRAENOIC_ACIDS,0.44695621410467146,0.4468754065016615,8.080760300993584e-05
REACTOME_SYNTHESIS_OF_ACTIVE_UBIQUITIN_ROLES_OF_E1_AND_E2_ENZYMES,0.5197801244831269,0.5291242426750864,-0.00934411819195946
REACTOME_SYNTHESIS_OF_BILE_ACIDS_AND_BILE_SALTS,0.5077896394141383,0.5083687605690432,-0.0005791211549048825
REACTOME_SYNTHESIS_OF_BILE_ACIDS_AND_BILE_SALTS_VIA_24_HYDROXYCHOLESTEROL,0.5001018307192402,0.5001057725535334,-3.941834293197388e-06
REACTOME_SYNTHESIS_OF_BILE_ACIDS_AND_BILE_SALTS_VIA_27_HYDROXYCHOLESTEROL,0.49740109937758437,0.49740109937758437,0.0
REACTOME_SYNTHESIS_OF_BILE_ACIDS_AND_BILE_SALTS_VIA_7ALPHA_HYDROXYCHOLESTEROL,0.4999370948944048,0.5001057725535334,-0.000168677659128591
REACTOME_SYNTHESIS_OF_DIPHTHAMIDE_EEF2,0.503812246490782,0.503823907750566,-1.1661259783912747e-05
REACTOME_SYNTHESIS_OF_DNA,0.5351286417621576,0.4962233942609521,0.0389052475012055
REACTOME_SYNTHESIS_OF_DOLICHYL_PHOSPHATE,0.4929499472451177,0.4928747239073564,7.522333776127654e-05
REACTOME_SYNTHESIS_OF_EPOXY_EET_AND_DIHYDROXYEICOSATRIENOIC_ACIDS_DHET,0.46808222863427257,0.46807073161758417,1.1497016688399864e-05
REACTOME_SYNTHESIS_OF_GDP_MANNOSE,0.4993899190215842,0.4993899190215842,0.0
REACTOME_SYNTHESIS_OF_GLYCOSYLPHOSPHATIDYLINOSITOL_GPI,0.500534693397559,0.49997840203293537,0.0005562913646235956
REACTOME_SYNTHESIS_OF_IP2_IP_AND_INS_IN_THE_CYTOSOL,0.49529772017443935,0.49537212229672295,-7.44021222836011e-05
REACTOME_SYNTHESIS_OF_IP3_AND_IP4_IN_THE_CYTOSOL,0.49810775529618284,0.49811153288738047,-3.7775911976289933e-06
REACTOME_SYNTHESIS_OF_KETONE_BODIES,0.49466086757144906,0.4946684227538443,-7.555182395257987e-06
REACTOME_SYNTHESIS_OF_LEUKOTRIENES_LT_AND_EOXINS_EX,0.5038546212094336,0.5038546212094336,0.0
REACTOME_SYNTHESIS_OF_LIPOXINS_LX,0.504796062633119,0.504795734146928,3.284861910257675e-07
REACTOME_SYNTHESIS_OF_PA,0.5070776455949344,0.5072050982370803,-0.00012745264214586438
REACTOME_SYNTHESIS_OF_PC,0.5202712934603655,0.5216745864687339,-0.0014032930083683892
REACTOME_SYNTHESIS_OF_PE,0.5181821212849853,0.5181916473845272,-9.52609954185668e-06
REACTOME_SYNTHESIS_OF_PG,0.4947250866218086,0.4947250866218086,0.0
REACTOME_SYNTHESIS_OF_PI,0.4911978019018037,0.49121866077493836,-2.085887313468815e-05
REACTOME_SYNTHESIS_OF_PIPS_AT_THE_EARLY_ENDOSOME_MEMBRANE,0.49693070715193266,0.4969080416047469,2.266554718577396e-05
REACTOME_SYNTHESIS_OF_PIPS_AT_THE_ER_MEMBRANE,0.5011771302657978,0.5011608701993385,1.6260066459272693e-05
REACTOME_SYNTHESIS_OF_PIPS_AT_THE_GOLGI_MEMBRANE,0.5017672557081045,0.5017720187578755,-4.76304977092834e-06
REACTOME_SYNTHESIS_OF_PIPS_AT_THE_LATE_ENDOSOME_MEMBRANE,0.5001328726642988,0.5001507751617137,-1.790249741484562e-05
REACTOME_SYNTHESIS_OF_PIPS_AT_THE_PLASMA_MEMBRANE,0.48630910616279505,0.4843078040435336,0.002001302119261472
REACTOME_SYNTHESIS_OF_PROSTAGLANDINS_PG_AND_THROMBOXANES_TX,0.4979831769082092,0.4980482171740465,-6.504026583731282e-05
REACTOME_SYNTHESIS_OF_PYROPHOSPHATES_IN_THE_CYTOSOL,0.4920080130921456,0.49200949128000554,-1.4781878599490206e-06
REACTOME_SYNTHESIS_OF_SUBSTRATES_IN_N_GLYCAN_BIOSYTHESIS,0.48088530641848876,0.4779340222345733,0.002951284183915437
REACTOME_SYNTHESIS_OF_UDP_N_ACETYL_GLUCOSAMINE,0.49487742209293006,0.49487742209293006,0.0
REACTOME_SYNTHESIS_OF_VERY_LONG_CHAIN_FATTY_ACYL_COAS,0.497049290666919,0.49676827073043506,0.0002810199364839394
REACTOME_SYNTHESIS_OF_WYBUTOSINE_AT_G37_OF_TRNA_PHE,0.49957986616158634,0.4994873972987924,9.24688627939596e-05
REACTOME_SYNTHESIS_SECRETION_AND_DEACYLATION_OF_GHRELIN,0.49619670475792543,0.49950160432655744,-0.0033048995686320026
REACTOME_SYNTHESIS_SECRETION_AND_INACTIVATION_OF_GLUCAGON_LIKE_PEPTIDE_1_GLP_1,0.5093389445344497,0.5097722178205073,-0.0004332732860575783
REACTOME_SYNTHESIS_SECRETION_AND_INACTIVATION_OF_GLUCOSE_DEPENDENT_INSULINOTROPIC_POLYPEPTIDE_GIP,0.5093458427444627,0.5097722178205073,-0.0004263750760445939
REACTOME_S_PHASE,0.5156525312488913,0.4949718618728706,0.0206806693760207
REACTOME_TACHYKININ_RECEPTORS_BIND_TACHYKININS,,,
REACTOME_TAK1_ACTIVATES_NFKB_BY_PHOSPHORYLATION_AND_ACTIVATION_OF_IKKS_COMPLEX,0.5239716904030789,0.5207070303928563,0.003264660010222631
REACTOME_TANDEM_PORE_DOMAIN_POTASSIUM_CHANNELS,,,
REACTOME_TBC_RABGAPS,0.47040462600533195,0.47054061928844637,-0.00013599328311442171
REACTOME_TCF_DEPENDENT_SIGNALING_IN_RESPONSE_TO_WNT,0.5192465807872368,0.4983661918070288,0.020880388980208053
REACTOME_TCR_SIGNALING,0.47199745554596384,0.4543431294485243,0.017654326097439554
REACTOME_TELOMERE_C_STRAND_LAGGING_STRAND_SYNTHESIS,0.4917134431002789,0.4926550487670599,-0.0009416056667809758
REACTOME_TELOMERE_C_STRAND_SYNTHESIS_INITIATION,0.49792733425572255,0.4972746321940118,0.0006527020617107526
REACTOME_TELOMERE_EXTENSION_BY_TELOMERASE,0.4911702911832992,0.49182677083620757,-0.0006564796529083816
REACTOME_TELOMERE_MAINTENANCE,0.47292041962139997,0.47534152709288413,-0.002421107471484163
REACTOME_TERMINAL_PATHWAY_OF_COMPLEMENT,0.5023999201121583,0.5023999201121583,0.0
REACTOME_TERMINATION_OF_O_GLYCAN_BIOSYNTHESIS,0.496855648057267,0.4972747964371074,-0.0004191483798404172
REACTOME_TERMINATION_OF_TRANSLESION_DNA_SYNTHESIS,0.9523680241030029,0.7394132185471186,0.2129548055558843
REACTOME_TETRAHYDROBIOPTERIN_BH4_SYNTHESIS_RECYCLING_SALVAGE_AND_REGULATION,0.485794861030632,0.48582869510831506,-3.3834077683037034e-05
REACTOME_TFAP2A_ACTS_AS_A_TRANSCRIPTIONAL_REPRESSOR_DURING_RETINOIC_ACID_INDUCED_CELL_DIFFERENTIATION,0.49733959033830133,0.4975353681081955,-0.00019577776989415652
REACTOME_TFAP2_AP_2_FAMILY_REGULATES_TRANSCRIPTION_OF_CELL_CYCLE_FACTORS,0.5067012825414846,0.5067073595360199,-6.076994535253455e-06
REACTOME_TFAP2_AP_2_FAMILY_REGULATES_TRANSCRIPTION_OF_GROWTH_FACTORS_AND_THEIR_RECEPTORS,0.49205482237437703,0.49205482237437703,0.0
REACTOME_TGF_BETA_RECEPTOR_SIGNALING_ACTIVATES_SMADS,0.5165832968713662,0.5148436340033138,0.001739662868052383
REACTOME_TGF_BETA_RECEPTOR_SIGNALING_IN_EMT_EPITHELIAL_TO_MESENCHYMAL_TRANSITION,0.5600587727493112,0.5471885195390156,0.012870253210295557
REACTOME_THE_ACTIVATION_OF_ARYLSULFATASES,0.5040497420069455,0.503972055022751,7.768698419452491e-05
REACTOME_THE_CANONICAL_RETINOID_CYCLE_IN_RODS_TWILIGHT_VISION,0.4963058442949175,0.496317669797797,-1.1825502879536653e-05
REACTOME_THE_CITRIC_ACID_TCA_CYCLE_AND_RESPIRATORY_ELECTRON_TRANSPORT,0.4542571481880045,0.44707594732132655,0.00718120086667795
REACTOME_THE_FATTY_ACID_CYCLING_MODEL,,,
REACTOME_THE_NLRP3_INFLAMMASOME,0.5658713359007814,0.5496543832540368,0.01621695264674461
REACTOME_THE_PHOTOTRANSDUCTION_CASCADE,0.5048391764457006,0.5046386356260356,0.00020054081966502935
REACTOME_THE_RETINOID_CYCLE_IN_CONES_DAYLIGHT_VISION,,,
REACTOME_THE_ROLE_OF_GTSE1_IN_G2_M_PROGRESSION_AFTER_G2_CHECKPOINT,0.5551895398171252,0.5474120543920575,0.007777485425067621
REACTOME_THE_ROLE_OF_NEF_IN_HIV_1_REPLICATION_AND_DISEASE_PATHOGENESIS,0.600390717900001,0.590714828655033,0.009675889244967983
REACTOME_THROMBIN_SIGNALLING_THROUGH_PROTEINASE_ACTIVATED_RECEPTORS_PARS,0.4948477762141835,0.4947119471741648,0.0001358290400187423
REACTOME_THROMBOXANE_SIGNALLING_THROUGH_TP_RECEPTOR,0.4973579855650028,0.4968580295821524,0.0004999559828504085
REACTOME_THYROXINE_BIOSYNTHESIS,,,
REACTOME_TICAM1_DEPENDENT_ACTIVATION_OF_IRF3_IRF7,0.5498550883167973,0.5446765035141453,0.0051785848026519865
REACTOME_TICAM1_RIP1_MEDIATED_IKK_COMPLEX_RECRUITMENT,0.5580979565531023,0.5359159410406706,0.022182015512431708
REACTOME_TICAM1_TRAF6_DEPENDENT_INDUCTION_OF_TAK1_COMPLEX,0.5243344212795983,0.5495766141482945,-0.025242192868696223
REACTOME_TIE2_SIGNALING,0.47082065376635696,0.4713790802912227,-0.0005584265248657627
REACTOME_TIGHT_JUNCTION_INTERACTIONS,0.49593941794874824,0.49588308256697505,5.633538177318709e-05
REACTOME_TLR3_MEDIATED_TICAM1_DEPENDENT_PROGRAMMED_CELL_DEATH,0.5221931840429292,0.5222367084632497,-4.35244203204066e-05
REACTOME_TNFR1_INDUCED_NFKAPPAB_SIGNALING_PATHWAY,0.5445219507612339,0.5350707460709766,0.009451204690257287
REACTOME_TNFR1_INDUCED_PROAPOPTOTIC_SIGNALING,0.5237923369427396,0.5235655172277869,0.00022681971495275288
REACTOME_TNFR1_MEDIATED_CERAMIDE_PRODUCTION,0.5052463350795658,0.5052486344829036,-2.299403337735484e-06
REACTOME_TNFR2_NON_CANONICAL_NF_KB_PATHWAY,0.548975155932395,0.5475931324048999,0.0013820235274950576
REACTOME_TNFS_BIND_THEIR_PHYSIOLOGICAL_RECEPTORS,0.5745199667046397,0.575868731005286,-0.0013487643006463435
REACTOME_TNF_RECEPTOR_SUPERFAMILY_TNFSF_MEMBERS_MEDIATING_NON_CANONICAL_NF_KB_PATHWAY,0.5684342672852718,0.5853199356955432,-0.016885668410271393
REACTOME_TNF_SIGNALING,0.5492197139016669,0.5473530911207555,0.001866622780911431
REACTOME_TOLL_LIKE_RECEPTOR_9_TLR9_CASCADE,0.4681913681712648,0.4523124278151595,0.015878940356105264
REACTOME_TOLL_LIKE_RECEPTOR_CASCADES,0.5150160071320922,0.48125238973704026,0.033763617395051904
REACTOME_TOLL_LIKE_RECEPTOR_TLR1_TLR2_CASCADE,0.492658662115162,0.4749415951552229,0.01771706695993913
REACTOME_TOXICITY_OF_BOTULINUM_TOXIN_TYPE_D_BOTD,0.4995911989351791,0.4995911989351791,0.0
REACTOME_TP53_REGULATES_METABOLIC_GENES,0.5217865181383504,0.4982389855295263,0.02354753260882414
REACTOME_TP53_REGULATES_TRANSCRIPTION_OF_ADDITIONAL_CELL_CYCLE_GENES_WHOSE_EXACT_ROLE_IN_THE_P53_PATHWAY_REMAIN_UNCERTAIN,0.49263673566190624,0.49260437977208316,3.235588982308801e-05
REACTOME_TP53_REGULATES_TRANSCRIPTION_OF_CASPASE_ACTIVATORS_AND_CASPASES,0.4991860112184604,0.4991860112184604,0.0
REACTOME_TP53_REGULATES_TRANSCRIPTION_OF_CELL_CYCLE_GENES,0.4760671530890185,0.4754551833150038,0.0006119697740146757
REACTOME_TP53_REGULATES_TRANSCRIPTION_OF_CELL_DEATH_GENES,0.5450765996949021,0.5467952394467243,-0.0017186397518221819
REACTOME_TP53_REGULATES_TRANSCRIPTION_OF_DEATH_RECEPTORS_AND_LIGANDS,0.525703798088736,0.5256794901105948,2.4307978141235864e-05
REACTOME_TP53_REGULATES_TRANSCRIPTION_OF_DNA_REPAIR_GENES,0.43211241585826216,0.44644164048631724,-0.014329224628055082
REACTOME_TP53_REGULATES_TRANSCRIPTION_OF_GENES_INVOLVED_IN_CYTOCHROME_C_RELEASE,0.5376204558862756,0.5361240370427308,0.001496418843544789
REACTOME_TP53_REGULATES_TRANSCRIPTION_OF_GENES_INVOLVED_IN_G1_CELL_CYCLE_ARREST,0.49876949072814875,0.49877146164529534,-1.970917146598694e-06
REACTOME_TP53_REGULATES_TRANSCRIPTION_OF_GENES_INVOLVED_IN_G2_CELL_CYCLE_ARREST,0.4781604313417874,0.479375501762657,-0.0012150704208696017
REACTOME_TP53_REGULATES_TRANSCRIPTION_OF_SEVERAL_ADDITIONAL_CELL_DEATH_GENES_WHOSE_SPECIFIC_ROLES_IN_P53_DEPENDENT_APOPTOSIS_REMAIN_UNCERTAIN,0.4962197809128501,0.4962197809128501,0.0
REACTOME_TRAF3_DEPENDENT_IRF_ACTIVATION_PATHWAY,0.4988381443420881,0.49825458862360344,0.000583555718484674
REACTOME_TRAF6_MEDIATED_INDUCTION_OF_TAK1_COMPLEX_WITHIN_TLR4_COMPLEX,0.46928186020416074,0.4691181098378987,0.00016375036626203876
REACTOME_TRAF6_MEDIATED_IRF7_ACTIVATION,0.5038142174079285,0.5033546652265832,0.00045955218134530185
REACTOME_TRAF6_MEDIATED_IRF7_ACTIVATION_IN_TLR7_8_OR_9_SIGNALING,0.5592220362990381,0.548508869784132,0.010713166514906058
REACTOME_TRAF6_MEDIATED_NF_KB_ACTIVATION,0.49672622449797454,0.49388580440355445,0.002840420094420093
REACTOME_TRAFFICKING_AND_PROCESSING_OF_ENDOSOMAL_TLR,0.5268686101223676,0.526868856487011,-2.4636464335259234e-07
REACTOME_TRAFFICKING_OF_AMPA_RECEPTORS,0.4979076250842567,0.49787543343752916,3.219164672751962e-05
REACTOME_TRAFFICKING_OF_GLUR2_CONTAINING_AMPA_RECEPTORS,,,
REACTOME_TRAFFICKING_OF_MYRISTOYLATED_PROTEINS_TO_THE_CILIUM,,,
REACTOME_TRAIL_SIGNALING,0.8005471265998919,0.7692103651846683,0.03133676141522357
REACTOME_TRANSCRIPTIONAL_ACTIVATION_OF_MITOCHONDRIAL_BIOGENESIS,0.5315097093948363,0.5253524821073571,0.00615722728747925
REACTOME_TRANSCRIPTIONAL_ACTIVITY_OF_SMAD2_SMAD3_SMAD4_HETEROTRIMER,0.5043609005514627,0.5085336606369741,-0.004172760085511484
REACTOME_TRANSCRIPTIONAL_REGULATION_BY_E2F6,0.479592056284138,0.47909554940629406,0.0004965068778439163
REACTOME_TRANSCRIPTIONAL_REGULATION_BY_MECP2,0.4763201695777113,0.4780056322242325,-0.0016854626465211964
REACTOME_TRANSCRIPTIONAL_REGULATION_BY_RUNX1,0.4917124576417057,0.5032451150818522,-0.011532657440146532
REACTOME_TRANSCRIPTIONAL_REGULATION_BY_RUNX2,0.5191546046537295,0.5115600039155553,0.007594600738174195
REACTOME_TRANSCRIPTIONAL_REGULATION_BY_RUNX3,0.512665524191694,0.5048882851312696,0.007777239060424379
REACTOME_TRANSCRIPTIONAL_REGULATION_BY_SMALL_RNAS,0.48921612683246013,0.4929960174334191,-0.0037798906009589572
REACTOME_TRANSCRIPTIONAL_REGULATION_BY_THE_AP_2_TFAP2_FAMILY_OF_TRANSCRIPTION_FACTORS,0.5040301149570274,0.49708197504293317,0.006948139914094265
REACTOME_TRANSCRIPTIONAL_REGULATION_BY_TP53,0.534035111231994,0.4761082138629056,0.057926897369088404
REACTOME_TRANSCRIPTIONAL_REGULATION_BY_VENTX,0.4833059211606862,0.4847827950758606,-0.0014768739151743704
REACTOME_TRANSCRIPTIONAL_REGULATION_OF_GRANULOPOIESIS,0.4954402010598279,0.49492612017076026,0.0005140808890676252
REACTOME_TRANSCRIPTIONAL_REGULATION_OF_PLURIPOTENT_STEM_CELLS,0.4794669030453298,0.4795802307812584,-0.00011332773592859224
REACTOME_TRANSCRIPTIONAL_REGULATION_OF_TESTIS_DIFFERENTIATION,0.49979173975484414,0.4997891118653154,2.6278895287612514e-06
REACTOME_TRANSCRIPTIONAL_REGULATION_OF_WHITE_ADIPOCYTE_DIFFERENTIATION,0.506606514275353,0.5070322323790152,-0.0004257181036622093
REACTOME_TRANSCRIPTION_COUPLED_NUCLEOTIDE_EXCISION_REPAIR_TC_NER,0.5015798543360834,0.4915464078721059,0.010033446463977524
REACTOME_TRANSCRIPTION_OF_E2F_TARGETS_UNDER_NEGATIVE_CONTROL_BY_DREAM_COMPLEX,0.5053783044068393,0.504051384437901,0.0013269199689383004
REACTOME_TRANSCRIPTION_OF_E2F_TARGETS_UNDER_NEGATIVE_CONTROL_BY_P107_RBL1_AND_P130_RBL2_IN_COMPLEX_WITH_HDAC1,0.500630036514525,0.500697704669891,-6.766815536607407e-05
REACTOME_TRANSCRIPTION_OF_THE_HIV_GENOME,0.47559815692967905,0.47258446036945495,0.0030136965602240995
REACTOME_TRANSFERRIN_ENDOCYTOSIS_AND_RECYCLING,0.5130372063169207,0.5127863249884701,0.00025088132845063615
REACTOME_TRANSLATION,0.4307129004410913,0.4368642970986786,-0.006151396657587294
REACTOME_TRANSLATION_OF_REPLICASE_AND_ASSEMBLY_OF_THE_REPLICATION_TRANSCRIPTION_COMPLEX,0.5039766538294264,0.5039876581168281,-1.100428740175019e-05
REACTOME_TRANSLATION_OF_SARS_COV_1_STRUCTURAL_PROTEINS,0.5210567860648274,0.5387828042734739,-0.0177260182086465
REACTOME_TRANSLATION_OF_SARS_COV_2_STRUCTURAL_PROTEINS,0.47804513268871207,0.49267927462365346,-0.014634141934941391
REACTOME_TRANSLESION_SYNTHESIS_BY_POLH,0.529078500972976,0.5366714592801949,-0.0075929583072188445
REACTOME_TRANSLESION_SYNTHESIS_BY_POLK,0.5334791483535616,0.5377328802851786,-0.004253731931617044
REACTOME_TRANSLESION_SYNTHESIS_BY_Y_FAMILY_DNA_POLYMERASES_BYPASSES_LESIONS_ON_DNA_TEMPLATE,0.8901251466690843,0.7352586894452131,0.15486645722387116
REACTOME_TRANSLOCATION_OF_SLC2A4_GLUT4_TO_THE_PLASMA_MEMBRANE,0.4267219574623522,0.4376188298796294,-0.010896872417277215
REACTOME_TRANSMISSION_ACROSS_CHEMICAL_SYNAPSES,0.47488205703308634,0.469326862812341,0.005555194220745352
REACTOME_TRANSPORT_AND_SYNTHESIS_OF_PAPS,0.4989358689839397,0.49892387923796466,1.1989745975049537e-05
REACTOME_TRANSPORT_OF_BILE_SALTS_AND_ORGANIC_ACIDS_METAL_IONS_AND_AMINE_COMPOUNDS,0.4936134072295869,0.493420093106126,0.00019331412346090815
REACTOME_TRANSPORT_OF_CONNEXONS_TO_THE_PLASMA_MEMBRANE,0.4879056311730767,0.48800581946136146,-0.00010018828828473048
REACTOME_TRANSPORT_OF_FATTY_ACIDS,0.501211292829672,0.501211292829672,0.0
REACTOME_TRANSPORT_OF_INORGANIC_CATIONS_ANIONS_AND_AMINO_ACIDS_OLIGOPEPTIDES,0.4949104349551353,0.4941752828594591,0.0007351520956762059
REACTOME_TRANSPORT_OF_MATURE_MRNAS_DERIVED_FROM_INTRONLESS_TRANSCRIPTS,0.5058953416716269,0.5053916080975788,0.000503733574048093
REACTOME_TRANSPORT_OF_MATURE_TRANSCRIPT_TO_CYTOPLASM,0.45678172880968426,0.47187074199774787,-0.015089013188063605
REACTOME_TRANSPORT_OF_NUCLEOSIDES_AND_FREE_PURINE_AND_PYRIMIDINE_BASES_ACROSS_THE_PLASMA_MEMBRANE,0.49913682041134355,0.49913682041134355,0.0
REACTOME_TRANSPORT_OF_NUCLEOTIDE_SUGARS,0.4973649658965636,0.4973473918853399,1.757401122370883e-05
REACTOME_TRANSPORT_OF_ORGANIC_ANIONS,0.4981277929538398,0.4981277929538398,0.0
REACTOME_TRANSPORT_OF_SMALL_MOLECULES,0.4220814330407179,0.43513645973350573,-0.013055026692787852
REACTOME_TRANSPORT_OF_THE_SLBP_DEPENDANT_MATURE_MRNA,0.5104664733853919,0.5089285010386734,0.0015379723467184858
REACTOME_TRANSPORT_OF_VITAMINS_NUCLEOSIDES_AND_RELATED_MOLECULES,0.4962819469245152,0.4962807972228464,1.1497016688122308e-06
REACTOME_TRANSPORT_TO_THE_GOLGI_AND_SUBSEQUENT_MODIFICATION,0.5358071299898695,0.4988672153700003,0.036939914619869174
REACTOME_TRANS_GOLGI_NETWORK_VESICLE_BUDDING,0.38519941411202957,0.4360370867479473,-0.05083767263591771
REACTOME_TRIF_MEDIATED_PROGRAMMED_CELL_DEATH,0.4505026331453078,0.44617022877092294,0.004332404374384868
REACTOME_TRIGLYCERIDE_BIOSYNTHESIS,0.5240089735857684,0.5231785604946738,0.0008304130910945506
REACTOME_TRIGLYCERIDE_CATABOLISM,0.49049746934238375,0.49053146766316236,-3.399832077860543e-05
REACTOME_TRIGLYCERIDE_METABOLISM,0.5100148048726327,0.5121627760762193,-0.002147971203586563
REACTOME_TRISTETRAPROLIN_TTP_ZFP36_BINDS_AND_DESTABILIZES_MRNA,0.4944011171158386,0.49301950419608254,0.0013816129197560811
REACTOME_TRNA_AMINOACYLATION,0.4855373278568115,0.4856524622667911,-0.00011513440997962254
REACTOME_TRNA_MODIFICATION_IN_THE_MITOCHONDRION,0.49121143407873424,0.4913237763560896,-0.00011234227735534841
REACTOME_TRNA_MODIFICATION_IN_THE_NUCLEUS_AND_CYTOSOL,0.4919135733122051,0.4907955705608048,0.0011180027514002822
REACTOME_TRNA_PROCESSING,0.4764812920544446,0.4761799880956604,0.0003013039587841937
REACTOME_TRNA_PROCESSING_IN_THE_MITOCHONDRION,0.49895180056420796,0.49895180056420796,0.0
REACTOME_TRNA_PROCESSING_IN_THE_NUCLEUS,0.49084985290388367,0.48990956118186707,0.0009402917220165952
REACTOME_TRP_CHANNELS,0.49937423380595924,0.4993775186678702,-3.2848619109793198e-06
REACTOME_TRYPTOPHAN_CATABOLISM,0.5527788617822084,0.5559489177693948,-0.0031700559871864487
REACTOME_TYPE_I_HEMIDESMOSOME_ASSEMBLY,,,
REACTOME_TYROSINE_CATABOLISM,0.4993872090105076,0.4993872090105076,0.0
REACTOME_TYSND1_CLEAVES_PEROXISOMAL_PROTEINS,0.4946221062008995,0.4946797555274371,-5.764932653756771e-05
REACTOME_UBIQUINOL_BIOSYNTHESIS,0.4933768971719967,0.49338330265272307,-6.405480726390245e-06
REACTOME_UB_SPECIFIC_PROCESSING_PROTEASES,0.5237038920357866,0.5003272543678808,0.023376637667905764
REACTOME_UCH_PROTEINASES,0.46001715354889905,0.4595711514229365,0.0004460021259625746
REACTOME_UNBLOCKING_OF_NMDA_RECEPTORS_GLUTAMATE_BINDING_AND_ACTIVATION,0.49893291260821976,0.4989465447851503,-1.3632176930566953e-05
REACTOME_UNFOLDED_PROTEIN_RESPONSE_UPR,0.5917809305882399,0.5209195609584965,0.07086136962974343
REACTOME_UNWINDING_OF_DNA,0.49013449210122106,0.4901786734939237,-4.418139270262467e-05
REACTOME_UPTAKE_AND_ACTIONS_OF_BACTERIAL_TOXINS,0.5138368238275999,0.4805046730445546,0.0333321507830453
REACTOME_UPTAKE_AND_FUNCTION_OF_ANTHRAX_TOXINS,0.4793272964141134,0.4793272964141134,0.0
REACTOME_UPTAKE_AND_FUNCTION_OF_DIPHTHERIA_TOXIN,0.4998975944299253,0.500789105952564,-0.0008915115226386661
REACTOME_UREA_CYCLE,0.4964947238547986,0.4964947238547986,0.0
REACTOME_VASOPRESSIN_LIKE_RECEPTORS,0.4987785240984039,0.49878164471721936,-3.120618815466436e-06
REACTOME_VASOPRESSIN_REGULATES_RENAL_WATER_HOMEOSTASIS_VIA_AQUAPORINS,0.4855359317904994,0.4854406707950811,9.526099541834476e-05
REACTOME_VEGFR2_MEDIATED_CELL_PROLIFERATION,0.4855245168953587,0.4853325167166622,0.000192000178696472
REACTOME_VEGFR2_MEDIATED_VASCULAR_PERMEABILITY,0.5271520937052848,0.5272146703246889,-6.257661940411996e-05
REACTOME_VEGF_LIGAND_RECEPTOR_INTERACTIONS,,,
REACTOME_VESICLE_MEDIATED_TRANSPORT,0.4390722170321404,0.4636899576515602,-0.024617740619419792
REACTOME_VIRAL_MESSENGER_RNA_SYNTHESIS,0.4927562225139179,0.49442378266302434,-0.0016675601491064618
REACTOME_VISUAL_PHOTOTRANSDUCTION,0.4950773059402129,0.49563556822198296,-0.0005582622817700833
REACTOME_VITAMINS,0.5001956135267985,0.5001956135267985,0.0
REACTOME_VITAMIN_B1_THIAMIN_METABOLISM,0.4997962564399718,0.4997962564399718,0.0
REACTOME_VITAMIN_B2_RIBOFLAVIN_METABOLISM,0.4905106087900277,0.4905106087900277,0.0
REACTOME_VITAMIN_B5_PANTOTHENATE_METABOLISM,0.49881408272859024,0.4988773163203765,-6.323359178628252e-05
REACTOME_VITAMIN_C_ASCORBATE_METABOLISM,0.4918620009802028,0.49210606622018827,-0.00024406523998549146
REACTOME_VITAMIN_D_CALCIFEROL_METABOLISM,0.5001956135267985,0.5001956135267985,0.0
REACTOME_VLDLR_INTERNALISATION_AND_DEGRADATION,0.5009533490481127,0.5009533490481127,0.0
REACTOME_VLDL_ASSEMBLY,,,
REACTOME_VLDL_CLEARANCE,0.49428639331359786,0.49428639331359786,0.0
REACTOME_VOLTAGE_GATED_POTASSIUM_CHANNELS,0.5004030525564765,0.5004037095288588,-6.569723822735796e-07
REACTOME_VXPX_CARGO_TARGETING_TO_CILIUM,0.4968792990630261,0.4968792990630261,0.0
REACTOME_WAX_AND_PLASMALOGEN_BIOSYNTHESIS,0.49407517669272216,0.49408963008513046,-1.4453392408297905e-05
REACTOME_WNT5A_DEPENDENT_INTERNALIZATION_OF_FZD2_FZD5_AND_ROR2,,,
REACTOME_WNT5A_DEPENDENT_INTERNALIZATION_OF_FZD4,0.4981121077382149,0.4981121077382149,0.0
REACTOME_WNT_LIGAND_BIOGENESIS_AND_TRAFFICKING,0.4979642068306733,0.4979691341235397,-4.927292866441224e-06
REACTOME_WNT_MEDIATED_ACTIVATION_OF_DVL,0.4942878715014578,0.4942041075227279,8.376397872988939e-05
REACTOME_XENOBIOTICS,,,
REACTOME_YAP1_AND_WWTR1_TAZ_STIMULATED_GENE_EXPRESSION,,,
REACTOME_ZBP1_DAI_MEDIATED_INDUCTION_OF_TYPE_I_IFNS,0.5096523203607567,0.5067256726411735,0.0029266477195831753
REACTOME_ZINC_EFFLUX_AND_COMPARTMENTALIZATION_BY_THE_SLC30_FAMILY,0.4929304844382951,0.4929304844382951,0.0
REACTOME_ZINC_INFLUX_INTO_CELLS_BY_THE_SLC39_GENE_FAMILY,0.4947218017598976,0.4947579352409184,-3.613348102077252e-05
REACTOME_ZINC_TRANSPORTERS,0.48766435806571556,0.4880585414950326,-0.0003941834293170188
