gene,proba_de,bf,lfc_mean,lfc_std,proba_up,detection_rate
ISG15,1.0,11.51291546492478,5.43641685546875,1.3227013581872007,0.99716,1.0
IFI6,1.0,11.51291546492478,4.34274322265625,1.0658058375347756,0.99712,1.0
LY6E,1.0,11.51291546492478,3.856809013671875,1.1157840457484953,0.99712,1.0
IFIT3,0.99984,8.740176729928775,5.83944810546875,1.1660245810176662,0.99736,1.0
IFIT2,0.99978,8.421662987408371,5.7439807421875,1.2073734078068514,0.99742,1.0
IFIT1,0.99976,8.334631605817599,6.317248671875,1.105769245341697,0.99744,1.0
RSAD2,0.99968,8.046869510959617,5.67374626953125,1.4411409825135852,0.99732,1.0
ISG20,0.99968,8.046869510959617,3.62443158203125,1.3276062678697143,0.99694,1.0
TNFSF10,0.9984,6.4361503683693995,4.6025208984375,1.5929473630101747,0.99574,1.0
MNDA,0.99138,4.7450128272153576,2.6201159375,3.5266108649535597,0.75284,1.0
CXCL10,0.99,4.595119850134589,6.1365671484375,3.222425795533181,0.97848,1.0
CXCL11,0.9893,4.526753880861312,6.8130570703125,3.6876382279739497,0.98064,1.0
CD38,0.9837,4.100155864705997,4.14911728515625,2.3683137403578156,0.95666,1.0
CH25H,0.98326,4.073072516552293,5.129773671875,3.1018989718538674,0.94416,1.0
IFITM3,0.98298,4.056199650914997,3.927862626953125,2.080947601012552,0.97574,1.0
APOBEC3A,0.98288,4.05023966670202,3.94572359375,3.9282750778617306,0.80122,1.0
IFI27,0.98226,4.014034062212873,3.573243798828125,1.8784754051853727,0.97794,1.0
OASL,0.98192,3.994703483676757,3.03684078125,1.5203419713873225,0.9765,1.0
DEFB1,0.97562,3.6893100422835174,5.00960173828125,4.5954505646954225,0.82578,1.0
CLEC5A,0.97182,3.5405580956558267,-4.3918605078125,4.0778559430682355,0.15276,1.0
CCL2,0.97074,3.501837271653324,2.10225607421875,3.9371031476563285,0.75938,1.0
LAG3,0.97068,3.4997269797994104,4.141530205078125,3.336301713413454,0.89202,1.0
APOBEC3B,0.97056,3.49551893063954,4.77726126953125,3.5261353552985835,0.91676,1.0
GBP5,0.97028,3.4857644697874632,2.35135037109375,1.4850350133754537,0.95368,1.0
IDO1,0.97,3.4760986898352724,3.9405269140625,3.5432414294045884,0.85838,1.0
CCL7,0.96866,3.4310184361981024,2.50793154296875,3.9079815663149415,0.77422,1.0
KRT2,0.96852,3.42641670957508,-2.2363367626953123,5.497216446990918,0.31502,1.0
TNFSF13B,0.9684,3.422488104471038,3.075141884765625,2.0974981576565495,0.93304,1.0
PRR5,0.9683,3.4192252757342523,3.562484404296875,2.8434174850242337,0.88802,1.0
CLEC2D,0.96646,3.3609011549509407,1.1843713330078125,3.5844056742696964,0.73456,1.0
ZNF704,0.96586,3.342549178806983,-3.893768212890625,3.7982499828746854,0.16662,1.0
BDH1,0.96584,3.341942820103764,-1.9261605322265625,4.401746224266306,0.28362,1.0
KLRC2,0.96572,3.3383118433943753,-0.10234047092437744,5.838030183890023,0.48978,1.0
VCAN,0.96556,3.3334895643450384,-3.761137314453125,3.923411273841086,0.18056,1.0
E2F5,0.96544,3.3298870120348405,3.324016376953125,4.18189282810397,0.78424,1.0
CD14,0.9654,3.328688841162715,-2.4420093359375,3.982631943836775,0.2538,1.0
CXCL9,0.965,3.3167800398495713,3.62634875,3.5706069240219422,0.84016,1.0
GBP4,0.96496,3.315596383634487,2.4167894140625,1.604831548533736,0.95398,1.0
IL4I1,0.96496,3.315596383634487,1.7793548779296875,3.157378846341586,0.74418,1.0
NELL2,0.9647,3.3079342082372567,-1.8915674365234374,4.763448418552378,0.34688,1.0
ARHGEF35,0.96466,3.3067602407578534,-3.665858017578125,3.0743081403517736,0.10714,1.0
CCL3L1,0.96444,3.3003262113669227,0.5209120727539063,5.88279347333894,0.53522,1.0
CATSPER1,0.9638,3.281824685374507,-2.1975016259765625,4.943866121653211,0.31194,1.0
PGAP1,0.96372,3.279534170741436,1.9130121484375,2.9473235323434617,0.76206,1.0
IGFBP4,0.96368,3.2783907355623176,2.384663505859375,2.4036943008518104,0.86702,1.0
NEIL1,0.96346,3.2721234207340055,-1.1957271044921876,5.04142549945774,0.41132,1.0
S100B,0.96322,3.2653276192824108,-1.063890068359375,5.0373730629735265,0.41924,1.0
MMP7,0.96304,3.2602587010259776,-2.705611123046875,4.256796534025913,0.25794,1.0
XCL2,0.96298,3.2585743360051223,-0.4414257678222656,5.034655362547423,0.46802,1.0
XCL1,0.96294,3.2574528837039067,-0.6289596630859375,5.070676319383916,0.45406,1.0
KRT86,0.9629,3.2563325946328483,-1.565048984375,5.029279664338799,0.37206,1.0
SOCS1,0.96274,3.2518630205551426,2.060670859375,2.4003469687235217,0.82522,1.0
KLF5,0.96262,3.248522931687876,1.965866513671875,4.675408365231169,0.6816,1.0
SPRY1,0.96252,3.245747387796613,-1.9439547607421874,4.732020070824698,0.34652,1.0
CHN1,0.96216,3.2358140128186843,-0.6232999206542968,5.5921500873579335,0.4475,1.0
UBAC1,0.96212,3.234715914693166,-1.77281396484375,1.2852367476918338,0.03514,1.0
AQP3,0.96212,3.234715914693166,-1.398488232421875,4.827159883283082,0.38084,1.0
NOG,0.96186,3.2276053097573656,-1.226811884765625,4.990861205057481,0.40838,1.0
FGFBP3,0.9616,3.2205411041872622,-0.9005329077148437,5.11065618624435,0.42402,1.0
CA6,0.96136,3.2140609392587267,0.26168381858825684,5.034686033318172,0.52506,1.0
FBLN5,0.96092,3.202280331712412,-0.37298428283691404,5.000712143635807,0.46878,1.0
CPNE7,0.96088,3.201215686079617,-1.957577197265625,4.662386044303996,0.34976,1.0
PTGDR,0.9607,3.1964376665404775,-1.3857793896484376,4.963515554030288,0.38948,1.0
FST,0.96062,3.1943208361236386,-0.4277920794677734,4.624493489074737,0.4686,1.0
IL1B,0.96052,3.1916805899148337,-2.798851298828125,3.8334306193406085,0.2423,1.0
IFNG,0.96052,3.1916805899148337,0.8708650903320313,4.769770484920211,0.57192,1.0
CD79B,0.96048,3.190626286623866,-1.9391010791015626,4.146630594383488,0.31108,1.0
ITGA1,0.96036,3.1874695047051675,-1.2223871069335936,4.73787232160202,0.39964,1.0
G0S2,0.96014,3.1817057923779197,-1.9098789306640624,4.5837938078987035,0.34254,1.0
NCAPH,0.9601,3.180661121807759,-1.7126817822265625,4.547530607753426,0.35724,1.0
CD160,0.96,3.178053830347945,-0.766386416015625,4.5809836708502605,0.4348,1.0
CXCL1,0.95972,3.1707865074018593,-2.1618113037109374,4.6727317622053395,0.32582,1.0
SIGLEC7,0.95958,3.1671709767553593,-2.67533830078125,3.0084018117179583,0.16898,1.0
IL1RN,0.95956,3.16665545190945,4.42671150390625,3.339856487176368,0.88684,1.0
MYB,0.9595,3.1651103413352617,-0.865277158203125,5.102045481543841,0.43012,1.0
P2RX5,0.9595,3.1651103413352617,-0.4714374981689453,4.961218841015301,0.47076,1.0
GPC2,0.95942,3.1630536008153234,-1.3736769580078125,4.686540524074064,0.388,1.0
CD27,0.95926,3.1589517430851144,-1.424502451171875,4.8139560087422195,0.37572,1.0
BLK,0.95926,3.1589517430851144,-1.13509248046875,4.659231384255701,0.4013,1.0
MMP9,0.9592,3.1574175223031897,-3.198597353515625,3.3262028207037884,0.17964,1.0
CD8B,0.95916,3.1563959081294635,-0.4015085168457031,4.807667465390609,0.4691,1.0
EPHX2,0.95886,3.1487641946002625,-0.07820358963012695,4.976003657725139,0.49536,1.0
COL9A3,0.95882,3.1477506601506247,-0.6035993603515625,4.860938791754448,0.45292,1.0
TNFRSF13C,0.95878,3.146738067472762,-1.5815317626953125,4.440180495257018,0.36066,1.0
PDE6B,0.9587,3.1447157001159636,-0.06175460906982422,4.74980486863762,0.49454,1.0
FN3K,0.95868,3.1442106940305123,-1.898298271484375,4.234309639788337,0.32116,1.0
YES1,0.9586,3.142193005894262,-0.07247798095703124,4.712713256623131,0.49916,1.0
CXCR3,0.95856,3.141185560384386,-1.1818410424804688,4.72043578665505,0.4065,1.0
FGF22,0.95844,3.13816879648627,-1.3451814697265625,4.394454861783687,0.38102,1.0
CXCL3,0.9583,3.134659752544962,-1.48017935546875,4.791980672242337,0.37492,1.0
COL19A1,0.95826,3.133659238247218,-0.5596770581054687,4.735241516082406,0.45362,1.0
ATP1A3,0.95824,3.1331593249417686,-1.29427564453125,4.798875837732544,0.37988,1.0
DACT1,0.95818,3.131660957761489,-3.082445654296875,3.0869548037153556,0.13862,1.0
ZNF512B,0.95812,3.130164645084359,-0.8905933129882813,4.715285950791909,0.4189,1.0
MYO6,0.95802,3.1276753401871775,-0.16839569429397583,4.490224416665414,0.48862,1.0
AGBL3,0.95798,3.126681205509361,-0.5449461364746093,4.493157284161817,0.45512,1.0
COL6A2,0.95796,3.1261844774369583,-0.9266054833984375,4.664477405415954,0.42212,1.0
PCBP4,0.95786,3.1237042211285955,-0.9916312548828125,4.673505672066692,0.41692,1.0
S100A8,0.95776,3.1212295852663265,-2.127324990234375,4.489829273095951,0.2888,1.0
KCNJ15,0.95772,3.1202412986738812,-2.29566669921875,4.121945975488773,0.3074,1.0
NCALD,0.95766,3.1187605432158017,0.6520879724121094,5.0728924760052285,0.554,1.0
BBS1,0.95756,3.116297068531141,-1.5054857177734375,4.140421299195312,0.35836,1.0
WNT7A,0.95746,3.1138391349531718,-0.9167865283203125,5.363118688866152,0.42032,1.0
CTLA4,0.95744,3.113348210872613,0.22610470657348633,4.484845552570937,0.52588,1.0
FGF9,0.9574,3.1123670236830847,-1.2731894189453126,4.508665193656067,0.38414,1.0
PLAU,0.95738,3.1118767601595674,-2.204787041015625,3.7085320601647176,0.26394,1.0
SDS,0.95736,3.1113867164076714,2.0475634912109375,3.911755050816075,0.71092,1.0
S1PR5,0.95728,3.1094287349897827,-0.5502388598632812,4.709909899307667,0.45128,1.0
PSAT1,0.9572,3.107474253446468,1.418734453125,4.217895512161973,0.62814,1.0
AKAP12,0.9572,3.107474253446468,-1.0331133032226563,4.666420330358097,0.40512,1.0
FDXR,0.95716,3.1064983210315673,-0.6325767175292969,4.589510175341685,0.4466,1.0
IL18RAP,0.95712,3.105523258679036,1.421917470703125,4.148780920750603,0.6393,1.0
ROBO3,0.95712,3.105523258679036,-1.0260837280273438,4.690541246282513,0.40976,1.0
ADAMTS10,0.95694,3.1011462016265012,-1.1007282275390624,5.054785521263361,0.4099,1.0
LYPD3,0.95682,3.098237860901275,-1.570947255859375,3.4483608754189867,0.32006,1.0
PRSS23,0.95674,3.0963032516750615,-1.1847663549804688,4.495308910378829,0.3962,1.0
CXCR6,0.95668,3.094854535137874,-0.4485505694580078,4.303480927082621,0.46254,1.0
GP9,0.95666,3.094372055311947,-0.4211989064025879,4.678007997534342,0.4596,1.0
KIF19,0.95658,3.092444259197183,0.9734142724609375,4.8528151508731865,0.58094,1.0
PDE7B,0.95654,3.09148163230988,-1.2991363427734375,4.409764661777345,0.3838,1.0
STX1A,0.95652,3.0910006359748246,-1.354612978515625,4.18391317544796,0.3724,1.0
TTLL11,0.95648,3.090039276547886,-0.923717314453125,4.85852308395818,0.41352,1.0
ST3GAL3,0.95648,3.090039276547886,-0.7357283935546876,4.3389511959593925,0.4252,1.0
TNFAIP6,0.95646,3.0895589130672083,1.6011058837890626,4.571142639102508,0.66514,1.0
INPP4B,0.95644,3.0890787601496403,-0.2349272434616089,4.718255807197669,0.48308,1.0
GPR55,0.95642,3.0885988176014543,-1.628315302734375,4.637824859902652,0.34332,1.0
GNG4,0.95642,3.0885988176014543,-0.9467220678710937,4.314069775667853,0.41342,1.0
CCNE1,0.95638,3.0876395628396285,-0.23340529742717742,4.681711953002121,0.47956,1.0
OXT,0.95636,3.0871602502398625,-1.1847986645507813,4.265444146288131,0.3952,1.0
EDAR,0.95628,3.08524509388932,-0.6221322009277344,4.439688786904868,0.4388,1.0
CCR6,0.95622,3.0838109200048796,0.3636190054321289,4.702932775156216,0.53498,1.0
RNASE1,0.956,3.0785682791331395,-0.8417364855957031,4.710601059850749,0.44386,1.0
NEO1,0.95594,3.0771428082013426,-0.04587988084316254,4.472037702033472,0.4965,1.0
PRKCZ,0.9558,3.073823897060405,-1.1880919897460938,4.644870827270245,0.40006,1.0
DAPK2,0.95578,3.0733505856161463,-1.1678673022460937,4.413930950195577,0.3915,1.0
OSBPL7,0.9557,3.071459379221044,-1.5736954052734375,4.452090068108042,0.35718,1.0
AKAP5,0.95568,3.070987086544967,-0.18081161323547362,4.388672267314362,0.48578,1.0
TBXA2R,0.9555,3.0667455745081336,-0.287642625579834,4.248443621412968,0.4739,1.0
ACSM3,0.9554,3.0643962419298436,0.723397509765625,4.563510901267783,0.57108,1.0
SLC27A2,0.95534,3.062989051650708,0.7120115051269531,4.205755265221914,0.57116,1.0
ACOT4,0.95534,3.062989051650708,-0.649033623046875,4.480428712735495,0.4432,1.0
CD8A,0.95532,3.062520388687486,-0.6697764819335937,4.657770650536441,0.44636,1.0
MRM1,0.95532,3.062520388687486,-0.2039241290283203,4.830472538955174,0.4887,1.0
CHST12,0.95522,3.0601800692719814,1.7619355126953125,2.8987334193752807,0.72604,1.0
DPP4,0.95516,3.058778267510651,0.3363502031326294,4.857252296203857,0.53462,1.0
COL23A1,0.95508,3.056911976735517,-1.603819326171875,4.079669225669233,0.33988,1.0
CCR4,0.95494,3.0536535762777883,-0.4481595465087891,4.32399755061772,0.46096,1.0
ATP6V0E2,0.95492,3.053188878166775,-1.3024122216796874,4.671053905953065,0.36652,1.0
PLCG1,0.9549,3.0527243764475234,0.6381669897460938,4.454313964371888,0.5534,1.0
EDN1,0.95488,3.052260070945482,2.0525696142578127,4.116889878962095,0.6903,1.0
CX3CR1,0.95486,3.051795961486333,-1.3458446923828125,4.211374807246442,0.36462,1.0
PDGFRB,0.95486,3.051795961486333,-0.45210665954589846,4.576276115360528,0.4516,1.0
CADM1,0.95484,3.051332047895983,-0.6610929125976562,4.39287281303911,0.44512,1.0
MYBL1,0.95482,3.050868330000577,0.31153678619384767,4.382454139403287,0.52948,1.0
PARD6A,0.9548,3.050404807626489,-0.953327255859375,5.039514775698711,0.41118,1.0
BLM,0.95472,3.0485526698788448,-0.32188709365844725,4.555519191616486,0.47578,1.0
ZBTB16,0.95468,3.047627769635537,-1.0870765234375,4.327455320863064,0.40692,1.0
SPP1,0.95458,3.0453189164911625,-0.66817908203125,4.567951015494899,0.43788,1.0
POMK,0.95454,3.0443967306208073,-1.851897138671875,3.617817663181621,0.30026,1.0
CCL3,0.95448,3.043014899749469,1.472972470703125,4.049408694170759,0.63374,1.0
MCOLN3,0.95446,3.042554674894631,0.46094982055664063,4.795040686459688,0.53374,1.0
ST8SIA1,0.95446,3.042554674894631,-0.13349446416378022,4.551118999752987,0.49274,1.0
KRT18,0.95444,3.042094642474842,-0.8295694946289063,4.377201053522232,0.41956,1.0
MARS2,0.95432,3.0393384796259344,-0.1788447994995117,4.651934510925748,0.49328,1.0
HBA1,0.9543,3.03887978952305,0.3015017617034912,4.480643400387905,0.53238,1.0
EPHA1,0.95422,3.037046938304392,-0.9952461596679687,4.123376944376558,0.40758,1.0
KRT1,0.95416,3.0356742998639294,-0.836760703125,4.217190068348919,0.4221,1.0
RFC3,0.95414,3.035217133775832,-0.673354228515625,4.140892691928291,0.43798,1.0
PDGFD,0.95408,3.0338467733634857,-0.03471678886413574,5.079972961684536,0.49338,1.0
FZD3,0.95402,3.0324781162540884,-0.7201767602539062,4.2970028395080435,0.43494,1.0
EPHA4,0.95392,3.0302007941020705,-1.1363320703125,4.486521991724693,0.40408,1.0
IL1R2,0.9539,3.029745894148559,-1.0501559326171874,4.316543993571584,0.39932,1.0
ITPR3,0.95388,3.0292911819721624,-0.4707921643066406,4.413513832243247,0.4593,1.0
FASLG,0.95388,3.0292911819721624,0.4647139385986328,4.231303574508351,0.54992,1.0
POLA1,0.95386,3.0288366574096592,-0.8505776110839843,4.125114410461564,0.4215,1.0
AGMAT,0.95384,3.028382320298033,0.17520619943618773,4.801269401502495,0.52106,1.0
NDC1,0.9538,3.0274742077764305,-0.7422247265625,4.398466187096272,0.4328,1.0
CCL23,0.95372,3.0256602249947306,-0.828860185546875,4.916157450088962,0.42614,1.0
ICOS,0.95364,3.023849223268538,0.47761675659179686,4.421760622133194,0.55036,1.0
TPST1,0.95358,3.0224929220904917,-2.73373919921875,2.7552724156432933,0.15998,1.0
HPSE,0.95336,3.0175340447403136,1.4475210498046875,3.162867845118546,0.72474,1.0
KISS1R,0.95336,3.0175340447403136,-0.8755990063476562,4.344607628150441,0.41764,1.0
CRB3,0.9533,3.0161854848246814,-0.22929953615188597,4.662273294176944,0.47834,1.0
SH2D2A,0.95324,3.014838571651295,-0.9739980859375,4.333959983068612,0.41996,1.0
CCR9,0.95312,3.0121496686116194,-0.6658872155761719,4.529076349048138,0.43328,1.0
RGS9,0.95312,3.0121496686116194,0.03830272086858749,4.676027244595466,0.50226,1.0
CCL20,0.95308,3.0112548217811743,-0.7497207934570312,4.204359221835494,0.4281,1.0
LEF1,0.95308,3.0112548217811743,-0.24859699996948242,4.521192830407831,0.47828,1.0
NRG2,0.95306,3.010807670326086,-1.4272233837890624,3.875742093088845,0.3562,1.0
TUBB1,0.95306,3.010807670326086,-0.28916411056518554,4.095353313891067,0.46656,1.0
TNFRSF13B,0.95304,3.0103606999712644,0.09173336235046387,5.411594734304933,0.5031,1.0
KLRG1,0.95302,3.009913910562091,-1.029408505859375,4.33763558000662,0.40742,1.0
XRCC2,0.953,3.0094673019441425,-1.1569796899414062,3.918559732845167,0.38356,1.0
IDO2,0.95292,3.0076826723030434,1.5103658251953125,4.049117621356792,0.62628,1.0
GMPPB,0.95286,3.006346090842626,-1.7367619677734376,3.816250790220453,0.32706,1.0
PRKCQ,0.9528,3.00501112544958,-0.38934748291015625,4.639627378295215,0.47096,1.0
PCP2,0.95278,3.0045664953993496,-0.9354785107421875,4.174733013881196,0.4003,1.0
ATP6V1E2,0.95278,3.0045664953993496,-0.913891044921875,4.14216309567074,0.4144,1.0
DERL3,0.95278,3.0045664953993496,0.09627201541900635,4.245128455688611,0.50546,1.0
SERPINE2,0.95274,3.0036777720073,-0.4005646011352539,4.410903955363612,0.45906,1.0
LTB4R,0.95272,3.003233678361898,-0.6340694921875,4.106970491891144,0.43802,1.0
MICU3,0.95268,3.0023460264148354,-0.448289521484375,5.654764205842478,0.45462,1.0
GNAL,0.95266,3.0019024678107487,-0.6364034423828125,4.26202812114119,0.43496,1.0
CD40LG,0.95262,3.0010158845868364,-0.8608008471679688,4.654368355871708,0.41292,1.0
C1QB,0.95262,3.0010158845868364,0.18933507344245912,4.692095426948342,0.5025,1.0
POLD1,0.9525,2.998360395960261,-0.5057492309570313,3.9824464475462658,0.45298,1.0
IL12RB2,0.95248,2.9979184343506904,0.3053984824752808,4.963969875326783,0.52628,1.0
AQP11,0.95246,2.997476649436347,-0.7827561450195313,4.590571800773751,0.4214,1.0
TAB1,0.95244,2.9970350410682025,-0.0363653747177124,4.185460858565534,0.49702,1.0
HOXA1,0.95242,2.9965936090974172,-0.909409814453125,3.911192348408773,0.40728,1.0
MAF,0.95236,2.9952703700836016,-0.5776464562988282,4.094364071458522,0.44976,1.0
CXCL5,0.95228,2.993508511964593,-2.230166728515625,3.517152939597867,0.26806,1.0
TLR3,0.95226,2.993068485836838,1.532500517578125,3.7647764209259864,0.65816,1.0
S100A12,0.95208,2.9891161110669913,-1.0028666259765624,4.62145851901782,0.40904,1.0
KRT81,0.95206,2.988677829009206,-1.7608236328125,4.86253646127759,0.3491,1.0
SNAI1,0.95206,2.988677829009206,-1.1412546362304687,3.897925425262451,0.3838,1.0
DNM3,0.95204,2.988239720556093,-0.9940208666992187,3.839656770875365,0.39488,1.0
KLRB1,0.95204,2.988239720556093,-0.3847677624511719,4.285025755127187,0.4722,1.0
IL23A,0.952,2.9873640238834733,-1.3644708984375,3.7195021124059284,0.35434,1.0
GZMM,0.9519,2.9851778101455433,-0.9466455615234375,4.598541395061915,0.39894,1.0
PERP,0.95188,2.9847410853196963,-0.7053453454589844,4.1862718411510675,0.43314,1.0
KCNG1,0.95186,2.984304532798702,-1.9847866650390624,3.9362192683662984,0.28318,1.0
F2R,0.95186,2.984304532798702,-0.8313890380859374,3.9752997923710787,0.41874,1.0
GDPD1,0.95186,2.984304532798702,0.16182979614257811,4.101597243173134,0.51306,1.0
KALRN,0.9518,2.982995907630455,-1.4365013623046874,4.32570197610709,0.3659,1.0
CHST10,0.9518,2.982995907630455,-1.0608470141601563,4.0625979434405615,0.40186,1.0
LNX1,0.9518,2.982995907630455,-0.6522664392089844,4.331365291586088,0.43936,1.0
ZNF625,0.95178,2.982560042895393,-1.4035676416015626,3.7476474371195896,0.34884,1.0
SLC37A4,0.95178,2.982560042895393,-0.974933603515625,4.009144553975766,0.3897,1.0
PLEKHA5,0.95172,2.981253477653898,-1.50742677734375,3.8158142893273173,0.35368,1.0
ST6GALNAC3,0.9517,2.9808182984197704,-0.72962037109375,3.943821554028848,0.42956,1.0
DENND5B,0.9517,2.9808182984197704,0.18960781135559082,3.953703274273114,0.52736,1.0
ELOVL6,0.95166,2.9799484528681854,0.32340080139160154,4.113714368552375,0.52092,1.0
TSPAN15,0.95166,2.9799484528681854,-0.31387648170471194,4.094571328812416,0.46802,1.0
IFNLR1,0.95164,2.979513786267052,0.45435918212890625,3.907326501569219,0.54562,1.0
RPS6KA2,0.9516,2.9786449647062168,-0.05991558679103851,4.126425175843431,0.49132,1.0
PARP16,0.95158,2.9782108094638926,-0.6617431213378906,4.04257458602182,0.44054,1.0
ORC6,0.95158,2.9782108094638926,-0.3669528793334961,4.135690597368395,0.46742,1.0
SCARF1,0.95156,2.977776824392173,-0.12873524529457092,3.8130969986343053,0.48586,1.0
ACSM1,0.95152,2.9769093641972253,0.24120487731933593,4.562872327715555,0.52292,1.0
CXXC5,0.95148,2.9760425829964583,-1.8308207373046874,2.6665544536756833,0.2215,1.0
LDLRAP1,0.95146,2.97560944666812,-1.2425155590820312,3.80642788063022,0.38138,1.0
ADORA3,0.95142,2.9747436818555055,-0.894177705078125,5.173311052639907,0.41332,1.0
TOP2A,0.9514,2.9743110530917334,-0.3529006076049805,4.33768471204997,0.46504,1.0
MATK,0.95138,2.973878593236944,-1.217222646484375,3.7862864657551434,0.36076,1.0
PPP1R14A,0.95134,2.9730141796972203,-0.497871845703125,4.055233273993762,0.44908,1.0
FOXP3,0.9513,2.972150440123868,-1.2618576684570313,4.410935654660605,0.37824,1.0
CD3E,0.9513,2.972150440123868,-0.9027873486328125,4.455105516079112,0.38094,1.0
STAG3,0.95128,2.971718822727682,0.9195755322265625,3.9734241349439694,0.59532,1.0
PIK3R4,0.95126,2.971287373407154,-0.9047017919921875,3.8888624144476522,0.4128,1.0
SLC19A2,0.9512,2.9699940325174716,-0.6253196789550781,3.943838586848037,0.43798,1.0
FBXO15,0.9512,2.9699940325174716,-0.04048020661830902,4.05456360183308,0.4944,1.0
AREG,0.95118,2.969563254118378,0.3125781678771973,4.186708573334074,0.52442,1.0
TLE2,0.95114,2.968702199340474,-0.24800683261871337,4.873967033354291,0.47478,1.0
CENPF,0.95112,2.9682719226869487,-0.5878922387695312,4.436102718036357,0.44714,1.0
LCK,0.95106,2.966982094023331,-0.975878984375,4.539100059315747,0.38968,1.0
CROT,0.95104,2.9665524844452142,0.9731547778320313,3.941698923482448,0.60984,1.0
LSR,0.95098,2.965264653730064,-1.5285421875,3.8661102251772665,0.34042,1.0
SCMH1,0.95096,2.9648357090444137,-0.953722685546875,3.909091620426126,0.41086,1.0
LRFN3,0.95096,2.9648357090444137,-0.8144086450195313,3.8475270218566955,0.42076,1.0
IL2RB,0.95096,2.9648357090444137,-0.07506516765117645,3.9585819877094877,0.4973,1.0
ZFYVE9,0.95088,2.963121587779462,-0.18661329796791076,4.152224244925428,0.47532,1.0
VAMP1,0.95084,2.9622655197392223,-1.6732949951171876,3.5494113167190515,0.31916,1.0
KIF18A,0.95082,2.9618377333947254,-1.224708427734375,3.732475014757151,0.37048,1.0
COLGALT2,0.95082,2.9618377333947254,-1.0752600415039062,3.9454966050337084,0.39052,1.0
FITM2,0.9508,2.961410111987776,0.24471798736572264,4.212408388889267,0.52594,1.0
INSL3,0.9508,2.961410111987776,0.18284991653442384,4.306433519517439,0.51534,1.0
CD9,0.95078,2.9609826553839276,-2.59610328125,2.8962987862672223,0.18482,1.0
ABCB1,0.95076,2.9605553634488992,-0.22672817321777344,4.558769078089427,0.4839,1.0
SLC27A4,0.95072,2.959701273048979,-1.2454821313476563,3.881010414649605,0.37356,1.0
LAIR2,0.95072,2.959701273048979,-0.5615862084960938,4.189552499871195,0.4461,1.0
KCNK12,0.95072,2.959701273048979,-0.45441289978027344,4.029523163393627,0.45842,1.0
CTH,0.95072,2.959701273048979,0.007658878660202027,3.936715067320109,0.50464,1.0
HBG1,0.95062,2.9575689193851247,0.36861870086669923,4.47261603087291,0.53622,1.0
PARD6B,0.95062,2.9575689193851247,0.10305538879871369,4.000129706994143,0.51244,1.0
ADM2,0.9506,2.9571429399860323,0.3484147885131836,4.201250467958357,0.53436,1.0
INCENP,0.95058,2.956717124054542,0.039592626419067384,4.175684473516975,0.50328,1.0
GNAO1,0.95056,2.956291471457995,-0.9629488720703125,3.8737174763999005,0.4027,1.0
HBB,0.95056,2.956291471457995,0.20475720947265624,4.2193525163280645,0.52498,1.0
PLCB2,0.95054,2.9558659820638957,-0.49585120483398437,4.0962491489748505,0.45118,1.0
POLR1A,0.9505,2.9550154923538394,-0.6116841101074219,3.896424303657084,0.43896,1.0
IER3,0.95038,2.952467926352259,-2.0464134033203125,2.7302010419721796,0.22958,1.0
TNFRSF18,0.95038,2.952467926352259,-1.0865712475585938,3.9956993034985704,0.40016,1.0
HBA2,0.95038,2.952467926352259,0.1558530699157715,4.336049187333191,0.51754,1.0
F12,0.95036,2.9520438998441807,-1.94574427734375,3.3390292944296025,0.26594,1.0
E2F1,0.95036,2.9520438998441807,-0.5239079119873047,4.696411673728369,0.45774,1.0
NET1,0.95036,2.9520438998441807,-0.48236007629394534,3.803800849838908,0.45374,1.0
GRK4,0.95034,2.9516200352223625,-2.0706692138671876,3.1699038430100908,0.2587,1.0
PRKACB,0.95034,2.9516200352223625,-0.5639921423339844,3.9440146073208857,0.43812,1.0
DOK3,0.95032,2.951196332356062,-1.497823310546875,3.34538722451451,0.3297,1.0
CCND1,0.9503,2.9507727911146873,-0.33887545166015626,3.9027397265990755,0.47022,1.0
IL6,0.95026,2.949926192985162,1.4333888037109375,3.868761269962083,0.64476,1.0
ACACA,0.95026,2.949926192985162,-0.7260534643554688,4.044863549308236,0.43266,1.0
PGAM5,0.95024,2.9495031358366255,-0.7864885717773438,4.137150847227309,0.4262,1.0
BCL11A,0.95022,2.949080239792243,1.1434881665039063,3.981040998313511,0.6153,1.0
HPGD,0.95022,2.949080239792243,-0.7122836889648437,3.992071066446542,0.4248,1.0
RASGRF2,0.95022,2.949080239792243,-0.43052971374511717,4.852490326492939,0.46112,1.0
SLC14A1,0.95018,2.948234930496892,-0.24000721923828125,4.327606969398736,0.48006,1.0
TXK,0.95018,2.948234930496892,-0.013876100702285767,4.08487796643967,0.49408,1.0
CD3G,0.95016,2.947812516986787,-0.5842337658691407,4.545573642010804,0.43596,1.0
ITGA2B,0.95016,2.947812516986787,-0.5420883349609374,3.9037925273347045,0.43996,1.0
IGFBP3,0.95002,2.944860111597755,0.6486470056152344,4.758045254117639,0.56764,1.0
ZKSCAN7,0.95,2.9444389791664394,-0.7637253149414063,4.100437354097749,0.41824,1.0
MAD2L1,0.94998,2.944018006291926,-0.3096913412475586,4.180850651672909,0.46342,1.0
PELI3,0.94996,2.9435971928462674,-1.8108371435546875,3.3349926577164606,0.29372,1.0
ZNF597,0.94996,2.9435971928462674,-0.6556129089355469,4.3075843717665085,0.42726,1.0
IGFBP6,0.94994,2.9431765387016777,0.8230333642578125,3.86816083297424,0.57908,1.0
FAAH2,0.9499,2.942335707805317,-0.137128663482666,4.00519278990899,0.49114,1.0
ECM1,0.94988,2.941915530798733,-1.7310229248046876,3.3408415717058664,0.30174,1.0
C1QA,0.94984,2.941075653032872,0.6818867919921875,4.0470938710813344,0.56714,1.0
PCOLCE,0.94982,2.9406559520196938,-0.990365625,3.9649581185610727,0.39958,1.0
BCL9,0.9498,2.9402364094173374,0.12199403457641601,3.9687517906566376,0.5119,1.0
VCAM1,0.94974,2.9389787308102564,-0.7155865869140625,4.6448077673896995,0.43518,1.0
CD1D,0.9497,2.938141068143213,1.497627216796875,3.5641766209230212,0.6627,1.0
CLEC1B,0.94964,2.9368857562313218,-1.1399267895507812,3.843904610763897,0.37562,1.0
KLHL3,0.94958,2.935631859814309,-0.523984462890625,4.39375197028681,0.44694,1.0
CTF1,0.94958,2.935631859814309,0.004735757293701172,3.8295135178688633,0.50144,1.0
IL24,0.94954,2.9347967135875868,-1.0825071606445313,3.7242824556756315,0.3868,1.0
RGS16,0.94948,2.9335451688304603,-1.3424321435546875,3.9107860316391214,0.3639,1.0
TAS2R14,0.9494,2.931878629823798,-0.3243269577026367,4.19931042435926,0.47208,1.0
PTX3,0.94938,2.9314623848419687,-0.011657682380676269,4.285033405463896,0.49422,1.0
SCD5,0.94932,2.930214583368368,0.02590775906562805,3.7722653587012798,0.50618,1.0
CDKN2C,0.9493,2.929798960290616,-1.717926201171875,3.648949174096519,0.31822,1.0
BAMBI,0.94928,2.929383492381363,0.9429490698242188,3.658648003809623,0.60226,1.0
EFNA3,0.94924,2.92855302157763,-0.2930052114868164,3.7984062777340006,0.46432,1.0
HS2ST1,0.94912,2.9260653204776452,-1.0873001196289063,3.8652986741621875,0.39512,1.0
VIPR2,0.94912,2.9260653204776452,-0.5165481408691406,3.8685170833815166,0.44972,1.0
HLA-DMB,0.9491,2.9256512435799706,-1.0848762426757812,3.4474703054308793,0.36936,1.0
PTPN14,0.9491,2.9256512435799706,-0.07059141386032104,3.6663762626282916,0.48998,1.0
EFNA5,0.94908,2.925237320630121,0.1882280290031433,4.09831361256189,0.51518,1.0
NTHL1,0.94904,2.92440993608894,-0.9758573706054687,4.268224195477551,0.39346,1.0
IL18R1,0.94904,2.92440993608894,0.7997455541992188,4.461192264803052,0.59444,1.0
PLEKHG1,0.949,2.923583165885601,-0.5729931610107422,3.9218995329826996,0.44396,1.0
HBD,0.94898,2.923170010858591,0.02905191068649292,4.29178081325054,0.50804,1.0
KHK,0.94894,2.9223441603510545,-0.9340438208007813,3.7779634570772886,0.40296,1.0
CHRNA6,0.94892,2.921931464629825,1.5456011474609375,4.886986600193153,0.62628,1.0
RRAS2,0.9489,2.9215189217700535,-0.54855927734375,4.76357693537536,0.44036,1.0
AMT,0.94888,2.92110653165174,-0.5202456719970703,4.570512449402508,0.4513,1.0
RAMP1,0.94886,2.920694294155028,-1.43068841796875,3.8435763967791217,0.34476,1.0
SLC16A1,0.94886,2.920694294155028,-0.9225230200195312,4.054095511721331,0.408,1.0
HILPDA,0.94886,2.920694294155028,-0.7069595849609375,3.9122238846156105,0.42918,1.0
SYCE1,0.94886,2.920694294155028,-0.5567582348632812,3.647541744205873,0.44048,1.0
IL16,0.9488,2.9194584961979984,-1.248924462890625,3.335717072702414,0.28514,1.0
PTGDS,0.9488,2.9194584961979984,0.6031971740722656,4.364025920144291,0.56392,1.0
IRF6,0.94876,2.9186353918102133,0.5914720666503906,4.340234397183788,0.55718,1.0
TPCN1,0.94872,2.9178128950441256,-0.8299817138671876,3.6903712607468213,0.41366,1.0
GALR2,0.9487,2.917401874222107,0.29622577423095703,4.738462911053675,0.52582,1.0
PXMP4,0.94864,2.9161697205773525,-0.7356062768554688,3.91964078880493,0.42714,1.0
NR3C2,0.94864,2.9161697205773525,-0.575586264038086,4.326506292917032,0.44958,1.0
ELOVL4,0.94864,2.9161697205773525,-0.17089055320262908,4.556079404907919,0.48174,1.0
PRKAR1B,0.9486,2.915349040982362,-0.3621423376464844,3.7969752967126924,0.45784,1.0
ZNF442,0.94858,2.9149389276811752,-1.188593193359375,3.796414294322639,0.38196,1.0
BUB1,0.94858,2.9149389276811752,0.8162643872070312,5.472770553230103,0.57368,1.0
AMY2B,0.94858,2.9149389276811752,-0.12739079513549806,3.8601302883616824,0.48372,1.0
HADH,0.94854,2.914119153482554,-0.8349757568359375,4.0319373950213135,0.42406,1.0
GSTM2,0.94848,2.9128906214315142,-1.1064073901367188,3.6741646413914077,0.38602,1.0
GAMT,0.94842,2.911663441664161,-1.1869810424804688,4.17223568535707,0.37046,1.0
CYP2R1,0.94842,2.911663441664161,-0.7856303198242187,3.8572835477522776,0.41332,1.0
GRAP,0.9484,2.911254681703734,-0.9278743359375,4.037086830386924,0.3917,1.0
PITPNM2,0.94838,2.910846071529964,-0.735422734375,3.823891179587476,0.42778,1.0
KNTC1,0.94838,2.910846071529964,0.2707937062072754,4.390182298313879,0.52706,1.0
HBG2,0.94832,2.9096211385651825,0.3172799008178711,3.9934905466004302,0.53284,1.0
FUT7,0.94824,2.9079899845785993,0.11519151714324952,3.8023586707796566,0.51278,1.0
DSP,0.94816,2.906361212341181,1.1542397192382812,4.155145516619452,0.61046,1.0
TNKS1BP1,0.94816,2.906361212341181,-1.1272091381835938,3.511802676028068,0.37138,1.0
UBE2C,0.94814,2.9059543905658796,-0.11105272895812988,3.8554612172398977,0.48458,1.0
APBB1,0.94812,2.9055477170743984,-0.8363026098632812,3.609338681555579,0.40684,1.0
NHLRC1,0.94808,2.9047348144843594,-1.5792158447265625,3.314589372213332,0.30532,1.0
THBS3,0.94806,2.9043285851568603,-0.8078217163085938,3.6304227075641946,0.4152,1.0
CAPN12,0.94796,2.902299653627695,-0.91759623046875,3.622072908961047,0.4033,1.0
SERPINB2,0.94794,2.9018943095463934,-1.2776798999023438,4.221586427400313,0.36848,1.0
TAF4B,0.94794,2.9018943095463934,0.9313863623046875,3.742723783438051,0.59958,1.0
KRT23,0.94784,2.899869794020982,-1.4193260302734374,3.4089285664781457,0.33996,1.0
ZNF696,0.94784,2.899869794020982,-1.4076502734375,4.014167012151005,0.33406,1.0
EXOSC5,0.94782,2.8994653311004783,-0.40442429321289064,4.468701596639594,0.4592,1.0
EGR4,0.9478,2.8990610146448943,-0.4431339050292969,3.738393940755306,0.45306,1.0
NUP210,0.94778,2.898656844541658,-0.4443254901123047,3.875556448888851,0.4473,1.0
ATP2B4,0.94778,2.898656844541658,0.42828804626464845,3.9009991676078077,0.5547,1.0
KIF27,0.94776,2.898252820678329,1.0616747583007813,3.5473979224337064,0.61428,1.0
NME1,0.9477,2.8970416254052718,0.10556016699314118,3.8420979758241303,0.51312,1.0
ZNF382,0.94766,2.896234891033774,-0.5228307788085937,4.553925110740228,0.45498,1.0
SKP2,0.94764,2.8958317422557913,-0.287404156165123,3.75247841841982,0.47174,1.0
KIR3DL2,0.94762,2.895428738934216,-1.440320205078125,3.715176214987145,0.33168,1.0
GCHFR,0.94762,2.895428738934216,-1.2287867822265626,3.8042587100363967,0.37668,1.0
ALAS2,0.94762,2.895428738934216,0.25573894412994386,4.109416503435166,0.53208,1.0
ABCG2,0.9476,2.895025880957634,1.4086263671875,3.4241545660263566,0.66066,1.0
CCL4,0.9476,2.895025880957634,1.0108601879882813,3.8407434787294497,0.59808,1.0
CREB3L4,0.94758,2.8946231682147574,-0.9049366625976563,3.727805344108195,0.40744,1.0
SLA2,0.94758,2.8946231682147574,-0.095717638630867,4.030427102162056,0.49552,1.0
PORCN,0.94752,2.8934159002773936,-1.6187928857421876,3.430387668180957,0.31908,1.0
NUDT13,0.94752,2.8934159002773936,0.19997408584594725,4.301893157667921,0.51938,1.0
NCR3,0.94752,2.8934159002773936,-0.02224279624938965,4.190824037989428,0.50998,1.0
EVC2,0.9475,2.8930137673590037,-1.5345167919921876,3.400494548743095,0.31966,1.0
DYNLRB2,0.9475,2.8930137673590037,-0.8317395092773437,4.3181907667543,0.4086,1.0
ST3GAL4,0.9475,2.8930137673590037,-0.1374229543554783,3.7663372057267006,0.4851,1.0
CCR3,0.94748,2.892611779119785,0.34587210632324217,3.7515663376871697,0.53796,1.0
SESN3,0.94746,2.8922099354492126,-0.9806659887695313,3.9218122604187315,0.38998,1.0
MYL9,0.9474,2.8910052707459877,-0.5791487182617188,3.7711627647283152,0.43338,1.0
ALMS1,0.94736,2.890202881766404,-1.347730537109375,3.64940977903008,0.35354,1.0
LTA,0.94736,2.890202881766404,1.0745734375,4.292227847653178,0.60138,1.0
IL19,0.94734,2.889801903193688,-1.73481361328125,3.352553668798466,0.31048,1.0
FUT8,0.94734,2.889801903193688,-1.200648056640625,3.5269400614711457,0.3602,1.0
ABCA2,0.9473,2.8890003773341726,-0.7670060131835937,3.5932592624666966,0.416,1.0
NAPEPLD,0.94724,2.8877991651187065,-0.4787136218261719,3.8993115311187396,0.45428,1.0
ACHE,0.94722,2.8873990476965115,-0.19946782905578614,3.71292834850193,0.47374,1.0
MYBL2,0.94718,2.8865992421729687,0.20095074806213378,3.8905793330625285,0.5166,1.0
MRI1,0.94714,2.8858000083526494,-0.6853382653808594,3.8479980764521904,0.42772,1.0
LRFN1,0.94708,2.8846022276680445,-0.6895772680664063,3.915798543136326,0.43614,1.0
PSTPIP1,0.947,2.8830071796339554,-2.0794594091796874,2.8121612454234493,0.22376,1.0
EHD3,0.947,2.8830071796339554,-0.297291950378418,4.290363839028131,0.4674,1.0
CCL19,0.94692,2.8814144028569366,1.6824763525390625,3.479433273001776,0.6893,1.0
TNFRSF4,0.94688,2.8806188640436674,-0.39600222717285155,3.5975398345361156,0.46076,1.0
PRIM1,0.94684,2.879823890473146,-0.44371107482910155,4.2728420464544445,0.45228,1.0
LHX4,0.9468,2.8790294812922297,-1.280111513671875,3.5540674130673438,0.36498,1.0
LRTOMT,0.9468,2.8790294812922297,-1.0836909130859376,3.492895107422705,0.37674,1.0
CNKSR2,0.9468,2.8790294812922297,0.21639170043945313,4.752818089116279,0.52042,1.0
FLOT2,0.94678,2.878632488081792,-0.9326963134765625,3.6494725818794325,0.3999,1.0
RDH13,0.94674,2.877838923889847,-0.3279681167602539,3.9503540931495915,0.46478,1.0
TCTN1,0.94674,2.877838923889847,-0.13243534431457518,5.760657712954856,0.4779,1.0
LCN2,0.9467,2.8770459219630466,-0.8777152783203125,3.5862262481197553,0.39728,1.0
ZNF726,0.94668,2.87664963158449,0.050868088722229005,4.012877427738075,0.50542,1.0
ST8SIA6,0.94668,2.87664963158449,0.04718399631500244,4.112854762265712,0.50054,1.0
EFCAB7,0.94658,2.8746702813186595,-0.21759519630432128,5.5069460600836,0.46594,1.0
EPM2A,0.94656,2.8742748308539894,-0.1156603345489502,4.589648691227579,0.48886,1.0
RAB33A,0.94652,2.8734843486731085,-1.0820062109375,4.022308375655411,0.36156,1.0
NR4A2,0.94652,2.8734843486731085,-0.9625316479492187,3.733120486788989,0.40848,1.0
PF4,0.9465,2.873089316747417,0.03602577693939209,3.6860085748283895,0.49852,1.0
SMARCD3,0.94648,2.872694424125434,0.010387642974853516,3.6870362774098013,0.50004,1.0
SLC9B1,0.94646,2.872299670702714,0.48431266357421876,3.6877336623208223,0.55448,1.0
SLC25A16,0.94644,2.8719050563749273,-0.3496874298095703,3.662378015015746,0.46122,1.0
ZFP69B,0.94638,2.8707220469196244,-1.092354130859375,4.309520432605519,0.32812,1.0
EOMES,0.94638,2.8707220469196244,-0.6153029345703125,3.829631779209871,0.43862,1.0
TRIM2,0.94638,2.8707220469196244,-0.46290514282226564,3.566085021902338,0.4466,1.0
WWOX,0.94638,2.8707220469196244,-0.43103976806640626,3.6200716163368587,0.449,1.0
ARHGEF26,0.94638,2.8707220469196244,-0.0007537035608291626,4.147418292676896,0.5127,1.0
TPSAB1,0.94634,2.86993406751663,-0.7232695825195312,3.9208436614142146,0.42778,1.0
PRX,0.94628,2.86875313668917,-0.8715574926757812,3.479526867903265,0.39716,1.0
POLE,0.94626,2.868359769540176,-0.34680595275878906,3.594504840057051,0.4643,1.0
DBP,0.94624,2.867966540449218,-1.587774375,3.050569573308132,0.29268,1.0
TLR6,0.94624,2.867966540449218,-1.44699748046875,3.2918229731912363,0.32428,1.0
SLC12A2,0.94624,2.867966540449218,0.04784752025604248,5.013222297315903,0.5027,1.0
CD70,0.9462,2.86718049602931,-0.2342189651489258,3.766357614392129,0.47596,1.0
DUSP16,0.94618,2.866787680494595,-0.49943078735351565,3.6568254384207277,0.44702,1.0
NUF2,0.94614,2.8660024622620974,0.22832903750419617,3.8085640993778624,0.53254,1.0
ZNF563,0.94608,2.864825665468469,-0.8812445166015626,4.505469217249706,0.38714,1.0
OSM,0.94604,2.8640418201165065,-2.46366236328125,2.984603091084968,0.20872,1.0
MAPK13,0.94604,2.8640418201165065,-1.2330813671875,3.622930819751808,0.3679,1.0
BTLA,0.94602,2.8636501028875863,0.38603290161132814,4.289354082216056,0.53418,1.0
PDE9A,0.946,2.863258522487603,-0.7495064306640625,3.844625117991768,0.42298,1.0
MT1E,0.946,2.863258522487603,0.4385479220676422,3.755615251242152,0.54344,1.0
ACSS1,0.94598,2.8628670788148733,-0.8628582397460938,3.908035311258046,0.40248,1.0
TNFRSF10A,0.94594,2.862084601244984,0.4649487628173828,3.693580911885116,0.55112,1.0
TREML1,0.94588,2.860911907808872,-0.5049918127441406,3.6708212407527263,0.4412,1.0
KLRC1,0.94584,2.8601307929508386,-0.40768063598632814,4.128613017025728,0.45762,1.0
ULBP2,0.94582,2.859740439448937,-0.4994806188964844,3.998149841892095,0.44494,1.0
POLR3G,0.94582,2.859740439448937,-0.3421286492919922,4.223884507308839,0.46372,1.0
SLC4A5,0.9458,2.859350221764174,-0.9511158276367188,3.377644127834358,0.38896,1.0
SLC2A1,0.9458,2.859350221764174,-0.8321762231445312,3.7330475568572528,0.41834,1.0
SYDE2,0.9458,2.859350221764174,-0.034965889167785646,4.132893206191301,0.49762,1.0
FCER1A,0.94578,2.8589601397959856,-0.5969316296386719,3.6816829823685144,0.43298,1.0
SLC2A5,0.94572,2.8577907071868904,-0.46723302185058596,4.495482031319597,0.45518,1.0
MYC,0.94572,2.8577907071868904,0.13113692909240723,3.6745611637926525,0.5171,1.0
AUTS2,0.9457,2.8574011670815764,-1.1076684619140624,3.8246474654183404,0.37838,1.0
SPON2,0.9457,2.8574011670815764,-0.6718955737304687,4.132137547686597,0.43386,1.0
GINS4,0.94568,2.85701176219168,-1.0440144018554687,3.773139496903523,0.38494,1.0
ABCA5,0.94566,2.856622492417302,-0.8876204833984375,4.209779884308267,0.41996,1.0
SEMA4F,0.94564,2.8562333576586547,0.762788134765625,3.757820018669172,0.58272,1.0
CXCL2,0.94562,2.8558443578160553,-1.2534360815429688,3.7773214691992667,0.35092,1.0
CLDN5,0.9456,2.855455492789937,-0.39475670257568357,4.019058434566369,0.46002,1.0
TNRC6C,0.94558,2.8550667624808397,-0.38560095764160157,3.6533889429751905,0.46046,1.0
GSTO2,0.94556,2.854678166789414,-0.47983300048828126,3.5557712247246607,0.44836,1.0
GNG8,0.94554,2.8542897056164223,-0.0655228823184967,4.880849882962769,0.49458,1.0
TLE1,0.94552,2.8539013788627288,-1.1226766625976563,3.411320790124199,0.37144,1.0
CXCR5,0.94552,2.8539013788627288,-0.06554710676193237,4.127572940782833,0.4944,1.0
CCL28,0.9455,2.853513186429314,-1.117935400390625,4.530489010573633,0.35674,1.0
SYP,0.94542,2.8519617579218175,-0.6754478295898437,3.6714419525238813,0.42642,1.0
NR6A1,0.94542,2.8519617579218175,-0.029851985731124877,3.5181658750793585,0.49942,1.0
TTLL1,0.94538,2.851186847023167,-0.23390672760009765,4.021165189185955,0.46996,1.0
NUP188,0.94536,2.850799592068225,-0.43488534606933593,3.6775024283845354,0.45776,1.0
SMPD3,0.94534,2.850412470645297,1.0470359204101563,3.463404608834471,0.62008,1.0
NLRX1,0.94532,2.8500254826563376,-1.233749267578125,3.647816808902681,0.35988,1.0
ZNF443,0.9453,2.8496386280034036,-1.5029796875,3.342075466854377,0.31256,1.0
SPTBN1,0.9453,2.8496386280034036,-0.8409752319335938,4.052277397289916,0.3997,1.0
ZWINT,0.94528,2.8492519065886657,-0.7926846215820312,3.4724307381620085,0.4122,1.0
NSMCE1,0.94524,2.8484788630829847,-1.2696052197265626,3.132820870953296,0.3,1.0
EHMT2,0.94518,2.847320294671293,-0.7258084497070313,4.269898461975867,0.4286,1.0
ATIC,0.94518,2.847320294671293,-0.28264067779541013,4.1947237819229946,0.47064,1.0
OSBPL5,0.94516,2.8469343706372534,0.6180137036132812,3.4688490694802065,0.57462,1.0
TRIM45,0.94516,2.8469343706372534,-0.31941052627563477,4.430093965222897,0.46124,1.0
SCT,0.94514,2.84654857915958,1.260172080078125,3.5068218451457684,0.6458,1.0
POLH,0.9451,2.8457773934855264,-0.6617165197753906,3.592576090524228,0.43086,1.0
TRH,0.94508,2.845391999095505,-0.8956515112304687,3.5426758308241495,0.40254,1.0
F13A1,0.94508,2.845391999095505,-0.3265342953491211,3.622854979918925,0.46124,1.0
LILRA4,0.94502,2.8442366085538517,0.6899236962890625,3.906670769880198,0.5741,1.0
MDGA1,0.945,2.843851742261271,1.705166337890625,3.2320434450107838,0.70482,1.0
RORB,0.945,2.843851742261271,0.2650143695831299,4.406938230950652,0.52038,1.0
THBS1,0.94498,2.84346700775219,-1.7200483984375,3.258772456170435,0.30256,1.0
LIPE,0.94498,2.84346700775219,-0.29790911949157717,5.652303312336374,0.46052,1.0
DHCR7,0.94496,2.84308240493047,-0.831411845703125,4.710949119705022,0.40834,1.0
ASNS,0.94496,2.84308240493047,-0.04935646598815918,3.8829330883949904,0.4945,1.0
RBL1,0.94484,2.8407775480644064,-0.948669072265625,3.5100512592965334,0.4026,1.0
P2RY14,0.94482,2.840393864371233,1.5104240869140626,3.464553420831438,0.66228,1.0
NOL6,0.9448,2.8400103116001025,-0.8412172412109375,3.3653229899263692,0.40286,1.0
RAB27B,0.9448,2.8400103116001025,-0.057565739965438845,3.6729460903282027,0.50196,1.0
POT1,0.94478,2.8396268896558174,-0.14517341131448747,3.481425241463231,0.48514,1.0
PDCD1,0.94476,2.8392435984432858,0.7477599291992187,3.380769352737477,0.59066,1.0
KIF21A,0.94476,2.8392435984432858,-0.1773465447998047,4.058009056165668,0.496,1.0
ADHFE1,0.94474,2.8388604378675124,0.3622630017089844,4.1820220477919285,0.53846,1.0
LPAR5,0.94472,2.838477407833612,-1.632266123046875,3.458504152871372,0.33198,1.0
DCLRE1A,0.94468,2.8377117390123927,-0.45566081298828126,4.446704461424984,0.44432,1.0
FAN1,0.94468,2.8377117390123927,0.30595731140136717,4.299211142956932,0.53566,1.0
GPAM,0.9446,2.8361819637087784,-0.45920811111450194,5.125155662703002,0.45746,1.0
NCKAP1,0.94456,2.8354178557172056,-0.8490471984863281,4.0822411396106935,0.41022,1.0
ZNF667,0.94456,2.8354178557172056,-0.23087049987792968,5.294261654710326,0.46542,1.0
HERC2,0.9445,2.8342726661891753,-1.0914693774414062,3.6073401716129667,0.3914,1.0
CASP2,0.9445,2.8342726661891753,-0.7080186511230468,3.593696659904937,0.42358,1.0
CYSLTR1,0.94444,2.833128641362619,-0.31870497192382813,3.7556961936082547,0.46918,1.0
ABCA3,0.94436,2.83160508232477,-0.6421021215820313,3.636924506428454,0.42154,1.0
ABCB4,0.94432,2.8308440757284115,-0.38264749145507815,4.031390636938529,0.45266,1.0
FGFBP2,0.9443,2.830463765335786,-1.212795078125,4.321135038430386,0.35672,1.0
LIN37,0.94422,2.828943807641484,-1.3233462255859374,3.3385588093483474,0.34718,1.0
IZUMO4,0.94422,2.828943807641484,-1.0994983056640626,3.6456853242777765,0.37394,1.0
BBC3,0.9442,2.828564138724922,-1.8231249267578125,2.7774697120642595,0.25162,1.0
JAM2,0.9442,2.828564138724922,-0.8383569653320313,3.383085612682861,0.4018,1.0
SLC16A7,0.9442,2.828564138724922,-0.7595962902832031,3.485414121849511,0.41932,1.0
RASGRP2,0.9442,2.828564138724922,-0.6275642431640625,3.478947498716662,0.43106,1.0
NR4A1,0.94416,2.8278051848547414,-0.4487950720214844,3.7138567668788376,0.4456,1.0
AFMID,0.94414,2.8274258997171033,-1.4735247998046874,3.074486919895831,0.31562,1.0
CXCL13,0.9441,2.8266677125774184,0.9428581469726562,3.4832385813617894,0.60894,1.0
KLC2,0.9441,2.8266677125774184,-0.895944404296875,3.7428574937017194,0.41476,1.0
SPARC,0.9441,2.8266677125774184,-0.0460229704284668,3.709494191885255,0.48884,1.0
TRIB3,0.94408,2.8262888103919392,-1.1103806420898437,3.4837875381432415,0.37974,1.0
XPNPEP2,0.94408,2.8262888103919392,-1.0672106127929688,3.6488999926525194,0.38526,1.0
PARD3,0.94404,2.825531388331871,1.450700595703125,3.5484284770341077,0.66464,1.0
ARHGEF40,0.94404,2.825531388331871,-0.28425462158203124,3.7619037283896244,0.47112,1.0
LTB,0.94398,2.8243962096484254,-0.3690627844238281,4.504209576735226,0.45298,1.0
ARHGEF9,0.9439,2.8228844158022475,-0.7318175927734375,3.6535289879231545,0.4324,1.0
MYO18A,0.9439,2.8228844158022475,-0.379341171875,3.7493572993425155,0.45446,1.0
ATP8A2,0.94386,2.8221292791287325,-0.37564916259765624,4.778246643685284,0.47586,1.0
POLR3A,0.94384,2.8217519005372096,0.2901221408843994,3.5052700227559006,0.5356,1.0
SLC2A9,0.94378,2.820620522659088,-0.8623273876953125,3.2639732174039935,0.39608,1.0
EPB41L5,0.94378,2.820620522659088,-0.08329510013580323,3.846018590257445,0.48902,1.0
SIRT3,0.94366,2.8183611693291404,-0.8132912060546875,3.589421762071032,0.41932,1.0
COQ3,0.94366,2.8183611693291404,-0.38341303588867187,3.6122857136061555,0.46362,1.0
RGS13,0.94364,2.8179850504481525,1.0731251416015626,3.0344747680550297,0.6476,1.0
DHODH,0.94364,2.8179850504481525,-0.251303455619812,4.089453763157867,0.48158,1.0
NMUR1,0.94362,2.8176090570447228,-1.0020501342773438,4.004472863087882,0.39282,1.0
ACKR3,0.94356,2.8164818288068107,-1.03643072265625,3.3592501531605596,0.37708,1.0
TM7SF2,0.9435,2.8153557266562097,-1.28018556640625,3.34164585570346,0.31772,1.0
PTPN22,0.9435,2.8153557266562097,-1.1871952685546876,3.871253195099923,0.36856,1.0
RPA4,0.9435,2.8153557266562097,0.24367399729251862,3.5023949081190837,0.52786,1.0
PNOC,0.94348,2.8149806090993477,0.2446833462524414,4.231042367217765,0.5269,1.0
AGL,0.94348,2.8149806090993477,-0.02464230354309082,3.7085214402105176,0.49892,1.0
ESAM,0.94344,2.814230748193396,-0.827320556640625,3.5051099964458814,0.40018,1.0
IVD,0.94342,2.813856004667226,-0.6751960034179687,3.653975099647424,0.41522,1.0
IGFBP2,0.9434,2.8134813856410243,-0.9933374658203125,3.2473759201080616,0.37462,1.0
HIP1R,0.9434,2.8134813856410243,-0.8224928881835938,4.04227658382469,0.42778,1.0
ALDOC,0.9434,2.8134813856410243,-0.33253067626953126,3.396996017526327,0.44722,1.0
OTUD7B,0.94332,2.8119841527711866,-0.17006815406799317,3.675254379313003,0.4776,1.0
KCND3,0.9433,2.8116101549221018,-0.4389145639038086,4.2882932326676455,0.45238,1.0
MPRIP,0.94328,2.811236281044546,-0.4921703955078125,3.762314714736552,0.45454,1.0
TPD52L1,0.9432,2.809742023496056,-0.21560305213928221,3.7564510412716317,0.46566,1.0
EPAS1,0.94318,2.8093687681617854,-1.0195296411132813,3.3135276139473206,0.38568,1.0
TYMP,0.94312,2.808249742488886,1.1472741650390625,2.281788343585229,0.7045,1.0
ATP8B3,0.94312,2.808249742488886,-0.24102093832015992,3.4867227798075326,0.47018,1.0
PRKAR2B,0.94312,2.808249742488886,0.17104941398620604,3.4972197981718245,0.51972,1.0
VNN2,0.94308,2.807504341444433,-1.24740291015625,3.2759233078318877,0.35054,1.0
EXTL2,0.94308,2.807504341444433,-0.8746253247070312,3.7606607052243652,0.40004,1.0
CYP4V2,0.94302,2.80638716224653,0.2883233731079102,3.4915106396203606,0.52838,1.0
HES1,0.943,2.8060150147989065,-1.0454356567382812,3.411574392343687,0.37224,1.0
PDE5A,0.943,2.8060150147989065,-0.4241391906738281,3.7530314010056656,0.45076,1.0
FITM1,0.943,2.8060150147989065,-0.31303425537109375,3.4565429385752267,0.47068,1.0
CCL5,0.943,2.8060150147989065,-0.12080385112762451,3.893762693581587,0.48598,1.0
CHRNE,0.94298,2.805642990016279,-1.1869091333007813,3.371293258191089,0.35772,1.0
KLRD1,0.94298,2.805642990016279,0.09829150743484497,4.351075867120819,0.52014,1.0
NCKIPSD,0.94296,2.8052710878122737,-0.5303736669921875,3.5383435588632093,0.44478,1.0
ITPKB,0.94294,2.8048993081006137,-1.0011141870117188,3.3977923085532855,0.38958,1.0
KLHL11,0.94294,2.8048993081006137,-0.8133466064453125,3.32824709766213,0.40346,1.0
AVP,0.9429,2.8041561158096666,-1.0996805053710939,4.597033356060382,0.39028,1.0
DEGS2,0.94286,2.8034134124550163,0.1879306729698181,4.382805763324689,0.51468,1.0
TRAF3IP1,0.94276,2.801558788659938,-0.6895806225585938,3.799879486492526,0.44386,1.0
AGAP2,0.9427,2.8004474746814103,-0.8964263061523438,3.6344840851402918,0.37496,1.0
HSPA1L,0.9427,2.8004474746814103,0.13870342762947083,3.504060662258694,0.51678,1.0
IL21R,0.94268,2.8000772795599227,-1.4461873779296874,3.11277706434172,0.31878,1.0
AASS,0.94268,2.8000772795599227,1.1102846166992189,3.778582636623959,0.61488,1.0
KLK1,0.94266,2.799707205732338,0.3006031471824646,3.894116547485963,0.5275,1.0
PIF1,0.9426,2.7985977111641094,-0.594839921875,3.4415759696458457,0.43046,1.0
IL2RA,0.94256,2.7978586530334075,1.085073349609375,3.3231786490918584,0.625,1.0
SCN1B,0.94256,2.7978586530334075,-0.8087623803710937,3.2945881781580812,0.39926,1.0
NCR1,0.94254,2.7974893051887606,-0.14495335075378418,3.8121059338776577,0.4827,1.0
CA1,0.94254,2.7974893051887606,-0.015701844062805177,3.6820697324457377,0.50306,1.0
FYN,0.9425,2.796750971518861,-0.8321326123046875,3.560433589717547,0.40668,1.0
QPRT,0.94244,2.795644374799132,-0.36150534790039063,3.4580646197966596,0.4551,1.0
ACTA2,0.94238,2.7945388606048756,2.1471659228515625,2.4289988018590085,0.81346,1.0
GFI1,0.94234,2.7938024514276236,-0.3140911486816406,3.8997963478888673,0.46458,1.0
NPHP1,0.94228,2.792698736418736,0.5630986291503907,4.509928016620548,0.56732,1.0
DCSTAMP,0.94226,2.792331070750806,0.9752969018554688,3.597450064817596,0.6084,1.0
TRIM32,0.94224,2.791963524611689,-0.37382123474121093,4.356569162994725,0.47412,1.0
CYP1B1,0.94216,2.7904945336827836,-1.2611187939453126,3.921141158044163,0.33654,1.0
ADRB2,0.94216,2.7904945336827836,1.18569265625,3.1803130550371637,0.64188,1.0
ANAPC1,0.94214,2.7901275839430593,-0.5065897924804688,3.3935277126969354,0.44874,1.0
MYO15A,0.94212,2.7897607532348805,-0.2697550556945801,3.3946426575454467,0.46728,1.0
ZNF486,0.9421,2.7893940414756733,-0.46525113647460936,3.8195262832511814,0.4478,1.0
ORC5,0.94204,2.7882946190673707,-0.5888605688476563,3.7278765041852466,0.43978,1.0
CDC14B,0.94204,2.7882946190673707,0.4768275280761719,3.2526241690412476,0.55612,1.0
MVK,0.94202,2.7879283822799747,-0.5105438708496094,3.64636724117311,0.4471,1.0
ATR,0.942,2.7875622640299427,0.24626388328552246,3.437413970256439,0.5232,1.0
PROK2,0.94198,2.787196264235211,-0.7314791357421875,3.4341004884247144,0.40586,1.0
HIC1,0.94196,2.7868303828137937,-0.7555115991210938,3.1893338837492364,0.40368,1.0
NEURL2,0.94192,2.7860989747634104,-0.38520242309570313,3.5522930302733613,0.4636,1.0
RAB3IL1,0.9419,2.7857334479709053,-0.852403681640625,3.7044851134419488,0.39992,1.0
ZNF540,0.9418,2.7839075830720614,-1.036472197265625,4.760553325236508,0.37366,1.0
PARP2,0.9418,2.7839075830720614,-0.78815431640625,3.32686455593404,0.40786,1.0
NFATC2,0.94178,2.7835427633352947,0.00913901647567749,3.771861422130041,0.52082,1.0
B3GNT7,0.94176,2.7831780611566783,-0.5168913134765625,3.445369147909259,0.44358,1.0
IL11RA,0.9417,2.7820846591595707,-0.39692791076660155,3.3879967162439018,0.4548,1.0
GNG7,0.9417,2.7820846591595707,-0.37078287353515627,4.024851708029814,0.46208,1.0
MDC1,0.94166,2.7813563108017787,-0.5063694067382812,3.305364186701977,0.44108,1.0
SLC25A4,0.94166,2.7813563108017787,-0.45315259338378905,4.860761666355341,0.45596,1.0
RAB30,0.94164,2.7809923122727978,-0.2759792858886719,3.9572095405503713,0.48418,1.0
PPBP,0.94164,2.7809923122727978,-0.1094665978527069,3.3984820073938233,0.48248,1.0
RGS17,0.9416,2.7802646661118855,0.8252964208984375,3.584179669546398,0.59892,1.0
LIPT2,0.94148,2.7780845290218315,-0.6465722912597657,3.873253847338836,0.40906,1.0
TK1,0.9414,2.776633432384075,0.5886230529785156,3.346146479291851,0.57166,1.0
CYSLTR2,0.94138,2.776270948504295,1.1843159814453126,3.3134590993353497,0.64524,1.0
ANO9,0.94136,2.7759085805772767,-0.07209098709106446,3.890952204982122,0.48576,1.0
ARHGEF12,0.94134,2.7755463285236135,-0.5275810339355469,3.3891944405354644,0.44122,1.0
CHAC2,0.94134,2.7755463285236135,-0.40530693908691406,3.7655181826098643,0.4592,1.0
PIK3C2B,0.94132,2.7751841922639793,-0.35749570739746095,4.815327158908041,0.45104,1.0
ACACB,0.94126,2.77409847745718,-0.2532888604354858,4.1797122624565075,0.4809,1.0
GRAP2,0.94124,2.7737368035820027,-0.10430505945205688,3.921044128307561,0.4893,1.0
SMAD5,0.94122,2.7733752451054317,-1.2009485571289062,3.120354018978455,0.35106,1.0
PDK2,0.94112,2.7715691809450087,-1.5375029541015626,2.9614103181388036,0.30256,1.0
ITGA10,0.94112,2.7715691809450087,-0.310040634765625,3.352691561004625,0.46548,1.0
GDPD3,0.9411,2.771208313207202,-0.7696784252929687,3.2203349442082163,0.4069,1.0
MXD4,0.94106,2.7704869221984905,-1.0548287548828126,3.403119537561805,0.3764,1.0
ITGB3,0.94098,2.7690455158595957,-0.9562190478515625,3.555895530404521,0.38234,1.0
SYNE2,0.94098,2.7690455158595957,0.9189842358398438,4.137097469757977,0.66886,1.0
ARHGAP24,0.94096,2.768685450419429,-0.9444144091796876,3.6351255536667892,0.3784,1.0
MYLK,0.94096,2.768685450419429,0.6477092504882812,3.391203215714064,0.57524,1.0
IFT140,0.94094,2.7683254992813566,-0.7187058129882813,4.756543305805367,0.43578,1.0
CTSF,0.94086,2.7668868361966643,-1.1362403540039063,2.9919846645551305,0.34388,1.0
TBC1D10C,0.94072,2.764373558527329,-1.1175812573242188,3.725980903839634,0.34796,1.0
BCL2L11,0.9406,2.762223743142348,-0.4700613208007812,3.2844888733826645,0.45222,1.0
S100A9,0.94058,2.7618658362268222,-1.16038892578125,4.309510227427153,0.3599,1.0
GFOD1,0.94058,2.7618658362268222,-0.21204668239593505,3.3818471101396463,0.47898,1.0
HSPA2,0.94054,2.7611503608355816,-0.4288445190429688,3.4388119024398245,0.44818,1.0
GTF3C1,0.94044,2.7593636430369664,-1.2659163623046874,3.064645342637426,0.34266,1.0
PTCRA,0.94042,2.759006636700353,-0.21497221911668776,3.564996229574871,0.46672,1.0
CBX8,0.9404,2.758649742594611,-0.7472977124023438,3.298844340159251,0.41484,1.0
TUBA4A,0.94032,2.7572232869688356,-1.4848830712890626,2.9218775867217057,0.30742,1.0
PHC1,0.94032,2.7572232869688356,-1.0740897314453124,3.187373502204242,0.36484,1.0
SYTL1,0.94024,2.7557986210000363,-1.1150247265625,3.7681675409894826,0.35998,1.0
DUSP4,0.94022,2.7554427335777625,-0.6850327294921875,3.1182373456649324,0.41734,1.0
UBE3D,0.94018,2.7547312930922025,-0.94366177734375,4.268266602935017,0.3808,1.0
MCM7,0.94016,2.7543757398792357,-1.223770205078125,3.194781108137621,0.3403,1.0
PGM2L1,0.94016,2.7543757398792357,-0.14672078437805175,3.3769584658656213,0.47186,1.0
PAQR3,0.94014,2.7540202979198187,0.071561056098938,3.5492196809122714,0.506,1.0
CLEC4C,0.9401,2.7533097474631023,1.5146330712890625,3.212890196874142,0.69066,1.0
SMOX,0.94008,2.752954638816722,-1.6656011865234375,3.248075655043955,0.27194,1.0
S1PR1,0.94006,2.7525996411257325,-1.0110109887695313,4.111915106502961,0.35614,1.0
NR1D1,0.94002,2.751889978312587,-0.4048506140136719,3.2092911083030082,0.44784,1.0
KDM4D,0.94002,2.751889978312587,0.20796763534545898,3.207652740443363,0.52172,1.0
HDAC4,0.93992,2.7501177578034373,0.09973065067291259,3.2865130184975473,0.50788,1.0
LIPC,0.9399,2.749763645085093,-0.10247410262107849,3.5584023248035073,0.48352,1.0
USP46,0.93988,2.7494096426556314,-1.340838984375,2.999276631150871,0.33026,1.0
GTSE1,0.93986,2.7490557504413617,-1.5688152783203124,3.4820575238027387,0.31502,1.0
ATP8A1,0.93986,2.7490557504413617,-0.6932648559570312,4.030606151544688,0.41774,1.0
PLAUR,0.93984,2.748701968368671,-1.0479952172851563,3.2436700931175073,0.35758,1.0
ZNF248,0.93984,2.748701968368671,-0.9090043139648437,3.6940742276490335,0.37696,1.0
FBXO32,0.93984,2.748701968368671,-0.425151005859375,3.6844462330303807,0.4323,1.0
ZNF570,0.93982,2.7483482963640196,-0.6010023559570312,3.974033352905974,0.4338,1.0
NFE2,0.93982,2.7483482963640196,-0.19543785804748534,3.8676952394826576,0.4806,1.0
PER2,0.9398,2.7479947343539393,-1.1749294384765625,3.0851531114113526,0.35134,1.0
HSD17B8,0.93976,2.747287940023993,-0.5381881372070313,3.312716864019188,0.42734,1.0
ZNF331,0.9397,2.746228571655879,-1.1984745703125,3.2602823630978297,0.37792,1.0
GPD1L,0.9397,2.746228571655879,-0.5357530908203125,3.6994657913408906,0.43652,1.0
OXTR,0.9397,2.746228571655879,-0.28153019276618957,4.073873167699079,0.46186,1.0
MATN1,0.93968,2.745875668074508,-0.1257999702835083,3.128838753531679,0.4865,1.0
CCR7,0.93966,2.7455228739754833,0.7318266784667968,4.4554486071336585,0.58048,1.0
SUV39H1,0.93962,2.7448176139329985,-0.8674283520507813,3.542452353816275,0.40566,1.0
KIR2DL3,0.93958,2.744112790946219,-0.767890830078125,4.289829096022583,0.40354,1.0
WRN,0.93958,2.744112790946219,-0.39880104095458985,3.4554828877518746,0.46174,1.0
ABHD4,0.93956,2.7437605431670953,-0.7731056591796875,3.1764194266688617,0.40042,1.0
MCM6,0.93954,2.743408404434095,-1.0293100756835938,4.134742584109225,0.38896,1.0
KCNMB3,0.93944,2.7416493439276333,-0.608373148803711,3.1618461531500324,0.42162,1.0
GATA3,0.93944,2.7416493439276333,-0.47485377685546876,3.9983523442452014,0.44826,1.0
PDGFA,0.93942,2.741297857952396,0.39170743103027345,3.3011667704446808,0.54076,1.0
FLT3LG,0.93942,2.741297857952396,-0.17533834815979005,3.407019818226715,0.4787,1.0
NDC80,0.93936,2.740244050981759,1.3647009814453126,2.9544390430955247,0.67058,1.0
CTSW,0.93934,2.7398929987369742,0.04883334150314331,3.99541873295311,0.5164,1.0
RPEL1,0.93932,2.739542054745284,-0.30053934997558596,3.3402207492625022,0.46814,1.0
LYPD2,0.93928,2.738840491234582,1.7257304052734375,3.472511867492648,0.7757,1.0
ERBB2,0.93924,2.738139359877174,-0.00895202278137207,3.921622533950472,0.50406,1.0
ACSL6,0.9392,2.737438660101711,-1.3306039892578125,3.221934670934716,0.32574,1.0
ABCC5,0.9392,2.737438660101711,-1.2576948291015626,3.158144253054504,0.35054,1.0
SLC26A2,0.93912,2.7360385530168356,-0.9653954052734375,3.1202132389933603,0.37692,1.0
LZTFL1,0.93912,2.7360385530168356,-0.7579543115234375,3.6265069534633505,0.42306,1.0
RAB37,0.93912,2.7360385530168356,-0.5232263354492187,3.276785829706815,0.43424,1.0
ZNF665,0.93908,2.735339144570347,-0.016565469932556153,3.40131218349344,0.48762,1.0
ID3,0.93906,2.734989601372903,-1.5164388671875,2.707996231860486,0.27504,1.0
ZFP30,0.93904,2.7346401654316335,0.05727041868209839,4.274307576133704,0.50336,1.0
SLC41A1,0.93898,2.7335925004383816,-0.6927135400390625,3.5243550859354467,0.41458,1.0
MEIS1,0.93898,2.7335925004383816,0.4013808564758301,3.5861079738683594,0.54282,1.0
CLEC4E,0.93894,2.732894592096404,-0.11393241254806519,4.544981103755656,0.4868,1.0
ZNF20,0.93892,2.7325457982102543,-0.680736767578125,3.0957759074087203,0.41484,1.0
ARHGEF10,0.93892,2.7325457982102543,-0.21397073867797853,3.6924148548733795,0.4738,1.0
TAL1,0.93892,2.7325457982102543,0.09741446860313416,3.4121654585642927,0.50636,1.0
LRRC1,0.93892,2.7325457982102543,-0.07640283334970474,3.6064319101684337,0.50746,1.0
ZNF500,0.93888,2.731848530656298,-1.1530332666015626,3.1807242304010153,0.32336,1.0
DPH2,0.93884,2.7311516895924797,-0.4896976013183594,3.3570496733386364,0.4474,1.0
JAM3,0.93882,2.730803428819263,-0.4922204357910156,3.467750551343003,0.44562,1.0
TNFSF4,0.9388,2.7304552744585875,0.12890331838607788,3.5674024695598274,0.51524,1.0
PEX12,0.9388,2.7304552744585875,-0.09968895713806153,3.5004078058330896,0.486,1.0
MIB2,0.93878,2.7301072264405972,-1.1536444873046876,3.10097236237668,0.35392,1.0
CTTN,0.93876,2.729759284695507,-0.8602214770507812,3.1257544505959793,0.3866,1.0
RNF152,0.93876,2.729759284695507,-0.6765969104003906,3.215298480102453,0.41082,1.0
PTPRB,0.93874,2.7294114491535955,-1.1477450366210937,3.745542736828889,0.35172,1.0
CYGB,0.9387,2.72871609640078,-1.326122158203125,4.399966683782695,0.37862,1.0
FBXO44,0.9386,2.7269795682072204,-0.3225953485107422,4.131012684052996,0.45186,1.0
RNF125,0.93858,2.726632579789057,-0.7869039770507813,3.9964353968132227,0.39622,1.0
NRGN,0.93858,2.726632579789057,-0.5659011608886719,3.227151925146979,0.42564,1.0
GPSM1,0.93854,2.7259389196200168,0.12325112079620361,3.1878775360198484,0.51396,1.0
CHGB,0.9385,2.7252456812140915,-0.27639350593566897,4.313829196085722,0.48146,1.0
PLCD1,0.93846,2.7245528640203087,-0.5382294177246094,3.848486673984117,0.4493,1.0
ZNF682,0.93846,2.7245528640203087,-0.4541042010498047,3.5679463575741184,0.42436,1.0
ALKBH2,0.93844,2.7242066132060874,-0.321171669921875,4.016256050688202,0.46302,1.0
GZMH,0.93832,2.7221313129581763,-0.188959404296875,4.122628315327526,0.48254,1.0
BCL2,0.93832,2.7221313129581763,0.11106860237121582,3.152271926217233,0.50884,1.0
CABIN1,0.9383,2.7217857963846623,-0.6497392309570312,3.315047909562223,0.42402,1.0
CTSL,0.9383,2.7217857963846623,0.42823657470703125,3.104550270392749,0.5478,1.0
PDP2,0.93828,2.721440384429463,-0.19259279090881348,3.663845514536599,0.4793,1.0
FAM169A,0.93824,2.720749874101656,0.4491331506347656,3.442717716045841,0.56686,1.0
MEF2C,0.93822,2.7204047755930394,-0.48817867553710936,3.5854386633821855,0.43028,1.0
BCKDHB,0.93822,2.7204047755930394,-0.37480892028808593,4.578477297860335,0.4468,1.0
SLC12A4,0.9382,2.720059781430713,-1.34663853515625,2.9014821588512705,0.30098,1.0
OBSCN,0.93814,2.719025424343414,-0.9905398046875,3.62228313554858,0.3674,1.0
HSPA6,0.93812,2.7186808468885104,-0.22367100921630859,3.333736740451495,0.47128,1.0
NMB,0.93808,2.717992003934434,-1.9523421728515624,2.0921180582827392,0.155,1.0
ARHGEF7,0.93808,2.717992003934434,-1.2366075463867188,2.9688048052258202,0.33352,1.0
ANKRD26,0.93808,2.717992003934434,-0.3838395355224609,3.1514297263852957,0.45242,1.0
ZNF771,0.93806,2.7176477383002995,-1.0032640649414062,3.8273883430476774,0.40614,1.0
MAN1A1,0.93804,2.717303576471571,1.1647605615234375,2.845769129054939,0.65946,1.0
DYNC2LI1,0.93804,2.717303576471571,-0.58434900390625,3.7298527523393967,0.41636,1.0
ABHD14B,0.938,2.716615563961132,-0.9063148706054688,3.5051860790932903,0.3878,1.0
TNNT3,0.93798,2.7162717131449856,0.3017299821472168,3.2632907797476367,0.53588,1.0
STARD10,0.93788,2.7145540107720496,-1.65705775390625,2.9061119037459955,0.2391,1.0
GADD45A,0.93788,2.7145540107720496,-0.9432842065429687,3.2216498077555857,0.38816,1.0
TAF1C,0.93784,2.713867652704181,-0.4968993798828125,3.192161528654538,0.44308,1.0
GNB5,0.93782,2.7135246283063217,-0.4125561901855469,3.6528369496275888,0.4679,1.0
ZNF324B,0.9378,2.7131817069103517,-0.6018152978515625,3.7085132407269135,0.43866,1.0
ACTR5,0.93774,2.7121535600686952,-0.72503703125,3.4652962668982124,0.4197,1.0
THRA,0.93774,2.7121535600686952,-0.012256289677619934,3.2496552849284397,0.48864,1.0
MGST2,0.93772,2.7118110500155197,-1.399659677734375,2.9036549189059992,0.31406,1.0
POU3F1,0.93772,2.7118110500155197,-1.073127431640625,3.587489374961325,0.36698,1.0
APOBEC3H,0.93772,2.7118110500155197,0.5114040270996094,3.5526956676591093,0.56576,1.0
IRF8,0.93766,2.710784135610144,1.5425668994140624,3.0281473711589872,0.7312,1.0
CEP250,0.93762,2.7101000384736076,-1.0255279711914063,3.093350794545704,0.37528,1.0
GALNT3,0.93756,2.709074660149421,0.2813892272949219,3.176535705314418,0.53734,1.0
POLR1E,0.93754,2.7087330717461042,-0.77323796875,3.609466621771612,0.40236,1.0
RTKN,0.93754,2.7087330717461042,-0.7039446765136719,4.510548636450234,0.41268,1.0
MMP11,0.93754,2.7087330717461042,-0.5068538989257813,3.7025248068657466,0.44908,1.0
TRIM62,0.9375,2.70805020110221,-1.4576791796875,2.766000857744458,0.27454,1.0
EPOR,0.9375,2.70805020110221,-1.1270707958984374,3.1088312864978476,0.36328,1.0
HLA-DMA,0.9375,2.70805020110221,-0.7588574877929688,3.0405053420600243,0.39374,1.0
RFC5,0.9375,2.70805020110221,-0.5709711120605468,3.130684454437215,0.43304,1.0
PVALB,0.93748,2.7077089187303973,-0.7371762915039063,3.02634318416956,0.40176,1.0
IL5RA,0.93748,2.7077089187303973,-0.6651442944335938,3.9945280860299923,0.42466,1.0
MT1X,0.93746,2.7073677382379553,0.3185625712585449,3.1350354422447353,0.54136,1.0
TMOD1,0.93742,2.706685682629401,0.141237798576355,3.2165477978441115,0.51922,1.0
GTF2H2,0.9374,2.706344807382553,-0.09510286849975585,3.08457818085036,0.49394,1.0
TRAT1,0.9374,2.706344807382553,-0.0741886508846283,4.452935665836631,0.49748,1.0
ADAT2,0.93738,2.706004033753607,-0.20299007461547852,4.554023438974881,0.47708,1.0
GRIP1,0.93736,2.705663361677352,-0.06107927852630615,3.5149813223877455,0.49198,1.0
NCK2,0.93734,2.70532279108864,-0.36727880615234376,3.149486917110676,0.45744,1.0
EEF2K,0.93728,2.704301687597216,-1.405576435546875,3.060470718149063,0.3318,1.0
CAMK2D,0.93728,2.704301687597216,0.4060715380859375,3.215711066586832,0.54958,1.0
CD200,0.93728,2.704301687597216,0.14180944719314575,3.5275632140507804,0.51444,1.0
ALOX5AP,0.93726,2.70396152230844,-0.5519321374511719,3.4830425335686876,0.46288,1.0
ATP6V1G2,0.93726,2.70396152230844,-0.4218831872558594,3.6914294061631243,0.4458,1.0
NME3,0.93724,2.7036214581823996,-1.144694638671875,2.046076152467416,0.25786,1.0
GNG11,0.93716,2.7022622120110187,-0.12565059621810912,3.275272366705941,0.48064,1.0
TBCD,0.93714,2.701922652728264,-1.2674618701171876,2.993680684477144,0.33832,1.0
MTA1,0.93714,2.701922652728264,-0.979722724609375,3.0863235651028202,0.38262,1.0
TCTN2,0.9371,2.7012438364233837,-0.8976650317382813,3.242237808430978,0.38098,1.0
PHLDA1,0.93706,2.70056542270361,-1.7954726904296876,2.4378002630668245,0.23142,1.0
TADA1,0.93706,2.70056542270361,-1.1205245190429687,3.8457993009465565,0.36476,1.0
NT5E,0.93704,2.7002263666524713,-0.5441191430664063,3.2833446086401255,0.42852,1.0
ARHGAP6,0.93704,2.7002263666524713,-0.15207033630371095,3.5376125980760635,0.47678,1.0
SLC25A12,0.93704,2.7002263666524713,-0.028701526851654054,3.349280830526366,0.49396,1.0
TMEM67,0.93698,2.69920980096431,-0.8394342407226563,3.623590361592681,0.39134,1.0
RMI2,0.93686,2.6971793749250623,0.43899654541015626,3.12047782829296,0.54828,1.0
TBL1XR1,0.93686,2.6971793749250623,-0.19209403782844545,3.136082454573024,0.47804,1.0
NUP35,0.93686,2.6971793749250623,-0.1457669905757904,3.2483177064379767,0.49392,1.0
NUP88,0.9368,2.6961655111306952,-0.6824140112304687,3.3095634719837057,0.42294,1.0
IRS2,0.9368,2.6961655111306952,-0.547380528869629,3.137715858170463,0.42854,1.0
PIK3R1,0.9368,2.6961655111306952,-0.415797109375,3.249596427792672,0.45372,1.0
SESN1,0.93678,2.6958277559940114,0.11927531448364258,3.211608388084906,0.50214,1.0
KAT6B,0.93674,2.6951525445324815,-1.4080503173828125,2.4144162497704618,0.25872,1.0
RAB39B,0.9367,2.694477731064954,-0.6172690710449219,5.069599079950143,0.42896,1.0
ITK,0.9367,2.694477731064954,-0.1388725385284424,4.2566655959997215,0.48924,1.0
MTA2,0.93664,2.6934662559973512,-0.6812944470214843,3.1217905684110505,0.40948,1.0
CDK6,0.93658,2.6924556735782303,-0.467933662109375,3.2054975606452127,0.4505,1.0
PARG,0.9365,2.6911096159854972,-0.5505710278320313,3.2986703080369337,0.43266,1.0
ZNF776,0.9365,2.6911096159854972,0.33535997985839844,3.778224519512687,0.54756,1.0
ALDH8A1,0.9365,2.6911096159854972,0.12737937980651856,3.9002595418254034,0.50642,1.0
CHTF18,0.93648,2.69077334860403,-0.46283621337890624,3.2865417601405245,0.43884,1.0
HOXB4,0.93644,2.690101109823603,0.06102923171043396,3.793581637953022,0.5261,1.0
HCRT,0.93638,2.689093490673815,0.10956998538017274,3.5964355243496007,0.50348,1.0
VASH1,0.93636,2.6887578144470834,-1.535975009765625,2.5639120400401785,0.27372,1.0
LAT,0.93632,2.688086756855578,-0.8252129833984375,3.513559912480951,0.37922,1.0
PLEK,0.93632,2.688086756855578,0.79403443359375,2.926275760429962,0.62104,1.0
SYCP3,0.9363,2.687751375366726,-0.76180251953125,3.102030321668107,0.40714,1.0
CLU,0.93628,2.687416091999856,-0.1462629925918579,3.1107491794277746,0.4753,1.0
FAS,0.93626,2.687080906693075,2.00323619140625,1.967307461521694,0.84912,1.0
SLC4A7,0.93624,2.6867458193845506,-1.40125361328125,2.889314938054736,0.31242,1.0
CDK8,0.93622,2.686410830012508,-0.3135808776855469,3.181779609947075,0.46596,1.0
ST6GALNAC6,0.93618,2.6857411448310486,-1.043319609375,3.1971852386913864,0.3688,1.0
CCL22,0.93618,2.6857411448310486,-0.8354600952148438,3.2508647022163357,0.39074,1.0
RGS2,0.93618,2.6857411448310486,-0.8253714013671875,2.9774895995502932,0.40418,1.0
PDK1,0.93614,2.6850718506556546,-0.6813726611328125,3.075152093510708,0.41364,1.0
SLC7A5,0.93606,2.6837344333555175,0.22106077972412108,2.9903686382460046,0.5361,1.0
SOCS2,0.93606,2.6837344333555175,0.16316287433624269,3.063635635340116,0.52926,1.0
RGS3,0.93604,2.6834003226414573,-0.7665077734375,3.2839262974387666,0.4224,1.0
PRKAB1,0.93602,2.683066309249305,0.0802571591758728,3.1413097573346724,0.50746,1.0
KIR3DL1,0.93596,2.682064852393175,-0.14945391468048097,4.0210182814275015,0.48478,1.0
MUC12,0.93594,2.6817312276778202,-0.26038528398513794,3.715247159612531,0.47226,1.0
SAP30,0.93586,2.6803976983759066,0.10504606980323791,3.305120986784204,0.50644,1.0
HENMT1,0.93584,2.680064558136457,-1.1953110595703125,3.337761849830122,0.34492,1.0
NDUFAF6,0.93584,2.680064558136457,-1.039712607421875,3.142589901294473,0.36878,1.0
CTC1,0.9358,2.6793985677361998,-0.4972084875488281,3.012885907787898,0.43788,1.0
PMAIP1,0.93576,2.678732963703946,1.2692946240234375,2.7219887650599697,0.6785,1.0
RPS6KA5,0.93572,2.6780677455562545,1.0902154296875,2.8546245108807744,0.6575,1.0
DTX4,0.9357,2.6777352810382933,-0.04402205612182617,3.7064594992407924,0.49772,1.0
CDK4,0.93566,2.6770706408129783,-0.4504983874511719,3.2868761515634253,0.45244,1.0
ZNF551,0.93564,2.676738464985327,-0.6483867651367188,4.490585741962906,0.42834,1.0
DVL2,0.93564,2.676738464985327,-0.5373052734375,3.015748889322311,0.42284,1.0
S1PR4,0.93554,2.675079026296246,-0.9231524047851563,3.452600824022288,0.35494,1.0
GAS8,0.93552,2.6747474262289876,-0.25537358032226565,3.0898968616643807,0.47002,1.0
RINL,0.9355,2.6744159219124173,-0.96957583984375,3.366393040756499,0.31702,1.0
SELP,0.93546,2.673753200292699,-0.04381638013839722,3.46435321680239,0.48954,1.0
AKR1C3,0.93544,2.6734219828703707,-0.8195201953125,3.1731381488953425,0.3914,1.0
HGD,0.93542,2.6730908609603645,0.3324321487426758,3.1502221770725676,0.53948,1.0
CLUAP1,0.93542,2.6730908609603645,0.19756517684936523,4.101095003466632,0.5299,1.0
HMOX1,0.93536,2.6720980677100408,-0.1514796817779541,3.6906587688644352,0.48104,1.0
ABLIM3,0.93534,2.6717673272553566,0.5559395300292969,3.060756459788708,0.5727,1.0
ZNF658,0.93522,2.6697848819858323,-0.7558697412109375,3.066275943369124,0.40612,1.0
ST6GAL1,0.93522,2.6697848819858323,0.28546920318603514,3.057535515375468,0.53726,1.0
DENND3,0.93514,2.6684651498210257,-0.9762889672851562,2.8462225118096938,0.36858,1.0
HLA-DQA1,0.93514,2.6684651498210257,-0.52248716796875,3.583334048270618,0.42946,1.0
UBL4A,0.93512,2.6681354534923565,-1.25128392578125,2.8152010540246435,0.3242,1.0
LRRC7,0.9351,2.6678058517313574,1.0262521948242187,3.873460700692079,0.60486,1.0
ZNF799,0.93508,2.667476344479447,-0.8405269140625,3.7847681844284162,0.38562,1.0
ITGB3BP,0.93508,2.667476344479447,-0.11336644399642945,3.1797438113196486,0.48626,1.0
AHI1,0.93506,2.6671469316781033,-1.1277632763671874,3.1481222007595333,0.35214,1.0
STAT5B,0.93504,2.666817613268857,-0.43496654846191407,2.9873809665355924,0.44346,1.0
ZNF2,0.935,2.666159259393051,-0.48702640258789065,4.202128214748129,0.4253,1.0
HYAL2,0.93498,2.6658302238098193,-0.8192436010742188,2.9683337734912745,0.38698,1.0
KCTD3,0.93496,2.6655012823853466,-0.4602942614746094,3.3423788797301306,0.43322,1.0
PIK3CB,0.93494,2.6651724350614323,-0.4571806896972656,3.113104515305892,0.44332,1.0
PAXIP1,0.9349,2.6645150224827456,-0.34961122802734373,3.3314948310855463,0.45168,1.0
SUN1,0.93488,2.6641864571118425,-0.7251140454101562,3.23523124717715,0.40046,1.0
GRB14,0.93488,2.6641864571118425,-0.29729521911621093,3.4352137291863873,0.4579,1.0
COQ10A,0.93486,2.6638579856092313,-0.9556558447265625,4.117932633259675,0.38072,1.0
GNG2,0.93486,2.6638579856092313,0.14678714841842652,3.2887725047115506,0.51212,1.0
ZNF692,0.93484,2.66352960791698,-1.10862359375,3.3375806896902636,0.34214,1.0
SLC6A4,0.93484,2.66352960791698,-0.09836321479797364,3.784120314283705,0.48148,1.0
FHL2,0.93484,2.66352960791698,0.0320276319694519,3.075424299412266,0.50476,1.0
HFE,0.9348,2.662873133732095,1.4653136083984375,2.646626296930651,0.70886,1.0
PTPN7,0.9348,2.662873133732095,-0.8726638037109375,3.0636760680194732,0.39894,1.0
LPIN2,0.93472,2.6615613085435244,1.413876103515625,2.1101520301793357,0.7574,1.0
QTRT1,0.9347,2.661233585906152,-0.056600819549560547,4.018180964228567,0.48764,1.0
GSPT2,0.93468,2.6609059566175923,-0.614594658203125,3.372296684686222,0.4318,1.0
PTPN4,0.93468,2.6609059566175923,0.2015629077911377,4.037220173602163,0.5399,1.0
FEN1,0.93464,2.660250977857146,-0.34595040771484376,3.225029498861512,0.46226,1.0
TEX2,0.93462,2.659923628270505,-1.1831178540039062,2.7873355604142267,0.33668,1.0
PIK3CD,0.93458,2.659269208397904,-0.40272930603027346,3.0096945255813545,0.44616,1.0
NCAM1,0.93456,2.658942137997507,-0.01068469871520996,3.664340287618409,0.49728,1.0
ZNF519,0.93454,2.6586151605448434,-0.4065328076171875,3.4348522391008154,0.44098,1.0
SMAD3,0.93452,2.6582882759828226,-0.6607436975097656,3.0133309072894936,0.41094,1.0
RAPGEF3,0.93438,2.6560026802023464,0.33633463012695314,3.5971496464669586,0.5406,1.0
IDE,0.93434,2.655350485610048,-1.39737720703125,2.861158478607406,0.31844,1.0
SOX4,0.93434,2.655350485610048,-1.1421921557617187,2.9614944906885943,0.35678,1.0
TIRAP,0.93434,2.655350485610048,-0.8064926196289063,2.9007093903016385,0.39426,1.0
ZNF584,0.93426,2.6540472038453147,-0.7472831518554688,4.070248509614058,0.40632,1.0
TNFRSF25,0.93424,2.6537216137873023,-0.44657009765625,3.9462178678298145,0.438,1.0
SH2D1B,0.93422,2.653396115769864,-0.36179080810546876,3.7593491880138497,0.46182,1.0
SARS2,0.9342,2.6530707097367365,-0.12507616985321046,5.2797716065526785,0.4743,1.0
KDM4B,0.93416,2.652420173398645,-0.5990464709472656,2.9485052564851615,0.4219,1.0
CD320,0.93412,2.6517700043239856,-0.24817367858886719,4.8648753176731745,0.46054,1.0
TNNC2,0.9341,2.651445057370342,0.7393103833007812,3.009374987168208,0.59746,1.0
STARD13,0.93408,2.651120202064534,-0.9426909497070313,2.9498778748391357,0.37424,1.0
LMO7,0.93408,2.651120202064534,-0.599268017578125,3.129084342051279,0.4281,1.0
ZNF154,0.93402,2.650146185475377,0.07990836988449097,4.868288766270691,0.50728,1.0
BICD1,0.934,2.6498216962024177,-0.38068900390625,3.3577982612948722,0.45162,1.0
DUSP2,0.93398,2.6494972982982974,-0.5656708728027344,2.8995048100236174,0.41888,1.0
ACOXL,0.93392,2.6485246522427577,-2.431518212890625,3.140903345984827,0.21684,1.0
OTUD3,0.93392,2.6485246522427577,-1.0496154077148439,2.748725232911404,0.35058,1.0
TNFRSF9,0.9339,2.6482006192580307,-0.88704982421875,2.851554844506499,0.37578,1.0
SHMT2,0.9339,2.6482006192580307,-0.7416378198242187,3.033079606422139,0.40424,1.0
NOS3,0.93386,2.647552826506509,0.5965151495361328,4.328346094150615,0.5612,1.0
FCGR3B,0.93382,2.6469053976765085,1.3276639599609374,2.9961477172856217,0.69652,1.0
STMN1,0.93382,2.6469053976765085,-0.8851156787109375,4.203235546983428,0.3722,1.0
ARHGEF19,0.9338,2.6465818195938735,0.693765595703125,3.283248825920172,0.5824,1.0
HLA-DRB5,0.93374,2.645611630013245,-0.434787587890625,3.470749962225924,0.43916,1.0
FANCA,0.9337,2.644965290298063,1.3886224462890624,2.4619361280376832,0.72494,1.0
GPSM2,0.93368,2.644642256277058,-0.934813076171875,3.001858874117515,0.37538,1.0
GP1BA,0.93366,2.644319312740568,0.6189134106445312,3.6144809256654478,0.56942,1.0
PRSS1,0.93366,2.644319312740568,-0.09755818803787232,4.195511196126375,0.48898,1.0
HNRNPDL,0.93362,2.643673696901789,-0.8748512084960938,2.152492634756371,0.29686,1.0
PREX1,0.9336,2.643351024489958,-1.4086414794921875,2.4793792228482436,0.27998,1.0
ZNF77,0.9336,2.643351024489958,-0.8464622875976563,3.5188630579599063,0.3813,1.0
TSEN54,0.93358,2.643028442343553,-1.1198998559570312,3.62065747117356,0.34326,1.0
SERPINH1,0.93356,2.6427059504079256,0.32096288452148436,3.0072096659855876,0.54066,1.0
FES,0.93354,2.642383548628479,-0.17798396354675294,3.121164263084801,0.46688,1.0
FGL2,0.9335,2.6417390153199687,0.8446905859375,3.1909391192039473,0.62494,1.0
LIN52,0.93346,2.641094841982218,0.12781400558471678,3.0521973491406795,0.52022,1.0
CD79A,0.93344,2.6407728901664043,-0.8013471166992188,4.373981763843197,0.375,1.0
TNFSF14,0.9334,2.640129255969372,-1.5460235009765626,2.518371506622022,0.25976,1.0
STK11,0.9334,2.640129255969372,-0.8146661352539063,2.9596181371518124,0.38858,1.0
ZNF599,0.9334,2.640129255969372,-0.6436474438476563,3.4868548853466614,0.43444,1.0
BDH2,0.93338,2.6398075734796933,-0.42143865966796873,3.0698166939187534,0.43238,1.0
PPP2R5A,0.93334,2.639164477447224,-0.5729320361328125,3.166021769178192,0.43796,1.0
MNAT1,0.93328,2.638200504954836,-0.6957148449707031,3.0993951645018405,0.414,1.0
SAT1,0.93326,2.6378793596564893,1.8039978173828124,1.703040760495561,0.84634,1.0
MOGS,0.93326,2.6378793596564893,-0.848241357421875,2.923815284574095,0.37982,1.0
TNF,0.93326,2.6378793596564893,0.038229846210479736,2.95210195611999,0.50524,1.0
PCYOX1L,0.93324,2.6375583037012174,-0.43171323181152343,3.121325097641441,0.44504,1.0
GTF3C2,0.93322,2.6372373370352036,-0.9841106518554688,2.9227156100798797,0.37654,1.0
CENPL,0.9332,2.6369164596046755,-0.38808882202148437,3.398036547584793,0.46486,1.0
SUMF1,0.93314,2.635954362189045,-1.264789033203125,2.708362438804416,0.31526,1.0
PRKCI,0.93312,2.635633841163737,-0.3665828466796875,2.89205607901653,0.46014,1.0
ARHGAP11A,0.9331,2.635313409105794,0.38266726196289064,2.8506470456936306,0.55214,1.0
CERS4,0.93292,2.6324335153071345,-1.0264148559570312,2.8192397378940135,0.3634,1.0
EGR2,0.93292,2.6324335153071345,-0.85983208984375,2.803769583066907,0.37212,1.0
MSH6,0.93292,2.6324335153071345,-0.3048405712890625,2.9023330828408387,0.45236,1.0
HLTF,0.9328,2.6305175680671233,-0.5809065002441406,4.359728970988232,0.4183,1.0
DAAM1,0.93278,2.630198552246084,-0.647532705078125,3.3388723228122554,0.4108,1.0
RGS1,0.93278,2.630198552246084,0.38670828735351565,2.7200852255188366,0.58784,1.0
BEGAIN,0.93276,2.629879624489714,-0.477902548828125,3.062196377410107,0.4411,1.0
CHL1,0.93272,2.6292420329603434,-0.18530532388687135,3.581956576160811,0.47918,1.0
IFT88,0.93262,2.6276495915872666,-1.3984028759765625,2.800193468130457,0.30996,1.0
DARS2,0.9326,2.6273313664559588,-0.4628202770996094,2.988613908525228,0.44668,1.0
HSPA1A,0.93258,2.6270132289169466,1.616858828125,2.830841318226218,0.7076,1.0
ATP1B1,0.93258,2.6270132289169466,0.17282330322265624,3.0351863739502405,0.5265,1.0
DCP1B,0.93252,2.6260593413313837,-0.7474341137695313,3.262867038062317,0.41262,1.0
TSC22D3,0.93244,2.624788714344723,-0.9528626025390625,2.685219808372535,0.34388,1.0
NMT2,0.93224,2.621618241921208,-0.811335498046875,3.334758790974848,0.38284,1.0
MTOR,0.93224,2.621618241921208,-0.7005664392089844,2.9445788151498076,0.4078,1.0
METAP1,0.9322,2.6209851889922913,-0.94548435546875,2.9597972239667607,0.38592,1.0
SLC39A10,0.93216,2.620352482287422,-0.23191802673339842,2.975650901347231,0.47312,1.0
NEB,0.93216,2.620352482287422,-0.14150026306152344,3.60495195168965,0.48316,1.0
CTPS1,0.93216,2.620352482287422,0.04774707870483398,3.7197593091539747,0.51484,1.0
UBOX5,0.93212,2.619720121396111,-0.25054380126953124,3.028107235327939,0.46402,1.0
SOS2,0.9321,2.6194040705024615,-0.5092744519042969,2.791951217867189,0.42466,1.0
BCL9L,0.93202,2.618140729414842,-0.8922779052734375,2.9392758168060453,0.3889,1.0
DYRK2,0.93202,2.618140729414842,-0.2897113217163086,3.1810176742387632,0.47606,1.0
NUP107,0.93202,2.618140729414842,-0.22707149993896483,3.2982119354910275,0.4744,1.0
RAB33B,0.932,2.6178251095094853,-0.32187293182373045,3.0417455738558568,0.45842,1.0
FCER2,0.93198,2.617509575648822,-0.5948472119140625,3.642324238309663,0.4196,1.0
PAOX,0.93198,2.617509575648822,-0.48616123779296877,2.9104098429589964,0.42772,1.0
PLTP,0.93188,2.615933195236614,-0.8198514819335937,2.915786844502062,0.39278,1.0
CEBPD,0.93188,2.615933195236614,0.5689232727050781,2.8404331826753633,0.58108,1.0
SUN2,0.93168,2.612786858608495,-1.4153129931640624,2.561688646425387,0.29508,1.0
ALG14,0.93168,2.612786858608495,-0.6364277355957031,2.888909310274299,0.42234,1.0
ANGPT2,0.93168,2.612786858608495,-0.4829629846191406,3.4153076930637263,0.43684,1.0
AK1,0.93158,2.6112168897888854,-1.54979658203125,2.513709167143348,0.27546,1.0
PADI4,0.93156,2.6109031511815974,0.031926971435546875,3.1204846510690376,0.50472,1.0
RGS5,0.93146,2.6093357311809506,0.6989125634765625,3.7344695304590614,0.5738,1.0
EXOSC6,0.93144,2.6090225014392368,-1.05446568359375,2.832672616694906,0.35682,1.0
ERCC8,0.93138,2.608083319836103,-0.5084014807128906,2.903176389620977,0.43858,1.0
CSF2,0.93136,2.6077704283437178,-0.5351368884277343,4.100348693596849,0.45284,1.0
CCNF,0.93134,2.6074576212897655,-1.1900852612304686,2.819618456968426,0.34518,1.0
ANKH,0.93132,2.6071448986247736,-1.24509296875,2.475814840445325,0.29552,1.0
RHNO1,0.9313,2.6068322602993086,-0.81541341796875,3.0633924561846495,0.39874,1.0
NABP2,0.9313,2.6068322602993086,-0.6984218408203124,3.378470440628816,0.4121,1.0
ADAM12,0.93126,2.60620723646946,0.11564216915130615,3.4310936630543156,0.50294,1.0
RUVBL1,0.93122,2.6055825494056424,-0.7277243994140625,3.6677917737205914,0.4111,1.0
CDC23,0.93112,2.604022302514245,-0.5244639208984375,2.9103824145292037,0.4326,1.0
SYT11,0.93108,2.6033987910341296,-0.8680698706054687,3.0621511938704145,0.39698,1.0
PLA2G12A,0.93106,2.603087160943104,-0.2468546436882019,3.1598197343582073,0.47042,1.0
CUL4B,0.931,2.6021527726798084,0.4262244891357422,2.8871306428569308,0.55798,1.0
ALG8,0.93098,2.601841477099341,-0.27732743515014646,3.395908153797087,0.47102,1.0
EIF2B3,0.93098,2.601841477099341,-0.23288758155822753,3.4696237716132075,0.47578,1.0
CRLS1,0.93096,2.6015302650246492,-0.5844518664550781,3.1003485817399916,0.4357,1.0
MLYCD,0.93094,2.60121913640707,-0.7056639965820313,2.869556351765744,0.40476,1.0
MCEE,0.93094,2.60121913640707,-0.5326078588867188,3.3209108021975093,0.43316,1.0
PRMT6,0.93086,2.599975455536144,-0.1549133642721176,3.688170264025902,0.49364,1.0
ZAP70,0.9308,2.5990435688045124,-0.5183241259765625,3.925968404474319,0.43444,1.0
CD19,0.93078,2.5987331060970975,-0.4951294287109375,4.503906339787094,0.43084,1.0
DLG1,0.93078,2.5987331060970975,-0.3932082977294922,2.796235225050894,0.4458,1.0
FBXO40,0.93072,2.5978022159082714,1.9019453564453126,3.599818815124049,0.70188,1.0
HLA-DOB,0.9307,2.5974920849958067,0.7750942993164063,3.741108954572121,0.6049,1.0
ABHD17A,0.93068,2.5971820369116863,-0.8320665405273437,2.685767086410763,0.38412,1.0
PDE4D,0.93068,2.5971820369116863,-0.6763068420410157,3.814677968154194,0.41588,1.0
TTLL5,0.93062,2.5962523891488587,-0.9756902563476563,3.481780290658537,0.3875,1.0
TRIB1,0.93056,2.595323485112951,-0.1573967116546631,3.058780149295271,0.46578,1.0
NUDT18,0.93054,2.595014015483489,-0.6237956127929688,2.939965861678541,0.41954,1.0
DEPDC1B,0.93052,2.594704628298939,0.07723277481079102,3.79801202893468,0.51284,1.0
ABCE1,0.93046,2.593776960937541,-0.51691375,3.1230606074608027,0.44538,1.0
COMMD3,0.93042,2.5931589273803173,-0.9816417700195312,2.05378867740736,0.26428,1.0
PPAT,0.9304,2.5928500338640807,-0.5640980834960938,4.077076650770565,0.42954,1.0
ZNF714,0.93038,2.59254122245942,-0.8252350903320312,3.175008097735293,0.39008,1.0
B3GAT1,0.93038,2.59254122245942,-0.6180234240722656,4.081822530720559,0.42174,1.0
PLK2,0.9303,2.591306797008035,-0.3829625323486328,2.9384289142283793,0.4464,1.0
ZNF10,0.9303,2.591306797008035,-0.3597387255859375,3.2084960338628763,0.44984,1.0
SETD2,0.93028,2.590998395450235,-0.7179205883789063,2.911193186816908,0.40222,1.0
NIPA1,0.93026,2.590690075719889,0.27730697204589844,2.8973780819052135,0.5382,1.0
ZNF441,0.93024,2.5903818377697863,-0.9353889672851563,3.3946044072091386,0.3578,1.0
GALE,0.93024,2.5903818377697863,-0.8902947021484375,2.678258961710513,0.36508,1.0
LDLR,0.9302,2.58976560702167,0.715861142578125,2.8209155886237527,0.60176,1.0
RPPH1,0.93018,2.589457614129436,0.03142644731044769,3.14675696084031,0.5006,1.0
RPL39L,0.92996,2.5860750670519734,0.5702862829589844,2.881473317132023,0.57552,1.0
ZNF792,0.92996,2.5860750670519734,-0.5092959362792969,4.308241129935092,0.42996,1.0
CYFIP2,0.92992,2.585461114313727,-0.8533055786132813,3.4375035141538333,0.37642,1.0
ZNF133,0.92992,2.585461114313727,-0.46428240966796874,3.6024047806219532,0.4404,1.0
ADAMTSL5,0.9299,2.5851542594436063,-0.2763689086341858,3.8890001064416095,0.465,1.0
RORA,0.92986,2.5845407924689345,-0.21352352237701416,4.386664268953884,0.48224,1.0
INPP5E,0.92984,2.5842341802715247,-0.24900433410644532,3.2293965195774126,0.45856,1.0
BASP1,0.92984,2.5842341802715247,0.20466236099243165,3.2475911923097716,0.52608,1.0
PRPS2,0.92982,2.5839276488722294,0.9796692822265625,3.112772605375181,0.65436,1.0
ZNF544,0.92976,2.583008538999935,-0.7225676147460938,4.167334095557392,0.4079,1.0
ZNF461,0.92976,2.583008538999935,-0.7128946020507813,3.748315986103541,0.4205,1.0
IGFBP7,0.92972,2.58239620222733,0.6477233203125,3.2492683263426168,0.59794,1.0
ADAL,0.92972,2.58239620222733,-0.5047495727539062,3.18280879934371,0.43108,1.0
MRPS24,0.9297,2.5820901546451926,0.3137765075683594,3.219569423393166,0.55428,1.0
ABCG1,0.92968,2.581784187537696,-0.7956817846679688,2.8251733646833683,0.38684,1.0
FLRT2,0.92964,2.5811724945624546,-2.32060533203125,2.970992553394089,0.20462,1.0
BHLHE41,0.92962,2.5808667686027196,-0.5929981823730469,3.4827042507065915,0.43504,1.0
PCGF2,0.92952,2.5793393422466826,-1.045786689453125,3.536050929600021,0.37746,1.0
PRKCH,0.92948,2.5787289324557423,-0.6234247546386719,3.795696099530521,0.423,1.0
PACS1,0.9294,2.5775090721516816,-0.9258853491210938,2.865443487294185,0.37114,1.0
ZNF202,0.92936,2.576899620909514,-0.27574774963378906,2.9761952980289115,0.47994,1.0
ZNF432,0.92934,2.576595014856724,-0.9165763745117188,2.551781021659079,0.32896,1.0
RAD51C,0.92932,2.576290488455592,-0.5371161767578125,3.3840438263880492,0.42476,1.0
PIGB,0.92932,2.576290488455592,0.31340960815429686,2.7893055607563992,0.54022,1.0
EMILIN1,0.92928,2.5756816744269337,-0.24802869537353517,3.2193370654952087,0.46624,1.0
ZNF529,0.92924,2.575073178461179,-0.010306023330688476,3.8714811387578925,0.50858,1.0
POLR3D,0.9292,2.5744650001965805,0.20661324824094773,3.0480997776834378,0.53686,1.0
MOCS3,0.9291,2.5729459421091856,-0.7736874560546875,2.8315715231397784,0.39078,1.0
NELFCD,0.92906,2.5723388729586922,-0.9511810302734375,3.0565637363239233,0.37548,1.0
FOS,0.92904,2.572035456936178,-1.3677340966796876,2.4653291654269616,0.2955,1.0
PLEKHA8,0.92904,2.572035456936178,-1.0535147583007813,2.77685261458093,0.35284,1.0
C1QC,0.92902,2.571732119889048,1.3065542578125,3.828834459093528,0.62258,1.0
BBS10,0.92902,2.571732119889048,-0.6496187670898438,2.8270756976800997,0.40962,1.0
ERCC5,0.9289,2.569913753584279,-0.9515977612304688,2.841933984302531,0.3755,1.0
FCHO1,0.92874,2.567493668636151,-0.7492932421875,2.8980311656730238,0.39086,1.0
CD72,0.92874,2.567493668636151,0.7329881140136719,3.0840819368921895,0.61482,1.0
NELFA,0.92874,2.567493668636151,-0.49242420776367185,2.7629896839037094,0.4239,1.0
DGKQ,0.9287,2.566889431361712,0.05055632043838501,2.9259982497743366,0.50576,1.0
INPP5D,0.92868,2.5665874300754274,0.2682093850708008,2.8015732806503015,0.53468,1.0
ZNF18,0.92862,2.5656818950907088,-0.8178220874023437,3.4145848030334336,0.38174,1.0
ZIK1,0.9286,2.5653802062402824,-0.6763324951171875,3.848804088380709,0.40712,1.0
PIGL,0.92858,2.56507859538874,-0.44583161376953123,3.3539651836913356,0.43036,1.0
RNF144A,0.92856,2.5647770624921242,0.729195185546875,3.083243632189607,0.5984,1.0
FOXK2,0.92852,2.564174230388019,-0.9084284252929687,2.6861967012850596,0.36886,1.0
WDR36,0.92848,2.563571709577039,-0.6836376257324219,3.4670225184670977,0.41682,1.0
KBTBD8,0.92848,2.563571709577039,-0.21903415802001952,2.7001699191547117,0.46992,1.0
ARSD,0.92836,2.561766011402382,0.341337373046875,2.7019038515020215,0.54682,1.0
DEF6,0.92834,2.561465333119228,-0.7799283837890625,3.6622034219387896,0.36982,1.0
TFDP2,0.92834,2.561465333119228,-0.664954609375,2.812528641571218,0.4187,1.0
NMRAL1,0.92832,2.5611647322663647,-0.8842113134765625,2.931884000198516,0.389,1.0
ZNF549,0.9283,2.5608642088003126,-0.6493693713378906,3.0122586076843123,0.42034,1.0
PTPRN2,0.92826,2.5602633938548953,-0.11700958950042725,3.1023538263353263,0.49876,1.0
CCND2,0.9282,2.5593627507528973,0.6723060717773437,3.2595794061851473,0.59862,1.0
ZNF70,0.92818,2.5590626906966265,0.3187340237426758,3.9058050182848096,0.53358,1.0
HLA-DQB1,0.92816,2.55876270772381,-0.6800540625,3.060665328540062,0.39626,1.0
RPRD2,0.92814,2.558462801791255,-0.9653627368164063,2.7243446784486243,0.32738,1.0
COL1A1,0.92806,2.557263947601081,-0.6770470874023438,4.113110813210909,0.41782,1.0
GRPEL2,0.92798,2.5560663226090923,-0.06666069440841675,3.241918832884082,0.50568,1.0
SLC44A2,0.92796,2.5557671081011892,0.4508446728515625,2.86660337355447,0.5444,1.0
EIF4EBP1,0.92794,2.555467970203604,-0.9111709790039062,2.83507137699319,0.38928,1.0
SATB1,0.92794,2.555467970203604,-0.1092394570350647,2.921281507707993,0.4891,1.0
SENP3,0.9279,2.5548699240682295,-1.1335145556640625,2.6396551706740885,0.33682,1.0
PLOD2,0.92786,2.554272183861016,-1.791251669921875,2.873655907605257,0.24944,1.0
ALG1,0.92786,2.554272183861016,-0.19450519165039062,3.349623812243107,0.47528,1.0
TNFRSF10C,0.92784,2.5539734283737623,0.033980234622955324,2.8151651767811456,0.50572,1.0
NKIRAS1,0.92782,2.5536747492405727,-0.5038848095703125,2.77321589978301,0.43846,1.0
ALDH6A1,0.92782,2.5536747492405727,-0.41167590087890626,3.3373721100699933,0.41682,1.0
ORMDL3,0.92778,2.553077619866083,0.05509822654724121,3.6604079357011354,0.505,1.0
ARHGEF28,0.92776,2.5527791695397184,-0.9163315087890626,3.4591677223900783,0.37528,1.0
AGO2,0.92776,2.5527791695397184,-0.6066057067871093,2.787502155423976,0.41392,1.0
LAT2,0.92776,2.5527791695397184,-0.33404961364746094,2.9606487880609857,0.4484,1.0
COQ6,0.92768,2.551586129649369,-0.6919542456054687,2.9288354903956395,0.39896,1.0
OPHN1,0.92756,2.549798849401023,0.5437130407714844,2.9438942302110696,0.58024,1.0
ABCA7,0.92754,2.549501234769367,-1.0105864282226562,2.626717610083624,0.3616,1.0
OMG,0.92748,2.548608845020129,-0.18172465431213378,3.1926295395140407,0.48124,1.0
DNAJC24,0.92746,2.548311533012215,-0.15371793670654296,2.804654546296154,0.48034,1.0
GRHL1,0.9274,2.54742005012661,0.15463012718200683,2.794328133752401,0.5188,1.0
PCGF6,0.92736,2.5468261053992243,-1.089034267578125,2.9769640950833747,0.31676,1.0
PRMT1,0.92734,2.546529246068992,-0.9105664599609375,2.8663994270023165,0.37682,1.0
BBS4,0.92734,2.546529246068992,-0.4987824011230469,2.9223080934241734,0.44102,1.0
SOCS5,0.92732,2.5462324620387227,-0.6715109985351563,2.7133175629837947,0.41038,1.0
AKR7A2,0.9273,2.545935753266707,-1.249717333984375,2.776010117250383,0.31608,1.0
LTBP1,0.92728,2.545639119711266,0.19420544342041016,3.4743660150714377,0.52274,1.0
HHEX,0.92726,2.545342561330757,-0.75964474609375,3.0682357156201614,0.37778,1.0
PNO1,0.92726,2.545342561330757,-0.21021327026367187,3.136215123820439,0.4804,1.0
TRMU,0.92714,2.543564787393557,-0.7040359399414062,2.9321071569173287,0.39236,1.0
SC5D,0.92714,2.543564787393557,-0.5834567370605469,3.186983094368585,0.41908,1.0
SNAPC1,0.92714,2.543564787393557,-0.4771624865722656,2.922786025166429,0.447,1.0
LPIN1,0.92714,2.543564787393557,-0.3947136614990234,2.763781294421609,0.44946,1.0
MUTYH,0.92714,2.543564787393557,-0.39367975341796874,2.7814132118176484,0.44208,1.0
KIF3A,0.92714,2.543564787393557,-0.09098445003509521,3.5690946245829362,0.49612,1.0
SLC2A8,0.92712,2.5432687540744334,-0.9955781640625,2.629341316730664,0.35278,1.0
CKAP5,0.92712,2.5432687540744334,-0.6166921276855468,2.8096303310212223,0.4212,1.0
TOP3A,0.92706,2.5423811030098475,-0.5937841442871094,2.696766354154448,0.40868,1.0
RPA1,0.92706,2.5423811030098475,-0.3695541540527344,2.8545717034320344,0.45818,1.0
TEX10,0.92694,2.5406078171848767,-0.8316325366210937,2.6246599630598655,0.3713,1.0
SLC15A4,0.92678,2.538247605004458,0.5423788732910156,2.773546163645031,0.5845,1.0
ZEB1,0.92678,2.538247605004458,-0.39476056640625,3.4184924482362278,0.43754,1.0
ZNF530,0.92668,2.5367748834307635,-0.28942982482910157,3.3689351041351916,0.4675,1.0
NT5M,0.92664,2.5361863126758815,0.23112972076416016,3.658426300677927,0.52728,1.0
IARS2,0.92646,2.5335413956877013,-0.7533075659179688,2.897405651269036,0.38708,1.0
DOLK,0.92642,2.532954445855524,-1.1531816284179688,2.671316170186156,0.33688,1.0
KLHL42,0.92624,2.5303168010823556,-0.81317509765625,3.124223292664394,0.39068,1.0
LETM1,0.92614,2.5288540016989898,-0.8607292333984375,3.151057887721731,0.4167,1.0
ZKSCAN8,0.92612,2.528561660551959,-0.8705708862304687,2.809228132287479,0.36036,1.0
CHD3,0.92606,2.5276850738550145,-0.9231265673828125,2.7548755105944944,0.3691,1.0
ZNF138,0.92606,2.5276850738550145,-0.6196970153808594,4.232815578135085,0.3901,1.0
IL27RA,0.92598,2.5265173091827857,-0.9256945263671875,2.5966556607329223,0.37614,1.0
TUBGCP4,0.92598,2.5265173091827857,-0.26110687744140626,3.279834324863498,0.47478,1.0
PMEPA1,0.92596,2.5262255494636086,-1.22415603515625,2.8451545380419194,0.34018,1.0
HLA-DPA1,0.92588,2.5250592351987295,0.14490576698303223,2.8880717227462185,0.52202,1.0
DCUN1D2,0.92586,2.5247678375885823,-0.5398685729980469,2.820292982976512,0.41862,1.0
TRIM4,0.92584,2.5244765122822224,-0.76783185546875,2.7282554599979574,0.39796,1.0
PIGN,0.92584,2.5244765122822224,-0.2175865124511719,3.0388000523293464,0.49618,1.0
SRGAP3,0.92574,2.5230209689340555,-0.8980857739257813,3.8439268441656287,0.39688,1.0
KBTBD7,0.92574,2.5230209689340555,-0.5560887023925781,4.212453853093982,0.41506,1.0
CRHR1,0.92574,2.5230209689340555,-0.2482034747314453,4.103878586068761,0.47776,1.0
PSTK,0.92572,2.522730076626956,-0.44738776977539063,3.2233793050761035,0.43466,1.0
GALNT11,0.92568,2.5221485080624984,-1.2471435595703124,2.389702353087836,0.30382,1.0
ZWILCH,0.92568,2.5221485080624984,-0.32676547973632813,3.1543302306615244,0.45544,1.0
GBA2,0.92566,2.521857831727085,-0.81501302734375,2.6146639803431198,0.37348,1.0
KRBA1,0.92562,2.521276694754979,-0.6488001147460938,2.954694380110311,0.42748,1.0
RAD18,0.92558,2.520695845121665,-0.19825814140319825,2.6495780505744873,0.47028,1.0
SMAD7,0.92556,2.5204055279598587,-1.0968958715820312,2.410956706346061,0.31612,1.0
ZNF569,0.92556,2.5204055279598587,-0.9263579272460938,3.6990105326040665,0.38294,1.0
PLAGL1,0.92556,2.5204055279598587,-0.16427619262695312,2.6142590692151177,0.46748,1.0
NFATC3,0.92554,2.520115282516175,-0.5389016015625,2.8237161603919,0.4217,1.0
DUS2,0.92552,2.519825108751822,-1.0122276123046876,2.808533784504016,0.3593,1.0
RASA3,0.92552,2.519825108751822,-0.38842013122558594,2.627243337714447,0.44188,1.0
CD207,0.92548,2.5192449761060933,-0.6507613623046875,3.3540314538002396,0.41988,1.0
IL32,0.92548,2.5192449761060933,0.1914211053466797,4.210275088376394,0.52668,1.0
ALG10B,0.92548,2.5192449761060933,0.15731403732299803,2.6426727800784167,0.52062,1.0
PLAC8,0.92538,2.5177958961705658,1.501465341796875,2.104550202286772,0.77252,1.0
PANK1,0.92528,2.5163486004893207,0.03235458637237549,3.956406599521929,0.4988,1.0
KDM5B,0.92522,2.5154810775223613,-0.848671875,2.6434883576481827,0.3689,1.0
HLA-DRB1,0.92522,2.5154810775223613,-0.2216540237426758,3.568861907397256,0.4678,1.0
ASCC1,0.92516,2.514614194121409,-0.6134309606933593,2.820202015740685,0.41656,1.0
TYSND1,0.92514,2.5143253749350327,-0.5002092248535156,3.286575058352379,0.42454,1.0
MOCS2,0.92514,2.5143253749350327,-0.4105276623535156,3.1534625326286276,0.43538,1.0
NCOR2,0.9251,2.5137479492540997,-1.0416409106445312,2.443541466164506,0.32792,1.0
FUZ,0.92508,2.5134593426832836,-0.6796425073242187,2.716052348374944,0.39334,1.0
CLASP2,0.92504,2.5128823418905393,-0.39427224182128906,2.728748533574588,0.4402,1.0
VPS37B,0.925,2.5123056239761152,0.007298553380966187,2.6856427508186553,0.51752,1.0
KLHDC3,0.92498,2.512017371003312,-1.276607822265625,2.358311309762818,0.27178,1.0
AGPAT5,0.92496,2.5117291886361968,0.00814864803314209,2.8712983619138193,0.49708,1.0
NUP54,0.92492,2.511153035567458,-0.3315484649658203,2.73592789656865,0.44996,1.0
ZNF510,0.9249,2.510865064790126,0.0919946291732788,3.3223710641954596,0.53928,1.0
ZNF439,0.92486,2.5102893345604795,-0.27887408569335936,3.7467793287140214,0.46164,1.0
BYSL,0.92486,2.5102893345604795,0.12178222518920899,3.2655264021866315,0.52308,1.0
ZNF420,0.92476,2.5088512399547076,-0.37996897827148435,3.73973028947962,0.45304,1.0
VCPKMT,0.92476,2.5088512399547076,-0.22152975708007813,3.117757863910865,0.47378,1.0
KIF3B,0.92474,2.508563831755362,-1.1674026318359374,2.449932349485905,0.31392,1.0
PAFAH2,0.92474,2.508563831755362,-0.77846939453125,2.6644254465779107,0.38474,1.0
SLC39A3,0.92472,2.5082764937088875,-0.879047021484375,2.757414621800546,0.37558,1.0
ZNF337,0.9247,2.5079892257777443,-0.6915074975585938,2.996175791406064,0.4047,1.0
ACP5,0.9247,2.5079892257777443,-0.5359255395507813,2.5659005918599425,0.41518,1.0
SMARCA2,0.9247,2.5079892257777443,-0.07697262304306031,2.876855321949102,0.50566,1.0
GALT,0.92468,2.5077020279244238,-0.5374397875976562,3.62471555970527,0.42988,1.0
NICN1,0.92466,2.507414900111447,-0.2947480291748047,2.7198712784197285,0.46164,1.0
ZNF595,0.92462,2.5068408544567466,-0.3220127435302734,2.619858420710288,0.42358,1.0
HPS4,0.92454,2.505693601985653,-0.8282634057617188,2.711812341587909,0.36072,1.0
SPTBN4,0.92454,2.505693601985653,0.642042294921875,3.904656561518113,0.56632,1.0
CENPJ,0.9245,2.5051203945722005,1.1466814868164064,2.4593228563046607,0.67852,1.0
LGALS1,0.9245,2.5051203945722005,-0.5159717175292968,2.639740000216142,0.40526,1.0
RRP9,0.9245,2.5051203945722005,-0.32462116455078127,3.5174383387222576,0.4544,1.0
HLA-DPB1,0.92448,2.504833895440625,-0.3268436413574219,2.8120280110421145,0.45238,1.0
CCDC88C,0.92446,2.5045474659762292,-0.41429408203125,2.9387590625392184,0.43336,1.0
MCM5,0.92442,2.503974815900396,-0.4765069067382813,2.72507787228516,0.4278,1.0
SPTAN1,0.92438,2.503402444047824,-0.5121958984375,2.6355099146201866,0.42068,1.0
APOM,0.92426,2.501686994868007,-0.36388236083984377,2.6313700200004413,0.4474,1.0
ZFP1,0.92422,2.5011157329491525,-0.3730830096435547,4.535031879274975,0.46282,1.0
BCL2A1,0.92416,2.500259358877585,0.2777228997802734,2.6022891460272795,0.5402,1.0
HSD17B6,0.92414,2.499974039055185,0.4668436181640625,4.24199059684006,0.54724,1.0
INPP4A,0.92408,2.4991184936787527,-0.8115605102539063,2.5863273360071166,0.39302,1.0
CBR3,0.92408,2.4991184936787527,0.3469776110839844,2.739024745586958,0.53488,1.0
IL4R,0.92404,2.498548474803902,-1.0757815356445313,2.20790613426444,0.28916,1.0
SPRED3,0.92404,2.498548474803902,-0.3275130374908447,3.1810416151236565,0.4611,1.0
CEP78,0.92402,2.4982635686695986,-0.7457935961914063,3.364892509335163,0.3805,1.0
ZNF782,0.924,2.497978731355354,-0.5896632592773438,3.3393190990598547,0.43166,1.0
GSC,0.92398,2.49769396282468,0.03374917491912842,3.7887284797399086,0.49558,1.0
COX11,0.92388,2.4962711506500104,-0.8144449853515625,3.9325073245987974,0.36044,1.0
ARHGEF1,0.92386,2.495986794056238,-0.7356168286132813,2.7241917577555803,0.3756,1.0
KLHL22,0.92382,2.495418286419424,-0.8821122387695313,2.6188679139194395,0.3744,1.0
HSD17B12,0.9238,2.495134135303904,-0.18061699569702147,2.6492546233722294,0.47806,1.0
RFC1,0.92374,2.4942820923346147,-0.04975052388191223,2.8297375069129163,0.49694,1.0
TMED3,0.92364,2.49286338647668,-0.6506539453125,3.1002330982946713,0.42024,1.0
TYW3,0.9236,2.4922963813078653,-0.17798380676269532,2.892516946201268,0.4817,1.0
PDE3B,0.92356,2.491729648378731,-1.13727513671875,2.4694872810707285,0.32116,1.0
KIF20B,0.92356,2.491729648378731,-0.4993950616455078,3.4479181957964258,0.42404,1.0
SYNGR1,0.92354,2.4914463839143477,-1.243271689453125,2.401936734495077,0.29254,1.0
DDHD2,0.9235,2.4908800588068045,-0.6830549731445312,2.9424655978086682,0.40684,1.0
COG5,0.9235,2.4908800588068045,-0.6307603283691406,2.5145590214226736,0.40256,1.0
PHC2,0.9235,2.4908800588068045,-0.5352114819335938,2.602445930648742,0.41582,1.0
UTP15,0.92348,2.490596998092071,-0.20166389053344727,3.1678246237962595,0.46924,1.0
LIPT1,0.92342,2.489748222875172,-0.9191171533203125,2.712869165236524,0.33454,1.0
ZNF19,0.92342,2.489748222875172,-0.8369926196289063,2.512500733675115,0.37052,1.0
CD2,0.92342,2.489748222875172,-0.5026631298828125,4.479807248195106,0.42298,1.0
TBL1X,0.9234,2.489465433326343,-0.8063411962890625,2.6045862473142205,0.37478,1.0
MCPH1,0.9234,2.489465433326343,-0.7245942846679687,2.5677975077087494,0.39034,1.0
ANAPC10,0.92334,2.488617470751407,-0.18618205352783204,2.72532095887469,0.4826,1.0
COL15A1,0.92332,2.488334951798354,-1.0969370532226563,3.26818574236222,0.37118,1.0
PLEKHA1,0.92328,2.4877701165369666,-0.7931164697265625,3.2158898056387093,0.37588,1.0
MAP3K5,0.92326,2.487487800157672,0.6771674426269532,2.5663708790860826,0.60482,1.0
ZNF445,0.92324,2.4872055512320497,-0.6120978405761719,3.4694689715429776,0.4151,1.0
CEP76,0.92316,2.4860772293584876,-0.3106993505859375,2.8226314904239582,0.44562,1.0
DDIT4,0.92314,2.4857953171706195,-0.6158763110351563,2.7268233654530554,0.41744,1.0
GNLY,0.92314,2.4857953171706195,0.3623837602233887,4.2883276855263,0.57198,1.0
SNRNP25,0.92304,2.484386764151128,-1.356038388671875,2.33629053054959,0.279,1.0
PIAS2,0.92296,2.483261129129164,-0.925760556640625,2.502271048384036,0.3609,1.0
TNFRSF10B,0.92294,2.482979887774779,-0.49403234497070314,2.658290648335693,0.42818,1.0
SPN,0.92292,2.4826987133107967,0.4052425329589844,2.5643014691407164,0.55302,1.0
ZNF235,0.92288,2.4821365649141853,-0.41040011352539063,2.6728746683883435,0.44772,1.0
UCKL1,0.92282,2.481293843123883,-1.0859686303710938,2.4374309375357037,0.3141,1.0
TTC5,0.92282,2.481293843123883,-0.8899628100585938,3.0623596500737977,0.34674,1.0
MGAT4A,0.92278,2.4807323620600252,-0.7125845751953125,2.433145694217152,0.38438,1.0
NUAK1,0.92274,2.480171147441752,-0.8950867236328125,3.421755213563834,0.3788,1.0
KIFAP3,0.92274,2.480171147441752,-0.030624468418359755,3.0375743485854128,0.50358,1.0
ORC4,0.92272,2.4798906399628398,0.22338715591430663,2.646249091221623,0.52812,1.0
ACSF2,0.9227,2.4796101989911334,-0.7205773266601563,2.5752238403723378,0.38688,1.0
MRPS2,0.92268,2.4793298244919586,-0.9198916967773437,3.1470476753439245,0.35652,1.0
NIPAL3,0.92262,2.4784890994832893,-0.3070970910644531,3.686727192549613,0.45222,1.0
CDC34,0.92258,2.477928947872351,-0.7495500073242187,2.452370803927857,0.38356,1.0
BEST4,0.92252,2.4770892173576766,-0.508010337524414,4.11154572763162,0.44904,1.0
XPC,0.92248,2.4765297278803495,-0.8063311987304688,3.1535708180099404,0.37136,1.0
FOXK1,0.92248,2.4765297278803495,-0.6055881848144531,2.559771047124017,0.41066,1.0
CD52,0.92246,2.476250082298203,-0.5426549658203125,2.557439576927098,0.4084,1.0
APOBEC3C,0.92246,2.476250082298203,0.3845282043457031,2.6845406296224907,0.54618,1.0
PDE4C,0.92246,2.476250082298203,-0.22024185661315918,3.2855319812163737,0.45616,1.0
ZNF736,0.92238,2.4751321602118024,-0.813508955078125,2.4514466982544607,0.36708,1.0
PEX3,0.92232,2.474294410941629,-0.32014133728027344,3.053857254938318,0.45022,1.0
ZNF282,0.92222,2.472899478079412,0.28894981414794924,2.7017510845510206,0.53998,1.0
CPSF4,0.92216,2.4720633064150075,-0.5522261145019531,2.732865803172482,0.42506,1.0
PELP1,0.92214,2.4717847136649653,-0.7573946948242187,3.267735011346105,0.39514,1.0
MTO1,0.92208,2.470949328354077,-0.73717419921875,2.724396951765187,0.38648,1.0
MPST,0.922,2.4698363968670027,-0.7562254516601562,2.531177290593775,0.37084,1.0
ODC1,0.92198,2.4695583272688397,-0.8553033666992188,2.3762098190265064,0.35204,1.0
TRMT61B,0.92194,2.469002383764686,-0.8628115380859375,3.08871281843194,0.37868,1.0
NDUFAF5,0.92192,2.468724509791326,-0.8790334252929688,2.4733034002875507,0.36548,1.0
FUCA1,0.92188,2.468168957233812,-1.3853765625,2.137861538046123,0.23388,1.0
TRMT12,0.92188,2.468168957233812,-0.77369123046875,2.5072715158343946,0.37678,1.0
ZNF554,0.92188,2.468168957233812,-0.31979597473144533,3.814121636085832,0.4783,1.0
PHC3,0.92186,2.4678912785824423,-0.047461959648132324,2.5353170565493595,0.49324,1.0
HSPA1B,0.92182,2.467336116366637,0.9658434521484375,2.5584495465402455,0.65612,1.0
THBS4,0.92178,2.466781214043256,-0.7384847607421875,3.5884709466169644,0.40768,1.0
TMPO,0.92166,2.4651180637514245,0.11573890917778015,3.670194372436539,0.52902,1.0
GBP3,0.92164,2.4648410987011915,1.47766576171875,1.2715523431962588,0.90776,1.0
TRMT10A,0.9216,2.464287362585264,-0.40497487548828126,2.543223774391373,0.44172,1.0
FABP5,0.92152,2.4631806653611434,-0.18282928730010986,2.581148816597773,0.47524,1.0
GSTM3,0.92142,2.461798744235343,-0.6166715246582031,2.6726508961529145,0.40666,1.0
SLA,0.92134,2.4606943650796236,-0.1733763702392578,2.6910402861612197,0.4864,1.0
WARS2,0.92134,2.4606943650796236,-0.17239578189849852,2.810571506719515,0.48526,1.0
CRY1,0.9213,2.460142560691529,-0.7578671923828125,2.4082459162071763,0.36328,1.0
ZNF548,0.9213,2.460142560691529,-0.6685102465820313,2.58498812773431,0.38002,1.0
EEFSEC,0.9213,2.460142560691529,-0.4287051702880859,3.1673687697903543,0.4341,1.0
GNGT2,0.92126,2.4595910127458662,-0.5456533740234375,2.5218586378238648,0.4101,1.0
CDC16,0.92124,2.459315334856882,-0.7690235400390625,2.5213535129079556,0.37392,1.0
FAHD1,0.92122,2.459039720980079,-0.5105188317871093,2.4867629551380594,0.4218,1.0
RPIA,0.92116,2.4582132630952955,-0.6259222729492188,2.88647956462125,0.41822,1.0
ABLIM1,0.9211,2.457387380142362,-0.6114020544433594,3.407544769470746,0.38864,1.0
CENPT,0.92108,2.4571122134350043,-1.0625290380859376,2.298430844709423,0.319,1.0
ZNF565,0.92104,2.4565620712401826,-0.7451320727539062,2.589474022593144,0.38272,1.0
ZNF256,0.92104,2.4565620712401826,-0.4799705859375,3.065503851185774,0.42104,1.0
GZMB,0.92104,2.4565620712401826,0.23847694030761718,4.48496540526697,0.54728,1.0
LEMD3,0.92104,2.4565620712401826,-0.1338587429046631,2.56280169356541,0.4758,1.0
SELPLG,0.921,2.456012183788286,-0.4233143920898437,2.832239728302427,0.43364,1.0
HAS1,0.92098,2.455737335509675,-2.32979984375,2.581336642117311,0.15006,1.0
EPS15L1,0.92098,2.455737335509675,-0.8544498583984375,2.504902336004418,0.36392,1.0
CD247,0.92098,2.455737335509675,-0.17649088460326195,4.585089356288703,0.46758,1.0
NT5C3B,0.92096,2.455462550819336,-1.073180712890625,2.3857850911659186,0.32048,1.0
CSNK1E,0.92096,2.455462550819336,-0.6424593359375,2.629001040398567,0.40792,1.0
PINK1,0.92094,2.455187829684832,-1.31964619140625,2.168868049699423,0.2576,1.0
TNFRSF17,0.92082,2.4535408357370736,0.85389845703125,4.327268986116376,0.5799,1.0
CRAT,0.92068,2.4516222238038985,-0.4866926745605469,2.5457805636050215,0.42042,1.0
ARV1,0.92064,2.451074617386566,-0.7005336376953125,2.607856617623441,0.37086,1.0
LMNA,0.92056,2.4499801607782867,-0.4746318542480469,2.3625028260158887,0.4239,1.0
BLNK,0.92052,2.449433310075589,1.0966201928710937,3.4491291660576975,0.69262,1.0
RGP1,0.92052,2.449433310075589,-0.6657669909667969,2.650242570204946,0.39082,1.0
SAE1,0.92046,2.448613505305192,-0.7288774560546875,2.5803002977776632,0.39114,1.0
FCGR3A,0.92046,2.448613505305192,-0.6095993615722656,3.6776865107694654,0.40994,1.0
TAF1D,0.92046,2.448613505305192,-0.4639798156738281,2.9026976939602718,0.43192,1.0
PTGER4,0.92044,2.448340362596602,0.26737208465576173,2.599096214685132,0.5413,1.0
KBTBD6,0.92038,2.4475213106702,-0.5233846618652344,4.3566109045735555,0.43188,1.0
RHOBTB3,0.92032,2.44670282237623,-0.39670080078125,2.609737930982633,0.4404,1.0
HGSNAT,0.9203,2.446430118048642,-0.5773213647460937,2.5891544572555842,0.41292,1.0
CCL13,0.92026,2.4458848968592135,0.7147592346191406,4.97271994884607,0.55016,1.0
TAF3,0.92022,2.4453399254134833,-0.5543749353027344,2.605051188139465,0.42374,1.0
EEF1E1,0.9202,2.4450675332656053,-0.29356061950683593,3.1649613221155266,0.46952,1.0
EIF2B4,0.92018,2.444795203459021,-1.1286292163085938,2.4403212635713354,0.3172,1.0
GPI,0.92016,2.4445229359622354,-1.0714943774414063,2.455670437805418,0.31896,1.0
PIGA,0.92016,2.4445229359622354,-0.4606961541748047,2.4679185963195374,0.43194,1.0
IMP3,0.92014,2.444250730743778,-0.8514005590820313,2.786067312964603,0.3004,1.0
PIP4K2C,0.92008,2.4434344884440278,-0.029494952354431152,2.5100614038127853,0.49174,1.0
RPS6KB1,0.92006,2.443162532024651,-0.23245179595947266,2.5813451122111637,0.47788,1.0
DROSHA,0.91992,2.4412605747334437,0.021798969554901123,2.4763998133167218,0.49482,1.0
GLI1,0.9199,2.4409891144087985,-2.471326767578125,3.440995601072727,0.23218,1.0
FAM135A,0.91986,2.4404463793424194,1.1686439208984376,2.7317910182510534,0.71446,1.0
RGS18,0.91984,2.440175104538426,-0.7241508911132812,2.465533973007894,0.3752,1.0
CRCP,0.91982,2.439903891512428,-0.679786630859375,2.399232347889864,0.39426,1.0
IL7R,0.9198,2.4396327402333537,-0.07100470478057862,3.3573949472617937,0.4828,1.0
SNCA,0.91976,2.439090622791805,-0.9340851806640625,2.390858075294576,0.3449,1.0
ADARB1,0.91974,2.4388196565673006,-0.9019272534179688,2.860108905653449,0.32348,1.0
UHRF2,0.91974,2.4388196565673006,-0.16522555480957032,2.6207464101867277,0.4662,1.0
PRC1,0.91972,2.4385487519656626,0.23901060943603517,2.5720566921815244,0.53782,1.0
FBXW4,0.91964,2.437465749169002,0.2045125166320801,2.538217852138743,0.5248,1.0
SLC35A1,0.91956,2.4363837298658626,-0.4235130883789063,2.5571556777141105,0.42662,1.0
CRKL,0.91954,2.436113378479762,-0.44167428649902346,2.634073870029195,0.43076,1.0
MME,0.91952,2.4358430884080025,2.25669185546875,3.270539375540525,0.76556,1.0
B3GAT3,0.91952,2.4358430884080025,-1.048223564453125,2.535958713624186,0.33616,1.0
COA1,0.91952,2.4358430884080025,-0.6044187426757812,3.1036880869885635,0.3862,1.0
ACD,0.91952,2.4358430884080025,-0.3581903265380859,2.643517447391267,0.44572,1.0
CXCL16,0.91948,2.4353026920846252,-0.6137991821289063,3.0687509511127464,0.39434,1.0
FUT11,0.91948,2.4353026920846252,-0.16561373615264893,2.563911116906661,0.47286,1.0
LBR,0.91944,2.4347625406501967,-0.624858095703125,2.592962801642749,0.39498,1.0
MTMR1,0.91942,2.4344925566897078,0.747241328125,2.6325360847262353,0.62484,1.0
APEH,0.9194,2.434222633859545,-0.9665663061523437,2.0854070593423155,0.27358,1.0
ID2,0.91932,2.4331435532307193,-0.7507921557617188,2.392828613913964,0.37914,1.0
EZH2,0.91932,2.4331435532307193,-0.15761901114463805,2.4802565858597747,0.4726,1.0
IFT27,0.91926,2.432334883130922,-0.9163673193359375,2.8128816335726907,0.33868,1.0
ZNF664,0.91918,2.43125750859703,-0.17549825942993164,2.555184441269517,0.49014,1.0
TAF4,0.91916,2.430988316951315,-0.4721577490234375,2.5134183507985437,0.42514,1.0
SMN2,0.91908,2.429912157409958,-0.2927236901855469,2.512968031926671,0.45732,1.0
CTSD,0.91904,2.429374441440594,-0.549434716796875,2.4130511449026186,0.39504,1.0
SOCS3,0.91904,2.429374441440594,0.04746609536170959,2.3501470526351884,0.5044,1.0
CTSC,0.91902,2.429105674300502,1.3277735009765625,2.367228999394269,0.71502,1.0
VPS45,0.91898,2.4285683215586933,-0.866380634765625,2.378221627882505,0.36262,1.0
SLC2A3,0.91892,2.4277627458401705,-0.5927278454589844,2.7722611501825187,0.42944,1.0
ZKSCAN4,0.91884,2.426689489955418,-0.5333173645019531,2.838657192940562,0.44244,1.0
PLK3,0.91878,2.42588518079702,-1.1576875952148438,2.0248479153564034,0.2714,1.0
ARSG,0.91872,2.425081413102527,0.9683486401367187,2.260979045275877,0.67212,1.0
ACAD8,0.9187,2.424813610723655,-1.007306962890625,2.668454394286525,0.31742,1.0
FTH1,0.9187,2.424813610723655,-0.9195554223632812,1.9498991442786309,0.31028,1.0
MRGBP,0.9187,2.424813610723655,-0.559500517578125,2.570928435115622,0.42634,1.0
CCT2,0.91868,2.424545868388069,-0.5603100439453125,2.6106470174971,0.41762,1.0
ALOX12,0.91868,2.424545868388069,0.3501144372558594,3.4058178507353434,0.53756,1.0
GEMIN7,0.91866,2.4242781860659806,-0.9743842553710937,2.345285540866489,0.34082,1.0
ENPP4,0.91864,2.4240105637276295,0.4042128625488281,2.830314492386417,0.57946,1.0
SLC39A4,0.91862,2.423743001343275,-0.4998085009765625,2.5394814226422904,0.42598,1.0
HINT2,0.91862,2.423743001343275,-0.28409201171875,3.5693738030731796,0.43692,1.0
GSTT1,0.91858,2.4232080563177023,-1.28562474609375,2.036175832300315,0.25668,1.0
PROS1,0.91858,2.4232080563177023,-0.03301654158592224,3.2007407202055127,0.50462,1.0
SATB2,0.91856,2.4229406736171146,-0.6088890087890625,2.9591984033857672,0.4169,1.0
ZFP90,0.91856,2.4229406736171146,-0.09616768633842468,2.943772289381316,0.46302,1.0
LGALS3,0.91852,2.4224060876920643,-0.6217925891113282,2.6712875727706162,0.3945,1.0
JADE1,0.91848,2.4218717408710866,-0.6596114562988281,3.44157436268735,0.38318,1.0
INSIG1,0.91838,2.4205369183470355,-1.5305424658203124,1.553305709610371,0.1454,1.0
ZNF419,0.91836,2.4202701326681852,-0.8075808374023438,3.1289514311104334,0.39604,1.0
ACBD4,0.91836,2.4202701326681852,-0.733610517578125,2.5870792462674013,0.38176,1.0
C3AR1,0.91836,2.4202701326681852,0.4808116015625,2.761226309295682,0.58854,1.0
FUNDC1,0.91834,2.4200034065292564,0.3179600115966797,2.5370735835851193,0.5597,1.0
PCNA,0.91834,2.4200034065292564,-0.27525288208007814,2.4881225530885454,0.45694,1.0
SMC4,0.9183,2.4194701327535193,-0.7588708715820313,2.416038786574644,0.37158,1.0
GNG3,0.91826,2.418937096784771,0.9160733618164062,3.9188184336714156,0.59144,1.0
ACADM,0.91822,2.418404298388303,-0.12591428428649903,2.7224676785925976,0.4946,1.0
ORC1,0.91818,2.4178717373297474,-0.7609440490722656,3.859857668942471,0.4166,1.0
ALG12,0.91818,2.4178717373297474,-0.6444343188476562,2.4253344394261087,0.3927,1.0
KHDRBS2,0.91814,2.4173394133750827,-0.3244816465759277,3.334979247748084,0.46228,1.0
ABCD4,0.91804,2.4160096392852655,-0.5300196557617187,2.5908024826972005,0.41182,1.0
TMEM186,0.91802,2.415743861799351,-0.69202517578125,2.4227777196311635,0.39342,1.0
TSPYL2,0.91802,2.415743861799351,-0.6311319140625,2.4780443806284635,0.38182,1.0
MAP2K5,0.91802,2.415743861799351,-0.5934214001464844,2.9240964928778745,0.41232,1.0
ARHGAP12,0.91796,2.414946883482231,-0.5108391381835937,2.531336363476038,0.41274,1.0
ERCC4,0.91794,2.4146813419933024,-0.5327017761230469,2.7122271733006347,0.44244,1.0
ZNF354B,0.91768,2.4112346544472185,-0.5308604479980469,2.432257992599431,0.40194,1.0
WASL,0.91766,2.4109699353043164,0.3114670753479004,2.4663171793066225,0.55056,1.0
FANCF,0.91766,2.4109699353043164,-0.2682358602905273,3.638279527701479,0.45744,1.0
ITPR2,0.91762,2.410440672559235,-0.5553474401855468,2.4641009631540793,0.40336,1.0
COPS7B,0.9176,2.4101761288997343,-0.5511791076660156,2.8104810061275534,0.4268,1.0
IKBKB,0.91756,2.4096472168636693,-0.4226742486572266,2.4248738399509158,0.42786,1.0
BATF,0.91744,2.408061880961753,-0.2979610284423828,2.786916987612307,0.45256,1.0
OXCT1,0.9174,2.407533901636139,0.1342613921737671,3.2859531073775323,0.52262,1.0
NTNG1,0.9173,2.4062149704859643,-0.39685171508789063,3.899630527047633,0.44512,1.0
TIFA,0.91728,2.405951358399953,0.4621822790527344,2.4475111565102456,0.5693,1.0
TNIK,0.91724,2.4054243081454456,-0.4592460888671875,3.0318487524916526,0.42416,1.0
GPX1,0.91722,2.405160869920412,-1.13489796875,1.872272823684725,0.26446,1.0
SESN2,0.91722,2.405160869920412,-0.8556432861328125,2.420600833475202,0.35128,1.0
POLB,0.91714,2.4041076957097873,-0.4575418212890625,2.435043500424374,0.42146,1.0
CLCN6,0.91712,2.40384454668858,-0.6872664538574219,2.399682831645881,0.38106,1.0
JOSD1,0.9171,2.4035814554236494,-0.8808161791992187,2.175645213894522,0.31992,1.0
BRAF,0.91708,2.4033184218868824,-0.515536533203125,2.326094184087438,0.41006,1.0
INO80E,0.91702,2.4025296673647203,-0.9616684790039063,2.511511692703035,0.34262,1.0
CD244,0.91696,2.4017414313858487,-0.7165259716796875,2.988909393078599,0.3758,1.0
ENOPH1,0.91694,2.401478801160718,-0.6957646362304688,2.796644297167113,0.35666,1.0
ALG3,0.91694,2.401478801160718,-0.6642132360839844,3.0042829771342014,0.41506,1.0
GPR18,0.9169,2.400953713194453,-0.3832515545654297,3.661867496022102,0.41552,1.0
HSPB1,0.91684,2.4001665120363533,0.9541192138671875,2.396467171616526,0.64718,1.0
NDUFAF2,0.91682,2.399904226416491,-0.68387,2.678036631938826,0.40246,1.0
PRKD3,0.9168,2.3996419981333115,-0.9454834228515625,2.2963636215262477,0.32684,1.0
GGA2,0.9168,2.3996419981333115,-0.74214341796875,2.243957163725371,0.37712,1.0
WRAP53,0.9168,2.3996419981333115,-0.6174371325683594,2.461915678734908,0.40272,1.0
USP28,0.91678,2.3993798271590037,0.5627895776367188,2.306120029513259,0.59626,1.0
KPNA1,0.91678,2.3993798271590037,-0.09307510338306427,2.3217987861257985,0.48252,1.0
APOO,0.91666,2.397808003244481,0.24344989227294922,2.48380251296068,0.54984,1.0
OAT,0.91658,2.396761263299459,-0.7975212084960938,2.4175236474668518,0.33324,1.0
RXRB,0.91658,2.396761263299459,-0.40530002868652343,2.4691058153452445,0.43232,1.0
SAMM50,0.91648,2.3954541207578424,-0.7355883618164063,3.1460177513243237,0.39,1.0
TTC37,0.91646,2.3951928629593278,0.38350278869628907,2.446870467294585,0.55534,1.0
PARD6G,0.9164,2.3944094304886843,-2.3584323828125,3.2451034773199225,0.22518,1.0
KIF2A,0.9164,2.3944094304886843,-0.49408515014648435,3.0919182426274188,0.42192,1.0
PIM1,0.9164,2.3944094304886843,-0.04621469266891479,2.691903007137844,0.48934,1.0
DPH7,0.91638,2.39414839988199,-0.96369265625,2.679001923858925,0.3118,1.0
SRPRB,0.91638,2.39414839988199,-0.1404700828552246,3.771845643988185,0.48314,1.0
PIGK,0.91626,2.3925834066021476,-0.357506552734375,3.455893426778665,0.45724,1.0
CNOT6L,0.9162,2.3918016739646046,-0.43498715209960936,2.767143193068579,0.43212,1.0
NDUFAF7,0.91618,2.39154120942254,-0.31836751953125,2.620654392842801,0.47382,1.0
SH2B1,0.91614,2.391020449680858,-0.8811615869140625,2.301486947150329,0.34602,1.0
TRIAP1,0.91614,2.391020449680858,-0.446557197265625,3.205832530941888,0.43882,1.0
SPINT2,0.91606,2.389979606806917,-0.2845210339355469,2.336208468397191,0.449,1.0
ATF2,0.91606,2.389979606806917,-0.16407811660766602,2.35930575489655,0.47032,1.0
MMRN1,0.91606,2.389979606806917,0.03788942695617676,3.466797645488186,0.49452,1.0
SLC25A20,0.91594,2.3884200307683914,-0.7111934765625,2.266449085261446,0.38178,1.0
ARHGEF18,0.91594,2.3884200307683914,-0.16231320994973183,2.4048550152830552,0.47188,1.0
BBS5,0.9159,2.38790062143004,-0.551023408203125,3.4254462415300306,0.43668,1.0
TIMM9,0.91588,2.387641000890998,-0.40987584350585937,3.0764275643244647,0.44026,1.0
TRAPPC2,0.91582,2.386862475471545,-0.5403713232421875,2.7479808860698043,0.40702,1.0
AGPAT4,0.9158,2.3866030789747135,-0.7272395556640625,2.6270846245926847,0.37468,1.0
COG3,0.91578,2.3863437384213046,-0.24828230010986327,2.4126389170332567,0.45984,1.0
ECE1,0.91576,2.386084453784501,0.9433806713867188,1.919078183117208,0.7074,1.0
NDE1,0.91576,2.386084453784501,-0.4533588439941406,2.4715341928415224,0.4293,1.0
CA2,0.91568,2.3850478738677405,-0.3830332080078125,2.274518895523731,0.4327,1.0
ZMYM2,0.91562,2.384271024743476,-0.47356755981445314,2.3750676175987886,0.41596,1.0
ACTL6A,0.91554,2.383236005625902,-0.614262861328125,3.111607095267329,0.42628,1.0
RBM28,0.91552,2.382977389903794,-0.5514406176757812,2.768126919708497,0.42054,1.0
ITCH,0.9154,2.381426861607364,-0.28045144470214844,2.443490957909038,0.45098,1.0
EGLN1,0.91534,2.3806523458617006,-1.040591806640625,2.468908021160853,0.31258,1.0
PRMT3,0.91534,2.3806523458617006,-0.11340429460525513,2.9787577589118563,0.5008,1.0
ATP6V0A4,0.9153,2.380136278732725,-1.2122576806640626,4.031291955601329,0.33622,1.0
ALS2CL,0.9153,2.380136278732725,-0.4681677844238281,3.496911927285299,0.461,1.0
SNX5,0.91522,2.3791048076091195,-0.9914351586914063,2.429255029424771,0.32354,1.0
GRIN2C,0.9152,2.3788470778276762,-0.2550955070114136,4.000433593818624,0.48054,1.0
MAP1LC3A,0.91518,2.3785894031934522,-1.22703462890625,1.9818522507199297,0.24876,1.0
BRF1,0.91518,2.3785894031934522,-0.6883408081054687,2.3436875446391547,0.38108,1.0
KLRF1,0.91512,2.377816709911691,-0.30820485290527344,3.2764627105532025,0.44674,1.0
NCAPH2,0.91504,2.376787222673377,-0.4282990026855469,2.384122751123265,0.42584,1.0
HMGB2,0.91498,2.376015684182492,-0.902038427734375,2.3708242392315793,0.33892,1.0
BNIP1,0.91494,2.375501599529488,0.04260724319458008,2.970754891071856,0.50362,1.0
IL36G,0.91492,2.375244639427122,1.4187857275390625,3.4559611979185982,0.6663,1.0
TMEM129,0.91488,2.374730883540613,-0.752557109375,2.803669203071957,0.37214,1.0
TIMP1,0.91482,2.373960660116803,-0.7964013623046875,3.57964400440103,0.35552,1.0
NUP160,0.91474,2.3729344605538776,-0.05685780014038086,2.3613987064279183,0.48516,1.0
APP,0.91472,2.3726780470981264,-0.2520524673461914,2.3727936797525078,0.45528,1.0
SYNE1,0.91468,2.372165383727745,-0.0319226549911499,3.03531617850156,0.49604,1.0
PCYT2,0.91466,2.3719091337615126,-0.3881043432617188,3.047377455235713,0.42958,1.0
ZNF773,0.91458,2.3708846780884842,-0.47907781982421876,3.0255680298895897,0.41508,1.0
PARP1,0.91446,2.3693496243270515,-0.43981269775390625,3.2508504455018277,0.43302,1.0
GLRX5,0.91442,2.3688383735187024,-0.9779841625976563,2.524711227525964,0.29788,1.0
WDR61,0.9144,2.3685828293329045,-0.5482331994628906,2.4101842365925434,0.40962,1.0
P2RY10,0.9144,2.3685828293329045,-0.48037901245117187,3.949591250175002,0.41298,1.0
GSR,0.91434,2.3678165213426,-1.0785806884765625,2.128372412932691,0.29532,1.0
PSMD3,0.91434,2.3678165213426,-0.5868091223144531,2.267595026102774,0.39746,1.0
MTMR12,0.9143,2.367305919566647,-0.49864694091796874,2.3896339158437327,0.42138,1.0
NPRL2,0.91428,2.367050699667542,-0.4994663916015625,3.8296914503534762,0.40574,1.0
SCCPDH,0.91426,2.366795533727103,-0.596245390625,2.458928189355769,0.38386,1.0
ADPRM,0.91416,2.365520512516015,0.13030081226348877,2.3622528183941225,0.5168,1.0
CBLB,0.91414,2.36526566979449,-0.5938076928710937,2.804293956035255,0.38112,1.0
ECI2,0.91412,2.3650108808541037,-0.6486158288574219,2.618522436919216,0.3629,1.0
RAB27A,0.91412,2.3650108808541037,-0.31433468688964844,2.2279346021229474,0.45964,1.0
IMPA2,0.91408,2.364501464215598,-0.7644189135742188,2.228850577415411,0.35786,1.0
CA13,0.91398,2.3632288620210744,-0.18105373641967773,2.4601680252570604,0.46942,1.0
RUVBL2,0.91396,2.362974502420814,-0.36973602966308594,2.836658953481891,0.44506,1.0
RRN3,0.91388,2.36195759931012,-0.37682736328125,2.4309440130394817,0.42436,1.0
SOD2,0.91386,2.361703507229503,0.40070678955078126,3.2142621332111987,0.5757,1.0
C4BPB,0.91382,2.3611954833292406,-0.5566207690429688,3.925970386505738,0.44446,1.0
TRPM7,0.91382,2.3611954833292406,-0.29738886596679687,2.403031646247659,0.4481,1.0
TNKS,0.9138,2.360941551459523,-0.3096426806640625,2.364358979293843,0.44544,1.0
AGK,0.91374,2.3601800758719573,0.6170821130371094,2.254356667028513,0.61058,1.0
TLE3,0.91366,2.359165520873647,-1.0297576440429688,2.230295947816696,0.3171,1.0
ZNF614,0.91356,2.3578985234674366,-0.9251531127929687,2.2233716124985676,0.33204,1.0
METTL22,0.91352,2.3573920960624397,-0.4784068200683594,2.2553207228573013,0.41128,1.0
NT5C,0.91346,2.3566328524326225,-0.8266105541992188,2.3422393613935917,0.36438,1.0
ETS1,0.91346,2.3566328524326225,-0.38971183776855467,3.7402027325237404,0.42302,1.0
RNU12,0.91344,2.356379877117778,0.2863631930541992,2.789407501173198,0.54306,1.0
NFYB,0.91342,2.356126954709301,-0.13908841794967652,2.315279431426368,0.47192,1.0
YEATS4,0.91334,2.355115793645677,-0.34427461791992187,2.348889778295502,0.44296,1.0
MLLT3,0.91326,2.3541054771124097,-0.2712100180053711,3.5269998550745685,0.43578,1.0
POLD3,0.91326,2.3541054771124097,-0.16010705543518067,2.281745384641136,0.46962,1.0
WDR83,0.91324,2.35385302975258,-0.45696218139648437,2.406628906516253,0.42198,1.0
SUCLA2,0.91324,2.35385302975258,-0.3452282446289062,2.629481828359524,0.44236,1.0
MAPK8,0.9132,2.353348292989336,-0.32015750671386717,2.354279076846246,0.44236,1.0
SLC30A5,0.91314,2.352591582368087,-0.6516571508789063,2.3983332690489734,0.40628,1.0
FECH,0.9131,2.3520873713509483,-0.21161977416992186,2.288305113798534,0.46706,1.0
TBC1D1,0.91306,2.3515833702901427,1.3144954443359376,1.61934382757282,0.81726,1.0
OCRL,0.91304,2.35133144843239,-2.54077865234375,3.0439165656345244,0.16636,1.0
PABPC1,0.91296,2.3503242849175026,-0.6426607348632812,2.407038765239353,0.38408,1.0
SLAMF6,0.91296,2.3503242849175026,0.3921179937744141,3.341150455993164,0.56612,1.0
GIT2,0.91292,2.3498210171693295,-0.7480711010742187,2.1880804361186326,0.35898,1.0
B4GALT7,0.9129,2.3495694617125786,-0.4218951293945313,2.3481193080738936,0.43108,1.0
ERBB3,0.9128,2.3483124676329314,-2.48406564453125,3.4418305367888244,0.21798,1.0
MRPL12,0.91274,2.3475588968777736,-0.733389267578125,2.413605160273988,0.37186,1.0
LIAS,0.91274,2.3475588968777736,-0.5137421594238282,3.0111798925326667,0.4242,1.0
FCN1,0.91274,2.3475588968777736,0.46645787841796876,3.933275796708681,0.59504,1.0
CA5B,0.91272,2.347307810763298,-0.22951865692138673,2.3997241814555488,0.45598,1.0
ZNF268,0.9127,2.3470567766772747,-0.482669609375,2.5695494971878405,0.412,1.0
ABHD5,0.91266,2.346554864494292,-0.83162099609375,2.142464231603363,0.34234,1.0
WDR46,0.91264,2.346303986349227,-0.6045160363769532,2.6978367655078017,0.38988,1.0
METTL21A,0.91262,2.346053160136404,-0.7135588671875,2.2450435540239173,0.37312,1.0
HBS1L,0.91258,2.3455516634114564,-0.617727265625,2.4271113991849367,0.39126,1.0
PLA2G7,0.91258,2.3455516634114564,-0.3533972152709961,4.061316603846123,0.44118,1.0
PLIN2,0.91256,2.3453009928513597,-1.334118046875,1.5276391238973328,0.16478,1.0
ZNF33B,0.91256,2.3453009928513597,-0.5895633483886719,3.0337767657635486,0.40304,1.0
TSR1,0.9125,2.3445492920930775,-0.4104385632324219,2.746845155958323,0.44818,1.0
HTT,0.9125,2.3445492920930775,-0.33619934204101565,2.3466228647992606,0.44356,1.0
LEO1,0.91244,2.343798057215476,-0.3058425256347656,2.575042755618506,0.46132,1.0
ZNF211,0.9124,2.343297492467887,-0.9271819262695312,2.031995368967501,0.30272,1.0
SIRT5,0.9124,2.343297492467887,-0.19905197326660157,2.8405710479311943,0.46418,1.0
ZNF677,0.91234,2.342547032625943,-0.47682278442382814,2.9625500577634645,0.41932,1.0
POLR2B,0.9123,2.342046983973291,-0.7810249853515625,2.4396551913590865,0.37954,1.0
ATG16L1,0.91228,2.3417970369482615,-0.5017854064941406,2.520666958097005,0.42772,1.0
MTMR9,0.91218,2.340548073887228,-0.5690864868164063,2.3629877894689195,0.401,1.0
TNFAIP8L1,0.91216,2.340298435522051,-1.5411838916015626,1.8845984593257161,0.17498,1.0
IL12RB1,0.91214,2.340048848517361,-0.3210571557617187,2.371554531627767,0.43974,1.0
MRPL17,0.91208,2.3393003954300986,1.05030798828125,2.42864177754951,0.69898,1.0
EXOSC4,0.91198,2.338053998626363,-1.00873615234375,2.0445969833132094,0.31374,1.0
ANAPC5,0.91198,2.338053998626363,-0.8159390991210937,2.5950021540442325,0.36532,1.0
DCUN1D4,0.91198,2.338053998626363,0.26013623748779297,2.7862054759747967,0.55676,1.0
PIK3CG,0.91194,2.337555798108817,-0.04277182451248169,2.4467165387571717,0.49228,1.0
HAUS6,0.91188,2.3368088805355516,-0.28499088348388674,2.3844695551867137,0.45338,1.0
CENPC,0.91184,2.336311190682085,-0.442762763671875,2.6989364156516626,0.4233,1.0
GIPR,0.91182,2.336062422243777,-0.26540630645751956,3.6860534345258857,0.45592,1.0
RNF216,0.9118,2.335813704766596,-0.6405384252929688,2.4380670771326622,0.37972,1.0
CRYM,0.91176,2.335316422602233,-0.09356743713378907,3.634209628914616,0.47512,1.0
THOC1,0.91174,2.335067857868403,-0.2941690563964844,3.078495389493673,0.46292,1.0
NUMA1,0.91168,2.334322468780759,-1.3104164404296874,1.971915382588484,0.23076,1.0
TNRC6B,0.91162,2.333577536875395,-0.30588003112792966,2.4599606085504044,0.458,1.0
RALGAPA1,0.91158,2.333081169285632,-0.6925683129882813,2.6602928702084787,0.39106,1.0
SENP5,0.91158,2.333081169285632,-0.4218843157958984,2.272273931417145,0.42284,1.0
XPOT,0.91152,2.332336997958061,-0.7715259643554687,2.941267084323585,0.36624,1.0
COPZ2,0.91152,2.332336997958061,-0.5114296618652344,3.4666688201754883,0.42804,1.0
POLR2C,0.91146,2.331593282143632,-0.39630716552734374,2.3928735801114596,0.4343,1.0
MAP3K1,0.91138,2.3306023685560837,-0.722641845703125,2.219869742348643,0.3659,1.0
CRY2,0.91136,2.330354766344527,-0.3383725592041016,2.3427420723220185,0.45792,1.0
MYLIP,0.91134,2.3301072145610755,0.0187740020942688,2.394920168809467,0.49452,1.0
BCDIN3D,0.91132,2.329859713182739,-0.797875029296875,2.712207369750838,0.32868,1.0
ZNF25,0.91128,2.3293648615495446,-0.5266932983398438,2.422823731422985,0.42324,1.0
UTP14A,0.91126,2.3291175112487905,-0.5828294140625,2.4500441145346876,0.3956,1.0
IFT74,0.91126,2.3291175112487905,0.16254414695739747,2.269951262963016,0.51922,1.0
HDAC6,0.91126,2.3291175112487905,0.15823097929000854,2.3838381907530812,0.52232,1.0
SOX13,0.9112,2.328375762134848,-0.1895050506210327,3.5076203683251013,0.4717,1.0
CXCR4,0.9111,2.327140518199954,-0.9049083447265625,3.0101922029301935,0.36202,1.0
ZNF429,0.9111,2.327140518199954,-0.8100622143554688,2.5684593186136926,0.33208,1.0
HLA-DRA,0.9111,2.327140518199954,-0.36494525512695314,3.8052716466121472,0.43552,1.0
CDK7,0.91104,2.3263999735874,-0.6216296826171875,2.225973881536575,0.3826,1.0
ARAP2,0.91102,2.3261532255378965,0.6652210034179687,2.482991957998775,0.60162,1.0
BRF2,0.91098,2.3256598795344434,-0.5470839477539062,2.6530157357154427,0.40688,1.0
TRIM37,0.9108,2.3234422946036215,-0.5323843579101563,2.415428796394667,0.42818,1.0
ELMO1,0.9108,2.3234422946036215,0.10328568557739258,2.323227587349883,0.51702,1.0
PWP2,0.91076,2.3229500462256323,-0.3526547351074219,2.5294615960578084,0.43852,1.0
MAN1A2,0.91074,2.322703996665699,-0.69000828125,2.2481800359735806,0.37364,1.0
TUBB2A,0.91074,2.322703996665699,0.5156758532714844,2.2382659208238587,0.59284,1.0
CHN2,0.91068,2.321966146231865,-0.18368482192993163,2.260044338843006,0.4627,1.0
SH2D1A,0.91066,2.321720295427586,-0.3454388128662109,4.440932184484535,0.43542,1.0
NEDD1,0.91064,2.321474494256016,0.7493588403320313,2.49360841944159,0.63488,1.0
ZNF14,0.91056,2.320491785448025,-0.4203917193603516,3.5129902379124607,0.41552,1.0
MRPL35,0.9105,2.3197552738868525,-0.7413331225585937,2.4516445346040228,0.35868,1.0
ZNF583,0.91044,2.31901920740743,-0.7775275219726563,3.1331239177257353,0.34318,1.0
PDS5A,0.91044,2.31901920740743,-0.498464775390625,2.264472770910433,0.4125,1.0
SLC1A7,0.91044,2.31901920740743,0.018021566820144653,3.82435879384595,0.49198,1.0
UPF3A,0.91042,2.318773950717165,-0.7208888916015626,2.4155125594199403,0.37534,1.0
LMBRD1,0.91038,2.3182835854072072,-0.4680145617675781,2.271700854495867,0.41446,1.0
DUSP1,0.91036,2.318038476742986,-0.5710936645507813,2.1275499027778313,0.39466,1.0
RBBP7,0.9103,2.3173034464464926,-0.7286775122070313,2.6126108606114733,0.37244,1.0
AK9,0.91024,2.3165688592279516,-0.3731096148681641,2.718392871023324,0.43066,1.0
GYPC,0.91016,2.315590097801273,-0.5130923986816406,2.9096196021950393,0.38184,1.0
HERC1,0.91014,2.3153455301896213,-0.6829631225585937,2.2092729922929433,0.38008,1.0
SLC35B3,0.91014,2.3153455301896213,-0.5462875549316406,2.203854175674813,0.39874,1.0
LTV1,0.91014,2.3153455301896213,-0.20756496002197267,3.208797116648009,0.4821,1.0
TBC1D13,0.9101,2.3148565421057357,-0.2117366131591797,2.4097039028927663,0.47816,1.0
LPCAT3,0.90998,2.313390753382611,-0.598801376953125,2.2266962233576657,0.39894,1.0
BHLHE40,0.90998,2.313390753382611,-0.5740022143554687,2.2172302570104256,0.38996,1.0
ACTR1B,0.90994,2.3129025483977896,-0.8500849682617188,3.277260324453258,0.33618,1.0
CD96,0.90994,2.3129025483977896,-0.6055014294433594,3.979573510268349,0.39334,1.0
SNRNP48,0.90986,2.311926724259014,-0.6955646264648437,2.3534366881099804,0.37958,1.0
KLC1,0.90982,2.31143910475472,-0.7971080053710937,2.1550288343760196,0.34372,1.0
RAD1,0.90974,2.3104644500022236,-0.20979356216430664,2.5565062297363292,0.47544,1.0
SUCLG2,0.90974,2.3104644500022236,-0.13751320828437805,3.4365697491808365,0.48348,1.0
MAP3K8,0.90974,2.3104644500022236,0.07951601364135742,2.242892462447952,0.49622,1.0
KAT6A,0.90966,2.3094905730950877,-0.9088269848632813,1.9305799747557901,0.31004,1.0
GATA1,0.90962,2.309003925898362,-0.5635561352539062,3.1093368888989303,0.40672,1.0
GSS,0.90958,2.30851747264124,-0.3751835382080078,2.27860154655662,0.43186,1.0
LNPEP,0.90952,2.307788156012986,0.8024557470703125,2.2514099767409816,0.65216,1.0
MOCS1,0.90946,2.3070592747743013,0.10778722122192383,3.2077064919313854,0.49992,1.0
ZNF92,0.90938,2.3060881093875363,0.3750095831298828,2.6396513034806324,0.5719,1.0
MDM4,0.90938,2.3060881093875363,-0.3075601693725586,2.2660099466138766,0.4438,1.0
QDPR,0.90938,2.3060881093875363,-0.016829470548629762,2.7563996613589623,0.49326,1.0
TOPORS,0.90936,2.3058454386587033,-0.24602464599609375,2.5909592966095585,0.47206,1.0
MRPL48,0.90934,2.305602816133965,-0.5829239221191406,3.0580763800686435,0.38758,1.0
CASP8,0.90932,2.3053602417918175,0.7812416186523438,2.0994080150733483,0.6393,1.0
CAPN7,0.90926,2.3046328076461386,-0.7064312939453125,2.300654671344333,0.36924,1.0
ORAI1,0.90922,2.304148092068447,-0.947433291015625,2.315504041816609,0.33648,1.0
PRNP,0.90922,2.304148092068447,-0.4020732189941406,2.3644260166658713,0.45452,1.0
PJA1,0.90922,2.304148092068447,-0.22146439331054688,2.3430769214849927,0.4703,1.0
DIMT1,0.90906,2.3022111502029343,-0.556173896484375,2.8662021759247267,0.4133,1.0
AUH,0.90904,2.3019692481674725,-0.4818506677246094,3.1662228477340864,0.4047,1.0
TPD52,0.90894,2.300760455491651,-0.39763004028320315,3.8030527981398548,0.43746,1.0
FLI1,0.90878,2.298828869398921,-0.49962371459960936,2.557945119359178,0.3918,1.0
IDH1,0.90874,2.298346449161379,-0.1076600101852417,2.223023886761715,0.47354,1.0
ZNF675,0.9087,2.297864219100378,-0.5444845556640625,2.7760651718168576,0.42412,1.0
POLR2K,0.90868,2.2976231753334257,-0.06715669494628906,2.3226766066219575,0.50862,1.0
HACL1,0.90862,2.296900328834338,-0.6179107763671875,2.5008562016236158,0.40404,1.0
NUDT5,0.90854,2.2959371972556877,-0.8763584936523438,2.476416377703807,0.35656,1.0
EHMT1,0.90854,2.2959371972556877,-0.4515361083984375,2.3600742230118303,0.43124,1.0
RRM1,0.90852,2.295696532748635,-0.47579092407226564,2.9145797142354777,0.38514,1.0
ZFP14,0.9085,2.29545591555475,-0.6508362133789063,3.0170983377418454,0.37384,1.0
USP47,0.9085,2.29545591555475,-0.633780810546875,2.1696132759077242,0.33988,1.0
ZNF700,0.90842,2.2944939194928065,-0.5681875512695312,2.4072043392286173,0.4113,1.0
ZNF611,0.90838,2.2940132047977184,-0.637537568359375,2.145661249262489,0.37112,1.0
ZNF669,0.90834,2.2935326787708648,-0.7072349389648438,2.1173347252533414,0.36392,1.0
ZNF398,0.90818,2.2916124580191464,-0.6098037878417969,2.632942642277134,0.41992,1.0
CDKN2D,0.90812,2.2908931506385275,0.7975673413085937,1.9571793963746824,0.661,1.0
ELP4,0.9079,2.288259297116451,-0.33396455932617186,3.1406932917433332,0.44234,1.0
SLC4A4,0.90784,2.287541954672905,2.06742703125,3.059390366685708,0.78614,1.0
CHPT1,0.90778,2.28682503171669,-0.9200424975585938,2.1568838257640106,0.30704,1.0
USP30,0.90776,2.2865861505219307,0.5568835656738281,2.180701652722961,0.60106,1.0
CD55,0.90776,2.2865861505219307,-0.5288101232910156,1.9908297137646065,0.39536,1.0
B3GNTL1,0.9077,2.2858697860237744,-0.6650879418945312,2.259038629494081,0.37956,1.0
SEMA4D,0.90762,2.284915283799703,-0.6012399194335938,2.1809478956045663,0.37888,1.0
DGKD,0.90758,2.2844383110814994,-0.7975669213867187,2.1705861675126403,0.35328,1.0
COQ9,0.90758,2.2844383110814994,-0.5867290209960937,2.4387219359576373,0.39122,1.0
ZNF426,0.90756,2.2841998942497588,-0.31644357849121096,2.519838669173669,0.4371,1.0
BIRC3,0.90756,2.2841998942497588,0.06796490009307861,2.4663548885790623,0.49592,1.0
SACM1L,0.90748,2.283246689965421,-0.32624268737792966,2.433039248815394,0.43516,1.0
EIF3B,0.90732,2.2813424997940035,-0.8771831518554688,2.4195389361226254,0.37152,1.0
EIF5A2,0.90724,2.280391511324905,-0.3713675048828125,2.555313150557259,0.4177,1.0
RRM2,0.90722,2.2801538792622633,0.17667947479248047,3.8048771164125066,0.50646,1.0
BAG3,0.90722,2.2801538792622633,-0.10317920425415039,2.3116320687645624,0.48192,1.0
FOXP1,0.90718,2.2796787530620652,-0.40445441528320314,2.3524285168181356,0.40466,1.0
ADAMTS17,0.90704,2.278017257472392,0.7640594360351562,4.235694938933355,0.56024,1.0
RANGRF,0.90702,2.2777800843262335,-0.7167849560546875,2.685445393876485,0.37932,1.0
ABHD17B,0.907,2.277542956961881,-0.4555398559570312,2.310440354356913,0.41842,1.0
NUS1,0.90698,2.2773058753594166,-0.22609477996826172,2.1930267143841076,0.46048,1.0
SIKE1,0.90692,2.2765949049243503,0.1790421286010742,2.322617586117492,0.52892,1.0
CDIPT,0.90686,2.2758843456304056,-0.826838408203125,1.9537540198698562,0.3131,1.0
CLASP1,0.90684,2.2756475838044885,-0.4982872875976562,2.20877645130309,0.40702,1.0
MAPKAPK5,0.90678,2.2749375718654896,-0.08421727246284486,2.4605058093281693,0.50418,1.0
TSNAX,0.90676,2.274700992332768,-0.28295194091796877,2.8121423723859102,0.46522,1.0
FBXL20,0.90674,2.2744644583238984,-0.6535138037109375,2.217584720707534,0.37374,1.0
RIF1,0.90662,2.2730462091662504,0.31500511779785156,2.5263538562543375,0.55792,1.0
STAG1,0.9066,2.2728099932719514,-0.6655606811523438,2.1605316672459995,0.37074,1.0
TRNT1,0.90648,2.2713936499084975,-0.2521082354736328,2.3291883838474985,0.46122,1.0
ING2,0.90646,2.271157751165185,-1.0771252685546875,1.77057845078162,0.26522,1.0
FCF1,0.90638,2.2702146082851016,-0.04943735200881958,2.156910236551085,0.49146,1.0
KLHL20,0.90636,2.2699789354906477,-0.5552731518554688,2.533471172118107,0.39788,1.0
MED9,0.90632,2.2695077252757714,-0.7196731396484375,2.211569906418246,0.37134,1.0
NOL9,0.9063,2.2692721878163593,-0.4720157202148437,2.9245804199109164,0.44246,1.0
AGPS,0.90626,2.268801248096203,-0.2824076364135742,2.154377608503277,0.44536,1.0
ZNF440,0.90624,2.2685658457965436,-0.56792171875,2.109465701634432,0.39814,1.0
ZNF770,0.90616,2.267624686547238,-0.47407495971679686,2.580153849986618,0.41638,1.0
APOBEC3G,0.90614,2.267389509125203,0.793035830078125,2.4774295194363853,0.64866,1.0
CHCHD4,0.90614,2.267389509125203,-0.17280015899658202,2.8332242646774377,0.4795,1.0
DET1,0.90612,2.2671543766205122,-0.39856058349609375,2.4972140626234873,0.4382,1.0
DCAF16,0.90606,2.2664492484169037,-0.6834277612304688,2.142665854474166,0.3797,1.0
SLC35A2,0.90596,2.2652749312860903,-0.6370052893066406,2.077684907269474,0.37718,1.0
UAP1,0.9059,2.2645708780839087,-0.7962930712890625,2.1406569251469354,0.36998,1.0
FOXO3,0.9059,2.2645708780839087,-0.6714005688476562,1.9924794778141175,0.36598,1.0
MIS18BP1,0.9059,2.2645708780839087,-0.45364290283203124,2.3302775643400033,0.41812,1.0
BACE1,0.90588,2.264336283080372,-0.11227154212951661,2.936743673119789,0.4958,1.0
GABARAPL1,0.90586,2.264101732743392,-0.7290476635742188,1.9723928530434733,0.35484,1.0
SMC2,0.90586,2.264101732743392,-0.47335543212890624,2.9303947689793532,0.40584,1.0
PDHX,0.90576,2.2629296503850735,-0.3081087536621094,2.257000202455802,0.44308,1.0
CST3,0.90574,2.262695367644544,0.4517663244628906,3.8165839039504674,0.60778,1.0
INTS8,0.90556,2.260588824644793,-0.7419078100585937,2.4857578911795817,0.37882,1.0
ZNF43,0.90556,2.260588824644793,-0.19993738800048827,2.7069496392569428,0.45702,1.0
MLH3,0.90554,2.2603549863690655,-0.4178401171875,2.317256444469944,0.43038,1.0
RNF139,0.90552,2.260121192435058,-0.6001320922851563,2.0531013761799346,0.38736,1.0
HSPA14,0.9055,2.2598874428237705,-0.5310529260253907,2.3537881860770993,0.40704,1.0
SLC25A37,0.90546,2.2594200764934245,-0.5877183203125,2.0979143028405147,0.39428,1.0
RIOK1,0.9054,2.2587193589440253,-0.2532912109375,3.0024734607943357,0.46578,1.0
TRMT11,0.90538,2.2584858748707575,-0.2524131951904297,3.141620675625681,0.45106,1.0
ELP2,0.90534,2.2580190392755135,-0.7938865234375,3.1294010771978114,0.35722,1.0
ZSCAN25,0.9053,2.2575523802893622,-0.44923933349609374,2.66268057958446,0.43414,1.0
AP4B1,0.90526,2.2570858977613204,-0.44766956298828126,2.3669591246006196,0.43432,1.0
RBFOX2,0.90522,2.256619591540596,-0.5108186022949218,3.2796650189919494,0.4283,1.0
C1orf35,0.9052,2.256386504498406,-0.8303851879882812,3.1325374676840925,0.3033,1.0
CAPN10,0.90502,2.2542906997822754,-0.7808127270507812,1.9970390339811268,0.33682,1.0
MRPL45,0.90492,2.253127899510562,-0.5571641735839844,2.6337765070603893,0.40204,1.0
EZR,0.90492,2.253127899510562,-0.2400904507446289,2.351743417723326,0.44794,1.0
ZNF600,0.90484,2.2521984470548775,-0.17688292388916016,2.799899616222682,0.46314,1.0
TNS4,0.90476,2.2512696935411185,-0.5058612524414062,3.473210158821506,0.46116,1.0
ZNF169,0.90474,2.2510376142330446,-0.7938015380859375,2.3811893604827294,0.34572,1.0
DDB1,0.90472,2.2508055785160264,-0.73560041015625,2.139797637887566,0.37324,1.0
ZNF227,0.90466,2.250109732726115,-0.2497062939453125,3.0483886511281,0.44598,1.0
HIBCH,0.90464,2.2498778711881857,0.14148609815597535,2.5974365601547613,0.52176,1.0
PIGX,0.90452,2.248487614784164,-0.6768382934570313,3.7097476701350827,0.33384,1.0
NDUFV1,0.90448,2.248024543282688,-0.74541818359375,2.7816311945801773,0.34988,1.0
EPB41,0.90448,2.248024543282688,-0.5847968408203125,2.5804697365434426,0.3928,1.0
RICTOR,0.90448,2.248024543282688,0.4246731365966797,2.0341686609314475,0.57454,1.0
MT1G,0.90446,2.2477930725678488,1.6713418994140625,3.1573112023841574,0.71422,1.0
MMGT1,0.90444,2.2475616451857703,-0.7205159167480468,2.0565887204969355,0.35244,1.0
PREB,0.90444,2.2475616451857703,-0.4965940893554687,2.2048276120137973,0.4172,1.0
BMS1,0.9044,2.247098920346459,-0.6663475341796875,2.529082487645994,0.36646,1.0
ZNF354A,0.90438,2.2468676228525353,-0.8756310229492188,2.457698153556017,0.34066,1.0
SRF,0.90432,2.2461739898537862,-0.7827896020507813,1.9193537347851437,0.32546,1.0
GPR183,0.90432,2.2461739898537862,-0.4268101818847656,2.412946728855766,0.4451,1.0
SRPK2,0.90432,2.2461739898537862,-0.3544904455566406,2.220947573800776,0.43574,1.0
FGD3,0.90426,2.2454807456952763,-0.25062956481933596,2.095194323883162,0.44588,1.0
DDX20,0.90404,2.242942169229388,-0.46979061279296874,2.8203471124702197,0.41972,1.0
LEMD2,0.90404,2.242942169229388,-0.39374772338867187,2.15066167957997,0.42366,1.0
DOK2,0.90396,2.242020340272551,-0.8992910083007812,2.071463839945526,0.30516,1.0
COQ5,0.90388,2.2410991973498966,-0.22486840522766113,2.544584023504455,0.45998,1.0
LYZ,0.90388,2.2410991973498966,-0.21633778431415557,4.122208699791963,0.47326,1.0
NOP58,0.90384,2.240638882790054,-0.35440445678710936,3.273580897896359,0.45914,1.0
MAD1L1,0.90382,2.2404087896723794,-0.700955400390625,2.018582063763471,0.3512,1.0
PILRB,0.90374,2.2394888445298777,0.19979968170166015,2.635581661163369,0.56078,1.0
DPM2,0.90366,2.238569582249738,-0.06105436679840088,1.961500942716883,0.4982,1.0
ELL,0.90362,2.2381102068241874,-0.6368213525390625,2.1340514008234592,0.37998,1.0
ARID5B,0.9036,2.237880582977348,0.08775341430664063,2.1960614252770863,0.51136,1.0
SEPSECS,0.90358,2.2376510016839464,-0.511542890625,2.0683653258191645,0.39872,1.0
BTN3A3,0.90356,2.2374214629261044,0.6316350622558594,2.2317326376826117,0.61482,1.0
ZC3H8,0.90352,2.236962512945651,-0.5123469445800781,3.2175604208008988,0.42414,1.0
ASXL2,0.90342,2.235815881117611,-0.6477775366210937,2.02722505200745,0.38082,1.0
PPIP5K2,0.9034,2.2355866820020314,-0.5248314477539062,2.2339968076532224,0.42246,1.0
STX10,0.90334,2.2348993388352674,-0.92012341796875,2.0222081461438397,0.32342,1.0
ELP5,0.90328,2.234212376565729,-0.8095804052734376,2.094869583363973,0.32984,1.0
NAA35,0.90328,2.234212376565729,-0.6248669360351562,2.25059099090523,0.38668,1.0
AP3M1,0.90328,2.234212376565729,-0.32324886474609377,2.2050198667691436,0.43614,1.0
COPRS,0.90324,2.233754613092615,-1.1889389453125,1.7736278214898835,0.21992,1.0
ZNF514,0.90322,2.2335257947149305,-0.3692973205566406,2.189329163086763,0.43246,1.0
PTCD3,0.90318,2.233068284588919,-0.6804389770507813,2.9982444123724448,0.3945,1.0
MSMO1,0.90316,2.232839592805269,0.2630490742492676,3.821873368377294,0.54322,1.0
CSTF2T,0.90314,2.2326109431843264,-0.3162707891845703,2.220185881069943,0.435,1.0
CSTF2,0.90308,2.231925247121447,-0.3800910095214844,2.4507175775257006,0.45016,1.0
NAPG,0.90308,2.231925247121447,-0.1100377246761322,2.1547021799553527,0.48098,1.0
IP6K1,0.90306,2.231696765975096,-0.5995341040039063,2.1520370098420667,0.38326,1.0
PHF21A,0.90304,2.2314683269033897,-0.6456236010742188,2.0451939159935932,0.36898,1.0
CSRP1,0.90292,2.2300985750569757,-0.9604516918945313,1.8917298472866195,0.28922,1.0
CBX1,0.90286,2.229414265719946,-0.46081162841796874,2.8880387529303135,0.41968,1.0
UTRN,0.90268,2.227363598388388,1.105181337890625,1.5301829481828433,0.77704,1.0
TIA1,0.90268,2.227363598388388,1.0287571704101564,1.6507611918308138,0.73808,1.0
RPAP2,0.90268,2.227363598388388,-0.6177580700683594,2.697127169205304,0.41544,1.0
TRAK2,0.90262,2.2266807946024727,-0.06121668677330017,2.083826283582949,0.49352,1.0
MPHOSPH10,0.90256,2.2259983660300793,-0.4717634448242187,2.880131608147896,0.4152,1.0
ZNF775,0.90252,2.2255436218693063,0.2788726837921143,4.429108485842222,0.5784,1.0
SMC6,0.90252,2.2255436218693063,0.15404712173461915,2.276542705796781,0.51906,1.0
ENTPD4,0.90248,2.225089044123648,-0.70241384765625,1.8849554950346619,0.35142,1.0
MAP3K3,0.90244,2.224634632654831,-0.766096435546875,2.0280656533778987,0.34042,1.0
EBP,0.90242,2.2244074892310723,-0.6216156298828125,2.7675233676911644,0.37974,1.0
E2F6,0.90232,2.2232723945292125,-0.5059930187988281,2.3162505966854274,0.42082,1.0
POLR2A,0.9021,2.2207788291261283,-0.25028526184082034,2.18656845401911,0.44784,1.0
CASP3,0.90202,2.2198733165553817,0.6816061303710937,1.9558241466977977,0.63396,1.0
ADAT1,0.90202,2.2198733165553817,-0.1641882730102539,2.34652940283084,0.479,1.0
RHOT1,0.90194,2.2189684627800528,0.12556335816383363,2.1579562803565717,0.52518,1.0
ZNF555,0.9019,2.2185162826003455,-0.4428821337890625,2.0869968951990434,0.40104,1.0
LOXL2,0.90182,2.2176124149776406,-2.0249081787109375,2.83270954249894,0.19686,1.0
EED,0.90182,2.2176124149776406,-0.020741597414016724,2.283621703986447,0.5057,1.0
GOLGA3,0.9018,2.217386550626564,-0.4913628063964844,2.1387992703974517,0.41238,1.0
UBE2G2,0.90178,2.217160727263464,-0.35957315246582033,2.772342156867464,0.44136,1.0
PER1,0.9017,2.2162578433527393,-1.0184124169921875,1.851016875432226,0.2519,1.0
ASPSCR1,0.9016,2.215130158667358,-0.8318607006835937,1.8704972212586486,0.30692,1.0
HSCB,0.90156,2.214679370646215,-0.09616955062866211,2.063597695951177,0.48406,1.0
ISCA1,0.90154,2.214454037822598,-0.4767076599121094,2.6026136619535696,0.39626,1.0
GYG1,0.90148,2.2137782838981273,-0.2590990032958984,2.1794729445134373,0.44708,1.0
INTS10,0.90146,2.2135531140495344,-0.6219681616210937,2.8539451690256206,0.3694,1.0
CFP,0.90142,2.2131028964411823,-0.6520075622558594,3.572234579190058,0.36202,1.0
PPP3CA,0.9014,2.212877848647958,-0.8254067016601563,1.9805695271447812,0.3243,1.0
CFD,0.90134,2.2122029491115036,0.07557306621551514,3.619402710018296,0.52482,1.0
FH,0.90132,2.211978063824765,-0.5076012756347656,2.1349885345430333,0.41168,1.0
MRPL4,0.90108,2.2092826012465774,-0.5249155090332032,2.9297759348948365,0.40318,1.0
UBE2D4,0.90098,2.208161209870423,-0.4239861462402344,2.4802451692038137,0.41252,1.0
PRMT7,0.90094,2.2077129355560494,0.11093037384033202,3.0470343931082637,0.51882,1.0
CDK13,0.9008,2.2061452430945994,-0.5526051611328126,2.126882483445989,0.39436,1.0
SIAH2,0.90076,2.2056976926025387,-0.044515874614715574,2.0956901195409743,0.50096,1.0
OGT,0.90072,2.205250302598523,-0.6760689208984375,2.0499478636986654,0.37548,1.0
GFM1,0.90072,2.205250302598523,-0.3722948931884766,2.6349570881241653,0.4383,1.0
SRPK1,0.9007,2.2050266677385695,-0.3757321270751953,1.9976888447018093,0.42108,1.0
HVCN1,0.90068,2.204803072951494,-0.10995214423179626,2.8576556645391307,0.47254,1.0
RNF126,0.90062,2.2041325288639926,-0.6646353466796875,2.662956290215861,0.36776,1.0
SPATA13,0.90062,2.2041325288639926,0.1281048181152344,2.3361221112897574,0.5212,1.0
NFRKB,0.90056,2.2034623448440933,-0.6465665148925781,2.2871553923366608,0.38996,1.0
FANCL,0.90048,2.2025693254950998,-0.4696742724609375,2.054660504493574,0.40348,1.0
BTN2A2,0.90048,2.2025693254950998,0.22846230194091796,2.156883868794715,0.5391,1.0
MED16,0.90046,2.20234617043222,-0.49785391479492186,2.1364696564202874,0.39518,1.0
SEC11C,0.90046,2.20234617043222,0.006776740665435791,2.579019082393237,0.50388,1.0
SLC38A1,0.90044,2.2021230552465716,-0.3724526025390625,3.7906460732455463,0.42578,1.0
ZNF606,0.90042,2.2018999799219166,-0.5784043347167969,3.1369535299424376,0.41756,1.0
ELOVL5,0.90042,2.2018999799219166,-0.06565138916015625,2.1818467066573084,0.4831,1.0
TDP1,0.90028,2.2003395673950377,-0.5920001806640625,2.8967622828933886,0.38368,1.0
PPWD1,0.90026,2.2001168103748623,-0.789416748046875,2.542204491847941,0.338,1.0
KMT2A,0.90026,2.2001168103748623,-0.44048907836914064,2.2157791503061075,0.4195,1.0
ZNF626,0.90022,2.1996714154641888,-0.048595335965156555,3.129252240883185,0.49822,1.0
RPP14,0.90018,2.1992261792855134,-0.5603979028320313,1.9760805788664937,0.39808,1.0
NDUFAF4,0.90016,2.199003620680374,0.008286833753585816,3.5742395334460784,0.50158,1.0
UVRAG,0.90014,2.198781101709893,0.4159315887451172,2.140357838120232,0.57558,1.0
COA4,0.90012,2.198558622357973,-0.4758407763671875,2.4775790202615178,0.43302,1.0
PTK6,0.9001,2.198336182608532,-0.5676765075683594,3.238376344945873,0.42288,1.0
STT3A,0.90006,2.1978914218527947,-0.4679495910644531,1.9962005772656555,0.39676,1.0
NAA30,0.90002,2.197446819314199,0.17409269302368163,2.1531110521721266,0.53582,1.0
ZNF273,0.90002,2.197446819314199,0.03649069448471069,2.256874790466016,0.50468,1.0
BLMH,0.89996,2.196780211882764,0.5838737475585938,2.2503652181103035,0.6826,1.0
AASDHPPT,0.8999,2.1961139597187285,-0.4491158459472656,2.2927727260514335,0.43462,1.0
CHID1,0.89984,2.195448062390402,-0.6453975073242187,2.760460387277308,0.38192,1.0
ZNF263,0.89964,2.1932309618047494,-0.5410418957519532,2.2039041120270824,0.4089,1.0
SHPRH,0.8996,2.192788012827531,-0.09293152885437012,2.4337377496496595,0.47418,1.0
GDE1,0.8995,2.191681325891457,-0.8595464208984375,1.8640559799572642,0.3309,1.0
CLEC2B,0.89946,2.1912389249878497,0.8605267138671875,1.7517558198719692,0.7034,1.0
TSEN15,0.89946,2.1912389249878497,0.004226274337768555,2.930688887181472,0.49392,1.0
ZNF568,0.8994,2.190575616670968,-0.40025047241210937,3.1310605276940726,0.42476,1.0
MAFA,0.89936,2.190133606301635,-2.269458193359375,2.993848004789405,0.19814,1.0
TERF1,0.89936,2.190133606301635,-0.4384639331054688,2.0892529607620958,0.42738,1.0
EIF2AK1,0.89922,2.188587797632508,-0.6736175634765625,1.8902742529121996,0.31546,1.0
HSPD1,0.8992,2.1883671235021582,0.06830209232330323,2.139389269225685,0.50656,1.0
TPST2,0.89916,2.1879258918445,-1.1156704174804688,1.5667815831584764,0.21734,1.0
PHB2,0.89916,2.1879258918445,-0.7843495043945312,2.1342532897845214,0.34594,1.0
UTP18,0.89916,2.1879258918445,-0.6432400732421875,2.301893128231714,0.38234,1.0
GATA2,0.89916,2.1879258918445,-0.06797281768321992,3.5278714103895146,0.4817,1.0
MSI2,0.89914,2.187705334285923,-0.6335161254882813,2.4671864143435362,0.37964,1.0
IQGAP2,0.89912,2.187484815553348,0.7504750561523438,1.875424444838091,0.65942,1.0
CSAD,0.89898,2.1859422702432014,-0.3014268334960937,2.1941352067397233,0.44002,1.0
RGS10,0.89886,2.1846215981055086,-0.776630830078125,1.7717234980045666,0.32326,1.0
CPSF7,0.8988,2.1839617834578093,-0.653107978515625,1.8531082465623423,0.34798,1.0
TAF8,0.89874,2.183302315866919,-0.043655917778015134,2.445617576956373,0.5012,1.0
HAUS2,0.89872,2.183082570388256,-0.2764547216796875,2.013812485390368,0.44464,1.0
RHOT2,0.8986,2.181764905478976,-0.6904199829101563,2.0100951841995167,0.3514,1.0
NR3C1,0.89852,2.180887230565888,-0.1376724452972412,2.5762123604103135,0.47966,1.0
ADK,0.8985,2.180667907741771,-0.35207077575683593,2.344048342867896,0.4605,1.0
MRPS25,0.89848,2.180448623248648,-0.21129886688232422,2.5500968493761165,0.45236,1.0
SPIDR,0.89846,2.1802293770712002,-0.19237567409038545,1.9439292367167122,0.4618,1.0
AK3,0.8983,2.1784767851806466,-0.11928852058410644,3.2619772292536555,0.4947,1.0
SMG6,0.8982,2.1773826565372154,-0.6773621899414063,2.1321328667074275,0.37444,1.0
CD300A,0.89814,2.1767266366987412,-0.5236389367675781,2.4741054251033687,0.38534,1.0
PCM1,0.898,2.175197255017929,-0.7728495849609375,2.140642240688401,0.34328,1.0
CTR9,0.898,2.175197255017929,-0.6644490356445313,2.2141977063797404,0.3699,1.0
ACAT2,0.89796,2.1747606306066567,-0.5026170788574219,2.2400605586492146,0.36412,1.0
TNFAIP1,0.89794,2.1745423752893767,-0.3487544714355469,2.0896134268643656,0.42378,1.0
GLO1,0.89772,2.1721440652493276,-0.5704737658691407,2.5098301063864525,0.40004,1.0
TRMT13,0.89758,2.1706202468458597,-0.26368423767089844,3.294152542668056,0.4497,1.0
BTN3A1,0.89756,2.1704027091642777,0.5810430310058594,2.4352028823387126,0.5959,1.0
PDK3,0.89756,2.1704027091642777,0.20154170654296874,2.0598493628309322,0.53172,1.0
ST3GAL1,0.89754,2.1701852091033684,-0.640254248046875,1.8806282573621989,0.35962,1.0
DDRGK1,0.89752,2.1699677466482306,-0.7113459716796875,2.1444713742508505,0.31054,1.0
DFFA,0.89748,2.169532934495707,-0.6395848388671875,2.201011216354027,0.39518,1.0
MTMR6,0.89744,2.169098272587667,-0.4025389660644531,1.9969741803272045,0.41138,1.0
C2CD3,0.89738,2.1684465611739636,-0.5415493737792969,2.292902320881333,0.42508,1.0
JUN,0.89734,2.168012274357259,-0.7459180493164063,1.9194171616057065,0.33804,1.0
ELP3,0.89722,2.1667103124073015,-0.6067853259277344,2.3500066750812163,0.41728,1.0
EIF2B5,0.89722,2.1667103124073015,-0.5400425439453125,2.154048737793919,0.38136,1.0
MRPS23,0.89722,2.1667103124073015,-0.49141855224609376,2.681709917188258,0.40162,1.0
ZNF184,0.89712,2.1656263718860536,-0.17886672569274903,3.453249473874564,0.46566,1.0
RALGAPB,0.89708,2.165193056844545,-0.8379738818359375,1.9347950921871377,0.33218,1.0
DDOST,0.89698,2.1641104211287496,-0.44443866821289063,2.328647754373158,0.40916,1.0
CES2,0.89698,2.1641104211287496,-0.4202281396484375,2.01270424043766,0.41702,1.0
INPP5K,0.89694,2.163677627289399,-0.5143594616699219,1.950305401878608,0.38692,1.0
ZNF160,0.89674,2.161515885518728,-0.6659644311523437,2.163853218552482,0.32898,1.0
ZNF264,0.89664,2.1604364036742956,-0.941542412109375,1.8443825359544137,0.3054,1.0
DCLRE1C,0.89656,2.1595734832801705,0.4906390673828125,2.1250707260498354,0.60512,1.0
GOLGB1,0.89656,2.1595734832801705,-0.08302902660369874,2.1438333413735764,0.48552,1.0
SPOPL,0.89648,2.1587111530643845,-0.6337996569824219,1.932566995494487,0.35762,1.0
BAZ1B,0.89648,2.1587111530643845,-0.4805754577636719,2.1512681495504546,0.40142,1.0
POP5,0.89636,2.1574187623010412,-0.6141612609863282,3.3835594481630857,0.37142,1.0
SRRT,0.89636,2.1574187623010412,-0.49031486572265626,1.9096200549654827,0.40868,1.0
FPGT,0.89634,2.1572034925207206,-0.2717729864501953,2.0489277017598906,0.44778,1.0
CEP57,0.89632,2.156988259467779,-0.5865156506347656,2.5742024434153343,0.34906,1.0
COL11A2,0.89624,2.15612769424228,0.12880069595336915,3.5105057046808694,0.52204,1.0
OXA1L,0.8959,2.1524768239826098,-0.6900252880859375,1.9962778851579428,0.3358,1.0
SMUG1,0.89586,2.1520480030318745,-0.5481908850097656,2.042591659911272,0.38434,1.0
TPM1,0.89574,2.150762412953594,-0.9363293920898438,1.6983765841125427,0.27842,1.0
STX17,0.89558,2.149050325094899,1.178427080078125,1.5700729505547009,0.77884,1.0
VPS52,0.89554,2.1486226652783995,0.07733847359657288,1.9279033201054527,0.51514,1.0
ZNF250,0.89552,2.1484088896149283,-0.24139447631835936,2.5262909130018034,0.45764,1.0
PPP2R2D,0.89548,2.1479814467072695,-0.7611784643554688,1.8470837185602065,0.32782,1.0
ACAD9,0.89538,2.146913471228966,-0.6241498657226563,1.9915867456455143,0.37286,1.0
ZC3HC1,0.89532,2.146273118609478,-0.36490657836914064,1.9187277140400683,0.4311,1.0
CSTF3,0.89526,2.145633090029043,0.2086421713256836,2.0210592241950454,0.53928,1.0
SOCS4,0.8952,2.1449933851107734,-0.6990416284179688,1.8568336206315053,0.34698,1.0
TAGAP,0.89514,2.1443540034784254,0.7608449365234375,2.1103953694460063,0.64992,1.0
GSPT1,0.89504,2.143289084817815,-0.458872978515625,2.5277624747295184,0.41932,1.0
MED27,0.895,2.1428633681173324,-0.2356751092529297,2.08934982520816,0.46108,1.0
CUL2,0.895,2.1428633681173324,-0.12643565780639648,2.3103763857792337,0.48756,1.0
APPL1,0.89496,2.142437794544134,0.42757057373046875,2.1454704799323268,0.55746,1.0
ZNF571,0.89484,2.141161931482023,-0.11326442136764527,5.721227284385952,0.45654,1.0
DDX42,0.89482,2.140949412568421,-0.5728421142578125,2.0171321806957185,0.3788,1.0
YAF2,0.8947,2.139675047413621,-0.39281602294921875,2.250665224110554,0.41584,1.0
ZNF12,0.89466,2.139250543775628,-0.69248568359375,1.9623519211376679,0.36266,1.0
CUTC,0.89442,2.136706504114924,-0.64072138671875,2.7675661074830176,0.34352,1.0
PDS5B,0.8944,2.1364947311286735,-0.5437716040039062,1.956419344533118,0.39808,1.0
HAUS3,0.8944,2.1364947311286735,0.20615578826904296,2.614337195285006,0.56048,1.0
SRSF1,0.89438,2.1362829935124577,-0.5477454870605468,2.039618329070369,0.3921,1.0
ELL2,0.89434,2.1358596243357155,-0.4688969091796875,1.9954941027104944,0.38536,1.0
GTF3C5,0.89432,2.1356479927480003,-0.34788184204101563,2.2249334964941987,0.42632,1.0
BAG5,0.8942,2.134378944375681,-0.46909203979492187,1.9707988971396002,0.40592,1.0
ZNF649,0.8942,2.134378944375681,-0.21154179840087892,1.9690408959570131,0.45308,1.0
MIS18A,0.8941,2.133322373133912,-0.18439716575622558,2.9773453514013233,0.45562,1.0
PANK3,0.89408,2.133111164439844,-0.016711577444076538,1.9806370257739883,0.49418,1.0
ZNF567,0.89392,2.1314227592732866,-0.5133721252441407,2.8954754471292907,0.39636,1.0
NCR3LG1,0.89392,2.1314227592732866,-0.17234225494384767,1.9480277517967357,0.4584,1.0
ADO,0.89388,2.1310010087066464,-0.7148192724609375,1.9834203337211243,0.36176,1.0
MED22,0.89388,2.1310010087066464,-0.6023393505859375,1.942615691459446,0.37732,1.0
SLC25A1,0.89388,2.1310010087066464,-0.51412693359375,1.9378784106426126,0.38076,1.0
MRS2,0.89374,2.129525984111636,-0.3530429382324219,2.950614557969529,0.42224,1.0
SBF1,0.89374,2.129525984111636,-0.021591388087272644,1.9730715920292818,0.49384,1.0
FABP3,0.89372,2.129315406119672,-1.421533974609375,3.549812058577013,0.3522,1.0
PDCD7,0.89366,2.1286838815608107,-0.6125407873535156,2.9048317229257594,0.3695,1.0
SEC24C,0.89366,2.1286838815608107,-0.16590206420898437,1.9730297483575097,0.45972,1.0
ERCC1,0.89364,2.1284734431357353,-0.9623228466796875,1.8826471536548088,0.30948,1.0
RNF19A,0.89364,2.1284734431357353,0.35053038513183593,1.8782032694479456,0.56774,1.0
STRAP,0.89354,2.1274217736200325,-0.650403056640625,1.9342467204654328,0.37084,1.0
MAGED2,0.8935,2.1270013494500026,-0.5699362438964843,2.517688967383961,0.32346,1.0
U2AF1L4,0.89348,2.126791189519625,-0.6237627734375,1.9569079495920811,0.3435,1.0
IDI1,0.89348,2.126791189519625,-0.23429627685546875,2.2616910977936766,0.45408,1.0
OFD1,0.89348,2.126791189519625,0.024828862533569335,3.181266762641148,0.52304,1.0
TIMM22,0.89346,2.126581064341316,-0.42497916015625,2.6670924812005747,0.4251,1.0
LGR6,0.89338,2.1257409108837484,-1.916419765625,3.1553713951446065,0.24126,1.0
BRD1,0.89336,2.125530959267084,0.1547454663002491,1.971680364511485,0.52802,1.0
SLC39A6,0.89332,2.1251111600384602,-0.2591343829345703,2.11239195278862,0.46068,1.0
COX19,0.89306,2.122385838348537,-0.6424098413085938,1.9178738446704773,0.36202,1.0
PDCD4,0.89306,2.122385838348537,0.01676089159011841,3.324064384672867,0.50518,1.0
ZNF738,0.89298,2.121548451325964,-0.7548831982421875,1.8070571319428161,0.32848,1.0
PPIH,0.89296,2.121339190660205,-0.36617434936523435,2.7629418195486304,0.43648,1.0
ICAM2,0.89256,2.1171611860699424,0.5468390283203125,2.004501936792703,0.61354,1.0
PGS1,0.8925,2.1165356660860764,-0.6701004541015625,1.9734762665844894,0.36194,1.0
RPS4X,0.8925,2.1165356660860764,-0.5827939147949219,2.3223259788618735,0.37886,1.0
HPGDS,0.89244,2.115910453102545,-1.1079516796875,3.5286449945202265,0.35664,1.0
MRPL46,0.8924,2.115493814830693,-0.3098073608398437,2.569929744439904,0.44224,1.0
AMFR,0.89226,2.11403665267626,-0.3047323199462891,1.8388886335337242,0.42826,1.0
SERINC4,0.8921,2.112373361655649,0.23040661865234374,3.430314982041546,0.54316,1.0
APOE,0.89208,2.1121656027576057,-1.598268193359375,3.311403154617127,0.30548,1.0
PUS3,0.8919,2.1102972940269993,-0.056024550189971926,2.2592434565291457,0.50566,1.0
ITGA4,0.89186,2.1098824856354588,0.15879127639770507,2.6915886011289856,0.51626,1.0
UTP3,0.89184,2.109675131998929,-0.48155769287109373,2.0874981897819507,0.39066,1.0
EMB,0.89184,2.109675131998929,-0.2357862026977539,3.4820430682456203,0.47036,1.0
XBP1,0.8918,2.1092605257809955,0.3733968798828125,1.9129066598332511,0.59386,1.0
FBXO9,0.89176,2.1088460542188354,-0.7317097802734375,1.8305499185991756,0.33374,1.0
PDHA1,0.89172,2.1084317172112774,-0.41714289184570313,2.4210912948054237,0.43488,1.0
ADAM8,0.89168,2.108017514657262,-0.72279271484375,1.8478065750057353,0.32852,1.0
RHOH,0.8916,2.1071895125061673,-0.09891410568237305,3.5317677805805774,0.48302,1.0
AP3B1,0.89158,2.1069825958442605,0.2806858633422852,2.109734473264893,0.55312,1.0
FTL,0.8915,2.1061552643226804,-0.6481411010742187,2.537426004888773,0.3149,1.0
GPR132,0.89114,2.102438888945423,-0.41482907470703123,1.8844171851902138,0.41016,1.0
NUDT2,0.89096,2.100584745696567,-0.0025495072555541992,2.258516560643347,0.4766,1.0
TRIM28,0.8909,2.0999672948875734,-0.9322984155273437,1.8666694460067654,0.29748,1.0
UNC13B,0.8908,2.0989388720724085,0.04315040748178959,3.05026073350036,0.50936,1.0
TXN,0.89078,2.098733286678378,0.9072559838867188,1.927740363178284,0.68782,1.0
CTCF,0.89072,2.0981167286127174,-0.5617545617675781,2.226707779433477,0.36308,1.0
ARFRP1,0.89068,2.0977058548763896,-0.68899138671875,1.6106458665108925,0.32224,1.0
CITED2,0.89054,2.0962688345901994,0.07611380374908447,1.868608400104566,0.5052,1.0
HSPE1,0.89046,2.095448403780207,0.1414665739440918,2.015353344450489,0.52494,1.0
PTTG1,0.89036,2.0944236038878246,0.25983456329345705,1.8732328974260912,0.55562,1.0
FNTA,0.89024,2.0931949253174484,-0.11747233993530273,2.0540148650280927,0.46506,1.0
GALNT7,0.89002,2.09094540330414,-1.0095537866210937,1.7563527687806302,0.26432,1.0
PDE4B,0.88988,2.0895159419005265,0.2541292712402344,1.9635700513865129,0.54624,1.0
CEP63,0.88984,2.089107816863374,0.015487977342605591,1.812125000403969,0.49638,1.0
CXXC1,0.88974,2.088088072053495,-0.6627221435546875,2.1145043895833555,0.37058,1.0
TIMM10B,0.88958,2.086458164373307,-0.510190380859375,2.2920427471943157,0.39556,1.0
ATF1,0.88952,2.0858474822939566,-0.3774765270996094,1.9774888434035964,0.42942,1.0
OPA1,0.88948,2.085440522256016,-0.3936515490722656,1.9659647065611976,0.41352,1.0
RPS3,0.88938,2.0844236861872907,-0.6029531103515625,2.379890948262888,0.36244,1.0
GRPEL1,0.88922,2.082798421359895,-0.5210815710449219,2.3072755029075647,0.40744,1.0
POP7,0.8892,2.082595407776858,-0.6774682641601563,2.073305179717478,0.34824,1.0
MRPL10,0.88906,2.0811752101729173,-0.4121958386230469,2.867161416910782,0.4049,1.0
MALT1,0.88902,2.0807697275509436,-0.3164808142089844,1.8651172758921537,0.43006,1.0
CLP1,0.88886,2.0791490749458417,-0.5960385546875,1.9482608842161415,0.38298,1.0
WDR33,0.88884,2.0789466369388947,-0.44346314331054687,1.933468383839358,0.3903,1.0
GFM2,0.8887,2.077530462462931,0.12467244369506836,2.1782511137597522,0.54698,1.0
PPT1,0.88836,2.074097657574886,-0.7036577197265625,1.6520726899395843,0.32934,1.0
COL6A3,0.88836,2.074097657574886,0.045715405836105345,3.5126223210614658,0.48038,1.0
ARC,0.88824,2.072888261797304,1.750067197265625,3.241317832214212,0.69792,1.0
RPS14,0.88822,2.0726868062139605,-0.31876696716308595,2.291327621507485,0.44144,1.0
TTF1,0.88816,2.0720826284563505,-0.30634840759277343,1.8565136909826432,0.4448,1.0
PCF11,0.88812,2.0716800006636165,-0.15762202423095703,1.8848238568379436,0.4694,1.0
TRAPPC13,0.88796,2.0700707465406585,0.1508893013381958,2.0633200303510653,0.54118,1.0
KPNA6,0.88794,2.0698697310046725,-0.5746937365722656,1.8046805085806346,0.36376,1.0
TRAF3,0.8879,2.069467793960167,-0.7531910693359375,1.6934778148995522,0.30432,1.0
KRAS,0.88788,2.0692668724288725,-0.4376684289550781,1.7924988936666024,0.39762,1.0
RPL32,0.88788,2.0692668724288725,-0.2895568908691406,2.256991526847785,0.44096,1.0
EIF5A,0.88788,2.0692668724288725,-0.034039572982788084,1.744596176537682,0.48916,1.0
HCFC1,0.88786,2.0690659822097106,-0.018780425515174864,1.8985785340391754,0.49892,1.0
SCO1,0.8878,2.0684634993113393,-0.11404638244628906,1.8503129393246334,0.46996,1.0
BTN3A2,0.88778,2.0682627342270536,0.14681131387710572,2.687649576621072,0.53492,1.0
GLTP,0.88776,2.0680620003981027,-1.099370888671875,1.4719529725632157,0.17988,1.0
CTSA,0.88774,2.0678612978131454,-0.9765958032226563,1.41058687241442,0.21154,1.0
ITGB2,0.88762,2.0666577377929043,-0.6159906359863281,1.7138794396464367,0.35724,1.0
ELP6,0.88762,2.0666577377929043,-0.389911357421875,2.7617828241424833,0.4371,1.0
IRAK4,0.88754,2.065855987892409,0.22074477661132813,1.9666180409498535,0.55064,1.0
SAP130,0.88744,2.0648545006242705,0.3238634375,1.7922478883742432,0.57456,1.0
UBXN7,0.88712,2.061654953100402,-0.8831414697265625,1.79053313516424,0.3013,1.0
RNF138,0.8871,2.061455244370925,0.8247352587890625,1.818191176761643,0.67438,1.0
CEP135,0.8871,2.061455244370925,-0.5257785119628906,1.8571612854952753,0.39538,1.0
REL,0.88694,2.0598586850315392,-0.5126561804199219,2.1063196548324536,0.36852,1.0
ATRX,0.88692,2.0596592537594063,-0.5169267407226562,2.0853453482069466,0.37942,1.0
ZNF708,0.88688,2.0592604835232318,-0.569672373046875,2.6893217133716343,0.36446,1.0
PCK2,0.88686,2.0590611445370266,0.06224437141418457,1.9030926807458701,0.50756,1.0
ALDH9A1,0.88676,2.058064910482053,-0.683900244140625,2.2223347904643314,0.34296,1.0
MRPL1,0.88674,2.057865755768877,0.03343140918731689,3.3336937326904743,0.51764,1.0
IP6K2,0.88632,2.0536905754235724,-0.4294451257324219,1.8307397644549428,0.39512,1.0
SDCCAG8,0.88626,2.0530952194019103,-0.45618543823242186,1.7997930334158405,0.39822,1.0
ETHE1,0.88622,2.052698467457242,-0.42184360595703124,1.7847688798651338,0.40048,1.0
GPR27,0.88612,2.051707119204638,-1.7048446142578124,2.5233513138195565,0.21546,1.0
THUMPD1,0.8861,2.05150894060012,-0.1256620278930664,2.2853457650174738,0.47428,1.0
RAB3GAP2,0.88606,2.0511126743502226,-0.04054043832778931,1.8208819517572221,0.4929,1.0
EXOC5,0.8859,2.049528820549957,-0.17226049575805663,1.8833240833301073,0.46268,1.0
MED11,0.88576,2.048144534957921,-0.42891824096679687,2.331586550352506,0.4101,1.0
DCP1A,0.88544,2.0449859933862258,0.5535985192871093,1.748278100349561,0.618,1.0
BBS7,0.88502,2.040852043427491,0.030814208459854126,1.913309567773892,0.49958,1.0
ZRANB1,0.88498,2.0404590195969066,-0.3036088824462891,1.8562670969371813,0.43836,1.0
TMOD4,0.88496,2.040262552273631,1.836470224609375,3.02034177832132,0.7548,1.0
INTS4,0.88478,2.0384956822300593,-0.5401702502441407,2.107195236520262,0.37212,1.0
KIF13B,0.88472,2.0379072590758374,-0.4519932958984375,1.8273550622015122,0.38794,1.0
RAD23B,0.88434,2.0341867513466494,-0.6114473742675781,1.7008815410558165,0.3534,1.0
DIDO1,0.88428,2.0336002744589736,-0.5590555419921875,1.7029682916984452,0.35188,1.0
IMMT,0.8842,2.032818716253248,-0.43307994140625,2.062592423756826,0.41884,1.0
SLC25A26,0.88408,2.0316472582680998,-0.4517551892089844,3.065182604260349,0.4072,1.0
DENND4C,0.88392,2.0300869522289875,-0.30683672790527344,1.8122868817986943,0.41948,1.0
SNRPA,0.8839,2.0298920453630567,-0.31515678466796876,1.9268565544810277,0.4003,1.0
ENAH,0.88388,2.029697167660475,-0.35949057983398436,3.2064512667644935,0.43372,1.0
KYNU,0.88376,2.028528513301992,-0.18394970476150513,3.5005531212303658,0.46258,1.0
USP48,0.88368,2.0277499923676685,-0.4816141552734375,1.9928260699050928,0.38166,1.0
TSC22D1,0.8833,2.024058354458576,-0.36582777893066404,1.931105487875606,0.40834,1.0
ATP11B,0.88328,2.023864346916351,-0.7576164599609375,1.7978254999058954,0.32206,1.0
GTF2A1,0.88316,2.022700907122601,-0.3351604620361328,1.825252404913044,0.41666,1.0
DEDD2,0.8831,2.022119575996734,-0.951460419921875,1.3523667704517475,0.1694,1.0
YARS2,0.88304,2.0215385036897233,-0.16885512634277344,2.725189248914929,0.48074,1.0
TNFSF9,0.88298,2.020957689930728,-1.233473203125,2.9787553290422415,0.3124,1.0
SECISBP2,0.88296,2.0207641427527596,-0.25034941833496094,1.8955803404083067,0.44954,1.0
MCFD2,0.88284,2.01960346177264,-0.47422630493164064,1.7537070467588103,0.37862,1.0
ZKSCAN1,0.88282,2.0194101151973523,-0.736295751953125,1.6808945404994278,0.32384,1.0
PDE6A,0.88278,2.0190235078896275,1.4716256103515626,2.929206839981583,0.70476,1.0
MBP,0.88278,2.0190235078896275,-0.6117163720703125,1.8400512460129024,0.31622,1.0
PACSIN1,0.88278,2.0190235078896275,-0.12384664276123047,3.3814525149171133,0.48144,1.0
ZNF791,0.8827,2.0182506363667576,-0.502281484375,2.1750394325414644,0.40684,1.0
ZDHHC7,0.88268,2.0180574899056296,-1.0330944580078125,1.3474828316006644,0.1618,1.0
TMX3,0.88266,2.0178643719924616,-0.06183379090309143,2.0636792178858134,0.48688,1.0
SRP68,0.88258,2.0170921856208817,-0.5308450805664062,2.11909600429958,0.3518,1.0
CDC40,0.88254,2.016706263464933,-0.4223232141113281,1.9838752612100963,0.42604,1.0
ADA,0.88254,2.016706263464933,-0.36715391967773436,1.776713392681562,0.41074,1.0
CLINT1,0.88226,2.0140079935467377,-0.49931944580078125,2.0058035920871156,0.39586,1.0
GNPDA1,0.88224,2.013815472854866,-0.5281848693847656,1.779099467054856,0.3665,1.0
TNKS2,0.88222,2.013622980493677,0.2133952117919922,1.7261433408595086,0.55214,1.0
STX18,0.88208,2.0122763264003467,0.2943597723388672,1.9309049019680475,0.54052,1.0
WIPI1,0.88198,2.0113152783837087,-0.07979482192993165,1.815942776425663,0.47082,1.0
PHKG2,0.88186,2.010162951370007,-0.950821630859375,1.6466675906279,0.24996,1.0
CDC37L1,0.88186,2.010162951370007,-0.453667841796875,2.135881939900791,0.37532,1.0
FCER1G,0.8818,2.00958716795184,-0.19615808311462402,3.7504981302726703,0.4626,1.0
WBP11,0.88176,2.0092034529350333,-0.4708160144042969,1.8712037207543244,0.37936,1.0
GPC1,0.88172,2.00881985030386,-2.165723232421875,3.7057113422962598,0.26964,1.0
NIP7,0.88172,2.00881985030386,-0.3038096472167969,2.4080231273498507,0.4381,1.0
FEM1C,0.88166,2.0082446569104815,0.9210750268554687,1.5093110377172334,0.75088,1.0
PEX11B,0.88166,2.0082446569104815,-0.34939669128417966,2.015172129107627,0.41546,1.0
ASB8,0.8816,2.007669715948745,-0.3375934167480469,2.0553133532116834,0.41288,1.0
MRPL49,0.88136,2.0053724712021332,-0.19596083557128907,2.439112358423849,0.43104,1.0
TYROBP,0.88134,2.0051812157408815,0.13220937019348145,4.09151168994976,0.54546,1.0
SRSF2,0.88126,2.0044164727372973,-0.33529487182617185,2.1114158472875664,0.4267,1.0
TCP1,0.8811,2.002888323175948,-0.23027167419433595,1.8437354408877682,0.44214,1.0
UPF1,0.8811,2.002888323175948,-0.1202740864276886,1.8362099009601232,0.47482,1.0
ADAM21,0.881,2.0019341328246503,2.2878688427734377,3.4598246865110855,0.75268,1.0
PEX2,0.8808,2.000027830777221,-0.41987680908203123,1.6492227212646922,0.40004,1.0
GLG1,0.88078,1.9998373527285545,-0.8792472119140625,1.540192489526706,0.23536,1.0
DDHD1,0.88046,1.9967934547745627,0.23165797149658204,1.6970942118602574,0.55308,1.0
KREMEN2,0.88044,1.9966034450981662,-0.310597384185791,3.423975543538453,0.45792,1.0
VPS37A,0.88044,1.9966034450981662,-0.21911477905273438,1.7913117636789029,0.44472,1.0
GABPB1,0.88032,1.9954639635100424,-0.05835033627510071,1.8592832655875982,0.48186,1.0
HSD17B7,0.88,1.9924301646902063,-0.05928584197998047,2.210376053597153,0.48242,1.0
FBXL5,0.87996,1.9920514313215418,-0.45717788696289063,1.8106096798800317,0.39534,1.0
ARID4A,0.87992,1.991672806923655,-0.673121748046875,1.5393620403311787,0.3018,1.0
USP42,0.87988,1.991294291422393,0.5416740783691406,1.7096152606090405,0.63098,1.0
DDR2,0.8797,1.9895923172779961,-0.5085744018554688,3.699140658183648,0.43306,1.0
CWC27,0.87966,1.9892143993860223,-0.3195788568115234,2.203338615260439,0.44708,1.0
ZNF493,0.87954,1.9880812959144196,-0.17484735443115235,2.77495321686212,0.46228,1.0
APOD,0.87954,1.9880812959144196,0.1380288449859619,3.58802470450516,0.512,1.0
ISG20L2,0.8795,1.9877038112469028,-0.4308761804199219,1.8792172376101475,0.4054,1.0
UBE2G1,0.87948,1.987515109463659,-0.47813786865234376,1.9534417790221812,0.37292,1.0
NPLOC4,0.87938,1.986572005686081,-0.49700364501953126,1.72363505324044,0.36922,1.0
MBD4,0.87918,1.9846878201673932,-0.48760781494140626,1.7730532363593365,0.40054,1.0
HSPH1,0.87916,1.9844995496306024,0.10624935001373291,1.9452050049206984,0.52,1.0
USP34,0.87908,1.9837467361467525,-0.5248526794433593,1.778976426437019,0.38088,1.0
MED24,0.87908,1.9837467361467525,-0.13678064849853516,2.2079480804745657,0.45912,1.0
NDEL1,0.87882,1.9813030550414283,-0.23422951599121095,1.7756189888611091,0.44184,1.0
MRPS30,0.8788,1.9811152668752412,-0.3147294219970703,2.4801334271991577,0.4122,1.0
MED17,0.87872,1.9803643812454894,-0.0841070539188385,2.0582248489588593,0.48518,1.0
IRF1,0.8787,1.9801767265517933,0.814146259765625,1.4942202314690824,0.7185,1.0
MAFB,0.87862,1.9794263743622518,-0.011849052319526673,4.058271981392958,0.5114,1.0
PEX19,0.87852,1.9784890332690033,-0.30944493103027343,2.1111991063589715,0.40678,1.0
CERS2,0.87842,1.9775523568457969,-0.40131546020507813,1.786986940965612,0.42334,1.0
TAGLN2,0.87836,1.976990669568627,-0.4773932263183594,1.5718524397127653,0.36874,1.0
CCDC59,0.87834,1.9768034935188163,-0.4523858605957031,2.0105962564797997,0.3839,1.0
VPS72,0.8783,1.97642922092959,-0.4662685388183594,1.87812802550224,0.37454,1.0
GLUL,0.87824,1.9758680106882036,0.04870390693664551,2.148514989456172,0.51188,1.0
SRSF3,0.87818,1.975307038604336,-0.4607215673828125,1.8134211271029474,0.38508,1.0
ELF2,0.87818,1.975307038604336,-0.19484040618896484,1.829838040696121,0.443,1.0
LONRF1,0.87802,1.9738122755506482,-0.2014463864135742,2.4226487106627554,0.43822,1.0
UPF3B,0.87748,1.9687798810929127,-0.22817920532226563,1.8497758368902093,0.44286,1.0
USP33,0.8774,1.9680359652300021,0.4317567980957031,1.707700005705231,0.61518,1.0
EIF2B1,0.87736,1.967664163888395,-0.6144260620117188,2.1355683315445027,0.36308,1.0
ZNF3,0.87728,1.9669208740367918,-0.16095237495422363,1.957322152029328,0.4388,1.0
MZT1,0.87728,1.9669208740367918,-0.06864584305524826,2.0073977670372742,0.49464,1.0
BDP1,0.87686,1.9630254250263504,-0.11795766136169433,1.97997872608548,0.48226,1.0
CD74,0.87686,1.9630254250263504,-0.008052833127975464,2.4747633006140433,0.4879,1.0
DDX6,0.87666,1.9611744623487013,-0.4706462292480469,2.186597688445075,0.37312,1.0
CTDSP2,0.87636,1.9584028481561035,-0.96045869140625,1.3926794902809005,0.1892,1.0
TXNL4A,0.876,1.9550845253313545,-0.5069877783203125,1.7617187719115979,0.39678,1.0
CPNE3,0.87596,1.9547163335611408,-0.26399932739257814,2.4574022741845742,0.42826,1.0
NCOA3,0.8758,1.9532445848679199,0.31714182800292967,1.7247754032888847,0.57348,1.0
ZNF430,0.87576,1.95287690195587,-0.4665300634765625,2.3654439562223417,0.4036,1.0
ING5,0.87568,1.952141840776271,-0.20745831329345704,1.8081185197460257,0.45712,1.0
NFKBIA,0.87556,1.9510400096155176,0.07807116088867187,1.7186019059180038,0.51166,1.0
LSM2,0.87554,1.9508564597193454,-0.1290082293701172,2.6902548020944574,0.48336,1.0
VBP1,0.8754,1.9495723184034417,-0.3462396398925781,1.8746483619355612,0.42708,1.0
AGGF1,0.87478,1.943900235855559,-0.5227623388671875,1.8171076820259533,0.37072,1.0
SF3B3,0.87456,1.9418933461376056,-0.29190486328125,2.7279730856922884,0.43996,1.0
PTK2B,0.87454,1.941711051167097,0.29003149017333985,1.789295606085767,0.5682,1.0
ZNF136,0.87452,1.9415287810862092,-0.10170696921348572,2.400911783392334,0.46212,1.0
HERPUD1,0.87444,1.9407999494964383,-0.09209629833221436,1.933242684129376,0.47608,1.0
UHMK1,0.87436,1.940071515491356,0.11610849531173706,2.3653805167861353,0.53282,1.0
USP14,0.87434,1.939889469051928,-0.0416108292388916,2.041614345216348,0.48434,1.0
VDAC3,0.87432,1.9397074474210523,-0.37278266723632814,1.9397962066264962,0.41724,1.0
CRNKL1,0.8742,1.9386158381628738,-0.3945302746582031,1.8506798880208857,0.41056,1.0
ESCO1,0.87402,1.9369800944951285,-0.1270702601623535,2.5142483237256563,0.46454,1.0
ZNF131,0.87402,1.9369800944951285,-0.03939195808410645,2.447684076047867,0.48982,1.0
SNRNP200,0.874,1.9367984687040576,-0.7804016552734375,1.7753812240815994,0.32264,1.0
MRPL39,0.87388,1.9357092317810318,-0.22887089965820312,2.107527826857132,0.42836,1.0
ZC3H11A,0.87364,1.9335334155543258,-0.35058779418945313,1.56077469600528,0.4085,1.0
ZNF720,0.87362,1.9333522571561663,0.08527993432998657,2.0251008049726003,0.51672,1.0
IL2,0.87348,1.932084834480719,0.030687611246109008,3.115096699976344,0.50106,1.0
NBR1,0.87332,1.9306378191244766,-0.5499143542480469,1.5740494198210004,0.3565,1.0
MCU,0.8733,1.9304570520925934,0.25408457801818846,1.6625196609112458,0.56152,1.0
UNKL,0.87304,1.9281092975866811,-0.18834932037353516,1.7366902627328449,0.44124,1.0
ETFA,0.87288,1.9266665671183827,-0.5503747985839844,1.644722342825648,0.3761,1.0
ADD1,0.87272,1.9252253872599703,-0.22110382629394532,1.6116083661152147,0.43946,1.0
UBA5,0.87236,1.9219883813389829,-0.41474689453125,2.9634473587110817,0.44224,1.0
ARHGEF4,0.87226,1.9210905964707607,0.49218896911621096,4.083384383877279,0.53792,1.0
TRAPPC10,0.87226,1.9210905964707607,-0.432181337890625,1.6785259484257145,0.38654,1.0
RECK,0.87212,1.9198347049282067,-0.44450259765625,1.6573445732335945,0.37094,1.0
MAP2K1,0.872,1.9187591599893625,-0.668839931640625,1.5102691455289396,0.31476,1.0
PLEKHA2,0.87194,1.9182217101115409,0.07837083839416503,1.6533860775556992,0.51196,1.0
CNTRL,0.87188,1.9176844750193542,0.5158010266113281,1.6185716311505802,0.62074,1.0
ZNF701,0.87168,1.915895239962834,-0.4035631787109375,1.8622299911894875,0.39558,1.0
ZNF33A,0.87164,1.9155376783870643,-0.5042894152832031,2.039874780281151,0.36566,1.0
KANSL2,0.87162,1.9153589332292147,-0.2592362286376953,2.379063689500389,0.43904,1.0
TBCB,0.87152,1.9144655634369123,-0.49406023681640626,1.6955758176768938,0.36582,1.0
RARA,0.8715,1.9142869606248016,-0.2305618145751953,1.6757600565826596,0.4497,1.0
CALU,0.8713,1.9125022346351597,-0.5930349035644531,1.7206292747716385,0.35882,1.0
ZNF124,0.87124,1.9119672778164198,-0.09556517158508301,1.6899743529429416,0.46642,1.0
COQ7,0.87108,1.9105417641375122,-0.10021868204116821,1.750573060454399,0.47172,1.0
EIF5B,0.87104,1.9101856212647286,-0.3097618280029297,2.5725083235542763,0.44224,1.0
INTS3,0.87098,1.9096515833722594,-0.5807178051757812,1.5770102234336731,0.3342,1.0
ERAP1,0.87068,1.9069845626894042,0.17643324813842773,1.6643914758050686,0.54572,1.0
OSBPL6,0.8706,1.9062742470513974,0.4911821112060547,2.801407594162471,0.58402,1.0
TADA3,0.87038,1.9043228048969352,-0.7879735498046875,1.386893458798548,0.2709,1.0
PHIP,0.87038,1.9043228048969352,-0.15213987487792968,1.7341050554213124,0.45714,1.0
EAF2,0.87032,1.9037910826854063,0.7016089892578125,1.9874928267414906,0.67848,1.0
GCC2,0.87032,1.9037910826854063,-0.3302906951904297,2.238431743420351,0.40024,1.0
BAZ2A,0.87008,1.9016662850307378,0.10358875457763672,1.6955652014437337,0.52178,1.0
DCAF7,0.87,1.900958761193047,-0.15231827209472656,1.6193156780195228,0.46962,1.0
RBM17,0.8699,1.9000748769950355,-0.31490321716308595,1.8987000813652979,0.42298,1.0
COX5A,0.8698,1.8991915703890694,0.10487803546905518,1.7252967736163978,0.56974,1.0
CHD8,0.86964,1.8977794789398292,-0.3299920843505859,1.688378391076318,0.40538,1.0
HSP90AB1,0.86956,1.8970739856678598,0.383588544921875,1.690238704735508,0.5932,1.0
ABCB6,0.86954,1.89689766981852,-0.024310806312561037,3.293289341649384,0.4984,1.0
RUFY1,0.86952,1.8967213769421727,-0.5131325,1.5623612808242369,0.36122,1.0
HDAC8,0.86952,1.8967213769421727,-0.4101348376464844,1.653030175360334,0.38136,1.0
NLRC5,0.8692,1.893903809359176,0.7084135522460937,1.4553458649579902,0.68698,1.0
KDM3B,0.86906,1.8926729647481306,-0.48633570556640626,1.6017667227863115,0.36704,1.0
JMJD6,0.86896,1.8917944741817756,-0.5274301782226563,1.6886855195841355,0.35004,1.0
PDGFRA,0.86866,1.8891624136273206,0.3152021148681641,2.9299343379056957,0.5449,1.0
CRBN,0.8686,1.8886366140502118,-0.3738923767089844,2.1984366556533206,0.3782,1.0
MRPS28,0.86854,1.8881110182042784,-0.16908072219848633,2.422264075684067,0.459,1.0
DCPS,0.868,1.8833897920739793,0.028975079174041747,3.2159786515109765,0.50276,1.0
ARL1,0.86784,1.881994056099253,-0.32967650146484373,2.358159245147717,0.42998,1.0
YY1,0.86782,1.8818196898413444,-0.3791224688720703,1.647615224798245,0.38848,1.0
GAPVD1,0.86752,1.8792068756733509,-0.731982353515625,1.6555764308894731,0.34096,1.0
ADCY1,0.8674,1.8781631536495034,-0.2523477279663086,3.3215892397036755,0.45004,1.0
OSBPL2,0.8674,1.8781631536495034,0.10920230132579803,1.6598179211025752,0.52508,1.0
GOPC,0.86712,1.875730910202455,-0.01076036551475525,1.8702989728214883,0.49668,1.0
DHX15,0.86668,1.8719175663989673,-0.042607697601318356,2.085304453126717,0.49924,1.0
SVIP,0.86634,1.8689781791282587,-0.2809769677734375,3.4147466377215814,0.41132,1.0
WHAMM,0.86626,1.868287477823193,0.009062811698913575,2.0035358744504017,0.4882,1.0
PHF1,0.8662,1.867769681086398,-0.38196521362304686,1.720488997359479,0.3902,1.0
SMNDC1,0.866,1.8660451086115237,0.17301494750976562,1.6890643957576983,0.54176,1.0
TAF7,0.86596,1.8657004552501195,-0.2412429132080078,1.743258908611086,0.43454,1.0
SERPINB1,0.86586,1.86483920200445,0.82638466796875,1.0439235127479665,0.87326,1.0
INSIG2,0.86586,1.86483920200445,0.06827677279472351,2.059202954467423,0.50618,1.0
MRPS16,0.86572,1.8636343585344948,-0.2578592236328125,1.726013792245548,0.4389,1.0
RNF146,0.86554,1.8620868325675248,0.12764778833389281,1.5898532100899962,0.53546,1.0
MYO7A,0.86554,1.8620868325675248,-0.023442826347351075,2.941143827820071,0.5184,1.0
CPNE1,0.86546,1.8613996048907284,-0.09623491138458252,2.3819083190308357,0.46588,1.0
PPIL4,0.86524,1.8595115065569487,-0.43963858642578124,1.7073228521661232,0.40368,1.0
MED30,0.86478,1.8555720576605343,-0.2711421643066406,1.537371229038626,0.43558,1.0
ANXA5,0.8644,1.8523262491264352,-0.23111450744628906,2.1838877207025456,0.43762,1.0
TGFB3,0.8641,1.8497691816902555,0.20363246643066407,3.5729727685154367,0.50594,1.0
VAMP4,0.8641,1.8497691816902555,-0.1326078251647949,1.8068418387700855,0.47366,1.0
DNAJB1,0.86382,1.8473868737114985,-0.20124275329589844,1.6620714516818722,0.43238,1.0
RALBP1,0.8637,1.8463671475837533,-0.35739197265625,1.8534730415550962,0.38992,1.0
MBD1,0.8637,1.8463671475837533,-0.3107263641357422,1.7375949152554537,0.4109,1.0
FN3KRP,0.86324,1.8424651873021625,-0.18287134033203126,3.017782606807135,0.42742,1.0
TAOK1,0.86306,1.8409413398868606,-0.27181351623535155,1.5975519480896072,0.41728,1.0
PFDN1,0.86304,1.8407721275579334,-0.2524280029296875,1.8469294397161073,0.44884,1.0
HSPA4,0.86294,1.839926377595688,-0.06500108086943626,1.7181009246316643,0.47486,1.0
SULT1C4,0.86292,1.839757289895995,0.46639494384765623,2.782001519692628,0.57616,1.0
PGRMC1,0.86288,1.8394191767394472,-0.3669919287109375,1.6500891904289299,0.40026,1.0
ATP6V1H,0.86242,1.8355368248825747,0.5147667663574219,1.4951145769234289,0.63972,1.0
EHHADH,0.86236,1.8350312359605268,-0.3848603289794922,3.4636653143729546,0.42862,1.0
IFNB1,0.86198,1.8318334663459213,2.0521832763671877,3.1001568400665365,0.78034,1.0
PUM1,0.86156,1.8283076807420107,-0.17695015197753905,1.624727741965404,0.44354,1.0
PPM1A,0.86124,1.8256273891284318,-0.5872358618164063,1.3181686068900642,0.32666,1.0
CWC22,0.8612,1.8252927174175035,-0.09741969467163086,1.7944531637789647,0.48822,1.0
ACTR1A,0.86098,1.8234534676818812,-0.6579961547851563,1.3579944770657477,0.2926,1.0
HSPA5,0.86088,1.8226182518461091,-0.07187081298828125,1.681357648246954,0.47924,1.0
IL11,0.86066,1.8207825471731203,-0.608030244140625,2.9911862919496994,0.38256,1.0
TFIP11,0.85982,1.813795753943005,-0.2693893524169922,1.6753049459607654,0.4231,1.0
DHRS7B,0.85922,1.80882661277111,-0.7453149584960937,1.3856983965624394,0.2402,1.0
TRIP11,0.85912,1.8080001453620103,-0.43221530029296873,1.7168944593606457,0.41524,1.0
TRIM33,0.85888,1.8060186226447263,-0.25530254638671873,1.4443370726859504,0.42292,1.0
NUDT21,0.85876,1.8050289172411782,-0.3184403485107422,1.6836037578898968,0.43642,1.0
SYCE2,0.858,1.7987770418867015,1.83697970703125,3.125547715954019,0.76664,1.0
ZNF638,0.85768,1.7961530261904046,-0.5745122485351563,1.7270221652010085,0.3463,1.0
SLCO3A1,0.85766,1.7959891886847048,-0.643168408203125,1.5009609761131228,0.28004,1.0
SCFD1,0.85762,1.7956615712644053,-0.20567687561035156,1.5792595709288622,0.43472,1.0
ZNF26,0.8571,1.791409512969015,-1.6922600732421875,2.9293265318922446,0.27206,1.0
ATG4A,0.85694,1.7901037817979994,-0.3582903857421875,1.930654153498812,0.44102,1.0
PIGH,0.85692,1.789940650958202,-0.34748063171386717,2.0267387629682583,0.41838,1.0
LY6G6F,0.85632,1.7850555335058647,-0.08264881410598755,3.0900981846398303,0.4724,1.0
MED6,0.85612,1.7834309344049393,0.09674858848571777,1.61012161191547,0.52248,1.0
POU2F1,0.85572,1.7801873637928747,0.26885660400390626,1.4658527053654593,0.5742,1.0
RABEP1,0.8557,1.780025381644184,-0.40181145629882814,1.5493452418964002,0.38684,1.0
CDK19,0.85558,1.7790538805029363,-0.2908737774658203,1.5338573860496334,0.42318,1.0
WDR20,0.85556,1.7788920288880006,-0.1464666458129883,1.8775228293656758,0.46354,1.0
BLOC1S6,0.85538,1.777436201898221,-0.6623919604492188,1.3261903781330013,0.29458,1.0
CIAO1,0.85538,1.777436201898221,-0.36143554565429686,1.6014357085938404,0.39132,1.0
INO80C,0.8551,1.7751745718352727,-0.29711813232421874,1.5797766619912743,0.41286,1.0
RBM4,0.85502,1.7745290586033098,-0.3746337548828125,2.599831811510103,0.38562,1.0
AMPH,0.85442,1.76969711248155,0.03382435974597931,3.0018180387371545,0.50554,1.0
LSM6,0.85432,1.768893395443937,-0.2678570245361328,1.7395286906454073,0.45768,1.0
S100A11,0.85432,1.768893395443937,-0.07653738720655441,1.760661462681595,0.47246,1.0
MATN3,0.85388,1.7653624667658168,-0.5191410681152344,3.36250473579907,0.40814,1.0
DEGS1,0.8538,1.7647214270081837,-0.08441040467739105,1.7040456946001548,0.49716,1.0
STAMBP,0.85374,1.7642408379428505,-0.04369923870563507,1.8327811366597822,0.49644,1.0
ING3,0.85372,1.764080677894187,-0.42451531982421875,1.554539404087121,0.36996,1.0
ATG10,0.85372,1.764080677894187,0.17730821380615233,1.378955514506812,0.54356,1.0
DDX52,0.85372,1.764080677894187,-0.08728421775817871,1.779703402172773,0.45012,1.0
ZNF217,0.85344,1.761840340067829,-0.6866212866210938,1.4535598669761745,0.2731,1.0
ATF7IP,0.85334,1.7610410786093276,-0.2806997265625,1.808139255104951,0.4206,1.0
NIPBL,0.85326,1.7604019943268119,-0.3289819464111328,1.4206940047411398,0.40484,1.0
MGRN1,0.8525,1.7543450333777977,-0.5914123901367188,1.4003924735963393,0.29958,1.0
ATF6,0.8525,1.7543450333777977,-0.29054711364746094,1.581659313298815,0.42154,1.0
SUPT6H,0.85224,1.7522788414119577,-0.5600099536132812,1.4176277221788478,0.31112,1.0
BCAS2,0.85138,1.7454658496676525,-0.3364440478515625,1.9232378050096615,0.38668,1.0
MRPL18,0.85102,1.742623561311714,-0.03463141042470932,1.5066800577001642,0.46762,1.0
NUP62,0.85066,1.7397869331677098,0.20077570922851562,1.4032262624699372,0.56156,1.0
YPEL5,0.8505,1.7385280190051757,-0.25531243774414064,1.6403971069555519,0.40668,1.0
ANXA1,0.85018,1.7360135182515277,0.3469396862792969,2.1929403248029624,0.616,1.0
TIMM17A,0.8494,1.7299029025133779,-0.2360833984375,1.6942111803176871,0.46764,1.0
ARID4B,0.84924,1.728652663476759,0.11203037445068359,1.4933267888595048,0.52674,1.0
ABHD3,0.84894,1.7263114035506142,-0.04972034875869751,1.4570226193462135,0.47514,1.0
ENSA,0.84748,1.714971505166727,-0.36250292236328124,1.8968360890852445,0.3909,1.0
CAND1,0.84734,1.7138888045006277,-0.1982975994873047,2.114388582465998,0.47842,1.0
ACTB,0.84634,1.7061788006830307,-0.7886107299804688,1.1261519455430058,0.17246,1.0
GAK,0.84502,1.696064219380325,-0.2046295002746582,1.5197665322473772,0.43266,1.0
ZNF75A,0.8449,1.695148206976306,-0.3122887658691406,2.4478499024002023,0.4197,1.0
SRSF11,0.84394,1.6878408533329314,-0.2004417901611328,1.6166246160763096,0.44658,1.0
TXNIP,0.84394,1.6878408533329314,0.09468498233795165,1.4707539000094814,0.52896,1.0
CHD1,0.84392,1.6876890070586976,-0.3857943994140625,1.5326073976354782,0.36704,1.0
SCAMP1,0.84278,1.679059852860451,-0.10996039506912231,1.7423318187401524,0.45764,1.0
ATG4B,0.84228,1.675291191520904,-0.41526928833007815,1.445799013456039,0.3903,1.0
CYB5B,0.84204,1.673485682633749,-0.2901865319824219,2.1045462553050513,0.42496,1.0
CMC2,0.842,1.6731849812153599,0.5130818688964843,1.2919110207957207,0.65868,1.0
TRPC1,0.84188,1.672283247842486,0.08847376628875732,3.367396709002918,0.48516,1.0
C2orf49,0.8414,1.6686818619556731,-0.04987545983314514,1.489238206786714,0.48552,1.0
ZNF143,0.84102,1.6658370327580547,-0.35542573974609376,1.3405849606384537,0.40154,1.0
DCUN1D1,0.84036,1.6609090912748936,-0.6806573852539063,1.0615842061885636,0.25304,1.0
ABI1,0.8399,1.6574842171289124,0.033126534729003905,1.312280893497667,0.49644,1.0
UBB,0.83978,1.6565920819854418,-0.1173665072631836,1.2765856027760256,0.4642,1.0
LCMT1,0.83828,1.6454857287791722,-0.18370593017578124,2.1518577008742934,0.43044,1.0
GALNT6,0.83666,1.633583857368354,-0.011549164385795594,1.4451574344536575,0.4906,1.0
UBE2K,0.83526,1.6233745801154282,-0.17194681915283203,1.3107579470960344,0.44472,1.0
MTIF3,0.83524,1.623229239133981,-0.4436451525878906,1.5350489940494219,0.35274,1.0
TCF7L1,0.8343,1.616414125475512,0.5818360424804687,3.295360437557729,0.56252,1.0
B3GALT4,0.83388,1.6133790883516832,-0.5410743603515625,1.1965147228022928,0.29234,1.0
SMS,0.8317,1.5977236976778815,-0.5568611889648437,1.4385511886876534,0.34502,1.0
EEA1,0.8313,1.59486875098512,-0.5107197583007812,1.2954748150581477,0.29988,1.0
UBC,0.83086,1.5917345345875995,0.20758965209960936,1.5310483965541921,0.56862,1.0
CDC5L,0.83024,1.5873291407537564,-0.3452845947265625,1.3781490604518079,0.3768,1.0
FXYD3,0.82946,1.5818050133335124,0.049920540466308595,2.687685329763708,0.50614,1.0
KCMF1,0.8294,1.5813809127547025,-0.2133332159423828,1.3593914020242865,0.4264,1.0
BBIP1,0.82908,1.57912104151288,-0.13527627548217774,1.4149309840565485,0.4443,1.0
GDI1,0.82626,1.559349565135315,-0.5838837353515625,1.186958115835667,0.25632,1.0
IL1RL2,0.82618,1.5587923864466013,-0.444848662109375,2.6930090120371393,0.43698,1.0
DNAJB6,0.82436,1.5461708820097908,-0.0009548404550552369,1.4172470413341247,0.5025,1.0
SPTSSB,0.82164,1.5274983631616963,-1.31581607421875,2.6756911293654686,0.27818,1.0
GALNT12,0.82118,1.5243626169380085,1.3993135595703126,2.9895986482515777,0.72358,1.0
B2M,0.82092,1.522593029188142,0.3848867333984375,1.15852812116582,0.70394,1.0
LAMA5,0.8196,1.5136398087362213,-0.044324121742248535,2.605565018117573,0.5073,1.0
BNIP2,0.81786,1.5019155506711344,-0.1916524188232422,1.2106306182787085,0.43116,1.0
CHMP1A,0.81708,1.4966881104930214,-0.08267254539489746,1.3188709164958312,0.45966,1.0
PBX1,0.81682,1.494949476374079,0.14663899953842163,2.8539086943778735,0.52354,1.0
CACNB2,0.81602,1.489611808418657,-0.24344009353637697,3.062827356062777,0.44352,1.0
SNAPIN,0.81572,1.4876148187564302,0.020954962496757507,1.3006054614311644,0.51404,1.0
APOA1,0.81482,1.4816389049323384,-1.5077883203125,2.8227242157739587,0.23426,1.0
JUNB,0.80916,1.4445612918865847,-0.36437874145507815,1.2401893453290915,0.3351,1.0
ZNF224,0.80826,1.4387435012896808,-0.14172896560668946,2.2158768566998615,0.44806,1.0
SLCO4C1,0.80476,1.416314525302089,1.2962341845703125,2.863977693316384,0.6666,1.0
CIDEC,0.80374,1.4098355230164565,1.43671095703125,2.9960000653490226,0.66992,1.0
AQP10,0.799,1.380056037707199,-0.37826255859375,2.878363588653258,0.43694,1.0
CHTOP,0.79696,1.3674014853588958,0.07724642738342286,1.23865528310137,0.52588,1.0
ANLN,0.79238,1.3393315889628779,0.18357936889648438,2.998004789335412,0.534,1.0
ZNF233,0.78798,1.312792098980172,-0.04753895317077637,3.1262923404460157,0.44008,1.0
SCG3,0.787,1.3069360827079783,1.1176598217773437,2.2266042538478605,0.70746,1.0
MMP24,0.78038,1.267882200367852,-1.1827842138671876,2.267040247524364,0.2618,1.0
BUB1B,0.78002,1.2657829272515826,1.0667364868164062,2.946056419002289,0.67198,1.0
TMSB4X,0.77962,1.2634532924263435,-0.24574941345214843,1.639232870437358,0.42332,1.0
SYTL4,0.77612,1.243196953379913,-0.39012904174804686,2.5366221647233944,0.43776,1.0
ITGB5,0.77506,1.2371067457355862,1.0972272680664064,2.4070181561930064,0.70836,1.0
EIF5,0.77042,1.2106842680495753,-0.16407131805419922,1.2744525621068474,0.44406,1.0
KIR2DL1,0.75084,1.1030973194123275,-0.8961280395507812,2.412379050079428,0.32232,1.0
PMCH,0.75076,1.1026697391120277,0.26049215850830076,3.0542897930686257,0.49182,1.0
PSMB11,0.74988,1.0979723910298933,0.09585936518669129,3.050175482540882,0.52128,1.0
MBOAT4,0.74396,1.0666535876731231,0.2840735900878906,2.320898837555092,0.5291,1.0
SPTA1,0.71934,0.9411901526246276,0.6449546911621094,2.6637000649832436,0.52394,1.0
KIF4A,0.71906,0.9398036800716381,-0.24861185577392578,2.3162441472902087,0.4105,1.0
OPRM1,0.71784,0.9337724170620058,-0.07522081648826599,2.5743297240224665,0.44672,1.0
EGF,0.71208,0.905507600879901,0.07094793860912323,2.1509022596650262,0.48036,1.0
FSTL1,0.7084,0.8876259057741754,0.662654990234375,2.0123937386182607,0.66788,1.0
SLC2A14,0.69562,0.8265266134165509,-0.7170410437011718,2.342264010809933,0.32666,1.0
NPPC,0.69378,0.8178511094919761,0.7658401635742188,2.474544303082714,0.66912,1.0
IL36RN,0.6857,0.7800922704867966,1.69064365234375,2.754865166875647,0.77916,1.0
GYPA,0.65974,0.6621357867580329,-0.13531383731842042,1.698650023904693,0.45602,1.0
MOCOS,0.50956,0.038244660877399896,0.5398192529296875,1.368640771664262,0.71112,1.0
STX1B,0.47852,-0.08597291549187448,-0.23310356994628906,1.4214927116905078,0.37472,1.0
TLR9,4e-05,-10.126591103050316,-0.0015443848752975465,0.012882053759300717,0.4067,1.0
