pathway,n_genes,n_tested,median_member,median_reference,effect,pvalue,qvalue,sign
REACTOME_INTERFERON_ALPHA_BETA_SIGNALING,18,18,3.7485054333496093,-0.003094053955078113,3.7515994873046874,8.443062289612696e-10,6.49058882218391e-07,1
REACTOME_INTERFERON_SIGNALING,49,49,0.5883689102935791,-0.005714446411132806,0.5940833567047119,1.5398787241242966e-09,6.49058882218391e-07,1
REACTOME_CYTOKINE_SIGNALING_IN_IMMUNE_SYSTEM,191,191,0.21319146911621092,-0.011513234558105462,0.2247047036743164,4.464411745167288e-06,0.001254499700392008,1
REACTOME_INTERFERON_GAMMA_SIGNALING,24,24,0.5396490744829178,-0.002368470458984362,0.5420175449419021,0.00014754709161592038,0.03109554955805522,1
REACTOME_HSF1_ACTIVATION,15,15,0.5497124933242797,-0.0018769946289062533,0.551589487953186,0.00036841847550790375,0.06211535497063257,1
REACTOME_CELLULAR_RESPONSE_TO_HEAT_STRESS,33,33,0.3402839390563965,-0.004065523071289073,0.3443494621276856,0.00046589476489522426,0.06545821446777901,1
REACTOME_DISEASES_ASSOCIATED_WITH_GLYCOSAMINOGLYCAN_METABOLISM,7,7,-0.6047604211425781,0.0006406945800781216,-0.6054011157226562,0.0006698504539385368,0.08066913323859806,-1
REACTOME_REGULATION_BY_C_FLIP,6,6,1.0665583340454101,-0.0002479315185546782,1.0668062655639647,0.0008415443664290472,0.08321356432065413,1
REACTOME_ATTENUATION_PHASE,14,14,0.49611039808988566,-0.0013855187988281448,0.4974959168887138,0.0008884010425692611,0.08321356432065413,1
REACTOME_HSF1_DEPENDENT_TRANSACTIVATION,16,16,0.49611039808988566,-0.0013855187988281448,0.4974959168887138,0.0010977932117747548,0.09254396775261182,1
REACTOME_REGULATION_OF_HSF1_MEDIATED_HEAT_SHOCK_RESPONSE,29,29,0.3260966360473633,-0.0035157904052734446,0.3296124264526367,0.0016859132721599025,0.12920226258461798,1
REACTOME_TNF_SIGNALING,9,9,0.4816929895210266,-0.0010074896240234443,0.4827004791450501,0.0030386124250006454,0.1999282635206111,1
REACTOME_INNATE_IMMUNE_SYSTEM,212,212,0.1627489370727539,-0.005652702636718743,0.16840163970947264,0.0030831167565456043,0.1999282635206111,1
REACTOME_A_TETRASACCHARIDE_LINKER_SEQUENCE_IS_REQUIRED_FOR_GAG_SYNTHESIS,6,6,-0.7674871179199219,0.0005810095214843769,-0.7680681274414063,0.0033231144366217954,0.2000989621480124,-1
REACTOME_REGULATED_NECROSIS,15,15,0.681940083618164,-0.0009189358520508006,0.6828590194702149,0.0035678649514660652,0.20051401027239285,1
REACTOME_FORMATION_OF_THE_CORNIFIED_ENVELOPE,8,8,-0.6845802233886717,0.0007003796386718664,-0.6852806030273436,0.004112708378042401,0.20394195074645552,-1
REACTOME_KERATINIZATION,8,8,-0.6845802233886717,0.0007003796386718664,-0.6852806030273436,0.004112708378042401,0.20394195074645552,-1
REACTOME_GLYCOSAMINOGLYCAN_METABOLISM,19,19,-0.2922652502441407,0.002505720214843743,-0.2947709704589844,0.0051940897390183784,0.24325653611069406,-1
REACTOME_ANTIVIRAL_MECHANISM_BY_IFN_STIMULATED_GENES,17,17,0.3260966360473633,-0.0012124865722656364,0.3273091226196289,0.005828328267894984,0.2585937226229196,1
REACTOME_SCAVENGING_BY_CLASS_A_RECEPTORS,5,5,-0.4760922790527344,0.0006406945800781216,-0.47673297363281253,0.006970120207165507,0.2937905667320261,-1
REACTOME_RIPK1_MEDIATED_REGULATED_NECROSIS,11,11,0.6510527954101563,-0.0005551391601562594,0.6516079345703125,0.008430127154462052,0.32302714505506863,1
REACTOME_UB_SPECIFIC_PROCESSING_PROTEASES,33,33,0.3260966360473633,-0.0012124865722656364,0.3273091226196289,0.008136503819378199,0.32302714505506863,1
REACTOME_IRAK4_DEFICIENCY_TLR2_4,6,6,-0.8602300598144531,0.0005810095214843769,-0.8608110693359374,0.008910476094015721,0.32658831944588057,-1
REACTOME_COLLAGEN_FORMATION,16,16,-0.515022410888672,0.0017888568115234094,-0.5168112677001954,0.009445888146679085,0.33178682115210284,-1
REACTOME_TP53_REGULATES_TRANSCRIPTION_OF_DEATH_RECEPTORS_AND_LIGANDS,5,5,0.9084119061279297,-0.00021497039794921013,0.9086268765258789,0.011968081556222941,0.38184176232767875,1
REACTOME_APOPTOSIS,33,33,0.3259908033752441,-0.0010074896240234443,0.3269982929992675,0.012229807334338465,0.38184176232767875,1
REACTOME_DISEASES_OF_METABOLISM,47,47,-0.19296459228515622,0.003312255249023427,-0.19627684753417965,0.011499527557017518,0.38184176232767875,-1
REACTOME_REGULATION_OF_TNFR1_SIGNALING,7,7,0.4816929895210266,-0.0009189358520508006,0.4826119253730774,0.01347822531150716,0.3992592344266431,1
REACTOME_PHASE_II_CONJUGATION_OF_COMPOUNDS,15,15,-0.4628517272949219,0.0012446182250976379,-0.46409634552001955,0.013734896557974673,0.3992592344266431,-1
REACTOME_CYTOSOLIC_SENSORS_OF_PATHOGEN_ASSOCIATED_DNA,13,13,0.3763064483642578,-0.0010074896240234443,0.3773139379882813,0.015835026179491805,0.4329352236318002,1
REACTOME_BIOLOGICAL_OXIDATIONS,27,27,-0.18911357421875002,0.001913116149902333,-0.19102669036865236,0.015920512375546626,0.4329352236318002,-1
REACTOME_MUSCLE_CONTRACTION,27,27,0.4933836837768555,-0.0009189358520508006,0.4943026196289063,0.01644349284831452,0.4331832647227856,1
REACTOME_MRNA_EDITING,5,5,0.9548671704101563,-0.00021497039794921013,0.9550821408081056,0.0202355016367886,0.4373981507644305,1
REACTOME_NUCLEAR_SIGNALING_BY_ERBB4,7,7,-0.6113656115722657,0.00045512390136717706,-0.6118207354736328,0.01834431709435456,0.4373981507644305,-1
REACTOME_HEPARAN_SULFATE_HEPARIN_HS_GAG_METABOLISM,9,9,-0.6047604211425781,0.0006406945800781216,-0.6054011157226562,0.019439493948266152,0.4373981507644305,-1
REACTOME_ACTIVATION_OF_MATRIX_METALLOPROTEINASES,7,7,-0.35293821899414063,0.0006406945800781216,-0.3535789135742188,0.01903971261228395,0.4373981507644305,-1
REACTOME_DEATH_RECEPTOR_SIGNALLING,40,40,0.24561544681549075,-0.002368470458984362,0.2479839172744751,0.018946781704862584,0.4373981507644305,1
REACTOME_CELLULAR_RESPONSES_TO_STIMULI,153,153,0.13590297393798828,-0.005209677429199228,0.1411126513671875,0.018956193506199846,0.4373981507644305,1
REACTOME_SIGNALING_BY_INTERLEUKINS,122,122,0.12285581207275392,-0.004826378173828139,0.12768219024658206,0.02006148060643356,0.4373981507644305,1
REACTOME_CASPASE_ACTIVATION_VIA_EXTRINSIC_APOPTOTIC_SIGNALLING_PATHWAY,10,10,0.9082944940185547,-0.0002479315185546782,0.9085424255371093,0.021550364871398366,0.451736692212763,1
REACTOME_SIGNALING_BY_EGFR_IN_CANCER,7,7,0.5144110819196701,-0.0009189358520508006,0.5153300177717209,0.02197058645400152,0.451736692212763,1
REACTOME_METABOLISM_OF_FAT_SOLUBLE_VITAMINS,7,7,-0.9302138146972656,0.00045512390136717706,-0.9306689385986328,0.026460662061572382,0.45564049424907616,-1
REACTOME_CASPASE_ACTIVATION_VIA_DEATH_RECEPTORS_IN_THE_PRESENCE_OF_LIGAND,7,7,0.9084119061279297,-0.00021497039794921013,0.9086268765258789,0.024900735340700805,0.45564049424907616,1
REACTOME_ERYTHROCYTES_TAKE_UP_CARBON_DIOXIDE_AND_RELEASE_OXYGEN,5,5,0.5993162132263183,-0.0005551391601562594,0.5998713523864746,0.027024940346920295,0.45564049424907616,1
REACTOME_ERYTHROCYTES_TAKE_UP_OXYGEN_AND_RELEASE_CARBON_DIOXIDE,5,5,0.5993162132263183,-0.0005551391601562594,0.5998713523864746,0.027024940346920295,0.45564049424907616,1
REACTOME_INFECTION_WITH_MYCOBACTERIUM_TUBERCULOSIS,6,6,0.5007204176688194,-0.0002479315185546782,0.500968349187374,0.02335152508849816,0.45564049424907616,1
REACTOME_GLUTATHIONE_CONJUGATION,8,8,-0.41807631408691404,0.0005810095214843769,-0.4186573236083984,0.024286903658557367,0.45564049424907616,-1
REACTOME_TNFR1_INDUCED_NFKAPPAB_SIGNALING_PATHWAY,7,7,0.4070977685928345,-0.0009189358520508006,0.40801670444488525,0.026084167420181152,0.45564049424907616,1
REACTOME_NEGATIVE_REGULATION_OF_FLT3,6,6,0.3369210703635216,-0.0008623468017578406,0.33778341716527943,0.02525110377899838,0.45564049424907616,1
REACTOME_DISEASES_OF_GLYCOSYLATION,28,28,-0.21464725585937505,0.0017888568115234094,-0.21643611267089846,0.022771016616576458,0.45564049424907616,-1
REACTOME_TICAM1_RIP1_MEDIATED_IKK_COMPLEX_RECRUITMENT,5,5,0.5114280434036255,-0.0005551391601562594,0.5119831825637817,0.02937011351824111,0.46263066267996367,1
REACTOME_INACTIVATION_OF_CSF3_G_CSF_SIGNALING,5,5,0.49092923867225646,-0.0005551391601562594,0.4914843778324127,0.03011011925021509,0.46263066267996367,1
REACTOME_APOPTOTIC_CLEAVAGE_OF_CELLULAR_PROTEINS,9,9,0.3259908033752441,-0.0005551391601562594,0.32654594253540037,0.028896960157569658,0.46263066267996367,1
REACTOME_PROGRAMMED_CELL_DEATH,38,38,0.27417506019592286,-0.0009755249023437607,0.2751505850982666,0.030183495192642944,0.46263066267996367,1
REACTOME_DEGRADATION_OF_THE_EXTRACELLULAR_MATRIX,24,24,-0.24827604736328124,0.0029740649414062292,-0.25125011230468747,0.028630598227623164,0.46263066267996367,-1
REACTOME_CELLULAR_HEXOSE_TRANSPORT,5,5,-0.38871307983398434,0.0006406945800781216,-0.3893537744140625,0.032358599033256615,0.48711248187563083,-1
REACTOME_STRIATED_MUSCLE_CONTRACTION,6,6,0.6649470336723328,-0.0002479315185546782,0.6651949651908875,0.033019726397395595,0.4883443746141138,1
REACTOME_NUCLEOTIDE_BINDING_DOMAIN_LEUCINE_RICH_REPEAT_CONTAINING_RECEPTOR_NLR_SIGNALING_PATHWAYS,16,16,0.36659720232009885,-0.001039454345703128,0.367636656665802,0.03510783879095997,0.5016255610301569,1
REACTOME_SIGNALING_BY_INSULIN_RECEPTOR,16,16,-0.28257801712036135,0.0005810095214843769,-0.2831590266418457,0.03494637388819265,0.5016255610301569,-1
REACTOME_ABC_TRANSPORTERS_IN_LIPID_HOMEOSTASIS,8,8,-0.3378807556152344,0.0005810095214843769,-0.3384617651367188,0.037297569158403175,0.5240308466755647,-1
REACTOME_DEGRADATION_OF_AXIN,7,7,0.5393225084972382,-0.0005551391601562594,0.5398776476573944,0.0389464055777753,0.5382265557715505,1
REACTOME_AUF1_HNRNP_D0_BINDS_AND_DESTABILIZES_MRNA,7,7,0.5393225084972382,-0.00021497039794921013,0.5395374788951874,0.04518891186220915,0.6046706777752748,1
REACTOME_ASSEMBLY_OF_COLLAGEN_FIBRILS_AND_OTHER_MULTIMERIC_STRUCTURES,11,11,-0.48314234008789064,0.0006406945800781216,-0.4837830346679688,0.0450541232834878,0.6046706777752748,-1
REACTOME_COMPLEMENT_CASCADE,13,13,0.41044660172462466,-0.00021497039794921013,0.41066157212257387,0.047088697869931716,0.6202464422555068,1
REACTOME_CHONDROITIN_SULFATE_DERMATAN_SULFATE_METABOLISM,7,7,-0.6047604211425781,0.00045512390136717706,-0.6052155450439453,0.04956805367797364,0.6236696903064445,-1
REACTOME_SIGNALING_BY_CSF3_G_CSF,6,6,0.40851293735980987,-0.0008623468017578406,0.4093752841615677,0.04936244705235902,0.6236696903064445,1
REACTOME_REGULATION_OF_PTEN_GENE_TRANSCRIPTION,15,15,-0.2852143688964844,0.0012446182250976379,-0.286458987121582,0.049074448647945274,0.6236696903064445,-1
REACTOME_GLUCAGON_SIGNALING_IN_METABOLIC_REGULATION,11,11,0.3178125470924378,-0.0009189358520508006,0.3187314829444886,0.0516940432242048,0.6408540946765389,1
REACTOME_REGULATION_OF_TP53_EXPRESSION_AND_DEGRADATION,6,6,0.48857471572875977,-0.0002479315185546782,0.48882264724731445,0.05296599636690279,0.6471063034391167,1
REACTOME_EPH_EPHRIN_SIGNALING,14,14,-0.36690852783203126,0.0005810095214843769,-0.36748953735351564,0.05560869652617544,0.6549876764668501,-1
REACTOME_COLLAGEN_BIOSYNTHESIS_AND_MODIFYING_ENZYMES,12,12,-0.35836314208984377,0.0007003796386718664,-0.35906352172851563,0.05594200795446406,0.6549876764668501,-1
REACTOME_COPII_MEDIATED_VESICLE_TRANSPORT,10,10,0.2576736734008789,-0.0002479315185546782,0.25792160491943356,0.055767478833051345,0.6549876764668501,1
REACTOME_CONSTITUTIVE_SIGNALING_BY_LIGAND_RESPONSIVE_EGFR_CANCER_VARIANTS,6,6,0.4202538589835167,-0.0008623468017578406,0.42111620578527453,0.0567729038736494,0.6556103830888554,1
REACTOME_INITIAL_TRIGGERING_OF_COMPLEMENT,7,7,0.632798216753006,-0.00021497039794921013,0.6330131871509552,0.06271552312699752,0.6887403789759842,1
REACTOME_CYTOSOLIC_SULFONATION_OF_SMALL_MOLECULES,6,6,-0.49239199462890626,0.0005810095214843769,-0.49297300415039064,0.06540506921487776,0.6887403789759842,-1
REACTOME_SUMOYLATION_OF_TRANSCRIPTION_COFACTORS,14,14,-0.3930659912109375,0.0005810095214843769,-0.39364700073242187,0.06726404808220884,0.6887403789759842,-1
REACTOME_RESPONSE_OF_MTB_TO_PHAGOCYTOSIS,5,5,0.3503880399274826,-0.00021497039794921013,0.3506030103254318,0.06693999474935872,0.6887403789759842,1
REACTOME_CELLULAR_RESPONSE_TO_CHEMICAL_STRESS,24,24,0.32775669845581057,-0.0009755249023437607,0.32873222335815433,0.0673848404902594,0.6887403789759842,1
REACTOME_ERCC6_CSB_AND_EHMT2_G9A_POSITIVELY_REGULATE_RRNA_EXPRESSION,6,6,-0.2837798376464844,0.0005810095214843769,-0.2843608471679688,0.06781192343417163,0.6887403789759842,-1
REACTOME_GLUCAGON_TYPE_LIGAND_RECEPTORS,12,12,0.24793469197273255,-0.0008623468017578406,0.2487970387744904,0.060928878327023955,0.6887403789759842,1
REACTOME_ADORA2B_MEDIATED_ANTI_INFLAMMATORY_CYTOKINES_PRODUCTION,26,26,0.19318754196166993,-0.001039454345703128,0.19422699630737306,0.0649536606727645,0.6887403789759842,1
REACTOME_INTERLEUKIN_3_INTERLEUKIN_5_AND_GM_CSF_SIGNALING,16,16,0.18341523666381834,-0.0009755249023437607,0.1843907615661621,0.06646137199025004,0.6887403789759842,1
REACTOME_SIGNALING_BY_RECEPTOR_TYROSINE_KINASES,112,112,-0.06487678405761715,0.0036504455566406246,-0.06852722961425778,0.06543701579236193,0.6887403789759842,-1
REACTOME_HSP90_CHAPERONE_CYCLE_FOR_STEROID_HORMONE_RECEPTORS_SHR_IN_THE_PRESENCE_OF_LIGAND,12,12,0.27400554401397703,-0.0008623468017578406,0.27486789081573487,0.0687992552730117,0.6904496689898674,1
REACTOME_CYTOPROTECTION_BY_HMOX1,19,19,0.3260966360473633,-0.0009189358520508006,0.3270155718994141,0.07189345143376162,0.7130138771607182,1
REACTOME_INFLAMMASOMES,7,7,0.5381481256484986,-0.0005551391601562594,0.5387032648086548,0.07836140802135694,0.7496483827351744,1
REACTOME_SUMOYLATION_OF_DNA_METHYLATION_PROTEINS,6,6,-0.4070470556640625,0.0005810095214843769,-0.4076280651855469,0.08418163632825605,0.7496483827351744,-1
REACTOME_POSITIVE_EPIGENETIC_REGULATION_OF_RRNA_EXPRESSION,13,13,-0.23783130371093747,0.001913116149902333,-0.2397444198608398,0.07647918149960145,0.7496483827351744,-1
REACTOME_TRANSMISSION_ACROSS_CHEMICAL_SYNAPSES,44,44,0.18974152582168577,-0.003106954345703128,0.1928484801673889,0.08101556456515699,0.7496483827351744,1
REACTOME_NEUTROPHIL_DEGRANULATION,94,94,0.1819139779663086,-0.0013855187988281448,0.18329949676513674,0.07871618878005675,0.7496483827351744,1
REACTOME_COLLAGEN_DEGRADATION,13,13,-0.1601362170410156,0.0012446182250976379,-0.16138083526611324,0.08192639025200184,0.7496483827351744,-1
REACTOME_ANTI_INFLAMMATORY_RESPONSE_FAVOURING_LEISHMANIA_PARASITE_INFECTION,36,36,0.15140750411987303,-0.001039454345703128,0.15244695846557615,0.08087939811277871,0.7496483827351744,1
REACTOME_INSULIN_RECEPTOR_SIGNALLING_CASCADE,11,11,-0.10391738555908209,0.00045512390136717706,-0.10437250946044926,0.08447994823231504,0.7496483827351744,-1
REACTOME_IRS_MEDIATED_SIGNALLING,11,11,-0.10391738555908209,0.00045512390136717706,-0.10437250946044926,0.08447994823231504,0.7496483827351744,-1
REACTOME_SIGNALING_BY_TYPE_1_INSULIN_LIKE_GROWTH_FACTOR_1_RECEPTOR_IGF1R,11,11,-0.10391738555908209,0.00045512390136717706,-0.10437250946044926,0.08447994823231504,0.7496483827351744,-1
REACTOME_TP53_REGULATES_TRANSCRIPTION_OF_GENES_INVOLVED_IN_G2_CELL_CYCLE_ARREST,5,5,-0.4671033166503907,0.00045512390136717706,-0.4675584405517579,0.08589143882885796,0.7542341972159089,-1
REACTOME_GPVI_MEDIATED_ACTIVATION_CASCADE,10,10,-0.30766689208984377,0.0005810095214843769,-0.30824790161132815,0.0895515928886089,0.7664562927367327,-1
REACTOME_HOST_INTERACTIONS_OF_HIV_FACTORS,24,24,0.24168195103943346,-0.001039454345703128,0.2427214053851366,0.09001088135342411,0.7664562927367327,1
REACTOME_LEISHMANIA_INFECTION,55,55,0.12475817138671874,-0.0012124865722656364,0.12597065795898438,0.08927196856109927,0.7664562927367327,1
REACTOME_DEFECTIVE_CFTR_CAUSES_CYSTIC_FIBROSIS,5,5,0.5393225084972382,-0.00021497039794921013,0.5395374788951874,0.09367302388014895,0.78184513991055,1
REACTOME_TRAFFICKING_OF_AMPA_RECEPTORS,5,5,0.27506744901657104,-0.0005551391601562594,0.2756225881767273,0.09312006773390917,0.78184513991055,1
REACTOME_HCMV_LATE_EVENTS,13,13,0.2243483642578125,-0.0010074896240234443,0.22535585388183593,0.09547950436523019,0.7891100213714611,1
REACTOME_CREB1_PHOSPHORYLATION_THROUGH_NMDA_RECEPTOR_MEDIATED_ACTIVATION_OF_RAS_SIGNALING,6,6,0.21690120105028152,-0.0008623468017578406,0.21776354785203936,0.10113346130445283,0.8260329514199192,1
REACTOME_INFLUENZA_INFECTION,23,23,0.12469617614746092,-0.0012124865722656364,0.12590866271972656,0.10190679353223202,0.8260329514199192,1
REACTOME_APOPTOTIC_EXECUTION_PHASE,12,12,0.27417506019592286,-0.0002479315185546782,0.27442299171447754,0.10360594436995532,0.8318077247987842,1
REACTOME_TRYPTOPHAN_CATABOLISM,5,5,0.664523923034668,-0.00021497039794921013,0.6647388934326173,0.10480065733321683,0.8334618314330358,1
REACTOME_REVERSIBLE_HYDRATION_OF_CARBON_DIOXIDE,5,5,0.2624094068908691,-0.0005551391601562594,0.26296454605102537,0.10677162474181964,0.8412007444612519,1
REACTOME_SIGNALING_BY_ERBB2_ECD_MUTANTS,5,5,0.4345111205291748,-0.0005551391601562594,0.43506625968933105,0.10861508559429883,0.8478010847777214,1
REACTOME_UPTAKE_AND_ACTIONS_OF_BACTERIAL_TOXINS,6,6,-0.568263311767578,0.00032923828124997723,-0.568592550048828,0.13485148793683494,0.8768038935905919,-1
REACTOME_INTERLEUKIN_12_SIGNALING,9,9,0.4277612992477417,-0.0005551391601562594,0.42831643840789796,0.1383332358808407,0.8768038935905919,1
REACTOME_ZBP1_DAI_MEDIATED_INDUCTION_OF_TYPE_I_IFNS,5,5,0.3994410871887207,-0.00021497039794921013,0.3996560575866699,0.12033668324083362,0.8768038935905919,1
REACTOME_P75NTR_SIGNALS_VIA_NF_KB,5,5,0.3260966360473633,-0.0005551391601562594,0.32665177520751953,0.13493308420683925,0.8768038935905919,1
REACTOME_SYNTHESIS_OF_IP2_IP_AND_INS_IN_THE_CYTOSOL,5,5,-0.3209557702636719,0.00045512390136717706,-0.3214108941650391,0.12017014377826091,0.8768038935905919,-1
REACTOME_REGULATION_OF_RUNX2_EXPRESSION_AND_ACTIVITY,6,6,0.3159436670303345,-0.0002479315185546782,0.3161915985488892,0.1202280115853741,0.8768038935905919,1
REACTOME_REGULATION_OF_HMOX1_EXPRESSION_AND_ACTIVITY,6,6,0.30904004878997804,-0.0002479315185546782,0.3092879803085327,0.12219837144203967,0.8768038935905919,1
REACTOME_TBC_RABGAPS,7,7,-0.2986802746582032,0.00016461914062498861,-0.29884489379882817,0.13109685052864742,0.8768038935905919,-1
REACTOME_CARGO_CONCENTRATION_IN_THE_ER,5,5,0.27756107910156247,-9.100463867187103e-05,0.2776520837402343,0.1382194447100048,0.8768038935905919,1
REACTOME_PEPTIDE_LIGAND_BINDING_RECEPTORS,56,56,0.2570349840736389,-0.0008623468017578406,0.25789733087539674,0.12498215753938867,0.8768038935905919,1
REACTOME_PEPTIDE_HORMONE_METABOLISM,12,12,0.2492495266342163,-0.0008623468017578406,0.25011187343597413,0.12478261460734251,0.8768038935905919,1
REACTOME_COMPLEX_I_BIOGENESIS,9,9,-0.2404068566894531,0.0006406945800781216,-0.24104755126953123,0.13133238254660284,0.8768038935905919,-1
REACTOME_RNA_POLYMERASE_III_TRANSCRIPTION_INITIATION_FROM_TYPE_3_PROMOTER,10,10,0.2134199879837036,-0.0002479315185546782,0.21366791950225827,0.1268723395784939,0.8768038935905919,1
REACTOME_RND3_GTPASE_CYCLE,8,8,0.20215653614044188,-0.0008623468017578406,0.20301888294219972,0.13675259555286381,0.8768038935905919,1
REACTOME_INTEGRIN_CELL_SURFACE_INTERACTIONS,18,18,-0.19862171569824216,0.0017888568115234094,-0.20041057250976557,0.13187363609311675,0.8768038935905919,-1
REACTOME_RESPIRATORY_ELECTRON_TRANSPORT,15,15,-0.19894669799804693,0.0012446182250976379,-0.20019131622314457,0.13076558609057945,0.8768038935905919,-1
REACTOME_RESPIRATORY_ELECTRON_TRANSPORT_ATP_SYNTHESIS_BY_CHEMIOSMOTIC_COUPLING_AND_HEAT_PRODUCTION_BY_UNCOUPLING_PROTEINS,15,15,-0.19894669799804693,0.0012446182250976379,-0.20019131622314457,0.13076558609057945,0.8768038935905919,-1
REACTOME_DEPOLYMERISATION_OF_THE_NUCLEAR_LAMINA,6,6,0.1796599101638794,-0.0002479315185546782,0.17990784168243407,0.13732668419564784,0.8768038935905919,1
REACTOME_FANCONI_ANEMIA_PATHWAY,11,11,0.17522728302001955,-0.00021497039794921013,0.17544225341796876,0.11786916298534529,0.8768038935905919,1
REACTOME_NEUROTRANSMITTER_RECEPTORS_AND_POSTSYNAPTIC_SIGNAL_TRANSMISSION,35,35,0.15429903274536133,-0.0018769946289062533,0.15617602737426758,0.11994045522223358,0.8768038935905919,1
REACTOME_EXTRACELLULAR_MATRIX_ORGANIZATION,54,54,-0.11109274414062498,0.0029740649414062292,-0.1140668090820312,0.11469483083241856,0.8768038935905919,-1
REACTOME_NUCLEAR_ENVELOPE_BREAKDOWN,15,15,0.11191467834472657,-0.0010074896240234443,0.11292216796875001,0.13323883045023205,0.8768038935905919,1
REACTOME_METABOLISM_OF_CARBOHYDRATES,55,55,-0.09397664428710933,0.001913116149902333,-0.09588976043701167,0.1214412865804833,0.8768038935905919,-1
REACTOME_INFECTIOUS_DISEASE,158,158,0.07112551818847654,-0.003924626464843761,0.0750501446533203,0.133429464556127,0.8768038935905919,1
REACTOME_MITOTIC_METAPHASE_AND_ANAPHASE,54,54,0.05254487060546875,-0.001039454345703128,0.05358432495117188,0.1314581081440263,0.8768038935905919,1
REACTOME_DEFECTS_OF_CONTACT_ACTIVATION_SYSTEM_CAS_AND_KALLIKREIN_KININ_SYSTEM_KKS,5,5,-0.6722072741699219,0.00016461914062498861,-0.6723718933105469,0.1463014837103555,0.890113687950449,-1
REACTOME_REGULATION_OF_PTEN_STABILITY_AND_ACTIVITY,8,8,0.4327095722723007,-0.0002479315185546782,0.4329575037908554,0.15323736943483757,0.890113687950449,1
REACTOME_INTERLEUKIN_2_SIGNALING,6,6,0.4212743651080132,-0.0002479315185546782,0.42152229662656787,0.1570466364530128,0.890113687950449,1
REACTOME_MOLECULES_ASSOCIATED_WITH_ELASTIC_FIBRES,6,6,0.4165515173339844,-0.0002479315185546782,0.41679944885253906,0.15906934604047152,0.890113687950449,1
REACTOME_THE_NLRP3_INFLAMMASOME,6,6,0.4150657935905457,-0.0002479315185546782,0.41531372510910036,0.1530566984920781,0.890113687950449,1
REACTOME_INTRINSIC_PATHWAY_FOR_APOPTOSIS,10,10,0.3389186911392212,-0.00018200927734374206,0.3391007004165649,0.14440673943548313,0.890113687950449,1
REACTOME_CHEMOKINE_RECEPTORS_BIND_CHEMOKINES,35,35,0.32265929218292233,-0.00021497039794921013,0.32287426258087154,0.15277431847712836,0.890113687950449,1
REACTOME_MAPK6_MAPK4_SIGNALING,17,17,0.24222039001464843,-0.0005551391601562594,0.2427755291748047,0.14155269854488725,0.890113687950449,1
REACTOME_APC_C_MEDIATED_DEGRADATION_OF_CELL_CYCLE_PROTEINS,14,14,0.20667003846406934,-0.0002479315185546782,0.20691796998262402,0.15532991342969418,0.890113687950449,1
REACTOME_INTERLEUKIN_7_SIGNALING,6,6,0.20006223623275757,-0.0002479315185546782,0.20031016775131225,0.15943910661983132,0.890113687950449,1
REACTOME_ASSEMBLY_AND_CELL_SURFACE_PRESENTATION_OF_NMDA_RECEPTORS,7,7,0.18836763629913328,-0.0005551391601562594,0.18892277545928954,0.1512334973341627,0.890113687950449,1
REACTOME_ACTIVATION_OF_THE_MRNA_UPON_BINDING_OF_THE_CAP_BINDING_COMPLEX_AND_EIFS_AND_SUBSEQUENT_BINDING_TO_43S,6,6,-0.179343779296875,0.0005810095214843769,-0.17992478881835938,0.1577800208074051,0.890113687950449,-1
REACTOME_RNA_POLYMERASE_I_TRANSCRIPTION,15,15,-0.17816653930664067,0.0012446182250976379,-0.1794111575317383,0.14873691884780046,0.890113687950449,-1
REACTOME_RNA_POLYMERASE_I_TRANSCRIPTION_INITIATION,15,15,-0.17816653930664067,0.0012446182250976379,-0.1794111575317383,0.14873691884780046,0.890113687950449,-1
REACTOME_C_TYPE_LECTIN_RECEPTORS_CLRS,26,26,0.1550300942134857,-0.0008623468017578406,0.15589244101524355,0.15400293252718042,0.890113687950449,1
REACTOME_TP53_REGULATES_TRANSCRIPTION_OF_CELL_CYCLE_GENES,14,14,-0.15096811737060545,0.00032923828124997723,-0.15129735565185543,0.15943018284096133,0.890113687950449,-1
REACTOME_ER_TO_GOLGI_ANTEROGRADE_TRANSPORT,24,24,0.08279041908264159,-0.00018200927734374206,0.08297242835998533,0.15814644251723442,0.890113687950449,1
REACTOME_GLUCAGON_LIKE_PEPTIDE_1_GLP1_REGULATES_INSULIN_SECRETION,15,15,0.08132080566406247,-0.0005551391601562594,0.08187594482421873,0.1459376775169905,0.890113687950449,1
REACTOME_LONG_TERM_POTENTIATION,5,5,0.18836763629913328,-0.00021497039794921013,0.1885826066970825,0.1609873403578991,0.892844262642822,1
REACTOME_EPH_EPHRIN_MEDIATED_REPULSION_OF_CELLS,8,8,-0.36690852783203126,0.00032923828124997723,-0.36723776611328124,0.1620843000781341,0.8930527121952094,-1
REACTOME_COSTIMULATION_BY_THE_CD28_FAMILY,25,25,0.11661950195312498,-0.0009189358520508006,0.11753843780517578,0.16525650233989875,0.8945867508968229,1
REACTOME_RAS_ACTIVATION_UPON_CA2_INFLUX_THROUGH_NMDA_RECEPTOR,5,5,0.0502548455810547,-0.0005551391601562594,0.050809984741210956,0.16554630265706333,0.8945867508968229,1
REACTOME_DOWNSTREAM_SIGNAL_TRANSDUCTION,10,10,0.018081314392089848,-0.0008623468017578406,0.01894366119384769,0.16345590510914854,0.8945867508968229,1
REACTOME_RUNX1_AND_FOXP3_CONTROL_THE_DEVELOPMENT_OF_REGULATORY_T_LYMPHOCYTES_TREGS,7,7,0.4741507545566559,-0.00021497039794921013,0.4743657249546051,0.19216106937996963,0.9172814227062266,1
REACTOME_DOWNSTREAM_SIGNALING_OF_ACTIVATED_FGFR1,6,6,-0.41196578063964845,0.0,-0.41196578063964845,0.19358210221670108,0.9172814227062266,-1
REACTOME_RNA_POLYMERASE_III_CHAIN_ELONGATION,5,5,0.3763064483642578,-0.00021497039794921013,0.376521418762207,0.18900902568589759,0.9172814227062266,1
REACTOME_RNA_POLYMERASE_III_TRANSCRIPTION_TERMINATION,5,5,0.3763064483642578,-0.00021497039794921013,0.376521418762207,0.18900902568589759,0.9172814227062266,1
REACTOME_DISEASES_OF_IMMUNE_SYSTEM,10,10,-0.336378701171875,0.00032923828124997723,-0.336707939453125,0.17441067246776965,0.9172814227062266,-1
REACTOME_STABILIZATION_OF_P53,5,5,0.3260966360473633,-0.00021497039794921013,0.3263116064453125,0.1802071141740677,0.9172814227062266,1
REACTOME_G_BETA_GAMMA_SIGNALLING_THROUGH_PI3KGAMMA,9,9,0.3178125470924378,-0.0005551391601562594,0.31836768625259404,0.182563214521815,0.9172814227062266,1
REACTOME_G_PROTEIN_ACTIVATION,9,9,0.3178125470924378,-0.0005551391601562594,0.31836768625259404,0.1900145894287918,0.9172814227062266,1
REACTOME_RHOH_GTPASE_CYCLE,5,5,-0.24910516967773438,0.00045512390136717706,-0.24956029357910156,0.17843726021237002,0.9172814227062266,-1
REACTOME_HDACS_DEACETYLATE_HISTONES,12,12,-0.23374495422363278,0.0005810095214843769,-0.23432596374511716,0.17639677130157583,0.9172814227062266,-1
REACTOME_COOPERATION_OF_PDCL_PHLP1_AND_TRIC_CCT_IN_G_PROTEIN_BETA_FOLDING,11,11,0.21319146911621092,-0.0005551391601562594,0.21374660827636718,0.1969489175680036,0.9172814227062266,1
REACTOME_RESPONSE_TO_ELEVATED_PLATELET_CYTOSOLIC_CA2,38,38,0.20503118286132813,-0.001039454345703128,0.20607063720703125,0.19685113276040878,0.9172814227062266,1
REACTOME_INTERLEUKIN_1_FAMILY_SIGNALING,29,29,0.19141067596435546,-0.0005551391601562594,0.19196581512451172,0.18202792530272638,0.9172814227062266,1
REACTOME_RND1_GTPASE_CYCLE,8,8,0.18461400409698486,-0.0002479315185546782,0.18486193561553954,0.19558811430236256,0.9172814227062266,1
REACTOME_TRANSCRIPTIONAL_REGULATION_OF_WHITE_ADIPOCYTE_DIFFERENTIATION,22,22,0.1624551724243164,-0.0008623468017578406,0.16331751922607424,0.17915251378981745,0.9172814227062266,1
REACTOME_ACTIVATION_OF_NMDA_RECEPTORS_AND_POSTSYNAPTIC_EVENTS,17,17,0.15429903274536133,-0.0010074896240234443,0.15530652236938478,0.18405457716787932,0.9172814227062266,1
REACTOME_DAG_AND_IP3_SIGNALING,8,8,0.13621811050415036,-0.00018200927734374206,0.1364001197814941,0.17213596474136256,0.9172814227062266,1
REACTOME_DNA_DAMAGE_BYPASS,16,16,0.13243372589111327,-0.0002479315185546782,0.13268165740966795,0.1838447520126737,0.9172814227062266,1
REACTOME_SIGNALING_BY_ALK_IN_CANCER,10,10,0.09612842498779295,-0.0008623468017578406,0.09699077178955079,0.18969835288274917,0.9172814227062266,1
REACTOME_G_ALPHA_I_SIGNALLING_EVENTS,79,79,0.0726802697753906,-0.0009189358520508006,0.0735992056274414,0.17924143911943125,0.9172814227062266,1
REACTOME_ACTIVATION_OF_KAINATE_RECEPTORS_UPON_GLUTAMATE_BINDING,11,11,0.0726802697753906,-0.0005551391601562594,0.07323540893554686,0.1726894433369982,0.9172814227062266,1
REACTOME_GPCR_LIGAND_BINDING,92,92,0.06644592926025389,-0.001039454345703128,0.06748538360595702,0.1965552037325753,0.9172814227062266,1
REACTOME_DISEASES_OF_SIGNAL_TRANSDUCTION_BY_GROWTH_FACTOR_RECEPTORS_AND_SECOND_MESSENGERS,85,85,0.04073383728027341,-0.0012124865722656364,0.04194632385253905,0.18973725286930698,0.9172814227062266,1
REACTOME_INTERLEUKIN_RECEPTOR_SHC_SIGNALING,9,9,0.04073383728027341,-0.00021497039794921013,0.04094880767822262,0.19476269785370826,0.9172814227062266,1
REACTOME_METABOLISM_OF_AMINO_ACIDS_AND_DERIVATIVES,58,58,0.02905374694824217,-0.0008623468017578406,0.02991609375000001,0.1965434697778602,0.9172814227062266,1
REACTOME_BILE_ACID_AND_BILE_SALT_METABOLISM,6,6,0.7436553495764733,-0.00018200927734374206,0.743837358853817,0.2097316015804289,0.9341649879381451,1
REACTOME_SYNTHESIS_OF_BILE_ACIDS_AND_BILE_SALTS,6,6,0.7436553495764733,-0.00018200927734374206,0.743837358853817,0.2097316015804289,0.9341649879381451,1
REACTOME_NOD1_2_SIGNALING_PATHWAY,9,9,0.3260966360473633,-0.0005551391601562594,0.32665177520751953,0.21025107235218266,0.9341649879381451,1
REACTOME_REGULATION_OF_MRNA_STABILITY_BY_PROTEINS_THAT_BIND_AU_RICH_ELEMENTS,11,11,0.3260966360473633,-0.00021497039794921013,0.3263116064453125,0.21136904548625535,0.9341649879381451,1
REACTOME_MTOR_SIGNALLING,7,7,-0.25710329589843756,0.00045512390136717706,-0.25755841979980476,0.211736500866937,0.9341649879381451,-1
REACTOME_COLLAGEN_CHAIN_TRIMERIZATION,8,8,-0.19686008056640625,0.0005810095214843769,-0.19744109008789062,0.20344060167585679,0.9341649879381451,-1
REACTOME_CA_DEPENDENT_EVENTS,5,5,0.19111541534423826,-0.00021497039794921013,0.19133038574218747,0.20239732028343058,0.9341649879381451,1
REACTOME_NS1_MEDIATED_EFFECTS_ON_HOST_PATHWAYS,12,12,0.1641531608581543,-0.0002479315185546782,0.16440109237670897,0.21119942776075207,0.9341649879381451,1
REACTOME_TERMINATION_OF_TRANSLESION_DNA_SYNTHESIS,12,12,0.13243372589111327,-0.0002479315185546782,0.13268165740966795,0.21214475968797308,0.9341649879381451,1
REACTOME_SEPARATION_OF_SISTER_CHROMATIDS,44,44,0.052282611389160155,-0.0008623468017578406,0.053144958190917996,0.21143261392235702,0.9341649879381451,1
REACTOME_M_PHASE,88,88,0.048970191650390626,-0.0013855187988281448,0.05035571044921877,0.21276355597167718,0.9341649879381451,1
REACTOME_ADRENALINE_NORADRENALINE_INHIBITS_INSULIN_SECRETION,9,9,0.2000230497741699,-0.0005551391601562594,0.20057818893432616,0.23064684536314362,0.9364619189531163,1
REACTOME_G_PROTEIN_BETA_GAMMA_SIGNALLING,10,10,0.1952464084339142,-0.0002479315185546782,0.19549433995246887,0.22589281072488077,0.9364619189531163,1
REACTOME_UCH_PROTEINASES,18,18,-0.1869515447998047,0.0007003796386718664,-0.18765192443847656,0.22070067087917955,0.9364619189531163,-1
REACTOME_ADVANCED_GLYCOSYLATION_ENDPRODUCT_RECEPTOR_SIGNALING,5,5,-0.1783294458007813,0.00045512390136717706,-0.17878456970214848,0.23054658094625471,0.9364619189531163,-1
REACTOME_RECOGNITION_OF_DNA_DAMAGE_BY_PCNA_CONTAINING_REPLICATION_COMPLEX,13,13,0.16821026123046873,-0.0005551391601562594,0.168765400390625,0.22070141438350255,0.9364619189531163,1
REACTOME_EXPORT_OF_VIRAL_RIBONUCLEOPROTEINS_FROM_NUCLEUS,10,10,0.1641531608581543,-0.0002479315185546782,0.16440109237670897,0.2304443265040984,0.9364619189531163,1
REACTOME_NR1H3_NR1H2_REGULATE_GENE_EXPRESSION_LINKED_TO_CHOLESTEROL_TRANSPORT_AND_EFFLUX,11,11,-0.16314256347656247,0.00016461914062498861,-0.16330718261718746,0.22636475204779627,0.9364619189531163,-1
REACTOME_BMAL1_CLOCK_NPAS2_ACTIVATES_CIRCADIAN_GENE_EXPRESSION,7,7,-0.14953503906250004,0.00045512390136717706,-0.14999016296386722,0.22256239674091677,0.9364619189531163,-1
REACTOME_PROTEIN_PROTEIN_INTERACTIONS_AT_SYNAPSES,9,9,-0.1413336975097656,0.00045512390136717706,-0.14178882141113278,0.22910371190652945,0.9364619189531163,-1
REACTOME_HATS_ACETYLATE_HISTONES,26,26,-0.13967977844238283,0.0005810095214843769,-0.1402607879638672,0.21475012254352244,0.9364619189531163,-1
REACTOME_GLOBAL_GENOME_NUCLEOTIDE_EXCISION_REPAIR_GG_NER,31,31,-0.12750796874999998,0.0012446182250976379,-0.12875258697509762,0.22337782718455013,0.9364619189531163,-1
REACTOME_HIV_INFECTION,44,44,0.10290770843505859,-0.001039454345703128,0.10394716278076171,0.22741336965393621,0.9364619189531163,1
REACTOME_ANTIGEN_ACTIVATES_B_CELL_RECEPTOR_BCR_LEADING_TO_GENERATION_OF_SECOND_MESSENGERS,12,12,-0.0817752911376953,0.0005810095214843769,-0.08235630065917968,0.23102538312933407,0.9364619189531163,-1
REACTOME_OPIOID_SIGNALLING,22,22,0.07700053771972654,-0.0002479315185546782,0.07724846923828121,0.22102404171476686,0.9364619189531163,1
REACTOME_TP53_REGULATES_TRANSCRIPTION_OF_CELL_DEATH_GENES,11,11,0.06349416503906252,-9.100463867187103e-05,0.0635851696777344,0.231060592102311,0.9364619189531163,1
REACTOME_SUMOYLATION_OF_DNA_DAMAGE_RESPONSE_AND_REPAIR_PROTEINS,26,26,-0.0318843051147461,0.00032923828124997723,-0.03221354339599608,0.21989276473096642,0.9364619189531163,-1
REACTOME_INSULIN_RECEPTOR_RECYCLING,5,5,-0.47042790161132814,0.00016461914062498861,-0.4705925207519531,0.23503536896614804,0.9390275641633309,-1
REACTOME_STIMULI_SENSING_CHANNELS,11,11,0.3260966360473633,-0.00021497039794921013,0.3263116064453125,0.2329934197095298,0.9390275641633309,1
REACTOME_CELL_CYCLE_MITOTIC,136,136,0.048970191650390626,-0.002368470458984362,0.05133866210937499,0.23478157258560584,0.9390275641633309,1
REACTOME_REGULATION_OF_SIGNALING_BY_CBL,9,9,0.04073383728027341,-0.0005551391601562594,0.04128897644042967,0.2366962251201854,0.9412024423411146,1
REACTOME_PLASMA_LIPOPROTEIN_CLEARANCE,7,7,-0.7990524157714842,0.00016461914062498861,-0.7992170349121093,0.25680968071969895,0.9491121793658355,-1
REACTOME_PLASMA_LIPOPROTEIN_REMODELING,6,6,-0.3643034899902344,0.00032923828124997723,-0.36463272827148435,0.2623287518294658,0.9491121793658355,-1
REACTOME_PLASMA_LIPOPROTEIN_ASSEMBLY_REMODELING_AND_CLEARANCE,11,11,-0.3522186413574219,0.00045512390136717706,-0.35267376525878913,0.25220792367425726,0.9491121793658355,-1
REACTOME_ASSEMBLY_OF_THE_HIV_VIRION,5,5,0.3260966360473633,-0.00021497039794921013,0.3263116064453125,0.25496518486397435,0.9491121793658355,1
REACTOME_INTERLEUKIN_10_SIGNALING,19,19,0.32265929218292233,-9.100463867187103e-05,0.3227502968215942,0.2615806286747089,0.9491121793658355,1
REACTOME_MATURATION_OF_SARS_COV_2_SPIKE_PROTEIN,10,10,-0.2329562683105469,0.0007003796386718664,-0.23365664794921875,0.2469830873338612,0.9491121793658355,-1
REACTOME_DNA_DAMAGE_RECOGNITION_IN_GG_NER,17,17,-0.17079971801757815,0.0006406945800781216,-0.17144041259765627,0.2548997948978645,0.9491121793658355,-1
REACTOME_SIGNAL_AMPLIFICATION,9,9,0.15582051773071287,-0.0005551391601562594,0.15637565689086913,0.24365998158119673,0.9491121793658355,1
REACTOME_THROMBOXANE_SIGNALLING_THROUGH_TP_RECEPTOR,9,9,0.15582051773071287,-0.0005551391601562594,0.15637565689086913,0.24365998158119673,0.9491121793658355,1
REACTOME_NUCLEAR_ENVELOPE_NE_REASSEMBLY,15,15,0.15429903274536133,-0.0009189358520508006,0.15521796859741213,0.24909690871799695,0.9491121793658355,1
REACTOME_FACTORS_INVOLVED_IN_MEGAKARYOCYTE_DEVELOPMENT_AND_PLATELET_PRODUCTION,37,37,0.14617119293212888,-0.00021497039794921013,0.1463861633300781,0.2455998916565728,0.9491121793658355,1
REACTOME_SUMOYLATION_OF_DNA_REPLICATION_PROTEINS,12,12,0.14006246978759765,-0.0009755249023437607,0.1410379946899414,0.2606213923238362,0.9491121793658355,1
REACTOME_SLC_MEDIATED_TRANSMEMBRANE_TRANSPORT,36,36,-0.12604455688476562,0.0017888568115234094,-0.12783341369628903,0.2589556882758097,0.9491121793658355,-1
REACTOME_NUCLEOTIDE_EXCISION_REPAIR,37,37,-0.10771596435546876,0.0012446182250976379,-0.1089605825805664,0.24680547782688622,0.9491121793658355,-1
REACTOME_RAB_REGULATION_OF_TRAFFICKING,25,25,-0.09690817993164064,0.00045512390136717706,-0.09736330383300781,0.2561178292115639,0.9491121793658355,-1
REACTOME_TRANSLESION_SYNTHESIS_BY_Y_FAMILY_DNA_POLYMERASES_BYPASSES_LESIONS_ON_DNA_TEMPLATE,13,13,0.09665719055175781,-0.00021497039794921013,0.09687216094970702,0.24990981996185102,0.9491121793658355,1
REACTOME_RND2_GTPASE_CYCLE,7,7,0.09470867187499998,-0.0005551391601562594,0.09526381103515624,0.25704751786082447,0.9491121793658355,1
REACTOME_SIGNALING_BY_MET,10,10,0.09330407165527344,-0.0008623468017578406,0.09416641845703128,0.24277247642778554,0.9491121793658355,1
REACTOME_MITOCHONDRIAL_PROTEIN_IMPORT,15,15,0.0335872998046875,-0.00021497039794921013,0.03380227020263671,0.25516412245603026,0.9491121793658355,1
REACTOME_MAPK_FAMILY_SIGNALING_CASCADES,70,70,0.009364071960449222,-0.00018200927734374206,0.009546081237792964,0.260955144870341,0.9491121793658355,1
REACTOME_SIGNALING_BY_ERBB4,14,14,0.009109044799804678,-0.00018200927734374206,0.00929105407714842,0.25927514967943177,0.9491121793658355,1
REACTOME_VEGFR2_MEDIATED_VASCULAR_PERMEABILITY,5,5,0.8681362799072265,-9.100463867187103e-05,0.8682272845458984,0.2992750777512693,0.9509669930028671,1
REACTOME_SMOOTH_MUSCLE_CONTRACTION,7,7,0.7904028295898438,-9.100463867187103e-05,0.7904938342285156,0.27207898127482544,0.9509669930028671,1
REACTOME_GENE_AND_PROTEIN_EXPRESSION_BY_JAK_STAT_SIGNALING_AFTER_INTERLEUKIN_12_STIMULATION,7,7,0.4277612992477417,-0.00021497039794921013,0.4279762696456909,0.2959439198239998,0.9509669930028671,1
REACTOME_EPHB_MEDIATED_FORWARD_SIGNALING,6,6,-0.36690852783203126,0.00032923828124997723,-0.36723776611328124,0.2970849369819946,0.9509669930028671,-1
REACTOME_MAP3K8_TPL2_DEPENDENT_MAPK1_3_ACTIVATION,5,5,0.3260966360473633,-0.00021497039794921013,0.3263116064453125,0.2777366543872606,0.9509669930028671,1
REACTOME_DISEASES_ASSOCIATED_WITH_GLYCOSYLATION_PRECURSOR_BIOSYNTHESIS,6,6,-0.2704041015625,0.00032923828124997723,-0.27073333984375,0.27423004413660895,0.9509669930028671,-1
REACTOME_TRANSCRIPTIONAL_REGULATION_BY_THE_AP_2_TFAP2_FAMILY_OF_TRANSCRIPTION_FACTORS,10,10,0.2668498229598999,-0.0008623468017578406,0.26771216976165774,0.29865606053830074,0.9509669930028671,1
REACTOME_MITOCHONDRIAL_BIOGENESIS,16,16,0.24789013776302338,-0.0008623468017578406,0.24875248456478122,0.30006787679568525,0.9509669930028671,1
REACTOME_DECTIN_2_FAMILY,5,5,0.24730506019592285,-0.00021497039794921013,0.24752003059387206,0.27566821054858837,0.9509669930028671,1
REACTOME_POSTMITOTIC_NUCLEAR_PORE_COMPLEX_NPC_REFORMATION,7,7,0.21639164337158204,-0.0005551391601562594,0.2169467825317383,0.2858849643904707,0.9509669930028671,1
REACTOME_NETRIN_1_SIGNALING,13,13,0.20337269256591797,-0.0005551391601562594,0.20392783172607423,0.27292945937621094,0.9509669930028671,1
REACTOME_ADP_SIGNALLING_THROUGH_P2Y_PURINOCEPTOR_1,8,8,0.1952464084339142,-0.0002479315185546782,0.19549433995246887,0.2831524211907674,0.9509669930028671,1
REACTOME_ADP_SIGNALLING_THROUGH_P2Y_PURINOCEPTOR_12,8,8,0.1952464084339142,-0.0002479315185546782,0.19549433995246887,0.2831524211907674,0.9509669930028671,1
REACTOME_G_BETA_GAMMA_SIGNALLING_THROUGH_CDC42,8,8,0.1952464084339142,-0.0002479315185546782,0.19549433995246887,0.2831524211907674,0.9509669930028671,1
REACTOME_PROSTACYCLIN_SIGNALLING_THROUGH_PROSTACYCLIN_RECEPTOR,8,8,0.1952464084339142,-0.0002479315185546782,0.19549433995246887,0.2831524211907674,0.9509669930028671,1
REACTOME_REGULATION_OF_INSULIN_LIKE_GROWTH_FACTOR_IGF_TRANSPORT_AND_UPTAKE_BY_INSULIN_LIKE_GROWTH_FACTOR_BINDING_PROTEINS_IGFBPS,24,24,0.17924015666961668,-0.00018200927734374206,0.17942216594696042,0.28672538369616185,0.9509669930028671,1
REACTOME_DDX58_IFIH1_MEDIATED_INDUCTION_OF_INTERFERON_ALPHA_BETA,22,22,0.17721118728637694,-0.0002479315185546782,0.17745911880493162,0.2648117113236128,0.9509669930028671,1
REACTOME_SIGNALING_BY_FGFR3,8,8,0.17688133499145509,-0.0002479315185546782,0.17712926651000976,0.28125993275221794,0.9509669930028671,1
REACTOME_TRAF6_MEDIATED_NF_KB_ACTIVATION,8,8,-0.16980018432617183,0.00032923828124997723,-0.1701294226074218,0.3000648470954618,0.9509669930028671,-1
REACTOME_TRANSCRIPTIONAL_REGULATION_OF_GRANULOPOIESIS,13,13,0.12937199462890625,-0.00021497039794921013,0.12958696502685546,0.27076235379448765,0.9509669930028671,1
REACTOME_FCERI_MEDIATED_NF_KB_ACTIVATION,13,13,0.12698232910156249,-0.0005551391601562594,0.12753746826171874,0.27729918339177784,0.9509669930028671,1
REACTOME_CLASS_B_2_SECRETIN_FAMILY_RECEPTORS,18,18,0.12536855331420896,-0.0002479315185546782,0.12561648483276364,0.29049572969085125,0.9509669930028671,1
REACTOME_THE_CITRIC_ACID_TCA_CYCLE_AND_RESPIRATORY_ELECTRON_TRANSPORT,28,28,-0.11696113891601567,0.0007003796386718664,-0.11766151855468754,0.29151884366513836,0.9509669930028671,-1
REACTOME_CARBOXYTERMINAL_POST_TRANSLATIONAL_MODIFICATIONS_OF_TUBULIN,9,9,-0.10148299316406245,0.00016461914062498861,-0.10164761230468744,0.28107603807206216,0.9509669930028671,-1
REACTOME_PROCESSING_OF_CAPPED_INTRON_CONTAINING_PRE_MRNA,56,56,0.09552694885253907,-0.003924626464843761,0.09945157531738283,0.29864777588730196,0.9509669930028671,1
REACTOME_SIGNALLING_TO_ERKS,5,5,-0.07207338989257811,0.00016461914062498861,-0.0722380090332031,0.2921864667763701,0.9509669930028671,-1
REACTOME_CA2_PATHWAY,23,23,0.0578621856689453,-0.0005551391601562594,0.05841732482910156,0.29302026631667055,0.9509669930028671,1
REACTOME_DNA_STRAND_ELONGATION,14,14,-0.04766492553710941,0.0005810095214843769,-0.048245935058593786,0.2721246851497361,0.9509669930028671,-1
REACTOME_FLT3_SIGNALING_IN_DISEASE,12,12,0.045894002685546886,-0.0009755249023437607,0.04686952758789065,0.2985101487299503,0.9509669930028671,1
REACTOME_CLASS_A_1_RHODOPSIN_LIKE_RECEPTORS,74,74,0.044422828674316406,-0.0008623468017578406,0.045285175476074246,0.29033941395149376,0.9509669930028671,1
REACTOME_SENSORY_PERCEPTION,33,33,-0.03525047851562502,0.00045512390136717706,-0.035705602416992194,0.28438612918158923,0.9509669930028671,-1
REACTOME_ADAPTIVE_IMMUNE_SYSTEM,196,196,0.028191141357421873,-0.0013855187988281448,0.029576660156250018,0.28413116466482913,0.9509669930028671,1
REACTOME_CELL_CYCLE,176,176,0.020393583374023416,-0.002368470458984362,0.022762053833007778,0.2810799635123523,0.9509669930028671,1
REACTOME_FERTILIZATION,5,5,-0.6560351623535157,0.00016461914062498861,-0.6561997814941407,0.30963211666615487,0.9553108568525925,-1
REACTOME_SYNTHESIS_OF_ACTIVE_UBIQUITIN_ROLES_OF_E1_AND_E2_ENZYMES,7,7,0.2715163241577149,-0.00021497039794921013,0.2717312945556641,0.30889898653102027,0.9553108568525925,1
REACTOME_SYNAPTIC_ADHESION_LIKE_MOLECULES,5,5,-0.24611412475585942,0.00016461914062498861,-0.2462787438964844,0.30899816523919793,0.9553108568525925,-1
REACTOME_DEGRADATION_OF_BETA_CATENIN_BY_THE_DESTRUCTION_COMPLEX,12,12,0.19516122701644897,-0.0002479315185546782,0.19540915853500365,0.30924693167667006,0.9553108568525925,1
REACTOME_FGFR2_MUTANT_RECEPTOR_ACTIVATION,6,6,-0.14520293212890625,0.0,-0.14520293212890625,0.313167608322712,0.9553108568525925,-1
REACTOME_PROTEIN_UBIQUITINATION,19,19,0.13762061767578126,-0.0005551391601562594,0.13817575683593752,0.3142054890764362,0.9553108568525925,1
REACTOME_GAP_FILLING_DNA_REPAIR_SYNTHESIS_AND_LIGATION_IN_GG_NER,10,10,0.13243372589111327,-0.0002479315185546782,0.13268165740966795,0.304171888617622,0.9553108568525925,1
REACTOME_DOWNSTREAM_SIGNALING_EVENTS_OF_B_CELL_RECEPTOR_BCR,12,12,0.07388561187744139,-0.0002479315185546782,0.07413354339599607,0.3027341999442956,0.9553108568525925,1
REACTOME_SLC_TRANSPORTER_DISORDERS,19,19,-0.056345357666015616,0.00045512390136717706,-0.05680048156738279,0.3104289505837411,0.9553108568525925,-1
REACTOME_POST_TRANSLATIONAL_MODIFICATION_SYNTHESIS_OF_GPI_ANCHORED_PROTEINS,21,21,0.04661142822265624,-9.100463867187103e-05,0.04670243286132811,0.31503726951959754,0.9553108568525925,1
REACTOME_CIRCADIAN_CLOCK,21,21,-0.04471553222656249,0.00016461914062498861,-0.04488015136718748,0.31378175082767235,0.9553108568525925,-1
REACTOME_BETA_CATENIN_INDEPENDENT_WNT_SIGNALING,30,30,0.044384569396972634,-0.0002479315185546782,0.04463250091552731,0.31280521270435424,0.9553108568525925,1
REACTOME_ION_HOMEOSTASIS,9,9,0.4933836837768555,-9.100463867187103e-05,0.49347468841552733,0.33850858506171677,0.9597538354179525,1
REACTOME_PERK_REGULATES_GENE_EXPRESSION,9,9,0.30437472536087035,-0.0005551391601562594,0.3049298645210266,0.3352574363929812,0.9597538354179525,1
REACTOME_PURINERGIC_SIGNALING_IN_LEISHMANIASIS_INFECTION,9,9,0.2919834615325928,-0.00021497039794921013,0.292198431930542,0.3367554594896496,0.9597538354179525,1
REACTOME_GROWTH_HORMONE_RECEPTOR_SIGNALING,6,6,0.24971291676044463,-0.00018200927734374206,0.24989492603778837,0.3234899436452363,0.9597538354179525,1
REACTOME_O_GLYCOSYLATION_OF_TSR_DOMAIN_CONTAINING_PROTEINS,6,6,-0.2184884246826172,0.00032923828124997723,-0.21881766296386718,0.33341264133655646,0.9597538354179525,-1
REACTOME_APC_C_CDH1_MEDIATED_DEGRADATION_OF_CDC20_AND_OTHER_APC_C_CDH1_TARGETED_PROTEINS_IN_LATE_MITOSIS_EARLY_G1,12,12,0.20667003846406934,-0.00018200927734374206,0.20685204774141308,0.331048224526453,0.9597538354179525,1
REACTOME_CDT1_ASSOCIATION_WITH_THE_CDC6_ORC_ORIGIN_COMPLEX,8,8,0.20130345001220704,-0.00018200927734374206,0.20148545928955078,0.3371137132405171,0.9597538354179525,1
REACTOME_DAP12_SIGNALING,12,12,0.18341205889701845,-0.0002479315185546782,0.18365999041557313,0.3252949465286298,0.9597538354179525,1
REACTOME_E3_UBIQUITIN_LIGASES_UBIQUITINATE_TARGET_PROTEINS,14,14,0.152915439453125,-0.0002479315185546782,0.15316337097167967,0.3274378043944487,0.9597538354179525,1
REACTOME_INTERLEUKIN_17_SIGNALING,15,15,0.1233056365966797,-0.0005551391601562594,0.12386077575683596,0.32793311149494897,0.9597538354179525,1
REACTOME_PROTEIN_FOLDING,25,25,0.1202142785644531,-0.0009189358520508006,0.1211332144165039,0.32946050112877956,0.9597538354179525,1
REACTOME_TRANSCRIPTIONAL_REGULATION_BY_RUNX3,15,15,0.10458769165039061,-0.00021497039794921013,0.10480266204833982,0.3235677488953672,0.9597538354179525,1
REACTOME_REGULATION_OF_RAS_BY_GAPS,8,8,0.08549655895233155,-0.0002479315185546782,0.08574449047088623,0.33579099840472487,0.9597538354179525,1
REACTOME_PRESYNAPTIC_FUNCTION_OF_KAINATE_RECEPTORS,9,9,0.0726802697753906,-0.00021497039794921013,0.07289524017333981,0.33326675954538754,0.9597538354179525,1
REACTOME_CELLULAR_SENESCENCE,44,44,0.05580674560546875,-0.0002479315185546782,0.05605467712402343,0.33927241157123345,0.9597538354179525,1
REACTOME_PROTEIN_LOCALIZATION,42,42,0.04999636932373047,-0.0009755249023437607,0.05097189422607423,0.3225401560269774,0.9597538354179525,1
REACTOME_IMMUNOREGULATORY_INTERACTIONS_BETWEEN_A_LYMPHOID_AND_A_NON_LYMPHOID_CELL,42,42,0.050325003662109374,-0.0002479315185546782,0.05057293518066405,0.33691337070437544,0.9597538354179525,1
REACTOME_SIGNALING_BY_NTRKS,27,27,-0.04471553222656249,0.0006406945800781216,-0.045356226806640615,0.3248183317777146,0.9597538354179525,-1
REACTOME_RNA_POLYMERASE_II_TRANSCRIPTION,394,394,-0.02495214233398438,0.011281805419921853,-0.03623394775390623,0.3391531221704355,0.9597538354179525,-1
REACTOME_TRANSPORT_TO_THE_GOLGI_AND_SUBSEQUENT_MODIFICATION,33,33,0.011281805419921853,-9.100463867187103e-05,0.011372810058593724,0.3228676393920412,0.9597538354179525,1
REACTOME_GLYCOGEN_SYNTHESIS,6,6,0.3114194974899292,-0.0002479315185546782,0.3116674290084839,0.34105240807219006,0.9615624749326294,1
REACTOME_CHROMATIN_MODIFYING_ENZYMES,61,61,-0.02280539550781252,0.0006406945800781216,-0.023446090087890642,0.3426995046114658,0.962985607958219,-1
REACTOME_APC_CDC20_MEDIATED_DEGRADATION_OF_NEK2A,10,10,0.19552644592285154,-0.00018200927734374206,0.19570845520019528,0.3475632987334998,0.9734081755227253,1
REACTOME_TCR_SIGNALING,31,31,0.07851788818359373,-0.0010074896240234443,0.07952537780761718,0.3490808364065743,0.9744210102342454,1
REACTOME_RHOB_GTPASE_CYCLE,14,14,-0.14409372619628907,0.0005810095214843769,-0.14467473571777345,0.35081660599757325,0.9755410476415669,-1
REACTOME_DEUBIQUITINATION,53,53,0.07068047607421873,-0.00021497039794921013,0.07089544647216794,0.35295375982286825,0.9755410476415669,1
REACTOME_VESICLE_MEDIATED_TRANSPORT,131,131,0.046762342529296896,-0.0010074896240234443,0.04776983215332034,0.35196323524511863,0.9755410476415669,1
REACTOME_TRANSCRIPTIONAL_REGULATION_BY_RUNX2,16,16,0.13032333939790725,-0.00018200927734374206,0.130505348675251,0.35534216371082095,0.9757441172906256,1
REACTOME_RESOLUTION_OF_SISTER_CHROMATID_COHESION,33,33,0.04919090148925781,-0.0005551391601562594,0.04974604064941407,0.35487592775386867,0.9757441172906256,1
REACTOME_TRANSLESION_SYNTHESIS_BY_POLK,7,7,0.16821026123046873,-0.00021497039794921013,0.16842523162841794,0.3571592923341481,0.9775496215509314,1
REACTOME_NEURONAL_SYSTEM,53,53,0.0726802697753906,-0.0018769946289062533,0.07455726440429686,0.35844715241243075,0.9778995128921655,1
REACTOME_INOSITOL_PHOSPHATE_METABOLISM,13,13,-0.09476627441406255,0.0006406945800781216,-0.09540696899414067,0.36169796990050984,0.9804224714666553,-1
REACTOME_MITOTIC_SPINDLE_CHECKPOINT,32,32,0.052282611389160155,-0.0002479315185546782,0.05253054290771483,0.3606409422340956,0.9804224714666553,1
REACTOME_PROCESSIVE_SYNTHESIS_ON_THE_C_STRAND_OF_THE_TELOMERE,10,10,0.09139277618408204,-0.0009755249023437607,0.0923683010864258,0.36302763166483265,0.9808727355559421,1
REACTOME_OTHER_INTERLEUKIN_SIGNALING,5,5,0.6348842486572266,-9.100463867187103e-05,0.6349752532958984,0.6553845884448727,0.9828506721515133,1
REACTOME_CHAPERONE_MEDIATED_AUTOPHAGY,8,8,0.46389537932395936,-0.00018200927734374206,0.4640773886013031,0.5762845134451214,0.9828506721515133,1
REACTOME_DETOXIFICATION_OF_REACTIVE_OXYGEN_SPECIES,5,5,0.4409136360549927,-9.100463867187103e-05,0.4410046406936645,0.6320665487252285,0.9828506721515133,1
REACTOME_INTERLEUKIN_37_SIGNALING,5,5,0.37287172945022584,-9.100463867187103e-05,0.3729627340888977,0.4179200373002515,0.9828506721515133,1
REACTOME_GLYCOSPHINGOLIPID_METABOLISM,7,7,-0.37154988403320316,0.00016461914062498861,-0.37171450317382815,0.7880512813010807,0.9828506721515133,-1
REACTOME_SIGNALING_BY_EGFR,11,11,0.3260966360473633,-0.0005551391601562594,0.32665177520751953,0.39287078486266425,0.9828506721515133,1
REACTOME_ACTIVATED_NOTCH1_TRANSMITS_SIGNAL_TO_THE_NUCLEUS,5,5,0.3260966360473633,-0.00021497039794921013,0.3263116064453125,0.3981208736807022,0.9828506721515133,1
REACTOME_AGGREPHAGY,7,7,0.3260966360473633,-0.00021497039794921013,0.3263116064453125,0.48638530759892906,0.9828506721515133,1
REACTOME_IKK_COMPLEX_RECRUITMENT_MEDIATED_BY_RIP1,5,5,0.3260966360473633,-0.00021497039794921013,0.3263116064453125,0.5350127353426373,0.9828506721515133,1
REACTOME_LATE_ENDOSOMAL_MICROAUTOPHAGY,9,9,0.3260966360473633,-0.00021497039794921013,0.3263116064453125,0.5450542489637471,0.9828506721515133,1
REACTOME_MYOCLONIC_EPILEPSY_OF_LAFORA,5,5,0.3260966360473633,-0.00021497039794921013,0.3263116064453125,0.47236619435102817,0.9828506721515133,1
REACTOME_SIGNALING_BY_NOTCH3,7,7,0.3260966360473633,-0.00021497039794921013,0.3263116064453125,0.4448160462477292,0.9828506721515133,1
REACTOME_THE_ROLE_OF_GTSE1_IN_G2_M_PROGRESSION_AFTER_G2_CHECKPOINT,9,9,0.3260966360473633,-0.00021497039794921013,0.3263116064453125,0.37747668356347786,0.9828506721515133,1
REACTOME_DECTIN_1_MEDIATED_NONCANONICAL_NF_KB_SIGNALING,5,5,0.3260966360473633,-9.100463867187103e-05,0.3261876406860351,0.48376234348271663,0.9828506721515133,1
REACTOME_DOWNREGULATION_OF_ERBB2_ERBB3_SIGNALING,5,5,0.3260966360473633,-9.100463867187103e-05,0.3261876406860351,0.8938956982929819,0.9828506721515133,1
REACTOME_DOWNREGULATION_OF_ERBB2_SIGNALING,7,7,0.3260966360473633,-9.100463867187103e-05,0.3261876406860351,0.7910265966898421,0.9828506721515133,1
REACTOME_PEXOPHAGY,5,5,0.3260966360473633,-9.100463867187103e-05,0.3261876406860351,0.4374783258391468,0.9828506721515133,1
REACTOME_CELLULAR_RESPONSE_TO_HYPOXIA,8,8,0.32156206077575683,-0.00018200927734374206,0.3217440700531006,0.520793517430366,0.9828506721515133,1
REACTOME_BINDING_AND_UPTAKE_OF_LIGANDS_BY_SCAVENGER_RECEPTORS,11,11,0.31472789801597595,-9.100463867187103e-05,0.31481890265464785,0.8211766722812827,0.9828506721515133,1
REACTOME_GLYCOGEN_METABOLISM,8,8,0.3114194974899292,-0.0002479315185546782,0.3116674290084839,0.4674475796703736,0.9828506721515133,1
REACTOME_RHOG_GTPASE_CYCLE,13,13,0.3096044004058838,-0.00021497039794921013,0.309819370803833,0.4983983768500517,0.9828506721515133,1
REACTOME_ESTROGEN_DEPENDENT_NUCLEAR_EVENTS_DOWNSTREAM_OF_ESR_MEMBRANE_SIGNALING,8,8,0.30949938678503036,-0.00018200927734374206,0.3096813960623741,0.5468184865605009,0.9828506721515133,1
REACTOME_TGF_BETA_RECEPTOR_SIGNALING_IN_EMT_EPITHELIAL_TO_MESENCHYMAL_TRANSITION,6,6,0.30362328470408917,-0.00018200927734374206,0.3038052939814329,0.5125272751548583,0.9828506721515133,1
REACTOME_RAC3_GTPASE_CYCLE,14,14,0.30049860370635983,-0.0002479315185546782,0.3007465352249145,0.4080796556819489,0.9828506721515133,1
REACTOME_EGR2_AND_SOX10_MEDIATED_INITIATION_OF_SCHWANN_CELL_MYELINATION,6,6,-0.2923110876464844,0.00032923828124997723,-0.29264032592773437,0.5558267393952145,0.9828506721515133,-1
REACTOME_RHOQ_GTPASE_CYCLE,11,11,-0.2883544494628906,0.00016461914062498861,-0.2885190686035156,0.49514803369539384,0.9828506721515133,-1
REACTOME_INTERCONVERSION_OF_NUCLEOTIDE_DI_AND_TRIPHOSPHATES,10,10,0.2807818752288818,-0.00018200927734374206,0.28096388450622556,0.5741214420290685,0.9828506721515133,1
REACTOME_RHOBTB2_GTPASE_CYCLE,5,5,0.27506744901657104,-9.100463867187103e-05,0.27515845365524294,0.4312894708625235,0.9828506721515133,1
REACTOME_RHOF_GTPASE_CYCLE,10,10,0.2741809760284424,-0.00018200927734374206,0.2743629853057861,0.465159527340689,0.9828506721515133,1
REACTOME_SYNTHESIS_OF_VERY_LONG_CHAIN_FATTY_ACYL_COAS,5,5,0.2725725901079178,-0.00021497039794921013,0.272787560505867,0.3788664312784008,0.9828506721515133,1
REACTOME_TRANSLOCATION_OF_SLC2A4_GLUT4_TO_THE_PLASMA_MEMBRANE,13,13,0.27120264755249024,-0.00021497039794921013,0.27141761795043945,0.4994495171560408,0.9828506721515133,1
REACTOME_N_GLYCAN_ANTENNAE_ELONGATION_IN_THE_MEDIAL_TRANS_GOLGI,7,7,-0.2691214318847656,0.00016461914062498861,-0.2692860510253906,0.4368734653956231,0.9828506721515133,-1
REACTOME_MITOCHONDRIAL_TRNA_AMINOACYLATION,6,6,0.2678428526115417,-0.00018200927734374206,0.26802486188888547,0.4581217344983665,0.9828506721515133,1
REACTOME_TRNA_AMINOACYLATION,7,7,0.26461834381103516,-0.00021497039794921013,0.26483331420898437,0.39991847741213926,0.9828506721515133,1
REACTOME_ANTIMICROBIAL_PEPTIDES,8,8,0.26216275485754015,-0.00018200927734374206,0.2623447641348839,0.6049992838220618,0.9828506721515133,1
REACTOME_REGULATION_OF_TP53_ACTIVITY_THROUGH_ACETYLATION,8,8,-0.2615228363037109,0.00032923828124997723,-0.2618520745849609,0.37431979447019403,0.9828506721515133,-1
REACTOME_GLYCOGEN_STORAGE_DISEASES,6,6,0.25523038803100584,-0.00018200927734374206,0.2554123973083496,0.8809376016238738,0.9828506721515133,1
REACTOME_TRANSCRIPTIONAL_ACTIVATION_OF_MITOCHONDRIAL_BIOGENESIS,12,12,0.24789013776302338,-0.0002479315185546782,0.24813806928157806,0.4503073006621586,0.9828506721515133,1
REACTOME_INTERLEUKIN_6_FAMILY_SIGNALING,6,6,0.24736706657409668,-0.00018200927734374206,0.24754907585144043,0.5320000052291396,0.9828506721515133,1
REACTOME_SYNTHESIS_OF_PC,7,7,0.24399531425476073,-0.00021497039794921013,0.24421028465270994,0.4940892684612101,0.9828506721515133,1
REACTOME_SULFUR_AMINO_ACID_METABOLISM,7,7,-0.24187512207031253,0.00016461914062498861,-0.24203974121093752,0.521175969353023,0.9828506721515133,-1
REACTOME_HEME_SIGNALING,14,14,0.24065436320781708,-0.0002479315185546782,0.24090229472637176,0.6399276709094892,0.9828506721515133,1
REACTOME_ATF4_ACTIVATES_GENES_IN_RESPONSE_TO_ENDOPLASMIC_RETICULUM_STRESS,8,8,0.22864537751197814,-0.0002479315185546782,0.22889330903053282,0.48131636790182475,0.9828506721515133,1
REACTOME_AMYLOID_FIBER_FORMATION,13,13,0.2271253589963913,-0.0005551391601562594,0.22768049815654756,0.46894172216244434,0.9828506721515133,1
REACTOME_TRANSFERRIN_ENDOCYTOSIS_AND_RECYCLING,6,6,-0.22442397277832032,0.0,-0.22442397277832032,0.6700110748429521,0.9828506721515133,-1
REACTOME_SUMOYLATION_OF_INTRACELLULAR_RECEPTORS,8,8,0.22142047483444213,-0.00018200927734374206,0.22160248411178587,0.7095911771164743,0.9828506721515133,1
REACTOME_TRNA_MODIFICATION_IN_THE_NUCLEUS_AND_CYTOSOL,10,10,0.21576150840759276,-0.0008623468017578406,0.2166238552093506,0.41275735873186237,0.9828506721515133,1
REACTOME_RHO_GTPASES_ACTIVATE_WASPS_AND_WAVES,6,6,-0.21602905517578125,0.00032923828124997723,-0.21635829345703123,0.6704451114379115,0.9828506721515133,-1
REACTOME_POTENTIAL_THERAPEUTICS_FOR_SARS,20,20,0.2152744347000122,-0.0002479315185546782,0.21552236621856688,0.4451207601695226,0.9828506721515133,1
REACTOME_INTERLEUKIN_12_FAMILY_SIGNALING,11,11,0.21319146911621092,-0.00021497039794921013,0.21340643951416013,0.6110919649953205,0.9828506721515133,1
REACTOME_G1_S_DNA_DAMAGE_CHECKPOINTS,7,7,0.21005784588336945,-0.00021497039794921013,0.21027281628131866,0.3952347635314884,0.9828506721515133,1
REACTOME_INTERACTION_BETWEEN_L1_AND_ANKYRINS,6,6,-0.20694017089843753,0.00032923828124997723,-0.2072694091796875,0.8996946867803703,0.9828506721515133,-1
REACTOME_O_LINKED_GLYCOSYLATION,20,20,-0.20266776184082036,0.0005810095214843769,-0.20324877136230474,0.40592198125069257,0.9828506721515133,-1
REACTOME_DISEASES_ASSOCIATED_WITH_N_GLYCOSYLATION_OF_PROTEINS,6,6,-0.1969678839111328,0.00032923828124997723,-0.19729712219238277,0.45958006317484956,0.9828506721515133,-1
REACTOME_MATURATION_OF_PROTEIN_3A,5,5,-0.19679110473632816,0.00016461914062498861,-0.19695572387695315,0.9169293063828925,0.9828506721515133,-1
REACTOME_ELASTIC_FIBRE_FORMATION,7,7,0.1954344479370117,-0.00021497039794921013,0.1956494183349609,0.5054055533243896,0.9828506721515133,1
REACTOME_DEACTIVATION_OF_THE_BETA_CATENIN_TRANSACTIVATING_COMPLEX,12,12,0.19516122701644897,-0.0002479315185546782,0.19540915853500365,0.7169914423883993,0.9828506721515133,1
REACTOME_REPRESSION_OF_WNT_TARGET_GENES,6,6,0.19516122701644897,-0.00018200927734374206,0.19534323629379272,0.7236991952190891,0.9828506721515133,1
REACTOME_RECYCLING_PATHWAY_OF_L1,9,9,0.1948512875366211,-0.00021497039794921013,0.1950662579345703,0.6172102476828958,0.9828506721515133,1
REACTOME_TAK1_ACTIVATES_NFKB_BY_PHOSPHORYLATION_AND_ACTIVATION_OF_IKKS_COMPLEX,9,9,0.19141067596435546,-0.00021497039794921013,0.19162564636230467,0.5670639762836194,0.9828506721515133,1
REACTOME_ECM_PROTEOGLYCANS,15,15,0.19141067596435546,-9.100463867187103e-05,0.19150168060302733,0.6171868482072339,0.9828506721515133,1
REACTOME_SIGNALING_BY_NOTCH1_PEST_DOMAIN_MUTANTS_IN_CANCER,12,12,0.19062568555355072,-0.0002479315185546782,0.1908736170721054,0.6781162738588045,0.9828506721515133,1
REACTOME_PEROXISOMAL_LIPID_METABOLISM,10,10,-0.1898001593017578,0.0005810095214843769,-0.1903811688232422,0.5137408688354981,0.9828506721515133,-1
REACTOME_ARACHIDONIC_ACID_METABOLISM,10,10,-0.18864476989746093,0.00032923828124997723,-0.1889740081787109,0.506168446807662,0.9828506721515133,-1
REACTOME_HEDGEHOG_ON_STATE,11,11,0.18808956298828122,-0.00021497039794921013,0.18830453338623043,0.7424659548641903,0.9828506721515133,1
REACTOME_HCMV_INFECTION,24,24,0.1853453380584717,-0.0009755249023437607,0.18632086296081546,0.396664222315235,0.9828506721515133,1
REACTOME_G_ALPHA_S_SIGNALLING_EVENTS,26,26,0.18458612609863279,-0.0008623468017578406,0.18544847290039063,0.47340509644902296,0.9828506721515133,1
REACTOME_CD28_CO_STIMULATION,10,10,0.18341205889701845,-0.00018200927734374206,0.1835940681743622,0.6535818564047551,0.9828506721515133,1
REACTOME_PURINE_CATABOLISM,5,5,-0.18033246948242193,0.00045512390136717706,-0.1807875933837891,0.40926156210687875,0.9828506721515133,-1
REACTOME_MRNA_DECAY_BY_5_TO_3_EXORIBONUCLEASE,5,5,0.17560611877441407,-9.100463867187103e-05,0.17569712341308594,0.46031286687937645,0.9828506721515133,1
REACTOME_FORMATION_OF_INCISION_COMPLEX_IN_GG_NER,15,15,-0.16798423095703124,0.00045512390136717706,-0.16843935485839842,0.44147006901318886,0.9828506721515133,-1
REACTOME_G0_AND_EARLY_G1,11,11,0.16821026123046873,-0.00021497039794921013,0.16842523162841794,0.4067180540154395,0.9828506721515133,1
REACTOME_TP53_REGULATES_METABOLIC_GENES,16,16,-0.16777786560058594,0.00032923828124997723,-0.16810710388183592,0.5626500012938189,0.9828506721515133,-1
REACTOME_DISEASES_ASSOCIATED_WITH_O_GLYCOSYLATION_OF_PROTEINS,9,9,0.1670942346763611,-9.100463867187103e-05,0.16718523931503296,0.7468091094404886,0.9828506721515133,1
REACTOME_NON_INTEGRIN_MEMBRANE_ECM_INTERACTIONS,8,8,0.16701388151168822,0.0,0.16701388151168822,0.6800906941859928,0.9828506721515133,1
REACTOME_FORMATION_OF_THE_BETA_CATENIN_TCF_TRANSACTIVATING_COMPLEX,10,10,0.16624338050842286,-0.00018200927734374206,0.1664253897857666,0.888778928204375,0.9828506721515133,1
REACTOME_ASSOCIATION_OF_TRIC_CCT_WITH_TARGET_PROTEINS_DURING_BIOSYNTHESIS,8,8,0.16513606222391128,-0.00018200927734374206,0.16531807150125502,0.4076084604778838,0.9828506721515133,1
REACTOME_SPHINGOLIPID_METABOLISM,14,14,-0.1647011004638672,0.0,-0.1647011004638672,0.6693033406465732,0.9828506721515133,-1
REACTOME_SIGNALING_BY_NOTCH1,17,17,0.16301169860839843,-0.0005551391601562594,0.16356683776855468,0.8889232884954337,0.9828506721515133,1
REACTOME_DEGRADATION_OF_GLI1_BY_THE_PROTEASOME,7,7,0.16301169860839843,-9.100463867187103e-05,0.1631027032470703,0.7147304938732831,0.9828506721515133,1
REACTOME_NEGATIVE_REGULATORS_OF_DDX58_IFIH1_SIGNALING,11,11,0.16301169860839843,-9.100463867187103e-05,0.1631027032470703,0.6507371532487893,0.9828506721515133,1
REACTOME_NOTCH1_INTRACELLULAR_DOMAIN_REGULATES_TRANSCRIPTION,14,14,0.16266928815841675,-0.0002479315185546782,0.16291721967697143,0.8611179874365629,0.9828506721515133,1
REACTOME_HEDGEHOG_OFF_STATE,18,18,0.15865536567687988,-0.0002479315185546782,0.15890329719543456,0.6497412297927712,0.9828506721515133,1
REACTOME_SIGNALING_BY_HEDGEHOG,22,22,0.15865536567687988,-0.0002479315185546782,0.15890329719543456,0.8664415387764118,0.9828506721515133,1
REACTOME_AMINO_ACIDS_REGULATE_MTORC1,8,8,-0.15655327209472658,0.00032923828124997723,-0.15688251037597656,0.45789942729853333,0.9828506721515133,-1
REACTOME_SUMOYLATION_OF_SUMOYLATION_PROTEINS,10,10,0.15467658782958985,-0.0002479315185546782,0.15492451934814452,0.40022508622126396,0.9828506721515133,1
REACTOME_THE_ROLE_OF_NEF_IN_HIV_1_REPLICATION_AND_DISEASE_PATHOGENESIS,8,8,0.15446344258606434,-0.00018200927734374206,0.15464545186340808,0.6869467494502705,0.9828506721515133,1
REACTOME_COPI_DEPENDENT_GOLGI_TO_ER_RETROGRADE_TRAFFIC,21,21,0.15429903274536133,-9.100463867187103e-05,0.1543900373840332,0.48740755680992776,0.9828506721515133,1
REACTOME_FORMATION_OF_TUBULIN_FOLDING_INTERMEDIATES_BY_CCT_TRIC,5,5,0.15429903274536133,-9.100463867187103e-05,0.1543900373840332,0.858236427650839,0.9828506721515133,1
REACTOME_RHO_GTPASES_ACTIVATE_IQGAPS,5,5,0.15429903274536133,-9.100463867187103e-05,0.1543900373840332,0.7296060620072465,0.9828506721515133,1
REACTOME_RUNX2_REGULATES_OSTEOBLAST_DIFFERENTIATION,6,6,-0.14980458923339846,0.00032923828124997723,-0.15013382751464843,0.7068231695507137,0.9828506721515133,-1
REACTOME_FLT3_SIGNALING,14,14,0.14789541454315186,-0.0008623468017578406,0.1487577613449097,0.3913338210302766,0.9828506721515133,1
REACTOME_MITOCHONDRIAL_IRON_SULFUR_CLUSTER_BIOGENESIS,5,5,-0.14425517700195317,0.00045512390136717706,-0.14471030090332035,0.48294369051334035,0.9828506721515133,-1
REACTOME_NOTCH_HLH_TRANSCRIPTION_PATHWAY,6,6,0.14234870557308196,-0.00018200927734374206,0.1425307148504257,0.7823624555647443,0.9828506721515133,1
REACTOME_REGULATION_OF_LIPID_METABOLISM_BY_PPARALPHA,28,28,0.14123581573486327,-0.001039454345703128,0.1422752700805664,0.6906252556205675,0.9828506721515133,1
REACTOME_INTRAFLAGELLAR_TRANSPORT,15,15,-0.14088586059570313,0.00016461914062498861,-0.14105047973632812,0.47367659679705987,0.9828506721515133,-1
REACTOME_FCGR_ACTIVATION,5,5,-0.1407706225585938,0.00016461914062498861,-0.14093524169921878,0.8389858863644383,0.9828506721515133,-1
REACTOME_CHOLESTEROL_BIOSYNTHESIS,11,11,-0.13999359375000003,0.0006406945800781216,-0.14063428833007816,0.4286821837973098,0.9828506721515133,-1
REACTOME_EICOSANOID_LIGAND_BINDING_RECEPTORS,6,6,0.1402893445587158,-0.00018200927734374206,0.14047135383605955,0.5518215420187572,0.9828506721515133,1
REACTOME_MRNA_DECAY_BY_3_TO_5_EXORIBONUCLEASE,8,8,-0.13951708923339845,0.00032923828124997723,-0.13984632751464843,0.39496762588079193,0.9828506721515133,-1
REACTOME_METABOLISM_OF_COFACTORS,8,8,0.13932242275238038,-0.00018200927734374206,0.13950443202972412,0.6984285551016655,0.9828506721515133,1
REACTOME_RESPONSE_OF_EIF2AK4_GCN2_TO_AMINO_ACID_DEFICIENCY,8,8,0.1393012142944336,-0.00018200927734374206,0.13948322357177734,0.6082679458450194,0.9828506721515133,1
REACTOME_MISMATCH_REPAIR,5,5,0.13862257202148437,-0.00021497039794921013,0.13883754241943358,0.49945083387491734,0.9828506721515133,1
REACTOME_RHOJ_GTPASE_CYCLE,10,10,-0.13847096191406247,0.0,-0.13847096191406247,0.48380823692111286,0.9828506721515133,-1
REACTOME_EPHA_MEDIATED_GROWTH_CONE_COLLAPSE,7,7,-0.1356855749511719,0.00016461914062498861,-0.13585019409179688,0.5218985220567669,0.9828506721515133,-1
REACTOME_ION_TRANSPORT_BY_P_TYPE_ATPASES,10,10,0.1351280928516388,-0.00018200927734374206,0.13531010212898253,0.5383628978618424,0.9828506721515133,1
REACTOME_DISEASES_OF_CARBOHYDRATE_METABOLISM,9,9,-0.13385822143554688,0.00016461914062498861,-0.13402284057617186,0.5401118439607073,0.9828506721515133,-1
REACTOME_RHOC_GTPASE_CYCLE,16,16,-0.13275642150878908,0.00032923828124997723,-0.13308565979003906,0.5556169816136471,0.9828506721515133,-1
REACTOME_METAL_ION_SLC_TRANSPORTERS,6,6,-0.13226968261718752,0.00032923828124997723,-0.1325989208984375,0.5021607276759968,0.9828506721515133,-1
REACTOME_RUNX1_INTERACTS_WITH_CO_FACTORS_WHOSE_PRECISE_EFFECT_ON_RUNX1_TARGETS_IS_NOT_KNOWN,10,10,-0.13127402832031254,0.00032923828124997723,-0.13160326660156252,0.37230749134581265,0.9828506721515133,-1
REACTOME_SCF_SKP2_MEDIATED_DEGRADATION_OF_P27_P21,8,8,0.13032333939790725,-0.00018200927734374206,0.130505348675251,0.4064228792091649,0.9828506721515133,1
REACTOME_CTLA4_INHIBITORY_SIGNALING,5,5,-0.12946889282226565,0.00016461914062498861,-0.12963351196289064,0.7828042569895786,0.9828506721515133,-1
REACTOME_FOXO_MEDIATED_TRANSCRIPTION_OF_CELL_DEATH_GENES,8,8,-0.12726780151367184,0.00032923828124997723,-0.12759703979492182,0.5395658770625436,0.9828506721515133,-1
REACTOME_NUCLEAR_RECEPTOR_TRANSCRIPTION_PATHWAY,12,12,0.12575692901611327,-0.0002479315185546782,0.12600486053466795,0.5188885609412365,0.9828506721515133,1
REACTOME_RAF_INDEPENDENT_MAPK1_3_ACTIVATION,6,6,-0.12491912536621097,0.0005810095214843769,-0.12550013488769535,0.7524095270826373,0.9828506721515133,-1
REACTOME_EUKARYOTIC_TRANSLATION_ELONGATION,5,5,0.12469617614746092,-9.100463867187103e-05,0.1247871807861328,0.5810879024105434,0.9828506721515133,1
REACTOME_SRP_DEPENDENT_COTRANSLATIONAL_PROTEIN_TARGETING_TO_MEMBRANE,9,9,0.12469617614746092,-9.100463867187103e-05,0.1247871807861328,0.36920451689688905,0.9828506721515133,1
REACTOME_ERBB2_ACTIVATES_PTK6_SIGNALING,5,5,-0.12421336425781254,0.00016461914062498861,-0.12437798339843753,0.47034597757293506,0.9828506721515133,-1
REACTOME_TCF_DEPENDENT_SIGNALING_IN_RESPONSE_TO_WNT,28,28,0.1231684090423584,-0.0002479315185546782,0.12341634056091308,0.8820103195660238,0.9828506721515133,1
REACTOME_REGULATION_OF_TP53_ACTIVITY_THROUGH_PHOSPHORYLATION,23,23,0.12157604965209962,-0.0005551391601562594,0.12213118881225588,0.39357034981322014,0.9828506721515133,1
REACTOME_NCAM1_INTERACTIONS,6,6,0.12070648704528808,-0.00018200927734374206,0.12088849632263182,0.7050545377900576,0.9828506721515133,1
REACTOME_TRIGLYCERIDE_CATABOLISM,5,5,-0.12052899902343756,0.00016461914062498861,-0.12069361816406254,0.39006189610072345,0.9828506721515133,-1
REACTOME_FGFR2_ALTERNATIVE_SPLICING,6,6,0.12016692962646483,-0.00018200927734374206,0.12034893890380857,0.44978431538580577,0.9828506721515133,1
REACTOME_PIWI_INTERACTING_RNA_PIRNA_BIOGENESIS,6,6,0.12016692962646483,-0.00018200927734374206,0.12034893890380857,0.8725170736657346,0.9828506721515133,1
REACTOME_AUTOPHAGY,30,30,0.11973589515686034,-0.0002479315185546782,0.11998382667541502,0.6572201280664525,0.9828506721515133,1
REACTOME_SIGNALING_BY_PTK6,17,17,0.11898149673461916,-0.0005551391601562594,0.11953663589477542,0.5964573425793858,0.9828506721515133,1
REACTOME_PCP_CE_PATHWAY,8,8,-0.11859405456542971,0.00032923828124997723,-0.11892329284667968,0.9092060074103123,0.9828506721515133,-1
REACTOME_EUKARYOTIC_TRANSLATION_INITIATION,14,14,-0.11795508605957034,0.00032923828124997723,-0.11828432434082031,0.5414422319651222,0.9828506721515133,-1
REACTOME_PTEN_REGULATION,26,26,-0.1175471588134766,0.00032923828124997723,-0.11787639709472658,0.48967521422637683,0.9828506721515133,-1
REACTOME_TNF_RECEPTOR_SUPERFAMILY_TNFSF_MEMBERS_MEDIATING_NON_CANONICAL_NF_KB_PATHWAY,8,8,-0.11766378356933593,0.0,-0.11766378356933593,0.8149167082681694,0.9828506721515133,-1
REACTOME_COMMON_PATHWAY_OF_FIBRIN_CLOT_FORMATION,5,5,0.11692884796142577,-0.00021497039794921013,0.11714381835937498,0.5514856015525276,0.9828506721515133,1
REACTOME_DEGRADATION_OF_DVL,6,6,0.11612725296020507,0.0,0.11612725296020507,0.8066426012333476,0.9828506721515133,1
REACTOME_SIGNALING_BY_RETINOIC_ACID,11,11,0.11549502655029298,-0.0005551391601562594,0.11605016571044924,0.7448474514415409,0.9828506721515133,1
REACTOME_PARASITE_INFECTION,12,12,-0.1138405731201172,0.00032923828124997723,-0.11416981140136717,0.9014397203780634,0.9828506721515133,-1
REACTOME_HIV_TRANSCRIPTION_ELONGATION,10,10,-0.11356380187988283,0.00032923828124997723,-0.1138930401611328,0.5439833360207444,0.9828506721515133,-1
REACTOME_E2F_MEDIATED_REGULATION_OF_DNA_REPLICATION,8,8,-0.1129210971069336,0.0005810095214843769,-0.11350210662841798,0.5023506900471375,0.9828506721515133,-1
REACTOME_RETROGRADE_TRANSPORT_AT_THE_TRANS_GOLGI_NETWORK,13,13,0.11317244812011718,-0.00021497039794921013,0.11338741851806639,0.7133364500127285,0.9828506721515133,1
REACTOME_GENE_SILENCING_BY_RNA,21,21,0.11191467834472657,-0.0010074896240234443,0.11292216796875001,0.5051682945168448,0.9828506721515133,1
REACTOME_VIRAL_MESSENGER_RNA_SYNTHESIS,13,13,0.11191467834472657,-0.0006117282104492194,0.11252640655517579,0.45383376342863435,0.9828506721515133,1
REACTOME_EFFECTS_OF_PIP2_HYDROLYSIS,7,7,-0.11188429687499996,0.00045512390136717706,-0.11233942077636713,0.6112390737377157,0.9828506721515133,-1
REACTOME_INTERACTIONS_OF_REV_WITH_HOST_CELLULAR_PROTEINS,9,9,0.11191467834472657,-0.00021497039794921013,0.11212964874267578,0.47581305727650025,0.9828506721515133,1
REACTOME_INTERACTIONS_OF_VPR_WITH_HOST_CELLULAR_PROTEINS,11,11,0.11191467834472657,-0.00021497039794921013,0.11212964874267578,0.37566614122690967,0.9828506721515133,1
REACTOME_NUCLEAR_IMPORT_OF_REV_PROTEIN,9,9,0.11191467834472657,-0.00021497039794921013,0.11212964874267578,0.47581305727650025,0.9828506721515133,1
REACTOME_NUCLEAR_PORE_COMPLEX_NPC_DISASSEMBLY,9,9,0.11191467834472657,-0.00021497039794921013,0.11212964874267578,0.47581305727650025,0.9828506721515133,1
REACTOME_REGULATION_OF_GLUCOKINASE_BY_GLUCOKINASE_REGULATORY_PROTEIN,9,9,0.11191467834472657,-0.00021497039794921013,0.11212964874267578,0.47581305727650025,0.9828506721515133,1
REACTOME_TRANSPORT_OF_THE_SLBP_DEPENDANT_MATURE_MRNA,9,9,0.11191467834472657,-0.00021497039794921013,0.11212964874267578,0.47581305727650025,0.9828506721515133,1
REACTOME_TRANSLATION_OF_SARS_COV_2_STRUCTURAL_PROTEINS,16,16,-0.1106387762451172,0.0005810095214843769,-0.11121978576660158,0.4472580520461904,0.9828506721515133,-1
REACTOME_FCERI_MEDIATED_CA_2_MOBILIZATION,12,12,0.10998801959991455,0.0,0.10998801959991455,0.5083376211358503,0.9828506721515133,1
REACTOME_CLASS_I_PEROXISOMAL_MEMBRANE_PROTEIN_IMPORT,6,6,0.10869412902832032,-0.0002479315185546782,0.108942060546875,0.6874529511295117,0.9828506721515133,1
REACTOME_COPI_INDEPENDENT_GOLGI_TO_ER_RETROGRADE_TRAFFIC,6,6,0.1085365860748291,-0.00018200927734374206,0.10871859535217285,0.7791701770170526,0.9828506721515133,1
REACTOME_GOLGI_TO_ER_RETROGRADE_TRANSPORT,24,24,0.1085365860748291,-0.00018200927734374206,0.10871859535217285,0.457204559664688,0.9828506721515133,1
REACTOME_CLATHRIN_MEDIATED_ENDOCYTOSIS,27,27,-0.10771596435546876,0.00045512390136717706,-0.10817108825683594,0.6358541213136936,0.9828506721515133,-1
REACTOME_BBSOME_MEDIATED_CARGO_TARGETING_TO_CILIUM,9,9,-0.10756026489257814,0.00045512390136717706,-0.10801538879394532,0.5593457472380021,0.9828506721515133,-1
REACTOME_ION_CHANNEL_TRANSPORT,26,26,0.10694412902832032,-0.0002479315185546782,0.107192060546875,0.5292286313905604,0.9828506721515133,1
REACTOME_SIGNALING_BY_NOTCH,35,35,0.10458769165039061,-0.0009189358520508006,0.10550662750244141,0.5661230337980151,0.9828506721515133,1
REACTOME_RMTS_METHYLATE_HISTONE_ARGININES,11,11,0.10458769165039061,-9.100463867187103e-05,0.10467869628906248,0.8229263556867333,0.9828506721515133,1
REACTOME_SMAD2_SMAD3_SMAD4_HETEROTRIMER_REGULATES_TRANSCRIPTION,10,10,0.10448333374023436,-0.00018200927734374206,0.1046653430175781,0.6329608963496343,0.9828506721515133,1
REACTOME_HIV_LIFE_CYCLE,32,32,0.10290770843505859,-0.0009755249023437607,0.10388323333740235,0.40809702631733413,0.9828506721515133,1
REACTOME_TRANSPORT_OF_VITAMINS_NUCLEOSIDES_AND_RELATED_MOLECULES,9,9,-0.10282441162109374,0.00045512390136717706,-0.10327953552246091,0.5795862902045203,0.9828506721515133,-1
REACTOME_MITOCHONDRIAL_TRANSLATION,24,24,0.09995098571777342,-0.0008623468017578406,0.10081333251953126,0.37311536651798183,0.9828506721515133,1
REACTOME_RNA_POLYMERASE_III_TRANSCRIPTION_INITIATION_FROM_TYPE_1_PROMOTER,10,10,0.09845789764404295,-0.00018200927734374206,0.09863990692138669,0.877982045431578,0.9828506721515133,1
REACTOME_NEGATIVE_REGULATION_OF_MAPK_PATHWAY,12,12,-0.09714055969238283,0.0005810095214843769,-0.09772156921386721,0.7517053640067911,0.9828506721515133,-1
REACTOME_HDR_THROUGH_HOMOLOGOUS_RECOMBINATION_HRR,21,21,0.09665719055175781,-0.0005551391601562594,0.09721232971191407,0.41910471131227167,0.9828506721515133,1
REACTOME_APC_C_CDC20_MEDIATED_DEGRADATION_OF_CYCLIN_B,8,8,0.09707722030639646,0.0,0.09707722030639646,0.7223667485483748,0.9828506721515133,1
REACTOME_UNFOLDED_PROTEIN_RESPONSE_UPR,22,22,0.09597743988037108,-0.00018200927734374206,0.09615944915771482,0.7638014890915139,0.9828506721515133,1
REACTOME_FATTY_ACYL_COA_BIOSYNTHESIS,10,10,0.09609117866516118,0.0,0.09609117866516118,0.7853236331278867,0.9828506721515133,1
REACTOME_SYNTHESIS_OF_GLYCOSYLPHOSPHATIDYLINOSITOL_GPI,7,7,0.0959825115966797,-9.100463867187103e-05,0.09607351623535157,0.3955460206434195,0.9828506721515133,1
REACTOME_FATTY_ACID_METABOLISM,37,37,-0.09472499389648442,0.0012446182250976379,-0.09596961212158206,0.5625823642096095,0.9828506721515133,-1
REACTOME_CLEC7A_DECTIN_1_INDUCES_NFAT_ACTIVATION,5,5,-0.09543845825195313,0.00045512390136717706,-0.0958935821533203,0.723764407166618,0.9828506721515133,-1
REACTOME_MYD88_INDEPENDENT_TLR4_CASCADE,24,24,0.0946461264038086,-0.0002479315185546782,0.09489405792236327,0.611448718148238,0.9828506721515133,1
REACTOME_ACTIVATION_OF_ANTERIOR_HOX_GENES_IN_HINDBRAIN_DEVELOPMENT_DURING_EARLY_EMBRYOGENESIS,21,21,0.09385191528320314,-0.0005551391601562594,0.0944070544433594,0.6253773067143196,0.9828506721515133,1
REACTOME_ASYMMETRIC_LOCALIZATION_OF_PCP_PROTEINS,7,7,-0.09384213012695314,0.00016461914062498861,-0.09400674926757813,0.915056562793473,0.9828506721515133,-1
REACTOME_CARGO_RECOGNITION_FOR_CLATHRIN_MEDIATED_ENDOCYTOSIS,17,17,-0.09384213012695314,0.00016461914062498861,-0.09400674926757813,0.8572451319358104,0.9828506721515133,-1
REACTOME_TRANSPORT_OF_MATURE_TRANSCRIPT_TO_CYTOPLASM,21,21,0.09287534912109374,-0.0010074896240234443,0.09388283874511719,0.37318755165891626,0.9828506721515133,1
REACTOME_VITAMIN_B5_PANTOTHENATE_METABOLISM,5,5,0.09377571350097658,-9.100463867187103e-05,0.09386671813964845,0.7541006860118238,0.9828506721515133,1
REACTOME_RNA_POLYMERASE_II_TRANSCRIPTION_TERMINATION,19,19,0.09287534912109374,-0.0009189358520508006,0.09379428497314454,0.4054506820656246,0.9828506721515133,1
REACTOME_RHOD_GTPASE_CYCLE,10,10,0.09351858276367189,-0.00018200927734374206,0.09370059204101563,0.8104519586862368,0.9828506721515133,1
REACTOME_INTERLEUKIN_4_AND_INTERLEUKIN_13_SIGNALING,38,38,0.09183604675292967,-0.0008623468017578406,0.09269839355468751,0.6401289970131734,0.9828506721515133,1
REACTOME_L1CAM_INTERACTIONS,22,22,0.09183867706298829,-0.00018200927734374206,0.09202068634033203,0.9105175119621716,0.9828506721515133,1
REACTOME_RNA_POLYMERASE_III_TRANSCRIPTION,14,14,0.09180935241699217,-0.00018200927734374206,0.09199136169433592,0.6780430543233458,0.9828506721515133,1
REACTOME_SIGNALING_BY_NOTCH4,6,6,0.0913753285217285,0.0,0.0913753285217285,0.6178805621973253,0.9828506721515133,1
REACTOME_SEMAPHORIN_INTERACTIONS,10,10,0.09068064456939695,0.0,0.09068064456939695,0.5442964361315208,0.9828506721515133,1
REACTOME_TRANSCRIPTION_OF_E2F_TARGETS_UNDER_NEGATIVE_CONTROL_BY_DREAM_COMPLEX,9,9,0.09056253570556638,-9.100463867187103e-05,0.09065354034423825,0.7422958726234978,0.9828506721515133,1
REACTOME_INTRA_GOLGI_AND_RETROGRADE_GOLGI_TO_ER_TRAFFIC,42,42,0.08797329376220703,-0.0008623468017578406,0.08883564056396487,0.4637430889992029,0.9828506721515133,1
REACTOME_SIALIC_ACID_METABOLISM,10,10,-0.08842052490234378,0.0,-0.08842052490234378,0.7503788566734391,0.9828506721515133,-1
REACTOME_SYNTHESIS_OF_SUBSTRATES_IN_N_GLYCAN_BIOSYTHESIS,16,16,-0.08842052490234378,0.0,-0.08842052490234378,0.4287355423250021,0.9828506721515133,-1
REACTOME_TP53_REGULATES_TRANSCRIPTION_OF_DNA_REPAIR_GENES,16,16,-0.08602414062500002,0.0005810095214843769,-0.0866051501464844,0.4571391219142775,0.9828506721515133,-1
REACTOME_BIOSYNTHESIS_OF_THE_N_GLYCAN_PRECURSOR_DOLICHOL_LIPID_LINKED_OLIGOSACCHARIDE_LLO_AND_TRANSFER_TO_A_NASCENT_PROTEIN,22,22,-0.08650726867675781,0.0,-0.08650726867675781,0.5545592264578524,0.9828506721515133,-1
REACTOME_MAP2K_AND_MAPK_ACTIVATION,8,8,-0.08534929077148434,0.0005810095214843769,-0.08593030029296872,0.42806482608893354,0.9828506721515133,-1
REACTOME_SIGNALING_BY_MODERATE_KINASE_ACTIVITY_BRAF_MUTANTS,8,8,-0.08534929077148434,0.00032923828124997723,-0.08567852905273432,0.7690355406047042,0.9828506721515133,-1
REACTOME_DNA_DAMAGE_TELOMERE_STRESS_INDUCED_SENESCENCE,5,5,0.08527281677246096,-0.00021497039794921013,0.08548778717041017,0.6952661742912115,0.9828506721515133,1
REACTOME_PCNA_DEPENDENT_LONG_PATCH_BASE_EXCISION_REPAIR,10,10,0.08528308990478514,-0.00018200927734374206,0.08546509918212888,0.645435959051895,0.9828506721515133,1
REACTOME_MRNA_SPLICING_MINOR_PATHWAY,14,14,-0.08390348937988279,0.00032923828124997723,-0.08423272766113277,0.4620270333092912,0.9828506721515133,-1
REACTOME_NUCLEOTIDE_SALVAGE,6,6,0.08385079559326172,-0.00018200927734374206,0.08403280487060547,0.4390331617241117,0.9828506721515133,1
REACTOME_DARPP_32_EVENTS,7,7,0.08132080566406247,-9.100463867187103e-05,0.08141181030273434,0.6718727089103881,0.9828506721515133,1
REACTOME_REGULATION_OF_RUNX1_EXPRESSION_AND_ACTIVITY,6,6,0.08122493865966796,-0.00018200927734374206,0.0814069479370117,0.4922785843564453,0.9828506721515133,1
REACTOME_TRANSCRIPTION_OF_E2F_TARGETS_UNDER_NEGATIVE_CONTROL_BY_P107_RBL1_AND_P130_RBL2_IN_COMPLEX_WITH_HDAC1,7,7,-0.08044476867675782,0.00016461914062498861,-0.0806093878173828,0.8997637451350177,0.9828506721515133,-1
REACTOME_ACTIVATION_OF_ATR_IN_RESPONSE_TO_REPLICATION_STRESS,12,12,-0.08027586608886719,0.00032923828124997723,-0.08060510437011717,0.5913094537420773,0.9828506721515133,-1
REACTOME_NEDDYLATION,45,45,-0.07992151855468749,0.0006406945800781216,-0.08056221313476561,0.8933307180781868,0.9828506721515133,-1
REACTOME_FORMATION_OF_FIBRIN_CLOT_CLOTTING_CASCADE,8,8,0.07991369506835938,-0.0002479315185546782,0.08016162658691406,0.6725026271850235,0.9828506721515133,1
REACTOME_TRANSCRIPTIONAL_REGULATION_BY_SMALL_RNAS,14,14,0.07953532806396485,-0.0002479315185546782,0.07978325958251953,0.5576766548731646,0.9828506721515133,1
REACTOME_GENERATION_OF_SECOND_MESSENGER_MOLECULES,17,17,0.07851788818359373,-0.00021497039794921013,0.07873285858154294,0.7937843185240028,0.9828506721515133,1
REACTOME_HIV_TRANSCRIPTION_INITIATION,12,12,0.0777293295288086,-0.00018200927734374206,0.07791133880615234,0.569189034680779,0.9828506721515133,1
REACTOME_P75_NTR_RECEPTOR_MEDIATED_SIGNALLING,29,29,0.07688029663085938,-0.0005551391601562594,0.07743543579101564,0.7259150696226232,0.9828506721515133,1
REACTOME_INTEGRATION_OF_ENERGY_METABOLISM,24,24,0.07700053771972654,-0.0002479315185546782,0.07724846923828121,0.3981971887110901,0.9828506721515133,1
REACTOME_VASOPRESSIN_REGULATES_RENAL_WATER_HOMEOSTASIS_VIA_AQUAPORINS,14,14,0.07700053771972654,-0.0002479315185546782,0.07724846923828121,0.6643705524249381,0.9828506721515133,1
REACTOME_FORMATION_OF_RNA_POL_II_ELONGATION_COMPLEX,16,16,-0.07686556030273436,0.00032923828124997723,-0.07719479858398434,0.8043426585010781,0.9828506721515133,-1
REACTOME_TIGHT_JUNCTION_INTERACTIONS,7,7,0.07688029663085938,-0.00021497039794921013,0.07709526702880859,0.7974120427255441,0.9828506721515133,1
REACTOME_RAC2_GTPASE_CYCLE,12,12,-0.07686445922851562,0.0,-0.07686445922851562,0.9109965659530685,0.9828506721515133,-1
REACTOME_TNFR2_NON_CANONICAL_NF_KB_PATHWAY,25,25,0.07440035888671875,-0.00021497039794921013,0.07461532928466796,0.5860710139210323,0.9828506721515133,1
REACTOME_MITOTIC_G1_PHASE_AND_G1_S_TRANSITION,39,39,0.07390898925781247,-9.100463867187103e-05,0.07399999389648435,0.4370630618530035,0.9828506721515133,1
REACTOME_PROCESSIVE_SYNTHESIS_ON_THE_LAGGING_STRAND,7,7,0.07390898925781247,-9.100463867187103e-05,0.07399999389648435,0.8936562634822159,0.9828506721515133,1
REACTOME_TRANSLESION_SYNTHESIS_BY_POLH,9,9,0.07390898925781247,-9.100463867187103e-05,0.07399999389648435,0.5829928357073466,0.9828506721515133,1
REACTOME_SYNTHESIS_OF_IP3_AND_IP4_IN_THE_CYTOSOL,6,6,-0.07357716796875002,0.00032923828124997723,-0.07390640625,0.7609980933440741,0.9828506721515133,-1
REACTOME_FCERI_MEDIATED_MAPK_ACTIVATION,10,10,-0.07383688598632812,0.0,-0.07383688598632812,0.6349769229431204,0.9828506721515133,-1
REACTOME_O_LINKED_GLYCOSYLATION_OF_MUCINS,13,13,-0.0734281701660156,0.00016461914062498861,-0.0735927893066406,0.9174122102640999,0.9828506721515133,-1
REACTOME_METABOLISM_OF_NUCLEOTIDES,26,26,0.07333137603759765,-0.00018200927734374206,0.07351338531494139,0.5767423530616057,0.9828506721515133,1
REACTOME_G_ALPHA_Z_SIGNALLING_EVENTS,13,13,0.0726802697753906,-0.0005551391601562594,0.07323540893554686,0.3836703173389103,0.9828506721515133,1
REACTOME_GABA_B_RECEPTOR_ACTIVATION,11,11,0.0726802697753906,-0.00021497039794921013,0.07289524017333981,0.7007067915246509,0.9828506721515133,1
REACTOME_INWARDLY_RECTIFYING_K_CHANNELS,9,9,0.0726802697753906,-0.00021497039794921013,0.07289524017333981,0.648342865221856,0.9828506721515133,1
REACTOME_REGULATION_OF_INSULIN_SECRETION,19,19,0.0726802697753906,-0.00021497039794921013,0.07289524017333981,0.4381294617815765,0.9828506721515133,1
REACTOME_THROMBIN_SIGNALLING_THROUGH_PROTEINASE_ACTIVATED_RECEPTORS_PARS,9,9,0.0726802697753906,-0.00021497039794921013,0.07289524017333981,0.49729328201004563,0.9828506721515133,1
REACTOME_KINESINS,16,16,0.07288444007873535,0.0,0.07288444007873535,0.8211427729968037,0.9828506721515133,1
REACTOME_CONVERSION_FROM_APC_C_CDC20_TO_APC_C_CDH1_IN_LATE_ANAPHASE,6,6,-0.07206371337890627,0.00032923828124997723,-0.07239295166015625,0.693156337716061,0.9828506721515133,-1
REACTOME_PHOSPHORYLATION_OF_THE_APC_C,6,6,-0.07206371337890627,0.00032923828124997723,-0.07239295166015625,0.693156337716061,0.9828506721515133,-1
REACTOME_NEGATIVE_REGULATION_OF_FGFR1_SIGNALING,5,5,-0.07207338989257811,0.00016461914062498861,-0.0722380090332031,0.5681893261612799,0.9828506721515133,-1
REACTOME_NEGATIVE_REGULATION_OF_FGFR2_SIGNALING,5,5,-0.07207338989257811,0.00016461914062498861,-0.0722380090332031,0.5681893261612799,0.9828506721515133,-1
REACTOME_GAMMA_CARBOXYLATION_HYPUSINE_FORMATION_AND_ARYLSULFATASE_ACTIVATION,13,13,0.07209563842773437,-9.100463867187103e-05,0.07218664306640624,0.7025600012195329,0.9828506721515133,1
REACTOME_TRANSCRIPTIONAL_REGULATION_BY_E2F6,14,14,-0.07148732208251951,0.0005810095214843769,-0.07206833160400389,0.4210874386599214,0.9828506721515133,-1
REACTOME_MRNA_SPLICING,44,44,0.0703304638671875,-0.0013855187988281448,0.07171598266601564,0.5628165559625051,0.9828506721515133,1
REACTOME_TRANSPORT_OF_INORGANIC_CATIONS_ANIONS_AND_AMINO_ACIDS_OLIGOPEPTIDES,11,11,0.07101054077148439,-9.100463867187103e-05,0.07110154541015626,0.7729211368002781,0.9828506721515133,1
REACTOME_GLYOXYLATE_METABOLISM_AND_GLYCINE_DEGRADATION,7,7,-0.0702790161132813,0.00016461914062498861,-0.07044363525390629,0.5338913881805527,0.9828506721515133,-1
REACTOME_DOWNREGULATION_OF_SMAD2_3_SMAD4_TRANSCRIPTIONAL_ACTIVITY,8,8,-0.0700611364746094,0.0,-0.0700611364746094,0.6458276732429146,0.9828506721515133,-1
REACTOME_SELENOAMINO_ACID_METABOLISM,12,12,0.06972707458496094,-0.00018200927734374206,0.06990908386230468,0.6465634295066509,0.9828506721515133,1
REACTOME_AQUAPORIN_MEDIATED_TRANSPORT,16,16,0.06894042724609373,-0.0002479315185546782,0.0691883587646484,0.83044757480947,0.9828506721515133,1
REACTOME_SENSORY_PROCESSING_OF_SOUND,9,9,-0.06873275512695315,0.00016461914062498861,-0.06889737426757814,0.4950908415416352,0.9828506721515133,-1
REACTOME_RHOV_GTPASE_CYCLE,12,12,-0.068054375,0.00032923828124997723,-0.06838361328124998,0.46754897477069524,0.9828506721515133,-1
REACTOME_COPI_MEDIATED_ANTEROGRADE_TRANSPORT,15,15,-0.06796651855468755,0.00016461914062498861,-0.06813113769531254,0.671363705371627,0.9828506721515133,-1
REACTOME_SARS_COV_INFECTIONS,39,39,0.06773101623535155,-9.100463867187103e-05,0.06782202087402342,0.7496804633053519,0.9828506721515133,1
REACTOME_INTRA_GOLGI_TRAFFIC,10,10,0.06641902725219728,-0.00018200927734374206,0.06660103652954102,0.8449966426822058,0.9828506721515133,1
REACTOME_INHIBITION_OF_DNA_RECOMBINATION_AT_TELOMERE,8,8,0.06621439727783204,-0.0002479315185546782,0.06646232879638672,0.6547976850758684,0.9828506721515133,1
REACTOME_DEADENYLATION_DEPENDENT_MRNA_DECAY,16,16,-0.06597657104492188,0.00032923828124997723,-0.06630580932617186,0.49078932376476425,0.9828506721515133,-1
REACTOME_MAPK_TARGETS_NUCLEAR_EVENTS_MEDIATED_BY_MAP_KINASES,9,9,0.06598661621093749,-9.100463867187103e-05,0.06607762084960936,0.9012994424418632,0.9828506721515133,1
REACTOME_REGULATION_OF_TP53_ACTIVITY_THROUGH_METHYLATION,6,6,0.06391500442504883,0.0,0.06391500442504883,0.8715822934565193,0.9828506721515133,1
REACTOME_HDMS_DEMETHYLATE_HISTONES,6,6,-0.06341979858398439,0.00032923828124997723,-0.06374903686523437,0.8949999929578862,0.9828506721515133,-1
REACTOME_PROCESSING_OF_CAPPED_INTRONLESS_PRE_MRNA,9,9,0.06337213378906248,-0.00021497039794921013,0.06358710418701169,0.6605419855485908,0.9828506721515133,1
REACTOME_PROCESSING_OF_INTRONLESS_PRE_MRNAS,9,9,0.06337213378906248,-0.00021497039794921013,0.06358710418701169,0.6605419855485908,0.9828506721515133,1
REACTOME_ABERRANT_REGULATION_OF_MITOTIC_EXIT_IN_CANCER_DUE_TO_RB1_DEFECTS,7,7,-0.06312664916992189,0.00016461914062498861,-0.06329126831054688,0.8346914359582128,0.9828506721515133,-1
REACTOME_G1_S_SPECIFIC_TRANSCRIPTION,13,13,-0.0625298754882812,0.00016461914062498861,-0.0626944946289062,0.8735404512387034,0.9828506721515133,-1
REACTOME_NR1H2_AND_NR1H3_MEDIATED_SIGNALING,12,12,-0.062489724426269516,0.0,-0.062489724426269516,0.3857609176051301,0.9828506721515133,-1
REACTOME_MITOTIC_G2_G2_M_PHASES,42,42,0.06143404602050781,0.0,0.06143404602050781,0.48652400493162573,0.9828506721515133,1
REACTOME_RECRUITMENT_OF_NUMA_TO_MITOTIC_CENTROSOMES,28,28,0.06143404602050781,0.0,0.06143404602050781,0.5977700482370986,0.9828506721515133,1
REACTOME_RAB_GEFS_EXCHANGE_GTP_FOR_GDP_ON_RABS,18,18,-0.06080641052246094,0.00032923828124997723,-0.06113564880371092,0.6986010214885108,0.9828506721515133,-1
REACTOME_ABC_FAMILY_PROTEINS_MEDIATED_TRANSPORT,17,17,0.06081565185546872,-9.100463867187103e-05,0.06090665649414059,0.6437397776530531,0.9828506721515133,1
REACTOME_ABC_TRANSPORTER_DISORDERS,11,11,0.06081565185546872,-9.100463867187103e-05,0.06090665649414059,0.4886299621270913,0.9828506721515133,1
REACTOME_SNRNP_ASSEMBLY,12,12,0.060246237792968754,-0.00018200927734374206,0.060428247070312496,0.7312003488684684,0.9828506721515133,1
REACTOME_SUMOYLATION_OF_UBIQUITINYLATION_PROTEINS,10,10,0.060246237792968754,-0.00018200927734374206,0.060428247070312496,0.76689168645703,0.9828506721515133,1
REACTOME_UBIQUINOL_BIOSYNTHESIS,5,5,0.060050107421875,-9.100463867187103e-05,0.06014111206054687,0.881133822038931,0.9828506721515133,1
REACTOME_GLUCOSE_METABOLISM,18,18,0.059755132141113276,-0.00018200927734374206,0.05993714141845702,0.7056526717239429,0.9828506721515133,1
REACTOME_GLYCOLYSIS,14,14,0.059755132141113276,-0.00018200927734374206,0.05993714141845702,0.766742119435915,0.9828506721515133,1
REACTOME_PROCESSING_OF_DNA_DOUBLE_STRAND_BREAK_ENDS,14,14,0.05928554580688475,-0.00018200927734374206,0.05946755508422849,0.6413550519886512,0.9828506721515133,1
REACTOME_NEGATIVE_EPIGENETIC_REGULATION_OF_RRNA_EXPRESSION,14,14,0.058299031677246094,0.0,0.058299031677246094,0.47648116184160316,0.9828506721515133,1
REACTOME_OXIDATIVE_STRESS_INDUCED_SENESCENCE,27,27,0.0578621856689453,-9.100463867187103e-05,0.05795319030761717,0.5502475554936629,0.9828506721515133,1
REACTOME_REGULATION_OF_MECP2_EXPRESSION_AND_ACTIVITY,9,9,0.0578621856689453,-9.100463867187103e-05,0.05795319030761717,0.8562235282278186,0.9828506721515133,1
REACTOME_TRANSCRIPTIONAL_REGULATION_BY_VENTX,13,13,0.0578621856689453,-9.100463867187103e-05,0.05795319030761717,0.755738347800265,0.9828506721515133,1
REACTOME_RAC1_GTPASE_CYCLE,34,34,0.05686860229492188,-0.0002479315185546782,0.05711653381347656,0.46405508797708184,0.9828506721515133,1
REACTOME_TRANSPORT_OF_BILE_SALTS_AND_ORGANIC_ACIDS_METAL_IONS_AND_AMINE_COMPOUNDS,11,11,-0.056345357666015616,0.00016461914062498861,-0.056509976806640605,0.690732661362323,0.9828506721515133,-1
REACTOME_ZINC_TRANSPORTERS,5,5,-0.056345357666015616,0.00016461914062498861,-0.056509976806640605,0.6876047384913262,0.9828506721515133,-1
REACTOME_ONCOGENE_INDUCED_SENESCENCE,12,12,0.05580674560546875,-0.00018200927734374206,0.05598875488281249,0.5815278139187381,0.9828506721515133,1
REACTOME_CARGO_TRAFFICKING_TO_THE_PERICILIARY_MEMBRANE,11,11,-0.05531925781250002,0.00016461914062498861,-0.05548387695312501,0.8662249058867509,0.9828506721515133,-1
REACTOME_ANCHORING_OF_THE_BASAL_BODY_TO_THE_PLASMA_MEMBRANE,29,29,-0.054824144287109355,0.0006406945800781216,-0.05546483886718748,0.9053590524080479,0.9828506721515133,-1
REACTOME_CILIUM_ASSEMBLY,55,55,-0.054824144287109355,0.0006406945800781216,-0.05546483886718748,0.8716465091530162,0.9828506721515133,-1
REACTOME_SIGNALING_BY_ROBO_RECEPTORS,29,29,-0.054824144287109355,0.00045512390136717706,-0.05527926818847653,0.5213958794423841,0.9828506721515133,-1
REACTOME_PLATELET_ACTIVATION_SIGNALING_AND_AGGREGATION,68,68,0.05372488098144532,-0.001039454345703128,0.054764335327148445,0.42506031238269437,0.9828506721515133,1
REACTOME_REGULATION_OF_EXPRESSION_OF_SLITS_AND_ROBOS,18,18,0.05464317047119141,0.0,0.05464317047119141,0.6716860134814788,0.9828506721515133,1
REACTOME_SARS_COV_1_INFECTION,12,12,0.054624542109370205,0.0,0.054624542109370205,0.6320900628025229,0.9828506721515133,1
REACTOME_RAS_PROCESSING,7,7,0.05411566040039062,-0.00021497039794921013,0.05433063079833983,0.4870830887123496,0.9828506721515133,1
REACTOME_RUNX1_REGULATES_GENES_INVOLVED_IN_MEGAKARYOCYTE_DIFFERENTIATION_AND_PLATELET_FUNCTION,13,13,0.05411566040039062,-0.00021497039794921013,0.05433063079833983,0.8784347217467849,0.9828506721515133,1
REACTOME_THE_PHOTOTRANSDUCTION_CASCADE,9,9,0.05411566040039062,-0.00021497039794921013,0.05433063079833983,0.8262931142757075,0.9828506721515133,1
REACTOME_B_WICH_COMPLEX_POSITIVELY_REGULATES_RRNA_EXPRESSION,7,7,-0.05343623657226565,0.0006406945800781216,-0.05407693115234377,0.4770161127243382,0.9828506721515133,-1
REACTOME_RNA_POLYMERASE_I_PROMOTER_ESCAPE,9,9,-0.05343623657226565,0.00045512390136717706,-0.05389136047363283,0.7087382376808695,0.9828506721515133,-1
REACTOME_RNA_POLYMERASE_I_TRANSCRIPTION_TERMINATION,9,9,-0.05343623657226565,0.00045512390136717706,-0.05389136047363283,0.7585082180759444,0.9828506721515133,-1
REACTOME_RHO_GTPASE_EFFECTORS,52,52,-0.0525153546142578,0.0005810095214843769,-0.053096364135742175,0.8100475338875868,0.9828506721515133,-1
REACTOME_SENSORY_PROCESSING_OF_SOUND_BY_OUTER_HAIR_CELLS_OF_THE_COCHLEA,6,6,0.05248766624450682,0.0,0.05248766624450682,0.8992250637885508,0.9828506721515133,1
REACTOME_GABA_RECEPTOR_ACTIVATION,12,12,0.05179361145019529,-0.00018200927734374206,0.05197562072753903,0.899734602419531,0.9828506721515133,1
REACTOME_TRANSLATION,52,52,0.05121777740478514,-0.0002479315185546782,0.05146570892333982,0.5850928611601516,0.9828506721515133,1
REACTOME_TRNA_PROCESSING,34,34,0.050930200805664044,-0.0002479315185546782,0.05117813232421872,0.8947510589866042,0.9828506721515133,1
REACTOME_POST_CHAPERONIN_TUBULIN_FOLDING_PATHWAY,5,5,-0.05059709350585939,0.00016461914062498861,-0.05076171264648438,0.5320039742113838,0.9828506721515133,-1
REACTOME_PYRUVATE_METABOLISM,8,8,-0.05034518554687503,0.0,-0.05034518554687503,0.5692038020615805,0.9828506721515133,-1
REACTOME_DNA_DOUBLE_STRAND_BREAK_RESPONSE,8,8,-0.05000928894042969,0.00032923828124997723,-0.05033852722167967,0.7477469935402897,0.9828506721515133,-1
REACTOME_TRANSCRIPTIONAL_REGULATION_BY_RUNX1,54,54,0.04967678054809571,-0.0002479315185546782,0.04992471206665039,0.4884595036477968,0.9828506721515133,1
REACTOME_INITIATION_OF_NUCLEAR_ENVELOPE_NE_REFORMATION,5,5,0.049715419921875004,-9.100463867187103e-05,0.049806424560546875,0.5589301922436104,0.9828506721515133,1
REACTOME_RHO_GTPASES_ACTIVATE_FORMINS,33,33,0.04919090148925781,-0.00021497039794921013,0.04940587188720702,0.5356871719645159,0.9828506721515133,1
REACTOME_ONCOGENIC_MAPK_SIGNALING,17,17,-0.04870725219726563,0.0006406945800781216,-0.04934794677734375,0.8734868979368395,0.9828506721515133,-1
REACTOME_SIGNALING_BY_BRAF_AND_RAF1_FUSIONS,15,15,-0.04870725219726563,0.0006406945800781216,-0.04934794677734375,0.8897674399807654,0.9828506721515133,-1
REACTOME_FORMATION_OF_THE_EARLY_ELONGATION_COMPLEX,9,9,-0.04896106445312498,0.00016461914062498861,-0.04912568359374997,0.6580228802794108,0.9828506721515133,-1
REACTOME_HIV_ELONGATION_ARREST_AND_RECOVERY,7,7,-0.04896106445312498,0.00016461914062498861,-0.04912568359374997,0.5950100556549047,0.9828506721515133,-1
REACTOME_CELL_CELL_JUNCTION_ORGANIZATION,9,9,0.0487064407348633,-9.100463867187103e-05,0.04879744537353517,0.7596433784264673,0.9828506721515133,1
REACTOME_CELL_JUNCTION_ORGANIZATION,9,9,0.0487064407348633,-9.100463867187103e-05,0.04879744537353517,0.7596433784264673,0.9828506721515133,1
REACTOME_CYCLIN_A_CDK2_ASSOCIATED_EVENTS_AT_S_PHASE_ENTRY,16,16,0.0487762237548828,0.0,0.0487762237548828,0.5179622107051005,0.9828506721515133,1
REACTOME_G2_M_CHECKPOINTS,24,24,-0.047975013427734386,0.00032923828124997723,-0.048304251708984364,0.6717696194909955,0.9828506721515133,-1
REACTOME_TNFS_BIND_THEIR_PHYSIOLOGICAL_RECEPTORS,15,15,0.04746091613769532,-9.100463867187103e-05,0.04755192077636719,0.7281733359228298,0.9828506721515133,1
REACTOME_RNA_POLYMERASE_II_TRANSCRIBES_SNRNA_GENES,23,23,-0.04685172241210939,0.0006406945800781216,-0.04749241699218751,0.8040537651180288,0.9828506721515133,-1
REACTOME_DUAL_INCISION_IN_TC_NER,23,23,0.04715597778320313,-9.100463867187103e-05,0.047246982421875,0.8624534185448014,0.9828506721515133,1
REACTOME_ESTROGEN_DEPENDENT_GENE_EXPRESSION,29,29,0.04715597778320313,-9.100463867187103e-05,0.047246982421875,0.7584958251254005,0.9828506721515133,1
REACTOME_FORMATION_OF_TC_NER_PRE_INCISION_COMPLEX,13,13,0.04715597778320313,-9.100463867187103e-05,0.047246982421875,0.5710622045074809,0.9828506721515133,1
REACTOME_METABOLISM_OF_RNA,150,150,0.04309741394042968,-0.003924626464843761,0.04702204040527344,0.3887863774926933,0.9828506721515133,1
REACTOME_SUMOYLATION_OF_CHROMATIN_ORGANIZATION_PROTEINS,20,20,-0.046305342712402386,0.00032923828124997723,-0.046634580993652364,0.4880686374415555,0.9828506721515133,-1
REACTOME_EPIGENETIC_REGULATION_OF_GENE_EXPRESSION,24,24,-0.04527427551269533,0.0005810095214843769,-0.04585528503417971,0.7688096512159898,0.9828506721515133,-1
REACTOME_TELOMERE_C_STRAND_LAGGING_STRAND_SYNTHESIS,17,17,0.04466210235595702,-0.0005221780395507913,0.045184280395507814,0.7428640934191291,0.9828506721515133,1
REACTOME_TOLL_LIKE_RECEPTOR_TLR1_TLR2_CASCADE,29,29,-0.04471553222656249,0.00016461914062498861,-0.04488015136718748,0.40244274124725676,0.9828506721515133,-1
REACTOME_TRANSCRIPTIONAL_REGULATION_BY_MECP2,15,15,-0.04471553222656249,0.00016461914062498861,-0.04488015136718748,0.7174857371473085,0.9828506721515133,-1
REACTOME_CELL_CYCLE_CHECKPOINTS,59,59,0.04466210235595702,-0.00021497039794921013,0.04487707275390623,0.7218901837114147,0.9828506721515133,1
REACTOME_REGULATION_OF_TP53_ACTIVITY,37,37,0.04466210235595702,-9.100463867187103e-05,0.044753106994628894,0.7583140758334845,0.9828506721515133,1
REACTOME_S_PHASE,46,46,-0.04402269775390627,0.0007003796386718664,-0.04472307739257814,0.8264026959351178,0.9828506721515133,-1
REACTOME_MEMBRANE_TRAFFICKING,122,122,0.04374239501953123,-0.0008623468017578406,0.04460474182128907,0.4684510552479203,0.9828506721515133,1
REACTOME_PD_1_SIGNALING,12,12,0.043596721801757804,-0.00018200927734374206,0.043778731079101546,0.8603218272189075,0.9828506721515133,1
REACTOME_INTRINSIC_PATHWAY_OF_FIBRIN_CLOT_FORMATION,5,5,0.042898542175292986,-0.00021497039794921013,0.043113512573242196,0.6943068861373,0.9828506721515133,1
REACTOME_PHASE_I_FUNCTIONALIZATION_OF_COMPOUNDS,11,11,-0.0426980944824219,0.00016461914062498861,-0.04286271362304689,0.6647268629989262,0.9828506721515133,-1
REACTOME_VISUAL_PHOTOTRANSDUCTION,20,20,0.042511306762695295,-0.00018200927734374206,0.04269331604003904,0.7207390393575037,0.9828506721515133,1
REACTOME_IRE1ALPHA_ACTIVATES_CHAPERONES,12,12,-0.04214982849121093,0.00032923828124997723,-0.04247906677246091,0.7690931141662377,0.9828506721515133,-1
REACTOME_SPHINGOLIPID_DE_NOVO_BIOSYNTHESIS,7,7,0.042147683105468736,-9.100463867187103e-05,0.04223868774414061,0.7479806126936137,0.9828506721515133,1
REACTOME_NEF_MEDIATES_DOWN_MODULATION_OF_CELL_SURFACE_RECEPTORS_BY_RECRUITING_THEM_TO_CLATHRIN_ADAPTERS,5,5,0.04195462646484377,-9.100463867187103e-05,0.04204563110351564,0.8541768040543997,0.9828506721515133,1
REACTOME_NCAM_SIGNALING_FOR_NEURITE_OUT_GROWTH,13,13,0.04138992431640626,-0.00021497039794921013,0.04160489471435547,0.38457493280401756,0.9828506721515133,1
REACTOME_MITOTIC_PROMETAPHASE,58,58,0.04125960357666014,-0.0002479315185546782,0.04150753509521482,0.43198353623235175,0.9828506721515133,1
REACTOME_INSERTION_OF_TAIL_ANCHORED_PROTEINS_INTO_THE_ENDOPLASMIC_RETICULUM_MEMBRANE,5,5,0.04138992431640626,-9.100463867187103e-05,0.04148092895507813,0.44921151558363714,0.9828506721515133,1
REACTOME_PEROXISOMAL_PROTEIN_IMPORT,18,18,0.04109457427978516,-0.00018200927734374206,0.041276583557128904,0.3984879466062934,0.9828506721515133,1
REACTOME_TRANSCRIPTIONAL_REGULATION_BY_TP53,90,90,-0.0388278350830078,0.0007003796386718664,-0.039528214721679666,0.602652519062387,0.9828506721515133,-1
REACTOME_SIGNALING_BY_NUCLEAR_RECEPTORS,69,69,0.03816311462402344,-0.0010074896240234443,0.039170604248046886,0.8179489434464795,0.9828506721515133,1
REACTOME_TRANSCRIPTIONAL_REGULATION_OF_PLURIPOTENT_STEM_CELLS,9,9,0.03900872802734373,-9.100463867187103e-05,0.0390997326660156,0.844535225950926,0.9828506721515133,1
REACTOME_RHOA_GTPASE_CYCLE,33,33,-0.03889693298339847,0.00016461914062498861,-0.03906155212402346,0.7315913725166544,0.9828506721515133,-1
REACTOME_DUAL_INCISION_IN_GG_NER,18,18,0.03877971740722655,-0.00018200927734374206,0.03896172668457029,0.8393905011387162,0.9828506721515133,1
REACTOME_CELL_CELL_COMMUNICATION,18,18,0.0381862373352051,-0.00018200927734374206,0.03836824661254884,0.8623031107195019,0.9828506721515133,1
REACTOME_INHIBITION_OF_THE_PROTEOLYTIC_ACTIVITY_OF_APC_C_REQUIRED_FOR_THE_ONSET_OF_ANAPHASE_BY_MITOTIC_SPINDLE_CHECKPOINT_COMPONENTS,8,8,0.035322576446533194,0.0,0.035322576446533194,0.7406909096566329,0.9828506721515133,1
REACTOME_TP53_REGULATES_TRANSCRIPTION_OF_ADDITIONAL_CELL_CYCLE_GENES_WHOSE_EXACT_ROLE_IN_THE_P53_PATHWAY_REMAIN_UNCERTAIN,6,6,0.03448830108642578,-0.00018200927734374206,0.034670310363769524,0.8790652285003672,0.9828506721515133,1
REACTOME_NEUREXINS_AND_NEUROLIGINS,5,5,-0.034439405517578126,0.00016461914062498861,-0.034604024658203114,0.7296060620072465,0.9828506721515133,-1
REACTOME_NRAGE_SIGNALS_DEATH_THROUGH_JNK,20,20,-0.03274755523681641,0.00032923828124997723,-0.03307679351806639,0.4142800849869229,0.9828506721515133,-1
REACTOME_DNA_REPAIR,80,80,-0.03166172180175783,0.0007003796386718664,-0.0323621014404297,0.6828873905195356,0.9828506721515133,-1
REACTOME_MITOTIC_PROPHASE,22,22,0.031956811218261716,-0.0002479315185546782,0.032204742736816394,0.6997790053831165,0.9828506721515133,1
REACTOME_POLYMERASE_SWITCHING,8,8,-0.031267009582519545,0.00032923828124997723,-0.03159624786376952,0.909616066676181,0.9828506721515133,-1
REACTOME_TRANSPORT_OF_SMALL_MOLECULES,125,125,0.03090695312499997,-0.0005551391601562594,0.03146209228515623,0.8905567778366181,0.9828506721515133,1
REACTOME_METABOLISM_OF_VITAMINS_AND_COFACTORS,40,40,-0.030460637817382813,0.0005810095214843769,-0.03104164733886719,0.5174995695588744,0.9828506721515133,-1
REACTOME_RESOLUTION_OF_ABASIC_SITES_AP_SITES,18,18,-0.029111674804687515,0.00032923828124997723,-0.029440913085937492,0.4837476385669204,0.9828506721515133,-1
REACTOME_SIGNALING_BY_WNT,53,53,0.02916906127929686,-0.00021497039794921013,0.02938403167724607,0.8247909048630329,0.9828506721515133,1
REACTOME_RRNA_PROCESSING,40,40,-0.028426439208984355,0.00032923828124997723,-0.028755677490234333,0.5331336454652662,0.9828506721515133,-1
REACTOME_RRNA_MODIFICATION_IN_THE_NUCLEUS_AND_CYTOSOL,19,19,-0.028300301513671855,0.00016461914062498861,-0.028464920654296844,0.8521788513240338,0.9828506721515133,-1
REACTOME_PLATELET_CALCIUM_HOMEOSTASIS,5,5,-0.027974354858398442,0.00045512390136717706,-0.02842947875976562,0.858236427650839,0.9828506721515133,-1
REACTOME_SIGNALING_BY_FGFR_IN_DISEASE,13,13,0.027666033935546896,-0.0005551391601562594,0.028221173095703156,0.8758238537041046,0.9828506721515133,1
REACTOME_DAP12_INTERACTIONS,13,13,0.027666033935546896,-0.00021497039794921013,0.027881004333496107,0.6427704603475436,0.9828506721515133,1
REACTOME_SIGNALING_BY_CYTOSOLIC_FGFR1_FUSION_MUTANTS,5,5,0.027666033935546896,-0.00021497039794921013,0.027881004333496107,0.487044051720263,0.9828506721515133,1
REACTOME_SIGNALING_BY_ERBB2_IN_CANCER,7,7,0.027666033935546896,-0.00021497039794921013,0.027881004333496107,0.9106838749685077,0.9828506721515133,1
REACTOME_SIGNALING_BY_FGFR2_IN_DISEASE,9,9,0.027666033935546896,-0.00021497039794921013,0.027881004333496107,0.7494458577628011,0.9828506721515133,1
REACTOME_SIGNALING_BY_FGFR4,7,7,0.027666033935546896,-0.00021497039794921013,0.027881004333496107,0.5061171320199799,0.9828506721515133,1
REACTOME_SIGNALING_BY_VEGF,25,25,-0.027329020996093745,0.00045512390136717706,-0.027784144897460922,0.7749078130500227,0.9828506721515133,-1
REACTOME_PI3K_EVENTS_IN_ERBB2_SIGNALING,5,5,0.027666033935546896,-9.100463867187103e-05,0.027757038574218768,0.6090864261387985,0.9828506721515133,1
REACTOME_SYNTHESIS_OF_PIPS_AT_THE_PLASMA_MEMBRANE,19,19,0.027666033935546896,-9.100463867187103e-05,0.027757038574218768,0.8578283713575812,0.9828506721515133,1
REACTOME_G_PROTEIN_MEDIATED_EVENTS,9,9,-0.027329020996093745,0.00016461914062498861,-0.027493640136718733,0.5782262917300502,0.9828506721515133,-1
REACTOME_PLATELET_HOMEOSTASIS,19,19,-0.027329020996093745,0.00016461914062498861,-0.027493640136718733,0.7455536685916639,0.9828506721515133,-1
REACTOME_VEGFR2_MEDIATED_CELL_PROLIFERATION,5,5,-0.027329020996093745,0.00016461914062498861,-0.027493640136718733,0.8450558841710193,0.9828506721515133,-1
REACTOME_ASSEMBLY_OF_THE_ORC_COMPLEX_AT_THE_ORIGIN_OF_REPLICATION,6,6,-0.027360164642333984,0.0,-0.027360164642333984,0.8426951183575911,0.9828506721515133,-1
REACTOME_FCGR3A_MEDIATED_IL10_SYNTHESIS,12,12,0.02699589233398436,0.0,0.02699589233398436,0.5555313677901919,0.9828506721515133,1
REACTOME_ACTIVATION_OF_BH3_ONLY_PROTEINS,7,7,-0.026598177490234354,0.00016461914062498861,-0.026762796630859342,0.894092316370022,0.9828506721515133,-1
REACTOME_DEFECTIVE_INTRINSIC_PATHWAY_FOR_APOPTOSIS,7,7,-0.026598177490234354,0.00016461914062498861,-0.026762796630859342,0.5736698886077647,0.9828506721515133,-1
REACTOME_FOXO_MEDIATED_TRANSCRIPTION,17,17,-0.026598177490234354,0.00016461914062498861,-0.026762796630859342,0.7831878835506275,0.9828506721515133,-1
REACTOME_METABOLISM_OF_WATER_SOLUBLE_VITAMINS_AND_COFACTORS,25,25,-0.024551418457031238,0.00045512390136717706,-0.025006542358398415,0.9031706873755585,0.9828506721515133,-1
REACTOME_SARS_COV_2_INFECTION,19,19,-0.024486447753906238,0.00045512390136717706,-0.024941571655273415,0.74295987552919,0.9828506721515133,-1
REACTOME_DISEASES_OF_MITOTIC_CELL_CYCLE,15,15,-0.02447051879882811,0.00045512390136717706,-0.02492564270019529,0.9114373195241394,0.9828506721515133,-1
REACTOME_DISEASES_OF_DNA_REPAIR,10,10,-0.02449546554565432,0.0,-0.02449546554565432,0.40819779679402823,0.9828506721515133,-1
REACTOME_HOMOLOGOUS_DNA_PAIRING_AND_STRAND_EXCHANGE,12,12,-0.02449546554565432,0.0,-0.02449546554565432,0.900757618174232,0.9828506721515133,-1
REACTOME_RESOLUTION_OF_D_LOOP_STRUCTURES_THROUGH_SYNTHESIS_DEPENDENT_STRAND_ANNEALING_SDSA,6,6,-0.02449546554565432,0.0,-0.02449546554565432,0.8753224298317414,0.9828506721515133,-1
REACTOME_FC_EPSILON_RECEPTOR_FCERI_SIGNALING,32,32,0.024227464294433593,-0.0002479315185546782,0.02447539581298827,0.6655706611121028,0.9828506721515133,1
REACTOME_DNA_DOUBLE_STRAND_BREAK_REPAIR,36,36,0.024156273956298824,-0.00018200927734374206,0.024338283233642566,0.8603936316432909,0.9828506721515133,1
REACTOME_SELECTIVE_AUTOPHAGY,16,16,0.023923910903930645,0.0,0.023923910903930645,0.7126277120929804,0.9828506721515133,1
REACTOME_PLATELET_ADHESION_TO_EXPOSED_COLLAGEN,7,7,0.02226423690795898,-9.100463867187103e-05,0.02235524154663085,0.7927280889846204,0.9828506721515133,1
REACTOME_HEMOSTASIS,146,146,0.02120649406433106,-0.0009755249023437607,0.02218201896667482,0.4232868917868686,0.9828506721515133,1
REACTOME_DEVELOPMENTAL_BIOLOGY,172,172,0.021105468139648448,-0.0008623468017578406,0.02196781494140629,0.6196041499352665,0.9828506721515133,1
REACTOME_DEGRADATION_OF_CYSTEINE_AND_HOMOCYSTEINE,5,5,0.021619537353515628,-9.100463867187103e-05,0.0217105419921875,0.9179546585722282,0.9828506721515133,1
REACTOME_IRON_UPTAKE_AND_TRANSPORT,15,15,0.021579956054687488,-9.100463867187103e-05,0.02167096069335936,0.8091402371335431,0.9828506721515133,1
REACTOME_ROS_AND_RNS_PRODUCTION_IN_PHAGOCYTES,7,7,0.021579956054687488,-9.100463867187103e-05,0.02167096069335936,0.8692900156068119,0.9828506721515133,1
REACTOME_MHC_CLASS_II_ANTIGEN_PRESENTATION,32,32,-0.020973225708007803,0.0,-0.020973225708007803,0.7460302762670596,0.9828506721515133,-1
REACTOME_ANTIGEN_PROCESSING_CROSS_PRESENTATION,15,15,0.02078889465332029,-9.100463867187103e-05,0.02087989929199216,0.8946441984119461,0.9828506721515133,1
REACTOME_CLEC7A_DECTIN_1_SIGNALING,17,17,0.02078889465332029,-9.100463867187103e-05,0.02087989929199216,0.6065461261138141,0.9828506721515133,1
REACTOME_TOLL_LIKE_RECEPTOR_9_TLR9_CASCADE,27,27,0.02078889465332029,-9.100463867187103e-05,0.02087989929199216,0.8676299344638385,0.9828506721515133,1
REACTOME_FCGAMMA_RECEPTOR_FCGR_DEPENDENT_PHAGOCYTOSIS,18,18,-0.02052328369140624,0.00032923828124997723,-0.02085252197265622,0.6446801697115974,0.9828506721515133,-1
REACTOME_ROLE_OF_PHOSPHOLIPIDS_IN_PHAGOCYTOSIS,8,8,-0.02052328369140624,0.00032923828124997723,-0.02085252197265622,0.7996801021215405,0.9828506721515133,-1
REACTOME_TRANS_GOLGI_NETWORK_VESICLE_BUDDING,16,16,0.02081334167480467,0.0,0.02081334167480467,0.7896441655920879,0.9828506721515133,1
REACTOME_RHOU_GTPASE_CYCLE,10,10,-0.020533360595703126,0.0,-0.020533360595703126,0.6205893698518135,0.9828506721515133,-1
REACTOME_GLUCONEOGENESIS,6,6,0.02013433837890627,0.0,0.02013433837890627,0.8200051583023809,0.9828506721515133,1
REACTOME_CLASS_I_MHC_MEDIATED_ANTIGEN_PROCESSING_PRESENTATION,77,77,0.019476997070312474,-0.00021497039794921013,0.019691967468261684,0.8666474192553532,0.9828506721515133,1
REACTOME_BASE_EXCISION_REPAIR_AP_SITE_FORMATION,8,8,-0.019572730712890646,0.0,-0.019572730712890646,0.46107038860730354,0.9828506721515133,-1
REACTOME_RHO_GTPASE_CYCLE,95,95,0.019323952636718766,-0.00021497039794921013,0.019538923034667977,0.540403097394345,0.9828506721515133,1
REACTOME_RHOBTB_GTPASE_CYCLE,7,7,0.019323952636718766,-9.100463867187103e-05,0.019414957275390637,0.6542033275400682,0.9828506721515133,1
REACTOME_ANTIGEN_PROCESSING_UBIQUITINATION_PROTEASOME_DEGRADATION,64,64,0.01889456726074218,-0.00018200927734374206,0.01907657653808592,0.7647110333089154,0.9828506721515133,1
REACTOME_SIGNALING_BY_FGFR1_IN_DISEASE,8,8,0.018081314392089848,-0.0002479315185546782,0.018329245910644526,0.5891295531294859,0.9828506721515133,1
REACTOME_INTERLEUKIN_2_FAMILY_SIGNALING,14,14,0.018081314392089848,-0.00018200927734374206,0.01826332366943359,0.5722429931160775,0.9828506721515133,1
REACTOME_POTASSIUM_CHANNELS,12,12,0.01772776626586911,-0.00018200927734374206,0.017909775543212852,0.8142255708682885,0.9828506721515133,1
REACTOME_CELLULAR_RESPONSE_TO_STARVATION,16,16,-0.01721164611816406,0.0,-0.01721164611816406,0.8693616412211883,0.9828506721515133,-1
REACTOME_ACTIVATION_OF_THE_PRE_REPLICATIVE_COMPLEX,12,12,-0.016645847473144543,0.00032923828124997723,-0.01697508575439452,0.5318104349010808,0.9828506721515133,-1
REACTOME_SIGNALING_BY_FGFR,18,18,0.01673037414550782,-0.00018200927734374206,0.016912383422851562,0.829218943672738,0.9828506721515133,1
REACTOME_SIGNALING_BY_FGFR2,16,16,0.01673037414550782,-0.00018200927734374206,0.016912383422851562,0.9006088987068976,0.9828506721515133,1
REACTOME_GLYCEROPHOSPHOLIPID_BIOSYNTHESIS,26,26,0.016502257003784188,0.0,0.016502257003784188,0.8504112359073702,0.9828506721515133,1
REACTOME_ACTIVATION_OF_GENE_EXPRESSION_BY_SREBF_SREBP,13,13,-0.015744967803955068,0.00016461914062498861,-0.015909586944580056,0.9187263696979745,0.9828506721515133,-1
REACTOME_METABOLISM_OF_STEROIDS,31,31,-0.015744967803955068,0.00016461914062498861,-0.015909586944580056,0.7038562868780747,0.9828506721515133,-1
REACTOME_SYNTHESIS_OF_PA,7,7,-0.015744967803955068,0.00016461914062498861,-0.015909586944580056,0.7538477573907951,0.9828506721515133,-1
REACTOME_SIGNALING_BY_GPCR,148,148,0.014793195495605482,-0.0008623468017578406,0.015655542297363323,0.556991230030297,0.9828506721515133,1
REACTOME_NONSENSE_MEDIATED_DECAY_NMD,13,13,-0.015409835205078104,0.00016461914062498861,-0.015574454345703093,0.7102515104620728,0.9828506721515133,-1
REACTOME_NONHOMOLOGOUS_END_JOINING_NHEJ,6,6,0.015472825927734385,0.0,0.015472825927734385,0.7094789416420358,0.9828506721515133,1
REACTOME_SUMOYLATION,52,52,0.015078312377929698,-0.0002479315185546782,0.015326243896484376,0.3915689861395232,0.9828506721515133,1
REACTOME_POLB_DEPENDENT_LONG_PATCH_BASE_EXCISION_REPAIR,5,5,-0.014078677978515641,0.00016461914062498861,-0.01424329711914063,0.636703726995729,0.9828506721515133,-1
REACTOME_NEPHRIN_FAMILY_INTERACTIONS,7,7,-0.013717546386718737,0.00016461914062498861,-0.013882165527343726,0.7673090660231047,0.9828506721515133,-1
REACTOME_RET_SIGNALING,7,7,-0.013717546386718737,0.00016461914062498861,-0.013882165527343726,0.9098096437396804,0.9828506721515133,-1
REACTOME_AURKA_ACTIVATION_BY_TPX2,23,23,-0.012722294921874988,0.00045512390136717706,-0.013177418823242165,0.8142047962480969,0.9828506721515133,-1
REACTOME_SIGNALING_BY_RHO_GTPASES_MIRO_GTPASES_AND_RHOBTB3,143,143,0.0129334295654297,-0.00021497039794921013,0.01314839996337891,0.6192869038577996,0.9828506721515133,1
REACTOME_DISORDERS_OF_TRANSMEMBRANE_TRANSPORTERS,30,30,-0.01270688262939454,0.00032923828124997723,-0.013036120910644516,0.6980453709304362,0.9828506721515133,-1
REACTOME_CDC42_GTPASE_CYCLE,31,31,0.0129334295654297,-9.100463867187103e-05,0.01302443420410157,0.6096037383112154,0.9828506721515133,1
REACTOME_G_ALPHA_Q_SIGNALLING_EVENTS,52,52,-0.012645822753906244,0.0,-0.012645822753906244,0.721366434807621,0.9828506721515133,-1
REACTOME_TOLL_LIKE_RECEPTOR_CASCADES,40,40,-0.011963318786621102,0.0,-0.011963318786621102,0.9009166317831435,0.9828506721515133,-1
REACTOME_SIGNALING_BY_FLT3_FUSION_PROTEINS,9,9,0.01124784301757814,-0.0005551391601562594,0.0118029821777344,0.7626729990226144,0.9828506721515133,1
REACTOME_PRE_NOTCH_EXPRESSION_AND_PROCESSING,10,10,-0.011291291503906259,0.0,-0.011291291503906259,0.6624533711002115,0.9828506721515133,-1
REACTOME_SIGNALING_BY_THE_B_CELL_RECEPTOR_BCR,24,24,-0.0107671533203125,0.0,-0.0107671533203125,0.9058011388094189,0.9828506721515133,-1
REACTOME_ORGANELLE_BIOGENESIS_AND_MAINTENANCE,71,71,0.010383201904296868,-9.100463867187103e-05,0.01047420654296874,0.7225114628229363,0.9828506721515133,1
REACTOME_RECRUITMENT_OF_MITOTIC_CENTROSOME_PROTEINS_AND_COMPLEXES,25,25,-0.009895700683593744,0.00016461914062498861,-0.010060319824218733,0.6204890438329091,0.9828506721515133,-1
REACTOME_REGULATION_OF_PLK1_ACTIVITY_AT_G2_M_TRANSITION,25,25,-0.009895700683593744,0.00016461914062498861,-0.010060319824218733,0.5286080520996839,0.9828506721515133,-1
REACTOME_MEIOSIS,22,22,0.009808917236328096,-0.00018200927734374206,0.009990926513671838,0.5319340704474322,0.9828506721515133,1
REACTOME_MEIOTIC_SYNAPSIS,16,16,0.009808917236328096,-0.00018200927734374206,0.009990926513671838,0.432666661416382,0.9828506721515133,1
REACTOME_SIGNALING_BY_TGFB_FAMILY_MEMBERS,26,26,0.009660754699707036,-0.00018200927734374206,0.009842763977050778,0.7631783489331808,0.9828506721515133,1
REACTOME_N_GLYCAN_TRIMMING_IN_THE_ER_AND_CALNEXIN_CALRETICULIN_CYCLE,6,6,-0.008969062805175815,0.0,-0.008969062805175815,0.8968774577564278,0.9828506721515133,-1
REACTOME_NEGATIVE_REGULATION_OF_THE_PI3K_AKT_NETWORK,25,25,-0.00864351623535159,0.00016461914062498861,-0.008808135375976578,0.7737619400208378,0.9828506721515133,-1
REACTOME_TRANSPORT_OF_MATURE_MRNAS_DERIVED_FROM_INTRONLESS_TRANSCRIPTS,11,11,0.008577797241210938,-0.00021497039794921013,0.008792767639160148,0.5935456612319221,0.9828506721515133,1
REACTOME_SIGNALING_BY_SCF_KIT,11,11,0.008496594848632799,-0.00021497039794921013,0.00871156524658201,0.7322876949218594,0.9828506721515133,1
REACTOME_TRNA_PROCESSING_IN_THE_NUCLEUS,21,21,0.008577797241210938,-9.100463867187103e-05,0.00866880187988281,0.8439088468808872,0.9828506721515133,1
REACTOME_INTERLEUKIN_20_FAMILY_SIGNALING,5,5,0.008496594848632799,-9.100463867187103e-05,0.00858759948730467,0.8082741963673986,0.9828506721515133,1
REACTOME_SENESCENCE_ASSOCIATED_SECRETORY_PHENOTYPE_SASP,19,19,-0.008072965087890627,0.00045512390136717706,-0.008528088989257804,0.7313242663976078,0.9828506721515133,-1
REACTOME_MITOPHAGY,6,6,-0.008464396209716812,0.0,-0.008464396209716812,0.7988340828709661,0.9828506721515133,-1
REACTOME_PKMTS_METHYLATE_HISTONE_LYSINES,9,9,-0.008072965087890627,0.00016461914062498861,-0.008237584228515615,0.626692777504662,0.9828506721515133,-1
REACTOME_SIGNALING_BY_ERYTHROPOIETIN,10,10,0.007145654602050772,-0.0002479315185546782,0.00739358612060545,0.8009588425975753,0.9828506721515133,1
REACTOME_SIGNALING_BY_KIT_IN_DISEASE,6,6,0.007145654602050772,-0.00018200927734374206,0.007327663879394514,0.5904029941241511,0.9828506721515133,1
REACTOME_ABERRANT_REGULATION_OF_MITOTIC_G1_S_TRANSITION_IN_CANCER_DUE_TO_RB1_DEFECTS,7,7,-0.007035244140625008,0.00016461914062498861,-0.007199863281249996,0.6414677116451273,0.9828506721515133,-1
REACTOME_CYCLIN_D_ASSOCIATED_EVENTS_IN_G1,17,17,-0.007035244140625008,0.00016461914062498861,-0.007199863281249996,0.5737950179164828,0.9828506721515133,-1
REACTOME_ERYTHROPOIETIN_ACTIVATES_PHOSPHOINOSITIDE_3_KINASE_PI3K,6,6,0.0069742437744140795,0.0,0.0069742437744140795,0.7778031407072307,0.9828506721515133,1
REACTOME_PHOSPHOLIPID_METABOLISM,54,54,0.0069742437744140795,0.0,0.0069742437744140795,0.8009138225780065,0.9828506721515133,1
REACTOME_PI_METABOLISM,28,28,0.0069742437744140795,0.0,0.0069742437744140795,0.596003224585667,0.9828506721515133,1
REACTOME_ROLE_OF_LAT2_NTAL_LAB_ON_CALCIUM_MOBILIZATION,6,6,0.0069742437744140795,0.0,0.0069742437744140795,0.8158526335614185,0.9828506721515133,1
REACTOME_CD209_DC_SIGN_SIGNALING,5,5,0.005794714355468744,-9.100463867187103e-05,0.005885718994140615,0.4895127623168287,0.9828506721515133,1
REACTOME_DOWNSTREAM_SIGNALING_OF_ACTIVATED_FGFR2,5,5,0.005794714355468744,-9.100463867187103e-05,0.005885718994140615,0.5090687779958671,0.9828506721515133,1
REACTOME_NERVOUS_SYSTEM_DEVELOPMENT,97,97,0.005794714355468744,-9.100463867187103e-05,0.005885718994140615,0.6677604070369566,0.9828506721515133,1
REACTOME_SHC1_EVENTS_IN_ERBB2_SIGNALING,5,5,0.005794714355468744,-9.100463867187103e-05,0.005885718994140615,0.5914083831363025,0.9828506721515133,1
REACTOME_SIGNALING_BY_FGFR1,9,9,0.005794714355468744,-9.100463867187103e-05,0.005885718994140615,0.6259882221480559,0.9828506721515133,1
REACTOME_CHROMOSOME_MAINTENANCE,33,33,0.004999210205078097,-0.0005221780395507913,0.005521388244628889,0.9140751102407596,0.9828506721515133,1
REACTOME_CONSTITUTIVE_SIGNALING_BY_AKT1_E17K_IN_CANCER,5,5,-0.005331928710937517,0.00016461914062498861,-0.0054965478515625055,0.48294369051334035,0.9828506721515133,-1
REACTOME_INTRACELLULAR_SIGNALING_BY_SECOND_MESSENGERS,63,63,-0.005331928710937517,0.00016461914062498861,-0.0054965478515625055,0.8657201306085978,0.9828506721515133,-1
REACTOME_PI3K_AKT_SIGNALING_IN_CANCER,25,25,-0.005331928710937517,0.00016461914062498861,-0.0054965478515625055,0.7630151422415025,0.9828506721515133,-1
REACTOME_REPRODUCTION,27,27,0.004999210205078097,-9.100463867187103e-05,0.005090214843749968,0.9074535810949891,0.9828506721515133,1
REACTOME_TELOMERE_EXTENSION_BY_TELOMERASE,7,7,0.004999210205078097,-9.100463867187103e-05,0.005090214843749968,0.8106493796130261,0.9828506721515133,1
REACTOME_MITOCHONDRIAL_CALCIUM_ION_TRANSPORT,5,5,-0.004826378173828139,0.00016461914062498861,-0.004990997314453127,0.7972623939623616,0.9828506721515133,-1
REACTOME_DEPOSITION_OF_NEW_CENPA_CONTAINING_NUCLEOSOMES_AT_THE_CENTROMERE,8,8,-0.00473968994140625,0.0,-0.00473968994140625,0.6140975108654737,0.9828506721515133,-1
REACTOME_CARDIAC_CONDUCTION,15,15,0.004548579406738251,-9.100463867187103e-05,0.004639584045410122,0.42383561521436197,0.9828506721515133,1
REACTOME_GOLGI_ASSOCIATED_VESICLE_BIOGENESIS,15,15,-0.004206419677734385,0.00016461914062498861,-0.004371038818359374,0.6863274470692438,0.9828506721515133,-1
REACTOME_SIGNALING_BY_PDGF,18,18,0.0037917855834960768,-0.00018200927734374206,0.003973794860839819,0.9039937498568389,0.9828506721515133,1
REACTOME_CELL_SURFACE_INTERACTIONS_AT_THE_VASCULAR_WALL,36,36,-0.003961416015624997,0.0,-0.003961416015624997,0.7403639366611844,0.9828506721515133,-1
REACTOME_TIE2_SIGNALING,6,6,-0.003961416015624997,0.0,-0.003961416015624997,0.7330811802503416,0.9828506721515133,-1
REACTOME_SUMOYLATION_OF_RNA_BINDING_PROTEINS,16,16,0.003857725219726549,0.0,0.003857725219726549,0.6448524141228982,0.9828506721515133,1
REACTOME_BASE_EXCISION_REPAIR,21,21,0.0036504455566406246,-9.100463867187103e-05,0.0037414501953124957,0.6658859528994996,0.9828506721515133,1
REACTOME_POST_TRANSLATIONAL_PROTEIN_MODIFICATION,301,301,-0.002368470458984362,0.0012446182250976379,-0.003613088684082,0.7782097606487219,0.9828506721515133,-1
REACTOME_BRANCHED_CHAIN_AMINO_ACID_CATABOLISM,6,6,-0.0033001409912109536,0.0,-0.0033001409912109536,0.7805378648692759,0.9828506721515133,-1
REACTOME_RUNX1_REGULATES_TRANSCRIPTION_OF_GENES_INVOLVED_IN_DIFFERENTIATION_OF_HSCS,13,13,0.0029740649414062292,-9.100463867187103e-05,0.0030650695800781003,0.5473915541268983,0.9828506721515133,1
REACTOME_TELOMERE_C_STRAND_SYNTHESIS_INITIATION,6,6,0.0023756393432617096,0.0,0.0023756393432617096,0.9170930201953426,0.9828506721515133,1
REACTOME_MET_PROMOTES_CELL_MOTILITY,5,5,0.0017888568115234094,-9.100463867187103e-05,0.0018798614501952804,0.6154857190663493,0.9828506721515133,1
REACTOME_ABORTIVE_ELONGATION_OF_HIV_1_TRANSCRIPT_IN_THE_ABSENCE_OF_TAT,6,6,-0.0009025433349609258,0.0,-0.0009025433349609258,0.7366653672918481,0.9828506721515133,-1
REACTOME_NGF_STIMULATED_TRANSCRIPTION,11,11,0.00032923828124997723,-9.100463867187103e-05,0.00042024291992184826,0.4326285968405186,0.9828506721515133,1
REACTOME_NUCLEAR_EVENTS_KINASE_AND_TRANSCRIPTION_FACTOR_ACTIVATION,15,15,0.00032923828124997723,-9.100463867187103e-05,0.00042024291992184826,0.7933457377457342,0.9828506721515133,1
REACTOME_METABOLISM_OF_LIPIDS,166,166,0.0004136779785156308,0.0,0.0004136779785156308,0.5541798792333218,0.9828506721515133,1
REACTOME_DISEASES_OF_PROGRAMMED_CELL_DEATH,13,13,-0.0002479315185546782,0.00016461914062498861,-0.0004125506591796668,0.4368040912465355,0.9828506721515133,-1
REACTOME_DNA_REPLICATION_PRE_INITIATION,19,19,-0.0002479315185546782,0.00016461914062498861,-0.0004125506591796668,0.8861796409812805,0.9828506721515133,-1
REACTOME_POLYMERASE_SWITCHING_ON_THE_C_STRAND_OF_THE_TELOMERE,13,13,-0.0002479315185546782,0.00016461914062498861,-0.0004125506591796668,0.9072353960529974,0.9828506721515133,-1
REACTOME_SYNTHESIS_OF_DNA,31,31,-0.0002479315185546782,0.00016461914062498861,-0.0004125506591796668,0.8426775327207411,0.9828506721515133,-1
REACTOME_EXTRA_NUCLEAR_ESTROGEN_SIGNALING,25,25,0.03090695312499997,-0.0005551391601562594,0.03146209228515623,0.9212083306155741,0.9842568095170202,1
REACTOME_TRIGLYCERIDE_METABOLISM,8,8,0.016502257003784188,0.0,0.016502257003784188,0.92521454945122,0.987285905300479,1
REACTOME_TERMINATION_OF_O_GLYCAN_BIOSYNTHESIS,6,6,-0.006856622705459614,0.0,-0.006856622705459614,0.9265138704587687,0.9874224940540353,-1
REACTOME_CD28_DEPENDENT_PI3K_AKT_SIGNALING,8,8,-0.11471863098144533,0.0,-0.11471863098144533,0.9309686581452553,0.9884213838998114,-1
REACTOME_METABOLISM_OF_POLYAMINES,8,8,-0.07804807006835937,0.00032923828124997723,-0.07837730834960935,0.9309686581452553,0.9884213838998114,-1
REACTOME_RESOLUTION_OF_D_LOOP_STRUCTURES,7,7,0.04466210235595702,-9.100463867187103e-05,0.044753106994628894,0.9295032045567798,0.9884213838998114,1
REACTOME_COOPERATION_OF_PREFOLDIN_AND_TRIC_CCT_IN_ACTIN_AND_TUBULIN_FOLDING,8,8,0.12576126808166505,-0.00018200927734374206,0.1259432773590088,0.9400177438704586,0.9892214998597963,1
REACTOME_MISCELLANEOUS_TRANSPORT_AND_BINDING_EVENTS,6,6,0.11339312866210938,-0.00018200927734374206,0.11357513793945312,0.9401912836653342,0.9892214998597963,1
REACTOME_CDC6_ASSOCIATION_WITH_THE_ORC_ORIGIN_COMPLEX,5,5,-0.08044476867675782,0.00016461914062498861,-0.0806093878173828,0.935917385468989,0.9892214998597963,-1
REACTOME_G_ALPHA_12_13_SIGNALLING_EVENTS,27,27,0.03090695312499997,-0.00021497039794921013,0.03112192352294918,0.9408612148282431,0.9892214998597963,1
REACTOME_PYRUVATE_METABOLISM_AND_CITRIC_ACID_TCA_CYCLE,13,13,0.026320251464843736,-9.100463867187103e-05,0.026411256103515607,0.9368170399609278,0.9892214998597963,1
REACTOME_ORC1_REMOVAL_FROM_CHROMATIN,12,12,0.021733250274658195,0.0,0.021733250274658195,0.9411098966637683,0.9892214998597963,1
REACTOME_MEIOTIC_RECOMBINATION,6,6,0.009293890991210918,0.0,0.009293890991210918,0.9335860482912728,0.9892214998597963,1
REACTOME_G2_M_DNA_DAMAGE_CHECKPOINT,12,12,-0.009122080535888671,0.0,-0.009122080535888671,0.9369976004780138,0.9892214998597963,-1
REACTOME_FOXO_MEDIATED_TRANSCRIPTION_OF_OXIDATIVE_STRESS_METABOLIC_AND_NEURONAL_GENES,6,6,-0.09948420837402341,0.0,-0.09948420837402341,0.9458560636324409,0.9905051697417983,-1
REACTOME_SIGNALING_BY_ERBB2,13,13,0.027666033935546896,-0.00021497039794921013,0.027881004333496107,0.9447219408868006,0.9905051697417983,1
REACTOME_HDR_THROUGH_SINGLE_STRAND_ANNEALING_SSA,12,12,-0.022288265228271514,0.0,-0.022288265228271514,0.9452237634934615,0.9905051697417983,-1
REACTOME_NUCLEOTIDE_CATABOLISM,8,8,-0.14049423461914068,0.00032923828124997723,-0.14082347290039066,0.9498979495629225,0.9915657872560535,-1
REACTOME_RUNX2_REGULATES_BONE_DEVELOPMENT,7,7,-0.1341833129882813,0.00016461914062498861,-0.13434793212890628,0.9527500446944286,0.9915657872560535,-1
REACTOME_RAB_GERANYLGERANYLATION,7,7,0.12159021148681642,-9.100463867187103e-05,0.1216812161254883,0.9518719870632303,0.9915657872560535,1
REACTOME_HCMV_EARLY_EVENTS,20,20,0.060246237792968754,-0.00018200927734374206,0.060428247070312496,0.9513599502714536,0.9915657872560535,1
REACTOME_EXTENSION_OF_TELOMERES,21,21,0.004999210205078097,-9.100463867187103e-05,0.005090214843749968,0.9496624047548796,0.9915657872560535,1
REACTOME_EGFR_DOWNREGULATION,7,7,0.3260966360473633,-9.100463867187103e-05,0.3261876406860351,0.9567019683557884,0.9922861332459302,1
REACTOME_REGULATION_OF_CHOLESTEROL_BIOSYNTHESIS_BY_SREBP_SREBF,16,16,0.08721465753555299,0.0,0.08721465753555299,0.9569734594649363,0.9922861332459302,1
REACTOME_TRANSCRIPTIONAL_ACTIVITY_OF_SMAD2_SMAD3_SMAD4_HETEROTRIMER,14,14,0.04136742370605467,-0.00018200927734374206,0.041549432983398416,0.954979205498531,0.9922861332459302,1
REACTOME_LAGGING_STRAND_SYNTHESIS,10,10,0.0368305288696289,0.0,0.0368305288696289,0.9603128932768068,0.9941002336751278,1
REACTOME_DNA_REPLICATION,35,35,-0.0002479315185546782,0.00016461914062498861,-0.0004125506591796668,0.961081483327674,0.9941002336751278,-1
REACTOME_MITOCHONDRIAL_FATTY_ACID_BETA_OXIDATION,5,5,-0.08914471557617193,0.00016461914062498861,-0.08930933471679692,0.9657467319514988,0.9964804100796983,-1
REACTOME_SWITCHING_OF_ORIGINS_TO_A_POST_REPLICATIVE_STATE,19,19,-0.03304376342773441,0.00016461914062498861,-0.033208382568359396,0.9651328553541254,0.9964804100796983,-1
REACTOME_TRANSLATION_OF_SARS_COV_1_STRUCTURAL_PROTEINS,9,9,-0.19679110473632816,0.00016461914062498861,-0.19695572387695315,0.9871108078879169,0.9967392084275355,-1
REACTOME_OVARIAN_TUMOR_DOMAIN_PROTEASES,7,7,0.13985426086425778,-9.100463867187103e-05,0.13994526550292966,0.9821903043387281,0.9967392084275355,1
REACTOME_SIGNALING_BY_WNT_IN_CANCER,5,5,0.13286575912475584,-9.100463867187103e-05,0.13295676376342772,0.9719251501477855,0.9967392084275355,1
REACTOME_BLOOD_GROUP_SYSTEMS_BIOSYNTHESIS,6,6,0.09011909505844115,0.0,0.09011909505844115,0.9850943838684432,0.9967392084275355,1
REACTOME_RAF_ACTIVATION,5,5,-0.07207338989257811,0.00016461914062498861,-0.0722380090332031,0.9858317731828773,0.9967392084275355,-1
REACTOME_TRANSCRIPTION_COUPLED_NUCLEOTIDE_EXCISION_REPAIR_TC_NER,25,25,-0.06228608764648441,0.00016461914062498861,-0.0624507067871094,0.9798243770910061,0.9967392084275355,-1
REACTOME_MICRORNA_MIRNA_BIOGENESIS,7,7,0.04715597778320313,-9.100463867187103e-05,0.047246982421875,0.9751562426287474,0.9967392084275355,1
REACTOME_MRNA_CAPPING,7,7,0.04715597778320313,-9.100463867187103e-05,0.047246982421875,0.9777938273220926,0.9967392084275355,1
REACTOME_SIGNALING_BY_TGF_BETA_RECEPTOR_COMPLEX,22,22,0.04136742370605467,-0.00018200927734374206,0.041549432983398416,0.985627995245943,0.9967392084275355,1
REACTOME_ESR_MEDIATED_SIGNALING,50,50,0.03903146545410155,-0.0008623468017578406,0.03989381225585939,0.9807324575293189,0.9967392084275355,1
REACTOME_DOWNREGULATION_OF_TGF_BETA_RECEPTOR_SIGNALING,8,8,0.024954966006278972,0.0,0.024954966006278972,0.9857652015998741,0.9967392084275355,1
REACTOME_TGF_BETA_RECEPTOR_SIGNALING_ACTIVATES_SMADS,8,8,0.024954966006278972,0.0,0.024954966006278972,0.9857652015998741,0.9967392084275355,1
REACTOME_HOMOLOGY_DIRECTED_REPAIR,28,28,0.024156273956298824,-0.00018200927734374206,0.024338283233642566,0.9779889776524737,0.9967392084275355,1
REACTOME_INTERLEUKIN_1_SIGNALING,19,19,0.02078889465332029,-9.100463867187103e-05,0.02087989929199216,0.9872802361055659,0.9967392084275355,1
REACTOME_FGFR1_MUTANT_RECEPTOR_ACTIVATION,6,6,0.018081314392089848,-0.00018200927734374206,0.01826332366943359,0.9770518333160012,0.9967392084275355,1
REACTOME_CELL_DEATH_SIGNALLING_VIA_NRAGE_NRIF_AND_NADE,25,25,0.0129334295654297,-9.100463867187103e-05,0.01302443420410157,0.9783921271442274,0.9967392084275355,1
REACTOME_CONSTITUTIVE_SIGNALING_BY_ABERRANT_PI3K_IN_CANCER,20,20,0.009511258850097654,0.0,0.009511258850097654,0.9806671489173177,0.9967392084275355,1
REACTOME_RESOLUTION_OF_AP_SITES_VIA_THE_MULTIPLE_NUCLEOTIDE_PATCH_REPLACEMENT_PATHWAY,13,13,0.0036504455566406246,-9.100463867187103e-05,0.0037414501953124957,0.9681361925201424,0.9967392084275355,1
REACTOME_REGULATION_OF_PYRUVATE_DEHYDROGENASE_PDH_COMPLEX,6,6,0.08083732055664061,-0.00018200927734374206,0.08101932983398435,0.990299208483838,0.9973981275410697,1
REACTOME_PECAM1_INTERACTIONS,6,6,-0.00884215332031249,0.0,-0.00884215332031249,0.9898260231051204,0.9973981275410697,-1
REACTOME_GAP_JUNCTION_TRAFFICKING_AND_REGULATION,5,5,0.15429903274536133,-9.100463867187103e-05,0.1543900373840332,0.9945900885304021,0.9997524208390116,1
REACTOME_TRANSCRIPTION_OF_THE_HIV_GENOME,15,15,-0.02869460571289062,0.00016461914062498861,-0.028859224853515608,0.995232082133014,0.9997524208390116,-1
REACTOME_ASPARAGINE_N_LINKED_GLYCOSYLATION,60,60,-0.027624804687500004,0.0005810095214843769,-0.02820581420898438,0.9961945830424315,0.9997524208390116,-1
REACTOME_PLATELET_AGGREGATION_PLUG_FORMATION,7,7,-0.09862519165039058,0.00016461914062498861,-0.09878981079101556,0.9997801097486313,0.9997801097486314,-1
REACTOME_SIGNALING_BY_NOTCH2,6,6,0.0873562837219238,0.0,0.0873562837219238,0.9978705101900206,0.9997801097486314,1
REACTOME_TELOMERE_MAINTENANCE,26,26,0.02483065628051756,-0.00018200927734374206,0.025012665557861302,0.9989460825369387,0.9997801097486314,1
REACTOME_2_LTR_CIRCLE_FORMATION,0,0,,,,,,0
REACTOME_ABACAVIR_METABOLISM,1,1,,,,,,0
REACTOME_ABACAVIR_TRANSMEMBRANE_TRANSPORT,2,2,,,,,,0
REACTOME_ABACAVIR_TRANSPORT_AND_METABOLISM,3,3,,,,,,0
REACTOME_ACETYLCHOLINE_BINDING_AND_DOWNSTREAM_EVENTS,2,2,,,,,,0
REACTOME_ACETYLCHOLINE_INHIBITS_CONTRACTION_OF_OUTER_HAIR_CELLS,0,0,,,,,,0
REACTOME_ACETYLCHOLINE_NEUROTRANSMITTER_RELEASE_CYCLE,2,2,,,,,,0
REACTOME_ACETYLCHOLINE_REGULATES_INSULIN_SECRETION,1,1,,,,,,0
REACTOME_ACROSOME_REACTION_AND_SPERM_OOCYTE_MEMBRANE_BINDING,2,2,,,,,,0
REACTOME_ACTIVATED_NTRK2_SIGNALS_THROUGH_CDK5,0,0,,,,,,0
REACTOME_ACTIVATED_NTRK2_SIGNALS_THROUGH_FRS2_AND_FRS3,1,1,,,,,,0
REACTOME_ACTIVATED_NTRK2_SIGNALS_THROUGH_FYN,1,1,,,,,,0
REACTOME_ACTIVATED_NTRK2_SIGNALS_THROUGH_PI3K,1,1,,,,,,0
REACTOME_ACTIVATED_NTRK2_SIGNALS_THROUGH_RAS,1,1,,,,,,0
REACTOME_ACTIVATED_NTRK3_SIGNALS_THROUGH_PI3K,1,1,,,,,,0
REACTOME_ACTIVATED_NTRK3_SIGNALS_THROUGH_RAS,1,1,,,,,,0
REACTOME_ACTIVATED_PKN1_STIMULATES_TRANSCRIPTION_OF_AR_ANDROGEN_RECEPTOR_REGULATED_GENES_KLK2_AND_KLK3,0,0,,,,,,0
REACTOME_ACTIVATED_TAK1_MEDIATES_P38_MAPK_ACTIVATION,3,3,,,,,,0
REACTOME_ACTIVATION_OF_AMPK_DOWNSTREAM_OF_NMDARS,4,4,,,,,,0
REACTOME_ACTIVATION_OF_BAD_AND_TRANSLOCATION_TO_MITOCHONDRIA,1,1,,,,,,0
REACTOME_ACTIVATION_OF_C3_AND_C5,1,1,,,,,,0
REACTOME_ACTIVATION_OF_CASPASES_THROUGH_APOPTOSOME_MEDIATED_CLEAVAGE,1,1,,,,,,0
REACTOME_ACTIVATION_OF_IRF3_IRF7_MEDIATED_BY_TBK1_IKK_EPSILON,4,4,,,,,,0
REACTOME_ACTIVATION_OF_NIMA_KINASES_NEK9_NEK6_NEK7,0,0,,,,,,0
REACTOME_ACTIVATION_OF_NOXA_AND_TRANSLOCATION_TO_MITOCHONDRIA,3,3,,,,,,0
REACTOME_ACTIVATION_OF_PPARGC1A_PGC_1ALPHA_BY_PHOSPHORYLATION,1,1,,,,,,0
REACTOME_ACTIVATION_OF_PUMA_AND_TRANSLOCATION_TO_MITOCHONDRIA,3,3,,,,,,0
REACTOME_ACTIVATION_OF_RAC1,2,2,,,,,,0
REACTOME_ACTIVATION_OF_RAC1_DOWNSTREAM_OF_NMDARS,1,1,,,,,,0
REACTOME_ACTIVATION_OF_RAS_IN_B_CELLS,1,1,,,,,,0
REACTOME_ACTIVATION_OF_SMO,4,4,,,,,,0
REACTOME_ACTIVATION_OF_THE_AP_1_FAMILY_OF_TRANSCRIPTION_FACTORS,4,4,,,,,,0
REACTOME_ACTIVATION_OF_THE_PHOTOTRANSDUCTION_CASCADE,2,2,,,,,,0
REACTOME_ACTIVATION_OF_THE_TFAP2_AP_2_FAMILY_OF_TRANSCRIPTION_FACTORS,3,3,,,,,,0
REACTOME_ACTIVATION_OF_TRKA_RECEPTORS,0,0,,,,,,0
REACTOME_ACYL_CHAIN_REMODELING_OF_CL,0,0,,,,,,0
REACTOME_ACYL_CHAIN_REMODELING_OF_DAG_AND_TAG,0,0,,,,,,0
REACTOME_ACYL_CHAIN_REMODELLING_OF_PC,2,2,,,,,,0
REACTOME_ACYL_CHAIN_REMODELLING_OF_PE,3,3,,,,,,0
REACTOME_ACYL_CHAIN_REMODELLING_OF_PG,2,2,,,,,,0
REACTOME_ACYL_CHAIN_REMODELLING_OF_PI,1,1,,,,,,0
REACTOME_ACYL_CHAIN_REMODELLING_OF_PS,3,3,,,,,,0
REACTOME_ADENYLATE_CYCLASE_ACTIVATING_PATHWAY,2,2,,,,,,0
REACTOME_ADENYLATE_CYCLASE_INHIBITORY_PATHWAY,2,2,,,,,,0
REACTOME_ADHERENS_JUNCTIONS_INTERACTIONS,2,2,,,,,,0
REACTOME_ADRENOCEPTORS,1,1,,,,,,0
REACTOME_AFLATOXIN_ACTIVATION_AND_DETOXIFICATION,2,2,,,,,,0
REACTOME_AKT_PHOSPHORYLATES_TARGETS_IN_THE_CYTOSOL,0,0,,,,,,0
REACTOME_AKT_PHOSPHORYLATES_TARGETS_IN_THE_NUCLEUS,2,2,,,,,,0
REACTOME_ALK_MUTANTS_BIND_TKIS,1,1,,,,,,0
REACTOME_ALPHA_DEFENSINS,0,0,,,,,,0
REACTOME_ALPHA_LINOLENIC_OMEGA3_AND_LINOLEIC_OMEGA6_ACID_METABOLISM,1,1,,,,,,0
REACTOME_ALPHA_OXIDATION_OF_PHYTANATE,2,2,,,,,,0
REACTOME_ALPHA_PROTEIN_KINASE_1_SIGNALING_PATHWAY,4,4,,,,,,0
REACTOME_ALTERNATIVE_COMPLEMENT_ACTIVATION,3,3,,,,,,0
REACTOME_AMINE_LIGAND_BINDING_RECEPTORS,1,1,,,,,,0
REACTOME_AMINO_ACID_CONJUGATION,1,1,,,,,,0
REACTOME_AMINO_ACID_TRANSPORT_ACROSS_THE_PLASMA_MEMBRANE,2,2,,,,,,0
REACTOME_AMPK_INHIBITS_CHREBP_TRANSCRIPTIONAL_ACTIVATION_ACTIVITY,1,1,,,,,,0
REACTOME_ANCHORING_FIBRIL_FORMATION,1,1,,,,,,0
REACTOME_ANDROGEN_BIOSYNTHESIS,1,1,,,,,,0
REACTOME_ANTIGEN_PRESENTATION_FOLDING_ASSEMBLY_AND_PEPTIDE_LOADING_OF_CLASS_I_MHC,4,4,,,,,,0
REACTOME_APEX1_INDEPENDENT_RESOLUTION_OF_AP_SITES_VIA_THE_SINGLE_NUCLEOTIDE_REPLACEMENT_PATHWAY,2,2,,,,,,0
REACTOME_APOBEC3G_MEDIATED_RESISTANCE_TO_HIV_1_INFECTION,1,1,,,,,,0
REACTOME_APOPTOSIS_INDUCED_DNA_FRAGMENTATION,4,4,,,,,,0
REACTOME_APOPTOTIC_CLEAVAGE_OF_CELL_ADHESION_PROTEINS,2,2,,,,,,0
REACTOME_APOPTOTIC_FACTOR_MEDIATED_RESPONSE,1,1,,,,,,0
REACTOME_ARACHIDONATE_PRODUCTION_FROM_DAG,0,0,,,,,,0
REACTOME_ARMS_MEDIATED_ACTIVATION,1,1,,,,,,0
REACTOME_ARYL_HYDROCARBON_RECEPTOR_SIGNALLING,1,1,,,,,,0
REACTOME_ASPARTATE_AND_ASPARAGINE_METABOLISM,2,2,,,,,,0
REACTOME_ASSEMBLY_OF_ACTIVE_LPL_AND_LIPC_LIPASE_COMPLEXES,2,2,,,,,,0
REACTOME_ATF6_ATF6_ALPHA_ACTIVATES_CHAPERONES,4,4,,,,,,0
REACTOME_ATF6_ATF6_ALPHA_ACTIVATES_CHAPERONE_GENES,4,4,,,,,,0
REACTOME_ATTACHMENT_AND_ENTRY,1,1,,,,,,0
REACTOME_ATTACHMENT_OF_GPI_ANCHOR_TO_UPAR,3,3,,,,,,0
REACTOME_BASIGIN_INTERACTIONS,4,4,,,,,,0
REACTOME_BETA_CATENIN_PHOSPHORYLATION_CASCADE,1,1,,,,,,0
REACTOME_BETA_DEFENSINS,2,2,,,,,,0
REACTOME_BETA_OXIDATION_OF_BUTANOYL_COA_TO_ACETYL_COA,2,2,,,,,,0
REACTOME_BETA_OXIDATION_OF_DECANOYL_COA_TO_OCTANOYL_COA_COA,2,2,,,,,,0
REACTOME_BETA_OXIDATION_OF_HEXANOYL_COA_TO_BUTANOYL_COA,1,1,,,,,,0
REACTOME_BETA_OXIDATION_OF_LAUROYL_COA_TO_DECANOYL_COA_COA,1,1,,,,,,0
REACTOME_BETA_OXIDATION_OF_OCTANOYL_COA_TO_HEXANOYL_COA,2,2,,,,,,0
REACTOME_BETA_OXIDATION_OF_PRISTANOYL_COA,3,3,,,,,,0
REACTOME_BETA_OXIDATION_OF_VERY_LONG_CHAIN_FATTY_ACIDS,4,4,,,,,,0
REACTOME_BH3_ONLY_PROTEINS_ASSOCIATE_WITH_AND_INACTIVATE_ANTI_APOPTOTIC_BCL_2_MEMBERS,4,4,,,,,,0
REACTOME_BICARBONATE_TRANSPORTERS,3,3,,,,,,0
REACTOME_BINDING_OF_TCF_LEF_CTNNB1_TO_TARGET_GENE_PROMOTERS,3,3,,,,,,0
REACTOME_BIOSYNTHESIS_OF_EPA_DERIVED_SPMS,1,1,,,,,,0
REACTOME_BIOSYNTHESIS_OF_MARESINS,1,1,,,,,,0
REACTOME_BIOSYNTHESIS_OF_MARESIN_LIKE_SPMS,0,0,,,,,,0
REACTOME_BIOSYNTHESIS_OF_SPECIALIZED_PRORESOLVING_MEDIATORS_SPMS,4,4,,,,,,0
REACTOME_BIOTIN_TRANSPORT_AND_METABOLISM,2,2,,,,,,0
REACTOME_BUDDING_AND_MATURATION_OF_HIV_VIRION,4,4,,,,,,0
REACTOME_BUTYRATE_RESPONSE_FACTOR_1_BRF1_BINDS_AND_DESTABILIZES_MRNA,4,4,,,,,,0
REACTOME_BUTYROPHILIN_BTN_FAMILY_INTERACTIONS,4,4,,,,,,0
REACTOME_CA2_ACTIVATED_K_CHANNELS,1,1,,,,,,0
REACTOME_CALCINEURIN_ACTIVATES_NFAT,3,3,,,,,,0
REACTOME_CALCITONIN_LIKE_LIGAND_RECEPTORS,2,2,,,,,,0
REACTOME_CALNEXIN_CALRETICULIN_CYCLE,4,4,,,,,,0
REACTOME_CAMK_IV_MEDIATED_PHOSPHORYLATION_OF_CREB,1,1,,,,,,0
REACTOME_CARNITINE_METABOLISM,3,3,,,,,,0
REACTOME_CASPASE_ACTIVATION_VIA_DEPENDENCE_RECEPTORS_IN_THE_ABSENCE_OF_LIGAND,3,3,,,,,,0
REACTOME_CASPASE_MEDIATED_CLEAVAGE_OF_CYTOSKELETAL_PROTEINS,4,4,,,,,,0
REACTOME_CATION_COUPLED_CHLORIDE_COTRANSPORTERS,2,2,,,,,,0
REACTOME_CD163_MEDIATING_AN_ANTI_INFLAMMATORY_RESPONSE,2,2,,,,,,0
REACTOME_CD22_MEDIATED_BCR_REGULATION,2,2,,,,,,0
REACTOME_CD28_DEPENDENT_VAV1_PATHWAY,2,2,,,,,,0
REACTOME_CELL_EXTRACELLULAR_MATRIX_INTERACTIONS,1,1,,,,,,0
REACTOME_CGMP_EFFECTS,3,3,,,,,,0
REACTOME_CHK1_CHK2_CDS1_MEDIATED_INACTIVATION_OF_CYCLIN_B_CDK1_COMPLEX,0,0,,,,,,0
REACTOME_CHL1_INTERACTIONS,3,3,,,,,,0
REACTOME_CHOLINE_CATABOLISM,0,0,,,,,,0
REACTOME_CHONDROITIN_SULFATE_BIOSYNTHESIS,2,2,,,,,,0
REACTOME_CHREBP_ACTIVATES_METABOLIC_GENE_EXPRESSION,2,2,,,,,,0
REACTOME_CHYLOMICRON_ASSEMBLY,2,2,,,,,,0
REACTOME_CHYLOMICRON_CLEARANCE,4,4,,,,,,0
REACTOME_CHYLOMICRON_REMODELING,2,2,,,,,,0
REACTOME_CITRIC_ACID_CYCLE_TCA_CYCLE,4,4,,,,,,0
REACTOME_CLASS_C_3_METABOTROPIC_GLUTAMATE_PHEROMONE_RECEPTORS,1,1,,,,,,0
REACTOME_CLEC7A_INFLAMMASOME_PATHWAY,3,3,,,,,,0
REACTOME_COBALAMIN_CBL_VITAMIN_B12_TRANSPORT_AND_METABOLISM,4,4,,,,,,0
REACTOME_COENZYME_A_BIOSYNTHESIS,3,3,,,,,,0
REACTOME_COHESIN_LOADING_ONTO_CHROMATIN,4,4,,,,,,0
REACTOME_COMPETING_ENDOGENOUS_RNAS_CERNAS_REGULATE_PTEN_TRANSLATION,3,3,,,,,,0
REACTOME_CONDENSATION_OF_PROMETAPHASE_CHROMOSOMES,3,3,,,,,,0
REACTOME_CONDENSATION_OF_PROPHASE_CHROMOSOMES,4,4,,,,,,0
REACTOME_CONJUGATION_OF_BENZOATE_WITH_GLYCINE,1,1,,,,,,0
REACTOME_CONSTITUTIVE_SIGNALING_BY_EGFRVIII,4,4,,,,,,0
REACTOME_CONSTITUTIVE_SIGNALING_BY_OVEREXPRESSED_ERBB2,2,2,,,,,,0
REACTOME_CREATINE_METABOLISM,1,1,,,,,,0
REACTOME_CREATION_OF_C4_AND_C2_ACTIVATORS,4,4,,,,,,0
REACTOME_CREB1_PHOSPHORYLATION_THROUGH_THE_ACTIVATION_OF_ADENYLATE_CYCLASE,4,4,,,,,,0
REACTOME_CREB1_PHOSPHORYLATION_THROUGH_THE_ACTIVATION_OF_CAMKII_CAMKK_CAMKIV_CASCASDE,0,0,,,,,,0
REACTOME_CREB3_FACTORS_ACTIVATE_GENES,2,2,,,,,,0
REACTOME_CREB_PHOSPHORYLATION,3,3,,,,,,0
REACTOME_CRISTAE_FORMATION,3,3,,,,,,0
REACTOME_CRMPS_IN_SEMA3A_SIGNALING,2,2,,,,,,0
REACTOME_CROSSLINKING_OF_COLLAGEN_FIBRILS,3,3,,,,,,0
REACTOME_CROSS_PRESENTATION_OF_PARTICULATE_EXOGENOUS_ANTIGENS_PHAGOSOMES,1,1,,,,,,0
REACTOME_CROSS_PRESENTATION_OF_SOLUBLE_EXOGENOUS_ANTIGENS_ENDOSOMES,3,3,,,,,,0
REACTOME_CS_DS_DEGRADATION,1,1,,,,,,0
REACTOME_CYCLIN_A_B1_B2_ASSOCIATED_EVENTS_DURING_G2_M_TRANSITION,3,3,,,,,,0
REACTOME_CYP2E1_REACTIONS,0,0,,,,,,0
REACTOME_CYTOCHROME_C_MEDIATED_APOPTOTIC_RESPONSE,1,1,,,,,,0
REACTOME_CYTOCHROME_P450_ARRANGED_BY_SUBSTRATE_TYPE,4,4,,,,,,0
REACTOME_CYTOSOLIC_IRON_SULFUR_CLUSTER_ASSEMBLY,2,2,,,,,,0
REACTOME_CYTOSOLIC_TRNA_AMINOACYLATION,1,1,,,,,,0
REACTOME_DCC_MEDIATED_ATTRACTIVE_SIGNALING,4,4,,,,,,0
REACTOME_DEADENYLATION_OF_MRNA,3,3,,,,,,0
REACTOME_DEFECTIVE_B4GALT1_CAUSES_B4GALT1_CDG_CDG_2D,0,0,,,,,,0
REACTOME_DEFECTIVE_B4GALT7_CAUSES_EDS_PROGEROID_TYPE,4,4,,,,,,0
REACTOME_DEFECTIVE_C1GALT1C1_CAUSES_TNPS,1,1,,,,,,0
REACTOME_DEFECTIVE_CHST14_CAUSES_EDS_MUSCULOCONTRACTURAL_TYPE,1,1,,,,,,0
REACTOME_DEFECTIVE_CHST3_CAUSES_SEDCJD,1,1,,,,,,0
REACTOME_DEFECTIVE_CHST6_CAUSES_MCDC1,0,0,,,,,,0
REACTOME_DEFECTIVE_CHSY1_CAUSES_TPBS,1,1,,,,,,0
REACTOME_DEFECTIVE_CSF2RB_CAUSES_SMDP5,0,0,,,,,,0
REACTOME_DEFECTIVE_EXT2_CAUSES_EXOSTOSES_2,2,2,,,,,,0
REACTOME_DEFECTIVE_F9_ACTIVATION,2,2,,,,,,0
REACTOME_DEFECTIVE_FACTOR_IX_CAUSES_HEMOPHILIA_B,2,2,,,,,,0
REACTOME_DEFECTIVE_FACTOR_VIII_CAUSES_HEMOPHILIA_A,2,2,,,,,,0
REACTOME_DEFECTIVE_GALNT3_CAUSES_HFTC,2,2,,,,,,0
REACTOME_DEFECTIVE_LFNG_CAUSES_SCDO3,0,0,,,,,,0
REACTOME_DEFECTIVE_RIPK1_MEDIATED_REGULATED_NECROSIS,1,1,,,,,,0
REACTOME_DEFECTIVE_ST3GAL3_CAUSES_MCT12_AND_EIEE15,1,1,,,,,,0
REACTOME_DEFECTS_IN_BIOTIN_BTN_METABOLISM,1,1,,,,,,0
REACTOME_DEFECTS_IN_COBALAMIN_B12_METABOLISM,3,3,,,,,,0
REACTOME_DEFECTS_IN_VITAMIN_AND_COFACTOR_METABOLISM,4,4,,,,,,0
REACTOME_DEFENSINS,2,2,,,,,,0
REACTOME_DERMATAN_SULFATE_BIOSYNTHESIS,1,1,,,,,,0
REACTOME_DEX_H_BOX_HELICASES_ACTIVATE_TYPE_I_IFN_AND_INFLAMMATORY_CYTOKINES_PRODUCTION,0,0,,,,,,0
REACTOME_DIGESTION,1,1,,,,,,0
REACTOME_DIGESTION_AND_ABSORPTION,2,2,,,,,,0
REACTOME_DIGESTION_OF_DIETARY_CARBOHYDRATE,1,1,,,,,,0
REACTOME_DIGESTION_OF_DIETARY_LIPID,0,0,,,,,,0
REACTOME_DISASSEMBLY_OF_THE_DESTRUCTION_COMPLEX_AND_RECRUITMENT_OF_AXIN_TO_THE_MEMBRANE,2,2,,,,,,0
REACTOME_DISEASES_ASSOCIATED_WITH_SURFACTANT_METABOLISM,1,1,,,,,,0
REACTOME_DISEASES_OF_BASE_EXCISION_REPAIR,3,3,,,,,,0
REACTOME_DISEASES_OF_MISMATCH_REPAIR_MMR,1,1,,,,,,0
REACTOME_DISINHIBITION_OF_SNARE_FORMATION,0,0,,,,,,0
REACTOME_DISPLACEMENT_OF_DNA_GLYCOSYLASE_BY_APEX1,4,4,,,,,,0
REACTOME_DISSOLUTION_OF_FIBRIN_CLOT,4,4,,,,,,0
REACTOME_DNA_DAMAGE_REVERSAL,2,2,,,,,,0
REACTOME_DNA_METHYLATION,0,0,,,,,,0
REACTOME_DNA_REPLICATION_INITIATION,3,3,,,,,,0
REACTOME_DOPAMINE_CLEARANCE_FROM_THE_SYNAPTIC_CLEFT,1,1,,,,,,0
REACTOME_DOPAMINE_NEUROTRANSMITTER_RELEASE_CYCLE,2,2,,,,,,0
REACTOME_DOPAMINE_RECEPTORS,0,0,,,,,,0
REACTOME_DOWNREGULATION_OF_ERBB4_SIGNALING,3,3,,,,,,0
REACTOME_DOWNSTREAM_SIGNALING_OF_ACTIVATED_FGFR3,4,4,,,,,,0
REACTOME_DOWNSTREAM_SIGNALING_OF_ACTIVATED_FGFR4,4,4,,,,,,0
REACTOME_DSCAM_INTERACTIONS,2,2,,,,,,0
REACTOME_E2F_ENABLED_INHIBITION_OF_PRE_REPLICATION_COMPLEX_FORMATION,4,4,,,,,,0
REACTOME_EARLY_PHASE_OF_HIV_LIFE_CYCLE,3,3,,,,,,0
REACTOME_EGFR_INTERACTS_WITH_PHOSPHOLIPASE_C_GAMMA,3,3,,,,,,0
REACTOME_EGFR_TRANSACTIVATION_BY_GASTRIN,1,1,,,,,,0
REACTOME_EICOSANOIDS,0,0,,,,,,0
REACTOME_ELECTRIC_TRANSMISSION_ACROSS_GAP_JUNCTIONS,0,0,,,,,,0
REACTOME_ELEVATION_OF_CYTOSOLIC_CA2_LEVELS,4,4,,,,,,0
REACTOME_ENDOGENOUS_STEROLS,3,3,,,,,,0
REACTOME_ENDOSOMAL_SORTING_COMPLEX_REQUIRED_FOR_TRANSPORT_ESCRT,4,4,,,,,,0
REACTOME_ENDOSOMAL_VACUOLAR_PATHWAY,3,3,,,,,,0
REACTOME_ENERGY_DEPENDENT_REGULATION_OF_MTOR_BY_LKB1_AMPK,4,4,,,,,,0
REACTOME_ENOS_ACTIVATION,2,2,,,,,,0
REACTOME_EPHRIN_SIGNALING,3,3,,,,,,0
REACTOME_ERBB2_REGULATES_CELL_MOTILITY,4,4,,,,,,0
REACTOME_ERKS_ARE_INACTIVATED,1,1,,,,,,0
REACTOME_ERK_MAPK_TARGETS,4,4,,,,,,0
REACTOME_ERYTHROPOIETIN_ACTIVATES_PHOSPHOLIPASE_C_GAMMA_PLCG,3,3,,,,,,0
REACTOME_ERYTHROPOIETIN_ACTIVATES_RAS,4,4,,,,,,0
REACTOME_ERYTHROPOIETIN_ACTIVATES_STAT5,3,3,,,,,,0
REACTOME_ER_QUALITY_CONTROL_COMPARTMENT_ERQC,4,4,,,,,,0
REACTOME_ESTABLISHMENT_OF_SISTER_CHROMATID_COHESION,4,4,,,,,,0
REACTOME_ESTROGEN_BIOSYNTHESIS,0,0,,,,,,0
REACTOME_ESTROGEN_STIMULATED_SIGNALING_THROUGH_PRKCZ,2,2,,,,,,0
REACTOME_ETHANOL_OXIDATION,1,1,,,,,,0
REACTOME_EXTRINSIC_PATHWAY_OF_FIBRIN_CLOT_FORMATION,0,0,,,,,,0
REACTOME_FASL_CD95L_SIGNALING,3,3,,,,,,0
REACTOME_FATTY_ACIDS,0,0,,,,,,0
REACTOME_FATTY_ACIDS_BOUND_TO_GPR40_FFAR1_REGULATE_INSULIN_SECRETION,1,1,,,,,,0
REACTOME_FBXW7_MUTANTS_AND_NOTCH1_IN_CANCER,0,0,,,,,,0
REACTOME_FGFR1B_LIGAND_BINDING_AND_ACTIVATION,1,1,,,,,,0
REACTOME_FGFR1C_LIGAND_BINDING_AND_ACTIVATION,1,1,,,,,,0
REACTOME_FGFR1_LIGAND_BINDING_AND_ACTIVATION,2,2,,,,,,0
REACTOME_FGFR2B_LIGAND_BINDING_AND_ACTIVATION,3,3,,,,,,0
REACTOME_FGFR2C_LIGAND_BINDING_AND_ACTIVATION,1,1,,,,,,0
REACTOME_FGFR2_LIGAND_BINDING_AND_ACTIVATION,4,4,,,,,,0
REACTOME_FGFR3B_LIGAND_BINDING_AND_ACTIVATION,1,1,,,,,,0
REACTOME_FGFR3_LIGAND_BINDING_AND_ACTIVATION,2,2,,,,,,0
REACTOME_FGFRL1_MODULATION_OF_FGFR1_SIGNALING,1,1,,,,,,0
REACTOME_FIBRONECTIN_MATRIX_FORMATION,0,0,,,,,,0
REACTOME_FICOLINS_BIND_TO_REPETITIVE_CARBOHYDRATE_STRUCTURES_ON_THE_TARGET_CELL_SURFACE,1,1,,,,,,0
REACTOME_FLT3_SIGNALING_BY_CBL_MUTANTS,3,3,,,,,,0
REACTOME_FLT3_SIGNALING_THROUGH_SRC_FAMILY_KINASES,3,3,,,,,,0
REACTOME_FOLDING_OF_ACTIN_BY_CCT_TRIC,3,3,,,,,,0
REACTOME_FORMATION_OF_APOPTOSOME,0,0,,,,,,0
REACTOME_FORMATION_OF_ATP_BY_CHEMIOSMOTIC_COUPLING,0,0,,,,,,0
REACTOME_FORMATION_OF_SENESCENCE_ASSOCIATED_HETEROCHROMATIN_FOCI_SAHF,1,1,,,,,,0
REACTOME_FORMATION_OF_XYLULOSE_5_PHOSPHATE,0,0,,,,,,0
REACTOME_FORMYL_PEPTIDE_RECEPTORS_BIND_FORMYL_PEPTIDES_AND_MANY_OTHER_LIGANDS,3,3,,,,,,0
REACTOME_FOXO_MEDIATED_TRANSCRIPTION_OF_CELL_CYCLE_GENES,4,4,,,,,,0
REACTOME_FREE_FATTY_ACIDS_REGULATE_INSULIN_SECRETION,1,1,,,,,,0
REACTOME_FREE_FATTY_ACID_RECEPTORS,0,0,,,,,,0
REACTOME_FRS_MEDIATED_FGFR1_SIGNALING,3,3,,,,,,0
REACTOME_FRS_MEDIATED_FGFR2_SIGNALING,3,3,,,,,,0
REACTOME_FRS_MEDIATED_FGFR3_SIGNALING,2,2,,,,,,0
REACTOME_FRS_MEDIATED_FGFR4_SIGNALING,2,2,,,,,,0
REACTOME_FRUCTOSE_CATABOLISM,1,1,,,,,,0
REACTOME_FRUCTOSE_METABOLISM,1,1,,,,,,0
REACTOME_G2_M_DNA_REPLICATION_CHECKPOINT,0,0,,,,,,0
REACTOME_G2_PHASE,1,1,,,,,,0
REACTOME_GAB1_SIGNALOSOME,3,3,,,,,,0
REACTOME_GABA_SYNTHESIS_RELEASE_REUPTAKE_AND_DEGRADATION,1,1,,,,,,0
REACTOME_GALACTOSE_CATABOLISM,3,3,,,,,,0
REACTOME_GAMMA_CARBOXYLATION_TRANSPORT_AND_AMINO_TERMINAL_CLEAVAGE_OF_PROTEINS,1,1,,,,,,0
REACTOME_GAP_JUNCTION_ASSEMBLY,3,3,,,,,,0
REACTOME_GAP_JUNCTION_DEGRADATION,2,2,,,,,,0
REACTOME_GASTRIN_CREB_SIGNALLING_PATHWAY_VIA_PKC_AND_MAPK,2,2,,,,,,0
REACTOME_GDP_FUCOSE_BIOSYNTHESIS,1,1,,,,,,0
REACTOME_GLI_PROTEINS_BIND_PROMOTERS_OF_HH_RESPONSIVE_GENES_TO_PROMOTE_TRANSCRIPTION,1,1,,,,,,0
REACTOME_GLUCOCORTICOID_BIOSYNTHESIS,0,0,,,,,,0
REACTOME_GLUCURONIDATION,0,0,,,,,,0
REACTOME_GLUTAMATE_AND_GLUTAMINE_METABOLISM,2,2,,,,,,0
REACTOME_GLUTAMATE_NEUROTRANSMITTER_RELEASE_CYCLE,3,3,,,,,,0
REACTOME_GLUTATHIONE_SYNTHESIS_AND_RECYCLING,2,2,,,,,,0
REACTOME_GLYCEROPHOSPHOLIPID_CATABOLISM,3,3,,,,,,0
REACTOME_GLYCOGEN_BREAKDOWN_GLYCOGENOLYSIS,4,4,,,,,,0
REACTOME_GOLGI_CISTERNAE_PERICENTRIOLAR_STACK_REORGANIZATION,0,0,,,,,,0
REACTOME_GP1B_IX_V_ACTIVATION_SIGNALLING,4,4,,,,,,0
REACTOME_GRB2_EVENTS_IN_ERBB2_SIGNALING,4,4,,,,,,0
REACTOME_GRB2_SOS_PROVIDES_LINKAGE_TO_MAPK_SIGNALING_FOR_INTEGRINS,2,2,,,,,,0
REACTOME_GRB7_EVENTS_IN_ERBB2_SIGNALING,3,3,,,,,,0
REACTOME_HDL_ASSEMBLY,2,2,,,,,,0
REACTOME_HDL_CLEARANCE,1,1,,,,,,0
REACTOME_HDL_REMODELING,4,4,,,,,,0
REACTOME_HDR_THROUGH_MMEJ_ALT_NHEJ,3,3,,,,,,0
REACTOME_HEDGEHOG_LIGAND_BIOGENESIS,4,4,,,,,,0
REACTOME_HEME_BIOSYNTHESIS,3,3,,,,,,0
REACTOME_HEME_DEGRADATION,2,2,,,,,,0
REACTOME_HIGHLY_CALCIUM_PERMEABLE_NICOTINIC_ACETYLCHOLINE_RECEPTORS,1,1,,,,,,0
REACTOME_HIGHLY_CALCIUM_PERMEABLE_POSTSYNAPTIC_NICOTINIC_ACETYLCHOLINE_RECEPTORS,1,1,,,,,,0
REACTOME_HIGHLY_SODIUM_PERMEABLE_POSTSYNAPTIC_ACETYLCHOLINE_NICOTINIC_RECEPTORS,1,1,,,,,,0
REACTOME_HISTIDINE_CATABOLISM,0,0,,,,,,0
REACTOME_HORMONE_LIGAND_BINDING_RECEPTORS,0,0,,,,,,0
REACTOME_HS_GAG_BIOSYNTHESIS,3,3,,,,,,0
REACTOME_HS_GAG_DEGRADATION,4,4,,,,,,0
REACTOME_HUR_ELAVL1_BINDS_AND_STABILIZES_MRNA,0,0,,,,,,0
REACTOME_HYALURONAN_BIOSYNTHESIS_AND_EXPORT,2,2,,,,,,0
REACTOME_HYALURONAN_METABOLISM,3,3,,,,,,0
REACTOME_HYALURONAN_UPTAKE_AND_DEGRADATION,1,1,,,,,,0
REACTOME_HYDROLYSIS_OF_LPC,0,0,,,,,,0
REACTOME_IKBA_VARIANT_LEADS_TO_EDA_ID,2,2,,,,,,0
REACTOME_IL_6_TYPE_CYTOKINE_RECEPTOR_LIGAND_INTERACTIONS,4,4,,,,,,0
REACTOME_INACTIVATION_OF_CDC42_AND_RAC1,1,1,,,,,,0
REACTOME_INCRETIN_SYNTHESIS_SECRETION_AND_INACTIVATION,2,2,,,,,,0
REACTOME_INHIBITION_OF_REPLICATION_INITIATION_OF_DAMAGED_DNA_BY_RB1_E2F1,4,4,,,,,,0
REACTOME_INLA_MEDIATED_ENTRY_OF_LISTERIA_MONOCYTOGENES_INTO_HOST_CELLS,2,2,,,,,,0
REACTOME_INLB_MEDIATED_ENTRY_OF_LISTERIA_MONOCYTOGENES_INTO_HOST_CELL,2,2,,,,,,0
REACTOME_INSULIN_PROCESSING,4,4,,,,,,0
REACTOME_INTEGRATION_OF_PROVIRUS,1,1,,,,,,0
REACTOME_INTEGRIN_SIGNALING,4,4,,,,,,0
REACTOME_INTERACTION_WITH_CUMULUS_CELLS_AND_THE_ZONA_PELLUCIDA,1,1,,,,,,0
REACTOME_INTERLEUKIN_15_SIGNALING,3,3,,,,,,0
REACTOME_INTERLEUKIN_18_SIGNALING,2,2,,,,,,0
REACTOME_INTERLEUKIN_1_PROCESSING,1,1,,,,,,0
REACTOME_INTERLEUKIN_21_SIGNALING,2,2,,,,,,0
REACTOME_INTERLEUKIN_23_SIGNALING,2,2,,,,,,0
REACTOME_INTERLEUKIN_27_SIGNALING,1,1,,,,,,0
REACTOME_INTERLEUKIN_35_SIGNALLING,2,2,,,,,,0
REACTOME_INTERLEUKIN_36_PATHWAY,3,3,,,,,,0
REACTOME_INTERLEUKIN_6_SIGNALING,2,2,,,,,,0
REACTOME_INTERLEUKIN_9_SIGNALING,1,1,,,,,,0
REACTOME_INTESTINAL_ABSORPTION,1,1,,,,,,0
REACTOME_IONOTROPIC_ACTIVITY_OF_KAINATE_RECEPTORS,2,2,,,,,,0
REACTOME_IRAK1_RECRUITS_IKK_COMPLEX,4,4,,,,,,0
REACTOME_IRAK2_MEDIATED_ACTIVATION_OF_TAK1_COMPLEX,3,3,,,,,,0
REACTOME_IRF3_MEDIATED_ACTIVATION_OF_TYPE_1_IFN,1,1,,,,,,0
REACTOME_IRF3_MEDIATED_INDUCTION_OF_TYPE_I_IFN,1,1,,,,,,0
REACTOME_IRS_ACTIVATION,1,1,,,,,,0
REACTOME_JNK_C_JUN_KINASES_PHOSPHORYLATION_AND_ACTIVATION_MEDIATED_BY_ACTIVATED_HUMAN_TAK1,4,4,,,,,,0
REACTOME_JOSEPHIN_DOMAIN_DUBS,4,4,,,,,,0
REACTOME_KERATAN_SULFATE_BIOSYNTHESIS,4,4,,,,,,0
REACTOME_KERATAN_SULFATE_DEGRADATION,0,0,,,,,,0
REACTOME_KERATAN_SULFATE_KERATIN_METABOLISM,4,4,,,,,,0
REACTOME_KETONE_BODY_METABOLISM,3,3,,,,,,0
REACTOME_KILLING_MECHANISMS,3,3,,,,,,0
REACTOME_KSRP_KHSRP_BINDS_AND_DESTABILIZES_MRNA,3,3,,,,,,0
REACTOME_LAMININ_INTERACTIONS,2,2,,,,,,0
REACTOME_LDL_CLEARANCE,3,3,,,,,,0
REACTOME_LDL_REMODELING,0,0,,,,,,0
REACTOME_LECTIN_PATHWAY_OF_COMPLEMENT_ACTIVATION,1,1,,,,,,0
REACTOME_LEUKOTRIENE_RECEPTORS,3,3,,,,,,0
REACTOME_LGI_ADAM_INTERACTIONS,2,2,,,,,,0
REACTOME_LIGAND_RECEPTOR_INTERACTIONS,0,0,,,,,,0
REACTOME_LINOLEIC_ACID_LA_METABOLISM,1,1,,,,,,0
REACTOME_LIPID_PARTICLE_ORGANIZATION,4,4,,,,,,0
REACTOME_LIPOPHAGY,2,2,,,,,,0
REACTOME_LISTERIA_MONOCYTOGENES_ENTRY_INTO_HOST_CELLS,2,2,,,,,,0
REACTOME_LOSS_OF_FUNCTION_OF_MECP2_IN_RETT_SYNDROME,3,3,,,,,,0
REACTOME_LOSS_OF_FUNCTION_OF_SMAD2_3_IN_CANCER,2,2,,,,,,0
REACTOME_LOSS_OF_MECP2_BINDING_ABILITY_TO_THE_NCOR_SMRT_COMPLEX,3,3,,,,,,0
REACTOME_LRR_FLII_INTERACTING_PROTEIN_1_LRRFIP1_ACTIVATES_TYPE_I_IFN_PRODUCTION,0,0,,,,,,0
REACTOME_LTC4_CYSLTR_MEDIATED_IL4_PRODUCTION,2,2,,,,,,0
REACTOME_LYSINE_CATABOLISM,2,2,,,,,,0
REACTOME_LYSOSOME_VESICLE_BIOGENESIS,2,2,,,,,,0
REACTOME_LYSOSPHINGOLIPID_AND_LPA_RECEPTORS,4,4,,,,,,0
REACTOME_MAPK1_ERK2_ACTIVATION,1,1,,,,,,0
REACTOME_MAPK3_ERK1_ACTIVATION,2,2,,,,,,0
REACTOME_MASTL_FACILITATES_MITOTIC_PROGRESSION,2,2,,,,,,0
REACTOME_MATURATION_OF_SARS_COV_1_NUCLEOPROTEIN,1,1,,,,,,0
REACTOME_MATURATION_OF_SARS_COV_1_SPIKE_PROTEIN,1,1,,,,,,0
REACTOME_MATURATION_OF_SARS_COV_2_NUCLEOPROTEIN,4,4,,,,,,0
REACTOME_MECP2_REGULATES_NEURONAL_RECEPTORS_AND_CHANNELS,3,3,,,,,,0
REACTOME_MECP2_REGULATES_TRANSCRIPTION_FACTORS,1,1,,,,,,0
REACTOME_MECP2_REGULATES_TRANSCRIPTION_OF_NEURONAL_LIGANDS,0,0,,,,,,0
REACTOME_MELANIN_BIOSYNTHESIS,0,0,,,,,,0
REACTOME_METABOLIC_DISORDERS_OF_BIOLOGICAL_OXIDATION_ENZYMES,4,4,,,,,,0
REACTOME_METABOLISM_OF_AMINE_DERIVED_HORMONES,0,0,,,,,,0
REACTOME_METABOLISM_OF_ANGIOTENSINOGEN_TO_ANGIOTENSINS,3,3,,,,,,0
REACTOME_METABOLISM_OF_FOLATE_AND_PTERINES,1,1,,,,,,0
REACTOME_METABOLISM_OF_INGESTED_SEMET_SEC_MESEC_INTO_H2SE,1,1,,,,,,0
REACTOME_METABOLISM_OF_NITRIC_OXIDE_NOS3_ACTIVATION_AND_REGULATION,3,3,,,,,,0
REACTOME_METABOLISM_OF_PORPHYRINS,4,4,,,,,,0
REACTOME_METABOLISM_OF_STEROID_HORMONES,2,2,,,,,,0
REACTOME_METALLOPROTEASE_DUBS,3,3,,,,,,0
REACTOME_METALLOTHIONEINS_BIND_METALS,3,3,,,,,,0
REACTOME_METAL_SEQUESTRATION_BY_ANTIMICROBIAL_PROTEINS,3,3,,,,,,0
REACTOME_METHIONINE_SALVAGE_PATHWAY,2,2,,,,,,0
REACTOME_METHYLATION,0,0,,,,,,0
REACTOME_MET_ACTIVATES_PI3K_AKT_SIGNALING,1,1,,,,,,0
REACTOME_MET_ACTIVATES_PTK2_SIGNALING,3,3,,,,,,0
REACTOME_MET_ACTIVATES_PTPN11,0,0,,,,,,0
REACTOME_MET_ACTIVATES_RAP1_AND_RAC1,1,1,,,,,,0
REACTOME_MET_ACTIVATES_RAS_SIGNALING,1,1,,,,,,0
REACTOME_MET_INTERACTS_WITH_TNS_PROTEINS,1,1,,,,,,0
REACTOME_MET_RECEPTOR_ACTIVATION,1,1,,,,,,0
REACTOME_MET_RECEPTOR_RECYCLING,1,1,,,,,,0
REACTOME_MINERALOCORTICOID_BIOSYNTHESIS,0,0,,,,,,0
REACTOME_MIRO_GTPASE_CYCLE,3,3,,,,,,0
REACTOME_MISCELLANEOUS_SUBSTRATES,0,0,,,,,,0
REACTOME_MITOCHONDRIAL_FATTY_ACID_BETA_OXIDATION_OF_SATURATED_FATTY_ACIDS,3,3,,,,,,0
REACTOME_MITOCHONDRIAL_FATTY_ACID_BETA_OXIDATION_OF_UNSATURATED_FATTY_ACIDS,1,1,,,,,,0
REACTOME_MITOCHONDRIAL_UNCOUPLING,0,0,,,,,,0
REACTOME_MITOTIC_TELOPHASE_CYTOKINESIS,4,4,,,,,,0
REACTOME_MODULATION_BY_MTB_OF_HOST_IMMUNE_SYSTEM,3,3,,,,,,0
REACTOME_MOLYBDENUM_COFACTOR_BIOSYNTHESIS,4,4,,,,,,0
REACTOME_MRNA_EDITING_C_TO_U_CONVERSION,4,4,,,,,,0
REACTOME_MTORC1_MEDIATED_SIGNALLING,4,4,,,,,,0
REACTOME_MUCOPOLYSACCHARIDOSES,1,1,,,,,,0
REACTOME_MULTIFUNCTIONAL_ANION_EXCHANGERS,1,1,,,,,,0
REACTOME_MUSCARINIC_ACETYLCHOLINE_RECEPTORS,0,0,,,,,,0
REACTOME_MYOGENESIS,3,3,,,,,,0
REACTOME_NADE_MODULATES_DEATH_SIGNALLING,2,2,,,,,,0
REACTOME_NA_CL_DEPENDENT_NEUROTRANSMITTER_TRANSPORTERS,0,0,,,,,,0
REACTOME_NECTIN_NECL_TRANS_HETERODIMERIZATION,1,1,,,,,,0
REACTOME_NEF_AND_SIGNAL_TRANSDUCTION,4,4,,,,,,0
REACTOME_NEF_MEDIATED_CD4_DOWN_REGULATION,2,2,,,,,,0
REACTOME_NEF_MEDIATED_CD8_DOWN_REGULATION,2,2,,,,,,0
REACTOME_NEF_MEDIATED_DOWNREGULATION_OF_MHC_CLASS_I_COMPLEX_CELL_SURFACE_EXPRESSION,2,2,,,,,,0
REACTOME_NEGATIVE_FEEDBACK_REGULATION_OF_MAPK_PATHWAY,2,2,,,,,,0
REACTOME_NEGATIVE_REGULATION_OF_ACTIVITY_OF_TFAP2_AP_2_FAMILY_TRANSCRIPTION_FACTORS,1,1,,,,,,0
REACTOME_NEGATIVE_REGULATION_OF_FGFR3_SIGNALING,4,4,,,,,,0
REACTOME_NEGATIVE_REGULATION_OF_FGFR4_SIGNALING,4,4,,,,,,0
REACTOME_NEGATIVE_REGULATION_OF_MET_ACTIVITY,2,2,,,,,,0
REACTOME_NEGATIVE_REGULATION_OF_NMDA_RECEPTOR_MEDIATED_NEURONAL_TRANSMISSION,4,4,,,,,,0
REACTOME_NEGATIVE_REGULATION_OF_NOTCH4_SIGNALING,3,3,,,,,,0
REACTOME_NEGATIVE_REGULATION_OF_TCF_DEPENDENT_SIGNALING_BY_DVL_INTERACTING_PROTEINS,2,2,,,,,,0
REACTOME_NEGATIVE_REGULATION_OF_TCF_DEPENDENT_SIGNALING_BY_WNT_LIGAND_ANTAGONISTS,1,1,,,,,,0
REACTOME_NETRIN_MEDIATED_REPULSION_SIGNALS,0,0,,,,,,0
REACTOME_NEUROFASCIN_INTERACTIONS,0,0,,,,,,0
REACTOME_NEUROTOXICITY_OF_CLOSTRIDIUM_TOXINS,3,3,,,,,,0
REACTOME_NEUROTRANSMITTER_CLEARANCE,3,3,,,,,,0
REACTOME_NEUROTRANSMITTER_RELEASE_CYCLE,3,3,,,,,,0
REACTOME_NF_KB_ACTIVATION_THROUGH_FADD_RIP_1_PATHWAY_MEDIATED_BY_CASPASE_8_AND_10,3,3,,,,,,0
REACTOME_NF_KB_IS_ACTIVATED_AND_SIGNALS_SURVIVAL,4,4,,,,,,0
REACTOME_NGF_INDEPENDANT_TRKA_ACTIVATION,0,0,,,,,,0
REACTOME_NICOTINAMIDE_SALVAGING,1,1,,,,,,0
REACTOME_NICOTINATE_METABOLISM,4,4,,,,,,0
REACTOME_NITRIC_OXIDE_STIMULATES_GUANYLATE_CYCLASE,4,4,,,,,,0
REACTOME_NONCANONICAL_ACTIVATION_OF_NOTCH3,0,0,,,,,,0
REACTOME_NOREPINEPHRINE_NEUROTRANSMITTER_RELEASE_CYCLE,2,2,,,,,,0
REACTOME_NOSTRIN_MEDIATED_ENOS_TRAFFICKING,2,2,,,,,,0
REACTOME_NOTCH2_ACTIVATION_AND_TRANSMISSION_OF_SIGNAL_TO_THE_NUCLEUS,3,3,,,,,,0
REACTOME_NOTCH2_INTRACELLULAR_DOMAIN_REGULATES_TRANSCRIPTION,3,3,,,,,,0
REACTOME_NOTCH3_ACTIVATION_AND_TRANSMISSION_OF_SIGNAL_TO_THE_NUCLEUS,4,4,,,,,,0
REACTOME_NOTCH3_INTRACELLULAR_DOMAIN_REGULATES_TRANSCRIPTION,3,3,,,,,,0
REACTOME_NOTCH4_ACTIVATION_AND_TRANSMISSION_OF_SIGNAL_TO_THE_NUCLEUS,0,0,,,,,,0
REACTOME_NOTCH4_INTRACELLULAR_DOMAIN_REGULATES_TRANSCRIPTION,3,3,,,,,,0
REACTOME_NR1H2_NR1H3_REGULATE_GENE_EXPRESSION_LINKED_TO_GLUCONEOGENESIS,1,1,,,,,,0
REACTOME_NR1H2_NR1H3_REGULATE_GENE_EXPRESSION_LINKED_TO_LIPOGENESIS,1,1,,,,,,0
REACTOME_NR1H2_NR1H3_REGULATE_GENE_EXPRESSION_LINKED_TO_TRIGLYCERIDE_LIPOLYSIS_IN_ADIPOSE,1,1,,,,,,0
REACTOME_NR1H2_NR1H3_REGULATE_GENE_EXPRESSION_TO_CONTROL_BILE_ACID_HOMEOSTASIS,2,2,,,,,,0
REACTOME_NR1H2_NR1H3_REGULATE_GENE_EXPRESSION_TO_LIMIT_CHOLESTEROL_UPTAKE,2,2,,,,,,0
REACTOME_NRCAM_INTERACTIONS,1,1,,,,,,0
REACTOME_NRIF_SIGNALS_CELL_DEATH_FROM_THE_NUCLEUS,4,4,,,,,,0
REACTOME_NTRK2_ACTIVATES_RAC1,1,1,,,,,,0
REACTOME_NUCLEAR_EVENTS_STIMULATED_BY_ALK_SIGNALING_IN_CANCER,3,3,,,,,,0
REACTOME_NUCLEOTIDE_BIOSYNTHESIS,3,3,,,,,,0
REACTOME_NUCLEOTIDE_LIKE_PURINERGIC_RECEPTORS,3,3,,,,,,0
REACTOME_N_GLYCAN_ANTENNAE_ELONGATION,4,4,,,,,,0
REACTOME_N_GLYCAN_TRIMMING_AND_ELONGATION_IN_THE_CIS_GOLGI,2,2,,,,,,0
REACTOME_OAS_ANTIVIRAL_RESPONSE,2,2,,,,,,0
REACTOME_OLFACTORY_SIGNALING_PATHWAY,1,1,,,,,,0
REACTOME_OPSINS,0,0,,,,,,0
REACTOME_OREXIN_AND_NEUROPEPTIDES_FF_AND_QRFP_BIND_TO_THEIR_RESPECTIVE_RECEPTORS,1,1,,,,,,0
REACTOME_ORGANIC_ANION_TRANSPORT,0,0,,,,,,0
REACTOME_ORGANIC_ANION_TRANSPORTERS,0,0,,,,,,0
REACTOME_ORGANIC_CATION_ANION_ZWITTERION_TRANSPORT,0,0,,,,,,0
REACTOME_ORGANIC_CATION_TRANSPORT,0,0,,,,,,0
REACTOME_OTHER_SEMAPHORIN_INTERACTIONS,4,4,,,,,,0
REACTOME_P130CAS_LINKAGE_TO_MAPK_SIGNALING_FOR_INTEGRINS,2,2,,,,,,0
REACTOME_P2Y_RECEPTORS,2,2,,,,,,0
REACTOME_P38MAPK_EVENTS,2,2,,,,,,0
REACTOME_P75NTR_NEGATIVELY_REGULATES_CELL_CYCLE_VIA_SC1,0,0,,,,,,0
REACTOME_P75NTR_RECRUITS_SIGNALLING_COMPLEXES,4,4,,,,,,0
REACTOME_P75NTR_REGULATES_AXONOGENESIS,1,1,,,,,,0
REACTOME_PASSIVE_TRANSPORT_BY_AQUAPORINS,3,3,,,,,,0
REACTOME_PENTOSE_PHOSPHATE_PATHWAY,3,3,,,,,,0
REACTOME_PEPTIDE_HORMONE_BIOSYNTHESIS,0,0,,,,,,0
REACTOME_PHASE_0_RAPID_DEPOLARISATION,4,4,,,,,,0
REACTOME_PHASE_1_INACTIVATION_OF_FAST_NA_CHANNELS,1,1,,,,,,0
REACTOME_PHASE_2_PLATEAU_PHASE,1,1,,,,,,0
REACTOME_PHASE_3_RAPID_REPOLARISATION,0,0,,,,,,0
REACTOME_PHASE_4_RESTING_MEMBRANE_POTENTIAL,1,1,,,,,,0
REACTOME_PHENYLALANINE_AND_TYROSINE_METABOLISM,3,3,,,,,,0
REACTOME_PHENYLALANINE_METABOLISM,2,2,,,,,,0
REACTOME_PHOSPHATE_BOND_HYDROLYSIS_BY_NTPDASE_PROTEINS,1,1,,,,,,0
REACTOME_PHOSPHATE_BOND_HYDROLYSIS_BY_NUDT_PROTEINS,3,3,,,,,,0
REACTOME_PHOSPHOLIPASE_C_MEDIATED_CASCADE_FGFR2,3,3,,,,,,0
REACTOME_PHOSPHOLIPASE_C_MEDIATED_CASCADE_FGFR4,2,2,,,,,,0
REACTOME_PHOSPHORYLATION_OF_EMI1,0,0,,,,,,0
REACTOME_PHYSIOLOGICAL_FACTORS,1,1,,,,,,0
REACTOME_PI3K_AKT_ACTIVATION,3,3,,,,,,0
REACTOME_PI3K_EVENTS_IN_ERBB4_SIGNALING,2,2,,,,,,0
REACTOME_PI5P_REGULATES_TP53_ACETYLATION,2,2,,,,,,0
REACTOME_PINK1_PRKN_MEDIATED_MITOPHAGY,4,4,,,,,,0
REACTOME_PI_3K_CASCADE_FGFR1,3,3,,,,,,0
REACTOME_PI_3K_CASCADE_FGFR2,3,3,,,,,,0
REACTOME_PI_3K_CASCADE_FGFR3,2,2,,,,,,0
REACTOME_PI_3K_CASCADE_FGFR4,2,2,,,,,,0
REACTOME_PKA_ACTIVATION_IN_GLUCAGON_SIGNALLING,4,4,,,,,,0
REACTOME_PKA_MEDIATED_PHOSPHORYLATION_OF_CREB,4,4,,,,,,0
REACTOME_PKA_MEDIATED_PHOSPHORYLATION_OF_KEY_METABOLIC_FACTORS,1,1,,,,,,0
REACTOME_PLASMA_LIPOPROTEIN_ASSEMBLY,3,3,,,,,,0
REACTOME_PLATELET_SENSITIZATION_BY_LDL,1,1,,,,,,0
REACTOME_POLO_LIKE_KINASE_MEDIATED_EVENTS,4,4,,,,,,0
REACTOME_POU5F1_OCT4_SOX2_NANOG_ACTIVATE_GENES_RELATED_TO_PROLIFERATION,2,2,,,,,,0
REACTOME_POU5F1_OCT4_SOX2_NANOG_REPRESS_GENES_RELATED_TO_DIFFERENTIATION,4,4,,,,,,0
REACTOME_PP2A_MEDIATED_DEPHOSPHORYLATION_OF_KEY_METABOLIC_FACTORS,0,0,,,,,,0
REACTOME_PRC2_METHYLATES_HISTONES_AND_DNA,4,4,,,,,,0
REACTOME_PREGNENOLONE_BIOSYNTHESIS,1,1,,,,,,0
REACTOME_PRESYNAPTIC_DEPOLARIZATION_AND_CALCIUM_CHANNEL_OPENING,1,1,,,,,,0
REACTOME_PRESYNAPTIC_NICOTINIC_ACETYLCHOLINE_RECEPTORS,2,2,,,,,,0
REACTOME_PREVENTION_OF_PHAGOSOMAL_LYSOSOMAL_FUSION,2,2,,,,,,0
REACTOME_PRE_NOTCH_PROCESSING_IN_GOLGI,2,2,,,,,,0
REACTOME_PRE_NOTCH_PROCESSING_IN_THE_ENDOPLASMIC_RETICULUM,0,0,,,,,,0
REACTOME_PROCESSING_AND_ACTIVATION_OF_SUMO,2,2,,,,,,0
REACTOME_PROCESSING_OF_SMDT1,3,3,,,,,,0
REACTOME_PROLACTIN_RECEPTOR_SIGNALING,2,2,,,,,,0
REACTOME_PROLONGED_ERK_ACTIVATION_EVENTS,3,3,,,,,,0
REACTOME_PROPIONYL_COA_CATABOLISM,1,1,,,,,,0
REACTOME_PROSTANOID_LIGAND_RECEPTORS,3,3,,,,,,0
REACTOME_PROTEIN_METHYLATION,4,4,,,,,,0
REACTOME_PROTEIN_REPAIR,1,1,,,,,,0
REACTOME_PROTON_COUPLED_MONOCARBOXYLATE_TRANSPORT,3,3,,,,,,0
REACTOME_PTK6_EXPRESSION,4,4,,,,,,0
REACTOME_PTK6_PROMOTES_HIF1A_STABILIZATION,1,1,,,,,,0
REACTOME_PTK6_REGULATES_CELL_CYCLE,4,4,,,,,,0
REACTOME_PTK6_REGULATES_PROTEINS_INVOLVED_IN_RNA_PROCESSING,2,2,,,,,,0
REACTOME_PTK6_REGULATES_RHO_GTPASES_RAS_GTPASE_AND_MAP_KINASES,3,3,,,,,,0
REACTOME_PTK6_REGULATES_RTKS_AND_THEIR_EFFECTORS_AKT1_AND_DOK1,3,3,,,,,,0
REACTOME_PURINE_RIBONUCLEOSIDE_MONOPHOSPHATE_BIOSYNTHESIS,2,2,,,,,,0
REACTOME_PURINE_SALVAGE,3,3,,,,,,0
REACTOME_PYRIMIDINE_CATABOLISM,4,4,,,,,,0
REACTOME_PYRIMIDINE_SALVAGE,3,3,,,,,,0
REACTOME_PYROPTOSIS,4,4,,,,,,0
REACTOME_RAP1_SIGNALLING,3,3,,,,,,0
REACTOME_RAS_SIGNALING_DOWNSTREAM_OF_NF1_LOSS_OF_FUNCTION_VARIANTS,2,2,,,,,,0
REACTOME_RA_BIOSYNTHESIS_PATHWAY,3,3,,,,,,0
REACTOME_REACTIONS_SPECIFIC_TO_THE_COMPLEX_N_GLYCAN_SYNTHESIS_PATHWAY,3,3,,,,,,0
REACTOME_RECEPTOR_MEDIATED_MITOPHAGY,3,3,,,,,,0
REACTOME_RECEPTOR_TYPE_TYROSINE_PROTEIN_PHOSPHATASES,0,0,,,,,,0
REACTOME_RECOGNITION_AND_ASSOCIATION_OF_DNA_GLYCOSYLASE_WITH_SITE_CONTAINING_AN_AFFECTED_PURINE,4,4,,,,,,0
REACTOME_RECYCLING_OF_BILE_ACIDS_AND_SALTS,0,0,,,,,,0
REACTOME_RECYCLING_OF_EIF2_GDP,4,4,,,,,,0
REACTOME_REDUCTION_OF_CYTOSOLIC_CA_LEVELS,1,1,,,,,,0
REACTOME_REELIN_SIGNALLING_PATHWAY,1,1,,,,,,0
REACTOME_REGULATED_PROTEOLYSIS_OF_P75NTR,0,0,,,,,,0
REACTOME_REGULATION_OF_BACH1_ACTIVITY,3,3,,,,,,0
REACTOME_REGULATION_OF_BETA_CELL_DEVELOPMENT,2,2,,,,,,0
REACTOME_REGULATION_OF_COMMISSURAL_AXON_PATHFINDING_BY_SLIT_AND_ROBO,2,2,,,,,,0
REACTOME_REGULATION_OF_CYTOSKELETAL_REMODELING_AND_CELL_SPREADING_BY_IPP_COMPLEX_COMPONENTS,0,0,,,,,,0
REACTOME_REGULATION_OF_FOXO_TRANSCRIPTIONAL_ACTIVITY_BY_ACETYLATION,4,4,,,,,,0
REACTOME_REGULATION_OF_FZD_BY_UBIQUITINATION,3,3,,,,,,0
REACTOME_REGULATION_OF_GENE_EXPRESSION_BY_HYPOXIA_INDUCIBLE_FACTOR,2,2,,,,,,0
REACTOME_REGULATION_OF_GENE_EXPRESSION_IN_BETA_CELLS,1,1,,,,,,0
REACTOME_REGULATION_OF_GENE_EXPRESSION_IN_EARLY_PANCREATIC_PRECURSOR_CELLS,0,0,,,,,,0
REACTOME_REGULATION_OF_GENE_EXPRESSION_IN_ENDOCRINE_COMMITTED_NEUROG3_PROGENITOR_CELLS,0,0,,,,,,0
REACTOME_REGULATION_OF_GENE_EXPRESSION_IN_LATE_STAGE_BRANCHING_MORPHOGENESIS_PANCREATIC_BUD_PRECURSOR_CELLS,1,1,,,,,,0
REACTOME_REGULATION_OF_GLYCOLYSIS_BY_FRUCTOSE_2_6_BISPHOSPHATE_METABOLISM,1,1,,,,,,0
REACTOME_REGULATION_OF_IFNA_SIGNALING,3,3,,,,,,0
REACTOME_REGULATION_OF_IFNG_SIGNALING,3,3,,,,,,0
REACTOME_REGULATION_OF_INNATE_IMMUNE_RESPONSES_TO_CYTOSOLIC_DNA,4,4,,,,,,0
REACTOME_REGULATION_OF_KIT_SIGNALING,4,4,,,,,,0
REACTOME_REGULATION_OF_LOCALIZATION_OF_FOXO_TRANSCRIPTION_FACTORS,1,1,,,,,,0
REACTOME_REGULATION_OF_PTEN_LOCALIZATION,2,2,,,,,,0
REACTOME_REGULATION_OF_PTEN_MRNA_TRANSLATION,3,3,,,,,,0
REACTOME_REGULATION_OF_RUNX3_EXPRESSION_AND_ACTIVITY,3,3,,,,,,0
REACTOME_REGULATION_OF_SIGNALING_BY_NODAL,0,0,,,,,,0
REACTOME_REGULATION_OF_TLR_BY_ENDOGENOUS_LIGAND,4,4,,,,,,0
REACTOME_REGULATION_OF_TP53_ACTIVITY_THROUGH_ASSOCIATION_WITH_CO_FACTORS,0,0,,,,,,0
REACTOME_RELAXIN_RECEPTORS,1,1,,,,,,0
REACTOME_RELEASE_OF_APOPTOTIC_FACTORS_FROM_THE_MITOCHONDRIA,0,0,,,,,,0
REACTOME_RELEASE_OF_HH_NP_FROM_THE_SECRETING_CELL,0,0,,,,,,0
REACTOME_REMOVAL_OF_AMINOTERMINAL_PROPEPTIDES_FROM_GAMMA_CARBOXYLATED_PROTEINS,1,1,,,,,,0
REACTOME_RESPONSE_OF_EIF2AK1_HRI_TO_HEME_DEFICIENCY,3,3,,,,,,0
REACTOME_RESPONSE_TO_METAL_IONS,4,4,,,,,,0
REACTOME_RETINOID_CYCLE_DISEASE_EVENTS,1,1,,,,,,0
REACTOME_RETROGRADE_NEUROTROPHIN_SIGNALLING,1,1,,,,,,0
REACTOME_RHOBTB1_GTPASE_CYCLE,4,4,,,,,,0
REACTOME_RHOBTB3_ATPASE_CYCLE,2,2,,,,,,0
REACTOME_RHOT1_GTPASE_CYCLE,2,2,,,,,,0
REACTOME_RHO_GTPASES_ACTIVATE_CIT,2,2,,,,,,0
REACTOME_RHO_GTPASES_ACTIVATE_KTN1,2,2,,,,,,0
REACTOME_RHO_GTPASES_ACTIVATE_NADPH_OXIDASES,4,4,,,,,,0
REACTOME_RHO_GTPASES_ACTIVATE_PAKS,3,3,,,,,,0
REACTOME_RHO_GTPASES_ACTIVATE_PKNS,2,2,,,,,,0
REACTOME_RHO_GTPASES_ACTIVATE_RHOTEKIN_AND_RHOPHILINS,1,1,,,,,,0
REACTOME_RHO_GTPASES_ACTIVATE_ROCKS,1,1,,,,,,0
REACTOME_RIP_MEDIATED_NFKB_ACTIVATION_VIA_ZBP1,4,4,,,,,,0
REACTOME_ROBO_RECEPTORS_BIND_AKAP5,3,3,,,,,,0
REACTOME_ROLE_OF_ABL_IN_ROBO_SLIT_SIGNALING,2,2,,,,,,0
REACTOME_ROLE_OF_SECOND_MESSENGERS_IN_NETRIN_1_SIGNALING,2,2,,,,,,0
REACTOME_RORA_ACTIVATES_GENE_EXPRESSION,4,4,,,,,,0
REACTOME_RRNA_MODIFICATION_IN_THE_MITOCHONDRION,1,1,,,,,,0
REACTOME_RRNA_PROCESSING_IN_THE_MITOCHONDRION,1,1,,,,,,0
REACTOME_RSK_ACTIVATION,1,1,,,,,,0
REACTOME_RUNX1_REGULATES_ESTROGEN_RECEPTOR_MEDIATED_TRANSCRIPTION,1,1,,,,,,0
REACTOME_RUNX1_REGULATES_EXPRESSION_OF_COMPONENTS_OF_TIGHT_JUNCTIONS,1,1,,,,,,0
REACTOME_RUNX1_REGULATES_TRANSCRIPTION_OF_GENES_INVOLVED_IN_BCR_SIGNALING,2,2,,,,,,0
REACTOME_RUNX1_REGULATES_TRANSCRIPTION_OF_GENES_INVOLVED_IN_DIFFERENTIATION_OF_KERATINOCYTES,3,3,,,,,,0
REACTOME_RUNX1_REGULATES_TRANSCRIPTION_OF_GENES_INVOLVED_IN_DIFFERENTIATION_OF_MYELOID_CELLS,2,2,,,,,,0
REACTOME_RUNX1_REGULATES_TRANSCRIPTION_OF_GENES_INVOLVED_IN_INTERLEUKIN_SIGNALING,0,0,,,,,,0
REACTOME_RUNX1_REGULATES_TRANSCRIPTION_OF_GENES_INVOLVED_IN_WNT_SIGNALING,1,1,,,,,,0
REACTOME_RUNX2_REGULATES_CHONDROCYTE_MATURATION,1,1,,,,,,0
REACTOME_RUNX2_REGULATES_GENES_INVOLVED_IN_CELL_MIGRATION,0,0,,,,,,0
REACTOME_RUNX3_REGULATES_BCL2L11_BIM_TRANSCRIPTION,3,3,,,,,,0
REACTOME_RUNX3_REGULATES_CDKN1A_TRANSCRIPTION,1,1,,,,,,0
REACTOME_RUNX3_REGULATES_IMMUNE_RESPONSE_AND_CELL_MIGRATION,2,2,,,,,,0
REACTOME_RUNX3_REGULATES_NOTCH_SIGNALING,1,1,,,,,,0
REACTOME_RUNX3_REGULATES_P14_ARF,3,3,,,,,,0
REACTOME_RUNX3_REGULATES_WNT_SIGNALING,4,4,,,,,,0
REACTOME_RUNX3_REGULATES_YAP1_MEDIATED_TRANSCRIPTION,0,0,,,,,,0
REACTOME_SCAVENGING_BY_CLASS_B_RECEPTORS,1,1,,,,,,0
REACTOME_SCAVENGING_BY_CLASS_F_RECEPTORS,2,2,,,,,,0
REACTOME_SCAVENGING_OF_HEME_FROM_PLASMA,4,4,,,,,,0
REACTOME_SEALING_OF_THE_NUCLEAR_ENVELOPE_NE_BY_ESCRT_III,4,4,,,,,,0
REACTOME_SEMA3A_PAK_DEPENDENT_AXON_REPULSION,3,3,,,,,,0
REACTOME_SEMA3A_PLEXIN_REPULSION_SIGNALING_BY_INHIBITING_INTEGRIN_ADHESION,2,2,,,,,,0
REACTOME_SEMA4D_INDUCED_CELL_MIGRATION_AND_GROWTH_CONE_COLLAPSE,4,4,,,,,,0
REACTOME_SEMA4D_IN_SEMAPHORIN_SIGNALING,4,4,,,,,,0
REACTOME_SEMA4D_MEDIATED_INHIBITION_OF_CELL_ATTACHMENT_AND_MIGRATION,1,1,,,,,,0
REACTOME_SENSING_OF_DNA_DOUBLE_STRAND_BREAKS,0,0,,,,,,0
REACTOME_SENSORY_PERCEPTION_OF_SALTY_TASTE,0,0,,,,,,0
REACTOME_SENSORY_PERCEPTION_OF_TASTE,4,4,,,,,,0
REACTOME_SERINE_BIOSYNTHESIS,2,2,,,,,,0
REACTOME_SEROTONIN_AND_MELATONIN_BIOSYNTHESIS,0,0,,,,,,0
REACTOME_SEROTONIN_NEUROTRANSMITTER_RELEASE_CYCLE,2,2,,,,,,0
REACTOME_SEROTONIN_RECEPTORS,0,0,,,,,,0
REACTOME_SHC1_EVENTS_IN_EGFR_SIGNALING,3,3,,,,,,0
REACTOME_SHC1_EVENTS_IN_ERBB4_SIGNALING,2,2,,,,,,0
REACTOME_SHC_MEDIATED_CASCADE_FGFR1,3,3,,,,,,0
REACTOME_SHC_MEDIATED_CASCADE_FGFR3,2,2,,,,,,0
REACTOME_SHC_MEDIATED_CASCADE_FGFR4,2,2,,,,,,0
REACTOME_SHC_RELATED_EVENTS_TRIGGERED_BY_IGF1R,1,1,,,,,,0
REACTOME_SIGNALING_BY_ACTIVIN,2,2,,,,,,0
REACTOME_SIGNALING_BY_ALK,4,4,,,,,,0
REACTOME_SIGNALING_BY_BMP,4,4,,,,,,0
REACTOME_SIGNALING_BY_CTNNB1_PHOSPHO_SITE_MUTANTS,1,1,,,,,,0
REACTOME_SIGNALING_BY_FGFR2_IIIA_TM,4,4,,,,,,0
REACTOME_SIGNALING_BY_FGFR3_FUSIONS_IN_CANCER,2,2,,,,,,0
REACTOME_SIGNALING_BY_FGFR4_IN_DISEASE,3,3,,,,,,0
REACTOME_SIGNALING_BY_FLT3_ITD_AND_TKD_MUTANTS,4,4,,,,,,0
REACTOME_SIGNALING_BY_HIPPO,2,2,,,,,,0
REACTOME_SIGNALING_BY_LEPTIN,4,4,,,,,,0
REACTOME_SIGNALING_BY_LRP5_MUTANTS,1,1,,,,,,0
REACTOME_SIGNALING_BY_MAPK_MUTANTS,1,1,,,,,,0
REACTOME_SIGNALING_BY_MEMBRANE_TETHERED_FUSIONS_OF_PDGFRA_OR_PDGFRB,0,0,,,,,,0
REACTOME_SIGNALING_BY_MRAS_COMPLEX_MUTANTS,1,1,,,,,,0
REACTOME_SIGNALING_BY_MST1,1,1,,,,,,0
REACTOME_SIGNALING_BY_NODAL,2,2,,,,,,0
REACTOME_SIGNALING_BY_NOTCH1_HD_DOMAIN_MUTANTS_IN_CANCER,3,3,,,,,,0
REACTOME_SIGNALING_BY_NOTCH1_T_7_9_NOTCH1_M1580_K2555_TRANSLOCATION_MUTANT,0,0,,,,,,0
REACTOME_SIGNALING_BY_NTRK2_TRKB,4,4,,,,,,0
REACTOME_SIGNALING_BY_NTRK3_TRKC,3,3,,,,,,0
REACTOME_SIGNALING_BY_PDGFRA_TRANSMEMBRANE_JUXTAMEMBRANE_AND_KINASE_DOMAIN_MUTANTS,4,4,,,,,,0
REACTOME_SIGNALING_BY_PDGFR_IN_DISEASE,4,4,,,,,,0
REACTOME_SIGNALING_BY_RNF43_MUTANTS,0,0,,,,,,0
REACTOME_SIGNALING_BY_TGF_BETA_RECEPTOR_COMPLEX_IN_CANCER,2,2,,,,,,0
REACTOME_SIGNALLING_TO_P38_VIA_RIT_AND_RIN,1,1,,,,,,0
REACTOME_SIGNALLING_TO_RAS,2,2,,,,,,0
REACTOME_SIGNAL_ATTENUATION,1,1,,,,,,0
REACTOME_SIGNAL_REGULATORY_PROTEIN_FAMILY_INTERACTIONS,2,2,,,,,,0
REACTOME_SIGNAL_TRANSDUCTION_BY_L1,4,4,,,,,,0
REACTOME_SIRT1_NEGATIVELY_REGULATES_RRNA_EXPRESSION,3,3,,,,,,0
REACTOME_SLBP_DEPENDENT_PROCESSING_OF_REPLICATION_DEPENDENT_HISTONE_PRE_MRNAS,0,0,,,,,,0
REACTOME_SMAC_XIAP_REGULATED_APOPTOTIC_RESPONSE,1,1,,,,,,0
REACTOME_SMALL_INTERFERING_RNA_SIRNA_BIOGENESIS,2,2,,,,,,0
REACTOME_SODIUM_CALCIUM_EXCHANGERS,0,0,,,,,,0
REACTOME_SODIUM_COUPLED_PHOSPHATE_COTRANSPORTERS,0,0,,,,,,0
REACTOME_SODIUM_COUPLED_SULPHATE_DI_AND_TRI_CARBOXYLATE_TRANSPORTERS,0,0,,,,,,0
REACTOME_SODIUM_PROTON_EXCHANGERS,0,0,,,,,,0
REACTOME_SOS_MEDIATED_SIGNALLING,2,2,,,,,,0
REACTOME_SPERM_MOTILITY_AND_TAXES,2,2,,,,,,0
REACTOME_SPRY_REGULATION_OF_FGF_SIGNALING,3,3,,,,,,0
REACTOME_STAT3_NUCLEAR_EVENTS_DOWNSTREAM_OF_ALK_SIGNALING,0,0,,,,,,0
REACTOME_STAT5_ACTIVATION,2,2,,,,,,0
REACTOME_STAT5_ACTIVATION_DOWNSTREAM_OF_FLT3_ITD_MUTANTS,2,2,,,,,,0
REACTOME_STING_MEDIATED_INDUCTION_OF_HOST_IMMUNE_RESPONSES,1,1,,,,,,0
REACTOME_SULFIDE_OXIDATION_TO_SULFATE,1,1,,,,,,0
REACTOME_SUMOYLATION_OF_IMMUNE_RESPONSE_PROTEINS,2,2,,,,,,0
REACTOME_SUMOYLATION_OF_TRANSCRIPTION_FACTORS,3,3,,,,,,0
REACTOME_SUMO_IS_CONJUGATED_TO_E1_UBA2_SAE1,1,1,,,,,,0
REACTOME_SUMO_IS_PROTEOLYTICALLY_PROCESSED,1,1,,,,,,0
REACTOME_SUMO_IS_TRANSFERRED_FROM_E1_TO_E2_UBE2I_UBC9,1,1,,,,,,0
REACTOME_SUPPRESSION_OF_APOPTOSIS,0,0,,,,,,0
REACTOME_SUPPRESSION_OF_PHAGOSOMAL_MATURATION,4,4,,,,,,0
REACTOME_SURFACTANT_METABOLISM,3,3,,,,,,0
REACTOME_SYNDECAN_INTERACTIONS,4,4,,,,,,0
REACTOME_SYNTHESIS_OF_12_EICOSATETRAENOIC_ACID_DERIVATIVES,2,2,,,,,,0
REACTOME_SYNTHESIS_OF_15_EICOSATETRAENOIC_ACID_DERIVATIVES,1,1,,,,,,0
REACTOME_SYNTHESIS_OF_16_20_HYDROXYEICOSATETRAENOIC_ACIDS_HETE,1,1,,,,,,0
REACTOME_SYNTHESIS_OF_5_EICOSATETRAENOIC_ACIDS,2,2,,,,,,0
REACTOME_SYNTHESIS_OF_BILE_ACIDS_AND_BILE_SALTS_VIA_24_HYDROXYCHOLESTEROL,2,2,,,,,,0
REACTOME_SYNTHESIS_OF_BILE_ACIDS_AND_BILE_SALTS_VIA_27_HYDROXYCHOLESTEROL,1,1,,,,,,0
REACTOME_SYNTHESIS_OF_BILE_ACIDS_AND_BILE_SALTS_VIA_7ALPHA_HYDROXYCHOLESTEROL,2,2,,,,,,0
REACTOME_SYNTHESIS_OF_DIPHTHAMIDE_EEF2,3,3,,,,,,0
REACTOME_SYNTHESIS_OF_DOLICHYL_PHOSPHATE,2,2,,,,,,0
REACTOME_SYNTHESIS_OF_EPOXY_EET_AND_DIHYDROXYEICOSATRIENOIC_ACIDS_DHET,2,2,,,,,,0
REACTOME_SYNTHESIS_OF_GDP_MANNOSE,1,1,,,,,,0
REACTOME_SYNTHESIS_OF_KETONE_BODIES,2,2,,,,,,0
REACTOME_SYNTHESIS_OF_LEUKOTRIENES_LT_AND_EOXINS_EX,1,1,,,,,,0
REACTOME_SYNTHESIS_OF_LIPOXINS_LX,3,3,,,,,,0
REACTOME_SYNTHESIS_OF_PE,3,3,,,,,,0
REACTOME_SYNTHESIS_OF_PG,1,1,,,,,,0
REACTOME_SYNTHESIS_OF_PI,2,2,,,,,,0
REACTOME_SYNTHESIS_OF_PIPS_AT_THE_EARLY_ENDOSOME_MEMBRANE,4,4,,,,,,0
REACTOME_SYNTHESIS_OF_PIPS_AT_THE_ER_MEMBRANE,2,2,,,,,,0
REACTOME_SYNTHESIS_OF_PIPS_AT_THE_GOLGI_MEMBRANE,4,4,,,,,,0
REACTOME_SYNTHESIS_OF_PIPS_AT_THE_LATE_ENDOSOME_MEMBRANE,2,2,,,,,,0
REACTOME_SYNTHESIS_OF_PROSTAGLANDINS_PG_AND_THROMBOXANES_TX,4,4,,,,,,0
REACTOME_SYNTHESIS_OF_PYROPHOSPHATES_IN_THE_CYTOSOL,2,2,,,,,,0
REACTOME_SYNTHESIS_OF_UDP_N_ACETYL_GLUCOSAMINE,1,1,,,,,,0
REACTOME_SYNTHESIS_OF_WYBUTOSINE_AT_G37_OF_TRNA_PHE,2,2,,,,,,0
REACTOME_SYNTHESIS_SECRETION_AND_DEACYLATION_OF_GHRELIN,4,4,,,,,,0
REACTOME_SYNTHESIS_SECRETION_AND_INACTIVATION_OF_GLUCAGON_LIKE_PEPTIDE_1_GLP_1,2,2,,,,,,0
REACTOME_SYNTHESIS_SECRETION_AND_INACTIVATION_OF_GLUCOSE_DEPENDENT_INSULINOTROPIC_POLYPEPTIDE_GIP,2,2,,,,,,0
REACTOME_TACHYKININ_RECEPTORS_BIND_TACHYKININS,0,0,,,,,,0
REACTOME_TANDEM_PORE_DOMAIN_POTASSIUM_CHANNELS,0,0,,,,,,0
REACTOME_TERMINAL_PATHWAY_OF_COMPLEMENT,1,1,,,,,,0
REACTOME_TETRAHYDROBIOPTERIN_BH4_SYNTHESIS_RECYCLING_SALVAGE_AND_REGULATION,2,2,,,,,,0
REACTOME_TFAP2A_ACTS_AS_A_TRANSCRIPTIONAL_REPRESSOR_DURING_RETINOIC_ACID_INDUCED_CELL_DIFFERENTIATION,2,2,,,,,,0
REACTOME_TFAP2_AP_2_FAMILY_REGULATES_TRANSCRIPTION_OF_CELL_CYCLE_FACTORS,2,2,,,,,,0
REACTOME_TFAP2_AP_2_FAMILY_REGULATES_TRANSCRIPTION_OF_GROWTH_FACTORS_AND_THEIR_RECEPTORS,2,2,,,,,,0
REACTOME_THE_ACTIVATION_OF_ARYLSULFATASES,3,3,,,,,,0
REACTOME_THE_CANONICAL_RETINOID_CYCLE_IN_RODS_TWILIGHT_VISION,4,4,,,,,,0
REACTOME_THE_FATTY_ACID_CYCLING_MODEL,0,0,,,,,,0
REACTOME_THE_RETINOID_CYCLE_IN_CONES_DAYLIGHT_VISION,0,0,,,,,,0
REACTOME_THYROXINE_BIOSYNTHESIS,0,0,,,,,,0
REACTOME_TICAM1_DEPENDENT_ACTIVATION_OF_IRF3_IRF7,4,4,,,,,,0
REACTOME_TICAM1_TRAF6_DEPENDENT_INDUCTION_OF_TAK1_COMPLEX,4,4,,,,,,0
REACTOME_TLR3_MEDIATED_TICAM1_DEPENDENT_PROGRAMMED_CELL_DEATH,2,2,,,,,,0
REACTOME_TNFR1_INDUCED_PROAPOPTOTIC_SIGNALING,3,3,,,,,,0
REACTOME_TNFR1_MEDIATED_CERAMIDE_PRODUCTION,2,2,,,,,,0
REACTOME_TOXICITY_OF_BOTULINUM_TOXIN_TYPE_D_BOTD,1,1,,,,,,0
REACTOME_TP53_REGULATES_TRANSCRIPTION_OF_CASPASE_ACTIVATORS_AND_CASPASES,1,1,,,,,,0
REACTOME_TP53_REGULATES_TRANSCRIPTION_OF_GENES_INVOLVED_IN_CYTOCHROME_C_RELEASE,4,4,,,,,,0
REACTOME_TP53_REGULATES_TRANSCRIPTION_OF_GENES_INVOLVED_IN_G1_CELL_CYCLE_ARREST,3,3,,,,,,0
REACTOME_TP53_REGULATES_TRANSCRIPTION_OF_SEVERAL_ADDITIONAL_CELL_DEATH_GENES_WHOSE_SPECIFIC_ROLES_IN_P53_DEPENDENT_APOPTOSIS_REMAIN_UNCERTAIN,1,1,,,,,,0
REACTOME_TRAF3_DEPENDENT_IRF_ACTIVATION_PATHWAY,4,4,,,,,,0
REACTOME_TRAF6_MEDIATED_INDUCTION_OF_TAK1_COMPLEX_WITHIN_TLR4_COMPLEX,4,4,,,,,,0
REACTOME_TRAF6_MEDIATED_IRF7_ACTIVATION,3,3,,,,,,0
REACTOME_TRAF6_MEDIATED_IRF7_ACTIVATION_IN_TLR7_8_OR_9_SIGNALING,4,4,,,,,,0
REACTOME_TRAFFICKING_AND_PROCESSING_OF_ENDOSOMAL_TLR,3,3,,,,,,0
REACTOME_TRAFFICKING_OF_GLUR2_CONTAINING_AMPA_RECEPTORS,1,1,,,,,,0
REACTOME_TRAFFICKING_OF_MYRISTOYLATED_PROTEINS_TO_THE_CILIUM,0,0,,,,,,0
REACTOME_TRAIL_SIGNALING,4,4,,,,,,0
REACTOME_TRANSCRIPTIONAL_REGULATION_OF_TESTIS_DIFFERENTIATION,2,2,,,,,,0
REACTOME_TRANSLATION_OF_REPLICASE_AND_ASSEMBLY_OF_THE_REPLICATION_TRANSCRIPTION_COMPLEX,2,2,,,,,,0
REACTOME_TRANSPORT_AND_SYNTHESIS_OF_PAPS,2,2,,,,,,0
REACTOME_TRANSPORT_OF_CONNEXONS_TO_THE_PLASMA_MEMBRANE,3,3,,,,,,0
REACTOME_TRANSPORT_OF_FATTY_ACIDS,2,2,,,,,,0
REACTOME_TRANSPORT_OF_NUCLEOSIDES_AND_FREE_PURINE_AND_PYRIMIDINE_BASES_ACROSS_THE_PLASMA_MEMBRANE,1,1,,,,,,0
REACTOME_TRANSPORT_OF_NUCLEOTIDE_SUGARS,3,3,,,,,,0
REACTOME_TRANSPORT_OF_ORGANIC_ANIONS,3,3,,,,,,0
REACTOME_TRIF_MEDIATED_PROGRAMMED_CELL_DEATH,2,2,,,,,,0
REACTOME_TRIGLYCERIDE_BIOSYNTHESIS,3,3,,,,,,0
REACTOME_TRISTETRAPROLIN_TTP_ZFP36_BINDS_AND_DESTABILIZES_MRNA,4,4,,,,,,0
REACTOME_TRNA_MODIFICATION_IN_THE_MITOCHONDRION,3,3,,,,,,0
REACTOME_TRNA_PROCESSING_IN_THE_MITOCHONDRION,1,1,,,,,,0
REACTOME_TRP_CHANNELS,3,3,,,,,,0
REACTOME_TYPE_I_HEMIDESMOSOME_ASSEMBLY,0,0,,,,,,0
REACTOME_TYROSINE_CATABOLISM,1,1,,,,,,0
REACTOME_TYSND1_CLEAVES_PEROXISOMAL_PROTEINS,2,2,,,,,,0
REACTOME_UNBLOCKING_OF_NMDA_RECEPTORS_GLUTAMATE_BINDING_AND_ACTIVATION,4,4,,,,,,0
REACTOME_UNWINDING_OF_DNA,4,4,,,,,,0
REACTOME_UPTAKE_AND_FUNCTION_OF_ANTHRAX_TOXINS,1,1,,,,,,0
REACTOME_UPTAKE_AND_FUNCTION_OF_DIPHTHERIA_TOXIN,2,2,,,,,,0
REACTOME_UREA_CYCLE,1,1,,,,,,0
REACTOME_VASOPRESSIN_LIKE_RECEPTORS,3,3,,,,,,0
REACTOME_VEGF_LIGAND_RECEPTOR_INTERACTIONS,0,0,,,,,,0
REACTOME_VITAMINS,1,1,,,,,,0
REACTOME_VITAMIN_B1_THIAMIN_METABOLISM,1,1,,,,,,0
REACTOME_VITAMIN_B2_RIBOFLAVIN_METABOLISM,1,1,,,,,,0
REACTOME_VITAMIN_C_ASCORBATE_METABOLISM,3,3,,,,,,0
REACTOME_VITAMIN_D_CALCIFEROL_METABOLISM,1,1,,,,,,0
REACTOME_VLDLR_INTERNALISATION_AND_DEGRADATION,1,1,,,,,,0
REACTOME_VLDL_ASSEMBLY,0,0,,,,,,0
REACTOME_VLDL_CLEARANCE,1,1,,,,,,0
REACTOME_VOLTAGE_GATED_POTASSIUM_CHANNELS,2,2,,,,,,0
REACTOME_VXPX_CARGO_TARGETING_TO_CILIUM,1,1,,,,,,0
REACTOME_WAX_AND_PLASMALOGEN_BIOSYNTHESIS,2,2,,,,,,0
REACTOME_WNT5A_DEPENDENT_INTERNALIZATION_OF_FZD2_FZD5_AND_ROR2,0,0,,,,,,0
REACTOME_WNT5A_DEPENDENT_INTERNALIZATION_OF_FZD4,1,1,,,,,,0
REACTOME_WNT_LIGAND_BIOGENESIS_AND_TRAFFICKING,2,2,,,,,,0
REACTOME_WNT_MEDIATED_ACTIVATION_OF_DVL,2,2,,,,,,0
REACTOME_XENOBIOTICS,0,0,,,,,,0
REACTOME_YAP1_AND_WWTR1_TAZ_STIMULATED_GENE_EXPRESSION,0,0,,,,,,0
REACTOME_ZINC_EFFLUX_AND_COMPARTMENTALIZATION_BY_THE_SLC30_FAMILY,1,1,,,,,,0
REACTOME_ZINC_INFLUX_INTO_CELLS_BY_THE_SLC39_GENE_FAMILY,4,4,,,,,,0
