pathway,n_genes,n_tested,median_member,median_reference,effect,pvalue,qvalue,sign
REACTOME_INTERFERON_ALPHA_BETA_SIGNALING,18,18,1.00737726688385,0.0,1.00737726688385,6.023143288722164e-08,5.0775097923927845e-05,1
REACTOME_INTERFERON_SIGNALING,49,49,0.008140923455357552,0.0,0.008140923455357552,2.268828730089863e-05,0.009563113097328773,1
REACTOME_ACTIVATION_OF_THE_MRNA_UPON_BINDING_OF_THE_CAP_BINDING_COMPLEX_AND_EIFS_AND_SUBSEQUENT_BINDING_TO_43S,6,6,-0.23992133140563965,0.0,-0.23992133140563965,0.0012844043310525357,0.10623283575295585,-1
REACTOME_COOPERATION_OF_PREFOLDIN_AND_TRIC_CCT_IN_ACTIN_AND_TUBULIN_FOLDING,8,8,-0.07268641516566277,0.0,-0.07268641516566277,0.0011694406689869014,0.10623283575295585,-1
REACTOME_ROLE_OF_LAT2_NTAL_LAB_ON_CALCIUM_MOBILIZATION,6,6,-0.05973338894546032,0.0,-0.05973338894546032,0.001204750013249709,0.10623283575295585,-1
REACTOME_SRP_DEPENDENT_COTRANSLATIONAL_PROTEIN_TARGETING_TO_MEMBRANE,9,9,-0.05589713901281357,0.0,-0.05589713901281357,0.0009032079727432313,0.10623283575295585,-1
REACTOME_REGULATION_OF_TP53_EXPRESSION_AND_DEGRADATION,6,6,0.05375343747437,0.0,0.05375343747437,0.0010623931439665566,0.10623283575295585,1
REACTOME_MRNA_EDITING,5,5,0.04894116893410683,0.0,0.04894116893410683,0.001512211185095457,0.10623283575295585,1
REACTOME_NEGATIVE_REGULATION_OF_FLT3,6,6,0.03511279076337814,0.0,0.03511279076337814,0.0014011392176942672,0.10623283575295585,1
REACTOME_FCERI_MEDIATED_MAPK_ACTIVATION,10,10,-0.020248696208000183,0.0,-0.020248696208000183,0.001031049380270173,0.10623283575295585,-1
REACTOME_MRNA_SPLICING,44,44,-0.01900149043649435,0.0,-0.01900149043649435,0.0014773259016903466,0.10623283575295585,-1
REACTOME_RRNA_PROCESSING,40,40,-0.014309922233223915,0.0,-0.014309922233223915,0.0010094130326183928,0.10623283575295585,-1
REACTOME_ABORTIVE_ELONGATION_OF_HIV_1_TRANSCRIPT_IN_THE_ABSENCE_OF_TAT,6,6,-0.03047262877225876,0.0,-0.03047262877225876,0.0020765853538318568,0.1346585733292504,-1
REACTOME_SIGNALING_BY_KIT_IN_DISEASE,6,6,-0.08014489710330963,0.0,-0.08014489710330963,0.0023730582771699102,0.14289200911815958,-1
REACTOME_EUKARYOTIC_TRANSLATION_INITIATION,14,14,-0.040863242000341415,0.0,-0.040863242000341415,0.002917876779203137,0.1446923602863673,-1
REACTOME_UB_SPECIFIC_PROCESSING_PROTEASES,33,33,0.009710684418678284,0.0,0.009710684418678284,0.0026093559631772695,0.1446923602863673,1
REACTOME_METABOLISM_OF_RNA,150,150,-0.009533334523439407,0.0,-0.009533334523439407,0.002829786721308293,0.1446923602863673,-1
REACTOME_RNA_POLYMERASE_II_TRANSCRIPTION_TERMINATION,19,19,-0.021704986691474915,0.0,-0.021704986691474915,0.0031003709863997395,0.14520070786305447,-1
REACTOME_FORMATION_OF_TUBULIN_FOLDING_INTERMEDIATES_BY_CCT_TRIC,5,5,-0.07662726938724518,0.0,-0.07662726938724518,0.003626518629667358,0.16090290551629383,-1
REACTOME_DAP12_INTERACTIONS,13,13,-0.07698503136634827,0.0,-0.07698503136634827,0.004400856599830345,0.16863282334804458,-1
REACTOME_FC_EPSILON_RECEPTOR_FCERI_SIGNALING,32,32,-0.01931875105947256,0.0,-0.01931875105947256,0.004242410213685199,0.16863282334804458,-1
REACTOME_PROCESSING_OF_CAPPED_INTRON_CONTAINING_PRE_MRNA,56,56,-0.015171314124017954,0.0,-0.015171314124017954,0.004127791520683825,0.16863282334804458,-1
REACTOME_REGULATED_NECROSIS,15,15,0.05467668175697327,0.0,0.05467668175697327,0.004678323423258306,0.17147072373072833,1
REACTOME_SIGNALING_BY_SCF_KIT,11,11,-0.028476227074861526,0.0,-0.028476227074861526,0.005121435638437847,0.1726948097281242,-1
REACTOME_CELLULAR_RESPONSE_TO_CHEMICAL_STRESS,24,24,0.0050927624106407166,0.0,0.0050927624106407166,0.00497128696559693,0.1726948097281242,1
REACTOME_EUKARYOTIC_TRANSLATION_ELONGATION,5,5,-0.16453242301940918,0.0,-0.16453242301940918,0.006048078301415671,0.17581137958942794,-1
REACTOME_TIE2_SIGNALING,6,6,-0.05973338894546032,0.0,-0.05973338894546032,0.006030962644727611,0.17581137958942794,-1
REACTOME_SIGNALING_BY_NOTCH4,6,6,0.03543937485665083,0.0,0.03543937485665083,0.006019751189455893,0.17581137958942794,1
REACTOME_HEDGEHOG_ON_STATE,11,11,0.012632722035050392,0.0,0.012632722035050392,0.005712042143779714,0.17581137958942794,1
REACTOME_RESPONSE_TO_ELEVATED_PLATELET_CYTOSOLIC_CA2,38,38,-0.007306390441954136,0.0,-0.007306390441954136,0.006579357302390523,0.18487994019717371,-1
REACTOME_RETROGRADE_TRANSPORT_AT_THE_TRANS_GOLGI_NETWORK,13,13,-0.025373883545398712,0.0,-0.025373883545398712,0.007081323821314932,0.19256632197962864,-1
REACTOME_RIPK1_MEDIATED_REGULATED_NECROSIS,11,11,0.05697191506624222,0.0,0.05697191506624222,0.007739365701921901,0.20388391521000507,1
REACTOME_PD_1_SIGNALING,12,12,-0.07241680100560188,0.0,-0.07241680100560188,0.011424376188644095,0.2534407665007098,-1
REACTOME_GPVI_MEDIATED_ACTIVATION_CASCADE,10,10,-0.030238522216677666,0.0,-0.030238522216677666,0.010317327818673309,0.2534407665007098,-1
REACTOME_TRANSLESION_SYNTHESIS_BY_Y_FAMILY_DNA_POLYMERASES_BYPASSES_LESIONS_ON_DNA_TEMPLATE,13,13,0.023815210908651352,0.0,0.023815210908651352,0.010877706341806417,0.2534407665007098,1
REACTOME_GAP_JUNCTION_TRAFFICKING_AND_REGULATION,5,5,-0.022301072254776955,0.0,-0.022301072254776955,0.011044956903008288,0.2534407665007098,-1
REACTOME_TRANSPORT_OF_MATURE_TRANSCRIPT_TO_CYTOPLASM,21,21,-0.014838864095509052,0.0,-0.014838864095509052,0.011331218378520856,0.2534407665007098,-1
REACTOME_PLATELET_ACTIVATION_SIGNALING_AND_AGGREGATION,68,68,-0.0004254300147294998,0.0,-0.0004254300147294998,0.010028080803882244,0.2534407665007098,-1
REACTOME_TCR_SIGNALING,31,31,-0.02031061053276062,0.0,-0.02031061053276062,0.012065578972331927,0.2541464520897611,-1
REACTOME_RRNA_MODIFICATION_IN_THE_NUCLEUS_AND_CYTOSOL,19,19,-0.013420134782791138,0.0,-0.013420134782791138,0.011900116837261913,0.2541464520897611,-1
REACTOME_CYCLIN_A_CDK2_ASSOCIATED_EVENTS_AT_S_PHASE_ENTRY,16,16,0.0033168895170092583,0.0,0.0033168895170092583,0.012360622225006173,0.2541464520897611,1
REACTOME_DAP12_SIGNALING,12,12,-0.058637646958231926,0.0,-0.058637646958231926,0.013691123551688703,0.2577696994416223,-1
REACTOME_PIWI_INTERACTING_RNA_PIRNA_BIOGENESIS,6,6,-0.02617439441382885,0.0,-0.02617439441382885,0.013817931284957764,0.2577696994416223,-1
REACTOME_DEGRADATION_OF_GLI1_BY_THE_PROTEASOME,7,7,0.01187561172991991,0.0,0.01187561172991991,0.013714605911659527,0.2577696994416223,1
REACTOME_CARGO_RECOGNITION_FOR_CLATHRIN_MEDIATED_ENDOCYTOSIS,17,17,0.0049317367374897,0.0,0.0049317367374897,0.01297057609256403,0.2577696994416223,1
REACTOME_PEPTIDE_LIGAND_BINDING_RECEPTORS,56,56,0.0,0.0,0.0,0.014065724999186983,0.2577696994416223,0
REACTOME_INACTIVATION_OF_CSF3_G_CSF_SIGNALING,5,5,0.1174556165933609,0.0,0.1174556165933609,0.014810152814513712,0.26563742175819277,1
REACTOME_HIV_ELONGATION_ARREST_AND_RECOVERY,7,7,-0.029952965676784515,0.0,-0.029952965676784515,0.01605928721744269,0.2711483346160036,-1
REACTOME_ANTIGEN_ACTIVATES_B_CELL_RECEPTOR_BCR_LEADING_TO_GENERATION_OF_SECOND_MESSENGERS,12,12,-0.0246545122936368,0.0,-0.0246545122936368,0.0162403998831401,0.2711483346160036,-1
REACTOME_RUNX1_REGULATES_GENES_INVOLVED_IN_MEGAKARYOCYTE_DIFFERENTIATION_AND_PLATELET_FUNCTION,13,13,-0.016521673649549484,0.0,-0.016521673649549484,0.01589941998906461,0.2711483346160036,-1
REACTOME_REGULATION_OF_RUNX2_EXPRESSION_AND_ACTIVITY,6,6,0.011617469601333141,0.0,0.011617469601333141,0.016725638671449803,0.2711483346160036,1
REACTOME_ANTIVIRAL_MECHANISM_BY_IFN_STIMULATED_GENES,17,17,0.007795505225658417,0.0,0.007795505225658417,0.016563778962661455,0.2711483346160036,1
REACTOME_GENERATION_OF_SECOND_MESSENGER_MOLECULES,17,17,-0.02891474962234497,0.0,-0.02891474962234497,0.018110304449725303,0.2880563519078949,-1
REACTOME_MYOCLONIC_EPILEPSY_OF_LAFORA,5,5,0.07519340515136719,0.0,0.07519340515136719,0.019981918476012394,0.2922856889980328,1
REACTOME_SIGNALING_BY_FGFR2_IN_DISEASE,9,9,-0.027351897209882736,0.0,-0.027351897209882736,0.01969309391124271,0.2922856889980328,-1
REACTOME_DOWNREGULATION_OF_SMAD2_3_SMAD4_TRANSCRIPTIONAL_ACTIVITY,8,8,0.013168327510356903,0.0,0.013168327510356903,0.020327514141829157,0.2922856889980328,1
REACTOME_CELLULAR_RESPONSE_TO_HEAT_STRESS,33,33,0.006456729024648666,0.0,0.006456729024648666,0.01934253490755202,0.2922856889980328,1
REACTOME_SCF_SKP2_MEDIATED_DEGRADATION_OF_P27_P21,8,8,0.0033168895170092583,0.0,0.0033168895170092583,0.02045653102121463,0.2922856889980328,1
REACTOME_SARS_COV_1_INFECTION,12,12,0.0024076085537672043,0.0,0.0024076085537672043,0.02022102129606297,0.2922856889980328,1
REACTOME_DEGRADATION_OF_DVL,6,6,0.007495311088860035,0.0,0.007495311088860035,0.021907284974505205,0.30275149563127685,1
REACTOME_CYTOPROTECTION_BY_HMOX1,19,19,0.004347512498497963,0.0,0.004347512498497963,0.021775273274294574,0.30275149563127685,1
REACTOME_ADVANCED_GLYCOSYLATION_ENDPRODUCT_RECEPTOR_SIGNALING,5,5,-0.05589713901281357,0.0,-0.05589713901281357,0.024460969940713298,0.3128017331127373,-1
REACTOME_REGULATION_BY_C_FLIP,6,6,0.0491995457559824,0.0,0.0491995457559824,0.023524359779106854,0.3128017331127373,1
REACTOME_MITOCHONDRIAL_CALCIUM_ION_TRANSPORT,5,5,-0.024553872644901276,0.0,-0.024553872644901276,0.023769121045158062,0.3128017331127373,-1
REACTOME_MRNA_SPLICING_MINOR_PATHWAY,14,14,-0.022198865190148354,0.0,-0.022198865190148354,0.0244898154038442,0.3128017331127373,-1
REACTOME_CHEMOKINE_RECEPTORS_BIND_CHEMOKINES,35,35,0.011145664379000664,0.0,0.011145664379000664,0.023114474986550913,0.3128017331127373,1
REACTOME_REGULATION_OF_TNFR1_SIGNALING,7,7,0.03443593531847,0.0,0.03443593531847,0.026482394652819027,0.32161236530627757,1
REACTOME_ERCC6_CSB_AND_EHMT2_G9A_POSITIVELY_REGULATE_RRNA_EXPRESSION,6,6,-0.025762117467820644,0.0,-0.025762117467820644,0.0268605831497075,0.32161236530627757,-1
REACTOME_TERMINATION_OF_TRANSLESION_DNA_SYNTHESIS,12,12,0.02081965934485197,0.0,0.02081965934485197,0.0259231023335371,0.32161236530627757,1
REACTOME_COPI_MEDIATED_ANTEROGRADE_TRANSPORT,15,15,-0.013848699629306793,0.0,-0.013848699629306793,0.026460255150910262,0.32161236530627757,-1
REACTOME_HEMOSTASIS,146,146,0.0,0.0,0.0,0.027087162439793245,0.32161236530627757,0
REACTOME_GLYCOGEN_STORAGE_DISEASES,6,6,0.037596702575683594,0.0,0.037596702575683594,0.028213060842190513,0.3238580596240187,1
REACTOME_FERTILIZATION,5,5,-0.03735549747943878,0.0,-0.03735549747943878,0.02842882136675846,0.3238580596240187,-1
REACTOME_REGULATION_OF_TP53_ACTIVITY_THROUGH_METHYLATION,6,6,0.011653818190097809,0.0,0.011653818190097809,0.028016326994427354,0.3238580596240187,1
REACTOME_NUCLEOTIDE_SALVAGE,6,6,0.03486866597086191,0.0,0.03486866597086191,0.029237285316683615,0.3286270869595238,1
REACTOME_HSF1_DEPENDENT_TRANSACTIVATION,16,16,0.0075738627929240465,0.0,0.0075738627929240465,0.030150423668585016,0.33040048235320374,1
REACTOME_NUCLEOTIDE_BINDING_DOMAIN_LEUCINE_RICH_REPEAT_CONTAINING_RECEPTOR_NLR_SIGNALING_PATHWAYS,16,16,0.003894311375916004,0.0,0.003894311375916004,0.030178928993115882,0.33040048235320374,1
REACTOME_CLATHRIN_MEDIATED_ENDOCYTOSIS,27,27,0.0032781828194856644,0.0,0.0032781828194856644,0.030702565343135445,0.3318238792854254,1
REACTOME_POSITIVE_EPIGENETIC_REGULATION_OF_RRNA_EXPRESSION,13,13,-0.01917451247572899,0.0,-0.01917451247572899,0.0317202931192125,0.3342525887437017,-1
REACTOME_ATTENUATION_PHASE,14,14,0.014002974843606353,0.0,0.014002974843606353,0.031453414404407416,0.3342525887437017,1
REACTOME_AUF1_HNRNP_D0_BINDS_AND_DESTABILIZES_MRNA,7,7,0.07519340515136719,0.0,0.07519340515136719,0.033098293222507104,0.3444674220564628,1
REACTOME_STABILIZATION_OF_P53,5,5,0.006900180131196976,0.0,0.006900180131196976,0.033686885384258784,0.346317614377197,1
REACTOME_CYTOKINE_SIGNALING_IN_IMMUNE_SYSTEM,191,191,0.0,0.0,0.0,0.03532807392354252,0.3588140520186307,0
REACTOME_O_GLYCOSYLATION_OF_TSR_DOMAIN_CONTAINING_PROTEINS,6,6,-0.02950472105294466,0.0,-0.02950472105294466,0.03930845368285049,0.3898473700546231,-1
REACTOME_SIGNALING_BY_PDGF,18,18,-0.003345559351146221,0.0,-0.003345559351146221,0.0391614250966759,0.3898473700546231,-1
REACTOME_CELL_CELL_COMMUNICATION,18,18,-0.010548312216997147,0.0,-0.010548312216997147,0.0410470680822462,0.40235672550387847,-1
REACTOME_TP53_REGULATES_TRANSCRIPTION_OF_GENES_INVOLVED_IN_G2_CELL_CYCLE_ARREST,5,5,-0.020491600036621094,0.0,-0.020491600036621094,0.043537934330962605,0.40590805522118917,-1
REACTOME_DOWNSTREAM_SIGNAL_TRANSDUCTION,10,10,-0.016798852011561394,0.0,-0.016798852011561394,0.04276193225083309,0.40590805522118917,-1
REACTOME_CASPASE_ACTIVATION_VIA_EXTRINSIC_APOPTOTIC_SIGNALLING_PATHWAY,10,10,0.01358798355795443,0.0,0.01358798355795443,0.043741060977224994,0.40590805522118917,1
REACTOME_DOWNREGULATION_OF_ERBB2_ERBB3_SIGNALING,5,5,0.008953285403549671,0.0,0.008953285403549671,0.04381688377832528,0.40590805522118917,1
REACTOME_CLASS_A_1_RHODOPSIN_LIKE_RECEPTORS,74,74,0.0,0.0,0.0,0.043682282555395024,0.40590805522118917,0
REACTOME_TP53_REGULATES_TRANSCRIPTION_OF_CELL_CYCLE_GENES,14,14,-0.005782193038612604,0.0,-0.005782193038612604,0.04587064206032193,0.41567403247301665,-1
REACTOME_GPCR_LIGAND_BINDING,92,92,0.0,0.0,0.0,0.045787634105871604,0.41567403247301665,0
REACTOME_S_PHASE,46,46,0.0,0.0,0.0,0.04635036661027706,0.41567403247301665,0
REACTOME_TICAM1_RIP1_MEDIATED_IKK_COMPLEX_RECRUITMENT,5,5,0.071979820728302,0.0,0.071979820728302,0.05193873735615205,0.44677913868608343,1
REACTOME_HSF1_ACTIVATION,15,15,0.018361426889896393,0.0,0.018361426889896393,0.05035292192123686,0.44677913868608343,1
REACTOME_INTERFERON_GAMMA_SIGNALING,24,24,0.006238839356228709,0.0,0.006238839356228709,0.05184261685336202,0.44677913868608343,1
REACTOME_DISORDERS_OF_TRANSMEMBRANE_TRANSPORTERS,30,30,0.0003978833556175232,0.0,0.0003978833556175232,0.05095161367326192,0.44677913868608343,1
REACTOME_SELENOAMINO_ACID_METABOLISM,12,12,-0.00895702838897705,0.0,-0.00895702838897705,0.053629339250615145,0.4566619493764502,-1
REACTOME_SIGNALLING_TO_ERKS,5,5,-0.04098375886678696,0.0,-0.04098375886678696,0.056623535204841355,0.45865472695977744,-1
REACTOME_TNFR1_INDUCED_NFKAPPAB_SIGNALING_PATHWAY,7,7,0.03443593531847,0.0,0.03443593531847,0.057619394422475656,0.45865472695977744,1
REACTOME_SIGNALING_BY_NOTCH2,6,6,0.03176712151616812,0.0,0.03176712151616812,0.056900291490241756,0.45865472695977744,1
REACTOME_P75NTR_SIGNALS_VIA_NF_KB,5,5,0.028192520141601562,0.0,0.028192520141601562,0.057671887375725275,0.45865472695977744,1
REACTOME_REGULATION_OF_RUNX1_EXPRESSION_AND_ACTIVITY,6,6,-0.017194848507642746,0.0,-0.017194848507642746,0.05540671115921279,0.45865472695977744,-1
REACTOME_ANTIGEN_PROCESSING_UBIQUITINATION_PROTEASOME_DEGRADATION,64,64,0.0005335691384971142,0.0,0.0005335691384971142,0.057311656971476166,0.45865472695977744,1
REACTOME_ADORA2B_MEDIATED_ANTI_INFLAMMATORY_CYTOKINES_PRODUCTION,26,26,0.0,0.0,0.0,0.05485015991234747,0.45865472695977744,0
REACTOME_APC_C_CDC20_MEDIATED_DEGRADATION_OF_CYCLIN_B,8,8,0.008769551292061806,0.0,0.008769551292061806,0.05932026258673665,0.4673549659870934,1
REACTOME_GLYCOGEN_SYNTHESIS,6,6,0.037596702575683594,0.0,0.037596702575683594,0.06099150450087648,0.4753106285401065,1
REACTOME_FGFR2_MUTANT_RECEPTOR_ACTIVATION,6,6,-0.02617439441382885,0.0,-0.02617439441382885,0.061923533619601664,0.4753106285401065,-1
REACTOME_SPHINGOLIPID_DE_NOVO_BIOSYNTHESIS,7,7,0.012374546378850937,0.0,0.012374546378850937,0.06258538525261188,0.4753106285401065,1
REACTOME_REGULATION_OF_HSF1_MEDIATED_HEAT_SHOCK_RESPONSE,29,29,0.005135200452059507,0.0,0.005135200452059507,0.06228161217495779,0.4753106285401065,1
REACTOME_DEFECTIVE_CFTR_CAUSES_CYSTIC_FIBROSIS,5,5,0.0007957667112350464,0.0,0.0007957667112350464,0.06459557553015381,0.4861970551064255,1
REACTOME_MHC_CLASS_II_ANTIGEN_PRESENTATION,32,32,-0.00897086039185524,0.0,-0.00897086039185524,0.06614525800769225,0.49215192828133136,-1
REACTOME_ONCOGENIC_MAPK_SIGNALING,17,17,-0.004735030233860016,0.0,-0.004735030233860016,0.06655435329071385,0.49215192828133136,-1
REACTOME_RHOH_GTPASE_CYCLE,5,5,-0.036424100399017334,0.0,-0.036424100399017334,0.06845869037785499,0.4932536409276218,-1
REACTOME_DISEASES_OF_GLYCOSYLATION,28,28,-0.008954163640737534,0.0,-0.008954163640737534,0.06746046243117439,0.4932536409276218,-1
REACTOME_TRANSLATION,52,52,-0.004761378280818462,0.0,-0.004761378280818462,0.06814354834412235,0.4932536409276218,-1
REACTOME_TRANSPORT_OF_INORGANIC_CATIONS_ANIONS_AND_AMINO_ACIDS_OLIGOPEPTIDES,11,11,-0.009899220429360867,0.0,-0.009899220429360867,0.0700377010928705,0.5003540849261849,-1
REACTOME_REGULATION_OF_HMOX1_EXPRESSION_AND_ACTIVITY,6,6,0.0033168895170092583,0.0,0.0033168895170092583,0.07090112736569414,0.5022659694897492,1
REACTOME_NEGATIVE_REGULATORS_OF_DDX58_IFIH1_SIGNALING,11,11,0.029602035880088806,0.0,0.029602035880088806,0.07458460397923945,0.5039923420851269,1
REACTOME_PRE_NOTCH_EXPRESSION_AND_PROCESSING,10,10,-0.006816689856350422,0.0,-0.006816689856350422,0.07504360156162344,0.5039923420851269,-1
REACTOME_SENESCENCE_ASSOCIATED_SECRETORY_PHENOTYPE_SASP,19,19,0.006090108305215836,0.0,0.006090108305215836,0.07490179889165571,0.5039923420851269,1
REACTOME_SIGNALING_BY_BRAF_AND_RAF1_FUSIONS,15,15,-0.004735030233860016,0.0,-0.004735030233860016,0.07532981625471646,0.5039923420851269,-1
REACTOME_RHOC_GTPASE_CYCLE,16,16,-0.003604235127568245,0.0,-0.003604235127568245,0.07199644612976482,0.5039923420851269,-1
REACTOME_TRANSCRIPTIONAL_ACTIVITY_OF_SMAD2_SMAD3_SMAD4_HETEROTRIMER,14,14,0.00226629339158535,0.0,0.00226629339158535,0.07500526896785065,0.5039923420851269,1
REACTOME_HDR_THROUGH_HOMOLOGOUS_RECOMBINATION_HRR,21,21,0.0019823703914880753,0.0,0.0019823703914880753,0.07396294928228318,0.5039923420851269,1
REACTOME_TRANSCRIPTIONAL_REGULATION_BY_RUNX2,16,16,0.0003978833556175232,0.0,0.0003978833556175232,0.07639737374981607,0.5071101265440547,1
REACTOME_ABC_FAMILY_PROTEINS_MEDIATED_TRANSPORT,17,17,0.0,0.0,0.0,0.07749177982939043,0.510356018720126,0
REACTOME_DNA_DAMAGE_BYPASS,16,16,0.01040156465023756,0.0,0.01040156465023756,0.07888596543463737,0.5155106113286767,1
REACTOME_DISEASES_ASSOCIATED_WITH_GLYCOSYLATION_PRECURSOR_BIOSYNTHESIS,6,6,-0.03155471198260784,0.0,-0.03155471198260784,0.08060114820830029,0.5226674456892089,-1
REACTOME_RHOF_GTPASE_CYCLE,10,10,-0.010217102244496346,0.0,-0.010217102244496346,0.08132467910480397,0.5233336220255705,-1
REACTOME_VEGFR2_MEDIATED_VASCULAR_PERMEABILITY,5,5,0.010012525133788586,0.0,0.010012525133788586,0.08207904587835071,0.5241866339049216,1
REACTOME_INFLAMMASOMES,7,7,0.007350444793701172,0.0,0.007350444793701172,0.08284973618404524,0.5251302827304521,1
REACTOME_DETOXIFICATION_OF_REACTIVE_OXYGEN_SPECIES,5,5,0.06132280081510544,0.0,0.06132280081510544,0.09500657771097158,0.5395765636513864,1
REACTOME_INFECTION_WITH_MYCOBACTERIUM_TUBERCULOSIS,6,6,0.04472765326499939,0.0,0.04472765326499939,0.09176290378117842,0.5395765636513864,1
REACTOME_FORMATION_OF_THE_EARLY_ELONGATION_COMPLEX,9,9,-0.027351897209882736,0.0,-0.027351897209882736,0.09011090537166647,0.5395765636513864,-1
REACTOME_SIGNALING_BY_FGFR_IN_DISEASE,13,13,-0.024996891617774963,0.0,-0.024996891617774963,0.0909782105434217,0.5395765636513864,-1
REACTOME_GAP_FILLING_DNA_REPAIR_SYNTHESIS_AND_LIGATION_IN_GG_NER,10,10,0.02081965934485197,0.0,0.02081965934485197,0.08784975698860784,0.5395765636513864,1
REACTOME_RAB_GERANYLGERANYLATION,7,7,0.014159232378005981,0.0,0.014159232378005981,0.09498519686140298,0.5395765636513864,1
REACTOME_CARGO_CONCENTRATION_IN_THE_ER,5,5,0.012786287814378738,0.0,0.012786287814378738,0.09754818696529224,0.5395765636513864,1
REACTOME_SYNTHESIS_OF_PA,7,7,0.012074192985892296,0.0,0.012074192985892296,0.09793026600078543,0.5395765636513864,1
REACTOME_CELL_CELL_JUNCTION_ORGANIZATION,9,9,-0.009377854876220226,0.0,-0.009377854876220226,0.09713453857897451,0.5395765636513864,-1
REACTOME_CELL_JUNCTION_ORGANIZATION,9,9,-0.009377854876220226,0.0,-0.009377854876220226,0.09713453857897451,0.5395765636513864,-1
REACTOME_TP53_REGULATES_TRANSCRIPTION_OF_DEATH_RECEPTORS_AND_LIGANDS,5,5,0.009005322121083736,0.0,0.009005322121083736,0.0948082050874709,0.5395765636513864,1
REACTOME_HCMV_LATE_EVENTS,13,13,0.007795505225658417,0.0,0.007795505225658417,0.09448594761351213,0.5395765636513864,1
REACTOME_TRANSCRIPTIONAL_REGULATION_OF_WHITE_ADIPOCYTE_DIFFERENTIATION,22,22,0.005753855453804135,0.0,0.005753855453804135,0.09063038632826725,0.5395765636513864,1
REACTOME_DOWNREGULATION_OF_TGF_BETA_RECEPTOR_SIGNALING,8,8,0.00518325692974031,0.0,0.00518325692974031,0.0912027580374768,0.5395765636513864,1
REACTOME_TGF_BETA_RECEPTOR_SIGNALING_ACTIVATES_SMADS,8,8,0.00518325692974031,0.0,0.00518325692974031,0.0912027580374768,0.5395765636513864,1
REACTOME_CDT1_ASSOCIATION_WITH_THE_CDC6_ORC_ORIGIN_COMPLEX,8,8,0.003146386006847024,0.0,0.003146386006847024,0.09402370618543192,0.5395765636513864,1
REACTOME_SMAD2_SMAD3_SMAD4_HETEROTRIMER_REGULATES_TRANSCRIPTION,10,10,0.0022568069398403168,0.0,0.0022568069398403168,0.09729509753571187,0.5395765636513864,1
REACTOME_APOPTOSIS,33,33,0.0007957667112350464,0.0,0.0007957667112350464,0.09340501262732963,0.5395765636513864,1
REACTOME_G1_S_DNA_DAMAGE_CHECKPOINTS,7,7,0.0007957667112350464,0.0,0.0007957667112350464,0.08698999144896381,0.5395765636513864,1
REACTOME_SIGNALING_BY_PTK6,17,17,0.0,0.0,0.0,0.09764405789586134,0.5395765636513864,0
REACTOME_APC_CDC20_MEDIATED_DEGRADATION_OF_NEK2A,10,10,0.008769551292061806,0.0,0.008769551292061806,0.09951137233382168,0.5412134637252366,1
REACTOME_COPII_MEDIATED_VESICLE_TRANSPORT,10,10,0.008314815117046237,0.0,0.008314815117046237,0.0988809894139561,0.5412134637252366,1
REACTOME_TBC_RABGAPS,7,7,-0.02136637270450592,0.0,-0.02136637270450592,0.1012418527015556,0.5470953963295601,-1
REACTOME_ACTIVATED_NOTCH1_TRANSMITS_SIGNAL_TO_THE_NUCLEUS,5,5,0.0287853442132473,0.0,0.0287853442132473,0.1096647264999395,0.5563806394028217,1
REACTOME_TRANSLESION_SYNTHESIS_BY_POLH,9,9,0.0255744569003582,0.0,0.0255744569003582,0.10892290872909544,0.5563806394028217,1
REACTOME_RAF_ACTIVATION,5,5,-0.01627528667449951,0.0,-0.01627528667449951,0.10796893503672862,0.5563806394028217,-1
REACTOME_INFLUENZA_INFECTION,23,23,-0.014838864095509052,0.0,-0.014838864095509052,0.1102201266669884,0.5563806394028217,-1
REACTOME_RHOJ_GTPASE_CYCLE,10,10,-0.01206238940358162,0.0,-0.01206238940358162,0.10789772448343288,0.5563806394028217,-1
REACTOME_INTRA_GOLGI_AND_RETROGRADE_GOLGI_TO_ER_TRAFFIC,42,42,-0.008022661320865154,0.0,-0.008022661320865154,0.10696121949145168,0.5563806394028217,-1
REACTOME_DNA_DOUBLE_STRAND_BREAK_RESPONSE,8,8,0.007910782936960459,0.0,0.007910782936960459,0.10493260860706528,0.5563806394028217,1
REACTOME_HOST_INTERACTIONS_OF_HIV_FACTORS,24,24,0.000533372163772583,0.0,0.000533372163772583,0.10467782459029551,0.5563806394028217,1
REACTOME_CLASS_I_MHC_MEDIATED_ANTIGEN_PROCESSING_PRESENTATION,77,77,0.0,0.0,0.0,0.10878680151700389,0.5563806394028217,0
REACTOME_TNF_SIGNALING,9,9,0.0,0.0,0.0,0.10903304430130677,0.5563806394028217,0
REACTOME_TRANSLATION_OF_SARS_COV_1_STRUCTURAL_PROTEINS,9,9,0.0,0.0,0.0,0.10799030546513437,0.5563806394028217,0
REACTOME_ABC_TRANSPORTER_DISORDERS,11,11,0.0,0.0,0.0,0.1122224108699416,0.5631160259723855,0
REACTOME_RESPONSE_OF_EIF2AK4_GCN2_TO_AMINO_ACID_DEFICIENCY,8,8,-0.06224824860692024,0.0,-0.06224824860692024,0.11449742754322988,0.5662112417613013,-1
REACTOME_POST_CHAPERONIN_TUBULIN_FOLDING_PATHWAY,5,5,-0.022301072254776955,0.0,-0.022301072254776955,0.11472480436880077,0.5662112417613013,-1
REACTOME_BIOLOGICAL_OXIDATIONS,27,27,-0.007563652936369181,0.0,-0.007563652936369181,0.11485423765264831,0.5662112417613013,-1
REACTOME_TRANSLOCATION_OF_SLC2A4_GLUT4_TO_THE_PLASMA_MEMBRANE,13,13,-0.019494829699397087,0.0,-0.019494829699397087,0.11766907269122119,0.5767152806901131,-1
REACTOME_PROGRAMMED_CELL_DEATH,38,38,0.0003978833556175232,0.0,0.0003978833556175232,0.1189296437302048,0.579524217714235,1
REACTOME_SIGNALING_BY_CSF3_G_CSF,6,6,0.09632451087236404,0.0,0.09632451087236404,0.12245200551652849,0.5833761157699742,1
REACTOME_MICRORNA_MIRNA_BIOGENESIS,7,7,-0.027351897209882736,0.0,-0.027351897209882736,0.12274827520285014,0.5833761157699742,-1
REACTOME_COSTIMULATION_BY_THE_CD28_FAMILY,25,25,-0.01627528667449951,0.0,-0.01627528667449951,0.12051465063630497,0.5833761157699742,-1
REACTOME_DISEASES_ASSOCIATED_WITH_O_GLYCOSYLATION_OF_PROTEINS,9,9,-0.009695352986454964,0.0,-0.009695352986454964,0.12387227132007755,0.5833761157699742,-1
REACTOME_APC_C_CDH1_MEDIATED_DEGRADATION_OF_CDC20_AND_OTHER_APC_C_CDH1_TARGETED_PROTEINS_IN_LATE_MITOSIS_EARLY_G1,12,12,0.0033168895170092583,0.0,0.0033168895170092583,0.12188179208861183,0.5833761157699742,1
REACTOME_HEME_SIGNALING,14,14,0.0,0.0,0.0,0.12369072751390969,0.5833761157699742,0
REACTOME_FORMATION_OF_RNA_POL_II_ELONGATION_COMPLEX,16,16,-0.020503319799900055,0.0,-0.020503319799900055,0.12555380943839825,0.5847616649534239,-1
REACTOME_METABOLISM_OF_CARBOHYDRATES,55,55,0.0,0.0,0.0,0.12487060122465816,0.5847616649534239,0
REACTOME_RUNX1_REGULATES_TRANSCRIPTION_OF_GENES_INVOLVED_IN_DIFFERENTIATION_OF_HSCS,13,13,0.0007957667112350464,0.0,0.0007957667112350464,0.12731794952349357,0.5870388129439491,1
REACTOME_SWITCHING_OF_ORIGINS_TO_A_POST_REPLICATIVE_STATE,19,19,0.0007957667112350464,0.0,0.0007957667112350464,0.12743547184904233,0.5870388129439491,1
REACTOME_RHO_GTPASES_ACTIVATE_IQGAPS,5,5,-0.022301072254776955,0.0,-0.022301072254776955,0.1307561743826453,0.5894516310404813,-1
REACTOME_FCERI_MEDIATED_CA_2_MOBILIZATION,12,12,-0.01369386911392212,0.0,-0.01369386911392212,0.13049975954638304,0.5894516310404813,-1
REACTOME_ASSEMBLY_AND_CELL_SURFACE_PRESENTATION_OF_NMDA_RECEPTORS,7,7,-0.00998426228761673,0.0,-0.00998426228761673,0.12946640331017578,0.5894516310404813,-1
REACTOME_RHOB_GTPASE_CYCLE,14,14,-0.003604235127568245,0.0,-0.003604235127568245,0.129153075970315,0.5894516310404813,-1
REACTOME_SIGNALING_BY_FGFR,18,18,-0.014804316684603691,0.0,-0.014804316684603691,0.13197322603028916,0.5897568839036181,-1
REACTOME_INTRAFLAGELLAR_TRANSPORT,15,15,-0.00998426228761673,0.0,-0.00998426228761673,0.13407529280847583,0.5897568839036181,-1
REACTOME_EXPORT_OF_VIRAL_RIBONUCLEOPROTEINS_FROM_NUCLEUS,10,10,0.0071261171251535416,0.0,0.0071261171251535416,0.1340282925918792,0.5897568839036181,1
REACTOME_EGFR_DOWNREGULATION,7,7,0.003929635509848595,0.0,0.003929635509848595,0.13432185256167817,0.5897568839036181,1
REACTOME_DISEASES_OF_CARBOHYDRATE_METABOLISM,9,9,0.0,0.0,0.0,0.1328222905363854,0.5897568839036181,0
REACTOME_SYNTHESIS_OF_ACTIVE_UBIQUITIN_ROLES_OF_E1_AND_E2_ENZYMES,7,7,0.023570790886878967,0.0,0.023570790886878967,0.13848716574022443,0.5980177782697672,1
REACTOME_SIGNALING_BY_FGFR2,16,16,-0.02229339350014925,0.0,-0.02229339350014925,0.13837607911698566,0.5980177782697672,-1
REACTOME_E3_UBIQUITIN_LIGASES_UBIQUITINATE_TARGET_PROTEINS,14,14,-0.016690775752067566,0.0,-0.016690775752067566,0.1386532709335096,0.5980177782697672,-1
REACTOME_DDX58_IFIH1_MEDIATED_INDUCTION_OF_INTERFERON_ALPHA_BETA,22,22,0.006731074769049883,0.0,0.006731074769049883,0.1390409069286766,0.5980177782697672,1
REACTOME_SUMOYLATION_OF_SUMOYLATION_PROTEINS,10,10,0.0071261171251535416,0.0,0.0071261171251535416,0.1411744858760953,0.6010610686542845,1
REACTOME_GLYCOSAMINOGLYCAN_METABOLISM,19,19,0.0,0.0,0.0,0.1410645847119759,0.6010610686542845,0
REACTOME_PEXOPHAGY,5,5,0.008229037746787071,0.0,0.008229037746787071,0.14410999830139148,0.6074822109858551,1
REACTOME_CELL_SURFACE_INTERACTIONS_AT_THE_VASCULAR_WALL,36,36,-0.00021130498498678207,0.0,-0.00021130498498678207,0.14412389347232624,0.6074822109858551,-1
REACTOME_IRAK4_DEFICIENCY_TLR2_4,6,6,-0.14019993063993752,0.0,-0.14019993063993752,0.14775335674215037,0.6174769851404909,-1
REACTOME_CASPASE_ACTIVATION_VIA_DEATH_RECEPTORS_IN_THE_PRESENCE_OF_LIGAND,7,7,0.04142717644572258,0.0,0.04142717644572258,0.14973458048602778,0.6174769851404909,1
REACTOME_PERK_REGULATES_GENE_EXPRESSION,9,9,-0.017401594668626785,0.0,-0.017401594668626785,0.15015541332608465,0.6174769851404909,-1
REACTOME_DEADENYLATION_DEPENDENT_MRNA_DECAY,16,16,-0.01299404725432396,0.0,-0.01299404725432396,0.15015751121447288,0.6174769851404909,-1
REACTOME_CYCLIN_D_ASSOCIATED_EVENTS_IN_G1,17,17,0.0,0.0,0.0,0.14932207648511603,0.6174769851404909,0
REACTOME_SIGNALING_BY_FLT3_FUSION_PROTEINS,9,9,-0.020864322781562805,0.0,-0.020864322781562805,0.16081711407340482,0.6233018851612422,-1
REACTOME_RNA_POLYMERASE_I_TRANSCRIPTION,15,15,-0.017873525619506836,0.0,-0.017873525619506836,0.16192540077142592,0.6233018851612422,-1
REACTOME_RNA_POLYMERASE_I_TRANSCRIPTION_INITIATION,15,15,-0.017873525619506836,0.0,-0.017873525619506836,0.16192540077142592,0.6233018851612422,-1
REACTOME_KINESINS,16,16,-0.008948897011578083,0.0,-0.008948897011578083,0.15597260110630787,0.6233018851612422,-1
REACTOME_INSERTION_OF_TAIL_ANCHORED_PROTEINS_INTO_THE_ENDOPLASMIC_RETICULUM_MEMBRANE,5,5,-0.008519990369677544,0.0,-0.008519990369677544,0.1589791795750808,0.6233018851612422,-1
REACTOME_ACTIVATION_OF_NMDA_RECEPTORS_AND_POSTSYNAPTIC_EVENTS,17,17,-0.008418292738497257,0.0,-0.008418292738497257,0.15567820314696257,0.6233018851612422,-1
REACTOME_MITOCHONDRIAL_FATTY_ACID_BETA_OXIDATION,5,5,0.005723770707845688,0.0,0.005723770707845688,0.15671672225873573,0.6233018851612422,1
REACTOME_IRON_UPTAKE_AND_TRANSPORT,15,15,0.00558136822655797,0.0,0.00558136822655797,0.15938749469636948,0.6233018851612422,1
REACTOME_APC_C_MEDIATED_DEGRADATION_OF_CELL_CYCLE_PROTEINS,14,14,0.0033168895170092583,0.0,0.0033168895170092583,0.16188256646740773,0.6233018851612422,1
REACTOME_SIGNALING_BY_MODERATE_KINASE_ACTIVITY_BRAF_MUTANTS,8,8,-0.002367515116930008,0.0,-0.002367515116930008,0.1578003598889901,0.6233018851612422,-1
REACTOME_MAP2K_AND_MAPK_ACTIVATION,8,8,-0.00230519101023674,0.0,-0.00230519101023674,0.15842368995191836,0.6233018851612422,-1
REACTOME_ANTI_INFLAMMATORY_RESPONSE_FAVOURING_LEISHMANIA_PARASITE_INFECTION,36,36,0.0,0.0,0.0,0.16154075899298748,0.6233018851612422,0
REACTOME_CELLULAR_RESPONSES_TO_STIMULI,153,153,0.0,0.0,0.0,0.15576268549194167,0.6233018851612422,0
REACTOME_SIGNALING_BY_HEDGEHOG,22,22,0.0,0.0,0.0,0.16102127036496805,0.6233018851612422,0
REACTOME_REGULATION_OF_PTEN_GENE_TRANSCRIPTION,15,15,-0.015743590891361237,0.0,-0.015743590891361237,0.1629140833928845,0.6242571468190983,-1
REACTOME_RAS_ACTIVATION_UPON_CA2_INFLUX_THROUGH_NMDA_RECEPTOR,5,5,-0.009081893600523472,0.0,-0.009081893600523472,0.16367919855809943,0.6243509700655105,-1
REACTOME_DARPP_32_EVENTS,7,7,0.010866986587643623,0.0,0.010866986587643623,0.1649082507188615,0.6251563818515826,1
REACTOME_NRAGE_SIGNALS_DEATH_THROUGH_JNK,20,20,-0.004871096462011337,0.0,-0.004871096462011337,0.16582164048537285,0.6251563818515826,-1
REACTOME_DOWNREGULATION_OF_ERBB2_SIGNALING,7,7,0.0,0.0,0.0,0.1661151002784751,0.6251563818515826,0
REACTOME_EPH_EPHRIN_MEDIATED_REPULSION_OF_CELLS,8,8,0.0,0.0,0.0,0.16702204750332117,0.62577593797911,0
REACTOME_SUMOYLATION_OF_INTRACELLULAR_RECEPTORS,8,8,-0.0101802758872509,0.0,-0.0101802758872509,0.1688157802755058,0.6279941541985115,-1
REACTOME_DECTIN_1_MEDIATED_NONCANONICAL_NF_KB_SIGNALING,5,5,0.0007957667112350464,0.0,0.0007957667112350464,0.169104001189872,0.6279941541985115,1
REACTOME_INITIATION_OF_NUCLEAR_ENVELOPE_NE_REFORMATION,5,5,-0.04729364812374115,0.0,-0.04729364812374115,0.17170920685138924,0.6293515711987875,-1
REACTOME_ASYMMETRIC_LOCALIZATION_OF_PCP_PROTEINS,7,7,0.0007957667112350464,0.0,0.0007957667112350464,0.17162822480631068,0.6293515711987875,1
REACTOME_CIRCADIAN_CLOCK,21,21,0.0,0.0,0.0,0.1709936791126132,0.6293515711987875,0
REACTOME_COMPLEX_I_BIOGENESIS,9,9,-0.0015618670731782913,0.0,-0.0015618670731782913,0.17361239833662645,0.6335725186050913,-1
REACTOME_SIGNALING_BY_THE_B_CELL_RECEPTOR_BCR,24,24,-0.005454962141811848,0.0,-0.005454962141811848,0.17440629055009105,0.6337263057488222,-1
REACTOME_NOD1_2_SIGNALING_PATHWAY,9,9,0.0,0.0,0.0,0.17527377509029052,0.6341450317644417,0
REACTOME_RHOBTB_GTPASE_CYCLE,7,7,-0.010672172531485558,0.0,-0.010672172531485558,0.1761003208700802,0.634412694416571,-1
REACTOME_IKK_COMPLEX_RECRUITMENT_MEDIATED_BY_RIP1,5,5,0.071979820728302,0.0,0.071979820728302,0.18864773990875283,0.6400942328369299,1
REACTOME_NEPHRIN_FAMILY_INTERACTIONS,7,7,-0.040290262550115585,0.0,-0.040290262550115585,0.18605558888065432,0.6400942328369299,-1
REACTOME_TP53_REGULATES_TRANSCRIPTION_OF_DNA_REPAIR_GENES,16,16,-0.024090679362416267,0.0,-0.024090679362416267,0.1817447862349887,0.6400942328369299,-1
REACTOME_VEGFR2_MEDIATED_CELL_PROLIFERATION,5,5,-0.019732313230633736,0.0,-0.019732313230633736,0.18540903575611922,0.6400942328369299,-1
REACTOME_PTEN_REGULATION,26,26,-0.015184980817139149,0.0,-0.015184980817139149,0.18287041218302036,0.6400942328369299,-1
REACTOME_CILIUM_ASSEMBLY,55,55,-0.0081230653449893,0.0,-0.0081230653449893,0.18619563752522172,0.6400942328369299,-1
REACTOME_BILE_ACID_AND_BILE_SALT_METABOLISM,6,6,0.006213189801201224,0.0,0.006213189801201224,0.18982628494570875,0.6400942328369299,1
REACTOME_SYNTHESIS_OF_BILE_ACIDS_AND_BILE_SALTS,6,6,0.006213189801201224,0.0,0.006213189801201224,0.18982628494570875,0.6400942328369299,1
REACTOME_G_BETA_GAMMA_SIGNALLING_THROUGH_PI3KGAMMA,9,9,0.002884192392230034,0.0,0.002884192392230034,0.1822831084851917,0.6400942328369299,1
REACTOME_G_PROTEIN_BETA_GAMMA_SIGNALLING,10,10,0.001442096196115017,0.0,0.001442096196115017,0.18691210317668472,0.6400942328369299,1
REACTOME_DEUBIQUITINATION,53,53,0.0007957667112350464,0.0,0.0007957667112350464,0.1897972499112376,0.6400942328369299,1
REACTOME_METABOLISM_OF_NUCLEOTIDES,26,26,0.0004291585646569729,0.0,0.0004291585646569729,0.1810385545827461,0.6400942328369299,1
REACTOME_ACTIVATION_OF_MATRIX_METALLOPROTEINASES,7,7,0.0,0.0,0.0,0.18775446912772142,0.6400942328369299,0
REACTOME_OPIOID_SIGNALLING,22,22,0.0,0.0,0.0,0.18970802870328562,0.6400942328369299,0
REACTOME_SCAVENGING_BY_CLASS_A_RECEPTORS,5,5,0.0,0.0,0.0,0.18629833588225198,0.6400942328369299,0
REACTOME_SYNTHESIS_OF_DNA,31,31,0.0,0.0,0.0,0.18215487654505325,0.6400942328369299,0
REACTOME_RECYCLING_PATHWAY_OF_L1,9,9,-0.00998426228761673,0.0,-0.00998426228761673,0.19160992325115445,0.643534523110451,-1
REACTOME_REGULATION_OF_TP53_ACTIVITY,37,37,0.003644673153758049,0.0,0.003644673153758049,0.19693017568856186,0.658778325815308,1
REACTOME_PHASE_I_FUNCTIONALIZATION_OF_COMPOUNDS,11,11,-0.009976278990507126,0.0,-0.009976278990507126,0.1991001406691496,0.6610941331081096,-1
REACTOME_NUCLEAR_ENVELOPE_NE_REASSEMBLY,15,15,-0.00898917019367218,0.0,-0.00898917019367218,0.19970396389579603,0.6610941331081096,-1
REACTOME_TRIGLYCERIDE_METABOLISM,8,8,0.004271902143955231,0.0,0.004271902143955231,0.19997509364480182,0.6610941331081096,1
REACTOME_ASSEMBLY_OF_THE_HIV_VIRION,5,5,0.07519340515136719,0.0,0.07519340515136719,0.229253791393622,0.6629744472908127,1
REACTOME_DEFECTIVE_INTRINSIC_PATHWAY_FOR_APOPTOSIS,7,7,-0.042813945561647415,0.0,-0.042813945561647415,0.21295982890150245,0.6629744472908127,-1
REACTOME_HIV_TRANSCRIPTION_ELONGATION,10,10,-0.02617439441382885,0.0,-0.02617439441382885,0.2161904379065881,0.6629744472908127,-1
REACTOME_SIGNALING_BY_ERYTHROPOIETIN,10,10,-0.021697264164686203,0.0,-0.021697264164686203,0.22276333611829502,0.6629744472908127,-1
REACTOME_INITIAL_TRIGGERING_OF_COMPLEMENT,7,7,0.021582037210464478,0.0,0.021582037210464478,0.21504360037733738,0.6629744472908127,1
REACTOME_CTLA4_INHIBITORY_SIGNALING,5,5,-0.01627528667449951,0.0,-0.01627528667449951,0.2296423945538758,0.6629744472908127,-1
REACTOME_NONSENSE_MEDIATED_DECAY_NMD,13,13,-0.014312906190752983,0.0,-0.014312906190752983,0.22311961146137937,0.6629744472908127,-1
REACTOME_CYTOSOLIC_SULFONATION_OF_SMALL_MOLECULES,6,6,-0.013879971578717232,0.0,-0.013879971578717232,0.22033411102035338,0.6629744472908127,-1
REACTOME_TRANSCRIPTION_OF_THE_HIV_GENOME,15,15,-0.013533162884414196,0.0,-0.013533162884414196,0.21718541194663699,0.6629744472908127,-1
REACTOME_COMPLEMENT_CASCADE,13,13,0.009280528873205185,0.0,0.009280528873205185,0.22296188634440262,0.6629744472908127,1
REACTOME_BRANCHED_CHAIN_AMINO_ACID_CATABOLISM,6,6,0.008006835356354713,0.0,0.008006835356354713,0.2072936664952837,0.6629744472908127,1
REACTOME_SIGNALING_BY_NTRKS,27,27,-0.00798257626593113,0.0,-0.00798257626593113,0.20165172762696504,0.6629744472908127,-1
REACTOME_INSULIN_RECEPTOR_SIGNALLING_CASCADE,11,11,-0.007934674620628357,0.0,-0.007934674620628357,0.22313562545773713,0.6629744472908127,-1
REACTOME_IRS_MEDIATED_SIGNALLING,11,11,-0.007934674620628357,0.0,-0.007934674620628357,0.22313562545773713,0.6629744472908127,-1
REACTOME_SIGNALING_BY_TYPE_1_INSULIN_LIKE_GROWTH_FACTOR_1_RECEPTOR_IGF1R,11,11,-0.007934674620628357,0.0,-0.007934674620628357,0.22313562545773713,0.6629744472908127,-1
REACTOME_RAC2_GTPASE_CYCLE,12,12,-0.007874522358179092,0.0,-0.007874522358179092,0.22394559302355155,0.6629744472908127,-1
REACTOME_DEPOSITION_OF_NEW_CENPA_CONTAINING_NUCLEOSOMES_AT_THE_CENTROMERE,8,8,0.007244841195642948,0.0,0.007244841195642948,0.227613780518513,0.6629744472908127,1
REACTOME_CREB1_PHOSPHORYLATION_THROUGH_NMDA_RECEPTOR_MEDIATED_ACTIVATION_OF_RAS_SIGNALING,6,6,-0.006908461917191744,0.0,-0.006908461917191744,0.2294273016039281,0.6629744472908127,-1
REACTOME_INTERLEUKIN_10_SIGNALING,19,19,0.005687051918357611,0.0,0.005687051918357611,0.2296319422390659,0.6629744472908127,1
REACTOME_DISEASES_OF_IMMUNE_SYSTEM,10,10,-0.004241441143676639,0.0,-0.004241441143676639,0.2060001366763522,0.6629744472908127,-1
REACTOME_FANCONI_ANEMIA_PATHWAY,11,11,0.0042161764577031136,0.0,0.0042161764577031136,0.22806010545266753,0.6629744472908127,1
REACTOME_THE_NLRP3_INFLAMMASOME,6,6,0.003894311375916004,0.0,0.003894311375916004,0.22601580700551416,0.6629744472908127,1
REACTOME_ORC1_REMOVAL_FROM_CHROMATIN,12,12,0.003146386006847024,0.0,0.003146386006847024,0.20535198511450325,0.6629744472908127,1
REACTOME_SLC_TRANSPORTER_DISORDERS,19,19,0.003087450750172138,0.0,0.003087450750172138,0.21644063044899364,0.6629744472908127,1
REACTOME_TRANSPORT_OF_VITAMINS_NUCLEOSIDES_AND_RELATED_MOLECULES,9,9,0.0026366710662841797,0.0,0.0026366710662841797,0.20813701048415167,0.6629744472908127,1
REACTOME_SIGNALING_BY_NOTCH1_PEST_DOMAIN_MUTANTS_IN_CANCER,12,12,0.0025628814473748207,0.0,0.0025628814473748207,0.20527467871655558,0.6629744472908127,1
REACTOME_VITAMIN_B5_PANTOTHENATE_METABOLISM,5,5,-0.0009668534621596336,0.0,-0.0009668534621596336,0.21127015033174734,0.6629744472908127,-1
REACTOME_REGULATION_OF_MRNA_STABILITY_BY_PROTEINS_THAT_BIND_AU_RICH_ELEMENTS,11,11,0.0007957667112350464,0.0,0.0007957667112350464,0.20800381003523927,0.6629744472908127,1
REACTOME_TRANSCRIPTIONAL_ACTIVATION_OF_MITOCHONDRIAL_BIOGENESIS,12,12,-0.0006417343392968178,0.0,-0.0006417343392968178,0.21872241039409113,0.6629744472908127,-1
REACTOME_CARGO_TRAFFICKING_TO_THE_PERICILIARY_MEMBRANE,11,11,0.0,0.0,0.0,0.20694635527193883,0.6629744472908127,0
REACTOME_DEATH_RECEPTOR_SIGNALLING,40,40,0.0,0.0,0.0,0.2067942083826234,0.6629744472908127,0
REACTOME_GLUCAGON_TYPE_LIGAND_RECEPTORS,12,12,0.0,0.0,0.0,0.21239646491724706,0.6629744472908127,0
REACTOME_G_ALPHA_I_SIGNALLING_EVENTS,79,79,0.0,0.0,0.0,0.2101921349033733,0.6629744472908127,0
REACTOME_MATURATION_OF_PROTEIN_3A,5,5,0.0,0.0,0.0,0.22019312157613258,0.6629744472908127,0
REACTOME_NERVOUS_SYSTEM_DEVELOPMENT,97,97,0.0,0.0,0.0,0.22728366115292387,0.6629744472908127,0
REACTOME_SIGNALING_BY_GPCR,148,148,0.0,0.0,0.0,0.21418680034081372,0.6629744472908127,0
REACTOME_SIGNALING_BY_NOTCH3,7,7,0.0,0.0,0.0,0.20852917081334488,0.6629744472908127,0
REACTOME_GROWTH_HORMONE_RECEPTOR_SIGNALING,6,6,0.0058832596987485886,0.0,0.0058832596987485886,0.23168219174584626,0.6665805038967522,1
REACTOME_FGFR2_ALTERNATIVE_SPLICING,6,6,-0.02617439441382885,0.0,-0.02617439441382885,0.2332340511324702,0.6687629425328993,-1
REACTOME_TERMINATION_OF_O_GLYCAN_BIOSYNTHESIS,6,6,0.0,0.0,0.0,0.23431272435421446,0.6695783953579756,0
REACTOME_SARS_COV_2_INFECTION,19,19,0.0,0.0,0.0,0.23759739993032603,0.676670973450219,0
REACTOME_SENSORY_PROCESSING_OF_SOUND_BY_OUTER_HAIR_CELLS_OF_THE_COCHLEA,6,6,-0.02647821605205536,0.0,-0.02647821605205536,0.2393932540841449,0.6772097758152152,-1
REACTOME_NEUREXINS_AND_NEUROLIGINS,5,5,0.0,0.0,0.0,0.23870988260692827,0.6772097758152152,0
REACTOME_SPHINGOLIPID_METABOLISM,14,14,0.0027485026512295008,0.0,0.0027485026512295008,0.24264199604909875,0.6841043567538135,1
REACTOME_REGULATION_OF_INSULIN_SECRETION,19,19,0.0,0.0,0.0,0.24387214182038086,0.6852807185152703,0
REACTOME_INHIBITION_OF_DNA_RECOMBINATION_AT_TELOMERE,8,8,-0.01775546930730343,0.0,-0.01775546930730343,0.24497742228016595,0.6860995580803319,-1
REACTOME_SMOOTH_MUSCLE_CONTRACTION,7,7,0.0,0.0,0.0,0.2487722652255685,0.6944205946528286,0
REACTOME_COPI_DEPENDENT_GOLGI_TO_ER_RETROGRADE_TRAFFIC,21,21,-0.007913531735539436,0.0,-0.007913531735539436,0.25672515011629626,0.7102036804588789,-1
REACTOME_DECTIN_2_FAMILY,5,5,-0.002520352602005005,0.0,-0.002520352602005005,0.2556340109679136,0.7102036804588789,-1
REACTOME_RESPIRATORY_ELECTRON_TRANSPORT,15,15,-0.0015618670731782913,0.0,-0.0015618670731782913,0.2586388255051908,0.7102036804588789,-1
REACTOME_RESPIRATORY_ELECTRON_TRANSPORT_ATP_SYNTHESIS_BY_CHEMIOSMOTIC_COUPLING_AND_HEAT_PRODUCTION_BY_UNCOUPLING_PROTEINS,15,15,-0.0015618670731782913,0.0,-0.0015618670731782913,0.2586388255051908,0.7102036804588789,-1
REACTOME_DNA_REPLICATION,35,35,0.0,0.0,0.0,0.25840303829154465,0.7102036804588789,0
REACTOME_PROTEIN_UBIQUITINATION,19,19,-0.016009747982025146,0.0,-0.016009747982025146,0.2624381276665868,0.7182965637108204,-1
REACTOME_SUMOYLATION_OF_DNA_METHYLATION_PROTEINS,6,6,-0.012759171891957521,0.0,-0.012759171891957521,0.26780036395373863,0.719243787270948,-1
REACTOME_METABOLISM_OF_COFACTORS,8,8,-0.009213445242494345,0.0,-0.009213445242494345,0.2655134119708733,0.719243787270948,-1
REACTOME_UNFOLDED_PROTEIN_RESPONSE_UPR,22,22,-0.004548436030745506,0.0,-0.004548436030745506,0.26875657531476704,0.719243787270948,-1
REACTOME_SIGNALING_BY_TGFB_FAMILY_MEMBERS,26,26,0.00038912519812583923,0.0,0.00038912519812583923,0.26855725999276225,0.719243787270948,1
REACTOME_DNA_DOUBLE_STRAND_BREAK_REPAIR,36,36,0.0,0.0,0.0,0.2663102881361685,0.719243787270948,0
REACTOME_G_ALPHA_S_SIGNALLING_EVENTS,26,26,0.0,0.0,0.0,0.2667142040084304,0.719243787270948,0
REACTOME_LEISHMANIA_INFECTION,55,55,0.0,0.0,0.0,0.26437246182232355,0.719243787270948,0
REACTOME_PLASMA_LIPOPROTEIN_ASSEMBLY_REMODELING_AND_CLEARANCE,11,11,0.0,0.0,0.0,0.26976356849483596,0.7196540767124896,0
REACTOME_PURINE_CATABOLISM,5,5,-0.008547007106244564,0.0,-0.008547007106244564,0.2711847864373297,0.7203980754595375,-1
REACTOME_MITOCHONDRIAL_BIOGENESIS,16,16,-0.0006417343392968178,0.0,-0.0006417343392968178,0.2717515871840248,0.7203980754595375,-1
REACTOME_POLYMERASE_SWITCHING_ON_THE_C_STRAND_OF_THE_TELOMERE,13,13,0.0031460588797926903,0.0,0.0031460588797926903,0.27391078240832234,0.7215837174069242,1
REACTOME_RHOA_GTPASE_CYCLE,33,33,0.0,0.0,0.0,0.2731367897434098,0.7215837174069242,0
REACTOME_RESPONSE_OF_MTB_TO_PHAGOCYTOSIS,5,5,0.014261901378631592,0.0,0.014261901378631592,0.2754290851567961,0.7233185023047543,1
REACTOME_RESOLUTION_OF_AP_SITES_VIA_THE_MULTIPLE_NUCLEOTIDE_PATCH_REPLACEMENT_PATHWAY,13,13,0.00869665015488863,0.0,0.00869665015488863,0.2762853591247104,0.7233185023047543,1
REACTOME_RUNX2_REGULATES_OSTEOBLAST_DIFFERENTIATION,6,6,0.0,0.0,0.0,0.27875659124110785,0.7275288124342226,0
REACTOME_RHOBTB2_GTPASE_CYCLE,5,5,-0.010672172531485558,0.0,-0.010672172531485558,0.28525678425570367,0.7314412810606813,-1
REACTOME_AMINO_ACIDS_REGULATE_MTORC1,8,8,0.007595987292006612,0.0,0.007595987292006612,0.28588990425294414,0.7314412810606813,1
REACTOME_NETRIN_1_SIGNALING,13,13,-0.0068435221910476685,0.0,-0.0068435221910476685,0.28284112260759975,0.7314412810606813,-1
REACTOME_INTRACELLULAR_SIGNALING_BY_SECOND_MESSENGERS,63,63,-0.000918075442314148,0.0,-0.000918075442314148,0.28493866966987114,0.7314412810606813,-1
REACTOME_METABOLISM_OF_VITAMINS_AND_COFACTORS,40,40,-0.0009135082364082336,0.0,-0.0009135082364082336,0.281998961162389,0.7314412810606813,-1
REACTOME_BBSOME_MEDIATED_CARGO_TARGETING_TO_CILIUM,9,9,0.0,0.0,0.0,0.28632932710560477,0.7314412810606813,0
REACTOME_PLASMA_LIPOPROTEIN_CLEARANCE,7,7,0.0,0.0,0.0,0.28438015153962715,0.7314412810606813,0
REACTOME_ABERRANT_REGULATION_OF_MITOTIC_EXIT_IN_CANCER_DUE_TO_RB1_DEFECTS,7,7,0.00583801232278347,0.0,0.00583801232278347,0.2887250380645551,0.7353329519287611,1
REACTOME_TRAF6_MEDIATED_NF_KB_ACTIVATION,8,8,-0.009727428667247295,0.0,-0.009727428667247295,0.2909334938876742,0.7387257088774377,-1
REACTOME_TRANSLESION_SYNTHESIS_BY_POLK,7,7,0.0255744569003582,0.0,0.0255744569003582,0.29506511080090814,0.7405206965898566,1
REACTOME_COPI_INDEPENDENT_GOLGI_TO_ER_RETROGRADE_TRAFFIC,6,6,-0.016142667271196842,0.0,-0.016142667271196842,0.3035769153918544,0.7405206965898566,-1
REACTOME_ZINC_TRANSPORTERS,5,5,-0.015707246959209442,0.0,-0.015707246959209442,0.3015314859088777,0.7405206965898566,-1
REACTOME_CHAPERONE_MEDIATED_AUTOPHAGY,8,8,0.009180713444948196,0.0,0.009180713444948196,0.3066716760265299,0.7405206965898566,1
REACTOME_DOWNSTREAM_SIGNALING_OF_ACTIVATED_FGFR2,5,5,-0.007934674620628357,0.0,-0.007934674620628357,0.3071966942791976,0.7405206965898566,-1
REACTOME_INTERACTIONS_OF_REV_WITH_HOST_CELLULAR_PROTEINS,9,9,0.006456729024648666,0.0,0.006456729024648666,0.31196716836777627,0.7405206965898566,1
REACTOME_NUCLEAR_IMPORT_OF_REV_PROTEIN,9,9,0.006456729024648666,0.0,0.006456729024648666,0.31196716836777627,0.7405206965898566,1
REACTOME_NUCLEAR_PORE_COMPLEX_NPC_DISASSEMBLY,9,9,0.006456729024648666,0.0,0.006456729024648666,0.31196716836777627,0.7405206965898566,1
REACTOME_REGULATION_OF_GLUCOKINASE_BY_GLUCOKINASE_REGULATORY_PROTEIN,9,9,0.006456729024648666,0.0,0.006456729024648666,0.31196716836777627,0.7405206965898566,1
REACTOME_TRANSPORT_OF_THE_SLBP_DEPENDANT_MATURE_MRNA,9,9,0.006456729024648666,0.0,0.006456729024648666,0.31196716836777627,0.7405206965898566,1
REACTOME_TRNA_MODIFICATION_IN_THE_NUCLEUS_AND_CYTOSOL,10,10,-0.0038773627020418644,0.0,-0.0038773627020418644,0.30515771989995344,0.7405206965898566,-1
REACTOME_GLUCOSE_METABOLISM,18,18,0.0028482167981565,0.0,0.0028482167981565,0.3130244895906328,0.7405206965898566,1
REACTOME_ADP_SIGNALLING_THROUGH_P2Y_PURINOCEPTOR_1,8,8,0.001442096196115017,0.0,0.001442096196115017,0.3143667722732424,0.7405206965898566,1
REACTOME_ADP_SIGNALLING_THROUGH_P2Y_PURINOCEPTOR_12,8,8,0.001442096196115017,0.0,0.001442096196115017,0.3143667722732424,0.7405206965898566,1
REACTOME_G_BETA_GAMMA_SIGNALLING_THROUGH_CDC42,8,8,0.001442096196115017,0.0,0.001442096196115017,0.3143667722732424,0.7405206965898566,1
REACTOME_PROSTACYCLIN_SIGNALLING_THROUGH_PROSTACYCLIN_RECEPTOR,8,8,0.001442096196115017,0.0,0.001442096196115017,0.3143667722732424,0.7405206965898566,1
REACTOME_PCP_CE_PATHWAY,8,8,0.0003978833556175232,0.0,0.0003978833556175232,0.3060465114721459,0.7405206965898566,1
REACTOME_ADRENALINE_NORADRENALINE_INHIBITS_INSULIN_SECRETION,9,9,0.0,0.0,0.0,0.3144797264284326,0.7405206965898566,0
REACTOME_BIOSYNTHESIS_OF_THE_N_GLYCAN_PRECURSOR_DOLICHOL_LIPID_LINKED_OLIGOSACCHARIDE_LLO_AND_TRANSFER_TO_A_NASCENT_PROTEIN,22,22,0.0,0.0,0.0,0.31067358255869837,0.7405206965898566,0
REACTOME_GLUCAGON_LIKE_PEPTIDE_1_GLP1_REGULATES_INSULIN_SECRETION,15,15,0.0,0.0,0.0,0.30930943384198883,0.7405206965898566,0
REACTOME_G_PROTEIN_ACTIVATION,9,9,0.0,0.0,0.0,0.3144797264284326,0.7405206965898566,0
REACTOME_PRESYNAPTIC_FUNCTION_OF_KAINATE_RECEPTORS,9,9,0.0,0.0,0.0,0.3144797264284326,0.7405206965898566,0
REACTOME_SENSORY_PROCESSING_OF_SOUND,9,9,0.0,0.0,0.0,0.2932592866069582,0.7405206965898566,0
REACTOME_SIGNALING_BY_ROBO_RECEPTORS,29,29,0.0,0.0,0.0,0.3135372788656151,0.7405206965898566,0
REACTOME_SIGNAL_AMPLIFICATION,9,9,0.0,0.0,0.0,0.3144797264284326,0.7405206965898566,0
REACTOME_THROMBOXANE_SIGNALLING_THROUGH_TP_RECEPTOR,9,9,0.0,0.0,0.0,0.3144797264284326,0.7405206965898566,0
REACTOME_PCNA_DEPENDENT_LONG_PATCH_BASE_EXCISION_REPAIR,10,10,0.008912053890526295,0.0,0.008912053890526295,0.31622358851313226,0.7412527760199668,1
REACTOME_DEGRADATION_OF_AXIN,7,7,0.0007957667112350464,0.0,0.0007957667112350464,0.3165492281935801,0.7412527760199668,1
REACTOME_ESR_MEDIATED_SIGNALING,50,50,-0.00371486134827137,0.0,-0.00371486134827137,0.31802394274818335,0.7421731293134766,-1
REACTOME_CELLULAR_SENESCENCE,44,44,0.0,0.0,0.0,0.31870305197091164,0.7421731293134766,0
REACTOME_CYTOSOLIC_SENSORS_OF_PATHOGEN_ASSOCIATED_DNA,13,13,0.0,0.0,0.0,0.3208229154028799,0.7450515638694979,0
REACTOME_CHOLESTEROL_BIOSYNTHESIS,11,11,-0.00907725840806961,0.0,-0.00907725840806961,0.3284461069155913,0.7455963289649379,-1
REACTOME_RHOU_GTPASE_CYCLE,10,10,-0.00789682473987341,0.0,-0.00789682473987341,0.33224723654801047,0.7455963289649379,-1
REACTOME_ESTROGEN_DEPENDENT_GENE_EXPRESSION,29,29,-0.006379682570695877,0.0,-0.006379682570695877,0.33141104496611096,0.7455963289649379,-1
REACTOME_DISEASES_OF_PROGRAMMED_CELL_DEATH,13,13,-0.005921870470046997,0.0,-0.005921870470046997,0.33239356786658303,0.7455963289649379,-1
REACTOME_INSULIN_RECEPTOR_RECYCLING,5,5,0.00558136822655797,0.0,0.00558136822655797,0.3325554207482997,0.7455963289649379,1
REACTOME_GLYCEROPHOSPHOLIPID_BIOSYNTHESIS,26,26,-0.004295987077057362,0.0,-0.004295987077057362,0.32997409440313885,0.7455963289649379,-1
REACTOME_BLOOD_GROUP_SYSTEMS_BIOSYNTHESIS,6,6,-0.004116186406463385,0.0,-0.004116186406463385,0.3262013752987587,0.7455963289649379,-1
REACTOME_ACTIVATION_OF_KAINATE_RECEPTORS_UPON_GLUTAMATE_BINDING,11,11,0.0,0.0,0.0,0.3231138073603308,0.7455963289649379,0
REACTOME_MAPK6_MAPK4_SIGNALING,17,17,0.0,0.0,0.0,0.3274720214910012,0.7455963289649379,0
REACTOME_NEDDYLATION,45,45,0.0,0.0,0.0,0.33030416167303145,0.7455963289649379,0
REACTOME_PEROXISOMAL_PROTEIN_IMPORT,18,18,0.0,0.0,0.0,0.3239072211480589,0.7455963289649379,0
REACTOME_PLATELET_AGGREGATION_PLUG_FORMATION,7,7,0.0,0.0,0.0,0.32384076902145253,0.7455963289649379,0
REACTOME_SYNTHESIS_OF_SUBSTRATES_IN_N_GLYCAN_BIOSYTHESIS,16,16,0.0,0.0,0.0,0.3261100001413846,0.7455963289649379,0
REACTOME_TRNA_PROCESSING,34,34,-0.0038773627020418644,0.0,-0.0038773627020418644,0.33489763225221536,0.7468748782767659,-1
REACTOME_CELL_CYCLE_CHECKPOINTS,59,59,0.0,0.0,0.0,0.3340763480946808,0.7468748782767659,0
REACTOME_RNA_POLYMERASE_III_TRANSCRIPTION_INITIATION_FROM_TYPE_1_PROMOTER,10,10,-0.011915645096451044,0.0,-0.011915645096451044,0.33889664810363596,0.7482354452460562,-1
REACTOME_MAP3K8_TPL2_DEPENDENT_MAPK1_3_ACTIVATION,5,5,0.004144191741943359,0.0,0.004144191741943359,0.33994564119719994,0.7482354452460562,1
REACTOME_TRANSFERRIN_ENDOCYTOSIS_AND_RECYCLING,6,6,0.002790684113278985,0.0,0.002790684113278985,0.33976378254692663,0.7482354452460562,1
REACTOME_SIGNALING_BY_TGF_BETA_RECEPTOR_COMPLEX,22,22,0.00038912519812583923,0.0,0.00038912519812583923,0.33976242074932095,0.7482354452460562,1
REACTOME_AQUAPORIN_MEDIATED_TRANSPORT,16,16,0.0,0.0,0.0,0.3370219669665493,0.7482354452460562,0
REACTOME_SELECTIVE_AUTOPHAGY,16,16,-0.012609716970473528,0.0,-0.012609716970473528,0.34213653160167956,0.7499172856837921,-1
REACTOME_DEFECTS_OF_CONTACT_ACTIVATION_SYSTEM_CAS_AND_KALLIKREIN_KININ_SYSTEM_KKS,5,5,0.0,0.0,0.0,0.34248891457682085,0.7499172856837921,0
REACTOME_RET_SIGNALING,7,7,-0.01491830125451088,0.0,-0.01491830125451088,0.3447765880719862,0.7529706314629129,-1
REACTOME_HEDGEHOG_OFF_STATE,18,18,0.0,0.0,0.0,0.34567963856423467,0.7529920809034879,0
REACTOME_ANTIGEN_PROCESSING_CROSS_PRESENTATION,15,15,0.0,0.0,0.0,0.34717236993667633,0.7542946078778817,0
REACTOME_METABOLISM_OF_LIPIDS,166,166,0.0,0.0,0.0,0.3500142480957572,0.758514167467155,0
REACTOME_ATF4_ACTIVATES_GENES_IN_RESPONSE_TO_ENDOPLASMIC_RETICULUM_STRESS,8,8,-0.013689970597624779,0.0,-0.013689970597624779,0.3523971034746535,0.7616333435775272,-1
REACTOME_UBIQUINOL_BIOSYNTHESIS,5,5,-0.008735038340091705,0.0,-0.008735038340091705,0.3543441358323344,0.7616333435775272,-1
REACTOME_GLYCOLYSIS,14,14,0.0023069712333381176,0.0,0.0023069712333381176,0.35629996892905447,0.7616333435775272,1
REACTOME_O_LINKED_GLYCOSYLATION_OF_MUCINS,13,13,0.0,0.0,0.0,0.3568744611069078,0.7616333435775272,0
REACTOME_PI_METABOLISM,28,28,0.0,0.0,0.0,0.3551431658606511,0.7616333435775272,0
REACTOME_SIGNALING_BY_ERBB2_ECD_MUTANTS,5,5,0.0,0.0,0.0,0.353303073493046,0.7616333435775272,0
REACTOME_EGR2_AND_SOX10_MEDIATED_INITIATION_OF_SCHWANN_CELL_MYELINATION,6,6,0.005343008320778608,0.0,0.005343008320778608,0.3589335975195369,0.7621722279266341,1
REACTOME_CELLULAR_RESPONSE_TO_HYPOXIA,8,8,0.0003978833556175232,0.0,0.0003978833556175232,0.3598393199463824,0.7621722279266341,1
REACTOME_NOTCH1_INTRACELLULAR_DOMAIN_REGULATES_TRANSCRIPTION,14,14,0.00038912519812583923,0.0,0.00038912519812583923,0.3597540785867579,0.7621722279266341,1
REACTOME_INTERLEUKIN_12_FAMILY_SIGNALING,11,11,-0.018757931888103485,0.0,-0.018757931888103485,0.37120798906881614,0.7630801353082449,-1
REACTOME_HIV_TRANSCRIPTION_INITIATION,12,12,-0.010829198639839888,0.0,-0.010829198639839888,0.3688229083490451,0.7630801353082449,-1
REACTOME_NUCLEAR_ENVELOPE_BREAKDOWN,15,15,0.007048856467008591,0.0,0.007048856467008591,0.3636819817426885,0.7630801353082449,1
REACTOME_GOLGI_TO_ER_RETROGRADE_TRANSPORT,24,24,-0.005635476671159267,0.0,-0.005635476671159267,0.36560365045431387,0.7630801353082449,-1
REACTOME_TP53_REGULATES_TRANSCRIPTION_OF_ADDITIONAL_CELL_CYCLE_GENES_WHOSE_EXACT_ROLE_IN_THE_P53_PATHWAY_REMAIN_UNCERTAIN,6,6,-0.0050801069010049105,0.0,-0.0050801069010049105,0.36958205981722825,0.7630801353082449,-1
REACTOME_CARBOXYTERMINAL_POST_TRANSLATIONAL_MODIFICATIONS_OF_TUBULIN,9,9,-0.005068543832749128,0.0,-0.005068543832749128,0.36579270739922065,0.7630801353082449,-1
REACTOME_MITOCHONDRIAL_IRON_SULFUR_CLUSTER_BIOGENESIS,5,5,-0.005030505359172821,0.0,-0.005030505359172821,0.3730547714200867,0.7630801353082449,-1
REACTOME_INOSITOL_PHOSPHATE_METABOLISM,13,13,-0.0037365946918725967,0.0,-0.0037365946918725967,0.3696963994488488,0.7630801353082449,-1
REACTOME_RECOGNITION_OF_DNA_DAMAGE_BY_PCNA_CONTAINING_REPLICATION_COMPLEX,13,13,0.002979021519422531,0.0,0.002979021519422531,0.36836830293505207,0.7630801353082449,1
REACTOME_NEGATIVE_REGULATION_OF_FGFR1_SIGNALING,5,5,0.002687416970729828,0.0,0.002687416970729828,0.37665249988281224,0.7630801353082449,1
REACTOME_NEGATIVE_REGULATION_OF_FGFR2_SIGNALING,5,5,0.002687416970729828,0.0,0.002687416970729828,0.37665249988281224,0.7630801353082449,1
REACTOME_SUMOYLATION_OF_UBIQUITINYLATION_PROTEINS,10,10,0.002440244425088167,0.0,0.002440244425088167,0.37634164229217937,0.7630801353082449,1
REACTOME_RESOLUTION_OF_D_LOOP_STRUCTURES_THROUGH_SYNTHESIS_DEPENDENT_STRAND_ANNEALING_SDSA,6,6,0.0018223365768790245,0.0,0.0018223365768790245,0.3774484184778045,0.7630801353082449,1
REACTOME_PECAM1_INTERACTIONS,6,6,-0.00021130498498678207,0.0,-0.00021130498498678207,0.3632662621900894,0.7630801353082449,-1
REACTOME_GLYCOGEN_METABOLISM,8,8,0.0,0.0,0.0,0.37615712093308007,0.7630801353082449,0
REACTOME_IMMUNOREGULATORY_INTERACTIONS_BETWEEN_A_LYMPHOID_AND_A_NON_LYMPHOID_CELL,42,42,0.0,0.0,0.0,0.36747392248769717,0.7630801353082449,0
REACTOME_MITOTIC_G1_PHASE_AND_G1_S_TRANSITION,39,39,0.0,0.0,0.0,0.3717136861586081,0.7630801353082449,0
REACTOME_NGF_STIMULATED_TRANSCRIPTION,11,11,0.0,0.0,0.0,0.37837188203896366,0.7630801353082449,0
REACTOME_RESOLUTION_OF_D_LOOP_STRUCTURES,7,7,0.0,0.0,0.0,0.3777607159125569,0.7630801353082449,0
REACTOME_SIGNALING_BY_NOTCH1,17,17,0.0,0.0,0.0,0.36321903505099984,0.7630801353082449,0
REACTOME_FOXO_MEDIATED_TRANSCRIPTION_OF_CELL_DEATH_GENES,8,8,-0.010760286124423146,0.0,-0.010760286124423146,0.38016329674503424,0.7645418365698698,-1
REACTOME_POTENTIAL_THERAPEUTICS_FOR_SARS,20,20,-0.0060774050652980804,0.0,-0.0060774050652980804,0.3809105235579423,0.7645418365698698,-1
REACTOME_B_WICH_COMPLEX_POSITIVELY_REGULATES_RRNA_EXPRESSION,7,7,-0.0029190536588430405,0.0,-0.0029190536588430405,0.38251657826639396,0.7659417469799765,-1
REACTOME_ERYTHROCYTES_TAKE_UP_CARBON_DIOXIDE_AND_RELEASE_OXYGEN,5,5,0.0062027680687606335,0.0,0.0062027680687606335,0.3861063058681016,0.7679901388293773,1
REACTOME_ERYTHROCYTES_TAKE_UP_OXYGEN_AND_RELEASE_CARBON_DIOXIDE,5,5,0.0062027680687606335,0.0,0.0062027680687606335,0.3861063058681016,0.7679901388293773,1
REACTOME_INNATE_IMMUNE_SYSTEM,212,212,0.0,0.0,0.0,0.38631942324481383,0.7679901388293773,0
REACTOME_PROTEIN_PROTEIN_INTERACTIONS_AT_SYNAPSES,9,9,0.0,0.0,0.0,0.3871836405723432,0.7679901388293773,0
REACTOME_DOWNSTREAM_SIGNALING_OF_ACTIVATED_FGFR1,6,6,-0.0039673373103141785,0.0,-0.0039673373103141785,0.388431725620502,0.768657147178599,-1
REACTOME_MRNA_CAPPING,7,7,-0.024996891617774963,0.0,-0.024996891617774963,0.39574394898101417,0.7693938506700725,-1
REACTOME_CD28_CO_STIMULATION,10,10,-0.01015530526638031,0.0,-0.01015530526638031,0.3910667959453197,0.7693938506700725,-1
REACTOME_MISCELLANEOUS_TRANSPORT_AND_BINDING_EVENTS,6,6,-0.009798708837479353,0.0,-0.009798708837479353,0.39841309989428986,0.7693938506700725,-1
REACTOME_NUCLEOTIDE_EXCISION_REPAIR,37,37,-0.008928125724196434,0.0,-0.008928125724196434,0.39155084840384,0.7693938506700725,-1
REACTOME_POLYMERASE_SWITCHING,8,8,0.008912053890526295,0.0,0.008912053890526295,0.3948307509740412,0.7693938506700725,1
REACTOME_GENE_SILENCING_BY_RNA,21,21,-0.00804738700389862,0.0,-0.00804738700389862,0.39848883950896485,0.7693938506700725,-1
REACTOME_LONG_TERM_POTENTIATION,5,5,-0.004735030233860016,0.0,-0.004735030233860016,0.3927353464296891,0.7693938506700725,-1
REACTOME_CONVERSION_FROM_APC_C_CDC20_TO_APC_C_CDH1_IN_LATE_ANAPHASE,6,6,0.004135104827582836,0.0,0.004135104827582836,0.3975612768225102,0.7693938506700725,1
REACTOME_PHOSPHORYLATION_OF_THE_APC_C,6,6,0.004135104827582836,0.0,0.004135104827582836,0.3975612768225102,0.7693938506700725,1
REACTOME_SIGNALING_BY_NOTCH,35,35,0.0,0.0,0.0,0.39884355011010875,0.7693938506700725,0
REACTOME_VASOPRESSIN_REGULATES_RENAL_WATER_HOMEOSTASIS_VIA_AQUAPORINS,14,14,0.0,0.0,0.0,0.397784199140101,0.7693938506700725,0
REACTOME_AURKA_ACTIVATION_BY_TPX2,23,23,-0.013244234025478363,0.0,-0.013244234025478363,0.4067323392054569,0.7822073553087887,-1
REACTOME_REGULATION_OF_MECP2_EXPRESSION_AND_ACTIVITY,9,9,-0.010384529829025269,0.0,-0.010384529829025269,0.4073416713885626,0.7822073553087887,-1
REACTOME_MITOPHAGY,6,6,0.01656849216669798,0.0,0.01656849216669798,0.41288748733975544,0.7854338239936732,1
REACTOME_NEGATIVE_REGULATION_OF_MAPK_PATHWAY,12,12,-0.01355798915028572,0.0,-0.01355798915028572,0.4128168963952955,0.7854338239936732,-1
REACTOME_TIGHT_JUNCTION_INTERACTIONS,7,7,-0.0008578319102525711,0.0,-0.0008578319102525711,0.41101078424422977,0.7854338239936732,-1
REACTOME_DEGRADATION_OF_BETA_CATENIN_BY_THE_DESTRUCTION_COMPLEX,12,12,0.0,0.0,0.0,0.41368044822442573,0.7854338239936732,0
REACTOME_TP53_REGULATES_TRANSCRIPTION_OF_CELL_DEATH_GENES,11,11,0.0,0.0,0.0,0.4128725642103477,0.7854338239936732,0
REACTOME_NS1_MEDIATED_EFFECTS_ON_HOST_PATHWAYS,12,12,0.0023069712333381176,0.0,0.0023069712333381176,0.42212473530723427,0.7864472545521933,1
REACTOME_EPIGENETIC_REGULATION_OF_GENE_EXPRESSION,24,24,-0.0014595268294215202,0.0,-0.0014595268294215202,0.4193112682151967,0.7864472545521933,-1
REACTOME_RUNX1_AND_FOXP3_CONTROL_THE_DEVELOPMENT_OF_REGULATORY_T_LYMPHOCYTES_TREGS,7,7,0.0013375096023082733,0.0,0.0013375096023082733,0.41861095913773694,0.7864472545521933,1
REACTOME_PURINERGIC_SIGNALING_IN_LEISHMANIASIS_INFECTION,9,9,0.0004381779581308365,0.0,0.0004381779581308365,0.42261044639637435,0.7864472545521933,1
REACTOME_GLUCAGON_SIGNALING_IN_METABOLIC_REGULATION,11,11,0.0,0.0,0.0,0.4206404739456445,0.7864472545521933,0
REACTOME_INTEGRATION_OF_ENERGY_METABOLISM,24,24,0.0,0.0,0.0,0.4169334744924479,0.7864472545521933,0
REACTOME_REGULATION_OF_CHOLESTEROL_BIOSYNTHESIS_BY_SREBP_SREBF,16,16,0.0,0.0,0.0,0.4176996185989903,0.7864472545521933,0
REACTOME_SIGNALING_BY_INTERLEUKINS,122,122,0.0,0.0,0.0,0.41878090836499127,0.7864472545521933,0
REACTOME_THE_ROLE_OF_GTSE1_IN_G2_M_PROGRESSION_AFTER_G2_CHECKPOINT,9,9,0.0,0.0,0.0,0.4213133846757684,0.7864472545521933,0
REACTOME_POLB_DEPENDENT_LONG_PATCH_BASE_EXCISION_REPAIR,5,5,0.00869665015488863,0.0,0.00869665015488863,0.4247661998699822,0.7875561346268803,1
REACTOME_HDMS_DEMETHYLATE_HISTONES,6,6,0.0021043075248599052,0.0,0.0021043075248599052,0.4285583615240779,0.7875561346268803,1
REACTOME_DISEASES_OF_METABOLISM,47,47,-0.0003027869388461113,0.0,-0.0003027869388461113,0.42802605020252804,0.7875561346268803,-1
REACTOME_FATTY_ACID_METABOLISM,37,37,0.0,0.0,0.0,0.42664557352000887,0.7875561346268803,0
REACTOME_HOMOLOGY_DIRECTED_REPAIR,28,28,0.0,0.0,0.0,0.42881170319541884,0.7875561346268803,0
REACTOME_POST_TRANSLATIONAL_PROTEIN_MODIFICATION,301,301,0.0,0.0,0.0,0.4265338124130671,0.7875561346268803,0
REACTOME_GLYOXYLATE_METABOLISM_AND_GLYCINE_DEGRADATION,7,7,-0.008021441288292408,0.0,-0.008021441288292408,0.4345554258180835,0.796370052097053,-1
REACTOME_REGULATION_OF_INSULIN_LIKE_GROWTH_FACTOR_IGF_TRANSPORT_AND_UPTAKE_BY_INSULIN_LIKE_GROWTH_FACTOR_BINDING_PROTEINS_IGFBPS,24,24,0.0,0.0,0.0,0.44025049323345655,0.8050567587761472,0
REACTOME_CHONDROITIN_SULFATE_DERMATAN_SULFATE_METABOLISM,7,7,0.0,0.0,0.0,0.4415665933774342,0.8057156671367468,0
REACTOME_SIGNALING_BY_WNT_IN_CANCER,5,5,-0.01627528667449951,0.0,-0.01627528667449951,0.44760902090605936,0.8079965837768909,-1
REACTOME_TRANSCRIPTIONAL_REGULATION_BY_SMALL_RNAS,14,14,-0.0085182785987854,0.0,-0.0085182785987854,0.4472988820226804,0.8079965837768909,-1
REACTOME_FORMATION_OF_THE_BETA_CATENIN_TCF_TRANSACTIVATING_COMPLEX,10,10,-0.00692074722610414,0.0,-0.00692074722610414,0.44402784205512214,0.8079965837768909,-1
REACTOME_HDR_THROUGH_SINGLE_STRAND_ANNEALING_SSA,12,12,-0.006918045692145824,0.0,-0.006918045692145824,0.447022304479472,0.8079965837768909,-1
REACTOME_REGULATION_OF_RAS_BY_GAPS,8,8,0.0003978833556175232,0.0,0.0003978833556175232,0.44682208655652356,0.8079965837768909,1
REACTOME_INTERLEUKIN_2_FAMILY_SIGNALING,14,14,-0.00021130498498678207,0.0,-0.00021130498498678207,0.4507760412877595,0.8119747923196181,-1
REACTOME_MRNA_DECAY_BY_3_TO_5_EXORIBONUCLEASE,8,8,-0.01299404725432396,0.0,-0.01299404725432396,0.4576369961088953,0.8159788644661596,-1
REACTOME_HSP90_CHAPERONE_CYCLE_FOR_STEROID_HORMONE_RECEPTORS_SHR_IN_THE_PRESENCE_OF_LIGAND,12,12,0.0014593093656003475,0.0,0.0014593093656003475,0.4572890179572092,0.8159788644661596,1
REACTOME_CONSTITUTIVE_SIGNALING_BY_ABERRANT_PI3K_IN_CANCER,20,20,0.0,0.0,0.0,0.4572221205389846,0.8159788644661596,0
REACTOME_RHOG_GTPASE_CYCLE,13,13,0.0,0.0,0.0,0.4573760127345252,0.8159788644661596,0
REACTOME_TELOMERE_C_STRAND_LAGGING_STRAND_SYNTHESIS,17,17,0.0,0.0,0.0,0.4578386748428155,0.8159788644661596,0
REACTOME_PYRUVATE_METABOLISM,8,8,0.00018838327378034592,0.0,0.00018838327378034592,0.4603635033749537,0.8180258286389647,1
REACTOME_TRANSCRIPTIONAL_REGULATION_OF_PLURIPOTENT_STEM_CELLS,9,9,0.0,0.0,0.0,0.46092795801127906,0.8180258286389647,0
REACTOME_SIGNALING_BY_ERBB4,14,14,0.0,0.0,0.0,0.46190772846428574,0.8180424686878002,0
REACTOME_SUMOYLATION_OF_DNA_DAMAGE_RESPONSE_AND_REPAIR_PROTEINS,26,26,-0.004111234564334154,0.0,-0.004111234564334154,0.4630316840894112,0.8183138567869469,-1
REACTOME_PROCESSING_OF_DNA_DOUBLE_STRAND_BREAK_ENDS,14,14,-0.0007311627268791199,0.0,-0.0007311627268791199,0.46875798027224325,0.8249749005626327,-1
REACTOME_REGULATION_OF_PTEN_STABILITY_AND_ACTIVITY,8,8,0.0003978833556175232,0.0,0.0003978833556175232,0.4681107140411833,0.8249749005626327,1
REACTOME_RNA_POLYMERASE_III_CHAIN_ELONGATION,5,5,-0.01476976927369833,0.0,-0.01476976927369833,0.4767063232188855,0.8268794865710298,-1
REACTOME_RNA_POLYMERASE_III_TRANSCRIPTION_TERMINATION,5,5,-0.01476976927369833,0.0,-0.01476976927369833,0.4767063232188855,0.8268794865710298,-1
REACTOME_MITOTIC_PROMETAPHASE,58,58,-0.008703731466084719,0.0,-0.008703731466084719,0.47559284272589186,0.8268794865710298,-1
REACTOME_TRANSCRIPTIONAL_REGULATION_BY_E2F6,14,14,0.002391943708062172,0.0,0.002391943708062172,0.47171092350200694,0.8268794865710298,1
REACTOME_ELASTIC_FIBRE_FORMATION,7,7,0.0,0.0,0.0,0.47373232346512106,0.8268794865710298,0
REACTOME_ERBB2_ACTIVATES_PTK6_SIGNALING,5,5,0.0,0.0,0.0,0.4767063232188855,0.8268794865710298,0
REACTOME_GABA_B_RECEPTOR_ACTIVATION,11,11,0.0,0.0,0.0,0.4741572501697654,0.8268794865710298,0
REACTOME_REPRODUCTION,27,27,-0.006379682570695877,0.0,-0.006379682570695877,0.482441394598741,0.8299961135647729,-1
REACTOME_SIGNALING_BY_ALK_IN_CANCER,10,10,0.005465035326778889,0.0,0.005465035326778889,0.4806159255522271,0.8299961135647729,1
REACTOME_BASE_EXCISION_REPAIR,21,21,0.0013053975999355316,0.0,0.0013053975999355316,0.4814933766097821,0.8299961135647729,1
REACTOME_MOLECULES_ASSOCIATED_WITH_ELASTIC_FIBRES,6,6,0.0,0.0,0.0,0.48157820115138994,0.8299961135647729,0
REACTOME_FLT3_SIGNALING,14,14,-0.0116801168769598,0.0,-0.0116801168769598,0.4890134426251931,0.8378827888882882,-1
REACTOME_PYRUVATE_METABOLISM_AND_CITRIC_ACID_TCA_CYCLE,13,13,0.0,0.0,0.0,0.4888789431524171,0.8378827888882882,0
REACTOME_INHIBITION_OF_THE_PROTEOLYTIC_ACTIVITY_OF_APC_C_REQUIRED_FOR_THE_ONSET_OF_ANAPHASE_BY_MITOTIC_SPINDLE_CHECKPOINT_COMPONENTS,8,8,0.004135104827582836,0.0,0.004135104827582836,0.49144682874742296,0.840344171671557,1
REACTOME_ACTIVATION_OF_GENE_EXPRESSION_BY_SREBF_SREBP,13,13,0.0,0.0,0.0,0.4935852433414757,0.8405906265391192,0
REACTOME_SYNTHESIS_OF_PIPS_AT_THE_PLASMA_MEMBRANE,19,19,0.0,0.0,0.0,0.4932279238066877,0.8405906265391192,0
REACTOME_ESTROGEN_DEPENDENT_NUCLEAR_EVENTS_DOWNSTREAM_OF_ESR_MEMBRANE_SIGNALING,8,8,0.0029795055743306875,0.0,0.0029795055743306875,0.49528454675805766,0.8417840179779085,1
REACTOME_CD28_DEPENDENT_PI3K_AKT_SIGNALING,8,8,-0.03926261654123664,0.0,-0.03926261654123664,0.499810038780098,0.8432215179581738,-1
REACTOME_INTRA_GOLGI_TRAFFIC,10,10,-0.010990245267748833,0.0,-0.010990245267748833,0.5059930366786871,0.8432215179581738,-1
REACTOME_CONSTITUTIVE_SIGNALING_BY_AKT1_E17K_IN_CANCER,5,5,0.010012525133788586,0.0,0.010012525133788586,0.5098101461074742,0.8432215179581738,1
REACTOME_FOXO_MEDIATED_TRANSCRIPTION_OF_OXIDATIVE_STRESS_METABOLIC_AND_NEURONAL_GENES,6,6,0.007843159604817629,0.0,0.007843159604817629,0.5111342771964731,0.8432215179581738,1
REACTOME_RUNX1_INTERACTS_WITH_CO_FACTORS_WHOSE_PRECISE_EFFECT_ON_RUNX1_TARGETS_IS_NOT_KNOWN,10,10,-0.006391022354364395,0.0,-0.006391022354364395,0.5044809956594828,0.8432215179581738,-1
REACTOME_SIGNALING_BY_EGFR_IN_CANCER,7,7,0.005959011148661375,0.0,0.005959011148661375,0.5073266943550574,0.8432215179581738,1
REACTOME_IRE1ALPHA_ACTIVATES_CHAPERONES,12,12,-0.0022945888340473175,0.0,-0.0022945888340473175,0.5047454929613732,0.8432215179581738,-1
REACTOME_EXTRA_NUCLEAR_ESTROGEN_SIGNALING,25,25,-0.0008508600294589996,0.0,-0.0008508600294589996,0.5078355326339371,0.8432215179581738,-1
REACTOME_NEF_MEDIATES_DOWN_MODULATION_OF_CELL_SURFACE_RECEPTORS_BY_RECRUITING_THEM_TO_CLATHRIN_ADAPTERS,5,5,0.00027097761631011963,0.0,0.00027097761631011963,0.501476150973934,0.8432215179581738,1
REACTOME_EXTENSION_OF_TELOMERES,21,21,0.0,0.0,0.0,0.49950922844783585,0.8432215179581738,0
REACTOME_G2_M_CHECKPOINTS,24,24,0.0,0.0,0.0,0.503312864035228,0.8432215179581738,0
REACTOME_G_ALPHA_Z_SIGNALLING_EVENTS,13,13,0.0,0.0,0.0,0.49963397044020785,0.8432215179581738,0
REACTOME_MAPK_FAMILY_SIGNALING_CASCADES,70,70,0.0,0.0,0.0,0.5047930630871499,0.8432215179581738,0
REACTOME_SIGNALING_BY_MET,10,10,0.0,0.0,0.0,0.5102394046244383,0.8432215179581738,0
REACTOME_TNFR2_NON_CANONICAL_NF_KB_PATHWAY,25,25,0.0,0.0,0.0,0.5106293521261271,0.8432215179581738,0
REACTOME_ROLE_OF_PHOSPHOLIPIDS_IN_PHAGOCYTOSIS,8,8,-0.020145131275057793,0.0,-0.020145131275057793,0.5157351114085394,0.8474945397999976,-1
REACTOME_HDACS_DEACETYLATE_HISTONES,12,12,-0.010528351180255413,0.0,-0.010528351180255413,0.5155711801874939,0.8474945397999976,-1
REACTOME_RND1_GTPASE_CYCLE,8,8,0.0026748646050691605,0.0,0.0026748646050691605,0.5186430364949313,0.8489632616800525,1
REACTOME_DEVELOPMENTAL_BIOLOGY,172,172,0.0,0.0,0.0,0.5177961375150102,0.8489632616800525,0
REACTOME_ORGANELLE_BIOGENESIS_AND_MAINTENANCE,71,71,-0.005401700269430876,0.0,-0.005401700269430876,0.5225279612065927,0.8503688635080263,-1
REACTOME_PHASE_II_CONJUGATION_OF_COMPOUNDS,15,15,-0.000556260347366333,0.0,-0.000556260347366333,0.5220854526951724,0.8503688635080263,-1
REACTOME_CHROMATIN_MODIFYING_ENZYMES,61,61,0.0,0.0,0.0,0.5209653065244713,0.8503688635080263,0
REACTOME_GAMMA_CARBOXYLATION_HYPUSINE_FORMATION_AND_ARYLSULFATASE_ACTIVATION,13,13,-0.00884274486452341,0.0,-0.00884274486452341,0.523946559803105,0.8510345855761416,-1
REACTOME_RESOLUTION_OF_SISTER_CHROMATID_COHESION,33,33,-0.006379682570695877,0.0,-0.006379682570695877,0.5294617320333881,0.8518055063955937,-1
REACTOME_N_GLYCAN_ANTENNAE_ELONGATION_IN_THE_MEDIAL_TRANS_GOLGI,7,7,-0.0013237539678812027,0.0,-0.0013237539678812027,0.529473410855624,0.8518055063955937,-1
REACTOME_DNA_REPAIR,80,80,0.0,0.0,0.0,0.5275612003005681,0.8518055063955937,0
REACTOME_INTERLEUKIN_37_SIGNALING,5,5,0.0,0.0,0.0,0.5271296799081513,0.8518055063955937,0
REACTOME_NEGATIVE_REGULATION_OF_THE_PI3K_AKT_NETWORK,25,25,0.0,0.0,0.0,0.5287375325572801,0.8518055063955937,0
REACTOME_REPRESSION_OF_WNT_TARGET_GENES,6,6,-0.00692074722610414,0.0,-0.00692074722610414,0.5416110573455186,0.8521574708135489,-1
REACTOME_INTRINSIC_PATHWAY_FOR_APOPTOSIS,10,10,-0.003986681811511517,0.0,-0.003986681811511517,0.5345458330320023,0.8521574708135489,-1
REACTOME_TRYPTOPHAN_CATABOLISM,5,5,-0.0036667827516794205,0.0,-0.0036667827516794205,0.5332616783249093,0.8521574708135489,-1
REACTOME_SUMOYLATION,52,52,-0.003457194659858942,0.0,-0.003457194659858942,0.5396158970186085,0.8521574708135489,-1
REACTOME_ACTIVATION_OF_THE_PRE_REPLICATIVE_COMPLEX,12,12,-0.0034190132282674313,0.0,-0.0034190132282674313,0.549909447357735,0.8521574708135489,-1
REACTOME_REGULATION_OF_TP53_ACTIVITY_THROUGH_PHOSPHORYLATION,23,23,-0.0014623254537582397,0.0,-0.0014623254537582397,0.5398938084694505,0.8521574708135489,-1
REACTOME_TRANSPORT_TO_THE_GOLGI_AND_SUBSEQUENT_MODIFICATION,33,33,-0.0013237539678812027,0.0,-0.0013237539678812027,0.54048938173066,0.8521574708135489,-1
REACTOME_HCMV_INFECTION,24,24,0.0012523629702627659,0.0,0.0012523629702627659,0.5494979500876063,0.8521574708135489,1
REACTOME_REGULATION_OF_PYRUVATE_DEHYDROGENASE_PDH_COMPLEX,6,6,0.00018838327378034592,0.0,0.00018838327378034592,0.5464727450821556,0.8521574708135489,1
REACTOME_ION_TRANSPORT_BY_P_TYPE_ATPASES,10,10,-9.416230022907257e-05,0.0,-9.416230022907257e-05,0.5409473453384112,0.8521574708135489,-1
REACTOME_AMYLOID_FIBER_FORMATION,13,13,0.0,0.0,0.0,0.5430529000120052,0.8521574708135489,0
REACTOME_CA_DEPENDENT_EVENTS,5,5,0.0,0.0,0.0,0.5474117922790431,0.8521574708135489,0
REACTOME_CDC42_GTPASE_CYCLE,31,31,0.0,0.0,0.0,0.547303979343255,0.8521574708135489,0
REACTOME_EXTRACELLULAR_MATRIX_ORGANIZATION,54,54,0.0,0.0,0.0,0.543630415641116,0.8521574708135489,0
REACTOME_ION_HOMEOSTASIS,9,9,0.0,0.0,0.0,0.5442409293723954,0.8521574708135489,0
REACTOME_MITOTIC_SPINDLE_CHECKPOINT,32,32,0.0,0.0,0.0,0.5335317447196202,0.8521574708135489,0
REACTOME_PLATELET_ADHESION_TO_EXPOSED_COLLAGEN,7,7,0.0,0.0,0.0,0.5374604752184633,0.8521574708135489,0
REACTOME_SENSORY_PERCEPTION,33,33,0.0,0.0,0.0,0.548747563436808,0.8521574708135489,0
REACTOME_SYNTHESIS_OF_VERY_LONG_CHAIN_FATTY_ACYL_COAS,5,5,0.0,0.0,0.0,0.5334813434429058,0.8521574708135489,0
REACTOME_TELOMERE_EXTENSION_BY_TELOMERASE,7,7,0.0,0.0,0.0,0.539700177283984,0.8521574708135489,0
REACTOME_SIALIC_ACID_METABOLISM,10,10,0.0,0.0,0.0,0.551332041471394,0.852794332037404,0
REACTOME_TGF_BETA_RECEPTOR_SIGNALING_IN_EMT_EPITHELIAL_TO_MESENCHYMAL_TRANSITION,6,6,0.0,0.0,0.0,0.555646286054754,0.8578934416559664,0
REACTOME_PKMTS_METHYLATE_HISTONE_LYSINES,9,9,0.006090108305215836,0.0,0.006090108305215836,0.5595752863189186,0.8582858969527702,1
REACTOME_METABOLISM_OF_WATER_SOLUBLE_VITAMINS_AND_COFACTORS,25,25,-0.0008601630106568336,0.0,-0.0008601630106568336,0.558516598321827,0.8582858969527702,-1
REACTOME_CLASS_I_PEROXISOMAL_MEMBRANE_PROTEIN_IMPORT,6,6,-0.00028210924938321114,0.0,-0.00028210924938321114,0.5620092706025257,0.8582858969527702,-1
REACTOME_EPHB_MEDIATED_FORWARD_SIGNALING,6,6,0.0,0.0,0.0,0.5611862654664939,0.8582858969527702,0
REACTOME_RAC1_GTPASE_CYCLE,34,34,0.0,0.0,0.0,0.5582348762659216,0.8582858969527702,0
REACTOME_TRIGLYCERIDE_CATABOLISM,5,5,0.0,0.0,0.0,0.5612945397330448,0.8582858969527702,0
REACTOME_METAL_ION_SLC_TRANSPORTERS,6,6,-0.008957424201071262,0.0,-0.008957424201071262,0.5688212243312395,0.8609250266642733,-1
REACTOME_MTOR_SIGNALLING,7,7,-0.00603485805913806,0.0,-0.00603485805913806,0.5709617928288938,0.8609250266642733,-1
REACTOME_PROCESSIVE_SYNTHESIS_ON_THE_C_STRAND_OF_THE_TELOMERE,10,10,-0.001248823944479227,0.0,-0.001248823944479227,0.5715863448932368,0.8609250266642733,-1
REACTOME_FCGAMMA_RECEPTOR_FCGR_DEPENDENT_PHAGOCYTOSIS,18,18,-0.0009544380009174347,0.0,-0.0009544380009174347,0.5685059274154474,0.8609250266642733,-1
REACTOME_CELL_CYCLE_MITOTIC,136,136,0.0,0.0,0.0,0.5709346657169674,0.8609250266642733,0
REACTOME_DISEASES_OF_MITOTIC_CELL_CYCLE,15,15,0.0,0.0,0.0,0.5729287543993562,0.8609250266642733,0
REACTOME_EFFECTS_OF_PIP2_HYDROLYSIS,7,7,0.0,0.0,0.0,0.568659439429525,0.8609250266642733,0
REACTOME_PLATELET_CALCIUM_HOMEOSTASIS,5,5,0.0,0.0,0.0,0.5712490464275086,0.8609250266642733,0
REACTOME_TCF_DEPENDENT_SIGNALING_IN_RESPONSE_TO_WNT,28,28,0.0,0.0,0.0,0.572584406716744,0.8609250266642733,0
REACTOME_MUSCLE_CONTRACTION,27,27,0.0,0.0,0.0,0.5753629575335103,0.8624720848180195,0
REACTOME_SIGNALING_BY_RECEPTOR_TYROSINE_KINASES,112,112,0.0,0.0,0.0,0.5760044884371827,0.8624720848180195,0
REACTOME_SIGNALING_BY_RETINOIC_ACID,11,11,0.0,0.0,0.0,0.5800783621702352,0.8670320200523197,0
REACTOME_TRANSCRIPTIONAL_REGULATION_BY_RUNX1,54,54,0.0,0.0,0.0,0.5857990996495901,0.8740329929285034,0
REACTOME_RECRUITMENT_OF_NUMA_TO_MITOTIC_CENTROSOMES,28,28,-0.0095330779440701,0.0,-0.0095330779440701,0.595395761193896,0.8796218655729738,-1
REACTOME_ANTIMICROBIAL_PEPTIDES,8,8,0.008482633391395211,0.0,0.008482633391395211,0.6042806288032172,0.8796218655729738,1
REACTOME_RMTS_METHYLATE_HISTONE_ARGININES,11,11,-0.004814297892153263,0.0,-0.004814297892153263,0.5970306056950138,0.8796218655729738,-1
REACTOME_POSTMITOTIC_NUCLEAR_PORE_COMPLEX_NPC_REFORMATION,7,7,-0.0018427865579724312,0.0,-0.0018427865579724312,0.6005020515471423,0.8796218655729738,-1
REACTOME_SIGNALING_BY_EGFR,11,11,0.00033557042479515076,0.0,0.00033557042479515076,0.6051965385911326,0.8796218655729738,1
REACTOME_C_TYPE_LECTIN_RECEPTORS_CLRS,26,26,-0.0002778060734272003,0.0,-0.0002778060734272003,0.5998402608478068,0.8796218655729738,-1
REACTOME_CLASS_B_2_SECRETIN_FAMILY_RECEPTORS,18,18,0.0,0.0,0.0,0.6006689280941881,0.8796218655729738,0
REACTOME_INTERACTION_BETWEEN_L1_AND_ANKYRINS,6,6,0.0,0.0,0.0,0.6021833611782749,0.8796218655729738,0
REACTOME_INTRINSIC_PATHWAY_OF_FIBRIN_CLOT_FORMATION,5,5,0.0,0.0,0.0,0.5953376489497952,0.8796218655729738,0
REACTOME_INWARDLY_RECTIFYING_K_CHANNELS,9,9,0.0,0.0,0.0,0.5948246286860075,0.8796218655729738,0
REACTOME_PROTEIN_FOLDING,25,25,0.0,0.0,0.0,0.6005260367721206,0.8796218655729738,0
REACTOME_RAB_GEFS_EXCHANGE_GTP_FOR_GDP_ON_RABS,18,18,0.0,0.0,0.0,0.6041147843319361,0.8796218655729738,0
REACTOME_RHO_GTPASE_EFFECTORS,52,52,0.0,0.0,0.0,0.604091152344547,0.8796218655729738,0
REACTOME_THROMBIN_SIGNALLING_THROUGH_PROTEINASE_ACTIVATED_RECEPTORS_PARS,9,9,0.0,0.0,0.0,0.5937887762219074,0.8796218655729738,0
REACTOME_ZBP1_DAI_MEDIATED_INDUCTION_OF_TYPE_I_IFNS,5,5,0.0,0.0,0.0,0.59580094589801,0.8796218655729738,0
REACTOME_MITOCHONDRIAL_PROTEIN_IMPORT,15,15,-0.004161009564995766,0.0,-0.004161009564995766,0.6080346925959668,0.8822258964860585,-1
REACTOME_MITOTIC_G2_G2_M_PHASES,42,42,0.0,0.0,0.0,0.6106116742625263,0.884442682823556,0
REACTOME_TAK1_ACTIVATES_NFKB_BY_PHOSPHORYLATION_AND_ACTIVATION_OF_IKKS_COMPLEX,9,9,0.0,0.0,0.0,0.6134342113409296,0.8870069299492344,0
REACTOME_RNA_POLYMERASE_II_TRANSCRIPTION,394,394,0.0,0.0,0.0,0.6180862392796607,0.8922032529327978,0
REACTOME_TP53_REGULATES_METABOLIC_GENES,16,16,-0.010629923082888126,0.0,-0.010629923082888126,0.6400194062243763,0.8956177289260489,-1
REACTOME_ANCHORING_OF_THE_BASAL_BODY_TO_THE_PLASMA_MEMBRANE,29,29,-0.008418292738497257,0.0,-0.008418292738497257,0.636752098353728,0.8956177289260489,-1
REACTOME_DNA_DAMAGE_RECOGNITION_IN_GG_NER,17,17,-0.00826986413449049,0.0,-0.00826986413449049,0.6334422946990368,0.8956177289260489,-1
REACTOME_VIRAL_MESSENGER_RNA_SYNTHESIS,13,13,-0.00804738700389862,0.0,-0.00804738700389862,0.6416875351547064,0.8956177289260489,-1
REACTOME_TRANSCRIPTIONAL_REGULATION_BY_TP53,90,90,-0.004783490905538201,0.0,-0.004783490905538201,0.6378720160768048,0.8956177289260489,-1
REACTOME_NUCLEAR_EVENTS_KINASE_AND_TRANSCRIPTION_FACTOR_ACTIVATION,15,15,0.0041413260623812675,0.0,0.0041413260623812675,0.639913301470088,0.8956177289260489,1
REACTOME_SIGNALING_BY_VEGF,25,25,-0.0019088760018348694,0.0,-0.0019088760018348694,0.6336082859183566,0.8956177289260489,-1
REACTOME_MITOCHONDRIAL_TRANSLATION,24,24,-0.0011544469743967056,0.0,-0.0011544469743967056,0.6232286102514897,0.8956177289260489,-1
REACTOME_CLEC7A_DECTIN_1_SIGNALING,17,17,-0.0005556121468544006,0.0,-0.0005556121468544006,0.6437013624924801,0.8956177289260489,-1
REACTOME_DOWNSTREAM_SIGNALING_EVENTS_OF_B_CELL_RECEPTOR_BCR,12,12,0.0003978833556175232,0.0,0.0003978833556175232,0.6259192840291473,0.8956177289260489,1
REACTOME_ACTIVATION_OF_ANTERIOR_HOX_GENES_IN_HINDBRAIN_DEVELOPMENT_DURING_EARLY_EMBRYOGENESIS,21,21,0.0,0.0,0.0,0.6438373928933354,0.8956177289260489,0
REACTOME_DISEASES_OF_SIGNAL_TRANSDUCTION_BY_GROWTH_FACTOR_RECEPTORS_AND_SECOND_MESSENGERS,85,85,0.0,0.0,0.0,0.6290095347905726,0.8956177289260489,0
REACTOME_EPH_EPHRIN_SIGNALING,14,14,0.0,0.0,0.0,0.6314179770478209,0.8956177289260489,0
REACTOME_GLUTATHIONE_CONJUGATION,8,8,0.0,0.0,0.0,0.6448872615161467,0.8956177289260489,0
REACTOME_INTERLEUKIN_1_FAMILY_SIGNALING,29,29,0.0,0.0,0.0,0.6374492376042332,0.8956177289260489,0
REACTOME_INTERLEUKIN_6_FAMILY_SIGNALING,6,6,0.0,0.0,0.0,0.6270654761873,0.8956177289260489,0
REACTOME_LATE_ENDOSOMAL_MICROAUTOPHAGY,9,9,0.0,0.0,0.0,0.6222174517432371,0.8956177289260489,0
REACTOME_NCAM_SIGNALING_FOR_NEURITE_OUT_GROWTH,13,13,0.0,0.0,0.0,0.6317585819141314,0.8956177289260489,0
REACTOME_NEUROTRANSMITTER_RECEPTORS_AND_POSTSYNAPTIC_SIGNAL_TRANSMISSION,35,35,0.0,0.0,0.0,0.6418303095996316,0.8956177289260489,0
REACTOME_RHO_GTPASES_ACTIVATE_FORMINS,33,33,0.0,0.0,0.0,0.6237087132844176,0.8956177289260489,0
REACTOME_RUNX2_REGULATES_BONE_DEVELOPMENT,7,7,0.0,0.0,0.0,0.6391753652639243,0.8956177289260489,0
REACTOME_SIGNALING_BY_INSULIN_RECEPTOR,16,16,0.0,0.0,0.0,0.6397515135877481,0.8956177289260489,0
REACTOME_TRANSLATION_OF_SARS_COV_2_STRUCTURAL_PROTEINS,16,16,0.0,0.0,0.0,0.6308044323041109,0.8956177289260489,0
REACTOME_COMMON_PATHWAY_OF_FIBRIN_CLOT_FORMATION,5,5,0.0,0.0,0.0,0.6465317271438312,0.8964247466813319,0
REACTOME_FORMATION_OF_TC_NER_PRE_INCISION_COMPLEX,13,13,-0.008928125724196434,0.0,-0.008928125724196434,0.6542267008383128,0.9033142083614525,-1
REACTOME_TRAFFICKING_OF_AMPA_RECEPTORS,5,5,-0.004735030233860016,0.0,-0.004735030233860016,0.6547152803189175,0.9033142083614525,-1
REACTOME_G_ALPHA_Q_SIGNALLING_EVENTS,52,52,0.0,0.0,0.0,0.6541882788486815,0.9033142083614525,0
REACTOME_INTERLEUKIN_20_FAMILY_SIGNALING,5,5,0.0,0.0,0.0,0.6561637893864223,0.90383345498816,0
REACTOME_OTHER_INTERLEUKIN_SIGNALING,5,5,0.0,0.0,0.0,0.6583389776019488,0.9053503395080634,0
REACTOME_OVARIAN_TUMOR_DOMAIN_PROTEASES,7,7,0.0,0.0,0.0,0.6617616551204899,0.9070976833602812,0
REACTOME_TRANSMISSION_ACROSS_CHEMICAL_SYNAPSES,44,44,0.0,0.0,0.0,0.66093539440273,0.9070976833602812,0
REACTOME_FOXO_MEDIATED_TRANSCRIPTION,17,17,-0.0030496232211589813,0.0,-0.0030496232211589813,0.6634992290156679,0.9080030033444936,-1
REACTOME_RAB_REGULATION_OF_TRAFFICKING,25,25,-0.005545485764741898,0.0,-0.005545485764741898,0.6673305107259908,0.9091676368670343,-1
REACTOME_SUMOYLATION_OF_RNA_BINDING_PROTEINS,16,16,-0.0009213932789862156,0.0,-0.0009213932789862156,0.6675857262404439,0.9091676368670343,-1
REACTOME_INTERLEUKIN_17_SIGNALING,15,15,0.0,0.0,0.0,0.6659919246007214,0.9091676368670343,0
REACTOME_DUAL_INCISION_IN_TC_NER,23,23,-0.008928125724196434,0.0,-0.008928125724196434,0.6711231756856733,0.9118927332093341,-1
REACTOME_SLC_MEDIATED_TRANSMEMBRANE_TRANSPORT,36,36,0.0,0.0,0.0,0.6717501628979792,0.9118927332093341,0
REACTOME_UPTAKE_AND_ACTIONS_OF_BACTERIAL_TOXINS,6,6,0.0,0.0,0.0,0.6772064514394194,0.9178216054074445,0
REACTOME_TRANSCRIPTIONAL_REGULATION_BY_VENTX,13,13,0.0,0.0,0.0,0.6783802982702524,0.9179367438873559,0
REACTOME_CONSTITUTIVE_SIGNALING_BY_LIGAND_RESPONSIVE_EGFR_CANCER_VARIANTS,6,6,0.0038770055398344994,0.0,0.0038770055398344994,0.6798880378791419,0.9185025896348022,1
REACTOME_TRANSCRIPTION_COUPLED_NUCLEOTIDE_EXCISION_REPAIR_TC_NER,25,25,-0.008928125724196434,0.0,-0.008928125724196434,0.6812570126418347,0.9188794586513066,-1
REACTOME_ER_TO_GOLGI_ANTEROGRADE_TRANSPORT,24,24,-0.0016988292336463928,0.0,-0.0016988292336463928,0.6854526145796962,0.921655506717037,-1
REACTOME_CARDIAC_CONDUCTION,15,15,0.0,0.0,0.0,0.6855017825760168,0.921655506717037,0
REACTOME_ASSEMBLY_OF_THE_ORC_COMPLEX_AT_THE_ORIGIN_OF_REPLICATION,6,6,0.0027485026512295008,0.0,0.0027485026512295008,0.6879570086853832,0.9234836915951881,1
REACTOME_METABOLISM_OF_STEROIDS,31,31,0.0,0.0,0.0,0.6890656701731608,0.9235013671796097,0
REACTOME_RECRUITMENT_OF_MITOTIC_CENTROSOME_PROTEINS_AND_COMPLEXES,25,25,-0.009081893600523472,0.0,-0.009081893600523472,0.7218765533223227,0.9258921601213098,-1
REACTOME_TELOMERE_MAINTENANCE,26,26,-0.006915136240422726,0.0,-0.006915136240422726,0.7237994466428744,0.9258921601213098,-1
REACTOME_HIV_LIFE_CYCLE,32,32,-0.0068455468863248825,0.0,-0.0068455468863248825,0.6947289124865529,0.9258921601213098,-1
REACTOME_RAF_INDEPENDENT_MAPK1_3_ACTIVATION,6,6,-0.006353573873639107,0.0,-0.006353573873639107,0.6935815042524884,0.9258921601213098,-1
REACTOME_INTERACTIONS_OF_VPR_WITH_HOST_CELLULAR_PROTEINS,11,11,-0.0018427865579724312,0.0,-0.0018427865579724312,0.7125222343274391,0.9258921601213098,-1
REACTOME_RND3_GTPASE_CYCLE,8,8,0.0014092009514570236,0.0,0.0014092009514570236,0.7201314116498154,0.9258921601213098,1
REACTOME_FATTY_ACYL_COA_BIOSYNTHESIS,10,10,-0.001218175981193781,0.0,-0.001218175981193781,0.7022019512574023,0.9258921601213098,-1
REACTOME_THE_CITRIC_ACID_TCA_CYCLE_AND_RESPIRATORY_ELECTRON_TRANSPORT,28,28,-0.0011941706761717796,0.0,-0.0011941706761717796,0.7219398044274312,0.9258921601213098,-1
REACTOME_HOMOLOGOUS_DNA_PAIRING_AND_STRAND_EXCHANGE,12,12,-0.0007311627268791199,0.0,-0.0007311627268791199,0.7027589360445377,0.9258921601213098,-1
REACTOME_RESOLUTION_OF_ABASIC_SITES_AP_SITES,18,18,0.0006526987999677658,0.0,0.0006526987999677658,0.7013302712769278,0.9258921601213098,1
REACTOME_UCH_PROTEINASES,18,18,-0.0006417343392968178,0.0,-0.0006417343392968178,0.7114401146169886,0.9258921601213098,-1
REACTOME_THE_ROLE_OF_NEF_IN_HIV_1_REPLICATION_AND_DISEASE_PATHOGENESIS,8,8,-0.00048040878027677536,0.0,-0.00048040878027677536,0.704363809806523,0.9258921601213098,-1
REACTOME_CELLULAR_RESPONSE_TO_STARVATION,16,16,0.00032564112916588783,0.0,0.00032564112916588783,0.7174634645871125,0.9258921601213098,1
REACTOME_DAG_AND_IP3_SIGNALING,8,8,0.0,0.0,0.0,0.7225070485967554,0.9258921601213098,0
REACTOME_DNA_REPLICATION_PRE_INITIATION,19,19,0.0,0.0,0.0,0.71566245698378,0.9258921601213098,0
REACTOME_EICOSANOID_LIGAND_BINDING_RECEPTORS,6,6,0.0,0.0,0.0,0.7039746155867556,0.9258921601213098,0
REACTOME_FACTORS_INVOLVED_IN_MEGAKARYOCYTE_DEVELOPMENT_AND_PLATELET_PRODUCTION,37,37,0.0,0.0,0.0,0.7011262291461469,0.9258921601213098,0
REACTOME_FCGR3A_MEDIATED_IL10_SYNTHESIS,12,12,0.0,0.0,0.0,0.7156247558401747,0.9258921601213098,0
REACTOME_G_ALPHA_12_13_SIGNALLING_EVENTS,27,27,0.0,0.0,0.0,0.7058066516152852,0.9258921601213098,0
REACTOME_L1CAM_INTERACTIONS,22,22,0.0,0.0,0.0,0.7164511337031567,0.9258921601213098,0
REACTOME_NR1H3_NR1H2_REGULATE_GENE_EXPRESSION_LINKED_TO_CHOLESTEROL_TRANSPORT_AND_EFFLUX,11,11,0.0,0.0,0.0,0.697440074013618,0.9258921601213098,0
REACTOME_NUCLEAR_SIGNALING_BY_ERBB4,7,7,0.0,0.0,0.0,0.6965339255431477,0.9258921601213098,0
REACTOME_PEROXISOMAL_LIPID_METABOLISM,10,10,0.0,0.0,0.0,0.7094096591932242,0.9258921601213098,0
REACTOME_PI3K_AKT_SIGNALING_IN_CANCER,25,25,0.0,0.0,0.0,0.7117823439176638,0.9258921601213098,0
REACTOME_POTASSIUM_CHANNELS,12,12,0.0,0.0,0.0,0.7148182262048729,0.9258921601213098,0
REACTOME_RHOD_GTPASE_CYCLE,10,10,0.0,0.0,0.0,0.7083532282695064,0.9258921601213098,0
REACTOME_SEMAPHORIN_INTERACTIONS,10,10,0.0,0.0,0.0,0.6967699050701148,0.9258921601213098,0
REACTOME_SIGNALING_BY_ERBB2_IN_CANCER,7,7,0.0,0.0,0.0,0.7061710582430154,0.9258921601213098,0
REACTOME_TRANSCRIPTIONAL_REGULATION_BY_THE_AP_2_TFAP2_FAMILY_OF_TRANSCRIPTION_FACTORS,10,10,0.0,0.0,0.0,0.7090574533482032,0.9258921601213098,0
REACTOME_TRANSPORT_OF_SMALL_MOLECULES,125,125,0.0,0.0,0.0,0.7227138806068496,0.9258921601213098,0
REACTOME_O_LINKED_GLYCOSYLATION,20,20,0.0,0.0,0.0,0.7265261649187902,0.9279720561008185,0
REACTOME_RNA_POLYMERASE_III_TRANSCRIPTION_INITIATION_FROM_TYPE_3_PROMOTER,10,10,-0.0003822864964604378,0.0,-0.0003822864964604378,0.7288747373166999,0.9295633941875613,-1
REACTOME_DISEASES_ASSOCIATED_WITH_N_GLYCOSYLATION_OF_PROTEINS,6,6,-0.008954163640737534,0.0,-0.008954163640737534,0.7588278270003668,0.9338567272427871,-1
REACTOME_TRNA_PROCESSING_IN_THE_NUCLEUS,21,21,-0.008001148700714111,0.0,-0.008001148700714111,0.7492500068768284,0.9338567272427871,-1
REACTOME_TRANSCRIPTION_OF_E2F_TARGETS_UNDER_NEGATIVE_CONTROL_BY_DREAM_COMPLEX,9,9,-0.0032489225268363953,0.0,-0.0032489225268363953,0.7583148394192684,0.9338567272427871,-1
REACTOME_APOPTOTIC_EXECUTION_PHASE,12,12,-0.0029609352350234985,0.0,-0.0029609352350234985,0.7501032435072749,0.9338567272427871,-1
REACTOME_LAGGING_STRAND_SYNTHESIS,10,10,-0.002821853384375572,0.0,-0.002821853384375572,0.7358189501355648,0.9338567272427871,-1
REACTOME_TRANSPORT_OF_MATURE_MRNAS_DERIVED_FROM_INTRONLESS_TRANSCRIPTS,11,11,-0.0018427865579724312,0.0,-0.0018427865579724312,0.742679717017541,0.9338567272427871,-1
REACTOME_SYNTHESIS_OF_PC,7,7,-0.0007700463756918907,0.0,-0.0007700463756918907,0.7511754348407211,0.9338567272427871,-1
REACTOME_SIGNALING_BY_FGFR1_IN_DISEASE,8,8,0.000673757866024971,0.0,0.000673757866024971,0.747007994242153,0.9338567272427871,1
REACTOME_SIGNALING_BY_NUCLEAR_RECEPTORS,69,69,-0.0006696078926324844,0.0,-0.0006696078926324844,0.7375937608663885,0.9338567272427871,-1
REACTOME_INTERLEUKIN_4_AND_INTERLEUKIN_13_SIGNALING,38,38,-0.0003348039463162422,0.0,-0.0003348039463162422,0.7544815228656822,0.9338567272427871,-1
REACTOME_CA2_PATHWAY,23,23,0.0,0.0,0.0,0.7449836459360988,0.9338567272427871,0
REACTOME_CELLULAR_HEXOSE_TRANSPORT,5,5,0.0,0.0,0.0,0.7508385881724613,0.9338567272427871,0
REACTOME_CELL_DEATH_SIGNALLING_VIA_NRAGE_NRIF_AND_NADE,25,25,0.0,0.0,0.0,0.756436926814603,0.9338567272427871,0
REACTOME_DEGRADATION_OF_THE_EXTRACELLULAR_MATRIX,24,24,0.0,0.0,0.0,0.7569842412706104,0.9338567272427871,0
REACTOME_GABA_RECEPTOR_ACTIVATION,12,12,0.0,0.0,0.0,0.7543679362765652,0.9338567272427871,0
REACTOME_G_PROTEIN_MEDIATED_EVENTS,9,9,0.0,0.0,0.0,0.7492237191476085,0.9338567272427871,0
REACTOME_INTERLEUKIN_12_SIGNALING,9,9,0.0,0.0,0.0,0.7467674661818108,0.9338567272427871,0
REACTOME_NON_INTEGRIN_MEMBRANE_ECM_INTERACTIONS,8,8,0.0,0.0,0.0,0.7584511256591621,0.9338567272427871,0
REACTOME_RAC3_GTPASE_CYCLE,14,14,0.0,0.0,0.0,0.7477386402626216,0.9338567272427871,0
REACTOME_RND2_GTPASE_CYCLE,7,7,0.0,0.0,0.0,0.7543941172757705,0.9338567272427871,0
REACTOME_STIMULI_SENSING_CHANNELS,11,11,0.0,0.0,0.0,0.7336564278492774,0.9338567272427871,0
REACTOME_TRANSCRIPTIONAL_REGULATION_BY_RUNX3,15,15,0.0,0.0,0.0,0.7370730194517152,0.9338567272427871,0
REACTOME_TRNA_AMINOACYLATION,7,7,0.0,0.0,0.0,0.7550383680174394,0.9338567272427871,0
REACTOME_VESICLE_MEDIATED_TRANSPORT,131,131,0.0,0.0,0.0,0.7487453364551095,0.9338567272427871,0
REACTOME_PROCESSIVE_SYNTHESIS_ON_THE_LAGGING_STRAND,7,7,-0.005643706768751144,0.0,-0.005643706768751144,0.767526879835039,0.9341868694608376,-1
REACTOME_ARACHIDONIC_ACID_METABOLISM,10,10,0.003012377303093672,0.0,0.003012377303093672,0.7657927382017107,0.9341868694608376,1
REACTOME_MEIOTIC_RECOMBINATION,6,6,-0.002270946279168129,0.0,-0.002270946279168129,0.7681368483062186,0.9341868694608376,-1
REACTOME_TRANSPORT_OF_BILE_SALTS_AND_ORGANIC_ACIDS_METAL_IONS_AND_AMINE_COMPOUNDS,11,11,-0.0022076014429330826,0.0,-0.0022076014429330826,0.7608316238485623,0.9341868694608376,-1
REACTOME_SUMOYLATION_OF_TRANSCRIPTION_COFACTORS,14,14,-0.000788120087236166,0.0,-0.000788120087236166,0.7629503570123344,0.9341868694608376,-1
REACTOME_INTERLEUKIN_2_SIGNALING,6,6,0.0006687548011541367,0.0,0.0006687548011541367,0.769069617326004,0.9341868694608376,1
REACTOME_COLLAGEN_DEGRADATION,13,13,0.0,0.0,0.0,0.7638205013225803,0.9341868694608376,0
REACTOME_REGULATION_OF_LIPID_METABOLISM_BY_PPARALPHA,28,28,0.0,0.0,0.0,0.7658480840896813,0.9341868694608376,0
REACTOME_SIGNALING_BY_CYTOSOLIC_FGFR1_FUSION_MUTANTS,5,5,0.0,0.0,0.0,0.7655905615549882,0.9341868694608376,0
REACTOME_SNRNP_ASSEMBLY,12,12,-0.0009213932789862156,0.0,-0.0009213932789862156,0.7715005165937928,0.9349828200678878,-1
REACTOME_ADAPTIVE_IMMUNE_SYSTEM,196,196,0.0,0.0,0.0,0.7719431112304269,0.9349828200678878,0
REACTOME_MET_PROMOTES_CELL_MOTILITY,5,5,0.0,0.0,0.0,0.7770952288060526,0.9398727085846519,0
REACTOME_INTERLEUKIN_7_SIGNALING,6,6,-0.002348344773054123,0.0,-0.002348344773054123,0.7791177401892366,0.9409688466755394,-1
REACTOME_N_GLYCAN_TRIMMING_IN_THE_ER_AND_CALNEXIN_CALRETICULIN_CYCLE,6,6,-0.008864195551723242,0.0,-0.008864195551723242,0.784038527954184,0.9437056797315354,-1
REACTOME_PEPTIDE_HORMONE_METABOLISM,12,12,0.0,0.0,0.0,0.7842579307091929,0.9437056797315354,0
REACTOME_STRIATED_MUSCLE_CONTRACTION,6,6,0.0,0.0,0.0,0.7847422081753337,0.9437056797315354,0
REACTOME_MEIOSIS,22,22,-0.0050018830224871635,0.0,-0.0050018830224871635,0.78632571054922,0.9442629259159436,-1
REACTOME_ION_CHANNEL_TRANSPORT,26,26,0.0,0.0,0.0,0.7883716252882103,0.9453730869387784,0
REACTOME_MISMATCH_REPAIR,5,5,-0.010945006273686886,0.0,-0.010945006273686886,0.8017995478877366,0.9478637319470649,-1
REACTOME_OXIDATIVE_STRESS_INDUCED_SENESCENCE,27,27,-0.004923740401864052,0.0,-0.004923740401864052,0.8151107015501099,0.9478637319470649,-1
REACTOME_BASE_EXCISION_REPAIR_AP_SITE_FORMATION,8,8,-0.004604324698448181,0.0,-0.004604324698448181,0.8035038088373035,0.9478637319470649,-1
REACTOME_AUTOPHAGY,30,30,-0.0036248620599508286,0.0,-0.0036248620599508286,0.7993224074106329,0.9478637319470649,-1
REACTOME_FORMATION_OF_INCISION_COMPLEX_IN_GG_NER,15,15,0.002979021519422531,0.0,0.002979021519422531,0.7925383981724479,0.9478637319470649,1
REACTOME_DUAL_INCISION_IN_GG_NER,18,18,0.0014895107597112656,0.0,0.0014895107597112656,0.80725774649985,0.9478637319470649,1
REACTOME_MITOTIC_PROPHASE,22,22,0.0009300303645431995,0.0,0.0009300303645431995,0.8055773260923907,0.9478637319470649,1
REACTOME_SUMOYLATION_OF_DNA_REPLICATION_PROTEINS,12,12,-0.0009213932789862156,0.0,-0.0009213932789862156,0.8111168539676646,0.9478637319470649,-1
REACTOME_RNA_POLYMERASE_III_TRANSCRIPTION,14,14,-0.0003822864964604378,0.0,-0.0003822864964604378,0.7984321422111198,0.9478637319470649,-1
REACTOME_BMAL1_CLOCK_NPAS2_ACTIVATES_CIRCADIAN_GENE_EXPRESSION,7,7,0.0,0.0,0.0,0.7990067624279205,0.9478637319470649,0
REACTOME_COLLAGEN_BIOSYNTHESIS_AND_MODIFYING_ENZYMES,12,12,0.0,0.0,0.0,0.8179937470289549,0.9478637319470649,0
REACTOME_DNA_DAMAGE_TELOMERE_STRESS_INDUCED_SENESCENCE,5,5,0.0,0.0,0.0,0.8067133852184378,0.9478637319470649,0
REACTOME_EPHA_MEDIATED_GROWTH_CONE_COLLAPSE,7,7,0.0,0.0,0.0,0.815202735938385,0.9478637319470649,0
REACTOME_FORMATION_OF_THE_CORNIFIED_ENVELOPE,8,8,0.0,0.0,0.0,0.8174431141055631,0.9478637319470649,0
REACTOME_HEPARAN_SULFATE_HEPARIN_HS_GAG_METABOLISM,9,9,0.0,0.0,0.0,0.8185584778854843,0.9478637319470649,0
REACTOME_KERATINIZATION,8,8,0.0,0.0,0.0,0.8174431141055631,0.9478637319470649,0
REACTOME_MAPK_TARGETS_NUCLEAR_EVENTS_MEDIATED_BY_MAP_KINASES,9,9,0.0,0.0,0.0,0.7973118438751098,0.9478637319470649,0
REACTOME_METABOLISM_OF_FAT_SOLUBLE_VITAMINS,7,7,0.0,0.0,0.0,0.7937721671783616,0.9478637319470649,0
REACTOME_RHOV_GTPASE_CYCLE,12,12,0.0,0.0,0.0,0.811451978848092,0.9478637319470649,0
REACTOME_SIGNALING_BY_RHO_GTPASES_MIRO_GTPASES_AND_RHOBTB3,143,143,0.0,0.0,0.0,0.8176382824491415,0.9478637319470649,0
REACTOME_THE_PHOTOTRANSDUCTION_CASCADE,9,9,0.0,0.0,0.0,0.8142979376883269,0.9478637319470649,0
REACTOME_TNFS_BIND_THEIR_PHYSIOLOGICAL_RECEPTORS,15,15,0.0,0.0,0.0,0.7995525060931059,0.9478637319470649,0
REACTOME_TOLL_LIKE_RECEPTOR_CASCADES,40,40,0.0,0.0,0.0,0.8174960377742524,0.9478637319470649,0
REACTOME_TOLL_LIKE_RECEPTOR_TLR1_TLR2_CASCADE,29,29,0.0,0.0,0.0,0.8162076727159568,0.9478637319470649,0
REACTOME_TRANSCRIPTIONAL_REGULATION_BY_MECP2,15,15,0.0,0.0,0.0,0.8151299131030892,0.9478637319470649,0
REACTOME_E2F_MEDIATED_REGULATION_OF_DNA_REPLICATION,8,8,-0.002461870200932026,0.0,-0.002461870200932026,0.8264938255152023,0.9544305409716652,-1
REACTOME_ERYTHROPOIETIN_ACTIVATES_PHOSPHOINOSITIDE_3_KINASE_PI3K,6,6,-0.002405451610684395,0.0,-0.002405451610684395,0.8263142477919964,0.9544305409716652,-1
REACTOME_SIGNALING_BY_FGFR3,8,8,-0.003665660507977009,0.0,-0.003665660507977009,0.8302031166581232,0.9549166289349552,-1
REACTOME_PARASITE_INFECTION,12,12,-0.0009544380009174347,0.0,-0.0009544380009174347,0.8280826474232998,0.9549166289349552,-1
REACTOME_BETA_CATENIN_INDEPENDENT_WNT_SIGNALING,30,30,0.0,0.0,0.0,0.830313035598247,0.9549166289349552,0
REACTOME_GLYCOSPHINGOLIPID_METABOLISM,7,7,0.0,0.0,0.0,0.8321394511450466,0.9557132933450604,0
REACTOME_DEPOLYMERISATION_OF_THE_NUCLEAR_LAMINA,6,6,0.007166965864598751,0.0,0.007166965864598751,0.8449026475267906,0.9574517143305799,1
REACTOME_M_PHASE,88,88,-0.0009213932789862156,0.0,-0.0009213932789862156,0.8421782827006487,0.9574517143305799,-1
REACTOME_ABC_TRANSPORTERS_IN_LIPID_HOMEOSTASIS,8,8,0.0,0.0,0.0,0.8394927400606904,0.9574517143305799,0
REACTOME_APOPTOTIC_CLEAVAGE_OF_CELLULAR_PROTEINS,9,9,0.0,0.0,0.0,0.8360425166472888,0.9574517143305799,0
REACTOME_CLEC7A_DECTIN_1_INDUCES_NFAT_ACTIVATION,5,5,0.0,0.0,0.0,0.8400068988147347,0.9574517143305799,0
REACTOME_GLOBAL_GENOME_NUCLEOTIDE_EXCISION_REPAIR_GG_NER,31,31,0.0,0.0,0.0,0.8415379253617968,0.9574517143305799,0
REACTOME_MITOTIC_METAPHASE_AND_ANAPHASE,54,54,0.0,0.0,0.0,0.8440185446186786,0.9574517143305799,0
REACTOME_REGULATION_OF_SIGNALING_BY_CBL,9,9,0.0,0.0,0.0,0.8450107656725402,0.9574517143305799,0
REACTOME_SARS_COV_INFECTIONS,39,39,0.0,0.0,0.0,0.8432586502398252,0.9574517143305799,0
REACTOME_VISUAL_PHOTOTRANSDUCTION,20,20,0.0,0.0,0.0,0.8435596927080405,0.9574517143305799,0
REACTOME_NUCLEAR_RECEPTOR_TRANSCRIPTION_PATHWAY,12,12,-0.002700850134715438,0.0,-0.002700850134715438,0.846313256870153,0.9576403698544148,-1
REACTOME_ONCOGENE_INDUCED_SENESCENCE,12,12,-0.006816689856350422,0.0,-0.006816689856350422,0.8505454348314408,0.9595668200500741,-1
REACTOME_NUCLEOTIDE_CATABOLISM,8,8,0.0009263008832931519,0.0,0.0009263008832931519,0.85046250198501,0.9595668200500741,1
REACTOME_TRANS_GOLGI_NETWORK_VESICLE_BUDDING,16,16,0.00042445817962288857,0.0,0.00042445817962288857,0.851430582915131,0.9595668200500741,1
REACTOME_POST_TRANSLATIONAL_MODIFICATION_SYNTHESIS_OF_GPI_ANCHORED_PROTEINS,21,21,0.0,0.0,0.0,0.852765738269764,0.9597884076921376,0
REACTOME_PROTEIN_LOCALIZATION,42,42,-0.0011654878035187721,0.0,-0.0011654878035187721,0.8580935962332342,0.9619615045048872,-1
REACTOME_SYNTHESIS_OF_IP3_AND_IP4_IN_THE_CYTOSOL,6,6,-0.00021130498498678207,0.0,-0.00021130498498678207,0.8592609880097034,0.9619615045048872,-1
REACTOME_ASPARAGINE_N_LINKED_GLYCOSYLATION,60,60,0.0,0.0,0.0,0.8584008513926584,0.9619615045048872,0
REACTOME_FORMATION_OF_FIBRIN_CLOT_CLOTTING_CASCADE,8,8,0.0,0.0,0.0,0.8562696957211486,0.9619615045048872,0
REACTOME_G0_AND_EARLY_G1,11,11,-0.0006427410989999771,0.0,-0.0006427410989999771,0.8610034545896506,0.9626338358343176,-1
REACTOME_ABERRANT_REGULATION_OF_MITOTIC_G1_S_TRANSITION_IN_CANCER_DUE_TO_RB1_DEFECTS,7,7,-0.004923740401864052,0.0,-0.004923740401864052,0.8635730281788914,0.9629524639613828,-1
REACTOME_SUMOYLATION_OF_CHROMATIN_ORGANIZATION_PROTEINS,20,20,-0.0017095133662223816,0.0,-0.0017095133662223816,0.8634180367801774,0.9629524639613828,-1
REACTOME_COOPERATION_OF_PDCL_PHLP1_AND_TRIC_CCT_IN_G_PROTEIN_BETA_FOLDING,11,11,0.0,0.0,0.0,0.8657929763959001,0.9641525483510486,0
REACTOME_REGULATION_OF_TP53_ACTIVITY_THROUGH_ACETYLATION,8,8,-0.006620066007599235,0.0,-0.006620066007599235,0.8766542111098873,0.9666892291916945,-1
REACTOME_TNF_RECEPTOR_SUPERFAMILY_TNFSF_MEMBERS_MEDIATING_NON_CANONICAL_NF_KB_PATHWAY,8,8,-0.00588639872148633,0.0,-0.00588639872148633,0.8745701698543462,0.9666892291916945,-1
REACTOME_G2_M_DNA_DAMAGE_CHECKPOINT,12,12,-0.003555925562977791,0.0,-0.003555925562977791,0.8733004068041883,0.9666892291916945,-1
REACTOME_HATS_ACETYLATE_HISTONES,26,26,-0.0034890370443463326,0.0,-0.0034890370443463326,0.8736503749312066,0.9666892291916945,-1
REACTOME_GOLGI_ASSOCIATED_VESICLE_BIOGENESIS,15,15,0.0008489163592457771,0.0,0.0008489163592457771,0.8773508128788097,0.9666892291916945,1
REACTOME_RNA_POLYMERASE_II_TRANSCRIBES_SNRNA_GENES,23,23,-0.0006696078926324844,0.0,-0.0006696078926324844,0.8783913992418008,0.9666892291916945,-1
REACTOME_A_TETRASACCHARIDE_LINKER_SEQUENCE_IS_REQUIRED_FOR_GAG_SYNTHESIS,6,6,0.0,0.0,0.0,0.8770334144722505,0.9666892291916945,0
REACTOME_REVERSIBLE_HYDRATION_OF_CARBON_DIOXIDE,5,5,0.0,0.0,0.0,0.8741158801907549,0.9666892291916945,0
REACTOME_SEPARATION_OF_SISTER_CHROMATIDS,44,44,0.0,0.0,0.0,0.8761086809609466,0.9666892291916945,0
REACTOME_INTERCONVERSION_OF_NUCLEOTIDE_DI_AND_TRIPHOSPHATES,10,10,0.0,0.0,0.0,0.884307760960965,0.9719314765190268,0
REACTOME_REGULATION_OF_PLK1_ACTIVITY_AT_G2_M_TRANSITION,25,25,-0.009081893600523472,0.0,-0.009081893600523472,0.887419593317301,0.9734096910255841,-1
REACTOME_INFECTIOUS_DISEASE,158,158,0.0,0.0,0.0,0.8879621024895304,0.9734096910255841,0
REACTOME_DNA_STRAND_ELONGATION,14,14,-0.006840626243501902,0.0,-0.006840626243501902,0.8945953964308926,0.9745616659660967,-1
REACTOME_MEIOTIC_SYNAPSIS,16,16,-0.0050018830224871635,0.0,-0.0050018830224871635,0.8915449079631215,0.9745616659660967,-1
REACTOME_FLT3_SIGNALING_IN_DISEASE,12,12,0.000673757866024971,0.0,0.000673757866024971,0.8947932733781244,0.9745616659660967,1
REACTOME_MATURATION_OF_SARS_COV_2_SPIKE_PROTEIN,10,10,0.0,0.0,0.0,0.8947779815461446,0.9745616659660967,0
REACTOME_RHOQ_GTPASE_CYCLE,11,11,0.0,0.0,0.0,0.8930216980815074,0.9745616659660967,0
REACTOME_CELL_CYCLE,176,176,0.0,0.0,0.0,0.8963322403009537,0.9749781659015535,0
REACTOME_NEUTROPHIL_DEGRANULATION,94,94,0.0,0.0,0.0,0.8977324995302248,0.975242908639149,0
REACTOME_METABOLISM_OF_AMINO_ACIDS_AND_DERIVATIVES,58,58,0.0,0.0,0.0,0.9008454708773224,0.9761089099609033,0
REACTOME_PLASMA_LIPOPROTEIN_REMODELING,6,6,0.0,0.0,0.0,0.9001809247666465,0.9761089099609033,0
REACTOME_REGULATION_OF_EXPRESSION_OF_SLITS_AND_ROBOS,18,18,0.0003978833556175232,0.0,0.0003978833556175232,0.9039621816060059,0.9782286509548948,1
REACTOME_MITOCHONDRIAL_TRNA_AMINOACYLATION,6,6,0.0,0.0,0.0,0.9062237009649733,0.9794186921967597,0
REACTOME_CDC6_ASSOCIATION_WITH_THE_ORC_ORIGIN_COMPLEX,5,5,0.0,0.0,0.0,0.9111102796372017,0.9813860361003112,0
REACTOME_RHO_GTPASE_CYCLE,95,95,0.0,0.0,0.0,0.909335518527874,0.9813860361003112,0
REACTOME_ROS_AND_RNS_PRODUCTION_IN_PHAGOCYTES,7,7,0.0,0.0,0.0,0.9120120533343763,0.9813860361003112,0
REACTOME_SHC1_EVENTS_IN_ERBB2_SIGNALING,5,5,0.0,0.0,0.0,0.9127006551632787,0.9813860361003112,0
REACTOME_INTERLEUKIN_3_INTERLEUKIN_5_AND_GM_CSF_SIGNALING,16,16,0.0,0.0,0.0,0.9139415117992211,0.9814684005690999,0
REACTOME_SYNTHESIS_OF_IP2_IP_AND_INS_IN_THE_CYTOSOL,5,5,-0.0037365946918725967,0.0,-0.0037365946918725967,0.9174738546940481,0.9815107354150794,-1
REACTOME_RHO_GTPASES_ACTIVATE_WASPS_AND_WAVES,6,6,-0.0009544380009174347,0.0,-0.0009544380009174347,0.9168719706556879,0.9815107354150794,-1
REACTOME_TOLL_LIKE_RECEPTOR_9_TLR9_CASCADE,27,27,0.0,0.0,0.0,0.9152897009028759,0.9815107354150794,0
REACTOME_MYD88_INDEPENDENT_TLR4_CASCADE,24,24,-0.0002778060734272003,0.0,-0.0002778060734272003,0.9195884941109453,0.9825261096774739,-1
REACTOME_SIGNALING_BY_FGFR1,9,9,0.0,0.0,0.0,0.9284739658110308,0.9907639913654417,0
REACTOME_PROCESSING_OF_CAPPED_INTRONLESS_PRE_MRNA,9,9,-0.015503764152526855,0.0,-0.015503764152526855,0.9469194877342126,0.9939310938895507,-1
REACTOME_PROCESSING_OF_INTRONLESS_PRE_MRNAS,9,9,-0.015503764152526855,0.0,-0.015503764152526855,0.9469194877342126,0.9939310938895507,-1
REACTOME_ACTIVATION_OF_BH3_ONLY_PROTEINS,7,7,-0.004923740401864052,0.0,-0.004923740401864052,0.9429993073215164,0.9939310938895507,-1
REACTOME_GLUCONEOGENESIS,6,6,-0.0030902186408638954,0.0,-0.0030902186408638954,0.9403966171387199,0.9939310938895507,-1
REACTOME_HIV_INFECTION,44,44,-0.0015372908674180508,0.0,-0.0015372908674180508,0.9409399684520063,0.9939310938895507,-1
REACTOME_METABOLISM_OF_POLYAMINES,8,8,-0.0014056041836738586,0.0,-0.0014056041836738586,0.9435064829254363,0.9939310938895507,-1
REACTOME_SULFUR_AMINO_ACID_METABOLISM,7,7,0.0007721260190010071,0.0,0.0007721260190010071,0.9479485165921694,0.9939310938895507,1
REACTOME_DISEASES_OF_DNA_REPAIR,10,10,-0.0007311627268791199,0.0,-0.0007311627268791199,0.9340019014177321,0.9939310938895507,-1
REACTOME_FCERI_MEDIATED_NF_KB_ACTIVATION,13,13,-0.0005556121468544006,0.0,-0.0005556121468544006,0.9417326471957814,0.9939310938895507,-1
REACTOME_ASSOCIATION_OF_TRIC_CCT_WITH_TARGET_PROTEINS_DURING_BIOSYNTHESIS,8,8,0.000135685782879591,0.0,0.000135685782879591,0.9468740831711803,0.9939310938895507,1
REACTOME_BINDING_AND_UPTAKE_OF_LIGANDS_BY_SCAVENGER_RECEPTORS,11,11,0.0,0.0,0.0,0.9447734291504322,0.9939310938895507,0
REACTOME_INTERLEUKIN_RECEPTOR_SHC_SIGNALING,9,9,0.0,0.0,0.0,0.9328343252051621,0.9939310938895507,0
REACTOME_NEGATIVE_EPIGENETIC_REGULATION_OF_RRNA_EXPRESSION,14,14,0.0,0.0,0.0,0.9428807791290036,0.9939310938895507,0
REACTOME_PI3K_EVENTS_IN_ERBB2_SIGNALING,5,5,0.0,0.0,0.0,0.9456374059248939,0.9939310938895507,0
REACTOME_CD209_DC_SIGN_SIGNALING,5,5,0.01187561172991991,0.0,0.01187561172991991,0.9517585728993598,0.9945139714436373,1
REACTOME_GENE_AND_PROTEIN_EXPRESSION_BY_JAK_STAT_SIGNALING_AFTER_INTERLEUKIN_12_STIMULATION,7,7,0.0062027680687606335,0.0,0.0062027680687606335,0.9526746388397604,0.9945139714436373,1
REACTOME_RAS_PROCESSING,7,7,-0.002398397773504257,0.0,-0.002398397773504257,0.9551509016595976,0.9945139714436373,-1
REACTOME_ASSEMBLY_OF_COLLAGEN_FIBRILS_AND_OTHER_MULTIMERIC_STRUCTURES,11,11,0.0,0.0,0.0,0.950342443062292,0.9945139714436373,0
REACTOME_ECM_PROTEOGLYCANS,15,15,0.0,0.0,0.0,0.9555828195365911,0.9945139714436373,0
REACTOME_SYNAPTIC_ADHESION_LIKE_MOLECULES,5,5,0.0,0.0,0.0,0.9544208592132355,0.9945139714436373,0
REACTOME_COLLAGEN_FORMATION,16,16,0.0,0.0,0.0,0.9581763837275232,0.9959835899905082,0
REACTOME_P75_NTR_RECEPTOR_MEDIATED_SIGNALLING,29,29,0.0,0.0,0.0,0.959943916677949,0.996592021871319,0
REACTOME_PLATELET_HOMEOSTASIS,19,19,0.0,0.0,0.0,0.962551800106103,0.9980703167151842,0
REACTOME_TELOMERE_C_STRAND_SYNTHESIS_INITIATION,6,6,-0.005257023498415947,0.0,-0.005257023498415947,0.9644599106942898,0.998727030419452,-1
REACTOME_SYNTHESIS_OF_GLYCOSYLPHOSPHATIDYLINOSITOL_GPI,7,7,-0.0018280763179063797,0.0,-0.0018280763179063797,0.9738477093769745,0.998727030419452,-1
REACTOME_DEGRADATION_OF_CYSTEINE_AND_HOMOCYSTEINE,5,5,0.0011635757982730865,0.0,0.0011635757982730865,0.970404220343625,0.998727030419452,1
REACTOME_CHROMOSOME_MAINTENANCE,33,33,-0.00051155686378479,0.0,-0.00051155686378479,0.9678410437634,0.998727030419452,-1
REACTOME_COLLAGEN_CHAIN_TRIMERIZATION,8,8,0.0,0.0,0.0,0.9730005923271603,0.998727030419452,0
REACTOME_FCGR_ACTIVATION,5,5,0.0,0.0,0.0,0.9690717306287814,0.998727030419452,0
REACTOME_NEURONAL_SYSTEM,53,53,0.0,0.0,0.0,0.9732692813752896,0.998727030419452,0
REACTOME_RNA_POLYMERASE_I_TRANSCRIPTION_TERMINATION,9,9,0.0,0.0,0.0,0.9729479458084023,0.998727030419452,0
REACTOME_SIGNALING_BY_WNT,53,53,0.0,0.0,0.0,0.9723593055575566,0.998727030419452,0
REACTOME_DEACTIVATION_OF_THE_BETA_CATENIN_TRANSACTIVATING_COMPLEX,12,12,-0.0022555773612111807,0.0,-0.0022555773612111807,0.9786240145906615,0.9988617402651727,-1
REACTOME_FGFR1_MUTANT_RECEPTOR_ACTIVATION,6,6,0.000673757866024971,0.0,0.000673757866024971,0.9780872314841725,0.9988617402651727,1
REACTOME_INTEGRIN_CELL_SURFACE_INTERACTIONS,18,18,0.0,0.0,0.0,0.9787186209478442,0.9988617402651727,0
REACTOME_NCAM1_INTERACTIONS,6,6,0.0,0.0,0.0,0.9761399868485383,0.9988617402651727,0
REACTOME_AGGREPHAGY,7,7,-0.00998426228761673,0.0,-0.00998426228761673,0.9817368107265144,0.9994397715644441,-1
REACTOME_MRNA_DECAY_BY_5_TO_3_EXORIBONUCLEASE,5,5,-0.009088322520256042,0.0,-0.009088322520256042,0.9965330432971105,0.9994397715644441,-1
REACTOME_HCMV_EARLY_EVENTS,20,20,-0.004945086780935526,0.0,-0.004945086780935526,0.9880942259441547,0.9994397715644441,-1
REACTOME_TRANSCRIPTIONAL_REGULATION_OF_GRANULOPOIESIS,13,13,-0.004923740401864052,0.0,-0.004923740401864052,0.9822737350841783,0.9994397715644441,-1
REACTOME_NONHOMOLOGOUS_END_JOINING_NHEJ,6,6,-0.004381092265248299,0.0,-0.004381092265248299,0.9902600090929067,0.9994397715644441,-1
REACTOME_NOTCH_HLH_TRANSCRIPTION_PATHWAY,6,6,-0.003018508665263653,0.0,-0.003018508665263653,0.9948864127739484,0.9994397715644441,-1
REACTOME_SIGNALING_BY_FGFR4,7,7,0.002687416970729828,0.0,0.002687416970729828,0.9930098633160396,0.9994397715644441,1
REACTOME_TRANSCRIPTION_OF_E2F_TARGETS_UNDER_NEGATIVE_CONTROL_BY_P107_RBL1_AND_P130_RBL2_IN_COMPLEX_WITH_HDAC1,7,7,-0.0006427410989999771,0.0,-0.0006427410989999771,0.9970686214539709,0.9994397715644441,-1
REACTOME_DISEASES_ASSOCIATED_WITH_GLYCOSAMINOGLYCAN_METABOLISM,7,7,0.0,0.0,0.0,0.9952647133400637,0.9994397715644441,0
REACTOME_INTERLEUKIN_1_SIGNALING,19,19,0.0,0.0,0.0,0.9865527538770135,0.9994397715644441,0
REACTOME_MEMBRANE_TRAFFICKING,122,122,0.0,0.0,0.0,0.9901384024618416,0.9994397715644441,0
REACTOME_NR1H2_AND_NR1H3_MEDIATED_SIGNALING,12,12,0.0,0.0,0.0,0.9922417799842674,0.9994397715644441,0
REACTOME_PHOSPHOLIPID_METABOLISM,54,54,0.0,0.0,0.0,0.9917160109623268,0.9994397715644441,0
REACTOME_RNA_POLYMERASE_I_PROMOTER_ESCAPE,9,9,0.0,0.0,0.0,0.9960210107372733,0.9994397715644441,0
REACTOME_SIGNALING_BY_ERBB2,13,13,0.0,0.0,0.0,0.9870775516887282,0.9994397715644441,0
REACTOME_ACTIVATION_OF_ATR_IN_RESPONSE_TO_REPLICATION_STRESS,12,12,-0.002824762836098671,0.0,-0.002824762836098671,0.9996551847986676,0.9996551847986676,-1
REACTOME_G1_S_SPECIFIC_TRANSCRIPTION,13,13,0.0,0.0,0.0,0.9995029610589136,0.9996551847986676,0
REACTOME_2_LTR_CIRCLE_FORMATION,0,0,,,,,,0
REACTOME_ABACAVIR_METABOLISM,1,1,,,,,,0
REACTOME_ABACAVIR_TRANSMEMBRANE_TRANSPORT,2,2,,,,,,0
REACTOME_ABACAVIR_TRANSPORT_AND_METABOLISM,3,3,,,,,,0
REACTOME_ACETYLCHOLINE_BINDING_AND_DOWNSTREAM_EVENTS,2,2,,,,,,0
REACTOME_ACETYLCHOLINE_INHIBITS_CONTRACTION_OF_OUTER_HAIR_CELLS,0,0,,,,,,0
REACTOME_ACETYLCHOLINE_NEUROTRANSMITTER_RELEASE_CYCLE,2,2,,,,,,0
REACTOME_ACETYLCHOLINE_REGULATES_INSULIN_SECRETION,1,1,,,,,,0
REACTOME_ACROSOME_REACTION_AND_SPERM_OOCYTE_MEMBRANE_BINDING,2,2,,,,,,0
REACTOME_ACTIVATED_NTRK2_SIGNALS_THROUGH_CDK5,0,0,,,,,,0
REACTOME_ACTIVATED_NTRK2_SIGNALS_THROUGH_FRS2_AND_FRS3,1,1,,,,,,0
REACTOME_ACTIVATED_NTRK2_SIGNALS_THROUGH_FYN,1,1,,,,,,0
REACTOME_ACTIVATED_NTRK2_SIGNALS_THROUGH_PI3K,1,1,,,,,,0
REACTOME_ACTIVATED_NTRK2_SIGNALS_THROUGH_RAS,1,1,,,,,,0
REACTOME_ACTIVATED_NTRK3_SIGNALS_THROUGH_PI3K,1,1,,,,,,0
REACTOME_ACTIVATED_NTRK3_SIGNALS_THROUGH_RAS,1,1,,,,,,0
REACTOME_ACTIVATED_PKN1_STIMULATES_TRANSCRIPTION_OF_AR_ANDROGEN_RECEPTOR_REGULATED_GENES_KLK2_AND_KLK3,0,0,,,,,,0
REACTOME_ACTIVATED_TAK1_MEDIATES_P38_MAPK_ACTIVATION,3,3,,,,,,0
REACTOME_ACTIVATION_OF_AMPK_DOWNSTREAM_OF_NMDARS,4,4,,,,,,0
REACTOME_ACTIVATION_OF_BAD_AND_TRANSLOCATION_TO_MITOCHONDRIA,1,1,,,,,,0
REACTOME_ACTIVATION_OF_C3_AND_C5,1,1,,,,,,0
REACTOME_ACTIVATION_OF_CASPASES_THROUGH_APOPTOSOME_MEDIATED_CLEAVAGE,1,1,,,,,,0
REACTOME_ACTIVATION_OF_IRF3_IRF7_MEDIATED_BY_TBK1_IKK_EPSILON,4,4,,,,,,0
REACTOME_ACTIVATION_OF_NIMA_KINASES_NEK9_NEK6_NEK7,0,0,,,,,,0
REACTOME_ACTIVATION_OF_NOXA_AND_TRANSLOCATION_TO_MITOCHONDRIA,3,3,,,,,,0
REACTOME_ACTIVATION_OF_PPARGC1A_PGC_1ALPHA_BY_PHOSPHORYLATION,1,1,,,,,,0
REACTOME_ACTIVATION_OF_PUMA_AND_TRANSLOCATION_TO_MITOCHONDRIA,3,3,,,,,,0
REACTOME_ACTIVATION_OF_RAC1,2,2,,,,,,0
REACTOME_ACTIVATION_OF_RAC1_DOWNSTREAM_OF_NMDARS,1,1,,,,,,0
REACTOME_ACTIVATION_OF_RAS_IN_B_CELLS,1,1,,,,,,0
REACTOME_ACTIVATION_OF_SMO,4,4,,,,,,0
REACTOME_ACTIVATION_OF_THE_AP_1_FAMILY_OF_TRANSCRIPTION_FACTORS,4,4,,,,,,0
REACTOME_ACTIVATION_OF_THE_PHOTOTRANSDUCTION_CASCADE,2,2,,,,,,0
REACTOME_ACTIVATION_OF_THE_TFAP2_AP_2_FAMILY_OF_TRANSCRIPTION_FACTORS,3,3,,,,,,0
REACTOME_ACTIVATION_OF_TRKA_RECEPTORS,0,0,,,,,,0
REACTOME_ACYL_CHAIN_REMODELING_OF_CL,0,0,,,,,,0
REACTOME_ACYL_CHAIN_REMODELING_OF_DAG_AND_TAG,0,0,,,,,,0
REACTOME_ACYL_CHAIN_REMODELLING_OF_PC,2,2,,,,,,0
REACTOME_ACYL_CHAIN_REMODELLING_OF_PE,3,3,,,,,,0
REACTOME_ACYL_CHAIN_REMODELLING_OF_PG,2,2,,,,,,0
REACTOME_ACYL_CHAIN_REMODELLING_OF_PI,1,1,,,,,,0
REACTOME_ACYL_CHAIN_REMODELLING_OF_PS,3,3,,,,,,0
REACTOME_ADENYLATE_CYCLASE_ACTIVATING_PATHWAY,2,2,,,,,,0
REACTOME_ADENYLATE_CYCLASE_INHIBITORY_PATHWAY,2,2,,,,,,0
REACTOME_ADHERENS_JUNCTIONS_INTERACTIONS,2,2,,,,,,0
REACTOME_ADRENOCEPTORS,1,1,,,,,,0
REACTOME_AFLATOXIN_ACTIVATION_AND_DETOXIFICATION,2,2,,,,,,0
REACTOME_AKT_PHOSPHORYLATES_TARGETS_IN_THE_CYTOSOL,0,0,,,,,,0
REACTOME_AKT_PHOSPHORYLATES_TARGETS_IN_THE_NUCLEUS,2,2,,,,,,0
REACTOME_ALK_MUTANTS_BIND_TKIS,1,1,,,,,,0
REACTOME_ALPHA_DEFENSINS,0,0,,,,,,0
REACTOME_ALPHA_LINOLENIC_OMEGA3_AND_LINOLEIC_OMEGA6_ACID_METABOLISM,1,1,,,,,,0
REACTOME_ALPHA_OXIDATION_OF_PHYTANATE,2,2,,,,,,0
REACTOME_ALPHA_PROTEIN_KINASE_1_SIGNALING_PATHWAY,4,4,,,,,,0
REACTOME_ALTERNATIVE_COMPLEMENT_ACTIVATION,3,3,,,,,,0
REACTOME_AMINE_LIGAND_BINDING_RECEPTORS,1,1,,,,,,0
REACTOME_AMINO_ACID_CONJUGATION,1,1,,,,,,0
REACTOME_AMINO_ACID_TRANSPORT_ACROSS_THE_PLASMA_MEMBRANE,2,2,,,,,,0
REACTOME_AMPK_INHIBITS_CHREBP_TRANSCRIPTIONAL_ACTIVATION_ACTIVITY,1,1,,,,,,0
REACTOME_ANCHORING_FIBRIL_FORMATION,1,1,,,,,,0
REACTOME_ANDROGEN_BIOSYNTHESIS,1,1,,,,,,0
REACTOME_ANTIGEN_PRESENTATION_FOLDING_ASSEMBLY_AND_PEPTIDE_LOADING_OF_CLASS_I_MHC,4,4,,,,,,0
REACTOME_APEX1_INDEPENDENT_RESOLUTION_OF_AP_SITES_VIA_THE_SINGLE_NUCLEOTIDE_REPLACEMENT_PATHWAY,2,2,,,,,,0
REACTOME_APOBEC3G_MEDIATED_RESISTANCE_TO_HIV_1_INFECTION,1,1,,,,,,0
REACTOME_APOPTOSIS_INDUCED_DNA_FRAGMENTATION,4,4,,,,,,0
REACTOME_APOPTOTIC_CLEAVAGE_OF_CELL_ADHESION_PROTEINS,2,2,,,,,,0
REACTOME_APOPTOTIC_FACTOR_MEDIATED_RESPONSE,1,1,,,,,,0
REACTOME_ARACHIDONATE_PRODUCTION_FROM_DAG,0,0,,,,,,0
REACTOME_ARMS_MEDIATED_ACTIVATION,1,1,,,,,,0
REACTOME_ARYL_HYDROCARBON_RECEPTOR_SIGNALLING,1,1,,,,,,0
REACTOME_ASPARTATE_AND_ASPARAGINE_METABOLISM,2,2,,,,,,0
REACTOME_ASSEMBLY_OF_ACTIVE_LPL_AND_LIPC_LIPASE_COMPLEXES,2,2,,,,,,0
REACTOME_ATF6_ATF6_ALPHA_ACTIVATES_CHAPERONES,4,4,,,,,,0
REACTOME_ATF6_ATF6_ALPHA_ACTIVATES_CHAPERONE_GENES,4,4,,,,,,0
REACTOME_ATTACHMENT_AND_ENTRY,1,1,,,,,,0
REACTOME_ATTACHMENT_OF_GPI_ANCHOR_TO_UPAR,3,3,,,,,,0
REACTOME_BASIGIN_INTERACTIONS,4,4,,,,,,0
REACTOME_BETA_CATENIN_PHOSPHORYLATION_CASCADE,1,1,,,,,,0
REACTOME_BETA_DEFENSINS,2,2,,,,,,0
REACTOME_BETA_OXIDATION_OF_BUTANOYL_COA_TO_ACETYL_COA,2,2,,,,,,0
REACTOME_BETA_OXIDATION_OF_DECANOYL_COA_TO_OCTANOYL_COA_COA,2,2,,,,,,0
REACTOME_BETA_OXIDATION_OF_HEXANOYL_COA_TO_BUTANOYL_COA,1,1,,,,,,0
REACTOME_BETA_OXIDATION_OF_LAUROYL_COA_TO_DECANOYL_COA_COA,1,1,,,,,,0
REACTOME_BETA_OXIDATION_OF_OCTANOYL_COA_TO_HEXANOYL_COA,2,2,,,,,,0
REACTOME_BETA_OXIDATION_OF_PRISTANOYL_COA,3,3,,,,,,0
REACTOME_BETA_OXIDATION_OF_VERY_LONG_CHAIN_FATTY_ACIDS,4,4,,,,,,0
REACTOME_BH3_ONLY_PROTEINS_ASSOCIATE_WITH_AND_INACTIVATE_ANTI_APOPTOTIC_BCL_2_MEMBERS,4,4,,,,,,0
REACTOME_BICARBONATE_TRANSPORTERS,3,3,,,,,,0
REACTOME_BINDING_OF_TCF_LEF_CTNNB1_TO_TARGET_GENE_PROMOTERS,3,3,,,,,,0
REACTOME_BIOSYNTHESIS_OF_EPA_DERIVED_SPMS,1,1,,,,,,0
REACTOME_BIOSYNTHESIS_OF_MARESINS,1,1,,,,,,0
REACTOME_BIOSYNTHESIS_OF_MARESIN_LIKE_SPMS,0,0,,,,,,0
REACTOME_BIOSYNTHESIS_OF_SPECIALIZED_PRORESOLVING_MEDIATORS_SPMS,4,4,,,,,,0
REACTOME_BIOTIN_TRANSPORT_AND_METABOLISM,2,2,,,,,,0
REACTOME_BUDDING_AND_MATURATION_OF_HIV_VIRION,4,4,,,,,,0
REACTOME_BUTYRATE_RESPONSE_FACTOR_1_BRF1_BINDS_AND_DESTABILIZES_MRNA,4,4,,,,,,0
REACTOME_BUTYROPHILIN_BTN_FAMILY_INTERACTIONS,4,4,,,,,,0
REACTOME_CA2_ACTIVATED_K_CHANNELS,1,1,,,,,,0
REACTOME_CALCINEURIN_ACTIVATES_NFAT,3,3,,,,,,0
REACTOME_CALCITONIN_LIKE_LIGAND_RECEPTORS,2,2,,,,,,0
REACTOME_CALNEXIN_CALRETICULIN_CYCLE,4,4,,,,,,0
REACTOME_CAMK_IV_MEDIATED_PHOSPHORYLATION_OF_CREB,1,1,,,,,,0
REACTOME_CARNITINE_METABOLISM,3,3,,,,,,0
REACTOME_CASPASE_ACTIVATION_VIA_DEPENDENCE_RECEPTORS_IN_THE_ABSENCE_OF_LIGAND,3,3,,,,,,0
REACTOME_CASPASE_MEDIATED_CLEAVAGE_OF_CYTOSKELETAL_PROTEINS,4,4,,,,,,0
REACTOME_CATION_COUPLED_CHLORIDE_COTRANSPORTERS,2,2,,,,,,0
REACTOME_CD163_MEDIATING_AN_ANTI_INFLAMMATORY_RESPONSE,2,2,,,,,,0
REACTOME_CD22_MEDIATED_BCR_REGULATION,2,2,,,,,,0
REACTOME_CD28_DEPENDENT_VAV1_PATHWAY,2,2,,,,,,0
REACTOME_CELL_EXTRACELLULAR_MATRIX_INTERACTIONS,1,1,,,,,,0
REACTOME_CGMP_EFFECTS,3,3,,,,,,0
REACTOME_CHK1_CHK2_CDS1_MEDIATED_INACTIVATION_OF_CYCLIN_B_CDK1_COMPLEX,0,0,,,,,,0
REACTOME_CHL1_INTERACTIONS,3,3,,,,,,0
REACTOME_CHOLINE_CATABOLISM,0,0,,,,,,0
REACTOME_CHONDROITIN_SULFATE_BIOSYNTHESIS,2,2,,,,,,0
REACTOME_CHREBP_ACTIVATES_METABOLIC_GENE_EXPRESSION,2,2,,,,,,0
REACTOME_CHYLOMICRON_ASSEMBLY,2,2,,,,,,0
REACTOME_CHYLOMICRON_CLEARANCE,4,4,,,,,,0
REACTOME_CHYLOMICRON_REMODELING,2,2,,,,,,0
REACTOME_CITRIC_ACID_CYCLE_TCA_CYCLE,4,4,,,,,,0
REACTOME_CLASS_C_3_METABOTROPIC_GLUTAMATE_PHEROMONE_RECEPTORS,1,1,,,,,,0
REACTOME_CLEC7A_INFLAMMASOME_PATHWAY,3,3,,,,,,0
REACTOME_COBALAMIN_CBL_VITAMIN_B12_TRANSPORT_AND_METABOLISM,4,4,,,,,,0
REACTOME_COENZYME_A_BIOSYNTHESIS,3,3,,,,,,0
REACTOME_COHESIN_LOADING_ONTO_CHROMATIN,4,4,,,,,,0
REACTOME_COMPETING_ENDOGENOUS_RNAS_CERNAS_REGULATE_PTEN_TRANSLATION,3,3,,,,,,0
REACTOME_CONDENSATION_OF_PROMETAPHASE_CHROMOSOMES,3,3,,,,,,0
REACTOME_CONDENSATION_OF_PROPHASE_CHROMOSOMES,4,4,,,,,,0
REACTOME_CONJUGATION_OF_BENZOATE_WITH_GLYCINE,1,1,,,,,,0
REACTOME_CONSTITUTIVE_SIGNALING_BY_EGFRVIII,4,4,,,,,,0
REACTOME_CONSTITUTIVE_SIGNALING_BY_OVEREXPRESSED_ERBB2,2,2,,,,,,0
REACTOME_CREATINE_METABOLISM,1,1,,,,,,0
REACTOME_CREATION_OF_C4_AND_C2_ACTIVATORS,4,4,,,,,,0
REACTOME_CREB1_PHOSPHORYLATION_THROUGH_THE_ACTIVATION_OF_ADENYLATE_CYCLASE,4,4,,,,,,0
REACTOME_CREB1_PHOSPHORYLATION_THROUGH_THE_ACTIVATION_OF_CAMKII_CAMKK_CAMKIV_CASCASDE,0,0,,,,,,0
REACTOME_CREB3_FACTORS_ACTIVATE_GENES,2,2,,,,,,0
REACTOME_CREB_PHOSPHORYLATION,3,3,,,,,,0
REACTOME_CRISTAE_FORMATION,3,3,,,,,,0
REACTOME_CRMPS_IN_SEMA3A_SIGNALING,2,2,,,,,,0
REACTOME_CROSSLINKING_OF_COLLAGEN_FIBRILS,3,3,,,,,,0
REACTOME_CROSS_PRESENTATION_OF_PARTICULATE_EXOGENOUS_ANTIGENS_PHAGOSOMES,1,1,,,,,,0
REACTOME_CROSS_PRESENTATION_OF_SOLUBLE_EXOGENOUS_ANTIGENS_ENDOSOMES,3,3,,,,,,0
REACTOME_CS_DS_DEGRADATION,1,1,,,,,,0
REACTOME_CYCLIN_A_B1_B2_ASSOCIATED_EVENTS_DURING_G2_M_TRANSITION,3,3,,,,,,0
REACTOME_CYP2E1_REACTIONS,0,0,,,,,,0
REACTOME_CYTOCHROME_C_MEDIATED_APOPTOTIC_RESPONSE,1,1,,,,,,0
REACTOME_CYTOCHROME_P450_ARRANGED_BY_SUBSTRATE_TYPE,4,4,,,,,,0
REACTOME_CYTOSOLIC_IRON_SULFUR_CLUSTER_ASSEMBLY,2,2,,,,,,0
REACTOME_CYTOSOLIC_TRNA_AMINOACYLATION,1,1,,,,,,0
REACTOME_DCC_MEDIATED_ATTRACTIVE_SIGNALING,4,4,,,,,,0
REACTOME_DEADENYLATION_OF_MRNA,3,3,,,,,,0
REACTOME_DEFECTIVE_B4GALT1_CAUSES_B4GALT1_CDG_CDG_2D,0,0,,,,,,0
REACTOME_DEFECTIVE_B4GALT7_CAUSES_EDS_PROGEROID_TYPE,4,4,,,,,,0
REACTOME_DEFECTIVE_C1GALT1C1_CAUSES_TNPS,1,1,,,,,,0
REACTOME_DEFECTIVE_CHST14_CAUSES_EDS_MUSCULOCONTRACTURAL_TYPE,1,1,,,,,,0
REACTOME_DEFECTIVE_CHST3_CAUSES_SEDCJD,1,1,,,,,,0
REACTOME_DEFECTIVE_CHST6_CAUSES_MCDC1,0,0,,,,,,0
REACTOME_DEFECTIVE_CHSY1_CAUSES_TPBS,1,1,,,,,,0
REACTOME_DEFECTIVE_CSF2RB_CAUSES_SMDP5,0,0,,,,,,0
REACTOME_DEFECTIVE_EXT2_CAUSES_EXOSTOSES_2,2,2,,,,,,0
REACTOME_DEFECTIVE_F9_ACTIVATION,2,2,,,,,,0
REACTOME_DEFECTIVE_FACTOR_IX_CAUSES_HEMOPHILIA_B,2,2,,,,,,0
REACTOME_DEFECTIVE_FACTOR_VIII_CAUSES_HEMOPHILIA_A,2,2,,,,,,0
REACTOME_DEFECTIVE_GALNT3_CAUSES_HFTC,2,2,,,,,,0
REACTOME_DEFECTIVE_LFNG_CAUSES_SCDO3,0,0,,,,,,0
REACTOME_DEFECTIVE_RIPK1_MEDIATED_REGULATED_NECROSIS,1,1,,,,,,0
REACTOME_DEFECTIVE_ST3GAL3_CAUSES_MCT12_AND_EIEE15,1,1,,,,,,0
REACTOME_DEFECTS_IN_BIOTIN_BTN_METABOLISM,1,1,,,,,,0
REACTOME_DEFECTS_IN_COBALAMIN_B12_METABOLISM,3,3,,,,,,0
REACTOME_DEFECTS_IN_VITAMIN_AND_COFACTOR_METABOLISM,4,4,,,,,,0
REACTOME_DEFENSINS,2,2,,,,,,0
REACTOME_DERMATAN_SULFATE_BIOSYNTHESIS,1,1,,,,,,0
REACTOME_DEX_H_BOX_HELICASES_ACTIVATE_TYPE_I_IFN_AND_INFLAMMATORY_CYTOKINES_PRODUCTION,0,0,,,,,,0
REACTOME_DIGESTION,1,1,,,,,,0
REACTOME_DIGESTION_AND_ABSORPTION,2,2,,,,,,0
REACTOME_DIGESTION_OF_DIETARY_CARBOHYDRATE,1,1,,,,,,0
REACTOME_DIGESTION_OF_DIETARY_LIPID,0,0,,,,,,0
REACTOME_DISASSEMBLY_OF_THE_DESTRUCTION_COMPLEX_AND_RECRUITMENT_OF_AXIN_TO_THE_MEMBRANE,2,2,,,,,,0
REACTOME_DISEASES_ASSOCIATED_WITH_SURFACTANT_METABOLISM,1,1,,,,,,0
REACTOME_DISEASES_OF_BASE_EXCISION_REPAIR,3,3,,,,,,0
REACTOME_DISEASES_OF_MISMATCH_REPAIR_MMR,1,1,,,,,,0
REACTOME_DISINHIBITION_OF_SNARE_FORMATION,0,0,,,,,,0
REACTOME_DISPLACEMENT_OF_DNA_GLYCOSYLASE_BY_APEX1,4,4,,,,,,0
REACTOME_DISSOLUTION_OF_FIBRIN_CLOT,4,4,,,,,,0
REACTOME_DNA_DAMAGE_REVERSAL,2,2,,,,,,0
REACTOME_DNA_METHYLATION,0,0,,,,,,0
REACTOME_DNA_REPLICATION_INITIATION,3,3,,,,,,0
REACTOME_DOPAMINE_CLEARANCE_FROM_THE_SYNAPTIC_CLEFT,1,1,,,,,,0
REACTOME_DOPAMINE_NEUROTRANSMITTER_RELEASE_CYCLE,2,2,,,,,,0
REACTOME_DOPAMINE_RECEPTORS,0,0,,,,,,0
REACTOME_DOWNREGULATION_OF_ERBB4_SIGNALING,3,3,,,,,,0
REACTOME_DOWNSTREAM_SIGNALING_OF_ACTIVATED_FGFR3,4,4,,,,,,0
REACTOME_DOWNSTREAM_SIGNALING_OF_ACTIVATED_FGFR4,4,4,,,,,,0
REACTOME_DSCAM_INTERACTIONS,2,2,,,,,,0
REACTOME_E2F_ENABLED_INHIBITION_OF_PRE_REPLICATION_COMPLEX_FORMATION,4,4,,,,,,0
REACTOME_EARLY_PHASE_OF_HIV_LIFE_CYCLE,3,3,,,,,,0
REACTOME_EGFR_INTERACTS_WITH_PHOSPHOLIPASE_C_GAMMA,3,3,,,,,,0
REACTOME_EGFR_TRANSACTIVATION_BY_GASTRIN,1,1,,,,,,0
REACTOME_EICOSANOIDS,0,0,,,,,,0
REACTOME_ELECTRIC_TRANSMISSION_ACROSS_GAP_JUNCTIONS,0,0,,,,,,0
REACTOME_ELEVATION_OF_CYTOSOLIC_CA2_LEVELS,4,4,,,,,,0
REACTOME_ENDOGENOUS_STEROLS,3,3,,,,,,0
REACTOME_ENDOSOMAL_SORTING_COMPLEX_REQUIRED_FOR_TRANSPORT_ESCRT,4,4,,,,,,0
REACTOME_ENDOSOMAL_VACUOLAR_PATHWAY,3,3,,,,,,0
REACTOME_ENERGY_DEPENDENT_REGULATION_OF_MTOR_BY_LKB1_AMPK,4,4,,,,,,0
REACTOME_ENOS_ACTIVATION,2,2,,,,,,0
REACTOME_EPHRIN_SIGNALING,3,3,,,,,,0
REACTOME_ERBB2_REGULATES_CELL_MOTILITY,4,4,,,,,,0
REACTOME_ERKS_ARE_INACTIVATED,1,1,,,,,,0
REACTOME_ERK_MAPK_TARGETS,4,4,,,,,,0
REACTOME_ERYTHROPOIETIN_ACTIVATES_PHOSPHOLIPASE_C_GAMMA_PLCG,3,3,,,,,,0
REACTOME_ERYTHROPOIETIN_ACTIVATES_RAS,4,4,,,,,,0
REACTOME_ERYTHROPOIETIN_ACTIVATES_STAT5,3,3,,,,,,0
REACTOME_ER_QUALITY_CONTROL_COMPARTMENT_ERQC,4,4,,,,,,0
REACTOME_ESTABLISHMENT_OF_SISTER_CHROMATID_COHESION,4,4,,,,,,0
REACTOME_ESTROGEN_BIOSYNTHESIS,0,0,,,,,,0
REACTOME_ESTROGEN_STIMULATED_SIGNALING_THROUGH_PRKCZ,2,2,,,,,,0
REACTOME_ETHANOL_OXIDATION,1,1,,,,,,0
REACTOME_EXTRINSIC_PATHWAY_OF_FIBRIN_CLOT_FORMATION,0,0,,,,,,0
REACTOME_FASL_CD95L_SIGNALING,3,3,,,,,,0
REACTOME_FATTY_ACIDS,0,0,,,,,,0
REACTOME_FATTY_ACIDS_BOUND_TO_GPR40_FFAR1_REGULATE_INSULIN_SECRETION,1,1,,,,,,0
REACTOME_FBXW7_MUTANTS_AND_NOTCH1_IN_CANCER,0,0,,,,,,0
REACTOME_FGFR1B_LIGAND_BINDING_AND_ACTIVATION,1,1,,,,,,0
REACTOME_FGFR1C_LIGAND_BINDING_AND_ACTIVATION,1,1,,,,,,0
REACTOME_FGFR1_LIGAND_BINDING_AND_ACTIVATION,2,2,,,,,,0
REACTOME_FGFR2B_LIGAND_BINDING_AND_ACTIVATION,3,3,,,,,,0
REACTOME_FGFR2C_LIGAND_BINDING_AND_ACTIVATION,1,1,,,,,,0
REACTOME_FGFR2_LIGAND_BINDING_AND_ACTIVATION,4,4,,,,,,0
REACTOME_FGFR3B_LIGAND_BINDING_AND_ACTIVATION,1,1,,,,,,0
REACTOME_FGFR3_LIGAND_BINDING_AND_ACTIVATION,2,2,,,,,,0
REACTOME_FGFRL1_MODULATION_OF_FGFR1_SIGNALING,1,1,,,,,,0
REACTOME_FIBRONECTIN_MATRIX_FORMATION,0,0,,,,,,0
REACTOME_FICOLINS_BIND_TO_REPETITIVE_CARBOHYDRATE_STRUCTURES_ON_THE_TARGET_CELL_SURFACE,1,1,,,,,,0
REACTOME_FLT3_SIGNALING_BY_CBL_MUTANTS,3,3,,,,,,0
REACTOME_FLT3_SIGNALING_THROUGH_SRC_FAMILY_KINASES,3,3,,,,,,0
REACTOME_FOLDING_OF_ACTIN_BY_CCT_TRIC,3,3,,,,,,0
REACTOME_FORMATION_OF_APOPTOSOME,0,0,,,,,,0
REACTOME_FORMATION_OF_ATP_BY_CHEMIOSMOTIC_COUPLING,0,0,,,,,,0
REACTOME_FORMATION_OF_SENESCENCE_ASSOCIATED_HETEROCHROMATIN_FOCI_SAHF,1,1,,,,,,0
REACTOME_FORMATION_OF_XYLULOSE_5_PHOSPHATE,0,0,,,,,,0
REACTOME_FORMYL_PEPTIDE_RECEPTORS_BIND_FORMYL_PEPTIDES_AND_MANY_OTHER_LIGANDS,3,3,,,,,,0
REACTOME_FOXO_MEDIATED_TRANSCRIPTION_OF_CELL_CYCLE_GENES,4,4,,,,,,0
REACTOME_FREE_FATTY_ACIDS_REGULATE_INSULIN_SECRETION,1,1,,,,,,0
REACTOME_FREE_FATTY_ACID_RECEPTORS,0,0,,,,,,0
REACTOME_FRS_MEDIATED_FGFR1_SIGNALING,3,3,,,,,,0
REACTOME_FRS_MEDIATED_FGFR2_SIGNALING,3,3,,,,,,0
REACTOME_FRS_MEDIATED_FGFR3_SIGNALING,2,2,,,,,,0
REACTOME_FRS_MEDIATED_FGFR4_SIGNALING,2,2,,,,,,0
REACTOME_FRUCTOSE_CATABOLISM,1,1,,,,,,0
REACTOME_FRUCTOSE_METABOLISM,1,1,,,,,,0
REACTOME_G2_M_DNA_REPLICATION_CHECKPOINT,0,0,,,,,,0
REACTOME_G2_PHASE,1,1,,,,,,0
REACTOME_GAB1_SIGNALOSOME,3,3,,,,,,0
REACTOME_GABA_SYNTHESIS_RELEASE_REUPTAKE_AND_DEGRADATION,1,1,,,,,,0
REACTOME_GALACTOSE_CATABOLISM,3,3,,,,,,0
REACTOME_GAMMA_CARBOXYLATION_TRANSPORT_AND_AMINO_TERMINAL_CLEAVAGE_OF_PROTEINS,1,1,,,,,,0
REACTOME_GAP_JUNCTION_ASSEMBLY,3,3,,,,,,0
REACTOME_GAP_JUNCTION_DEGRADATION,2,2,,,,,,0
REACTOME_GASTRIN_CREB_SIGNALLING_PATHWAY_VIA_PKC_AND_MAPK,2,2,,,,,,0
REACTOME_GDP_FUCOSE_BIOSYNTHESIS,1,1,,,,,,0
REACTOME_GLI_PROTEINS_BIND_PROMOTERS_OF_HH_RESPONSIVE_GENES_TO_PROMOTE_TRANSCRIPTION,1,1,,,,,,0
REACTOME_GLUCOCORTICOID_BIOSYNTHESIS,0,0,,,,,,0
REACTOME_GLUCURONIDATION,0,0,,,,,,0
REACTOME_GLUTAMATE_AND_GLUTAMINE_METABOLISM,2,2,,,,,,0
REACTOME_GLUTAMATE_NEUROTRANSMITTER_RELEASE_CYCLE,3,3,,,,,,0
REACTOME_GLUTATHIONE_SYNTHESIS_AND_RECYCLING,2,2,,,,,,0
REACTOME_GLYCEROPHOSPHOLIPID_CATABOLISM,3,3,,,,,,0
REACTOME_GLYCOGEN_BREAKDOWN_GLYCOGENOLYSIS,4,4,,,,,,0
REACTOME_GOLGI_CISTERNAE_PERICENTRIOLAR_STACK_REORGANIZATION,0,0,,,,,,0
REACTOME_GP1B_IX_V_ACTIVATION_SIGNALLING,4,4,,,,,,0
REACTOME_GRB2_EVENTS_IN_ERBB2_SIGNALING,4,4,,,,,,0
REACTOME_GRB2_SOS_PROVIDES_LINKAGE_TO_MAPK_SIGNALING_FOR_INTEGRINS,2,2,,,,,,0
REACTOME_GRB7_EVENTS_IN_ERBB2_SIGNALING,3,3,,,,,,0
REACTOME_HDL_ASSEMBLY,2,2,,,,,,0
REACTOME_HDL_CLEARANCE,1,1,,,,,,0
REACTOME_HDL_REMODELING,4,4,,,,,,0
REACTOME_HDR_THROUGH_MMEJ_ALT_NHEJ,3,3,,,,,,0
REACTOME_HEDGEHOG_LIGAND_BIOGENESIS,4,4,,,,,,0
REACTOME_HEME_BIOSYNTHESIS,3,3,,,,,,0
REACTOME_HEME_DEGRADATION,2,2,,,,,,0
REACTOME_HIGHLY_CALCIUM_PERMEABLE_NICOTINIC_ACETYLCHOLINE_RECEPTORS,1,1,,,,,,0
REACTOME_HIGHLY_CALCIUM_PERMEABLE_POSTSYNAPTIC_NICOTINIC_ACETYLCHOLINE_RECEPTORS,1,1,,,,,,0
REACTOME_HIGHLY_SODIUM_PERMEABLE_POSTSYNAPTIC_ACETYLCHOLINE_NICOTINIC_RECEPTORS,1,1,,,,,,0
REACTOME_HISTIDINE_CATABOLISM,0,0,,,,,,0
REACTOME_HORMONE_LIGAND_BINDING_RECEPTORS,0,0,,,,,,0
REACTOME_HS_GAG_BIOSYNTHESIS,3,3,,,,,,0
REACTOME_HS_GAG_DEGRADATION,4,4,,,,,,0
REACTOME_HUR_ELAVL1_BINDS_AND_STABILIZES_MRNA,0,0,,,,,,0
REACTOME_HYALURONAN_BIOSYNTHESIS_AND_EXPORT,2,2,,,,,,0
REACTOME_HYALURONAN_METABOLISM,3,3,,,,,,0
REACTOME_HYALURONAN_UPTAKE_AND_DEGRADATION,1,1,,,,,,0
REACTOME_HYDROLYSIS_OF_LPC,0,0,,,,,,0
REACTOME_IKBA_VARIANT_LEADS_TO_EDA_ID,2,2,,,,,,0
REACTOME_IL_6_TYPE_CYTOKINE_RECEPTOR_LIGAND_INTERACTIONS,4,4,,,,,,0
REACTOME_INACTIVATION_OF_CDC42_AND_RAC1,1,1,,,,,,0
REACTOME_INCRETIN_SYNTHESIS_SECRETION_AND_INACTIVATION,2,2,,,,,,0
REACTOME_INHIBITION_OF_REPLICATION_INITIATION_OF_DAMAGED_DNA_BY_RB1_E2F1,4,4,,,,,,0
REACTOME_INLA_MEDIATED_ENTRY_OF_LISTERIA_MONOCYTOGENES_INTO_HOST_CELLS,2,2,,,,,,0
REACTOME_INLB_MEDIATED_ENTRY_OF_LISTERIA_MONOCYTOGENES_INTO_HOST_CELL,2,2,,,,,,0
REACTOME_INSULIN_PROCESSING,4,4,,,,,,0
REACTOME_INTEGRATION_OF_PROVIRUS,1,1,,,,,,0
REACTOME_INTEGRIN_SIGNALING,4,4,,,,,,0
REACTOME_INTERACTION_WITH_CUMULUS_CELLS_AND_THE_ZONA_PELLUCIDA,1,1,,,,,,0
REACTOME_INTERLEUKIN_15_SIGNALING,3,3,,,,,,0
REACTOME_INTERLEUKIN_18_SIGNALING,2,2,,,,,,0
REACTOME_INTERLEUKIN_1_PROCESSING,1,1,,,,,,0
REACTOME_INTERLEUKIN_21_SIGNALING,2,2,,,,,,0
REACTOME_INTERLEUKIN_23_SIGNALING,2,2,,,,,,0
REACTOME_INTERLEUKIN_27_SIGNALING,1,1,,,,,,0
REACTOME_INTERLEUKIN_35_SIGNALLING,2,2,,,,,,0
REACTOME_INTERLEUKIN_36_PATHWAY,3,3,,,,,,0
REACTOME_INTERLEUKIN_6_SIGNALING,2,2,,,,,,0
REACTOME_INTERLEUKIN_9_SIGNALING,1,1,,,,,,0
REACTOME_INTESTINAL_ABSORPTION,1,1,,,,,,0
REACTOME_IONOTROPIC_ACTIVITY_OF_KAINATE_RECEPTORS,2,2,,,,,,0
REACTOME_IRAK1_RECRUITS_IKK_COMPLEX,4,4,,,,,,0
REACTOME_IRAK2_MEDIATED_ACTIVATION_OF_TAK1_COMPLEX,3,3,,,,,,0
REACTOME_IRF3_MEDIATED_ACTIVATION_OF_TYPE_1_IFN,1,1,,,,,,0
REACTOME_IRF3_MEDIATED_INDUCTION_OF_TYPE_I_IFN,1,1,,,,,,0
REACTOME_IRS_ACTIVATION,1,1,,,,,,0
REACTOME_JNK_C_JUN_KINASES_PHOSPHORYLATION_AND_ACTIVATION_MEDIATED_BY_ACTIVATED_HUMAN_TAK1,4,4,,,,,,0
REACTOME_JOSEPHIN_DOMAIN_DUBS,4,4,,,,,,0
REACTOME_KERATAN_SULFATE_BIOSYNTHESIS,4,4,,,,,,0
REACTOME_KERATAN_SULFATE_DEGRADATION,0,0,,,,,,0
REACTOME_KERATAN_SULFATE_KERATIN_METABOLISM,4,4,,,,,,0
REACTOME_KETONE_BODY_METABOLISM,3,3,,,,,,0
REACTOME_KILLING_MECHANISMS,3,3,,,,,,0
REACTOME_KSRP_KHSRP_BINDS_AND_DESTABILIZES_MRNA,3,3,,,,,,0
REACTOME_LAMININ_INTERACTIONS,2,2,,,,,,0
REACTOME_LDL_CLEARANCE,3,3,,,,,,0
REACTOME_LDL_REMODELING,0,0,,,,,,0
REACTOME_LECTIN_PATHWAY_OF_COMPLEMENT_ACTIVATION,1,1,,,,,,0
REACTOME_LEUKOTRIENE_RECEPTORS,3,3,,,,,,0
REACTOME_LGI_ADAM_INTERACTIONS,2,2,,,,,,0
REACTOME_LIGAND_RECEPTOR_INTERACTIONS,0,0,,,,,,0
REACTOME_LINOLEIC_ACID_LA_METABOLISM,1,1,,,,,,0
REACTOME_LIPID_PARTICLE_ORGANIZATION,4,4,,,,,,0
REACTOME_LIPOPHAGY,2,2,,,,,,0
REACTOME_LISTERIA_MONOCYTOGENES_ENTRY_INTO_HOST_CELLS,2,2,,,,,,0
REACTOME_LOSS_OF_FUNCTION_OF_MECP2_IN_RETT_SYNDROME,3,3,,,,,,0
REACTOME_LOSS_OF_FUNCTION_OF_SMAD2_3_IN_CANCER,2,2,,,,,,0
REACTOME_LOSS_OF_MECP2_BINDING_ABILITY_TO_THE_NCOR_SMRT_COMPLEX,3,3,,,,,,0
REACTOME_LRR_FLII_INTERACTING_PROTEIN_1_LRRFIP1_ACTIVATES_TYPE_I_IFN_PRODUCTION,0,0,,,,,,0
REACTOME_LTC4_CYSLTR_MEDIATED_IL4_PRODUCTION,2,2,,,,,,0
REACTOME_LYSINE_CATABOLISM,2,2,,,,,,0
REACTOME_LYSOSOME_VESICLE_BIOGENESIS,2,2,,,,,,0
REACTOME_LYSOSPHINGOLIPID_AND_LPA_RECEPTORS,4,4,,,,,,0
REACTOME_MAPK1_ERK2_ACTIVATION,1,1,,,,,,0
REACTOME_MAPK3_ERK1_ACTIVATION,2,2,,,,,,0
REACTOME_MASTL_FACILITATES_MITOTIC_PROGRESSION,2,2,,,,,,0
REACTOME_MATURATION_OF_SARS_COV_1_NUCLEOPROTEIN,1,1,,,,,,0
REACTOME_MATURATION_OF_SARS_COV_1_SPIKE_PROTEIN,1,1,,,,,,0
REACTOME_MATURATION_OF_SARS_COV_2_NUCLEOPROTEIN,4,4,,,,,,0
REACTOME_MECP2_REGULATES_NEURONAL_RECEPTORS_AND_CHANNELS,3,3,,,,,,0
REACTOME_MECP2_REGULATES_TRANSCRIPTION_FACTORS,1,1,,,,,,0
REACTOME_MECP2_REGULATES_TRANSCRIPTION_OF_NEURONAL_LIGANDS,0,0,,,,,,0
REACTOME_MELANIN_BIOSYNTHESIS,0,0,,,,,,0
REACTOME_METABOLIC_DISORDERS_OF_BIOLOGICAL_OXIDATION_ENZYMES,4,4,,,,,,0
REACTOME_METABOLISM_OF_AMINE_DERIVED_HORMONES,0,0,,,,,,0
REACTOME_METABOLISM_OF_ANGIOTENSINOGEN_TO_ANGIOTENSINS,3,3,,,,,,0
REACTOME_METABOLISM_OF_FOLATE_AND_PTERINES,1,1,,,,,,0
REACTOME_METABOLISM_OF_INGESTED_SEMET_SEC_MESEC_INTO_H2SE,1,1,,,,,,0
REACTOME_METABOLISM_OF_NITRIC_OXIDE_NOS3_ACTIVATION_AND_REGULATION,3,3,,,,,,0
REACTOME_METABOLISM_OF_PORPHYRINS,4,4,,,,,,0
REACTOME_METABOLISM_OF_STEROID_HORMONES,2,2,,,,,,0
REACTOME_METALLOPROTEASE_DUBS,3,3,,,,,,0
REACTOME_METALLOTHIONEINS_BIND_METALS,3,3,,,,,,0
REACTOME_METAL_SEQUESTRATION_BY_ANTIMICROBIAL_PROTEINS,3,3,,,,,,0
REACTOME_METHIONINE_SALVAGE_PATHWAY,2,2,,,,,,0
REACTOME_METHYLATION,0,0,,,,,,0
REACTOME_MET_ACTIVATES_PI3K_AKT_SIGNALING,1,1,,,,,,0
REACTOME_MET_ACTIVATES_PTK2_SIGNALING,3,3,,,,,,0
REACTOME_MET_ACTIVATES_PTPN11,0,0,,,,,,0
REACTOME_MET_ACTIVATES_RAP1_AND_RAC1,1,1,,,,,,0
REACTOME_MET_ACTIVATES_RAS_SIGNALING,1,1,,,,,,0
REACTOME_MET_INTERACTS_WITH_TNS_PROTEINS,1,1,,,,,,0
REACTOME_MET_RECEPTOR_ACTIVATION,1,1,,,,,,0
REACTOME_MET_RECEPTOR_RECYCLING,1,1,,,,,,0
REACTOME_MINERALOCORTICOID_BIOSYNTHESIS,0,0,,,,,,0
REACTOME_MIRO_GTPASE_CYCLE,3,3,,,,,,0
REACTOME_MISCELLANEOUS_SUBSTRATES,0,0,,,,,,0
REACTOME_MITOCHONDRIAL_FATTY_ACID_BETA_OXIDATION_OF_SATURATED_FATTY_ACIDS,3,3,,,,,,0
REACTOME_MITOCHONDRIAL_FATTY_ACID_BETA_OXIDATION_OF_UNSATURATED_FATTY_ACIDS,1,1,,,,,,0
REACTOME_MITOCHONDRIAL_UNCOUPLING,0,0,,,,,,0
REACTOME_MITOTIC_TELOPHASE_CYTOKINESIS,4,4,,,,,,0
REACTOME_MODULATION_BY_MTB_OF_HOST_IMMUNE_SYSTEM,3,3,,,,,,0
REACTOME_MOLYBDENUM_COFACTOR_BIOSYNTHESIS,4,4,,,,,,0
REACTOME_MRNA_EDITING_C_TO_U_CONVERSION,4,4,,,,,,0
REACTOME_MTORC1_MEDIATED_SIGNALLING,4,4,,,,,,0
REACTOME_MUCOPOLYSACCHARIDOSES,1,1,,,,,,0
REACTOME_MULTIFUNCTIONAL_ANION_EXCHANGERS,1,1,,,,,,0
REACTOME_MUSCARINIC_ACETYLCHOLINE_RECEPTORS,0,0,,,,,,0
REACTOME_MYOGENESIS,3,3,,,,,,0
REACTOME_NADE_MODULATES_DEATH_SIGNALLING,2,2,,,,,,0
REACTOME_NA_CL_DEPENDENT_NEUROTRANSMITTER_TRANSPORTERS,0,0,,,,,,0
REACTOME_NECTIN_NECL_TRANS_HETERODIMERIZATION,1,1,,,,,,0
REACTOME_NEF_AND_SIGNAL_TRANSDUCTION,4,4,,,,,,0
REACTOME_NEF_MEDIATED_CD4_DOWN_REGULATION,2,2,,,,,,0
REACTOME_NEF_MEDIATED_CD8_DOWN_REGULATION,2,2,,,,,,0
REACTOME_NEF_MEDIATED_DOWNREGULATION_OF_MHC_CLASS_I_COMPLEX_CELL_SURFACE_EXPRESSION,2,2,,,,,,0
REACTOME_NEGATIVE_FEEDBACK_REGULATION_OF_MAPK_PATHWAY,2,2,,,,,,0
REACTOME_NEGATIVE_REGULATION_OF_ACTIVITY_OF_TFAP2_AP_2_FAMILY_TRANSCRIPTION_FACTORS,1,1,,,,,,0
REACTOME_NEGATIVE_REGULATION_OF_FGFR3_SIGNALING,4,4,,,,,,0
REACTOME_NEGATIVE_REGULATION_OF_FGFR4_SIGNALING,4,4,,,,,,0
REACTOME_NEGATIVE_REGULATION_OF_MET_ACTIVITY,2,2,,,,,,0
REACTOME_NEGATIVE_REGULATION_OF_NMDA_RECEPTOR_MEDIATED_NEURONAL_TRANSMISSION,4,4,,,,,,0
REACTOME_NEGATIVE_REGULATION_OF_NOTCH4_SIGNALING,3,3,,,,,,0
REACTOME_NEGATIVE_REGULATION_OF_TCF_DEPENDENT_SIGNALING_BY_DVL_INTERACTING_PROTEINS,2,2,,,,,,0
REACTOME_NEGATIVE_REGULATION_OF_TCF_DEPENDENT_SIGNALING_BY_WNT_LIGAND_ANTAGONISTS,1,1,,,,,,0
REACTOME_NETRIN_MEDIATED_REPULSION_SIGNALS,0,0,,,,,,0
REACTOME_NEUROFASCIN_INTERACTIONS,0,0,,,,,,0
REACTOME_NEUROTOXICITY_OF_CLOSTRIDIUM_TOXINS,3,3,,,,,,0
REACTOME_NEUROTRANSMITTER_CLEARANCE,3,3,,,,,,0
REACTOME_NEUROTRANSMITTER_RELEASE_CYCLE,3,3,,,,,,0
REACTOME_NF_KB_ACTIVATION_THROUGH_FADD_RIP_1_PATHWAY_MEDIATED_BY_CASPASE_8_AND_10,3,3,,,,,,0
REACTOME_NF_KB_IS_ACTIVATED_AND_SIGNALS_SURVIVAL,4,4,,,,,,0
REACTOME_NGF_INDEPENDANT_TRKA_ACTIVATION,0,0,,,,,,0
REACTOME_NICOTINAMIDE_SALVAGING,1,1,,,,,,0
REACTOME_NICOTINATE_METABOLISM,4,4,,,,,,0
REACTOME_NITRIC_OXIDE_STIMULATES_GUANYLATE_CYCLASE,4,4,,,,,,0
REACTOME_NONCANONICAL_ACTIVATION_OF_NOTCH3,0,0,,,,,,0
REACTOME_NOREPINEPHRINE_NEUROTRANSMITTER_RELEASE_CYCLE,2,2,,,,,,0
REACTOME_NOSTRIN_MEDIATED_ENOS_TRAFFICKING,2,2,,,,,,0
REACTOME_NOTCH2_ACTIVATION_AND_TRANSMISSION_OF_SIGNAL_TO_THE_NUCLEUS,3,3,,,,,,0
REACTOME_NOTCH2_INTRACELLULAR_DOMAIN_REGULATES_TRANSCRIPTION,3,3,,,,,,0
REACTOME_NOTCH3_ACTIVATION_AND_TRANSMISSION_OF_SIGNAL_TO_THE_NUCLEUS,4,4,,,,,,0
REACTOME_NOTCH3_INTRACELLULAR_DOMAIN_REGULATES_TRANSCRIPTION,3,3,,,,,,0
REACTOME_NOTCH4_ACTIVATION_AND_TRANSMISSION_OF_SIGNAL_TO_THE_NUCLEUS,0,0,,,,,,0
REACTOME_NOTCH4_INTRACELLULAR_DOMAIN_REGULATES_TRANSCRIPTION,3,3,,,,,,0
REACTOME_NR1H2_NR1H3_REGULATE_GENE_EXPRESSION_LINKED_TO_GLUCONEOGENESIS,1,1,,,,,,0
REACTOME_NR1H2_NR1H3_REGULATE_GENE_EXPRESSION_LINKED_TO_LIPOGENESIS,1,1,,,,,,0
REACTOME_NR1H2_NR1H3_REGULATE_GENE_EXPRESSION_LINKED_TO_TRIGLYCERIDE_LIPOLYSIS_IN_ADIPOSE,1,1,,,,,,0
REACTOME_NR1H2_NR1H3_REGULATE_GENE_EXPRESSION_TO_CONTROL_BILE_ACID_HOMEOSTASIS,2,2,,,,,,0
REACTOME_NR1H2_NR1H3_REGULATE_GENE_EXPRESSION_TO_LIMIT_CHOLESTEROL_UPTAKE,2,2,,,,,,0
REACTOME_NRCAM_INTERACTIONS,1,1,,,,,,0
REACTOME_NRIF_SIGNALS_CELL_DEATH_FROM_THE_NUCLEUS,4,4,,,,,,0
REACTOME_NTRK2_ACTIVATES_RAC1,1,1,,,,,,0
REACTOME_NUCLEAR_EVENTS_STIMULATED_BY_ALK_SIGNALING_IN_CANCER,3,3,,,,,,0
REACTOME_NUCLEOTIDE_BIOSYNTHESIS,3,3,,,,,,0
REACTOME_NUCLEOTIDE_LIKE_PURINERGIC_RECEPTORS,3,3,,,,,,0
REACTOME_N_GLYCAN_ANTENNAE_ELONGATION,4,4,,,,,,0
REACTOME_N_GLYCAN_TRIMMING_AND_ELONGATION_IN_THE_CIS_GOLGI,2,2,,,,,,0
REACTOME_OAS_ANTIVIRAL_RESPONSE,2,2,,,,,,0
REACTOME_OLFACTORY_SIGNALING_PATHWAY,1,1,,,,,,0
REACTOME_OPSINS,0,0,,,,,,0
REACTOME_OREXIN_AND_NEUROPEPTIDES_FF_AND_QRFP_BIND_TO_THEIR_RESPECTIVE_RECEPTORS,1,1,,,,,,0
REACTOME_ORGANIC_ANION_TRANSPORT,0,0,,,,,,0
REACTOME_ORGANIC_ANION_TRANSPORTERS,0,0,,,,,,0
REACTOME_ORGANIC_CATION_ANION_ZWITTERION_TRANSPORT,0,0,,,,,,0
REACTOME_ORGANIC_CATION_TRANSPORT,0,0,,,,,,0
REACTOME_OTHER_SEMAPHORIN_INTERACTIONS,4,4,,,,,,0
REACTOME_P130CAS_LINKAGE_TO_MAPK_SIGNALING_FOR_INTEGRINS,2,2,,,,,,0
REACTOME_P2Y_RECEPTORS,2,2,,,,,,0
REACTOME_P38MAPK_EVENTS,2,2,,,,,,0
REACTOME_P75NTR_NEGATIVELY_REGULATES_CELL_CYCLE_VIA_SC1,0,0,,,,,,0
REACTOME_P75NTR_RECRUITS_SIGNALLING_COMPLEXES,4,4,,,,,,0
REACTOME_P75NTR_REGULATES_AXONOGENESIS,1,1,,,,,,0
REACTOME_PASSIVE_TRANSPORT_BY_AQUAPORINS,3,3,,,,,,0
REACTOME_PENTOSE_PHOSPHATE_PATHWAY,3,3,,,,,,0
REACTOME_PEPTIDE_HORMONE_BIOSYNTHESIS,0,0,,,,,,0
REACTOME_PHASE_0_RAPID_DEPOLARISATION,4,4,,,,,,0
REACTOME_PHASE_1_INACTIVATION_OF_FAST_NA_CHANNELS,1,1,,,,,,0
REACTOME_PHASE_2_PLATEAU_PHASE,1,1,,,,,,0
REACTOME_PHASE_3_RAPID_REPOLARISATION,0,0,,,,,,0
REACTOME_PHASE_4_RESTING_MEMBRANE_POTENTIAL,1,1,,,,,,0
REACTOME_PHENYLALANINE_AND_TYROSINE_METABOLISM,3,3,,,,,,0
REACTOME_PHENYLALANINE_METABOLISM,2,2,,,,,,0
REACTOME_PHOSPHATE_BOND_HYDROLYSIS_BY_NTPDASE_PROTEINS,1,1,,,,,,0
REACTOME_PHOSPHATE_BOND_HYDROLYSIS_BY_NUDT_PROTEINS,3,3,,,,,,0
REACTOME_PHOSPHOLIPASE_C_MEDIATED_CASCADE_FGFR2,3,3,,,,,,0
REACTOME_PHOSPHOLIPASE_C_MEDIATED_CASCADE_FGFR4,2,2,,,,,,0
REACTOME_PHOSPHORYLATION_OF_EMI1,0,0,,,,,,0
REACTOME_PHYSIOLOGICAL_FACTORS,1,1,,,,,,0
REACTOME_PI3K_AKT_ACTIVATION,3,3,,,,,,0
REACTOME_PI3K_EVENTS_IN_ERBB4_SIGNALING,2,2,,,,,,0
REACTOME_PI5P_REGULATES_TP53_ACETYLATION,2,2,,,,,,0
REACTOME_PINK1_PRKN_MEDIATED_MITOPHAGY,4,4,,,,,,0
REACTOME_PI_3K_CASCADE_FGFR1,3,3,,,,,,0
REACTOME_PI_3K_CASCADE_FGFR2,3,3,,,,,,0
REACTOME_PI_3K_CASCADE_FGFR3,2,2,,,,,,0
REACTOME_PI_3K_CASCADE_FGFR4,2,2,,,,,,0
REACTOME_PKA_ACTIVATION_IN_GLUCAGON_SIGNALLING,4,4,,,,,,0
REACTOME_PKA_MEDIATED_PHOSPHORYLATION_OF_CREB,4,4,,,,,,0
REACTOME_PKA_MEDIATED_PHOSPHORYLATION_OF_KEY_METABOLIC_FACTORS,1,1,,,,,,0
REACTOME_PLASMA_LIPOPROTEIN_ASSEMBLY,3,3,,,,,,0
REACTOME_PLATELET_SENSITIZATION_BY_LDL,1,1,,,,,,0
REACTOME_POLO_LIKE_KINASE_MEDIATED_EVENTS,4,4,,,,,,0
REACTOME_POU5F1_OCT4_SOX2_NANOG_ACTIVATE_GENES_RELATED_TO_PROLIFERATION,2,2,,,,,,0
REACTOME_POU5F1_OCT4_SOX2_NANOG_REPRESS_GENES_RELATED_TO_DIFFERENTIATION,4,4,,,,,,0
REACTOME_PP2A_MEDIATED_DEPHOSPHORYLATION_OF_KEY_METABOLIC_FACTORS,0,0,,,,,,0
REACTOME_PRC2_METHYLATES_HISTONES_AND_DNA,4,4,,,,,,0
REACTOME_PREGNENOLONE_BIOSYNTHESIS,1,1,,,,,,0
REACTOME_PRESYNAPTIC_DEPOLARIZATION_AND_CALCIUM_CHANNEL_OPENING,1,1,,,,,,0
REACTOME_PRESYNAPTIC_NICOTINIC_ACETYLCHOLINE_RECEPTORS,2,2,,,,,,0
REACTOME_PREVENTION_OF_PHAGOSOMAL_LYSOSOMAL_FUSION,2,2,,,,,,0
REACTOME_PRE_NOTCH_PROCESSING_IN_GOLGI,2,2,,,,,,0
REACTOME_PRE_NOTCH_PROCESSING_IN_THE_ENDOPLASMIC_RETICULUM,0,0,,,,,,0
REACTOME_PROCESSING_AND_ACTIVATION_OF_SUMO,2,2,,,,,,0
REACTOME_PROCESSING_OF_SMDT1,3,3,,,,,,0
REACTOME_PROLACTIN_RECEPTOR_SIGNALING,2,2,,,,,,0
REACTOME_PROLONGED_ERK_ACTIVATION_EVENTS,3,3,,,,,,0
REACTOME_PROPIONYL_COA_CATABOLISM,1,1,,,,,,0
REACTOME_PROSTANOID_LIGAND_RECEPTORS,3,3,,,,,,0
REACTOME_PROTEIN_METHYLATION,4,4,,,,,,0
REACTOME_PROTEIN_REPAIR,1,1,,,,,,0
REACTOME_PROTON_COUPLED_MONOCARBOXYLATE_TRANSPORT,3,3,,,,,,0
REACTOME_PTK6_EXPRESSION,4,4,,,,,,0
REACTOME_PTK6_PROMOTES_HIF1A_STABILIZATION,1,1,,,,,,0
REACTOME_PTK6_REGULATES_CELL_CYCLE,4,4,,,,,,0
REACTOME_PTK6_REGULATES_PROTEINS_INVOLVED_IN_RNA_PROCESSING,2,2,,,,,,0
REACTOME_PTK6_REGULATES_RHO_GTPASES_RAS_GTPASE_AND_MAP_KINASES,3,3,,,,,,0
REACTOME_PTK6_REGULATES_RTKS_AND_THEIR_EFFECTORS_AKT1_AND_DOK1,3,3,,,,,,0
REACTOME_PURINE_RIBONUCLEOSIDE_MONOPHOSPHATE_BIOSYNTHESIS,2,2,,,,,,0
REACTOME_PURINE_SALVAGE,3,3,,,,,,0
REACTOME_PYRIMIDINE_CATABOLISM,4,4,,,,,,0
REACTOME_PYRIMIDINE_SALVAGE,3,3,,,,,,0
REACTOME_PYROPTOSIS,4,4,,,,,,0
REACTOME_RAP1_SIGNALLING,3,3,,,,,,0
REACTOME_RAS_SIGNALING_DOWNSTREAM_OF_NF1_LOSS_OF_FUNCTION_VARIANTS,2,2,,,,,,0
REACTOME_RA_BIOSYNTHESIS_PATHWAY,3,3,,,,,,0
REACTOME_REACTIONS_SPECIFIC_TO_THE_COMPLEX_N_GLYCAN_SYNTHESIS_PATHWAY,3,3,,,,,,0
REACTOME_RECEPTOR_MEDIATED_MITOPHAGY,3,3,,,,,,0
REACTOME_RECEPTOR_TYPE_TYROSINE_PROTEIN_PHOSPHATASES,0,0,,,,,,0
REACTOME_RECOGNITION_AND_ASSOCIATION_OF_DNA_GLYCOSYLASE_WITH_SITE_CONTAINING_AN_AFFECTED_PURINE,4,4,,,,,,0
REACTOME_RECYCLING_OF_BILE_ACIDS_AND_SALTS,0,0,,,,,,0
REACTOME_RECYCLING_OF_EIF2_GDP,4,4,,,,,,0
REACTOME_REDUCTION_OF_CYTOSOLIC_CA_LEVELS,1,1,,,,,,0
REACTOME_REELIN_SIGNALLING_PATHWAY,1,1,,,,,,0
REACTOME_REGULATED_PROTEOLYSIS_OF_P75NTR,0,0,,,,,,0
REACTOME_REGULATION_OF_BACH1_ACTIVITY,3,3,,,,,,0
REACTOME_REGULATION_OF_BETA_CELL_DEVELOPMENT,2,2,,,,,,0
REACTOME_REGULATION_OF_COMMISSURAL_AXON_PATHFINDING_BY_SLIT_AND_ROBO,2,2,,,,,,0
REACTOME_REGULATION_OF_CYTOSKELETAL_REMODELING_AND_CELL_SPREADING_BY_IPP_COMPLEX_COMPONENTS,0,0,,,,,,0
REACTOME_REGULATION_OF_FOXO_TRANSCRIPTIONAL_ACTIVITY_BY_ACETYLATION,4,4,,,,,,0
REACTOME_REGULATION_OF_FZD_BY_UBIQUITINATION,3,3,,,,,,0
REACTOME_REGULATION_OF_GENE_EXPRESSION_BY_HYPOXIA_INDUCIBLE_FACTOR,2,2,,,,,,0
REACTOME_REGULATION_OF_GENE_EXPRESSION_IN_BETA_CELLS,1,1,,,,,,0
REACTOME_REGULATION_OF_GENE_EXPRESSION_IN_EARLY_PANCREATIC_PRECURSOR_CELLS,0,0,,,,,,0
REACTOME_REGULATION_OF_GENE_EXPRESSION_IN_ENDOCRINE_COMMITTED_NEUROG3_PROGENITOR_CELLS,0,0,,,,,,0
REACTOME_REGULATION_OF_GENE_EXPRESSION_IN_LATE_STAGE_BRANCHING_MORPHOGENESIS_PANCREATIC_BUD_PRECURSOR_CELLS,1,1,,,,,,0
REACTOME_REGULATION_OF_GLYCOLYSIS_BY_FRUCTOSE_2_6_BISPHOSPHATE_METABOLISM,1,1,,,,,,0
REACTOME_REGULATION_OF_IFNA_SIGNALING,3,3,,,,,,0
REACTOME_REGULATION_OF_IFNG_SIGNALING,3,3,,,,,,0
REACTOME_REGULATION_OF_INNATE_IMMUNE_RESPONSES_TO_CYTOSOLIC_DNA,4,4,,,,,,0
REACTOME_REGULATION_OF_KIT_SIGNALING,4,4,,,,,,0
REACTOME_REGULATION_OF_LOCALIZATION_OF_FOXO_TRANSCRIPTION_FACTORS,1,1,,,,,,0
REACTOME_REGULATION_OF_PTEN_LOCALIZATION,2,2,,,,,,0
REACTOME_REGULATION_OF_PTEN_MRNA_TRANSLATION,3,3,,,,,,0
REACTOME_REGULATION_OF_RUNX3_EXPRESSION_AND_ACTIVITY,3,3,,,,,,0
REACTOME_REGULATION_OF_SIGNALING_BY_NODAL,0,0,,,,,,0
REACTOME_REGULATION_OF_TLR_BY_ENDOGENOUS_LIGAND,4,4,,,,,,0
REACTOME_REGULATION_OF_TP53_ACTIVITY_THROUGH_ASSOCIATION_WITH_CO_FACTORS,0,0,,,,,,0
REACTOME_RELAXIN_RECEPTORS,1,1,,,,,,0
REACTOME_RELEASE_OF_APOPTOTIC_FACTORS_FROM_THE_MITOCHONDRIA,0,0,,,,,,0
REACTOME_RELEASE_OF_HH_NP_FROM_THE_SECRETING_CELL,0,0,,,,,,0
REACTOME_REMOVAL_OF_AMINOTERMINAL_PROPEPTIDES_FROM_GAMMA_CARBOXYLATED_PROTEINS,1,1,,,,,,0
REACTOME_RESPONSE_OF_EIF2AK1_HRI_TO_HEME_DEFICIENCY,3,3,,,,,,0
REACTOME_RESPONSE_TO_METAL_IONS,4,4,,,,,,0
REACTOME_RETINOID_CYCLE_DISEASE_EVENTS,1,1,,,,,,0
REACTOME_RETROGRADE_NEUROTROPHIN_SIGNALLING,1,1,,,,,,0
REACTOME_RHOBTB1_GTPASE_CYCLE,4,4,,,,,,0
REACTOME_RHOBTB3_ATPASE_CYCLE,2,2,,,,,,0
REACTOME_RHOT1_GTPASE_CYCLE,2,2,,,,,,0
REACTOME_RHO_GTPASES_ACTIVATE_CIT,2,2,,,,,,0
REACTOME_RHO_GTPASES_ACTIVATE_KTN1,2,2,,,,,,0
REACTOME_RHO_GTPASES_ACTIVATE_NADPH_OXIDASES,4,4,,,,,,0
REACTOME_RHO_GTPASES_ACTIVATE_PAKS,3,3,,,,,,0
REACTOME_RHO_GTPASES_ACTIVATE_PKNS,2,2,,,,,,0
REACTOME_RHO_GTPASES_ACTIVATE_RHOTEKIN_AND_RHOPHILINS,1,1,,,,,,0
REACTOME_RHO_GTPASES_ACTIVATE_ROCKS,1,1,,,,,,0
REACTOME_RIP_MEDIATED_NFKB_ACTIVATION_VIA_ZBP1,4,4,,,,,,0
REACTOME_ROBO_RECEPTORS_BIND_AKAP5,3,3,,,,,,0
REACTOME_ROLE_OF_ABL_IN_ROBO_SLIT_SIGNALING,2,2,,,,,,0
REACTOME_ROLE_OF_SECOND_MESSENGERS_IN_NETRIN_1_SIGNALING,2,2,,,,,,0
REACTOME_RORA_ACTIVATES_GENE_EXPRESSION,4,4,,,,,,0
REACTOME_RRNA_MODIFICATION_IN_THE_MITOCHONDRION,1,1,,,,,,0
REACTOME_RRNA_PROCESSING_IN_THE_MITOCHONDRION,1,1,,,,,,0
REACTOME_RSK_ACTIVATION,1,1,,,,,,0
REACTOME_RUNX1_REGULATES_ESTROGEN_RECEPTOR_MEDIATED_TRANSCRIPTION,1,1,,,,,,0
REACTOME_RUNX1_REGULATES_EXPRESSION_OF_COMPONENTS_OF_TIGHT_JUNCTIONS,1,1,,,,,,0
REACTOME_RUNX1_REGULATES_TRANSCRIPTION_OF_GENES_INVOLVED_IN_BCR_SIGNALING,2,2,,,,,,0
REACTOME_RUNX1_REGULATES_TRANSCRIPTION_OF_GENES_INVOLVED_IN_DIFFERENTIATION_OF_KERATINOCYTES,3,3,,,,,,0
REACTOME_RUNX1_REGULATES_TRANSCRIPTION_OF_GENES_INVOLVED_IN_DIFFERENTIATION_OF_MYELOID_CELLS,2,2,,,,,,0
REACTOME_RUNX1_REGULATES_TRANSCRIPTION_OF_GENES_INVOLVED_IN_INTERLEUKIN_SIGNALING,0,0,,,,,,0
REACTOME_RUNX1_REGULATES_TRANSCRIPTION_OF_GENES_INVOLVED_IN_WNT_SIGNALING,1,1,,,,,,0
REACTOME_RUNX2_REGULATES_CHONDROCYTE_MATURATION,1,1,,,,,,0
REACTOME_RUNX2_REGULATES_GENES_INVOLVED_IN_CELL_MIGRATION,0,0,,,,,,0
REACTOME_RUNX3_REGULATES_BCL2L11_BIM_TRANSCRIPTION,3,3,,,,,,0
REACTOME_RUNX3_REGULATES_CDKN1A_TRANSCRIPTION,1,1,,,,,,0
REACTOME_RUNX3_REGULATES_IMMUNE_RESPONSE_AND_CELL_MIGRATION,2,2,,,,,,0
REACTOME_RUNX3_REGULATES_NOTCH_SIGNALING,1,1,,,,,,0
REACTOME_RUNX3_REGULATES_P14_ARF,3,3,,,,,,0
REACTOME_RUNX3_REGULATES_WNT_SIGNALING,4,4,,,,,,0
REACTOME_RUNX3_REGULATES_YAP1_MEDIATED_TRANSCRIPTION,0,0,,,,,,0
REACTOME_SCAVENGING_BY_CLASS_B_RECEPTORS,1,1,,,,,,0
REACTOME_SCAVENGING_BY_CLASS_F_RECEPTORS,2,2,,,,,,0
REACTOME_SCAVENGING_OF_HEME_FROM_PLASMA,4,4,,,,,,0
REACTOME_SEALING_OF_THE_NUCLEAR_ENVELOPE_NE_BY_ESCRT_III,4,4,,,,,,0
REACTOME_SEMA3A_PAK_DEPENDENT_AXON_REPULSION,3,3,,,,,,0
REACTOME_SEMA3A_PLEXIN_REPULSION_SIGNALING_BY_INHIBITING_INTEGRIN_ADHESION,2,2,,,,,,0
REACTOME_SEMA4D_INDUCED_CELL_MIGRATION_AND_GROWTH_CONE_COLLAPSE,4,4,,,,,,0
REACTOME_SEMA4D_IN_SEMAPHORIN_SIGNALING,4,4,,,,,,0
REACTOME_SEMA4D_MEDIATED_INHIBITION_OF_CELL_ATTACHMENT_AND_MIGRATION,1,1,,,,,,0
REACTOME_SENSING_OF_DNA_DOUBLE_STRAND_BREAKS,0,0,,,,,,0
REACTOME_SENSORY_PERCEPTION_OF_SALTY_TASTE,0,0,,,,,,0
REACTOME_SENSORY_PERCEPTION_OF_TASTE,4,4,,,,,,0
REACTOME_SERINE_BIOSYNTHESIS,2,2,,,,,,0
REACTOME_SEROTONIN_AND_MELATONIN_BIOSYNTHESIS,0,0,,,,,,0
REACTOME_SEROTONIN_NEUROTRANSMITTER_RELEASE_CYCLE,2,2,,,,,,0
REACTOME_SEROTONIN_RECEPTORS,0,0,,,,,,0
REACTOME_SHC1_EVENTS_IN_EGFR_SIGNALING,3,3,,,,,,0
REACTOME_SHC1_EVENTS_IN_ERBB4_SIGNALING,2,2,,,,,,0
REACTOME_SHC_MEDIATED_CASCADE_FGFR1,3,3,,,,,,0
REACTOME_SHC_MEDIATED_CASCADE_FGFR3,2,2,,,,,,0
REACTOME_SHC_MEDIATED_CASCADE_FGFR4,2,2,,,,,,0
REACTOME_SHC_RELATED_EVENTS_TRIGGERED_BY_IGF1R,1,1,,,,,,0
REACTOME_SIGNALING_BY_ACTIVIN,2,2,,,,,,0
REACTOME_SIGNALING_BY_ALK,4,4,,,,,,0
REACTOME_SIGNALING_BY_BMP,4,4,,,,,,0
REACTOME_SIGNALING_BY_CTNNB1_PHOSPHO_SITE_MUTANTS,1,1,,,,,,0
REACTOME_SIGNALING_BY_FGFR2_IIIA_TM,4,4,,,,,,0
REACTOME_SIGNALING_BY_FGFR3_FUSIONS_IN_CANCER,2,2,,,,,,0
REACTOME_SIGNALING_BY_FGFR4_IN_DISEASE,3,3,,,,,,0
REACTOME_SIGNALING_BY_FLT3_ITD_AND_TKD_MUTANTS,4,4,,,,,,0
REACTOME_SIGNALING_BY_HIPPO,2,2,,,,,,0
REACTOME_SIGNALING_BY_LEPTIN,4,4,,,,,,0
REACTOME_SIGNALING_BY_LRP5_MUTANTS,1,1,,,,,,0
REACTOME_SIGNALING_BY_MAPK_MUTANTS,1,1,,,,,,0
REACTOME_SIGNALING_BY_MEMBRANE_TETHERED_FUSIONS_OF_PDGFRA_OR_PDGFRB,0,0,,,,,,0
REACTOME_SIGNALING_BY_MRAS_COMPLEX_MUTANTS,1,1,,,,,,0
REACTOME_SIGNALING_BY_MST1,1,1,,,,,,0
REACTOME_SIGNALING_BY_NODAL,2,2,,,,,,0
REACTOME_SIGNALING_BY_NOTCH1_HD_DOMAIN_MUTANTS_IN_CANCER,3,3,,,,,,0
REACTOME_SIGNALING_BY_NOTCH1_T_7_9_NOTCH1_M1580_K2555_TRANSLOCATION_MUTANT,0,0,,,,,,0
REACTOME_SIGNALING_BY_NTRK2_TRKB,4,4,,,,,,0
REACTOME_SIGNALING_BY_NTRK3_TRKC,3,3,,,,,,0
REACTOME_SIGNALING_BY_PDGFRA_TRANSMEMBRANE_JUXTAMEMBRANE_AND_KINASE_DOMAIN_MUTANTS,4,4,,,,,,0
REACTOME_SIGNALING_BY_PDGFR_IN_DISEASE,4,4,,,,,,0
REACTOME_SIGNALING_BY_RNF43_MUTANTS,0,0,,,,,,0
REACTOME_SIGNALING_BY_TGF_BETA_RECEPTOR_COMPLEX_IN_CANCER,2,2,,,,,,0
REACTOME_SIGNALLING_TO_P38_VIA_RIT_AND_RIN,1,1,,,,,,0
REACTOME_SIGNALLING_TO_RAS,2,2,,,,,,0
REACTOME_SIGNAL_ATTENUATION,1,1,,,,,,0
REACTOME_SIGNAL_REGULATORY_PROTEIN_FAMILY_INTERACTIONS,2,2,,,,,,0
REACTOME_SIGNAL_TRANSDUCTION_BY_L1,4,4,,,,,,0
REACTOME_SIRT1_NEGATIVELY_REGULATES_RRNA_EXPRESSION,3,3,,,,,,0
REACTOME_SLBP_DEPENDENT_PROCESSING_OF_REPLICATION_DEPENDENT_HISTONE_PRE_MRNAS,0,0,,,,,,0
REACTOME_SMAC_XIAP_REGULATED_APOPTOTIC_RESPONSE,1,1,,,,,,0
REACTOME_SMALL_INTERFERING_RNA_SIRNA_BIOGENESIS,2,2,,,,,,0
REACTOME_SODIUM_CALCIUM_EXCHANGERS,0,0,,,,,,0
REACTOME_SODIUM_COUPLED_PHOSPHATE_COTRANSPORTERS,0,0,,,,,,0
REACTOME_SODIUM_COUPLED_SULPHATE_DI_AND_TRI_CARBOXYLATE_TRANSPORTERS,0,0,,,,,,0
REACTOME_SODIUM_PROTON_EXCHANGERS,0,0,,,,,,0
REACTOME_SOS_MEDIATED_SIGNALLING,2,2,,,,,,0
REACTOME_SPERM_MOTILITY_AND_TAXES,2,2,,,,,,0
REACTOME_SPRY_REGULATION_OF_FGF_SIGNALING,3,3,,,,,,0
REACTOME_STAT3_NUCLEAR_EVENTS_DOWNSTREAM_OF_ALK_SIGNALING,0,0,,,,,,0
REACTOME_STAT5_ACTIVATION,2,2,,,,,,0
REACTOME_STAT5_ACTIVATION_DOWNSTREAM_OF_FLT3_ITD_MUTANTS,2,2,,,,,,0
REACTOME_STING_MEDIATED_INDUCTION_OF_HOST_IMMUNE_RESPONSES,1,1,,,,,,0
REACTOME_SULFIDE_OXIDATION_TO_SULFATE,1,1,,,,,,0
REACTOME_SUMOYLATION_OF_IMMUNE_RESPONSE_PROTEINS,2,2,,,,,,0
REACTOME_SUMOYLATION_OF_TRANSCRIPTION_FACTORS,3,3,,,,,,0
REACTOME_SUMO_IS_CONJUGATED_TO_E1_UBA2_SAE1,1,1,,,,,,0
REACTOME_SUMO_IS_PROTEOLYTICALLY_PROCESSED,1,1,,,,,,0
REACTOME_SUMO_IS_TRANSFERRED_FROM_E1_TO_E2_UBE2I_UBC9,1,1,,,,,,0
REACTOME_SUPPRESSION_OF_APOPTOSIS,0,0,,,,,,0
REACTOME_SUPPRESSION_OF_PHAGOSOMAL_MATURATION,4,4,,,,,,0
REACTOME_SURFACTANT_METABOLISM,3,3,,,,,,0
REACTOME_SYNDECAN_INTERACTIONS,4,4,,,,,,0
REACTOME_SYNTHESIS_OF_12_EICOSATETRAENOIC_ACID_DERIVATIVES,2,2,,,,,,0
REACTOME_SYNTHESIS_OF_15_EICOSATETRAENOIC_ACID_DERIVATIVES,1,1,,,,,,0
REACTOME_SYNTHESIS_OF_16_20_HYDROXYEICOSATETRAENOIC_ACIDS_HETE,1,1,,,,,,0
REACTOME_SYNTHESIS_OF_5_EICOSATETRAENOIC_ACIDS,2,2,,,,,,0
REACTOME_SYNTHESIS_OF_BILE_ACIDS_AND_BILE_SALTS_VIA_24_HYDROXYCHOLESTEROL,2,2,,,,,,0
REACTOME_SYNTHESIS_OF_BILE_ACIDS_AND_BILE_SALTS_VIA_27_HYDROXYCHOLESTEROL,1,1,,,,,,0
REACTOME_SYNTHESIS_OF_BILE_ACIDS_AND_BILE_SALTS_VIA_7ALPHA_HYDROXYCHOLESTEROL,2,2,,,,,,0
REACTOME_SYNTHESIS_OF_DIPHTHAMIDE_EEF2,3,3,,,,,,0
REACTOME_SYNTHESIS_OF_DOLICHYL_PHOSPHATE,2,2,,,,,,0
REACTOME_SYNTHESIS_OF_EPOXY_EET_AND_DIHYDROXYEICOSATRIENOIC_ACIDS_DHET,2,2,,,,,,0
REACTOME_SYNTHESIS_OF_GDP_MANNOSE,1,1,,,,,,0
REACTOME_SYNTHESIS_OF_KETONE_BODIES,2,2,,,,,,0
REACTOME_SYNTHESIS_OF_LEUKOTRIENES_LT_AND_EOXINS_EX,1,1,,,,,,0
REACTOME_SYNTHESIS_OF_LIPOXINS_LX,3,3,,,,,,0
REACTOME_SYNTHESIS_OF_PE,3,3,,,,,,0
REACTOME_SYNTHESIS_OF_PG,1,1,,,,,,0
REACTOME_SYNTHESIS_OF_PI,2,2,,,,,,0
REACTOME_SYNTHESIS_OF_PIPS_AT_THE_EARLY_ENDOSOME_MEMBRANE,4,4,,,,,,0
REACTOME_SYNTHESIS_OF_PIPS_AT_THE_ER_MEMBRANE,2,2,,,,,,0
REACTOME_SYNTHESIS_OF_PIPS_AT_THE_GOLGI_MEMBRANE,4,4,,,,,,0
REACTOME_SYNTHESIS_OF_PIPS_AT_THE_LATE_ENDOSOME_MEMBRANE,2,2,,,,,,0
REACTOME_SYNTHESIS_OF_PROSTAGLANDINS_PG_AND_THROMBOXANES_TX,4,4,,,,,,0
REACTOME_SYNTHESIS_OF_PYROPHOSPHATES_IN_THE_CYTOSOL,2,2,,,,,,0
REACTOME_SYNTHESIS_OF_UDP_N_ACETYL_GLUCOSAMINE,1,1,,,,,,0
REACTOME_SYNTHESIS_OF_WYBUTOSINE_AT_G37_OF_TRNA_PHE,2,2,,,,,,0
REACTOME_SYNTHESIS_SECRETION_AND_DEACYLATION_OF_GHRELIN,4,4,,,,,,0
REACTOME_SYNTHESIS_SECRETION_AND_INACTIVATION_OF_GLUCAGON_LIKE_PEPTIDE_1_GLP_1,2,2,,,,,,0
REACTOME_SYNTHESIS_SECRETION_AND_INACTIVATION_OF_GLUCOSE_DEPENDENT_INSULINOTROPIC_POLYPEPTIDE_GIP,2,2,,,,,,0
REACTOME_TACHYKININ_RECEPTORS_BIND_TACHYKININS,0,0,,,,,,0
REACTOME_TANDEM_PORE_DOMAIN_POTASSIUM_CHANNELS,0,0,,,,,,0
REACTOME_TERMINAL_PATHWAY_OF_COMPLEMENT,1,1,,,,,,0
REACTOME_TETRAHYDROBIOPTERIN_BH4_SYNTHESIS_RECYCLING_SALVAGE_AND_REGULATION,2,2,,,,,,0
REACTOME_TFAP2A_ACTS_AS_A_TRANSCRIPTIONAL_REPRESSOR_DURING_RETINOIC_ACID_INDUCED_CELL_DIFFERENTIATION,2,2,,,,,,0
REACTOME_TFAP2_AP_2_FAMILY_REGULATES_TRANSCRIPTION_OF_CELL_CYCLE_FACTORS,2,2,,,,,,0
REACTOME_TFAP2_AP_2_FAMILY_REGULATES_TRANSCRIPTION_OF_GROWTH_FACTORS_AND_THEIR_RECEPTORS,2,2,,,,,,0
REACTOME_THE_ACTIVATION_OF_ARYLSULFATASES,3,3,,,,,,0
REACTOME_THE_CANONICAL_RETINOID_CYCLE_IN_RODS_TWILIGHT_VISION,4,4,,,,,,0
REACTOME_THE_FATTY_ACID_CYCLING_MODEL,0,0,,,,,,0
REACTOME_THE_RETINOID_CYCLE_IN_CONES_DAYLIGHT_VISION,0,0,,,,,,0
REACTOME_THYROXINE_BIOSYNTHESIS,0,0,,,,,,0
REACTOME_TICAM1_DEPENDENT_ACTIVATION_OF_IRF3_IRF7,4,4,,,,,,0
REACTOME_TICAM1_TRAF6_DEPENDENT_INDUCTION_OF_TAK1_COMPLEX,4,4,,,,,,0
REACTOME_TLR3_MEDIATED_TICAM1_DEPENDENT_PROGRAMMED_CELL_DEATH,2,2,,,,,,0
REACTOME_TNFR1_INDUCED_PROAPOPTOTIC_SIGNALING,3,3,,,,,,0
REACTOME_TNFR1_MEDIATED_CERAMIDE_PRODUCTION,2,2,,,,,,0
REACTOME_TOXICITY_OF_BOTULINUM_TOXIN_TYPE_D_BOTD,1,1,,,,,,0
REACTOME_TP53_REGULATES_TRANSCRIPTION_OF_CASPASE_ACTIVATORS_AND_CASPASES,1,1,,,,,,0
REACTOME_TP53_REGULATES_TRANSCRIPTION_OF_GENES_INVOLVED_IN_CYTOCHROME_C_RELEASE,4,4,,,,,,0
REACTOME_TP53_REGULATES_TRANSCRIPTION_OF_GENES_INVOLVED_IN_G1_CELL_CYCLE_ARREST,3,3,,,,,,0
REACTOME_TP53_REGULATES_TRANSCRIPTION_OF_SEVERAL_ADDITIONAL_CELL_DEATH_GENES_WHOSE_SPECIFIC_ROLES_IN_P53_DEPENDENT_APOPTOSIS_REMAIN_UNCERTAIN,1,1,,,,,,0
REACTOME_TRAF3_DEPENDENT_IRF_ACTIVATION_PATHWAY,4,4,,,,,,0
REACTOME_TRAF6_MEDIATED_INDUCTION_OF_TAK1_COMPLEX_WITHIN_TLR4_COMPLEX,4,4,,,,,,0
REACTOME_TRAF6_MEDIATED_IRF7_ACTIVATION,3,3,,,,,,0
REACTOME_TRAF6_MEDIATED_IRF7_ACTIVATION_IN_TLR7_8_OR_9_SIGNALING,4,4,,,,,,0
REACTOME_TRAFFICKING_AND_PROCESSING_OF_ENDOSOMAL_TLR,3,3,,,,,,0
REACTOME_TRAFFICKING_OF_GLUR2_CONTAINING_AMPA_RECEPTORS,1,1,,,,,,0
REACTOME_TRAFFICKING_OF_MYRISTOYLATED_PROTEINS_TO_THE_CILIUM,0,0,,,,,,0
REACTOME_TRAIL_SIGNALING,4,4,,,,,,0
REACTOME_TRANSCRIPTIONAL_REGULATION_OF_TESTIS_DIFFERENTIATION,2,2,,,,,,0
REACTOME_TRANSLATION_OF_REPLICASE_AND_ASSEMBLY_OF_THE_REPLICATION_TRANSCRIPTION_COMPLEX,2,2,,,,,,0
REACTOME_TRANSPORT_AND_SYNTHESIS_OF_PAPS,2,2,,,,,,0
REACTOME_TRANSPORT_OF_CONNEXONS_TO_THE_PLASMA_MEMBRANE,3,3,,,,,,0
REACTOME_TRANSPORT_OF_FATTY_ACIDS,2,2,,,,,,0
REACTOME_TRANSPORT_OF_NUCLEOSIDES_AND_FREE_PURINE_AND_PYRIMIDINE_BASES_ACROSS_THE_PLASMA_MEMBRANE,1,1,,,,,,0
REACTOME_TRANSPORT_OF_NUCLEOTIDE_SUGARS,3,3,,,,,,0
REACTOME_TRANSPORT_OF_ORGANIC_ANIONS,3,3,,,,,,0
REACTOME_TRIF_MEDIATED_PROGRAMMED_CELL_DEATH,2,2,,,,,,0
REACTOME_TRIGLYCERIDE_BIOSYNTHESIS,3,3,,,,,,0
REACTOME_TRISTETRAPROLIN_TTP_ZFP36_BINDS_AND_DESTABILIZES_MRNA,4,4,,,,,,0
REACTOME_TRNA_MODIFICATION_IN_THE_MITOCHONDRION,3,3,,,,,,0
REACTOME_TRNA_PROCESSING_IN_THE_MITOCHONDRION,1,1,,,,,,0
REACTOME_TRP_CHANNELS,3,3,,,,,,0
REACTOME_TYPE_I_HEMIDESMOSOME_ASSEMBLY,0,0,,,,,,0
REACTOME_TYROSINE_CATABOLISM,1,1,,,,,,0
REACTOME_TYSND1_CLEAVES_PEROXISOMAL_PROTEINS,2,2,,,,,,0
REACTOME_UNBLOCKING_OF_NMDA_RECEPTORS_GLUTAMATE_BINDING_AND_ACTIVATION,4,4,,,,,,0
REACTOME_UNWINDING_OF_DNA,4,4,,,,,,0
REACTOME_UPTAKE_AND_FUNCTION_OF_ANTHRAX_TOXINS,1,1,,,,,,0
REACTOME_UPTAKE_AND_FUNCTION_OF_DIPHTHERIA_TOXIN,2,2,,,,,,0
REACTOME_UREA_CYCLE,1,1,,,,,,0
REACTOME_VASOPRESSIN_LIKE_RECEPTORS,3,3,,,,,,0
REACTOME_VEGF_LIGAND_RECEPTOR_INTERACTIONS,0,0,,,,,,0
REACTOME_VITAMINS,1,1,,,,,,0
REACTOME_VITAMIN_B1_THIAMIN_METABOLISM,1,1,,,,,,0
REACTOME_VITAMIN_B2_RIBOFLAVIN_METABOLISM,1,1,,,,,,0
REACTOME_VITAMIN_C_ASCORBATE_METABOLISM,3,3,,,,,,0
REACTOME_VITAMIN_D_CALCIFEROL_METABOLISM,1,1,,,,,,0
REACTOME_VLDLR_INTERNALISATION_AND_DEGRADATION,1,1,,,,,,0
REACTOME_VLDL_ASSEMBLY,0,0,,,,,,0
REACTOME_VLDL_CLEARANCE,1,1,,,,,,0
REACTOME_VOLTAGE_GATED_POTASSIUM_CHANNELS,2,2,,,,,,0
REACTOME_VXPX_CARGO_TARGETING_TO_CILIUM,1,1,,,,,,0
REACTOME_WAX_AND_PLASMALOGEN_BIOSYNTHESIS,2,2,,,,,,0
REACTOME_WNT5A_DEPENDENT_INTERNALIZATION_OF_FZD2_FZD5_AND_ROR2,0,0,,,,,,0
REACTOME_WNT5A_DEPENDENT_INTERNALIZATION_OF_FZD4,1,1,,,,,,0
REACTOME_WNT_LIGAND_BIOGENESIS_AND_TRAFFICKING,2,2,,,,,,0
REACTOME_WNT_MEDIATED_ACTIVATION_OF_DVL,2,2,,,,,,0
REACTOME_XENOBIOTICS,0,0,,,,,,0
REACTOME_YAP1_AND_WWTR1_TAZ_STIMULATED_GENE_EXPRESSION,0,0,,,,,,0
REACTOME_ZINC_EFFLUX_AND_COMPARTMENTALIZATION_BY_THE_SLC30_FAMILY,1,1,,,,,,0
REACTOME_ZINC_INFLUX_INTO_CELLS_BY_THE_SLC39_GENE_FAMILY,4,4,,,,,,0
