gene,proba_de,bf,lfc_mean,lfc_std,proba_up,detection_rate
IFI6,0.99992,9.43340392009061,4.30645435546875,1.1082030189181193,0.995,1.0
ISG15,0.99974,8.254568893142741,5.37503271484375,1.350180497881461,0.99518,1.0
LY6E,0.9997,8.11142803829918,3.80797501953125,1.1584848337380065,0.99464,1.0
IFIT2,0.99968,8.046869510959617,5.69209595703125,1.242415247491152,0.99568,1.0
IFIT3,0.99962,7.874959233025423,5.78470419921875,1.1889362956193106,0.9957,1.0
RSAD2,0.99956,7.728295734223573,5.608120078125,1.4715006058718567,0.99562,1.0
IFIT1,0.9995,7.60040233450051,6.27174458984375,1.1391950089934797,0.9958,1.0
ISG20,0.99938,7.385170887645732,3.550702587890625,1.3437706828070846,0.9942,1.0
TNFSF10,0.99844,6.4615082396537336,4.54904494140625,1.6128982683948807,0.9941,1.0
MNDA,0.98976,4.5711608698853405,2.55047123046875,3.4992146466280434,0.75122,1.0
CXCL10,0.98906,4.504329200129441,6.0590051171875,3.2105905983005205,0.97754,1.0
CXCL11,0.98892,4.491471757244157,6.73875119140625,3.676839043128058,0.9801,1.0
IFITM3,0.98406,4.122855197441006,3.893374482421875,2.061759768438408,0.97526,1.0
CH25H,0.98348,4.086525533993163,5.0842155078125,3.0721098228853867,0.9432,1.0
OASL,0.98306,4.060992466700418,2.976900458984375,1.5459185632411618,0.97344,1.0
CD38,0.98196,3.996959059692816,4.055158671875,2.392793155167615,0.95122,1.0
IFI27,0.98188,3.9924528006799846,3.54795197265625,1.8700736122809776,0.97758,1.0
APOBEC3A,0.98128,3.9592653708282297,3.916213095703125,3.8847090751326987,0.8077,1.0
DEFB1,0.97712,3.754346302963227,4.944946015625,4.554932182130096,0.82706,1.0
APOBEC3B,0.97258,3.5686796601858797,4.719187734375,3.50555317535258,0.91762,1.0
CLEC5A,0.9716,3.5325550519608577,-4.4465799609375,4.058341728894828,0.1511,1.0
GBP5,0.97118,3.517442236441094,2.329889609375,1.4930410039166406,0.95566,1.0
IDO1,0.97064,3.498322443997301,3.8847578515625,3.504334162019728,0.8579,1.0
PRR5,0.96932,3.4529838182334562,3.519492216796875,2.843486678187752,0.8859,1.0
CCL2,0.9693,3.4523115069054127,2.074976533203125,3.9039639065354255,0.76252,1.0
LAG3,0.96902,3.442943416523926,4.058200009765625,3.32745939721483,0.88792,1.0
TNFSF13B,0.96778,3.402417410970115,3.0297794921875,2.111027394044794,0.9296,1.0
KRT2,0.96712,3.3814580127057567,-2.2060884033203125,5.506144221786298,0.31878,1.0
ZNF704,0.96682,3.3720650506548813,-3.98156822265625,3.7982040107245356,0.16178,1.0
CD14,0.9666,3.3652288594283295,-2.45303908203125,3.934527693164363,0.2457,1.0
ARHGEF35,0.96618,3.352297808787527,-3.65567908203125,3.03973322932279,0.10548,1.0
VCAN,0.96584,3.341942820103764,-3.785838447265625,3.917612412787973,0.1784,1.0
CXCL9,0.96564,3.335897996829989,3.502091904296875,3.558873245598007,0.83228,1.0
CLEC2D,0.96558,3.3340911662750647,1.0966266284179687,3.510247392505924,0.73002,1.0
GBP4,0.96556,3.3334895643450384,2.359970537109375,1.6169519579406768,0.95012,1.0
UBAC1,0.9654,3.328688841162715,-1.8166347265625,1.2919138044233798,0.0321,1.0
BDH1,0.9652,3.3227179469704464,-2.025745546875,4.307487374249181,0.27214,1.0
CCL7,0.96494,3.3150050437470773,2.461920302734375,3.8556291114238777,0.77476,1.0
CATSPER1,0.96484,3.3120532116663473,-2.210517548828125,4.968011413100608,0.31064,1.0
KLRC2,0.96462,3.3055875526712852,-0.19833318048000337,5.8331837064030205,0.48674,1.0
NELL2,0.9646,3.305001687495143,-1.9119617529296875,4.7639110923650785,0.34346,1.0
E2F5,0.96444,3.3003262113669227,3.22316380859375,4.120798938445848,0.7823,1.0
CCL3L1,0.9644,3.2991605084490323,0.40567064697265626,5.902334356628298,0.52806,1.0
XCL1,0.96432,3.2968328820229242,-0.7252457250976563,5.098889620003317,0.4481,1.0
S100B,0.9631,3.261945697520336,-1.026199609375,5.078418036391215,0.42288,1.0
CA6,0.96288,3.255772885523679,0.1703416000366211,5.146438353237311,0.51538,1.0
SPRY1,0.9628,3.2535369446298157,-2.077426552734375,4.644236878499973,0.333,1.0
SIGLEC7,0.96246,3.2440854756984416,-2.693226025390625,3.0710858507572065,0.16776,1.0
KRT86,0.96236,3.2413212863197676,-1.615045693359375,5.06133790540963,0.37312,1.0
SOCS1,0.96232,3.2402175859776534,2.0191509619140624,2.372321997247953,0.8255,1.0
PGAP1,0.96224,3.238013558522864,1.8773205078125,2.875263217571848,0.76382,1.0
PTGDR,0.96206,3.233070854276278,-1.3909981005859375,5.006095033785447,0.39104,1.0
GPC2,0.96204,3.2325230561011336,-1.4724919970703125,4.734990980370384,0.37794,1.0
NOG,0.96178,3.2254267954712907,-1.2231324072265626,5.063363468524865,0.4076,1.0
CHN1,0.9617,3.223252655531836,-0.7171151965332031,5.505686997144512,0.44162,1.0
NCAPH,0.9616,3.2205411041872622,-1.7313385498046876,4.525939848634779,0.35354,1.0
CXCL1,0.96154,3.2189174256669406,-2.27108861328125,4.659761673559523,0.3176,1.0
KLF5,0.96154,3.2189174256669406,1.911135888671875,4.584032665067447,0.68708,1.0
IL4I1,0.9615,3.2178363237350966,1.7370143701171874,3.1405342250374204,0.74368,1.0
NEIL1,0.9615,3.2178363237350966,-1.331168271484375,4.932313622795929,0.39616,1.0
XCL2,0.96126,3.211372265907828,-0.5024768103027344,5.082552318543606,0.46614,1.0
IL1RN,0.96122,3.210298661155516,4.372110859375,3.3309799832722202,0.88618,1.0
AQP3,0.96116,3.20869024492492,-1.3881277880859375,4.783991819424302,0.37998,1.0
CPNE7,0.96112,3.2076192915096122,-2.0195950927734376,4.6416750787022405,0.34512,1.0
MMP7,0.96026,3.184845844002818,-2.746448779296875,4.148791762317519,0.24728,1.0
G0S2,0.96022,3.183798151448052,-2.007059248046875,4.587785316721949,0.33676,1.0
MYB,0.96008,3.180139162879924,-0.9249481103515625,4.9756309093703965,0.42426,1.0
CD79B,0.96,3.178053830347945,-1.994633701171875,4.023588522857971,0.29612,1.0
CD160,0.95978,3.1723397071880153,-0.8004638256835938,4.574993520284699,0.43646,1.0
S100A8,0.95964,3.168719018646392,-2.1588703662109374,4.436235179746589,0.27838,1.0
TNFRSF13C,0.95958,3.1671709767553593,-1.5715911767578126,4.271190755516779,0.35206,1.0
P2RX5,0.95932,3.160488128961604,-0.5681017492675782,4.818867558161784,0.4685,1.0
IGFBP4,0.95924,3.158440095907148,2.25486453125,2.342065679872304,0.86394,1.0
IFNG,0.95918,3.1569065954053035,0.857222646484375,4.767680109993678,0.56946,1.0
FBLN5,0.95912,3.1553752515039486,-0.40712725708007813,5.000267693425768,0.46522,1.0
CD27,0.95902,3.152827786912572,-1.460347373046875,4.776953601018655,0.37152,1.0
COL6A2,0.95902,3.152827786912572,-0.90710537109375,4.6871803226441875,0.42634,1.0
ITGA1,0.95898,3.151810466964384,-1.2899891455078125,4.734453517973011,0.3941,1.0
FGFBP3,0.95886,3.1487641946002625,-0.9571218676757812,5.0749080344910515,0.42078,1.0
COL9A3,0.95886,3.1487641946002625,-0.6869697399902344,4.6723542896047325,0.44422,1.0
SPP1,0.95868,3.1442106940305123,-0.6992155212402343,4.6448271377126344,0.44314,1.0
ROBO3,0.95862,3.142697077950139,-1.0675161987304687,4.732748980819504,0.40538,1.0
YES1,0.95838,3.136663538064432,-0.12328693321228028,4.704019169574472,0.49964,1.0
CCNE1,0.95824,3.1331593249417686,-0.2399708869934082,4.697782404525628,0.4796,1.0
NCALD,0.95822,3.1326596405719873,0.6821139086914062,5.052030747933917,0.55842,1.0
ATP1A3,0.95812,3.130164645084359,-1.46224830078125,4.759298233194401,0.36686,1.0
EPHX2,0.95812,3.130164645084359,-0.15989918327331543,4.92659843838155,0.48842,1.0
MMP9,0.95804,3.1281727472245495,-3.21179033203125,3.3244120209362724,0.1777,1.0
WNT7A,0.95804,3.1281727472245495,-0.8516544287109375,5.361645186792674,0.42574,1.0
FST,0.95788,3.1241998218989413,-0.2935837842178345,4.6611707856389835,0.4787,1.0
S1PR5,0.9578,3.1222187668665424,-0.6477099145507812,4.75140498047342,0.44668,1.0
DACT1,0.95768,3.11925390539307,-3.10056974609375,3.115427511230704,0.14236,1.0
AGBL3,0.95768,3.11925390539307,-0.666615390625,4.463735684909208,0.44258,1.0
CD8B,0.95768,3.11925390539307,-0.456581103515625,4.823825588191125,0.46454,1.0
PLAU,0.95738,3.1118767601595674,-2.31373361328125,3.599590836282298,0.24804,1.0
COL19A1,0.95734,3.1108968922208535,-0.7323058984375,4.597800130482364,0.4384,1.0
GP9,0.95724,3.1084510575541935,-0.4406733056640625,4.723939059810161,0.45572,1.0
FGF9,0.95722,3.107962546436644,-1.2501757275390626,4.5242057600917285,0.38922,1.0
OXT,0.9572,3.107474253446468,-1.254681025390625,4.213249652453523,0.38378,1.0
CXCL3,0.95718,3.106986178379425,-1.5636267138671875,4.754160794404823,0.36334,1.0
CXCR3,0.95716,3.1064983210315673,-1.29433158203125,4.69386598286865,0.3969,1.0
AKAP12,0.95708,3.10454906476298,-1.0597457470703124,4.634500315062713,0.40326,1.0
KCNJ15,0.95702,3.103089398661804,-2.3401906982421874,4.1293141828711395,0.30298,1.0
ZNF512B,0.95702,3.103089398661804,-1.0092020727539062,4.709930923203569,0.41042,1.0
PCBP4,0.95688,3.0996910651404663,-1.0272896606445312,4.578386265583415,0.41224,1.0
FGF22,0.95686,3.0992064492993294,-1.3742483642578125,4.3433645363743905,0.37964,1.0
ADAMTS10,0.95686,3.0992064492993294,-1.2018225512695313,5.128056464405886,0.40316,1.0
MYO6,0.95684,3.0987220479526534,-0.277192795715332,4.513770148210753,0.48142,1.0
SDS,0.95682,3.098237860901275,2.0147642138671875,3.913721565293721,0.70862,1.0
CXCR6,0.95678,3.097270128889122,-0.4842725109863281,4.299962897090276,0.4568,1.0
TTLL11,0.95668,3.094854535137874,-1.0701334155273436,4.830991917864465,0.40086,1.0
MYBL1,0.95652,3.0910006359748246,0.198861457862854,4.354156515827912,0.5234,1.0
IL1B,0.9565,3.0905198507856695,-2.866302763671875,3.765246489038529,0.23268,1.0
PDE6B,0.95648,3.090039276547886,-0.13158898842811584,4.68467687926547,0.48562,1.0
TBXA2R,0.95646,3.0895589130672083,-0.2227904451751709,4.307733892957949,0.47648,1.0
PRSS23,0.95644,3.0890787601496403,-1.275004521484375,4.4631956339678185,0.38698,1.0
COL23A1,0.95642,3.0885988176014543,-1.6246973779296876,4.045362950205877,0.34128,1.0
KIF19,0.95642,3.0885988176014543,0.9643144189453124,4.855869737188094,0.58108,1.0
KRT1,0.95626,3.0847668273537843,-0.7584667358398437,4.200359407017982,0.4283,1.0
BLK,0.95624,3.0842887694559993,-1.2389468627929687,4.506186646495067,0.38642,1.0
EPHA4,0.95622,3.0838109200048796,-1.1853559594726562,4.480902575371133,0.40056,1.0
INPP4B,0.95616,3.082378620424583,-0.2029169329071045,4.653497469937485,0.48786,1.0
IL18RAP,0.95612,3.0814247927795693,1.325404541015625,4.143741788019635,0.63514,1.0
PDE7B,0.9561,3.0809481900102735,-1.3394128369140625,4.3651955732744465,0.37756,1.0
MCOLN3,0.95606,3.079995605631793,0.4827088787841797,4.7426967158298154,0.53612,1.0
PSAT1,0.956,3.0785682791331395,1.33299103515625,4.177549929781578,0.62052,1.0
DAPK2,0.95592,3.076668062696839,-1.3031192578125,4.359871249164727,0.37818,1.0
LYPD3,0.95582,3.0742974128128466,-1.5730573193359374,3.390787191709122,0.32358,1.0
FDXR,0.9558,3.073823897060405,-0.6859516870117187,4.566820733421751,0.4431,1.0
GPR55,0.95576,3.0728774782948904,-1.7296953076171875,4.544764372913857,0.3282,1.0
STX1A,0.95558,3.0686286675072485,-1.392670625,4.167624953017259,0.3664,1.0
PRKCZ,0.95546,3.065805238075824,-1.2323325830078125,4.5310039586836925,0.39302,1.0
ST3GAL3,0.9554,3.0643962419298436,-0.83777982421875,4.31334849955716,0.41904,1.0
GNAL,0.95528,3.0615836623782857,-0.7739819165039062,4.310984049761718,0.42448,1.0
FN3K,0.95526,3.0611155986739846,-1.906011552734375,4.14995459782009,0.31842,1.0
KRT81,0.95526,3.0611155986739846,-1.7844634521484375,4.927891017001744,0.34892,1.0
RGS9,0.9552,3.0597126032173994,-0.03839211297035217,4.629278750387221,0.4999,1.0
ITPR3,0.95516,3.058778267510651,-0.5018444689941406,4.380525379185697,0.4547,1.0
PLCG1,0.95514,3.058311397503037,0.5850195556640625,4.454951547589,0.54796,1.0
CCR9,0.95506,3.056445898975131,-0.7266828637695313,4.550568867241075,0.43018,1.0
PRKCQ,0.95506,3.056445898975131,-0.4570002911376953,4.641212272553375,0.46766,1.0
CTLA4,0.95506,3.056445898975131,0.18320331565856934,4.4315922097911615,0.52206,1.0
CCL20,0.95498,3.054583562374473,-0.8875239208984375,4.22364106760483,0.41522,1.0
SLC27A2,0.95498,3.054583562374473,0.6436394641113281,4.166623454750378,0.56736,1.0
TNFRSF13B,0.95498,3.054583562374473,-0.015592798156738282,5.198513556082223,0.4987,1.0
DPP4,0.95488,3.052260070945482,0.3692535806274414,4.764913823598367,0.53982,1.0
BBS1,0.95472,3.0485526698788448,-1.617770234375,4.075716292493291,0.3459,1.0
CCR4,0.95456,3.044857726913487,-0.49703999755859374,4.273118243399889,0.45744,1.0
GMPPB,0.95448,3.043014899749469,-1.77538525390625,3.783961673988287,0.32214,1.0
ACSM3,0.9544,3.0411751542633665,0.6612426013183593,4.4373106143053285,0.5687,1.0
AKAP5,0.95436,3.040256433763169,-0.23218505767822264,4.3693713816596045,0.48342,1.0
RNASE1,0.9543,3.03887978952305,-0.9248601318359375,4.729069781909061,0.43764,1.0
XRCC2,0.95426,3.0379629824099057,-1.2342370166015626,3.90388176242256,0.37384,1.0
EPHA1,0.95422,3.037046938304392,-1.0714798120117188,4.13927862034272,0.40286,1.0
GNG4,0.9542,3.0365892019618683,-1.0914946240234376,4.204846723734758,0.39958,1.0
FASLG,0.95418,3.0361316558705305,0.3621856689453125,4.233405347717796,0.5438,1.0
MRM1,0.95418,3.0361316558705305,-0.2812956295776367,4.717910823066235,0.48662,1.0
PDGFRB,0.95416,3.0356742998639294,-0.48817272338867185,4.593445786010137,0.44994,1.0
CX3CR1,0.95414,3.035217133775832,-1.4348443701171876,4.221872547273072,0.35388,1.0
KISS1R,0.95412,3.0347601574402217,-0.8872560473632812,4.32186381815384,0.41816,1.0
CD8A,0.95408,3.0338467733634857,-0.7289354077148438,4.63964209787561,0.44404,1.0
TOP2A,0.95392,3.0302007941020705,-0.42878535400390627,4.306244511412089,0.46078,1.0
HPSE,0.9539,3.029745894148559,1.46152197265625,3.1470990684883886,0.72704,1.0
ATP6V0E2,0.95388,3.0292911819721624,-1.31326921875,4.639897852763977,0.36406,1.0
NEO1,0.95376,3.0265668431074957,-0.044805779447555545,4.473678534453286,0.49672,1.0
CCR6,0.95368,3.0247543521450058,0.2793177373504639,4.596826108683731,0.52988,1.0
CD9,0.95366,3.0243016947905947,-2.66313736328125,2.882165582820562,0.1785,1.0
IL1R2,0.95364,3.023849223268538,-1.0793801635742188,4.304699025118654,0.39894,1.0
HBA1,0.95362,3.0233969374181293,0.3356746859741211,4.504703384610487,0.5333,1.0
PDGFD,0.95362,3.0233969374181293,-0.14124983271598815,5.034737134747723,0.48942,1.0
NDC1,0.9536,3.022944837078876,-0.772561484375,4.315233635735764,0.4293,1.0
INCENP,0.9536,3.022944837078876,0.0818148377418518,4.2160222112140575,0.50856,1.0
KCNG1,0.95354,3.021589647526224,-2.062808232421875,3.8421213837543626,0.27062,1.0
SLC14A1,0.95352,3.021138287630798,-0.2664816030883789,4.335601959600356,0.47582,1.0
OSBPL7,0.95342,3.0188842556485227,-1.6372852099609374,4.407305347090575,0.35112,1.0
CCL3,0.95342,3.0188842556485227,1.377105078125,4.05946241754094,0.6238,1.0
KALRN,0.9534,3.018434001639126,-1.5239330029296876,4.319000354475177,0.36158,1.0
CHST12,0.95338,3.017983931389065,1.6663739599609375,2.8698836018319804,0.71964,1.0
MARS2,0.95338,3.017983931389065,-0.2929169287109375,4.59943973161401,0.48236,1.0
NRG2,0.95336,3.0175340447403136,-1.4028223583984376,3.8677937248468854,0.35856,1.0
POLA1,0.95334,3.017084341535046,-0.9176735815429687,4.092505235670212,0.4119,1.0
EDAR,0.95332,3.0166348216156407,-0.6313275476074218,4.4904760566260675,0.4379,1.0
PPP1R14A,0.95318,3.0134933009861804,-0.6181665539550781,4.030596147827739,0.43958,1.0
LDLRAP1,0.95312,3.0121496686116194,-1.2191758740234375,3.8291173194369073,0.38418,1.0
EDN1,0.953,3.0094673019441425,2.03206974609375,3.9487039665896053,0.69568,1.0
FOXP3,0.953,3.0094673019441425,-1.3279425439453125,4.446368453930134,0.37566,1.0
IDO2,0.95292,3.0076826723030434,1.4291671875,3.995639309788027,0.62202,1.0
FZD3,0.95288,3.006791438229313,-0.7505073291015625,4.257907845141183,0.43484,1.0
CXXC5,0.95286,3.006346090842626,-1.922885634765625,2.6373831090186726,0.20788,1.0
SH2D2A,0.9528,3.00501112544958,-1.0183117578125,4.301808403323051,0.41796,1.0
TAB1,0.95274,3.0036777720073,-0.09196887273788452,4.144025722336291,0.49096,1.0
TNFAIP6,0.95272,3.003233678361898,1.5724719189453125,4.463339052954463,0.66252,1.0
TPST1,0.9527,3.0027897632148464,-2.752991748046875,2.719258248045009,0.1553,1.0
CADM1,0.95268,3.0023460264148354,-0.7144354809570312,4.352420212844193,0.44214,1.0
BLM,0.95268,3.0023460264148354,-0.40209076904296875,4.418430748475688,0.47202,1.0
KRT18,0.9526,3.0005728596657293,-0.8717502490234375,4.349405915274818,0.41508,1.0
RFC3,0.9526,3.0005728596657293,-0.7118459643554688,4.135992490046172,0.43372,1.0
LNX1,0.95258,3.000130012337988,-0.7035803393554687,4.270450880375215,0.43372,1.0
IL12RB2,0.95248,2.9979184343506904,0.28635939865112303,4.93032473237607,0.5233,1.0
F2R,0.95246,2.997476649436347,-0.9823429809570312,3.977761300414714,0.40788,1.0
MICU3,0.95242,2.9965936090974172,-0.5295109887695313,5.560579400478184,0.44524,1.0
SYCE1,0.95236,2.9952703700836016,-0.7657641528320313,3.689852876011785,0.41814,1.0
IL19,0.95234,2.9948296422175815,-1.8072470458984375,3.353485586077398,0.29946,1.0
ATP6V1E2,0.95232,2.9943890900075245,-0.907293203125,4.117954359395352,0.41404,1.0
SLC19A2,0.95232,2.9943890900075245,-0.6596359313964844,3.9484232969326745,0.4359,1.0
EFNA5,0.9523,2.9939487133057057,0.17767685792922974,4.149159920216548,0.51538,1.0
BCL9,0.9523,2.9939487133057057,0.08965147571086883,3.963026462908791,0.51098,1.0
SNAI1,0.95224,2.992628634775277,-1.2048689208984376,3.8750794629775704,0.37872,1.0
CCL23,0.95224,2.992628634775277,-0.77673322265625,4.805958658355483,0.42844,1.0
VAMP1,0.95222,2.9921889586329313,-1.7209412939453126,3.535257649554178,0.31212,1.0
PARD6B,0.9522,2.9917494572630092,0.030054406485557555,3.9677918693636514,0.5008,1.0
KCNK12,0.95218,2.991310130518895,-0.5572612243652344,4.00932065508846,0.4483,1.0
ACSM1,0.95218,2.991310130518895,0.17285675834655762,4.572049859318456,0.51462,1.0
TLR3,0.95216,2.990870978254166,1.461461328125,3.7618490930518615,0.6524,1.0
AREG,0.95214,2.9904320003225786,0.3424602032470703,4.191220184408351,0.53116,1.0
CD40LG,0.95212,2.9899931965780735,-0.8156797119140625,4.630135776702104,0.41396,1.0
TUBB1,0.95212,2.9899931965780735,-0.3804685821533203,4.123179497160746,0.4603,1.0
FBXO15,0.952,2.9873640238834733,-0.06178486282348633,4.069014206795164,0.4924,1.0
SERPINE2,0.95198,2.9869264353742184,-0.5337952600097656,4.369375791562349,0.44958,1.0
C1QB,0.95196,2.9864890198901297,0.19479676040649413,4.659537489146335,0.49992,1.0
IGFBP6,0.95192,2.9856147074199457,0.7290736596679688,3.902505800207522,0.57342,1.0
ICOS,0.95192,2.9856147074199457,0.437633251953125,4.362352391403626,0.54954,1.0
INSL3,0.9519,2.9851778101455433,0.21728042587280275,4.2954812373333136,0.52154,1.0
POMK,0.9518,2.982995907630455,-1.893087080078125,3.583292504726453,0.29634,1.0
IL23A,0.95178,2.982560042895393,-1.430002607421875,3.7020851129318517,0.34816,1.0
ACACA,0.95178,2.982560042895393,-0.7429733447265625,3.9799483821590984,0.42946,1.0
PCP2,0.95172,2.981253477653898,-0.9385272875976562,4.175957960733032,0.4014,1.0
ORC6,0.95172,2.981253477653898,-0.371614580078125,4.046998519635985,0.464,1.0
ZNF625,0.95166,2.9799484528681854,-1.4765355810546874,3.790319693773138,0.34388,1.0
KLRB1,0.95166,2.9799484528681854,-0.4399286889648438,4.275159638671481,0.46948,1.0
ST6GALNAC3,0.9516,2.9786449647062168,-0.8498112353515626,3.888000405521166,0.41396,1.0
GALR2,0.9516,2.9786449647062168,0.23068357573986054,4.642578302086985,0.52502,1.0
ADM2,0.95156,2.977776824392173,0.24134976013183593,4.128815524703702,0.52374,1.0
ELOVL6,0.95148,2.9760425829964583,0.3578277197265625,4.121238828222078,0.52852,1.0
RPS6KA2,0.95148,2.9760425829964583,-0.06482740509033204,4.134089982774233,0.48918,1.0
ACOT4,0.95144,2.9751764796677462,-0.67907734375,4.393558741422543,0.44062,1.0
CRB3,0.95144,2.9751764796677462,-0.253850283203125,4.638784470294206,0.4772,1.0
PLEKHA5,0.95138,2.973878593236944,-1.51460595703125,3.7865596354805304,0.35114,1.0
PARD6A,0.95138,2.973878593236944,-0.9754463012695312,4.965368446572177,0.40946,1.0
HPGD,0.95138,2.973878593236944,-0.8396107006835938,3.9445261325487633,0.415,1.0
CCL4,0.95136,2.973446302151821,0.9184476782226563,3.8994022071729035,0.58778,1.0
VCAM1,0.95134,2.9730141796972203,-0.7265198608398438,4.6229924259001605,0.43312,1.0
LSR,0.95128,2.971718822727682,-1.52850232421875,3.8058970818957882,0.339,1.0
PXMP4,0.95128,2.971718822727682,-0.7903243969726562,3.908097238713145,0.42228,1.0
RASGRF2,0.95128,2.971718822727682,-0.48264453369140625,4.885043176085837,0.45762,1.0
ST8SIA1,0.95126,2.971287373407154,-0.2191856069946289,4.495809430493178,0.4865,1.0
TSPAN15,0.95122,2.970424978440082,-0.2800442694091797,4.030920554869704,0.4698,1.0
HBA2,0.95122,2.970424978440082,0.19141505577087403,4.3591585926413865,0.52132,1.0
CXCL5,0.95114,2.968702199340474,-2.303101435546875,3.5033714326016625,0.2593,1.0
DERL3,0.95108,2.967411870165231,-0.0922946795654297,4.131328470880936,0.48566,1.0
ZBTB16,0.95104,2.9665524844452142,-1.1049384741210937,4.2955153248367015,0.4062,1.0
TNFRSF18,0.95102,2.966123041294447,-1.1892097412109375,3.958248448158164,0.38932,1.0
C1QA,0.951,2.965693764434763,0.6335450122070313,4.057726683094254,0.56022,1.0
LAIR2,0.95096,2.9648357090444137,-0.6166868273925781,4.190396071008142,0.4406,1.0
E2F1,0.9509,2.963549869744923,-0.39850645812988283,4.616207836561172,0.46126,1.0
HOXA1,0.95086,2.962693471155877,-0.996087724609375,3.8853067500208422,0.40096,1.0
AQP11,0.95082,2.9618377333947254,-0.8548914050292968,4.524269181106163,0.41772,1.0
PARP16,0.9507,2.95927447431634,-0.6905188891601562,3.9493894197347803,0.437,1.0
NR3C2,0.9507,2.95927447431634,-0.550251591796875,4.317953614862022,0.45018,1.0
GDPD1,0.9507,2.95927447431634,0.13164050851821898,4.100330121422185,0.51052,1.0
GSTM2,0.95062,2.9575689193851247,-1.11107400390625,3.663523084925388,0.3839,1.0
RGS16,0.95058,2.956717124054542,-1.40929544921875,3.8682051929721,0.3567,1.0
MAF,0.95058,2.956717124054542,-0.5937860961914062,4.066875925169069,0.44586,1.0
PTGDS,0.95056,2.956291471457995,0.45707385681152346,4.383374579952008,0.54308,1.0
LTB4R,0.95054,2.9558659820638957,-0.7135909008789062,4.092674832428705,0.42696,1.0
CENPF,0.95052,2.9554406557399022,-0.636370341796875,4.421982778610895,0.44572,1.0
S100A12,0.95048,2.954590491773691,-1.0764708178710938,4.573310483817705,0.39966,1.0
AGMAT,0.95048,2.954590491773691,0.07614888107299805,4.7384621570227115,0.51138,1.0
CHST10,0.95044,2.9537409785038697,-1.1566214428710937,3.9732163797597018,0.38974,1.0
CLEC1B,0.95044,2.9537409785038697,-1.135752041015625,3.857621539492157,0.379,1.0
GRK4,0.95042,2.9533164655509636,-2.133760478515625,3.129524944232714,0.24678,1.0
ITGA2B,0.95042,2.9533164655509636,-0.5622060314941406,3.970019846458782,0.4404,1.0
PIK3R4,0.9504,2.9528921148774994,-0.9029019653320313,3.8912894003465683,0.40908,1.0
AMT,0.9504,2.9528921148774994,-0.544101005859375,4.5751132023342125,0.44672,1.0
CNKSR2,0.9504,2.9528921148774994,0.2929218357849121,4.77288135275699,0.52472,1.0
SLC37A4,0.95038,2.952467926352259,-1.0007530078125,3.961704541037763,0.3838,1.0
MAD2L1,0.95034,2.9516200352223625,-0.34311071838378904,4.159774825327707,0.4577,1.0
TLE2,0.95034,2.9516200352223625,-0.27546688751220705,4.841128753014046,0.47118,1.0
POLR1A,0.95032,2.951196332356062,-0.6812251538085937,3.8665001162800263,0.43358,1.0
SLC27A4,0.95026,2.949926192985162,-1.336301767578125,3.8233005170637684,0.36474,1.0
PELI3,0.95024,2.9495031358366255,-1.77519748046875,3.3367614935311756,0.29794,1.0
CCND1,0.95024,2.9495031358366255,-0.44042919799804686,3.8552716714407165,0.45956,1.0
HBG2,0.95024,2.9495031358366255,0.3104498541259766,4.056760752390466,0.53248,1.0
DENND5B,0.95024,2.9495031358366255,0.039838462009429934,3.8625263811891593,0.50918,1.0
DNM3,0.9502,2.9486575047222146,-1.0187200390625,3.7532441110341463,0.39192,1.0
HILPDA,0.95018,2.948234930496892,-0.8058840380859374,3.8726894748637934,0.41596,1.0
IL24,0.95016,2.947812516986787,-1.1059581762695312,3.7257948172376687,0.38382,1.0
LRFN3,0.95016,2.947812516986787,-0.7559628002929687,3.820041016739639,0.42674,1.0
ADORA3,0.95014,2.9473902640625678,-0.9144489013671875,5.171656944397834,0.41024,1.0
CROT,0.95012,2.9469681715950564,0.9315328125,3.898096117078931,0.61132,1.0
ZNF597,0.95012,2.9469681715950564,-0.7132197875976563,4.23164603429672,0.42344,1.0
CTH,0.9501,2.9465462394552295,-0.10760669624090195,3.8870501169169556,0.49092,1.0
PERP,0.95006,2.9457028556433205,-0.75791013671875,4.179067063536306,0.4311,1.0
KHK,0.95004,2.9452814037139654,-1.0646340551757814,3.778968453261746,0.39056,1.0
HBG1,0.95004,2.9452814037139654,0.3319432653808594,4.5382197944726395,0.5322,1.0
FAAH2,0.95,2.9444389791664394,-0.13705326972961426,3.973074631347418,0.49288,1.0
NUDT13,0.95,2.9444389791664394,0.10394394626617431,4.284984606496225,0.51276,1.0
IER3,0.94998,2.944018006291926,-2.088448525390625,2.705158856052861,0.2222,1.0
CD3E,0.94998,2.944018006291926,-0.9139893994140625,4.425824325013784,0.37018,1.0
SERPINB2,0.94994,2.9431765387016777,-1.35818197265625,4.181404286513871,0.35824,1.0
GZMM,0.94994,2.9431765387016777,-1.0295816552734376,4.615806704899958,0.38796,1.0
CHRNA6,0.94992,2.942756043730522,1.5542336083984376,4.8908287018177985,0.6241,1.0
KLHL3,0.94992,2.942756043730522,-0.6138802844238281,4.348149864758081,0.43982,1.0
SCARF1,0.9499,2.942335707805317,-0.2227493211364746,3.8210203518164803,0.4778,1.0
STAG3,0.94986,2.9414955125835944,0.839931748046875,3.915975624069999,0.58806,1.0
PRKAR1B,0.94982,2.9406559520196938,-0.4304869287109375,3.809969307146256,0.44994,1.0
IFNLR1,0.94982,2.9406559520196938,0.3649156823730469,3.8475448063597275,0.53724,1.0
LEF1,0.94976,2.939397798938964,-0.2398933665084839,4.543557509769214,0.4761,1.0
CDKN2C,0.94974,2.9389787308102564,-1.7686787890625,3.6485949550214403,0.3115,1.0
IL6,0.94972,2.938559820586995,1.3258542626953125,3.8856317915372744,0.63874,1.0
TAS2R14,0.94972,2.938559820586995,-0.4016476605224609,4.129924519844077,0.46252,1.0
ABCB1,0.9497,2.938141068143213,-0.30156314392089845,4.542953126296655,0.48072,1.0
IRF6,0.94968,2.9377224733530927,0.5479180792236328,4.350052702305443,0.55278,1.0
ZFYVE9,0.94964,2.9368857562313218,-0.15988109016418456,4.181472283643993,0.4788,1.0
GNAO1,0.94962,2.936467633648783,-0.9966223071289062,3.81182803919203,0.4009,1.0
CD1D,0.94956,2.9352142083123827,1.39678701171875,3.6058342574682083,0.65034,1.0
HBB,0.94956,2.9352142083123827,0.22954893508911134,4.240730758315653,0.52492,1.0
PITPNM2,0.94954,2.9347967135875868,-0.8070160717773438,3.7779333519075697,0.4197,1.0
CTF1,0.94954,2.9347967135875868,-0.05655108985900879,3.796111155369829,0.49752,1.0
LCK,0.94948,2.9335451688304603,-1.0031764624023438,4.512159911107641,0.38234,1.0
SCD5,0.94948,2.9335451688304603,-0.019025522866249086,3.7284882815180156,0.50178,1.0
KIF18A,0.9494,2.931878629823798,-1.2752834716796875,3.679498856160388,0.36252,1.0
BUB1,0.94936,2.9310462955209626,0.7440792407226563,5.37943799972642,0.57364,1.0
FITM2,0.94936,2.9310462955209626,0.19714149871826173,4.154830095215462,0.52108,1.0
RAMP1,0.94932,2.930214583368368,-1.5186018505859376,3.8097350093243976,0.33558,1.0
SCMH1,0.94924,2.92855302157763,-0.920090927734375,3.880591186679988,0.41514,1.0
AMY2B,0.9492,2.927723169977173,-0.2031256379699707,3.8484961011834597,0.4811,1.0
PCOLCE,0.94916,2.9268939366023035,-1.0294207373046875,3.8983201079897314,0.39708,1.0
KLRG1,0.9491,2.9256512435799706,-1.072999326171875,4.291369657788141,0.40178,1.0
ZKSCAN7,0.9491,2.9256512435799706,-0.7962487451171875,4.087422176051099,0.4166,1.0
EFNA3,0.94908,2.925237320630121,-0.40216397094726564,3.765483602096738,0.45786,1.0
NET1,0.94906,2.9248235515068224,-0.49999615295410155,3.8408068736635403,0.45058,1.0
COLGALT2,0.949,2.923583165885601,-1.0779648681640626,3.9340943685702983,0.3935,1.0
ZNF726,0.949,2.923583165885601,-0.02663683219909668,4.0278852395032185,0.49826,1.0
POLD1,0.94896,2.9227570090538824,-0.5083967700195312,3.913281295495023,0.4509,1.0
F12,0.94894,2.9223441603510545,-2.084371064453125,3.3385730835823475,0.25762,1.0
VIPR2,0.94894,2.9223441603510545,-0.606163984375,3.9198017514820345,0.43892,1.0
DOK3,0.94892,2.921931464629825,-1.5477888525390624,3.314539422305656,0.32552,1.0
IGFBP3,0.94892,2.921931464629825,0.622295595703125,4.706119718084475,0.567,1.0
ST8SIA6,0.94884,2.9202822091601943,0.02317559783935547,4.070397808734705,0.49878,1.0
GAMT,0.94878,2.9190468679919,-1.2607945751953125,4.138776088157956,0.36194,1.0
MYC,0.94876,2.9186353918102133,0.09354750133514404,3.649964966355013,0.5159,1.0
PLCB2,0.9487,2.917401874222107,-0.5936517687988281,4.091456184564919,0.44122,1.0
EHD3,0.94868,2.9169910049492573,-0.3044748468017578,4.213683502758014,0.46882,1.0
BCL11A,0.94862,2.9157593052417843,1.02023107421875,3.8550403087076734,0.60676,1.0
EVC2,0.94858,2.9149389276811752,-1.5690461181640625,3.4312711551277593,0.31934,1.0
SLC16A1,0.94856,2.9145289652204505,-0.9796344946289063,3.9978325825996848,0.40192,1.0
THBS3,0.94852,2.9137094923499833,-0.891713701171875,3.6320818479409787,0.40418,1.0
LHX4,0.9485,2.9132999817053786,-1.350036767578125,3.542945850065974,0.3565,1.0
HBD,0.94846,2.912481411411302,0.022982738437652587,4.276702867716427,0.50566,1.0
ALAS2,0.94844,2.912072351527789,0.2836836410522461,4.1256321482955,0.5331,1.0
ECM1,0.9484,2.911254681703734,-1.74049953125,3.3159763030902423,0.29932,1.0
ACHE,0.94838,2.910846071529964,-0.3367713507080078,3.7295544172316757,0.46076,1.0
GPAM,0.9483,2.909213126375299,-0.5578228625488282,5.11898882052333,0.45164,1.0
IL2RB,0.9483,2.909213126375299,-0.09237514564037323,3.951242540482414,0.49664,1.0
CCL19,0.94828,2.908805263391375,1.529886962890625,3.496648867509047,0.67386,1.0
LCN2,0.94824,2.9079899845785993,-0.8962664672851562,3.6124153339033684,0.3974,1.0
PTX3,0.9482,2.9071753012025816,-0.06898227096557617,4.271731220262744,0.4848,1.0
GRAP,0.94818,2.906768182515104,-0.9759982568359375,3.989095485605504,0.38742,1.0
MYBL2,0.94812,2.9055477170743984,0.055649180679321286,3.843497756552906,0.50202,1.0
PTPN14,0.9481,2.9051411917520715,-0.2001349313354492,3.6504753748497407,0.47656,1.0
HS2ST1,0.94808,2.9047348144843594,-1.0043369995117188,3.818975781480788,0.4017,1.0
PSTPIP1,0.94802,2.903516569865551,-2.1195223779296875,2.809170078525023,0.21876,1.0
PGAM5,0.94798,2.902705144965558,-0.8929418090820312,4.063665962945996,0.41484,1.0
TXK,0.94794,2.9018943095463934,-0.0878917695236206,4.081311609141418,0.48854,1.0
GCHFR,0.94792,2.9014891126081706,-1.291668623046875,3.803140049820502,0.37068,1.0
GINS4,0.9479,2.901084062699674,-1.1333069580078126,3.738620947479308,0.37486,1.0
ELOVL4,0.9479,2.901084062699674,-0.21152759674072266,4.498460932732115,0.48232,1.0
HLA-DMB,0.94774,2.8978489429425887,-1.1828307788085937,3.3901448883975527,0.35442,1.0
CYP2R1,0.94772,2.897445211222255,-0.8290829809570313,3.8076979958860844,0.40932,1.0
KIR3DL2,0.9477,2.8970416254052718,-1.4909061181640626,3.6689527203288494,0.33014,1.0
MATK,0.9477,2.8970416254052718,-1.29937470703125,3.7869010277752118,0.35274,1.0
PRKACB,0.94766,2.896234891033774,-0.5809280578613282,3.8920381788131864,0.43362,1.0
TREML1,0.94762,2.895428738934216,-0.5284911840820312,3.7204263078439777,0.4403,1.0
EPM2A,0.94762,2.895428738934216,-0.27750924560546875,4.591488791419237,0.4736,1.0
TAF4B,0.94758,2.8946231682147574,0.8623780786132812,3.7029083674393384,0.5951,1.0
ZNF442,0.94754,2.8938181779856085,-1.1957390869140625,3.8024647368632394,0.38224,1.0
IL16,0.94752,2.8934159002773936,-1.2959077783203126,3.3040776805564684,0.27602,1.0
KNTC1,0.94752,2.8934159002773936,0.24567897560119628,4.35687390227472,0.52374,1.0
DBP,0.9475,2.8930137673590037,-1.68449998046875,3.033199336383661,0.27878,1.0
NMUR1,0.9475,2.8930137673590037,-1.1320508935546876,4.0236767808687155,0.3836,1.0
FUT8,0.94734,2.889801903193688,-1.3172276123046875,3.4671754719540213,0.34308,1.0
RAB33A,0.9473,2.8890003773341726,-1.144417587890625,3.9932810691243112,0.35108,1.0
NCKAP1,0.94722,2.8873990476965115,-0.918210263671875,4.079791995210984,0.41032,1.0
SMARCD3,0.94714,2.8858000083526494,-0.15588462677955628,3.707201198386904,0.4832,1.0
SPARC,0.94712,2.885400605559949,-0.08457820685386658,3.7267342810999264,0.48862,1.0
NME1,0.94712,2.885400605559949,0.04810622859954834,3.794647001882379,0.5104,1.0
POLR3G,0.9471,2.885001345367803,-0.37809916015625,4.131321662778044,0.46098,1.0
SKP2,0.94708,2.8846022276680445,-0.3029218084716797,3.7415029591832805,0.468,1.0
ZFP69B,0.947,2.8830071796339554,-1.2254623388671875,4.18979539063582,0.31572,1.0
PLEKHG1,0.94698,2.882608772778002,-0.6671961437988281,3.817465307768032,0.43406,1.0
ST3GAL4,0.94696,2.8822105077680313,-0.19143126609802247,3.7591259487392956,0.48064,1.0
RRAS2,0.94694,2.881812384496739,-0.6963135864257812,4.6224500114234734,0.43122,1.0
NUP210,0.94692,2.8814144028569366,-0.5701212255859375,3.8289935941950057,0.43506,1.0
UBE2C,0.94692,2.8814144028569366,-0.11795184078216553,3.8572418219021607,0.48288,1.0
DYNLRB2,0.9469,2.8810165627415607,-0.8776483349609375,4.259165214219248,0.40312,1.0
SLC4A5,0.94688,2.8806188640436674,-0.9721240991210938,3.369066255095097,0.38404,1.0
MYL9,0.94688,2.8806188640436674,-0.6172074633789062,3.7847565592484775,0.43468,1.0
NTHL1,0.94684,2.879823890473146,-1.0417029345703126,4.174238066235274,0.38314,1.0
NR6A1,0.94676,2.8782356356497005,-0.1322440055847168,3.5496302073489865,0.48736,1.0
CREB3L4,0.94674,2.877838923889847,-1.0664191723632812,3.678833591524427,0.38734,1.0
TPCN1,0.94674,2.877838923889847,-0.7663935205078125,3.651337906957687,0.42062,1.0
NUP188,0.94674,2.877838923889847,-0.5338192370605469,3.6563556222291336,0.44588,1.0
LRTOMT,0.94672,2.8774423526962503,-1.165907626953125,3.4657185107907327,0.3663,1.0
ARHGEF40,0.94672,2.8774423526962503,-0.35621413818359376,3.7614162376368454,0.46084,1.0
PRX,0.94668,2.87664963158449,-0.9031285546875,3.4984634050566497,0.39432,1.0
IL18R1,0.94668,2.87664963158449,0.6678499816894531,4.3680034049560215,0.5908,1.0
TLR6,0.94666,2.8762534814549547,-1.5320290869140625,3.2685862951797318,0.31436,1.0
TPSAB1,0.94662,2.8754616015210397,-0.766079296875,3.902908091846323,0.42608,1.0
EGR4,0.94658,2.8746702813186595,-0.4985325634765625,3.684353945278736,0.44742,1.0
ABCA2,0.94654,2.873879520007073,-0.8806152099609375,3.606173598686072,0.40022,1.0
FUT7,0.94654,2.873879520007073,-0.021387566623687744,3.744217514856264,0.49792,1.0
ATP8A2,0.94652,2.8734843486731085,-0.3859221873474121,4.776824095600862,0.47426,1.0
SESN3,0.94648,2.872694424125434,-1.0063769213867189,3.8303011753206415,0.38648,1.0
MRI1,0.94648,2.872694424125434,-0.7506044091796875,3.8370874897156715,0.42198,1.0
MT1E,0.94648,2.872694424125434,0.37115546875,3.6908479961273084,0.53778,1.0
APBB1,0.94642,2.871510581037863,-0.8650340991210937,3.5858214103668433,0.405,1.0
BAMBI,0.94632,2.869540285574056,0.8987494091796875,3.5747226738324276,0.59864,1.0
LIPE,0.94632,2.869540285574056,-0.413224267578125,5.5443769587695355,0.4507,1.0
CD3G,0.9463,2.8691466419993685,-0.598765390625,4.532423055826728,0.43058,1.0
CD70,0.9463,2.8691466419993685,-0.38021523071289065,3.6724974062137123,0.462,1.0
SLC2A1,0.94628,2.86875313668917,-0.9729798046875,3.6892926080900352,0.40552,1.0
TRIM45,0.94628,2.86875313668917,-0.33532459228515626,4.390659999397448,0.4645,1.0
ESAM,0.94622,2.867573449313241,-0.890537880859375,3.5654302720628257,0.39598,1.0
TNKS1BP1,0.9462,2.86718049602931,-1.1165691333007812,3.4652707510918166,0.3753,1.0
SLC12A2,0.9462,2.86718049602931,0.027886767807006836,4.940155977110569,0.50774,1.0
KIF27,0.94618,2.866787680494595,0.9948463940429687,3.500904881340994,0.60976,1.0
NAPEPLD,0.94618,2.866787680494595,-0.5144689367675781,3.8632717870480247,0.4502,1.0
ABCG2,0.94616,2.866395002606389,1.3619311474609375,3.3619012528554038,0.65646,1.0
PORCN,0.9461,2.8652177937954484,-1.6060593359375,3.389083666265558,0.31994,1.0
PDE9A,0.9461,2.8652177937954484,-0.8078968212890625,3.848752668222658,0.41636,1.0
TRIM2,0.9461,2.8652177937954484,-0.45720259033203126,3.585305280649917,0.4492,1.0
GNG8,0.94604,2.8640418201165065,-0.18630465517044068,4.897075174322099,0.4847,1.0
ALMS1,0.94594,2.862084601244984,-1.41951025390625,3.574533188271584,0.34636,1.0
JAM2,0.94592,2.8616935671450183,-0.9266618090820312,3.3623987962504267,0.391,1.0
CCR3,0.94588,2.860911907808872,0.2600515063476562,3.75172034122132,0.5297,1.0
EXOSC5,0.94576,2.8585701934439203,-0.44009631896972656,4.403198623802281,0.45958,1.0
SLC25A16,0.94572,2.8577907071868904,-0.42319810302734373,3.6431090353870905,0.45306,1.0
NCR3,0.94564,2.8562333576586547,-0.13021346801757813,4.17019460535079,0.5018,1.0
LRFN1,0.94562,2.8558443578160553,-0.6059230419921875,3.910434329097336,0.44478,1.0
ZNF563,0.9456,2.855455492789937,-0.9828379125976563,4.486459727620508,0.3796,1.0
RORB,0.94558,2.8550667624808397,0.24386234741210938,4.416140962340837,0.52306,1.0
EOMES,0.94556,2.854678166789414,-0.7214737670898438,3.8289587329195895,0.43054,1.0
SLC9B1,0.9455,2.853513186429314,0.39229833984375,3.628068423985184,0.54498,1.0
ZNF696,0.94542,2.8519617579218175,-1.44362083984375,3.912399584832028,0.32398,1.0
AUTS2,0.9454,2.851574235608277,-1.230917734375,3.7533090566793343,0.36818,1.0
SMPD3,0.9454,2.851574235608277,0.9210836889648437,3.5110443483453633,0.60514,1.0
LTA,0.94536,2.850799592068225,1.0047348071289062,4.214294647220771,0.5992,1.0
NHLRC1,0.94534,2.850412470645297,-1.571760126953125,3.2710560558492108,0.29874,1.0
TCTN1,0.94532,2.8500254826563376,-0.22058473197937012,5.661376126141293,0.47056,1.0
NLRX1,0.94528,2.8492519065886657,-1.3298643603515625,3.6106406820160366,0.35088,1.0
HADH,0.94526,2.8488653183143984,-0.9072151538085937,3.9664530558658515,0.4168,1.0
ZNF443,0.94522,2.8480925407969138,-1.4918521240234375,3.322798156916736,0.30906,1.0
FGFBP2,0.94522,2.8480925407969138,-1.29706232421875,4.373775796462052,0.34834,1.0
FCER1A,0.94522,2.8480925407969138,-0.6396464575195312,3.651162297176094,0.43206,1.0
NCKIPSD,0.94518,2.847320294671293,-0.5117358813476562,3.5536879859948085,0.44716,1.0
XPNPEP2,0.94514,2.84654857915958,-1.070116806640625,3.66576591009918,0.38962,1.0
EFCAB7,0.94512,2.8461629201412944,-0.29485353881835935,5.446975772162135,0.457,1.0
CYSLTR1,0.94512,2.8461629201412944,-0.2916695797729492,3.7344342030851974,0.47204,1.0
CHRNE,0.94494,2.8426979337000833,-1.231048251953125,3.4070566943552105,0.35354,1.0
RAB27B,0.94494,2.8426979337000833,-0.13239614627838134,3.683632093610277,0.4971,1.0
CASP2,0.94492,2.8423135939651036,-0.6992725390625,3.5660278565829495,0.42244,1.0
POLE,0.94492,2.8423135939651036,-0.4131440832519531,3.595792551837342,0.45918,1.0
BBC3,0.94488,2.8415453085981897,-1.8537061669921875,2.7851802653540454,0.24856,1.0
LPAR5,0.94488,2.8415453085981897,-1.6619790625,3.399383326731721,0.32472,1.0
HERC2,0.94486,2.8411613627749235,-1.1156529467773437,3.6080030274512005,0.3909,1.0
ATP2B4,0.94484,2.8407775480644064,0.38065361602783204,3.878023655554777,0.55482,1.0
ACKR3,0.94482,2.840393864371233,-0.98670013671875,3.329612042839856,0.38478,1.0
LIN37,0.9448,2.8400103116001025,-1.3193775,3.337041021341924,0.34426,1.0
CXCL2,0.9448,2.8400103116001025,-1.3056173193359375,3.773911993643008,0.34408,1.0
WWOX,0.9448,2.8400103116001025,-0.48479776489257814,3.5975165634129,0.44558,1.0
PF4,0.94476,2.8392435984432858,0.019383686666488646,3.736751301373456,0.4992,1.0
TNFRSF4,0.94474,2.8388604378675124,-0.5004478186035156,3.537043238565226,0.44824,1.0
TNFRSF10A,0.94468,2.8377117390123927,0.3429110675048828,3.6892560871190767,0.5385,1.0
FLOT2,0.94466,2.837329100035815,-0.9840493237304687,3.618997505399887,0.39192,1.0
PRIM1,0.94466,2.837329100035815,-0.49836390625,4.205416371115617,0.44812,1.0
RASGRP2,0.94464,2.836946591222585,-0.6546018774414063,3.4818276640365453,0.425,1.0
RDH13,0.9446,2.8361819637087784,-0.32797113159179686,3.9124545743327674,0.46152,1.0
DCLRE1A,0.94458,2.8357998448197597,-0.5000023767089844,4.416154210838925,0.44086,1.0
DEGS2,0.94458,2.8357998448197597,0.07854524150848388,4.384617475979105,0.50558,1.0
PARD3,0.94456,2.8354178557172056,1.457865947265625,3.5115777043308185,0.66668,1.0
NR4A1,0.94456,2.8354178557172056,-0.5785300085449219,3.6971180158284116,0.43334,1.0
FAN1,0.94456,2.8354178557172056,0.2182150855255127,4.231187692105385,0.5249,1.0
RBL1,0.94454,2.835035996307152,-0.940713017578125,3.488952021174705,0.40004,1.0
IFT140,0.94454,2.835035996307152,-0.7952948278808594,4.754433412536762,0.42874,1.0
TRH,0.94452,2.8346542664957286,-0.9053117431640625,3.5019307318698134,0.40194,1.0
CXCL13,0.94452,2.8346542664957286,0.8928583764648438,3.5117664844706806,0.60382,1.0
F13A1,0.94452,2.8346542664957286,-0.3798202484130859,3.6498266783534286,0.45616,1.0
SLA2,0.9445,2.8342726661891753,-0.19293275085449219,4.028077458085336,0.4907,1.0
CXCR5,0.9445,2.8342726661891753,-0.17804757766723633,4.03013430267365,0.48298,1.0
ASNS,0.94444,2.833128641362619,-0.14044385444641114,3.8160439031309945,0.48714,1.0
CYP4V2,0.94442,2.8327475581399364,0.30254783554077147,3.4950352458465415,0.52988,1.0
PRKAR2B,0.94442,2.8327475581399364,0.21512709495544433,3.499342954651063,0.52346,1.0
ABCA3,0.9444,2.8323666039548216,-0.654725966796875,3.6141399827139926,0.41956,1.0
TTLL1,0.9444,2.8323666039548216,-0.2808501300048828,4.0201887589516545,0.4663,1.0
ABCA5,0.94436,2.83160508232477,-0.9995819677734376,4.13497282514676,0.41032,1.0
SYDE2,0.94436,2.83160508232477,-0.10783209491729737,4.1325477317183825,0.48938,1.0
MAPK13,0.94432,2.8308440757284115,-1.2201822314453126,3.5526826530106286,0.36808,1.0
THBS1,0.94426,2.8297035298983597,-1.7497885107421876,3.2376018100091675,0.2966,1.0
TPD52L1,0.94422,2.828943807641484,-0.2744743823242187,3.8018718797469013,0.4654,1.0
RPA4,0.9442,2.828564138724922,0.30300211517333986,3.470111972402761,0.53446,1.0
KRT23,0.94408,2.8262888103919392,-1.4050048046875,3.3752888092250775,0.3392,1.0
CAPN12,0.94408,2.8262888103919392,-0.9021234838867187,3.5670710883731473,0.40448,1.0
IVD,0.94408,2.8262888103919392,-0.7552790600585938,3.6351582381564915,0.40534,1.0
PDCD1,0.94408,2.8262888103919392,0.6234748388671875,3.3576272116610912,0.57606,1.0
AVP,0.94404,2.825531388331871,-1.0906656787109374,4.567328243462693,0.38988,1.0
TRIB3,0.94402,2.8251528682744413,-1.220333515625,3.446635839574922,0.3635,1.0
NR4A2,0.94398,2.8243962096484254,-1.0557448486328125,3.6843119537300013,0.3994,1.0
KLHL11,0.94398,2.8243962096484254,-0.7996422900390625,3.348724946973263,0.40254,1.0
CLDN5,0.94398,2.8243962096484254,-0.4116296081542969,3.9772488444122076,0.45452,1.0
PTCRA,0.94396,2.824018070897583,-0.32824326599121095,3.586251327625258,0.4595,1.0
TLE1,0.9439,2.8228844158022475,-1.1937009985351563,3.4232692873328223,0.3667,1.0
OSBPL5,0.9439,2.8228844158022475,0.5857161889648438,3.4687207857846527,0.56968,1.0
DCSTAMP,0.94386,2.8221292791287325,0.8163343432617187,3.603097083284595,0.58824,1.0
GSTO2,0.94386,2.8221292791287325,-0.4721169775390625,3.519732491187275,0.44822,1.0
RAB3IL1,0.94382,2.8213746483219464,-0.8441454809570312,3.728421589306234,0.40174,1.0
AGL,0.9438,2.8209975223926413,-0.10736951602935792,3.686043959081012,0.48828,1.0
PDE5A,0.94372,2.8194902797323245,-0.45347073669433596,3.7716495575161666,0.45172,1.0
DSP,0.94368,2.8187374137771237,1.0049363305664063,4.076059299963658,0.59854,1.0
MYO18A,0.94368,2.8187374137771237,-0.40590203552246096,3.6926332626675404,0.45392,1.0
SLC2A9,0.94366,2.8183611693291404,-0.895171181640625,3.234503693226772,0.39094,1.0
CCL5,0.94364,2.8179850504481525,-0.24358341705322265,3.8954997435180476,0.47538,1.0
CCL28,0.94358,2.816857446313254,-1.1600881811523438,4.443714146066402,0.35306,1.0
OSM,0.94356,2.8164818288068107,-2.493188876953125,2.9692711393264872,0.19948,1.0
IL5RA,0.94356,2.8164818288068107,-0.743453095703125,3.990760353317954,0.4193,1.0
SLC2A5,0.94356,2.8164818288068107,-0.49941505859375,4.340344149214991,0.4468,1.0
SCT,0.9435,2.8153557266562097,1.1101522998046875,3.5169955934079393,0.62754,1.0
NPHP1,0.94344,2.814230748193396,0.4958048583984375,4.439898458708094,0.56576,1.0
SPON2,0.94342,2.813856004667226,-0.772636064453125,4.1583488774880815,0.42586,1.0
KLRC1,0.94342,2.813856004667226,-0.4770679443359375,4.150410202421211,0.45484,1.0
KCND3,0.94342,2.813856004667226,-0.46673421630859374,4.236832427070582,0.4521,1.0
NCR1,0.94342,2.813856004667226,-0.19982806648254395,3.83373003358457,0.47718,1.0
TYMP,0.9434,2.8134813856410243,1.1052049731445313,2.2921592266816013,0.70638,1.0
SYP,0.94338,2.813106891026486,-0.7032816552734374,3.632949187116213,0.42528,1.0
ACSS1,0.94336,2.8127325207353975,-0.8708983422851563,3.8871131267584,0.3996,1.0
MYO15A,0.94336,2.8127325207353975,-0.18225547576904297,3.439720358499685,0.47542,1.0
PNOC,0.94334,2.8123582746796396,0.11518766036987305,4.139283915624599,0.5123,1.0
IL21R,0.94332,2.8119841527711866,-1.499683330078125,3.119360334084664,0.31154,1.0
KLC2,0.94332,2.8119841527711866,-0.9593950732421875,3.6934949784639772,0.40656,1.0
AGAP2,0.9433,2.8116101549221018,-0.944811455078125,3.5615951627628393,0.36424,1.0
IZUMO4,0.94328,2.811236281044546,-1.174505244140625,3.5552969573473985,0.36042,1.0
NUF2,0.94328,2.811236281044546,0.15462542098999024,3.7912036556839266,0.52606,1.0
HIP1R,0.94324,2.8104889048531247,-0.8836165844726562,4.023983598036885,0.41728,1.0
CA1,0.9432,2.809742023496056,-0.013785896949768067,3.708742730947752,0.50312,1.0
NMB,0.94316,2.808995636273947,-2.0404929150390627,2.079034183540915,0.14256,1.0
HES1,0.94308,2.807504341444433,-1.1851962451171876,3.394712452329007,0.3599,1.0
MPRIP,0.94298,2.805642990016279,-0.48290662353515623,3.7552081413862233,0.45568,1.0
AFMID,0.94296,2.8052710878122737,-1.5349296337890626,3.0563921624304324,0.30566,1.0
PROK2,0.94292,2.804527650795111,-0.7272820483398438,3.4757325837926025,0.4066,1.0
GTF3C1,0.9429,2.8041561158096666,-1.3348158349609376,3.0650714917008925,0.33376,1.0
ERBB2,0.9429,2.8041561158096666,-0.21626806518554686,3.99159098025692,0.48454,1.0
P2RY14,0.94288,2.8037847030582754,1.47893783203125,3.423439379609592,0.66192,1.0
AASS,0.94288,2.8037847030582754,1.0698645068359376,3.7793724387472976,0.609,1.0
PTPN22,0.94286,2.8034134124550163,-1.277836005859375,3.8251879837309124,0.3624,1.0
ZWINT,0.94286,2.8034134124550163,-0.7502141552734375,3.468409078198153,0.41682,1.0
PIF1,0.94284,2.803042243914064,-0.7800120922851562,3.421857374833357,0.40926,1.0
B3GNT7,0.94284,2.803042243914064,-0.6211506958007813,3.4637531431301083,0.42734,1.0
EPAS1,0.94276,2.801558788659938,-1.0886813500976562,3.2921545809905473,0.37124,1.0
ACACB,0.94276,2.801558788659938,-0.23561112106323243,4.215103134074103,0.4771,1.0
DHCR7,0.94274,2.8011882291462635,-0.9338729809570312,4.608891441327126,0.40384,1.0
CYSLTR2,0.94272,2.8008177911818204,1.1094907104492187,3.343860852740345,0.63524,1.0
ADHFE1,0.9427,2.8004474746814103,0.27224907821655275,4.1624087229524,0.5267,1.0
RGS13,0.94266,2.799707205732338,1.076872626953125,3.0249971128612794,0.64998,1.0
ZNF667,0.94266,2.799707205732338,-0.28733206939697264,5.204028920043205,0.46472,1.0
ULBP2,0.94258,2.7982281216636946,-0.5423733276367187,3.892202351139811,0.4445,1.0
TK1,0.94252,2.797120078045349,0.5908325964355469,3.36326115444359,0.57108,1.0
POLR3A,0.94252,2.797120078045349,0.17869243049621583,3.471193974561686,0.52232,1.0
POLH,0.9425,2.796750971518861,-0.730059580078125,3.5596396743348406,0.42406,1.0
PPBP,0.9425,2.796750971518861,-0.12145128971099854,3.4459607885323558,0.48244,1.0
VNN2,0.94246,2.796013119979845,-1.2108020654296876,3.3134113721135203,0.35538,1.0
CYP1B1,0.94242,2.7952757498989667,-1.30703837890625,3.9146990590518094,0.32594,1.0
NOL6,0.94242,2.7952757498989667,-0.920671396484375,3.3269184608764473,0.3908,1.0
CHGB,0.94242,2.7952757498989667,-0.4274927307128906,4.340669038243141,0.46742,1.0
DUSP16,0.94238,2.7945388606048756,-0.4671317736816406,3.627326006951201,0.45126,1.0
ABCB4,0.94234,2.7938024514276236,-0.5187088500976562,3.878351569217954,0.4345,1.0
RGS17,0.94228,2.792698736418736,0.7553976220703125,3.602705799952033,0.58708,1.0
ABCC5,0.94226,2.792331070750806,-1.327317880859375,3.168098351539292,0.34142,1.0
HIC1,0.94222,2.791596097918292,-0.8944712060546876,3.1602931671229606,0.38392,1.0
SIRT3,0.94222,2.791596097918292,-0.8319454443359375,3.533494411232481,0.41566,1.0
LTB,0.94216,2.7904945336827836,-0.4337157409667969,4.470369325462676,0.44384,1.0
ARHGEF10,0.94216,2.7904945336827836,-0.21215888961791993,3.747508700072435,0.47702,1.0
SEMA4F,0.94214,2.7901275839430593,0.7515234997558594,3.6636030612297787,0.5879,1.0
KLK1,0.94214,2.7901275839430593,0.1236242737007141,3.8165983258838585,0.51128,1.0
KLRD1,0.94214,2.7901275839430593,0.021880848789215087,4.371478383762896,0.51454,1.0
SPTBN1,0.94212,2.7897607532348805,-0.9009667456054687,3.9729313575432674,0.39066,1.0
ITGB3,0.94206,2.788660974474281,-0.9447000854492188,3.5253066065843464,0.3841,1.0
HSPA2,0.94206,2.788660974474281,-0.5223534228515625,3.3932244625426353,0.43592,1.0
GFI1,0.94206,2.788660974474281,-0.41168355712890625,3.8705743538236272,0.45752,1.0
MDGA1,0.94202,2.7879283822799747,1.539533994140625,3.1965372443196896,0.6906,1.0
ACTA2,0.94198,2.787196264235211,2.0508153466796877,2.4308678458804733,0.80326,1.0
NSMCE1,0.94198,2.787196264235211,-1.2939421142578125,3.0844114321982112,0.2934,1.0
ZNF382,0.94196,2.7868303828137937,-0.5704445703125,4.441798343402252,0.44832,1.0
ATIC,0.94194,2.786464619683797,-0.3502536068725586,4.108170520810969,0.46504,1.0
ZNF486,0.94192,2.7860989747634104,-0.5904099914550781,3.7657980285711043,0.43562,1.0
QPRT,0.94192,2.7860989747634104,-0.42708198791503904,3.37494686865194,0.45276,1.0
EHMT2,0.94184,2.7846375755446777,-0.8083414819335938,4.204412607809847,0.42194,1.0
IGFBP2,0.9418,2.7839075830720614,-0.91467302734375,3.18281533368845,0.38324,1.0
MVK,0.9418,2.7839075830720614,-0.56545486328125,3.5833360766493256,0.44304,1.0
GFOD1,0.94176,2.7831780611566783,-0.30926716430664064,3.384451671682834,0.47216,1.0
ARHGEF9,0.94164,2.7809923122727978,-0.727602626953125,3.6294943479689303,0.43032,1.0
EXTL2,0.94162,2.780628430736325,-0.9952614306640625,3.6877884311274585,0.38366,1.0
TNRC6C,0.94162,2.780628430736325,-0.40500893432617185,3.5867075602132634,0.45784,1.0
ARHGEF12,0.94156,2.7795374872776266,-0.5297839294433594,3.350601689759028,0.43998,1.0
BTLA,0.94142,2.7769960322961076,0.25399336486816404,4.142084472442945,0.52542,1.0
EPB41L5,0.94142,2.7769960322961076,-0.0965878682899475,3.7381605554586206,0.4851,1.0
ITPKB,0.94136,2.7759085805772767,-1.0031975244140625,3.3894392570172274,0.39198,1.0
ARHGEF26,0.94134,2.7755463285236135,-0.10310768267154694,4.0616563327230315,0.4995,1.0
PER2,0.94128,2.7744602668098857,-1.2573665185546874,3.0775869302129655,0.34334,1.0
LILRA4,0.94122,2.7733752451054317,0.5406284887695313,3.847148174858654,0.56384,1.0
PHC1,0.94116,2.7722912612793387,-1.0678928100585938,3.225829959963817,0.3669,1.0
SLC16A7,0.94114,2.7719301636095746,-0.6675655639648438,3.473302244756897,0.4267,1.0
MYLK,0.94114,2.7719301636095746,0.6256854382324218,3.400233246531979,0.5754,1.0
EEF2K,0.941,2.769405695679659,-1.4436642578125,3.059786820305409,0.3282,1.0
CHAC2,0.94098,2.7690455158595957,-0.4796561462402344,3.7521237815401247,0.44992,1.0
OTUD7B,0.94098,2.7690455158595957,-0.21500210998535157,3.623383593136993,0.4767,1.0
ANAPC1,0.9409,2.7676059396006667,-0.5346807727050781,3.349705512156927,0.44438,1.0
ALDOC,0.9409,2.7676059396006667,-0.36016899353027343,3.3660401808689673,0.44334,1.0
SMAD5,0.94088,2.7672463309028354,-1.1893677783203125,3.079330200417926,0.34984,1.0
CTSF,0.94088,2.7672463309028354,-1.1827396630859375,2.9961478286690664,0.33546,1.0
GNG7,0.94088,2.7672463309028354,-0.45945990966796874,3.879767096646447,0.44938,1.0
NFATC2,0.94088,2.7672463309028354,-0.050629251079559325,3.732839747078975,0.52178,1.0
FYN,0.94086,2.7668868361966643,-0.8729859399414063,3.5402358405164365,0.4032,1.0
PDGFA,0.94086,2.7668868361966643,0.40520939453125,3.3519842938114457,0.542,1.0
RTKN,0.94082,2.766168188449741,-0.817598896484375,4.527334663335872,0.40238,1.0
KCNMB3,0.9408,2.765809035254402,-0.6673066430664063,3.16811092057348,0.41764,1.0
PARP2,0.94076,2.765091069834089,-0.8425863745117188,3.2797929381459734,0.40336,1.0
MDC1,0.94072,2.764373558527329,-0.5373415905761719,3.3231247518863283,0.44002,1.0
CYGB,0.94068,2.763656500718899,-1.322641328125,4.406756566088117,0.37612,1.0
ATP8B3,0.94062,2.7625817629728813,-0.2875004016113281,3.4254987609486633,0.46442,1.0
ACSL6,0.94056,2.7615080421499814,-1.31517755859375,3.237243622377127,0.32968,1.0
TBC1D10C,0.94056,2.7615080421499814,-1.1711762158203125,3.708415269432391,0.34098,1.0
PIK3C2B,0.94056,2.7615080421499814,-0.38455979064941404,4.757761448600663,0.44902,1.0
USP46,0.9405,2.760435336189501,-1.3610594091796875,3.0087487048702557,0.32738,1.0
KIF21A,0.9405,2.760435336189501,-0.17995032272338868,4.004010337123176,0.49878,1.0
SYNE2,0.94048,2.7600779927057157,0.861458876953125,4.075535515258229,0.67438,1.0
KIR2DL3,0.94048,2.7600779927057157,-0.8579243115234375,4.380900469375222,0.39276,1.0
IL2RA,0.94044,2.7593636430369664,0.9767830444335938,3.2632234353158442,0.61826,1.0
ITGA10,0.94044,2.7593636430369664,-0.3704414825439453,3.327650585700164,0.46048,1.0
FITM1,0.94044,2.7593636430369664,-0.3348828088378906,3.4173722927356547,0.46914,1.0
HSPA1L,0.94042,2.759006636700353,0.08029169326782226,3.4879286533510383,0.50932,1.0
ATR,0.94038,2.7582929606441065,0.15593023006439208,3.378457659047552,0.51598,1.0
SLC25A4,0.94036,2.757936290773283,-0.6131792785644531,4.735315838908127,0.44154,1.0
SYTL1,0.94022,2.7554427335777625,-1.199275625,3.704030828912046,0.34654,1.0
TRIM32,0.94018,2.7547312930922025,-0.4344886181640625,4.271679342636908,0.47014,1.0
GDPD3,0.94016,2.7543757398792357,-0.7927196557617188,3.2237672305462786,0.40208,1.0
COQ3,0.94016,2.7543757398792357,-0.4427401086425781,3.596276517448173,0.45926,1.0
DHODH,0.94016,2.7543757398792357,-0.29959297973632815,4.054140189892945,0.4811,1.0
PARG,0.94012,2.7536649671392994,-0.6381228076171875,3.247356813561802,0.41816,1.0
SCN1B,0.9401,2.7533097474631023,-0.7718428393554687,3.2952266374671697,0.40472,1.0
ARHGAP6,0.9401,2.7533097474631023,-0.21143004974365234,3.571412069476567,0.4719,1.0
ANO9,0.9401,2.7533097474631023,-0.15962128623962402,3.823072240682774,0.47696,1.0
MXD4,0.94006,2.7525996411257325,-1.1013588427734375,3.3807870044942576,0.36934,1.0
IL11RA,0.94006,2.7525996411257325,-0.447643359375,3.346868865679901,0.45174,1.0
CLEC4C,0.94004,2.7522447543157806,1.33874169921875,3.1871676172717045,0.67156,1.0
ARHGAP24,0.94004,2.7522447543157806,-1.0182249389648437,3.555436776119432,0.36996,1.0
HCRT,0.94004,2.7522447543157806,0.1500735845184326,3.6448554322983497,0.5083,1.0
TRAF3IP1,0.93988,2.7494096426556314,-0.7122479833984375,3.7172630900243475,0.43856,1.0
NEURL2,0.93986,2.7490557504413617,-0.370134501953125,3.4671645562100037,0.467,1.0
CLUAP1,0.93986,2.7490557504413617,0.18407344680786134,4.0677236144655,0.52796,1.0
RPEL1,0.93984,2.748701968368671,-0.3427410205078125,3.3401967509487767,0.46144,1.0
POT1,0.93968,2.745875668074508,-0.16617308334350586,3.4381298545862276,0.48696,1.0
TUBA4A,0.93966,2.7455228739754833,-1.5197667919921876,2.914603979770712,0.30186,1.0
GRIP1,0.93958,2.744112790946219,-0.09958888696670533,3.5552276461701764,0.4861,1.0
GNG11,0.93952,2.7430563746747643,-0.16437409759521485,3.3196078728484273,0.47928,1.0
MATN1,0.9395,2.742704453816724,-0.12869677534103394,3.1372073243996517,0.4888,1.0
PDK2,0.93946,2.7420009385153583,-1.5950774658203124,2.951873892901719,0.2939,1.0
RAB37,0.93946,2.7420009385153583,-0.5278292980957031,3.262623923299205,0.43182,1.0
FBXO44,0.93946,2.7420009385153583,-0.3882240509033203,4.0416673945894805,0.44832,1.0
TAL1,0.93942,2.741297857952396,0.01617885684490204,3.3702306292880304,0.49828,1.0
OBSCN,0.93938,2.7405952115513736,-1.0419680151367188,3.6164067001731217,0.36624,1.0
LIPC,0.93938,2.7405952115513736,-0.061853357734680176,3.5528585572411893,0.48546,1.0
CBX8,0.93936,2.740244050981759,-0.7180828588867187,3.2865945366591967,0.41582,1.0
ABHD4,0.93934,2.7398929987369742,-0.7508397509765625,3.1544739774807864,0.404,1.0
CDC14B,0.93924,2.738139359877174,0.4191313525390625,3.2356471778175653,0.55058,1.0
ZNF20,0.93912,2.7360385530168356,-0.7428737768554687,3.0995080943047224,0.40272,1.0
WRN,0.9391,2.7356887950947173,-0.5107154162597656,3.3949597806206944,0.45434,1.0
FLT3LG,0.939,2.7339416150349507,-0.17774134582519532,3.3992168856751768,0.4771,1.0
DUSP4,0.93896,2.7332434928156673,-0.7585284692382812,3.143254494813859,0.407,1.0
PEX12,0.93896,2.7332434928156673,-0.10934623916625977,3.44576319353459,0.48408,1.0
KIR3DL1,0.93894,2.732894592096404,-0.1732611223602295,4.177727832361866,0.48424,1.0
GTSE1,0.9389,2.7321971110869514,-1.551059013671875,3.4550688474753626,0.31872,1.0
PTPRB,0.9389,2.7321971110869514,-1.1923524731445312,3.8744867343670335,0.3505,1.0
ADRB2,0.9389,2.7321971110869514,1.09698294921875,3.1957501031249818,0.63262,1.0
FBXO32,0.9389,2.7321971110869514,-0.42254521484375,3.6366233848138783,0.42904,1.0
ALKBH2,0.93886,2.7315000568481604,-0.3820822344970703,3.957254399812037,0.45852,1.0
MTA2,0.93884,2.7311516895924797,-0.7813762939453125,3.1072771178735072,0.39884,1.0
KDM4D,0.93884,2.7311516895924797,0.17087783996582032,3.2080472031375438,0.51844,1.0
NRGN,0.93882,2.730803428819263,-0.5727500109863282,3.255527961441533,0.42496,1.0
PHLDA1,0.9388,2.7304552744585875,-1.800081181640625,2.430984731120455,0.2316,1.0
ZNF248,0.9388,2.7304552744585875,-1.0057576293945312,3.647136717940828,0.36496,1.0
MEIS1,0.9388,2.7304552744585875,0.35038869018554686,3.597475991299672,0.5408,1.0
ORC5,0.93878,2.7301072264405972,-0.62207646484375,3.644389332420797,0.437,1.0
HDAC4,0.93878,2.7301072264405972,0.06699887348175049,3.2655603908942146,0.50742,1.0
MCM7,0.93876,2.729759284695507,-1.27128583984375,3.1477159701977193,0.33062,1.0
EPOR,0.93874,2.7294114491535955,-1.1715373486328124,3.103804131144296,0.3599,1.0
GPD1L,0.93874,2.7294114491535955,-0.5475132006835938,3.6530528380061393,0.43454,1.0
S100A9,0.93866,2.72802116762577,-1.1823738696289063,4.259861445213772,0.3519,1.0
ACTR5,0.93866,2.72802116762577,-0.831551884765625,3.4524690409282077,0.40722,1.0
GPSM1,0.93866,2.72802116762577,0.11845819328308105,3.196956499480265,0.51364,1.0
JAM3,0.93864,2.7276738620563683,-0.4965372119140625,3.420495369185889,0.44246,1.0
SMOX,0.93858,2.726632579789057,-1.669461845703125,3.1409629664609255,0.26846,1.0
TM7SF2,0.93858,2.726632579789057,-1.3574418017578125,3.3024258006657776,0.31134,1.0
STARD10,0.9385,2.7252456812140915,-1.765113017578125,2.852146864784709,0.22924,1.0
CAMK2D,0.9385,2.7252456812140915,0.2921556088256836,3.255943337082848,0.53504,1.0
SUV39H1,0.93846,2.7245528640203087,-0.8859548120117188,3.5059577319112503,0.40102,1.0
ZFP30,0.93844,2.7242066132060874,0.009066595315933228,4.181725531625596,0.49812,1.0
PDP2,0.9384,2.7235144267997917,-0.2452734715270996,3.6129894275865997,0.47324,1.0
ID3,0.93834,2.7224769342181743,-1.6098331298828126,2.6223071360553303,0.25596,1.0
SLC26A2,0.9383,2.7217857963846623,-1.0413843408203125,3.0862382072487122,0.36748,1.0
NR1D1,0.93826,2.7210950770244735,-0.45660583251953124,3.2034221112872627,0.43902,1.0
CLEC4E,0.93826,2.7210950770244735,-0.16255688049316405,4.489520056612881,0.47768,1.0
UBE3D,0.93824,2.720749874101656,-0.9663466748046875,4.212445933744305,0.37406,1.0
HSPA6,0.93824,2.720749874101656,-0.3495891110229492,3.3182191595725232,0.4591,1.0
MTA1,0.93822,2.7204047755930394,-1.038854248046875,3.072326418978371,0.37222,1.0
CTSW,0.93822,2.7204047755930394,-0.01774129035949707,3.991387428700875,0.5149,1.0
CCR7,0.9382,2.720059781430713,0.6438123791503906,4.406085590388334,0.57372,1.0
HSD17B8,0.9382,2.720059781430713,-0.5779323303222657,3.2864376198827774,0.4228,1.0
LIPT2,0.93818,2.719714891546839,-0.6593983459472657,3.835740617792998,0.40686,1.0
RAB30,0.93814,2.719025424343414,-0.3763226788330078,3.781139759651969,0.47298,1.0
NFE2,0.93814,2.719025424343414,-0.15337900133132934,3.8043794715039407,0.48454,1.0
NDC80,0.93812,2.7186808468885104,1.3103707177734376,2.9678837466390804,0.66452,1.0
CEP250,0.9381,2.7183363734413555,-1.1294471215820312,3.0968844633336845,0.36294,1.0
MIB2,0.93808,2.717992003934434,-1.1959520141601563,3.095363100694128,0.35038,1.0
APOBEC3H,0.93808,2.717992003934434,0.43167469787597657,3.523312195961874,0.55936,1.0
HGD,0.93798,2.7162717131449856,0.3094534698486328,3.189227662185414,0.53856,1.0
ZNF500,0.93796,2.715927965865368,-1.2342703271484374,3.128807955189706,0.3105,1.0
SLC6A4,0.93792,2.715240781647564,-0.10063883903503418,3.765748611541625,0.48492,1.0
ATP8A1,0.93788,2.7145540107720496,-0.7198153784179687,4.012227736174817,0.4142,1.0
PRSS1,0.93788,2.7145540107720496,-0.10729206698656082,4.149341614550042,0.48612,1.0
ALDH8A1,0.93784,2.713867652704181,0.10761479040145874,3.93642947181508,0.50772,1.0
ZNF331,0.93776,2.7124961728579837,-1.25961994140625,3.1943667557747992,0.36766,1.0
TBL1XR1,0.93776,2.7124961728579837,-0.2875653741455078,3.137128878593459,0.46762,1.0
DTX4,0.93774,2.7121535600686952,-0.09741151365280151,3.6913418203287365,0.4856,1.0
ZNF570,0.93768,2.711126337852431,-0.7444630029296875,3.8894038637552044,0.41836,1.0
TMOD1,0.93766,2.710784135610144,0.061302633957862854,3.170835296772339,0.50702,1.0
ZNF771,0.93764,2.7104420358392116,-1.0669340258789062,3.7176453384564305,0.39756,1.0
RNF152,0.9376,2.709758143447366,-0.6797270483398438,3.2467687252682786,0.41528,1.0
LRRC7,0.93754,2.7087330717461042,0.9322946313476562,3.8684420113736144,0.59572,1.0
CTTN,0.93754,2.7087330717461042,-0.892102685546875,3.102170180646132,0.3888,1.0
SELP,0.93754,2.7087330717461042,-0.04002526598930359,3.466105986904827,0.49058,1.0
NME3,0.9375,2.70805020110221,-1.20276109375,2.0155423019357728,0.23908,1.0
POU3F1,0.9375,2.70805020110221,-1.1132100024414062,3.565406294540905,0.36456,1.0
SLC12A4,0.93748,2.7077089187303973,-1.40303412109375,2.8863476158865877,0.29538,1.0
PLAUR,0.93748,2.7077089187303973,-1.056757705078125,3.2047202656211686,0.35576,1.0
ADAT2,0.9374,2.706344807382553,-0.3272553643798828,4.457947662768663,0.46726,1.0
FAM169A,0.93738,2.706004033753607,0.3754258557128906,3.414496816926287,0.56282,1.0
GALNT3,0.93738,2.706004033753607,0.21633336486816407,3.186489777452192,0.53206,1.0
THRA,0.93734,2.70532279108864,-0.010100249462127685,3.2469358176149408,0.4872,1.0
GRAP2,0.93726,2.70396152230844,-0.15352980880737305,3.9074207450769327,0.48586,1.0
PAQR3,0.93724,2.7036214581823996,0.01396861167907715,3.5244510813405765,0.50286,1.0
BCL2L11,0.9372,2.702941633159488,-0.5559014172363281,3.2450758100161763,0.4412,1.0
CABIN1,0.93706,2.70056542270361,-0.6638981518554687,3.317567383720396,0.42328,1.0
TNNT3,0.93706,2.70056542270361,0.32188107025146484,3.2153801775200352,0.54024,1.0
ATP6V1G2,0.937,2.6995485558468904,-0.36255003112792966,3.6756899031326946,0.45242,1.0
PTPN4,0.93698,2.69920980096431,0.11817409606933593,4.007206828041909,0.53838,1.0
ZNF658,0.93696,2.698871146343214,-0.7567773046875,3.0644738195646934,0.4068,1.0
MT1X,0.9369,2.6978557834099743,0.27348212829589846,3.116154453840542,0.53272,1.0
DENND3,0.93686,2.6971793749250623,-1.050766435546875,2.850573718206234,0.35778,1.0
OXTR,0.9368,2.6961655111306952,-0.33401135864257814,3.962375974768515,0.4579,1.0
NUP35,0.93678,2.6958277559940114,-0.22641017852783202,3.2201250147698453,0.4873,1.0
GP1BA,0.93676,2.6954901004823784,0.5415656713867187,3.6172830174404313,0.5595,1.0
CTSL,0.93672,2.6948150880810706,0.43315594604492186,3.099588560876819,0.54842,1.0
CDK6,0.9367,2.694477731064954,-0.557619072265625,3.146091727484376,0.43816,1.0
PIK3R1,0.9367,2.694477731064954,-0.4168156982421875,3.2330003941693044,0.45416,1.0
SOX4,0.93668,2.6941404734209997,-1.2149820092773438,2.946204716708835,0.34296,1.0
ZNF682,0.93668,2.6941404734209997,-0.5384122119140625,3.51017258092452,0.41026,1.0
ACOXL,0.93662,2.69312929609169,-2.5640973828125,3.1421055717391306,0.2053,1.0
GZMH,0.93662,2.69312929609169,-0.28166237030029295,4.148260000978642,0.47192,1.0
ZNF540,0.93658,2.6924556735782303,-1.1253863549804688,4.635736937993115,0.36406,1.0
TAF1C,0.93656,2.6921190108448236,-0.52060712890625,3.169730656709177,0.43876,1.0
DPH2,0.93652,2.691445982111084,-0.5433694958496094,3.303515117271698,0.44192,1.0
LZTFL1,0.93648,2.69077334860403,-0.8635024365234375,3.5417989154867455,0.40584,1.0
RFC5,0.93644,2.690101109823603,-0.6076918383789063,3.118724649927862,0.4254,1.0
GNB5,0.93644,2.690101109823603,-0.4651360876464844,3.5654296098480787,0.46062,1.0
MCM6,0.93642,2.6897651382998613,-1.0462301293945313,4.075103125700883,0.3885,1.0
TCTN2,0.93642,2.6897651382998613,-0.9651131713867187,3.1533840645572133,0.3684,1.0
ZNF665,0.93642,2.6897651382998613,-0.17660136131286622,3.3284182685053185,0.4662,1.0
FHL2,0.93632,2.688086756855578,-0.037507436904907224,3.097759136656581,0.49454,1.0
TNFSF14,0.93624,2.6867458193845506,-1.6039535693359375,2.519710381839946,0.25446,1.0
KAT6B,0.93624,2.6867458193845506,-1.473162080078125,2.3891714023330644,0.2427,1.0
ARHGEF7,0.93618,2.6857411448310486,-1.2211370556640626,2.9807479913872466,0.33858,1.0
PGM2L1,0.93614,2.6850718506556546,-0.24785373046875,3.3342877409171248,0.45648,1.0
GADD45A,0.9361,2.6844029469942106,-0.9841866333007813,3.1618911269930017,0.38124,1.0
GATA3,0.9361,2.6844029469942106,-0.5357854284667969,3.925904089500296,0.44698,1.0
ABHD14B,0.93608,2.6840686414526838,-0.9251419458007812,3.456065857046845,0.38124,1.0
PDK1,0.93606,2.6837344333555175,-0.7045271533203125,3.0435741167740398,0.4099,1.0
PVALB,0.93604,2.6834003226414573,-0.66501859375,3.031093043044336,0.4099,1.0
HFE,0.93602,2.683066309249305,1.4393209228515624,2.63968925872047,0.70842,1.0
RMI2,0.93602,2.683066309249305,0.3910400598144531,3.091121411053003,0.5428,1.0
TADA1,0.936,2.682732393117921,-1.2111830712890626,3.7284702351480954,0.35626,1.0
SARS2,0.936,2.682732393117921,-0.21891820755004882,5.217188603815092,0.46864,1.0
HMOX1,0.936,2.682732393117921,-0.19917262886047363,3.7040838619151577,0.47484,1.0
MGST2,0.93598,2.6823985741862195,-1.4748169970703124,2.878608839107878,0.30442,1.0
IRS2,0.93596,2.682064852393175,-0.5134378344726562,3.122445779324203,0.43442,1.0
ADAMTSL5,0.93594,2.6817312276778202,-0.2700818304443359,3.8772808640352374,0.46836,1.0
PRKAB1,0.9359,2.6810642692365856,0.0026923388290405275,3.117100718927226,0.50022,1.0
TRIM62,0.93588,2.6807309353890556,-1.47959060546875,2.7262107186342215,0.27154,1.0
CLU,0.93588,2.6807309353890556,-0.21242650039672853,3.1334673008792033,0.47302,1.0
LYPD2,0.9358,2.6793985677361998,1.747199716796875,3.31226490693112,0.77828,1.0
PLCD1,0.9358,2.6793985677361998,-0.5429765173339843,3.828824040469065,0.44702,1.0
CDK8,0.9358,2.6793985677361998,-0.3677894580078125,3.146086478997092,0.46116,1.0
SLC41A1,0.93578,2.6790657174543075,-0.7992642114257813,3.412589530879948,0.3999,1.0
ARHGEF19,0.93578,2.6790657174543075,0.6118023193359375,3.2639905706807224,0.57406,1.0
MMP11,0.93578,2.6790657174543075,-0.5346491528320313,3.6884273847316678,0.44268,1.0
SAP30,0.93578,2.6790657174543075,0.04339150484085083,3.3303416253246674,0.50402,1.0
SAT1,0.93576,2.678732963703946,1.782252802734375,1.7052175350015362,0.84766,1.0
CDK4,0.93574,2.6784003064247095,-0.4916747705078125,3.235534173640589,0.44772,1.0
CTC1,0.9357,2.6777352810382933,-0.5547585290527344,3.0244363249733404,0.43002,1.0
NCK2,0.9357,2.6777352810382933,-0.4031420989990234,3.1468924532111298,0.4572,1.0
LRRC1,0.93564,2.676738464985327,-0.16377748474121093,3.5133347292660346,0.4983,1.0
LPIN2,0.93562,2.6764063852675752,1.380080166015625,2.1144583713377485,0.75712,1.0
MUC12,0.9356,2.676074401599716,-0.2977744578552246,3.70085106623281,0.466,1.0
AKR1C3,0.93558,2.675742513921796,-0.917820009765625,3.168416800773507,0.38004,1.0
TRAT1,0.93558,2.675742513921796,-0.09166110326766967,4.4113523073597,0.49562,1.0
NCAM1,0.93558,2.675742513921796,0.031080661630630495,3.715207715252621,0.50398,1.0
ZNF799,0.93556,2.6754107221739187,-0.9754236401367188,3.75559447945827,0.36764,1.0
SYCP3,0.93544,2.6734219828703707,-0.7551723388671875,3.107460203815547,0.40736,1.0
HLA-DMA,0.9354,2.6727598345032297,-0.842697587890625,3.009163426164043,0.38014,1.0
ZNF551,0.93538,2.6724289034395694,-0.7050349194335938,4.385388797245264,0.42044,1.0
RINL,0.93534,2.6717673272553566,-1.0468229248046874,3.3031986401503106,0.30386,1.0
FCER2,0.93534,2.6717673272553566,-0.69911365234375,3.577353042209642,0.408,1.0
KCTD3,0.93534,2.6717673272553566,-0.5105029052734374,3.328046640291776,0.42924,1.0
GRB14,0.93534,2.6717673272553566,-0.27826316009521485,3.4078568693328104,0.4583,1.0
TNFRSF9,0.93532,2.671436682016287,-1.0034325048828125,2.954047892355861,0.36522,1.0
SLC4A7,0.93528,2.670775676948327,-1.4610390283203125,2.8656433063602553,0.30704,1.0
ANKRD26,0.93528,2.670775676948327,-0.45941134033203124,3.14679478697163,0.43978,1.0
IFT88,0.93526,2.6704453170012488,-1.4861954638671875,2.8095341021787927,0.2987,1.0
RGS2,0.93524,2.6701150520334025,-0.8841608276367188,2.9610217405585275,0.39842,1.0
CHL1,0.93524,2.6701150520334025,-0.272954337310791,3.548330784950964,0.47062,1.0
SLC25A12,0.93522,2.6697848819858323,-0.09110024574279785,3.351273085276788,0.4865,1.0
CCL22,0.93516,2.668794940775994,-0.8858992626953125,3.1651089282370526,0.38874,1.0
ZNF324B,0.93506,2.6671469316781033,-0.6222939807128907,3.6476852204094454,0.44024,1.0
HNRNPDL,0.93504,2.666817613268857,-0.9281964892578125,2.110910655821492,0.28464,1.0
RGS3,0.93504,2.666817613268857,-0.7682919873046875,3.260462761977725,0.42342,1.0
GPSM2,0.93498,2.6658302238098193,-0.9338081176757812,2.9943397215601326,0.3738,1.0
ZNF77,0.93494,2.6651724350614323,-0.930592919921875,3.3760380494214335,0.3682,1.0
TBCD,0.9349,2.6645150224827456,-1.3203146142578126,2.993448109622454,0.3334,1.0
FAS,0.93488,2.6641864571118425,1.918412626953125,1.9498699186812591,0.84284,1.0
ALOX5AP,0.93478,2.662545037123864,-0.6318548168945313,3.4409893877967246,0.4552,1.0
GAS8,0.93478,2.662545037123864,-0.2378942037963867,3.1067457445432485,0.4712,1.0
HLA-DRB5,0.93476,2.6622170340947933,-0.5176399572753906,3.4564415475322208,0.43178,1.0
IRF8,0.93474,2.661889124587218,1.3919710400390626,2.9824627942365134,0.72312,1.0
RAPGEF3,0.93474,2.661889124587218,0.22018270183563232,3.594014958667376,0.5284,1.0
PIK3CB,0.93472,2.6615613085435244,-0.4710578491210938,3.1013126774148247,0.44464,1.0
ITK,0.93468,2.6609059566175923,-0.15040309034347535,4.226719657922102,0.49062,1.0
BCKDHB,0.93466,2.6605784206203924,-0.42088318481445314,4.436481344459868,0.44144,1.0
BEGAIN,0.93456,2.658942137997507,-0.5463179528808594,3.0824237899618163,0.4322,1.0
STK11,0.93454,2.6586151605448434,-0.9167503247070312,2.948355814044847,0.37454,1.0
MAN1A1,0.9345,2.657961484254411,1.0467598217773437,2.8369508844576714,0.64544,1.0
MOGS,0.9345,2.657961484254411,-0.9311078955078125,2.889128464128155,0.37038,1.0
TNF,0.9345,2.657961484254411,-0.05939346040725708,2.9557637012261067,0.49108,1.0
COQ10A,0.93446,2.657308179070537,-1.0197832080078124,4.055279046645902,0.37258,1.0
RAB39B,0.93442,2.656655244537985,-0.6956898681640625,4.951463426145736,0.4204,1.0
STAT5B,0.93436,2.6556765367165958,-0.43697939819335935,2.9968622819216386,0.44424,1.0
IDE,0.93432,2.655024526826138,-1.45641638671875,2.8424345961687667,0.30494,1.0
ITGB3BP,0.93432,2.655024526826138,-0.2003997647857666,3.1821169086335135,0.47376,1.0
RPS6KA5,0.93428,2.6543728860002087,1.093425234375,2.8299858945022986,0.65854,1.0
ST6GAL1,0.93424,2.6537216137873023,0.2831092962646484,3.0160255086049976,0.53598,1.0
PAXIP1,0.9342,2.6530707097367365,-0.41157650512695315,3.324178648429937,0.44324,1.0
PREX1,0.93418,2.6527453956317157,-1.401422333984375,2.4988937654859975,0.28398,1.0
SLC7A5,0.93412,2.6517700043239856,0.08587325978755951,3.020944421421215,0.5225,1.0
PLEK,0.9341,2.651445057370342,0.7225951000976563,2.914220366539284,0.61312,1.0
CSF2,0.93404,2.650470766172876,-0.5627061389160156,4.151084196249364,0.44656,1.0
NUP88,0.934,2.6498216962024177,-0.8014067749023438,3.2577255284386104,0.4061,1.0
DVL2,0.93398,2.6494972982982974,-0.5718494226074219,2.9687721833994027,0.42188,1.0
VASH1,0.93394,2.648848776374039,-1.575321767578125,2.540786464826301,0.2679,1.0
S1PR1,0.93388,2.647876677364414,-1.0612262719726562,4.046672153563347,0.35062,1.0
FES,0.93388,2.647876677364414,-0.17498867315292357,3.1824691762872077,0.47036,1.0
SUMF1,0.93386,2.647552826506509,-1.3054441845703124,2.7105491999494404,0.31224,1.0
MEF2C,0.93386,2.647552826506509,-0.5919029284667969,3.523409097090477,0.42168,1.0
HYAL2,0.93382,2.6469053976765085,-0.8331533813476563,2.9690712612004564,0.38944,1.0
BCL2,0.93374,2.645611630013245,0.07336956951141357,3.090753471802177,0.50666,1.0
TNFSF4,0.93374,2.645611630013245,0.059939792528152465,3.481428355308591,0.51164,1.0
OTUD3,0.93372,2.6452884148584768,-1.2065030078125,2.754202545931288,0.3327,1.0
HOXB4,0.93372,2.6452884148584768,-0.04311266454458237,3.760661221327091,0.51698,1.0
RGS5,0.93366,2.644319312740568,0.6894957250976562,3.73626960576282,0.56752,1.0
CHTF18,0.93364,2.643996459633743,-0.4991543371582031,3.2582941320300036,0.43506,1.0
SMAD3,0.93356,2.6427059504079256,-0.714878623046875,3.006872791455951,0.40404,1.0
DYNC2LI1,0.93354,2.642383548628479,-0.6510123132324219,3.677112174598739,0.408,1.0
GTF2H2,0.93352,2.6420612369506595,-0.13866344528198243,3.0551957901466857,0.48962,1.0
RNF125,0.93344,2.6407728901664043,-0.8236942309570312,3.964437499682408,0.39136,1.0
PTPN7,0.93342,2.6404510281802067,-0.9553659423828125,3.025073123167439,0.38786,1.0
PIK3CD,0.9334,2.640129255969372,-0.40681318603515626,3.0245107017157213,0.44644,1.0
TNNC2,0.93334,2.639164477447224,0.6506904870605469,2.9869652920102547,0.58738,1.0
DARS2,0.93328,2.638200504954836,-0.5103979968261719,2.963738595585115,0.43986,1.0
TMEM67,0.93326,2.6378793596564893,-0.907783837890625,3.5679238738080676,0.38552,1.0
MNAT1,0.93324,2.6375583037012174,-0.7632291088867188,3.0521711405322582,0.40352,1.0
NT5E,0.93316,2.636274972235245,-0.7001924853515625,3.210309372117772,0.41164,1.0
SH2D1B,0.93312,2.635633841163737,-0.44544863647460936,3.79470198678538,0.452,1.0
S1PR4,0.9331,2.635313409105794,-0.9306933227539063,3.448737129811983,0.3471,1.0
NOS3,0.9331,2.635313409105794,0.572502822265625,4.349389151047293,0.55612,1.0
CD320,0.93308,2.6349930659617327,-0.38495943115234377,4.730238703225437,0.44892,1.0
TEX2,0.93298,2.6333926820811966,-1.2916907958984376,2.771605836194743,0.32484,1.0
FANCA,0.93296,2.6330728713000187,1.32555251953125,2.4606515290979045,0.72274,1.0
QTRT1,0.93294,2.632753149059697,-0.11294732456207275,3.954712755687734,0.4838,1.0
LTBP1,0.9329,2.6321139699892786,0.18253478092193604,3.494704995686872,0.52348,1.0
SOCS2,0.9329,2.6321139699892786,0.12260676643371582,3.0279832982138735,0.52436,1.0
NDUFAF6,0.93288,2.6317945130531273,-1.0842990600585938,3.1133816211104848,0.35878,1.0
ZNF519,0.93288,2.6317945130531273,-0.40499239501953127,3.4347412492120633,0.43986,1.0
STMN1,0.93282,2.6308366720055574,-0.9738911010742187,4.1164120012303735,0.3601,1.0
MTOR,0.93278,2.630198552246084,-0.787856025390625,2.9341350661448233,0.39538,1.0
ATP1B1,0.93278,2.630198552246084,0.007221999778747558,3.0664296266536426,0.50584,1.0
EGR2,0.93274,2.629560784745343,-0.9284897534179688,2.869153951077798,0.36804,1.0
AK1,0.9327,2.6289233690821354,-1.583856630859375,2.472700290688358,0.26462,1.0
DAAM1,0.9327,2.6289233690821354,-0.7450202319335938,3.257658040478944,0.4003,1.0
LAT,0.93258,2.6270132289169466,-0.8315218994140625,3.4816599852182337,0.37898,1.0
PAOX,0.93258,2.6270132289169466,-0.5470799584960937,2.8945384697056045,0.41704,1.0
ZNF154,0.93258,2.6270132289169466,0.02439366714477539,4.770101842689339,0.50474,1.0
UBOX5,0.93256,2.6266951789179758,-0.23080033935546876,3.034997257295449,0.46618,1.0
POLR1E,0.93254,2.626377216406843,-0.8411332885742188,3.5328175759904896,0.39368,1.0
HENMT1,0.93252,2.6260593413313837,-1.2489822119140626,3.3107922479857077,0.3409,1.0
SUN1,0.93252,2.6260593413313837,-0.7924604418945312,3.187336080770637,0.39104,1.0
ZNF599,0.9325,2.6257415536394864,-0.7192648901367188,3.453051335504457,0.4276,1.0
PCYOX1L,0.93236,2.623519482168089,-0.4975988916015625,3.0962436842813092,0.43516,1.0
ZNF584,0.93234,2.6232023916741345,-0.828821923828125,4.008763890467901,0.39534,1.0
CD200,0.9323,2.622568471384419,0.018379363000392914,3.438340910183384,0.50182,1.0
TIRAP,0.93226,2.621934898348164,-0.928689990234375,2.8736869113629058,0.37352,1.0
AHI1,0.93224,2.621618241921208,-1.2010495703125,3.0948170710220753,0.3437,1.0
ADAL,0.93222,2.62130167215306,-0.5744589526367188,3.1639352409002504,0.42074,1.0
CENPL,0.9322,2.6209851889922913,-0.4568205200195313,3.361455328656263,0.4589,1.0
PRKCI,0.9322,2.6209851889922913,-0.3664919409179688,2.8940794063686606,0.46076,1.0
TNFRSF25,0.93218,2.620668792387523,-0.48405019775390623,3.922329965617299,0.43272,1.0
CERS4,0.93212,2.619720121396111,-1.0727592626953124,2.7662421743994883,0.35234,1.0
ZNF70,0.93206,2.6187722275634027,0.18148955194473265,3.87971553548516,0.5193,1.0
FCGR3B,0.93204,2.618456435415825,1.3363095458984375,2.9422573711634596,0.70004,1.0
PMAIP1,0.93202,2.618140729414842,1.1411976147460938,2.6777179307383787,0.66664,1.0
HLA-DQA1,0.932,2.6178251095094853,-0.6333600268554688,3.5291965985290674,0.4137,1.0
PLTP,0.93196,2.6171941277819712,-0.79956849609375,2.9209823545113855,0.39326,1.0
ABHD17A,0.93194,2.616878765858096,-0.9334092700195312,2.700276372189355,0.36764,1.0
DUSP2,0.93194,2.616878765858096,-0.6652168969726563,2.952858843082339,0.40954,1.0
ABLIM3,0.93182,2.614988396276035,0.48033660888671875,3.0568195315414366,0.56138,1.0
BCL9L,0.9318,2.6146736345332795,-0.9034670288085938,2.9531569481943,0.38668,1.0
FEN1,0.93178,2.6143589583284053,-0.42207141723632813,3.1686287908280795,0.4509,1.0
HSPA1A,0.93176,2.6140443676109735,1.5034032568359375,2.8383541485049215,0.69134,1.0
NEB,0.93176,2.6140443676109735,-0.18398254302978514,3.5751333118217836,0.47992,1.0
B3GAT1,0.93174,2.613729862330592,-0.6821929174804687,4.121588590681934,0.41374,1.0
HLTF,0.93174,2.613729862330592,-0.680881279296875,4.287694627040626,0.40712,1.0
SERPINH1,0.93174,2.613729862330592,0.2389429577636719,2.9754939704869003,0.53204,1.0
LMO7,0.93168,2.612786858608495,-0.5913261511230469,3.0969735390777884,0.4311,1.0
CD79A,0.93166,2.6124726945732806,-0.9256886108398438,4.181503529549676,0.34948,1.0
SYT11,0.93156,2.6109031511815974,-0.8955557739257812,3.0384042012482793,0.39394,1.0
RUVBL1,0.93156,2.6109031511815974,-0.7828912548828125,3.6267393394277754,0.406,1.0
KDM4B,0.93156,2.6109031511815974,-0.6814839965820313,2.86387333866262,0.40776,1.0
PPP2R5A,0.93156,2.6109031511815974,-0.6471674340820313,3.150362283196756,0.4292,1.0
ZNF2,0.93156,2.6109031511815974,-0.5057889953613282,4.107647240397644,0.42788,1.0
ST6GALNAC6,0.9315,2.6099624447734633,-1.104360439453125,3.162526224608011,0.36254,1.0
BICD1,0.9315,2.6099624447734633,-0.3901664794921875,3.2668933961840065,0.44906,1.0
NUDT18,0.93148,2.6096490456091153,-0.6638500317382813,2.9246171575393562,0.41364,1.0
ZNF776,0.93148,2.6096490456091153,0.2212834977722168,3.6549394633565675,0.54014,1.0
FLRT2,0.93144,2.6090225014392368,-2.34696373046875,3.0282901654216046,0.20498,1.0
ZNF692,0.93136,2.6077704283437178,-1.144283984375,3.2931330753805526,0.337,1.0
SUN2,0.93134,2.6074576212897655,-1.4053328515625,2.576482284634995,0.29524,1.0
SHMT2,0.93132,2.6071448986247736,-0.8471170654296875,2.980444810964933,0.38954,1.0
RAB33B,0.9313,2.6068322602993086,-0.38436706420898437,2.978932482835943,0.44858,1.0
PANK1,0.9313,2.6068322602993086,-0.0838962530183792,3.934861205657955,0.48834,1.0
PDE4D,0.93126,2.60620723646946,-0.7136403588867187,3.797099933754448,0.41472,1.0
SETD2,0.9312,2.605270332037876,-0.7562230004882813,2.891727035889626,0.39634,1.0
ADAM12,0.93118,2.6049581987139607,0.0891362052154541,3.4384675812391032,0.499,1.0
OMG,0.93114,2.60433418400121,-0.23996657165527344,3.2851496097667323,0.47716,1.0
GNG2,0.93114,2.60433418400121,0.05836369068145752,3.278399370060036,0.50308,1.0
UBL4A,0.9311,2.6037105048748717,-1.26620546875,2.782861983692794,0.31958,1.0
STARD13,0.9311,2.6037105048748717,-0.9564556372070312,2.9157872604889903,0.37032,1.0
LDLR,0.9311,2.6037105048748717,0.6979054174804687,2.854294677565092,0.60084,1.0
PPAT,0.9311,2.6037105048748717,-0.6118786975097656,3.9854480425867744,0.41924,1.0
LIN52,0.9311,2.6037105048748717,0.12481864318847656,3.0221102341327803,0.5179,1.0
EXOSC6,0.93108,2.6033987910341296,-1.0644042431640626,2.775602871890509,0.35342,1.0
DYRK2,0.93108,2.6033987910341296,-0.34103885986328125,3.1727589402502914,0.4692,1.0
CEBPD,0.93104,2.6027756145529217,0.550424140625,2.894093359048042,0.57874,1.0
SESN1,0.931,2.6021527726798084,0.10186830677032471,3.181850832939179,0.50098,1.0
PLA2G12A,0.93096,2.6015302650246492,-0.23949082733154298,3.1207294324402834,0.47314,1.0
FOS,0.93094,2.60121913640707,-1.3672464453125,2.4701001469384463,0.29782,1.0
NUP107,0.93086,2.599975455536144,-0.33632363342285154,3.2599764616924385,0.46182,1.0
INPP5D,0.93082,2.599354114581269,0.284259873046875,2.8003961592592796,0.53624,1.0
PADI4,0.9308,2.5990435688045124,-0.0523098429107666,3.059582948860784,0.49808,1.0
ARHGAP11A,0.93074,2.5981124296971965,0.24455354095458984,2.8083109969250772,0.53494,1.0
TSEN54,0.9307,2.5974920849958067,-1.1625754443359375,3.5818400768637195,0.33762,1.0
MCEE,0.9307,2.5974920849958067,-0.5778694323730469,3.296269767489662,0.43114,1.0
ANKH,0.93068,2.5971820369116863,-1.2810176025390625,2.4375577228006464,0.28436,1.0
SLC39A10,0.93066,2.5968720716078377,-0.26607163330078126,2.963871153420414,0.4734,1.0
FBXO40,0.93058,2.595633037235108,1.9865341796875,3.593234517351089,0.7064,1.0
TSC22D3,0.93054,2.595014015483489,-0.9740309057617188,2.668717989725311,0.33952,1.0
MSH6,0.93054,2.595014015483489,-0.4205764562988281,2.8322035637359066,0.43592,1.0
COL1A1,0.93044,2.5934679030556254,-0.7171240026855469,4.057210763615474,0.41274,1.0
COMMD3,0.93042,2.5931589273803173,-1.0273641357421874,2.030487458545228,0.24882,1.0
PLK2,0.93042,2.5931589273803173,-0.429833759765625,2.937502681099329,0.44088,1.0
NMT2,0.9304,2.5928500338640807,-0.8986397705078125,3.292065793367694,0.37134,1.0
PRPS2,0.93038,2.59254122245942,0.9272671313476563,3.0837156215043224,0.64856,1.0
NABP2,0.93034,2.5919238457950433,-0.8052978344726562,3.298131716543269,0.3957,1.0
RGS1,0.93032,2.591615280440541,0.3266293872070313,2.687335100546917,0.58838,1.0
AGO2,0.93018,2.589457614129436,-0.6483205163574218,2.7855521922740105,0.41038,1.0
GSPT2,0.93016,2.5891497028290056,-0.6491858679199218,3.3104797810541085,0.43346,1.0
DLG1,0.93008,2.5879188726057607,-0.41639421142578126,2.786393243245397,0.443,1.0
DEPDC1B,0.93006,2.587611368560028,0.06463164173126221,3.7796624375084242,0.51346,1.0
CUL4B,0.93004,2.5873039458246523,0.38378894897460936,2.9116159313528054,0.55094,1.0
BBS10,0.93,2.5866893440979433,-0.7231460791015625,2.792574158706226,0.3987,1.0
CD19,0.92998,2.586382165013194,-0.5639346826171875,4.363715314455843,0.42114,1.0
DCP1B,0.92996,2.5860750670519734,-0.8175827563476562,3.2615833001815187,0.4052,1.0
METAP1,0.92988,2.584847485510826,-1.0024845922851562,2.8866857810438713,0.37484,1.0
BDH2,0.92988,2.584847485510826,-0.5136356396484375,3.043817644268122,0.4201,1.0
NIPA1,0.92988,2.584847485510826,0.18473868976593016,2.8742406258170727,0.52734,1.0
NMRAL1,0.92984,2.5842341802715247,-0.9557770849609375,2.921953683398502,0.37728,1.0
SOS2,0.92982,2.5839276488722294,-0.5691209204101563,2.7995974129911065,0.4212,1.0
ZNF714,0.92978,2.5833148282827048,-0.7792343139648438,3.1408531411468825,0.3947,1.0
TRIB1,0.9297,2.5820901546451926,-0.23235437801361083,3.1135778940622165,0.45982,1.0
GALE,0.92968,2.581784187537696,-0.9408216748046875,2.721659267076144,0.36414,1.0
SOCS5,0.92964,2.5811724945624546,-0.6803382250976563,2.714390422953369,0.40904,1.0
ZNF441,0.92956,2.5799500722839603,-1.02606453125,3.3384651249055635,0.34406,1.0
MRPS24,0.92956,2.5799500722839603,0.2552268566894531,3.189491080593724,0.55274,1.0
ERCC8,0.92948,2.5787289324557423,-0.5522705285644531,2.8800785812843523,0.43728,1.0
ZNF792,0.92944,2.5781188425456874,-0.5803965771484375,4.218982036298493,0.42454,1.0
GTF3C2,0.92934,2.576595014856724,-1.0226061596679688,2.869987403612885,0.36802,1.0
DEF6,0.92934,2.576595014856724,-0.8317874853515625,3.635309790722797,0.36532,1.0
CRLS1,0.92934,2.576595014856724,-0.6538878173828125,3.050519624603461,0.42688,1.0
RPPH1,0.92934,2.576595014856724,-0.18645709022521972,3.1180641034951067,0.47512,1.0
ERCC5,0.92932,2.576290488455592,-1.0288724877929687,2.8099206918501647,0.3628,1.0
FOXK2,0.9293,2.5759860416607667,-0.8888379638671875,2.7205938617712095,0.37172,1.0
PLOD2,0.92926,2.575377386708817,-1.8155855078125,2.8807264651379567,0.25238,1.0
SLC2A8,0.9292,2.5744650001965805,-1.0515568701171876,2.644891974933115,0.34288,1.0
ABCA7,0.92914,2.5735533276995284,-0.9688330810546875,2.6519341519370974,0.3663,1.0
CCNF,0.92906,2.5723388729586922,-1.1827098046875,2.8019404371271985,0.34178,1.0
PLEKHA8,0.92906,2.5723388729586922,-1.0450633740234374,2.7852135390912576,0.35142,1.0
EMILIN1,0.929,2.571428861772524,-0.26766979705810545,3.1605792074583214,0.4603,1.0
GRHL1,0.92896,2.5708225821523505,0.16735690826416016,2.8196485688778683,0.52082,1.0
LETM1,0.92894,2.5705195605593314,-0.9630701318359375,3.10912136893858,0.39952,1.0
CDC23,0.92892,2.570216617718171,-0.5654588171386719,2.867162022697947,0.42574,1.0
ARHGEF28,0.92884,2.569005632980856,-0.899395517578125,3.5658940860109514,0.37706,1.0
CRHR1,0.92884,2.569005632980856,-0.30681228515625,4.125822646544529,0.47468,1.0
KIF3A,0.92882,2.5687030832308677,-0.1327812857055664,3.517188223191059,0.49334,1.0
ARSD,0.92878,2.568098219141141,0.2594748431396484,2.7037632868367756,0.5404,1.0
ABCG1,0.92872,2.5671915108672265,-0.8151405908203125,2.84621385997756,0.38326,1.0
PCGF2,0.92868,2.5665874300754274,-1.0104785473632814,3.5067963951277656,0.37798,1.0
ZNF10,0.9286,2.5653802062402824,-0.45245801879882813,3.162779493426176,0.43522,1.0
IGFBP7,0.92856,2.5647770624921242,0.5615835864257812,3.2845297312012045,0.5896,1.0
GRPEL2,0.92844,2.5629694997088457,-0.08462855835437774,3.1969925747076515,0.50506,1.0
EIF4EBP1,0.92836,2.561766011402382,-1.001452958984375,2.839290483114389,0.378,1.0
GALT,0.92836,2.561766011402382,-0.6183512377929687,3.5954589616845025,0.41988,1.0
ZNF529,0.92834,2.561465333119228,-0.04768047523498535,3.8130732419983575,0.50682,1.0
CTPS1,0.92834,2.561465333119228,-0.0389955472612381,3.6112286976413994,0.51026,1.0
FGL2,0.92832,2.5611647322663647,0.8078505493164062,3.1714493972049564,0.62542,1.0
PRMT6,0.9283,2.5608642088003126,-0.2336943283843994,3.6232369591904234,0.47902,1.0
EIF2B3,0.92828,2.5605637626776256,-0.28551824829101563,3.4255860119409247,0.46938,1.0
HLA-DOB,0.92824,2.5599631022887483,0.6378029272460938,3.5845207637400867,0.59288,1.0
PLAC8,0.92812,2.5581629728558073,1.4713634130859374,2.119536330760422,0.7734,1.0
ZNF461,0.92812,2.5581629728558073,-0.6956276782226563,3.6895613074054014,0.42162,1.0
TFDP2,0.92808,2.5575635458037866,-0.6762395068359375,2.833435206741198,0.42084,1.0
MLYCD,0.92806,2.557263947601081,-0.7151149975585938,2.8378782569384953,0.40212,1.0
IL27RA,0.92804,2.556964426223217,-0.9625752099609375,2.5839365257441806,0.37336,1.0
TNFRSF10C,0.92802,2.5566649816272182,0.008775481834411621,2.7881288287879693,0.50568,1.0
ZNF544,0.92798,2.5560663226090923,-0.860059306640625,4.0453697032454095,0.3924,1.0
CYFIP2,0.92788,2.5545710157449535,-0.912863056640625,3.3861822599548943,0.36552,1.0
AKR7A2,0.92774,2.5524807953972903,-1.2926774560546874,2.7595267502296443,0.30564,1.0
KLHL42,0.92774,2.5524807953972903,-0.8808961547851563,3.078762410467837,0.3809,1.0
ZAP70,0.92768,2.551586129649369,-0.5269759484863281,3.928454155624313,0.43126,1.0
ZNF432,0.92762,2.550692148031025,-0.9810765698242188,2.5316232931692157,0.32046,1.0
ABCE1,0.9276,2.5503943059897054,-0.5826864099121094,3.0937977560784797,0.43714,1.0
ZNF202,0.9276,2.5503943059897054,-0.3385663830566406,2.9365505033885326,0.47236,1.0
PIGB,0.92756,2.549798849401023,0.28515333312988284,2.7746087136936834,0.53562,1.0
KDM5B,0.92754,2.549501234769367,-0.9471548803710937,2.6552804987647667,0.35874,1.0
CD72,0.92752,2.549203695856699,0.6369456579589844,3.0295228059765775,0.60612,1.0
ALG8,0.92748,2.548608845020129,-0.3503058221435547,3.3548784923093455,0.46166,1.0
SRGAP3,0.92746,2.548311533012215,-0.9144558374023437,3.7835520799578375,0.3956,1.0
CKAP5,0.92742,2.5477171356073582,-0.7138192016601562,2.778363920209609,0.40856,1.0
TBL1X,0.9274,2.54742005012661,-0.8554832348632813,2.6219261461982213,0.3673,1.0
INPP5E,0.92736,2.5468261053992243,-0.3404981573486328,3.1170963722516962,0.44614,1.0
RHNO1,0.92734,2.546529246068992,-0.8146859692382813,3.0191627263864533,0.39954,1.0
ZNF133,0.92734,2.546529246068992,-0.5065197058105468,3.568322239924261,0.43176,1.0
GSC,0.92734,2.546529246068992,0.0037087024688720704,3.8021911799597214,0.4929,1.0
POLR3D,0.9273,2.545935753266707,0.15728536819458008,2.985128168126018,0.53442,1.0
GBA2,0.9272,2.544453336822902,-0.8270980688476562,2.6298385271798965,0.37124,1.0
RPL39L,0.92714,2.543564787393557,0.6135956518554687,2.864772345382406,0.5823,1.0
HLA-DQB1,0.927,2.541494124417465,-0.7811213354492188,3.016358875458295,0.37678,1.0
HSD17B6,0.92698,2.54119861413259,0.4264318707275391,4.374878900138587,0.54014,1.0
NELFA,0.92692,2.5403125304398735,-0.5505141662597657,2.723004762022519,0.41636,1.0
TOP3A,0.92684,2.539132127361883,-0.6086506311035156,2.6805223799792817,0.40924,1.0
SLC15A4,0.92684,2.539132127361883,0.4230242138671875,2.8476165483908726,0.56496,1.0
TRIM4,0.92682,2.5388372123631537,-0.7963386328125,2.7059335547984302,0.39236,1.0
PACS1,0.92678,2.538247605004458,-0.944606552734375,2.8573577213977392,0.36664,1.0
SPTBN4,0.92678,2.538247605004458,0.7436114599609375,3.9013028078037295,0.57314,1.0
BBS4,0.92672,2.5373637499513673,-0.5492659118652343,2.881920950392785,0.43522,1.0
NKIRAS1,0.92672,2.5373637499513673,-0.5272597546386719,2.7905423424848563,0.43496,1.0
ZIK1,0.92668,2.5367748834307635,-0.7928501318359376,3.8257712657479583,0.39882,1.0
COQ6,0.92656,2.535010057165245,-0.7657852880859375,2.9020418461707504,0.39024,1.0
PIGL,0.92654,2.5347161776345524,-0.5013092517089843,3.307956490573293,0.4181,1.0
TTLL5,0.92646,2.5335413956877013,-1.0418569287109376,3.3824330877671493,0.38246,1.0
SPRED3,0.92644,2.5332478840433916,-0.32706183029174807,3.2152149235282406,0.4557,1.0
RORA,0.92644,2.5332478840433916,-0.26805932556152345,4.329197581305282,0.47892,1.0
NELFCD,0.92642,2.532954445855524,-1.0110760400390626,3.020047651839939,0.36504,1.0
CHD3,0.92632,2.5314883553569665,-1.0225366674804688,2.7430074475669834,0.3554,1.0
ALG10B,0.92632,2.5314883553569665,0.08782265663146972,2.6365725437845327,0.51096,1.0
DNAJC24,0.9263,2.531195357064691,-0.19522513244628906,2.7828969420100393,0.47646,1.0
SYNGR1,0.92626,2.5306095799673414,-1.35030240234375,2.40977311974197,0.27666,1.0
GALNT11,0.92622,2.530024095253276,-1.2866209375,2.3950006851641237,0.2962,1.0
SLC44A2,0.92614,2.5288540016989898,0.3766671893310547,2.875922955175685,0.53396,1.0
LAT2,0.9261,2.5282693922220676,-0.4061869091796875,2.992715591043284,0.4424,1.0
ZNF510,0.9261,2.5282693922220676,0.04934581645965576,3.2749126762820606,0.53354,1.0
C1QC,0.92604,2.5273930237385875,1.262360498046875,3.9064030315426805,0.61912,1.0
RPRD2,0.92596,2.5262255494636086,-1.0207718481445311,2.6877698102303325,0.31682,1.0
ZWILCH,0.92594,2.525933862245023,-0.3737321252441406,3.128888543446458,0.44866,1.0
PHC2,0.92588,2.5250592351987295,-0.5630677209472656,2.628242992191219,0.41,1.0
RPA1,0.92588,2.5250592351987295,-0.38710012268066407,2.838615759929585,0.45722,1.0
ZNF445,0.92586,2.5247678375885823,-0.7695374560546875,3.386981134475269,0.39112,1.0
ALG14,0.92586,2.5247678375885823,-0.6676315356445313,2.8164779312645827,0.41152,1.0
SC5D,0.92586,2.5247678375885823,-0.6146736022949219,3.117180729213384,0.41592,1.0
PTPRN2,0.92586,2.5247678375885823,-0.2373712023925781,3.0264748971203614,0.4852,1.0
APOM,0.92578,2.523602969793373,-0.3379968072509766,2.6379854548216612,0.4477,1.0
RASA3,0.92574,2.5230209689340555,-0.3816737872314453,2.620214265269475,0.44668,1.0
ORMDL3,0.92574,2.5230209689340555,0.01593274697780609,3.6226626159254387,0.50362,1.0
RNF144A,0.92572,2.522730076626956,0.672248779296875,3.0120147846763405,0.5954,1.0
FOXK1,0.9257,2.5224392563494518,-0.6464194873046875,2.5638163483970033,0.40306,1.0
BEST4,0.9257,2.5224392563494518,-0.47457385986328127,4.114439422437699,0.44872,1.0
OPHN1,0.92566,2.521857831727085,0.5375593530273437,3.0111113339447155,0.5725,1.0
ACSF2,0.92542,2.5183753137644556,-0.7613588305664063,2.5760769851583056,0.3815,1.0
ALDH6A1,0.92538,2.5177958961705658,-0.4933555908203125,3.3118968064115224,0.40562,1.0
ZNF18,0.92536,2.517506294448057,-0.8663248583984375,3.398888730025731,0.3732,1.0
ZNF549,0.92528,2.5163486004893207,-0.67493125,3.01410527042619,0.41552,1.0
SPTAN1,0.92526,2.516059355040282,-0.5470817663574219,2.6241505652985584,0.41688,1.0
MUTYH,0.92526,2.516059355040282,-0.4409149243164063,2.7468851795572578,0.43894,1.0
RAD18,0.92526,2.516059355040282,-0.23827182739257813,2.675489005599444,0.46342,1.0
MOCS3,0.92522,2.5154810775223613,-0.7935634912109375,2.7737300537720606,0.38508,1.0
SATB1,0.92516,2.514614194121409,-0.11575823822021485,2.902403296160856,0.49354,1.0
DOLK,0.92514,2.5143253749350327,-1.20370267578125,2.634667689322661,0.32726,1.0
THBS4,0.9251,2.5137479492540997,-0.7271866564941406,3.6327463241574374,0.41318,1.0
TRMU,0.92508,2.5134593426832836,-0.7835300927734375,2.881192069639917,0.38166,1.0
GNLY,0.92508,2.5134593426832836,0.32590745849609376,4.3588147525728385,0.56272,1.0
KBTBD8,0.92508,2.5134593426832836,-0.2798979229736328,2.6683681123832588,0.4627,1.0
NT5M,0.92508,2.5134593426832836,0.23794225189208984,3.644202176113384,0.52604,1.0
ANGPT2,0.92504,2.5128823418905393,-0.5714184924316407,3.356088102511561,0.42692,1.0
DGKQ,0.92502,2.5125939475925363,-0.08098231792449952,2.883537752423631,0.48752,1.0
SENP3,0.92498,2.512017371003312,-1.2153478271484375,2.609745634392952,0.32192,1.0
UCKL1,0.92498,2.512017371003312,-1.1559523974609376,2.392931834746199,0.29842,1.0
CDC34,0.92498,2.512017371003312,-0.8201031225585937,2.460476478485853,0.36998,1.0
PRKCH,0.92496,2.5117291886361968,-0.6665897143554688,3.781580025419665,0.41684,1.0
CLASP2,0.92496,2.5117291886361968,-0.401521103515625,2.748411736433034,0.44294,1.0
NCOR2,0.9249,2.510865064790126,-1.1153647802734374,2.4677798926022225,0.32202,1.0
TUBGCP4,0.9249,2.510865064790126,-0.3290949969482422,3.166451619397277,0.47078,1.0
BASP1,0.9249,2.510865064790126,0.11378607234954834,3.2280555890488105,0.51818,1.0
PRMT1,0.92486,2.5102893345604795,-0.9928935327148437,2.820609002952516,0.36526,1.0
KLHL22,0.92482,2.5097138858458137,-0.9016858251953125,2.632492806403628,0.37394,1.0
GLI1,0.92478,2.5091387183444938,-2.5631685546875,3.415891024536818,0.2236,1.0
ZNF19,0.92478,2.5091387183444938,-0.8913710302734374,2.5054941719677317,0.3639,1.0
SNAPC1,0.92474,2.508563831755362,-0.5339821691894531,2.865530665026371,0.43826,1.0
KLHDC3,0.92464,2.5071278423013603,-1.3132834228515624,2.3452160062789598,0.26332,1.0
KIF3B,0.9246,2.5065539365402145,-1.2129249169921874,2.460692027685402,0.30828,1.0
ZNF530,0.92456,2.5059803103419847,-0.3241417211914063,3.3422545657210305,0.4613,1.0
ZNF138,0.92452,2.505406963408139,-0.7381397045898438,4.149114590594362,0.37574,1.0
SMAD7,0.9245,2.5051203945722005,-1.20429970703125,2.4286074385631875,0.30196,1.0
LPIN1,0.92446,2.5045474659762292,-0.4170894689941406,2.7439751416474576,0.44652,1.0
INPP4A,0.92442,2.503974815900396,-0.8265073217773438,2.5788236028065574,0.38892,1.0
DUS2,0.92438,2.503402444047824,-0.994702392578125,2.802911356442503,0.36416,1.0
ZNF420,0.92436,2.503116362362617,-0.410195703125,3.6720650579510825,0.45618,1.0
DCUN1D2,0.92434,2.502830350122114,-0.5505339672851562,2.8334350231746566,0.415,1.0
KBTBD7,0.92432,2.5025444072893333,-0.6192490246582031,4.146171504588283,0.40958,1.0
HLA-DPA1,0.9243,2.502258533827329,0.07296086585998535,2.853159144295663,0.51518,1.0
BHLHE41,0.92428,2.501972729699183,-0.6895380334472656,3.530308740100457,0.42798,1.0
ZEB1,0.92428,2.501972729699183,-0.47823832397460936,3.3688004431539804,0.42734,1.0
ORC1,0.92426,2.501686994868007,-0.7639890454101562,3.8659023238508987,0.4164,1.0
PNO1,0.92422,2.5011157329491525,-0.26269309997558593,3.089007929979335,0.48096,1.0
VPS37B,0.92422,2.5011157329491525,-0.060697135486602785,2.664212623763111,0.51332,1.0
HHEX,0.9242,2.50083020578784,-0.8330053979492188,2.98966852115121,0.36476,1.0
FUZ,0.92414,2.499974039055185,-0.7611211767578125,2.718605840932683,0.37996,1.0
COG5,0.92412,2.4996887882723464,-0.6785260375976563,2.50259178432246,0.39302,1.0
CCND2,0.92412,2.4996887882723464,0.5378801000976563,3.2071937813365654,0.58752,1.0
ARHGEF1,0.92404,2.498548474803902,-0.7702825170898437,2.7305199503637554,0.366,1.0
BCL2A1,0.92404,2.498548474803902,0.23073503845214843,2.5905316241915934,0.5389,1.0
PDE3B,0.92396,2.4974092630411246,-1.13921265625,2.5091906906963684,0.32274,1.0
GSTM3,0.92396,2.4974092630411246,-0.6474594360351562,2.662538510097373,0.40246,1.0
ALG1,0.92394,2.4971246319682625,-0.25920052124023435,3.3116033355896946,0.46926,1.0
RFC1,0.92388,2.4962711506500104,-0.1037761471748352,2.8256572457841638,0.49112,1.0
ZNF736,0.9238,2.495134135303904,-0.8865293774414063,2.4573373942508083,0.35606,1.0
CENPJ,0.92378,2.4948500526087045,1.08814947265625,2.4386422248741564,0.67434,1.0
CENPT,0.92372,2.4939982146834754,-1.077373955078125,2.309700668338988,0.31596,1.0
ZNF337,0.9237,2.4937144053081526,-0.7567448950195312,2.9635752953230967,0.39784,1.0
TAF4,0.92366,2.4931469912407676,-0.5591294958496094,2.5200370021146936,0.4112,1.0
COL15A1,0.92364,2.49286338647668,-1.0470138940429687,3.2276447233808865,0.3753,1.0
AGPAT5,0.92364,2.49286338647668,-0.024844223985671997,2.8326088748664278,0.49158,1.0
PIGN,0.92362,2.4925798498443594,-0.2973114471435547,3.0085130653422305,0.48648,1.0
ANAPC10,0.92356,2.491729648378731,-0.23360900085449218,2.701564462613703,0.4732,1.0
NUAK1,0.9235,2.4908800588068045,-0.9923276416015625,3.393496087438953,0.3644,1.0
CEP78,0.9235,2.4908800588068045,-0.8320614868164062,3.3301727635787715,0.36994,1.0
BYSL,0.92346,2.4903140052223605,0.07241420159816742,3.212522174626877,0.52528,1.0
TNFRSF10B,0.92344,2.4900310801619585,-0.6057978649902344,2.677638925677718,0.4123,1.0
SLC39A3,0.92342,2.489748222875172,-0.93918794921875,2.6826891825085752,0.35958,1.0
PDE4C,0.92334,2.488617470751407,-0.20312517654418946,3.2580195957193676,0.4614,1.0
IARS2,0.9233,2.488052500405372,-0.821269345703125,2.8609494677678007,0.3778,1.0
MOCS2,0.92328,2.4877701165369666,-0.44739651977539063,3.1016036972375867,0.42674,1.0
PLAGL1,0.92322,2.486923369724691,-0.18453923904418945,2.6003564238334214,0.47192,1.0
NFATC3,0.92316,2.4860772293584876,-0.5746024780273438,2.8122984719566726,0.41924,1.0
PAFAH2,0.92308,2.4849499839158,-0.847650546875,2.635977473687657,0.3768,1.0
PHC3,0.92308,2.4849499839158,-0.013974372766017915,2.547399614318648,0.4967,1.0
RAD51C,0.92306,2.4846683404830605,-0.6209765991210937,3.353010974421945,0.41504,1.0
MPST,0.923,2.483823812649169,-0.8704007543945312,2.559341400762251,0.35854,1.0
HLA-DPB1,0.92296,2.483261129129164,-0.4047628857421875,2.782621434077614,0.43896,1.0
CCDC88C,0.92294,2.482979887774779,-0.45731146484375,2.9117759382801873,0.42432,1.0
ASCC1,0.92288,2.4821365649141853,-0.6758866967773437,2.783581955187311,0.406,1.0
CD52,0.92278,2.4807323620600252,-0.5670344201660156,2.5677941145630214,0.40244,1.0
ZKSCAN8,0.92276,2.480451721462571,-0.9327716186523437,2.825165267223174,0.35432,1.0
VCPKMT,0.92268,2.4793298244919586,-0.31235042541503905,3.068946325317623,0.46442,1.0
KIF20B,0.92266,2.4790495164306705,-0.5568999816894531,3.3701506173807405,0.41766,1.0
FUCA1,0.92262,2.4784890994832893,-1.405393837890625,2.1587491984538896,0.2338,1.0
PROS1,0.9226,2.4782089905280382,-0.08288035669326782,3.251008951979277,0.4989,1.0
PCGF6,0.92258,2.477928947872351,-1.1408751611328125,2.9251678570143933,0.30982,1.0
NICN1,0.92256,2.4776489714817163,-0.3426210498046875,2.6885560018018007,0.4558,1.0
FCHO1,0.9225,2.476809439555381,-0.7596120678710937,2.901890072128784,0.39318,1.0
CSNK1E,0.92248,2.4765297278803495,-0.6787183813476563,2.618394167992487,0.40306,1.0
CRAT,0.92242,2.475690989275181,-0.5305230114746093,2.567282758868491,0.41698,1.0
TNFRSF17,0.9224,2.475411541765676,0.7782213244628906,4.200841750637749,0.57504,1.0
MAP3K5,0.92238,2.4751321602118024,0.6382238012695313,2.5560233641512005,0.60278,1.0
CRKL,0.92236,2.4748528445793125,-0.5289264172363282,2.6266782413213066,0.42098,1.0
KIFAP3,0.92222,2.472899478079412,-0.06076669093608856,3.0359650164564935,0.5007,1.0
TAF3,0.92218,2.4723419647114526,-0.6184978540039062,2.583558224601308,0.41278,1.0
ZNF569,0.92214,2.4717847136649653,-0.9616517797851563,3.661655725394052,0.37886,1.0
TEX10,0.92194,2.469002383764686,-0.8486129858398438,2.59360831018684,0.37136,1.0
TYSND1,0.92192,2.468724509791326,-0.5329619470214844,3.2299967589808927,0.4203,1.0
MGAT4A,0.92188,2.468168957233812,-0.7488772436523438,2.4277871191302314,0.37998,1.0
LGALS1,0.92186,2.4678912785824423,-0.5808847229003906,2.657719106462755,0.39586,1.0
COX11,0.92184,2.467613664971232,-0.9000116821289063,3.863697658594872,0.35178,1.0
HSD17B12,0.9218,2.467058632735142,-0.2284862973022461,2.641787016557421,0.46988,1.0
GSTT1,0.92178,2.466781214043256,-1.3321377587890626,2.0491083539666595,0.24756,1.0
PIAS2,0.92178,2.466781214043256,-0.9607268090820312,2.468940102307022,0.35366,1.0
NDUFAF5,0.92172,2.465949347270715,-0.8811569360351562,2.4667434949143243,0.36626,1.0
MTMR1,0.92172,2.465949347270715,0.7292455297851562,2.6676539941094997,0.61982,1.0
DDIT4,0.9217,2.4656721880028605,-0.6840287426757813,2.695876200382195,0.41292,1.0
CD207,0.92166,2.4651180637514245,-0.6839113708496094,3.2774700493402844,0.41674,1.0
ACP5,0.92164,2.4648410987011915,-0.5875407861328125,2.530692728861346,0.41096,1.0
CDC16,0.9216,2.464287362585264,-0.7746864721679687,2.49815670144933,0.37364,1.0
MCM5,0.92156,2.4637338848937764,-0.5394994384765625,2.684792361403806,0.4173,1.0
ORC4,0.92154,2.4634572428741857,0.15700988998413085,2.6138797126607933,0.52004,1.0
IL4R,0.92152,2.4631806653611434,-1.1046643310546875,2.1854954379832274,0.28076,1.0
ODC1,0.92144,2.4620749997121525,-0.9321527758789062,2.3076382701833924,0.33832,1.0
SMARCA2,0.92144,2.4620749997121525,-0.13400656806945802,2.868063938502635,0.49794,1.0
ABLIM1,0.92142,2.461798744235343,-0.6459363171386718,3.3659237542632825,0.38466,1.0
HPS4,0.92138,2.461246426173107,-0.8792280834960937,2.692533456559414,0.34898,1.0
PELP1,0.92136,2.4609703635217404,-0.8351317529296876,3.2362700961038597,0.38356,1.0
TMED3,0.92134,2.4606943650796236,-0.671879150390625,3.0532123210780595,0.4166,1.0
TMPO,0.9213,2.460142560691529,0.02937705090045929,3.6210743664008604,0.52244,1.0
FCGR3A,0.92124,2.459315334856882,-0.5778719567871093,3.6205567782278374,0.40768,1.0
IL32,0.9211,2.457387380142362,0.14500378364562988,4.1741497726607095,0.52328,1.0
SNCA,0.92104,2.4565620712401826,-0.92855875,2.4010897418838155,0.34536,1.0
ZNF419,0.92104,2.4565620712401826,-0.856421318359375,3.1246392207476674,0.3891,1.0
NUP54,0.92104,2.4565620712401826,-0.45080753662109374,2.6891198509434497,0.4332,1.0
ALS2CL,0.92104,2.4565620712401826,-0.4450378454589844,3.550041464834844,0.45668,1.0
EPS15L1,0.92098,2.455737335509675,-0.885801826171875,2.508477226495055,0.36306,1.0
HLA-DRB1,0.92094,2.455187829684832,-0.301735849609375,3.5487585318933026,0.45378,1.0
ZNF235,0.92082,2.4535408357370736,-0.4470967199707031,2.6611536449837296,0.44572,1.0
NIPAL3,0.92076,2.452718194147224,-0.3617619976806641,3.6525335084666364,0.44832,1.0
PRC1,0.92072,2.452170082638503,0.1704699365234375,2.574191704288784,0.52616,1.0
ARV1,0.92068,2.4516222238038985,-0.7437923046875,2.584386105566254,0.36422,1.0
FABP5,0.92068,2.4516222238038985,-0.24436228790283204,2.607986438549316,0.46844,1.0
CBR3,0.92066,2.451348389059111,0.2825991552734375,2.7289871780973964,0.52504,1.0
MCPH1,0.9206,2.4505272631300508,-0.7282996459960938,2.521539118868814,0.39016,1.0
SPN,0.92056,2.4499801607782867,0.3553464636230469,2.556766119994767,0.55148,1.0
WDR36,0.92054,2.4497067039867693,-0.7525902514648437,3.388272632039087,0.41074,1.0
PSTK,0.92046,2.448613505305192,-0.4867362255859375,3.2007924609309417,0.43164,1.0
GBP3,0.92044,2.448340362596602,1.462414921875,1.307283158475465,0.90762,1.0
SNRNP25,0.92044,2.448340362596602,-1.3989904248046876,2.3046365736526226,0.26516,1.0
CEP76,0.92038,2.4475213106702,-0.3710192529296875,2.770444146457928,0.44078,1.0
PINK1,0.92034,2.446975589234575,-1.350339150390625,2.1791340290175647,0.25472,1.0
SLC39A4,0.92034,2.446975589234575,-0.5821321350097656,2.5068890569379456,0.41398,1.0
IMP3,0.92032,2.44670282237623,-0.9075811059570312,2.731106970828827,0.29048,1.0
FBXW4,0.92032,2.44670282237623,0.17392377067565917,2.52902073410964,0.5208,1.0
APOBEC3C,0.9203,2.446430118048642,0.2927240350341797,2.6753626292349715,0.53924,1.0
DROSHA,0.92024,2.4456123799341714,-0.02671301685333252,2.462909061178842,0.48764,1.0
XPC,0.9202,2.4450675332656053,-0.8351042211914063,3.1136796086581056,0.36652,1.0
HSPA1B,0.92018,2.444795203459021,0.8360458666992188,2.558577921551375,0.63604,1.0
RHOBTB3,0.92018,2.444795203459021,-0.4960425231933594,2.645092463299292,0.42338,1.0
PEX3,0.92018,2.444795203459021,-0.3815034729003906,3.0174441246653503,0.442,1.0
LIPT1,0.92016,2.4445229359622354,-0.9579663256835937,2.6908257857916547,0.32906,1.0
INSIG1,0.92004,2.4428906377266038,-1.5616380224609374,1.5735253722010787,0.1437,1.0
ZNF595,0.92,2.442347035369205,-0.39041386108398435,2.5856321960037154,0.40968,1.0
MME,0.91998,2.4420753272472644,2.194201201171875,3.293355377645024,0.75204,1.0
TTC5,0.91998,2.4420753272472644,-0.93708771484375,3.028373379493754,0.34078,1.0
TRMT10A,0.91996,2.4418036811214767,-0.4291912689208984,2.5751742604859906,0.43934,1.0
ARSG,0.91994,2.441532096960607,0.9021645581054687,2.293258255518688,0.66406,1.0
PIP4K2C,0.91994,2.441532096960607,-0.0630520212650299,2.510640965151259,0.49188,1.0
EEFSEC,0.91982,2.439903891512428,-0.5078697790527343,3.1511896077156205,0.41982,1.0
SNX5,0.91978,2.439361650670156,-1.0750244750976563,2.3897349721916883,0.30304,1.0
ZNF782,0.91972,2.4385487519656626,-0.6144985595703125,3.2712102949403166,0.42432,1.0
KRBA1,0.9197,2.4382779089559357,-0.7082225805664063,2.9175563731380345,0.42006,1.0
PTGER4,0.9197,2.4382779089559357,0.2445866082763672,2.5800446429862145,0.53838,1.0
SELPLG,0.91966,2.4377364075885044,-0.45202925415039064,2.847551182505064,0.42988,1.0
RGS18,0.91954,2.436113378479762,-0.7496385302734375,2.472489115343479,0.37266,1.0
BBS5,0.9195,2.435572859619858,-0.6959074853515625,3.4388569592081266,0.41808,1.0
HGSNAT,0.91948,2.4353026920846252,-0.5881720861816406,2.5873591000596994,0.4155,1.0
CD247,0.91944,2.4347625406501967,-0.2387960104370117,4.562794294935875,0.46188,1.0
SESN2,0.91938,2.43395277212912,-0.9133408154296875,2.3817644047785738,0.34666,1.0
SAE1,0.91936,2.4336829714678654,-0.7530411401367187,2.512035280065318,0.38396,1.0
CXCL16,0.91934,2.43341323184524,-0.6207923400878906,3.030250407895476,0.39048,1.0
PMEPA1,0.91932,2.4331435532307193,-1.25784326171875,2.801118996693328,0.33296,1.0
CTSD,0.91926,2.432334883130922,-0.5521223400878906,2.4138079565829944,0.39752,1.0
CD2,0.91924,2.432065448244068,-0.5447793530273437,4.4311972038761835,0.4172,1.0
CPSF4,0.9192,2.4315267610074964,-0.5885917822265625,2.6932286123585216,0.42088,1.0
PLEKHA1,0.91918,2.43125750859703,-0.8565867749023437,3.1602756498444724,0.36822,1.0
MTO1,0.91918,2.43125750859703,-0.8088107373046876,2.677350780704575,0.37178,1.0
MAP1LC3A,0.91912,2.430450115832894,-1.322304111328125,2.0035628912114882,0.23896,1.0
SH2B1,0.9191,2.430181106299618,-0.9497299096679688,2.2929923716948606,0.3346,1.0
DDHD2,0.91908,2.429912157409958,-0.7541622534179687,2.9175957230795415,0.3957,1.0
TYW3,0.91908,2.429912157409958,-0.26614692810058593,2.836399113974684,0.46802,1.0
ZNF439,0.91904,2.429374441440594,-0.37796379699707033,3.6932045929022883,0.45032,1.0
SLC35A1,0.91892,2.4277627458401705,-0.46876993530273436,2.568211854689712,0.42284,1.0
ARHGAP12,0.9189,2.4274943413854726,-0.5715367626953125,2.4936421511729607,0.40128,1.0
SRPRB,0.91884,2.426689489955418,-0.19825886291503905,3.705037009746075,0.4854,1.0
OXCT1,0.9188,2.4261532236473102,0.06349799695968628,3.2434308062616517,0.51456,1.0
GNGT2,0.91876,2.42561719810937,-0.585952919921875,2.5730132383751503,0.40686,1.0
MRPS2,0.91858,2.4232080563177023,-0.9698379223632813,3.0991362818386308,0.34898,1.0
SMC4,0.91856,2.4229406736171146,-0.7800808935546875,2.3999778666580283,0.36688,1.0
TRMT61B,0.9185,2.422138884408363,-0.925626376953125,3.0566759592183845,0.36852,1.0
GZMB,0.91848,2.4218717408710866,0.11218402936935425,4.534884781108497,0.53,1.0
ZNF256,0.91846,2.4216046570506706,-0.5569248205566406,2.9956609405622747,0.4106,1.0
LMNA,0.91838,2.4205369183470355,-0.5301066491699219,2.3692298093947297,0.414,1.0
MRGBP,0.91836,2.4202701326681852,-0.5980498510742187,2.5494776097587826,0.42132,1.0
KHDRBS2,0.91834,2.4200034065292564,-0.3811585983276367,3.2380386131763332,0.45332,1.0
ZNF282,0.9183,2.4194701327535193,0.12966008371829987,2.6732697750197065,0.51864,1.0
GNG3,0.91826,2.418937096784771,0.8086115014648437,3.8115210908030237,0.58696,1.0
CD244,0.91824,2.4186706679046575,-0.8176409545898438,3.0276090162560467,0.36024,1.0
C4BPB,0.91824,2.4186706679046575,-0.6849188256835937,4.020630172432452,0.4328,1.0
KLRF1,0.91824,2.4186706679046575,-0.3841884393310547,3.3603851133868377,0.43782,1.0
GRIN2C,0.91824,2.4186706679046575,-0.20070521751403808,4.083965950447266,0.48294,1.0
PIGA,0.91816,2.4176055457290415,-0.4853898950195312,2.466545778126605,0.43044,1.0
ERBB3,0.91812,2.4170733402386726,-2.570968876953125,3.5179115079103944,0.21824,1.0
RPS6KB1,0.91812,2.4170733402386726,-0.25579403930664063,2.5598778915431577,0.47534,1.0
ACBD4,0.91804,2.4160096392852655,-0.7882066748046875,2.5848191621609793,0.37056,1.0
SATB2,0.91804,2.4160096392852655,-0.5375171118164063,2.9487041716666917,0.42372,1.0
ZNF554,0.91804,2.4160096392852655,-0.3746131091308594,3.785280380306036,0.4714,1.0
EIF2B4,0.91802,2.415743861799351,-1.1619896630859374,2.4280035127729285,0.3106,1.0
CCL13,0.91802,2.415743861799351,0.6566655126953125,4.931939069226383,0.54184,1.0
LEMD3,0.91802,2.415743861799351,-0.23715755859375,2.555751197402997,0.46302,1.0
TRMT12,0.918,2.415478143356238,-0.8134352368164063,2.4760183255214283,0.36834,1.0
B3GAT3,0.91798,2.4152124839268736,-1.0417535815429688,2.5260382694297503,0.33676,1.0
PLK3,0.91792,2.414415859431101,-1.1837872607421875,2.0355461506585297,0.26978,1.0
FUT11,0.91786,2.413619765015317,-0.20654415954589844,2.5438258354791565,0.46688,1.0
ZFP90,0.91786,2.413619765015317,-0.12054588953018189,2.9308443444389667,0.4608,1.0
PARD6G,0.9178,2.412824199898598,-2.4035172265625,3.3005272454362964,0.22654,1.0
ATP6V0A4,0.9178,2.412824199898598,-1.1262703442382813,3.9561900511811086,0.34296,1.0
UTP15,0.91774,2.4120291633017357,-0.2341411328125,3.1063218427688364,0.4681,1.0
SOCS3,0.91774,2.4120291633017357,0.053331081476211545,2.3300129330981894,0.50732,1.0
RRP9,0.91772,2.4117642684172043,-0.4119243762207031,3.4448391012172372,0.45006,1.0
FTH1,0.91764,2.4107052746845454,-0.9177820288085937,1.977286150913919,0.31584,1.0
TIFA,0.91758,2.409911643677415,0.3369051019287109,2.407768650466528,0.5514,1.0
ZKSCAN4,0.91756,2.4096472168636693,-0.5814365075683594,2.8168446591461977,0.43584,1.0
EZH2,0.91752,2.4091185383475624,-0.23498508819580077,2.4717071325200752,0.46068,1.0
GEMIN7,0.9175,2.40885428658809,-1.0099863525390624,2.3151383912867587,0.33462,1.0
NTNG1,0.9175,2.40885428658809,-0.46222251892089844,3.8871186598578285,0.43722,1.0
NDUFAF2,0.91748,2.4085900931229633,-0.7272790576171875,2.651305165121785,0.3957,1.0
ZFP1,0.91748,2.4085900931229633,-0.4135731872558594,4.419117916087218,0.46376,1.0
OCRL,0.91738,2.407269999215588,-2.5448994140625,3.047515544790846,0.1679,1.0
CRY1,0.91738,2.407269999215588,-0.7879087353515625,2.374771995747792,0.35334,1.0
AGPAT4,0.91736,2.4070061549186654,-0.6902621215820313,2.6440152940904245,0.38066,1.0
WASL,0.91736,2.4070061549186654,0.22044409469604492,2.4810943761689903,0.53578,1.0
KBTBD6,0.9173,2.4062149704859643,-0.626474658203125,4.224292568673988,0.42574,1.0
ZNF548,0.91726,2.405687804295873,-0.7194093139648438,2.568827227533633,0.37454,1.0
PCNA,0.91722,2.405160869920412,-0.2900933532714844,2.4384047292710567,0.45482,1.0
TMEM186,0.91716,2.404370902515409,-0.7336316040039063,2.4192806430348064,0.386,1.0
WARS2,0.91716,2.404370902515409,-0.2259066781616211,2.7497420832369865,0.47608,1.0
SLC2A3,0.9171,2.4035814554236494,-0.5998129821777344,2.6893968508881883,0.43416,1.0
POLB,0.9171,2.4035814554236494,-0.570539423828125,2.4374258362592536,0.4034,1.0
IKBKB,0.91706,2.4030554460501845,-0.53310076171875,2.4127058776555503,0.41362,1.0
GPX1,0.91704,2.402792527885482,-1.15252736328125,1.8549510641322777,0.26048,1.0
APEH,0.91704,2.402792527885482,-1.012916669921875,2.079825243247766,0.26294,1.0
INO80E,0.91698,2.4020041191429073,-1.0361302368164063,2.518487407126503,0.33194,1.0
SLC25A20,0.91698,2.4020041191429073,-0.7855050537109375,2.3018071140480205,0.37144,1.0
HAS1,0.91696,2.4017414313858487,-2.27541173828125,2.5418626166488423,0.1537,1.0
FAM135A,0.91696,2.4017414313858487,1.0709535620117188,2.7308976945346037,0.70736,1.0
IL7R,0.91692,2.4012162284395635,-0.0914626448059082,3.3421733921271364,0.47682,1.0
ALG12,0.91688,2.400691255397472,-0.686887421875,2.382811370028829,0.38436,1.0
ENPP4,0.91688,2.400691255397472,0.338059384765625,2.8207672993459396,0.57268,1.0
CA2,0.91682,2.399904226416491,-0.4290004235839844,2.2780521644397242,0.42392,1.0
ALOX12,0.9168,2.3996419981333115,0.3467886486816406,3.3905892878794774,0.53848,1.0
ACAD8,0.91676,2.3991177134657726,-1.045246630859375,2.644626389206919,0.30732,1.0
ARHGEF18,0.91676,2.3991177134657726,-0.21390721771240234,2.4329814430468923,0.46232,1.0
EEF1E1,0.91672,2.398593657811479,-0.34766990783691404,3.1369173902590535,0.46664,1.0
LBR,0.9167,2.3983317157949324,-0.66856400390625,2.576000083558489,0.39064,1.0
NUP160,0.9167,2.3983317157949324,-0.14088193878173827,2.33150853836767,0.47144,1.0
MMRN1,0.9167,2.3983317157949324,-0.05481612421035766,3.432047442220395,0.484,1.0
ACADM,0.9165,2.3957154354229497,-0.19776897079467773,2.711312217008042,0.48488,1.0
RPIA,0.91648,2.3954541207578424,-0.6285639575195312,2.8443018811566283,0.41716,1.0
CTSC,0.91646,2.3951928629593278,1.25498919921875,2.3538950683190576,0.70622,1.0
RGP1,0.91646,2.3951928629593278,-0.7522152661132813,2.6285203526332785,0.37282,1.0
CLCN6,0.91646,2.3951928629593278,-0.7247507885742187,2.3870073701365166,0.37754,1.0
RXRB,0.91642,2.3946705178521923,-0.4603036279296875,2.4626880804993387,0.42872,1.0
WRAP53,0.91634,2.3936265088294815,-0.6378998071289063,2.431346240087969,0.40436,1.0
ITPR2,0.9163,2.393104844475738,-0.6121474523925782,2.471442453551524,0.39526,1.0
LGALS3,0.91624,2.39232277252718,-0.6508432751464843,2.6983144232111087,0.3862,1.0
ABCD4,0.91624,2.39232277252718,-0.5971712231445313,2.5682364995747693,0.4014,1.0
ERCC4,0.91624,2.39232277252718,-0.5920982250976563,2.684675260499155,0.43204,1.0
SPINT2,0.91618,2.39154120942254,-0.34256614135742186,2.3170165524701125,0.44088,1.0
JADE1,0.91604,2.3897195368905435,-0.7270977368164062,3.398504952529341,0.37774,1.0
ACD,0.91602,2.389459523240858,-0.4382190612792969,2.624357572361804,0.4347,1.0
GPI,0.916,2.3891995658308174,-1.090970146484375,2.419670839496792,0.31542,1.0
ADARB1,0.916,2.3891995658308174,-0.9857943188476562,2.7459067886907023,0.31284,1.0
ZNF565,0.91598,2.3889396646333925,-0.7565820385742188,2.571759164645502,0.38096,1.0
TNKS,0.91588,2.387641000890998,-0.3570376953125,2.3650583498485696,0.43946,1.0
ITCH,0.91582,2.386862475471545,-0.3176986206054688,2.418847387521923,0.44502,1.0
IMPA2,0.91578,2.3863437384213046,-0.8377357299804687,2.232602679748535,0.3471,1.0
GSR,0.91572,2.3855660521535538,-1.1220160498046876,2.1198380280650415,0.2869,1.0
CCT2,0.91564,2.3845299187132305,-0.6165310522460937,2.5721049693461335,0.41036,1.0
SLA,0.91564,2.3845299187132305,-0.22151339965820313,2.669219996176901,0.48164,1.0
NT5C3B,0.91554,2.383236005625902,-1.0978101123046875,2.326129994280268,0.31218,1.0
FAHD1,0.9155,2.382718829751437,-0.5282555261230468,2.4367536007645936,0.41626,1.0
CRYM,0.91544,2.3819434824474777,-0.18684212589263915,3.5702634297054217,0.4632,1.0
GIPR,0.91542,2.381685144308823,-0.28726749145507813,3.7555952223702977,0.45594,1.0
C3AR1,0.91536,2.380910462410229,0.4721588989257812,2.708827867468039,0.58812,1.0
POLR2B,0.9153,2.380136278732725,-0.85915306640625,2.422744753641464,0.36748,1.0
APOO,0.91514,2.3780742192616806,0.2157507568359375,2.4745540573605824,0.54192,1.0
COA1,0.91512,2.377816709911691,-0.662919150390625,3.071356116662129,0.3769,1.0
TSPYL2,0.9149,2.3749877341061616,-0.6977782397460938,2.432846985307151,0.37104,1.0
HMGB2,0.91488,2.374730883540613,-0.9506579833984375,2.3653966501758887,0.33324,1.0
JOSD1,0.91482,2.373960660116803,-0.9290365673828125,2.16194117188334,0.31096,1.0
PRKD3,0.9148,2.3737040283133553,-1.0133712280273437,2.2681596047208856,0.31576,1.0
ZMYM2,0.91478,2.3734474511356383,-0.5351191662597656,2.3944216252171846,0.41124,1.0
BATF,0.91476,2.3731909285577664,-0.34903672241210937,2.740911499278399,0.44274,1.0
ID2,0.91474,2.3729344605538776,-0.7953112573242187,2.3882841775147114,0.37272,1.0
CRCP,0.91474,2.3729344605538776,-0.75755310546875,2.3632861728072956,0.3805,1.0
TAF1D,0.91472,2.3726780470981264,-0.5230721752929688,2.847517156483088,0.4287,1.0
FANCF,0.9147,2.372421688164685,-0.3525100360107422,3.5989116077571572,0.44574,1.0
BLNK,0.91466,2.3719091337615126,0.9398045336914063,3.3184572282844145,0.67516,1.0
HSPB1,0.91466,2.3719091337615126,0.8679373413085938,2.4057739435898626,0.63038,1.0
APP,0.91466,2.3719091337615126,-0.2651058410644531,2.3690926175507596,0.45092,1.0
HINT2,0.9146,2.37114071042943,-0.35801172180175783,3.5049732732383343,0.42836,1.0
IFT27,0.91458,2.3708846780884842,-0.9525067065429688,2.792707558130759,0.33012,1.0
SAMM50,0.91458,2.3708846780884842,-0.7983252368164062,3.0905614092061864,0.38342,1.0
SMN2,0.91458,2.3708846780884842,-0.33231026977539063,2.4816314847309737,0.45406,1.0
IL36G,0.91456,2.3706287000895636,1.3342139453125,3.4589579840804157,0.65964,1.0
GGA2,0.91456,2.3706287000895636,-0.8173434545898437,2.2308000398655503,0.36318,1.0
ZNF664,0.91446,2.3693496243270515,-0.2850462274169922,2.512201722770604,0.46984,1.0
COG3,0.91444,2.369093971841566,-0.2990160186767578,2.367715012731093,0.45094,1.0
BRAF,0.91442,2.3688383735187024,-0.5810703405761719,2.3413937851115394,0.40002,1.0
UHRF2,0.91442,2.3688383735187024,-0.20740048095703126,2.5670515144809216,0.4611,1.0
PRMT3,0.91436,2.3680719032703648,-0.19277321899414063,2.966119777236522,0.4923,1.0
NUMA1,0.91434,2.3678165213426,-1.3590591650390624,1.9567993543710802,0.22132,1.0
TNIK,0.91432,2.3675611934498493,-0.5003551232910156,2.9914612572656583,0.4194,1.0
ATF2,0.91432,2.3675611934498493,-0.24205633666992188,2.3323893620336933,0.4571,1.0
FUNDC1,0.9143,2.367305919566647,0.22370794509887695,2.5258398335354992,0.54268,1.0
VPS45,0.91426,2.366795533727103,-0.91868984375,2.3583370701864483,0.35302,1.0
BRF1,0.91416,2.365520512516015,-0.764955322265625,2.3158983592563476,0.36408,1.0
RUVBL2,0.91416,2.365520512516015,-0.46751998779296877,2.801939629259357,0.43284,1.0
ADAMTS17,0.91414,2.36526566979449,0.8680595751953125,4.240453017386437,0.56844,1.0
EGLN1,0.91412,2.3650108808541037,-1.0504423388671875,2.4534173659655796,0.3095,1.0
KIF2A,0.9141,2.364756145669564,-0.536843837890625,3.0671350865313,0.41446,1.0
CA13,0.9141,2.364756145669564,-0.23775811798095703,2.4701642948881766,0.4564,1.0
ADPRM,0.9141,2.364756145669564,0.10691200775146484,2.3789044834437028,0.51238,1.0
GATA1,0.914,2.3634832752006427,-0.5747593811035157,3.0462834319188854,0.40486,1.0
YEATS4,0.914,2.3634832752006427,-0.3897559912109375,2.3516415131515434,0.43414,1.0
DPH7,0.91398,2.3632288620210744,-1.0230596240234375,2.6213928232559924,0.29836,1.0
MAP2K5,0.91396,2.362974502420814,-0.6292467138671874,2.8881890443493905,0.40526,1.0
MLLT3,0.91396,2.362974502420814,-0.3349097863769531,3.4993749505253,0.42598,1.0
ENOPH1,0.91394,2.362720196374712,-0.7776435400390626,2.7497315879709996,0.34198,1.0
TIMM9,0.91394,2.362720196374712,-0.46752786865234375,3.0391425787396678,0.43442,1.0
CA5B,0.91384,2.3614494685775584,-0.30839569274902345,2.4146378535675592,0.44508,1.0
ALG3,0.91382,2.3611954833292406,-0.70306794921875,2.949127808993931,0.40916,1.0
COPZ2,0.9138,2.360941551459523,-0.4969858642578125,3.567806159661062,0.4309,1.0
PIGK,0.91378,2.3606876729433965,-0.40373958984375,3.4265412373711923,0.44934,1.0
SOX13,0.91374,2.3601800758719573,-0.24773531799316406,3.5698233424910293,0.46484,1.0
PLIN2,0.91368,2.359419079792473,-1.353346640625,1.5051496561792541,0.16134,1.0
METTL22,0.91368,2.359419079792473,-0.5425886364746094,2.2681016965611627,0.40408,1.0
ZNF211,0.91364,2.3589120151338268,-0.9782811889648437,1.9985308317937034,0.29318,1.0
KPNA1,0.9136,2.3584051630917355,-0.124958588180542,2.2849870289202245,0.47956,1.0
MAPK8,0.91358,2.3581518167397735,-0.4113936096191406,2.3745367733114353,0.42842,1.0
LIAS,0.9135,2.3571389618802274,-0.5550487341308594,2.9689965957461504,0.41988,1.0
POLD3,0.91348,2.3568858806785324,-0.18117010772705078,2.2746183465660605,0.46426,1.0
LEO1,0.9134,2.355874085182509,-0.36465990478515625,2.552251768799873,0.45264,1.0
FECH,0.9134,2.355874085182509,-0.17579708099365235,2.2856633626603595,0.47196,1.0
SLC1A7,0.91338,2.3556212685127367,-0.04876433811187744,3.8858693837355767,0.48324,1.0
USP28,0.91336,2.355368504675336,0.4960044152832031,2.315095091801213,0.58946,1.0
TLE3,0.9133,2.354610529911137,-1.092508486328125,2.2147586617862633,0.3058,1.0
HDAC6,0.91322,2.353600635053059,0.0799660181427002,2.4219194283031795,0.51214,1.0
TRAPPC2,0.91308,2.3518353445882028,-0.6268371044921875,2.711003477276791,0.3962,1.0
P2RY10,0.91304,2.35133144843239,-0.524395732421875,3.8946583629703935,0.40826,1.0
TRPM7,0.91304,2.35133144843239,-0.3884408679199219,2.3799630258954902,0.43138,1.0
NCAPH2,0.9129,2.3495694617125786,-0.45872533447265623,2.3621010892411443,0.42014,1.0
ZNF614,0.91288,2.3493179585017194,-0.9943961865234375,2.214034750533829,0.32188,1.0
MTMR9,0.91288,2.3493179585017194,-0.6336328564453125,2.351284520303839,0.39246,1.0
RRM2,0.91284,2.3488151087207907,0.22028722198486328,3.8461911283866526,0.50984,1.0
BNIP1,0.91284,2.3488151087207907,0.006809155597686767,2.899896452665387,0.50476,1.0
COPS7B,0.91278,2.3480612252884727,-0.5924694934082031,2.7616126609690173,0.41866,1.0
TTC37,0.91272,2.347307810763298,0.3946117852783203,2.3975267521345214,0.55776,1.0
PIM1,0.91272,2.347307810763298,-0.04890948670387268,2.68375683925847,0.49034,1.0
ABHD5,0.9127,2.3470567766772747,-0.9000735571289062,2.1499848323319206,0.33374,1.0
PIK3CG,0.9127,2.3470567766772747,-0.0843549497795105,2.4815550474219177,0.48764,1.0
SCCPDH,0.91264,2.346303986349227,-0.6639987646484375,2.470028611913301,0.37586,1.0
HAUS6,0.91262,2.346053160136404,-0.33782184814453126,2.3737871353093065,0.4443,1.0
ZNF773,0.91248,2.344298828734557,-0.5320128442382812,2.9668762161578286,0.40286,1.0
USP30,0.91242,2.3435477490071706,0.4462304638671875,2.1960361916753843,0.58168,1.0
MOCS1,0.91234,2.342547032625943,0.09178292377471924,3.260340412570575,0.49582,1.0
OAT,0.91228,2.3417970369482615,-0.83106013671875,2.3982529339280525,0.32426,1.0
GLRX5,0.91226,2.3415471414257794,-1.0237453173828126,2.4630329011224688,0.28466,1.0
TNFAIP8L1,0.91224,2.3412972973821287,-1.5521077587890626,1.8933648177865228,0.17582,1.0
TIMP1,0.9122,2.3407977636365294,-0.792083046875,3.526937598236353,0.35516,1.0
SYNE1,0.91218,2.340548073887228,-0.10275785040855408,3.020893746443991,0.4838,1.0
TRIAP1,0.91208,2.3393003954300986,-0.5038185888671874,3.154970185053161,0.435,1.0
CDK7,0.91198,2.338053998626363,-0.67748875,2.2353198853222747,0.37754,1.0
ZNF354B,0.91198,2.338053998626363,-0.5650270251464844,2.411341332007533,0.399,1.0
NDE1,0.91176,2.335316422602233,-0.511747265625,2.46193488713026,0.42104,1.0
RAB27A,0.91176,2.335316422602233,-0.3943989013671875,2.2312289290756575,0.44664,1.0
MAP3K8,0.91176,2.335316422602233,-0.006543725967407227,2.305791195886016,0.48876,1.0
RBM28,0.91174,2.335067857868403,-0.5867848291015625,2.7489706045443176,0.4181,1.0
MTMR12,0.91174,2.335067857868403,-0.5223958264160157,2.348792551120549,0.4165,1.0
ANAPC5,0.91172,2.334819344002401,-0.8643952197265625,2.5685215808213715,0.3581,1.0
DUSP1,0.91172,2.334819344002401,-0.5961323498535156,2.12216725499591,0.39426,1.0
NDUFAF7,0.9116,2.333329327727931,-0.37435242065429686,2.6050358854282636,0.46942,1.0
TBC1D1,0.91156,2.332833061525325,1.2582947265625,1.6541005321799906,0.80868,1.0
SIRT5,0.9115,2.3320890421048337,-0.24058784301757813,2.810631318362638,0.4618,1.0
SH2D1A,0.9114,2.3308500212187466,-0.3784996661376953,4.425467934606877,0.43324,1.0
RRN3,0.91132,2.329859713182739,-0.43960546752929686,2.3801164628371336,0.41536,1.0
HTT,0.9113,2.329612262186547,-0.38694690673828125,2.337504942666577,0.43618,1.0
RNU12,0.91122,2.328622961564345,0.1067756623840332,2.7170552463703608,0.51758,1.0
CNOT6L,0.91112,2.3273874666347214,-0.44155259399414065,2.738620172160069,0.43106,1.0
ECE1,0.9111,2.327140518199954,0.862053447265625,1.895064165139258,0.6977,1.0
GPR18,0.91106,2.326646771699072,-0.413144013671875,3.633251743948469,0.41306,1.0
B4GALT7,0.91094,2.3251667335069754,-0.4460391796875,2.3415470871031405,0.42852,1.0
ECI2,0.91086,2.324181040654269,-0.6861939038085938,2.5840334675719996,0.3549,1.0
ACTL6A,0.91076,2.3229500462256323,-0.6677395971679687,3.0583373243886878,0.41878,1.0
PCYT2,0.91076,2.3229500462256323,-0.44837037841796873,3.014753206214785,0.4222,1.0
SOD2,0.9107,2.3222120466913188,0.3875459484863281,3.162943263945282,0.57076,1.0
TMEM129,0.91058,2.3207373883131215,-0.7890904858398438,2.757538508712442,0.36444,1.0
CBLB,0.91044,2.31901920740743,-0.6565908349609375,2.785722478181432,0.37406,1.0
CHN2,0.91042,2.318773950717165,-0.19174818969726562,2.301628731843566,0.46394,1.0
CD96,0.91028,2.31705853483901,-0.6453306323242187,3.9573648972102036,0.3846,1.0
NPRL2,0.91028,2.31705853483901,-0.5634287719726563,3.7643407212669238,0.39712,1.0
UTP14A,0.91018,2.3158347144888305,-0.6147391381835937,2.434352096128001,0.39278,1.0
FCN1,0.91018,2.3158347144888305,0.43898431640625,3.9000878791716778,0.59022,1.0
WDR83,0.91012,2.315101011631798,-0.4982094909667969,2.3983701371617676,0.41786,1.0
PLA2G7,0.91012,2.315101011631798,-0.38500903778076173,4.037079872903449,0.4332,1.0
DCUN1D4,0.91012,2.315101011631798,0.2506527142333984,2.7405247583669867,0.563,1.0
AK9,0.9101,2.3148565421057357,-0.4308652746582031,2.6897626663018452,0.4216,1.0
RBBP7,0.91008,2.314612121589386,-0.7917389916992188,2.581644638015049,0.35932,1.0
IL12RB1,0.91004,2.3141234274976976,-0.34634612182617186,2.3942206841075597,0.43748,1.0
SLAMF6,0.91002,2.313879153878335,0.3344787515258789,3.28661462351881,0.55896,1.0
MYLIP,0.91,2.313634929180631,-0.004710582580566406,2.3756123794927597,0.4907,1.0
SLC35B3,0.90998,2.313390753382611,-0.5642945947265625,2.212239225674381,0.40012,1.0
ARAP2,0.90996,2.313146626462313,0.5978401086425781,2.4933394628799506,0.59684,1.0
MAN1A2,0.90994,2.3129025483977896,-0.7748296752929688,2.2453225577515346,0.359,1.0
PABPC1,0.9099,2.3124145387483535,-0.6455603759765625,2.4120193425388403,0.38594,1.0
IFT74,0.9099,2.3124145387483535,0.10264230400085449,2.283876058458109,0.51118,1.0
AGK,0.90984,2.311682890144668,0.6227371789550781,2.2157138794959113,0.61372,1.0
SLC30A5,0.90978,2.3109516800606533,-0.7141662084960938,2.3591134593618666,0.39456,1.0
FLI1,0.90972,2.310220907906878,-0.5579895202636719,2.5425899458575536,0.37958,1.0
BRF2,0.9097,2.309977414405076,-0.5896037158203125,2.6172753935408917,0.40198,1.0
SENP5,0.90962,2.309003925898362,-0.467705810546875,2.2649689320301816,0.41482,1.0
BHLHE40,0.90956,2.308274318685822,-0.6533099853515625,2.2140239606192593,0.37426,1.0
WDR61,0.90956,2.308274318685822,-0.5836283984375,2.404776814041124,0.40446,1.0
EIF5A2,0.90956,2.308274318685822,-0.44930234619140624,2.5651264815892896,0.40382,1.0
RALGAPA1,0.90954,2.308031213150285,-0.752532041015625,2.6362717741326684,0.3797,1.0
PWP2,0.90954,2.308031213150285,-0.38878173828125,2.5041844336924863,0.43434,1.0
CLASP1,0.9095,2.3075451472522963,-0.55697515625,2.2212559623600985,0.39764,1.0
TNRC6B,0.90944,2.3068164110138087,-0.31520914123535154,2.4347650229155424,0.4582,1.0
MAP3K1,0.90938,2.3060881093875363,-0.737095283203125,2.2006385517997282,0.3631,1.0
SLC4A4,0.90934,2.305602816133965,2.0525634619140627,3.099329185304113,0.78144,1.0
GIT2,0.9093,2.305117715610776,-0.7591411206054688,2.1707910994121757,0.35892,1.0
KLC1,0.90926,2.3046328076461386,-0.8230659448242188,2.1482885287629236,0.34224,1.0
METTL21A,0.90926,2.3046328076461386,-0.7958539453125,2.2051287195094824,0.35492,1.0
MRPL12,0.90926,2.3046328076461386,-0.7705089819335937,2.3838028455423714,0.36674,1.0
PSMD3,0.90918,2.3036635687063205,-0.628453427734375,2.254753338459423,0.39148,1.0
ZNF429,0.90916,2.3034213790526,-0.8534964599609375,2.539760920070115,0.32438,1.0
ELMO1,0.90912,2.3029371436929824,0.02908141731262207,2.320629518258104,0.50696,1.0
BCDIN3D,0.9091,2.3026950979443797,-0.8414610400390625,2.7009638864214067,0.3217,1.0
ZFP14,0.9091,2.3026950979443797,-0.6831727758789062,3.0100564774369944,0.36812,1.0
ZNF700,0.9091,2.3026950979443797,-0.6660292065429687,2.3849258166071423,0.39414,1.0
TRIM37,0.90906,2.3022111502029343,-0.5425190930175782,2.396295376159862,0.42862,1.0
GSS,0.90902,2.3017273939937968,-0.4203009826660156,2.3029747648560397,0.42576,1.0
MRPL17,0.90896,2.301002118430796,0.9853520556640625,2.3889362046065306,0.69122,1.0
NT5C,0.90894,2.300760455491651,-0.8890295947265625,2.3162272481033837,0.35696,1.0
ZNF25,0.9089,2.3002772728588123,-0.5757777587890625,2.4270579806081773,0.41764,1.0
B3GNTL1,0.90886,2.2997942810786123,-0.7249634838867187,2.2687424280520103,0.37378,1.0
TSR1,0.90882,2.2993114799816934,-0.4577079467773438,2.7394002355078784,0.44658,1.0
RAD1,0.90878,2.298828869398921,-0.2820344049072266,2.5291347822511114,0.46672,1.0
LNPEP,0.90876,2.2985876354975443,0.7569418334960938,2.2405960593843264,0.65002,1.0
ETS1,0.90876,2.2985876354975443,-0.4595522180175781,3.700025084523431,0.4146,1.0
EXOSC4,0.90872,2.2981053103693454,-1.0627807446289061,2.010404668865457,0.30112,1.0
ZNF677,0.90864,2.2971412302214222,-0.5545176098632812,2.911569390226088,0.4079,1.0
ZNF33B,0.90856,2.296177909096836,-0.6235706518554688,2.9854202020435157,0.40002,1.0
PRNP,0.90856,2.296177909096836,-0.39980461181640625,2.3440691080486156,0.45758,1.0
ACTR1B,0.90854,2.2959371972556877,-0.907288603515625,3.2613223520039636,0.32548,1.0
EHMT1,0.90848,2.295215345653118,-0.4887723999023437,2.346166945053666,0.42648,1.0
CXCR4,0.90844,2.294734347643027,-0.941523984375,2.964741439922987,0.356,1.0
QDPR,0.90844,2.294734347643027,-0.05570687559366226,2.7199724130228495,0.48648,1.0
PARP1,0.90842,2.2944939194928065,-0.48132393920898436,3.1625366042714584,0.42702,1.0
MDM4,0.9084,2.2942535385513185,-0.37055312255859374,2.275526384107274,0.43208,1.0
ZNF14,0.90836,2.2937729182111726,-0.47974784545898436,3.4573892128078323,0.40644,1.0
CRY2,0.90834,2.2935326787708648,-0.38890018310546876,2.315925471211354,0.45074,1.0
LMBRD1,0.90824,2.2923321880351635,-0.5481409753417968,2.2565796085547465,0.3999,1.0
POLR2C,0.90822,2.292092231035842,-0.4801548913574219,2.395490875418187,0.42,1.0
LPCAT3,0.90816,2.2913726419603666,-0.5913095751953125,2.2206726128517547,0.40308,1.0
ATG16L1,0.90816,2.2913726419603666,-0.5576039697265625,2.4693242806057145,0.41694,1.0
MRPL35,0.90806,2.290174265335225,-0.7846790161132813,2.4178030918356943,0.35326,1.0
ZNF440,0.90806,2.290174265335225,-0.5862965490722656,2.142876477712482,0.39792,1.0
CASP8,0.90804,2.2899347305994495,0.7375922802734375,2.109360113640753,0.63398,1.0
KAT6A,0.908,2.2894558015522533,-0.94365216796875,1.9165564568501832,0.30024,1.0
TUBB2A,0.90796,2.2889770596003363,0.4902082531738281,2.243813262810436,0.58976,1.0
CAPN7,0.9078,2.2870639594598177,-0.7529509375,2.291488207700483,0.3637,1.0
CHPT1,0.90764,2.2851538397267745,-0.9882865869140625,2.0733002198941795,0.28642,1.0
AUH,0.9076,2.2846767742580476,-0.5803177856445313,3.1211313894927795,0.39108,1.0
ZNF426,0.9076,2.2846767742580476,-0.3988492578125,2.479974209955099,0.42074,1.0
DET1,0.90758,2.2844383110814994,-0.4355413891601562,2.4959862598311595,0.43096,1.0
BAG3,0.90744,2.282770365365366,-0.12535599166870118,2.2912342676170754,0.48018,1.0
ZNF669,0.90742,2.282532272380093,-0.7404886791992188,2.105971609096748,0.35602,1.0
NUDT5,0.90738,2.282056224938098,-0.9235872241210937,2.4328983765324113,0.34348,1.0
HBS1L,0.90736,2.2818182704410335,-0.6570581982421875,2.393807165746435,0.38678,1.0
CENPC,0.90728,2.2808669134755784,-0.49232735229492186,2.6728677411679054,0.41648,1.0
BIRC3,0.9071,2.278729051801106,-0.0018160373783111573,2.428631334525578,0.48138,1.0
TOPORS,0.90708,2.2784917411898773,-0.3178508416748047,2.5553359503222115,0.4644,1.0
FOXP1,0.90704,2.278017257472392,-0.46256450927734377,2.3266119102693104,0.39584,1.0
PHF21A,0.90702,2.2777800843262335,-0.7322599780273438,2.046942268066724,0.3561,1.0
MED9,0.90698,2.2773058753594166,-0.7624627294921875,2.2041656585197544,0.36452,1.0
UPF3A,0.90696,2.2770688394989342,-0.772063359375,2.379959497991371,0.36532,1.0
FCF1,0.90694,2.276831849360539,-0.0982060213470459,2.15130253313892,0.48414,1.0
RNF216,0.90688,2.2761211530791337,-0.7018539379882812,2.428640356128886,0.36966,1.0
CAPN10,0.90678,2.2749375718654896,-0.8071119360351563,2.0057224068875614,0.33272,1.0
WDR46,0.90674,2.2744644583238984,-0.6554011669921875,2.6609048026750277,0.38438,1.0
RBFOX2,0.90674,2.2744644583238984,-0.6538404541015626,3.3778118848346574,0.41662,1.0
TNS4,0.90668,2.273755129242927,-0.4856139782714844,3.5345923012396128,0.45844,1.0
THOC1,0.90666,2.2735187771320544,-0.356681171875,3.0267176145442405,0.4589,1.0
SUCLA2,0.90656,2.272337697562235,-0.40085269775390625,2.591778649466118,0.43248,1.0
ZNF611,0.90654,2.272101617707525,-0.6760565869140625,2.1645437621636017,0.36884,1.0
ZNF268,0.90642,2.2706860893456184,-0.507797373046875,2.5103141361793133,0.40442,1.0
HERC1,0.9064,2.27045032623025,-0.6971031079101563,2.1846142687064347,0.37358,1.0
TBC1D13,0.90632,2.2695077252757714,-0.28037110961914063,2.3905901202260043,0.4722,1.0
GYPC,0.90626,2.268801248096203,-0.526671259765625,2.870909008742813,0.37998,1.0
ELL,0.90618,2.267859908905993,-0.7133674609375,2.116202162421654,0.36818,1.0
ZNF675,0.90616,2.267624686547238,-0.610822685546875,2.7180867118956678,0.41038,1.0
CDKN2D,0.90612,2.2671543766205122,0.7705111767578126,1.9447340598654268,0.65752,1.0
SEMA4D,0.9061,2.266919289013798,-0.6244045239257813,2.199212098407579,0.37846,1.0
COQ9,0.90598,2.2655097051481494,-0.619025361328125,2.423526723954181,0.38632,1.0
GABARAPL1,0.90596,2.2652749312860903,-0.765269462890625,1.9646913106241637,0.34734,1.0
SLC35A2,0.90592,2.264805517773217,-0.6879773754882812,2.0579342176312405,0.36764,1.0
SACM1L,0.90584,2.2638672270537623,-0.3857718176269531,2.4031743263870906,0.4267,1.0
HLA-DRA,0.90582,2.263632765992291,-0.445606240234375,3.77685187406975,0.4201,1.0
POLR2A,0.9058,2.2633983495397967,-0.32036936279296874,2.192899673764426,0.43864,1.0
SUCLG2,0.9058,2.2633983495397967,-0.1630967571258545,3.389402117400653,0.48134,1.0
MAPKAPK5,0.90578,2.2631639776771095,-0.1805553869628906,2.4334146264922016,0.48868,1.0
GATA2,0.90578,2.2631639776771095,-0.16123970285415648,3.4615683652480422,0.47054,1.0
FOXO3,0.9057,2.26222693574149,-0.671718916015625,1.982690962738815,0.36382,1.0
ZNF583,0.90566,2.2617586818150373,-0.83485412109375,3.102855628226647,0.33342,1.0
NEDD1,0.90564,2.2615246215453033,0.6977912817382812,2.4841347806389344,0.63022,1.0
MRPL48,0.90562,2.261290605712465,-0.6048984887695312,3.0142325097729,0.38502,1.0
IDH1,0.90562,2.261290605712465,-0.19436593627929688,2.1891765825023737,0.45856,1.0
EIF3B,0.90556,2.260588824644793,-0.9378008251953125,2.4222888039544315,0.36634,1.0
NFYB,0.90556,2.260588824644793,-0.1851746237182617,2.2789791710008673,0.4665,1.0
PILRB,0.90554,2.2603549863690655,0.12956481886863708,2.6289398500261063,0.55524,1.0
PDS5A,0.9055,2.2598874428237705,-0.5169793200683593,2.228455081573422,0.4115,1.0
AP3M1,0.9055,2.2598874428237705,-0.35327312561035157,2.161446594290845,0.4289,1.0
ELP4,0.90542,2.2589528872262727,-0.4028712145996094,3.1006841954251865,0.436,1.0
ZNF92,0.9054,2.2587193589440253,0.2916661016845703,2.5701787363315076,0.56452,1.0
UAP1,0.9053,2.2575523802893622,-0.8234716821289062,2.1250009269440424,0.36592,1.0
XPOT,0.90516,2.2559204624563347,-0.8367598559570313,2.8995102452325923,0.35708,1.0
ABHD17B,0.90516,2.2559204624563347,-0.5647897644042968,2.323597069703919,0.39854,1.0
POLR2K,0.90514,2.2556875074188736,-0.09654025894165039,2.2772685371124393,0.50476,1.0
CD55,0.905,2.2540580520993854,-0.5476533752441406,2.0116054711596223,0.39424,1.0
TPD52,0.905,2.2540580520993854,-0.501063515625,3.6973777555683998,0.42294,1.0
CDIPT,0.90498,2.2538254482494406,-0.8610003686523438,1.9513154432153015,0.30292,1.0
STAG1,0.90498,2.2538254482494406,-0.664071943359375,2.1472625052710494,0.37332,1.0
ING2,0.90494,2.2533603719736885,-1.089233310546875,1.7813145696300654,0.26372,1.0
AGPS,0.9049,2.2528954708057434,-0.2355407080078125,2.1650264930240875,0.4561,1.0
FGD3,0.90486,2.2524307445965133,-0.2685421746826172,2.1278788272694786,0.44214,1.0
DDB1,0.90474,2.2510376142330446,-0.7958723999023437,2.110240075858949,0.36154,1.0
LEMD2,0.90466,2.250109732726115,-0.45773537841796874,2.177508198872523,0.41534,1.0
APOBEC3G,0.9046,2.2494142785895015,0.7005919140625,2.5035402771213793,0.6391,1.0
CHCHD4,0.90456,2.2489508598373296,-0.2553969219970703,2.8083698163731343,0.46514,1.0
ORAI1,0.9045,2.248256057348665,-1.0160993774414062,2.3289489784505126,0.32768,1.0
DOK2,0.90448,2.248024543282688,-0.9220876025390625,2.0399063723443938,0.29604,1.0
USP47,0.90448,2.248024543282688,-0.6897507055664063,2.156009379534188,0.3336,1.0
FBXL20,0.90448,2.248024543282688,-0.678001904296875,2.202723935080395,0.374,1.0
SNRNP48,0.9044,2.247098920346459,-0.7215138403320313,2.320663110060748,0.37444,1.0
RRM1,0.9044,2.247098920346459,-0.5322457641601562,2.861710909464139,0.36984,1.0
DGKD,0.90436,2.246636368617992,-0.8694452514648437,2.1680395525866762,0.34394,1.0
PIGX,0.90428,2.245711783907446,-0.7592043408203125,3.6583737234090226,0.32308,1.0
PJA1,0.90428,2.245711783907446,-0.2576081036376953,2.3110962121164365,0.46698,1.0
ZNF227,0.90418,2.2445570241606787,-0.2815301104736328,3.0117060572077254,0.44306,1.0
DIMT1,0.90416,2.2443262015143937,-0.6090825415039063,2.8234928295316055,0.40582,1.0
TSNAX,0.90394,2.2417899902713843,-0.32557325927734376,2.7755441333974997,0.45624,1.0
HACL1,0.9039,2.2413294188281188,-0.6579715576171875,2.4741312813461542,0.39976,1.0
ELP2,0.90382,2.2404087896723794,-0.8470112890625,3.0712494278510953,0.34764,1.0
MSMO1,0.90368,2.2387993338642573,0.17081968209266662,3.7676781969250985,0.53528,1.0
PREB,0.9036,2.237880582977348,-0.5537859948730469,2.202034348301865,0.40788,1.0
NUS1,0.9035,2.2367331016873426,-0.25904290100097654,2.14731556570576,0.4528,1.0
RGS10,0.90334,2.2348993388352674,-0.7606532983398437,1.8238979970038665,0.33318,1.0
MAD1L1,0.90334,2.2348993388352674,-0.7351650341796875,2.0223285062925185,0.34726,1.0
ZSCAN25,0.90318,2.233068284588919,-0.5231758874511718,2.634875964112624,0.4211,1.0
MIS18BP1,0.90318,2.233068284588919,-0.49963385864257814,2.3066390067147324,0.41196,1.0
LOXL2,0.90316,2.232839592805269,-2.112586787109375,2.818756609702829,0.1888,1.0
COPRS,0.9031,2.2321537703600325,-1.28438833984375,1.7482335087359373,0.19732,1.0
TRMT11,0.90304,2.2314683269033897,-0.3343113751220703,3.0922132304025367,0.44048,1.0
LTV1,0.90302,2.231239929888749,-0.25534799072265624,3.1439693296566054,0.47786,1.0
COL11A2,0.90298,2.2307832619603944,0.08184849472045898,3.5479605117111994,0.5143,1.0
UTRN,0.90284,2.2291862464295837,1.1042127880859376,1.5464286848158342,0.77516,1.0
MMGT1,0.90284,2.2291862464295837,-0.7934240112304688,2.062476097997066,0.34112,1.0
SIKE1,0.90282,2.2289582690210845,0.15340605926513673,2.3015452602299593,0.5302,1.0
ZNF770,0.90278,2.2285024397798416,-0.5420692529296876,2.5231366127172943,0.4027,1.0
KLHL20,0.90272,2.227819009595774,-0.6026946154785157,2.5000180783105255,0.38922,1.0
COQ5,0.90268,2.227363598388388,-0.2986810418701172,2.5052520469647623,0.44766,1.0
SLC25A37,0.90264,2.2269083541509187,-0.5669922058105469,2.0673455047974785,0.39508,1.0
CFP,0.9026,2.2264532767444107,-0.6618584680175781,3.5312423519210525,0.35622,1.0
MT1G,0.90256,2.2259983660300793,1.607805693359375,3.081801686295077,0.71142,1.0
GFM1,0.90246,2.224861817613271,-0.41564665771484377,2.6152466356551307,0.4368,1.0
PPP3CA,0.90244,2.224634632654831,-0.8645543896484374,1.9849275914443625,0.3202,1.0
IP6K1,0.9022,2.221911647933524,-0.6562081176757812,2.139484830488442,0.36886,1.0
SRPK2,0.9021,2.2207788291261283,-0.41765231323242186,2.184671028389139,0.42324,1.0
TRAK2,0.9021,2.2207788291261283,-0.06580074659347535,2.059515901863589,0.49104,1.0
RNF139,0.90208,2.220552389161732,-0.6312197998046875,2.034096798825164,0.383,1.0
MRPL45,0.90208,2.220552389161732,-0.5922961340332031,2.6099998908494846,0.3986,1.0
ZNF600,0.90208,2.220552389161732,-0.2496779650878906,2.7539540174367145,0.45412,1.0
RIOK1,0.90202,2.2198733165553817,-0.3167812023925781,2.9507782643098093,0.46,1.0
BTN2A2,0.90194,2.2189684627800528,0.1336247898864746,2.161238934485043,0.52362,1.0
MAFA,0.90192,2.218742352145364,-2.42913044921875,3.087780191444707,0.19416,1.0
DCAF16,0.90184,2.2178383203336196,-0.6636555810546875,2.107351608295342,0.38352,1.0
SMC2,0.9018,2.217386550626564,-0.5142776013183594,2.894803269767608,0.39948,1.0
RIF1,0.90174,2.2167092034335556,0.24532165649414062,2.5138139132250266,0.54848,1.0
NAPG,0.90174,2.2167092034335556,-0.11637272903442383,2.1069072150754717,0.48166,1.0
NOL9,0.9017,2.2162578433527393,-0.5026550915527344,2.9029205941815928,0.44876,1.0
ARID5B,0.9015,2.214003494465328,0.0513864072227478,2.1671521003877965,0.5044,1.0
PPIP5K2,0.90148,2.2137782838981273,-0.6035538720703125,2.2162848472816354,0.41012,1.0
STX10,0.90142,2.2131028964411823,-0.9311693505859375,2.037353164739269,0.32304,1.0
GYG1,0.90142,2.2131028964411823,-0.31743990600585936,2.2042690008141,0.44038,1.0
BACE1,0.9014,2.212877848647958,-0.06252629047393798,3.0208591677595744,0.5009,1.0
PTK6,0.90138,2.212652841506407,-0.5865468371582031,3.222442438393153,0.42042,1.0
MAP3K3,0.9013,2.211753219122928,-0.8049451147460938,2.0351849201292245,0.33654,1.0
ZNF169,0.90122,2.210854245831404,-0.8406515234375,2.3466639503409326,0.33392,1.0
INTS8,0.90122,2.210854245831404,-0.79302236328125,2.449740400804914,0.37242,1.0
TRNT1,0.90114,2.2099559205667316,-0.29875818420410155,2.296796986878372,0.4538,1.0
ZNF398,0.90112,2.209731440380188,-0.65132896484375,2.6048122483370695,0.41354,1.0
BLMH,0.90112,2.209731440380188,0.5287590710449219,2.190565668120956,0.68542,1.0
SRPK1,0.9011,2.209507000612325,-0.46584887451171875,1.9834613255676086,0.40346,1.0
UVRAG,0.90108,2.2092826012465774,0.3039874969482422,2.171114615125522,0.55558,1.0
HIBCH,0.90106,2.209058242266387,0.07119590969085693,2.550820607441758,0.50968,1.0
TPST2,0.90098,2.208161209870423,-1.158814501953125,1.5787220729618245,0.21294,1.0
RICTOR,0.90096,2.2079370525700224,0.34582143310546876,2.0379221469501427,0.56416,1.0
EPB41,0.90094,2.2077129355560494,-0.6172977136230469,2.5420748126418817,0.38848,1.0
FANCL,0.90094,2.2077129355560494,-0.5595604187011719,2.0334471072105536,0.38602,1.0
RANGRF,0.9009,2.207264822321452,-0.7792367236328125,2.649019215544359,0.3765,1.0
CSTF2,0.90084,2.206592954205921,-0.4311029345703125,2.438798189162259,0.44266,1.0
ADAT1,0.90074,2.20547397754772,-0.24272877258300782,2.32847456872071,0.46592,1.0
ASPSCR1,0.9007,2.2050266677385695,-0.8952460498046875,1.864661777243323,0.29128,1.0
C1orf35,0.90066,2.2045795182209353,-0.8784093701171874,3.080996139703087,0.29472,1.0
ASXL2,0.90066,2.2045795182209353,-0.6823178149414062,2.0372690189721103,0.37686,1.0
ZNF514,0.90066,2.2045795182209353,-0.38009543823242187,2.157058923632454,0.42948,1.0
BTN3A3,0.90062,2.2041325288639926,0.6133498095703125,2.236794956867708,0.61548,1.0
SPATA13,0.90058,2.2036856995370795,0.09696565650939941,2.3551754979834203,0.51946,1.0
ZC3H8,0.90048,2.2025693254950998,-0.5922981274414062,3.1716925006775805,0.41176,1.0
ZNF43,0.90046,2.20234617043222,-0.24702909118652344,2.6829824617068057,0.44762,1.0
BMS1,0.90034,2.201008076908772,-0.7115752319335937,2.475770312148807,0.35538,1.0
MLH3,0.90032,2.200785200645826,-0.45627281494140626,2.2991142531014406,0.42492,1.0
PRMT7,0.9002,2.199448777541414,0.06550929896354675,3.0222780781637724,0.51848,1.0
SRF,0.90006,2.1978914218527947,-0.8401855712890625,1.9383903303992134,0.32084,1.0
DDX20,0.90006,2.1978914218527947,-0.4862556506347656,2.7597949837591216,0.4199,1.0
ZNF354A,0.89994,2.1965580883752636,-0.8918961987304688,2.408973713904718,0.33258,1.0
ELOVL5,0.89994,2.1965580883752636,-0.1349176756286621,2.1538413254411197,0.47212,1.0
SEC11C,0.89976,2.194560750507953,-0.022584369792938232,2.5210337516006813,0.50132,1.0
ZNF775,0.89974,2.194339020863631,0.18568168380737304,4.31360530760505,0.57628,1.0
GDE1,0.89968,2.1936740676592814,-0.8930262866210937,1.860368061659101,0.32358,1.0
SMG6,0.89966,2.1934524951144247,-0.7183943090820313,2.104094006772226,0.36536,1.0
NAA30,0.8996,2.192788012827531,0.11592981452941895,2.1151122589467737,0.53006,1.0
MPHOSPH10,0.89958,2.192566597128308,-0.5209146875,2.8273234806311125,0.40692,1.0
SERINC4,0.89956,2.1923452206009006,0.190575949010849,3.5048150008910763,0.53244,1.0
ENTPD4,0.89954,2.192123883229493,-0.71429599609375,1.858554889905747,0.34736,1.0
ZNF555,0.89944,2.1910177831595123,-0.5425240759277343,2.0728667145046393,0.38138,1.0
CST3,0.89944,2.1910177831595123,0.40846897216796874,3.7604931801761112,0.60346,1.0
PER1,0.89942,2.190796680392469,-1.0573198999023437,1.8140642604354589,0.2437,1.0
C2CD3,0.89932,2.189691751925687,-0.5102923803710937,2.269051634350286,0.42318,1.0
DPM2,0.89932,2.189691751925687,-0.09432144173622131,1.917038122951015,0.49218,1.0
TSEN15,0.89924,2.1888085106513997,-0.07738124572753906,2.889137217502771,0.48162,1.0
STT3A,0.89916,2.1879258918445,-0.5069163513183593,1.9711015203157551,0.39068,1.0
SEPSECS,0.89916,2.1879258918445,-0.5034697766113281,2.0462366849310687,0.4021,1.0
CSRP1,0.89906,2.186823492155571,-0.9679299633789062,1.8960143857146914,0.29234,1.0
MRPS25,0.899,2.186162517630361,-0.2679145391845703,2.5205253674221413,0.44682,1.0
TPM1,0.89898,2.1859422702432014,-0.959213974609375,1.6944388463556557,0.27652,1.0
ZNF568,0.89898,2.1859422702432014,-0.45337033447265623,3.117999325359958,0.42068,1.0
PDHX,0.89892,2.185281760227799,-0.3443557849121094,2.2396711602147237,0.44104,1.0
ZNF263,0.8989,2.185061667552928,-0.5966644091796875,2.187210110435953,0.40156,1.0
EZR,0.89888,2.1848416135173316,-0.30682590270996096,2.281182300835461,0.43524,1.0
RPAP2,0.89886,2.1846215981055086,-0.6867631079101563,2.663360700820691,0.40226,1.0
GPR183,0.89882,2.1841816830912246,-0.49252649658203124,2.354744386706789,0.4318,1.0
LGR6,0.89878,2.1837419223862544,-1.93860984375,3.1573582025212312,0.24156,1.0
NFRKB,0.89878,2.1837419223862544,-0.6991732275390625,2.2675256727981847,0.38506,1.0
NOP58,0.89874,2.183302315866919,-0.413089267578125,3.1768560875119554,0.45246,1.0
NDUFAF4,0.89872,2.183082570388256,-0.0676461273765564,3.5165753239854616,0.49262,1.0
AP4B1,0.89868,2.182643194915802,-0.5017855541992188,2.3462113425365123,0.42708,1.0
EBP,0.8986,2.181764905478976,-0.67862509765625,2.7262462438854995,0.36618,1.0
INTS10,0.89854,2.181106591736326,-0.6640124731445313,2.820847295895062,0.35776,1.0
COA4,0.89854,2.181106591736326,-0.5236503784179688,2.4476558316571424,0.42564,1.0
JUN,0.89852,2.180887230565888,-0.8210513305664062,1.885047564903903,0.32084,1.0
AK3,0.89848,2.180448623248648,-0.20834623809814454,3.239237650436882,0.487,1.0
E2F6,0.89846,2.1802293770712002,-0.5608483459472656,2.2867904278646125,0.4123,1.0
TNFAIP1,0.89842,2.1797909996020977,-0.38468259643554686,2.0904327156527858,0.42154,1.0
RHOT1,0.89838,2.1793527752120965,0.06966019703149795,2.139750728380711,0.51944,1.0
EED,0.89834,2.1789147037789736,-0.07989732894897461,2.2460281459616263,0.495,1.0
MED16,0.89832,2.1786957253830845,-0.5812465930175781,2.1151789216900085,0.37654,1.0
CES2,0.89824,2.1778201935817063,-0.41586840454101565,2.027847485199395,0.4167,1.0
SHPRH,0.89818,2.177163945175806,-0.14182974563598633,2.4151397529703806,0.46688,1.0
TAF8,0.89816,2.1769452719013724,-0.11140361291885376,2.395699169024802,0.49212,1.0
FH,0.89808,2.176070959370036,-0.5125094592285157,2.1355703487259663,0.41232,1.0
ST3GAL1,0.898,2.175197255017929,-0.6545365698242187,1.8816419581952541,0.35688,1.0
OGT,0.89796,2.1747606306066567,-0.71410392578125,2.0231730370562246,0.36564,1.0
CASP3,0.89796,2.1747606306066567,0.615127333984375,1.9393978617370584,0.62522,1.0
HSPA14,0.89792,2.174324157877562,-0.5783915478515625,2.3064654698190528,0.4019,1.0
CHID1,0.89788,2.173887836710062,-0.6713531518554687,2.7296916113638146,0.37262,1.0
ADK,0.89784,2.1734516669837163,-0.389429384765625,2.319811113417926,0.45488,1.0
CSTF2T,0.89776,2.1725797813734373,-0.3526818542480469,2.2117686427869008,0.43038,1.0
ARC,0.8977,2.1719262638050627,1.835658310546875,3.3240401358486475,0.70032,1.0
CLEC2B,0.8977,2.1719262638050627,0.8284968212890625,1.7612497448114206,0.70254,1.0
PANK3,0.89768,2.171708500086024,-0.09493214879989624,1.985582606570389,0.478,1.0
HPGDS,0.89766,2.17149077407725,-1.107835478515625,3.4960620041579724,0.35746,1.0
TDP1,0.89766,2.17149077407725,-0.6589524682617187,2.8590397624590302,0.3749,1.0
CD300A,0.89762,2.171055435130691,-0.5533744128417969,2.515490831327605,0.38334,1.0
MRPL4,0.89754,2.1701852091033684,-0.5942883203125,2.865641542645189,0.39622,1.0
KMT2A,0.89754,2.1701852091033684,-0.49545475341796874,2.1930612427972207,0.40784,1.0
TIA1,0.89752,2.1699677466482306,0.9710302661132812,1.6357273914821795,0.73124,1.0
LYZ,0.8975,2.1697503217839706,-0.24928997676849365,4.094646010682152,0.4689,1.0
UBE2G2,0.89742,2.168880997938168,-0.44172969604492185,2.7028661857035323,0.43322,1.0
GOLGA3,0.89734,2.168012274357259,-0.5482749645996093,2.1030469554403792,0.4013,1.0
ELP5,0.89732,2.167795187142165,-0.8579145483398437,2.062241548866631,0.3154,1.0
RNF126,0.89728,2.1673611250244647,-0.716295576171875,2.613443707225746,0.35676,1.0
UBE2D4,0.89728,2.1673611250244647,-0.4778750402832031,2.4629298753465,0.40226,1.0
CUTC,0.89724,2.166927212558142,-0.706656220703125,2.7462271337448723,0.33248,1.0
ZNF626,0.89724,2.166927212558142,-0.14952955230712892,3.082725080314385,0.48372,1.0
NDUFV1,0.89722,2.1667103124073015,-0.7735269970703125,2.7327480460592932,0.34344,1.0
HSPD1,0.89716,2.166059836106936,-0.0018759889221191407,2.092906475650982,0.49522,1.0
CFD,0.89714,2.1658430853417143,0.08856180968284606,3.548441852320987,0.5198,1.0
ISCA1,0.8971,2.1654096957252342,-0.5310335339355469,2.5477180213486488,0.38658,1.0
HAUS2,0.8971,2.1654096957252342,-0.3239931787109375,1.985530776169821,0.43824,1.0
CTR9,0.89708,2.165193056844545,-0.6958566455078125,2.1896366693463927,0.36212,1.0
HVCN1,0.89708,2.165193056844545,-0.17776367385864258,2.764836776461683,0.46172,1.0
ZNF606,0.89704,2.1647598908647536,-0.615433798828125,3.103190204029554,0.41284,1.0
PPWD1,0.89698,2.1641104211287496,-0.85816904296875,2.514265171122837,0.32568,1.0
ZNF273,0.89696,2.1638940056203797,-0.007219833726882934,2.2260318321513184,0.49126,1.0
PCM1,0.89694,2.163677627289399,-0.81354423828125,2.0973457162826974,0.3335,1.0
GOLGB1,0.89682,2.162380137209274,-0.15712423553466798,2.131554647855679,0.47284,1.0
SPOPL,0.89678,2.1619479372721835,-0.6785523486328126,1.9310700541189316,0.35156,1.0
EIF2B5,0.89674,2.161515885518728,-0.5858989953613282,2.128758189587203,0.37302,1.0
CBX1,0.8967,2.1610839818324097,-0.5072775036621093,2.8360236424763086,0.41484,1.0
RPP14,0.89668,2.160868085478056,-0.575745615234375,1.948177933345897,0.39246,1.0
PDK3,0.89666,2.1606522260968597,0.15555792205810548,2.0587178898704077,0.52666,1.0
IQGAP2,0.89662,2.1602206181958485,0.6994441162109375,1.8777999715053253,0.6555,1.0
SMC6,0.89662,2.1602206181958485,0.08901910179138184,2.1985337341021185,0.50814,1.0
ZNF264,0.89642,2.158064792150224,-0.9497290063476562,1.8427980752492983,0.30834,1.0
CDK13,0.8964,2.157849412101389,-0.625896630859375,2.0751403447592724,0.38154,1.0
TERF1,0.8964,2.157849412101389,-0.4688641394042969,2.0729931920412614,0.41854,1.0
INPP5K,0.89636,2.1574187623010412,-0.5396052612304687,1.9542996542533844,0.38464,1.0
SPIDR,0.89628,2.1565579034865117,-0.20894300231933594,1.9369519132802206,0.45984,1.0
SLC38A1,0.89626,2.1563427805294455,-0.4441873962402344,3.7096667874903293,0.42136,1.0
CSAD,0.89612,2.1548379457841813,-0.32946993286132814,2.2072160316143394,0.43576,1.0
CEP57,0.89608,2.1544083223411397,-0.6483639697265625,2.5540903397377437,0.34018,1.0
NR3C1,0.89596,2.1531203285408145,-0.18805904327392578,2.5324399262048933,0.47772,1.0
BTN3A1,0.89594,2.15290579058485,0.5327486071777344,2.4546006858588902,0.59372,1.0
DDX42,0.89576,2.150976587135352,-0.6136663452148438,2.0046593634893823,0.37048,1.0
ACAD9,0.89572,2.1505482750713294,-0.6958756298828125,1.9925518241184341,0.35618,1.0
ACAT2,0.89558,2.149050325094899,-0.5727277661132812,2.21026993801473,0.35356,1.0
ADAM8,0.89556,2.1488364771003683,-0.7982925805664063,1.8694081357687125,0.32076,1.0
SRRT,0.89556,2.1488364771003683,-0.5454650646972656,1.9050876789183964,0.39656,1.0
CUL2,0.89556,2.1488364771003683,-0.14962405075073243,2.2869105556472236,0.48874,1.0
MSI2,0.8955,2.1481951500959005,-0.7050930126953125,2.4354381856142946,0.36654,1.0
MTMR6,0.89546,2.1477677794349948,-0.44749184814453125,1.959846484577253,0.40062,1.0
EIF2AK1,0.89526,2.145633090029043,-0.7014903930664063,1.8535309098863955,0.30788,1.0
NCR3LG1,0.89524,2.145419819112418,-0.21538929382324218,1.9542548784231548,0.45256,1.0
STX17,0.8951,2.1439279284746418,1.1079338525390625,1.5820221281463878,0.76622,1.0
PTCD3,0.89502,2.143076208569741,-0.7281328442382813,2.948944458703227,0.38806,1.0
SIAH2,0.89494,2.142225061395673,-0.07101666295051574,2.0725290452365193,0.49694,1.0
RALGAPB,0.89492,2.142012363987537,-0.9006482666015625,1.9345700236564458,0.32044,1.0
HSCB,0.89488,2.1415870763369775,-0.15641784271240233,2.0286735683106953,0.47208,1.0
AASDHPPT,0.89482,2.140949412568421,-0.49755259765625,2.2653962872633935,0.4223,1.0
TRMT13,0.89482,2.140949412568421,-0.3154805523681641,3.226892236417646,0.44588,1.0
CPSF7,0.89474,2.140099693351816,-0.6829658666992188,1.8134187805776993,0.33898,1.0
NAA35,0.89466,2.139250543775628,-0.6770851123046875,2.2197965156761215,0.3796,1.0
ZNF160,0.89462,2.1388261823280925,-0.7140268090820312,2.146329901025733,0.31932,1.0
FPGT,0.89452,2.1377659000734304,-0.29875309204101563,2.048820589692014,0.44462,1.0
ZNF184,0.89428,2.1352248355059693,-0.2773301080322266,3.4018002993714718,0.45436,1.0
DCLRE1C,0.89418,2.1341675597127705,0.40849817749023437,2.1148771575036944,0.59102,1.0
BAZ1B,0.89398,2.1320556479989583,-0.51693275390625,2.1345966074123703,0.39624,1.0
GLO1,0.89388,2.1310010087066464,-0.6149250146484375,2.4868466438978234,0.39422,1.0
VPS52,0.89382,2.1303686454640305,0.03981918426513672,1.9141489671658158,0.51176,1.0
POP5,0.89376,2.129736597028688,-0.6825696801757812,3.334428906380331,0.36236,1.0
SMUG1,0.89366,2.1286838815608107,-0.5980628637695312,2.049203110749344,0.37798,1.0
ZNF571,0.89364,2.1284734431357353,-0.16725559768676757,5.644574726787877,0.44966,1.0
RHOT2,0.89358,2.1278423369576083,-0.7428035717773438,1.9868644970244123,0.34314,1.0
PDS5B,0.89336,2.125530959267084,-0.5627349011230469,1.9359680075792922,0.39246,1.0
MAGED2,0.89308,2.122595271259518,-0.5916296240234376,2.5107372690251037,0.31724,1.0
FTL,0.89302,2.121967075939173,-0.6802071435546875,2.5256861845436522,0.30206,1.0
MRPS23,0.89302,2.121967075939173,-0.5237781652832031,2.6283450130816752,0.39812,1.0
DDRGK1,0.893,2.121757746414593,-0.7490355615234375,2.1209918737125135,0.3039,1.0
OXA1L,0.89294,2.1211299644042447,-0.7094800219726562,1.982422883998216,0.33208,1.0
CEP135,0.89292,2.120920772545019,-0.5639547192382812,1.8763228995769883,0.3874,1.0
COL6A3,0.89292,2.120920772545019,0.13609415786743165,3.5300442495288715,0.48832,1.0
ZNF250,0.89282,2.119875328743125,-0.29548498352050784,2.494134860555637,0.45236,1.0
ERCC1,0.89268,2.1184131484338273,-1.022070166015625,1.8634372897342273,0.2967,1.0
XBP1,0.89268,2.1184131484338273,0.3143002276611328,1.880677213906678,0.5873,1.0
ELL2,0.89266,2.1182044025465423,-0.535118203125,1.9786044326423033,0.37596,1.0
ELP3,0.89244,2.115910453102545,-0.6347670141601562,2.3123523090168265,0.41218,1.0
ICAM2,0.8924,2.115493814830693,0.532058203125,2.020091600484189,0.61666,1.0
GPC1,0.89236,2.1150773127457443,-2.1079787060546873,3.7011171024529887,0.2738,1.0
UNC13B,0.89212,2.112581154408228,0.035326112880706785,3.0850684560068906,0.50546,1.0
AMFR,0.8921,2.112373361655649,-0.35225218383789064,1.8251433859974362,0.41974,1.0
DDOST,0.89202,2.1115425290631737,-0.4868317004394531,2.3093099223192697,0.40298,1.0
IDI1,0.89196,2.1109197596007876,-0.3176450366210937,2.2239849268663523,0.44046,1.0
SOCS4,0.89194,2.110712237327735,-0.7680226538085938,1.8190252213675269,0.33072,1.0
SBF1,0.89186,2.1098824856354588,-0.06172523073077202,1.9556514474163993,0.48716,1.0
ADO,0.89178,2.1090532731742697,-0.7736224951171875,1.9719479069054175,0.35224,1.0
PHB2,0.89174,2.1086388689020503,-0.8261194140625,2.086649788227299,0.33502,1.0
ZNF12,0.89174,2.1086388689020503,-0.7301572583007813,1.9543294179471922,0.35776,1.0
PGS1,0.8917,2.1082245991338895,-0.6812820776367188,1.9734477494358689,0.36358,1.0
ZNF738,0.8916,2.1071895125061673,-0.7722131567382813,1.794482996122504,0.32324,1.0
DFFA,0.89158,2.1069825958442605,-0.6867956323242187,2.160529883294345,0.3853,1.0
YAF2,0.89148,2.1059485151609847,-0.445028740234375,2.231097553977729,0.4061,1.0
APPL1,0.89146,2.1057417994616654,0.33045216186523435,2.146273483229093,0.54218,1.0
CSTF3,0.89144,2.105535117212185,0.15748254150390625,2.0182492197902544,0.53208,1.0
HAUS3,0.89136,2.1047087224621195,0.13442541778564454,2.5793469646568306,0.5535,1.0
ZNF649,0.89124,2.1034701317049356,-0.2763478070068359,1.9647056213654535,0.44256,1.0
BRD1,0.89116,2.102645070947277,0.08694237342834472,1.9536183772520725,0.51946,1.0
MED22,0.89104,2.101408477440157,-0.6712663354492188,1.9373310065054905,0.3648,1.0
MRS2,0.891,2.100996545241666,-0.42830504516601564,2.909741183186073,0.4166,1.0
MALT1,0.891,2.100996545241666,-0.3937698083496094,1.8521424160788937,0.41048,1.0
SRSF1,0.89096,2.100584745696567,-0.6015728833007813,2.006616323561491,0.38128,1.0
SEC24C,0.89082,2.099144490506347,-0.21950442474365234,1.979627377959002,0.45046,1.0
GTF3C5,0.8907,2.0979112752553313,-0.4099839196777344,2.198532092416877,0.4188,1.0
PDCD7,0.89048,2.0956534622047776,-0.6611736181640625,2.8429977633795884,0.3575,1.0
MED27,0.89044,2.095243378187251,-0.27984566467285155,2.0474609747260897,0.45052,1.0
SLC25A1,0.89024,2.0931949253174484,-0.5221467639160157,1.9315350424502484,0.3842,1.0
GSPT1,0.89024,2.0931949253174484,-0.48795587524414064,2.4598951882655946,0.41292,1.0
PPP2R2D,0.89022,2.0929902600690142,-0.7739247265625,1.832145320286142,0.32842,1.0
EMB,0.89012,2.0919674238708423,-0.28477646484375,3.417905600392746,0.47082,1.0
APOE,0.8901,2.09176295455531,-1.58875466796875,3.301504553373357,0.30476,1.0
TRAF3,0.8901,2.09176295455531,-0.8213920361328125,1.6934955949186412,0.29416,1.0
SLC39A6,0.89008,2.0915585178529437,-0.3104190411376953,2.088008396024284,0.45312,1.0
AP3B1,0.89002,2.09094540330414,0.21073908081054687,2.0800917447969094,0.5406,1.0
TRIM28,0.88982,2.0889038030358833,-1.0080511450195313,1.8503890317207115,0.2804,1.0
NUDT2,0.88978,2.0884958727031266,-0.04770636906147003,2.243937492342082,0.46814,1.0
CXXC1,0.8897,2.0876804009912653,-0.7082784985351562,2.0955895012084986,0.3597,1.0
RHOH,0.8897,2.0876804009912653,-0.1605672413635254,3.462542666262527,0.476,1.0
TXN,0.88968,2.0874766140255403,0.830217021484375,1.9425206497181342,0.67704,1.0
HSPE1,0.88962,2.086865447246634,0.0577751243686676,1.9775648184512336,0.5145,1.0
ZC3HC1,0.88954,2.0860510107055243,-0.38233547119140626,1.8809650940740754,0.4267,1.0
PTTG1,0.88954,2.0860510107055243,0.17330325744628905,1.839864920128073,0.53876,1.0
PDHA1,0.88944,2.0850336911858,-0.44441619262695314,2.3965573513596463,0.43186,1.0
BAG5,0.88938,2.0844236861872907,-0.5075491638183594,1.9427019101091292,0.39622,1.0
MIS18A,0.88926,2.083204544802058,-0.2223278826904297,2.930081733488358,0.45506,1.0
UTP3,0.8892,2.082595407776858,-0.5217445812988282,2.0599948882319006,0.38142,1.0
TIMM10B,0.8888,2.0785418565089384,-0.5876261682128906,2.2591922812755856,0.38134,1.0
CTSA,0.88876,2.0781372034464733,-1.0064642065429688,1.4135136456145223,0.21138,1.0
CEP63,0.8887,2.077530462462931,-0.012035055980682373,1.805803234974167,0.487,1.0
GLTP,0.88864,2.076924007532325,-1.1328701513671875,1.48888226395593,0.17782,1.0
UTP18,0.88864,2.076924007532325,-0.6852911450195313,2.2535866967309732,0.37558,1.0
PPIH,0.88864,2.076924007532325,-0.42410691162109376,2.7189171693174043,0.42856,1.0
HCFC1,0.88864,2.076924007532325,-0.04322660270690918,1.9149030873298245,0.49312,1.0
COX19,0.88862,2.076721919401877,-0.7280411962890625,1.899428985150798,0.34158,1.0
FNTA,0.88858,2.076317838340968,-0.1862426626586914,2.052085943005507,0.45056,1.0
ZNF567,0.88852,2.075711954575674,-0.5686891101074218,2.8542540928435187,0.38342,1.0
RPS4X,0.8885,2.075510056694532,-0.6058179577636719,2.3019393896481186,0.37326,1.0
TIMM22,0.8885,2.075510056694532,-0.4838562341308594,2.625511345315461,0.41334,1.0
U2AF1L4,0.88848,2.075308190481084,-0.6801120776367188,1.9243638491621176,0.33156,1.0
ATF1,0.88844,2.07490455301102,-0.41311581787109375,1.9636130101032059,0.42096,1.0
RNF19A,0.8883,2.0734928177005,0.2815258166503906,1.8784367908075403,0.55578,1.0
GPR132,0.88826,2.073089748898516,-0.4368782971191406,1.886533030453126,0.4027,1.0
DDR2,0.88814,2.071881298829724,-0.3804119305419922,3.721043789085102,0.4431,1.0
ITGA4,0.88812,2.0716800006636165,0.09378583831310272,2.6640047643539715,0.5051,1.0
GALNT7,0.88796,2.0700707465406585,-1.07981,1.7426617943608564,0.24482,1.0
REL,0.88788,2.0692668724288725,-0.61905169921875,2.0874583625953784,0.35036,1.0
KIF13B,0.88784,2.0688651232913107,-0.48148641235351564,1.846172157600745,0.3875,1.0
PDE4B,0.88738,2.064253981113625,0.18732356628417968,1.9682261725422212,0.5347,1.0
PACSIN1,0.88736,2.0640538700176814,-0.16475223556518553,3.3788101672317685,0.47844,1.0
WIPI1,0.88734,2.0638537899401648,-0.1375529571533203,1.8514221240019797,0.46442,1.0
RAB3GAP2,0.8872,2.0624540969721985,-0.06416992972373962,1.7841157274974135,0.49026,1.0
PCF11,0.8871,2.061455244370925,-0.2030664874267578,1.872927249562275,0.46032,1.0
PPT1,0.8869,2.059459853260332,-0.700007705078125,1.6576794020378705,0.32666,1.0
EIF5A,0.88686,2.0590611445370266,-0.10118702957153321,1.7385949066702153,0.47604,1.0
PDE6A,0.88684,2.0588618362906423,1.5974220556640626,2.963201275565921,0.71462,1.0
OPA1,0.8868,2.058463311973074,-0.45946381103515627,1.9564445910860024,0.40056,1.0
ITGB2,0.88674,2.057865755768877,-0.6493689672851563,1.7115264092047,0.34816,1.0
TRAPPC13,0.8866,2.056472531017302,0.0985461946105957,2.0591089915140532,0.53532,1.0
MRPL46,0.88644,2.0548821097238763,-0.33691813598632814,2.5195064306364645,0.44082,1.0
TMOD4,0.88642,2.0546834444660833,1.81162486328125,2.9960204991461077,0.7512,1.0
TTF1,0.8863,2.0534920929878617,-0.3271534436035156,1.8477773993903424,0.44238,1.0
CITED2,0.8863,2.0534920929878617,0.04723797575473786,1.8798331482989308,0.49994,1.0
IP6K2,0.8861,2.05150894060012,-0.49140588623046877,1.814025104884142,0.38252,1.0
STRAP,0.886,2.0505185022105854,-0.6914334643554687,1.9024670426458825,0.36206,1.0
IRAK4,0.886,2.0505185022105854,0.1668912808227539,1.9765745097447858,0.54388,1.0
OFD1,0.88596,2.050122538814603,-0.0522405162525177,3.106892399422077,0.5122,1.0
UBXN7,0.88588,2.0493309749063453,-0.9129003759765625,1.7866207527308995,0.2971,1.0
TSC22D1,0.88586,2.049133159467045,-0.4469506408691406,1.9095137934461326,0.3919,1.0
TAGAP,0.88574,2.0479469005181894,0.6968816772460937,2.060616761004135,0.64404,1.0
PDCD4,0.88568,2.0473541779296,-0.021257311058044435,3.297908280283744,0.50162,1.0
FABP3,0.88558,2.0463669087398633,-1.3933511962890626,3.511309081701202,0.35314,1.0
PUS3,0.88556,2.046169545074115,-0.08292902540206909,2.2183739653591688,0.50166,1.0
GPR27,0.88548,2.045380390628362,-1.7026226123046875,2.5402206070056716,0.21778,1.0
CTCF,0.88548,2.045380390628362,-0.601787890625,2.2084504666402105,0.35808,1.0
KRAS,0.88534,2.044000524540109,-0.45125332153320313,1.7711455096540634,0.3971,1.0
SAP130,0.88534,2.044000524540109,0.25337766723632815,1.7978308495532196,0.55718,1.0
MRPL10,0.88532,2.0438035205586753,-0.43503929809570313,2.8339299623965033,0.40772,1.0
INTS4,0.88528,2.043409602298489,-0.6054420288085938,2.0936156646611703,0.3591,1.0
ARFRP1,0.8852,2.0426221242914284,-0.7197130297851563,1.6198705642710611,0.31498,1.0
FBXO9,0.88514,2.0420318291511257,-0.761491357421875,1.808594710980715,0.32452,1.0
DENND4C,0.885,2.0406555166446796,-0.38463489990234373,1.8149679150992213,0.40536,1.0
KYNU,0.88498,2.0404590195969066,-0.23528291345596314,3.4853458957663976,0.454,1.0
PCK2,0.88498,2.0404590195969066,0.027772020072937012,1.8960633544789436,0.50564,1.0
DEDD2,0.88496,2.040262552273631,-0.9822765991210938,1.3387275278250605,0.16776,1.0
FEM1C,0.8848,2.0386918825062796,0.91377748046875,1.5106810031046622,0.75528,1.0
ATRX,0.8848,2.0386918825062796,-0.5809701171875,2.0753713316757056,0.36858,1.0
ENAH,0.8848,2.0386918825062796,-0.3087696942138672,3.2333780206422778,0.4422,1.0
PHKG2,0.88466,2.037319102213356,-1.0053046362304687,1.665074419582658,0.2436,1.0
ALDH9A1,0.8845,2.0357519836379914,-0.7345392260742187,2.1916928514383094,0.32852,1.0
ZRANB1,0.88442,2.0349691320396808,-0.3390268414306641,1.8511828329118851,0.43056,1.0
RPS3,0.8844,2.0347734927450136,-0.6325642431640625,2.3533542629328092,0.35458,1.0
CLP1,0.88432,2.0339912296744984,-0.6321254858398437,1.9380258275969884,0.37626,1.0
ADAM21,0.88428,2.0336002744589736,2.38838669921875,3.501120935232024,0.75922,1.0
MED11,0.88426,2.0334048408948937,-0.46364543579101564,2.3223496107515036,0.40082,1.0
ZNF708,0.8842,2.032818716253248,-0.6048734631347656,2.657709424045047,0.35746,1.0
ADA,0.88416,2.032428113097645,-0.37282419311523435,1.7671994230180912,0.4113,1.0
TNFSF9,0.88412,2.032037627130092,-1.3163791845703126,2.9604125660421046,0.2995,1.0
KPNA6,0.884,2.0308668715312788,-0.6144302124023437,1.8047943032317662,0.3604,1.0
BBS7,0.8839,2.0298920453630567,-0.028542952694892883,1.9039906505830608,0.4943,1.0
RPL32,0.88378,2.02872321623943,-0.314243037109375,2.241539184397805,0.43672,1.0
SDCCAG8,0.88368,2.0277499923676685,-0.518168125,1.7698142771161003,0.38564,1.0
GRPEL1,0.88356,2.0265830822912037,-0.5663518005371094,2.2613760660816955,0.39926,1.0
GFM2,0.88328,2.023864346916351,0.05121303819656372,2.158643114507914,0.53346,1.0
DIDO1,0.88322,2.0232824973385832,-0.6368997631835938,1.6972186347081015,0.33586,1.0
RPS14,0.88312,2.0223133242676523,-0.3420267321777344,2.279101436752448,0.43596,1.0
GTF2A1,0.88306,2.0217321657178022,-0.43197985229492186,1.8209690202846005,0.3975,1.0
ATP11B,0.88294,2.020570624262292,-0.8386527587890625,1.8189906540150897,0.30602,1.0
ETHE1,0.88284,2.01960346177264,-0.43719659545898437,1.7938425488442604,0.39568,1.0
ELP6,0.88282,2.0194101151973523,-0.42667424926757813,2.710870442803971,0.43428,1.0
IMMT,0.88274,2.0186370149726343,-0.4832353967285156,2.0440896331378813,0.40534,1.0
GNPDA1,0.88264,2.017671282617324,-0.5394546569824219,1.7830855458123644,0.3652,1.0
POP7,0.88242,2.0155491801661682,-0.6973517358398438,2.040177135452007,0.34254,1.0
DCP1A,0.882,2.0115074315411268,0.5070954248046875,1.7368585938596235,0.61334,1.0
SCO1,0.882,2.0115074315411268,-0.1800008139038086,1.8453467741212195,0.45832,1.0
ZDHHC7,0.88182,2.00977906762912,-1.0590081201171875,1.3811690780744352,0.16504,1.0
MRPL1,0.88178,2.0093952963903807,-0.02206249897003174,3.2571804099100343,0.50922,1.0
APOD,0.88154,2.0070950271575496,0.04229075891494751,3.4640698166802872,0.50454,1.0
NPLOC4,0.88144,2.0061377721766296,-0.5319138061523437,1.731519822636721,0.36392,1.0
BTN3A2,0.88136,2.0053724712021332,0.10977006195068359,2.6854977909247744,0.5298,1.0
ARHGEF4,0.88134,2.0051812157408815,0.5293844799804688,4.152469728462004,0.54058,1.0
SNRPA,0.881,2.0019341328246503,-0.3666698046875,1.888821449269638,0.38876,1.0
RNF138,0.8806,1.9981242923631521,0.7723854418945313,1.7872492166322287,0.67494,1.0
WDR33,0.8806,1.9981242923631521,-0.4925257873535156,1.9153527281942546,0.38322,1.0
CLINT1,0.88028,1.9950843556968356,-0.5867725048828125,1.9780401073247795,0.37412,1.0
TMX3,0.88022,1.9945151493911433,-0.13731999771118164,2.039630777005939,0.47388,1.0
RAD23B,0.87998,1.9922407843798897,-0.6744753100585937,1.6775179708275822,0.34106,1.0
TYROBP,0.87994,1.991862105505888,0.12036507753372193,4.065297774838923,0.54604,1.0
YARS2,0.8799,1.9914835355655773,-0.22298552185058593,2.676531289225155,0.47268,1.0
MBP,0.87974,1.9899703436600815,-0.6314652294921875,1.807268842161738,0.31074,1.0
ZNF493,0.87974,1.9899703436600815,-0.21901284851074218,2.7258882069370456,0.46256,1.0
EXOC5,0.87952,1.9878925400607665,-0.2309648309326172,1.8598447943260326,0.45318,1.0
ZKSCAN1,0.87948,1.987515109463659,-0.7687895483398437,1.6806576772262902,0.31656,1.0
ARID4A,0.87942,1.9869491662060046,-0.716897568359375,1.5243020961694782,0.28868,1.0
MCFD2,0.87934,1.9861949530689325,-0.5096149194335937,1.7305505263138279,0.3702,1.0
SECISBP2,0.87892,1.9822423968755485,-0.3087024212646484,1.8926066661722711,0.44082,1.0
PEX11B,0.8789,1.9820544750115532,-0.40106348876953124,2.008340582753679,0.40894,1.0
SRSF2,0.87876,1.9807397706713763,-0.396569443359375,2.0641928329479384,0.4153,1.0
USP48,0.8786,1.9792388529162817,-0.5258628442382812,1.9509875247638053,0.37252,1.0
STX18,0.87846,1.977926947726237,0.26061191650390625,1.9106140091255446,0.54328,1.0
SLC25A26,0.8784,1.9773651012231992,-0.49744342895507815,3.0088365230582754,0.39878,1.0
MAFB,0.8783,1.97642922092959,-0.043956783142089846,4.01945962684548,0.50176,1.0
THUMPD1,0.87816,1.9751201007921553,-0.1355296255493164,2.250173309708268,0.47644,1.0
WBP11,0.87812,1.9747463044382139,-0.5288441540527343,1.8608415496311401,0.36644,1.0
DDX6,0.87808,1.9743726137190747,-0.5506465148925781,2.1823393585308652,0.3583,1.0
MRPL49,0.87768,1.9706415008884288,-0.2587918347167969,2.400000408763541,0.42294,1.0
IRF1,0.87764,1.9702689674910463,0.7530921801757813,1.492322147129881,0.71076,1.0
NFKBIA,0.87764,1.9702689674910463,0.0066851160335540775,1.7176555540015488,0.50098,1.0
GLG1,0.87742,1.968221905035204,-0.9077459057617188,1.548919541349013,0.2273,1.0
FCER1G,0.87736,1.967664163888395,-0.19707249389648437,3.704313233746833,0.46338,1.0
GLUL,0.87736,1.967664163888395,0.06163526453018189,2.1437922145138146,0.51412,1.0
TCP1,0.8771,1.9652499943853468,-0.3048900390625,1.811471099023137,0.42766,1.0
PEX19,0.87708,1.9650644710180165,-0.3598476940917969,2.1144125514757204,0.40044,1.0
TRAPPC10,0.87702,1.964508056603933,-0.4948171130371094,1.7066499557673274,0.379,1.0
VPS37A,0.8768,1.962469865094332,-0.2780945721435547,1.7886619559151034,0.4338,1.0
TNKS2,0.8768,1.962469865094332,0.172211669921875,1.7239934014272194,0.54598,1.0
USP42,0.87668,1.9613594424955687,0.4719433825683594,1.7314511306614129,0.6209,1.0
PEX2,0.8766,1.9606196765134218,-0.44149180786132813,1.6277790638956386,0.39308,1.0
ZNF791,0.87656,1.9602499480422324,-0.5536675720214844,2.1561786475885607,0.39806,1.0
LONRF1,0.87646,1.9593260769996985,-0.28673997436523435,2.423708070725727,0.4266,1.0
GABPB1,0.87642,1.9589567084579405,-0.13462757385253907,1.847568518358779,0.46726,1.0
CCDC59,0.87624,1.9572958197506807,-0.4896418640136719,1.9849534947336214,0.374,1.0
UPF1,0.8761,1.9560054510372211,-0.15317930267333985,1.8175132332903754,0.47082,1.0
ASB8,0.87606,1.9556370042075657,-0.3514097399902344,2.034850250102725,0.41336,1.0
CDC37L1,0.87598,1.9549004167037987,-0.4966808605957031,2.1126730276918533,0.37064,1.0
RECK,0.87596,1.9547163335611408,-0.47273126708984375,1.682353826388048,0.36908,1.0
ZNF3,0.87592,1.9543482436968864,-0.234467236328125,1.9344992205295086,0.42002,1.0
NDEL1,0.8759,1.954164236958482,-0.272472880859375,1.774475905763077,0.43746,1.0
ISG20L2,0.8758,1.9532445848679199,-0.47293357666015623,1.8551107020426185,0.40194,1.0
PTK2B,0.87576,1.95287690195587,0.23024748413085938,1.8317830315206642,0.56024,1.0
MED24,0.87572,1.9525093206142894,-0.1837787634277344,2.1853981140502117,0.45514,1.0
ABCB6,0.87572,1.9525093206142894,0.026250419387817383,3.2902585232557278,0.49802,1.0
MRPS30,0.87538,1.9493889706810776,-0.3782079064941406,2.4335608053894644,0.40138,1.0
NIP7,0.87534,1.9490223509311546,-0.35477996948242185,2.3544251349794076,0.43468,1.0
DDHD1,0.87526,1.9482894139785856,0.17352127349853516,1.681488454995773,0.54272,1.0
ADD1,0.8751,1.9468247484102532,-0.2878016192626953,1.6099424465100518,0.42516,1.0
CTDSP2,0.87502,1.9460930187383156,-0.9679303295898437,1.4312764592633203,0.1983,1.0
FBXL5,0.87494,1.9453616904387636,-0.4678439929199219,1.8067051238480352,0.39382,1.0
VPS72,0.87482,1.9442654494132592,-0.5115167614746093,1.8488337928938212,0.36374,1.0
ELF2,0.8745,1.9413465358868187,-0.2593776354980469,1.8429555597812017,0.42992,1.0
CWC27,0.87438,1.940253586747426,-0.35238041137695314,2.1835884936819734,0.44988,1.0
HSD17B7,0.87424,1.9389796088214195,-0.10973535606384277,2.166857366543087,0.4793,1.0
HSPH1,0.87414,1.9380703677951723,0.016532942819595338,1.8925012698365553,0.50192,1.0
CNTRL,0.87412,1.9378885938057455,0.4825849182128906,1.6350771405954623,0.61954,1.0
MED17,0.87402,1.9369800944951285,-0.13583252258300782,2.0234420667004804,0.47346,1.0
SRP68,0.87398,1.9366168675846047,-0.5570759997558594,2.072946753913016,0.34566,1.0
USP33,0.87396,1.93643529112875,0.4075205908203125,1.690648589048361,0.61162,1.0
ING5,0.87392,1.9360722121757714,-0.23364027282714844,1.7886296818874723,0.45322,1.0
TGFB3,0.87382,1.935164945845579,0.24494105438232422,3.5769142783799106,0.51072,1.0
CDC40,0.87376,1.9346208813062793,-0.46555863525390623,1.953361478411931,0.41442,1.0
EIF2B1,0.87358,1.932990013911528,-0.65437103515625,2.1046973026657625,0.34964,1.0
NBR1,0.87328,1.9302763094538575,-0.5560496130371094,1.5909088522850017,0.35672,1.0
CERS2,0.87324,1.9299148973242755,-0.441769326171875,1.7611803013490406,0.41576,1.0
CPNE3,0.87322,1.9297342278176624,-0.33307961975097655,2.448148135842998,0.4151,1.0
IL2,0.8732,1.929553582672663,0.07783097942352295,3.1093719464132907,0.50918,1.0
UPF3B,0.87312,1.928831245551384,-0.2910563531494141,1.8366248070069289,0.43156,1.0
BDP1,0.87304,1.9281092975866811,-0.1477307357788086,1.9404395303931792,0.47798,1.0
INTS3,0.87296,1.927387738276162,-0.6242522290039062,1.5946811049418799,0.32598,1.0
ADCY1,0.87286,1.9264863349191297,-0.24661693710327148,3.3790766710499187,0.45252,1.0
AGGF1,0.87282,1.9261259431741642,-0.5627216821289063,1.802731183126942,0.36338,1.0
MBD4,0.87278,1.9257656482485523,-0.5291177026367188,1.748930756975227,0.38666,1.0
OSBPL6,0.87276,1.9255855370735062,0.4244235571289062,2.6977621106896725,0.57194,1.0
PDGFRA,0.87266,1.9246853437642717,0.263688447265625,2.9060990358044654,0.54242,1.0
MAP2K1,0.8726,1.9241455175514466,-0.70789884765625,1.5242748028528037,0.30516,1.0
PLEKHA2,0.8726,1.9241455175514466,0.026807532472610474,1.633841445757392,0.50058,1.0
ESCO1,0.8724,1.922347663416784,-0.1862629800415039,2.4686537775394526,0.46036,1.0
UNKL,0.87228,1.9212701054379635,-0.221216826171875,1.7278578796146884,0.4335,1.0
JMJD6,0.87222,1.9207316504920913,-0.5697250732421875,1.6936995844379943,0.34292,1.0
TAGLN2,0.87202,1.9189383577144612,-0.5427133605957031,1.5168956243539116,0.34862,1.0
KREMEN2,0.87184,1.9173264375147387,-0.3728246832275391,3.3284718477874775,0.44754,1.0
ZNF124,0.87166,1.9157164472957404,-0.14485104904174806,1.6880403214131188,0.45786,1.0
MCU,0.8716,1.9151802118146044,0.1794775422668457,1.682770812304435,0.54316,1.0
COQ7,0.8716,1.9151802118146044,-0.1527740411376953,1.7392777956834793,0.45754,1.0
RARA,0.87144,1.9137512943449329,-0.23314527160644533,1.6490257987860384,0.44766,1.0
ERAP1,0.87142,1.9135727862786003,0.14515039245605468,1.6961613014229668,0.54508,1.0
RUFY1,0.87134,1.9128589906133446,-0.5389392138671875,1.5621678029134205,0.35528,1.0
TXNL4A,0.8713,1.9125022346351597,-0.5440735192871093,1.7530805090569967,0.3916,1.0
EHHADH,0.87126,1.9121455731462316,-0.3339510961914062,3.490879761478839,0.43562,1.0
GCC2,0.8712,1.9116107579484973,-0.3676324072265625,2.2199392602967323,0.3919,1.0
VDAC3,0.87116,1.9112543324194105,-0.42059577270507814,1.914567924770689,0.40858,1.0
VBP1,0.87104,1.9101856212647286,-0.3888157482910156,1.8495817436331106,0.41978,1.0
ETFA,0.871,1.9098295724908305,-0.5918584204101562,1.628972691041303,0.36598,1.0
ZNF720,0.87098,1.9096515833722594,0.020423747943341734,2.019458019565045,0.51062,1.0
UBE2G1,0.87086,1.9085841419473608,-0.5086982666015625,1.9154460966933566,0.36688,1.0
MZT1,0.8707,1.9071622000567583,-0.11048107131958008,1.9884117718134562,0.4879,1.0
USP34,0.87062,1.9064517909010215,-0.5563439147949218,1.7650769291048367,0.3751,1.0
ZNF26,0.8705,1.9053868780686518,-1.812121865234375,3.057501547461095,0.26788,1.0
SNRNP200,0.87044,1.9048547366249633,-0.84523306640625,1.7640791819894277,0.30592,1.0
UHMK1,0.87038,1.9043228048969352,0.03739807804107666,2.342091737737355,0.52306,1.0
HSP90AB1,0.87034,1.903968300155254,0.3132194696044922,1.6733742195648977,0.5855,1.0
CALU,0.87018,1.9025512111948908,-0.6072686645507812,1.7080295932214804,0.3619,1.0
NCOA3,0.87014,1.9021971711623584,0.24305879028320312,1.7190485430074585,0.5585,1.0
PHIP,0.87012,1.9020201859368564,-0.19649630249023436,1.7503266056782563,0.45318,1.0
UBA5,0.86992,1.9002516075981104,-0.4881633874511719,2.9324316786791376,0.43304,1.0
ZNF131,0.86984,1.8995448237787111,-0.10403358459472656,2.4175316581099557,0.48288,1.0
ZC3H11A,0.8697,1.8983088404649202,-0.39280689697265625,1.55805518968764,0.3985,1.0
SF3B3,0.86952,1.8967213769421727,-0.3563950085449219,2.6704684529199207,0.4306,1.0
ZNF430,0.8695,1.8965451070315902,-0.5114368872070313,2.336626747364185,0.39548,1.0
CRBN,0.8695,1.8965451070315902,-0.43251462158203124,2.1756004488543508,0.36882,1.0
CHD8,0.86942,1.895840256902438,-0.3660836926269531,1.7015270242836624,0.40268,1.0
CRNKL1,0.86936,1.8953118600923868,-0.42513406127929687,1.8237165983540442,0.40154,1.0
DCAF7,0.86928,1.8946076516915207,-0.16479472930908204,1.6050875815535959,0.46488,1.0
ZNF136,0.86896,1.8917944741817756,-0.15943132751464845,2.355535914558652,0.45604,1.0
USP14,0.86886,1.8909165527330927,-0.08837463274002075,2.0112625981559917,0.47772,1.0
KDM3B,0.86878,1.8902146247401426,-0.5596688110351562,1.601273867796783,0.3461,1.0
SVIP,0.86856,1.888286194194584,-0.35393786376953124,3.371497149287355,0.4019,1.0
MRPL39,0.86856,1.888286194194584,-0.2788112921142578,2.085792397975426,0.42336,1.0
HDAC8,0.86848,1.8875856258985801,-0.4380635681152344,1.676326351535598,0.38126,1.0
KANSL2,0.86838,1.8867104238495955,-0.3032109918212891,2.328771325701066,0.43318,1.0
CD74,0.86832,1.8861855733863349,-0.09349655616760254,2.4202298031870444,0.47514,1.0
TADA3,0.86814,1.8846122382918917,-0.824202109375,1.3823482533170415,0.25742,1.0
SRSF3,0.86806,1.883913562900606,-0.5278812194824218,1.770827901626878,0.37,1.0
LSM2,0.86806,1.883913562900606,-0.18580344421386719,2.6356891832580076,0.4793,1.0
BAZ2A,0.86738,1.8779892777817602,0.008290594587326049,1.7064175874733194,0.4996,1.0
TBCB,0.86728,1.8771202314708477,-0.5415579272460938,1.6872520771905393,0.35174,1.0
PHF1,0.86728,1.8771202314708477,-0.4185980920410156,1.6986949616945641,0.38118,1.0
NLRC5,0.86718,1.8762517395762377,0.6636151098632812,1.470592649195349,0.67626,1.0
ZNF33A,0.86708,1.875383801240329,-0.5398633142089844,2.0363648185521463,0.35992,1.0
ZNF701,0.86656,1.870879412233364,-0.45571026611328125,1.844875215186372,0.3873,1.0
YY1,0.86652,1.870533536367917,-0.46338274047851563,1.6479246152021398,0.36926,1.0
ANXA5,0.86602,1.8662174679038572,-0.27061738372802735,2.198866904843935,0.43222,1.0
GAPVD1,0.86586,1.86483920200445,-0.7695144384765625,1.649386030322488,0.33012,1.0
RALBP1,0.86582,1.8644948526294371,-0.3945661096191406,1.8305886810325227,0.37962,1.0
DCPS,0.86556,1.8622586934466767,-0.06439812865257263,3.155422934671523,0.48902,1.0
IL11,0.86494,1.8569410162175293,-0.5415161352539063,2.943688275936274,0.3938,1.0
EIF5B,0.86488,1.8564274964849712,-0.37728826416015626,2.5319274076794276,0.43186,1.0
IFNB1,0.86454,1.85352117978614,2.0686065625,3.128543618176345,0.77954,1.0
OSBPL2,0.86454,1.85352117978614,0.05783848558425903,1.6511996297836973,0.51764,1.0
SYCE2,0.86442,1.8524968897986167,1.8625546533203126,3.1774335849600934,0.75784,1.0
DHX15,0.86424,1.8509618870827587,-0.12224080963134766,2.0731417547389093,0.48784,1.0
HERPUD1,0.86372,1.8465370494138653,-0.17514070922851563,1.8769335159715121,0.4593,1.0
TAF7,0.86358,1.8453481772760612,-0.30366462951660156,1.7354244206342349,0.42256,1.0
CPNE1,0.8634,1.843821135984687,-0.1587568276977539,2.355091786819963,0.4534,1.0
SMNDC1,0.86334,1.843312498650749,0.11032999862670899,1.686626048690634,0.52958,1.0
DNAJB1,0.86332,1.8431429946436784,-0.2595755432128906,1.6350948851548288,0.42374,1.0
ARL1,0.86326,1.8426346078471008,-0.3811857360839844,2.31166797807473,0.42812,1.0
WHAMM,0.86322,1.8422957876070465,-0.053274164566993715,1.9611547434720222,0.47422,1.0
SERPINB1,0.86316,1.8417877135578615,0.7746897436523438,1.0428141623758955,0.86052,1.0
RNF146,0.86314,1.841618397199276,0.08219740579605103,1.5884219740769137,0.52586,1.0
EAF2,0.8629,1.8395882229459932,0.6146557495117188,1.9456449362088943,0.66454,1.0
HSPA5,0.8629,1.8395882229459932,-0.12778163330078124,1.6818080738180963,0.46888,1.0
TAOK1,0.86282,1.8389121625182354,-0.3001876806640625,1.6076067418543802,0.41478,1.0
ACTR1A,0.86238,1.835199745016862,-0.6906725952148437,1.377205585103788,0.29156,1.0
PPM1A,0.86194,1.8314972893973385,-0.63144083984375,1.3175407351669606,0.31668,1.0
GOPC,0.86184,1.8306572047475145,-0.061457011362314226,1.8531255503299453,0.48552,1.0
FN3KRP,0.86176,1.8299855045674884,-0.2507560913085938,2.9672055449450894,0.42116,1.0
RBM17,0.86146,1.8274695316513645,-0.3932062109375,1.8765222359066385,0.41074,1.0
AMPH,0.86134,1.8264644226281657,-0.09797448093414307,3.130796085037428,0.48452,1.0
INSIG2,0.86114,1.8247908615104085,0.01003898564338684,2.025156270498434,0.4957,1.0
PGRMC1,0.86088,1.8226182518461091,-0.4038292224121094,1.6432825012906047,0.39408,1.0
VAMP4,0.8608,1.8219504415072008,-0.1655857907104492,1.8077524509843144,0.47202,1.0
ATP6V1H,0.86076,1.821616656983105,0.50391283203125,1.4977993304434158,0.64416,1.0
COX5A,0.86062,1.8204490437243703,0.043965601434707645,1.6909780230174443,0.56186,1.0
MRPS28,0.86052,1.819615635875033,-0.2308641815185547,2.38635340006552,0.4524,1.0
CWC22,0.86052,1.819615635875033,-0.16010808013916017,1.7914222162770639,0.47574,1.0
MRPS16,0.86032,1.8179503209700756,-0.30369829345703125,1.7204225449784238,0.43208,1.0
SULT1C4,0.86002,1.815456089529701,0.4189007141113281,2.749976151231501,0.56432,1.0
PUM1,0.85984,1.8139616982390456,-0.2255901190185547,1.6387135312965226,0.4341,1.0
PPIL4,0.8596,1.8119716731766449,-0.4717642321777344,1.684147892695926,0.396,1.0
MBD1,0.85906,1.8075045003073091,-0.36789529663085935,1.722696595030417,0.40316,1.0
ZNF217,0.85876,1.8050289172411782,-0.6978753295898438,1.486310604753593,0.28266,1.0
LY6G6F,0.85858,1.8035456756090769,-0.034572322101593014,3.0561602601621702,0.47876,1.0
DHRS7B,0.85782,1.797300426767791,-0.7808164794921875,1.3945368541070549,0.2349,1.0
TFIP11,0.85772,1.7964807588207758,-0.3211399108886719,1.6756450301329981,0.41418,1.0
HSPA4,0.85754,1.7950065666322594,-0.14732339965820312,1.6815543362719576,0.45978,1.0
SCFD1,0.85736,1.793533926849857,-0.25547021057128905,1.5750933475644902,0.42312,1.0
TRIM33,0.85684,1.7892883174867908,-0.3303806506347656,1.404539785650521,0.4016,1.0
MED30,0.85664,1.7876588111053668,-0.2991224755859375,1.5231461492138452,0.42992,1.0
CIAO1,0.85612,1.7834309344049393,-0.40037331298828127,1.5853058777005111,0.38652,1.0
RABEP1,0.85566,1.7797014733326033,-0.4665401684570312,1.5438335686278928,0.37144,1.0
NUDT21,0.85564,1.7795395471590163,-0.36256537475585937,1.671656183520745,0.42604,1.0
SLCO3A1,0.8556,1.779215750749525,-0.6412914672851563,1.506288368314149,0.28286,1.0
TRIP11,0.8554,1.7775978860681443,-0.470148203125,1.7090936277531603,0.40998,1.0
BLOC1S6,0.85496,1.774045117770046,-0.7100739599609375,1.3095225605615843,0.28292,1.0
INO80C,0.85442,1.76969711248155,-0.36867251953125,1.5883239240770772,0.3967,1.0
CDK19,0.85426,1.7684113848597558,-0.31393873901367186,1.5316208279873418,0.42056,1.0
LSM6,0.85392,1.7656830957389764,-0.29107469787597656,1.7452485308170034,0.45276,1.0
PFDN1,0.85388,1.7653624667658168,-0.30029556701660154,1.837039484216603,0.44036,1.0
MGRN1,0.85356,1.7628000502813885,-0.6409612524414062,1.4131674242503944,0.2913,1.0
POU2F1,0.85336,1.761200894785778,0.21866213806152343,1.474131669474839,0.56494,1.0
ATG10,0.8533,1.7607215003936028,0.13160285060882568,1.381327319055075,0.53114,1.0
MATN3,0.85306,1.7588055448023612,-0.38416466918945313,3.3075245663405974,0.41726,1.0
PIGH,0.85282,1.7568921777957283,-0.38633197265625,2.0037745898437604,0.40774,1.0
ATF7IP,0.85264,1.755458846041475,-0.34751404418945314,1.8006511639101814,0.40698,1.0
MYO7A,0.85256,1.7548222745511328,-0.029012535524368287,2.986572893431943,0.51672,1.0
ATG4A,0.85154,1.746730913234846,-0.38717749389648437,1.9091248824358409,0.44066,1.0
WDR20,0.85154,1.746730913234846,-0.17621467193603516,1.8642940370504797,0.45956,1.0
SUPT6H,0.85142,1.7457820101156538,-0.6309079321289063,1.436292551835481,0.29528,1.0
RBM4,0.8511,1.7432546907929518,-0.4425936828613281,2.5637661566745895,0.37266,1.0
ATF6,0.84972,1.732406662745915,-0.3149576513671875,1.5727535591831894,0.421,1.0
NUP62,0.84892,1.7261554555231844,0.1372568409729004,1.4021133334508002,0.54372,1.0
MED6,0.8487,1.724441146181321,0.04547749523162842,1.6067416777166865,0.51122,1.0
STAMBP,0.84848,1.7227288839510517,-0.08967096267700195,1.809247452676134,0.48434,1.0
YPEL5,0.8483,1.7213294604592029,-0.29245901794433593,1.6185303175531374,0.40108,1.0
ABHD3,0.84738,1.7141980644475405,-0.11049935165405274,1.4496514450823503,0.4624,1.0
ING3,0.8471,1.7120346385024885,-0.4618976733398438,1.5463355884974852,0.35946,1.0
BCAS2,0.8469,1.7104913212639152,-0.3846015612792969,1.8835230631175988,0.37628,1.0
DCUN1D1,0.84672,1.709103747263986,-0.7172248315429688,1.0461456535866123,0.2359,1.0
S100A11,0.84652,1.7075635626135017,-0.0889432022857666,1.7553295617743776,0.47226,1.0
ZNF638,0.84646,1.7071018276606227,-0.5902941333007813,1.711618002300763,0.34238,1.0
NIPBL,0.84598,1.7034132545537355,-0.36934488159179685,1.4187669389285291,0.39618,1.0
ACTB,0.84574,1.7015724932600558,-0.8125927514648438,1.1408149168746302,0.17144,1.0
DDX52,0.84562,1.7006529905994638,-0.15552115325927734,1.764524753151016,0.43588,1.0
MRPL18,0.84558,1.700346619550805,-0.09069468711853028,1.47831850645961,0.45606,1.0
GAK,0.84514,1.6969808111484754,-0.26741461547851564,1.5278172394558445,0.4204,1.0
TXNIP,0.84486,1.6948429980945503,0.03743696915626526,1.4933884586987969,0.51342,1.0
ARID4B,0.8447,1.6936228045788098,0.04874101650238037,1.4927731252100491,0.50944,1.0
ANXA1,0.84414,1.689360189201762,0.3257203729248047,2.1547660809613944,0.6084,1.0
ENSA,0.84386,1.6872335633674873,-0.3963550085449219,1.8777440473081934,0.3843,1.0
DEGS1,0.84328,1.6828382763106486,-0.13285111053466797,1.6756187250465366,0.4894,1.0
TIMM17A,0.84248,1.6767974887414716,-0.2991240075683594,1.685255606415721,0.45646,1.0
ZNF75A,0.84244,1.6764961049705769,-0.37853733276367185,2.4156625877187743,0.4035,1.0
TRPC1,0.84226,1.6751406472056696,0.05752226898193359,3.2882875626716666,0.4815,1.0
TCF7L1,0.84124,1.6674833659006127,0.5653171899414062,3.369732357659396,0.56462,1.0
ABI1,0.84118,1.6670341825201114,-0.009257597179412842,1.306475191795572,0.48584,1.0
CHD1,0.83932,1.6531772306954124,-0.4316031787109375,1.5064458524231346,0.3537,1.0
CAND1,0.83912,1.6516949781889516,-0.23441911315917968,2.0909057345355837,0.47236,1.0
GALNT6,0.83888,1.6499182398539702,-0.08857109970092773,1.4660846691025236,0.47284,1.0
ZNF143,0.83806,1.6438638007063717,-0.3663016430664062,1.3358575180142862,0.39964,1.0
UBE2K,0.8379,1.6426853328776103,-0.20004415771484374,1.3119013389161915,0.43822,1.0
ATG4B,0.83644,1.631974894922157,-0.4589374914550781,1.4372401776166952,0.3783,1.0
UBB,0.83578,1.6271584282772071,-0.15781293487548828,1.2499807945587293,0.44828,1.0
LCMT1,0.83562,1.6259931435727017,-0.22953014343261718,2.1309445357464556,0.42386,1.0
B3GALT4,0.83468,1.6191654282216523,-0.5703835546875,1.2218209298918312,0.28748,1.0
CMC2,0.8341,1.614968102051167,0.4624141186523438,1.292965197978459,0.65054,1.0
SRSF11,0.83374,1.6123687750519644,-0.26024306762695315,1.5909725770938397,0.43194,1.0
C2orf49,0.8334,1.609917989255611,-0.10233796417236328,1.470021448569074,0.47652,1.0
SCAMP1,0.83286,1.6060337762417831,-0.1364661459350586,1.7418309132825598,0.45638,1.0
CYB5B,0.83252,1.6035933044391082,-0.33814125732421874,2.0755234448623607,0.4188,1.0
GALNT12,0.83154,1.5965810704215482,1.5464753564453124,3.0897478196601815,0.72386,1.0
BBIP1,0.8308,1.5913076448298342,-0.19867190979003907,1.4264707595072281,0.43132,1.0
GDI1,0.8307,1.590596429705936,-0.65391365234375,1.1998932678466738,0.23734,1.0
EEA1,0.8307,1.590596429705936,-0.5553772509765625,1.3070521313768546,0.2915,1.0
CDC5L,0.8306,1.5898855489786992,-0.4084470495605469,1.3932541637949074,0.36156,1.0
SPTSSB,0.82968,1.5833610636962545,-1.2982310986328125,2.806505347321227,0.28374,1.0
KCMF1,0.82768,1.5692733928471263,-0.2843490618896484,1.3574124898655906,0.40934,1.0
SMS,0.82718,1.5657717350989104,-0.5963344995117188,1.4334043892801964,0.33364,1.0
MTIF3,0.82688,1.5636745860560106,-0.4775740478515625,1.5255287574333607,0.3423,1.0
FXYD3,0.82434,1.5460327576749402,-0.03181225149393082,2.729698174025818,0.49996,1.0
IL1RL2,0.82366,1.5413438737397496,-0.5208242956542969,2.6724079260787836,0.42972,1.0
UBC,0.82246,1.5331039135979239,0.1546769659423828,1.515136376479642,0.55866,1.0
LAMA5,0.82114,1.5240902417483932,-0.0018267008733749389,2.5878631808601122,0.50916,1.0
DNAJB6,0.82024,1.5179743524847618,-0.07292086502075196,1.4094769480808076,0.47966,1.0
PBX1,0.81922,1.5110718456794598,0.08497034080505371,2.820422657504496,0.51542,1.0
CACNB2,0.81758,1.5000370365587015,-0.09841748657226562,3.0217776054458905,0.45818,1.0
CIDEC,0.81572,1.4876148187564302,1.433118349609375,2.9697476808982275,0.67454,1.0
CHMP1A,0.81386,1.4752892822809802,-0.11268954315185546,1.3295783601173536,0.45776,1.0
APOA1,0.813,1.4696224926932235,-1.511963603515625,2.7696183752381023,0.23638,1.0
JUNB,0.81266,1.4673876701130275,-0.40192065185546877,1.2278535600011051,0.32666,1.0
SLCO4C1,0.81064,1.4541740939343337,1.3530882470703125,2.8761800649390312,0.6746,1.0
BNIP2,0.80974,1.4483216507062888,-0.2198043682861328,1.1951138701936352,0.4249,1.0
B2M,0.80856,1.4406804441662888,0.34880237060546876,1.185684886225707,0.70428,1.0
SNAPIN,0.8073,1.4325607709806492,-0.027763760216236114,1.30508931641247,0.50138,1.0
ZNF224,0.80496,1.417587921010047,-0.1759819485473633,2.1904393961752797,0.4413,1.0
SCG3,0.79744,1.370370457763168,1.144186279296875,2.233741414642152,0.71712,1.0
ANLN,0.79574,1.3598788071723695,0.24642275146484374,3.0630021283861355,0.53952,1.0
ZNF233,0.79382,1.3481071616266214,0.080056906747818,3.1200670116692963,0.45606,1.0
AQP10,0.79274,1.341521255265574,-0.32780647338867186,2.89525778853943,0.44542,1.0
BUB1B,0.78934,1.3209516938376702,1.0764290356445312,2.9944568163477308,0.66724,1.0
CHTOP,0.78492,1.294571749819644,0.03280792203903198,1.2254123001221031,0.51486,1.0
ITGB5,0.77666,1.2463074001461634,0.9751213549804687,2.4303860979787872,0.69316,1.0
MMP24,0.7697,1.2066180217136326,-1.15683580078125,2.189295167942083,0.26048,1.0
TMSB4X,0.76466,1.1784000135516028,-0.2536890979003906,1.6659162901379863,0.42208,1.0
SYTL4,0.76362,1.172629603647916,-0.4089997375488281,2.4274855447878037,0.42982,1.0
PSMB11,0.76254,1.1666557778843878,0.14656462745666504,3.1585440273136114,0.51584,1.0
EIF5,0.7575,1.139021827005986,-0.21701965454101563,1.2554915908049566,0.43086,1.0
KIR2DL1,0.7543,1.1216788873324517,-0.9775883618164063,2.4592445761790582,0.31752,1.0
PMCH,0.7503,1.1002129292659553,0.25636403198242186,3.098763996082666,0.48972,1.0
MBOAT4,0.74492,1.0716996086162345,0.2184376300048828,2.242452850553184,0.5094,1.0
KIF4A,0.71876,0.9383191077272921,-0.2979905731201172,2.250883224471351,0.40102,1.0
OPRM1,0.71862,0.9376266372384033,-0.05338407136917114,2.5225343283688035,0.44448,1.0
FSTL1,0.71158,0.903070098585437,0.6433429541015625,1.9527901487083168,0.66068,1.0
SPTA1,0.70784,0.884916482047257,0.6242075830078125,2.5877426423737147,0.52426,1.0
NPPC,0.7051,0.8717033209037641,0.7822036645507813,2.478395352019796,0.663,1.0
EGF,0.70236,0.8585613905620693,0.0712846103668213,2.157034691555713,0.47436,1.0
SLC2A14,0.70084,0.8513010682954201,-0.652055458984375,2.242943893908445,0.3246,1.0
IL36RN,0.6978,0.8368434789140344,1.6836437060546876,2.778024823131974,0.77944,1.0
GYPA,0.6602,0.6641856101812611,-0.13266377670288085,1.7369934035769043,0.4546,1.0
MOCOS,0.5193,0.07723837595035825,0.5259474694824219,1.411002715674889,0.70694,1.0
STX1B,0.49098,-0.03608391474208304,-0.25528176513671874,1.4033778933004133,0.3623,1.0
TLR9,0.0002,-8.51699317141357,-0.0012715878331661225,0.013197566203886579,0.417,1.0
