pathway,n_genes,n_tested,median_member,median_reference,effect,pvalue,qvalue,sign
REACTOME_INTERFERON_ALPHA_BETA_SIGNALING,18,18,3.7511986157226564,-0.006044713134765678,3.757243328857422,9.002929273422407e-10,7.589469377495089e-07,1
REACTOME_INTERFERON_SIGNALING,49,49,0.5617332657623291,-0.00846931335449222,0.5702025791168213,4.974673266371935e-09,2.0968247817757708e-06,1
REACTOME_CYTOKINE_SIGNALING_IN_IMMUNE_SYSTEM,191,191,0.18388236083984372,-0.011226864929199248,0.19510922576904297,6.8518289844069946e-06,0.0019253639446183655,1
REACTOME_INTERFERON_GAMMA_SIGNALING,24,24,0.5519183735704422,-0.004583190917968771,0.5565015644884109,0.00018232149388168755,0.03842425483556565,1
REACTOME_HSF1_ACTIVATION,15,15,0.505305342721939,-0.004168643798828142,0.5094739865207671,0.00048020176649857477,0.08096201783165971,1
REACTOME_DISEASES_ASSOCIATED_WITH_GLYCOSAMINOGLYCAN_METABOLISM,7,7,-0.5529811816406252,0.0007127685546874651,-0.5536939501953126,0.0006244232494699658,0.0877314665505302,-1
REACTOME_REGULATION_BY_C_FLIP,6,6,1.0386613745117188,-0.0026334863281250454,1.0412948608398438,0.001454936794446265,0.13627907974646683,1
REACTOME_ATTENUATION_PHASE,14,14,0.4605784388017654,-0.0037533874511718746,0.4643318262529373,0.0013610614719643302,0.13627907974646683,1
REACTOME_CELLULAR_RESPONSE_TO_HEAT_STRESS,33,33,0.3414490002441406,-0.005313952026367225,0.3467629522705078,0.0012741856055711192,0.13627907974646683,1
REACTOME_HSF1_DEPENDENT_TRANSACTIVATION,16,16,0.4605784388017654,-0.0037533874511718746,0.4643318262529373,0.0018196065892447807,0.13944803224848637,1
REACTOME_INNATE_IMMUNE_SYSTEM,212,212,0.1370089125061035,-0.00878019775390626,0.14578911026000976,0.0017957378932467432,0.13944803224848637,1
REACTOME_A_TETRASACCHARIDE_LINKER_SEQUENCE_IS_REQUIRED_FOR_GAG_SYNTHESIS,6,6,-0.768350389404297,0.000609012451171842,-0.7689594018554688,0.0036975553008310666,0.24611044412449903,-1
REACTOME_TNF_SIGNALING,9,9,0.42937893949508665,-0.0032286614990234552,0.4326076009941101,0.0040872434374175405,0.24611044412449903,1
REACTOME_REGULATION_OF_HSF1_MEDIATED_HEAT_SHOCK_RESPONSE,29,29,0.33095946502685547,-0.004168643798828142,0.3351281088256836,0.004011659754532522,0.24611044412449903,1
REACTOME_REGULATED_NECROSIS,15,15,0.6434493658447266,-0.0032286614990234552,0.64667802734375,0.004705645472567034,0.2644572755582673,1
REACTOME_FORMATION_OF_THE_CORNIFIED_ENVELOPE,8,8,-0.6496051269531251,0.0008165246582030883,-0.6504216516113281,0.005898217135603519,0.2875385513366806,-1
REACTOME_KERATINIZATION,8,8,-0.6496051269531251,0.0008165246582030883,-0.6504216516113281,0.005898217135603519,0.2875385513366806,-1
REACTOME_GLYCOSAMINOGLYCAN_METABOLISM,19,19,-0.34438098144531254,0.0022764617919921737,-0.34665744323730474,0.00613961319580101,0.2875385513366806,-1
REACTOME_IRAK4_DEFICIENCY_TLR2_4,6,6,-0.8684290783691407,0.000609012451171842,-0.8690380908203126,0.007417951593503993,0.32912279964862456,-1
REACTOME_COLLAGEN_FORMATION,16,16,-0.4794906542968751,0.001940699462890605,-0.4814313537597657,0.009222500193107514,0.35338943921771065,-1
REACTOME_SCAVENGING_BY_CLASS_A_RECEPTORS,5,5,-0.42900962890625,0.0007127685546874651,-0.42972239746093743,0.009189207799645478,0.35338943921771065,-1
REACTOME_UB_SPECIFIC_PROCESSING_PROTEASES,33,33,0.33095946502685547,-0.003753742065429694,0.33471320709228514,0.008652769792871584,0.35338943921771065,1
REACTOME_DISEASES_OF_METABOLISM,47,47,-0.17308606811523436,0.0028375854492187214,-0.17592365356445308,0.00993671187505635,0.36420209176836965,-1
REACTOME_RIPK1_MEDIATED_REGULATED_NECROSIS,11,11,0.6434493658447266,-0.0027679284667969095,0.6462172943115234,0.01059983612045386,0.3723192437309419,1
REACTOME_ANTIVIRAL_MECHANISM_BY_IFN_STIMULATED_GENES,17,17,0.33095946502685547,-0.0032286614990234552,0.3341881265258789,0.012328852939164544,0.39973934721983506,1
REACTOME_APOPTOSIS,33,33,0.3025297372436523,-0.003753742065429694,0.30628347930908195,0.012014923006568961,0.39973934721983506,1
REACTOME_TP53_REGULATES_TRANSCRIPTION_OF_DEATH_RECEPTORS_AND_LIGANDS,5,5,0.8316834674072265,-0.0017514752197266004,0.8334349426269532,0.016702411186513243,0.43463016264117416,1
REACTOME_ERYTHROCYTES_TAKE_UP_CARBON_DIOXIDE_AND_RELEASE_OXYGEN,5,5,0.6801874556732177,-0.0027679284667969095,0.6829553841400147,0.018576459578756685,0.43463016264117416,1
REACTOME_ERYTHROCYTES_TAKE_UP_OXYGEN_AND_RELEASE_CARBON_DIOXIDE,5,5,0.6801874556732177,-0.0027679284667969095,0.6829553841400147,0.018576459578756685,0.43463016264117416,1
REACTOME_SIGNALING_BY_EGFR_IN_CANCER,7,7,0.560057010269165,-0.0032286614990234552,0.5632856717681884,0.014832534682994915,0.43463016264117416,1
REACTOME_NUCLEAR_SIGNALING_BY_ERBB4,7,7,-0.5374272094726564,0.0006043444824218591,-0.5380315539550783,0.01959186972759741,0.43463016264117416,-1
REACTOME_INFECTION_WITH_MYCOBACTERIUM_TUBERCULOSIS,6,6,0.5036315887832641,-0.0029023706054687737,0.5065339593887328,0.015664624040362733,0.43463016264117416,1
REACTOME_MUSCLE_CONTRACTION,27,27,0.4569601484084129,-0.0032286614990234552,0.4601888099074364,0.014542472164063049,0.43463016264117416,1
REACTOME_PHASE_II_CONJUGATION_OF_COMPOUNDS,15,15,-0.4363695458984375,0.0007127685546874651,-0.43708231445312495,0.017345264243715814,0.43463016264117416,-1
REACTOME_REGULATION_OF_TNFR1_SIGNALING,7,7,0.42937893949508665,-0.0027679284667969095,0.43214686796188356,0.018251140701350196,0.43463016264117416,1
REACTOME_CYTOSOLIC_SENSORS_OF_PATHOGEN_ASSOCIATED_DNA,13,13,0.39136088624954224,-0.0032286614990234552,0.3945895477485657,0.018742985197989216,0.43463016264117416,1
REACTOME_CELLULAR_RESPONSES_TO_STIMULI,153,153,0.12622236877441406,-0.00846931335449222,0.13469168212890628,0.019281546124192604,0.43463016264117416,1
REACTOME_SIGNALING_BY_INTERLEUKINS,122,122,0.12434391448974608,-0.007764812011718802,0.13210872650146488,0.01637272222038159,0.43463016264117416,1
REACTOME_DEATH_RECEPTOR_SIGNALLING,40,40,0.26128805908203123,-0.003754096679687513,0.26504215576171875,0.02062562849868923,0.44236143184498056,1
REACTOME_BIOLOGICAL_OXIDATIONS,27,27,-0.197179287109375,0.0013786120605468466,-0.19855789916992184,0.02098986627971438,0.44236143184498056,-1
REACTOME_MRNA_EDITING,5,5,0.9204470977783203,-0.0017514752197266004,0.922198572998047,0.022874900178199684,0.44845443837726356,1
REACTOME_INACTIVATION_OF_CSF3_G_CSF_SIGNALING,5,5,0.5421034813785552,-0.0027679284667969095,0.5448714098453522,0.022874900178199684,0.44845443837726356,1
REACTOME_DISEASES_OF_GLYCOSYLATION,28,28,-0.20620528564453128,0.001940699462890605,-0.20814598510742188,0.022872543266188667,0.44845443837726356,-1
REACTOME_NEGATIVE_REGULATION_OF_FLT3,6,6,0.3209952595520019,-0.0029023706054687737,0.3238976301574707,0.024200027271199995,0.4636505224913999,1
REACTOME_HEPARAN_SULFATE_HEPARIN_HS_GAG_METABOLISM,9,9,-0.5155645996093752,0.0007127685546874651,-0.5162773681640627,0.025541984924487685,0.4784865175854026,-1
REACTOME_ACTIVATION_OF_MATRIX_METALLOPROTEINASES,7,7,-0.30331064697265625,0.0007127685546874651,-0.3040234155273437,0.026756555283019755,0.4903429587736012,-1
REACTOME_METABOLISM_OF_FAT_SOLUBLE_VITAMINS,7,7,-0.9837195971679689,0.0006043444824218591,-0.9843239416503907,0.030053302039947643,0.49530349737725543,-1
REACTOME_CASPASE_ACTIVATION_VIA_EXTRINSIC_APOPTOTIC_SIGNALLING_PATHWAY,10,10,0.8413207681274414,-0.0026334863281250454,0.8439542544555665,0.028854242480762588,0.49530349737725543,1
REACTOME_STRIATED_MUSCLE_CONTRACTION,6,6,0.6803642520070077,-0.0026334863281250454,0.6829977383351327,0.030552528901088116,0.49530349737725543,1
REACTOME_GLUTATHIONE_CONJUGATION,8,8,-0.38887505737304695,0.0005996765136718762,-0.3894747338867188,0.03019953836091738,0.49530349737725543,-1
REACTOME_APOPTOTIC_CLEAVAGE_OF_CELLULAR_PROTEINS,9,9,0.3025297372436523,-0.0027679284667969095,0.3052976657104492,0.03042528238374321,0.49530349737725543,1
REACTOME_PROGRAMMED_CELL_DEATH,38,38,0.2517502589416504,-0.0037533874511718746,0.25550364639282225,0.029851447168044897,0.49530349737725543,1
REACTOME_CASPASE_ACTIVATION_VIA_DEATH_RECEPTORS_IN_THE_PRESENCE_OF_LIGAND,7,7,0.8509580688476562,-0.0017514752197266004,0.8527095440673829,0.03306360138524828,0.5114144112242696,1
REACTOME_DEGRADATION_OF_AXIN,7,7,0.5709698056983947,-0.0027679284667969095,0.5737377341651917,0.03316463553002922,0.5114144112242696,1
REACTOME_NUCLEOTIDE_BINDING_DOMAIN_LEUCINE_RICH_REPEAT_CONTAINING_RECEPTOR_NLR_SIGNALING_PATHWAYS,16,16,0.36388149609565734,-0.0035549523925781368,0.3674364484882355,0.033366302037170614,0.5114144112242696,1
REACTOME_AUF1_HNRNP_D0_BINDS_AND_DESTABILIZES_MRNA,7,7,0.6353370273590088,-0.0017514752197266004,0.6370885025787354,0.03460560326186935,0.5117986587676467,1
REACTOME_TNFR1_INDUCED_NFKAPPAB_SIGNALING_PATHWAY,7,7,0.3968035271644592,-0.0027679284667969095,0.3995714556312561,0.034553281377296984,0.5117986587676467,1
REACTOME_SIGNALING_BY_CSF3_G_CSF,6,6,0.43653147320270536,-0.0029023706054687737,0.43943384380817413,0.03593945941797718,0.5223614532647374,1
REACTOME_TICAM1_RIP1_MEDIATED_IKK_COMPLEX_RECRUITMENT,5,5,0.48695636252403257,-0.0017514752197266004,0.48870783774375914,0.038286916882396944,0.5470486598620444,1
REACTOME_ABC_TRANSPORTERS_IN_LIPID_HOMEOSTASIS,8,8,-0.35910550048828127,0.000609012451171842,-0.3597145129394531,0.03918896638605128,0.5506049777240205,-1
REACTOME_DEGRADATION_OF_THE_EXTRACELLULAR_MATRIX,24,24,-0.2538560180664063,0.002516749267578111,-0.2563727673339844,0.04049441241606063,0.5596195027334281,-1
REACTOME_CONSTITUTIVE_SIGNALING_BY_LIGAND_RESPONSIVE_EGFR_CANCER_VARIANTS,6,6,0.44550823764801023,-0.0029023706054687737,0.448410608253479,0.04206078075703021,0.571890938357685,1
REACTOME_COMPLEMENT_CASCADE,13,13,0.4058920432090759,-0.0017514752197266004,0.40764351842880253,0.046767558792706984,0.604118128511525,1
REACTOME_CELLULAR_HEXOSE_TRANSPORT,5,5,-0.4063987817382813,0.0007127685546874651,-0.40711155029296875,0.045837302665764516,0.604118128511525,-1
REACTOME_RESPONSE_OF_MTB_TO_PHAGOCYTOSIS,5,5,0.3638138117218017,-0.0027679284667969095,0.3665817401885986,0.047297504723322246,0.604118128511525,1
REACTOME_INTERLEUKIN_3_INTERLEUKIN_5_AND_GM_CSF_SIGNALING,16,16,0.20645933944702147,-0.0035549523925781368,0.2100142918395996,0.047142194342924236,0.604118128511525,1
REACTOME_REGULATION_OF_PTEN_GENE_TRANSCRIPTION,15,15,-0.2990836254882813,0.0013786120605468466,-0.30046223754882817,0.04850055378445111,0.6102383110491386,-1
REACTOME_INITIAL_TRIGGERING_OF_COMPLEMENT,7,7,0.6835691603088379,-0.0017514752197266004,0.6853206355285645,0.05098143923291823,0.6295878074432362,1
REACTOME_ERCC6_CSB_AND_EHMT2_G9A_POSITIVELY_REGULATE_RRNA_EXPRESSION,6,6,-0.31126783691406257,0.000609012451171842,-0.3118768493652344,0.05153209811812966,0.6295878074432362,-1
REACTOME_CHONDROITIN_SULFATE_DERMATAN_SULFATE_METABOLISM,7,7,-0.5529811816406252,0.0006043444824218591,-0.553585526123047,0.052426703210455054,0.6313672972344802,-1
REACTOME_COLLAGEN_BIOSYNTHESIS_AND_MODIFYING_ENZYMES,12,12,-0.3309332348632813,0.0008165246582030883,-0.3317497595214844,0.053765949219454885,0.6383759886197249,-1
REACTOME_REGULATION_OF_TP53_EXPRESSION_AND_DEGRADATION,6,6,0.487204415435791,-0.0026334863281250454,0.48983790176391606,0.059721718005624924,0.6538364711524911,1
REACTOME_ASSEMBLY_OF_COLLAGEN_FIBRILS_AND_OTHER_MULTIMERIC_STRUCTURES,11,11,-0.4183329711914063,0.0007127685546874651,-0.4190457397460937,0.05640563121326196,0.6538364711524911,-1
REACTOME_EPH_EPHRIN_SIGNALING,14,14,-0.3540169458007813,0.000609012451171842,-0.35462595825195314,0.059112154367469305,0.6538364711524911,-1
REACTOME_GLUCAGON_SIGNALING_IN_METABOLIC_REGULATION,11,11,0.3024677447319031,-0.0032286614990234552,0.30569640623092653,0.05841177752727272,0.6538364711524911,1
REACTOME_COPII_MEDIATED_VESICLE_TRANSPORT,10,10,0.251285082244873,-0.0008694641113281554,0.25215454635620116,0.05729460149529307,0.6538364711524911,1
REACTOME_NEUTROPHIL_DEGRANULATION,94,94,0.14743803451538084,-0.003754096679687513,0.15119213119506836,0.05922385738781111,0.6538364711524911,1
REACTOME_CELLULAR_RESPONSE_TO_CHEMICAL_STRESS,24,24,0.3198655255126953,-0.0035549523925781368,0.32342047790527345,0.06711085857994543,0.7251423651657811,1
REACTOME_POSITIVE_EPIGENETIC_REGULATION_OF_RRNA_EXPRESSION,13,13,-0.29260389404296877,0.0019884368896484206,-0.29459233093261716,0.06795521571541721,0.7251423651657811,-1
REACTOME_INFLAMMASOMES,7,7,0.5262093690586089,-0.0027679284667969095,0.5289772975254059,0.0721507110772713,0.7314679079053452,1
REACTOME_CYTOSOLIC_SULFONATION_OF_SMALL_MOLECULES,6,6,-0.4944907434082032,0.000609012451171842,-0.49509975585937505,0.07345167322267718,0.7314679079053452,-1
REACTOME_CYTOPROTECTION_BY_HMOX1,19,19,0.30877158599853516,-0.0032286614990234552,0.3120002474975586,0.07375417813992212,0.7314679079053452,1
REACTOME_HSP90_CHAPERONE_CYCLE_FOR_STEROID_HORMONE_RECEPTORS_SHR_IN_THE_PRESENCE_OF_LIGAND,12,12,0.2649551066589355,-0.0026334863281250454,0.26758859298706056,0.07072427684922343,0.7314679079053452,1
REACTOME_ADORA2B_MEDIATED_ANTI_INFLAMMATORY_CYTOKINES_PRODUCTION,26,26,0.22183018562316892,-0.0037533874511718746,0.2255835730743408,0.0702410345771235,0.7314679079053452,1
REACTOME_ANTI_INFLAMMATORY_RESPONSE_FAVOURING_LEISHMANIA_PARASITE_INFECTION,36,36,0.18953146743774413,-0.0037533874511718746,0.193284854888916,0.0720810805954531,0.7314679079053452,1
REACTOME_TRANSMISSION_ACROSS_CHEMICAL_SYNAPSES,44,44,0.18179032669067383,-0.006682353515625017,0.18847268020629884,0.07779506491125056,0.762572554885863,1
REACTOME_SIGNALING_BY_INSULIN_RECEPTOR,16,16,-0.21939750000000002,0.0005996765136718762,-0.2199971765136719,0.07899997361532926,0.7654825029623283,-1
REACTOME_GLUCAGON_TYPE_LIGAND_RECEPTORS,12,12,0.2519863265895843,-0.0029023706054687737,0.2548886971950531,0.08215399373155606,0.7869979172238836,1
REACTOME_LEISHMANIA_INFECTION,55,55,0.18196011474609375,-0.003753742065429694,0.18571385681152344,0.08532773319525595,0.8082166189168626,1
REACTOME_CREB1_PHOSPHORYLATION_THROUGH_NMDA_RECEPTOR_MEDIATED_ACTIVATION_OF_RAS_SIGNALING,6,6,0.24816159164428708,-0.0029023706054687737,0.25106396224975586,0.08721940774681523,0.8169551192285027,1
REACTOME_SUMOYLATION_OF_TRANSCRIPTION_COFACTORS,14,14,-0.3303144934082031,0.000609012451171842,-0.33092350585937497,0.08953712668043388,0.8294483273802831,-1
REACTOME_COLLAGEN_DEGRADATION,13,13,-0.22835160278320316,0.0013786120605468466,-0.22973021484375,0.09175398169972736,0.8334181566865156,-1
REACTOME_METABOLISM_OF_CARBOHYDRATES,55,55,-0.08161115478515629,0.0022764617919921737,-0.08388761657714847,0.09194292831772949,0.8334181566865156,-1
REACTOME_TRYPTOPHAN_CATABOLISM,5,5,0.5746456596899032,-0.0017514752197266004,0.5763971349096298,0.11589876636748403,0.8364762854499762,1
REACTOME_UPTAKE_AND_ACTIONS_OF_BACTERIAL_TOXINS,6,6,-0.5615123364257814,0.0005996765136718762,-0.5621120129394532,0.14357351420987693,0.8364762854499762,-1
REACTOME_INTERLEUKIN_2_SIGNALING,6,6,0.4815003167939186,-0.0026334863281250454,0.4841338031220436,0.11887774333292728,0.8364762854499762,1
REACTOME_INTERLEUKIN_12_SIGNALING,9,9,0.46751508884429926,-0.0027679284667969095,0.4702830173110962,0.12931170176289924,0.8364762854499762,1
REACTOME_REGULATION_OF_PTEN_STABILITY_AND_ACTIVITY,8,8,0.4509646353626251,-0.0026334863281250454,0.45359812169075014,0.14638788434461683,0.8364762854499762,1
REACTOME_TP53_REGULATES_TRANSCRIPTION_OF_GENES_INVOLVED_IN_G2_CELL_CYCLE_ARREST,5,5,-0.45194061767578125,0.0006043444824218591,-0.4525449621582031,0.10661904985321229,0.8364762854499762,-1
REACTOME_MOLECULES_ASSOCIATED_WITH_ELASTIC_FIBRES,6,6,0.44620489183425904,-0.0026334863281250454,0.4488383781623841,0.12527608934288625,0.8364762854499762,1
REACTOME_THE_NLRP3_INFLAMMASOME,6,6,0.4079045700502395,-0.0026334863281250454,0.41053805637836455,0.1437451594038121,0.8364762854499762,1
REACTOME_DEFECTIVE_CFTR_CAUSES_CYSTIC_FIBROSIS,5,5,0.39647772033691403,-0.0017514752197266004,0.3982291955566406,0.0964745850648226,0.8364762854499762,1
REACTOME_ZBP1_DAI_MEDIATED_INDUCTION_OF_TYPE_I_IFNS,5,5,0.39136088624954224,-0.0004347320556640777,0.3917956183052063,0.13895746482731258,0.8364762854499762,1
REACTOME_DISEASES_OF_IMMUNE_SYSTEM,10,10,-0.38626861328125006,0.000609012451171842,-0.3868776257324219,0.13728202379739388,0.8364762854499762,-1
REACTOME_SYNTHESIS_OF_IP2_IP_AND_INS_IN_THE_CYTOSOL,5,5,-0.33773492187500004,0.0006043444824218591,-0.3383392663574219,0.13730087337606897,0.8364762854499762,-1
REACTOME_P75NTR_SIGNALS_VIA_NF_KB,5,5,0.33095946502685547,-0.0017514752197266004,0.3327109402465821,0.14458271962961505,0.8364762854499762,1
REACTOME_SUMOYLATION_OF_DNA_METHYLATION_PROTEINS,6,6,-0.3303144934082031,0.000609012451171842,-0.33092350585937497,0.14408889617243514,0.8364762854499762,-1
REACTOME_TBC_RABGAPS,7,7,-0.3285710546875,0.0002998382568359381,-0.3288708929443359,0.1107795750443657,0.8364762854499762,-1
REACTOME_INTRINSIC_PATHWAY_FOR_APOPTOSIS,10,10,0.3262039555931091,-0.0026334863281250454,0.32883744192123415,0.11719788056974131,0.8364762854499762,1
REACTOME_REGULATION_OF_RUNX2_EXPRESSION_AND_ACTIVITY,6,6,0.3158364108276367,-0.0026334863281250454,0.31846989715576174,0.09994681732702433,0.8364762854499762,1
REACTOME_REGULATION_OF_HMOX1_EXPRESSION_AND_ACTIVITY,6,6,0.31027961803436277,-0.0026334863281250454,0.3129131043624878,0.10166424272538331,0.8364762854499762,1
REACTOME_ASSEMBLY_AND_CELL_SURFACE_PRESENTATION_OF_NMDA_RECEPTORS,7,7,0.28806718238830564,-0.0027679284667969095,0.29083511085510255,0.1352892337174198,0.8364762854499762,1
REACTOME_LONG_TERM_POTENTIATION,5,5,0.28806718238830564,-0.0017514752197266004,0.28981865760803227,0.11589876636748403,0.8364762854499762,1
REACTOME_GPVI_MEDIATED_ACTIVATION_CASCADE,10,10,-0.285550551147461,0.0005996765136718762,-0.28615022766113285,0.12734248229256992,0.8364762854499762,-1
REACTOME_SIGNALING_BY_ERBB2_ECD_MUTANTS,5,5,0.27250433471679686,-0.0027679284667969095,0.27527226318359377,0.10985699180994529,0.8364762854499762,1
REACTOME_CARGO_CONCENTRATION_IN_THE_ER,5,5,0.2692679751586914,-0.0004347320556640777,0.26970270721435546,0.13367034003280603,0.8364762854499762,1
REACTOME_HDACS_DEACETYLATE_HISTONES,12,12,-0.2680457360839844,0.000609012451171842,-0.26865474853515625,0.1349289332192991,0.8364762854499762,-1
REACTOME_TRAFFICKING_OF_AMPA_RECEPTORS,5,5,0.25658734222412105,-0.0027679284667969095,0.25935527069091796,0.10211611686500675,0.8364762854499762,1
REACTOME_APOPTOTIC_EXECUTION_PHASE,12,12,0.2517502589416504,-0.0026334863281250454,0.2543837452697754,0.10628344060818831,0.8364762854499762,1
REACTOME_REVERSIBLE_HYDRATION_OF_CARBON_DIOXIDE,5,5,0.2510142819213867,-0.0027679284667969095,0.2537822103881836,0.11412543640810248,0.8364762854499762,1
REACTOME_RESPIRATORY_ELECTRON_TRANSPORT,15,15,-0.23850665771484375,0.0013786120605468466,-0.2398852697753906,0.11847449050920665,0.8364762854499762,-1
REACTOME_RESPIRATORY_ELECTRON_TRANSPORT_ATP_SYNTHESIS_BY_CHEMIOSMOTIC_COUPLING_AND_HEAT_PRODUCTION_BY_UNCOUPLING_PROTEINS,15,15,-0.23850665771484375,0.0013786120605468466,-0.2398852697753906,0.11847449050920665,0.8364762854499762,-1
REACTOME_COMPLEX_I_BIOGENESIS,9,9,-0.23850665771484375,0.0007127685546874651,-0.23921942626953122,0.13286389322408534,0.8364762854499762,-1
REACTOME_PEPTIDE_LIGAND_BINDING_RECEPTORS,56,56,0.23442777084350586,-0.0029023706054687737,0.23733014144897463,0.12005879498379378,0.8364762854499762,1
REACTOME_INTERLEUKIN_7_SIGNALING,6,6,0.23463322837829587,-0.0026334863281250454,0.2372667147064209,0.09773398587551953,0.8364762854499762,1
REACTOME_RNA_POLYMERASE_III_TRANSCRIPTION_INITIATION_FROM_TYPE_3_PROMOTER,10,10,0.2317562104797363,-0.0026334863281250454,0.23438969680786134,0.11964449389206022,0.8364762854499762,1
REACTOME_RESPONSE_TO_ELEVATED_PLATELET_CYTOSOLIC_CA2,38,38,0.22937493041992185,-0.0035549523925781368,0.2329298828125,0.14038229277206885,0.8364762854499762,1
REACTOME_MAPK6_MAPK4_SIGNALING,17,17,0.2291968566894531,-0.0027679284667969095,0.23196478515625002,0.11870170964928532,0.8364762854499762,1
REACTOME_APC_C_MEDIATED_DEGRADATION_OF_CELL_CYCLE_PROTEINS,14,14,0.2205069952392578,-0.0026334863281250454,0.22314048156738284,0.12032403410381266,0.8364762854499762,1
REACTOME_HOST_INTERACTIONS_OF_HIV_FACTORS,24,24,0.2012125779724121,-0.0029023706054687737,0.20411494857788087,0.14558391796917997,0.8364762854499762,1
REACTOME_RNA_POLYMERASE_I_TRANSCRIPTION,15,15,-0.19245275390625,0.0013786120605468466,-0.19383136596679684,0.12337139633441231,0.8364762854499762,-1
REACTOME_RNA_POLYMERASE_I_TRANSCRIPTION_INITIATION,15,15,-0.19245275390625,0.0013786120605468466,-0.19383136596679684,0.12337139633441231,0.8364762854499762,-1
REACTOME_PEPTIDE_HORMONE_METABOLISM,12,12,0.17955553939819335,-0.0029023706054687737,0.18245791000366213,0.13959968239941858,0.8364762854499762,1
REACTOME_RND3_GTPASE_CYCLE,8,8,0.17785232238769527,-0.0029023706054687737,0.18075469299316405,0.13675259555286381,0.8364762854499762,1
REACTOME_INFLUENZA_INFECTION,23,23,0.14674566772460934,-0.0032286614990234552,0.1499743292236328,0.1468546740766269,0.8364762854499762,1
REACTOME_C_TYPE_LECTIN_RECEPTORS_CLRS,26,26,0.14300026679992672,-0.0026334863281250454,0.14563375312805177,0.14160046499049728,0.8364762854499762,1
REACTOME_FANCONI_ANEMIA_PATHWAY,11,11,0.1362623638916015,-0.0017514752197266004,0.1380138391113281,0.13764637621321857,0.8364762854499762,1
REACTOME_NEUROTRANSMITTER_RECEPTORS_AND_POSTSYNAPTIC_SIGNAL_TRANSMISSION,35,35,0.10830381774902342,-0.004168643798828142,0.11247246154785157,0.12609725674775618,0.8364762854499762,1
REACTOME_ACTIVATION_OF_NMDA_RECEPTORS_AND_POSTSYNAPTIC_EVENTS,17,17,0.10830381774902342,-0.0036541699218750057,0.11195798767089843,0.13709426104601607,0.8364762854499762,1
REACTOME_INTERLEUKIN_RECEPTOR_SHC_SIGNALING,9,9,0.08195921386718746,-0.0027679284667969095,0.08472714233398437,0.13780498716934955,0.8364762854499762,1
REACTOME_DISEASES_OF_SIGNAL_TRANSDUCTION_BY_GROWTH_FACTOR_RECEPTORS_AND_SECOND_MESSENGERS,85,85,0.07195670166015622,-0.006976238403320345,0.07893294006347656,0.13451203399199593,0.8364762854499762,1
REACTOME_SIGNALING_BY_RECEPTOR_TYROSINE_KINASES,112,112,-0.06615483764648444,0.0020361743164062363,-0.06819101196289068,0.09378288384360715,0.8364762854499762,-1
REACTOME_DOWNSTREAM_SIGNAL_TRANSDUCTION,10,10,0.0618748516845703,-0.0035549523925781368,0.06542980407714843,0.1288798109529564,0.8364762854499762,1
REACTOME_ER_TO_GOLGI_ANTEROGRADE_TRANSPORT,24,24,0.05112955230712887,0.0,0.05112955230712887,0.13715814244260455,0.8364762854499762,1
REACTOME_MITOTIC_METAPHASE_AND_ANAPHASE,54,54,0.04433684753417966,-0.0029023706054687737,0.04723921813964843,0.1299447580645115,0.8364762854499762,1
REACTOME_INSULIN_RECEPTOR_SIGNALLING_CASCADE,11,11,-0.024665434570312506,0.0002998382568359381,-0.024965272827148444,0.14383099499501545,0.8364762854499762,-1
REACTOME_IRS_MEDIATED_SIGNALLING,11,11,-0.024665434570312506,0.0002998382568359381,-0.024965272827148444,0.14383099499501545,0.8364762854499762,-1
REACTOME_SIGNALING_BY_TYPE_1_INSULIN_LIKE_GROWTH_FACTOR_1_RECEPTOR_IGF1R,11,11,-0.024665434570312506,0.0002998382568359381,-0.024965272827148444,0.14383099499501545,0.8364762854499762,-1
REACTOME_DAG_AND_IP3_SIGNALING,8,8,0.15022046699523922,-0.0008694641113281554,0.15108993110656738,0.1484942808215068,0.8381354618958473,1
REACTOME_SIGNALING_BY_ALK_IN_CANCER,10,10,0.11378846069335935,-0.0029023706054687737,0.11669083129882812,0.14913442382488387,0.8381354618958473,1
REACTOME_RAS_ACTIVATION_UPON_CA2_INFLUX_THROUGH_NMDA_RECEPTOR,5,5,0.07237818847656247,-0.0027679284667969095,0.07514611694335938,0.15253031605841266,0.8515434201141846,1
REACTOME_DEFECTS_OF_CONTACT_ACTIVATION_SYSTEM_CAS_AND_KALLIKREIN_KININ_SYSTEM_KKS,5,5,-0.6700421020507814,0.0002998382568359381,-0.6703419403076174,0.15531359545425058,0.8557474573067532,-1
REACTOME_EPH_EPHRIN_MEDIATED_REPULSION_OF_CELLS,8,8,-0.3540169458007813,0.0005996765136718762,-0.3546166223144532,0.15510278628019095,0.8557474573067532,-1
REACTOME_DEPOLYMERISATION_OF_THE_NUCLEAR_LAMINA,6,6,0.1616488861083984,-0.0026334863281250454,0.16428237243652344,0.156498205326957,0.8566752408482127,1
REACTOME_BMAL1_CLOCK_NPAS2_ACTIVATES_CIRCADIAN_GENE_EXPRESSION,7,7,-0.20076563354492188,0.0006043444824218591,-0.20136997802734374,0.16029820625897287,0.8686521235339566,-1
REACTOME_DNA_DAMAGE_BYPASS,16,16,0.1501756619262695,-0.0026334863281250454,0.15280914825439454,0.16074701218421972,0.8686521235339566,1
REACTOME_STABILIZATION_OF_P53,5,5,0.33095946502685547,-0.0017514752197266004,0.3327109402465821,0.16408603312272577,0.8810479358118332,1
REACTOME_HCMV_LATE_EVENTS,13,13,0.21067782775878902,-0.0027679284667969095,0.21344575622558593,0.16761878059099844,0.8943204559380488,1
REACTOME_CA_DEPENDENT_EVENTS,5,5,0.24215546279907224,-0.0017514752197266004,0.24390693801879884,0.1725530008666241,0.9034917995687213,1
REACTOME_INTEGRIN_CELL_SURFACE_INTERACTIONS,18,18,-0.20432023071289063,0.001940699462890605,-0.20626093017578123,0.17197449271865362,0.9034917995687213,-1
REACTOME_GLUCAGON_LIKE_PEPTIDE_1_GLP1_REGULATES_INSULIN_SECRETION,15,15,0.0582854711914062,-0.0027679284667969095,0.06105339965820311,0.1706914872545522,0.9034917995687213,1
REACTOME_RUNX1_AND_FOXP3_CONTROL_THE_DEVELOPMENT_OF_REGULATORY_T_LYMPHOCYTES_TREGS,7,7,0.5666033793258667,-0.0017514752197266004,0.5683548545455933,0.1823948416265337,0.9105983098282208,1
REACTOME_REGULATION_OF_MRNA_STABILITY_BY_PROTEINS_THAT_BIND_AU_RICH_ELEMENTS,11,11,0.33095946502685547,-0.0017514752197266004,0.3327109402465821,0.17726670074678663,0.9105983098282208,1
REACTOME_STIMULI_SENSING_CHANNELS,11,11,0.3291511136627197,-0.0027679284667969095,0.3319190421295166,0.18579230046317197,0.9105983098282208,1
REACTOME_MTOR_SIGNALLING,7,7,-0.2990836254882813,0.0006043444824218591,-0.2996879699707032,0.18108231845520997,0.9105983098282208,-1
REACTOME_CHEMOKINE_RECEPTORS_BIND_CHEMOKINES,35,35,0.24518898284912108,-0.0017514752197266004,0.24694045806884768,0.17524928794887562,0.9105983098282208,1
REACTOME_TERMINATION_OF_TRANSLESION_DNA_SYNTHESIS,12,12,0.1501756619262695,-0.0026334863281250454,0.15280914825439454,0.1848107252221347,0.9105983098282208,1
REACTOME_ACTIVATION_OF_THE_MRNA_UPON_BINDING_OF_THE_CAP_BINDING_COMPLEX_AND_EIFS_AND_SUBSEQUENT_BINDING_TO_43S,6,6,-0.15028990966796874,0.000609012451171842,-0.15089892211914058,0.18460613698445355,0.9105983098282208,-1
REACTOME_SEPARATION_OF_SISTER_CHROMATIDS,44,44,0.06898006408691404,-0.0026334863281250454,0.07161355041503908,0.17774782126506927,0.9105983098282208,1
REACTOME_GPCR_LIGAND_BINDING,92,92,0.06376124450683593,-0.0035549523925781368,0.06731619689941407,0.1855934428415028,0.9105983098282208,1
REACTOME_G_ALPHA_I_SIGNALLING_EVENTS,79,79,0.0582854711914062,-0.0032286614990234552,0.06151413269042966,0.17858044146937901,0.9105983098282208,1
REACTOME_MAPK_FAMILY_SIGNALING_CASCADES,70,70,0.02670636749267577,-0.0035549523925781368,0.030261319885253907,0.18463438594156156,0.9105983098282208,1
REACTOME_RECOGNITION_OF_DNA_DAMAGE_BY_PCNA_CONTAINING_REPLICATION_COMPLEX,13,13,0.19867904663085934,-0.0027679284667969095,0.20144697509765624,0.18812449220424843,0.9114307294723071,1
REACTOME_SLC_TRANSPORTER_DISORDERS,19,19,-0.09335973510742185,0.0007127685546874651,-0.09407250366210931,0.18793374806938712,0.9114307294723071,-1
REACTOME_RNA_POLYMERASE_III_CHAIN_ELONGATION,5,5,0.39223214096069337,-0.0017514752197266004,0.39398361618042,0.1957424053922982,0.9220255903255853,1
REACTOME_RNA_POLYMERASE_III_TRANSCRIPTION_TERMINATION,5,5,0.39223214096069337,-0.0017514752197266004,0.39398361618042,0.1957424053922982,0.9220255903255853,1
REACTOME_COLLAGEN_CHAIN_TRIMERIZATION,8,8,-0.23594255065917974,0.000609012451171842,-0.23655156311035158,0.1966966317429147,0.9220255903255853,-1
REACTOME_SIGNALING_BY_MET,10,10,0.10908148010253904,-0.0029023706054687737,0.11198385070800781,0.19145611864189704,0.9220255903255853,1
REACTOME_SUMOYLATION_OF_DNA_DAMAGE_RESPONSE_AND_REPAIR_PROTEINS,26,26,-0.06143225585937506,0.0008165246582030883,-0.06224878051757815,0.19687379152859474,0.9220255903255853,-1
REACTOME_INFECTIOUS_DISEASE,158,158,0.04711132080078123,-0.006682353515625017,0.05379367431640625,0.1955170262894511,0.9220255903255853,1
REACTOME_RHOH_GTPASE_CYCLE,5,5,-0.26375964111328126,0.0006043444824218591,-0.2643639855957031,0.20167703816297963,0.9312677366300629,-1
REACTOME_INTERLEUKIN_1_FAMILY_SIGNALING,29,29,0.2236665588378906,-0.0017514752197266004,0.2254180340576172,0.2060678684119609,0.9312677366300629,1
REACTOME_TRANSCRIPTIONAL_REGULATION_OF_WHITE_ADIPOCYTE_DIFFERENTIATION,22,22,0.18224179260253903,-0.0035549523925781368,0.18579674499511717,0.20658015035566046,0.9312677366300629,1
REACTOME_HATS_ACETYLATE_HISTONES,26,26,-0.12763603271484375,0.000609012451171842,-0.1282450451660156,0.20097865141687676,0.9312677366300629,-1
REACTOME_REGULATION_OF_SIGNALING_BY_CBL,9,9,0.08195921386718746,-0.0027679284667969095,0.08472714233398437,0.20576301540200315,0.9312677366300629,1
REACTOME_METABOLISM_OF_AMINO_ACIDS_AND_DERIVATIVES,58,58,0.047966005859374966,-0.0026334863281250454,0.05059949218750001,0.20582110448304103,0.9312677366300629,1
REACTOME_CELL_CYCLE_MITOTIC,136,136,0.04315403259277342,-0.003754096679687513,0.046908129272460936,0.20275047213391717,0.9312677366300629,1
REACTOME_BILE_ACID_AND_BILE_SALT_METABOLISM,6,6,0.7299034212589264,-0.0008694641113281554,0.7307728853702545,0.22607348160891824,0.9334113196143144,1
REACTOME_SYNTHESIS_OF_BILE_ACIDS_AND_BILE_SALTS,6,6,0.7299034212589264,-0.0008694641113281554,0.7307728853702545,0.22607348160891824,0.9334113196143144,1
REACTOME_DOWNSTREAM_SIGNALING_OF_ACTIVATED_FGFR1,6,6,-0.36194212463378916,0.0,-0.36194212463378916,0.23395459127823393,0.9334113196143144,-1
REACTOME_NOD1_2_SIGNALING_PATHWAY,9,9,0.33095946502685547,-0.0017514752197266004,0.3327109402465821,0.21188399139799496,0.9334113196143144,1
REACTOME_ADRENALINE_NORADRENALINE_INHIBITS_INSULIN_SECRETION,9,9,0.3024677447319031,-0.0027679284667969095,0.3052356731987,0.23356010209582967,0.9334113196143144,1
REACTOME_G_BETA_GAMMA_SIGNALLING_THROUGH_PI3KGAMMA,9,9,0.3024677447319031,-0.0027679284667969095,0.3052356731987,0.22910371190652945,0.9334113196143144,1
REACTOME_G_PROTEIN_ACTIVATION,9,9,0.3024677447319031,-0.0027679284667969095,0.3052356731987,0.22394992772403277,0.9334113196143144,1
REACTOME_MATURATION_OF_SARS_COV_2_SPIKE_PROTEIN,10,10,-0.2129345068359375,0.000609012451171842,-0.21354351928710935,0.22589281072488077,0.9334113196143144,-1
REACTOME_UCH_PROTEINASES,18,18,-0.18625630615234373,0.0008165246582030883,-0.18707283081054682,0.22163127466261823,0.9334113196143144,-1
REACTOME_DNA_DAMAGE_RECOGNITION_IN_GG_NER,17,17,-0.18570291015625,0.0007127685546874651,-0.18641567871093748,0.22162442897392087,0.9334113196143144,-1
REACTOME_CARBOXYTERMINAL_POST_TRANSLATIONAL_MODIFICATIONS_OF_TUBULIN,9,9,-0.17784299072265625,0.0002998382568359381,-0.17814282897949218,0.21925230568138832,0.9334113196143144,-1
REACTOME_REGULATION_OF_INSULIN_LIKE_GROWTH_FACTOR_IGF_TRANSPORT_AND_UPTAKE_BY_INSULIN_LIKE_GROWTH_FACTOR_BINDING_PROTEINS_IGFBPS,24,24,0.15585888015747068,-0.0026334863281250454,0.15849236648559573,0.23203975215846695,0.9334113196143144,1
REACTOME_RAB_REGULATION_OF_TRAFFICKING,25,25,-0.13806470458984382,0.0006043444824218591,-0.13866904907226568,0.2094689069374681,0.9334113196143144,-1
REACTOME_GLOBAL_GENOME_NUCLEOTIDE_EXCISION_REPAIR_GG_NER,31,31,-0.11891943847656256,0.0013786120605468466,-0.1202980505371094,0.21321428463958392,0.9334113196143144,-1
REACTOME_EXTRACELLULAR_MATRIX_ORGANIZATION,54,54,-0.11701509948730471,0.001940699462890605,-0.11895579895019531,0.2300755578492213,0.9334113196143144,-1
REACTOME_FACTORS_INVOLVED_IN_MEGAKARYOCYTE_DEVELOPMENT_AND_PLATELET_PRODUCTION,37,37,0.10830381774902342,-0.0027679284667969095,0.11107174621582033,0.22535683939864615,0.9334113196143144,1
REACTOME_NUCLEOTIDE_EXCISION_REPAIR,37,37,-0.10369709350585937,0.0013786120605468466,-0.10507570556640622,0.22216458578652687,0.9334113196143144,-1
REACTOME_TRANSLESION_SYNTHESIS_BY_Y_FAMILY_DNA_POLYMERASES_BYPASSES_LESIONS_ON_DNA_TEMPLATE,13,13,0.10167227722167965,-0.0017514752197266004,0.10342375244140625,0.2163635389736588,0.9334113196143144,1
REACTOME_ANTIGEN_ACTIVATES_B_CELL_RECEPTOR_BCR_LEADING_TO_GENERATION_OF_SECOND_MESSENGERS,12,12,-0.0992686676025391,0.000609012451171842,-0.09987768005371095,0.23338239660981308,0.9334113196143144,-1
REACTOME_TRANSCRIPTIONAL_REGULATION_OF_GRANULOPOIESIS,13,13,0.09026594177246089,-0.0017514752197266004,0.09201741699218749,0.20832126970837905,0.9334113196143144,1
REACTOME_COSTIMULATION_BY_THE_CD28_FAMILY,25,25,0.08400951416015623,-0.0027679284667969095,0.08677744262695314,0.21450960494626692,0.9334113196143144,1
REACTOME_FLT3_SIGNALING_IN_DISEASE,12,12,0.07741353302001949,-0.0035549523925781368,0.08096848541259763,0.2347368917654029,0.9334113196143144,1
REACTOME_ACTIVATION_OF_KAINATE_RECEPTORS_UPON_GLUTAMATE_BINDING,11,11,0.07237818847656247,-0.0027679284667969095,0.07514611694335938,0.22584722562353177,0.9334113196143144,1
REACTOME_NUCLEAR_ENVELOPE_BREAKDOWN,15,15,0.0716829309082031,-0.0027679284667969095,0.07445085937500001,0.233917599575587,0.9334113196143144,1
REACTOME_M_PHASE,88,88,0.03495837158203122,-0.0029023706054687737,0.03786074218749999,0.2156276295884515,0.9334113196143144,1
REACTOME_RND1_GTPASE_CYCLE,8,8,0.16178577148437495,-0.0026334863281250454,0.1644192578125,0.237890343021477,0.9415096674511977,1
REACTOME_CIRCADIAN_CLOCK,21,21,-0.1031305285644532,0.0002998382568359381,-0.10343036682128914,0.23946718342603446,0.9433216618137712,-1
REACTOME_NR1H3_NR1H2_REGULATE_GENE_EXPRESSION_LINKED_TO_CHOLESTEROL_TRANSPORT_AND_EFFLUX,11,11,-0.1595481164550781,0.0002998382568359381,-0.15984795471191404,0.24210449697237268,0.9448800506838434,-1
REACTOME_TP53_REGULATES_TRANSCRIPTION_OF_CELL_DEATH_GENES,11,11,0.07857669677734375,-0.0004347320556640777,0.07901142883300782,0.24138097084575316,0.9448800506838434,1
REACTOME_GROWTH_HORMONE_RECEPTOR_SIGNALING,6,6,0.2969482415437698,-0.0008694641113281554,0.29781770565509796,0.24474683827560034,0.9462540557598613,1
REACTOME_DECTIN_2_FAMILY,5,5,0.2916999060058594,-0.0017514752197266004,0.293451381225586,0.2458240073682202,0.9462540557598613,1
REACTOME_NCAM_SIGNALING_FOR_NEURITE_OUT_GROWTH,13,13,0.08896778808593747,-0.0017514752197266004,0.09071926330566407,0.244666910883234,0.9462540557598613,1
REACTOME_OPIOID_SIGNALLING,22,22,0.043798980712890595,-0.0026334863281250454,0.04643246704101564,0.2478525384040775,0.9497258630665334,1
REACTOME_SIGNALING_BY_FGFR3,8,8,0.20145808334350584,-0.0026334863281250454,0.2040915696716309,0.2496954356888573,0.950606087950938,1
REACTOME_CELLULAR_SENESCENCE,44,44,0.06396606445312497,-0.0037533874511718746,0.06771945190429685,0.2525928395029776,0.950606087950938,1
REACTOME_ADAPTIVE_IMMUNE_SYSTEM,196,196,0.031981702575683585,-0.003754096679687513,0.0357357992553711,0.2515357827193373,0.950606087950938,1
REACTOME_CHROMATIN_MODIFYING_ENZYMES,61,61,-0.022744361572265615,0.0013786120605468466,-0.02412297363281246,0.2516312553120964,0.950606087950938,-1
REACTOME_SMOOTH_MUSCLE_CONTRACTION,7,7,0.8144927728271485,-0.0004347320556640777,0.8149275048828126,0.2608727740936452,0.9511809653914645,1
REACTOME_ASSEMBLY_OF_THE_HIV_VIRION,5,5,0.33095946502685547,-0.0017514752197266004,0.3327109402465821,0.2724377478578014,0.9511809653914645,1
REACTOME_DISEASES_ASSOCIATED_WITH_GLYCOSYLATION_PRECURSOR_BIOSYNTHESIS,6,6,-0.2908140563964844,0.0005996765136718762,-0.29141373291015626,0.27075655113382807,0.9511809653914645,-1
REACTOME_SIGNAL_AMPLIFICATION,9,9,0.2659819547271728,-0.0027679284667969095,0.2687498831939697,0.26519696774157586,0.9511809653914645,1
REACTOME_THROMBOXANE_SIGNALLING_THROUGH_TP_RECEPTOR,9,9,0.2659819547271728,-0.0027679284667969095,0.2687498831939697,0.26519696774157586,0.9511809653914645,1
REACTOME_DEGRADATION_OF_BETA_CATENIN_BY_THE_DESTRUCTION_COMPLEX,12,12,0.23109227289199824,-0.0026334863281250454,0.23372575922012329,0.2741838369989631,0.9511809653914645,1
REACTOME_CDT1_ASSOCIATION_WITH_THE_CDC6_ORC_ORIGIN_COMPLEX,8,8,0.2240586424255371,-0.0008694641113281554,0.22492810653686526,0.27215246776166485,0.9511809653914645,1
REACTOME_APC_C_CDH1_MEDIATED_DEGRADATION_OF_CDC20_AND_OTHER_APC_C_CDH1_TARGETED_PROTEINS_IN_LATE_MITOSIS_EARLY_G1,12,12,0.2205069952392578,-0.0008694641113281554,0.22137645935058595,0.2702338244238386,0.9511809653914645,1
REACTOME_DDX58_IFIH1_MEDIATED_INDUCTION_OF_INTERFERON_ALPHA_BETA,22,22,0.19737016906738278,-0.0008694641113281554,0.19823963317871093,0.25603443265912396,0.9511809653914645,1
REACTOME_COOPERATION_OF_PDCL_PHLP1_AND_TRIC_CCT_IN_G_PROTEIN_BETA_FOLDING,11,11,0.18388236083984372,-0.0027679284667969095,0.18665028930664063,0.25878839366246453,0.9511809653914645,1
REACTOME_DAP12_SIGNALING,12,12,0.1811979605412483,-0.0029023706054687737,0.18410033114671706,0.2724861702271265,0.9511809653914645,1
REACTOME_ADVANCED_GLYCOSYLATION_ENDPRODUCT_RECEPTOR_SIGNALING,5,5,-0.1620708752441406,0.0002998382568359381,-0.16237071350097654,0.27010362832005386,0.9511809653914645,-1
REACTOME_GAP_FILLING_DNA_REPAIR_SYNTHESIS_AND_LIGATION_IN_GG_NER,10,10,0.1501756619262695,-0.0026334863281250454,0.15280914825439454,0.2557543614007858,0.9511809653914645,1
REACTOME_REGULATION_OF_RAS_BY_GAPS,8,8,0.13440459114074704,-0.0026334863281250454,0.1370380774688721,0.2567418653736159,0.9511809653914645,1
REACTOME_SLC_MEDIATED_TRANSMEMBRANE_TRANSPORT,36,36,-0.11772373046875001,0.001940699462890605,-0.11966442993164061,0.26266562903862134,0.9511809653914645,-1
REACTOME_RND2_GTPASE_CYCLE,7,7,0.10408980346679686,-0.0027679284667969095,0.10685773193359377,0.2735635151242699,0.9511809653914645,1
REACTOME_TP53_REGULATES_TRANSCRIPTION_OF_CELL_CYCLE_GENES,14,14,-0.07012365051269534,0.0,-0.07012365051269534,0.26573209150702204,0.9511809653914645,-1
REACTOME_CLASS_A_1_RHODOPSIN_LIKE_RECEPTORS,74,74,0.06376124450683593,-0.0026334863281250454,0.06639473083496097,0.25944203257839016,0.9511809653914645,1
REACTOME_RNA_POLYMERASE_II_TRANSCRIPTION,394,394,-0.04612708801269533,0.007285987548828088,-0.053413075561523415,0.2634651472175309,0.9511809653914645,-1
REACTOME_NETRIN_1_SIGNALING,13,13,0.18194649719238276,-0.0027679284667969095,0.18471442565917967,0.27547270695294124,0.9517356227923339,1
REACTOME_PROTEIN_UBIQUITINATION,19,19,0.12411249511718747,-0.0027679284667969095,0.12688042358398438,0.28038097067857737,0.9647394215593499,1
REACTOME_PLASMA_LIPOPROTEIN_CLEARANCE,7,7,-0.7304034741210939,0.0002998382568359381,-0.7307033123779298,0.3051615339425077,0.9701472504629094,-1
REACTOME_FERTILIZATION,5,5,-0.6857328442382813,0.0002998382568359381,-0.6860326824951173,0.301141835989839,0.9701472504629094,-1
REACTOME_GENE_AND_PROTEIN_EXPRESSION_BY_JAK_STAT_SIGNALING_AFTER_INTERLEUKIN_12_STIMULATION,7,7,0.46751508884429926,-0.0017514752197266004,0.4692665640640259,0.29464181664649725,0.9701472504629094,1
REACTOME_SYNTHESIS_OF_ACTIVE_UBIQUITIN_ROLES_OF_E1_AND_E2_ENZYMES,7,7,0.2887282421875,-0.0017514752197266004,0.29047971740722656,0.30171683071465755,0.9701472504629094,1
REACTOME_INTERLEUKIN_10_SIGNALING,19,19,0.24518898284912108,-0.0004347320556640777,0.24562371490478516,0.30168051890638115,0.9701472504629094,1
REACTOME_G0_AND_EARLY_G1,11,11,0.19867904663085934,-0.0027679284667969095,0.20144697509765624,0.28568524666129114,0.9701472504629094,1
REACTOME_APC_CDC20_MEDIATED_DEGRADATION_OF_NEK2A,10,10,0.20041254028320313,-0.0008694641113281554,0.20128200439453128,0.2971236709159286,0.9701472504629094,1
REACTOME_FGFR2_MUTANT_RECEPTOR_ACTIVATION,6,6,-0.18088157897949222,0.0,-0.18088157897949222,0.29286770485735636,0.9701472504629094,-1
REACTOME_G_PROTEIN_BETA_GAMMA_SIGNALLING,10,10,0.16589011748313903,-0.0026334863281250454,0.16852360381126408,0.3032848389276601,0.9701472504629094,1
REACTOME_E3_UBIQUITIN_LIGASES_UBIQUITINATE_TARGET_PROTEINS,14,14,0.1613957708740234,-0.0026334863281250454,0.16402925720214845,0.29010734913470115,0.9701472504629094,1
REACTOME_SRP_DEPENDENT_COTRANSLATIONAL_PROTEIN_TARGETING_TO_MEMBRANE,9,9,0.14674566772460934,-0.0017514752197266004,0.14849714294433594,0.3118741457597253,0.9701472504629094,1
REACTOME_TRANSCRIPTIONAL_REGULATION_BY_RUNX2,16,16,0.11709689666748044,-0.0008694641113281554,0.1179663607788086,0.29127456212388503,0.9701472504629094,1
REACTOME_THE_CITRIC_ACID_TCA_CYCLE_AND_RESPIRATORY_ELECTRON_TRANSPORT,28,28,-0.11461931762695315,0.0008165246582030883,-0.11543584228515624,0.3063933483347868,0.9701472504629094,-1
REACTOME_PEROXISOMAL_PROTEIN_IMPORT,18,18,0.10105094787597654,-0.0008694641113281554,0.1019204119873047,0.3082027228938663,0.9701472504629094,1
REACTOME_FCERI_MEDIATED_NF_KB_ACTIVATION,13,13,0.09500259155273433,-0.0017514752197266004,0.09675406677246093,0.2874921007460537,0.9701472504629094,1
REACTOME_SIGNALLING_TO_ERKS,5,5,-0.09229794067382818,0.0006043444824218591,-0.09290228515625004,0.2849034642153474,0.9701472504629094,-1
REACTOME_PROTEIN_LOCALIZATION,42,42,0.08833834960937498,-0.0035549523925781368,0.09189330200195311,0.3105592216330988,0.9701472504629094,1
REACTOME_DISEASES_OF_DNA_REPAIR,10,10,-0.07091062377929686,0.0005996765136718762,-0.07151030029296873,0.31110489851267176,0.9701472504629094,-1
REACTOME_NEURONAL_SYSTEM,53,53,0.0582854711914062,-0.004168643798828142,0.062454114990234344,0.3061252946435328,0.9701472504629094,1
REACTOME_CA2_PATHWAY,23,23,0.03751907836914059,-0.0027679284667969095,0.0402870068359375,0.2987844308813097,0.9701472504629094,1
REACTOME_BETA_CATENIN_INDEPENDENT_WNT_SIGNALING,30,30,0.03341578430175779,-0.0026334863281250454,0.036049270629882835,0.30979902082689725,0.9701472504629094,1
REACTOME_DNA_STRAND_ELONGATION,14,14,-0.03517570434570311,0.000609012451171842,-0.03578471679687495,0.2943117516481606,0.9701472504629094,-1
REACTOME_POST_TRANSLATIONAL_MODIFICATION_SYNTHESIS_OF_GPI_ANCHORED_PROTEINS,21,21,0.026549880981445284,-0.0027679284667969095,0.029317809448242194,0.29912440622541336,0.9701472504629094,1
REACTOME_CELL_CYCLE,176,176,0.020580336303710894,-0.0026334863281250454,0.02321382263183594,0.2999817309109625,0.9701472504629094,1
REACTOME_SIGNALING_BY_ERBB4,14,14,0.020746856689453086,-0.0008694641113281554,0.02161632080078124,0.3026553732107461,0.9701472504629094,1
REACTOME_TRANSPORT_TO_THE_GOLGI_AND_SUBSEQUENT_MODIFICATION,33,33,-0.006044713134765678,0.0002998382568359381,-0.006344551391601616,0.2998027159467307,0.9701472504629094,-1
REACTOME_CLASS_B_2_SECRETIN_FAMILY_RECEPTORS,18,18,0.10563630249023437,-0.0026334863281250454,0.10826978881835941,0.31476881648354127,0.9725415014413471,1
REACTOME_TRANSCRIPTIONAL_REGULATION_BY_RUNX3,15,15,0.04834320190429686,-0.0017514752197266004,0.05009467712402346,0.314951162388479,0.9725415014413471,1
REACTOME_TRANSLESION_SYNTHESIS_BY_POLK,7,7,0.19867904663085934,-0.0017514752197266004,0.20043052185058594,0.3172772139147479,0.9728410923542707,1
REACTOME_TRAF6_MEDIATED_NF_KB_ACTIVATION,8,8,-0.14632562255859377,0.000609012451171842,-0.1469346350097656,0.31735622822944776,0.9728410923542707,-1
REACTOME_SIGNALING_BY_EGFR,11,11,0.33095946502685547,-0.0027679284667969095,0.3337273934936524,0.3194131636860639,0.9744979190768261,1
REACTOME_MAP3K8_TPL2_DEPENDENT_MAPK1_3_ACTIVATION,5,5,0.33095946502685547,-0.0004347320556640777,0.33139419708251955,0.3202086875258373,0.9744979190768261,1
REACTOME_VEGFR2_MEDIATED_VASCULAR_PERMEABILITY,5,5,0.8345938330078124,-0.0004347320556640777,0.8350285650634766,0.33001394224798436,0.9746932715201915,1
REACTOME_INSULIN_RECEPTOR_RECYCLING,5,5,-0.4185208032226562,0.0002998382568359381,-0.41882064147949216,0.34303084382201554,0.9746932715201915,-1
REACTOME_EPHB_MEDIATED_FORWARD_SIGNALING,6,6,-0.3540169458007813,0.0005996765136718762,-0.3546166223144532,0.3285786129868357,0.9746932715201915,-1
REACTOME_PLASMA_LIPOPROTEIN_REMODELING,6,6,-0.31858214355468756,0.0005996765136718762,-0.31918182006835943,0.33129242555022603,0.9746932715201915,-1
REACTOME_PLASMA_LIPOPROTEIN_ASSEMBLY_REMODELING_AND_CLEARANCE,11,11,-0.3107960961914063,0.0006043444824218591,-0.31140044067382816,0.3291275515913412,0.9746932715201915,-1
REACTOME_PERK_REGULATES_GENE_EXPRESSION,9,9,0.303597776184082,-0.0027679284667969095,0.3063657046508789,0.3355068084026762,0.9746932715201915,1
REACTOME_REGULATION_OF_TP53_ACTIVITY_THROUGH_ACETYLATION,8,8,-0.2977852429199219,0.0005996765136718762,-0.2983849194335938,0.34377550770271015,0.9746932715201915,-1
REACTOME_G1_S_DNA_DAMAGE_CHECKPOINTS,7,7,0.2488015129089355,-0.0017514752197266004,0.2505529881286621,0.35277881542723516,0.9746932715201915,1
REACTOME_O_GLYCOSYLATION_OF_TSR_DOMAIN_CONTAINING_PROTEINS,6,6,-0.22847486633300784,0.0005996765136718762,-0.22907454284667972,0.3560157728785944,0.9746932715201915,-1
REACTOME_PURINE_CATABOLISM,5,5,-0.2114200854492188,0.0006043444824218591,-0.21202442993164067,0.34948267136927885,0.9746932715201915,-1
REACTOME_FLT3_SIGNALING,14,14,0.16960785095214842,-0.0029023706054687737,0.1725102215576172,0.3272407630709322,0.9746932715201915,1
REACTOME_ADP_SIGNALLING_THROUGH_P2Y_PURINOCEPTOR_1,8,8,0.16589011748313903,-0.0026334863281250454,0.16852360381126408,0.35269189862917194,0.9746932715201915,1
REACTOME_ADP_SIGNALLING_THROUGH_P2Y_PURINOCEPTOR_12,8,8,0.16589011748313903,-0.0026334863281250454,0.16852360381126408,0.35269189862917194,0.9746932715201915,1
REACTOME_G_BETA_GAMMA_SIGNALLING_THROUGH_CDC42,8,8,0.16589011748313903,-0.0026334863281250454,0.16852360381126408,0.35269189862917194,0.9746932715201915,1
REACTOME_PROSTACYCLIN_SIGNALLING_THROUGH_PROSTACYCLIN_RECEPTOR,8,8,0.16589011748313903,-0.0026334863281250454,0.16852360381126408,0.35269189862917194,0.9746932715201915,1
REACTOME_ASSOCIATION_OF_TRIC_CCT_WITH_TARGET_PROTEINS_DURING_BIOSYNTHESIS,8,8,0.15969081756591794,-0.0026334863281250454,0.16232430389404298,0.3459242365841111,0.9746932715201915,1
REACTOME_PROTEIN_FOLDING,25,25,0.10830381774902342,-0.0036541699218750057,0.11195798767089843,0.34604908791234934,0.9746932715201915,1
REACTOME_NUCLEAR_ENVELOPE_NE_REASSEMBLY,15,15,0.10830381774902342,-0.0027679284667969095,0.11107174621582033,0.3583423959555345,0.9746932715201915,1
REACTOME_NS1_MEDIATED_EFFECTS_ON_HOST_PATHWAYS,12,12,0.09520681488037108,-0.0008694641113281554,0.09607627899169924,0.3319061259112839,0.9746932715201915,1
REACTOME_MITOCHONDRIAL_TRANSLATION,24,24,0.09184511779785154,-0.0029023706054687737,0.09474748840332031,0.35424701133668957,0.9746932715201915,1
REACTOME_TRIGLYCERIDE_CATABOLISM,5,5,-0.09215565795898445,0.0002998382568359381,-0.09245549621582039,0.35842813068951285,0.9746932715201915,-1
REACTOME_TCR_SIGNALING,31,31,0.07195670166015622,-0.0032286614990234552,0.07518536315917967,0.3474212392212913,0.9746932715201915,1
REACTOME_DOWNSTREAM_SIGNALING_EVENTS_OF_B_CELL_RECEPTOR_BCR,12,12,0.06626083496093746,-0.0008694641113281554,0.06713029907226561,0.33276546275634167,0.9746932715201915,1
REACTOME_PLATELET_ACTIVATION_SIGNALING_AND_AGGREGATION,68,68,0.06002789794921873,-0.0037533874511718746,0.0637812854003906,0.3404908717493559,0.9746932715201915,1
REACTOME_MITOTIC_G1_PHASE_AND_G1_S_TRANSITION,39,39,0.05998704589843745,-0.0017514752197266004,0.06173852111816405,0.3529817406782436,0.9746932715201915,1
REACTOME_MITOTIC_SPINDLE_CHECKPOINT,32,32,0.0596015881347656,-0.0008694641113281554,0.060471052246093754,0.3378671735338,0.9746932715201915,1
REACTOME_RESOLUTION_OF_SISTER_CHROMATID_COHESION,33,33,0.05070883178710933,-0.0017514752197266004,0.05246030700683593,0.3318889471554187,0.9746932715201915,1
REACTOME_VESICLE_MEDIATED_TRANSPORT,131,131,0.04373455444335933,-0.0032286614990234552,0.046963215942382786,0.3395016802463766,0.9746932715201915,1
REACTOME_TOLL_LIKE_RECEPTOR_TLR1_TLR2_CASCADE,29,29,-0.04432836181640626,0.0006043444824218591,-0.04493270629882812,0.3577877063595607,0.9746932715201915,-1
REACTOME_SIGNALING_BY_NTRKS,27,27,-0.04015401733398444,0.0007127685546874651,-0.0408667858886719,0.3441494537394967,0.9746932715201915,-1
REACTOME_IMMUNOREGULATORY_INTERACTIONS_BETWEEN_A_LYMPHOID_AND_A_NON_LYMPHOID_CELL,42,42,0.037757529907226556,-0.0026334863281250454,0.0403910162353516,0.32561040060780644,0.9746932715201915,1
REACTOME_SENSORY_PERCEPTION,33,33,-0.025696536865234376,0.0006043444824218591,-0.026300881347656235,0.32877774650483305,0.9746932715201915,-1
REACTOME_MITOCHONDRIAL_PROTEIN_IMPORT,15,15,0.021244531249999976,-0.0017514752197266004,0.022996006469726576,0.3507278653623215,0.9746932715201915,1
REACTOME_SYNTHESIS_OF_VERY_LONG_CHAIN_FATTY_ACYL_COAS,5,5,0.27724480316162103,-0.0017514752197266004,0.27899627838134766,0.3612076253173883,0.9790933380789657,1
REACTOME_OTHER_INTERLEUKIN_SIGNALING,5,5,0.6337761835479736,-0.0004347320556640777,0.6342109156036377,0.657734244588864,0.9801910375802627,1
REACTOME_ION_HOMEOSTASIS,9,9,0.4569601484084129,-0.0004347320556640777,0.457394880464077,0.38043921717058227,0.9801910375802627,1
REACTOME_CHAPERONE_MEDIATED_AUTOPHAGY,8,8,0.4498489415359497,-0.0008694641113281554,0.45071840564727783,0.5837620085362939,0.9801910375802627,1
REACTOME_DETOXIFICATION_OF_REACTIVE_OXYGEN_SPECIES,5,5,0.4410660308408737,-0.0004347320556640777,0.4415007628965378,0.6136545216154634,0.9801910375802627,1
REACTOME_CELLULAR_RESPONSE_TO_HYPOXIA,8,8,0.3350539070892334,-0.0008694641113281554,0.33592337120056154,0.4687286379583246,0.9801910375802627,1
REACTOME_ACTIVATED_NOTCH1_TRANSMITS_SIGNAL_TO_THE_NUCLEUS,5,5,0.33095946502685547,-0.0017514752197266004,0.3327109402465821,0.3889702482745665,0.9801910375802627,1
REACTOME_AGGREPHAGY,7,7,0.33095946502685547,-0.0017514752197266004,0.3327109402465821,0.5193717471208151,0.9801910375802627,1
REACTOME_LATE_ENDOSOMAL_MICROAUTOPHAGY,9,9,0.33095946502685547,-0.0017514752197266004,0.3327109402465821,0.5583427928267856,0.9801910375802627,1
REACTOME_SIGNALING_BY_NOTCH3,7,7,0.33095946502685547,-0.0017514752197266004,0.3327109402465821,0.4770161127243382,0.9801910375802627,1
REACTOME_THE_ROLE_OF_GTSE1_IN_G2_M_PROGRESSION_AFTER_G2_CHECKPOINT,9,9,0.33095946502685547,-0.0017514752197266004,0.3327109402465821,0.36788093224990637,0.9801910375802627,1
REACTOME_DECTIN_1_MEDIATED_NONCANONICAL_NF_KB_SIGNALING,5,5,0.33095946502685547,-0.0004347320556640777,0.33139419708251955,0.4394221972132611,0.9801910375802627,1
REACTOME_IKK_COMPLEX_RECRUITMENT_MEDIATED_BY_RIP1,5,5,0.33095946502685547,-0.0004347320556640777,0.33139419708251955,0.595016560278352,0.9801910375802627,1
REACTOME_PEXOPHAGY,5,5,0.33095946502685547,-0.0004347320556640777,0.33139419708251955,0.4115105170362567,0.9801910375802627,1
REACTOME_TGF_BETA_RECEPTOR_SIGNALING_IN_EMT_EPITHELIAL_TO_MESENCHYMAL_TRANSITION,6,6,0.3029123236083984,-0.0008694641113281554,0.3037817877197266,0.49606765657585056,0.9801910375802627,1
REACTOME_NON_INTEGRIN_MEMBRANE_ECM_INTERACTIONS,8,8,0.2976530841946602,-0.0008694641113281554,0.29852254830598834,0.4891497310500765,0.9801910375802627,1
REACTOME_RHOF_GTPASE_CYCLE,10,10,0.29505307623147964,-0.0008694641113281554,0.2959225403428078,0.4443852025591516,0.9801910375802627,1
REACTOME_PURINERGIC_SIGNALING_IN_LEISHMANIASIS_INFECTION,9,9,0.28959977104187007,-0.0017514752197266004,0.2913512462615967,0.37292628127371885,0.9801910375802627,1
REACTOME_INTERLEUKIN_37_SIGNALING,5,5,0.28863746856689454,-0.0004347320556640777,0.2890722006225586,0.4965418251274161,0.9801910375802627,1
REACTOME_ESTROGEN_DEPENDENT_NUCLEAR_EVENTS_DOWNSTREAM_OF_ESR_MEMBRANE_SIGNALING,8,8,0.28725683992385864,-0.0008694641113281554,0.2881263040351868,0.5282634298920975,0.9801910375802627,1
REACTOME_EGR2_AND_SOX10_MEDIATED_INITIATION_OF_SCHWANN_CELL_MYELINATION,6,6,-0.27852449218750003,0.0005996765136718762,-0.2791241687011719,0.5772760189537799,0.9801910375802627,-1
REACTOME_RAC3_GTPASE_CYCLE,14,14,0.2644785957336425,-0.0026334863281250454,0.26711208206176756,0.390012421041818,0.9801910375802627,1
REACTOME_SULFUR_AMINO_ACID_METABOLISM,7,7,-0.2618320092773438,0.0002998382568359381,-0.26213184753417973,0.4650130683485597,0.9801910375802627,-1
REACTOME_N_GLYCAN_ANTENNAE_ELONGATION_IN_THE_MEDIAL_TRANS_GOLGI,7,7,-0.26010484375000004,0.0002998382568359381,-0.260404682006836,0.44050407110392975,0.9801910375802627,-1
REACTOME_TRANSLOCATION_OF_SLC2A4_GLUT4_TO_THE_PLASMA_MEMBRANE,13,13,0.25780756896972656,-0.0017514752197266004,0.2595590441894532,0.5150895963325004,0.9801910375802627,1
REACTOME_ANTIMICROBIAL_PEPTIDES,8,8,0.2579141613197326,-0.0008694641113281554,0.25878362543106076,0.5880542923950034,0.9801910375802627,1
REACTOME_INTERCONVERSION_OF_NUCLEOTIDE_DI_AND_TRIPHOSPHATES,10,10,0.2538419889426231,-0.0008694641113281554,0.25471145305395126,0.5893186488355857,0.9801910375802627,1
REACTOME_RHOG_GTPASE_CYCLE,13,13,0.2516148413085937,-0.0017514752197266004,0.2533663165283203,0.5487704018756556,0.9801910375802627,1
REACTOME_POTENTIAL_THERAPEUTICS_FOR_SARS,20,20,0.2489080883789062,-0.0026334863281250454,0.25154157470703126,0.5150882701792446,0.9801910375802627,1
REACTOME_ARACHIDONIC_ACID_METABOLISM,10,10,-0.2469603588867188,0.0005996765136718762,-0.24756003540039068,0.4579848911018325,0.9801910375802627,-1
REACTOME_AMYLOID_FIBER_FORMATION,13,13,0.23948242313385007,-0.0027679284667969095,0.24225035160064698,0.37136432608164405,0.9801910375802627,1
REACTOME_ATF4_ACTIVATES_GENES_IN_RESPONSE_TO_ENDOPLASMIC_RETICULUM_STRESS,8,8,0.23870626235961911,-0.0026334863281250454,0.24133974868774416,0.48131636790182475,0.9801910375802627,1
REACTOME_NCAM1_INTERACTIONS,6,6,0.2396613507080078,-0.0008694641113281554,0.24053081481933594,0.4783880993494448,0.9801910375802627,1
REACTOME_RHOQ_GTPASE_CYCLE,11,11,-0.23883022705078133,0.0002998382568359381,-0.23913006530761727,0.5290116340308102,0.9801910375802627,-1
REACTOME_SUMOYLATION_OF_INTRACELLULAR_RECEPTORS,8,8,0.23817010131835933,-0.0008694641113281554,0.2390395654296875,0.6137324694733548,0.9801910375802627,1
REACTOME_INTERLEUKIN_6_FAMILY_SIGNALING,6,6,0.23667517528533932,-0.0008694641113281554,0.23754463939666748,0.4390331617241117,0.9801910375802627,1
REACTOME_EICOSANOID_LIGAND_BINDING_RECEPTORS,6,6,0.23154238742828365,-0.0008694641113281554,0.2324118515396118,0.4526749940228548,0.9801910375802627,1
REACTOME_REPRESSION_OF_WNT_TARGET_GENES,6,6,0.23109227289199824,-0.0008694641113281554,0.2319617370033264,0.6774038457177773,0.9801910375802627,1
REACTOME_MITOCHONDRIAL_TRNA_AMINOACYLATION,6,6,0.22936059646606444,-0.0008694641113281554,0.2302300605773926,0.5339666406111201,0.9801910375802627,1
REACTOME_DEACTIVATION_OF_THE_BETA_CATENIN_TRANSACTIVATING_COMPLEX,12,12,0.22717129714965817,-0.0026334863281250454,0.22980478347778321,0.6592995328651008,0.9801910375802627,1
REACTOME_GLYCOGEN_METABOLISM,8,8,0.22609091186523433,-0.0026334863281250454,0.22872439819335938,0.5555126426494269,0.9801910375802627,1
REACTOME_GLYCOGEN_SYNTHESIS,6,6,0.22609091186523433,-0.0026334863281250454,0.22872439819335938,0.41277766579949987,0.9801910375802627,1
REACTOME_MITOCHONDRIAL_BIOGENESIS,16,16,0.22396154449462888,-0.0029023706054687737,0.22686391510009765,0.3739062714421101,0.9801910375802627,1
REACTOME_TRANSCRIPTIONAL_ACTIVATION_OF_MITOCHONDRIAL_BIOGENESIS,12,12,0.22396154449462888,-0.0026334863281250454,0.22659503082275392,0.5443212592114437,0.9801910375802627,1
REACTOME_ECM_PROTEOGLYCANS,15,15,0.2236665588378906,-0.0017514752197266004,0.2254180340576172,0.37887280594690464,0.9801910375802627,1
REACTOME_TAK1_ACTIVATES_NFKB_BY_PHOSPHORYLATION_AND_ACTIVATION_OF_IKKS_COMPLEX,9,9,0.2236665588378906,-0.0004347320556640777,0.22410129089355468,0.5677375311403484,0.9801910375802627,1
REACTOME_ELASTIC_FIBRE_FORMATION,7,7,0.22110260284423827,-0.0017514752197266004,0.22285407806396487,0.4378619915154873,0.9801910375802627,1
REACTOME_HEME_SIGNALING,14,14,0.2109600500488281,-0.0026334863281250454,0.21359353637695314,0.7042229642015084,0.9801910375802627,1
REACTOME_MYOCLONIC_EPILEPSY_OF_LAFORA,5,5,0.21126315429687498,-0.0017514752197266004,0.21301462951660158,0.5328627953811004,0.9801910375802627,1
REACTOME_RHOBTB2_GTPASE_CYCLE,5,5,0.21157960418701172,-0.0004347320556640777,0.2120143362426758,0.4895127623168287,0.9801910375802627,1
REACTOME_CD28_CO_STIMULATION,10,10,0.20359964637756345,-0.0008694641113281554,0.2044691104888916,0.6505222381239011,0.9801910375802627,1
REACTOME_MRNA_DECAY_BY_5_TO_3_EXORIBONUCLEASE,5,5,0.19769770202636716,-0.0004347320556640777,0.19813243408203124,0.48910086938311725,0.9801910375802627,1
REACTOME_TRNA_AMINOACYLATION,7,7,0.19585547119140623,-0.0017514752197266004,0.19760694641113283,0.46842600886277314,0.9801910375802627,1
REACTOME_HEDGEHOG_ON_STATE,11,11,0.19391886108398437,-0.0017514752197266004,0.19567033630371097,0.678504948360432,0.9801910375802627,1
REACTOME_G_ALPHA_S_SIGNALLING_EVENTS,26,26,0.19173251159667967,-0.0029023706054687737,0.19463488220214845,0.48214283471441544,0.9801910375802627,1
REACTOME_DISEASES_ASSOCIATED_WITH_O_GLYCOSYLATION_OF_PROTEINS,9,9,0.19099794204711912,-0.0004347320556640777,0.1914326741027832,0.7065201990999219,0.9801910375802627,1
REACTOME_DISEASES_ASSOCIATED_WITH_N_GLYCOSYLATION_OF_PROTEINS,6,6,-0.18848707885742189,0.0005996765136718762,-0.18908675537109376,0.43654486791122715,0.9801910375802627,-1
REACTOME_TRANSCRIPTIONAL_REGULATION_BY_THE_AP_2_TFAP2_FAMILY_OF_TRANSCRIPTION_FACTORS,10,10,0.18576037170410153,-0.0029023706054687737,0.1886627423095703,0.3941765380621086,0.9801910375802627,1
REACTOME_AMINO_ACIDS_REGULATE_MTORC1,8,8,-0.18686999877929694,0.0005996765136718762,-0.18746967529296882,0.5265611224265112,0.9801910375802627,-1
REACTOME_FORMATION_OF_INCISION_COMPLEX_IN_GG_NER,15,15,-0.18570291015625,0.0006043444824218591,-0.18630725463867187,0.42899221319348035,0.9801910375802627,-1
REACTOME_INTERLEUKIN_12_FAMILY_SIGNALING,11,11,0.18388236083984372,-0.0017514752197266004,0.18563383605957032,0.5876452896765655,0.9801910375802627,1
REACTOME_RECYCLING_PATHWAY_OF_L1,9,9,0.18194649719238276,-0.0017514752197266004,0.18369797241210936,0.6137142194505456,0.9801910375802627,1
REACTOME_PEROXISOMAL_LIPID_METABOLISM,10,10,-0.17975205078125,0.000609012451171842,-0.18036106323242185,0.6139461846975326,0.9801910375802627,-1
REACTOME_TP53_REGULATES_METABOLIC_GENES,16,16,-0.17740222961425783,0.0005996765136718762,-0.1780019061279297,0.5379780376967356,0.9801910375802627,-1
REACTOME_DEGRADATION_OF_GLI1_BY_THE_PROTEASOME,7,7,0.17107377929687495,-0.0004347320556640777,0.17150851135253903,0.6458344321320756,0.9801910375802627,1
REACTOME_NEGATIVE_REGULATORS_OF_DDX58_IFIH1_SIGNALING,11,11,0.17107377929687495,-0.0004347320556640777,0.17150851135253903,0.6471778168684993,0.9801910375802627,1
REACTOME_TRNA_MODIFICATION_IN_THE_NUCLEUS_AND_CYTOSOL,10,10,0.1674044415283203,-0.0029023706054687737,0.17030681213378907,0.4477633518940394,0.9801910375802627,1
REACTOME_O_LINKED_GLYCOSYLATION,20,20,-0.16942511901855467,0.000609012451171842,-0.1700341314697265,0.37656892374385353,0.9801910375802627,-1
REACTOME_SIGNALING_BY_NOTCH1_PEST_DOMAIN_MUTANTS_IN_CANCER,12,12,0.16109498382568357,-0.0026334863281250454,0.16372847015380862,0.7076793959807617,0.9801910375802627,1
REACTOME_INTRAFLAGELLAR_TRANSPORT,15,15,-0.1622399133300782,0.0002998382568359381,-0.16253975158691414,0.4691670827190808,0.9801910375802627,-1
REACTOME_RESPONSE_OF_EIF2AK4_GCN2_TO_AMINO_ACID_DEFICIENCY,8,8,0.16063751525878903,-0.0008694641113281554,0.16150697937011718,0.5977628847067226,0.9801910375802627,1
REACTOME_METAL_ION_SLC_TRANSPORTERS,6,6,-0.15937677185058596,0.0005996765136718762,-0.15997644836425784,0.4294780883498271,0.9801910375802627,-1
REACTOME_POSTMITOTIC_NUCLEAR_PORE_COMPLEX_NPC_REFORMATION,7,7,0.15244876647949218,-0.0017514752197266004,0.15420024169921878,0.3986663764499412,0.9801910375802627,1
REACTOME_SYNTHESIS_OF_PC,7,7,0.15200104919433594,-0.0017514752197266004,0.15375252441406254,0.5412240526679184,0.9801910375802627,1
REACTOME_ION_TRANSPORT_BY_P_TYPE_ATPASES,10,10,0.1520611054229736,-0.0008694641113281554,0.15293056953430176,0.5873682817061813,0.9801910375802627,1
REACTOME_RHOB_GTPASE_CYCLE,14,14,-0.14862968078613287,0.000609012451171842,-0.1492386932373047,0.44116696683818046,0.9801910375802627,-1
REACTOME_SIGNALING_BY_RETINOIC_ACID,11,11,0.14441661499023434,-0.0027679284667969095,0.14718454345703125,0.684773720783848,0.9801910375802627,1
REACTOME_EUKARYOTIC_TRANSLATION_ELONGATION,5,5,0.14674566772460934,-0.0004347320556640777,0.14718039978027342,0.511592769977213,0.9801910375802627,1
REACTOME_SPHINGOLIPID_METABOLISM,14,14,-0.14566129760742189,0.0,-0.14566129760742189,0.6803810399974997,0.9801910375802627,-1
REACTOME_HEDGEHOG_OFF_STATE,18,18,0.1396887985229492,-0.0026334863281250454,0.14232228485107423,0.6320997523278078,0.9801910375802627,1
REACTOME_THE_ROLE_OF_NEF_IN_HIV_1_REPLICATION_AND_DISEASE_PATHOGENESIS,8,8,0.14108384292602538,-0.0008694641113281554,0.14195330703735354,0.6732600057712377,0.9801910375802627,1
REACTOME_FCERI_MEDIATED_CA_2_MOBILIZATION,12,12,0.13931391845703125,0.0,0.13931391845703125,0.45108311637834775,0.9801910375802627,1
REACTOME_HCMV_INFECTION,24,24,0.1303762921142578,-0.0026334863281250454,0.13300977844238285,0.5790790961136133,0.9801910375802627,1
REACTOME_MRNA_DECAY_BY_3_TO_5_EXORIBONUCLEASE,8,8,-0.13157089843750003,0.0005996765136718762,-0.1321705749511719,0.41836759726860717,0.9801910375802627,-1
REACTOME_NUCLEAR_RECEPTOR_TRANSCRIPTION_PATHWAY,12,12,0.12643982086181638,-0.0026334863281250454,0.12907330718994142,0.5337910054748882,0.9801910375802627,1
REACTOME_EPHA_MEDIATED_GROWTH_CONE_COLLAPSE,7,7,-0.12843506347656247,0.0002998382568359381,-0.1287349017333984,0.49902411588226964,0.9801910375802627,-1
REACTOME_BBSOME_MEDIATED_CARGO_TARGETING_TO_CILIUM,9,9,-0.12775865234375,0.0006043444824218591,-0.12836299682617186,0.43237817592384264,0.9801910375802627,-1
REACTOME_IRON_UPTAKE_AND_TRANSPORT,15,15,0.12622236877441406,-0.0017514752197266004,0.12797384399414066,0.6396217598183702,0.9801910375802627,1
REACTOME_RUNX1_INTERACTS_WITH_CO_FACTORS_WHOSE_PRECISE_EFFECT_ON_RUNX1_TARGETS_IS_NOT_KNOWN,10,10,-0.12663125915527346,0.0005996765136718762,-0.12723093566894533,0.41680545402553804,0.9801910375802627,-1
REACTOME_CHOLESTEROL_BIOSYNTHESIS,11,11,-0.12590120239257813,0.0007127685546874651,-0.1266139709472656,0.37858200013132326,0.9801910375802627,-1
REACTOME_HIV_TRANSCRIPTION_ELONGATION,10,10,-0.1252290582275391,0.0005996765136718762,-0.12582873474121098,0.47472499114422706,0.9801910375802627,-1
REACTOME_FOXO_MEDIATED_TRANSCRIPTION_OF_CELL_DEATH_GENES,8,8,-0.12503776672363281,0.0005996765136718762,-0.1256374432373047,0.5238430501714185,0.9801910375802627,-1
REACTOME_TRANSPORT_OF_VITAMINS_NUCLEOSIDES_AND_RELATED_MOLECULES,9,9,-0.12440687866210937,0.0006043444824218591,-0.12501122314453122,0.538469372744598,0.9801910375802627,-1
REACTOME_SIGNALING_BY_NOTCH,35,35,0.12098294189453124,-0.0036541699218750057,0.12463711181640624,0.5453808849169755,0.9801910375802627,1
REACTOME_TIGHT_JUNCTION_INTERACTIONS,7,7,0.12228045898437495,-0.0017514752197266004,0.12403193420410155,0.7130809347873733,0.9801910375802627,1
REACTOME_EFFECTS_OF_PIP2_HYDROLYSIS,7,7,-0.12337505249023445,0.0006043444824218591,-0.12397939697265631,0.5896425721044749,0.9801910375802627,-1
REACTOME_SCF_SKP2_MEDIATED_DEGRADATION_OF_P27_P21,8,8,0.11709689666748044,-0.0008694641113281554,0.1179663607788086,0.3797051180666608,0.9801910375802627,1
REACTOME_PROTEIN_PROTEIN_INTERACTIONS_AT_SYNAPSES,9,9,-0.11715064208984377,0.0006043444824218591,-0.11775498657226563,0.3681454125244359,0.9801910375802627,-1
REACTOME_SYNAPTIC_ADHESION_LIKE_MOLECULES,5,5,-0.11715064208984377,0.0002998382568359381,-0.11745048034667971,0.5268649671088265,0.9801910375802627,-1
REACTOME_ION_CHANNEL_TRANSPORT,26,26,0.11453629066467283,-0.0029023706054687737,0.1174386612701416,0.4388194289877776,0.9801910375802627,1
REACTOME_INOSITOL_PHOSPHATE_METABOLISM,13,13,-0.1147814721679688,0.0013786120605468466,-0.11616008422851565,0.3718074808253562,0.9801910375802627,-1
REACTOME_SEMAPHORIN_INTERACTIONS,10,10,0.1157464025878906,0.0,0.1157464025878906,0.522291443991845,0.9801910375802627,1
REACTOME_FATTY_ACYL_COA_BIOSYNTHESIS,10,10,0.11345586929321286,0.0,0.11345586929321286,0.6741262646965741,0.9801910375802627,1
REACTOME_RHOC_GTPASE_CYCLE,16,16,-0.11040156677246099,0.0005996765136718762,-0.11100124328613287,0.629128527371405,0.9801910375802627,-1
REACTOME_SIGNALING_BY_PTK6,17,17,0.10761380157470701,-0.003094219360351591,0.1107080209350586,0.6133988765042311,0.9801910375802627,1
REACTOME_COPI_DEPENDENT_GOLGI_TO_ER_RETROGRADE_TRAFFIC,21,21,0.10830381774902342,-0.0017514752197266004,0.11005529296875002,0.42004442801314434,0.9801910375802627,1
REACTOME_COMMON_PATHWAY_OF_FIBRIN_CLOT_FORMATION,5,5,0.1089521514892578,-0.0004347320556640777,0.10938688354492188,0.6709503012816308,0.9801910375802627,1
REACTOME_SUMOYLATION_OF_DNA_REPLICATION_PROTEINS,12,12,0.10621790618896482,-0.0026334863281250454,0.10885139251708986,0.3943121816979619,0.9801910375802627,1
REACTOME_NUCLEOTIDE_SALVAGE,6,6,0.10764561096191405,-0.0008694641113281554,0.1085150750732422,0.4256183975813444,0.9801910375802627,1
REACTOME_RETROGRADE_TRANSPORT_AT_THE_TRANS_GOLGI_NETWORK,13,13,0.10758666381835935,-0.0004347320556640777,0.10802139587402343,0.7025600012195329,0.9801910375802627,1
REACTOME_EUKARYOTIC_TRANSLATION_INITIATION,14,14,-0.10708607666015629,0.0005996765136718762,-0.10768575317382817,0.5902879723995871,0.9801910375802627,-1
REACTOME_PTEN_REGULATION,26,26,-0.10698817443847658,0.0005996765136718762,-0.10758785095214846,0.5181441666513946,0.9801910375802627,-1
REACTOME_AUTOPHAGY,30,30,0.10494936187744139,-0.0026334863281250454,0.10758284820556643,0.6972359353675125,0.9801910375802627,1
REACTOME_GOLGI_TO_ER_RETROGRADE_TRANSPORT,24,24,0.10345486907958981,-0.0026334863281250454,0.10608835540771486,0.378051876616328,0.9801910375802627,1
REACTOME_SMAD2_SMAD3_SMAD4_HETEROTRIMER_REGULATES_TRANSCRIPTION,10,10,0.1039173449707031,-0.0008694641113281554,0.10478680908203125,0.5981320404553185,0.9801910375802627,1
REACTOME_APC_C_CDC20_MEDIATED_DEGRADATION_OF_CYCLIN_B,8,8,0.10462751312255861,0.0,0.10462751312255861,0.6499328729353901,0.9801910375802627,1
REACTOME_INTRA_GOLGI_AND_RETROGRADE_GOLGI_TO_ER_TRAFFIC,42,42,0.10150562805175778,-0.0029023706054687737,0.10440799865722655,0.4261861017749111,0.9801910375802627,1
REACTOME_SYNTHESIS_OF_GLYCOSYLPHOSPHATIDYLINOSITOL_GPI,7,7,0.1024404272460937,-0.0017514752197266004,0.1041919024658203,0.4068453547070422,0.9801910375802627,1
REACTOME_MISMATCH_REPAIR,5,5,0.10167227722167965,-0.0017514752197266004,0.10342375244140625,0.45911654698928833,0.9801910375802627,1
REACTOME_REGULATION_OF_TP53_ACTIVITY_THROUGH_PHOSPHORYLATION,23,23,0.10167227722167965,-0.0017514752197266004,0.10342375244140625,0.46407751867934355,0.9801910375802627,1
REACTOME_TRANSLESION_SYNTHESIS_BY_POLH,9,9,0.10167227722167965,-0.0004347320556640777,0.10210700927734373,0.5437340815576831,0.9801910375802627,1
REACTOME_MITOTIC_G2_G2_M_PHASES,42,42,0.09928487976074216,-0.0008694641113281554,0.10015434387207031,0.4658665318344437,0.9801910375802627,1
REACTOME_CLASS_I_PEROXISOMAL_MEMBRANE_PROTEIN_IMPORT,6,6,0.0974889190673828,-0.0026334863281250454,0.10012240539550785,0.6648108421787705,0.9801910375802627,1
REACTOME_TP53_REGULATES_TRANSCRIPTION_OF_DNA_REPAIR_GENES,16,16,-0.0994329986572266,0.000609012451171842,-0.10004201110839844,0.3840208519882271,0.9801910375802627,-1
REACTOME_DISEASES_OF_CARBOHYDRATE_METABOLISM,9,9,-0.0993996862792969,0.0002998382568359381,-0.09969952453613284,0.5270426787855786,0.9801910375802627,-1
REACTOME_RHOJ_GTPASE_CYCLE,10,10,-0.09920600952148442,0.0,-0.09920600952148442,0.5383628978618424,0.9801910375802627,-1
REACTOME_ERBB2_ACTIVATES_PTK6_SIGNALING,5,5,-0.09777443725585938,0.0002998382568359381,-0.09807427551269532,0.4402010557457121,0.9801910375802627,-1
REACTOME_EXPORT_OF_VIRAL_RIBONUCLEOPROTEINS_FROM_NUCLEUS,10,10,0.09520681488037108,-0.0008694641113281554,0.09607627899169924,0.38507906847372564,0.9801910375802627,1
REACTOME_SUMOYLATION_OF_SUMOYLATION_PROTEINS,10,10,0.09520681488037108,-0.0008694641113281554,0.09607627899169924,0.6225884090472273,0.9801910375802627,1
REACTOME_SIGNALING_BY_NOTCH4,6,6,0.09563921859741212,0.0,0.09563921859741212,0.6411752917203632,0.9801910375802627,1
REACTOME_RNA_POLYMERASE_III_TRANSCRIPTION,14,14,0.09473085998535152,-0.0008694641113281554,0.09560032409667968,0.6815511876128704,0.9801910375802627,1
REACTOME_RNA_POLYMERASE_II_TRANSCRIPTION_TERMINATION,19,19,0.09220295654296873,-0.0027679284667969095,0.09497088500976564,0.41225812233138426,0.9801910375802627,1
REACTOME_TRANSPORT_OF_BILE_SALTS_AND_ORGANIC_ACIDS_METAL_IONS_AND_AMINE_COMPOUNDS,11,11,-0.09335973510742185,0.0002998382568359381,-0.09365957336425779,0.7137504693711074,0.9801910375802627,-1
REACTOME_ZINC_TRANSPORTERS,5,5,-0.09335973510742185,0.0002998382568359381,-0.09365957336425779,0.6371681825718863,0.9801910375802627,-1
REACTOME_NEGATIVE_REGULATION_OF_FGFR1_SIGNALING,5,5,-0.09229794067382818,0.0002998382568359381,-0.09259777893066412,0.5730667133748885,0.9801910375802627,-1
REACTOME_NEGATIVE_REGULATION_OF_FGFR2_SIGNALING,5,5,-0.09229794067382818,0.0002998382568359381,-0.09259777893066412,0.5730667133748885,0.9801910375802627,-1
REACTOME_TRANSLATION_OF_SARS_COV_2_STRUCTURAL_PROTEINS,16,16,-0.09195406066894529,0.0005996765136718762,-0.09255373718261717,0.397625688127073,0.9801910375802627,-1
REACTOME_TRANSCRIPTION_OF_E2F_TARGETS_UNDER_NEGATIVE_CONTROL_BY_DREAM_COMPLEX,9,9,0.09026594177246089,-0.0017514752197266004,0.09201741699218749,0.5496873304106421,0.9801910375802627,1
REACTOME_G1_S_SPECIFIC_TRANSCRIPTION,13,13,0.09026594177246089,-0.0004347320556640777,0.09070067382812497,0.6403994955035006,0.9801910375802627,1
REACTOME_TRANSCRIPTION_OF_E2F_TARGETS_UNDER_NEGATIVE_CONTROL_BY_P107_RBL1_AND_P130_RBL2_IN_COMPLEX_WITH_HDAC1,7,7,0.09026594177246089,-0.0004347320556640777,0.09070067382812497,0.6995216587723893,0.9801910375802627,1
REACTOME_FATTY_ACID_METABOLISM,37,37,-0.08915993041992193,0.0013786120605468466,-0.09053854248046878,0.6468434184152982,0.9801910375802627,-1
REACTOME_CONSTITUTIVE_SIGNALING_BY_AKT1_E17K_IN_CANCER,5,5,-0.08975760864257815,0.0002998382568359381,-0.09005744689941408,0.5532331354860601,0.9801910375802627,-1
REACTOME_ONCOGENE_INDUCED_SENESCENCE,12,12,0.08701470367431638,-0.0026334863281250454,0.08964819000244142,0.4736423149190253,0.9801910375802627,1
REACTOME_INSERTION_OF_TAIL_ANCHORED_PROTEINS_INTO_THE_ENDOPLASMIC_RETICULUM_MEMBRANE,5,5,0.08896778808593747,-0.0004347320556640777,0.08940252014160155,0.5243044537390531,0.9801910375802627,1
REACTOME_FGFR2_ALTERNATIVE_SPLICING,6,6,0.0885102728271484,-0.0008694641113281554,0.08937973693847656,0.5574325802961654,0.9801910375802627,1
REACTOME_HDR_THROUGH_HOMOLOGOUS_RECOMBINATION_HRR,21,21,0.08668163085937497,-0.0017514752197266004,0.08843310607910157,0.41629299125513,0.9801910375802627,1
REACTOME_GENE_SILENCING_BY_RNA,21,21,0.08376346557617187,-0.0027679284667969095,0.08653139404296878,0.6609133251104602,0.9801910375802627,1
REACTOME_RAC1_GTPASE_CYCLE,34,34,0.08308149597167966,-0.0026334863281250454,0.0857149822998047,0.46123526934293446,0.9801910375802627,1
REACTOME_OXIDATIVE_STRESS_INDUCED_SENESCENCE,27,27,0.08376346557617187,-0.0017514752197266004,0.08551494079589847,0.4430315456865461,0.9801910375802627,1
REACTOME_ACTIVATION_OF_ATR_IN_RESPONSE_TO_REPLICATION_STRESS,12,12,-0.08482323852539064,0.0005996765136718762,-0.08542291503906252,0.6416209361363301,0.9801910375802627,-1
REACTOME_MRNA_SPLICING_MINOR_PATHWAY,14,14,-0.08405080139160159,0.0005996765136718762,-0.08465047790527347,0.43386651935780596,0.9801910375802627,-1
REACTOME_MAP2K_AND_MAPK_ACTIVATION,8,8,-0.08286578613281254,0.000609012451171842,-0.08347479858398438,0.5180902292767987,0.9801910375802627,-1
REACTOME_INTERLEUKIN_4_AND_INTERLEUKIN_13_SIGNALING,38,38,0.07940422485351559,-0.0029023706054687737,0.08230659545898436,0.5716500393556281,0.9801910375802627,1
REACTOME_POLB_DEPENDENT_LONG_PATCH_BASE_EXCISION_REPAIR,5,5,-0.08176702392578122,0.0002998382568359381,-0.08206686218261716,0.511592769977213,0.9801910375802627,-1
REACTOME_ACTIVATION_OF_ANTERIOR_HOX_GENES_IN_HINDBRAIN_DEVELOPMENT_DURING_EARLY_EMBRYOGENESIS,21,21,0.07719589477539057,-0.0027679284667969095,0.07996382324218748,0.6909662343463214,0.9801910375802627,1
REACTOME_PROCESSIVE_SYNTHESIS_ON_THE_C_STRAND_OF_THE_TELOMERE,10,10,0.07669130676269528,-0.0029023706054687737,0.07959367736816406,0.3680256558057807,0.9801910375802627,1
REACTOME_METABOLISM_OF_NUCLEOTIDES,26,26,0.07862507019042966,-0.0008694641113281554,0.07949453430175782,0.5991887632817818,0.9801910375802627,1
REACTOME_INTERLEUKIN_17_SIGNALING,15,15,0.0773787902832031,-0.0017514752197266004,0.0791302655029297,0.40836643146416796,0.9801910375802627,1
REACTOME_P75_NTR_RECEPTOR_MEDIATED_SIGNALLING,29,29,0.0773787902832031,-0.0017514752197266004,0.0791302655029297,0.7026739133540367,0.9801910375802627,1
REACTOME_DEADENYLATION_DEPENDENT_MRNA_DECAY,16,16,-0.07836505676269534,0.0005996765136718762,-0.07896473327636722,0.5399513877024558,0.9801910375802627,-1
REACTOME_MITOCHONDRIAL_IRON_SULFUR_CLUSTER_BIOGENESIS,5,5,-0.07821980590820315,0.0006043444824218591,-0.07882415039062501,0.5238782867535318,0.9801910375802627,-1
REACTOME_PROCESSING_OF_CAPPED_INTRON_CONTAINING_PRE_MRNA,56,56,0.0724954193115234,-0.006044713134765678,0.07854013244628907,0.3946024462878849,0.9801910375802627,1
REACTOME_MYD88_INDEPENDENT_TLR4_CASCADE,24,24,0.07651768615722654,-0.0008694641113281554,0.0773871502685547,0.6786883549141909,0.9801910375802627,1
REACTOME_DNA_REPLICATION_PRE_INITIATION,19,19,0.0756283166503906,-0.0004347320556640777,0.07606304870605468,0.7077298445533767,0.9801910375802627,1
REACTOME_DAP12_INTERACTIONS,13,13,0.07195670166015622,-0.0027679284667969095,0.07472463012695313,0.5665695419791887,0.9801910375802627,1
REACTOME_REGULATION_OF_EXPRESSION_OF_SLITS_AND_ROBOS,18,18,0.07378109619140621,-0.0008694641113281554,0.07465056030273437,0.5667783557503171,0.9801910375802627,1
REACTOME_SIGNALING_BY_CYTOSOLIC_FGFR1_FUSION_MUTANTS,5,5,0.07195670166015622,-0.0017514752197266004,0.07370817687988282,0.4179200373002515,0.9801910375802627,1
REACTOME_SIGNALING_BY_FGFR4,7,7,0.07195670166015622,-0.0017514752197266004,0.07370817687988282,0.4541811458734529,0.9801910375802627,1
REACTOME_BIOSYNTHESIS_OF_THE_N_GLYCAN_PRECURSOR_DOLICHOL_LIPID_LINKED_OLIGOSACCHARIDE_LLO_AND_TRANSFER_TO_A_NASCENT_PROTEIN,22,22,-0.07288085266113281,0.0,-0.07288085266113281,0.5456224475652018,0.9801910375802627,-1
REACTOME_SIALIC_ACID_METABOLISM,10,10,-0.07288085266113281,0.0,-0.07288085266113281,0.711365133504172,0.9801910375802627,-1
REACTOME_SYNTHESIS_OF_SUBSTRATES_IN_N_GLYCAN_BIOSYTHESIS,16,16,-0.07288085266113281,0.0,-0.07288085266113281,0.42677779810155014,0.9801910375802627,-1
REACTOME_RAB_GEFS_EXCHANGE_GTP_FOR_GDP_ON_RABS,18,18,-0.07205470886230475,0.0005996765136718762,-0.07265438537597663,0.633854721593592,0.9801910375802627,-1
REACTOME_SELENOAMINO_ACID_METABOLISM,12,12,0.07156933319091796,-0.0008694641113281554,0.07243879730224612,0.6047685519449244,0.9801910375802627,1
REACTOME_PI3K_EVENTS_IN_ERBB2_SIGNALING,5,5,0.07195670166015622,-0.0004347320556640777,0.0723914337158203,0.587809681863767,0.9801910375802627,1
REACTOME_E2F_MEDIATED_REGULATION_OF_DNA_REPLICATION,8,8,-0.07144778564453128,0.0005996765136718762,-0.07204746215820315,0.703424892078229,0.9801910375802627,-1
REACTOME_PCNA_DEPENDENT_LONG_PATCH_BASE_EXCISION_REPAIR,10,10,0.0711646496582031,-0.0008694641113281554,0.07203411376953126,0.6427300232378539,0.9801910375802627,1
REACTOME_DISORDERS_OF_TRANSMEMBRANE_TRANSPORTERS,30,30,-0.07035870056152344,0.0008165246582030883,-0.07117522521972652,0.5004586289118345,0.9801910375802627,-1
REACTOME_RHOV_GTPASE_CYCLE,12,12,-0.07053686462402348,0.0005996765136718762,-0.07113654113769535,0.5058552964195138,0.9801910375802627,-1
REACTOME_CYCLIN_A_CDK2_ASSOCIATED_EVENTS_AT_S_PHASE_ENTRY,16,16,0.06930457183837888,-0.0008694641113281554,0.07017403594970703,0.39388676186217075,0.9801910375802627,1
REACTOME_DEUBIQUITINATION,53,53,0.06817662719726558,-0.0017514752197266004,0.06992810241699218,0.37391268924511645,0.9801910375802627,1
REACTOME_SIGNALING_BY_ROBO_RECEPTORS,29,29,-0.06820275634765632,0.0002998382568359381,-0.06850259460449226,0.6588450647323025,0.9801910375802627,-1
REACTOME_MRNA_SPLICING,44,44,0.0641519134521484,-0.003754096679687513,0.06790601013183592,0.5977114012347458,0.9801910375802627,1
REACTOME_DOWNREGULATION_OF_SMAD2_3_SMAD4_TRANSCRIPTIONAL_ACTIVITY,8,8,-0.06760998962402345,0.0,-0.06760998962402345,0.6151931871590262,0.9801910375802627,-1
REACTOME_TRANSLATION,52,52,0.06342942199707027,-0.0035549523925781368,0.06698437438964841,0.551833541575911,0.9801910375802627,1
REACTOME_REGULATION_OF_RUNX1_EXPRESSION_AND_ACTIVITY,6,6,0.06605333374023437,-0.0008694641113281554,0.06692279785156252,0.5312143272994132,0.9801910375802627,1
REACTOME_SARS_COV_1_INFECTION,12,12,0.06578848194122314,0.0,0.06578848194122314,0.6434725260396632,0.9801910375802627,1
REACTOME_NR1H2_AND_NR1H3_MEDIATED_SIGNALING,12,12,-0.06553967224121093,0.0,-0.06553967224121093,0.4124918158849724,0.9801910375802627,-1
REACTOME_NEGATIVE_EPIGENETIC_REGULATION_OF_RRNA_EXPRESSION,14,14,0.06489211364746089,0.0,0.06489211364746089,0.4826797079434819,0.9801910375802627,1
REACTOME_INTERLEUKIN_2_FAMILY_SIGNALING,14,14,0.0618748516845703,-0.0026334863281250454,0.06450833801269534,0.4557359565988077,0.9801910375802627,1
REACTOME_SIGNALING_BY_FGFR1_IN_DISEASE,8,8,0.0618748516845703,-0.0026334863281250454,0.06450833801269534,0.49638792127458947,0.9801910375802627,1
REACTOME_SUMOYLATION_OF_CHROMATIN_ORGANIZATION_PROTEINS,20,20,-0.061520016479492234,0.000609012451171842,-0.062129028930664076,0.4859740615309013,0.9801910375802627,-1
REACTOME_FORMATION_OF_THE_EARLY_ELONGATION_COMPLEX,9,9,-0.06174176635742196,0.0002998382568359381,-0.062041604614257895,0.5960221026726922,0.9801910375802627,-1
REACTOME_HIV_ELONGATION_ARREST_AND_RECOVERY,7,7,-0.06174176635742196,0.0002998382568359381,-0.062041604614257895,0.5204539099898284,0.9801910375802627,-1
REACTOME_CARGO_TRAFFICKING_TO_THE_PERICILIARY_MEMBRANE,11,11,-0.0604935119628906,0.0002998382568359381,-0.06079335021972654,0.699040792703036,0.9801910375802627,-1
REACTOME_SUMOYLATION_OF_RNA_BINDING_PROTEINS,16,16,-0.05967107910156255,0.0005996765136718762,-0.06027075561523443,0.5654246825492935,0.9801910375802627,-1
REACTOME_SYNTHESIS_OF_PA,7,7,-0.05874080078125005,0.0002998382568359381,-0.059040639038085985,0.6893099301344691,0.9801910375802627,-1
REACTOME_DARPP_32_EVENTS,7,7,0.0582854711914062,-0.0004347320556640777,0.05872020324707028,0.5977017804428212,0.9801910375802627,1
REACTOME_SENSORY_PROCESSING_OF_SOUND,9,9,-0.05830936645507817,0.0002998382568359381,-0.05860920471191411,0.6863063076424427,0.9801910375802627,-1
REACTOME_PHASE_I_FUNCTIONALIZATION_OF_COMPOUNDS,11,11,-0.058307558593749975,0.0002998382568359381,-0.05860739685058591,0.70638192178965,0.9801910375802627,-1
REACTOME_PROCESSING_OF_CAPPED_INTRONLESS_PRE_MRNA,9,9,0.05766946533203121,-0.0004347320556640777,0.05810419738769529,0.6249320292068488,0.9801910375802627,1
REACTOME_PROCESSING_OF_INTRONLESS_PRE_MRNAS,9,9,0.05766946533203121,-0.0004347320556640777,0.05810419738769529,0.6249320292068488,0.9801910375802627,1
REACTOME_RNA_POLYMERASE_II_TRANSCRIBES_SNRNA_GENES,23,23,-0.05669266479492191,0.0007127685546874651,-0.057405433349609375,0.6629391954133754,0.9801910375802627,-1
REACTOME_TNFR2_NON_CANONICAL_NF_KB_PATHWAY,25,25,0.05505665893554684,-0.0017514752197266004,0.05680813415527344,0.6396256692918696,0.9801910375802627,1
REACTOME_FCERI_MEDIATED_MAPK_ACTIVATION,10,10,-0.05667748962402344,0.0,-0.05667748962402344,0.6837986478429157,0.9801910375802627,-1
REACTOME_GLYOXYLATE_METABOLISM_AND_GLYCINE_DEGRADATION,7,7,-0.05532860595703132,0.0002998382568359381,-0.055628444213867256,0.608521223716392,0.9801910375802627,-1
REACTOME_METABOLISM_OF_RNA,150,150,0.047947943420410116,-0.007270123291015673,0.05521806671142579,0.44812469575577907,0.9801910375802627,1
REACTOME_SIGNALING_BY_FLT3_FUSION_PROTEINS,9,9,0.051793001708984376,-0.0027679284667969095,0.054560930175781286,0.6627042857197598,0.9801910375802627,1
REACTOME_POST_CHAPERONIN_TUBULIN_FOLDING_PATHWAY,5,5,-0.05278552734375003,0.0002998382568359381,-0.053085365600585965,0.50236835932391,0.9801910375802627,-1
REACTOME_DNA_DAMAGE_TELOMERE_STRESS_INDUCED_SENESCENCE,5,5,0.05055333862304684,-0.0017514752197266004,0.05230481384277344,0.6385623498664245,0.9801910375802627,1
REACTOME_HIV_INFECTION,44,44,0.04737870544433592,-0.0029023706054687737,0.050281076049804696,0.3709645287829604,0.9801910375802627,1
REACTOME_TRANSCRIPTIONAL_REGULATION_BY_VENTX,13,13,0.04834320190429686,-0.0017514752197266004,0.05009467712402346,0.6863551873210696,0.9801910375802627,1
REACTOME_HIV_LIFE_CYCLE,32,32,0.04737870544433592,-0.0026334863281250454,0.05001219177246097,0.6209575285849309,0.9801910375802627,1
REACTOME_INHIBITION_OF_THE_PROTEOLYTIC_ACTIVITY_OF_APC_C_REQUIRED_FOR_THE_ONSET_OF_ANAPHASE_BY_MITOTIC_SPINDLE_CHECKPOINT_COMPONENTS,8,8,0.049876654357910166,0.0,0.049876654357910166,0.6608045516863268,0.9801910375802627,1
REACTOME_ABERRANT_REGULATION_OF_MITOTIC_G1_S_TRANSITION_IN_CANCER_DUE_TO_RB1_DEFECTS,7,7,0.04834320190429686,-0.0004347320556640777,0.04877793395996094,0.5342568770366809,0.9801910375802627,1
REACTOME_CYCLIN_D_ASSOCIATED_EVENTS_IN_G1,17,17,0.04834320190429686,-0.0004347320556640777,0.04877793395996094,0.47572935328396126,0.9801910375802627,1
REACTOME_BRANCHED_CHAIN_AMINO_ACID_CATABOLISM,6,6,-0.04806428833007817,0.0005996765136718762,-0.048663964843750046,0.671313498440507,0.9801910375802627,-1
REACTOME_SIGNALING_BY_ERYTHROPOIETIN,10,10,0.04465604003906248,-0.0026334863281250454,0.04728952636718753,0.6319539033373636,0.9801910375802627,1
REACTOME_INTEGRATION_OF_ENERGY_METABOLISM,24,24,0.043798980712890595,-0.0026334863281250454,0.04643246704101564,0.3985383319884106,0.9801910375802627,1
REACTOME_VASOPRESSIN_REGULATES_RENAL_WATER_HOMEOSTASIS_VIA_AQUAPORINS,14,14,0.043798980712890595,-0.0026334863281250454,0.04643246704101564,0.6856527245624786,0.9801910375802627,1
REACTOME_SIGNALING_BY_KIT_IN_DISEASE,6,6,0.04465604003906248,-0.0008694641113281554,0.04552550415039064,0.7099218981838774,0.9801910375802627,1
REACTOME_RECRUITMENT_OF_NUMA_TO_MITOTIC_CENTROSOMES,28,28,0.0426644760131836,0.0,0.0426644760131836,0.6549027480142549,0.9801910375802627,1
REACTOME_MITOTIC_PROMETAPHASE,58,58,0.04133035583496089,-0.0008694641113281554,0.04219981994628905,0.4138874430863827,0.9801910375802627,1
REACTOME_DEFECTIVE_INTRINSIC_PATHWAY_FOR_APOPTOSIS,7,7,-0.04133424926757817,0.0002998382568359381,-0.04163408752441411,0.5702728981535266,0.9801910375802627,-1
REACTOME_PYRUVATE_METABOLISM,8,8,-0.04089820373535161,0.0,-0.04089820373535161,0.5974020603807408,0.9801910375802627,-1
REACTOME_GAMMA_CARBOXYLATION_HYPUSINE_FORMATION_AND_ARYLSULFATASE_ACTIVATION,13,13,0.03947005371093748,-0.0004347320556640777,0.03990478576660156,0.6624680809150056,0.9801910375802627,1
REACTOME_TRANSPORT_OF_MATURE_TRANSCRIPT_TO_CYTOPLASM,21,21,0.03796486328124998,-0.0017514752197266004,0.039716338500976583,0.5317928573638213,0.9801910375802627,1
REACTOME_VIRAL_MESSENGER_RNA_SYNTHESIS,13,13,0.03796486328124998,-0.0017514752197266004,0.039716338500976583,0.6778514406139369,0.9801910375802627,1
REACTOME_RAS_PROCESSING,7,7,0.03751907836914059,-0.0017514752197266004,0.03927055358886719,0.558642995205366,0.9801910375802627,1
REACTOME_MHC_CLASS_II_ANTIGEN_PRESENTATION,32,32,-0.038469497680664044,0.0005996765136718762,-0.03906917419433592,0.6555890391623298,0.9801910375802627,-1
REACTOME_TRANSCRIPTIONAL_REGULATION_BY_RUNX1,54,54,0.037757884216308574,-0.0008694641113281554,0.03862734832763673,0.45874237733631296,0.9801910375802627,1
REACTOME_INTERACTIONS_OF_REV_WITH_HOST_CELLULAR_PROTEINS,9,9,0.03796486328124998,-0.0004347320556640777,0.03839959533691406,0.7139232468259564,0.9801910375802627,1
REACTOME_INTERACTIONS_OF_VPR_WITH_HOST_CELLULAR_PROTEINS,11,11,0.03796486328124998,-0.0004347320556640777,0.03839959533691406,0.6355857348523568,0.9801910375802627,1
REACTOME_NUCLEAR_IMPORT_OF_REV_PROTEIN,9,9,0.03796486328124998,-0.0004347320556640777,0.03839959533691406,0.7139232468259564,0.9801910375802627,1
REACTOME_NUCLEAR_PORE_COMPLEX_NPC_DISASSEMBLY,9,9,0.03796486328124998,-0.0004347320556640777,0.03839959533691406,0.7139232468259564,0.9801910375802627,1
REACTOME_REGULATION_OF_GLUCOKINASE_BY_GLUCOKINASE_REGULATORY_PROTEIN,9,9,0.03796486328124998,-0.0004347320556640777,0.03839959533691406,0.7139232468259564,0.9801910375802627,1
REACTOME_TRANSPORT_OF_THE_SLBP_DEPENDANT_MATURE_MRNA,9,9,0.03796486328124998,-0.0004347320556640777,0.03839959533691406,0.7139232468259564,0.9801910375802627,1
REACTOME_CD209_DC_SIGN_SIGNALING,5,5,0.03751907836914059,-0.0004347320556640777,0.03795381042480467,0.4285970101811293,0.9801910375802627,1
REACTOME_DOWNSTREAM_SIGNALING_OF_ACTIVATED_FGFR2,5,5,0.03751907836914059,-0.0004347320556640777,0.03795381042480467,0.5864626262935105,0.9801910375802627,1
REACTOME_SHC1_EVENTS_IN_ERBB2_SIGNALING,5,5,0.03751907836914059,-0.0004347320556640777,0.03795381042480467,0.5598090358098722,0.9801910375802627,1
REACTOME_SIGNALING_BY_FGFR1,9,9,0.03751907836914059,-0.0004347320556640777,0.03795381042480467,0.6801026970436584,0.9801910375802627,1
REACTOME_INHIBITION_OF_DNA_RECOMBINATION_AT_TELOMERE,8,8,0.03523079956054684,-0.0026334863281250454,0.037864285888671884,0.711521924770296,0.9801910375802627,1
REACTOME_FC_EPSILON_RECEPTOR_FCERI_SIGNALING,32,32,0.034645593566894506,-0.0026334863281250454,0.03727907989501955,0.6262047085965615,0.9801910375802627,1
REACTOME_TRANSCRIPTIONAL_REGULATION_BY_E2F6,14,14,-0.03603797302246095,0.0005996765136718762,-0.03663764953613283,0.5462080815482708,0.9801910375802627,-1
REACTOME_DNA_REPAIR,80,80,-0.034252828369140675,0.001940699462890605,-0.03619352783203128,0.5375827794925951,0.9801910375802627,-1
REACTOME_TRANSCRIPTIONAL_REGULATION_BY_TP53,90,90,-0.035256103515625026,0.0008165246582030883,-0.036072628173828114,0.5725687900488423,0.9801910375802627,-1
REACTOME_RHOBTB_GTPASE_CYCLE,7,7,0.03530166320800776,-0.0004347320556640777,0.03573639526367184,0.6852402393740774,0.9801910375802627,1
REACTOME_B_WICH_COMPLEX_POSITIVELY_REGULATES_RRNA_EXPRESSION,7,7,-0.034299775390625065,0.0007127685546874651,-0.03501254394531253,0.4962011376396498,0.9801910375802627,-1
REACTOME_RNA_POLYMERASE_I_PROMOTER_ESCAPE,9,9,-0.034299775390625065,0.0006043444824218591,-0.034904119873046924,0.6844794981618059,0.9801910375802627,-1
REACTOME_METABOLISM_OF_VITAMINS_AND_COFACTORS,40,40,-0.03407438659667969,0.0005996765136718762,-0.034674063110351566,0.47411109059456835,0.9801910375802627,-1
REACTOME_G_ALPHA_Z_SIGNALLING_EVENTS,13,13,0.03177210876464842,-0.0027679284667969095,0.03454003723144533,0.4377811578725761,0.9801910375802627,1
REACTOME_HEMOSTASIS,146,146,0.030542299499511705,-0.0035549523925781368,0.03409725189208984,0.37672789661491424,0.9801910375802627,1
REACTOME_HIV_TRANSCRIPTION_INITIATION,12,12,0.032705028076171844,-0.0008694641113281554,0.0335744921875,0.6838013424127171,0.9801910375802627,1
REACTOME_RHO_GTPASES_ACTIVATE_FORMINS,33,33,0.03195187988281245,-0.0004347320556640777,0.03238661193847653,0.5572097391517806,0.9801910375802627,1
REACTOME_PROCESSING_OF_DNA_DOUBLE_STRAND_BREAK_ENDS,14,14,0.03236930725097656,0.0,0.03236930725097656,0.6365073969351887,0.9801910375802627,1
REACTOME_INITIATION_OF_NUCLEAR_ENVELOPE_NE_REFORMATION,5,5,0.031037021484374983,-0.0004347320556640777,0.03147175354003906,0.623293279648697,0.9801910375802627,1
REACTOME_RHO_GTPASE_CYCLE,95,95,0.029361059570312487,-0.0017514752197266004,0.031112534790039087,0.5896171956697567,0.9801910375802627,1
REACTOME_PRESYNAPTIC_FUNCTION_OF_KAINATE_RECEPTORS,9,9,0.029312490234374988,-0.0017514752197266004,0.03106396545410159,0.4408768010555424,0.9801910375802627,1
REACTOME_REGULATION_OF_INSULIN_SECRETION,19,19,0.029312490234374988,-0.0017514752197266004,0.03106396545410159,0.47544812638070044,0.9801910375802627,1
REACTOME_THROMBIN_SIGNALLING_THROUGH_PROTEINASE_ACTIVATED_RECEPTORS_PARS,9,9,0.029312490234374988,-0.0017514752197266004,0.03106396545410159,0.6281029099765884,0.9801910375802627,1
REACTOME_ACTIVATION_OF_THE_PRE_REPLICATIVE_COMPLEX,12,12,-0.030159272460937497,0.0005996765136718762,-0.030758948974609374,0.5830050076600402,0.9801910375802627,-1
REACTOME_RESOLUTION_OF_ABASIC_SITES_AP_SITES,18,18,-0.02998483642578126,0.0005996765136718762,-0.030584512939453135,0.4605328097454209,0.9801910375802627,-1
REACTOME_ABC_FAMILY_PROTEINS_MEDIATED_TRANSPORT,17,17,-0.029936450195312492,0.0002998382568359381,-0.03023628845214843,0.6095875701916712,0.9801910375802627,-1
REACTOME_ABC_TRANSPORTER_DISORDERS,11,11,-0.029936450195312492,0.0002998382568359381,-0.03023628845214843,0.5358045373210103,0.9801910375802627,-1
REACTOME_CELL_SURFACE_INTERACTIONS_AT_THE_VASCULAR_WALL,36,36,0.02722884826660152,-0.0008694641113281554,0.028098312377929674,0.6656539415707937,0.9801910375802627,1
REACTOME_METABOLISM_OF_LIPIDS,166,166,-0.027399844970703136,0.0005996765136718762,-0.027999521484375012,0.6098027851026151,0.9801910375802627,-1
REACTOME_NRAGE_SIGNALS_DEATH_THROUGH_JNK,20,20,-0.026117641296386745,0.0005996765136718762,-0.02671731781005862,0.441145986949933,0.9801910375802627,-1
REACTOME_ABORTIVE_ELONGATION_OF_HIV_1_TRANSCRIPT_IN_THE_ABSENCE_OF_TAT,6,6,-0.026562128906250065,0.0,-0.026562128906250065,0.6717478486047146,0.9801910375802627,-1
REACTOME_RRNA_PROCESSING,40,40,-0.02301248962402347,0.0005996765136718762,-0.023612166137695345,0.5686387135271089,0.9801910375802627,-1
REACTOME_RECRUITMENT_OF_MITOTIC_CENTROSOME_PROTEINS_AND_COMPLEXES,25,25,-0.022974865722656224,0.0002998382568359381,-0.023274703979492162,0.6659520653653526,0.9801910375802627,-1
REACTOME_REGULATION_OF_PLK1_ACTIVITY_AT_G2_M_TRANSITION,25,25,-0.022974865722656224,0.0002998382568359381,-0.023274703979492162,0.5660572760976474,0.9801910375802627,-1
REACTOME_MEMBRANE_TRAFFICKING,122,122,0.020428214111328113,-0.0026334863281250454,0.02306170043945316,0.4609269057413664,0.9801910375802627,1
REACTOME_FCGR3A_MEDIATED_IL10_SYNTHESIS,12,12,0.022606701049804667,0.0,0.022606701049804667,0.4541939327316965,0.9801910375802627,1
REACTOME_CARDIAC_CONDUCTION,15,15,0.022038183593749983,-0.0004347320556640777,0.02247291564941406,0.4033580257676258,0.9801910375802627,1
REACTOME_SELECTIVE_AUTOPHAGY,16,16,0.02051330230712886,0.0,0.02051330230712886,0.6658852112397495,0.9801910375802627,1
REACTOME_TELOMERE_EXTENSION_BY_TELOMERASE,7,7,0.019908260498046837,-0.0004347320556640777,0.020342992553710915,0.6763177724661108,0.9801910375802627,1
REACTOME_PI3K_AKT_SIGNALING_IN_CANCER,25,25,0.01771455078124995,-0.0017514752197266004,0.01946602600097655,0.6891663919230322,0.9801910375802627,1
REACTOME_ANTIGEN_PROCESSING_UBIQUITINATION_PROTEASOME_DEGRADATION,64,64,0.015912883300781222,-0.0026334863281250454,0.018546369628906267,0.6348316087032331,0.9801910375802627,1
REACTOME_SARS_COV_2_INFECTION,19,19,-0.018143951416015602,0.0002998382568359381,-0.01844378967285154,0.698571638372433,0.9801910375802627,-1
REACTOME_SIGNALING_BY_GPCR,148,148,0.014882089233398399,-0.0026334863281250454,0.017515575561523444,0.4792257288482049,0.9801910375802627,1
REACTOME_GOLGI_ASSOCIATED_VESICLE_BIOGENESIS,15,15,-0.013013154296875051,0.0006043444824218591,-0.01361749877929691,0.6199043181381514,0.9801910375802627,-1
REACTOME_CLEC7A_DECTIN_1_SIGNALING,17,17,-0.013072069091796867,0.0002998382568359381,-0.013371907348632806,0.6290052518487861,0.9801910375802627,-1
REACTOME_G_PROTEIN_MEDIATED_EVENTS,9,9,-0.013072069091796867,0.0002998382568359381,-0.013371907348632806,0.6263404571976787,0.9801910375802627,-1
REACTOME_BASE_EXCISION_REPAIR_AP_SITE_FORMATION,8,8,-0.010218521118164098,0.0,-0.010218521118164098,0.44439938168624316,0.9801910375802627,-1
REACTOME_NGF_STIMULATED_TRANSCRIPTION,11,11,-0.009760163574218772,0.0002998382568359381,-0.01006000183105471,0.40341904969658526,0.9801910375802627,-1
REACTOME_DISEASES_OF_PROGRAMMED_CELL_DEATH,13,13,-0.009591506347656265,0.0002998382568359381,-0.009891344604492203,0.46160503345901727,0.9801910375802627,-1
REACTOME_ESTROGEN_DEPENDENT_GENE_EXPRESSION,29,29,0.008617508544921826,-0.0004347320556640777,0.009052240600585904,0.684809092419697,0.9801910375802627,1
REACTOME_FORMATION_OF_TC_NER_PRE_INCISION_COMPLEX,13,13,0.008617508544921826,-0.0004347320556640777,0.009052240600585904,0.6073104173706666,0.9801910375802627,1
REACTOME_COPI_MEDIATED_ANTEROGRADE_TRANSPORT,15,15,-0.00821346435546877,0.0002998382568359381,-0.008513302612304707,0.5828755665950246,0.9801910375802627,-1
REACTOME_MEIOSIS,22,22,0.008502944946289032,0.0,0.008502944946289032,0.6036167702299629,0.9801910375802627,1
REACTOME_BASE_EXCISION_REPAIR,21,21,0.00744846069335936,-0.0004347320556640777,0.007883192749023438,0.6388404270093881,0.9801910375802627,1
REACTOME_DEPOSITION_OF_NEW_CENPA_CONTAINING_NUCLEOSOMES_AT_THE_CENTROMERE,8,8,-0.007208205566406278,0.0005996765136718762,-0.0078078820800781545,0.5762845134451214,0.9801910375802627,-1
REACTOME_PKMTS_METHYLATE_HISTONE_LYSINES,9,9,-0.006682353515625017,0.0006043444824218591,-0.007286697998046876,0.5932680902615628,0.9801910375802627,-1
REACTOME_SUMOYLATION,52,52,-0.007247277832031246,0.0,-0.007247277832031246,0.4022714948493685,0.9801910375802627,-1
REACTOME_RUNX1_REGULATES_TRANSCRIPTION_OF_GENES_INVOLVED_IN_DIFFERENTIATION_OF_HSCS,13,13,-0.006682353515625017,0.0002998382568359381,-0.006982191772460955,0.5440893280404491,0.9801910375802627,-1
REACTOME_MEIOTIC_SYNAPSIS,16,16,-0.006836381225585969,0.0,-0.006836381225585969,0.5112168357918521,0.9801910375802627,-1
REACTOME_RHOU_GTPASE_CYCLE,10,10,0.006823667602539024,0.0,0.006823667602539024,0.6841450632940398,0.9801910375802627,1
REACTOME_CDC42_GTPASE_CYCLE,31,31,0.0061278662109374715,-0.0004347320556640777,0.006562598266601549,0.5584246225789546,0.9801910375802627,1
REACTOME_CELL_CYCLE_CHECKPOINTS,59,59,-0.0035549523925781368,0.0002998382568359381,-0.003854790649414075,0.6537399379948229,0.9801910375802627,-1
REACTOME_SIGNALING_BY_RHO_GTPASES_MIRO_GTPASES_AND_RHOBTB3,143,143,-0.0035549523925781368,0.0002998382568359381,-0.003854790649414075,0.6570923058845353,0.9801910375802627,-1
REACTOME_MET_PROMOTES_CELL_MOTILITY,5,5,0.0031584216308593316,-0.0004347320556640777,0.0035931536865234093,0.5458238255713953,0.9801910375802627,1
REACTOME_SENESCENCE_ASSOCIATED_SECRETORY_PHENOTYPE_SASP,19,19,-0.0029023706054687737,0.0006043444824218591,-0.003506715087890633,0.7133475130744689,0.9801910375802627,-1
REACTOME_FCGAMMA_RECEPTOR_FCGR_DEPENDENT_PHAGOCYTOSIS,18,18,0.002321240844726541,0.0,0.002321240844726541,0.5297122829387453,0.9801910375802627,1
REACTOME_ROLE_OF_PHOSPHOLIPIDS_IN_PHAGOCYTOSIS,8,8,0.002321240844726541,0.0,0.002321240844726541,0.668342778310457,0.9801910375802627,1
REACTOME_NONSENSE_MEDIATED_DECAY_NMD,13,13,0.0008165246582030883,-0.0004347320556640777,0.001251256713867166,0.6139833884506529,0.9801910375802627,1
REACTOME_IRE1ALPHA_ACTIVATES_CHAPERONES,12,12,-0.05317392211914068,0.0005996765136718762,-0.05377359863281256,0.7179571911716234,0.9809366485537738,-1
REACTOME_EPIGENETIC_REGULATION_OF_GENE_EXPRESSION,24,24,-0.033067252197265695,0.000609012451171842,-0.03367626464843754,0.7175556227702877,0.9809366485537738,-1
REACTOME_TRANSCRIPTIONAL_REGULATION_OF_PLURIPOTENT_STEM_CELLS,9,9,0.026207890624999952,-0.0004347320556640777,0.02664262268066403,0.717263474576231,0.9809366485537738,1
REACTOME_CLATHRIN_MEDIATED_ENDOCYTOSIS,27,27,-0.10369709350585937,0.0006043444824218591,-0.10430143798828123,0.720363851805544,0.9816189728706135,-1
REACTOME_ONCOGENIC_MAPK_SIGNALING,17,17,-0.04133424926757817,0.0002998382568359381,-0.04163408752441411,0.7207854616926569,0.9816189728706135,-1
REACTOME_FORMATION_OF_RNA_POL_II_ELONGATION_COMPLEX,16,16,-0.07829888244628913,0.0005996765136718762,-0.07889855895996101,0.728275370017746,0.9829514357470392,-1
REACTOME_MITOCHONDRIAL_CALCIUM_ION_TRANSPORT,5,5,-0.040738588867187564,0.0002998382568359381,-0.0410384271240235,0.7257099777458134,0.9829514357470392,-1
REACTOME_VISUAL_PHOTOTRANSDUCTION,20,20,0.027704210510253874,-0.0008694641113281554,0.02857367462158203,0.7287599612596674,0.9829514357470392,1
REACTOME_POTASSIUM_CHANNELS,12,12,0.022837247924804654,-0.0008694641113281554,0.02370671203613281,0.7282862835679607,0.9829514357470392,1
REACTOME_NONHOMOLOGOUS_END_JOINING_NHEJ,6,6,0.014313352050781186,0.0,0.014313352050781186,0.7236991952190891,0.9829514357470392,1
REACTOME_NUCLEAR_EVENTS_KINASE_AND_TRANSCRIPTION_FACTOR_ACTIVATION,15,15,-0.009760163574218772,0.0002998382568359381,-0.01006000183105471,0.7270153249137912,0.9829514357470392,-1
REACTOME_RHO_GTPASES_ACTIVATE_WASPS_AND_WAVES,6,6,-0.17339191650390628,0.0005996765136718762,-0.17399159301757816,0.7317385331524743,0.9838207072528481,-1
REACTOME_G2_M_CHECKPOINTS,24,24,-0.049648114624023465,0.000609012451171842,-0.05025712707519531,0.7312941609052569,0.9838207072528481,-1
REACTOME_DOWNREGULATION_OF_ERBB2_SIGNALING,7,7,0.27250433471679686,-0.0004347320556640777,0.27293906677246094,0.7346228162847854,0.986125850522411,1
REACTOME_METABOLISM_OF_COFACTORS,8,8,0.11806182464599607,-0.0008694641113281554,0.11893128875732423,0.7453926716226468,0.9863457206727019,1
REACTOME_RHO_GTPASES_ACTIVATE_IQGAPS,5,5,0.10830381774902342,-0.0004347320556640777,0.1087385498046875,0.7452546741587274,0.9863457206727019,1
REACTOME_CLEC7A_DECTIN_1_INDUCES_NFAT_ACTIVATION,5,5,-0.08583007812500004,0.0006043444824218591,-0.0864344226074219,0.7447641336206946,0.9863457206727019,-1
REACTOME_CARGO_RECOGNITION_FOR_CLATHRIN_MEDIATED_ENDOCYTOSIS,17,17,-0.08307702270507816,0.0002998382568359381,-0.0833768609619141,0.7404000537853326,0.9863457206727019,-1
REACTOME_CELL_CELL_COMMUNICATION,18,18,0.07454974670410153,-0.0026334863281250454,0.07718323303222657,0.7450085824812045,0.9863457206727019,1
REACTOME_DNA_REPLICATION,35,35,0.0667009826660156,-0.0004347320556640777,0.06713571472167967,0.7470256293764662,0.9863457206727019,1
REACTOME_SPHINGOLIPID_DE_NOVO_BIOSYNTHESIS,7,7,0.04700307373046875,-0.0004347320556640777,0.047437805786132825,0.738372128007,0.9863457206727019,1
REACTOME_DNA_DOUBLE_STRAND_BREAK_RESPONSE,8,8,-0.03836477233886726,0.0005996765136718762,-0.038964448852539135,0.7391257161368016,0.9863457206727019,-1
REACTOME_INWARDLY_RECTIFYING_K_CHANNELS,9,9,0.029312490234374988,-0.0017514752197266004,0.03106396545410159,0.7486922006897404,0.9863457206727019,1
REACTOME_PI_METABOLISM,28,28,0.029497551269531214,-0.0008694641113281554,0.03036701538085937,0.743469337348093,0.9863457206727019,1
REACTOME_TELOMERE_C_STRAND_LAGGING_STRAND_SYNTHESIS,17,17,0.019908260498046837,-0.0004347320556640777,0.020342992553710915,0.7499971612707022,0.9863457206727019,1
REACTOME_TRANS_GOLGI_NETWORK_VESICLE_BUDDING,16,16,-0.012652135009765642,0.0005996765136718762,-0.013251811523437518,0.7386769626106131,0.9863457206727019,-1
REACTOME_ASSEMBLY_OF_THE_ORC_COMPLEX_AT_THE_ORIGIN_OF_REPLICATION,6,6,-0.004249996337890638,0.0,-0.004249996337890638,0.7497033507823572,0.9863457206727019,-1
REACTOME_DEGRADATION_OF_DVL,6,6,0.12394122116088865,0.0,0.12394122116088865,0.7515071443275717,0.9867920913834002,1
REACTOME_MITOPHAGY,6,6,-0.036604972076416026,0.0,-0.036604972076416026,0.7533122323612709,0.9876239687100332,-1
REACTOME_BINDING_AND_UPTAKE_OF_LIGANDS_BY_SCAVENGER_RECEPTORS,11,11,0.2660230787658691,-0.0004347320556640777,0.2664578108215332,0.7591869617697796,0.9888242880272919,1
REACTOME_COPI_INDEPENDENT_GOLGI_TO_ER_RETROGRADE_TRAFFIC,6,6,0.10345486907958981,-0.0008694641113281554,0.10432433319091797,0.7600926911526514,0.9888242880272919,1
REACTOME_FORMATION_OF_FIBRIN_CLOT_CLOTTING_CASCADE,8,8,0.07852562286376952,-0.0008694641113281554,0.07939508697509767,0.7583692168734559,0.9888242880272919,1
REACTOME_INTRINSIC_PATHWAY_OF_FIBRIN_CLOT_FORMATION,5,5,0.04809909423828124,-0.0004347320556640777,0.048533826293945315,0.7585350594765399,0.9888242880272919,1
REACTOME_RNA_POLYMERASE_I_TRANSCRIPTION_TERMINATION,9,9,-0.034299775390625065,0.0006043444824218591,-0.034904119873046924,0.7596433784264673,0.9888242880272919,-1
REACTOME_GLYCOSPHINGOLIPID_METABOLISM,7,7,-0.3383256689453125,0.0002998382568359381,-0.33862550720214846,0.8140740522471576,0.9899445055810133,-1
REACTOME_DOWNREGULATION_OF_ERBB2_ERBB3_SIGNALING,5,5,0.27250433471679686,-0.0004347320556640777,0.27293906677246094,0.811785469263875,0.9899445055810133,1
REACTOME_FORMATION_OF_THE_BETA_CATENIN_TCF_TRANSACTIVATING_COMPLEX,10,10,0.16870900375366207,-0.0008694641113281554,0.16957846786499023,0.8390936568089628,0.9899445055810133,1
REACTOME_MATURATION_OF_PROTEIN_3A,5,5,-0.16576416992187498,0.0002998382568359381,-0.16606400817871092,0.8714537289580028,0.9899445055810133,-1
REACTOME_CTLA4_INHIBITORY_SIGNALING,5,5,-0.15839503417968753,0.0002998382568359381,-0.15869487243652347,0.7912715830698899,0.9899445055810133,-1
REACTOME_REGULATION_OF_LIPID_METABOLISM_BY_PPARALPHA,28,28,0.14790830139160155,-0.0035549523925781368,0.15146325378417969,0.7934024644218629,0.9899445055810133,1
REACTOME_TRANSFERRIN_ENDOCYTOSIS_AND_RECYCLING,6,6,-0.14614921722412108,0.0,-0.14614921722412108,0.8320280408863665,0.9899445055810133,-1
REACTOME_RAF_INDEPENDENT_MAPK1_3_ACTIVATION,6,6,-0.14190222351074222,0.0005996765136718762,-0.1425019000244141,0.7924178800756503,0.9899445055810133,-1
REACTOME_SIGNALING_BY_HEDGEHOG,22,22,0.1396887985229492,-0.0026334863281250454,0.14232228485107423,0.831222060730798,0.9899445055810133,1
REACTOME_TNF_RECEPTOR_SUPERFAMILY_TNFSF_MEMBERS_MEDIATING_NON_CANONICAL_NF_KB_PATHWAY,8,8,-0.13592532653808598,0.0,-0.13592532653808598,0.8330472027074336,0.9899445055810133,-1
REACTOME_NOTCH_HLH_TRANSCRIPTION_PATHWAY,6,6,0.12595792877197262,-0.0008694641113281554,0.12682739288330078,0.8140086425724176,0.9899445055810133,1
REACTOME_TCF_DEPENDENT_SIGNALING_IN_RESPONSE_TO_WNT,28,28,0.11931821197509762,-0.0026334863281250454,0.12195169830322267,0.8185948800461395,0.9899445055810133,1
REACTOME_UNFOLDED_PROTEIN_RESPONSE_UPR,22,22,0.11124541473388669,-0.0008694641113281554,0.11211487884521484,0.8327144005104898,0.9899445055810133,1
REACTOME_TRANSCRIPTIONAL_REGULATION_BY_MECP2,15,15,-0.1031305285644532,0.0002998382568359381,-0.10343036682128914,0.7791138801645601,0.9899445055810133,-1
REACTOME_RHOD_GTPASE_CYCLE,10,10,0.10135868988037106,-0.0008694641113281554,0.10222815399169921,0.8291530309683188,0.9899445055810133,1
REACTOME_NEGATIVE_REGULATION_OF_MAPK_PATHWAY,12,12,-0.09982894531250003,0.0005996765136718762,-0.1004286218261719,0.7641598301344159,0.9899445055810133,-1
REACTOME_L1CAM_INTERACTIONS,22,22,0.09034100311279294,-0.0008694641113281554,0.0912104672241211,0.8175712848962096,0.9899445055810133,1
REACTOME_CDC6_ASSOCIATION_WITH_THE_ORC_ORIGIN_COMPLEX,5,5,0.09026594177246089,-0.0004347320556640777,0.09070067382812497,0.7972623939623616,0.9899445055810133,1
REACTOME_REGULATION_OF_MECP2_EXPRESSION_AND_ACTIVITY,9,9,0.08376346557617187,-0.0004347320556640777,0.08419819763183595,0.8577844127200133,0.9899445055810133,1
REACTOME_SIGNALING_BY_MODERATE_KINASE_ACTIVITY_BRAF_MUTANTS,8,8,-0.08286578613281254,0.0005996765136718762,-0.08346546264648441,0.8650785459100511,0.9899445055810133,-1
REACTOME_ASYMMETRIC_LOCALIZATION_OF_PCP_PROTEINS,7,7,-0.08307702270507816,0.0002998382568359381,-0.0833768609619141,0.8355529580117096,0.9899445055810133,-1
REACTOME_SYNTHESIS_OF_IP3_AND_IP4_IN_THE_CYTOSOL,6,6,-0.07954174316406248,0.0005996765136718762,-0.08014141967773436,0.7837316487831868,0.9899445055810133,-1
REACTOME_PLATELET_CALCIUM_HOMEOSTASIS,5,5,-0.07932934936523445,0.0006043444824218591,-0.0799336938476563,0.8017628168863207,0.9899445055810133,-1
REACTOME_ACTIVATION_OF_BH3_ONLY_PROTEINS,7,7,0.0773787902832031,-0.0004347320556640777,0.07781352233886718,0.7749109658356068,0.9899445055810133,1
REACTOME_CELL_CELL_JUNCTION_ORGANIZATION,9,9,0.07714279174804684,-0.0004347320556640777,0.07757752380371091,0.8425904262639635,0.9899445055810133,1
REACTOME_CELL_JUNCTION_ORGANIZATION,9,9,0.07714279174804684,-0.0004347320556640777,0.07757752380371091,0.8425904262639635,0.9899445055810133,1
REACTOME_RUNX2_REGULATES_OSTEOBLAST_DIFFERENTIATION,6,6,-0.07687920410156251,0.0005996765136718762,-0.07747888061523439,0.8094029857599108,0.9899445055810133,-1
REACTOME_RESOLUTION_OF_D_LOOP_STRUCTURES_THROUGH_SYNTHESIS_DEPENDENT_STRAND_ANNEALING_SDSA,6,6,-0.07091062377929686,0.0005996765136718762,-0.07151030029296873,0.7778031407072307,0.9899445055810133,-1
REACTOME_HOMOLOGOUS_DNA_PAIRING_AND_STRAND_EXCHANGE,12,12,-0.0704312274169922,0.0005996765136718762,-0.07103090393066408,0.856938971230786,0.9899445055810133,-1
REACTOME_ACTIVATION_OF_GENE_EXPRESSION_BY_SREBF_SREBP,13,13,-0.06905046264648446,0.0002998382568359381,-0.0693503009033204,0.8368384618061858,0.9899445055810133,-1
REACTOME_METABOLISM_OF_STEROIDS,31,31,-0.06905046264648446,0.0002998382568359381,-0.0693503009033204,0.7864981104427304,0.9899445055810133,-1
REACTOME_SIGNALING_BY_BRAF_AND_RAF1_FUSIONS,15,15,-0.06712901733398441,0.0006043444824218591,-0.06773336181640627,0.8025741879846955,0.9899445055810133,-1
REACTOME_FOXO_MEDIATED_TRANSCRIPTION,17,17,-0.06712901733398441,0.0002998382568359381,-0.06742885559082035,0.807784897649386,0.9899445055810133,-1
REACTOME_PROCESSIVE_SYNTHESIS_ON_THE_LAGGING_STRAND,7,7,0.0667009826660156,-0.0004347320556640777,0.06713571472167967,0.8346914359582128,0.9899445055810133,1
REACTOME_PRE_NOTCH_EXPRESSION_AND_PROCESSING,10,10,0.06605333374023437,-0.0008694641113281554,0.06692279785156252,0.8159415626958618,0.9899445055810133,1
REACTOME_VITAMIN_B5_PANTOTHENATE_METABOLISM,5,5,0.065574296875,-0.0004347320556640777,0.06600902893066407,0.8022632441150717,0.9899445055810133,1
REACTOME_TRANSCRIPTION_OF_THE_HIV_GENOME,15,15,-0.06174176635742196,0.0002998382568359381,-0.062041604614257895,0.8524299948946763,0.9899445055810133,-1
REACTOME_CONVERSION_FROM_APC_C_CDC20_TO_APC_C_CDH1_IN_LATE_ANAPHASE,6,6,-0.06129739501953124,0.0005996765136718762,-0.06189707153320312,0.7732511076521178,0.9899445055810133,-1
REACTOME_PHOSPHORYLATION_OF_THE_APC_C,6,6,-0.06129739501953124,0.0005996765136718762,-0.06189707153320312,0.7732511076521178,0.9899445055810133,-1
REACTOME_KINESINS,16,16,0.057794902648925756,-0.0008694641113281554,0.05866436676025391,0.8011663452335367,0.9899445055810133,1
REACTOME_NEUREXINS_AND_NEUROLIGINS,5,5,-0.05754555297851566,0.0002998382568359381,-0.057845391235351595,0.8198243488273075,0.9899445055810133,-1
REACTOME_SIGNALING_BY_FGFR_IN_DISEASE,13,13,0.051793001708984376,-0.0027679284667969095,0.054560930175781286,0.8236047793912096,0.9899445055810133,1
REACTOME_SIGNALING_BY_SCF_KIT,11,11,0.051793001708984376,-0.0017514752197266004,0.05354447692871098,0.8588002064253668,0.9899445055810133,1
REACTOME_INTERLEUKIN_20_FAMILY_SIGNALING,5,5,0.051793001708984376,-0.0004347320556640777,0.052227733764648454,0.8714537289580028,0.9899445055810133,1
REACTOME_DEGRADATION_OF_CYSTEINE_AND_HOMOCYSTEINE,5,5,0.05157580444335935,-0.0004347320556640777,0.05201053649902343,0.8734902068378966,0.9899445055810133,1
REACTOME_RUNX2_REGULATES_BONE_DEVELOPMENT,7,7,-0.048744711914062544,0.0002998382568359381,-0.04904455017089848,0.8463376032452221,0.9899445055810133,-1
REACTOME_PLATELET_ADHESION_TO_EXPOSED_COLLAGEN,7,7,0.04809909423828124,-0.0004347320556640777,0.048533826293945315,0.8454737903746581,0.9899445055810133,1
REACTOME_AQUAPORIN_MEDIATED_TRANSPORT,16,16,0.043798980712890595,-0.0026334863281250454,0.04643246704101564,0.8089685088711157,0.9899445055810133,1
REACTOME_TRANSPORT_OF_INORGANIC_CATIONS_ANIONS_AND_AMINO_ACIDS_OLIGOPEPTIDES,11,11,0.044585003662109324,-0.0004347320556640777,0.0450197357177734,0.8086057130667473,0.9899445055810133,1
REACTOME_PYRUVATE_METABOLISM_AND_CITRIC_ACID_TCA_CYCLE,13,13,0.04435620727539058,-0.0004347320556640777,0.04479093933105466,0.8572621619485175,0.9899445055810133,1
REACTOME_GENERATION_OF_SECOND_MESSENGER_MOLECULES,17,17,0.04316615966796872,-0.0004347320556640777,0.043600891723632795,0.8007766082458078,0.9899445055810133,1
REACTOME_DUAL_INCISION_IN_GG_NER,18,18,0.04153838867187498,-0.0008694641113281554,0.04240785278320314,0.7964349464930248,0.9899445055810133,1
REACTOME_TOLL_LIKE_RECEPTOR_CASCADES,40,40,-0.041407858276367226,0.0005996765136718762,-0.0420075347900391,0.8675617638184614,0.9899445055810133,-1
REACTOME_SIGNALING_BY_FGFR2_IN_DISEASE,9,9,0.03751907836914059,-0.0017514752197266004,0.03927055358886719,0.7755889690429677,0.9899445055810133,1
REACTOME_TOLL_LIKE_RECEPTOR_9_TLR9_CASCADE,27,27,-0.038487354736328194,0.0002998382568359381,-0.03878719299316413,0.8441148913681744,0.9899445055810133,-1
REACTOME_RHO_GTPASE_EFFECTORS,52,52,-0.035523151855468726,0.0008165246582030883,-0.036339676513671815,0.7855503050179897,0.9899445055810133,-1
REACTOME_ORC1_REMOVAL_FROM_CHROMATIN,12,12,0.03321539062500001,0.0,0.03321539062500001,0.8427603560496981,0.9899445055810133,1
REACTOME_SIGNALING_BY_NUCLEAR_RECEPTORS,69,69,0.029312490234374988,-0.0036541699218750057,0.032966660156249994,0.7961159619687878,0.9899445055810133,1
REACTOME_NEF_MEDIATES_DOWN_MODULATION_OF_CELL_SURFACE_RECEPTORS_BY_RECRUITING_THEM_TO_CLATHRIN_ADAPTERS,5,5,0.03219129638671875,-0.0004347320556640777,0.032626028442382826,0.8238504441918657,0.9899445055810133,1
REACTOME_RRNA_MODIFICATION_IN_THE_NUCLEUS_AND_CYTOSOL,19,19,-0.032142287597656305,0.0002998382568359381,-0.03244212585449224,0.8537922393688195,0.9899445055810133,-1
REACTOME_RUNX1_REGULATES_GENES_INVOLVED_IN_MEGAKARYOCYTE_DIFFERENTIATION_AND_PLATELET_FUNCTION,13,13,0.03177210876464842,-0.0004347320556640777,0.0322068408203125,0.7931394588381198,0.9899445055810133,1
REACTOME_MITOTIC_PROPHASE,22,22,0.030542043457031237,-0.0008694641113281554,0.03141150756835939,0.8454231111210952,0.9899445055810133,1
REACTOME_GABA_B_RECEPTOR_ACTIVATION,11,11,0.029312490234374988,-0.0017514752197266004,0.03106396545410159,0.8222263761524939,0.9899445055810133,1
REACTOME_SIGNALING_BY_WNT,53,53,0.029312490234374988,-0.0017514752197266004,0.03106396545410159,0.8634687308346727,0.9899445055810133,1
REACTOME_SIGNALING_BY_PDGF,18,18,0.02761681457519527,-0.0026334863281250454,0.030250300903320315,0.7931751978829256,0.9899445055810133,1
REACTOME_CILIUM_ASSEMBLY,55,55,-0.029395725097656256,0.0007127685546874651,-0.03010849365234372,0.7684553533548427,0.9899445055810133,-1
REACTOME_AURKA_ACTIVATION_BY_TPX2,23,23,-0.029395725097656256,0.0006043444824218591,-0.030000069580078115,0.8626985662470358,0.9899445055810133,-1
REACTOME_DEVELOPMENTAL_BIOLOGY,172,172,0.025798775024414022,-0.003754096679687513,0.029552871704101535,0.7838111166947614,0.9899445055810133,1
REACTOME_SIGNALING_BY_THE_B_CELL_RECEPTOR_BCR,24,24,-0.028700215454101563,0.0005996765136718762,-0.02929989196777344,0.8744281816558284,0.9899445055810133,-1
REACTOME_TIE2_SIGNALING,6,6,0.02761681457519527,-0.0008694641113281554,0.028486278686523425,0.8454824518855166,0.9899445055810133,1
REACTOME_SARS_COV_INFECTIONS,39,39,0.022923525390624977,-0.0017514752197266004,0.024675000610351577,0.8442315700450259,0.9899445055810133,1
REACTOME_TRANSCRIPTIONAL_REGULATION_BY_SMALL_RNAS,14,14,0.023291185913085904,-0.0008694641113281554,0.02416065002441406,0.7863106436077703,0.9899445055810133,1
REACTOME_SIGNALING_BY_FGFR,18,18,0.023068293457031208,-0.0008694641113281554,0.023937757568359364,0.783417827395096,0.9899445055810133,1
REACTOME_SIGNALING_BY_FGFR2,16,16,0.023068293457031208,-0.0008694641113281554,0.023937757568359364,0.8543968925470572,0.9899445055810133,1
REACTOME_INTRACELLULAR_SIGNALING_BY_SECOND_MESSENGERS,63,63,0.01771455078124995,-0.0017514752197266004,0.01946602600097655,0.7732685009630944,0.9899445055810133,1
REACTOME_NEGATIVE_REGULATION_OF_THE_PI3K_AKT_NETWORK,25,25,0.01771455078124995,-0.0017514752197266004,0.01946602600097655,0.8738519823508343,0.9899445055810133,1
REACTOME_NEPHRIN_FAMILY_INTERACTIONS,7,7,0.01771455078124995,-0.0004347320556640777,0.018149282836914027,0.8497946122182292,0.9899445055810133,1
REACTOME_RET_SIGNALING,7,7,0.01771455078124995,-0.0004347320556640777,0.018149282836914027,0.8736330874509103,0.9899445055810133,1
REACTOME_G_ALPHA_Q_SIGNALLING_EVENTS,52,52,-0.013388239746093766,0.0005996765136718762,-0.013987916259765643,0.7714624852991235,0.9899445055810133,-1
REACTOME_PLATELET_HOMEOSTASIS,19,19,-0.013072069091796867,0.0002998382568359381,-0.013371907348632806,0.8653723576497191,0.9899445055810133,-1
REACTOME_SIGNALING_BY_VEGF,25,25,-0.013072069091796867,0.0002998382568359381,-0.013371907348632806,0.8461112582718352,0.9899445055810133,-1
REACTOME_CLASS_I_MHC_MEDIATED_ANTIGEN_PROCESSING_PRESENTATION,77,77,0.010897359619140623,-0.0017514752197266004,0.012648834838867223,0.7630902064089565,0.9899445055810133,1
REACTOME_RHOA_GTPASE_CYCLE,33,33,-0.011223753051757823,0.0002998382568359381,-0.011523591308593761,0.7851954284365046,0.9899445055810133,-1
REACTOME_EXTENSION_OF_TELOMERES,21,21,-0.009591506347656265,0.0002998382568359381,-0.009891344604492203,0.8618197950810886,0.9899445055810133,-1
REACTOME_POLYMERASE_SWITCHING_ON_THE_C_STRAND_OF_THE_TELOMERE,13,13,-0.009591506347656265,0.0002998382568359381,-0.009891344604492203,0.852714790143707,0.9899445055810133,-1
REACTOME_HCMV_EARLY_EVENTS,20,20,0.009729879760742188,0.0,0.009729879760742188,0.7947041136576785,0.9899445055810133,1
REACTOME_GLYCEROPHOSPHOLIPID_BIOSYNTHESIS,26,26,-0.009169389648437526,0.0,-0.009169389648437526,0.8049032420108166,0.9899445055810133,-1
REACTOME_DUAL_INCISION_IN_TC_NER,23,23,0.008617508544921826,-0.0004347320556640777,0.009052240600585904,0.8568187240871793,0.9899445055810133,1
REACTOME_POST_TRANSLATIONAL_PROTEIN_MODIFICATION,301,301,-0.00821346435546877,0.0006043444824218591,-0.008817808837890628,0.8373033302694437,0.9899445055810133,-1
REACTOME_ORGANELLE_BIOGENESIS_AND_MAINTENANCE,71,71,0.005537003173828103,-0.0004347320556640777,0.005971735229492181,0.8672893006020712,0.9899445055810133,1
REACTOME_TNFS_BIND_THEIR_PHYSIOLOGICAL_RECEPTORS,15,15,0.004722202148437493,-0.0004347320556640777,0.005156934204101571,0.8346315594683823,0.9899445055810133,1
REACTOME_TRANSPORT_OF_MATURE_MRNAS_DERIVED_FROM_INTRONLESS_TRANSCRIPTS,11,11,-0.0037533874511718746,0.0002998382568359381,-0.004053225708007813,0.8190782267382035,0.9899445055810133,-1
REACTOME_CHROMOSOME_MAINTENANCE,33,33,-0.0035549523925781368,0.0002998382568359381,-0.003854790649414075,0.7976602216678029,0.9899445055810133,-1
REACTOME_DISEASES_OF_MITOTIC_CELL_CYCLE,15,15,-0.0029023706054687737,0.0002998382568359381,-0.003202208862304712,0.7696666295796415,0.9899445055810133,-1
REACTOME_GLUCOSE_METABOLISM,18,18,0.0022952496337890205,0.0,0.0022952496337890205,0.8262003982054473,0.9899445055810133,1
REACTOME_TRIGLYCERIDE_METABOLISM,8,8,0.0013162341308593228,0.0,0.0013162341308593228,0.8585721986379612,0.9899445055810133,1
REACTOME_REGULATION_OF_TP53_ACTIVITY,37,37,0.0,-0.00013489379882813957,0.00013489379882813957,0.8748619889179773,0.9899445055810133,1
REACTOME_FGFR1_MUTANT_RECEPTOR_ACTIVATION,6,6,0.0618748516845703,-0.0008694641113281554,0.06274431579589845,0.8771935012908658,0.9904510657552433,1
REACTOME_ANCHORING_OF_THE_BASAL_BODY_TO_THE_PLASMA_MEMBRANE,29,29,-0.029395725097656256,0.0007127685546874651,-0.03010849365234372,0.877659485313365,0.9904510657552433,-1
REACTOME_REGULATION_OF_CHOLESTEROL_BIOSYNTHESIS_BY_SREBP_SREBF,16,16,0.05103845031738277,0.0,0.05103845031738277,0.8793645442969651,0.9910485439068738,1
REACTOME_THE_PHOTOTRANSDUCTION_CASCADE,9,9,0.03177210876464842,-0.0017514752197266004,0.03352358398437502,0.8847921082094711,0.9931820868449855,1
REACTOME_VEGFR2_MEDIATED_CELL_PROLIFERATION,5,5,-0.013072069091796867,0.0002998382568359381,-0.013371907348632806,0.8847043999655172,0.9931820868449855,-1
REACTOME_TELOMERE_C_STRAND_SYNTHESIS_INITIATION,6,6,0.005158377075195286,0.0,0.005158377075195286,0.8837473508549198,0.9931820868449855,1
REACTOME_EGFR_DOWNREGULATION,7,7,0.33095946502685547,-0.0004347320556640777,0.33139419708251955,0.8910405962227625,0.9931905558214255,1
REACTOME_NOTCH1_INTRACELLULAR_DOMAIN_REGULATES_TRANSCRIPTION,14,14,0.16109498382568357,-0.0026334863281250454,0.16372847015380862,0.8913078904763201,0.9931905558214255,1
REACTOME_RAB_GERANYLGERANYLATION,7,7,0.0943734985351562,-0.0004347320556640777,0.09480823059082027,0.8892974463054609,0.9931905558214255,1
REACTOME_CONSTITUTIVE_SIGNALING_BY_ABERRANT_PI3K_IN_CANCER,20,20,0.044835626220703084,-0.0026334863281250454,0.04746911254882813,0.8879625444761319,0.9931905558214255,1
REACTOME_SWITCHING_OF_ORIGINS_TO_A_POST_REPLICATIVE_STATE,19,19,-0.045908372802734354,0.0002998382568359381,-0.04620821105957029,0.891868624859809,0.9931905558214255,-1
REACTOME_TELOMERE_MAINTENANCE,26,26,-0.00048699890136721935,0.0,-0.00048699890136721935,0.8889965469085745,0.9931905558214255,-1
REACTOME_TRNA_PROCESSING,34,34,0.0478171643066406,-0.0008694641113281554,0.04868662841796875,0.8937342715647212,0.9939551331517942,1
REACTOME_REGULATION_OF_TP53_ACTIVITY_THROUGH_METHYLATION,6,6,0.05910963867187499,-0.0008694641113281554,0.05997910278320315,0.8978163977630937,0.9952571340348323,1
REACTOME_LAGGING_STRAND_SYNTHESIS,10,10,0.028554738159179666,0.0,0.028554738159179666,0.8969835635233087,0.9952571340348323,1
REACTOME_DNA_DOUBLE_STRAND_BREAK_REPAIR,36,36,-0.006087954711914062,0.0,-0.006087954711914062,0.8984468315545757,0.9952571340348323,-1
REACTOME_SIGNALING_BY_TGFB_FAMILY_MEMBERS,26,26,0.04715010437011716,-0.0008694641113281554,0.04801956848144531,0.9026965059234793,0.9973435838708952,1
REACTOME_GLUCONEOGENESIS,6,6,0.047614521179199176,0.0,0.047614521179199176,0.9015735128485324,0.9973435838708952,1
REACTOME_NUCLEOTIDE_CATABOLISM,8,8,-0.19324885864257818,0.0005996765136718762,-0.19384853515625006,0.979989759949099,0.9983302558959313,-1
REACTOME_GLYCOGEN_STORAGE_DISEASES,6,6,0.19129782409667967,-0.0008694641113281554,0.19216728820800782,0.9368881468343503,0.9983302558959313,1
REACTOME_SIGNALING_BY_NOTCH1,17,17,0.17107377929687495,-0.0027679284667969095,0.17384170776367186,0.9124425740073583,0.9983302558959313,1
REACTOME_TRANSLATION_OF_SARS_COV_1_STRUCTURAL_PROTEINS,9,9,-0.16576416992187498,0.0002998382568359381,-0.16606400817871092,0.9760088457480375,0.9983302558959313,-1
REACTOME_OVARIAN_TUMOR_DOMAIN_PROTEASES,7,7,0.14974555847167964,-0.0004347320556640777,0.15018029052734372,0.9668057366519023,0.9983302558959313,1
REACTOME_ROS_AND_RNS_PRODUCTION_IN_PHAGOCYTES,7,7,0.12622236877441406,-0.0004347320556640777,0.12665710083007814,0.9817506312428553,0.9983302558959313,1
REACTOME_SIGNALING_BY_WNT_IN_CANCER,5,5,0.11594771667480464,-0.0004347320556640777,0.11638244873046871,0.9456817950406687,0.9983302558959313,1
REACTOME_CD28_DEPENDENT_PI3K_AKT_SIGNALING,8,8,-0.11356346191406255,0.0,-0.11356346191406255,0.9301464229741542,0.9983302558959313,-1
REACTOME_PCP_CE_PATHWAY,8,8,-0.1113790252685547,0.0005996765136718762,-0.11197870178222658,0.9478389125271365,0.9983302558959313,-1
REACTOME_FORMATION_OF_TUBULIN_FOLDING_INTERMEDIATES_BY_CCT_TRIC,5,5,0.10830381774902342,-0.0004347320556640777,0.1087385498046875,0.9235963133688995,0.9983302558959313,1
REACTOME_GAP_JUNCTION_TRAFFICKING_AND_REGULATION,5,5,0.10830381774902342,-0.0004347320556640777,0.1087385498046875,0.931808645343159,0.9983302558959313,1
REACTOME_COOPERATION_OF_PREFOLDIN_AND_TRIC_CCT_IN_ACTIN_AND_TUBULIN_FOLDING,8,8,0.10413023468017577,-0.0008694641113281554,0.10499969879150392,0.9766899424167185,0.9983302558959313,1
REACTOME_BLOOD_GROUP_SYSTEMS_BIOSYNTHESIS,6,6,0.1003085427856445,0.0,0.1003085427856445,0.9614468913287799,0.9983302558959313,1
REACTOME_RNA_POLYMERASE_III_TRANSCRIPTION_INITIATION_FROM_TYPE_1_PROMOTER,10,10,0.09473085998535152,-0.0008694641113281554,0.09560032409667968,0.904825562730738,0.9983302558959313,1
REACTOME_REGULATION_OF_PYRUVATE_DEHYDROGENASE_PDH_COMPLEX,6,6,0.09438641113281246,-0.0008694641113281554,0.09525587524414061,0.9704301970044651,0.9983302558959313,1
REACTOME_FCGR_ACTIVATION,5,5,-0.08909955688476562,0.0002998382568359381,-0.08939939514160156,0.9384861574860123,0.9983302558959313,-1
REACTOME_MITOCHONDRIAL_FATTY_ACID_BETA_OXIDATION,5,5,-0.08909703247070316,0.0002998382568359381,-0.0893968707275391,0.9811955958926354,0.9983302558959313,-1
REACTOME_PIWI_INTERACTING_RNA_PIRNA_BIOGENESIS,6,6,0.0885102728271484,-0.0008694641113281554,0.08937973693847656,0.93735996121795,0.9983302558959313,1
REACTOME_METABOLISM_OF_POLYAMINES,8,8,-0.08293482910156252,0.0005996765136718762,-0.0835345056152344,0.9301464229741542,0.9983302558959313,-1
REACTOME_HDMS_DEMETHYLATE_HISTONES,6,6,-0.07592454223632811,0.0005996765136718762,-0.07652421874999998,0.972321913262363,0.9983302558959313,-1
REACTOME_PLATELET_AGGREGATION_PLUG_FORMATION,7,7,-0.07343363159179689,0.0002998382568359381,-0.07373346984863283,0.9189940891832505,0.9983302558959313,-1
REACTOME_SIGNALING_BY_ERBB2,13,13,0.07195670166015622,-0.0017514752197266004,0.07370817687988282,0.9174122102640999,0.9983302558959313,1
REACTOME_SIGNALING_BY_ERBB2_IN_CANCER,7,7,0.07195670166015622,-0.0017514752197266004,0.07370817687988282,0.9063137734548552,0.9983302558959313,1
REACTOME_NEDDYLATION,45,45,-0.06349812866210941,0.0006043444824218591,-0.06410247314453127,0.9165813357380403,0.9983302558959313,-1
REACTOME_HDR_THROUGH_SINGLE_STRAND_ANNEALING_SSA,12,12,-0.06263442077636722,0.0005996765136718762,-0.06323409729003909,0.9188565384802838,0.9983302558959313,-1
REACTOME_DOWNREGULATION_OF_TGF_BETA_RECEPTOR_SIGNALING,8,8,0.06311512264251709,0.0,0.06311512264251709,0.9498979495629225,0.9983302558959313,1
REACTOME_TGF_BETA_RECEPTOR_SIGNALING_ACTIVATES_SMADS,8,8,0.06311512264251709,0.0,0.06311512264251709,0.9498979495629225,0.9983302558959313,1
REACTOME_INTRA_GOLGI_TRAFFIC,10,10,0.06151476623535154,-0.0008694641113281554,0.0623842303466797,0.9081893085537841,0.9983302558959313,1
REACTOME_SENSORY_PROCESSING_OF_SOUND_BY_OUTER_HAIR_CELLS_OF_THE_COCHLEA,6,6,0.061818565368652295,0.0,0.061818565368652295,0.9746867668555343,0.9983302558959313,1
REACTOME_SIGNALING_BY_NOTCH2,6,6,0.060309106292724596,0.0,0.060309106292724596,0.9175638091129039,0.9983302558959313,1
REACTOME_FOXO_MEDIATED_TRANSCRIPTION_OF_OXIDATIVE_STRESS_METABOLIC_AND_NEURONAL_GENES,6,6,-0.05835966552734376,0.0,-0.05835966552734376,0.9553030490617672,0.9983302558959313,-1
REACTOME_TP53_REGULATES_TRANSCRIPTION_OF_ADDITIONAL_CELL_CYCLE_GENES_WHOSE_EXACT_ROLE_IN_THE_P53_PATHWAY_REMAIN_UNCERTAIN,6,6,0.0530792230224609,-0.0008694641113281554,0.05394868713378906,0.9562480990255255,0.9983302558959313,1
REACTOME_RAC2_GTPASE_CYCLE,12,12,-0.05391745117187505,0.0,-0.05391745117187505,0.9318596053642261,0.9983302558959313,-1
REACTOME_RMTS_METHYLATE_HISTONE_ARGININES,11,11,0.04834320190429686,-0.0004347320556640777,0.04877793395996094,0.9510409006065191,0.9983302558959313,1
REACTOME_SIGNALING_BY_TGF_BETA_RECEPTOR_COMPLEX,22,22,0.04715010437011716,-0.0008694641113281554,0.04801956848144531,0.9574106693626602,0.9983302558959313,1
REACTOME_TRANSCRIPTIONAL_ACTIVITY_OF_SMAD2_SMAD3_SMAD4_HETEROTRIMER,14,14,0.04715010437011716,-0.0008694641113281554,0.04801956848144531,0.9346549296564238,0.9983302558959313,1
REACTOME_UBIQUINOL_BIOSYNTHESIS,5,5,0.0460322912597656,-0.0004347320556640777,0.04646702331542968,0.921544376552965,0.9983302558959313,1
REACTOME_ABERRANT_REGULATION_OF_MITOTIC_EXIT_IN_CANCER_DUE_TO_RB1_DEFECTS,7,7,-0.045908372802734354,0.0002998382568359381,-0.04620821105957029,0.9312559156824802,0.9983302558959313,-1
REACTOME_ERYTHROPOIETIN_ACTIVATES_PHOSPHOINOSITIDE_3_KINASE_PI3K,6,6,0.044835626220703084,-0.0008694641113281554,0.04570509033203124,0.976105782459932,0.9983302558959313,1
REACTOME_ROLE_OF_LAT2_NTAL_LAB_ON_CALCIUM_MOBILIZATION,6,6,0.044835626220703084,-0.0008694641113281554,0.04570509033203124,0.9114457657123559,0.9983302558959313,1
REACTOME_TRNA_PROCESSING_IN_THE_NUCLEUS,21,21,-0.04504683715820318,0.0002998382568359381,-0.04534667541503912,0.9488830373697296,0.9983302558959313,-1
REACTOME_ANTIGEN_PROCESSING_CROSS_PRESENTATION,15,15,-0.04432836181640626,0.0002998382568359381,-0.0446282000732422,0.9138834356961368,0.9983302558959313,-1
REACTOME_SYNTHESIS_OF_PIPS_AT_THE_PLASMA_MEMBRANE,19,19,0.04128055175781248,-0.0017514752197266004,0.04303202697753908,0.9801693120547138,0.9983302558959313,1
REACTOME_EXTRA_NUCLEAR_ESTROGEN_SIGNALING,25,25,0.03751907836914059,-0.0027679284667969095,0.0402870068359375,0.9447642579856138,0.9983302558959313,1
REACTOME_INTERLEUKIN_1_SIGNALING,19,19,-0.038487354736328194,0.0002998382568359381,-0.03878719299316413,0.9629466398853518,0.9983302558959313,-1
REACTOME_G2_M_DNA_DAMAGE_CHECKPOINT,12,12,-0.035256103515625026,0.0005996765136718762,-0.0358557800292969,0.9390535454101497,0.9983302558959313,-1
REACTOME_NERVOUS_SYSTEM_DEVELOPMENT,97,97,0.03177210876464842,-0.0027679284667969095,0.03454003723144533,0.9277373726498183,0.9983302558959313,1
REACTOME_ESR_MEDIATED_SIGNALING,50,50,0.02735107482910154,-0.0029023706054687737,0.030253445434570314,0.96139136097651,0.9983302558959313,1
REACTOME_PHOSPHOLIPID_METABOLISM,54,54,0.029058286132812472,-0.0008694641113281554,0.029927750244140627,0.9486118871521907,0.9983302558959313,1
REACTOME_TRANSPORT_OF_SMALL_MOLECULES,125,125,0.023636312255859326,-0.0032286614990234552,0.02686497375488278,0.9798569253085943,0.9983302558959313,1
REACTOME_CELLULAR_RESPONSE_TO_STARVATION,16,16,0.02578299835205075,0.0,0.02578299835205075,0.9397314635429362,0.9983302558959313,1
REACTOME_SNRNP_ASSEMBLY,12,12,0.020240806274414047,-0.0008694641113281554,0.021110270385742202,0.9335719655991366,0.9983302558959313,1
REACTOME_TRANSCRIPTION_COUPLED_NUCLEOTIDE_EXCISION_REPAIR_TC_NER,25,25,-0.019624370117187484,0.0002998382568359381,-0.019924208374023422,0.9748118171176893,0.9983302558959313,-1
REACTOME_S_PHASE,46,46,-0.014607938232421874,0.000609012451171842,-0.015216950683593716,0.952544600202734,0.9983302558959313,-1
REACTOME_MEIOTIC_RECOMBINATION,6,6,0.014798607177734346,0.0,0.014798607177734346,0.93830365292234,0.9983302558959313,1
REACTOME_ASPARAGINE_N_LINKED_GLYCOSYLATION,60,60,-0.013178707885742186,0.000609012451171842,-0.013787720336914028,0.9815957703059033,0.9983302558959313,-1
REACTOME_TERMINATION_OF_O_GLYCAN_BIOSYNTHESIS,6,6,0.012616886062622068,0.0,0.012616886062622068,0.9571932078149957,0.9983302558959313,1
REACTOME_SYNTHESIS_OF_DNA,31,31,-0.009591506347656265,0.0002998382568359381,-0.009891344604492203,0.9749892225443525,0.9983302558959313,-1
REACTOME_PECAM1_INTERACTIONS,6,6,-0.00936403667449956,0.0,-0.00936403667449956,0.9203891174677846,0.9983302558959313,-1
REACTOME_METABOLISM_OF_WATER_SOLUBLE_VITAMINS_AND_COFACTORS,25,25,-0.00878019775390626,0.0002998382568359381,-0.009080036010742198,0.9624044630546762,0.9983302558959313,-1
REACTOME_MRNA_CAPPING,7,7,0.008617508544921826,-0.0004347320556640777,0.009052240600585904,0.9619727679490727,0.9983302558959313,1
REACTOME_CELL_DEATH_SIGNALLING_VIA_NRAGE_NRIF_AND_NADE,25,25,0.0061278662109374715,-0.0004347320556640777,0.006562598266601549,0.9757665198172963,0.9983302558959313,1
REACTOME_HOMOLOGY_DIRECTED_REPAIR,28,28,-0.006087954711914062,0.0,-0.006087954711914062,0.9707676809108348,0.9983302558959313,-1
REACTOME_GLYCOLYSIS,14,14,-0.003540986938476598,0.0,-0.003540986938476598,0.9454477453595381,0.9983302558959313,-1
REACTOME_SUMOYLATION_OF_UBIQUITINYLATION_PROTEINS,10,10,-0.003540986938476598,0.0,-0.003540986938476598,0.9802443601120646,0.9983302558959313,-1
REACTOME_N_GLYCAN_TRIMMING_IN_THE_ER_AND_CALNEXIN_CALRETICULIN_CYCLE,6,6,-0.002963591918945324,0.0,-0.002963591918945324,0.9109753502950599,0.9983302558959313,-1
REACTOME_MISCELLANEOUS_TRANSPORT_AND_BINDING_EVENTS,6,6,0.09373887847900386,-0.0008694641113281554,0.09460834259033202,0.9888796627775259,0.9984961313670898,1
REACTOME_PARASITE_INFECTION,12,12,-0.05603151916503907,0.0005996765136718762,-0.056631195678710944,0.9902049416641603,0.9984961313670898,-1
REACTOME_G_ALPHA_12_13_SIGNALLING_EVENTS,27,27,0.023636312255859326,-0.0017514752197266004,0.025387787475585927,0.986093213726409,0.9984961313670898,1
REACTOME_POLYMERASE_SWITCHING,8,8,-0.014607938232421874,0.0005996765136718762,-0.01520761474609375,0.9832899073238612,0.9984961313670898,-1
REACTOME_MICRORNA_MIRNA_BIOGENESIS,7,7,0.008617508544921826,-0.0004347320556640777,0.009052240600585904,0.9874667486001535,0.9984961313670898,1
REACTOME_RESOLUTION_OF_AP_SITES_VIA_THE_MULTIPLE_NUCLEOTIDE_PATCH_REPLACEMENT_PATHWAY,13,13,0.00744846069335936,-0.0004347320556640777,0.007883192749023438,0.9886056337282888,0.9984961313670898,1
REACTOME_REPRODUCTION,27,27,-0.0029023706054687737,0.0002998382568359381,-0.003202208862304712,0.9897708037692622,0.9984961313670898,-1
REACTOME_INTERACTION_BETWEEN_L1_AND_ANKYRINS,6,6,-0.17068990295410158,0.0005996765136718762,-0.17128957946777346,0.9988169491766459,1.0,-1
REACTOME_O_LINKED_GLYCOSYLATION_OF_MUCINS,13,13,-0.13237829589843758,0.0002998382568359381,-0.13267813415527352,0.994220103077669,1.0,-1
REACTOME_RAF_ACTIVATION,5,5,-0.09229794067382818,0.0002998382568359381,-0.09259777893066412,1.0,1.0,-1
REACTOME_MAPK_TARGETS_NUCLEAR_EVENTS_MEDIATED_BY_MAP_KINASES,9,9,0.07565658203124997,-0.0004347320556640777,0.07609131408691405,0.999801696113522,1.0,1
REACTOME_GABA_RECEPTOR_ACTIVATION,12,12,0.026474401245117157,-0.0008694641113281554,0.027343865356445313,0.9943290820523963,1.0,1
REACTOME_RESOLUTION_OF_D_LOOP_STRUCTURES,7,7,-0.021943016357421852,0.0002998382568359381,-0.02224285461425779,0.9993403293100279,1.0,-1
REACTOME_PD_1_SIGNALING,12,12,0.007149301147460929,0.0,0.007149301147460929,0.9998281525560699,1.0,1
REACTOME_2_LTR_CIRCLE_FORMATION,0,0,,,,,,0
REACTOME_ABACAVIR_METABOLISM,1,1,,,,,,0
REACTOME_ABACAVIR_TRANSMEMBRANE_TRANSPORT,2,2,,,,,,0
REACTOME_ABACAVIR_TRANSPORT_AND_METABOLISM,3,3,,,,,,0
REACTOME_ACETYLCHOLINE_BINDING_AND_DOWNSTREAM_EVENTS,2,2,,,,,,0
REACTOME_ACETYLCHOLINE_INHIBITS_CONTRACTION_OF_OUTER_HAIR_CELLS,0,0,,,,,,0
REACTOME_ACETYLCHOLINE_NEUROTRANSMITTER_RELEASE_CYCLE,2,2,,,,,,0
REACTOME_ACETYLCHOLINE_REGULATES_INSULIN_SECRETION,1,1,,,,,,0
REACTOME_ACROSOME_REACTION_AND_SPERM_OOCYTE_MEMBRANE_BINDING,2,2,,,,,,0
REACTOME_ACTIVATED_NTRK2_SIGNALS_THROUGH_CDK5,0,0,,,,,,0
REACTOME_ACTIVATED_NTRK2_SIGNALS_THROUGH_FRS2_AND_FRS3,1,1,,,,,,0
REACTOME_ACTIVATED_NTRK2_SIGNALS_THROUGH_FYN,1,1,,,,,,0
REACTOME_ACTIVATED_NTRK2_SIGNALS_THROUGH_PI3K,1,1,,,,,,0
REACTOME_ACTIVATED_NTRK2_SIGNALS_THROUGH_RAS,1,1,,,,,,0
REACTOME_ACTIVATED_NTRK3_SIGNALS_THROUGH_PI3K,1,1,,,,,,0
REACTOME_ACTIVATED_NTRK3_SIGNALS_THROUGH_RAS,1,1,,,,,,0
REACTOME_ACTIVATED_PKN1_STIMULATES_TRANSCRIPTION_OF_AR_ANDROGEN_RECEPTOR_REGULATED_GENES_KLK2_AND_KLK3,0,0,,,,,,0
REACTOME_ACTIVATED_TAK1_MEDIATES_P38_MAPK_ACTIVATION,3,3,,,,,,0
REACTOME_ACTIVATION_OF_AMPK_DOWNSTREAM_OF_NMDARS,4,4,,,,,,0
REACTOME_ACTIVATION_OF_BAD_AND_TRANSLOCATION_TO_MITOCHONDRIA,1,1,,,,,,0
REACTOME_ACTIVATION_OF_C3_AND_C5,1,1,,,,,,0
REACTOME_ACTIVATION_OF_CASPASES_THROUGH_APOPTOSOME_MEDIATED_CLEAVAGE,1,1,,,,,,0
REACTOME_ACTIVATION_OF_IRF3_IRF7_MEDIATED_BY_TBK1_IKK_EPSILON,4,4,,,,,,0
REACTOME_ACTIVATION_OF_NIMA_KINASES_NEK9_NEK6_NEK7,0,0,,,,,,0
REACTOME_ACTIVATION_OF_NOXA_AND_TRANSLOCATION_TO_MITOCHONDRIA,3,3,,,,,,0
REACTOME_ACTIVATION_OF_PPARGC1A_PGC_1ALPHA_BY_PHOSPHORYLATION,1,1,,,,,,0
REACTOME_ACTIVATION_OF_PUMA_AND_TRANSLOCATION_TO_MITOCHONDRIA,3,3,,,,,,0
REACTOME_ACTIVATION_OF_RAC1,2,2,,,,,,0
REACTOME_ACTIVATION_OF_RAC1_DOWNSTREAM_OF_NMDARS,1,1,,,,,,0
REACTOME_ACTIVATION_OF_RAS_IN_B_CELLS,1,1,,,,,,0
REACTOME_ACTIVATION_OF_SMO,4,4,,,,,,0
REACTOME_ACTIVATION_OF_THE_AP_1_FAMILY_OF_TRANSCRIPTION_FACTORS,4,4,,,,,,0
REACTOME_ACTIVATION_OF_THE_PHOTOTRANSDUCTION_CASCADE,2,2,,,,,,0
REACTOME_ACTIVATION_OF_THE_TFAP2_AP_2_FAMILY_OF_TRANSCRIPTION_FACTORS,3,3,,,,,,0
REACTOME_ACTIVATION_OF_TRKA_RECEPTORS,0,0,,,,,,0
REACTOME_ACYL_CHAIN_REMODELING_OF_CL,0,0,,,,,,0
REACTOME_ACYL_CHAIN_REMODELING_OF_DAG_AND_TAG,0,0,,,,,,0
REACTOME_ACYL_CHAIN_REMODELLING_OF_PC,2,2,,,,,,0
REACTOME_ACYL_CHAIN_REMODELLING_OF_PE,3,3,,,,,,0
REACTOME_ACYL_CHAIN_REMODELLING_OF_PG,2,2,,,,,,0
REACTOME_ACYL_CHAIN_REMODELLING_OF_PI,1,1,,,,,,0
REACTOME_ACYL_CHAIN_REMODELLING_OF_PS,3,3,,,,,,0
REACTOME_ADENYLATE_CYCLASE_ACTIVATING_PATHWAY,2,2,,,,,,0
REACTOME_ADENYLATE_CYCLASE_INHIBITORY_PATHWAY,2,2,,,,,,0
REACTOME_ADHERENS_JUNCTIONS_INTERACTIONS,2,2,,,,,,0
REACTOME_ADRENOCEPTORS,1,1,,,,,,0
REACTOME_AFLATOXIN_ACTIVATION_AND_DETOXIFICATION,2,2,,,,,,0
REACTOME_AKT_PHOSPHORYLATES_TARGETS_IN_THE_CYTOSOL,0,0,,,,,,0
REACTOME_AKT_PHOSPHORYLATES_TARGETS_IN_THE_NUCLEUS,2,2,,,,,,0
REACTOME_ALK_MUTANTS_BIND_TKIS,1,1,,,,,,0
REACTOME_ALPHA_DEFENSINS,0,0,,,,,,0
REACTOME_ALPHA_LINOLENIC_OMEGA3_AND_LINOLEIC_OMEGA6_ACID_METABOLISM,1,1,,,,,,0
REACTOME_ALPHA_OXIDATION_OF_PHYTANATE,2,2,,,,,,0
REACTOME_ALPHA_PROTEIN_KINASE_1_SIGNALING_PATHWAY,4,4,,,,,,0
REACTOME_ALTERNATIVE_COMPLEMENT_ACTIVATION,3,3,,,,,,0
REACTOME_AMINE_LIGAND_BINDING_RECEPTORS,1,1,,,,,,0
REACTOME_AMINO_ACID_CONJUGATION,1,1,,,,,,0
REACTOME_AMINO_ACID_TRANSPORT_ACROSS_THE_PLASMA_MEMBRANE,2,2,,,,,,0
REACTOME_AMPK_INHIBITS_CHREBP_TRANSCRIPTIONAL_ACTIVATION_ACTIVITY,1,1,,,,,,0
REACTOME_ANCHORING_FIBRIL_FORMATION,1,1,,,,,,0
REACTOME_ANDROGEN_BIOSYNTHESIS,1,1,,,,,,0
REACTOME_ANTIGEN_PRESENTATION_FOLDING_ASSEMBLY_AND_PEPTIDE_LOADING_OF_CLASS_I_MHC,4,4,,,,,,0
REACTOME_APEX1_INDEPENDENT_RESOLUTION_OF_AP_SITES_VIA_THE_SINGLE_NUCLEOTIDE_REPLACEMENT_PATHWAY,2,2,,,,,,0
REACTOME_APOBEC3G_MEDIATED_RESISTANCE_TO_HIV_1_INFECTION,1,1,,,,,,0
REACTOME_APOPTOSIS_INDUCED_DNA_FRAGMENTATION,4,4,,,,,,0
REACTOME_APOPTOTIC_CLEAVAGE_OF_CELL_ADHESION_PROTEINS,2,2,,,,,,0
REACTOME_APOPTOTIC_FACTOR_MEDIATED_RESPONSE,1,1,,,,,,0
REACTOME_ARACHIDONATE_PRODUCTION_FROM_DAG,0,0,,,,,,0
REACTOME_ARMS_MEDIATED_ACTIVATION,1,1,,,,,,0
REACTOME_ARYL_HYDROCARBON_RECEPTOR_SIGNALLING,1,1,,,,,,0
REACTOME_ASPARTATE_AND_ASPARAGINE_METABOLISM,2,2,,,,,,0
REACTOME_ASSEMBLY_OF_ACTIVE_LPL_AND_LIPC_LIPASE_COMPLEXES,2,2,,,,,,0
REACTOME_ATF6_ATF6_ALPHA_ACTIVATES_CHAPERONES,4,4,,,,,,0
REACTOME_ATF6_ATF6_ALPHA_ACTIVATES_CHAPERONE_GENES,4,4,,,,,,0
REACTOME_ATTACHMENT_AND_ENTRY,1,1,,,,,,0
REACTOME_ATTACHMENT_OF_GPI_ANCHOR_TO_UPAR,3,3,,,,,,0
REACTOME_BASIGIN_INTERACTIONS,4,4,,,,,,0
REACTOME_BETA_CATENIN_PHOSPHORYLATION_CASCADE,1,1,,,,,,0
REACTOME_BETA_DEFENSINS,2,2,,,,,,0
REACTOME_BETA_OXIDATION_OF_BUTANOYL_COA_TO_ACETYL_COA,2,2,,,,,,0
REACTOME_BETA_OXIDATION_OF_DECANOYL_COA_TO_OCTANOYL_COA_COA,2,2,,,,,,0
REACTOME_BETA_OXIDATION_OF_HEXANOYL_COA_TO_BUTANOYL_COA,1,1,,,,,,0
REACTOME_BETA_OXIDATION_OF_LAUROYL_COA_TO_DECANOYL_COA_COA,1,1,,,,,,0
REACTOME_BETA_OXIDATION_OF_OCTANOYL_COA_TO_HEXANOYL_COA,2,2,,,,,,0
REACTOME_BETA_OXIDATION_OF_PRISTANOYL_COA,3,3,,,,,,0
REACTOME_BETA_OXIDATION_OF_VERY_LONG_CHAIN_FATTY_ACIDS,4,4,,,,,,0
REACTOME_BH3_ONLY_PROTEINS_ASSOCIATE_WITH_AND_INACTIVATE_ANTI_APOPTOTIC_BCL_2_MEMBERS,4,4,,,,,,0
REACTOME_BICARBONATE_TRANSPORTERS,3,3,,,,,,0
REACTOME_BINDING_OF_TCF_LEF_CTNNB1_TO_TARGET_GENE_PROMOTERS,3,3,,,,,,0
REACTOME_BIOSYNTHESIS_OF_EPA_DERIVED_SPMS,1,1,,,,,,0
REACTOME_BIOSYNTHESIS_OF_MARESINS,1,1,,,,,,0
REACTOME_BIOSYNTHESIS_OF_MARESIN_LIKE_SPMS,0,0,,,,,,0
REACTOME_BIOSYNTHESIS_OF_SPECIALIZED_PRORESOLVING_MEDIATORS_SPMS,4,4,,,,,,0
REACTOME_BIOTIN_TRANSPORT_AND_METABOLISM,2,2,,,,,,0
REACTOME_BUDDING_AND_MATURATION_OF_HIV_VIRION,4,4,,,,,,0
REACTOME_BUTYRATE_RESPONSE_FACTOR_1_BRF1_BINDS_AND_DESTABILIZES_MRNA,4,4,,,,,,0
REACTOME_BUTYROPHILIN_BTN_FAMILY_INTERACTIONS,4,4,,,,,,0
REACTOME_CA2_ACTIVATED_K_CHANNELS,1,1,,,,,,0
REACTOME_CALCINEURIN_ACTIVATES_NFAT,3,3,,,,,,0
REACTOME_CALCITONIN_LIKE_LIGAND_RECEPTORS,2,2,,,,,,0
REACTOME_CALNEXIN_CALRETICULIN_CYCLE,4,4,,,,,,0
REACTOME_CAMK_IV_MEDIATED_PHOSPHORYLATION_OF_CREB,1,1,,,,,,0
REACTOME_CARNITINE_METABOLISM,3,3,,,,,,0
REACTOME_CASPASE_ACTIVATION_VIA_DEPENDENCE_RECEPTORS_IN_THE_ABSENCE_OF_LIGAND,3,3,,,,,,0
REACTOME_CASPASE_MEDIATED_CLEAVAGE_OF_CYTOSKELETAL_PROTEINS,4,4,,,,,,0
REACTOME_CATION_COUPLED_CHLORIDE_COTRANSPORTERS,2,2,,,,,,0
REACTOME_CD163_MEDIATING_AN_ANTI_INFLAMMATORY_RESPONSE,2,2,,,,,,0
REACTOME_CD22_MEDIATED_BCR_REGULATION,2,2,,,,,,0
REACTOME_CD28_DEPENDENT_VAV1_PATHWAY,2,2,,,,,,0
REACTOME_CELL_EXTRACELLULAR_MATRIX_INTERACTIONS,1,1,,,,,,0
REACTOME_CGMP_EFFECTS,3,3,,,,,,0
REACTOME_CHK1_CHK2_CDS1_MEDIATED_INACTIVATION_OF_CYCLIN_B_CDK1_COMPLEX,0,0,,,,,,0
REACTOME_CHL1_INTERACTIONS,3,3,,,,,,0
REACTOME_CHOLINE_CATABOLISM,0,0,,,,,,0
REACTOME_CHONDROITIN_SULFATE_BIOSYNTHESIS,2,2,,,,,,0
REACTOME_CHREBP_ACTIVATES_METABOLIC_GENE_EXPRESSION,2,2,,,,,,0
REACTOME_CHYLOMICRON_ASSEMBLY,2,2,,,,,,0
REACTOME_CHYLOMICRON_CLEARANCE,4,4,,,,,,0
REACTOME_CHYLOMICRON_REMODELING,2,2,,,,,,0
REACTOME_CITRIC_ACID_CYCLE_TCA_CYCLE,4,4,,,,,,0
REACTOME_CLASS_C_3_METABOTROPIC_GLUTAMATE_PHEROMONE_RECEPTORS,1,1,,,,,,0
REACTOME_CLEC7A_INFLAMMASOME_PATHWAY,3,3,,,,,,0
REACTOME_COBALAMIN_CBL_VITAMIN_B12_TRANSPORT_AND_METABOLISM,4,4,,,,,,0
REACTOME_COENZYME_A_BIOSYNTHESIS,3,3,,,,,,0
REACTOME_COHESIN_LOADING_ONTO_CHROMATIN,4,4,,,,,,0
REACTOME_COMPETING_ENDOGENOUS_RNAS_CERNAS_REGULATE_PTEN_TRANSLATION,3,3,,,,,,0
REACTOME_CONDENSATION_OF_PROMETAPHASE_CHROMOSOMES,3,3,,,,,,0
REACTOME_CONDENSATION_OF_PROPHASE_CHROMOSOMES,4,4,,,,,,0
REACTOME_CONJUGATION_OF_BENZOATE_WITH_GLYCINE,1,1,,,,,,0
REACTOME_CONSTITUTIVE_SIGNALING_BY_EGFRVIII,4,4,,,,,,0
REACTOME_CONSTITUTIVE_SIGNALING_BY_OVEREXPRESSED_ERBB2,2,2,,,,,,0
REACTOME_CREATINE_METABOLISM,1,1,,,,,,0
REACTOME_CREATION_OF_C4_AND_C2_ACTIVATORS,4,4,,,,,,0
REACTOME_CREB1_PHOSPHORYLATION_THROUGH_THE_ACTIVATION_OF_ADENYLATE_CYCLASE,4,4,,,,,,0
REACTOME_CREB1_PHOSPHORYLATION_THROUGH_THE_ACTIVATION_OF_CAMKII_CAMKK_CAMKIV_CASCASDE,0,0,,,,,,0
REACTOME_CREB3_FACTORS_ACTIVATE_GENES,2,2,,,,,,0
REACTOME_CREB_PHOSPHORYLATION,3,3,,,,,,0
REACTOME_CRISTAE_FORMATION,3,3,,,,,,0
REACTOME_CRMPS_IN_SEMA3A_SIGNALING,2,2,,,,,,0
REACTOME_CROSSLINKING_OF_COLLAGEN_FIBRILS,3,3,,,,,,0
REACTOME_CROSS_PRESENTATION_OF_PARTICULATE_EXOGENOUS_ANTIGENS_PHAGOSOMES,1,1,,,,,,0
REACTOME_CROSS_PRESENTATION_OF_SOLUBLE_EXOGENOUS_ANTIGENS_ENDOSOMES,3,3,,,,,,0
REACTOME_CS_DS_DEGRADATION,1,1,,,,,,0
REACTOME_CYCLIN_A_B1_B2_ASSOCIATED_EVENTS_DURING_G2_M_TRANSITION,3,3,,,,,,0
REACTOME_CYP2E1_REACTIONS,0,0,,,,,,0
REACTOME_CYTOCHROME_C_MEDIATED_APOPTOTIC_RESPONSE,1,1,,,,,,0
REACTOME_CYTOCHROME_P450_ARRANGED_BY_SUBSTRATE_TYPE,4,4,,,,,,0
REACTOME_CYTOSOLIC_IRON_SULFUR_CLUSTER_ASSEMBLY,2,2,,,,,,0
REACTOME_CYTOSOLIC_TRNA_AMINOACYLATION,1,1,,,,,,0
REACTOME_DCC_MEDIATED_ATTRACTIVE_SIGNALING,4,4,,,,,,0
REACTOME_DEADENYLATION_OF_MRNA,3,3,,,,,,0
REACTOME_DEFECTIVE_B4GALT1_CAUSES_B4GALT1_CDG_CDG_2D,0,0,,,,,,0
REACTOME_DEFECTIVE_B4GALT7_CAUSES_EDS_PROGEROID_TYPE,4,4,,,,,,0
REACTOME_DEFECTIVE_C1GALT1C1_CAUSES_TNPS,1,1,,,,,,0
REACTOME_DEFECTIVE_CHST14_CAUSES_EDS_MUSCULOCONTRACTURAL_TYPE,1,1,,,,,,0
REACTOME_DEFECTIVE_CHST3_CAUSES_SEDCJD,1,1,,,,,,0
REACTOME_DEFECTIVE_CHST6_CAUSES_MCDC1,0,0,,,,,,0
REACTOME_DEFECTIVE_CHSY1_CAUSES_TPBS,1,1,,,,,,0
REACTOME_DEFECTIVE_CSF2RB_CAUSES_SMDP5,0,0,,,,,,0
REACTOME_DEFECTIVE_EXT2_CAUSES_EXOSTOSES_2,2,2,,,,,,0
REACTOME_DEFECTIVE_F9_ACTIVATION,2,2,,,,,,0
REACTOME_DEFECTIVE_FACTOR_IX_CAUSES_HEMOPHILIA_B,2,2,,,,,,0
REACTOME_DEFECTIVE_FACTOR_VIII_CAUSES_HEMOPHILIA_A,2,2,,,,,,0
REACTOME_DEFECTIVE_GALNT3_CAUSES_HFTC,2,2,,,,,,0
REACTOME_DEFECTIVE_LFNG_CAUSES_SCDO3,0,0,,,,,,0
REACTOME_DEFECTIVE_RIPK1_MEDIATED_REGULATED_NECROSIS,1,1,,,,,,0
REACTOME_DEFECTIVE_ST3GAL3_CAUSES_MCT12_AND_EIEE15,1,1,,,,,,0
REACTOME_DEFECTS_IN_BIOTIN_BTN_METABOLISM,1,1,,,,,,0
REACTOME_DEFECTS_IN_COBALAMIN_B12_METABOLISM,3,3,,,,,,0
REACTOME_DEFECTS_IN_VITAMIN_AND_COFACTOR_METABOLISM,4,4,,,,,,0
REACTOME_DEFENSINS,2,2,,,,,,0
REACTOME_DERMATAN_SULFATE_BIOSYNTHESIS,1,1,,,,,,0
REACTOME_DEX_H_BOX_HELICASES_ACTIVATE_TYPE_I_IFN_AND_INFLAMMATORY_CYTOKINES_PRODUCTION,0,0,,,,,,0
REACTOME_DIGESTION,1,1,,,,,,0
REACTOME_DIGESTION_AND_ABSORPTION,2,2,,,,,,0
REACTOME_DIGESTION_OF_DIETARY_CARBOHYDRATE,1,1,,,,,,0
REACTOME_DIGESTION_OF_DIETARY_LIPID,0,0,,,,,,0
REACTOME_DISASSEMBLY_OF_THE_DESTRUCTION_COMPLEX_AND_RECRUITMENT_OF_AXIN_TO_THE_MEMBRANE,2,2,,,,,,0
REACTOME_DISEASES_ASSOCIATED_WITH_SURFACTANT_METABOLISM,1,1,,,,,,0
REACTOME_DISEASES_OF_BASE_EXCISION_REPAIR,3,3,,,,,,0
REACTOME_DISEASES_OF_MISMATCH_REPAIR_MMR,1,1,,,,,,0
REACTOME_DISINHIBITION_OF_SNARE_FORMATION,0,0,,,,,,0
REACTOME_DISPLACEMENT_OF_DNA_GLYCOSYLASE_BY_APEX1,4,4,,,,,,0
REACTOME_DISSOLUTION_OF_FIBRIN_CLOT,4,4,,,,,,0
REACTOME_DNA_DAMAGE_REVERSAL,2,2,,,,,,0
REACTOME_DNA_METHYLATION,0,0,,,,,,0
REACTOME_DNA_REPLICATION_INITIATION,3,3,,,,,,0
REACTOME_DOPAMINE_CLEARANCE_FROM_THE_SYNAPTIC_CLEFT,1,1,,,,,,0
REACTOME_DOPAMINE_NEUROTRANSMITTER_RELEASE_CYCLE,2,2,,,,,,0
REACTOME_DOPAMINE_RECEPTORS,0,0,,,,,,0
REACTOME_DOWNREGULATION_OF_ERBB4_SIGNALING,3,3,,,,,,0
REACTOME_DOWNSTREAM_SIGNALING_OF_ACTIVATED_FGFR3,4,4,,,,,,0
REACTOME_DOWNSTREAM_SIGNALING_OF_ACTIVATED_FGFR4,4,4,,,,,,0
REACTOME_DSCAM_INTERACTIONS,2,2,,,,,,0
REACTOME_E2F_ENABLED_INHIBITION_OF_PRE_REPLICATION_COMPLEX_FORMATION,4,4,,,,,,0
REACTOME_EARLY_PHASE_OF_HIV_LIFE_CYCLE,3,3,,,,,,0
REACTOME_EGFR_INTERACTS_WITH_PHOSPHOLIPASE_C_GAMMA,3,3,,,,,,0
REACTOME_EGFR_TRANSACTIVATION_BY_GASTRIN,1,1,,,,,,0
REACTOME_EICOSANOIDS,0,0,,,,,,0
REACTOME_ELECTRIC_TRANSMISSION_ACROSS_GAP_JUNCTIONS,0,0,,,,,,0
REACTOME_ELEVATION_OF_CYTOSOLIC_CA2_LEVELS,4,4,,,,,,0
REACTOME_ENDOGENOUS_STEROLS,3,3,,,,,,0
REACTOME_ENDOSOMAL_SORTING_COMPLEX_REQUIRED_FOR_TRANSPORT_ESCRT,4,4,,,,,,0
REACTOME_ENDOSOMAL_VACUOLAR_PATHWAY,3,3,,,,,,0
REACTOME_ENERGY_DEPENDENT_REGULATION_OF_MTOR_BY_LKB1_AMPK,4,4,,,,,,0
REACTOME_ENOS_ACTIVATION,2,2,,,,,,0
REACTOME_EPHRIN_SIGNALING,3,3,,,,,,0
REACTOME_ERBB2_REGULATES_CELL_MOTILITY,4,4,,,,,,0
REACTOME_ERKS_ARE_INACTIVATED,1,1,,,,,,0
REACTOME_ERK_MAPK_TARGETS,4,4,,,,,,0
REACTOME_ERYTHROPOIETIN_ACTIVATES_PHOSPHOLIPASE_C_GAMMA_PLCG,3,3,,,,,,0
REACTOME_ERYTHROPOIETIN_ACTIVATES_RAS,4,4,,,,,,0
REACTOME_ERYTHROPOIETIN_ACTIVATES_STAT5,3,3,,,,,,0
REACTOME_ER_QUALITY_CONTROL_COMPARTMENT_ERQC,4,4,,,,,,0
REACTOME_ESTABLISHMENT_OF_SISTER_CHROMATID_COHESION,4,4,,,,,,0
REACTOME_ESTROGEN_BIOSYNTHESIS,0,0,,,,,,0
REACTOME_ESTROGEN_STIMULATED_SIGNALING_THROUGH_PRKCZ,2,2,,,,,,0
REACTOME_ETHANOL_OXIDATION,1,1,,,,,,0
REACTOME_EXTRINSIC_PATHWAY_OF_FIBRIN_CLOT_FORMATION,0,0,,,,,,0
REACTOME_FASL_CD95L_SIGNALING,3,3,,,,,,0
REACTOME_FATTY_ACIDS,0,0,,,,,,0
REACTOME_FATTY_ACIDS_BOUND_TO_GPR40_FFAR1_REGULATE_INSULIN_SECRETION,1,1,,,,,,0
REACTOME_FBXW7_MUTANTS_AND_NOTCH1_IN_CANCER,0,0,,,,,,0
REACTOME_FGFR1B_LIGAND_BINDING_AND_ACTIVATION,1,1,,,,,,0
REACTOME_FGFR1C_LIGAND_BINDING_AND_ACTIVATION,1,1,,,,,,0
REACTOME_FGFR1_LIGAND_BINDING_AND_ACTIVATION,2,2,,,,,,0
REACTOME_FGFR2B_LIGAND_BINDING_AND_ACTIVATION,3,3,,,,,,0
REACTOME_FGFR2C_LIGAND_BINDING_AND_ACTIVATION,1,1,,,,,,0
REACTOME_FGFR2_LIGAND_BINDING_AND_ACTIVATION,4,4,,,,,,0
REACTOME_FGFR3B_LIGAND_BINDING_AND_ACTIVATION,1,1,,,,,,0
REACTOME_FGFR3_LIGAND_BINDING_AND_ACTIVATION,2,2,,,,,,0
REACTOME_FGFRL1_MODULATION_OF_FGFR1_SIGNALING,1,1,,,,,,0
REACTOME_FIBRONECTIN_MATRIX_FORMATION,0,0,,,,,,0
REACTOME_FICOLINS_BIND_TO_REPETITIVE_CARBOHYDRATE_STRUCTURES_ON_THE_TARGET_CELL_SURFACE,1,1,,,,,,0
REACTOME_FLT3_SIGNALING_BY_CBL_MUTANTS,3,3,,,,,,0
REACTOME_FLT3_SIGNALING_THROUGH_SRC_FAMILY_KINASES,3,3,,,,,,0
REACTOME_FOLDING_OF_ACTIN_BY_CCT_TRIC,3,3,,,,,,0
REACTOME_FORMATION_OF_APOPTOSOME,0,0,,,,,,0
REACTOME_FORMATION_OF_ATP_BY_CHEMIOSMOTIC_COUPLING,0,0,,,,,,0
REACTOME_FORMATION_OF_SENESCENCE_ASSOCIATED_HETEROCHROMATIN_FOCI_SAHF,1,1,,,,,,0
REACTOME_FORMATION_OF_XYLULOSE_5_PHOSPHATE,0,0,,,,,,0
REACTOME_FORMYL_PEPTIDE_RECEPTORS_BIND_FORMYL_PEPTIDES_AND_MANY_OTHER_LIGANDS,3,3,,,,,,0
REACTOME_FOXO_MEDIATED_TRANSCRIPTION_OF_CELL_CYCLE_GENES,4,4,,,,,,0
REACTOME_FREE_FATTY_ACIDS_REGULATE_INSULIN_SECRETION,1,1,,,,,,0
REACTOME_FREE_FATTY_ACID_RECEPTORS,0,0,,,,,,0
REACTOME_FRS_MEDIATED_FGFR1_SIGNALING,3,3,,,,,,0
REACTOME_FRS_MEDIATED_FGFR2_SIGNALING,3,3,,,,,,0
REACTOME_FRS_MEDIATED_FGFR3_SIGNALING,2,2,,,,,,0
REACTOME_FRS_MEDIATED_FGFR4_SIGNALING,2,2,,,,,,0
REACTOME_FRUCTOSE_CATABOLISM,1,1,,,,,,0
REACTOME_FRUCTOSE_METABOLISM,1,1,,,,,,0
REACTOME_G2_M_DNA_REPLICATION_CHECKPOINT,0,0,,,,,,0
REACTOME_G2_PHASE,1,1,,,,,,0
REACTOME_GAB1_SIGNALOSOME,3,3,,,,,,0
REACTOME_GABA_SYNTHESIS_RELEASE_REUPTAKE_AND_DEGRADATION,1,1,,,,,,0
REACTOME_GALACTOSE_CATABOLISM,3,3,,,,,,0
REACTOME_GAMMA_CARBOXYLATION_TRANSPORT_AND_AMINO_TERMINAL_CLEAVAGE_OF_PROTEINS,1,1,,,,,,0
REACTOME_GAP_JUNCTION_ASSEMBLY,3,3,,,,,,0
REACTOME_GAP_JUNCTION_DEGRADATION,2,2,,,,,,0
REACTOME_GASTRIN_CREB_SIGNALLING_PATHWAY_VIA_PKC_AND_MAPK,2,2,,,,,,0
REACTOME_GDP_FUCOSE_BIOSYNTHESIS,1,1,,,,,,0
REACTOME_GLI_PROTEINS_BIND_PROMOTERS_OF_HH_RESPONSIVE_GENES_TO_PROMOTE_TRANSCRIPTION,1,1,,,,,,0
REACTOME_GLUCOCORTICOID_BIOSYNTHESIS,0,0,,,,,,0
REACTOME_GLUCURONIDATION,0,0,,,,,,0
REACTOME_GLUTAMATE_AND_GLUTAMINE_METABOLISM,2,2,,,,,,0
REACTOME_GLUTAMATE_NEUROTRANSMITTER_RELEASE_CYCLE,3,3,,,,,,0
REACTOME_GLUTATHIONE_SYNTHESIS_AND_RECYCLING,2,2,,,,,,0
REACTOME_GLYCEROPHOSPHOLIPID_CATABOLISM,3,3,,,,,,0
REACTOME_GLYCOGEN_BREAKDOWN_GLYCOGENOLYSIS,4,4,,,,,,0
REACTOME_GOLGI_CISTERNAE_PERICENTRIOLAR_STACK_REORGANIZATION,0,0,,,,,,0
REACTOME_GP1B_IX_V_ACTIVATION_SIGNALLING,4,4,,,,,,0
REACTOME_GRB2_EVENTS_IN_ERBB2_SIGNALING,4,4,,,,,,0
REACTOME_GRB2_SOS_PROVIDES_LINKAGE_TO_MAPK_SIGNALING_FOR_INTEGRINS,2,2,,,,,,0
REACTOME_GRB7_EVENTS_IN_ERBB2_SIGNALING,3,3,,,,,,0
REACTOME_HDL_ASSEMBLY,2,2,,,,,,0
REACTOME_HDL_CLEARANCE,1,1,,,,,,0
REACTOME_HDL_REMODELING,4,4,,,,,,0
REACTOME_HDR_THROUGH_MMEJ_ALT_NHEJ,3,3,,,,,,0
REACTOME_HEDGEHOG_LIGAND_BIOGENESIS,4,4,,,,,,0
REACTOME_HEME_BIOSYNTHESIS,3,3,,,,,,0
REACTOME_HEME_DEGRADATION,2,2,,,,,,0
REACTOME_HIGHLY_CALCIUM_PERMEABLE_NICOTINIC_ACETYLCHOLINE_RECEPTORS,1,1,,,,,,0
REACTOME_HIGHLY_CALCIUM_PERMEABLE_POSTSYNAPTIC_NICOTINIC_ACETYLCHOLINE_RECEPTORS,1,1,,,,,,0
REACTOME_HIGHLY_SODIUM_PERMEABLE_POSTSYNAPTIC_ACETYLCHOLINE_NICOTINIC_RECEPTORS,1,1,,,,,,0
REACTOME_HISTIDINE_CATABOLISM,0,0,,,,,,0
REACTOME_HORMONE_LIGAND_BINDING_RECEPTORS,0,0,,,,,,0
REACTOME_HS_GAG_BIOSYNTHESIS,3,3,,,,,,0
REACTOME_HS_GAG_DEGRADATION,4,4,,,,,,0
REACTOME_HUR_ELAVL1_BINDS_AND_STABILIZES_MRNA,0,0,,,,,,0
REACTOME_HYALURONAN_BIOSYNTHESIS_AND_EXPORT,2,2,,,,,,0
REACTOME_HYALURONAN_METABOLISM,3,3,,,,,,0
REACTOME_HYALURONAN_UPTAKE_AND_DEGRADATION,1,1,,,,,,0
REACTOME_HYDROLYSIS_OF_LPC,0,0,,,,,,0
REACTOME_IKBA_VARIANT_LEADS_TO_EDA_ID,2,2,,,,,,0
REACTOME_IL_6_TYPE_CYTOKINE_RECEPTOR_LIGAND_INTERACTIONS,4,4,,,,,,0
REACTOME_INACTIVATION_OF_CDC42_AND_RAC1,1,1,,,,,,0
REACTOME_INCRETIN_SYNTHESIS_SECRETION_AND_INACTIVATION,2,2,,,,,,0
REACTOME_INHIBITION_OF_REPLICATION_INITIATION_OF_DAMAGED_DNA_BY_RB1_E2F1,4,4,,,,,,0
REACTOME_INLA_MEDIATED_ENTRY_OF_LISTERIA_MONOCYTOGENES_INTO_HOST_CELLS,2,2,,,,,,0
REACTOME_INLB_MEDIATED_ENTRY_OF_LISTERIA_MONOCYTOGENES_INTO_HOST_CELL,2,2,,,,,,0
REACTOME_INSULIN_PROCESSING,4,4,,,,,,0
REACTOME_INTEGRATION_OF_PROVIRUS,1,1,,,,,,0
REACTOME_INTEGRIN_SIGNALING,4,4,,,,,,0
REACTOME_INTERACTION_WITH_CUMULUS_CELLS_AND_THE_ZONA_PELLUCIDA,1,1,,,,,,0
REACTOME_INTERLEUKIN_15_SIGNALING,3,3,,,,,,0
REACTOME_INTERLEUKIN_18_SIGNALING,2,2,,,,,,0
REACTOME_INTERLEUKIN_1_PROCESSING,1,1,,,,,,0
REACTOME_INTERLEUKIN_21_SIGNALING,2,2,,,,,,0
REACTOME_INTERLEUKIN_23_SIGNALING,2,2,,,,,,0
REACTOME_INTERLEUKIN_27_SIGNALING,1,1,,,,,,0
REACTOME_INTERLEUKIN_35_SIGNALLING,2,2,,,,,,0
REACTOME_INTERLEUKIN_36_PATHWAY,3,3,,,,,,0
REACTOME_INTERLEUKIN_6_SIGNALING,2,2,,,,,,0
REACTOME_INTERLEUKIN_9_SIGNALING,1,1,,,,,,0
REACTOME_INTESTINAL_ABSORPTION,1,1,,,,,,0
REACTOME_IONOTROPIC_ACTIVITY_OF_KAINATE_RECEPTORS,2,2,,,,,,0
REACTOME_IRAK1_RECRUITS_IKK_COMPLEX,4,4,,,,,,0
REACTOME_IRAK2_MEDIATED_ACTIVATION_OF_TAK1_COMPLEX,3,3,,,,,,0
REACTOME_IRF3_MEDIATED_ACTIVATION_OF_TYPE_1_IFN,1,1,,,,,,0
REACTOME_IRF3_MEDIATED_INDUCTION_OF_TYPE_I_IFN,1,1,,,,,,0
REACTOME_IRS_ACTIVATION,1,1,,,,,,0
REACTOME_JNK_C_JUN_KINASES_PHOSPHORYLATION_AND_ACTIVATION_MEDIATED_BY_ACTIVATED_HUMAN_TAK1,4,4,,,,,,0
REACTOME_JOSEPHIN_DOMAIN_DUBS,4,4,,,,,,0
REACTOME_KERATAN_SULFATE_BIOSYNTHESIS,4,4,,,,,,0
REACTOME_KERATAN_SULFATE_DEGRADATION,0,0,,,,,,0
REACTOME_KERATAN_SULFATE_KERATIN_METABOLISM,4,4,,,,,,0
REACTOME_KETONE_BODY_METABOLISM,3,3,,,,,,0
REACTOME_KILLING_MECHANISMS,3,3,,,,,,0
REACTOME_KSRP_KHSRP_BINDS_AND_DESTABILIZES_MRNA,3,3,,,,,,0
REACTOME_LAMININ_INTERACTIONS,2,2,,,,,,0
REACTOME_LDL_CLEARANCE,3,3,,,,,,0
REACTOME_LDL_REMODELING,0,0,,,,,,0
REACTOME_LECTIN_PATHWAY_OF_COMPLEMENT_ACTIVATION,1,1,,,,,,0
REACTOME_LEUKOTRIENE_RECEPTORS,3,3,,,,,,0
REACTOME_LGI_ADAM_INTERACTIONS,2,2,,,,,,0
REACTOME_LIGAND_RECEPTOR_INTERACTIONS,0,0,,,,,,0
REACTOME_LINOLEIC_ACID_LA_METABOLISM,1,1,,,,,,0
REACTOME_LIPID_PARTICLE_ORGANIZATION,4,4,,,,,,0
REACTOME_LIPOPHAGY,2,2,,,,,,0
REACTOME_LISTERIA_MONOCYTOGENES_ENTRY_INTO_HOST_CELLS,2,2,,,,,,0
REACTOME_LOSS_OF_FUNCTION_OF_MECP2_IN_RETT_SYNDROME,3,3,,,,,,0
REACTOME_LOSS_OF_FUNCTION_OF_SMAD2_3_IN_CANCER,2,2,,,,,,0
REACTOME_LOSS_OF_MECP2_BINDING_ABILITY_TO_THE_NCOR_SMRT_COMPLEX,3,3,,,,,,0
REACTOME_LRR_FLII_INTERACTING_PROTEIN_1_LRRFIP1_ACTIVATES_TYPE_I_IFN_PRODUCTION,0,0,,,,,,0
REACTOME_LTC4_CYSLTR_MEDIATED_IL4_PRODUCTION,2,2,,,,,,0
REACTOME_LYSINE_CATABOLISM,2,2,,,,,,0
REACTOME_LYSOSOME_VESICLE_BIOGENESIS,2,2,,,,,,0
REACTOME_LYSOSPHINGOLIPID_AND_LPA_RECEPTORS,4,4,,,,,,0
REACTOME_MAPK1_ERK2_ACTIVATION,1,1,,,,,,0
REACTOME_MAPK3_ERK1_ACTIVATION,2,2,,,,,,0
REACTOME_MASTL_FACILITATES_MITOTIC_PROGRESSION,2,2,,,,,,0
REACTOME_MATURATION_OF_SARS_COV_1_NUCLEOPROTEIN,1,1,,,,,,0
REACTOME_MATURATION_OF_SARS_COV_1_SPIKE_PROTEIN,1,1,,,,,,0
REACTOME_MATURATION_OF_SARS_COV_2_NUCLEOPROTEIN,4,4,,,,,,0
REACTOME_MECP2_REGULATES_NEURONAL_RECEPTORS_AND_CHANNELS,3,3,,,,,,0
REACTOME_MECP2_REGULATES_TRANSCRIPTION_FACTORS,1,1,,,,,,0
REACTOME_MECP2_REGULATES_TRANSCRIPTION_OF_NEURONAL_LIGANDS,0,0,,,,,,0
REACTOME_MELANIN_BIOSYNTHESIS,0,0,,,,,,0
REACTOME_METABOLIC_DISORDERS_OF_BIOLOGICAL_OXIDATION_ENZYMES,4,4,,,,,,0
REACTOME_METABOLISM_OF_AMINE_DERIVED_HORMONES,0,0,,,,,,0
REACTOME_METABOLISM_OF_ANGIOTENSINOGEN_TO_ANGIOTENSINS,3,3,,,,,,0
REACTOME_METABOLISM_OF_FOLATE_AND_PTERINES,1,1,,,,,,0
REACTOME_METABOLISM_OF_INGESTED_SEMET_SEC_MESEC_INTO_H2SE,1,1,,,,,,0
REACTOME_METABOLISM_OF_NITRIC_OXIDE_NOS3_ACTIVATION_AND_REGULATION,3,3,,,,,,0
REACTOME_METABOLISM_OF_PORPHYRINS,4,4,,,,,,0
REACTOME_METABOLISM_OF_STEROID_HORMONES,2,2,,,,,,0
REACTOME_METALLOPROTEASE_DUBS,3,3,,,,,,0
REACTOME_METALLOTHIONEINS_BIND_METALS,3,3,,,,,,0
REACTOME_METAL_SEQUESTRATION_BY_ANTIMICROBIAL_PROTEINS,3,3,,,,,,0
REACTOME_METHIONINE_SALVAGE_PATHWAY,2,2,,,,,,0
REACTOME_METHYLATION,0,0,,,,,,0
REACTOME_MET_ACTIVATES_PI3K_AKT_SIGNALING,1,1,,,,,,0
REACTOME_MET_ACTIVATES_PTK2_SIGNALING,3,3,,,,,,0
REACTOME_MET_ACTIVATES_PTPN11,0,0,,,,,,0
REACTOME_MET_ACTIVATES_RAP1_AND_RAC1,1,1,,,,,,0
REACTOME_MET_ACTIVATES_RAS_SIGNALING,1,1,,,,,,0
REACTOME_MET_INTERACTS_WITH_TNS_PROTEINS,1,1,,,,,,0
REACTOME_MET_RECEPTOR_ACTIVATION,1,1,,,,,,0
REACTOME_MET_RECEPTOR_RECYCLING,1,1,,,,,,0
REACTOME_MINERALOCORTICOID_BIOSYNTHESIS,0,0,,,,,,0
REACTOME_MIRO_GTPASE_CYCLE,3,3,,,,,,0
REACTOME_MISCELLANEOUS_SUBSTRATES,0,0,,,,,,0
REACTOME_MITOCHONDRIAL_FATTY_ACID_BETA_OXIDATION_OF_SATURATED_FATTY_ACIDS,3,3,,,,,,0
REACTOME_MITOCHONDRIAL_FATTY_ACID_BETA_OXIDATION_OF_UNSATURATED_FATTY_ACIDS,1,1,,,,,,0
REACTOME_MITOCHONDRIAL_UNCOUPLING,0,0,,,,,,0
REACTOME_MITOTIC_TELOPHASE_CYTOKINESIS,4,4,,,,,,0
REACTOME_MODULATION_BY_MTB_OF_HOST_IMMUNE_SYSTEM,3,3,,,,,,0
REACTOME_MOLYBDENUM_COFACTOR_BIOSYNTHESIS,4,4,,,,,,0
REACTOME_MRNA_EDITING_C_TO_U_CONVERSION,4,4,,,,,,0
REACTOME_MTORC1_MEDIATED_SIGNALLING,4,4,,,,,,0
REACTOME_MUCOPOLYSACCHARIDOSES,1,1,,,,,,0
REACTOME_MULTIFUNCTIONAL_ANION_EXCHANGERS,1,1,,,,,,0
REACTOME_MUSCARINIC_ACETYLCHOLINE_RECEPTORS,0,0,,,,,,0
REACTOME_MYOGENESIS,3,3,,,,,,0
REACTOME_NADE_MODULATES_DEATH_SIGNALLING,2,2,,,,,,0
REACTOME_NA_CL_DEPENDENT_NEUROTRANSMITTER_TRANSPORTERS,0,0,,,,,,0
REACTOME_NECTIN_NECL_TRANS_HETERODIMERIZATION,1,1,,,,,,0
REACTOME_NEF_AND_SIGNAL_TRANSDUCTION,4,4,,,,,,0
REACTOME_NEF_MEDIATED_CD4_DOWN_REGULATION,2,2,,,,,,0
REACTOME_NEF_MEDIATED_CD8_DOWN_REGULATION,2,2,,,,,,0
REACTOME_NEF_MEDIATED_DOWNREGULATION_OF_MHC_CLASS_I_COMPLEX_CELL_SURFACE_EXPRESSION,2,2,,,,,,0
REACTOME_NEGATIVE_FEEDBACK_REGULATION_OF_MAPK_PATHWAY,2,2,,,,,,0
REACTOME_NEGATIVE_REGULATION_OF_ACTIVITY_OF_TFAP2_AP_2_FAMILY_TRANSCRIPTION_FACTORS,1,1,,,,,,0
REACTOME_NEGATIVE_REGULATION_OF_FGFR3_SIGNALING,4,4,,,,,,0
REACTOME_NEGATIVE_REGULATION_OF_FGFR4_SIGNALING,4,4,,,,,,0
REACTOME_NEGATIVE_REGULATION_OF_MET_ACTIVITY,2,2,,,,,,0
REACTOME_NEGATIVE_REGULATION_OF_NMDA_RECEPTOR_MEDIATED_NEURONAL_TRANSMISSION,4,4,,,,,,0
REACTOME_NEGATIVE_REGULATION_OF_NOTCH4_SIGNALING,3,3,,,,,,0
REACTOME_NEGATIVE_REGULATION_OF_TCF_DEPENDENT_SIGNALING_BY_DVL_INTERACTING_PROTEINS,2,2,,,,,,0
REACTOME_NEGATIVE_REGULATION_OF_TCF_DEPENDENT_SIGNALING_BY_WNT_LIGAND_ANTAGONISTS,1,1,,,,,,0
REACTOME_NETRIN_MEDIATED_REPULSION_SIGNALS,0,0,,,,,,0
REACTOME_NEUROFASCIN_INTERACTIONS,0,0,,,,,,0
REACTOME_NEUROTOXICITY_OF_CLOSTRIDIUM_TOXINS,3,3,,,,,,0
REACTOME_NEUROTRANSMITTER_CLEARANCE,3,3,,,,,,0
REACTOME_NEUROTRANSMITTER_RELEASE_CYCLE,3,3,,,,,,0
REACTOME_NF_KB_ACTIVATION_THROUGH_FADD_RIP_1_PATHWAY_MEDIATED_BY_CASPASE_8_AND_10,3,3,,,,,,0
REACTOME_NF_KB_IS_ACTIVATED_AND_SIGNALS_SURVIVAL,4,4,,,,,,0
REACTOME_NGF_INDEPENDANT_TRKA_ACTIVATION,0,0,,,,,,0
REACTOME_NICOTINAMIDE_SALVAGING,1,1,,,,,,0
REACTOME_NICOTINATE_METABOLISM,4,4,,,,,,0
REACTOME_NITRIC_OXIDE_STIMULATES_GUANYLATE_CYCLASE,4,4,,,,,,0
REACTOME_NONCANONICAL_ACTIVATION_OF_NOTCH3,0,0,,,,,,0
REACTOME_NOREPINEPHRINE_NEUROTRANSMITTER_RELEASE_CYCLE,2,2,,,,,,0
REACTOME_NOSTRIN_MEDIATED_ENOS_TRAFFICKING,2,2,,,,,,0
REACTOME_NOTCH2_ACTIVATION_AND_TRANSMISSION_OF_SIGNAL_TO_THE_NUCLEUS,3,3,,,,,,0
REACTOME_NOTCH2_INTRACELLULAR_DOMAIN_REGULATES_TRANSCRIPTION,3,3,,,,,,0
REACTOME_NOTCH3_ACTIVATION_AND_TRANSMISSION_OF_SIGNAL_TO_THE_NUCLEUS,4,4,,,,,,0
REACTOME_NOTCH3_INTRACELLULAR_DOMAIN_REGULATES_TRANSCRIPTION,3,3,,,,,,0
REACTOME_NOTCH4_ACTIVATION_AND_TRANSMISSION_OF_SIGNAL_TO_THE_NUCLEUS,0,0,,,,,,0
REACTOME_NOTCH4_INTRACELLULAR_DOMAIN_REGULATES_TRANSCRIPTION,3,3,,,,,,0
REACTOME_NR1H2_NR1H3_REGULATE_GENE_EXPRESSION_LINKED_TO_GLUCONEOGENESIS,1,1,,,,,,0
REACTOME_NR1H2_NR1H3_REGULATE_GENE_EXPRESSION_LINKED_TO_LIPOGENESIS,1,1,,,,,,0
REACTOME_NR1H2_NR1H3_REGULATE_GENE_EXPRESSION_LINKED_TO_TRIGLYCERIDE_LIPOLYSIS_IN_ADIPOSE,1,1,,,,,,0
REACTOME_NR1H2_NR1H3_REGULATE_GENE_EXPRESSION_TO_CONTROL_BILE_ACID_HOMEOSTASIS,2,2,,,,,,0
REACTOME_NR1H2_NR1H3_REGULATE_GENE_EXPRESSION_TO_LIMIT_CHOLESTEROL_UPTAKE,2,2,,,,,,0
REACTOME_NRCAM_INTERACTIONS,1,1,,,,,,0
REACTOME_NRIF_SIGNALS_CELL_DEATH_FROM_THE_NUCLEUS,4,4,,,,,,0
REACTOME_NTRK2_ACTIVATES_RAC1,1,1,,,,,,0
REACTOME_NUCLEAR_EVENTS_STIMULATED_BY_ALK_SIGNALING_IN_CANCER,3,3,,,,,,0
REACTOME_NUCLEOTIDE_BIOSYNTHESIS,3,3,,,,,,0
REACTOME_NUCLEOTIDE_LIKE_PURINERGIC_RECEPTORS,3,3,,,,,,0
REACTOME_N_GLYCAN_ANTENNAE_ELONGATION,4,4,,,,,,0
REACTOME_N_GLYCAN_TRIMMING_AND_ELONGATION_IN_THE_CIS_GOLGI,2,2,,,,,,0
REACTOME_OAS_ANTIVIRAL_RESPONSE,2,2,,,,,,0
REACTOME_OLFACTORY_SIGNALING_PATHWAY,1,1,,,,,,0
REACTOME_OPSINS,0,0,,,,,,0
REACTOME_OREXIN_AND_NEUROPEPTIDES_FF_AND_QRFP_BIND_TO_THEIR_RESPECTIVE_RECEPTORS,1,1,,,,,,0
REACTOME_ORGANIC_ANION_TRANSPORT,0,0,,,,,,0
REACTOME_ORGANIC_ANION_TRANSPORTERS,0,0,,,,,,0
REACTOME_ORGANIC_CATION_ANION_ZWITTERION_TRANSPORT,0,0,,,,,,0
REACTOME_ORGANIC_CATION_TRANSPORT,0,0,,,,,,0
REACTOME_OTHER_SEMAPHORIN_INTERACTIONS,4,4,,,,,,0
REACTOME_P130CAS_LINKAGE_TO_MAPK_SIGNALING_FOR_INTEGRINS,2,2,,,,,,0
REACTOME_P2Y_RECEPTORS,2,2,,,,,,0
REACTOME_P38MAPK_EVENTS,2,2,,,,,,0
REACTOME_P75NTR_NEGATIVELY_REGULATES_CELL_CYCLE_VIA_SC1,0,0,,,,,,0
REACTOME_P75NTR_RECRUITS_SIGNALLING_COMPLEXES,4,4,,,,,,0
REACTOME_P75NTR_REGULATES_AXONOGENESIS,1,1,,,,,,0
REACTOME_PASSIVE_TRANSPORT_BY_AQUAPORINS,3,3,,,,,,0
REACTOME_PENTOSE_PHOSPHATE_PATHWAY,3,3,,,,,,0
REACTOME_PEPTIDE_HORMONE_BIOSYNTHESIS,0,0,,,,,,0
REACTOME_PHASE_0_RAPID_DEPOLARISATION,4,4,,,,,,0
REACTOME_PHASE_1_INACTIVATION_OF_FAST_NA_CHANNELS,1,1,,,,,,0
REACTOME_PHASE_2_PLATEAU_PHASE,1,1,,,,,,0
REACTOME_PHASE_3_RAPID_REPOLARISATION,0,0,,,,,,0
REACTOME_PHASE_4_RESTING_MEMBRANE_POTENTIAL,1,1,,,,,,0
REACTOME_PHENYLALANINE_AND_TYROSINE_METABOLISM,3,3,,,,,,0
REACTOME_PHENYLALANINE_METABOLISM,2,2,,,,,,0
REACTOME_PHOSPHATE_BOND_HYDROLYSIS_BY_NTPDASE_PROTEINS,1,1,,,,,,0
REACTOME_PHOSPHATE_BOND_HYDROLYSIS_BY_NUDT_PROTEINS,3,3,,,,,,0
REACTOME_PHOSPHOLIPASE_C_MEDIATED_CASCADE_FGFR2,3,3,,,,,,0
REACTOME_PHOSPHOLIPASE_C_MEDIATED_CASCADE_FGFR4,2,2,,,,,,0
REACTOME_PHOSPHORYLATION_OF_EMI1,0,0,,,,,,0
REACTOME_PHYSIOLOGICAL_FACTORS,1,1,,,,,,0
REACTOME_PI3K_AKT_ACTIVATION,3,3,,,,,,0
REACTOME_PI3K_EVENTS_IN_ERBB4_SIGNALING,2,2,,,,,,0
REACTOME_PI5P_REGULATES_TP53_ACETYLATION,2,2,,,,,,0
REACTOME_PINK1_PRKN_MEDIATED_MITOPHAGY,4,4,,,,,,0
REACTOME_PI_3K_CASCADE_FGFR1,3,3,,,,,,0
REACTOME_PI_3K_CASCADE_FGFR2,3,3,,,,,,0
REACTOME_PI_3K_CASCADE_FGFR3,2,2,,,,,,0
REACTOME_PI_3K_CASCADE_FGFR4,2,2,,,,,,0
REACTOME_PKA_ACTIVATION_IN_GLUCAGON_SIGNALLING,4,4,,,,,,0
REACTOME_PKA_MEDIATED_PHOSPHORYLATION_OF_CREB,4,4,,,,,,0
REACTOME_PKA_MEDIATED_PHOSPHORYLATION_OF_KEY_METABOLIC_FACTORS,1,1,,,,,,0
REACTOME_PLASMA_LIPOPROTEIN_ASSEMBLY,3,3,,,,,,0
REACTOME_PLATELET_SENSITIZATION_BY_LDL,1,1,,,,,,0
REACTOME_POLO_LIKE_KINASE_MEDIATED_EVENTS,4,4,,,,,,0
REACTOME_POU5F1_OCT4_SOX2_NANOG_ACTIVATE_GENES_RELATED_TO_PROLIFERATION,2,2,,,,,,0
REACTOME_POU5F1_OCT4_SOX2_NANOG_REPRESS_GENES_RELATED_TO_DIFFERENTIATION,4,4,,,,,,0
REACTOME_PP2A_MEDIATED_DEPHOSPHORYLATION_OF_KEY_METABOLIC_FACTORS,0,0,,,,,,0
REACTOME_PRC2_METHYLATES_HISTONES_AND_DNA,4,4,,,,,,0
REACTOME_PREGNENOLONE_BIOSYNTHESIS,1,1,,,,,,0
REACTOME_PRESYNAPTIC_DEPOLARIZATION_AND_CALCIUM_CHANNEL_OPENING,1,1,,,,,,0
REACTOME_PRESYNAPTIC_NICOTINIC_ACETYLCHOLINE_RECEPTORS,2,2,,,,,,0
REACTOME_PREVENTION_OF_PHAGOSOMAL_LYSOSOMAL_FUSION,2,2,,,,,,0
REACTOME_PRE_NOTCH_PROCESSING_IN_GOLGI,2,2,,,,,,0
REACTOME_PRE_NOTCH_PROCESSING_IN_THE_ENDOPLASMIC_RETICULUM,0,0,,,,,,0
REACTOME_PROCESSING_AND_ACTIVATION_OF_SUMO,2,2,,,,,,0
REACTOME_PROCESSING_OF_SMDT1,3,3,,,,,,0
REACTOME_PROLACTIN_RECEPTOR_SIGNALING,2,2,,,,,,0
REACTOME_PROLONGED_ERK_ACTIVATION_EVENTS,3,3,,,,,,0
REACTOME_PROPIONYL_COA_CATABOLISM,1,1,,,,,,0
REACTOME_PROSTANOID_LIGAND_RECEPTORS,3,3,,,,,,0
REACTOME_PROTEIN_METHYLATION,4,4,,,,,,0
REACTOME_PROTEIN_REPAIR,1,1,,,,,,0
REACTOME_PROTON_COUPLED_MONOCARBOXYLATE_TRANSPORT,3,3,,,,,,0
REACTOME_PTK6_EXPRESSION,4,4,,,,,,0
REACTOME_PTK6_PROMOTES_HIF1A_STABILIZATION,1,1,,,,,,0
REACTOME_PTK6_REGULATES_CELL_CYCLE,4,4,,,,,,0
REACTOME_PTK6_REGULATES_PROTEINS_INVOLVED_IN_RNA_PROCESSING,2,2,,,,,,0
REACTOME_PTK6_REGULATES_RHO_GTPASES_RAS_GTPASE_AND_MAP_KINASES,3,3,,,,,,0
REACTOME_PTK6_REGULATES_RTKS_AND_THEIR_EFFECTORS_AKT1_AND_DOK1,3,3,,,,,,0
REACTOME_PURINE_RIBONUCLEOSIDE_MONOPHOSPHATE_BIOSYNTHESIS,2,2,,,,,,0
REACTOME_PURINE_SALVAGE,3,3,,,,,,0
REACTOME_PYRIMIDINE_CATABOLISM,4,4,,,,,,0
REACTOME_PYRIMIDINE_SALVAGE,3,3,,,,,,0
REACTOME_PYROPTOSIS,4,4,,,,,,0
REACTOME_RAP1_SIGNALLING,3,3,,,,,,0
REACTOME_RAS_SIGNALING_DOWNSTREAM_OF_NF1_LOSS_OF_FUNCTION_VARIANTS,2,2,,,,,,0
REACTOME_RA_BIOSYNTHESIS_PATHWAY,3,3,,,,,,0
REACTOME_REACTIONS_SPECIFIC_TO_THE_COMPLEX_N_GLYCAN_SYNTHESIS_PATHWAY,3,3,,,,,,0
REACTOME_RECEPTOR_MEDIATED_MITOPHAGY,3,3,,,,,,0
REACTOME_RECEPTOR_TYPE_TYROSINE_PROTEIN_PHOSPHATASES,0,0,,,,,,0
REACTOME_RECOGNITION_AND_ASSOCIATION_OF_DNA_GLYCOSYLASE_WITH_SITE_CONTAINING_AN_AFFECTED_PURINE,4,4,,,,,,0
REACTOME_RECYCLING_OF_BILE_ACIDS_AND_SALTS,0,0,,,,,,0
REACTOME_RECYCLING_OF_EIF2_GDP,4,4,,,,,,0
REACTOME_REDUCTION_OF_CYTOSOLIC_CA_LEVELS,1,1,,,,,,0
REACTOME_REELIN_SIGNALLING_PATHWAY,1,1,,,,,,0
REACTOME_REGULATED_PROTEOLYSIS_OF_P75NTR,0,0,,,,,,0
REACTOME_REGULATION_OF_BACH1_ACTIVITY,3,3,,,,,,0
REACTOME_REGULATION_OF_BETA_CELL_DEVELOPMENT,2,2,,,,,,0
REACTOME_REGULATION_OF_COMMISSURAL_AXON_PATHFINDING_BY_SLIT_AND_ROBO,2,2,,,,,,0
REACTOME_REGULATION_OF_CYTOSKELETAL_REMODELING_AND_CELL_SPREADING_BY_IPP_COMPLEX_COMPONENTS,0,0,,,,,,0
REACTOME_REGULATION_OF_FOXO_TRANSCRIPTIONAL_ACTIVITY_BY_ACETYLATION,4,4,,,,,,0
REACTOME_REGULATION_OF_FZD_BY_UBIQUITINATION,3,3,,,,,,0
REACTOME_REGULATION_OF_GENE_EXPRESSION_BY_HYPOXIA_INDUCIBLE_FACTOR,2,2,,,,,,0
REACTOME_REGULATION_OF_GENE_EXPRESSION_IN_BETA_CELLS,1,1,,,,,,0
REACTOME_REGULATION_OF_GENE_EXPRESSION_IN_EARLY_PANCREATIC_PRECURSOR_CELLS,0,0,,,,,,0
REACTOME_REGULATION_OF_GENE_EXPRESSION_IN_ENDOCRINE_COMMITTED_NEUROG3_PROGENITOR_CELLS,0,0,,,,,,0
REACTOME_REGULATION_OF_GENE_EXPRESSION_IN_LATE_STAGE_BRANCHING_MORPHOGENESIS_PANCREATIC_BUD_PRECURSOR_CELLS,1,1,,,,,,0
REACTOME_REGULATION_OF_GLYCOLYSIS_BY_FRUCTOSE_2_6_BISPHOSPHATE_METABOLISM,1,1,,,,,,0
REACTOME_REGULATION_OF_IFNA_SIGNALING,3,3,,,,,,0
REACTOME_REGULATION_OF_IFNG_SIGNALING,3,3,,,,,,0
REACTOME_REGULATION_OF_INNATE_IMMUNE_RESPONSES_TO_CYTOSOLIC_DNA,4,4,,,,,,0
REACTOME_REGULATION_OF_KIT_SIGNALING,4,4,,,,,,0
REACTOME_REGULATION_OF_LOCALIZATION_OF_FOXO_TRANSCRIPTION_FACTORS,1,1,,,,,,0
REACTOME_REGULATION_OF_PTEN_LOCALIZATION,2,2,,,,,,0
REACTOME_REGULATION_OF_PTEN_MRNA_TRANSLATION,3,3,,,,,,0
REACTOME_REGULATION_OF_RUNX3_EXPRESSION_AND_ACTIVITY,3,3,,,,,,0
REACTOME_REGULATION_OF_SIGNALING_BY_NODAL,0,0,,,,,,0
REACTOME_REGULATION_OF_TLR_BY_ENDOGENOUS_LIGAND,4,4,,,,,,0
REACTOME_REGULATION_OF_TP53_ACTIVITY_THROUGH_ASSOCIATION_WITH_CO_FACTORS,0,0,,,,,,0
REACTOME_RELAXIN_RECEPTORS,1,1,,,,,,0
REACTOME_RELEASE_OF_APOPTOTIC_FACTORS_FROM_THE_MITOCHONDRIA,0,0,,,,,,0
REACTOME_RELEASE_OF_HH_NP_FROM_THE_SECRETING_CELL,0,0,,,,,,0
REACTOME_REMOVAL_OF_AMINOTERMINAL_PROPEPTIDES_FROM_GAMMA_CARBOXYLATED_PROTEINS,1,1,,,,,,0
REACTOME_RESPONSE_OF_EIF2AK1_HRI_TO_HEME_DEFICIENCY,3,3,,,,,,0
REACTOME_RESPONSE_TO_METAL_IONS,4,4,,,,,,0
REACTOME_RETINOID_CYCLE_DISEASE_EVENTS,1,1,,,,,,0
REACTOME_RETROGRADE_NEUROTROPHIN_SIGNALLING,1,1,,,,,,0
REACTOME_RHOBTB1_GTPASE_CYCLE,4,4,,,,,,0
REACTOME_RHOBTB3_ATPASE_CYCLE,2,2,,,,,,0
REACTOME_RHOT1_GTPASE_CYCLE,2,2,,,,,,0
REACTOME_RHO_GTPASES_ACTIVATE_CIT,2,2,,,,,,0
REACTOME_RHO_GTPASES_ACTIVATE_KTN1,2,2,,,,,,0
REACTOME_RHO_GTPASES_ACTIVATE_NADPH_OXIDASES,4,4,,,,,,0
REACTOME_RHO_GTPASES_ACTIVATE_PAKS,3,3,,,,,,0
REACTOME_RHO_GTPASES_ACTIVATE_PKNS,2,2,,,,,,0
REACTOME_RHO_GTPASES_ACTIVATE_RHOTEKIN_AND_RHOPHILINS,1,1,,,,,,0
REACTOME_RHO_GTPASES_ACTIVATE_ROCKS,1,1,,,,,,0
REACTOME_RIP_MEDIATED_NFKB_ACTIVATION_VIA_ZBP1,4,4,,,,,,0
REACTOME_ROBO_RECEPTORS_BIND_AKAP5,3,3,,,,,,0
REACTOME_ROLE_OF_ABL_IN_ROBO_SLIT_SIGNALING,2,2,,,,,,0
REACTOME_ROLE_OF_SECOND_MESSENGERS_IN_NETRIN_1_SIGNALING,2,2,,,,,,0
REACTOME_RORA_ACTIVATES_GENE_EXPRESSION,4,4,,,,,,0
REACTOME_RRNA_MODIFICATION_IN_THE_MITOCHONDRION,1,1,,,,,,0
REACTOME_RRNA_PROCESSING_IN_THE_MITOCHONDRION,1,1,,,,,,0
REACTOME_RSK_ACTIVATION,1,1,,,,,,0
REACTOME_RUNX1_REGULATES_ESTROGEN_RECEPTOR_MEDIATED_TRANSCRIPTION,1,1,,,,,,0
REACTOME_RUNX1_REGULATES_EXPRESSION_OF_COMPONENTS_OF_TIGHT_JUNCTIONS,1,1,,,,,,0
REACTOME_RUNX1_REGULATES_TRANSCRIPTION_OF_GENES_INVOLVED_IN_BCR_SIGNALING,2,2,,,,,,0
REACTOME_RUNX1_REGULATES_TRANSCRIPTION_OF_GENES_INVOLVED_IN_DIFFERENTIATION_OF_KERATINOCYTES,3,3,,,,,,0
REACTOME_RUNX1_REGULATES_TRANSCRIPTION_OF_GENES_INVOLVED_IN_DIFFERENTIATION_OF_MYELOID_CELLS,2,2,,,,,,0
REACTOME_RUNX1_REGULATES_TRANSCRIPTION_OF_GENES_INVOLVED_IN_INTERLEUKIN_SIGNALING,0,0,,,,,,0
REACTOME_RUNX1_REGULATES_TRANSCRIPTION_OF_GENES_INVOLVED_IN_WNT_SIGNALING,1,1,,,,,,0
REACTOME_RUNX2_REGULATES_CHONDROCYTE_MATURATION,1,1,,,,,,0
REACTOME_RUNX2_REGULATES_GENES_INVOLVED_IN_CELL_MIGRATION,0,0,,,,,,0
REACTOME_RUNX3_REGULATES_BCL2L11_BIM_TRANSCRIPTION,3,3,,,,,,0
REACTOME_RUNX3_REGULATES_CDKN1A_TRANSCRIPTION,1,1,,,,,,0
REACTOME_RUNX3_REGULATES_IMMUNE_RESPONSE_AND_CELL_MIGRATION,2,2,,,,,,0
REACTOME_RUNX3_REGULATES_NOTCH_SIGNALING,1,1,,,,,,0
REACTOME_RUNX3_REGULATES_P14_ARF,3,3,,,,,,0
REACTOME_RUNX3_REGULATES_WNT_SIGNALING,4,4,,,,,,0
REACTOME_RUNX3_REGULATES_YAP1_MEDIATED_TRANSCRIPTION,0,0,,,,,,0
REACTOME_SCAVENGING_BY_CLASS_B_RECEPTORS,1,1,,,,,,0
REACTOME_SCAVENGING_BY_CLASS_F_RECEPTORS,2,2,,,,,,0
REACTOME_SCAVENGING_OF_HEME_FROM_PLASMA,4,4,,,,,,0
REACTOME_SEALING_OF_THE_NUCLEAR_ENVELOPE_NE_BY_ESCRT_III,4,4,,,,,,0
REACTOME_SEMA3A_PAK_DEPENDENT_AXON_REPULSION,3,3,,,,,,0
REACTOME_SEMA3A_PLEXIN_REPULSION_SIGNALING_BY_INHIBITING_INTEGRIN_ADHESION,2,2,,,,,,0
REACTOME_SEMA4D_INDUCED_CELL_MIGRATION_AND_GROWTH_CONE_COLLAPSE,4,4,,,,,,0
REACTOME_SEMA4D_IN_SEMAPHORIN_SIGNALING,4,4,,,,,,0
REACTOME_SEMA4D_MEDIATED_INHIBITION_OF_CELL_ATTACHMENT_AND_MIGRATION,1,1,,,,,,0
REACTOME_SENSING_OF_DNA_DOUBLE_STRAND_BREAKS,0,0,,,,,,0
REACTOME_SENSORY_PERCEPTION_OF_SALTY_TASTE,0,0,,,,,,0
REACTOME_SENSORY_PERCEPTION_OF_TASTE,4,4,,,,,,0
REACTOME_SERINE_BIOSYNTHESIS,2,2,,,,,,0
REACTOME_SEROTONIN_AND_MELATONIN_BIOSYNTHESIS,0,0,,,,,,0
REACTOME_SEROTONIN_NEUROTRANSMITTER_RELEASE_CYCLE,2,2,,,,,,0
REACTOME_SEROTONIN_RECEPTORS,0,0,,,,,,0
REACTOME_SHC1_EVENTS_IN_EGFR_SIGNALING,3,3,,,,,,0
REACTOME_SHC1_EVENTS_IN_ERBB4_SIGNALING,2,2,,,,,,0
REACTOME_SHC_MEDIATED_CASCADE_FGFR1,3,3,,,,,,0
REACTOME_SHC_MEDIATED_CASCADE_FGFR3,2,2,,,,,,0
REACTOME_SHC_MEDIATED_CASCADE_FGFR4,2,2,,,,,,0
REACTOME_SHC_RELATED_EVENTS_TRIGGERED_BY_IGF1R,1,1,,,,,,0
REACTOME_SIGNALING_BY_ACTIVIN,2,2,,,,,,0
REACTOME_SIGNALING_BY_ALK,4,4,,,,,,0
REACTOME_SIGNALING_BY_BMP,4,4,,,,,,0
REACTOME_SIGNALING_BY_CTNNB1_PHOSPHO_SITE_MUTANTS,1,1,,,,,,0
REACTOME_SIGNALING_BY_FGFR2_IIIA_TM,4,4,,,,,,0
REACTOME_SIGNALING_BY_FGFR3_FUSIONS_IN_CANCER,2,2,,,,,,0
REACTOME_SIGNALING_BY_FGFR4_IN_DISEASE,3,3,,,,,,0
REACTOME_SIGNALING_BY_FLT3_ITD_AND_TKD_MUTANTS,4,4,,,,,,0
REACTOME_SIGNALING_BY_HIPPO,2,2,,,,,,0
REACTOME_SIGNALING_BY_LEPTIN,4,4,,,,,,0
REACTOME_SIGNALING_BY_LRP5_MUTANTS,1,1,,,,,,0
REACTOME_SIGNALING_BY_MAPK_MUTANTS,1,1,,,,,,0
REACTOME_SIGNALING_BY_MEMBRANE_TETHERED_FUSIONS_OF_PDGFRA_OR_PDGFRB,0,0,,,,,,0
REACTOME_SIGNALING_BY_MRAS_COMPLEX_MUTANTS,1,1,,,,,,0
REACTOME_SIGNALING_BY_MST1,1,1,,,,,,0
REACTOME_SIGNALING_BY_NODAL,2,2,,,,,,0
REACTOME_SIGNALING_BY_NOTCH1_HD_DOMAIN_MUTANTS_IN_CANCER,3,3,,,,,,0
REACTOME_SIGNALING_BY_NOTCH1_T_7_9_NOTCH1_M1580_K2555_TRANSLOCATION_MUTANT,0,0,,,,,,0
REACTOME_SIGNALING_BY_NTRK2_TRKB,4,4,,,,,,0
REACTOME_SIGNALING_BY_NTRK3_TRKC,3,3,,,,,,0
REACTOME_SIGNALING_BY_PDGFRA_TRANSMEMBRANE_JUXTAMEMBRANE_AND_KINASE_DOMAIN_MUTANTS,4,4,,,,,,0
REACTOME_SIGNALING_BY_PDGFR_IN_DISEASE,4,4,,,,,,0
REACTOME_SIGNALING_BY_RNF43_MUTANTS,0,0,,,,,,0
REACTOME_SIGNALING_BY_TGF_BETA_RECEPTOR_COMPLEX_IN_CANCER,2,2,,,,,,0
REACTOME_SIGNALLING_TO_P38_VIA_RIT_AND_RIN,1,1,,,,,,0
REACTOME_SIGNALLING_TO_RAS,2,2,,,,,,0
REACTOME_SIGNAL_ATTENUATION,1,1,,,,,,0
REACTOME_SIGNAL_REGULATORY_PROTEIN_FAMILY_INTERACTIONS,2,2,,,,,,0
REACTOME_SIGNAL_TRANSDUCTION_BY_L1,4,4,,,,,,0
REACTOME_SIRT1_NEGATIVELY_REGULATES_RRNA_EXPRESSION,3,3,,,,,,0
REACTOME_SLBP_DEPENDENT_PROCESSING_OF_REPLICATION_DEPENDENT_HISTONE_PRE_MRNAS,0,0,,,,,,0
REACTOME_SMAC_XIAP_REGULATED_APOPTOTIC_RESPONSE,1,1,,,,,,0
REACTOME_SMALL_INTERFERING_RNA_SIRNA_BIOGENESIS,2,2,,,,,,0
REACTOME_SODIUM_CALCIUM_EXCHANGERS,0,0,,,,,,0
REACTOME_SODIUM_COUPLED_PHOSPHATE_COTRANSPORTERS,0,0,,,,,,0
REACTOME_SODIUM_COUPLED_SULPHATE_DI_AND_TRI_CARBOXYLATE_TRANSPORTERS,0,0,,,,,,0
REACTOME_SODIUM_PROTON_EXCHANGERS,0,0,,,,,,0
REACTOME_SOS_MEDIATED_SIGNALLING,2,2,,,,,,0
REACTOME_SPERM_MOTILITY_AND_TAXES,2,2,,,,,,0
REACTOME_SPRY_REGULATION_OF_FGF_SIGNALING,3,3,,,,,,0
REACTOME_STAT3_NUCLEAR_EVENTS_DOWNSTREAM_OF_ALK_SIGNALING,0,0,,,,,,0
REACTOME_STAT5_ACTIVATION,2,2,,,,,,0
REACTOME_STAT5_ACTIVATION_DOWNSTREAM_OF_FLT3_ITD_MUTANTS,2,2,,,,,,0
REACTOME_STING_MEDIATED_INDUCTION_OF_HOST_IMMUNE_RESPONSES,1,1,,,,,,0
REACTOME_SULFIDE_OXIDATION_TO_SULFATE,1,1,,,,,,0
REACTOME_SUMOYLATION_OF_IMMUNE_RESPONSE_PROTEINS,2,2,,,,,,0
REACTOME_SUMOYLATION_OF_TRANSCRIPTION_FACTORS,3,3,,,,,,0
REACTOME_SUMO_IS_CONJUGATED_TO_E1_UBA2_SAE1,1,1,,,,,,0
REACTOME_SUMO_IS_PROTEOLYTICALLY_PROCESSED,1,1,,,,,,0
REACTOME_SUMO_IS_TRANSFERRED_FROM_E1_TO_E2_UBE2I_UBC9,1,1,,,,,,0
REACTOME_SUPPRESSION_OF_APOPTOSIS,0,0,,,,,,0
REACTOME_SUPPRESSION_OF_PHAGOSOMAL_MATURATION,4,4,,,,,,0
REACTOME_SURFACTANT_METABOLISM,3,3,,,,,,0
REACTOME_SYNDECAN_INTERACTIONS,4,4,,,,,,0
REACTOME_SYNTHESIS_OF_12_EICOSATETRAENOIC_ACID_DERIVATIVES,2,2,,,,,,0
REACTOME_SYNTHESIS_OF_15_EICOSATETRAENOIC_ACID_DERIVATIVES,1,1,,,,,,0
REACTOME_SYNTHESIS_OF_16_20_HYDROXYEICOSATETRAENOIC_ACIDS_HETE,1,1,,,,,,0
REACTOME_SYNTHESIS_OF_5_EICOSATETRAENOIC_ACIDS,2,2,,,,,,0
REACTOME_SYNTHESIS_OF_BILE_ACIDS_AND_BILE_SALTS_VIA_24_HYDROXYCHOLESTEROL,2,2,,,,,,0
REACTOME_SYNTHESIS_OF_BILE_ACIDS_AND_BILE_SALTS_VIA_27_HYDROXYCHOLESTEROL,1,1,,,,,,0
REACTOME_SYNTHESIS_OF_BILE_ACIDS_AND_BILE_SALTS_VIA_7ALPHA_HYDROXYCHOLESTEROL,2,2,,,,,,0
REACTOME_SYNTHESIS_OF_DIPHTHAMIDE_EEF2,3,3,,,,,,0
REACTOME_SYNTHESIS_OF_DOLICHYL_PHOSPHATE,2,2,,,,,,0
REACTOME_SYNTHESIS_OF_EPOXY_EET_AND_DIHYDROXYEICOSATRIENOIC_ACIDS_DHET,2,2,,,,,,0
REACTOME_SYNTHESIS_OF_GDP_MANNOSE,1,1,,,,,,0
REACTOME_SYNTHESIS_OF_KETONE_BODIES,2,2,,,,,,0
REACTOME_SYNTHESIS_OF_LEUKOTRIENES_LT_AND_EOXINS_EX,1,1,,,,,,0
REACTOME_SYNTHESIS_OF_LIPOXINS_LX,3,3,,,,,,0
REACTOME_SYNTHESIS_OF_PE,3,3,,,,,,0
REACTOME_SYNTHESIS_OF_PG,1,1,,,,,,0
REACTOME_SYNTHESIS_OF_PI,2,2,,,,,,0
REACTOME_SYNTHESIS_OF_PIPS_AT_THE_EARLY_ENDOSOME_MEMBRANE,4,4,,,,,,0
REACTOME_SYNTHESIS_OF_PIPS_AT_THE_ER_MEMBRANE,2,2,,,,,,0
REACTOME_SYNTHESIS_OF_PIPS_AT_THE_GOLGI_MEMBRANE,4,4,,,,,,0
REACTOME_SYNTHESIS_OF_PIPS_AT_THE_LATE_ENDOSOME_MEMBRANE,2,2,,,,,,0
REACTOME_SYNTHESIS_OF_PROSTAGLANDINS_PG_AND_THROMBOXANES_TX,4,4,,,,,,0
REACTOME_SYNTHESIS_OF_PYROPHOSPHATES_IN_THE_CYTOSOL,2,2,,,,,,0
REACTOME_SYNTHESIS_OF_UDP_N_ACETYL_GLUCOSAMINE,1,1,,,,,,0
REACTOME_SYNTHESIS_OF_WYBUTOSINE_AT_G37_OF_TRNA_PHE,2,2,,,,,,0
REACTOME_SYNTHESIS_SECRETION_AND_DEACYLATION_OF_GHRELIN,4,4,,,,,,0
REACTOME_SYNTHESIS_SECRETION_AND_INACTIVATION_OF_GLUCAGON_LIKE_PEPTIDE_1_GLP_1,2,2,,,,,,0
REACTOME_SYNTHESIS_SECRETION_AND_INACTIVATION_OF_GLUCOSE_DEPENDENT_INSULINOTROPIC_POLYPEPTIDE_GIP,2,2,,,,,,0
REACTOME_TACHYKININ_RECEPTORS_BIND_TACHYKININS,0,0,,,,,,0
REACTOME_TANDEM_PORE_DOMAIN_POTASSIUM_CHANNELS,0,0,,,,,,0
REACTOME_TERMINAL_PATHWAY_OF_COMPLEMENT,1,1,,,,,,0
REACTOME_TETRAHYDROBIOPTERIN_BH4_SYNTHESIS_RECYCLING_SALVAGE_AND_REGULATION,2,2,,,,,,0
REACTOME_TFAP2A_ACTS_AS_A_TRANSCRIPTIONAL_REPRESSOR_DURING_RETINOIC_ACID_INDUCED_CELL_DIFFERENTIATION,2,2,,,,,,0
REACTOME_TFAP2_AP_2_FAMILY_REGULATES_TRANSCRIPTION_OF_CELL_CYCLE_FACTORS,2,2,,,,,,0
REACTOME_TFAP2_AP_2_FAMILY_REGULATES_TRANSCRIPTION_OF_GROWTH_FACTORS_AND_THEIR_RECEPTORS,2,2,,,,,,0
REACTOME_THE_ACTIVATION_OF_ARYLSULFATASES,3,3,,,,,,0
REACTOME_THE_CANONICAL_RETINOID_CYCLE_IN_RODS_TWILIGHT_VISION,4,4,,,,,,0
REACTOME_THE_FATTY_ACID_CYCLING_MODEL,0,0,,,,,,0
REACTOME_THE_RETINOID_CYCLE_IN_CONES_DAYLIGHT_VISION,0,0,,,,,,0
REACTOME_THYROXINE_BIOSYNTHESIS,0,0,,,,,,0
REACTOME_TICAM1_DEPENDENT_ACTIVATION_OF_IRF3_IRF7,4,4,,,,,,0
REACTOME_TICAM1_TRAF6_DEPENDENT_INDUCTION_OF_TAK1_COMPLEX,4,4,,,,,,0
REACTOME_TLR3_MEDIATED_TICAM1_DEPENDENT_PROGRAMMED_CELL_DEATH,2,2,,,,,,0
REACTOME_TNFR1_INDUCED_PROAPOPTOTIC_SIGNALING,3,3,,,,,,0
REACTOME_TNFR1_MEDIATED_CERAMIDE_PRODUCTION,2,2,,,,,,0
REACTOME_TOXICITY_OF_BOTULINUM_TOXIN_TYPE_D_BOTD,1,1,,,,,,0
REACTOME_TP53_REGULATES_TRANSCRIPTION_OF_CASPASE_ACTIVATORS_AND_CASPASES,1,1,,,,,,0
REACTOME_TP53_REGULATES_TRANSCRIPTION_OF_GENES_INVOLVED_IN_CYTOCHROME_C_RELEASE,4,4,,,,,,0
REACTOME_TP53_REGULATES_TRANSCRIPTION_OF_GENES_INVOLVED_IN_G1_CELL_CYCLE_ARREST,3,3,,,,,,0
REACTOME_TP53_REGULATES_TRANSCRIPTION_OF_SEVERAL_ADDITIONAL_CELL_DEATH_GENES_WHOSE_SPECIFIC_ROLES_IN_P53_DEPENDENT_APOPTOSIS_REMAIN_UNCERTAIN,1,1,,,,,,0
REACTOME_TRAF3_DEPENDENT_IRF_ACTIVATION_PATHWAY,4,4,,,,,,0
REACTOME_TRAF6_MEDIATED_INDUCTION_OF_TAK1_COMPLEX_WITHIN_TLR4_COMPLEX,4,4,,,,,,0
REACTOME_TRAF6_MEDIATED_IRF7_ACTIVATION,3,3,,,,,,0
REACTOME_TRAF6_MEDIATED_IRF7_ACTIVATION_IN_TLR7_8_OR_9_SIGNALING,4,4,,,,,,0
REACTOME_TRAFFICKING_AND_PROCESSING_OF_ENDOSOMAL_TLR,3,3,,,,,,0
REACTOME_TRAFFICKING_OF_GLUR2_CONTAINING_AMPA_RECEPTORS,1,1,,,,,,0
REACTOME_TRAFFICKING_OF_MYRISTOYLATED_PROTEINS_TO_THE_CILIUM,0,0,,,,,,0
REACTOME_TRAIL_SIGNALING,4,4,,,,,,0
REACTOME_TRANSCRIPTIONAL_REGULATION_OF_TESTIS_DIFFERENTIATION,2,2,,,,,,0
REACTOME_TRANSLATION_OF_REPLICASE_AND_ASSEMBLY_OF_THE_REPLICATION_TRANSCRIPTION_COMPLEX,2,2,,,,,,0
REACTOME_TRANSPORT_AND_SYNTHESIS_OF_PAPS,2,2,,,,,,0
REACTOME_TRANSPORT_OF_CONNEXONS_TO_THE_PLASMA_MEMBRANE,3,3,,,,,,0
REACTOME_TRANSPORT_OF_FATTY_ACIDS,2,2,,,,,,0
REACTOME_TRANSPORT_OF_NUCLEOSIDES_AND_FREE_PURINE_AND_PYRIMIDINE_BASES_ACROSS_THE_PLASMA_MEMBRANE,1,1,,,,,,0
REACTOME_TRANSPORT_OF_NUCLEOTIDE_SUGARS,3,3,,,,,,0
REACTOME_TRANSPORT_OF_ORGANIC_ANIONS,3,3,,,,,,0
REACTOME_TRIF_MEDIATED_PROGRAMMED_CELL_DEATH,2,2,,,,,,0
REACTOME_TRIGLYCERIDE_BIOSYNTHESIS,3,3,,,,,,0
REACTOME_TRISTETRAPROLIN_TTP_ZFP36_BINDS_AND_DESTABILIZES_MRNA,4,4,,,,,,0
REACTOME_TRNA_MODIFICATION_IN_THE_MITOCHONDRION,3,3,,,,,,0
REACTOME_TRNA_PROCESSING_IN_THE_MITOCHONDRION,1,1,,,,,,0
REACTOME_TRP_CHANNELS,3,3,,,,,,0
REACTOME_TYPE_I_HEMIDESMOSOME_ASSEMBLY,0,0,,,,,,0
REACTOME_TYROSINE_CATABOLISM,1,1,,,,,,0
REACTOME_TYSND1_CLEAVES_PEROXISOMAL_PROTEINS,2,2,,,,,,0
REACTOME_UNBLOCKING_OF_NMDA_RECEPTORS_GLUTAMATE_BINDING_AND_ACTIVATION,4,4,,,,,,0
REACTOME_UNWINDING_OF_DNA,4,4,,,,,,0
REACTOME_UPTAKE_AND_FUNCTION_OF_ANTHRAX_TOXINS,1,1,,,,,,0
REACTOME_UPTAKE_AND_FUNCTION_OF_DIPHTHERIA_TOXIN,2,2,,,,,,0
REACTOME_UREA_CYCLE,1,1,,,,,,0
REACTOME_VASOPRESSIN_LIKE_RECEPTORS,3,3,,,,,,0
REACTOME_VEGF_LIGAND_RECEPTOR_INTERACTIONS,0,0,,,,,,0
REACTOME_VITAMINS,1,1,,,,,,0
REACTOME_VITAMIN_B1_THIAMIN_METABOLISM,1,1,,,,,,0
REACTOME_VITAMIN_B2_RIBOFLAVIN_METABOLISM,1,1,,,,,,0
REACTOME_VITAMIN_C_ASCORBATE_METABOLISM,3,3,,,,,,0
REACTOME_VITAMIN_D_CALCIFEROL_METABOLISM,1,1,,,,,,0
REACTOME_VLDLR_INTERNALISATION_AND_DEGRADATION,1,1,,,,,,0
REACTOME_VLDL_ASSEMBLY,0,0,,,,,,0
REACTOME_VLDL_CLEARANCE,1,1,,,,,,0
REACTOME_VOLTAGE_GATED_POTASSIUM_CHANNELS,2,2,,,,,,0
REACTOME_VXPX_CARGO_TARGETING_TO_CILIUM,1,1,,,,,,0
REACTOME_WAX_AND_PLASMALOGEN_BIOSYNTHESIS,2,2,,,,,,0
REACTOME_WNT5A_DEPENDENT_INTERNALIZATION_OF_FZD2_FZD5_AND_ROR2,0,0,,,,,,0
REACTOME_WNT5A_DEPENDENT_INTERNALIZATION_OF_FZD4,1,1,,,,,,0
REACTOME_WNT_LIGAND_BIOGENESIS_AND_TRAFFICKING,2,2,,,,,,0
REACTOME_WNT_MEDIATED_ACTIVATION_OF_DVL,2,2,,,,,,0
REACTOME_XENOBIOTICS,0,0,,,,,,0
REACTOME_YAP1_AND_WWTR1_TAZ_STIMULATED_GENE_EXPRESSION,0,0,,,,,,0
REACTOME_ZINC_EFFLUX_AND_COMPARTMENTALIZATION_BY_THE_SLC30_FAMILY,1,1,,,,,,0
REACTOME_ZINC_INFLUX_INTO_CELLS_BY_THE_SLC39_GENE_FAMILY,4,4,,,,,,0
