pathway,n_genes,n_tested,median_member,median_reference,effect,pvalue,qvalue,sign
REACTOME_INTERFERON_ALPHA_BETA_SIGNALING,18,18,0.9416529834270477,-0.0001321387244388461,0.9417851221514866,9.29652510717005e-11,7.836970665344353e-08,1
REACTOME_INTERFERON_SIGNALING,49,49,0.025101445615291595,-0.0002891179174184799,0.025390563532710075,3.977879222221448e-08,1.6766760921663405e-05,1
REACTOME_EUKARYOTIC_TRANSLATION_INITIATION,14,14,-0.03901549428701401,0.0001388988457620144,-0.03915439313277602,6.654151849128585e-05,0.018698166696051323,-1
REACTOME_MRNA_SPLICING,44,44,-0.012579629197716713,0.00022744573652744293,-0.012807074934244156,0.00010977027269399132,0.02313408497025867,-1
REACTOME_PD_1_SIGNALING,12,12,-0.06536918878555298,0.0001288391649723053,-0.06549802795052528,0.00026171117512919416,0.036770420105651784,-1
REACTOME_CELLULAR_RESPONSE_TO_HEAT_STRESS,33,33,0.01361798495054245,-8.587166666984558e-05,0.013703856617212296,0.00024180827751079165,0.036770420105651784,1
REACTOME_ACTIVATION_OF_THE_MRNA_UPON_BINDING_OF_THE_CAP_BINDING_COMPLEX_AND_EIFS_AND_SUBSEQUENT_BINDING_TO_43S,6,6,-0.22842377424240112,0.00011365581303834915,-0.22853743005543947,0.0005935352781286046,0.07147860563748767,-1
REACTOME_ASSEMBLY_OF_THE_HIV_VIRION,5,5,0.05293421447277069,-2.100318670272827e-05,0.05295521765947342,0.0007657201574812271,0.08068776159458431,1
REACTOME_ANTIVIRAL_MECHANISM_BY_IFN_STIMULATED_GENES,17,17,0.025089390575885773,-4.8493966460227966e-05,0.025137884542346,0.000875579736542469,0.08201263532281126,1
REACTOME_ATTENUATION_PHASE,14,14,0.03368672728538513,-7.595494389533997e-05,0.03376268222928047,0.001228008746177132,0.09411012482066566,1
REACTOME_REGULATION_OF_HSF1_MEDIATED_HEAT_SHOCK_RESPONSE,29,29,0.013163644820451736,-8.07587057352066e-05,0.013244403526186943,0.0011278799985120869,0.09411012482066566,1
REACTOME_HSF1_ACTIVATION,15,15,0.03051862120628357,-4.8493966460227966e-05,0.030567115172743797,0.0014587430942817942,0.09956336482954167,1
REACTOME_HSF1_DEPENDENT_TRANSACTIVATION,16,16,0.022109238896518946,-7.595494389533997e-05,0.022185193840414286,0.001535378105319148,0.09956336482954167,1
REACTOME_FCGR_ACTIVATION,5,5,-0.06699234247207642,0.00010135071352124214,-0.06709369318559766,0.0016728038245013383,0.10072668743247346,-1
REACTOME_SIGNALING_BY_KIT_IN_DISEASE,6,6,-0.04128378629684448,0.00011365581303834915,-0.04139744210988283,0.001968788104139048,0.10373052323682609,-1
REACTOME_MRNA_EDITING,5,5,0.017314530909061432,-2.100318670272827e-05,0.01733553409576416,0.0018948350537051004,0.10373052323682609,1
REACTOME_GENERATION_OF_SECOND_MESSENGER_MOLECULES,17,17,-0.04375666379928589,0.00012124748900532722,-0.043877911288291216,0.0021904424272660185,0.10603247325645176,-1
REACTOME_ROLE_OF_PHOSPHOLIPIDS_IN_PHAGOCYTOSIS,8,8,-0.03896687924861908,0.00011365581303834915,-0.03908053506165743,0.002264038574870856,0.10603247325645176,-1
REACTOME_METABOLISM_OF_RNA,150,150,-0.007899296004325151,0.00036567170172929764,-0.008264967706054449,0.0025465600096392024,0.11298684674346565,-1
REACTOME_PROCESSING_OF_CAPPED_INTRON_CONTAINING_PRE_MRNA,56,56,-0.010308977216482162,0.00022744573652744293,-0.010536422953009605,0.003094422611060516,0.13042991305620075,-1
REACTOME_CYTOKINE_SIGNALING_IN_IMMUNE_SYSTEM,191,191,0.001558840274810791,-0.00036349380388855934,0.0019223340786993504,0.004369699611641296,0.1754122272673149,1
REACTOME_MITOCHONDRIAL_BIOGENESIS,16,16,0.007861945778131485,-8.556246757507324e-05,0.007947508245706558,0.004964906493011379,0.1870210495005954,1
REACTOME_PEPTIDE_LIGAND_BINDING_RECEPTORS,56,56,0.001558840274810791,-0.00013727135956287384,0.0016961116343736649,0.005102590911641393,0.1870210495005954,1
REACTOME_INFECTION_WITH_MYCOBACTERIUM_TUBERCULOSIS,6,6,0.07644296810030937,-2.0973384380340576e-05,0.07646394148468971,0.005545502316538489,0.19478576886841445,1
REACTOME_ANTIGEN_ACTIVATES_B_CELL_RECEPTOR_BCR_LEADING_TO_GENERATION_OF_SECOND_MESSENGERS,12,12,-0.022171467542648315,0.0001288391649723053,-0.02230030670762062,0.006408926410589152,0.2161089985650662,-1
REACTOME_REGULATION_OF_TP53_EXPRESSION_AND_DEGRADATION,6,6,0.058790553361177444,-2.0973384380340576e-05,0.058811526745557785,0.006861118908464556,0.21898376412240209,1
REACTOME_RHOD_GTPASE_CYCLE,10,10,-0.012743998318910599,0.0001288391649723053,-0.012872837483882904,0.007013714865130316,0.21898376412240209,-1
REACTOME_EUKARYOTIC_TRANSLATION_ELONGATION,5,5,-0.15472811460494995,6.463192403316498e-05,-0.15479274652898312,0.007579428657201234,0.22819494135788002,-1
REACTOME_DISORDERS_OF_TRANSMEMBRANE_TRANSPORTERS,30,30,0.0028457194566726685,-8.556246757507324e-05,0.0029312819242477417,0.008323550320274134,0.24195699724107225,1
REACTOME_INACTIVATION_OF_CSF3_G_CSF_SIGNALING,5,5,0.09440141916275024,-1.6496283933520317e-05,0.09441791544668376,0.009683767073042197,0.2630836395514902,1
REACTOME_ADVANCED_GLYCOSYLATION_ENDPRODUCT_RECEPTOR_SIGNALING,5,5,-0.08236956596374512,6.463192403316498e-05,-0.08243419788777828,0.00955341176756774,0.2630836395514902,-1
REACTOME_ROLE_OF_LAT2_NTAL_LAB_ON_CALCIUM_MOBILIZATION,6,6,-0.05160971358418465,8.904561400413513e-05,-0.05169875919818878,0.009986567574908288,0.2630836395514902,-1
REACTOME_RRNA_PROCESSING,40,40,-0.008404436986893415,0.00020472705364227295,-0.008609164040535688,0.010537672725176852,0.26918963961588144,-1
REACTOME_GPVI_MEDIATED_ACTIVATION_CASCADE,10,10,-0.03488059155642986,0.00011365581303834915,-0.03499424736946821,0.011372880921251969,0.273923960474726,-1
REACTOME_MRNA_SPLICING_MINOR_PATHWAY,14,14,-0.019315006211400032,0.0001288391649723053,-0.019443845376372337,0.011233838260032889,0.273923960474726,-1
REACTOME_INTERFERON_GAMMA_SIGNALING,24,24,0.004265107563696802,-8.618086576461792e-05,0.00435128842946142,0.01226916301491444,0.28730290059924646,1
REACTOME_FCGR3A_MEDIATED_IL10_SYNTHESIS,12,12,-0.01327363820746541,0.00011365581303834915,-0.01338729402050376,0.014054240020908132,0.2889688862835501,-1
REACTOME_POSITIVE_EPIGENETIC_REGULATION_OF_RRNA_EXPRESSION,13,13,-0.012091209180653095,0.00013386900536715984,-0.012225078186020255,0.012936053865791296,0.2889688862835501,-1
REACTOME_RNA_POLYMERASE_II_TRANSCRIPTION_TERMINATION,19,19,-0.010323531925678253,0.00013386900536715984,-0.010457400931045413,0.013776415441245526,0.2889688862835501,-1
REACTOME_PEXOPHAGY,5,5,0.00869063287973404,-2.100318670272827e-05,0.008711636066436768,0.013551961355467292,0.2889688862835501,1
REACTOME_REGULATED_NECROSIS,15,15,0.008143207058310509,-8.07587057352066e-05,0.008223965764045715,0.013353465661986337,0.2889688862835501,1
REACTOME_RIPK1_MEDIATED_REGULATED_NECROSIS,11,11,0.008143207058310509,-4.8493966460227966e-05,0.008191701024770737,0.01511914162952898,0.3034627712784031,1
REACTOME_HIV_ELONGATION_ARREST_AND_RECOVERY,7,7,-0.02387070655822754,0.00010135071352124214,-0.02397205727174878,0.015492962817736797,0.30373413151981676,-1
REACTOME_RET_SIGNALING,7,7,-0.014263805001974106,0.00010135071352124214,-0.014365155715495348,0.01588150835133721,0.30427526227675605,-1
REACTOME_CELL_CYCLE_CHECKPOINTS,59,59,0.0019504353404045105,-0.00010127760469913483,0.0020517129451036453,0.016422673410754183,0.30765141522812833,1
REACTOME_TIE2_SIGNALING,6,6,-0.020666999742388725,8.904561400413513e-05,-0.02075604535639286,0.017156419505212853,0.30850680686151133,-1
REACTOME_REGULATION_OF_TP53_ACTIVITY_THROUGH_ACETYLATION,8,8,-0.016829760745167732,0.00011365581303834915,-0.01694341655820608,0.01720026088077228,0.30850680686151133,-1
REACTOME_SYNTHESIS_OF_PA,7,7,0.011982843279838562,-2.100318670272827e-05,0.01200384646654129,0.018806592331221887,0.31841047479396206,1
REACTOME_BASE_EXCISION_REPAIR_AP_SITE_FORMATION,8,8,-0.010374433360993862,0.0001288391649723053,-0.010503272525966167,0.018392890248768935,0.31841047479396206,-1
REACTOME_AUTOPHAGY,30,30,0.005183416418731213,-8.618086576461792e-05,0.0052695972844958305,0.018885556037601545,0.31841047479396206,1
REACTOME_EPH_EPHRIN_MEDIATED_REPULSION_OF_CELLS,8,8,-0.01079359045252204,8.904561400413513e-05,-0.010882636066526175,0.019574368740587954,0.3235528009473656,-1
REACTOME_STABILIZATION_OF_P53,5,5,0.005907900631427765,-2.100318670272827e-05,0.005928903818130493,0.021058726484005235,0.3320650158385902,1
REACTOME_REGULATION_OF_PTEN_STABILITY_AND_ACTIVITY,8,8,0.005694769788533449,-2.1032989025115967e-05,0.005715802777558565,0.020532218344698185,0.3320650158385902,1
REACTOME_CYCLIN_A_CDK2_ASSOCIATED_EVENTS_AT_S_PHASE_ENTRY,16,16,0.0039385121781378984,-2.1032989025115967e-05,0.003959545167163014,0.021271068630229976,0.3320650158385902,1
REACTOME_RESPONSE_OF_MTB_TO_PHAGOCYTOSIS,5,5,0.0584845170378685,-1.6496283933520317e-05,0.05850101332180202,0.02243445298934721,0.34385897945490357,1
REACTOME_AUF1_HNRNP_D0_BINDS_AND_DESTABILIZES_MRNA,7,7,0.09440141916275024,-2.100318670272827e-05,0.09442242234945297,0.024208630702597187,0.35165848364259655,1
REACTOME_ABORTIVE_ELONGATION_OF_HIV_1_TRANSCRIPT_IN_THE_ABSENCE_OF_TAT,6,6,-0.026157163083553314,8.904561400413513e-05,-0.02624620869755745,0.024835775609719418,0.35165848364259655,-1
REACTOME_NEPHRIN_FAMILY_INTERACTIONS,7,7,-0.024030566215515137,0.00010135071352124214,-0.02413191692903638,0.028680275163467023,0.35165848364259655,-1
REACTOME_APOPTOTIC_CLEAVAGE_OF_CELLULAR_PROTEINS,9,9,0.019333437085151672,-2.100318670272827e-05,0.0193544402718544,0.02940590784322827,0.35165848364259655,1
REACTOME_FCERI_MEDIATED_MAPK_ACTIVATION,10,10,-0.01790117658674717,8.904561400413513e-05,-0.017990222200751305,0.028672688711679117,0.35165848364259655,-1
REACTOME_ERCC6_CSB_AND_EHMT2_G9A_POSITIVELY_REGULATE_RRNA_EXPRESSION,6,6,-0.014201438520103693,0.00011365581303834915,-0.014315094333142042,0.02939050327924328,0.35165848364259655,-1
REACTOME_REGULATION_OF_HMOX1_EXPRESSION_AND_ACTIVITY,6,6,0.01258993148803711,-2.0973384380340576e-05,0.01261090487241745,0.029617737056493895,0.35165848364259655,1
REACTOME_SIGNALING_BY_ERYTHROPOIETIN,10,10,-0.01168659282848239,0.00011365581303834915,-0.011800248641520739,0.025500725949313036,0.35165848364259655,-1
REACTOME_SIGNALING_BY_SCF_KIT,11,11,-0.009598979726433754,0.00012124748900532722,-0.009720227215439081,0.027743465205883795,0.35165848364259655,-1
REACTOME_TRANSCRIPTIONAL_ACTIVATION_OF_MITOCHONDRIAL_BIOGENESIS,12,12,0.007861945778131485,-2.1032989025115967e-05,0.007882978767156601,0.02658563429886561,0.35165848364259655,1
REACTOME_EPHB_MEDIATED_FORWARD_SIGNALING,6,6,-0.007384648080915213,0.00011365581303834915,-0.007498303893953562,0.02916477092051693,0.35165848364259655,-1
REACTOME_DEGRADATION_OF_AXIN,7,7,0.006784811615943909,-2.100318670272827e-05,0.006805814802646637,0.02739165478553953,0.35165848364259655,1
REACTOME_REGULATION_OF_TP53_ACTIVITY_THROUGH_PHOSPHORYLATION,23,23,0.0058244625106453896,-4.8493966460227966e-05,0.0058729564771056175,0.02587369337749704,0.35165848364259655,1
REACTOME_TRANSLATION,52,52,-0.005421059671789408,0.0001388988457620144,-0.005559958517551422,0.0248113041088244,0.35165848364259655,-1
REACTOME_PROCESSING_OF_DNA_DOUBLE_STRAND_BREAK_ENDS,14,14,0.005420672474429011,-2.1032989025115967e-05,0.005441705463454127,0.02633800398774709,0.35165848364259655,1
REACTOME_CHEMOKINE_RECEPTORS_BIND_CHEMOKINES,35,35,0.004643049091100693,-8.587166666984558e-05,0.004728920757770538,0.02939492070282077,0.35165848364259655,1
REACTOME_HCMV_LATE_EVENTS,13,13,0.01690066233277321,-1.6496283933520317e-05,0.01691715861670673,0.030136968907012653,0.3528536776196065,1
REACTOME_HATS_ACETYLATE_HISTONES,26,26,-0.014882344752550125,0.0001388988457620144,-0.01502124359831214,0.030649535013511968,0.3539391509094601,-1
REACTOME_SLC_MEDIATED_TRANSMEMBRANE_TRANSPORT,36,36,0.001558840274810791,-9.639747440814972e-05,0.0016552377492189407,0.03148376244544761,0.358659618128545,1
REACTOME_CYTOSOLIC_SULFONATION_OF_SMALL_MOLECULES,6,6,-0.019172527827322483,8.904561400413513e-05,-0.019261573441326618,0.03575636047969274,0.3864437421074485,-1
REACTOME_LATE_ENDOSOMAL_MICROAUTOPHAGY,9,9,0.0164774302393198,-2.100318670272827e-05,0.01649843342602253,0.035691892671419534,0.3864437421074485,1
REACTOME_FCGAMMA_RECEPTOR_FCGR_DEPENDENT_PHAGOCYTOSIS,18,18,-0.009048474486917257,0.00011365581303834915,-0.009162130299955606,0.03562457112892371,0.3864437421074485,-1
REACTOME_FC_EPSILON_RECEPTOR_FCERI_SIGNALING,32,32,-0.007803992833942175,0.0001388988457620144,-0.00794289167970419,0.034606648291192886,0.3864437421074485,-1
REACTOME_SIGNALING_BY_NTRKS,27,27,-0.0048126354813575745,0.00010135071352124214,-0.004913986194878817,0.036519729263773205,0.3872967907829013,-1
REACTOME_THE_ROLE_OF_GTSE1_IN_G2_M_PROGRESSION_AFTER_G2_CHECKPOINT,9,9,0.004132598638534546,-4.8493966460227966e-05,0.004181092604994774,0.036754143846538675,0.3872967907829013,1
REACTOME_SIGNALING_BY_NOTCH4,6,6,0.02361603081226349,-1.2019183486700058e-05,0.02362804999575019,0.03962014741043912,0.3972926552398821,1
REACTOME_AGGREPHAGY,7,7,0.0164774302393198,-2.100318670272827e-05,0.01649843342602253,0.04005916452596676,0.3972926552398821,1
REACTOME_EPH_EPHRIN_SIGNALING,14,14,-0.0073078228160738945,0.0001288391649723053,-0.0074366619810462,0.03883664539045351,0.3972926552398821,-1
REACTOME_BASE_EXCISION_REPAIR,21,21,-0.005634769797325134,0.00014412857126444578,-0.00577889836858958,0.03830242881598229,0.3972926552398821,-1
REACTOME_SARS_COV_1_INFECTION,12,12,0.003829231485724449,-2.1032989025115967e-05,0.003850264474749565,0.03943693816693015,0.3972926552398821,1
REACTOME_NEGATIVE_REGULATION_OF_FLT3,6,6,0.01928652450442314,-2.0973384380340576e-05,0.019307497888803482,0.0412257142323539,0.3994629551479808,1
REACTOME_REGULATION_BY_C_FLIP,6,6,0.017700121621601284,-2.0973384380340576e-05,0.017721095005981624,0.04116528061836297,0.3994629551479808,1
REACTOME_INSULIN_RECEPTOR_SIGNALLING_CASCADE,11,11,-0.012628505006432533,0.00010135071352124214,-0.012729855719953775,0.04322223594804324,0.4048482767133384,-1
REACTOME_IRS_MEDIATED_SIGNALLING,11,11,-0.012628505006432533,0.00010135071352124214,-0.012729855719953775,0.04322223594804324,0.4048482767133384,-1
REACTOME_SIGNALING_BY_TYPE_1_INSULIN_LIKE_GROWTH_FACTOR_1_RECEPTOR_IGF1R,11,11,-0.012628505006432533,0.00010135071352124214,-0.012729855719953775,0.04322223594804324,0.4048482767133384,-1
REACTOME_SLC_TRANSPORTER_DISORDERS,19,19,0.001558840274810791,-2.100318670272827e-05,0.0015798434615135193,0.04422285717209985,0.40966888567121074,1
REACTOME_NUCLEOTIDE_EXCISION_REPAIR,37,37,-0.006513472646474838,0.00014412857126444578,-0.006657601217739284,0.044869782450210234,0.4111437674513829,-1
REACTOME_P75NTR_SIGNALS_VIA_NF_KB,5,5,0.08338660001754761,-1.6496283933520317e-05,0.08340309630148113,0.049190098424307216,0.4218879318946194,1
REACTOME_INFLAMMASOMES,7,7,0.021047264337539673,-1.6496283933520317e-05,0.021063760621473193,0.05004601801834157,0.4218879318946194,1
REACTOME_CASPASE_ACTIVATION_VIA_EXTRINSIC_APOPTOTIC_SIGNALLING_PATHWAY,10,10,0.017700121621601284,-2.0973384380340576e-05,0.017721095005981624,0.048467793573003556,0.4218879318946194,1
REACTOME_ERYTHROCYTES_TAKE_UP_CARBON_DIOXIDE_AND_RELEASE_OXYGEN,5,5,-0.013227894902229309,0.00010135071352124214,-0.013329245615750551,0.04895995864951787,0.4218879318946194,-1
REACTOME_ERYTHROCYTES_TAKE_UP_OXYGEN_AND_RELEASE_CARBON_DIOXIDE,5,5,-0.013227894902229309,0.00010135071352124214,-0.013329245615750551,0.04895995864951787,0.4218879318946194,-1
REACTOME_DNA_DAMAGE_RECOGNITION_IN_GG_NER,17,17,-0.010335303843021393,0.00013386900536715984,-0.010469172848388553,0.04922676106734148,0.4218879318946194,-1
REACTOME_RESOLUTION_OF_ABASIC_SITES_AP_SITES,18,18,-0.009962311014533043,0.0001288391649723053,-0.010091150179505348,0.04988427197309236,0.4218879318946194,-1
REACTOME_ASSOCIATION_OF_TRIC_CCT_WITH_TARGET_PROTEINS_DURING_BIOSYNTHESIS,8,8,-0.009355252608656883,0.00011365581303834915,-0.009468908421695232,0.047761171624401313,0.4218879318946194,-1
REACTOME_PARASITE_INFECTION,12,12,-0.009048474486917257,8.904561400413513e-05,-0.009137520100921392,0.05279951775062772,0.44069300459187294,-1
REACTOME_EXPORT_OF_VIRAL_RIBONUCLEOPROTEINS_FROM_NUCLEUS,10,10,0.016925926320254803,-1.2019183486700058e-05,0.016937945503741503,0.06071561473938785,0.4442911476175649,1
REACTOME_MHC_CLASS_II_ANTIGEN_PRESENTATION,32,32,-0.012400650884956121,0.0001288391649723053,-0.012529490049928427,0.06334670992318095,0.4442911476175649,-1
REACTOME_SIGNALLING_TO_ERKS,5,5,-0.010744680650532246,6.463192403316498e-05,-0.01080931257456541,0.05934761021574393,0.4442911476175649,-1
REACTOME_COMPLEX_I_BIOGENESIS,9,9,-0.00873720645904541,0.00010135071352124214,-0.008838557172566652,0.057498245832780764,0.4442911476175649,-1
REACTOME_SIGNALING_BY_THE_B_CELL_RECEPTOR_BCR,24,24,-0.00868711806833744,0.0001288391649723053,-0.008815957233309746,0.05951374407165732,0.4442911476175649,-1
REACTOME_RRNA_MODIFICATION_IN_THE_NUCLEUS_AND_CYTOSOL,19,19,-0.00817994773387909,0.00012124748900532722,-0.008301195222884417,0.05399161669412042,0.4442911476175649,-1
REACTOME_RHOF_GTPASE_CYCLE,10,10,-0.008124971762299538,0.00011365581303834915,-0.008238627575337887,0.058922124819516815,0.4442911476175649,-1
REACTOME_TCR_SIGNALING,31,31,-0.007384248077869415,0.00012124748900532722,-0.0075054955668747425,0.05880024099592991,0.4442911476175649,-1
REACTOME_NRAGE_SIGNALS_DEATH_THROUGH_JNK,20,20,-0.0050201620906591415,0.00011365581303834915,-0.005133817903697491,0.05753113404836943,0.4442911476175649,-1
REACTOME_NUCLEOTIDE_BINDING_DOMAIN_LEUCINE_RICH_REPEAT_CONTAINING_RECEPTOR_NLR_SIGNALING_PATHWAYS,16,16,0.004987448453903198,-2.0973384380340576e-05,0.005008421838283539,0.06192549505426973,0.4442911476175649,1
REACTOME_GLYCEROPHOSPHOLIPID_BIOSYNTHESIS,26,26,0.004794941400177777,-8.556246757507324e-05,0.00488050386775285,0.0613855019937879,0.4442911476175649,1
REACTOME_HOST_INTERACTIONS_OF_HIV_FACTORS,24,24,0.004677781835198402,-2.1032989025115967e-05,0.004698814824223518,0.05604895976423566,0.4442911476175649,1
REACTOME_G1_S_DNA_DAMAGE_CHECKPOINTS,7,7,0.004132598638534546,-2.100318670272827e-05,0.004153601825237274,0.061569332105348144,0.4442911476175649,1
REACTOME_APOPTOSIS,33,33,0.0037720815744251013,-4.8493966460227966e-05,0.0038205755408853292,0.05928085766898079,0.4442911476175649,1
REACTOME_RUNX1_REGULATES_TRANSCRIPTION_OF_GENES_INVOLVED_IN_DIFFERENTIATION_OF_HSCS,13,13,0.0035040797665715218,-4.8493966460227966e-05,0.0035525737330317497,0.061298033491063775,0.4442911476175649,1
REACTOME_DEGRADATION_OF_DVL,6,6,0.0028457194566726685,-2.0973384380340576e-05,0.002866692841053009,0.06377132723810837,0.4442911476175649,1
REACTOME_SEPARATION_OF_SISTER_CHROMATIDS,44,44,0.0027467007748782635,-8.618086576461792e-05,0.0028328816406428814,0.05870635707519895,0.4442911476175649,1
REACTOME_G_ALPHA_I_SIGNALLING_EVENTS,79,79,0.001558840274810791,-0.00014153774827718735,0.0017003780230879784,0.06245787954567888,0.4442911476175649,1
REACTOME_SIGNALING_BY_HEDGEHOG,22,22,0.001558840274810791,-8.618086576461792e-05,0.001645021140575409,0.05606412314936975,0.4442911476175649,1
REACTOME_CELLULAR_RESPONSES_TO_STIMULI,153,153,0.001122698187828064,-9.128917008638382e-05,0.0012139873579144478,0.06342525169461148,0.4442911476175649,1
REACTOME_REGULATION_OF_MRNA_STABILITY_BY_PROTEINS_THAT_BIND_AU_RICH_ELEMENTS,11,11,0.013922546058893204,-2.100318670272827e-05,0.013943549245595932,0.06511505495907807,0.44993435516805586,1
REACTOME_SIGNALING_BY_CSF3_G_CSF,6,6,0.07854975759983063,-1.2019183486700058e-05,0.07856177678331733,0.06706270638597812,0.4522708918670365,1
REACTOME_MAP2K_AND_MAPK_ACTIVATION,8,8,-0.01594141498208046,4.0218234062194824e-05,-0.015981633216142654,0.06705637416066132,0.4522708918670365,-1
REACTOME_APC_C_MEDIATED_DEGRADATION_OF_CELL_CYCLE_PROTEINS,14,14,0.004644446074962616,-2.1032989025115967e-05,0.004665479063987732,0.06600560338464263,0.4522708918670365,1
REACTOME_ORGANELLE_BIOGENESIS_AND_MAINTENANCE,71,71,0.001558840274810791,-9.128917008638382e-05,0.0016501294448971748,0.06841746463605551,0.45774541816027614,1
REACTOME_CHAPERONE_MEDIATED_AUTOPHAGY,8,8,0.012321796966716647,-2.0973384380340576e-05,0.012342770351096988,0.071003539431228,0.47130695858681265,1
REACTOME_ERYTHROPOIETIN_ACTIVATES_PHOSPHOINOSITIDE_3_KINASE_PI3K,6,6,-0.01344615500420332,8.904561400413513e-05,-0.013535200618207455,0.07230915373998408,0.4762235672094264,-1
REACTOME_MRNA_DECAY_BY_3_TO_5_EXORIBONUCLEASE,8,8,-0.01312486082315445,8.904561400413513e-05,-0.013213906437158585,0.0737676873520026,0.48206325920727283,-1
REACTOME_RESPONSE_OF_EIF2AK4_GCN2_TO_AMINO_ACID_DEFICIENCY,8,8,-0.05488664656877518,4.0218234062194824e-05,-0.05492686480283737,0.07513921278837948,0.48352943801987713,-1
REACTOME_PROCESSIVE_SYNTHESIS_ON_THE_LAGGING_STRAND,7,7,-0.010109106078743935,6.463192403316498e-05,-0.0101737380027771,0.07493048121159386,0.48352943801987713,-1
REACTOME_DEADENYLATION_DEPENDENT_MRNA_DECAY,16,16,-0.01312486082315445,8.904561400413513e-05,-0.013213906437158585,0.0798768445776744,0.4951189704336729,-1
REACTOME_BRANCHED_CHAIN_AMINO_ACID_CATABOLISM,6,6,-0.006521129049360752,0.00011365581303834915,-0.006634784862399101,0.07798971451329738,0.4951189704336729,-1
REACTOME_SMAD2_SMAD3_SMAD4_HETEROTRIMER_REGULATES_TRANSCRIPTION,10,10,0.00539572979323566,-2.0973384380340576e-05,0.005416703177616,0.07873763241992396,0.4951189704336729,1
REACTOME_CELLULAR_RESPONSE_TO_HYPOXIA,8,8,0.0028457194566726685,-2.1032989025115967e-05,0.0028667524456977844,0.07919867788048364,0.4951189704336729,1
REACTOME_G2_M_CHECKPOINTS,24,24,0.001558840274810791,-2.1032989025115967e-05,0.001579873263835907,0.0795496778610761,0.4951189704336729,1
REACTOME_RAS_PROCESSING,7,7,0.02693028748035431,-1.6496283933520317e-05,0.02694678376428783,0.08170642987585193,0.5027629225207532,1
REACTOME_CHROMATIN_MODIFYING_ENZYMES,61,61,-0.0035138921812176704,0.00020555220544338226,-0.0037194443866610527,0.08487178826674774,0.5074249468714067,-1
REACTOME_SCF_SKP2_MEDIATED_DEGRADATION_OF_P27_P21,8,8,0.0028766475152224302,-1.2019183486700058e-05,0.0028886666987091303,0.08371725265004618,0.5074249468714067,1
REACTOME_TRANSCRIPTIONAL_REGULATION_BY_RUNX1,54,54,0.0017358821351081133,-9.639747440814972e-05,0.001832279609516263,0.08404633755722479,0.5074249468714067,1
REACTOME_HEDGEHOG_OFF_STATE,18,18,0.001558840274810791,-7.595494389533997e-05,0.001634795218706131,0.08467504462228297,0.5074249468714067,1
REACTOME_CELLULAR_RESPONSE_TO_CHEMICAL_STRESS,24,24,0.0021319929510354996,-2.1032989025115967e-05,0.0021530259400606155,0.08565450477336761,0.5084982219996401,1
REACTOME_PROGRAMMED_CELL_DEATH,38,38,0.002665460924617946,-7.595494389533997e-05,0.002741415868513286,0.08688385357368177,0.5086325594625953,1
REACTOME_THE_PHOTOTRANSDUCTION_CASCADE,9,9,0.0016292533837258816,-1.6496283933520317e-05,0.001645749667659402,0.08643659268557287,0.5086325594625953,1
REACTOME_ABC_TRANSPORTER_DISORDERS,11,11,0.004132598638534546,-2.100318670272827e-05,0.004153601825237274,0.08917208629996902,0.5184280603508544,1
REACTOME_THE_NLRP3_INFLAMMASOME,6,6,0.058957651257514954,-1.2019183486700058e-05,0.058969670441001654,0.09148766361772201,0.5282472632173949,1
REACTOME_SRP_DEPENDENT_COTRANSLATIONAL_PROTEIN_TARGETING_TO_MEMBRANE,9,9,-0.08236956596374512,6.463192403316498e-05,-0.08243419788777828,0.09715563202109254,0.5496791798240337,-1
REACTOME_SUMOYLATION_OF_SUMOYLATION_PROTEINS,10,10,0.011191131547093391,-1.2019183486700058e-05,0.011203150730580091,0.09589399630151346,0.5496791798240337,1
REACTOME_SELECTIVE_AUTOPHAGY,16,16,0.0061434730887413025,-7.595494389533997e-05,0.0062194280326366425,0.0970888706038631,0.5496791798240337,1
REACTOME_O_LINKED_GLYCOSYLATION_OF_MUCINS,13,13,0.004535021260380745,-8.07587057352066e-05,0.0046157799661159515,0.0978095234926013,0.5496895220284194,1
REACTOME_TRANSLESION_SYNTHESIS_BY_POLK,7,7,0.009179474785923958,-1.6496283933520317e-05,0.009195971069857478,0.1012451586213467,0.5542186280376316,1
REACTOME_SYNTHESIS_OF_PC,7,7,0.008229782804846764,-2.100318670272827e-05,0.008250785991549492,0.10054259128258962,0.5542186280376316,1
REACTOME_CYCLIN_D_ASSOCIATED_EVENTS_IN_G1,17,17,0.0016206963919103146,-1.6496283933520317e-05,0.0016371926758438349,0.10077303277482572,0.5542186280376316,1
REACTOME_DOWNREGULATION_OF_ERBB2_ERBB3_SIGNALING,5,5,0.001558840274810791,-1.6496283933520317e-05,0.0015753365587443113,0.0993629425238268,0.5542186280376316,1
REACTOME_MITOTIC_G2_G2_M_PHASES,42,42,0.0023187617771327496,-8.556246757507324e-05,0.002404324244707823,0.10301878652879151,0.560289271250137,1
REACTOME_TRANSPORT_OF_BILE_SALTS_AND_ORGANIC_ACIDS_METAL_IONS_AND_AMINE_COMPOUNDS,11,11,0.006397925317287445,-1.6496283933520317e-05,0.006414421601220965,0.10438640311264331,0.5640880629740918,1
REACTOME_DEGRADATION_OF_BETA_CATENIN_BY_THE_DESTRUCTION_COMPLEX,12,12,0.0028457194566726685,-2.1032989025115967e-05,0.0028667524456977844,0.10536892868311319,0.5657707444577352,1
REACTOME_SIGNALING_BY_FGFR2_IN_DISEASE,9,9,-0.02265278995037079,6.463192403316498e-05,-0.022717421874403954,0.10705833790227448,0.5706634884852014,-1
REACTOME_COSTIMULATION_BY_THE_CD28_FAMILY,25,25,-0.0074514588341116905,0.00010135071352124214,-0.007552809547632933,0.110068580777533,0.5706634884852014,-1
REACTOME_PROCESSIVE_SYNTHESIS_ON_THE_C_STRAND_OF_THE_TELOMERE,10,10,-0.004830952733755112,0.00011365581303834915,-0.004944608546793461,0.11139599327976854,0.5706634884852014,-1
REACTOME_PROTEIN_FOLDING,25,25,-0.00471150130033493,0.00012124748900532722,-0.004832748789340258,0.11235317662249669,0.5706634884852014,-1
REACTOME_DEFECTIVE_CFTR_CAUSES_CYSTIC_FIBROSIS,5,5,0.004132598638534546,-1.6496283933520317e-05,0.004149094922468066,0.11237264423314762,0.5706634884852014,1
REACTOME_SCAVENGING_BY_CLASS_A_RECEPTORS,5,5,-0.0029699536971747875,6.463192403316498e-05,-0.0030345856212079525,0.10931387646094799,0.5706634884852014,-1
REACTOME_MITOTIC_SPINDLE_CHECKPOINT,32,32,0.0027467007748782635,-7.595494389533997e-05,0.0028226557187736034,0.10926695093294259,0.5706634884852014,1
REACTOME_MITOTIC_METAPHASE_AND_ANAPHASE,54,54,0.0023278524167835712,-8.556246757507324e-05,0.0024134148843586445,0.10872705499304755,0.5706634884852014,1
REACTOME_CELL_CYCLE_MITOTIC,136,136,0.001558840274810791,-9.639747440814972e-05,0.0016552377492189407,0.11094884496590213,0.5706634884852014,1
REACTOME_REGULATION_OF_TNFR1_SIGNALING,7,7,0.011958517134189606,-1.6496283933520317e-05,0.011975013418123126,0.11315466226703919,0.5711938939587667,1
REACTOME_APC_CDC20_MEDIATED_DEGRADATION_OF_NEK2A,10,10,0.00555927911773324,-2.0973384380340576e-05,0.005580252502113581,0.11439648569384611,0.5740252228566207,1
REACTOME_GLOBAL_GENOME_NUCLEOTIDE_EXCISION_REPAIR_GG_NER,31,31,-0.0064718518406152725,0.00013386900536715984,-0.006605720845982432,0.1162684614666226,0.5799663492092477,-1
REACTOME_INITIATION_OF_NUCLEAR_ENVELOPE_NE_REFORMATION,5,5,-0.009114108979701996,6.463192403316498e-05,-0.00917874090373516,0.11837771494218435,0.5870141982133024,-1
REACTOME_POSTMITOTIC_NUCLEAR_PORE_COMPLEX_NPC_REFORMATION,7,7,0.013163644820451736,-6.009591743350029e-06,0.013169654412195086,0.1193092316903647,0.5881735807893418,1
REACTOME_CELLULAR_HEXOSE_TRANSPORT,5,5,0.007867472246289253,-1.6496283933520317e-05,0.007883968530222774,0.12027520992739262,0.5894883835394882,1
REACTOME_TNF_SIGNALING,9,9,0.011958517134189606,-1.6496283933520317e-05,0.011975013418123126,0.12248678454422325,0.596500043140805,1
REACTOME_REGULATION_OF_PTEN_GENE_TRANSCRIPTION,15,15,-0.007018641568720341,0.00012124748900532722,-0.007139889057725668,0.12412867867527144,0.596500043140805,-1
REACTOME_COPII_MEDIATED_VESICLE_TRANSPORT,10,10,0.005673639476299286,-1.2019183486700058e-05,0.005685658659785986,0.12366544135512214,0.596500043140805,1
REACTOME_CHROMOSOME_MAINTENANCE,33,33,-0.004027135670185089,0.00012124748900532722,-0.004148383159190416,0.12453618931528075,0.596500043140805,-1
REACTOME_HEDGEHOG_ON_STATE,11,11,0.001558840274810791,-4.8493966460227966e-05,0.001607334241271019,0.1276105094377934,0.607772087322372,1
REACTOME_POST_TRANSLATIONAL_PROTEIN_MODIFICATION,301,301,-0.0010657785460352898,0.0003155795857310295,-0.0013813581317663193,0.12893341725708365,0.610622869369222,-1
REACTOME_MITOCHONDRIAL_IRON_SULFUR_CLUSTER_BIOGENESIS,5,5,-0.024289995431900024,6.463192403316498e-05,-0.02435462735593319,0.1466065774200809,0.6141448100385356,-1
REACTOME_REGULATION_OF_TP53_ACTIVITY_THROUGH_METHYLATION,6,6,0.01805906742811203,-1.2019183486700058e-05,0.01807108661159873,0.15549544358740444,0.6141448100385356,1
REACTOME_HIV_TRANSCRIPTION_ELONGATION,10,10,-0.01727773528546095,8.904561400413513e-05,-0.017366780899465084,0.1488026658637497,0.6141448100385356,-1
REACTOME_TBC_RABGAPS,7,7,-0.01710299775004387,6.463192403316498e-05,-0.017167629674077034,0.159875370189682,0.6141448100385356,-1
REACTOME_DAP12_INTERACTIONS,13,13,-0.014263805001974106,6.463192403316498e-05,-0.01432843692600727,0.14110617661040706,0.6141448100385356,-1
REACTOME_INTERACTIONS_OF_REV_WITH_HOST_CELLULAR_PROTEINS,9,9,0.013163644820451736,-6.009591743350029e-06,0.013169654412195086,0.15879112383017135,0.6141448100385356,1
REACTOME_NUCLEAR_IMPORT_OF_REV_PROTEIN,9,9,0.013163644820451736,-6.009591743350029e-06,0.013169654412195086,0.15879112383017135,0.6141448100385356,1
REACTOME_NUCLEAR_PORE_COMPLEX_NPC_DISASSEMBLY,9,9,0.013163644820451736,-6.009591743350029e-06,0.013169654412195086,0.15879112383017135,0.6141448100385356,1
REACTOME_REGULATION_OF_GLUCOKINASE_BY_GLUCOKINASE_REGULATORY_PROTEIN,9,9,0.013163644820451736,-6.009591743350029e-06,0.013169654412195086,0.15879112383017135,0.6141448100385356,1
REACTOME_TRANSPORT_OF_THE_SLBP_DEPENDANT_MATURE_MRNA,9,9,0.013163644820451736,-6.009591743350029e-06,0.013169654412195086,0.15879112383017135,0.6141448100385356,1
REACTOME_POLB_DEPENDENT_LONG_PATCH_BASE_EXCISION_REPAIR,5,5,-0.010109106078743935,0.00010135071352124214,-0.010210456792265177,0.14997410521072327,0.6141448100385356,-1
REACTOME_PKMTS_METHYLATE_HISTONE_LYSINES,9,9,-0.007872745394706726,0.00010135071352124214,-0.007974096108227968,0.1343479483782125,0.6141448100385356,-1
REACTOME_NONSENSE_MEDIATED_DECAY_NMD,13,13,-0.007929205894470215,2.0109117031097412e-05,-0.007949315011501312,0.15805823908351724,0.6141448100385356,-1
REACTOME_SIGNALING_BY_NOTCH1_PEST_DOMAIN_MUTANTS_IN_CANCER,12,12,0.007799532264471054,-1.2019183486700058e-05,0.007811551447957754,0.15628686434642597,0.6141448100385356,1
REACTOME_EPHA_MEDIATED_GROWTH_CONE_COLLAPSE,7,7,-0.007328087463974953,6.463192403316498e-05,-0.007392719388008118,0.15870614452328702,0.6141448100385356,-1
REACTOME_FCERI_MEDIATED_CA_2_MOBILIZATION,12,12,-0.007108723744750023,8.904561400413513e-05,-0.007197769358754158,0.13473805028137623,0.6141448100385356,-1
REACTOME_RNA_POLYMERASE_I_TRANSCRIPTION,15,15,-0.0058766137808561325,0.00012124748900532722,-0.00599786126986146,0.13586011969751882,0.6141448100385356,-1
REACTOME_RNA_POLYMERASE_I_TRANSCRIPTION_INITIATION,15,15,-0.0058766137808561325,0.00012124748900532722,-0.00599786126986146,0.13586011969751882,0.6141448100385356,-1
REACTOME_VEGFR2_MEDIATED_CELL_PROLIFERATION,5,5,-0.005902587436139584,6.463192403316498e-05,-0.0059672193601727486,0.15610604011151763,0.6141448100385356,-1
REACTOME_TP53_REGULATES_TRANSCRIPTION_OF_GENES_INVOLVED_IN_G2_CELL_CYCLE_ARREST,5,5,-0.005610805004835129,6.463192403316498e-05,-0.005675436928868294,0.15244267147633267,0.6141448100385356,-1
REACTOME_PECAM1_INTERACTIONS,6,6,-0.0053437205497175455,4.0218234062194824e-05,-0.00538393878377974,0.13500680084990135,0.6141448100385356,-1
REACTOME_G_ALPHA_12_13_SIGNALLING_EVENTS,27,27,-0.004697021562606096,0.00010135071352124214,-0.004798372276127338,0.15753149592584748,0.6141448100385356,-1
REACTOME_VEGFR2_MEDIATED_VASCULAR_PERMEABILITY,5,5,0.004167888546362519,-1.6496283933520317e-05,0.00418438483029604,0.15806076297451788,0.6141448100385356,1
REACTOME_DNA_REPAIR,80,80,-0.003946346929296851,0.00020472705364227295,-0.004151073982939124,0.13815927060812705,0.6141448100385356,-1
REACTOME_DECTIN_1_MEDIATED_NONCANONICAL_NF_KB_SIGNALING,5,5,0.004132598638534546,-1.6496283933520317e-05,0.004149094922468066,0.14642120247616405,0.6141448100385356,1
REACTOME_STIMULI_SENSING_CHANNELS,11,11,0.004080272978171706,-1.6496283933520317e-05,0.0040967692621052265,0.1629155317650648,0.6141448100385356,1
REACTOME_APC_C_CDH1_MEDIATED_DEGRADATION_OF_CDC20_AND_OTHER_APC_C_CDH1_TARGETED_PROTEINS_IN_LATE_MITOSIS_EARLY_G1,12,12,0.004010974429547787,-2.0973384380340576e-05,0.004031947813928127,0.14184467739296994,0.6141448100385356,1
REACTOME_G2_M_DNA_DAMAGE_CHECKPOINT,12,12,0.0033620272297412157,-2.0973384380340576e-05,0.0033830006141215563,0.14862903037431296,0.6141448100385356,1
REACTOME_TRANSCRIPTIONAL_REGULATION_OF_WHITE_ADIPOCYTE_DIFFERENTIATION,22,22,0.003301092656329274,-2.0973384380340576e-05,0.0033220660407096148,0.16318913101854327,0.6141448100385356,1
REACTOME_BINDING_AND_UPTAKE_OF_LIGANDS_BY_SCAVENGER_RECEPTORS,11,11,-0.0029699536971747875,6.463192403316498e-05,-0.0030345856212079525,0.15408205150796045,0.6141448100385356,-1
REACTOME_NOTCH1_INTRACELLULAR_DOMAIN_REGULATES_TRANSCRIPTION,14,14,0.0028748847544193268,-1.2019183486700058e-05,0.002886903937906027,0.15781181530877708,0.6141448100385356,1
REACTOME_BIOLOGICAL_OXIDATIONS,27,27,-0.0025490401312708855,0.00010135071352124214,-0.0026503908447921276,0.14656846813493576,0.6141448100385356,-1
REACTOME_SIGNALING_BY_INSULIN_RECEPTOR,16,16,-0.0023964360589161515,8.904561400413513e-05,-0.0024854816729202867,0.16294988587581571,0.6141448100385356,-1
REACTOME_RHO_GTPASES_ACTIVATE_FORMINS,33,33,0.0019528791308403015,-4.8493966460227966e-05,0.0020013730973005295,0.14238809117559134,0.6141448100385356,1
REACTOME_PLATELET_ACTIVATION_SIGNALING_AND_AGGREGATION,68,68,-0.0018036121036857367,0.00011365581303834915,-0.0019172679167240858,0.14786174738918773,0.6141448100385356,-1
REACTOME_TERMINATION_OF_TRANSLESION_DNA_SYNTHESIS,12,12,0.001856918097473681,-2.0973384380340576e-05,0.0018778914818540215,0.14899284953380032,0.6141448100385356,1
REACTOME_GPCR_LIGAND_BINDING,92,92,0.001558840274810791,-0.0001321387244388461,0.0016909789992496371,0.14521383462735016,0.6141448100385356,1
REACTOME_HEMOSTASIS,146,146,-0.0014416126068681479,0.00020472705364227295,-0.0016463396605104208,0.15762956975623543,0.6141448100385356,-1
REACTOME_CLASS_A_1_RHODOPSIN_LIKE_RECEPTORS,74,74,0.001558840274810791,-8.618086576461792e-05,0.001645021140575409,0.15950324148001194,0.6141448100385356,1
REACTOME_TRANSLATION_OF_SARS_COV_1_STRUCTURAL_PROTEINS,9,9,0.001558840274810791,-2.100318670272827e-05,0.0015798434615135193,0.13331607209288876,0.6141448100385356,1
REACTOME_CYTOPROTECTION_BY_HMOX1,19,19,0.001558840274810791,-1.6496283933520317e-05,0.0015753365587443113,0.15613002482096255,0.6141448100385356,1
REACTOME_CDT1_ASSOCIATION_WITH_THE_CDC6_ORC_ORIGIN_COMPLEX,8,8,0.001558840274810791,-1.2019183486700058e-05,0.001570859458297491,0.15887308438439496,0.6141448100385356,1
REACTOME_NEGATIVE_REGULATION_OF_FGFR1_SIGNALING,5,5,0.001558840274810791,-6.009591743350029e-06,0.001564849866554141,0.1622259419775266,0.6141448100385356,1
REACTOME_NEGATIVE_REGULATION_OF_FGFR2_SIGNALING,5,5,0.001558840274810791,-6.009591743350029e-06,0.001564849866554141,0.1622259419775266,0.6141448100385356,1
REACTOME_TRANSLESION_SYNTHESIS_BY_Y_FAMILY_DNA_POLYMERASES_BYPASSES_LESIONS_ON_DNA_TEMPLATE,13,13,0.0013428404927253723,-2.100318670272827e-05,0.0013638436794281006,0.1557529410380513,0.6141448100385356,1
REACTOME_UB_SPECIFIC_PROCESSING_PROTEASES,33,33,0.00041729211807250977,-6.009591743350029e-06,0.0004233017098158598,0.13375458495058773,0.6141448100385356,1
REACTOME_FERTILIZATION,5,5,-0.0019439831376075745,6.463192403316498e-05,-0.0020086150616407394,0.16565799412929527,0.6206652846710929,-1
REACTOME_PCP_CE_PATHWAY,8,8,0.0028457194566726685,-1.2019183486700058e-05,0.0028577386401593685,0.16681723926814895,0.6222430650577414,1
REACTOME_DEFECTIVE_INTRINSIC_PATHWAY_FOR_APOPTOSIS,7,7,-0.01036091148853302,6.463192403316498e-05,-0.010425543412566185,0.1685913824825288,0.6233444536525079,-1
REACTOME_ACTIVATION_OF_MATRIX_METALLOPROTEINASES,7,7,-0.0007964924443513155,2.0109117031097412e-05,-0.0008166015613824129,0.16824299264172005,0.6233444536525079,-1
REACTOME_FANCONI_ANEMIA_PATHWAY,11,11,0.0026925140991806984,-6.009591743350029e-06,0.0026985236909240484,0.1706460850783924,0.6281862433235144,1
REACTOME_B_WICH_COMPLEX_POSITIVELY_REGULATES_RRNA_EXPRESSION,7,7,-0.012091209180653095,6.463192403316498e-05,-0.01215584110468626,0.17210510837920334,0.6282368743146505,-1
REACTOME_TRYPTOPHAN_CATABOLISM,5,5,0.011877691373229027,-1.6496283933520317e-05,0.011894187657162547,0.1728955573440082,0.6282368743146505,1
REACTOME_RNA_POLYMERASE_III_TRANSCRIPTION_INITIATION_FROM_TYPE_1_PROMOTER,10,10,-0.010056707076728344,8.904561400413513e-05,-0.010145752690732479,0.1725604021630387,0.6282368743146505,-1
REACTOME_INTERACTION_BETWEEN_L1_AND_ANKYRINS,6,6,-0.011235862970352173,0.0,-0.011235862970352173,0.17398303796194603,0.6294751115962254,-1
REACTOME_M_PHASE,88,88,0.001573178917169571,-8.556246757507324e-05,0.0016587413847446442,0.17594857214894677,0.6338660099212056,1
REACTOME_FORMATION_OF_RNA_POL_II_ELONGATION_COMPLEX,16,16,-0.013348797336220741,8.904561400413513e-05,-0.013437842950224876,0.17827136945669408,0.6361687964090234,-1
REACTOME_GLUCONEOGENESIS,6,6,-0.006683295592665672,8.904561400413513e-05,-0.0067723412066698074,0.17885172568082863,0.6361687964090234,-1
REACTOME_CONSTITUTIVE_SIGNALING_BY_ABERRANT_PI3K_IN_CANCER,20,20,-0.0024697475600987673,8.904561400413513e-05,-0.0025587931741029024,0.17884867421295014,0.6361687964090234,-1
REACTOME_O_GLYCOSYLATION_OF_TSR_DOMAIN_CONTAINING_PROTEINS,6,6,-0.012963296845555305,0.0,-0.012963296845555305,0.1800351485070607,0.6376875218128242,-1
REACTOME_TP53_REGULATES_TRANSCRIPTION_OF_DNA_REPAIR_GENES,16,16,-0.011792878620326519,8.904561400413513e-05,-0.011881924234330654,0.18387661852201775,0.6378929605516912,-1
REACTOME_TRAF6_MEDIATED_NF_KB_ACTIVATION,8,8,-0.006512212101370096,8.904561400413513e-05,-0.006601257715374231,0.18307445287201385,0.6378929605516912,-1
REACTOME_PHASE_I_FUNCTIONALIZATION_OF_COMPOUNDS,11,11,-0.006380844861268997,0.00010135071352124214,-0.006482195574790239,0.1820144949532535,0.6378929605516912,-1
REACTOME_CELL_CELL_COMMUNICATION,18,18,-0.003972590900957584,8.904561400413513e-05,-0.0040616365149617195,0.183663430987131,0.6378929605516912,-1
REACTOME_TRANSLESION_SYNTHESIS_BY_POLH,9,9,0.0013428404927253723,-1.6496283933520317e-05,0.0013593367766588926,0.1833296132253548,0.6378929605516912,1
REACTOME_MICRORNA_MIRNA_BIOGENESIS,7,7,-0.010219517163932323,6.463192403316498e-05,-0.010284149087965488,0.18633296091976836,0.6411374941035295,-1
REACTOME_SYNTHESIS_OF_ACTIVE_UBIQUITIN_ROLES_OF_E1_AND_E2_ENZYMES,7,7,0.0038893502205610275,-1.0486692190170288e-05,0.003899836912751198,0.1857701353022645,0.6411374941035295,1
REACTOME_RHOV_GTPASE_CYCLE,12,12,-0.0060706976801157,8.904561400413513e-05,-0.006159743294119835,0.18818667980531978,0.6448836222596933,-1
REACTOME_PURINERGIC_SIGNALING_IN_LEISHMANIASIS_INFECTION,9,9,0.021047264337539673,-6.009591743350029e-06,0.021053273929283023,0.19216029094465326,0.6539735444854199,1
REACTOME_DISEASES_OF_PROGRAMMED_CELL_DEATH,13,13,-0.007872745394706726,6.463192403316498e-05,-0.007937377318739891,0.19239079363272138,0.6539735444854199,-1
REACTOME_TRANSPORT_OF_MATURE_TRANSCRIPT_TO_CYTOPLASM,21,21,-0.007884727790951729,0.00012124748900532722,-0.008005975279957056,0.19586371086472654,0.6631048524456404,-1
REACTOME_RHOJ_GTPASE_CYCLE,10,10,-0.0060706976801157,8.904561400413513e-05,-0.006159743294119835,0.19987337292819185,0.6663364438940116,-1
REACTOME_NEUTROPHIL_DEGRANULATION,94,94,-0.005241706967353821,0.00014935829676687717,-0.005391065264120698,0.19859832690100643,0.6663364438940116,-1
REACTOME_INTERACTIONS_OF_VPR_WITH_HOST_CELLULAR_PROTEINS,11,11,0.004628051072359085,-6.009591743350029e-06,0.004634060664102435,0.2043258916403572,0.6663364438940116,1
REACTOME_SENESCENCE_ASSOCIATED_SECRETORY_PHENOTYPE_SASP,19,19,0.0038893502205610275,-1.6496283933520317e-05,0.003905846504494548,0.20425931298441602,0.6663364438940116,1
REACTOME_IMMUNOREGULATORY_INTERACTIONS_BETWEEN_A_LYMPHOID_AND_A_NON_LYMPHOID_CELL,42,42,0.003532357746735215,-1.2019183486700058e-05,0.0035443769302219152,0.20472258477882443,0.6663364438940116,1
REACTOME_G_PROTEIN_BETA_GAMMA_SIGNALLING,10,10,0.003521781414747238,-2.0973384380340576e-05,0.0035427547991275787,0.20103473558315466,0.6663364438940116,1
REACTOME_CELL_CYCLE,176,176,0.001558840274810791,-9.639747440814972e-05,0.0016552377492189407,0.19915870060592245,0.6663364438940116,1
REACTOME_CELL_SURFACE_INTERACTIONS_AT_THE_VASCULAR_WALL,36,36,-0.0015098394360393286,0.00011365581303834915,-0.0016234952490776777,0.20028576919354268,0.6663364438940116,-1
REACTOME_DEGRADATION_OF_GLI1_BY_THE_PROTEASOME,7,7,0.001558840274810791,-1.6496283933520317e-05,0.0015753365587443113,0.20280735082013857,0.6663364438940116,1
REACTOME_DEFECTS_OF_CONTACT_ACTIVATION_SYSTEM_CAS_AND_KALLIKREIN_KININ_SYSTEM_KKS,5,5,-0.00105758267454803,6.463192403316498e-05,-0.0011222145985811949,0.2025590188523153,0.6663364438940116,-1
REACTOME_DNA_DOUBLE_STRAND_BREAK_RESPONSE,8,8,0.007149483077228069,-1.2019183486700058e-05,0.007161502260714769,0.207044065387465,0.6713005658524346,1
REACTOME_OVARIAN_TUMOR_DOMAIN_PROTEASES,7,7,0.00460472796112299,-6.009591743350029e-06,0.00461073755286634,0.20784891584934218,0.6713281075133926,1
REACTOME_NS1_MEDIATED_EFFECTS_ON_HOST_PATHWAYS,12,12,0.0059445928782224655,0.0,0.0059445928782224655,0.20893884201632884,0.6722726863349817,1
REACTOME_GLUCAGON_SIGNALING_IN_METABOLIC_REGULATION,11,11,0.001558840274810791,-2.100318670272827e-05,0.0015798434615135193,0.2101614072496737,0.6736352331234788,1
REACTOME_IRAK4_DEFICIENCY_TLR2_4,6,6,-0.10729987919330597,0.0,-0.10729987919330597,0.21647656042300356,0.6774639943154263,-1
REACTOME_COPI_INDEPENDENT_GOLGI_TO_ER_RETROGRADE_TRAFFIC,6,6,-0.00955649558454752,4.0218234062194824e-05,-0.009596713818609715,0.22080649192682023,0.6774639943154263,-1
REACTOME_TICAM1_RIP1_MEDIATED_IKK_COMPLEX_RECRUITMENT,5,5,0.005841463338583708,-1.6496283933520317e-05,0.005857959622517228,0.2208405292484178,0.6774639943154263,1
REACTOME_INTRINSIC_PATHWAY_FOR_APOPTOSIS,10,10,0.005196556448936462,-1.2019183486700058e-05,0.0052085756324231625,0.2204680135082865,0.6774639943154263,1
REACTOME_CASPASE_ACTIVATION_VIA_DEATH_RECEPTORS_IN_THE_PRESENCE_OF_LIGAND,7,7,0.0037720815744251013,-1.6496283933520317e-05,0.0037885778583586216,0.216312782058674,0.6774639943154263,1
REACTOME_RESOLUTION_OF_SISTER_CHROMATID_COHESION,33,33,0.0019528791308403015,-4.8493966460227966e-05,0.0020013730973005295,0.21844000622443693,0.6774639943154263,1
REACTOME_TRANSPORT_OF_SMALL_MOLECULES,125,125,0.001558840274810791,-0.00013470504200085998,0.001693545316811651,0.2209995236497535,0.6774639943154263,1
REACTOME_NGF_STIMULATED_TRANSCRIPTION,11,11,-0.0016252994537353516,2.0109117031097412e-05,-0.001645408570766449,0.2156157455893981,0.6774639943154263,-1
REACTOME_TNFS_BIND_THEIR_PHYSIOLOGICAL_RECEPTORS,15,15,0.001558840274810791,-4.8493966460227966e-05,0.001607334241271019,0.21975943094721961,0.6774639943154263,1
REACTOME_HDR_THROUGH_HOMOLOGOUS_RECOMBINATION_HRR,21,21,0.001558840274810791,-2.100318670272827e-05,0.0015798434615135193,0.21756119122620443,0.6774639943154263,1
REACTOME_SIGNALING_BY_PTK6,17,17,0.001558840274810791,-2.100318670272827e-05,0.0015798434615135193,0.21549883221396504,0.6774639943154263,1
REACTOME_DISEASES_OF_METABOLISM,47,47,-0.0010019168257713318,0.00010135071352124214,-0.001103267539292574,0.21307531597400353,0.6774639943154263,-1
REACTOME_FORMATION_OF_THE_EARLY_ELONGATION_COMPLEX,9,9,-0.02265278995037079,6.463192403316498e-05,-0.022717421874403954,0.22277826960143154,0.6779858529747538,-1
REACTOME_SIGNALING_BY_BRAF_AND_RAF1_FUSIONS,15,15,-0.0034332051873207092,6.463192403316498e-05,-0.003497837111353874,0.22267205310837745,0.6779858529747538,-1
REACTOME_HIV_INFECTION,44,44,0.0029301755130290985,-2.0973384380340576e-05,0.002951148897409439,0.22527299406970247,0.6806635627267354,1
REACTOME_SIGNALING_BY_RECEPTOR_TYROSINE_KINASES,112,112,-0.000757796922698617,8.904561400413513e-05,-0.0008468425367027521,0.22476883596297326,0.6806635627267354,-1
REACTOME_TELOMERE_MAINTENANCE,26,26,-0.003178488463163376,0.00011365581303834915,-0.003292144276201725,0.22896130400020887,0.6893370688292003,-1
REACTOME_RHOQ_GTPASE_CYCLE,11,11,-0.004843587055802345,6.463192403316498e-05,-0.00490821897983551,0.2310075578281835,0.6897807850184263,-1
REACTOME_GLUTATHIONE_CONJUGATION,8,8,0.001558840274810791,-2.0973384380340576e-05,0.0015798136591911316,0.231563418932639,0.6897807850184263,1
REACTOME_GLUCAGON_TYPE_LIGAND_RECEPTORS,12,12,0.0011226341594010592,-2.1032989025115967e-05,0.0011436671484261751,0.23029439558553655,0.6897807850184263,1
REACTOME_PLATELET_CALCIUM_HOMEOSTASIS,5,5,-0.009153572842478752,6.463192403316498e-05,-0.009218204766511917,0.23471632387785035,0.690971678802878,-1
REACTOME_CLEC7A_DECTIN_1_INDUCES_NFAT_ACTIVATION,5,5,-0.0068331994116306305,6.463192403316498e-05,-0.0068978313356637955,0.2352418408261281,0.690971678802878,-1
REACTOME_HOMOLOGOUS_DNA_PAIRING_AND_STRAND_EXCHANGE,12,12,0.003287861356511712,-2.0973384380340576e-05,0.0033088347408920527,0.23349170771972427,0.690971678802878,1
REACTOME_SIGNALING_BY_NOTCH3,7,7,0.001558840274810791,-1.6496283933520317e-05,0.0015753365587443113,0.2344220814805973,0.690971678802878,1
REACTOME_REGULATION_OF_PLK1_ACTIVITY_AT_G2_M_TRANSITION,25,25,0.0020713983103632927,-1.6496283933520317e-05,0.002087894594296813,0.23876064541012276,0.6964540625630917,1
REACTOME_GAP_FILLING_DNA_REPAIR_SYNTHESIS_AND_LIGATION_IN_GG_NER,10,10,0.001856918097473681,-2.0973384380340576e-05,0.0018778914818540215,0.23875884194131802,0.6964540625630917,1
REACTOME_DOWNSTREAM_SIGNAL_TRANSDUCTION,10,10,-0.0060268584638834,4.0218234062194824e-05,-0.006067076697945595,0.24159224387563671,0.7000604888452505,-1
REACTOME_ANTIGEN_PROCESSING_CROSS_PRESENTATION,15,15,0.004132598638534546,-2.100318670272827e-05,0.004153601825237274,0.2416578911672217,0.7000604888452505,1
REACTOME_NONHOMOLOGOUS_END_JOINING_NHEJ,6,6,0.002508501522243023,-2.0973384380340576e-05,0.0025294749066233635,0.24265084234452672,0.7005296578645068,1
REACTOME_NEDDYLATION,45,45,-0.0027181264013051987,6.463192403316498e-05,-0.0027827583253383636,0.24382003850622957,0.7015027046442033,-1
REACTOME_DISEASES_ASSOCIATED_WITH_GLYCOSYLATION_PRECURSOR_BIOSYNTHESIS,6,6,-0.008482025004923344,4.0218234062194824e-05,-0.008522243238985538,0.2470966578383006,0.7085118454343109,-1
REACTOME_MITOTIC_G1_PHASE_AND_G1_S_TRANSITION,39,39,0.001558840274810791,-1.6496283933520317e-05,0.0015753365587443113,0.2496397680524951,0.713377371078825,1
REACTOME_SULFUR_AMINO_ACID_METABOLISM,7,7,-0.011232960969209671,6.463192403316498e-05,-0.011297592893242836,0.2512437259081157,0.7143630925193837,-1
REACTOME_ESR_MEDIATED_SIGNALING,50,50,-0.004625107627362013,0.00011365581303834915,-0.004738763440400362,0.25167952369899993,0.7143630925193837,-1
REACTOME_MITOCHONDRIAL_FATTY_ACID_BETA_OXIDATION,5,5,0.01042218878865242,-6.009591743350029e-06,0.01042819838039577,0.254161879255965,0.7189881349422097,1
REACTOME_TNF_RECEPTOR_SUPERFAMILY_TNFSF_MEMBERS_MEDIATING_NON_CANONICAL_NF_KB_PATHWAY,8,8,-0.012584409210830927,4.0218234062194824e-05,-0.012624627444893122,0.2623188580585829,0.7250321224373292,-1
REACTOME_GOLGI_TO_ER_RETROGRADE_TRANSPORT,24,24,-0.005261165555566549,0.00011365581303834915,-0.0053748213686048985,0.2602114229650204,0.7250321224373292,-1
REACTOME_APC_C_CDC20_MEDIATED_DEGRADATION_OF_CYCLIN_B,8,8,0.004522821865975857,-1.2019183486700058e-05,0.004534841049462557,0.2571904350476204,0.7250321224373292,1
REACTOME_INTERLEUKIN_10_SIGNALING,19,19,0.002972930669784546,-2.100318670272827e-05,0.002993933856487274,0.2620761663798383,0.7250321224373292,1
REACTOME_TNFR2_NON_CANONICAL_NF_KB_PATHWAY,25,25,0.001558840274810791,-8.07587057352066e-05,0.0016395989805459976,0.26105792668358174,0.7250321224373292,1
REACTOME_NUCLEAR_ENVELOPE_BREAKDOWN,15,15,0.0015875175595283508,-6.009591743350029e-06,0.0015935271512717009,0.2610999558430329,0.7250321224373292,1
REACTOME_DEACTIVATION_OF_THE_BETA_CATENIN_TRANSACTIVATING_COMPLEX,12,12,0.001558840274810791,-2.0973384380340576e-05,0.0015798136591911316,0.26148487059898395,0.7250321224373292,1
REACTOME_TRANSCRIPTIONAL_REGULATION_OF_GRANULOPOIESIS,13,13,0.004443120677024126,-1.6496283933520317e-05,0.004459616960957646,0.26321357632946185,0.7251275975350862,1
REACTOME_POST_CHAPERONIN_TUBULIN_FOLDING_PATHWAY,5,5,-0.01488099992275238,2.0109117031097412e-05,-0.014901109039783478,0.2694631124646587,0.7251779809113248,-1
REACTOME_RHOG_GTPASE_CYCLE,13,13,-0.007317837327718735,6.463192403316498e-05,-0.0073824692517519,0.2721519417648609,0.7251779809113248,-1
REACTOME_CONSTITUTIVE_SIGNALING_BY_AKT1_E17K_IN_CANCER,5,5,0.0064134057611227036,-6.009591743350029e-06,0.006419415352866054,0.27149194068184146,0.7251779809113248,1
REACTOME_EFFECTS_OF_PIP2_HYDROLYSIS,7,7,-0.005191368982195854,6.463192403316498e-05,-0.005256000906229019,0.27011210576387557,0.7251779809113248,-1
REACTOME_ACTIVATION_OF_ANTERIOR_HOX_GENES_IN_HINDBRAIN_DEVELOPMENT_DURING_EARLY_EMBRYOGENESIS,21,21,-0.0038893697783350945,0.00010135071352124214,-0.003990720491856337,0.27174843452006414,0.7251779809113248,-1
REACTOME_TRIGLYCERIDE_CATABOLISM,5,5,-0.0038433074951171875,6.463192403316498e-05,-0.0039079394191503525,0.2697523063847821,0.7251779809113248,-1
REACTOME_RUNX1_AND_FOXP3_CONTROL_THE_DEVELOPMENT_OF_REGULATORY_T_LYMPHOCYTES_TREGS,7,7,0.0031967805698513985,-1.6496283933520317e-05,0.003213276853784919,0.2735546831907488,0.7251779809113248,1
REACTOME_OPIOID_SIGNALLING,22,22,0.001558840274810791,-2.1032989025115967e-05,0.001579873263835907,0.27230353123325846,0.7251779809113248,1
REACTOME_ABC_FAMILY_PROTEINS_MEDIATED_TRANSPORT,17,17,0.001558840274810791,-1.6496283933520317e-05,0.0015753365587443113,0.27270377325238626,0.7251779809113248,1
REACTOME_PLATELET_ADHESION_TO_EXPOSED_COLLAGEN,7,7,-0.001485596876591444,6.463192403316498e-05,-0.001550228800624609,0.2690119001007546,0.7251779809113248,-1
REACTOME_MAPK_FAMILY_SIGNALING_CASCADES,70,70,0.0013765495968982577,-2.0973384380340576e-05,0.0013975229812785983,0.26936033091713407,0.7251779809113248,1
REACTOME_NERVOUS_SYSTEM_DEVELOPMENT,97,97,0.0004155440255999565,-1.6496283933520317e-05,0.00043204030953347683,0.270914093783693,0.7251779809113248,1
REACTOME_SIGNALING_BY_NOTCH,35,35,0.001558840274810791,-2.100318670272827e-05,0.0015798434615135193,0.27514363611416837,0.7271037154991973,1
REACTOME_ESTROGEN_DEPENDENT_GENE_EXPRESSION,29,29,-0.008536338806152344,6.463192403316498e-05,-0.008600970730185509,0.2781495665273961,0.7327502643206091,-1
REACTOME_SMOOTH_MUSCLE_CONTRACTION,7,7,0.006490205880254507,-6.009591743350029e-06,0.006496215471997857,0.28027833766827903,0.7360580643437982,1
REACTOME_EICOSANOID_LIGAND_BINDING_RECEPTORS,6,6,-0.006076440215110779,8.904561400413513e-05,-0.006165485829114914,0.28280511782395734,0.7374700767201575,-1
REACTOME_TRANSCRIPTION_OF_E2F_TARGETS_UNDER_NEGATIVE_CONTROL_BY_P107_RBL1_AND_P130_RBL2_IN_COMPLEX_WITH_HDAC1,7,7,0.005170783959329128,-1.6496283933520317e-05,0.005187280243262649,0.2843152727568816,0.7374700767201575,1
REACTOME_TRNA_AMINOACYLATION,7,7,0.0018456976395100355,-1.6496283933520317e-05,0.0018621939234435558,0.282039680278783,0.7374700767201575,1
REACTOME_PRESYNAPTIC_FUNCTION_OF_KAINATE_RECEPTORS,9,9,0.001558840274810791,-1.6496283933520317e-05,0.0015753365587443113,0.2841815212545087,0.7374700767201575,1
REACTOME_INTERLEUKIN_7_SIGNALING,6,6,-0.011113742366433144,4.0218234062194824e-05,-0.011153960600495338,0.3141874965829441,0.7440417726952265,-1
REACTOME_DAP12_SIGNALING,12,12,-0.01082402653992176,4.0218234062194824e-05,-0.010864244773983955,0.3004812826069555,0.7440417726952265,-1
REACTOME_DISEASES_OF_IMMUNE_SYSTEM,10,10,-0.010267088189721107,0.0,-0.010267088189721107,0.3090690802033539,0.7440417726952265,-1
REACTOME_SIGNALING_BY_FLT3_FUSION_PROTEINS,9,9,-0.009598979726433754,6.463192403316498e-05,-0.009663611650466919,0.3109243913968889,0.7440417726952265,-1
REACTOME_RAB_GERANYLGERANYLATION,7,7,-0.009208275005221367,6.463192403316498e-05,-0.009272906929254532,0.3166599036017418,0.7440417726952265,-1
REACTOME_FLT3_SIGNALING,14,14,-0.008491613902151585,8.904561400413513e-05,-0.00858065951615572,0.30598832566246736,0.7440417726952265,-1
REACTOME_PROCESSING_OF_CAPPED_INTRONLESS_PRE_MRNA,9,9,-0.008039165288209915,6.463192403316498e-05,-0.00810379721224308,0.3130665181217235,0.7440417726952265,-1
REACTOME_PROCESSING_OF_INTRONLESS_PRE_MRNAS,9,9,-0.008039165288209915,6.463192403316498e-05,-0.00810379721224308,0.3130665181217235,0.7440417726952265,-1
REACTOME_MITOPHAGY,6,6,0.006190597428940237,-1.2019183486700058e-05,0.006202616612426937,0.29051351410767556,0.7440417726952265,1
REACTOME_OTHER_INTERLEUKIN_SIGNALING,5,5,0.006181837059557438,-6.009591743350029e-06,0.006187846651300788,0.32398426305373906,0.7440417726952265,1
REACTOME_SUMOYLATION_OF_UBIQUITINYLATION_PROTEINS,10,10,0.0059445928782224655,0.0,0.0059445928782224655,0.3026053584580085,0.7440417726952265,1
REACTOME_GAP_JUNCTION_TRAFFICKING_AND_REGULATION,5,5,-0.005368499085307121,2.0109117031097412e-05,-0.005388608202338219,0.3139494716139294,0.7440417726952265,-1
REACTOME_FORMATION_OF_THE_CORNIFIED_ENVELOPE,8,8,-0.004769286839291453,8.904561400413513e-05,-0.0048583324532955885,0.3179995982103354,0.7440417726952265,-1
REACTOME_KERATINIZATION,8,8,-0.004769286839291453,8.904561400413513e-05,-0.0048583324532955885,0.3179995982103354,0.7440417726952265,-1
REACTOME_CELLULAR_RESPONSE_TO_STARVATION,16,16,-0.004816913045942783,4.0218234062194824e-05,-0.004857131280004978,0.2905266856427494,0.7440417726952265,-1
REACTOME_DEPOSITION_OF_NEW_CENPA_CONTAINING_NUCLEOSOMES_AT_THE_CENTROMERE,8,8,-0.0038860049098730087,4.0218234062194824e-05,-0.0039262231439352036,0.3231381134079041,0.7440417726952265,-1
REACTOME_INTRA_GOLGI_AND_RETROGRADE_GOLGI_TO_ER_TRAFFIC,42,42,-0.0033816101495176554,0.0001288391649723053,-0.0035104493144899607,0.31964651314315984,0.7440417726952265,-1
REACTOME_RUNX1_INTERACTS_WITH_CO_FACTORS_WHOSE_PRECISE_EFFECT_ON_RUNX1_TARGETS_IS_NOT_KNOWN,10,10,0.003341071307659149,-2.0973384380340576e-05,0.0033620446920394897,0.3227299732489769,0.7440417726952265,1
REACTOME_EPIGENETIC_REGULATION_OF_GENE_EXPRESSION,24,24,-0.003075180808082223,0.00011365581303834915,-0.003188836621120572,0.3096045270189597,0.7440417726952265,-1
REACTOME_GLYCOGEN_METABOLISM,8,8,0.003113386803306639,-1.2019183486700058e-05,0.0031254059867933393,0.2945695124137755,0.7440417726952265,1
REACTOME_RND2_GTPASE_CYCLE,7,7,-0.002903854474425316,6.463192403316498e-05,-0.002968486398458481,0.32656637710229397,0.7440417726952265,-1
REACTOME_ADAPTIVE_IMMUNE_SYSTEM,196,196,-0.0027275984175503254,0.00022744573652744293,-0.0029550441540777683,0.30752605421351087,0.7440417726952265,-1
REACTOME_REGULATION_OF_RUNX2_EXPRESSION_AND_ACTIVITY,6,6,0.0028457194566726685,-1.2019183486700058e-05,0.0028577386401593685,0.30750362622789906,0.7440417726952265,1
REACTOME_DETOXIFICATION_OF_REACTIVE_OXYGEN_SPECIES,5,5,0.002705145627260208,-1.6496283933520317e-05,0.0027216419111937284,0.32039987357038313,0.7440417726952265,1
REACTOME_TRANSCRIPTIONAL_REGULATION_BY_THE_AP_2_TFAP2_FAMILY_OF_TRANSCRIPTION_FACTORS,10,10,0.002600476611405611,-2.0973384380340576e-05,0.0026214499957859516,0.31041771258839734,0.7440417726952265,1
REACTOME_EXTENSION_OF_TELOMERES,21,21,-0.0023298412561416626,0.00010135071352124214,-0.0024311919696629047,0.2948070916890273,0.7440417726952265,-1
REACTOME_MITOCHONDRIAL_PROTEIN_IMPORT,15,15,0.0023300349712371826,-1.6496283933520317e-05,0.002346531255170703,0.3265539208685493,0.7440417726952265,1
REACTOME_NEURONAL_SYSTEM,53,53,0.001558840274810791,-8.587166666984558e-05,0.0016447119414806366,0.2932622085691755,0.7440417726952265,1
REACTOME_TRANSCRIPTIONAL_REGULATION_BY_RUNX3,15,15,0.0016206963919103146,-1.6496283933520317e-05,0.0016371926758438349,0.29171560285969533,0.7440417726952265,1
REACTOME_ION_CHANNEL_TRANSPORT,26,26,0.001558840274810791,-2.1032989025115967e-05,0.001579873263835907,0.3172575089307318,0.7440417726952265,1
REACTOME_G_ALPHA_Z_SIGNALLING_EVENTS,13,13,0.001558840274810791,-2.100318670272827e-05,0.0015798434615135193,0.2990454045941703,0.7440417726952265,1
REACTOME_DOWNREGULATION_OF_ERBB2_SIGNALING,7,7,0.001558840274810791,-1.6496283933520317e-05,0.0015753365587443113,0.325594504251421,0.7440417726952265,1
REACTOME_G_BETA_GAMMA_SIGNALLING_THROUGH_PI3KGAMMA,9,9,0.001558840274810791,-1.6496283933520317e-05,0.0015753365587443113,0.30714009911071916,0.7440417726952265,1
REACTOME_VISUAL_PHOTOTRANSDUCTION,20,20,0.001558840274810791,-1.2019183486700058e-05,0.001570859458297491,0.3247110412038694,0.7440417726952265,1
REACTOME_ASYMMETRIC_LOCALIZATION_OF_PCP_PROTEINS,7,7,0.001558840274810791,-6.009591743350029e-06,0.001564849866554141,0.3090926258969774,0.7440417726952265,1
REACTOME_DISEASES_ASSOCIATED_WITH_O_GLYCOSYLATION_OF_PROTEINS,9,9,0.001558840274810791,-6.009591743350029e-06,0.001564849866554141,0.2978133329083601,0.7440417726952265,1
REACTOME_RAC2_GTPASE_CYCLE,12,12,-0.0013495637103915215,0.0,-0.0013495637103915215,0.30553891937004307,0.7440417726952265,-1
REACTOME_DOWNSTREAM_SIGNALING_OF_ACTIVATED_FGFR1,6,6,-0.0012549890670925379,4.0218234062194824e-05,-0.0012952073011547327,0.31948450937153117,0.7440417726952265,-1
REACTOME_ONCOGENE_INDUCED_SENESCENCE,12,12,0.0012821010313928127,-1.2019183486700058e-05,0.0012941202148795128,0.2986742706445833,0.7440417726952265,1
REACTOME_TRANSCRIPTIONAL_ACTIVITY_OF_SMAD2_SMAD3_SMAD4_HETEROTRIMER,14,14,0.0012587876990437508,0.0,0.0012587876990437508,0.3238617990086414,0.7440417726952265,1
REACTOME_RHOA_GTPASE_CYCLE,33,33,-0.0011144410818815231,2.0109117031097412e-05,-0.0011345501989126205,0.3029846142337863,0.7440417726952265,-1
REACTOME_RHOC_GTPASE_CYCLE,16,16,-0.0004394047427922487,0.0,-0.0004394047427922487,0.31236458468592354,0.7440417726952265,-1
REACTOME_DOWNSTREAM_SIGNALING_OF_ACTIVATED_FGFR2,5,5,-0.00033680209890007973,2.0109117031097412e-05,-0.00035691121593117714,0.31651930902257164,0.7440417726952265,-1
REACTOME_SIGNALING_BY_ROBO_RECEPTORS,29,29,0.0003144945949316025,-6.009591743350029e-06,0.0003205041866749525,0.29366226051029076,0.7440417726952265,1
REACTOME_DISEASES_OF_GLYCOSYLATION,28,28,-3.30628827214241e-05,0.0,-3.30628827214241e-05,0.2918007983042563,0.7440417726952265,-1
REACTOME_NEGATIVE_REGULATORS_OF_DDX58_IFIH1_SIGNALING,11,11,-0.0011787917464971542,2.0109117031097412e-05,-0.0011989008635282516,0.3347204142358021,0.7564860836482069,-1
REACTOME_SARS_COV_2_INFECTION,19,19,0.0008588042110204697,-1.6496283933520317e-05,0.00087530049495399,0.3339031848441425,0.7564860836482069,1
REACTOME_HIV_LIFE_CYCLE,32,32,0.0006458330899477005,0.0,0.0006458330899477005,0.33324215189566997,0.7564860836482069,1
REACTOME_SENSORY_PROCESSING_OF_SOUND_BY_OUTER_HAIR_CELLS_OF_THE_COCHLEA,6,6,-0.011235862970352173,0.0,-0.011235862970352173,0.3372541206082409,0.7578586703816751,-1
REACTOME_METAL_ION_SLC_TRANSPORTERS,6,6,0.006436083698645234,-1.2019183486700058e-05,0.006448102882131934,0.33664154940551316,0.7578586703816751,1
REACTOME_REGULATION_OF_RUNX1_EXPRESSION_AND_ACTIVITY,6,6,-0.005734751233831048,4.0218234062194824e-05,-0.005774969467893243,0.3390961301012224,0.7578586703816751,-1
REACTOME_MUSCLE_CONTRACTION,27,27,0.001558840274810791,-8.07587057352066e-05,0.0016395989805459976,0.3383579528555183,0.7578586703816751,1
REACTOME_RHO_GTPASE_EFFECTORS,52,52,0.0014332332648336887,-2.1032989025115967e-05,0.0014542662538588047,0.33982274899676534,0.7578586703816751,1
REACTOME_NEGATIVE_REGULATION_OF_THE_PI3K_AKT_NETWORK,25,25,-0.00033680209890007973,2.0109117031097412e-05,-0.00035691121593117714,0.34085716138920263,0.7581598602931341,-1
REACTOME_DNA_DAMAGE_TELOMERE_STRESS_INDUCED_SENESCENCE,5,5,-0.004027135670185089,0.00010135071352124214,-0.004128486383706331,0.3426352713421933,0.7601092993196551,-1
REACTOME_FGFR2_MUTANT_RECEPTOR_ACTIVATION,6,6,-0.011494796024635434,4.0218234062194824e-05,-0.011535014258697629,0.34746486181252656,0.7620056729687469,-1
REACTOME_E2F_MEDIATED_REGULATION_OF_DNA_REPLICATION,8,8,-0.0026609404012560844,8.904561400413513e-05,-0.0027499860152602196,0.3480097082953352,0.7620056729687469,-1
REACTOME_INTEGRIN_CELL_SURFACE_INTERACTIONS,18,18,0.001558840274810791,-2.1032989025115967e-05,0.001579873263835907,0.34629092069261924,0.7620056729687469,1
REACTOME_ACTIVATION_OF_KAINATE_RECEPTORS_UPON_GLUTAMATE_BINDING,11,11,0.001558840274810791,-1.6496283933520317e-05,0.0015753365587443113,0.3458866840641084,0.7620056729687469,1
REACTOME_REGULATION_OF_TP53_ACTIVITY,37,37,0.0011232893448323011,-6.009591743350029e-06,0.0011292989365756512,0.3473073064943072,0.7620056729687469,1
REACTOME_CLASS_I_MHC_MEDIATED_ANTIGEN_PROCESSING_PRESENTATION,77,77,-0.0027456600219011307,0.00017704267520457506,-0.0029227026971057057,0.3523261065653982,0.7656019122962054,-1
REACTOME_DDX58_IFIH1_MEDIATED_INDUCTION_OF_INTERFERON_ALPHA_BETA,22,22,-0.00044420501217246056,0.0,-0.00044420501217246056,0.3523766808670554,0.7656019122962054,-1
REACTOME_DEVELOPMENTAL_BIOLOGY,172,172,-3.6759302020072937e-06,0.0,-3.6759302020072937e-06,0.3516636708879538,0.7656019122962054,-1
REACTOME_MISCELLANEOUS_TRANSPORT_AND_BINDING_EVENTS,6,6,-0.008609022945165634,4.0218234062194824e-05,-0.008649241179227829,0.357233973614034,0.765633120241346,-1
REACTOME_SUMOYLATION_OF_TRANSCRIPTION_COFACTORS,14,14,-0.004771593492478132,0.00011365581303834915,-0.004885249305516481,0.356587407723327,0.765633120241346,-1
REACTOME_SIGNALING_BY_MODERATE_KINASE_ACTIVITY_BRAF_MUTANTS,8,8,-0.0017656657146289945,0.0,-0.0017656657146289945,0.3559222474906494,0.765633120241346,-1
REACTOME_INTERLEUKIN_1_FAMILY_SIGNALING,29,29,0.001558840274810791,-4.8493966460227966e-05,0.001607334241271019,0.3595917140289716,0.765633120241346,1
REACTOME_COMPLEMENT_CASCADE,13,13,0.001558840274810791,-2.100318670272827e-05,0.0015798434615135193,0.3553941217026727,0.765633120241346,1
REACTOME_TCF_DEPENDENT_SIGNALING_IN_RESPONSE_TO_WNT,28,28,0.001558840274810791,-1.2019183486700058e-05,0.001570859458297491,0.35965683940162874,0.765633120241346,1
REACTOME_MYOCLONIC_EPILEPSY_OF_LAFORA,5,5,0.001558840274810791,-6.009591743350029e-06,0.001564849866554141,0.3581101714342688,0.765633120241346,1
REACTOME_S_PHASE,46,46,0.001341064809821546,-2.0973384380340576e-05,0.0013620381942018867,0.35702309407717336,0.765633120241346,1
REACTOME_APOPTOTIC_EXECUTION_PHASE,12,12,0.009887575171887875,-1.2019183486700058e-05,0.009899594355374575,0.36123896956849144,0.7670641091844792,1
REACTOME_SELENOAMINO_ACID_METABOLISM,12,12,0.00023420900106430054,-1.2019183486700058e-05,0.0002462281845510006,0.36351003192679243,0.7699471279253417,1
REACTOME_INITIAL_TRIGGERING_OF_COMPLEMENT,7,7,0.0070343525148928165,-1.6496283933520317e-05,0.007050848798826337,0.36459185961507234,0.7703031018934986,1
REACTOME_CELL_CELL_JUNCTION_ORGANIZATION,9,9,-0.0018684251699596643,2.0109117031097412e-05,-0.0018885342869907618,0.3668537161013312,0.7711054748090652,-1
REACTOME_CELL_JUNCTION_ORGANIZATION,9,9,-0.0018684251699596643,2.0109117031097412e-05,-0.0018885342869907618,0.3668537161013312,0.7711054748090652,-1
REACTOME_RAB_GEFS_EXCHANGE_GTP_FOR_GDP_ON_RABS,18,18,0.001558840274810791,-2.0973384380340576e-05,0.0015798136591911316,0.3677157780228283,0.7711054748090652,1
REACTOME_SIGNALING_BY_RETINOIC_ACID,11,11,-0.002058753976598382,2.0109117031097412e-05,-0.0020788630936294794,0.3702425258627956,0.7744775416931432,-1
REACTOME_MITOCHONDRIAL_TRANSLATION,24,24,-0.005421059671789408,8.904561400413513e-05,-0.005510105285793543,0.37402984426996033,0.7766186175359028,-1
REACTOME_DNA_STRAND_ELONGATION,14,14,-0.003347414778545499,4.0218234062194824e-05,-0.0033876330126076937,0.372634093545986,0.7766186175359028,-1
REACTOME_ADORA2B_MEDIATED_ANTI_INFLAMMATORY_CYTOKINES_PRODUCTION,26,26,0.001558840274810791,-7.595494389533997e-05,0.001634795218706131,0.37347583469489765,0.7766186175359028,1
REACTOME_INHIBITION_OF_DNA_RECOMBINATION_AT_TELOMERE,8,8,-0.004830952733755112,8.904561400413513e-05,-0.004919998347759247,0.3791891799631555,0.7800858368575011,-1
REACTOME_TELOMERE_EXTENSION_BY_TELOMERASE,7,7,-0.004027135670185089,0.00010135071352124214,-0.004128486383706331,0.37724907615976533,0.7800858368575011,-1
REACTOME_TELOMERE_C_STRAND_LAGGING_STRAND_SYNTHESIS,17,17,-0.0023298412561416626,6.463192403316498e-05,-0.0023944731801748276,0.37969167472742316,0.7800858368575011,-1
REACTOME_IRON_UPTAKE_AND_TRANSPORT,15,15,0.001558840274810791,-1.6496283933520317e-05,0.0015753365587443113,0.37968479732148697,0.7800858368575011,1
REACTOME_ANTI_INFLAMMATORY_RESPONSE_FAVOURING_LEISHMANIA_PARASITE_INFECTION,36,36,-0.0008274333085864782,0.0,-0.0008274333085864782,0.3803265467952941,0.7800858368575011,-1
REACTOME_FATTY_ACYL_COA_BIOSYNTHESIS,10,10,-0.004624464549124241,8.904561400413513e-05,-0.004713510163128376,0.38278498196294286,0.7829734904216379,-1
REACTOME_SIGNALING_BY_INTERLEUKINS,122,122,0.001558840274810791,-0.0001321387244388461,0.0016909789992496371,0.3845207888903417,0.7829734904216379,1
REACTOME_PHOSPHOLIPID_METABOLISM,54,54,0.0005012373439967632,-2.0973384380340576e-05,0.0005222107283771038,0.3839424544382811,0.7829734904216379,1
REACTOME_COPI_MEDIATED_ANTEROGRADE_TRANSPORT,15,15,0.001122698187828064,-6.009591743350029e-06,0.001128707779571414,0.38557114962049843,0.7832204316387474,1
REACTOME_NUCLEAR_EVENTS_KINASE_AND_TRANSCRIPTION_FACTOR_ACTIVATION,15,15,-0.0016252994537353516,2.0109117031097412e-05,-0.001645408570766449,0.3897033216422847,0.7878175063415972,-1
REACTOME_SIGNALING_BY_NOTCH1,17,17,-0.0011787917464971542,2.0109117031097412e-05,-0.0011989008635282516,0.3889025366850196,0.7878175063415972,-1
REACTOME_REGULATION_OF_INSULIN_SECRETION,19,19,0.001558840274810791,-1.6496283933520317e-05,0.0015753365587443113,0.3907648498885986,0.7880736087466235,1
REACTOME_SIGNALING_BY_NOTCH2,6,6,0.001904219388961792,-1.2019183486700058e-05,0.001916238572448492,0.3936129734455823,0.7887278031260299,1
REACTOME_METABOLISM_OF_WATER_SOLUBLE_VITAMINS_AND_COFACTORS,25,25,0.001558840274810791,-2.100318670272827e-05,0.0015798434615135193,0.3967029519874693,0.7887278031260299,1
REACTOME_INTEGRATION_OF_ENERGY_METABOLISM,24,24,0.001558840274810791,-2.0973384380340576e-05,0.0015798136591911316,0.3936315801214241,0.7887278031260299,1
REACTOME_ADRENALINE_NORADRENALINE_INHIBITS_INSULIN_SECRETION,9,9,0.001558840274810791,-1.6496283933520317e-05,0.0015753365587443113,0.39578696542200964,0.7887278031260299,1
REACTOME_G_PROTEIN_ACTIVATION,9,9,0.001558840274810791,-1.6496283933520317e-05,0.0015753365587443113,0.39578696542200964,0.7887278031260299,1
REACTOME_SIGNALING_BY_ERBB2_ECD_MUTANTS,5,5,0.001558840274810791,-6.009591743350029e-06,0.001564849866554141,0.3947837102963001,0.7887278031260299,1
REACTOME_ORC1_REMOVAL_FROM_CHROMATIN,12,12,0.000134151428937912,0.0,0.000134151428937912,0.39864044360694184,0.7907150446132988,1
REACTOME_ATF4_ACTIVATES_GENES_IN_RESPONSE_TO_ENDOPLASMIC_RETICULUM_STRESS,8,8,0.004562407732009888,0.0,0.004562407732009888,0.4018867746002136,0.7934454843450186,1
REACTOME_SUMOYLATION_OF_DNA_REPLICATION_PROTEINS,12,12,0.0017460411181673408,0.0,0.0017460411181673408,0.40189943275839024,0.7934454843450186,1
REACTOME_ONCOGENIC_MAPK_SIGNALING,17,17,-0.002723563462495804,2.0109117031097412e-05,-0.0027436725795269012,0.4031241569669727,0.7940038886055093,-1
REACTOME_UBIQUINOL_BIOSYNTHESIS,5,5,0.004577741026878357,-6.009591743350029e-06,0.004583750618621707,0.40749599384061386,0.7996008766066068,1
REACTOME_TRANSCRIPTION_COUPLED_NUCLEOTIDE_EXCISION_REPAIR_TC_NER,25,25,-0.0020919719245284796,6.463192403316498e-05,-0.0021566038485616446,0.4112057115122014,0.7996008766066068,-1
REACTOME_SENSORY_PERCEPTION,33,33,0.001558840274810791,-2.100318670272827e-05,0.0015798434615135193,0.41116211334960595,0.7996008766066068,1
REACTOME_INTERLEUKIN_6_FAMILY_SIGNALING,6,6,0.001558840274810791,-2.0973384380340576e-05,0.0015798136591911316,0.410707688787584,0.7996008766066068,1
REACTOME_ANCHORING_OF_THE_BASAL_BODY_TO_THE_PLASMA_MEMBRANE,29,29,0.0015170339029282331,-2.100318670272827e-05,0.0015380370896309614,0.4116569163075532,0.7996008766066068,1
REACTOME_SARS_COV_INFECTIONS,39,39,0.0008588042110204697,-1.6496283933520317e-05,0.00087530049495399,0.4100349702273526,0.7996008766066068,1
REACTOME_CD28_CO_STIMULATION,10,10,-0.007201444823294878,4.0218234062194824e-05,-0.007241663057357073,0.41414536919265577,0.8025851637457674,-1
REACTOME_REGULATION_OF_PYRUVATE_DEHYDROGENASE_PDH_COMPLEX,6,6,0.0046116841258481145,-1.2019183486700058e-05,0.0046237033093348145,0.42047036593650267,0.8085286394278703,1
REACTOME_INTERLEUKIN_12_SIGNALING,9,9,0.0031967805698513985,-6.009591743350029e-06,0.0032027901615947485,0.42605728248570496,0.8085286394278703,1
REACTOME_MITOTIC_PROMETAPHASE,58,58,0.001558840274810791,-2.0973384380340576e-05,0.0015798136591911316,0.4223654892305313,0.8085286394278703,1
REACTOME_PLASMA_LIPOPROTEIN_REMODELING,6,6,0.001558840274810791,-2.0973384380340576e-05,0.0015798136591911316,0.4220519823131058,0.8085286394278703,1
REACTOME_POTASSIUM_CHANNELS,12,12,0.001558840274810791,-2.0973384380340576e-05,0.0015798136591911316,0.4259074727163379,0.8085286394278703,1
REACTOME_ADP_SIGNALLING_THROUGH_P2Y_PURINOCEPTOR_1,8,8,0.0011175799882039428,-1.2019183486700058e-05,0.0011295991716906428,0.4296807004314186,0.8085286394278703,1
REACTOME_ADP_SIGNALLING_THROUGH_P2Y_PURINOCEPTOR_12,8,8,0.0011175799882039428,-1.2019183486700058e-05,0.0011295991716906428,0.4296807004314186,0.8085286394278703,1
REACTOME_G_BETA_GAMMA_SIGNALLING_THROUGH_CDC42,8,8,0.0011175799882039428,-1.2019183486700058e-05,0.0011295991716906428,0.4296807004314186,0.8085286394278703,1
REACTOME_PROSTACYCLIN_SIGNALLING_THROUGH_PROSTACYCLIN_RECEPTOR,8,8,0.0011175799882039428,-1.2019183486700058e-05,0.0011295991716906428,0.4296807004314186,0.8085286394278703,1
REACTOME_MISMATCH_REPAIR,5,5,-0.0004991330206394196,2.0109117031097412e-05,-0.000519242137670517,0.418529279363693,0.8085286394278703,-1
REACTOME_REGULATION_OF_EXPRESSION_OF_SLITS_AND_ROBOS,18,18,0.0003776075318455696,-1.2019183486700058e-05,0.00038962671533226967,0.42555578319774456,0.8085286394278703,1
REACTOME_ACTIVATION_OF_ATR_IN_RESPONSE_TO_REPLICATION_STRESS,12,12,0.0003120781620964408,0.0,0.0003120781620964408,0.4221603789451235,0.8085286394278703,1
REACTOME_HCMV_INFECTION,24,24,-7.588043808937073e-05,0.0,-7.588043808937073e-05,0.42937429161888807,0.8085286394278703,-1
REACTOME_TRANSMISSION_ACROSS_CHEMICAL_SYNAPSES,44,44,0.001558840274810791,-7.595494389533997e-05,0.001634795218706131,0.4314146678452033,0.809983440965493,1
REACTOME_FORMATION_OF_INCISION_COMPLEX_IN_GG_NER,15,15,-0.006513472646474838,0.00012124748900532722,-0.0066347201354801655,0.43237560251021134,0.8099836287024625,-1
REACTOME_TRANSCRIPTION_OF_THE_HIV_GENOME,15,15,-0.006876135244965553,6.463192403316498e-05,-0.006940767168998718,0.43668438972644974,0.8138066937369351,-1
REACTOME_GENE_AND_PROTEIN_EXPRESSION_BY_JAK_STAT_SIGNALING_AFTER_INTERLEUKIN_12_STIMULATION,7,7,0.0031967805698513985,-6.009591743350029e-06,0.0032027901615947485,0.4354931937670936,0.8138066937369351,1
REACTOME_RESOLUTION_OF_AP_SITES_VIA_THE_MULTIPLE_NUCLEOTIDE_PATCH_REPLACEMENT_PATHWAY,13,13,-0.0010985468979924917,6.463192403316498e-05,-0.0011631788220256567,0.4373124937874634,0.8138066937369351,-1
REACTOME_NETRIN_1_SIGNALING,13,13,0.001558840274810791,-1.6496283933520317e-05,0.0015753365587443113,0.4387802643489249,0.8147395657404046,1
REACTOME_RHO_GTPASE_CYCLE,95,95,-0.0021014194935560226,0.00013386900536715984,-0.0022352884989231825,0.43997278477383484,0.8151583682732808,-1
REACTOME_DNA_DOUBLE_STRAND_BREAK_REPAIR,36,36,0.0013343984028324485,-2.0973384380340576e-05,0.001355371787212789,0.44145216922077835,0.8161056549410443,1
REACTOME_HDR_THROUGH_SINGLE_STRAND_ANNEALING_SSA,12,12,0.003070085891522467,-1.2019183486700058e-05,0.003082105075009167,0.44544565393615154,0.8216864032126384,1
REACTOME_DNA_DAMAGE_BYPASS,16,16,0.0006758983945474029,-2.0973384380340576e-05,0.0006968717789277434,0.4470357212545243,0.8228190240558165,1
REACTOME_REGULATION_OF_LIPID_METABOLISM_BY_PPARALPHA,28,28,0.001558840274810791,-2.0973384380340576e-05,0.0015798136591911316,0.449698639099921,0.824121636437464,1
REACTOME_NOD1_2_SIGNALING_PATHWAY,9,9,0.0004155440255999565,-6.009591743350029e-06,0.00042155361734330654,0.4495465765307164,0.824121636437464,1
REACTOME_EXTRA_NUCLEAR_ESTROGEN_SIGNALING,25,25,-0.0027725640684366226,6.463192403316498e-05,-0.0028371959924697876,0.45096688203867796,0.8246531053332008,-1
REACTOME_SUMOYLATION_OF_INTRACELLULAR_RECEPTORS,8,8,-0.008543761447072029,4.0218234062194824e-05,-0.008583979681134224,0.45314309229391425,0.8268390190557786,-1
REACTOME_COOPERATION_OF_PREFOLDIN_AND_TRIC_CCT_IN_ACTIN_AND_TUBULIN_FOLDING,8,8,-0.010504309087991714,0.0,-0.010504309087991714,0.45664404502452094,0.828341604187037,-1
REACTOME_AQUAPORIN_MEDIATED_TRANSPORT,16,16,0.001558840274810791,-2.0973384380340576e-05,0.0015798136591911316,0.459862242893871,0.828341604187037,1
REACTOME_NR1H2_AND_NR1H3_MEDIATED_SIGNALING,12,12,0.001558840274810791,-2.0973384380340576e-05,0.0015798136591911316,0.45814047748379283,0.828341604187037,1
REACTOME_TRANSPORT_OF_VITAMINS_NUCLEOSIDES_AND_RELATED_MOLECULES,9,9,0.001558840274810791,-1.6496283933520317e-05,0.0015753365587443113,0.4591440607169033,0.828341604187037,1
REACTOME_CARGO_RECOGNITION_FOR_CLATHRIN_MEDIATED_ENDOCYTOSIS,17,17,0.001558840274810791,-6.009591743350029e-06,0.001564849866554141,0.45732405325725234,0.828341604187037,1
REACTOME_TNFR1_INDUCED_NFKAPPAB_SIGNALING_PATHWAY,7,7,0.00041729211807250977,-6.009591743350029e-06,0.0004233017098158598,0.45805047685835243,0.828341604187037,1
REACTOME_CLASS_I_PEROXISOMAL_MEMBRANE_PROTEIN_IMPORT,6,6,-0.005015194183215499,8.904561400413513e-05,-0.005104239797219634,0.46085978034089103,0.8283684324677423,-1
REACTOME_TP53_REGULATES_TRANSCRIPTION_OF_DEATH_RECEPTORS_AND_LIGANDS,5,5,0.001558840274810791,-6.009591743350029e-06,0.001564849866554141,0.4623530893208214,0.8292843708456434,1
REACTOME_ZINC_TRANSPORTERS,5,5,0.008162397891283035,-6.009591743350029e-06,0.008168407483026385,0.4656075103620111,0.8330753009465551,1
REACTOME_INFLUENZA_INFECTION,23,23,-0.007884727790951729,0.00010135071352124214,-0.007986078504472971,0.47632537966339217,0.8330753009465551,-1
REACTOME_RHOU_GTPASE_CYCLE,10,10,-0.006333153694868088,4.0218234062194824e-05,-0.006373371928930283,0.47305222305650085,0.8330753009465551,-1
REACTOME_NUCLEOTIDE_SALVAGE,6,6,0.004683376289904118,-1.2019183486700058e-05,0.004695395473390818,0.4750407680172325,0.8330753009465551,1
REACTOME_NUCLEOTIDE_CATABOLISM,8,8,0.003424237482249737,0.0,0.003424237482249737,0.4740492623216943,0.8330753009465551,1
REACTOME_INTERLEUKIN_2_FAMILY_SIGNALING,14,14,-0.003120023524388671,4.0218234062194824e-05,-0.0031602417584508657,0.46986390803213884,0.8330753009465551,-1
REACTOME_ASSEMBLY_OF_THE_ORC_COMPLEX_AT_THE_ORIGIN_OF_REPLICATION,6,6,-0.0026609404012560844,8.904561400413513e-05,-0.0027499860152602196,0.475793712493763,0.8330753009465551,-1
REACTOME_SIGNALING_BY_FGFR,18,18,-0.002003949601203203,8.904561400413513e-05,-0.0020929952152073383,0.47521514495290584,0.8330753009465551,-1
REACTOME_REGULATION_OF_RAS_BY_GAPS,8,8,0.001558840274810791,-2.0973384380340576e-05,0.0015798136591911316,0.47470082705961547,0.8330753009465551,1
REACTOME_INTERLEUKIN_37_SIGNALING,5,5,0.001558840274810791,-6.009591743350029e-06,0.001564849866554141,0.4754467291328336,0.8330753009465551,1
REACTOME_SIGNALING_BY_PDGF,18,18,0.0009481381857767701,-1.2019183486700058e-05,0.0009601573692634702,0.47173625590728996,0.8330753009465551,1
REACTOME_SIGNALING_BY_FGFR_IN_DISEASE,13,13,-0.00033680209890007973,2.0109117031097412e-05,-0.00035691121593117714,0.4743340025376289,0.8330753009465551,-1
REACTOME_PI3K_AKT_SIGNALING_IN_CANCER,25,25,-0.002454737201333046,6.463192403316498e-05,-0.002519369125366211,0.47792816285169337,0.8336240840505154,-1
REACTOME_POLYMERASE_SWITCHING_ON_THE_C_STRAND_OF_THE_TELOMERE,13,13,-0.0023298412561416626,2.0109117031097412e-05,-0.00234995037317276,0.478951175272159,0.8336240840505154,-1
REACTOME_THROMBIN_SIGNALLING_THROUGH_PROTEINASE_ACTIVATED_RECEPTORS_PARS,9,9,0.0006763197015970945,-6.009591743350029e-06,0.0006823292933404446,0.4796057897562277,0.8336240840505154,1
REACTOME_TP53_REGULATES_TRANSCRIPTION_OF_ADDITIONAL_CELL_CYCLE_GENES_WHOSE_EXACT_ROLE_IN_THE_P53_PATHWAY_REMAIN_UNCERTAIN,6,6,0.0059722429141402245,-1.2019183486700058e-05,0.0059842620976269245,0.4967539813494083,0.8336651133309592,1
REACTOME_HDMS_DEMETHYLATE_HISTONES,6,6,-0.005362191237509251,4.0218234062194824e-05,-0.0054024094715714455,0.48678460909001,0.8336651133309592,-1
REACTOME_PEROXISOMAL_LIPID_METABOLISM,10,10,-0.004292907891795039,4.0218234062194824e-05,-0.004333126125857234,0.4939644629699196,0.8336651133309592,-1
REACTOME_TP53_REGULATES_TRANSCRIPTION_OF_CELL_CYCLE_GENES,14,14,-0.003971330355852842,4.0218234062194824e-05,-0.004011548589915037,0.49752290543339295,0.8336651133309592,-1
REACTOME_CELL_DEATH_SIGNALLING_VIA_NRAGE_NRIF_AND_NADE,25,25,-0.0034332051873207092,6.463192403316498e-05,-0.003497837111353874,0.4956544430906715,0.8336651133309592,-1
REACTOME_E3_UBIQUITIN_LIGASES_UBIQUITINATE_TARGET_PROTEINS,14,14,-0.0029257354326546192,4.0218234062194824e-05,-0.002965953666716814,0.4884585356875897,0.8336651133309592,-1
REACTOME_METABOLISM_OF_VITAMINS_AND_COFACTORS,40,40,0.001558840274810791,-2.0973384380340576e-05,0.0015798136591911316,0.4963927369294081,0.8336651133309592,1
REACTOME_SIGNALING_BY_WNT,53,53,0.001558840274810791,-1.6496283933520317e-05,0.0015753365587443113,0.48426807148028184,0.8336651133309592,1
REACTOME_FCERI_MEDIATED_NF_KB_ACTIVATION,13,13,0.001558840274810791,-1.0486692190170288e-05,0.0015693269670009613,0.49373278882517335,0.8336651133309592,1
REACTOME_COMMON_PATHWAY_OF_FIBRIN_CLOT_FORMATION,5,5,0.001558840274810791,-6.009591743350029e-06,0.001564849866554141,0.4984190001409293,0.8336651133309592,1
REACTOME_SIGNALING_BY_ERBB2_IN_CANCER,7,7,0.001558840274810791,-6.009591743350029e-06,0.001564849866554141,0.48918033264911787,0.8336651133309592,1
REACTOME_MITOCHONDRIAL_TRNA_AMINOACYLATION,6,6,0.0015207211254164577,-1.2019183486700058e-05,0.0015327403089031577,0.49060614002995584,0.8336651133309592,1
REACTOME_GAMMA_CARBOXYLATION_HYPUSINE_FORMATION_AND_ARYLSULFATASE_ACTIVATION,13,13,0.001468143193051219,-2.100318670272827e-05,0.0014891463797539473,0.49399427708669474,0.8336651133309592,1
REACTOME_ACTIVATED_NOTCH1_TRANSMITS_SIGNAL_TO_THE_NUCLEUS,5,5,-0.0011787917464971542,2.0109117031097412e-05,-0.0011989008635282516,0.48352434653920195,0.8336651133309592,-1
REACTOME_PEPTIDE_HORMONE_METABOLISM,12,12,-0.0010265444871038198,0.0,-0.0010265444871038198,0.4838596434738277,0.8336651133309592,-1
REACTOME_DOWNREGULATION_OF_SMAD2_3_SMAD4_TRANSCRIPTIONAL_ACTIVITY,8,8,-0.0007802499458193779,4.0218234062194824e-05,-0.0008204681798815727,0.48222905465998256,0.8336651133309592,-1
REACTOME_GROWTH_HORMONE_RECEPTOR_SIGNALING,6,6,-0.0007644742727279663,0.0,-0.0007644742727279663,0.48716603697676675,0.8336651133309592,-1
REACTOME_DEATH_RECEPTOR_SIGNALLING,40,40,0.0006713852053508162,-2.0973384380340576e-05,0.0006923585897311568,0.4918181248393584,0.8336651133309592,1
REACTOME_TRANSCRIPTIONAL_REGULATION_BY_RUNX2,16,16,0.0005126330070197582,0.0,0.0005126330070197582,0.4971811100055785,0.8336651133309592,1
REACTOME_RECYCLING_PATHWAY_OF_L1,9,9,0.001558840274810791,-1.6496283933520317e-05,0.0015753365587443113,0.49960688086725413,0.8339972288536539,1
REACTOME_RAF_INDEPENDENT_MAPK1_3_ACTIVATION,6,6,-0.03136661648750305,0.0,-0.03136661648750305,0.5158343308805164,0.8509752268733374,-1
REACTOME_RHOH_GTPASE_CYCLE,5,5,-0.016943782567977905,2.0109117031097412e-05,-0.016963891685009003,0.5146290012367484,0.8509752268733374,-1
REACTOME_TERMINATION_OF_O_GLYCAN_BIOSYNTHESIS,6,6,0.001558840274810791,-2.0973384380340576e-05,0.0015798136591911316,0.5134777031575068,0.8509752268733374,1
REACTOME_REPRODUCTION,27,27,-0.001402050256729126,6.463192403316498e-05,-0.001466682180762291,0.5157862405143043,0.8509752268733374,-1
REACTOME_SIGNAL_AMPLIFICATION,9,9,0.0006763197015970945,-6.009591743350029e-06,0.0006823292933404446,0.5120087735008638,0.8509752268733374,1
REACTOME_THROMBOXANE_SIGNALLING_THROUGH_TP_RECEPTOR,9,9,0.0006763197015970945,-6.009591743350029e-06,0.0006823292933404446,0.5120087735008638,0.8509752268733374,1
REACTOME_HSP90_CHAPERONE_CYCLE_FOR_STEROID_HORMONE_RECEPTORS_SHR_IN_THE_PRESENCE_OF_LIGAND,12,12,0.004403515951707959,-1.2019183486700058e-05,0.004415535135194659,0.5189632319253302,0.8512731094269831,1
REACTOME_BETA_CATENIN_INDEPENDENT_WNT_SIGNALING,30,30,0.001558840274810791,-2.0973384380340576e-05,0.0015798136591911316,0.5190443395557168,0.8512731094269831,1
REACTOME_FOXO_MEDIATED_TRANSCRIPTION,17,17,-9.639747440814972e-05,2.0109117031097412e-05,-0.00011650659143924713,0.5189084296770081,0.8512731094269831,-1
REACTOME_RNA_POLYMERASE_I_TRANSCRIPTION_TERMINATION,9,9,-0.005231916904449463,6.463192403316498e-05,-0.005296548828482628,0.5242453655419038,0.8548140099648451,-1
REACTOME_SUMOYLATION_OF_CHROMATIN_ORGANIZATION_PROTEINS,20,20,-0.001153184799477458,4.0218234062194824e-05,-0.0011934030335396528,0.5242066110789687,0.8548140099648451,-1
REACTOME_LAGGING_STRAND_SYNTHESIS,10,10,-0.0001353127881884575,0.0,-0.0001353127881884575,0.5242374755473103,0.8548140099648451,-1
REACTOME_UPTAKE_AND_ACTIONS_OF_BACTERIAL_TOXINS,6,6,-0.004629162605851889,0.0,-0.004629162605851889,0.5265081794508564,0.855860766180618,-1
REACTOME_FORMATION_OF_THE_BETA_CATENIN_TCF_TRANSACTIVATING_COMPLEX,10,10,-0.0027902424335479736,4.0218234062194824e-05,-0.0028304606676101685,0.52793309420394,0.855860766180618,-1
REACTOME_SYNTHESIS_OF_PIPS_AT_THE_PLASMA_MEMBRANE,19,19,-0.0017721033655107021,0.00010135071352124214,-0.0018734540790319443,0.5278282412946929,0.855860766180618,-1
REACTOME_IRE1ALPHA_ACTIVATES_CHAPERONES,12,12,-0.01118680089712143,4.0218234062194824e-05,-0.011227019131183624,0.5361434642866649,0.8561984170829102,-1
REACTOME_RNA_POLYMERASE_III_TRANSCRIPTION,14,14,-0.0036712593864649534,4.0218234062194824e-05,-0.0037114776205271482,0.5367610313536963,0.8561984170829102,-1
REACTOME_ANTIGEN_PROCESSING_UBIQUITINATION_PROTEASOME_DEGRADATION,64,64,-0.0026658992283046246,0.0001388988457620144,-0.002804798074066639,0.5346770602561584,0.8561984170829102,-1
REACTOME_REGULATION_OF_INSULIN_LIKE_GROWTH_FACTOR_IGF_TRANSPORT_AND_UPTAKE_BY_INSULIN_LIKE_GROWTH_FACTOR_BINDING_PROTEINS_IGFBPS,24,24,-0.0016019204631447792,4.0218234062194824e-05,-0.001642138697206974,0.5371173218537002,0.8561984170829102,-1
REACTOME_SEMAPHORIN_INTERACTIONS,10,10,-0.0015484821051359177,0.0,-0.0015484821051359177,0.5356747157397458,0.8561984170829102,-1
REACTOME_ROS_AND_RNS_PRODUCTION_IN_PHAGOCYTES,7,7,0.0014682214241474867,-6.009591743350029e-06,0.0014742310158908367,0.5372822807080184,0.8561984170829102,1
REACTOME_DISEASES_ASSOCIATED_WITH_N_GLYCOSYLATION_OF_PROTEINS,6,6,0.0008876628708094358,-1.2019183486700058e-05,0.0008996820542961359,0.5356888733278447,0.8561984170829102,1
REACTOME_INTRAFLAGELLAR_TRANSPORT,15,15,-0.0004925224930047989,2.0109117031097412e-05,-0.0005126316100358963,0.533705728551098,0.8561984170829102,-1
REACTOME_GENE_SILENCING_BY_RNA,21,21,-8.618086576461792e-05,2.0109117031097412e-05,-0.00010628998279571533,0.536959595450861,0.8561984170829102,-1
REACTOME_FORMATION_OF_FIBRIN_CLOT_CLOTTING_CASCADE,8,8,0.0007107844576239586,0.0,0.0007107844576239586,0.5401795596300283,0.858021491437254,1
REACTOME_SIGNALING_BY_ERBB2,13,13,-0.00029117322992533445,2.0109117031097412e-05,-0.00031128234695643187,0.540461935887523,0.858021491437254,-1
REACTOME_MAP3K8_TPL2_DEPENDENT_MAPK1_3_ACTIVATION,5,5,0.010531440377235413,-6.009591743350029e-06,0.010537449968978763,0.5567680360325235,0.858167817859041,1
REACTOME_TRNA_PROCESSING,34,34,-0.005107925273478031,8.904561400413513e-05,-0.005196970887482166,0.5577652519989431,0.858167817859041,-1
REACTOME_INHIBITION_OF_THE_PROTEOLYTIC_ACTIVITY_OF_APC_C_REQUIRED_FOR_THE_ONSET_OF_ANAPHASE_BY_MITOTIC_SPINDLE_CHECKPOINT_COMPONENTS,8,8,0.004522821865975857,-1.2019183486700058e-05,0.004534841049462557,0.5503420006825468,0.858167817859041,1
REACTOME_TELOMERE_C_STRAND_SYNTHESIS_INITIATION,6,6,-0.003178488463163376,4.0218234062194824e-05,-0.0032187066972255707,0.5546968061218267,0.858167817859041,-1
REACTOME_CYTOSOLIC_SENSORS_OF_PATHOGEN_ASSOCIATED_DNA,13,13,-0.00236693536862731,2.0109117031097412e-05,-0.002387044485658407,0.5578599812417016,0.858167817859041,-1
REACTOME_MITOCHONDRIAL_CALCIUM_ION_TRANSPORT,5,5,-0.001869120867922902,6.463192403316498e-05,-0.001933752791956067,0.5554261559874002,0.858167817859041,-1
REACTOME_RMTS_METHYLATE_HISTONE_ARGININES,11,11,0.0016206963919103146,-1.6496283933520317e-05,0.0016371926758438349,0.5505266869985723,0.858167817859041,1
REACTOME_STRIATED_MUSCLE_CONTRACTION,6,6,0.001558840274810791,-2.0973384380340576e-05,0.0015798136591911316,0.5461632610955226,0.858167817859041,1
REACTOME_GABA_B_RECEPTOR_ACTIVATION,11,11,0.001558840274810791,-1.6496283933520317e-05,0.0015753365587443113,0.5547411526610788,0.858167817859041,1
REACTOME_NCAM_SIGNALING_FOR_NEURITE_OUT_GROWTH,13,13,0.001558840274810791,-1.6496283933520317e-05,0.0015753365587443113,0.5571644235230804,0.858167817859041,1
REACTOME_AMYLOID_FIBER_FORMATION,13,13,0.001558840274810791,-6.009591743350029e-06,0.001564849866554141,0.5570253626817221,0.858167817859041,1
REACTOME_TRANSFERRIN_ENDOCYTOSIS_AND_RECYCLING,6,6,0.0015135308494791389,-1.2019183486700058e-05,0.001525550032965839,0.5563296046231255,0.858167817859041,1
REACTOME_SIGNALING_BY_GPCR,148,148,0.001388857839629054,-0.0001321387244388461,0.0015209965640679002,0.5525600578022627,0.858167817859041,1
REACTOME_RESPONSE_TO_ELEVATED_PLATELET_CYTOSOLIC_CA2,38,38,0.0012910495279356837,-1.2019183486700058e-05,0.0013030687114223838,0.5464807068696427,0.858167817859041,1
REACTOME_PI_METABOLISM,28,28,-0.0009652154985815287,0.00011365581303834915,-0.0010788713116198778,0.5478043320833661,0.858167817859041,-1
REACTOME_SIGNALING_BY_WNT_IN_CANCER,5,5,-0.0009200598578900099,2.0109117031097412e-05,-0.0009401689749211073,0.5576634996059772,0.858167817859041,-1
REACTOME_GLYCOGEN_STORAGE_DISEASES,6,6,0.000279395142570138,0.0,0.000279395142570138,0.5437371117900635,0.858167817859041,1
REACTOME_RESOLUTION_OF_D_LOOP_STRUCTURES_THROUGH_SYNTHESIS_DEPENDENT_STRAND_ANNEALING_SDSA,6,6,0.003287861356511712,-1.2019183486700058e-05,0.003299880539998412,0.5591926299254373,0.8586509781915185,1
REACTOME_PERK_REGULATES_GENE_EXPRESSION,9,9,-0.004797730594873428,2.0109117031097412e-05,-0.004817839711904526,0.5614978625897715,0.8606230875694134,-1
REACTOME_SWITCHING_OF_ORIGINS_TO_A_POST_REPLICATIVE_STATE,19,19,-0.001290537416934967,2.0109117031097412e-05,-0.0013106465339660645,0.5626951555738202,0.8608929512681134,-1
REACTOME_ARACHIDONIC_ACID_METABOLISM,10,10,-0.004452008521184325,8.904561400413513e-05,-0.00454105413518846,0.565126063471473,0.8614851202648314,-1
REACTOME_MATURATION_OF_PROTEIN_3A,5,5,0.001558840274810791,-1.6496283933520317e-05,0.0015753365587443113,0.5648523301014001,0.8614851202648314,1
REACTOME_ABERRANT_REGULATION_OF_MITOTIC_G1_S_TRANSITION_IN_CANCER_DUE_TO_RB1_DEFECTS,7,7,-0.002909771166741848,6.463192403316498e-05,-0.002974403090775013,0.5689623878050558,0.8656819896537573,-1
REACTOME_DUAL_INCISION_IN_GG_NER,18,18,-0.0015952594112604856,8.904561400413513e-05,-0.0016843050252646208,0.5699329825122601,0.8656819896537573,-1
REACTOME_MEIOTIC_RECOMBINATION,6,6,-0.0066856639459729195,4.0218234062194824e-05,-0.006725882180035114,0.5719570137185437,0.8671938175624682,-1
REACTOME_COPI_DEPENDENT_GOLGI_TO_ER_RETROGRADE_TRAFFIC,21,21,-0.0024847579188644886,6.463192403316498e-05,-0.0025493898428976536,0.5836550794907742,0.8694348889824892,-1
REACTOME_SUMOYLATION,52,52,-0.002120832446962595,0.00020472705364227295,-0.002325559500604868,0.5813973920817086,0.8694348889824892,-1
REACTOME_SYNTHESIS_OF_SUBSTRATES_IN_N_GLYCAN_BIOSYTHESIS,16,16,-0.002032221993431449,8.904561400413513e-05,-0.002121267607435584,0.5812564757991201,0.8694348889824892,-1
REACTOME_CLATHRIN_MEDIATED_ENDOCYTOSIS,27,27,0.001558840274810791,-6.009591743350029e-06,0.001564849866554141,0.5797678542923709,0.8694348889824892,1
REACTOME_INTERLEUKIN_4_AND_INTERLEUKIN_13_SIGNALING,38,38,0.0012599676847457886,-1.2019183486700058e-05,0.0012719868682324886,0.5812702762953891,0.8694348889824892,1
REACTOME_CLASS_B_2_SECRETIN_FAMILY_RECEPTORS,18,18,0.0011226341594010592,-2.1032989025115967e-05,0.0011436671484261751,0.5744869095096954,0.8694348889824892,1
REACTOME_COOPERATION_OF_PDCL_PHLP1_AND_TRIC_CCT_IN_G_PROTEIN_BETA_FOLDING,11,11,0.0006763197015970945,-6.009591743350029e-06,0.0006823292933404446,0.5837486917723474,0.8694348889824892,1
REACTOME_GLYCOGEN_SYNTHESIS,6,6,0.000279395142570138,0.0,0.000279395142570138,0.5781826508450527,0.8694348889824892,1
REACTOME_MITOTIC_PROPHASE,22,22,0.0001565292477607727,0.0,0.0001565292477607727,0.575934317321372,0.8694348889824892,1
REACTOME_PROTEIN_UBIQUITINATION,19,19,-7.595494389533997e-05,6.463192403316498e-05,-0.00014058686792850494,0.5830051966410437,0.8694348889824892,-1
REACTOME_PRE_NOTCH_EXPRESSION_AND_PROCESSING,10,10,-0.002025982365012169,0.0,-0.002025982365012169,0.5855617993600937,0.8705971725935784,-1
REACTOME_EGFR_DOWNREGULATION,7,7,-0.0018800664693117142,2.0109117031097412e-05,-0.0019001755863428116,0.5925136858986295,0.8751411639175297,-1
REACTOME_AURKA_ACTIVATION_BY_TPX2,23,23,0.001558840274810791,-6.009591743350029e-06,0.001564849866554141,0.5911486692935424,0.8751411639175297,1
REACTOME_TRANSPORT_OF_MATURE_MRNAS_DERIVED_FROM_INTRONLESS_TRANSCRIPTS,11,11,-0.0012744590640068054,2.0109117031097412e-05,-0.0012945681810379028,0.5927423206631053,0.8751411639175297,-1
REACTOME_CILIUM_ASSEMBLY,55,55,0.0011539636179804802,-1.6496283933520317e-05,0.0011704599019140005,0.5927705867104501,0.8751411639175297,1
REACTOME_RNA_POLYMERASE_III_CHAIN_ELONGATION,5,5,-0.00236693536862731,2.0109117031097412e-05,-0.002387044485658407,0.5972791350797055,0.8771886948992887,-1
REACTOME_RNA_POLYMERASE_III_TRANSCRIPTION_TERMINATION,5,5,-0.00236693536862731,2.0109117031097412e-05,-0.002387044485658407,0.5972791350797055,0.8771886948992887,-1
REACTOME_METABOLISM_OF_NUCLEOTIDES,26,26,0.0008362480439245701,-2.0973384380340576e-05,0.0008572214283049107,0.5957490056505534,0.8771886948992887,1
REACTOME_TRANSPORT_OF_INORGANIC_CATIONS_ANIONS_AND_AMINO_ACIDS_OLIGOPEPTIDES,11,11,0.001558840274810791,-2.100318670272827e-05,0.0015798434615135193,0.5983563300100151,0.8772424107799004,1
REACTOME_INTERLEUKIN_2_SIGNALING,6,6,0.002692200243473053,-1.2019183486700058e-05,0.002704219426959753,0.6008546874112961,0.8780578279937179,1
REACTOME_O_LINKED_GLYCOSYLATION,20,20,0.001558840274810791,-7.595494389533997e-05,0.001634795218706131,0.6013167220275415,0.8780578279937179,1
REACTOME_PLATELET_HOMEOSTASIS,19,19,0.0006763197015970945,-6.009591743350029e-06,0.0006823292933404446,0.6024553220630842,0.8780578279937179,1
REACTOME_SYNTHESIS_OF_GLYCOSYLPHOSPHATIDYLINOSITOL_GPI,7,7,0.0001288391649723053,-6.009591743350029e-06,0.00013484875671565533,0.6030788640668596,0.8780578279937179,1
REACTOME_ION_HOMEOSTASIS,9,9,-0.002377239055931568,2.0109117031097412e-05,-0.0023973481729626656,0.6044888889961975,0.8785933334893008,-1
REACTOME_HDACS_DEACETYLATE_HISTONES,12,12,-0.00424511032178998,8.904561400413513e-05,-0.004334155935794115,0.6066984552355554,0.8802870873727594,-1
REACTOME_TRANS_GOLGI_NETWORK_VESICLE_BUDDING,16,16,-0.002240553265437484,4.0218234062194824e-05,-0.0022807714994996786,0.6126106376837192,0.8843036756654801,-1
REACTOME_REPRESSION_OF_WNT_TARGET_GENES,6,6,-0.002093798480927944,0.0,-0.002093798480927944,0.6157606851905537,0.8843036756654801,-1
REACTOME_INSULIN_RECEPTOR_RECYCLING,5,5,0.0014682214241474867,-6.009591743350029e-06,0.0014742310158908367,0.6140379192093446,0.8843036756654801,1
REACTOME_ASPARAGINE_N_LINKED_GLYCOSYLATION,60,60,-0.00045552244409918785,4.0218234062194824e-05,-0.0004957406781613827,0.6110129650907272,0.8843036756654801,-1
REACTOME_NUCLEAR_SIGNALING_BY_ERBB4,7,7,0.0002903817221522331,-6.009591743350029e-06,0.00029639131389558315,0.6135300217958761,0.8843036756654801,1
REACTOME_CIRCADIAN_CLOCK,21,21,4.0218234062194824e-05,-6.009591743350029e-06,4.622782580554485e-05,0.6148438174802877,0.8843036756654801,1
REACTOME_INTERLEUKIN_17_SIGNALING,15,15,0.009230848401784897,-6.009591743350029e-06,0.009236857993528247,0.6242298894260174,0.8849890446206539,1
REACTOME_GLUCOSE_METABOLISM,18,18,-0.006683295592665672,0.00011365581303834915,-0.0067969514057040215,0.6324344243360664,0.8849890446206539,-1
REACTOME_FATTY_ACID_METABOLISM,37,37,-0.0038114450871944427,0.00012124748900532722,-0.00393269257619977,0.6204108261887271,0.8849890446206539,-1
REACTOME_CREB1_PHOSPHORYLATION_THROUGH_NMDA_RECEPTOR_MEDIATED_ACTIVATION_OF_RAS_SIGNALING,6,6,-0.003858158364892006,4.0218234062194824e-05,-0.0038983765989542007,0.6206935906054867,0.8849890446206539,-1
REACTOME_G0_AND_EARLY_G1,11,11,0.003744425717741251,-6.009591743350029e-06,0.003750435309484601,0.6331756789631791,0.8849890446206539,1
REACTOME_CDC6_ASSOCIATION_WITH_THE_ORC_ORIGIN_COMPLEX,5,5,-0.001695176586508751,6.463192403316498e-05,-0.001759808510541916,0.6253242581619026,0.8849890446206539,-1
REACTOME_N_GLYCAN_TRIMMING_IN_THE_ER_AND_CALNEXIN_CALRETICULIN_CYCLE,6,6,0.0016237888485193253,-1.2019183486700058e-05,0.0016358080320060253,0.6226285276195704,0.8849890446206539,1
REACTOME_ECM_PROTEOGLYCANS,15,15,0.001558840274810791,-4.8493966460227966e-05,0.001607334241271019,0.6186450269643702,0.8849890446206539,1
REACTOME_BMAL1_CLOCK_NPAS2_ACTIVATES_CIRCADIAN_GENE_EXPRESSION,7,7,0.001558840274810791,-1.6496283933520317e-05,0.0015753365587443113,0.6300552700762081,0.8849890446206539,1
REACTOME_POST_TRANSLATIONAL_MODIFICATION_SYNTHESIS_OF_GPI_ANCHORED_PROTEINS,21,21,0.001558840274810791,-1.6496283933520317e-05,0.0015753365587443113,0.6265956351250033,0.8849890446206539,1
REACTOME_RHOB_GTPASE_CYCLE,14,14,0.001558840274810791,-1.2019183486700058e-05,0.001570859458297491,0.6255586977729869,0.8849890446206539,1
REACTOME_LONG_TERM_POTENTIATION,5,5,0.001558840274810791,-6.009591743350029e-06,0.001564849866554141,0.6314747942273155,0.8849890446206539,1
REACTOME_SNRNP_ASSEMBLY,12,12,-0.001507490873336792,4.0218234062194824e-05,-0.0015477091073989868,0.6203189916674778,0.8849890446206539,-1
REACTOME_ACTIVATION_OF_THE_PRE_REPLICATIVE_COMPLEX,12,12,-0.0012655702885240316,8.904561400413513e-05,-0.0013546159025281668,0.6334570756959013,0.8849890446206539,-1
REACTOME_NOTCH_HLH_TRANSCRIPTION_PATHWAY,6,6,0.0013543730601668358,0.0,0.0013543730601668358,0.6325587305014464,0.8849890446206539,1
REACTOME_REVERSIBLE_HYDRATION_OF_CARBON_DIOXIDE,5,5,0.0012770609464496374,-6.009591743350029e-06,0.0012830705381929874,0.6340846772845492,0.8849890446206539,1
REACTOME_SUMOYLATION_OF_RNA_BINDING_PROTEINS,16,16,-0.001153184799477458,4.0218234062194824e-05,-0.0011934030335396528,0.6279002172507008,0.8849890446206539,-1
REACTOME_NCAM1_INTERACTIONS,6,6,0.001558840274810791,-2.0973384380340576e-05,0.0015798136591911316,0.6364626999118433,0.8868397620259237,1
REACTOME_CA_DEPENDENT_EVENTS,5,5,0.001558840274810791,-6.009591743350029e-06,0.001564849866554141,0.6386033792554506,0.8868906898061695,1
REACTOME_SIGNALING_BY_FGFR2,16,16,-0.001085762633010745,4.0218234062194824e-05,-0.0011259808670729399,0.6382722332025799,0.8868906898061695,-1
REACTOME_TRANSCRIPTIONAL_REGULATION_BY_TP53,90,90,-0.002712902380153537,0.0001388988457620144,-0.002851801225915551,0.6425233045846984,0.8908670160606921,-1
REACTOME_TGF_BETA_RECEPTOR_SIGNALING_IN_EMT_EPITHELIAL_TO_MESENCHYMAL_TRANSITION,6,6,-0.0015690906438976526,0.0,-0.0015690906438976526,0.6473598813857717,0.8918545625200978,-1
REACTOME_SENSORY_PROCESSING_OF_SOUND,9,9,0.001558840274810791,-6.009591743350029e-06,0.001564849866554141,0.6474673692316724,0.8918545625200978,1
REACTOME_DEGRADATION_OF_THE_EXTRACELLULAR_MATRIX,24,24,0.0012159289326518774,-1.2019183486700058e-05,0.0012279481161385775,0.6457492293799127,0.8918545625200978,1
REACTOME_RECOGNITION_OF_DNA_DAMAGE_BY_PCNA_CONTAINING_REPLICATION_COMPLEX,13,13,0.00022850744426250458,-1.6496283933520317e-05,0.0002450037281960249,0.647362472108628,0.8918545625200978,1
REACTOME_RAS_ACTIVATION_UPON_CA2_INFLUX_THROUGH_NMDA_RECEPTOR,5,5,-0.005554531700909138,2.0109117031097412e-05,-0.005574640817940235,0.6486396486001313,0.8920117842902295,-1
REACTOME_VIRAL_MESSENGER_RNA_SYNTHESIS,13,13,-0.0012744590640068054,2.0109117031097412e-05,-0.0012945681810379028,0.6500433307981255,0.8924862017309769,-1
REACTOME_REGULATION_OF_SIGNALING_BY_CBL,9,9,-0.0074514588341116905,6.463192403316498e-05,-0.0075160907581448555,0.6560684522924376,0.8990736628954769,-1
REACTOME_CD28_DEPENDENT_PI3K_AKT_SIGNALING,8,8,-0.0033534634858369827,0.0,-0.0033534634858369827,0.6591073827632321,0.8990736628954769,-1
REACTOME_CONSTITUTIVE_SIGNALING_BY_LIGAND_RESPONSIVE_EGFR_CANCER_VARIANTS,6,6,0.001558840274810791,-1.2019183486700058e-05,0.001570859458297491,0.6587736669864168,0.8990736628954769,1
REACTOME_A_TETRASACCHARIDE_LINKER_SEQUENCE_IS_REQUIRED_FOR_GAG_SYNTHESIS,6,6,0.0006292250473052263,0.0,0.0006292250473052263,0.6583331802896448,0.8990736628954769,1
REACTOME_MAPK_TARGETS_NUCLEAR_EVENTS_MEDIATED_BY_MAP_KINASES,9,9,0.009230848401784897,-6.009591743350029e-06,0.009236857993528247,0.6605664005520825,0.8996081997825615,1
REACTOME_CTLA4_INHIBITORY_SIGNALING,5,5,-0.0074514588341116905,2.0109117031097412e-05,-0.007471567951142788,0.662120973406852,0.8998925926452513,-1
REACTOME_REGULATION_OF_MECP2_EXPRESSION_AND_ACTIVITY,9,9,-0.001482183113694191,2.0109117031097412e-05,-0.0015022922307252884,0.6629102016995269,0.8998925926452513,-1
REACTOME_DISEASES_ASSOCIATED_WITH_GLYCOSAMINOGLYCAN_METABOLISM,7,7,-0.0025490401312708855,2.0109117031097412e-05,-0.002569149248301983,0.6743321119803396,0.9078548802727474,-1
REACTOME_RHO_GTPASES_ACTIVATE_WASPS_AND_WAVES,6,6,-0.0016423733904957771,0.0,-0.0016423733904957771,0.6729310448825043,0.9078548802727474,-1
REACTOME_G_ALPHA_S_SIGNALLING_EVENTS,26,26,0.001558840274810791,-7.595494389533997e-05,0.001634795218706131,0.6726957164923988,0.9078548802727474,1
REACTOME_ASSEMBLY_AND_CELL_SURFACE_PRESENTATION_OF_NMDA_RECEPTORS,7,7,0.001558840274810791,-1.6496283933520317e-05,0.0015753365587443113,0.6755677492304917,0.9078548802727474,1
REACTOME_FGFR1_MUTANT_RECEPTOR_ACTIVATION,6,6,0.001558840274810791,-1.2019183486700058e-05,0.001570859458297491,0.6755986993557841,0.9078548802727474,1
REACTOME_G_PROTEIN_MEDIATED_EVENTS,9,9,0.001558840274810791,-6.009591743350029e-06,0.001564849866554141,0.6763141931331973,0.9078548802727474,1
REACTOME_METABOLISM_OF_AMINO_ACIDS_AND_DERIVATIVES,58,58,-0.0012833609944209456,8.904561400413513e-05,-0.0013724066084250808,0.6731317415794829,0.9078548802727474,-1
REACTOME_SIGNALING_BY_TGFB_FAMILY_MEMBERS,26,26,-0.0015670664142817259,0.0001288391649723053,-0.0016959055792540312,0.6843071182433833,0.9171238484565535,-1
REACTOME_POLYMERASE_SWITCHING,8,8,0.0006758983945474029,-1.2019183486700058e-05,0.0006879175780341029,0.6883717604761179,0.9205108126627307,1
REACTOME_DUAL_INCISION_IN_TC_NER,23,23,-0.0004991330206394196,2.0109117031097412e-05,-0.000519242137670517,0.6890181765008103,0.9205108126627307,-1
REACTOME_CD209_DC_SIGN_SIGNALING,5,5,-0.01909581758081913,2.0109117031097412e-05,-0.019115926697850227,0.6918680186787898,0.9228556008642719,-1
REACTOME_SIGNALING_BY_EGFR,11,11,-0.0020704681519418955,6.463192403316498e-05,-0.0021351000759750605,0.6952390689529581,0.9229709214603836,-1
REACTOME_TRANSLATION_OF_SARS_COV_2_STRUCTURAL_PROTEINS,16,16,0.0008056299993768334,-1.2019183486700058e-05,0.0008176491828635335,0.6930951103201621,0.9229709214603836,1
REACTOME_SIGNALING_BY_VEGF,25,25,0.0003117145970463753,-6.009591743350029e-06,0.0003177241887897253,0.694985890434895,0.9229709214603836,1
REACTOME_MRNA_DECAY_BY_5_TO_3_EXORIBONUCLEASE,5,5,0.004819517955183983,-6.009591743350029e-06,0.004825527546927333,0.7101494515247233,0.9229866164379369,1
REACTOME_NEF_MEDIATES_DOWN_MODULATION_OF_CELL_SURFACE_RECEPTORS_BY_RECRUITING_THEM_TO_CLATHRIN_ADAPTERS,5,5,0.00472751259803772,-6.009591743350029e-06,0.00473352218978107,0.7042014273617476,0.9229866164379369,1
REACTOME_CARGO_CONCENTRATION_IN_THE_ER,5,5,-0.003159955143928528,6.463192403316498e-05,-0.003224587067961693,0.708660772288285,0.9229866164379369,-1
REACTOME_P75_NTR_RECEPTOR_MEDIATED_SIGNALLING,29,29,-0.0027845934964716434,2.0109117031097412e-05,-0.002804702613502741,0.7118452625234324,0.9229866164379369,-1
REACTOME_RESPIRATORY_ELECTRON_TRANSPORT,15,15,-0.0027434080839157104,2.0109117031097412e-05,-0.002763517200946808,0.7041374571445751,0.9229866164379369,-1
REACTOME_RESPIRATORY_ELECTRON_TRANSPORT_ATP_SYNTHESIS_BY_CHEMIOSMOTIC_COUPLING_AND_HEAT_PRODUCTION_BY_UNCOUPLING_PROTEINS,15,15,-0.0027434080839157104,2.0109117031097412e-05,-0.002763517200946808,0.7041374571445751,0.9229866164379369,-1
REACTOME_INTRA_GOLGI_TRAFFIC,10,10,0.0017203855095431209,-1.2019183486700058e-05,0.001732404693029821,0.7091217961004034,0.9229866164379369,1
REACTOME_PI3K_EVENTS_IN_ERBB2_SIGNALING,5,5,0.001558840274810791,-6.009591743350029e-06,0.001564849866554141,0.7064298401376734,0.9229866164379369,1
REACTOME_SPHINGOLIPID_DE_NOVO_BIOSYNTHESIS,7,7,0.001558840274810791,-6.009591743350029e-06,0.001564849866554141,0.7138711259180694,0.9229866164379369,1
REACTOME_SUMOYLATION_OF_DNA_DAMAGE_RESPONSE_AND_REPAIR_PROTEINS,26,26,-0.0013852319680154324,0.00011365581303834915,-0.0014988877810537815,0.7042611626173991,0.9229866164379369,-1
REACTOME_G_ALPHA_Q_SIGNALLING_EVENTS,52,52,0.0012580129550769925,-2.0973384380340576e-05,0.001278986339457333,0.7017067870902485,0.9229866164379369,1
REACTOME_PHASE_II_CONJUGATION_OF_COMPOUNDS,15,15,0.0009169243276119232,-6.009591743350029e-06,0.0009229339193552732,0.7081504656851193,0.9229866164379369,1
REACTOME_COLLAGEN_DEGRADATION,13,13,0.0008730175904929638,-6.009591743350029e-06,0.0008790271822363138,0.7122759700508723,0.9229866164379369,1
REACTOME_RND1_GTPASE_CYCLE,8,8,0.0007065180689096451,0.0,0.0007065180689096451,0.7149587906690069,0.9229866164379369,1
REACTOME_RND3_GTPASE_CYCLE,8,8,0.0007065180689096451,0.0,0.0007065180689096451,0.7047501638701099,0.9229866164379369,1
REACTOME_RECRUITMENT_OF_NUMA_TO_MITOTIC_CENTROSOMES,28,28,-0.0005400520749390125,0.0,-0.0005400520749390125,0.7129417011909522,0.9229866164379369,-1
REACTOME_INTERLEUKIN_20_FAMILY_SIGNALING,5,5,-0.000342142884619534,2.0109117031097412e-05,-0.00036225200165063143,0.7116392376898084,0.9229866164379369,-1
REACTOME_INTERCONVERSION_OF_NUCLEOTIDE_DI_AND_TRIPHOSPHATES,10,10,5.6827906519174576e-05,-1.2019183486700058e-05,6.884709000587463e-05,0.6968676642320304,0.9229866164379369,1
REACTOME_DEGRADATION_OF_CYSTEINE_AND_HOMOCYSTEINE,5,5,-0.009980499744415283,2.0109117031097412e-05,-0.01000060886144638,0.7171111741485738,0.9237100150481012,-1
REACTOME_TRNA_PROCESSING_IN_THE_NUCLEUS,21,21,-0.004193002358078957,6.463192403316498e-05,-0.004257634282112122,0.7235843432082283,0.9237100150481012,-1
REACTOME_TRANSCRIPTION_OF_E2F_TARGETS_UNDER_NEGATIVE_CONTROL_BY_DREAM_COMPLEX,9,9,0.003744425717741251,-6.009591743350029e-06,0.003750435309484601,0.7219674098760229,0.9237100150481012,1
REACTOME_INTERLEUKIN_RECEPTOR_SHC_SIGNALING,9,9,-0.0030040647834539413,2.0109117031097412e-05,-0.0030241739004850388,0.7215949829135415,0.9237100150481012,-1
REACTOME_SPHINGOLIPID_METABOLISM,14,14,0.0014037308283150196,-2.0973384380340576e-05,0.0014247042126953602,0.7237386583869323,0.9237100150481012,1
REACTOME_BILE_ACID_AND_BILE_SALT_METABOLISM,6,6,-0.0008128671906888485,0.0,-0.0008128671906888485,0.7242850770424614,0.9237100150481012,-1
REACTOME_SYNTHESIS_OF_BILE_ACIDS_AND_BILE_SALTS,6,6,-0.0008128671906888485,0.0,-0.0008128671906888485,0.7242850770424614,0.9237100150481012,-1
REACTOME_HOMOLOGY_DIRECTED_REPAIR,28,28,-0.0001353127881884575,0.0,-0.0001353127881884575,0.723100092132725,0.9237100150481012,-1
REACTOME_DECTIN_2_FAMILY,5,5,0.001558840274810791,-6.009591743350029e-06,0.001564849866554141,0.7260965362636034,0.9237362579777536,1
REACTOME_THE_CITRIC_ACID_TCA_CYCLE_AND_RESPIRATORY_ELECTRON_TRANSPORT,28,28,-0.0003920579329133034,4.0218234062194824e-05,-0.0004322761669754982,0.7264971993348168,0.9237362579777536,-1
REACTOME_SIGNALING_BY_MET,10,10,0.001558840274810791,-1.2019183486700058e-05,0.001570859458297491,0.7299486870932781,0.9253334484505766,1
REACTOME_TRANSCRIPTIONAL_REGULATION_BY_MECP2,15,15,0.001558840274810791,-6.009591743350029e-06,0.001564849866554141,0.7297844866532731,0.9253334484505766,1
REACTOME_INTRACELLULAR_SIGNALING_BY_SECOND_MESSENGERS,63,63,-0.00033680209890007973,2.0109117031097412e-05,-0.00035691121593117714,0.7310827471266665,0.9253795132549248,-1
REACTOME_TOLL_LIKE_RECEPTOR_9_TLR9_CASCADE,27,27,-0.002058753976598382,2.0109117031097412e-05,-0.0020788630936294794,0.7342996251069998,0.9280578470242891,-1
REACTOME_SUMOYLATION_OF_DNA_METHYLATION_PROTEINS,6,6,-0.001263957703486085,4.0218234062194824e-05,-0.0013041759375482798,0.7375605013721167,0.929392380652757,-1
REACTOME_VASOPRESSIN_REGULATES_RENAL_WATER_HOMEOSTASIS_VIA_AQUAPORINS,14,14,0.0011175799882039428,-1.2019183486700058e-05,0.0011295991716906428,0.7375461030579361,0.929392380652757,1
REACTOME_SIGNALING_BY_TGF_BETA_RECEPTOR_COMPLEX,22,22,-0.0014731427654623985,0.00011365581303834915,-0.0015867985785007477,0.7411696241350496,0.9325462584266371,-1
REACTOME_DARPP_32_EVENTS,7,7,0.001558840274810791,-6.009591743350029e-06,0.001564849866554141,0.7426598709826343,0.9330287201763945,1
REACTOME_THE_ROLE_OF_NEF_IN_HIV_1_REPLICATION_AND_DISEASE_PATHOGENESIS,8,8,-0.01789306104183197,0.0,-0.01789306104183197,0.764321746232706,0.9330554605481926,-1
REACTOME_FLT3_SIGNALING_IN_DISEASE,12,12,-0.00667660403996706,4.0218234062194824e-05,-0.006716822274029255,0.7486461095798917,0.9330554605481926,-1
REACTOME_RAF_ACTIVATION,5,5,-0.0048126354813575745,2.0109117031097412e-05,-0.004832744598388672,0.744179668965121,0.9330554605481926,-1
REACTOME_PEROXISOMAL_PROTEIN_IMPORT,18,18,-0.0039288438856601715,8.904561400413513e-05,-0.004017889499664307,0.765776058566344,0.9330554605481926,-1
REACTOME_ACTIVATION_OF_BH3_ONLY_PROTEINS,7,7,-0.0034332051873207092,2.0109117031097412e-05,-0.0034533143043518066,0.7541939297831357,0.9330554605481926,-1
REACTOME_FOXO_MEDIATED_TRANSCRIPTION_OF_CELL_DEATH_GENES,8,8,-0.0030372082255780697,4.0218234062194824e-05,-0.0030774264596402645,0.7659314086399742,0.9330554605481926,-1
REACTOME_MRNA_CAPPING,7,7,-0.0020919719245284796,2.0109117031097412e-05,-0.002112081041559577,0.7769928034458258,0.9330554605481926,-1
REACTOME_SYNTHESIS_OF_IP3_AND_IP4_IN_THE_CYTOSOL,6,6,-0.002027572598308325,4.0218234062194824e-05,-0.0020677908323705196,0.7708527018426077,0.9330554605481926,-1
REACTOME_GOLGI_ASSOCIATED_VESICLE_BIOGENESIS,15,15,-0.0017721033655107021,2.0109117031097412e-05,-0.0017922124825417995,0.762196764143331,0.9330554605481926,-1
REACTOME_SYNTHESIS_OF_IP2_IP_AND_INS_IN_THE_CYTOSOL,5,5,-0.0017721033655107021,2.0109117031097412e-05,-0.0017922124825417995,0.7756507734080249,0.9330554605481926,-1
REACTOME_SIGNALING_BY_NUCLEAR_RECEPTORS,69,69,-0.0016252994537353516,6.463192403316498e-05,-0.0016899313777685165,0.7696698137446633,0.9330554605481926,-1
REACTOME_ELASTIC_FIBRE_FORMATION,7,7,0.001558840274810791,-1.6496283933520317e-05,0.0015753365587443113,0.7516259595422197,0.9330554605481926,1
REACTOME_NR1H3_NR1H2_REGULATE_GENE_EXPRESSION_LINKED_TO_CHOLESTEROL_TRANSPORT_AND_EFFLUX,11,11,0.001558840274810791,-1.6496283933520317e-05,0.0015753365587443113,0.7542812988374606,0.9330554605481926,1
REACTOME_RAC3_GTPASE_CYCLE,14,14,0.001558840274810791,-1.2019183486700058e-05,0.001570859458297491,0.7550764380024152,0.9330554605481926,1
REACTOME_ERBB2_ACTIVATES_PTK6_SIGNALING,5,5,0.001558840274810791,-6.009591743350029e-06,0.001564849866554141,0.7616428658684002,0.9330554605481926,1
REACTOME_RESOLUTION_OF_D_LOOP_STRUCTURES,7,7,0.001558840274810791,-6.009591743350029e-06,0.001564849866554141,0.7722444100024837,0.9330554605481926,1
REACTOME_SIGNALING_BY_CYTOSOLIC_FGFR1_FUSION_MUTANTS,5,5,0.001558840274810791,-6.009591743350029e-06,0.001564849866554141,0.7502394350193898,0.9330554605481926,1
REACTOME_SIGNALING_BY_EGFR_IN_CANCER,7,7,0.001558840274810791,-6.009591743350029e-06,0.001564849866554141,0.765783081283109,0.9330554605481926,1
REACTOME_SYNAPTIC_ADHESION_LIKE_MOLECULES,5,5,0.001558840274810791,-6.009591743350029e-06,0.001564849866554141,0.7603732074230476,0.9330554605481926,1
REACTOME_RNA_POLYMERASE_II_TRANSCRIPTION,394,394,-0.0012112446129322052,0.0003117145970463753,-0.0015229592099785805,0.7588962951840544,0.9330554605481926,-1
REACTOME_DNA_REPLICATION,35,35,-0.001290537416934967,0.00010135071352124214,-0.0013918881304562092,0.755565640921295,0.9330554605481926,-1
REACTOME_CARGO_TRAFFICKING_TO_THE_PERICILIARY_MEMBRANE,11,11,-0.0012448281049728394,6.463192403316498e-05,-0.0013094600290060043,0.7705752613187966,0.9330554605481926,-1
REACTOME_INNATE_IMMUNE_SYSTEM,212,212,-0.0009224317036569118,8.904561400413513e-05,-0.001011477317661047,0.7735315486838131,0.9330554605481926,-1
REACTOME_MATURATION_OF_SARS_COV_2_SPIKE_PROTEIN,10,10,0.0008056299993768334,-1.2019183486700058e-05,0.0008176491828635335,0.7732747353607045,0.9330554605481926,1
REACTOME_NEUROTRANSMITTER_RECEPTORS_AND_POSTSYNAPTIC_SIGNAL_TRANSMISSION,35,35,0.0006763197015970945,-6.009591743350029e-06,0.0006823292933404446,0.7486354475739737,0.9330554605481926,1
REACTOME_DOWNREGULATION_OF_TGF_BETA_RECEPTOR_SIGNALING,8,8,-0.0005629116203635931,4.0218234062194824e-05,-0.0006031298544257879,0.7760144484689677,0.9330554605481926,-1
REACTOME_TGF_BETA_RECEPTOR_SIGNALING_ACTIVATES_SMADS,8,8,-0.0005629116203635931,4.0218234062194824e-05,-0.0006031298544257879,0.7760144484689677,0.9330554605481926,-1
REACTOME_AMINO_ACIDS_REGULATE_MTORC1,8,8,-0.0005734815495088696,0.0,-0.0005734815495088696,0.7739947574160025,0.9330554605481926,-1
REACTOME_SIALIC_ACID_METABOLISM,10,10,-0.00037502904888242483,0.0,-0.00037502904888242483,0.7653400181575698,0.9330554605481926,-1
REACTOME_PCNA_DEPENDENT_LONG_PATCH_BASE_EXCISION_REPAIR,10,10,-0.0001353127881884575,0.0,-0.0001353127881884575,0.7696650521874018,0.9330554605481926,-1
REACTOME_TRANSCRIPTIONAL_REGULATION_OF_PLURIPOTENT_STEM_CELLS,9,9,8.904561400413513e-05,-6.009591743350029e-06,9.505520574748516e-05,0.7568802860283098,0.9330554605481926,1
REACTOME_MEIOTIC_SYNAPSIS,16,16,0.001558840274810791,-1.2019183486700058e-05,0.001570859458297491,0.7783485232889119,0.9333539191074719,1
REACTOME_ASSEMBLY_OF_COLLAGEN_FIBRILS_AND_OTHER_MULTIMERIC_STRUCTURES,11,11,0.001558840274810791,-2.100318670272827e-05,0.0015798434615135193,0.7807463940406745,0.9348994462731373,1
REACTOME_METABOLISM_OF_POLYAMINES,8,8,0.002126597799360752,-1.2019183486700058e-05,0.002138616982847452,0.7828926588113913,0.9361397324510679,1
REACTOME_FGFR2_ALTERNATIVE_SPLICING,6,6,-0.010546974837779999,0.0,-0.010546974837779999,0.7881312633806468,0.9376164537490573,-1
REACTOME_VITAMIN_B5_PANTOTHENATE_METABOLISM,5,5,0.004983963444828987,-6.009591743350029e-06,0.004989973036572337,0.7889621680334713,0.9376164537490573,1
REACTOME_TP53_REGULATES_TRANSCRIPTION_OF_CELL_DEATH_GENES,11,11,-0.0027845934964716434,2.0109117031097412e-05,-0.002804702613502741,0.7880099018734271,0.9376164537490573,-1
REACTOME_SHC1_EVENTS_IN_ERBB2_SIGNALING,5,5,0.001558840274810791,-6.009591743350029e-06,0.001564849866554141,0.7887055840343238,0.9376164537490573,1
REACTOME_UCH_PROTEINASES,18,18,-0.0012868433259427547,4.0218234062194824e-05,-0.0013270615600049496,0.7917184773966253,0.9376164537490573,-1
REACTOME_RAC1_GTPASE_CYCLE,34,34,-0.0010551479645073414,0.0,-0.0010551479645073414,0.7903339929230684,0.9376164537490573,-1
REACTOME_INWARDLY_RECTIFYING_K_CHANNELS,9,9,0.0006763197015970945,-6.009591743350029e-06,0.0006823292933404446,0.7919133037595834,0.9376164537490573,1
REACTOME_OXIDATIVE_STRESS_INDUCED_SENESCENCE,27,27,0.0001388988457620144,-6.009591743350029e-06,0.00014490843750536442,0.7956425207746467,0.9407105820659568,1
REACTOME_N_GLYCAN_ANTENNAE_ELONGATION_IN_THE_MEDIAL_TRANS_GOLGI,7,7,0.001558840274810791,-6.009591743350029e-06,0.001564849866554141,0.8069617638238653,0.9514248488161097,1
REACTOME_RNA_POLYMERASE_III_TRANSCRIPTION_INITIATION_FROM_TYPE_3_PROMOTER,10,10,-0.0005659026792272925,0.0,-0.0005659026792272925,0.8063392850815592,0.9514248488161097,-1
REACTOME_SIGNALING_BY_FGFR4,7,7,0.001558840274810791,-6.009591743350029e-06,0.001564849866554141,0.8148285489290474,0.9562303758048668,1
REACTOME_EGR2_AND_SOX10_MEDIATED_INITIATION_OF_SCHWANN_CELL_MYELINATION,6,6,0.0012855224777013063,0.0,0.0012855224777013063,0.8135346164426045,0.9562303758048668,1
REACTOME_COLLAGEN_CHAIN_TRIMERIZATION,8,8,0.0012159289326518774,-1.2019183486700058e-05,0.0012279481161385775,0.8167092177692812,0.9562303758048668,1
REACTOME_DEUBIQUITINATION,53,53,-0.0005646497011184692,0.00012124748900532722,-0.0006858971901237965,0.8140910713500067,0.9562303758048668,-1
REACTOME_HIV_TRANSCRIPTION_INITIATION,12,12,0.00023707665968686342,0.0,0.00023707665968686342,0.8161438533645959,0.9562303758048668,1
REACTOME_CHONDROITIN_SULFATE_DERMATAN_SULFATE_METABOLISM,7,7,0.003909426275640726,-6.009591743350029e-06,0.003915435867384076,0.8192071209433518,0.9564980650349661,1
REACTOME_METABOLISM_OF_CARBOHYDRATES,55,55,-2.0973384380340576e-05,2.0109117031097412e-05,-4.108250141143799e-05,0.8189419066126937,0.9564980650349661,-1
REACTOME_TRANSCRIPTIONAL_REGULATION_BY_SMALL_RNAS,14,14,-0.004561650566756725,4.0218234062194824e-05,-0.00460186880081892,0.8319823685711223,0.9609229355554136,-1
REACTOME_MTOR_SIGNALLING,7,7,-0.00264121126383543,2.0109117031097412e-05,-0.0026613203808665276,0.8332558314246825,0.9609229355554136,-1
REACTOME_PURINE_CATABOLISM,5,5,-0.0017833616584539413,2.0109117031097412e-05,-0.0018034707754850388,0.8302922016804375,0.9609229355554136,-1
REACTOME_MOLECULES_ASSOCIATED_WITH_ELASTIC_FIBRES,6,6,0.001558840274810791,-1.2019183486700058e-05,0.001570859458297491,0.8305816290351226,0.9609229355554136,1
REACTOME_TRANSPORT_TO_THE_GOLGI_AND_SUBSEQUENT_MODIFICATION,33,33,0.001122698187828064,-1.6496283933520317e-05,0.0011391944717615843,0.8316062000737109,0.9609229355554136,1
REACTOME_ION_TRANSPORT_BY_P_TYPE_ATPASES,10,10,0.0010712705552577972,-1.2019183486700058e-05,0.0010832897387444973,0.8312784510659246,0.9609229355554136,1
REACTOME_LEISHMANIA_INFECTION,55,55,0.000628175213932991,-6.009591743350029e-06,0.0006341848056763411,0.8331853751477993,0.9609229355554136,1
REACTOME_TOLL_LIKE_RECEPTOR_TLR1_TLR2_CASCADE,29,29,0.0002903817221522331,-6.009591743350029e-06,0.00029639131389558315,0.8275296290018358,0.9609229355554136,1
REACTOME_INTRINSIC_PATHWAY_OF_FIBRIN_CLOT_FORMATION,5,5,-0.00013727135956287384,2.0109117031097412e-05,-0.00015738047659397125,0.8297724095723575,0.9609229355554136,-1
REACTOME_COLLAGEN_BIOSYNTHESIS_AND_MODIFYING_ENZYMES,12,12,0.001558840274810791,-2.0973384380340576e-05,0.0015798136591911316,0.834601058260556,0.9611594154558042,1
REACTOME_FORMATION_OF_TC_NER_PRE_INCISION_COMPLEX,13,13,-0.0020919719245284796,2.0109117031097412e-05,-0.002112081041559577,0.8380539584450671,0.9620013037496775,-1
REACTOME_KINESINS,16,16,-0.0019117288757115602,4.0218234062194824e-05,-0.001951947109773755,0.8383850009194951,0.9620013037496775,-1
REACTOME_POTENTIAL_THERAPEUTICS_FOR_SARS,20,20,-0.0009775259532034397,0.0,-0.0009775259532034397,0.8387555851198256,0.9620013037496775,-1
REACTOME_NEGATIVE_REGULATION_OF_MAPK_PATHWAY,12,12,-0.0016268976032733917,0.0,-0.0016268976032733917,0.8403250028487665,0.962491817121617,-1
REACTOME_PLATELET_AGGREGATION_PLUG_FORMATION,7,7,0.001558840274810791,-6.009591743350029e-06,0.001564849866554141,0.8429455885740793,0.9641833530094286,1
REACTOME_EXTRACELLULAR_MATRIX_ORGANIZATION,54,54,0.001558840274810791,-8.556246757507324e-05,0.0016444027423858643,0.8454066669103759,0.9656881032594131,1
REACTOME_CARBOXYTERMINAL_POST_TRANSLATIONAL_MODIFICATIONS_OF_TUBULIN,9,9,-0.002575822174549103,2.0109117031097412e-05,-0.0025959312915802,0.8475752137704742,0.9668550814729495,-1
REACTOME_ACTIVATION_OF_GENE_EXPRESSION_BY_SREBF_SREBP,13,13,0.0014387762639671564,-6.009591743350029e-06,0.0014447858557105064,0.8487478231476034,0.9668843444776077,1
REACTOME_PYRUVATE_METABOLISM,8,8,0.0005322782089933753,0.0,0.0005322782089933753,0.8504571610908898,0.9675241387309313,1
REACTOME_TRIGLYCERIDE_METABOLISM,8,8,-0.000412903493270278,0.0,-0.000412903493270278,0.8525245167826436,0.9685689590940276,-1
REACTOME_HEPARAN_SULFATE_HEPARIN_HS_GAG_METABOLISM,9,9,-0.0026509761810302734,2.0109117031097412e-05,-0.002671085298061371,0.8561539201114338,0.9700776272230358,-1
REACTOME_TOLL_LIKE_RECEPTOR_CASCADES,40,40,0.0009880661964416504,-2.0973384380340576e-05,0.001009039580821991,0.856019304796076,0.9700776272230358,1
REACTOME_GLYCOLYSIS,14,14,-0.007479364518076181,8.904561400413513e-05,-0.0075684101320803165,0.8582287316457449,0.9711232493655878,-1
REACTOME_RHOBTB2_GTPASE_CYCLE,5,5,-0.005368499085307121,2.0109117031097412e-05,-0.005388608202338219,0.8610838098796451,0.9730477905208322,-1
REACTOME_TRAFFICKING_OF_AMPA_RECEPTORS,5,5,-0.002531867939978838,2.0109117031097412e-05,-0.0025519770570099354,0.8623935617332547,0.9732232564138337,-1
REACTOME_DISEASES_OF_MITOTIC_CELL_CYCLE,15,15,-0.002909771166741848,6.463192403316498e-05,-0.002974403090775013,0.8647778573576108,0.9733080557442803,-1
REACTOME_SYNTHESIS_OF_VERY_LONG_CHAIN_FATTY_ACYL_COAS,5,5,-0.002743687480688095,2.0109117031097412e-05,-0.0027637965977191925,0.8647520662761282,0.9733080557442803,-1
REACTOME_DISEASES_OF_DNA_REPAIR,10,10,-0.00412833783775568,0.0,-0.00412833783775568,0.8723442951705106,0.9735942356036489,-1
REACTOME_ABERRANT_REGULATION_OF_MITOTIC_EXIT_IN_CANCER_DUE_TO_RB1_DEFECTS,7,7,-0.0030714552849531174,2.0109117031097412e-05,-0.0030915644019842148,0.8739282345850415,0.9735942356036489,-1
REACTOME_ZBP1_DAI_MEDIATED_INDUCTION_OF_TYPE_I_IFNS,5,5,-0.002531867939978838,2.0109117031097412e-05,-0.0025519770570099354,0.8749859169130448,0.9735942356036489,-1
REACTOME_PTEN_REGULATION,26,26,-0.002504948526620865,4.0218234062194824e-05,-0.0025451667606830597,0.8785104692076373,0.9735942356036489,-1
REACTOME_CLEC7A_DECTIN_1_SIGNALING,17,17,-0.002377239055931568,6.463192403316498e-05,-0.002441870979964733,0.8674322496991415,0.9735942356036489,-1
REACTOME_METABOLISM_OF_STEROIDS,31,31,-0.001831941306591034,2.0109117031097412e-05,-0.0018520504236221313,0.8800460350296329,0.9735942356036489,-1
REACTOME_NON_INTEGRIN_MEMBRANE_ECM_INTERACTIONS,8,8,0.001558840274810791,-2.0973384380340576e-05,0.0015798136591911316,0.876576320054467,0.9735942356036489,1
REACTOME_PROTEIN_PROTEIN_INTERACTIONS_AT_SYNAPSES,9,9,0.001558840274810791,-6.009591743350029e-06,0.001564849866554141,0.8717945041847055,0.9735942356036489,1
REACTOME_NUCLEAR_ENVELOPE_NE_REASSEMBLY,15,15,-0.0012744590640068054,2.0109117031097412e-05,-0.0012945681810379028,0.8729748752113291,0.9735942356036489,-1
REACTOME_C_TYPE_LECTIN_RECEPTORS_CLRS,26,26,-0.001194629119709134,4.0218234062194824e-05,-0.001234847353771329,0.8789736840369097,0.9735942356036489,-1
REACTOME_GABA_RECEPTOR_ACTIVATION,12,12,0.0011175799882039428,-1.2019183486700058e-05,0.0011295991716906428,0.8792528728515276,0.9735942356036489,1
REACTOME_MYD88_INDEPENDENT_TLR4_CASCADE,24,24,-0.0009357016533613205,0.0,-0.0009357016533613205,0.8682318853366666,0.9735942356036489,-1
REACTOME_INTERLEUKIN_1_SIGNALING,19,19,0.0002903817221522331,-6.009591743350029e-06,0.00029639131389558315,0.8750290913552985,0.9735942356036489,1
REACTOME_GLUCAGON_LIKE_PEPTIDE_1_GLP1_REGULATES_INSULIN_SECRETION,15,15,-0.002377239055931568,2.0109117031097412e-05,-0.0023973481729626656,0.8813377258211504,0.9737453510710745,-1
REACTOME_RHOBTB_GTPASE_CYCLE,7,7,-0.005368499085307121,6.463192403316498e-05,-0.005433131009340286,0.8832631152347046,0.9741287627425183,-1
REACTOME_RECRUITMENT_OF_MITOTIC_CENTROSOME_PROTEINS_AND_COMPLEXES,25,25,-0.002202802337706089,2.0109117031097412e-05,-0.0022229114547371864,0.8858364008935375,0.9741287627425183,-1
REACTOME_RNA_POLYMERASE_I_PROMOTER_ESCAPE,9,9,-0.0020919719245284796,2.0109117031097412e-05,-0.002112081041559577,0.8863069525783055,0.9741287627425183,-1
REACTOME_PLASMA_LIPOPROTEIN_CLEARANCE,7,7,0.001558840274810791,-6.009591743350029e-06,0.001564849866554141,0.8848205420162043,0.9741287627425183,1
REACTOME_FOXO_MEDIATED_TRANSCRIPTION_OF_OXIDATIVE_STRESS_METABOLIC_AND_NEURONAL_GENES,6,6,-0.0057271989062428474,4.0218234062194824e-05,-0.005767417140305042,0.8970828382695646,0.9758765577874283,-1
REACTOME_ANTIMICROBIAL_PEPTIDES,8,8,0.0035396814346313477,0.0,0.0035396814346313477,0.9036659600694927,0.9758765577874283,1
REACTOME_METABOLISM_OF_FAT_SOLUBLE_VITAMINS,7,7,-0.0026509761810302734,2.0109117031097412e-05,-0.002671085298061371,0.9169491775693196,0.9758765577874283,-1
REACTOME_RETROGRADE_TRANSPORT_AT_THE_TRANS_GOLGI_NETWORK,13,13,-0.002357661724090576,2.0109117031097412e-05,-0.0023777708411216736,0.9200017442853932,0.9758765577874283,-1
REACTOME_NEGATIVE_EPIGENETIC_REGULATION_OF_RRNA_EXPRESSION,14,14,-0.002261913730762899,4.0218234062194824e-05,-0.0023021319648250937,0.9203502560059305,0.9758765577874283,-1
REACTOME_RUNX2_REGULATES_OSTEOBLAST_DIFFERENTIATION,6,6,-0.002168466802686453,8.904561400413513e-05,-0.002257512416690588,0.8908250324955046,0.9758765577874283,-1
REACTOME_CELLULAR_SENESCENCE,44,44,-0.0018288949504494667,8.904561400413513e-05,-0.0019179405644536018,0.9027740626136257,0.9758765577874283,-1
REACTOME_SIGNALING_BY_FGFR3,8,8,-0.0016268976032733917,0.0,-0.0016268976032733917,0.9082623636857005,0.9758765577874283,-1
REACTOME_L1CAM_INTERACTIONS,22,22,0.001558840274810791,-2.1032989025115967e-05,0.001579873263835907,0.9260437975481896,0.9758765577874283,1
REACTOME_CARDIAC_CONDUCTION,15,15,0.001558840274810791,-1.6496283933520317e-05,0.0015753365587443113,0.9043629241396254,0.9758765577874283,1
REACTOME_G1_S_SPECIFIC_TRANSCRIPTION,13,13,0.001558840274810791,-1.6496283933520317e-05,0.0015753365587443113,0.8921103685212273,0.9758765577874283,1
REACTOME_PLASMA_LIPOPROTEIN_ASSEMBLY_REMODELING_AND_CLEARANCE,11,11,0.001558840274810791,-1.6496283933520317e-05,0.0015753365587443113,0.9118474687993229,0.9758765577874283,1
REACTOME_RUNX1_REGULATES_GENES_INVOLVED_IN_MEGAKARYOCYTE_DIFFERENTIATION_AND_PLATELET_FUNCTION,13,13,0.001558840274810791,-6.009591743350029e-06,0.001564849866554141,0.9071901951308033,0.9758765577874283,1
REACTOME_RUNX2_REGULATES_BONE_DEVELOPMENT,7,7,-0.001485596876591444,6.463192403316498e-05,-0.001550228800624609,0.8957346608682936,0.9758765577874283,-1
REACTOME_ER_TO_GOLGI_ANTEROGRADE_TRANSPORT,24,24,0.0013407692313194275,-1.2019183486700058e-05,0.0013527884148061275,0.9178696270297795,0.9758765577874283,1
REACTOME_CDC42_GTPASE_CYCLE,31,31,0.0013268166221678257,-1.6496283933520317e-05,0.001343312906101346,0.9260987499762071,0.9758765577874283,1
REACTOME_DNA_REPLICATION_PRE_INITIATION,19,19,-0.0012406031601130962,6.463192403316498e-05,-0.0013052350841462612,0.9233485792507781,0.9758765577874283,-1
REACTOME_GLYCOSPHINGOLIPID_METABOLISM,7,7,0.0012486213818192482,-1.6496283933520317e-05,0.0012651176657527685,0.8948429436650265,0.9758765577874283,1
REACTOME_FORMATION_OF_TUBULIN_FOLDING_INTERMEDIATES_BY_CCT_TRIC,5,5,0.001122698187828064,-6.009591743350029e-06,0.001128707779571414,0.9184945648767388,0.9758765577874283,1
REACTOME_TRANSLOCATION_OF_SLC2A4_GLUT4_TO_THE_PLASMA_MEMBRANE,13,13,0.001122698187828064,-6.009591743350029e-06,0.001128707779571414,0.9163859813374089,0.9758765577874283,1
REACTOME_GLYCOSAMINOGLYCAN_METABOLISM,19,19,0.0010970234870910645,-6.009591743350029e-06,0.0011030330788344145,0.9026725743239543,0.9758765577874283,1
REACTOME_SIGNALING_BY_ERBB4,14,14,0.0009246109984815121,-1.2019183486700058e-05,0.0009366301819682121,0.9258979812184174,0.9758765577874283,1
REACTOME_HEME_SIGNALING,14,14,-0.0009057210991159081,0.0,-0.0009057210991159081,0.9160732150998158,0.9758765577874283,-1
REACTOME_BLOOD_GROUP_SYSTEMS_BIOSYNTHESIS,6,6,0.0007689334452152252,0.0,0.0007689334452152252,0.8980461560527289,0.9758765577874283,1
REACTOME_CA2_PATHWAY,23,23,0.0006763197015970945,-6.009591743350029e-06,0.0006823292933404446,0.925046207653078,0.9758765577874283,1
REACTOME_REGULATION_OF_CHOLESTEROL_BIOSYNTHESIS_BY_SREBP_SREBF,16,16,-0.0006524556083604693,0.0,-0.0006524556083604693,0.9171420628878252,0.9758765577874283,-1
REACTOME_ACTIVATION_OF_NMDA_RECEPTORS_AND_POSTSYNAPTIC_EVENTS,17,17,-0.0005352813750505447,2.0109117031097412e-05,-0.0005553904920816422,0.9260670005939016,0.9758765577874283,-1
REACTOME_DAG_AND_IP3_SIGNALING,8,8,-0.00040919939056038857,0.0,-0.00040919939056038857,0.9254202661370722,0.9758765577874283,-1
REACTOME_DISEASES_OF_SIGNAL_TRANSDUCTION_BY_GROWTH_FACTOR_RECEPTORS_AND_SECOND_MESSENGERS,85,85,-0.00033680209890007973,6.463192403316498e-05,-0.0004014340229332447,0.923707116527642,0.9758765577874283,-1
REACTOME_PYRUVATE_METABOLISM_AND_CITRIC_ACID_TCA_CYCLE,13,13,-0.00033997930586338043,2.0109117031097412e-05,-0.00036008842289447784,0.917371930160889,0.9758765577874283,-1
REACTOME_SIGNALING_BY_FGFR1,9,9,-0.00033680209890007973,2.0109117031097412e-05,-0.00035691121593117714,0.89456106372961,0.9758765577874283,-1
REACTOME_MEMBRANE_TRAFFICKING,122,122,-0.00024135841522365808,0.0,-0.00024135841522365808,0.9037120002842322,0.9758765577874283,-1
REACTOME_ESTROGEN_DEPENDENT_NUCLEAR_EVENTS_DOWNSTREAM_OF_ESR_MEMBRANE_SIGNALING,8,8,-3.3229589462280273e-05,0.0,-3.3229589462280273e-05,0.8940659014996208,0.9758765577874283,-1
REACTOME_BBSOME_MEDIATED_CARGO_TARGETING_TO_CILIUM,9,9,-0.0012448281049728394,2.0109117031097412e-05,-0.0012649372220039368,0.9306472271560345,0.9782239557263555,-1
REACTOME_SYNTHESIS_OF_DNA,31,31,-0.0004991330206394196,2.0109117031097412e-05,-0.000519242137670517,0.9295218701487282,0.9782239557263555,-1
REACTOME_NUCLEAR_RECEPTOR_TRANSCRIPTION_PATHWAY,12,12,-0.0012755151838064194,4.0218234062194824e-05,-0.0013157334178686142,0.9331968624680732,0.9796823848824231,-1
REACTOME_METABOLISM_OF_COFACTORS,8,8,0.0020734277786687016,0.0,0.0020734277786687016,0.9363194022145689,0.981737880680201,1
REACTOME_TAK1_ACTIVATES_NFKB_BY_PHOSPHORYLATION_AND_ACTIVATION_OF_IKKS_COMPLEX,9,9,-0.004292265512049198,2.0109117031097412e-05,-0.0043123746290802956,0.9530061770525122,0.9881724566485459,-1
REACTOME_TRNA_MODIFICATION_IN_THE_NUCLEUS_AND_CYTOSOL,10,10,-0.002570959273725748,0.0,-0.002570959273725748,0.9486404616139203,0.9881724566485459,-1
REACTOME_PROTEIN_LOCALIZATION,42,42,-0.0018316495697945356,0.00011365581303834915,-0.0019453053828328848,0.9518354301556633,0.9881724566485459,-1
REACTOME_DOWNSTREAM_SIGNALING_EVENTS_OF_B_CELL_RECEPTOR_BCR,12,12,-0.0016942154616117477,0.0,-0.0016942154616117477,0.9458831175426514,0.9881724566485459,-1
REACTOME_HCMV_EARLY_EVENTS,20,20,-0.0013783210888504982,4.0218234062194824e-05,-0.001418539322912693,0.9508035420346954,0.9881724566485459,-1
REACTOME_TP53_REGULATES_METABOLIC_GENES,16,16,-0.001307592261582613,4.0218234062194824e-05,-0.0013478104956448078,0.948026768775604,0.9881724566485459,-1
REACTOME_TRANSCRIPTIONAL_REGULATION_BY_E2F6,14,14,-0.001263957703486085,4.0218234062194824e-05,-0.0013041759375482798,0.9492346663334204,0.9881724566485459,-1
REACTOME_RHO_GTPASES_ACTIVATE_IQGAPS,5,5,0.001122698187828064,-6.009591743350029e-06,0.001128707779571414,0.9524225638790347,0.9881724566485459,1
REACTOME_IKK_COMPLEX_RECRUITMENT_MEDIATED_BY_RIP1,5,5,0.00041729211807250977,-6.009591743350029e-06,0.0004233017098158598,0.9481755720624196,0.9881724566485459,1
REACTOME_INSERTION_OF_TAIL_ANCHORED_PROTEINS_INTO_THE_ENDOPLASMIC_RETICULUM_MEMBRANE,5,5,-0.004348859190940857,2.0109117031097412e-05,-0.004368968307971954,0.9550776277751488,0.9882043817083334,-1
REACTOME_MEIOSIS,22,22,0.0005298536270856857,0.0,0.0005298536270856857,0.9556109210821615,0.9882043817083334,1
REACTOME_INFECTIOUS_DISEASE,158,158,0.000427810475230217,-1.2019183486700058e-05,0.00043982965871691704,0.95772595475173,0.9882043817083334,1
REACTOME_METABOLISM_OF_LIPIDS,166,166,-0.0003564502694644034,4.0218234062194824e-05,-0.0003966685035265982,0.9568166967965681,0.9882043817083334,-1
REACTOME_NEUREXINS_AND_NEUROLIGINS,5,5,0.001558840274810791,-6.009591743350029e-06,0.001564849866554141,0.9593267548148253,0.9886460321624666,1
REACTOME_DEPOLYMERISATION_OF_THE_NUCLEAR_LAMINA,6,6,-0.0006581684574484825,0.0,-0.0006581684574484825,0.9614045433405438,0.989577570251622,-1
REACTOME_INOSITOL_PHOSPHATE_METABOLISM,13,13,-0.0017721033655107021,6.463192403316498e-05,-0.0018367352895438671,0.965149207141125,0.9909825739647611,-1
REACTOME_MAPK6_MAPK4_SIGNALING,17,17,0.001558840274810791,-6.009591743350029e-06,0.001564849866554141,0.9709402893983345,0.9909825739647611,1
REACTOME_TIGHT_JUNCTION_INTERACTIONS,7,7,0.001558840274810791,-6.009591743350029e-06,0.001564849866554141,0.9709983464945346,0.9909825739647611,1
REACTOME_ABC_TRANSPORTERS_IN_LIPID_HOMEOSTASIS,8,8,-0.0011421514209359884,4.0218234062194824e-05,-0.0011823696549981833,0.9667678972198273,0.9909825739647611,-1
REACTOME_DISEASES_OF_CARBOHYDRATE_METABOLISM,9,9,-0.001000049989670515,2.0109117031097412e-05,-0.0010201591067016125,0.9696519752176046,0.9909825739647611,-1
REACTOME_CONVERSION_FROM_APC_C_CDC20_TO_APC_C_CDH1_IN_LATE_ANAPHASE,6,6,0.0004052072763442993,0.0,0.0004052072763442993,0.9691678276579668,0.9909825739647611,1
REACTOME_PHOSPHORYLATION_OF_THE_APC_C,6,6,0.0004052072763442993,0.0,0.0004052072763442993,0.9691678276579668,0.9909825739647611,1
REACTOME_GLYOXYLATE_METABOLISM_AND_GLYCINE_DEGRADATION,7,7,-0.0019415616989135742,2.0109117031097412e-05,-0.0019616708159446716,0.9727961785242674,0.9912653934091079,-1
REACTOME_COLLAGEN_FORMATION,16,16,0.001558840274810791,-2.0973384380340576e-05,0.0015798136591911316,0.9736272191491594,0.9912653934091079,1
REACTOME_BIOSYNTHESIS_OF_THE_N_GLYCAN_PRECURSOR_DOLICHOL_LIPID_LINKED_OLIGOSACCHARIDE_LLO_AND_TRANSFER_TO_A_NASCENT_PROTEIN,22,22,-0.0006209607236087322,4.0218234062194824e-05,-0.000661178957670927,0.9774788528966399,0.9939863365402503,-1
REACTOME_INTERLEUKIN_3_INTERLEUKIN_5_AND_GM_CSF_SIGNALING,16,16,-0.003120023524388671,4.0218234062194824e-05,-0.0031602417584508657,0.9798836347236315,0.9951673268452234,-1
REACTOME_TRANSCRIPTIONAL_REGULATION_BY_VENTX,13,13,0.0016206963919103146,-6.009591743350029e-06,0.0016267059836536646,0.9810012439008073,0.9951673268452234,1
REACTOME_MET_PROMOTES_CELL_MOTILITY,5,5,0.001558840274810791,-6.009591743350029e-06,0.001564849866554141,0.9821826004167581,0.9951681876818834,1
REACTOME_PIWI_INTERACTING_RNA_PIRNA_BIOGENESIS,6,6,-0.003373775165528059,0.0,-0.003373775165528059,0.9837312855021041,0.9955407847278197,-1
REACTOME_RAB_REGULATION_OF_TRAFFICKING,25,25,0.0011990582570433617,-6.009591743350029e-06,0.0012050678487867117,0.9850691777116345,0.9956994206365802,1
REACTOME_UNFOLDED_PROTEIN_RESPONSE_UPR,22,22,-0.005637197755277157,4.0218234062194824e-05,-0.005677415989339352,0.9904561011517845,0.9963657437600887,-1
REACTOME_SIGNALING_BY_FGFR1_IN_DISEASE,8,8,0.001558840274810791,-1.2019183486700058e-05,0.001570859458297491,0.9892704021529016,0.9963657437600887,1
REACTOME_INTERLEUKIN_12_FAMILY_SIGNALING,11,11,-0.001059594564139843,2.0109117031097412e-05,-0.0010797036811709404,0.9897666210965745,0.9963657437600887,-1
REACTOME_SIGNALING_BY_RHO_GTPASES_MIRO_GTPASES_AND_RHOBTB3,143,143,-0.0008697733283042908,0.00010135071352124214,-0.0009711240418255329,0.9903087785877955,0.9963657437600887,-1
REACTOME_CHOLESTEROL_BIOSYNTHESIS,11,11,-0.001831941306591034,2.0109117031097412e-05,-0.0018520504236221313,0.9951525069098579,0.9974354545499552,-1
REACTOME_FACTORS_INVOLVED_IN_MEGAKARYOCYTE_DEVELOPMENT_AND_PLATELET_PRODUCTION,37,37,-0.001338699832558632,2.0109117031097412e-05,-0.0013588089495897293,0.9927150125375849,0.9974354545499552,-1
REACTOME_RNA_POLYMERASE_II_TRANSCRIBES_SNRNA_GENES,23,23,-0.0009705200791358948,2.0109117031097412e-05,-0.0009906291961669922,0.9971368541289968,0.9974354545499552,-1
REACTOME_VESICLE_MEDIATED_TRANSPORT,131,131,-0.0008697733283042908,2.0109117031097412e-05,-0.0008898824453353882,0.9974354545499553,0.9974354545499552,-1
REACTOME_SIGNALING_BY_ALK_IN_CANCER,10,10,0.000577487051486969,-1.2019183486700058e-05,0.000589506234973669,0.9949170067146964,0.9974354545499552,1
REACTOME_2_LTR_CIRCLE_FORMATION,0,0,,,,,,0
REACTOME_ABACAVIR_METABOLISM,1,1,,,,,,0
REACTOME_ABACAVIR_TRANSMEMBRANE_TRANSPORT,2,2,,,,,,0
REACTOME_ABACAVIR_TRANSPORT_AND_METABOLISM,3,3,,,,,,0
REACTOME_ACETYLCHOLINE_BINDING_AND_DOWNSTREAM_EVENTS,2,2,,,,,,0
REACTOME_ACETYLCHOLINE_INHIBITS_CONTRACTION_OF_OUTER_HAIR_CELLS,0,0,,,,,,0
REACTOME_ACETYLCHOLINE_NEUROTRANSMITTER_RELEASE_CYCLE,2,2,,,,,,0
REACTOME_ACETYLCHOLINE_REGULATES_INSULIN_SECRETION,1,1,,,,,,0
REACTOME_ACROSOME_REACTION_AND_SPERM_OOCYTE_MEMBRANE_BINDING,2,2,,,,,,0
REACTOME_ACTIVATED_NTRK2_SIGNALS_THROUGH_CDK5,0,0,,,,,,0
REACTOME_ACTIVATED_NTRK2_SIGNALS_THROUGH_FRS2_AND_FRS3,1,1,,,,,,0
REACTOME_ACTIVATED_NTRK2_SIGNALS_THROUGH_FYN,1,1,,,,,,0
REACTOME_ACTIVATED_NTRK2_SIGNALS_THROUGH_PI3K,1,1,,,,,,0
REACTOME_ACTIVATED_NTRK2_SIGNALS_THROUGH_RAS,1,1,,,,,,0
REACTOME_ACTIVATED_NTRK3_SIGNALS_THROUGH_PI3K,1,1,,,,,,0
REACTOME_ACTIVATED_NTRK3_SIGNALS_THROUGH_RAS,1,1,,,,,,0
REACTOME_ACTIVATED_PKN1_STIMULATES_TRANSCRIPTION_OF_AR_ANDROGEN_RECEPTOR_REGULATED_GENES_KLK2_AND_KLK3,0,0,,,,,,0
REACTOME_ACTIVATED_TAK1_MEDIATES_P38_MAPK_ACTIVATION,3,3,,,,,,0
REACTOME_ACTIVATION_OF_AMPK_DOWNSTREAM_OF_NMDARS,4,4,,,,,,0
REACTOME_ACTIVATION_OF_BAD_AND_TRANSLOCATION_TO_MITOCHONDRIA,1,1,,,,,,0
REACTOME_ACTIVATION_OF_C3_AND_C5,1,1,,,,,,0
REACTOME_ACTIVATION_OF_CASPASES_THROUGH_APOPTOSOME_MEDIATED_CLEAVAGE,1,1,,,,,,0
REACTOME_ACTIVATION_OF_IRF3_IRF7_MEDIATED_BY_TBK1_IKK_EPSILON,4,4,,,,,,0
REACTOME_ACTIVATION_OF_NIMA_KINASES_NEK9_NEK6_NEK7,0,0,,,,,,0
REACTOME_ACTIVATION_OF_NOXA_AND_TRANSLOCATION_TO_MITOCHONDRIA,3,3,,,,,,0
REACTOME_ACTIVATION_OF_PPARGC1A_PGC_1ALPHA_BY_PHOSPHORYLATION,1,1,,,,,,0
REACTOME_ACTIVATION_OF_PUMA_AND_TRANSLOCATION_TO_MITOCHONDRIA,3,3,,,,,,0
REACTOME_ACTIVATION_OF_RAC1,2,2,,,,,,0
REACTOME_ACTIVATION_OF_RAC1_DOWNSTREAM_OF_NMDARS,1,1,,,,,,0
REACTOME_ACTIVATION_OF_RAS_IN_B_CELLS,1,1,,,,,,0
REACTOME_ACTIVATION_OF_SMO,4,4,,,,,,0
REACTOME_ACTIVATION_OF_THE_AP_1_FAMILY_OF_TRANSCRIPTION_FACTORS,4,4,,,,,,0
REACTOME_ACTIVATION_OF_THE_PHOTOTRANSDUCTION_CASCADE,2,2,,,,,,0
REACTOME_ACTIVATION_OF_THE_TFAP2_AP_2_FAMILY_OF_TRANSCRIPTION_FACTORS,3,3,,,,,,0
REACTOME_ACTIVATION_OF_TRKA_RECEPTORS,0,0,,,,,,0
REACTOME_ACYL_CHAIN_REMODELING_OF_CL,0,0,,,,,,0
REACTOME_ACYL_CHAIN_REMODELING_OF_DAG_AND_TAG,0,0,,,,,,0
REACTOME_ACYL_CHAIN_REMODELLING_OF_PC,2,2,,,,,,0
REACTOME_ACYL_CHAIN_REMODELLING_OF_PE,3,3,,,,,,0
REACTOME_ACYL_CHAIN_REMODELLING_OF_PG,2,2,,,,,,0
REACTOME_ACYL_CHAIN_REMODELLING_OF_PI,1,1,,,,,,0
REACTOME_ACYL_CHAIN_REMODELLING_OF_PS,3,3,,,,,,0
REACTOME_ADENYLATE_CYCLASE_ACTIVATING_PATHWAY,2,2,,,,,,0
REACTOME_ADENYLATE_CYCLASE_INHIBITORY_PATHWAY,2,2,,,,,,0
REACTOME_ADHERENS_JUNCTIONS_INTERACTIONS,2,2,,,,,,0
REACTOME_ADRENOCEPTORS,1,1,,,,,,0
REACTOME_AFLATOXIN_ACTIVATION_AND_DETOXIFICATION,2,2,,,,,,0
REACTOME_AKT_PHOSPHORYLATES_TARGETS_IN_THE_CYTOSOL,0,0,,,,,,0
REACTOME_AKT_PHOSPHORYLATES_TARGETS_IN_THE_NUCLEUS,2,2,,,,,,0
REACTOME_ALK_MUTANTS_BIND_TKIS,1,1,,,,,,0
REACTOME_ALPHA_DEFENSINS,0,0,,,,,,0
REACTOME_ALPHA_LINOLENIC_OMEGA3_AND_LINOLEIC_OMEGA6_ACID_METABOLISM,1,1,,,,,,0
REACTOME_ALPHA_OXIDATION_OF_PHYTANATE,2,2,,,,,,0
REACTOME_ALPHA_PROTEIN_KINASE_1_SIGNALING_PATHWAY,4,4,,,,,,0
REACTOME_ALTERNATIVE_COMPLEMENT_ACTIVATION,3,3,,,,,,0
REACTOME_AMINE_LIGAND_BINDING_RECEPTORS,1,1,,,,,,0
REACTOME_AMINO_ACID_CONJUGATION,1,1,,,,,,0
REACTOME_AMINO_ACID_TRANSPORT_ACROSS_THE_PLASMA_MEMBRANE,2,2,,,,,,0
REACTOME_AMPK_INHIBITS_CHREBP_TRANSCRIPTIONAL_ACTIVATION_ACTIVITY,1,1,,,,,,0
REACTOME_ANCHORING_FIBRIL_FORMATION,1,1,,,,,,0
REACTOME_ANDROGEN_BIOSYNTHESIS,1,1,,,,,,0
REACTOME_ANTIGEN_PRESENTATION_FOLDING_ASSEMBLY_AND_PEPTIDE_LOADING_OF_CLASS_I_MHC,4,4,,,,,,0
REACTOME_APEX1_INDEPENDENT_RESOLUTION_OF_AP_SITES_VIA_THE_SINGLE_NUCLEOTIDE_REPLACEMENT_PATHWAY,2,2,,,,,,0
REACTOME_APOBEC3G_MEDIATED_RESISTANCE_TO_HIV_1_INFECTION,1,1,,,,,,0
REACTOME_APOPTOSIS_INDUCED_DNA_FRAGMENTATION,4,4,,,,,,0
REACTOME_APOPTOTIC_CLEAVAGE_OF_CELL_ADHESION_PROTEINS,2,2,,,,,,0
REACTOME_APOPTOTIC_FACTOR_MEDIATED_RESPONSE,1,1,,,,,,0
REACTOME_ARACHIDONATE_PRODUCTION_FROM_DAG,0,0,,,,,,0
REACTOME_ARMS_MEDIATED_ACTIVATION,1,1,,,,,,0
REACTOME_ARYL_HYDROCARBON_RECEPTOR_SIGNALLING,1,1,,,,,,0
REACTOME_ASPARTATE_AND_ASPARAGINE_METABOLISM,2,2,,,,,,0
REACTOME_ASSEMBLY_OF_ACTIVE_LPL_AND_LIPC_LIPASE_COMPLEXES,2,2,,,,,,0
REACTOME_ATF6_ATF6_ALPHA_ACTIVATES_CHAPERONES,4,4,,,,,,0
REACTOME_ATF6_ATF6_ALPHA_ACTIVATES_CHAPERONE_GENES,4,4,,,,,,0
REACTOME_ATTACHMENT_AND_ENTRY,1,1,,,,,,0
REACTOME_ATTACHMENT_OF_GPI_ANCHOR_TO_UPAR,3,3,,,,,,0
REACTOME_BASIGIN_INTERACTIONS,4,4,,,,,,0
REACTOME_BETA_CATENIN_PHOSPHORYLATION_CASCADE,1,1,,,,,,0
REACTOME_BETA_DEFENSINS,2,2,,,,,,0
REACTOME_BETA_OXIDATION_OF_BUTANOYL_COA_TO_ACETYL_COA,2,2,,,,,,0
REACTOME_BETA_OXIDATION_OF_DECANOYL_COA_TO_OCTANOYL_COA_COA,2,2,,,,,,0
REACTOME_BETA_OXIDATION_OF_HEXANOYL_COA_TO_BUTANOYL_COA,1,1,,,,,,0
REACTOME_BETA_OXIDATION_OF_LAUROYL_COA_TO_DECANOYL_COA_COA,1,1,,,,,,0
REACTOME_BETA_OXIDATION_OF_OCTANOYL_COA_TO_HEXANOYL_COA,2,2,,,,,,0
REACTOME_BETA_OXIDATION_OF_PRISTANOYL_COA,3,3,,,,,,0
REACTOME_BETA_OXIDATION_OF_VERY_LONG_CHAIN_FATTY_ACIDS,4,4,,,,,,0
REACTOME_BH3_ONLY_PROTEINS_ASSOCIATE_WITH_AND_INACTIVATE_ANTI_APOPTOTIC_BCL_2_MEMBERS,4,4,,,,,,0
REACTOME_BICARBONATE_TRANSPORTERS,3,3,,,,,,0
REACTOME_BINDING_OF_TCF_LEF_CTNNB1_TO_TARGET_GENE_PROMOTERS,3,3,,,,,,0
REACTOME_BIOSYNTHESIS_OF_EPA_DERIVED_SPMS,1,1,,,,,,0
REACTOME_BIOSYNTHESIS_OF_MARESINS,1,1,,,,,,0
REACTOME_BIOSYNTHESIS_OF_MARESIN_LIKE_SPMS,0,0,,,,,,0
REACTOME_BIOSYNTHESIS_OF_SPECIALIZED_PRORESOLVING_MEDIATORS_SPMS,4,4,,,,,,0
REACTOME_BIOTIN_TRANSPORT_AND_METABOLISM,2,2,,,,,,0
REACTOME_BUDDING_AND_MATURATION_OF_HIV_VIRION,4,4,,,,,,0
REACTOME_BUTYRATE_RESPONSE_FACTOR_1_BRF1_BINDS_AND_DESTABILIZES_MRNA,4,4,,,,,,0
REACTOME_BUTYROPHILIN_BTN_FAMILY_INTERACTIONS,4,4,,,,,,0
REACTOME_CA2_ACTIVATED_K_CHANNELS,1,1,,,,,,0
REACTOME_CALCINEURIN_ACTIVATES_NFAT,3,3,,,,,,0
REACTOME_CALCITONIN_LIKE_LIGAND_RECEPTORS,2,2,,,,,,0
REACTOME_CALNEXIN_CALRETICULIN_CYCLE,4,4,,,,,,0
REACTOME_CAMK_IV_MEDIATED_PHOSPHORYLATION_OF_CREB,1,1,,,,,,0
REACTOME_CARNITINE_METABOLISM,3,3,,,,,,0
REACTOME_CASPASE_ACTIVATION_VIA_DEPENDENCE_RECEPTORS_IN_THE_ABSENCE_OF_LIGAND,3,3,,,,,,0
REACTOME_CASPASE_MEDIATED_CLEAVAGE_OF_CYTOSKELETAL_PROTEINS,4,4,,,,,,0
REACTOME_CATION_COUPLED_CHLORIDE_COTRANSPORTERS,2,2,,,,,,0
REACTOME_CD163_MEDIATING_AN_ANTI_INFLAMMATORY_RESPONSE,2,2,,,,,,0
REACTOME_CD22_MEDIATED_BCR_REGULATION,2,2,,,,,,0
REACTOME_CD28_DEPENDENT_VAV1_PATHWAY,2,2,,,,,,0
REACTOME_CELL_EXTRACELLULAR_MATRIX_INTERACTIONS,1,1,,,,,,0
REACTOME_CGMP_EFFECTS,3,3,,,,,,0
REACTOME_CHK1_CHK2_CDS1_MEDIATED_INACTIVATION_OF_CYCLIN_B_CDK1_COMPLEX,0,0,,,,,,0
REACTOME_CHL1_INTERACTIONS,3,3,,,,,,0
REACTOME_CHOLINE_CATABOLISM,0,0,,,,,,0
REACTOME_CHONDROITIN_SULFATE_BIOSYNTHESIS,2,2,,,,,,0
REACTOME_CHREBP_ACTIVATES_METABOLIC_GENE_EXPRESSION,2,2,,,,,,0
REACTOME_CHYLOMICRON_ASSEMBLY,2,2,,,,,,0
REACTOME_CHYLOMICRON_CLEARANCE,4,4,,,,,,0
REACTOME_CHYLOMICRON_REMODELING,2,2,,,,,,0
REACTOME_CITRIC_ACID_CYCLE_TCA_CYCLE,4,4,,,,,,0
REACTOME_CLASS_C_3_METABOTROPIC_GLUTAMATE_PHEROMONE_RECEPTORS,1,1,,,,,,0
REACTOME_CLEC7A_INFLAMMASOME_PATHWAY,3,3,,,,,,0
REACTOME_COBALAMIN_CBL_VITAMIN_B12_TRANSPORT_AND_METABOLISM,4,4,,,,,,0
REACTOME_COENZYME_A_BIOSYNTHESIS,3,3,,,,,,0
REACTOME_COHESIN_LOADING_ONTO_CHROMATIN,4,4,,,,,,0
REACTOME_COMPETING_ENDOGENOUS_RNAS_CERNAS_REGULATE_PTEN_TRANSLATION,3,3,,,,,,0
REACTOME_CONDENSATION_OF_PROMETAPHASE_CHROMOSOMES,3,3,,,,,,0
REACTOME_CONDENSATION_OF_PROPHASE_CHROMOSOMES,4,4,,,,,,0
REACTOME_CONJUGATION_OF_BENZOATE_WITH_GLYCINE,1,1,,,,,,0
REACTOME_CONSTITUTIVE_SIGNALING_BY_EGFRVIII,4,4,,,,,,0
REACTOME_CONSTITUTIVE_SIGNALING_BY_OVEREXPRESSED_ERBB2,2,2,,,,,,0
REACTOME_CREATINE_METABOLISM,1,1,,,,,,0
REACTOME_CREATION_OF_C4_AND_C2_ACTIVATORS,4,4,,,,,,0
REACTOME_CREB1_PHOSPHORYLATION_THROUGH_THE_ACTIVATION_OF_ADENYLATE_CYCLASE,4,4,,,,,,0
REACTOME_CREB1_PHOSPHORYLATION_THROUGH_THE_ACTIVATION_OF_CAMKII_CAMKK_CAMKIV_CASCASDE,0,0,,,,,,0
REACTOME_CREB3_FACTORS_ACTIVATE_GENES,2,2,,,,,,0
REACTOME_CREB_PHOSPHORYLATION,3,3,,,,,,0
REACTOME_CRISTAE_FORMATION,3,3,,,,,,0
REACTOME_CRMPS_IN_SEMA3A_SIGNALING,2,2,,,,,,0
REACTOME_CROSSLINKING_OF_COLLAGEN_FIBRILS,3,3,,,,,,0
REACTOME_CROSS_PRESENTATION_OF_PARTICULATE_EXOGENOUS_ANTIGENS_PHAGOSOMES,1,1,,,,,,0
REACTOME_CROSS_PRESENTATION_OF_SOLUBLE_EXOGENOUS_ANTIGENS_ENDOSOMES,3,3,,,,,,0
REACTOME_CS_DS_DEGRADATION,1,1,,,,,,0
REACTOME_CYCLIN_A_B1_B2_ASSOCIATED_EVENTS_DURING_G2_M_TRANSITION,3,3,,,,,,0
REACTOME_CYP2E1_REACTIONS,0,0,,,,,,0
REACTOME_CYTOCHROME_C_MEDIATED_APOPTOTIC_RESPONSE,1,1,,,,,,0
REACTOME_CYTOCHROME_P450_ARRANGED_BY_SUBSTRATE_TYPE,4,4,,,,,,0
REACTOME_CYTOSOLIC_IRON_SULFUR_CLUSTER_ASSEMBLY,2,2,,,,,,0
REACTOME_CYTOSOLIC_TRNA_AMINOACYLATION,1,1,,,,,,0
REACTOME_DCC_MEDIATED_ATTRACTIVE_SIGNALING,4,4,,,,,,0
REACTOME_DEADENYLATION_OF_MRNA,3,3,,,,,,0
REACTOME_DEFECTIVE_B4GALT1_CAUSES_B4GALT1_CDG_CDG_2D,0,0,,,,,,0
REACTOME_DEFECTIVE_B4GALT7_CAUSES_EDS_PROGEROID_TYPE,4,4,,,,,,0
REACTOME_DEFECTIVE_C1GALT1C1_CAUSES_TNPS,1,1,,,,,,0
REACTOME_DEFECTIVE_CHST14_CAUSES_EDS_MUSCULOCONTRACTURAL_TYPE,1,1,,,,,,0
REACTOME_DEFECTIVE_CHST3_CAUSES_SEDCJD,1,1,,,,,,0
REACTOME_DEFECTIVE_CHST6_CAUSES_MCDC1,0,0,,,,,,0
REACTOME_DEFECTIVE_CHSY1_CAUSES_TPBS,1,1,,,,,,0
REACTOME_DEFECTIVE_CSF2RB_CAUSES_SMDP5,0,0,,,,,,0
REACTOME_DEFECTIVE_EXT2_CAUSES_EXOSTOSES_2,2,2,,,,,,0
REACTOME_DEFECTIVE_F9_ACTIVATION,2,2,,,,,,0
REACTOME_DEFECTIVE_FACTOR_IX_CAUSES_HEMOPHILIA_B,2,2,,,,,,0
REACTOME_DEFECTIVE_FACTOR_VIII_CAUSES_HEMOPHILIA_A,2,2,,,,,,0
REACTOME_DEFECTIVE_GALNT3_CAUSES_HFTC,2,2,,,,,,0
REACTOME_DEFECTIVE_LFNG_CAUSES_SCDO3,0,0,,,,,,0
REACTOME_DEFECTIVE_RIPK1_MEDIATED_REGULATED_NECROSIS,1,1,,,,,,0
REACTOME_DEFECTIVE_ST3GAL3_CAUSES_MCT12_AND_EIEE15,1,1,,,,,,0
REACTOME_DEFECTS_IN_BIOTIN_BTN_METABOLISM,1,1,,,,,,0
REACTOME_DEFECTS_IN_COBALAMIN_B12_METABOLISM,3,3,,,,,,0
REACTOME_DEFECTS_IN_VITAMIN_AND_COFACTOR_METABOLISM,4,4,,,,,,0
REACTOME_DEFENSINS,2,2,,,,,,0
REACTOME_DERMATAN_SULFATE_BIOSYNTHESIS,1,1,,,,,,0
REACTOME_DEX_H_BOX_HELICASES_ACTIVATE_TYPE_I_IFN_AND_INFLAMMATORY_CYTOKINES_PRODUCTION,0,0,,,,,,0
REACTOME_DIGESTION,1,1,,,,,,0
REACTOME_DIGESTION_AND_ABSORPTION,2,2,,,,,,0
REACTOME_DIGESTION_OF_DIETARY_CARBOHYDRATE,1,1,,,,,,0
REACTOME_DIGESTION_OF_DIETARY_LIPID,0,0,,,,,,0
REACTOME_DISASSEMBLY_OF_THE_DESTRUCTION_COMPLEX_AND_RECRUITMENT_OF_AXIN_TO_THE_MEMBRANE,2,2,,,,,,0
REACTOME_DISEASES_ASSOCIATED_WITH_SURFACTANT_METABOLISM,1,1,,,,,,0
REACTOME_DISEASES_OF_BASE_EXCISION_REPAIR,3,3,,,,,,0
REACTOME_DISEASES_OF_MISMATCH_REPAIR_MMR,1,1,,,,,,0
REACTOME_DISINHIBITION_OF_SNARE_FORMATION,0,0,,,,,,0
REACTOME_DISPLACEMENT_OF_DNA_GLYCOSYLASE_BY_APEX1,4,4,,,,,,0
REACTOME_DISSOLUTION_OF_FIBRIN_CLOT,4,4,,,,,,0
REACTOME_DNA_DAMAGE_REVERSAL,2,2,,,,,,0
REACTOME_DNA_METHYLATION,0,0,,,,,,0
REACTOME_DNA_REPLICATION_INITIATION,3,3,,,,,,0
REACTOME_DOPAMINE_CLEARANCE_FROM_THE_SYNAPTIC_CLEFT,1,1,,,,,,0
REACTOME_DOPAMINE_NEUROTRANSMITTER_RELEASE_CYCLE,2,2,,,,,,0
REACTOME_DOPAMINE_RECEPTORS,0,0,,,,,,0
REACTOME_DOWNREGULATION_OF_ERBB4_SIGNALING,3,3,,,,,,0
REACTOME_DOWNSTREAM_SIGNALING_OF_ACTIVATED_FGFR3,4,4,,,,,,0
REACTOME_DOWNSTREAM_SIGNALING_OF_ACTIVATED_FGFR4,4,4,,,,,,0
REACTOME_DSCAM_INTERACTIONS,2,2,,,,,,0
REACTOME_E2F_ENABLED_INHIBITION_OF_PRE_REPLICATION_COMPLEX_FORMATION,4,4,,,,,,0
REACTOME_EARLY_PHASE_OF_HIV_LIFE_CYCLE,3,3,,,,,,0
REACTOME_EGFR_INTERACTS_WITH_PHOSPHOLIPASE_C_GAMMA,3,3,,,,,,0
REACTOME_EGFR_TRANSACTIVATION_BY_GASTRIN,1,1,,,,,,0
REACTOME_EICOSANOIDS,0,0,,,,,,0
REACTOME_ELECTRIC_TRANSMISSION_ACROSS_GAP_JUNCTIONS,0,0,,,,,,0
REACTOME_ELEVATION_OF_CYTOSOLIC_CA2_LEVELS,4,4,,,,,,0
REACTOME_ENDOGENOUS_STEROLS,3,3,,,,,,0
REACTOME_ENDOSOMAL_SORTING_COMPLEX_REQUIRED_FOR_TRANSPORT_ESCRT,4,4,,,,,,0
REACTOME_ENDOSOMAL_VACUOLAR_PATHWAY,3,3,,,,,,0
REACTOME_ENERGY_DEPENDENT_REGULATION_OF_MTOR_BY_LKB1_AMPK,4,4,,,,,,0
REACTOME_ENOS_ACTIVATION,2,2,,,,,,0
REACTOME_EPHRIN_SIGNALING,3,3,,,,,,0
REACTOME_ERBB2_REGULATES_CELL_MOTILITY,4,4,,,,,,0
REACTOME_ERKS_ARE_INACTIVATED,1,1,,,,,,0
REACTOME_ERK_MAPK_TARGETS,4,4,,,,,,0
REACTOME_ERYTHROPOIETIN_ACTIVATES_PHOSPHOLIPASE_C_GAMMA_PLCG,3,3,,,,,,0
REACTOME_ERYTHROPOIETIN_ACTIVATES_RAS,4,4,,,,,,0
REACTOME_ERYTHROPOIETIN_ACTIVATES_STAT5,3,3,,,,,,0
REACTOME_ER_QUALITY_CONTROL_COMPARTMENT_ERQC,4,4,,,,,,0
REACTOME_ESTABLISHMENT_OF_SISTER_CHROMATID_COHESION,4,4,,,,,,0
REACTOME_ESTROGEN_BIOSYNTHESIS,0,0,,,,,,0
REACTOME_ESTROGEN_STIMULATED_SIGNALING_THROUGH_PRKCZ,2,2,,,,,,0
REACTOME_ETHANOL_OXIDATION,1,1,,,,,,0
REACTOME_EXTRINSIC_PATHWAY_OF_FIBRIN_CLOT_FORMATION,0,0,,,,,,0
REACTOME_FASL_CD95L_SIGNALING,3,3,,,,,,0
REACTOME_FATTY_ACIDS,0,0,,,,,,0
REACTOME_FATTY_ACIDS_BOUND_TO_GPR40_FFAR1_REGULATE_INSULIN_SECRETION,1,1,,,,,,0
REACTOME_FBXW7_MUTANTS_AND_NOTCH1_IN_CANCER,0,0,,,,,,0
REACTOME_FGFR1B_LIGAND_BINDING_AND_ACTIVATION,1,1,,,,,,0
REACTOME_FGFR1C_LIGAND_BINDING_AND_ACTIVATION,1,1,,,,,,0
REACTOME_FGFR1_LIGAND_BINDING_AND_ACTIVATION,2,2,,,,,,0
REACTOME_FGFR2B_LIGAND_BINDING_AND_ACTIVATION,3,3,,,,,,0
REACTOME_FGFR2C_LIGAND_BINDING_AND_ACTIVATION,1,1,,,,,,0
REACTOME_FGFR2_LIGAND_BINDING_AND_ACTIVATION,4,4,,,,,,0
REACTOME_FGFR3B_LIGAND_BINDING_AND_ACTIVATION,1,1,,,,,,0
REACTOME_FGFR3_LIGAND_BINDING_AND_ACTIVATION,2,2,,,,,,0
REACTOME_FGFRL1_MODULATION_OF_FGFR1_SIGNALING,1,1,,,,,,0
REACTOME_FIBRONECTIN_MATRIX_FORMATION,0,0,,,,,,0
REACTOME_FICOLINS_BIND_TO_REPETITIVE_CARBOHYDRATE_STRUCTURES_ON_THE_TARGET_CELL_SURFACE,1,1,,,,,,0
REACTOME_FLT3_SIGNALING_BY_CBL_MUTANTS,3,3,,,,,,0
REACTOME_FLT3_SIGNALING_THROUGH_SRC_FAMILY_KINASES,3,3,,,,,,0
REACTOME_FOLDING_OF_ACTIN_BY_CCT_TRIC,3,3,,,,,,0
REACTOME_FORMATION_OF_APOPTOSOME,0,0,,,,,,0
REACTOME_FORMATION_OF_ATP_BY_CHEMIOSMOTIC_COUPLING,0,0,,,,,,0
REACTOME_FORMATION_OF_SENESCENCE_ASSOCIATED_HETEROCHROMATIN_FOCI_SAHF,1,1,,,,,,0
REACTOME_FORMATION_OF_XYLULOSE_5_PHOSPHATE,0,0,,,,,,0
REACTOME_FORMYL_PEPTIDE_RECEPTORS_BIND_FORMYL_PEPTIDES_AND_MANY_OTHER_LIGANDS,3,3,,,,,,0
REACTOME_FOXO_MEDIATED_TRANSCRIPTION_OF_CELL_CYCLE_GENES,4,4,,,,,,0
REACTOME_FREE_FATTY_ACIDS_REGULATE_INSULIN_SECRETION,1,1,,,,,,0
REACTOME_FREE_FATTY_ACID_RECEPTORS,0,0,,,,,,0
REACTOME_FRS_MEDIATED_FGFR1_SIGNALING,3,3,,,,,,0
REACTOME_FRS_MEDIATED_FGFR2_SIGNALING,3,3,,,,,,0
REACTOME_FRS_MEDIATED_FGFR3_SIGNALING,2,2,,,,,,0
REACTOME_FRS_MEDIATED_FGFR4_SIGNALING,2,2,,,,,,0
REACTOME_FRUCTOSE_CATABOLISM,1,1,,,,,,0
REACTOME_FRUCTOSE_METABOLISM,1,1,,,,,,0
REACTOME_G2_M_DNA_REPLICATION_CHECKPOINT,0,0,,,,,,0
REACTOME_G2_PHASE,1,1,,,,,,0
REACTOME_GAB1_SIGNALOSOME,3,3,,,,,,0
REACTOME_GABA_SYNTHESIS_RELEASE_REUPTAKE_AND_DEGRADATION,1,1,,,,,,0
REACTOME_GALACTOSE_CATABOLISM,3,3,,,,,,0
REACTOME_GAMMA_CARBOXYLATION_TRANSPORT_AND_AMINO_TERMINAL_CLEAVAGE_OF_PROTEINS,1,1,,,,,,0
REACTOME_GAP_JUNCTION_ASSEMBLY,3,3,,,,,,0
REACTOME_GAP_JUNCTION_DEGRADATION,2,2,,,,,,0
REACTOME_GASTRIN_CREB_SIGNALLING_PATHWAY_VIA_PKC_AND_MAPK,2,2,,,,,,0
REACTOME_GDP_FUCOSE_BIOSYNTHESIS,1,1,,,,,,0
REACTOME_GLI_PROTEINS_BIND_PROMOTERS_OF_HH_RESPONSIVE_GENES_TO_PROMOTE_TRANSCRIPTION,1,1,,,,,,0
REACTOME_GLUCOCORTICOID_BIOSYNTHESIS,0,0,,,,,,0
REACTOME_GLUCURONIDATION,0,0,,,,,,0
REACTOME_GLUTAMATE_AND_GLUTAMINE_METABOLISM,2,2,,,,,,0
REACTOME_GLUTAMATE_NEUROTRANSMITTER_RELEASE_CYCLE,3,3,,,,,,0
REACTOME_GLUTATHIONE_SYNTHESIS_AND_RECYCLING,2,2,,,,,,0
REACTOME_GLYCEROPHOSPHOLIPID_CATABOLISM,3,3,,,,,,0
REACTOME_GLYCOGEN_BREAKDOWN_GLYCOGENOLYSIS,4,4,,,,,,0
REACTOME_GOLGI_CISTERNAE_PERICENTRIOLAR_STACK_REORGANIZATION,0,0,,,,,,0
REACTOME_GP1B_IX_V_ACTIVATION_SIGNALLING,4,4,,,,,,0
REACTOME_GRB2_EVENTS_IN_ERBB2_SIGNALING,4,4,,,,,,0
REACTOME_GRB2_SOS_PROVIDES_LINKAGE_TO_MAPK_SIGNALING_FOR_INTEGRINS,2,2,,,,,,0
REACTOME_GRB7_EVENTS_IN_ERBB2_SIGNALING,3,3,,,,,,0
REACTOME_HDL_ASSEMBLY,2,2,,,,,,0
REACTOME_HDL_CLEARANCE,1,1,,,,,,0
REACTOME_HDL_REMODELING,4,4,,,,,,0
REACTOME_HDR_THROUGH_MMEJ_ALT_NHEJ,3,3,,,,,,0
REACTOME_HEDGEHOG_LIGAND_BIOGENESIS,4,4,,,,,,0
REACTOME_HEME_BIOSYNTHESIS,3,3,,,,,,0
REACTOME_HEME_DEGRADATION,2,2,,,,,,0
REACTOME_HIGHLY_CALCIUM_PERMEABLE_NICOTINIC_ACETYLCHOLINE_RECEPTORS,1,1,,,,,,0
REACTOME_HIGHLY_CALCIUM_PERMEABLE_POSTSYNAPTIC_NICOTINIC_ACETYLCHOLINE_RECEPTORS,1,1,,,,,,0
REACTOME_HIGHLY_SODIUM_PERMEABLE_POSTSYNAPTIC_ACETYLCHOLINE_NICOTINIC_RECEPTORS,1,1,,,,,,0
REACTOME_HISTIDINE_CATABOLISM,0,0,,,,,,0
REACTOME_HORMONE_LIGAND_BINDING_RECEPTORS,0,0,,,,,,0
REACTOME_HS_GAG_BIOSYNTHESIS,3,3,,,,,,0
REACTOME_HS_GAG_DEGRADATION,4,4,,,,,,0
REACTOME_HUR_ELAVL1_BINDS_AND_STABILIZES_MRNA,0,0,,,,,,0
REACTOME_HYALURONAN_BIOSYNTHESIS_AND_EXPORT,2,2,,,,,,0
REACTOME_HYALURONAN_METABOLISM,3,3,,,,,,0
REACTOME_HYALURONAN_UPTAKE_AND_DEGRADATION,1,1,,,,,,0
REACTOME_HYDROLYSIS_OF_LPC,0,0,,,,,,0
REACTOME_IKBA_VARIANT_LEADS_TO_EDA_ID,2,2,,,,,,0
REACTOME_IL_6_TYPE_CYTOKINE_RECEPTOR_LIGAND_INTERACTIONS,4,4,,,,,,0
REACTOME_INACTIVATION_OF_CDC42_AND_RAC1,1,1,,,,,,0
REACTOME_INCRETIN_SYNTHESIS_SECRETION_AND_INACTIVATION,2,2,,,,,,0
REACTOME_INHIBITION_OF_REPLICATION_INITIATION_OF_DAMAGED_DNA_BY_RB1_E2F1,4,4,,,,,,0
REACTOME_INLA_MEDIATED_ENTRY_OF_LISTERIA_MONOCYTOGENES_INTO_HOST_CELLS,2,2,,,,,,0
REACTOME_INLB_MEDIATED_ENTRY_OF_LISTERIA_MONOCYTOGENES_INTO_HOST_CELL,2,2,,,,,,0
REACTOME_INSULIN_PROCESSING,4,4,,,,,,0
REACTOME_INTEGRATION_OF_PROVIRUS,1,1,,,,,,0
REACTOME_INTEGRIN_SIGNALING,4,4,,,,,,0
REACTOME_INTERACTION_WITH_CUMULUS_CELLS_AND_THE_ZONA_PELLUCIDA,1,1,,,,,,0
REACTOME_INTERLEUKIN_15_SIGNALING,3,3,,,,,,0
REACTOME_INTERLEUKIN_18_SIGNALING,2,2,,,,,,0
REACTOME_INTERLEUKIN_1_PROCESSING,1,1,,,,,,0
REACTOME_INTERLEUKIN_21_SIGNALING,2,2,,,,,,0
REACTOME_INTERLEUKIN_23_SIGNALING,2,2,,,,,,0
REACTOME_INTERLEUKIN_27_SIGNALING,1,1,,,,,,0
REACTOME_INTERLEUKIN_35_SIGNALLING,2,2,,,,,,0
REACTOME_INTERLEUKIN_36_PATHWAY,3,3,,,,,,0
REACTOME_INTERLEUKIN_6_SIGNALING,2,2,,,,,,0
REACTOME_INTERLEUKIN_9_SIGNALING,1,1,,,,,,0
REACTOME_INTESTINAL_ABSORPTION,1,1,,,,,,0
REACTOME_IONOTROPIC_ACTIVITY_OF_KAINATE_RECEPTORS,2,2,,,,,,0
REACTOME_IRAK1_RECRUITS_IKK_COMPLEX,4,4,,,,,,0
REACTOME_IRAK2_MEDIATED_ACTIVATION_OF_TAK1_COMPLEX,3,3,,,,,,0
REACTOME_IRF3_MEDIATED_ACTIVATION_OF_TYPE_1_IFN,1,1,,,,,,0
REACTOME_IRF3_MEDIATED_INDUCTION_OF_TYPE_I_IFN,1,1,,,,,,0
REACTOME_IRS_ACTIVATION,1,1,,,,,,0
REACTOME_JNK_C_JUN_KINASES_PHOSPHORYLATION_AND_ACTIVATION_MEDIATED_BY_ACTIVATED_HUMAN_TAK1,4,4,,,,,,0
REACTOME_JOSEPHIN_DOMAIN_DUBS,4,4,,,,,,0
REACTOME_KERATAN_SULFATE_BIOSYNTHESIS,4,4,,,,,,0
REACTOME_KERATAN_SULFATE_DEGRADATION,0,0,,,,,,0
REACTOME_KERATAN_SULFATE_KERATIN_METABOLISM,4,4,,,,,,0
REACTOME_KETONE_BODY_METABOLISM,3,3,,,,,,0
REACTOME_KILLING_MECHANISMS,3,3,,,,,,0
REACTOME_KSRP_KHSRP_BINDS_AND_DESTABILIZES_MRNA,3,3,,,,,,0
REACTOME_LAMININ_INTERACTIONS,2,2,,,,,,0
REACTOME_LDL_CLEARANCE,3,3,,,,,,0
REACTOME_LDL_REMODELING,0,0,,,,,,0
REACTOME_LECTIN_PATHWAY_OF_COMPLEMENT_ACTIVATION,1,1,,,,,,0
REACTOME_LEUKOTRIENE_RECEPTORS,3,3,,,,,,0
REACTOME_LGI_ADAM_INTERACTIONS,2,2,,,,,,0
REACTOME_LIGAND_RECEPTOR_INTERACTIONS,0,0,,,,,,0
REACTOME_LINOLEIC_ACID_LA_METABOLISM,1,1,,,,,,0
REACTOME_LIPID_PARTICLE_ORGANIZATION,4,4,,,,,,0
REACTOME_LIPOPHAGY,2,2,,,,,,0
REACTOME_LISTERIA_MONOCYTOGENES_ENTRY_INTO_HOST_CELLS,2,2,,,,,,0
REACTOME_LOSS_OF_FUNCTION_OF_MECP2_IN_RETT_SYNDROME,3,3,,,,,,0
REACTOME_LOSS_OF_FUNCTION_OF_SMAD2_3_IN_CANCER,2,2,,,,,,0
REACTOME_LOSS_OF_MECP2_BINDING_ABILITY_TO_THE_NCOR_SMRT_COMPLEX,3,3,,,,,,0
REACTOME_LRR_FLII_INTERACTING_PROTEIN_1_LRRFIP1_ACTIVATES_TYPE_I_IFN_PRODUCTION,0,0,,,,,,0
REACTOME_LTC4_CYSLTR_MEDIATED_IL4_PRODUCTION,2,2,,,,,,0
REACTOME_LYSINE_CATABOLISM,2,2,,,,,,0
REACTOME_LYSOSOME_VESICLE_BIOGENESIS,2,2,,,,,,0
REACTOME_LYSOSPHINGOLIPID_AND_LPA_RECEPTORS,4,4,,,,,,0
REACTOME_MAPK1_ERK2_ACTIVATION,1,1,,,,,,0
REACTOME_MAPK3_ERK1_ACTIVATION,2,2,,,,,,0
REACTOME_MASTL_FACILITATES_MITOTIC_PROGRESSION,2,2,,,,,,0
REACTOME_MATURATION_OF_SARS_COV_1_NUCLEOPROTEIN,1,1,,,,,,0
REACTOME_MATURATION_OF_SARS_COV_1_SPIKE_PROTEIN,1,1,,,,,,0
REACTOME_MATURATION_OF_SARS_COV_2_NUCLEOPROTEIN,4,4,,,,,,0
REACTOME_MECP2_REGULATES_NEURONAL_RECEPTORS_AND_CHANNELS,3,3,,,,,,0
REACTOME_MECP2_REGULATES_TRANSCRIPTION_FACTORS,1,1,,,,,,0
REACTOME_MECP2_REGULATES_TRANSCRIPTION_OF_NEURONAL_LIGANDS,0,0,,,,,,0
REACTOME_MELANIN_BIOSYNTHESIS,0,0,,,,,,0
REACTOME_METABOLIC_DISORDERS_OF_BIOLOGICAL_OXIDATION_ENZYMES,4,4,,,,,,0
REACTOME_METABOLISM_OF_AMINE_DERIVED_HORMONES,0,0,,,,,,0
REACTOME_METABOLISM_OF_ANGIOTENSINOGEN_TO_ANGIOTENSINS,3,3,,,,,,0
REACTOME_METABOLISM_OF_FOLATE_AND_PTERINES,1,1,,,,,,0
REACTOME_METABOLISM_OF_INGESTED_SEMET_SEC_MESEC_INTO_H2SE,1,1,,,,,,0
REACTOME_METABOLISM_OF_NITRIC_OXIDE_NOS3_ACTIVATION_AND_REGULATION,3,3,,,,,,0
REACTOME_METABOLISM_OF_PORPHYRINS,4,4,,,,,,0
REACTOME_METABOLISM_OF_STEROID_HORMONES,2,2,,,,,,0
REACTOME_METALLOPROTEASE_DUBS,3,3,,,,,,0
REACTOME_METALLOTHIONEINS_BIND_METALS,3,3,,,,,,0
REACTOME_METAL_SEQUESTRATION_BY_ANTIMICROBIAL_PROTEINS,3,3,,,,,,0
REACTOME_METHIONINE_SALVAGE_PATHWAY,2,2,,,,,,0
REACTOME_METHYLATION,0,0,,,,,,0
REACTOME_MET_ACTIVATES_PI3K_AKT_SIGNALING,1,1,,,,,,0
REACTOME_MET_ACTIVATES_PTK2_SIGNALING,3,3,,,,,,0
REACTOME_MET_ACTIVATES_PTPN11,0,0,,,,,,0
REACTOME_MET_ACTIVATES_RAP1_AND_RAC1,1,1,,,,,,0
REACTOME_MET_ACTIVATES_RAS_SIGNALING,1,1,,,,,,0
REACTOME_MET_INTERACTS_WITH_TNS_PROTEINS,1,1,,,,,,0
REACTOME_MET_RECEPTOR_ACTIVATION,1,1,,,,,,0
REACTOME_MET_RECEPTOR_RECYCLING,1,1,,,,,,0
REACTOME_MINERALOCORTICOID_BIOSYNTHESIS,0,0,,,,,,0
REACTOME_MIRO_GTPASE_CYCLE,3,3,,,,,,0
REACTOME_MISCELLANEOUS_SUBSTRATES,0,0,,,,,,0
REACTOME_MITOCHONDRIAL_FATTY_ACID_BETA_OXIDATION_OF_SATURATED_FATTY_ACIDS,3,3,,,,,,0
REACTOME_MITOCHONDRIAL_FATTY_ACID_BETA_OXIDATION_OF_UNSATURATED_FATTY_ACIDS,1,1,,,,,,0
REACTOME_MITOCHONDRIAL_UNCOUPLING,0,0,,,,,,0
REACTOME_MITOTIC_TELOPHASE_CYTOKINESIS,4,4,,,,,,0
REACTOME_MODULATION_BY_MTB_OF_HOST_IMMUNE_SYSTEM,3,3,,,,,,0
REACTOME_MOLYBDENUM_COFACTOR_BIOSYNTHESIS,4,4,,,,,,0
REACTOME_MRNA_EDITING_C_TO_U_CONVERSION,4,4,,,,,,0
REACTOME_MTORC1_MEDIATED_SIGNALLING,4,4,,,,,,0
REACTOME_MUCOPOLYSACCHARIDOSES,1,1,,,,,,0
REACTOME_MULTIFUNCTIONAL_ANION_EXCHANGERS,1,1,,,,,,0
REACTOME_MUSCARINIC_ACETYLCHOLINE_RECEPTORS,0,0,,,,,,0
REACTOME_MYOGENESIS,3,3,,,,,,0
REACTOME_NADE_MODULATES_DEATH_SIGNALLING,2,2,,,,,,0
REACTOME_NA_CL_DEPENDENT_NEUROTRANSMITTER_TRANSPORTERS,0,0,,,,,,0
REACTOME_NECTIN_NECL_TRANS_HETERODIMERIZATION,1,1,,,,,,0
REACTOME_NEF_AND_SIGNAL_TRANSDUCTION,4,4,,,,,,0
REACTOME_NEF_MEDIATED_CD4_DOWN_REGULATION,2,2,,,,,,0
REACTOME_NEF_MEDIATED_CD8_DOWN_REGULATION,2,2,,,,,,0
REACTOME_NEF_MEDIATED_DOWNREGULATION_OF_MHC_CLASS_I_COMPLEX_CELL_SURFACE_EXPRESSION,2,2,,,,,,0
REACTOME_NEGATIVE_FEEDBACK_REGULATION_OF_MAPK_PATHWAY,2,2,,,,,,0
REACTOME_NEGATIVE_REGULATION_OF_ACTIVITY_OF_TFAP2_AP_2_FAMILY_TRANSCRIPTION_FACTORS,1,1,,,,,,0
REACTOME_NEGATIVE_REGULATION_OF_FGFR3_SIGNALING,4,4,,,,,,0
REACTOME_NEGATIVE_REGULATION_OF_FGFR4_SIGNALING,4,4,,,,,,0
REACTOME_NEGATIVE_REGULATION_OF_MET_ACTIVITY,2,2,,,,,,0
REACTOME_NEGATIVE_REGULATION_OF_NMDA_RECEPTOR_MEDIATED_NEURONAL_TRANSMISSION,4,4,,,,,,0
REACTOME_NEGATIVE_REGULATION_OF_NOTCH4_SIGNALING,3,3,,,,,,0
REACTOME_NEGATIVE_REGULATION_OF_TCF_DEPENDENT_SIGNALING_BY_DVL_INTERACTING_PROTEINS,2,2,,,,,,0
REACTOME_NEGATIVE_REGULATION_OF_TCF_DEPENDENT_SIGNALING_BY_WNT_LIGAND_ANTAGONISTS,1,1,,,,,,0
REACTOME_NETRIN_MEDIATED_REPULSION_SIGNALS,0,0,,,,,,0
REACTOME_NEUROFASCIN_INTERACTIONS,0,0,,,,,,0
REACTOME_NEUROTOXICITY_OF_CLOSTRIDIUM_TOXINS,3,3,,,,,,0
REACTOME_NEUROTRANSMITTER_CLEARANCE,3,3,,,,,,0
REACTOME_NEUROTRANSMITTER_RELEASE_CYCLE,3,3,,,,,,0
REACTOME_NF_KB_ACTIVATION_THROUGH_FADD_RIP_1_PATHWAY_MEDIATED_BY_CASPASE_8_AND_10,3,3,,,,,,0
REACTOME_NF_KB_IS_ACTIVATED_AND_SIGNALS_SURVIVAL,4,4,,,,,,0
REACTOME_NGF_INDEPENDANT_TRKA_ACTIVATION,0,0,,,,,,0
REACTOME_NICOTINAMIDE_SALVAGING,1,1,,,,,,0
REACTOME_NICOTINATE_METABOLISM,4,4,,,,,,0
REACTOME_NITRIC_OXIDE_STIMULATES_GUANYLATE_CYCLASE,4,4,,,,,,0
REACTOME_NONCANONICAL_ACTIVATION_OF_NOTCH3,0,0,,,,,,0
REACTOME_NOREPINEPHRINE_NEUROTRANSMITTER_RELEASE_CYCLE,2,2,,,,,,0
REACTOME_NOSTRIN_MEDIATED_ENOS_TRAFFICKING,2,2,,,,,,0
REACTOME_NOTCH2_ACTIVATION_AND_TRANSMISSION_OF_SIGNAL_TO_THE_NUCLEUS,3,3,,,,,,0
REACTOME_NOTCH2_INTRACELLULAR_DOMAIN_REGULATES_TRANSCRIPTION,3,3,,,,,,0
REACTOME_NOTCH3_ACTIVATION_AND_TRANSMISSION_OF_SIGNAL_TO_THE_NUCLEUS,4,4,,,,,,0
REACTOME_NOTCH3_INTRACELLULAR_DOMAIN_REGULATES_TRANSCRIPTION,3,3,,,,,,0
REACTOME_NOTCH4_ACTIVATION_AND_TRANSMISSION_OF_SIGNAL_TO_THE_NUCLEUS,0,0,,,,,,0
REACTOME_NOTCH4_INTRACELLULAR_DOMAIN_REGULATES_TRANSCRIPTION,3,3,,,,,,0
REACTOME_NR1H2_NR1H3_REGULATE_GENE_EXPRESSION_LINKED_TO_GLUCONEOGENESIS,1,1,,,,,,0
REACTOME_NR1H2_NR1H3_REGULATE_GENE_EXPRESSION_LINKED_TO_LIPOGENESIS,1,1,,,,,,0
REACTOME_NR1H2_NR1H3_REGULATE_GENE_EXPRESSION_LINKED_TO_TRIGLYCERIDE_LIPOLYSIS_IN_ADIPOSE,1,1,,,,,,0
REACTOME_NR1H2_NR1H3_REGULATE_GENE_EXPRESSION_TO_CONTROL_BILE_ACID_HOMEOSTASIS,2,2,,,,,,0
REACTOME_NR1H2_NR1H3_REGULATE_GENE_EXPRESSION_TO_LIMIT_CHOLESTEROL_UPTAKE,2,2,,,,,,0
REACTOME_NRCAM_INTERACTIONS,1,1,,,,,,0
REACTOME_NRIF_SIGNALS_CELL_DEATH_FROM_THE_NUCLEUS,4,4,,,,,,0
REACTOME_NTRK2_ACTIVATES_RAC1,1,1,,,,,,0
REACTOME_NUCLEAR_EVENTS_STIMULATED_BY_ALK_SIGNALING_IN_CANCER,3,3,,,,,,0
REACTOME_NUCLEOTIDE_BIOSYNTHESIS,3,3,,,,,,0
REACTOME_NUCLEOTIDE_LIKE_PURINERGIC_RECEPTORS,3,3,,,,,,0
REACTOME_N_GLYCAN_ANTENNAE_ELONGATION,4,4,,,,,,0
REACTOME_N_GLYCAN_TRIMMING_AND_ELONGATION_IN_THE_CIS_GOLGI,2,2,,,,,,0
REACTOME_OAS_ANTIVIRAL_RESPONSE,2,2,,,,,,0
REACTOME_OLFACTORY_SIGNALING_PATHWAY,1,1,,,,,,0
REACTOME_OPSINS,0,0,,,,,,0
REACTOME_OREXIN_AND_NEUROPEPTIDES_FF_AND_QRFP_BIND_TO_THEIR_RESPECTIVE_RECEPTORS,1,1,,,,,,0
REACTOME_ORGANIC_ANION_TRANSPORT,0,0,,,,,,0
REACTOME_ORGANIC_ANION_TRANSPORTERS,0,0,,,,,,0
REACTOME_ORGANIC_CATION_ANION_ZWITTERION_TRANSPORT,0,0,,,,,,0
REACTOME_ORGANIC_CATION_TRANSPORT,0,0,,,,,,0
REACTOME_OTHER_SEMAPHORIN_INTERACTIONS,4,4,,,,,,0
REACTOME_P130CAS_LINKAGE_TO_MAPK_SIGNALING_FOR_INTEGRINS,2,2,,,,,,0
REACTOME_P2Y_RECEPTORS,2,2,,,,,,0
REACTOME_P38MAPK_EVENTS,2,2,,,,,,0
REACTOME_P75NTR_NEGATIVELY_REGULATES_CELL_CYCLE_VIA_SC1,0,0,,,,,,0
REACTOME_P75NTR_RECRUITS_SIGNALLING_COMPLEXES,4,4,,,,,,0
REACTOME_P75NTR_REGULATES_AXONOGENESIS,1,1,,,,,,0
REACTOME_PASSIVE_TRANSPORT_BY_AQUAPORINS,3,3,,,,,,0
REACTOME_PENTOSE_PHOSPHATE_PATHWAY,3,3,,,,,,0
REACTOME_PEPTIDE_HORMONE_BIOSYNTHESIS,0,0,,,,,,0
REACTOME_PHASE_0_RAPID_DEPOLARISATION,4,4,,,,,,0
REACTOME_PHASE_1_INACTIVATION_OF_FAST_NA_CHANNELS,1,1,,,,,,0
REACTOME_PHASE_2_PLATEAU_PHASE,1,1,,,,,,0
REACTOME_PHASE_3_RAPID_REPOLARISATION,0,0,,,,,,0
REACTOME_PHASE_4_RESTING_MEMBRANE_POTENTIAL,1,1,,,,,,0
REACTOME_PHENYLALANINE_AND_TYROSINE_METABOLISM,3,3,,,,,,0
REACTOME_PHENYLALANINE_METABOLISM,2,2,,,,,,0
REACTOME_PHOSPHATE_BOND_HYDROLYSIS_BY_NTPDASE_PROTEINS,1,1,,,,,,0
REACTOME_PHOSPHATE_BOND_HYDROLYSIS_BY_NUDT_PROTEINS,3,3,,,,,,0
REACTOME_PHOSPHOLIPASE_C_MEDIATED_CASCADE_FGFR2,3,3,,,,,,0
REACTOME_PHOSPHOLIPASE_C_MEDIATED_CASCADE_FGFR4,2,2,,,,,,0
REACTOME_PHOSPHORYLATION_OF_EMI1,0,0,,,,,,0
REACTOME_PHYSIOLOGICAL_FACTORS,1,1,,,,,,0
REACTOME_PI3K_AKT_ACTIVATION,3,3,,,,,,0
REACTOME_PI3K_EVENTS_IN_ERBB4_SIGNALING,2,2,,,,,,0
REACTOME_PI5P_REGULATES_TP53_ACETYLATION,2,2,,,,,,0
REACTOME_PINK1_PRKN_MEDIATED_MITOPHAGY,4,4,,,,,,0
REACTOME_PI_3K_CASCADE_FGFR1,3,3,,,,,,0
REACTOME_PI_3K_CASCADE_FGFR2,3,3,,,,,,0
REACTOME_PI_3K_CASCADE_FGFR3,2,2,,,,,,0
REACTOME_PI_3K_CASCADE_FGFR4,2,2,,,,,,0
REACTOME_PKA_ACTIVATION_IN_GLUCAGON_SIGNALLING,4,4,,,,,,0
REACTOME_PKA_MEDIATED_PHOSPHORYLATION_OF_CREB,4,4,,,,,,0
REACTOME_PKA_MEDIATED_PHOSPHORYLATION_OF_KEY_METABOLIC_FACTORS,1,1,,,,,,0
REACTOME_PLASMA_LIPOPROTEIN_ASSEMBLY,3,3,,,,,,0
REACTOME_PLATELET_SENSITIZATION_BY_LDL,1,1,,,,,,0
REACTOME_POLO_LIKE_KINASE_MEDIATED_EVENTS,4,4,,,,,,0
REACTOME_POU5F1_OCT4_SOX2_NANOG_ACTIVATE_GENES_RELATED_TO_PROLIFERATION,2,2,,,,,,0
REACTOME_POU5F1_OCT4_SOX2_NANOG_REPRESS_GENES_RELATED_TO_DIFFERENTIATION,4,4,,,,,,0
REACTOME_PP2A_MEDIATED_DEPHOSPHORYLATION_OF_KEY_METABOLIC_FACTORS,0,0,,,,,,0
REACTOME_PRC2_METHYLATES_HISTONES_AND_DNA,4,4,,,,,,0
REACTOME_PREGNENOLONE_BIOSYNTHESIS,1,1,,,,,,0
REACTOME_PRESYNAPTIC_DEPOLARIZATION_AND_CALCIUM_CHANNEL_OPENING,1,1,,,,,,0
REACTOME_PRESYNAPTIC_NICOTINIC_ACETYLCHOLINE_RECEPTORS,2,2,,,,,,0
REACTOME_PREVENTION_OF_PHAGOSOMAL_LYSOSOMAL_FUSION,2,2,,,,,,0
REACTOME_PRE_NOTCH_PROCESSING_IN_GOLGI,2,2,,,,,,0
REACTOME_PRE_NOTCH_PROCESSING_IN_THE_ENDOPLASMIC_RETICULUM,0,0,,,,,,0
REACTOME_PROCESSING_AND_ACTIVATION_OF_SUMO,2,2,,,,,,0
REACTOME_PROCESSING_OF_SMDT1,3,3,,,,,,0
REACTOME_PROLACTIN_RECEPTOR_SIGNALING,2,2,,,,,,0
REACTOME_PROLONGED_ERK_ACTIVATION_EVENTS,3,3,,,,,,0
REACTOME_PROPIONYL_COA_CATABOLISM,1,1,,,,,,0
REACTOME_PROSTANOID_LIGAND_RECEPTORS,3,3,,,,,,0
REACTOME_PROTEIN_METHYLATION,4,4,,,,,,0
REACTOME_PROTEIN_REPAIR,1,1,,,,,,0
REACTOME_PROTON_COUPLED_MONOCARBOXYLATE_TRANSPORT,3,3,,,,,,0
REACTOME_PTK6_EXPRESSION,4,4,,,,,,0
REACTOME_PTK6_PROMOTES_HIF1A_STABILIZATION,1,1,,,,,,0
REACTOME_PTK6_REGULATES_CELL_CYCLE,4,4,,,,,,0
REACTOME_PTK6_REGULATES_PROTEINS_INVOLVED_IN_RNA_PROCESSING,2,2,,,,,,0
REACTOME_PTK6_REGULATES_RHO_GTPASES_RAS_GTPASE_AND_MAP_KINASES,3,3,,,,,,0
REACTOME_PTK6_REGULATES_RTKS_AND_THEIR_EFFECTORS_AKT1_AND_DOK1,3,3,,,,,,0
REACTOME_PURINE_RIBONUCLEOSIDE_MONOPHOSPHATE_BIOSYNTHESIS,2,2,,,,,,0
REACTOME_PURINE_SALVAGE,3,3,,,,,,0
REACTOME_PYRIMIDINE_CATABOLISM,4,4,,,,,,0
REACTOME_PYRIMIDINE_SALVAGE,3,3,,,,,,0
REACTOME_PYROPTOSIS,4,4,,,,,,0
REACTOME_RAP1_SIGNALLING,3,3,,,,,,0
REACTOME_RAS_SIGNALING_DOWNSTREAM_OF_NF1_LOSS_OF_FUNCTION_VARIANTS,2,2,,,,,,0
REACTOME_RA_BIOSYNTHESIS_PATHWAY,3,3,,,,,,0
REACTOME_REACTIONS_SPECIFIC_TO_THE_COMPLEX_N_GLYCAN_SYNTHESIS_PATHWAY,3,3,,,,,,0
REACTOME_RECEPTOR_MEDIATED_MITOPHAGY,3,3,,,,,,0
REACTOME_RECEPTOR_TYPE_TYROSINE_PROTEIN_PHOSPHATASES,0,0,,,,,,0
REACTOME_RECOGNITION_AND_ASSOCIATION_OF_DNA_GLYCOSYLASE_WITH_SITE_CONTAINING_AN_AFFECTED_PURINE,4,4,,,,,,0
REACTOME_RECYCLING_OF_BILE_ACIDS_AND_SALTS,0,0,,,,,,0
REACTOME_RECYCLING_OF_EIF2_GDP,4,4,,,,,,0
REACTOME_REDUCTION_OF_CYTOSOLIC_CA_LEVELS,1,1,,,,,,0
REACTOME_REELIN_SIGNALLING_PATHWAY,1,1,,,,,,0
REACTOME_REGULATED_PROTEOLYSIS_OF_P75NTR,0,0,,,,,,0
REACTOME_REGULATION_OF_BACH1_ACTIVITY,3,3,,,,,,0
REACTOME_REGULATION_OF_BETA_CELL_DEVELOPMENT,2,2,,,,,,0
REACTOME_REGULATION_OF_COMMISSURAL_AXON_PATHFINDING_BY_SLIT_AND_ROBO,2,2,,,,,,0
REACTOME_REGULATION_OF_CYTOSKELETAL_REMODELING_AND_CELL_SPREADING_BY_IPP_COMPLEX_COMPONENTS,0,0,,,,,,0
REACTOME_REGULATION_OF_FOXO_TRANSCRIPTIONAL_ACTIVITY_BY_ACETYLATION,4,4,,,,,,0
REACTOME_REGULATION_OF_FZD_BY_UBIQUITINATION,3,3,,,,,,0
REACTOME_REGULATION_OF_GENE_EXPRESSION_BY_HYPOXIA_INDUCIBLE_FACTOR,2,2,,,,,,0
REACTOME_REGULATION_OF_GENE_EXPRESSION_IN_BETA_CELLS,1,1,,,,,,0
REACTOME_REGULATION_OF_GENE_EXPRESSION_IN_EARLY_PANCREATIC_PRECURSOR_CELLS,0,0,,,,,,0
REACTOME_REGULATION_OF_GENE_EXPRESSION_IN_ENDOCRINE_COMMITTED_NEUROG3_PROGENITOR_CELLS,0,0,,,,,,0
REACTOME_REGULATION_OF_GENE_EXPRESSION_IN_LATE_STAGE_BRANCHING_MORPHOGENESIS_PANCREATIC_BUD_PRECURSOR_CELLS,1,1,,,,,,0
REACTOME_REGULATION_OF_GLYCOLYSIS_BY_FRUCTOSE_2_6_BISPHOSPHATE_METABOLISM,1,1,,,,,,0
REACTOME_REGULATION_OF_IFNA_SIGNALING,3,3,,,,,,0
REACTOME_REGULATION_OF_IFNG_SIGNALING,3,3,,,,,,0
REACTOME_REGULATION_OF_INNATE_IMMUNE_RESPONSES_TO_CYTOSOLIC_DNA,4,4,,,,,,0
REACTOME_REGULATION_OF_KIT_SIGNALING,4,4,,,,,,0
REACTOME_REGULATION_OF_LOCALIZATION_OF_FOXO_TRANSCRIPTION_FACTORS,1,1,,,,,,0
REACTOME_REGULATION_OF_PTEN_LOCALIZATION,2,2,,,,,,0
REACTOME_REGULATION_OF_PTEN_MRNA_TRANSLATION,3,3,,,,,,0
REACTOME_REGULATION_OF_RUNX3_EXPRESSION_AND_ACTIVITY,3,3,,,,,,0
REACTOME_REGULATION_OF_SIGNALING_BY_NODAL,0,0,,,,,,0
REACTOME_REGULATION_OF_TLR_BY_ENDOGENOUS_LIGAND,4,4,,,,,,0
REACTOME_REGULATION_OF_TP53_ACTIVITY_THROUGH_ASSOCIATION_WITH_CO_FACTORS,0,0,,,,,,0
REACTOME_RELAXIN_RECEPTORS,1,1,,,,,,0
REACTOME_RELEASE_OF_APOPTOTIC_FACTORS_FROM_THE_MITOCHONDRIA,0,0,,,,,,0
REACTOME_RELEASE_OF_HH_NP_FROM_THE_SECRETING_CELL,0,0,,,,,,0
REACTOME_REMOVAL_OF_AMINOTERMINAL_PROPEPTIDES_FROM_GAMMA_CARBOXYLATED_PROTEINS,1,1,,,,,,0
REACTOME_RESPONSE_OF_EIF2AK1_HRI_TO_HEME_DEFICIENCY,3,3,,,,,,0
REACTOME_RESPONSE_TO_METAL_IONS,4,4,,,,,,0
REACTOME_RETINOID_CYCLE_DISEASE_EVENTS,1,1,,,,,,0
REACTOME_RETROGRADE_NEUROTROPHIN_SIGNALLING,1,1,,,,,,0
REACTOME_RHOBTB1_GTPASE_CYCLE,4,4,,,,,,0
REACTOME_RHOBTB3_ATPASE_CYCLE,2,2,,,,,,0
REACTOME_RHOT1_GTPASE_CYCLE,2,2,,,,,,0
REACTOME_RHO_GTPASES_ACTIVATE_CIT,2,2,,,,,,0
REACTOME_RHO_GTPASES_ACTIVATE_KTN1,2,2,,,,,,0
REACTOME_RHO_GTPASES_ACTIVATE_NADPH_OXIDASES,4,4,,,,,,0
REACTOME_RHO_GTPASES_ACTIVATE_PAKS,3,3,,,,,,0
REACTOME_RHO_GTPASES_ACTIVATE_PKNS,2,2,,,,,,0
REACTOME_RHO_GTPASES_ACTIVATE_RHOTEKIN_AND_RHOPHILINS,1,1,,,,,,0
REACTOME_RHO_GTPASES_ACTIVATE_ROCKS,1,1,,,,,,0
REACTOME_RIP_MEDIATED_NFKB_ACTIVATION_VIA_ZBP1,4,4,,,,,,0
REACTOME_ROBO_RECEPTORS_BIND_AKAP5,3,3,,,,,,0
REACTOME_ROLE_OF_ABL_IN_ROBO_SLIT_SIGNALING,2,2,,,,,,0
REACTOME_ROLE_OF_SECOND_MESSENGERS_IN_NETRIN_1_SIGNALING,2,2,,,,,,0
REACTOME_RORA_ACTIVATES_GENE_EXPRESSION,4,4,,,,,,0
REACTOME_RRNA_MODIFICATION_IN_THE_MITOCHONDRION,1,1,,,,,,0
REACTOME_RRNA_PROCESSING_IN_THE_MITOCHONDRION,1,1,,,,,,0
REACTOME_RSK_ACTIVATION,1,1,,,,,,0
REACTOME_RUNX1_REGULATES_ESTROGEN_RECEPTOR_MEDIATED_TRANSCRIPTION,1,1,,,,,,0
REACTOME_RUNX1_REGULATES_EXPRESSION_OF_COMPONENTS_OF_TIGHT_JUNCTIONS,1,1,,,,,,0
REACTOME_RUNX1_REGULATES_TRANSCRIPTION_OF_GENES_INVOLVED_IN_BCR_SIGNALING,2,2,,,,,,0
REACTOME_RUNX1_REGULATES_TRANSCRIPTION_OF_GENES_INVOLVED_IN_DIFFERENTIATION_OF_KERATINOCYTES,3,3,,,,,,0
REACTOME_RUNX1_REGULATES_TRANSCRIPTION_OF_GENES_INVOLVED_IN_DIFFERENTIATION_OF_MYELOID_CELLS,2,2,,,,,,0
REACTOME_RUNX1_REGULATES_TRANSCRIPTION_OF_GENES_INVOLVED_IN_INTERLEUKIN_SIGNALING,0,0,,,,,,0
REACTOME_RUNX1_REGULATES_TRANSCRIPTION_OF_GENES_INVOLVED_IN_WNT_SIGNALING,1,1,,,,,,0
REACTOME_RUNX2_REGULATES_CHONDROCYTE_MATURATION,1,1,,,,,,0
REACTOME_RUNX2_REGULATES_GENES_INVOLVED_IN_CELL_MIGRATION,0,0,,,,,,0
REACTOME_RUNX3_REGULATES_BCL2L11_BIM_TRANSCRIPTION,3,3,,,,,,0
REACTOME_RUNX3_REGULATES_CDKN1A_TRANSCRIPTION,1,1,,,,,,0
REACTOME_RUNX3_REGULATES_IMMUNE_RESPONSE_AND_CELL_MIGRATION,2,2,,,,,,0
REACTOME_RUNX3_REGULATES_NOTCH_SIGNALING,1,1,,,,,,0
REACTOME_RUNX3_REGULATES_P14_ARF,3,3,,,,,,0
REACTOME_RUNX3_REGULATES_WNT_SIGNALING,4,4,,,,,,0
REACTOME_RUNX3_REGULATES_YAP1_MEDIATED_TRANSCRIPTION,0,0,,,,,,0
REACTOME_SCAVENGING_BY_CLASS_B_RECEPTORS,1,1,,,,,,0
REACTOME_SCAVENGING_BY_CLASS_F_RECEPTORS,2,2,,,,,,0
REACTOME_SCAVENGING_OF_HEME_FROM_PLASMA,4,4,,,,,,0
REACTOME_SEALING_OF_THE_NUCLEAR_ENVELOPE_NE_BY_ESCRT_III,4,4,,,,,,0
REACTOME_SEMA3A_PAK_DEPENDENT_AXON_REPULSION,3,3,,,,,,0
REACTOME_SEMA3A_PLEXIN_REPULSION_SIGNALING_BY_INHIBITING_INTEGRIN_ADHESION,2,2,,,,,,0
REACTOME_SEMA4D_INDUCED_CELL_MIGRATION_AND_GROWTH_CONE_COLLAPSE,4,4,,,,,,0
REACTOME_SEMA4D_IN_SEMAPHORIN_SIGNALING,4,4,,,,,,0
REACTOME_SEMA4D_MEDIATED_INHIBITION_OF_CELL_ATTACHMENT_AND_MIGRATION,1,1,,,,,,0
REACTOME_SENSING_OF_DNA_DOUBLE_STRAND_BREAKS,0,0,,,,,,0
REACTOME_SENSORY_PERCEPTION_OF_SALTY_TASTE,0,0,,,,,,0
REACTOME_SENSORY_PERCEPTION_OF_TASTE,4,4,,,,,,0
REACTOME_SERINE_BIOSYNTHESIS,2,2,,,,,,0
REACTOME_SEROTONIN_AND_MELATONIN_BIOSYNTHESIS,0,0,,,,,,0
REACTOME_SEROTONIN_NEUROTRANSMITTER_RELEASE_CYCLE,2,2,,,,,,0
REACTOME_SEROTONIN_RECEPTORS,0,0,,,,,,0
REACTOME_SHC1_EVENTS_IN_EGFR_SIGNALING,3,3,,,,,,0
REACTOME_SHC1_EVENTS_IN_ERBB4_SIGNALING,2,2,,,,,,0
REACTOME_SHC_MEDIATED_CASCADE_FGFR1,3,3,,,,,,0
REACTOME_SHC_MEDIATED_CASCADE_FGFR3,2,2,,,,,,0
REACTOME_SHC_MEDIATED_CASCADE_FGFR4,2,2,,,,,,0
REACTOME_SHC_RELATED_EVENTS_TRIGGERED_BY_IGF1R,1,1,,,,,,0
REACTOME_SIGNALING_BY_ACTIVIN,2,2,,,,,,0
REACTOME_SIGNALING_BY_ALK,4,4,,,,,,0
REACTOME_SIGNALING_BY_BMP,4,4,,,,,,0
REACTOME_SIGNALING_BY_CTNNB1_PHOSPHO_SITE_MUTANTS,1,1,,,,,,0
REACTOME_SIGNALING_BY_FGFR2_IIIA_TM,4,4,,,,,,0
REACTOME_SIGNALING_BY_FGFR3_FUSIONS_IN_CANCER,2,2,,,,,,0
REACTOME_SIGNALING_BY_FGFR4_IN_DISEASE,3,3,,,,,,0
REACTOME_SIGNALING_BY_FLT3_ITD_AND_TKD_MUTANTS,4,4,,,,,,0
REACTOME_SIGNALING_BY_HIPPO,2,2,,,,,,0
REACTOME_SIGNALING_BY_LEPTIN,4,4,,,,,,0
REACTOME_SIGNALING_BY_LRP5_MUTANTS,1,1,,,,,,0
REACTOME_SIGNALING_BY_MAPK_MUTANTS,1,1,,,,,,0
REACTOME_SIGNALING_BY_MEMBRANE_TETHERED_FUSIONS_OF_PDGFRA_OR_PDGFRB,0,0,,,,,,0
REACTOME_SIGNALING_BY_MRAS_COMPLEX_MUTANTS,1,1,,,,,,0
REACTOME_SIGNALING_BY_MST1,1,1,,,,,,0
REACTOME_SIGNALING_BY_NODAL,2,2,,,,,,0
REACTOME_SIGNALING_BY_NOTCH1_HD_DOMAIN_MUTANTS_IN_CANCER,3,3,,,,,,0
REACTOME_SIGNALING_BY_NOTCH1_T_7_9_NOTCH1_M1580_K2555_TRANSLOCATION_MUTANT,0,0,,,,,,0
REACTOME_SIGNALING_BY_NTRK2_TRKB,4,4,,,,,,0
REACTOME_SIGNALING_BY_NTRK3_TRKC,3,3,,,,,,0
REACTOME_SIGNALING_BY_PDGFRA_TRANSMEMBRANE_JUXTAMEMBRANE_AND_KINASE_DOMAIN_MUTANTS,4,4,,,,,,0
REACTOME_SIGNALING_BY_PDGFR_IN_DISEASE,4,4,,,,,,0
REACTOME_SIGNALING_BY_RNF43_MUTANTS,0,0,,,,,,0
REACTOME_SIGNALING_BY_TGF_BETA_RECEPTOR_COMPLEX_IN_CANCER,2,2,,,,,,0
REACTOME_SIGNALLING_TO_P38_VIA_RIT_AND_RIN,1,1,,,,,,0
REACTOME_SIGNALLING_TO_RAS,2,2,,,,,,0
REACTOME_SIGNAL_ATTENUATION,1,1,,,,,,0
REACTOME_SIGNAL_REGULATORY_PROTEIN_FAMILY_INTERACTIONS,2,2,,,,,,0
REACTOME_SIGNAL_TRANSDUCTION_BY_L1,4,4,,,,,,0
REACTOME_SIRT1_NEGATIVELY_REGULATES_RRNA_EXPRESSION,3,3,,,,,,0
REACTOME_SLBP_DEPENDENT_PROCESSING_OF_REPLICATION_DEPENDENT_HISTONE_PRE_MRNAS,0,0,,,,,,0
REACTOME_SMAC_XIAP_REGULATED_APOPTOTIC_RESPONSE,1,1,,,,,,0
REACTOME_SMALL_INTERFERING_RNA_SIRNA_BIOGENESIS,2,2,,,,,,0
REACTOME_SODIUM_CALCIUM_EXCHANGERS,0,0,,,,,,0
REACTOME_SODIUM_COUPLED_PHOSPHATE_COTRANSPORTERS,0,0,,,,,,0
REACTOME_SODIUM_COUPLED_SULPHATE_DI_AND_TRI_CARBOXYLATE_TRANSPORTERS,0,0,,,,,,0
REACTOME_SODIUM_PROTON_EXCHANGERS,0,0,,,,,,0
REACTOME_SOS_MEDIATED_SIGNALLING,2,2,,,,,,0
REACTOME_SPERM_MOTILITY_AND_TAXES,2,2,,,,,,0
REACTOME_SPRY_REGULATION_OF_FGF_SIGNALING,3,3,,,,,,0
REACTOME_STAT3_NUCLEAR_EVENTS_DOWNSTREAM_OF_ALK_SIGNALING,0,0,,,,,,0
REACTOME_STAT5_ACTIVATION,2,2,,,,,,0
REACTOME_STAT5_ACTIVATION_DOWNSTREAM_OF_FLT3_ITD_MUTANTS,2,2,,,,,,0
REACTOME_STING_MEDIATED_INDUCTION_OF_HOST_IMMUNE_RESPONSES,1,1,,,,,,0
REACTOME_SULFIDE_OXIDATION_TO_SULFATE,1,1,,,,,,0
REACTOME_SUMOYLATION_OF_IMMUNE_RESPONSE_PROTEINS,2,2,,,,,,0
REACTOME_SUMOYLATION_OF_TRANSCRIPTION_FACTORS,3,3,,,,,,0
REACTOME_SUMO_IS_CONJUGATED_TO_E1_UBA2_SAE1,1,1,,,,,,0
REACTOME_SUMO_IS_PROTEOLYTICALLY_PROCESSED,1,1,,,,,,0
REACTOME_SUMO_IS_TRANSFERRED_FROM_E1_TO_E2_UBE2I_UBC9,1,1,,,,,,0
REACTOME_SUPPRESSION_OF_APOPTOSIS,0,0,,,,,,0
REACTOME_SUPPRESSION_OF_PHAGOSOMAL_MATURATION,4,4,,,,,,0
REACTOME_SURFACTANT_METABOLISM,3,3,,,,,,0
REACTOME_SYNDECAN_INTERACTIONS,4,4,,,,,,0
REACTOME_SYNTHESIS_OF_12_EICOSATETRAENOIC_ACID_DERIVATIVES,2,2,,,,,,0
REACTOME_SYNTHESIS_OF_15_EICOSATETRAENOIC_ACID_DERIVATIVES,1,1,,,,,,0
REACTOME_SYNTHESIS_OF_16_20_HYDROXYEICOSATETRAENOIC_ACIDS_HETE,1,1,,,,,,0
REACTOME_SYNTHESIS_OF_5_EICOSATETRAENOIC_ACIDS,2,2,,,,,,0
REACTOME_SYNTHESIS_OF_BILE_ACIDS_AND_BILE_SALTS_VIA_24_HYDROXYCHOLESTEROL,2,2,,,,,,0
REACTOME_SYNTHESIS_OF_BILE_ACIDS_AND_BILE_SALTS_VIA_27_HYDROXYCHOLESTEROL,1,1,,,,,,0
REACTOME_SYNTHESIS_OF_BILE_ACIDS_AND_BILE_SALTS_VIA_7ALPHA_HYDROXYCHOLESTEROL,2,2,,,,,,0
REACTOME_SYNTHESIS_OF_DIPHTHAMIDE_EEF2,3,3,,,,,,0
REACTOME_SYNTHESIS_OF_DOLICHYL_PHOSPHATE,2,2,,,,,,0
REACTOME_SYNTHESIS_OF_EPOXY_EET_AND_DIHYDROXYEICOSATRIENOIC_ACIDS_DHET,2,2,,,,,,0
REACTOME_SYNTHESIS_OF_GDP_MANNOSE,1,1,,,,,,0
REACTOME_SYNTHESIS_OF_KETONE_BODIES,2,2,,,,,,0
REACTOME_SYNTHESIS_OF_LEUKOTRIENES_LT_AND_EOXINS_EX,1,1,,,,,,0
REACTOME_SYNTHESIS_OF_LIPOXINS_LX,3,3,,,,,,0
REACTOME_SYNTHESIS_OF_PE,3,3,,,,,,0
REACTOME_SYNTHESIS_OF_PG,1,1,,,,,,0
REACTOME_SYNTHESIS_OF_PI,2,2,,,,,,0
REACTOME_SYNTHESIS_OF_PIPS_AT_THE_EARLY_ENDOSOME_MEMBRANE,4,4,,,,,,0
REACTOME_SYNTHESIS_OF_PIPS_AT_THE_ER_MEMBRANE,2,2,,,,,,0
REACTOME_SYNTHESIS_OF_PIPS_AT_THE_GOLGI_MEMBRANE,4,4,,,,,,0
REACTOME_SYNTHESIS_OF_PIPS_AT_THE_LATE_ENDOSOME_MEMBRANE,2,2,,,,,,0
REACTOME_SYNTHESIS_OF_PROSTAGLANDINS_PG_AND_THROMBOXANES_TX,4,4,,,,,,0
REACTOME_SYNTHESIS_OF_PYROPHOSPHATES_IN_THE_CYTOSOL,2,2,,,,,,0
REACTOME_SYNTHESIS_OF_UDP_N_ACETYL_GLUCOSAMINE,1,1,,,,,,0
REACTOME_SYNTHESIS_OF_WYBUTOSINE_AT_G37_OF_TRNA_PHE,2,2,,,,,,0
REACTOME_SYNTHESIS_SECRETION_AND_DEACYLATION_OF_GHRELIN,4,4,,,,,,0
REACTOME_SYNTHESIS_SECRETION_AND_INACTIVATION_OF_GLUCAGON_LIKE_PEPTIDE_1_GLP_1,2,2,,,,,,0
REACTOME_SYNTHESIS_SECRETION_AND_INACTIVATION_OF_GLUCOSE_DEPENDENT_INSULINOTROPIC_POLYPEPTIDE_GIP,2,2,,,,,,0
REACTOME_TACHYKININ_RECEPTORS_BIND_TACHYKININS,0,0,,,,,,0
REACTOME_TANDEM_PORE_DOMAIN_POTASSIUM_CHANNELS,0,0,,,,,,0
REACTOME_TERMINAL_PATHWAY_OF_COMPLEMENT,1,1,,,,,,0
REACTOME_TETRAHYDROBIOPTERIN_BH4_SYNTHESIS_RECYCLING_SALVAGE_AND_REGULATION,2,2,,,,,,0
REACTOME_TFAP2A_ACTS_AS_A_TRANSCRIPTIONAL_REPRESSOR_DURING_RETINOIC_ACID_INDUCED_CELL_DIFFERENTIATION,2,2,,,,,,0
REACTOME_TFAP2_AP_2_FAMILY_REGULATES_TRANSCRIPTION_OF_CELL_CYCLE_FACTORS,2,2,,,,,,0
REACTOME_TFAP2_AP_2_FAMILY_REGULATES_TRANSCRIPTION_OF_GROWTH_FACTORS_AND_THEIR_RECEPTORS,2,2,,,,,,0
REACTOME_THE_ACTIVATION_OF_ARYLSULFATASES,3,3,,,,,,0
REACTOME_THE_CANONICAL_RETINOID_CYCLE_IN_RODS_TWILIGHT_VISION,4,4,,,,,,0
REACTOME_THE_FATTY_ACID_CYCLING_MODEL,0,0,,,,,,0
REACTOME_THE_RETINOID_CYCLE_IN_CONES_DAYLIGHT_VISION,0,0,,,,,,0
REACTOME_THYROXINE_BIOSYNTHESIS,0,0,,,,,,0
REACTOME_TICAM1_DEPENDENT_ACTIVATION_OF_IRF3_IRF7,4,4,,,,,,0
REACTOME_TICAM1_TRAF6_DEPENDENT_INDUCTION_OF_TAK1_COMPLEX,4,4,,,,,,0
REACTOME_TLR3_MEDIATED_TICAM1_DEPENDENT_PROGRAMMED_CELL_DEATH,2,2,,,,,,0
REACTOME_TNFR1_INDUCED_PROAPOPTOTIC_SIGNALING,3,3,,,,,,0
REACTOME_TNFR1_MEDIATED_CERAMIDE_PRODUCTION,2,2,,,,,,0
REACTOME_TOXICITY_OF_BOTULINUM_TOXIN_TYPE_D_BOTD,1,1,,,,,,0
REACTOME_TP53_REGULATES_TRANSCRIPTION_OF_CASPASE_ACTIVATORS_AND_CASPASES,1,1,,,,,,0
REACTOME_TP53_REGULATES_TRANSCRIPTION_OF_GENES_INVOLVED_IN_CYTOCHROME_C_RELEASE,4,4,,,,,,0
REACTOME_TP53_REGULATES_TRANSCRIPTION_OF_GENES_INVOLVED_IN_G1_CELL_CYCLE_ARREST,3,3,,,,,,0
REACTOME_TP53_REGULATES_TRANSCRIPTION_OF_SEVERAL_ADDITIONAL_CELL_DEATH_GENES_WHOSE_SPECIFIC_ROLES_IN_P53_DEPENDENT_APOPTOSIS_REMAIN_UNCERTAIN,1,1,,,,,,0
REACTOME_TRAF3_DEPENDENT_IRF_ACTIVATION_PATHWAY,4,4,,,,,,0
REACTOME_TRAF6_MEDIATED_INDUCTION_OF_TAK1_COMPLEX_WITHIN_TLR4_COMPLEX,4,4,,,,,,0
REACTOME_TRAF6_MEDIATED_IRF7_ACTIVATION,3,3,,,,,,0
REACTOME_TRAF6_MEDIATED_IRF7_ACTIVATION_IN_TLR7_8_OR_9_SIGNALING,4,4,,,,,,0
REACTOME_TRAFFICKING_AND_PROCESSING_OF_ENDOSOMAL_TLR,3,3,,,,,,0
REACTOME_TRAFFICKING_OF_GLUR2_CONTAINING_AMPA_RECEPTORS,1,1,,,,,,0
REACTOME_TRAFFICKING_OF_MYRISTOYLATED_PROTEINS_TO_THE_CILIUM,0,0,,,,,,0
REACTOME_TRAIL_SIGNALING,4,4,,,,,,0
REACTOME_TRANSCRIPTIONAL_REGULATION_OF_TESTIS_DIFFERENTIATION,2,2,,,,,,0
REACTOME_TRANSLATION_OF_REPLICASE_AND_ASSEMBLY_OF_THE_REPLICATION_TRANSCRIPTION_COMPLEX,2,2,,,,,,0
REACTOME_TRANSPORT_AND_SYNTHESIS_OF_PAPS,2,2,,,,,,0
REACTOME_TRANSPORT_OF_CONNEXONS_TO_THE_PLASMA_MEMBRANE,3,3,,,,,,0
REACTOME_TRANSPORT_OF_FATTY_ACIDS,2,2,,,,,,0
REACTOME_TRANSPORT_OF_NUCLEOSIDES_AND_FREE_PURINE_AND_PYRIMIDINE_BASES_ACROSS_THE_PLASMA_MEMBRANE,1,1,,,,,,0
REACTOME_TRANSPORT_OF_NUCLEOTIDE_SUGARS,3,3,,,,,,0
REACTOME_TRANSPORT_OF_ORGANIC_ANIONS,3,3,,,,,,0
REACTOME_TRIF_MEDIATED_PROGRAMMED_CELL_DEATH,2,2,,,,,,0
REACTOME_TRIGLYCERIDE_BIOSYNTHESIS,3,3,,,,,,0
REACTOME_TRISTETRAPROLIN_TTP_ZFP36_BINDS_AND_DESTABILIZES_MRNA,4,4,,,,,,0
REACTOME_TRNA_MODIFICATION_IN_THE_MITOCHONDRION,3,3,,,,,,0
REACTOME_TRNA_PROCESSING_IN_THE_MITOCHONDRION,1,1,,,,,,0
REACTOME_TRP_CHANNELS,3,3,,,,,,0
REACTOME_TYPE_I_HEMIDESMOSOME_ASSEMBLY,0,0,,,,,,0
REACTOME_TYROSINE_CATABOLISM,1,1,,,,,,0
REACTOME_TYSND1_CLEAVES_PEROXISOMAL_PROTEINS,2,2,,,,,,0
REACTOME_UNBLOCKING_OF_NMDA_RECEPTORS_GLUTAMATE_BINDING_AND_ACTIVATION,4,4,,,,,,0
REACTOME_UNWINDING_OF_DNA,4,4,,,,,,0
REACTOME_UPTAKE_AND_FUNCTION_OF_ANTHRAX_TOXINS,1,1,,,,,,0
REACTOME_UPTAKE_AND_FUNCTION_OF_DIPHTHERIA_TOXIN,2,2,,,,,,0
REACTOME_UREA_CYCLE,1,1,,,,,,0
REACTOME_VASOPRESSIN_LIKE_RECEPTORS,3,3,,,,,,0
REACTOME_VEGF_LIGAND_RECEPTOR_INTERACTIONS,0,0,,,,,,0
REACTOME_VITAMINS,1,1,,,,,,0
REACTOME_VITAMIN_B1_THIAMIN_METABOLISM,1,1,,,,,,0
REACTOME_VITAMIN_B2_RIBOFLAVIN_METABOLISM,1,1,,,,,,0
REACTOME_VITAMIN_C_ASCORBATE_METABOLISM,3,3,,,,,,0
REACTOME_VITAMIN_D_CALCIFEROL_METABOLISM,1,1,,,,,,0
REACTOME_VLDLR_INTERNALISATION_AND_DEGRADATION,1,1,,,,,,0
REACTOME_VLDL_ASSEMBLY,0,0,,,,,,0
REACTOME_VLDL_CLEARANCE,1,1,,,,,,0
REACTOME_VOLTAGE_GATED_POTASSIUM_CHANNELS,2,2,,,,,,0
REACTOME_VXPX_CARGO_TARGETING_TO_CILIUM,1,1,,,,,,0
REACTOME_WAX_AND_PLASMALOGEN_BIOSYNTHESIS,2,2,,,,,,0
REACTOME_WNT5A_DEPENDENT_INTERNALIZATION_OF_FZD2_FZD5_AND_ROR2,0,0,,,,,,0
REACTOME_WNT5A_DEPENDENT_INTERNALIZATION_OF_FZD4,1,1,,,,,,0
REACTOME_WNT_LIGAND_BIOGENESIS_AND_TRAFFICKING,2,2,,,,,,0
REACTOME_WNT_MEDIATED_ACTIVATION_OF_DVL,2,2,,,,,,0
REACTOME_XENOBIOTICS,0,0,,,,,,0
REACTOME_YAP1_AND_WWTR1_TAZ_STIMULATED_GENE_EXPRESSION,0,0,,,,,,0
REACTOME_ZINC_EFFLUX_AND_COMPARTMENTALIZATION_BY_THE_SLC30_FAMILY,1,1,,,,,,0
REACTOME_ZINC_INFLUX_INTO_CELLS_BY_THE_SLC39_GENE_FAMILY,4,4,,,,,,0
