gene,proba_de,bf,lfc_mean,lfc_std,proba_up,detection_rate
IFI6,0.99986,8.873728125553848,4.27994279296875,1.023368443017887,0.99276,1.0
LY6E,0.9997,8.11142803829918,3.769471337890625,1.0881310546970253,0.99256,1.0
ISG15,0.99942,7.451902286158701,5.357236015625,1.3268127073518592,0.99374,1.0
RSAD2,0.99918,7.105385881322021,5.65124466796875,1.4402075966695818,0.9952,1.0
IFIT3,0.99912,7.034708263064724,5.7257344140625,1.1624955433765596,0.99504,1.0
ISG20,0.99912,7.034708263064724,3.4582890625,1.266703599976281,0.99184,1.0
IFIT2,0.9991,7.012215389396786,5.6526638671875,1.2219527922419327,0.99498,1.0
IFIT1,0.99904,6.9476168124073086,6.20145533203125,1.1026610777211578,0.99516,1.0
TNFSF10,0.99808,6.253508247379731,4.470833515625,1.5779849008907534,0.99214,1.0
CXCL11,0.99098,4.6992500184170884,6.62458080078125,3.6044379539562676,0.98316,1.0
CXCL10,0.99048,4.644794825309165,5.94824404296875,3.153602452796924,0.97964,1.0
MNDA,0.99,4.595119850134589,2.395040244140625,3.468976000864205,0.74786,1.0
IFI27,0.9878,4.394044296367315,3.65682109375,1.7789401350045626,0.98432,1.0
IFITM3,0.9871,4.337544040056214,3.946623076171875,2.0164483506595565,0.97662,1.0
CH25H,0.9829,4.05142892206397,5.050801484375,2.9047274086496118,0.94522,1.0
APOBEC3A,0.981,3.944133480398922,3.904509775390625,3.7268628175389082,0.8276,1.0
CD38,0.98098,3.943061014880455,3.9294513671875,2.2429587044311106,0.961,1.0
OASL,0.97826,3.8066216016810155,2.9062346484375,1.5502481442808953,0.96468,1.0
DEFB1,0.97804,3.7963279523526157,5.19970087890625,4.4686064999227195,0.84922,1.0
APOBEC3B,0.97666,3.7339699605227286,4.81883001953125,3.407365398899046,0.94054,1.0
ZNF704,0.97294,3.5822657925882515,-4.236226337890625,3.607881889233873,0.13594,1.0
IDO1,0.97194,3.5449489994857877,3.807261025390625,3.4564229342148693,0.86346,1.0
PRR5,0.97118,3.517442236441094,3.487533408203125,2.6847533537397985,0.88974,1.0
CLEC2D,0.97104,3.5124520945700297,0.9619499462890625,3.3540955020350824,0.74758,1.0
CLEC5A,0.97016,3.481611231012977,-4.0294501171875,3.990363827002199,0.16686,1.0
CCL2,0.97008,3.4788513892171458,2.31960109375,3.7522568188523295,0.79552,1.0
TNFSF13B,0.96892,3.4396175236435846,3.0556884765625,2.134667623750978,0.93358,1.0
KRT2,0.96758,3.3960225925164984,-2.49775859375,5.32426714949795,0.28914,1.0
VCAN,0.96732,3.3877660910917062,-3.784239912109375,3.7094421443086874,0.15846,1.0
CCL7,0.9673,3.3871336072852953,2.74887861328125,3.7089726248578527,0.81296,1.0
PGAP1,0.9671,3.38082924495159,1.866520224609375,2.7906012850950543,0.7828,1.0
ARHGEF35,0.96708,3.3802008463155526,-3.72376197265625,3.0615257846985764,0.10486,1.0
LAG3,0.96606,3.3486316842788226,3.81073626953125,3.3836469585831574,0.86166,1.0
SOCS1,0.96568,3.3371042417731096,1.8970711669921876,2.2833561747919773,0.82562,1.0
E2F5,0.96534,3.326894086603538,3.282992451171875,3.920389332537457,0.80158,1.0
BDH1,0.96508,3.319151268485846,-2.0888903369140626,4.052097187071412,0.24182,1.0
GBP5,0.96496,3.315596383634487,2.1638422119140626,1.4251131558367067,0.9463,1.0
CXCL9,0.96452,3.302661410822127,3.69389908203125,3.5971553704654866,0.84356,1.0
KLRC2,0.96418,3.292771602539301,-0.22634656616210938,5.721699932940526,0.48852,1.0
NELL2,0.96414,3.29161404410473,-1.8579563330078126,4.685581238852461,0.3504,1.0
CD14,0.96372,3.279534170741436,-2.359775986328125,3.7789652329505663,0.23392,1.0
NOG,0.96326,3.2664572851862927,-0.8895751306152344,5.043285464307061,0.44042,1.0
CA6,0.96324,3.265892304443999,0.5022657794189453,5.086360685630216,0.54368,1.0
KLF5,0.9631,3.261945697520336,2.1511943603515626,4.316736362576667,0.7191,1.0
IGFBP4,0.96276,3.2524207071446973,2.1863928369140626,2.2424991977152136,0.86524,1.0
MMP7,0.96272,3.2513056216546516,-2.896923271484375,4.03705507568726,0.22808,1.0
CCL3L1,0.96198,3.2308813233685165,0.32530659755706787,5.845548539441003,0.51706,1.0
GBP4,0.96174,3.2243391798537386,2.23750619140625,1.5873202864753528,0.9413,1.0
IL1RN,0.96156,3.219458381475887,4.41639509765625,3.1921225252796677,0.90468,1.0
PTGDR,0.96142,3.215677350761531,-1.4032428247070312,4.855712780443076,0.38876,1.0
XCL1,0.96136,3.2140609392587267,-0.557170129699707,4.910462518917685,0.45724,1.0
UBAC1,0.96128,3.2119094672872848,-1.7435535693359374,1.278814680089403,0.04022,1.0
CATSPER1,0.96104,3.2054805526387855,-2.326842265625,4.799090171808727,0.29036,1.0
FGF9,0.96088,3.201215686079617,-1.6521562060546875,4.701535531628999,0.36078,1.0
KRT86,0.9608,3.1990895239693566,-1.5575066650390625,4.791077117046218,0.37576,1.0
CXCL1,0.96064,3.194849656820991,-1.99034251953125,4.6140632444404135,0.32782,1.0
S100B,0.96044,3.1895730060380636,-0.9909077612304688,4.839708597501839,0.42202,1.0
XCL2,0.9604,3.188520746086664,-0.4924161942863464,4.926402976980725,0.46766,1.0
IL4I1,0.96026,3.184845844002818,1.74403330078125,2.94092505012514,0.76576,1.0
IFNG,0.96014,3.1817057923779197,1.0432288403320313,4.910814659295287,0.58092,1.0
GPC2,0.96012,3.1811833315563947,-1.2818301171875,4.710907828253072,0.40012,1.0
SIGLEC7,0.96006,3.17961745452117,-2.566435869140625,2.8526136685657955,0.1641,1.0
CPNE7,0.95978,3.1723397071880153,-2.01021462890625,4.5754571447267764,0.34924,1.0
FGFBP3,0.9595,3.1651103413352617,-0.9046908190917968,4.9648515829379045,0.41998,1.0
KRT81,0.95948,3.164595791660347,-1.8841685791015625,4.776465835207177,0.34168,1.0
NEIL1,0.95932,3.160488128961604,-1.2182755712890625,4.690968144466589,0.41254,1.0
SPRY1,0.95928,3.159463630828911,-1.812785146484375,4.423613590740676,0.34852,1.0
AKAP12,0.95908,3.1543555505501453,-1.0284632421875,4.612004563510771,0.41036,1.0
FN3K,0.95902,3.152827786912572,-1.919276787109375,3.954175450010168,0.31476,1.0
CD79B,0.95892,3.150286266114014,-2.3483990771484375,3.713938701796028,0.24094,1.0
PDE6B,0.95892,3.150286266114014,-0.027336972599029542,4.6896098620971784,0.49494,1.0
ATP1A3,0.9589,3.149778672657446,-1.715535634765625,4.556974829338462,0.34258,1.0
ROBO3,0.95886,3.1487641946002625,-0.7455562060546875,4.709087981285584,0.4367,1.0
S100A8,0.95884,3.148257309539361,-1.98053625,4.297418555430799,0.27576,1.0
CHN1,0.95858,3.141689166780792,-0.5260721258544921,5.486654312080717,0.46536,1.0
ITGA1,0.95842,3.137666812827106,-0.9264729040527344,4.655219993988586,0.42424,1.0
MYO6,0.95842,3.137666812827106,-0.2812551257324219,4.580581815992291,0.48676,1.0
G0S2,0.9584,3.137165060093968,-1.8633145947265626,4.478712405907415,0.33696,1.0
MCOLN3,0.95836,3.136162246516391,0.48880573028564456,4.813157160187575,0.54082,1.0
NCAPH,0.95828,3.1341593807082173,-1.788282958984375,4.441175229371286,0.34934,1.0
GP9,0.95828,3.1341593807082173,0.15124656089782715,4.881250002529227,0.50272,1.0
TNFRSF13C,0.95814,3.130663188062977,-1.9924830712890624,4.051740275178248,0.30342,1.0
CCNE1,0.95796,3.1261844774369583,-0.14878691612243652,4.613577993999427,0.49212,1.0
ADAMTS10,0.95792,3.1251916987475874,-1.1512341381835938,4.905291048610742,0.40266,1.0
CD160,0.9577,3.119747490475341,-0.6641755688476563,4.431418512451277,0.44644,1.0
KIF19,0.95762,3.117774486732712,0.9837617724609375,4.768254991678771,0.59048,1.0
MYB,0.95746,3.1138391349531718,-1.0286392517089844,4.778401484070649,0.4145,1.0
COL6A2,0.95744,3.113348210872613,-0.7201869189453125,4.593486355213223,0.44268,1.0
FBLN5,0.95742,3.112857507185059,-0.34213956954956054,4.911025292258068,0.4732,1.0
MMP9,0.95736,3.1113867164076714,-2.962526806640625,3.1265075485572877,0.18166,1.0
GPR55,0.95736,3.1113867164076714,-1.8060705126953125,4.30903636342251,0.3141,1.0
STX1A,0.95724,3.1084510575541935,-1.149386357421875,4.357162259372202,0.3921,1.0
POMK,0.95714,3.1060106811992307,-1.9779110400390625,3.738200000777994,0.30032,1.0
FST,0.95708,3.10454906476298,-0.6421943121337891,4.474047103136936,0.44874,1.0
CCR9,0.95696,3.1016316774427186,-0.5471593328857421,4.494454624040722,0.45244,1.0
WNT7A,0.9569,3.1001758956755143,-0.97492724609375,5.209168276265325,0.41208,1.0
CXCR6,0.95672,3.0958201331223263,-0.52013416015625,4.360893103317662,0.4654,1.0
TTLL11,0.95652,3.0910006359748246,-0.9726158447265625,4.703947002567295,0.41034,1.0
NCALD,0.9565,3.0905198507856695,0.4211519895172119,4.876520106128519,0.54144,1.0
EPHX2,0.95646,3.0895589130672083,-0.0678319478225708,4.709459363741193,0.49348,1.0
IL1B,0.95642,3.0885988176014543,-2.64661896484375,3.682652917131127,0.2396,1.0
RGS9,0.95624,3.0842887694559993,-0.0815708095550537,4.529503761785449,0.49736,1.0
PDE7B,0.95618,3.0828558456796045,-1.27607109375,4.373321113718461,0.3875,1.0
NEO1,0.95612,3.0814247927795693,-0.1393952861881256,4.425940830539709,0.4948,1.0
PLCG1,0.956,3.0785682791331395,0.6616789794921875,4.422363417192574,0.55848,1.0
PDGFD,0.95592,3.076668062696839,-0.2343926351928711,4.848386685480268,0.486,1.0
VCAM1,0.95586,3.075245057984269,-1.1956986352539063,4.700179610121505,0.3999,1.0
FGF22,0.9558,3.073823897060405,-1.3906202197265625,4.2066404181499335,0.37046,1.0
TBXA2R,0.9557,3.071459379221044,0.22391707443237305,4.357544460117722,0.51844,1.0
PRSS23,0.95568,3.070987086544967,-1.2863143212890624,4.379774590871847,0.39012,1.0
S1PR5,0.95568,3.070987086544967,-0.5682432971191407,4.591369419795053,0.4621,1.0
CD8B,0.95562,3.0695714269872973,-0.6184847717285156,4.717948162961302,0.4535,1.0
P2RX5,0.95556,3.0681575912859236,-0.6333796435546875,4.538960482134708,0.45538,1.0
ST3GAL3,0.9554,3.0643962419298436,-0.9662269219970703,4.4006148882381275,0.4075,1.0
AGBL3,0.95538,3.0639269780920033,-0.8237622802734375,4.390102602656196,0.42696,1.0
EDAR,0.95538,3.0639269780920033,-0.37752506134033204,4.396973744441736,0.46216,1.0
ZNF512B,0.95536,3.0634579147256265,-0.7035262036132812,4.643548054783054,0.4365,1.0
AQP3,0.95534,3.062989051650708,-1.2293321899414063,4.652596253493727,0.39524,1.0
BBS1,0.95532,3.062520388687486,-1.31865134765625,4.06999645729414,0.37346,1.0
IL18RAP,0.9551,3.057378252292482,1.3912242895507811,3.96953044683517,0.65062,1.0
CXXC5,0.95504,3.055980018834904,-1.9984597119140626,2.4916197806685636,0.18398,1.0
CX3CR1,0.9549,3.0527243764475234,-1.8532759033203126,4.034861985083539,0.31308,1.0
LNX1,0.95474,3.049015411899324,-0.4896277597045898,4.214047987170609,0.45434,1.0
DACT1,0.95432,3.0393384796259344,-3.036766962890625,3.0018304127912607,0.13746,1.0
PCBP4,0.9543,3.03887978952305,-1.1720308520507812,4.426076600383925,0.3897,1.0
CHRNA6,0.95428,3.0384212905068884,1.564740400390625,4.796197116076485,0.62884,1.0
HBA1,0.95414,3.035217133775832,0.5002901713562011,4.483518574394934,0.54918,1.0
YES1,0.95414,3.035217133775832,0.09588114027023316,4.416181291292906,0.51546,1.0
CADM1,0.95412,3.0347601574402217,-0.9662612548828124,4.296511608248288,0.42168,1.0
AQP11,0.95412,3.0347601574402217,-0.6811703344726563,4.429047542269603,0.4358,1.0
CTLA4,0.9541,3.0343033706912994,0.18847372955322267,4.336979165071963,0.5319,1.0
IGFBP6,0.954,3.0320222749591905,1.3341154223632812,3.8968716199824884,0.6333,1.0
KRT1,0.95396,3.031111157994398,-0.47452362731933595,4.285088432458623,0.45738,1.0
GMPPB,0.95392,3.0302007941020705,-1.9789092724609374,3.7835512529309843,0.30302,1.0
COL9A3,0.95392,3.0302007941020705,-0.5320782290649414,4.459129270598142,0.45852,1.0
KCNG1,0.95388,3.0292911819721624,-2.319395791015625,3.683843780693815,0.24124,1.0
SDS,0.95382,3.0279281704744863,2.162179951171875,3.6551157117884636,0.73838,1.0
OXT,0.95382,3.0279281704744863,-1.3315354077148438,3.995405107573782,0.3688,1.0
KRT18,0.95382,3.0279281704744863,-0.6850868811035157,4.308243350836552,0.43256,1.0
DAPK2,0.9538,3.0274742077764305,-1.3637390405273437,4.213866039780639,0.36508,1.0
IL12RB2,0.95368,3.0247543521450058,0.6190242810058594,4.813167822380618,0.55196,1.0
RASGRF2,0.95364,3.023849223268538,-0.5131732064819335,4.934774902492925,0.456,1.0
PDGFRB,0.95362,3.0233969374181293,-0.8655610131835938,4.448379716391868,0.41802,1.0
ACSM1,0.95362,3.0233969374181293,0.23644313980102538,4.573142249292715,0.52242,1.0
INCENP,0.95362,3.0233969374181293,0.11056078018188477,4.09488189330725,0.51268,1.0
FASLG,0.9536,3.022944837078876,0.3298209164428711,4.084881935711458,0.54758,1.0
COL19A1,0.95358,3.0224929220904917,-0.725184619140625,4.404915001950873,0.4384,1.0
PLAU,0.95356,3.022041192292898,-1.843505107421875,3.4318477070718716,0.27476,1.0
TOP2A,0.95354,3.021589647526224,-0.2445225641441345,4.243817465958494,0.47364,1.0
KISS1R,0.9535,3.0206871124471633,-0.6257364733886719,4.242776319477744,0.4413,1.0
ZFYVE9,0.95346,3.0197853155784538,0.021176162033081054,4.1878960875926765,0.50024,1.0
INSL3,0.95336,3.0175340447403136,0.4932349634552002,4.199845608830501,0.55038,1.0
MARS2,0.95334,3.017084341535046,0.1341003624343872,4.527330423623834,0.51864,1.0
ST6GALNAC3,0.95332,3.0166348216156407,-1.313057216796875,3.8359261027462646,0.36452,1.0
RPS6KA2,0.9533,3.0161854848246814,0.10295008304595947,4.152810643568802,0.5082,1.0
KLHL3,0.95328,3.015736331004946,-0.407289635925293,4.266046004421757,0.45764,1.0
XRCC2,0.95326,3.0152873599994217,-1.3525940795898437,3.7735793319616993,0.35312,1.0
GNG4,0.95318,3.0134933009861804,-0.875118798828125,4.105629412061885,0.41756,1.0
CCR6,0.95318,3.0134933009861804,0.23130249923706056,4.363001262115528,0.54164,1.0
SPP1,0.95314,3.012597364297208,-0.5507980557060241,4.401020089701417,0.45132,1.0
LEF1,0.9531,3.011702154491345,-0.09256593322753906,4.377089660008773,0.48546,1.0
CCR4,0.953,3.0094673019441425,-0.21474537815093994,4.168231870057472,0.49422,1.0
MYBL1,0.95298,3.0090208739631965,0.3356543593788147,4.070174805571009,0.5406,1.0
EFNA5,0.95298,3.0090208739631965,0.02822492657661438,4.203035997431767,0.50016,1.0
PSAT1,0.95296,3.0085746264652187,1.2624274633789063,4.058615588283362,0.6183,1.0
SLC27A2,0.95294,3.00812855929638,0.43021793548583986,4.128694518419086,0.55258,1.0
DPP4,0.95294,3.00812855929638,0.37113986999511717,4.732833590001872,0.55842,1.0
POLA1,0.9529,3.00723696533177,-1.0072175732421875,3.952557052382624,0.40056,1.0
PARD6B,0.9529,3.00723696533177,0.1284537580871582,3.971398489217405,0.51418,1.0
FDXR,0.95284,3.0059009230188485,-0.6471581478118896,4.313364515212653,0.44098,1.0
E2F1,0.95284,3.0059009230188485,-0.47444722091674807,4.7941564273800426,0.47014,1.0
SLC14A1,0.9528,3.00501112544958,-0.3990064696121216,4.29358467764206,0.47378,1.0
NR3C2,0.95274,3.0036777720073,-0.5906852844238282,4.293831726414665,0.44826,1.0
AREG,0.95274,3.0036777720073,0.2928259743309021,4.235371462495309,0.52882,1.0
CXCL3,0.95264,3.0014590872516624,-0.9770273046875,4.7236348959535475,0.40956,1.0
GNAL,0.95264,3.0014590872516624,-0.5723688371276855,4.188873688889724,0.44012,1.0
KALRN,0.95258,3.000130012337988,-1.3671368286132812,4.158155345369413,0.37368,1.0
TLR3,0.95254,2.999244849862141,1.5121698852539063,3.7998346607541604,0.65626,1.0
AKAP5,0.95254,2.999244849862141,-0.07188069458007812,4.218990794253608,0.49968,1.0
RFC3,0.95252,2.9988025344142755,-0.5838809879302979,4.079643000970923,0.4487,1.0
ELOVL6,0.95246,2.997476649436347,0.48448855087280274,4.135444327927251,0.54392,1.0
MICU3,0.9524,2.996152353375334,-0.771252314453125,5.346743980739652,0.42398,1.0
PPP1R14A,0.9524,2.996152353375334,-0.12419777542114258,4.038761740553092,0.48614,1.0
FBXO15,0.9523,2.9939487133057057,-0.05008396690368652,4.075767095476837,0.49344,1.0
CCL3,0.95222,2.9921889586329313,1.4364434814453124,4.043959186968047,0.63236,1.0
INPP4B,0.95222,2.9921889586329313,-0.09188217376708985,4.5134462488373375,0.4962,1.0
FOXP3,0.95216,2.990870978254166,-0.8517848010253907,4.370638155592056,0.41356,1.0
ITPR3,0.95216,2.990870978254166,-0.3984643064880371,4.221635034951507,0.46422,1.0
CCL20,0.95214,2.9904320003225786,-0.584301162185669,4.137928273188888,0.44152,1.0
CXCR3,0.95208,2.9891161110669913,-1.4229571313476563,4.550508457425043,0.39476,1.0
IL1R2,0.95202,2.987801785562504,-1.0107374975585937,4.043981729268072,0.38924,1.0
BLK,0.95194,2.9860517772867867,-1.3983995556640625,4.2747348066393025,0.37202,1.0
EPHA1,0.9519,2.9851778101455433,-1.01647603515625,3.9722543221249733,0.40412,1.0
CXCL5,0.95188,2.9847410853196963,-2.1104581591796876,3.462794604873264,0.27438,1.0
GSTM2,0.95178,2.982560042895393,-0.955045537109375,3.7264003154666523,0.40174,1.0
PCP2,0.95178,2.982560042895393,-0.7905091906738281,4.157484349687646,0.40664,1.0
COL23A1,0.95176,2.9821243497493417,-1.3855465185546876,3.891935515377726,0.3591,1.0
ATP6V1E2,0.95176,2.9821243497493417,-1.1966501025390626,3.987527921246226,0.38198,1.0
NRG2,0.95172,2.981253477653898,-1.2293109521484376,3.775939842251582,0.37156,1.0
NDC1,0.95172,2.981253477653898,-0.7446894982910156,4.141576925053436,0.42852,1.0
PRKCZ,0.9517,2.9808182984197704,-1.1655801611328125,4.377033000557982,0.3869,1.0
PIK3R4,0.95156,2.977776824392173,-0.9296049658203125,3.93956228212091,0.40336,1.0
ORC6,0.95148,2.9760425829964583,-0.645101939086914,4.004034353670534,0.44004,1.0
TNFAIP6,0.95144,2.9751764796677462,1.5977404638671875,4.303708804347881,0.68998,1.0
CD27,0.95144,2.9751764796677462,-1.4515472143554689,4.5477163118698245,0.36842,1.0
DERL3,0.95142,2.9747436818555055,-0.007291280212402344,4.017142242710651,0.50416,1.0
TAB1,0.95136,2.973446302151821,0.04650802543640137,4.101748861439472,0.50874,1.0
GRK4,0.95134,2.9730141796972203,-2.23534833984375,3.0508661466656135,0.22768,1.0
IL6,0.95132,2.9725822257341714,1.2065416577148438,3.9536375114505273,0.6221,1.0
EPHA4,0.9513,2.972150440123868,-1.2386805908203125,4.265656740195469,0.39188,1.0
ACACA,0.95128,2.971718822727682,-0.8276160021972656,3.9503179652205866,0.41682,1.0
PRKCQ,0.95122,2.970424978440082,-0.26122633548736574,4.620084924316634,0.48696,1.0
TSPAN15,0.95092,2.963978317187361,-0.4117565281867981,3.98623110675931,0.462,1.0
ADM2,0.95088,2.963121587779462,0.43221086669921877,3.9536074331497697,0.54562,1.0
EHD3,0.95084,2.9622655197392223,-0.4606560940170288,4.190589656142674,0.45426,1.0
F2R,0.9508,2.961410111987776,-0.87563708984375,3.862129158898621,0.42164,1.0
CD8A,0.9508,2.961410111987776,-0.8166378259277344,4.568567293407095,0.44386,1.0
EVC2,0.95076,2.9605553634488992,-1.4009876708984375,3.519938369363244,0.34504,1.0
SNAI1,0.95068,2.9588478397170217,-0.6183310870361328,3.785143329674547,0.43318,1.0
RNASE1,0.95068,2.9588478397170217,-0.5303615490722656,4.486517265556956,0.46866,1.0
POLR3G,0.95058,2.956717124054542,-0.3979158808898926,4.1123264380379165,0.46314,1.0
ST8SIA6,0.95056,2.956291471457995,0.16019617210388185,4.0147713877403115,0.51058,1.0
HOXA1,0.95052,2.9554406557399022,-1.0330041772460938,3.826274842018947,0.3928,1.0
MRM1,0.95052,2.9554406557399022,-0.3565104069519043,4.505360602422407,0.46768,1.0
AMT,0.95044,2.9537409785038697,-0.6270607962036133,4.432382761604021,0.43994,1.0
LYPD3,0.95042,2.9533164655509636,-1.342501875,3.3471346369875064,0.34974,1.0
ATP8A2,0.95042,2.9533164655509636,-0.42901811553955077,4.633210374935925,0.4711,1.0
IDO2,0.95038,2.952467926352259,1.6489828173828125,3.8552057596484057,0.65242,1.0
CD1D,0.9503,2.9507727911146873,1.3432143872070312,3.61890183627921,0.64566,1.0
PCOLCE,0.95028,2.9503494113678115,-0.9441215087890625,3.8701848619548347,0.40334,1.0
ZBTB16,0.9502,2.9486575047222146,-1.1839540673828124,4.167342513605366,0.39622,1.0
RORB,0.9502,2.9486575047222146,0.19514181228637695,4.261194858982934,0.52112,1.0
IL24,0.95018,2.948234930496892,-0.8074318139648438,3.724848837979528,0.41694,1.0
IRF6,0.95018,2.948234930496892,0.6392392010498047,4.148707941007502,0.56698,1.0
GNAO1,0.95016,2.947812516986787,-1.0530146484375,3.768286776281902,0.39204,1.0
PLEKHA5,0.9501,2.9465462394552295,-1.60177169921875,3.7796774728251457,0.34544,1.0
PELI3,0.95008,2.9461244675142235,-1.9767570947265625,3.228543943920107,0.27318,1.0
TLE2,0.95002,2.944860111597755,-0.37246890058517457,4.736102841073224,0.46142,1.0
CCND1,0.94996,2.9435971928462674,-0.2895879262542725,3.8376783250707387,0.47838,1.0
TUBB1,0.94996,2.9435971928462674,0.2713319619750977,4.253704380724905,0.51316,1.0
PLCB2,0.94994,2.9431765387016777,-0.31545320205688476,3.9451689478794263,0.46896,1.0
NCKAP1,0.94992,2.942756043730522,-0.9139716345214843,3.9798190805349587,0.4043,1.0
GNG8,0.9499,2.942335707805317,-0.29576884330749514,4.748349072712383,0.4757,1.0
CNKSR2,0.9499,2.942335707805317,0.27399078987121583,4.651262402583921,0.52412,1.0
HBA2,0.94988,2.941915530798733,0.33340811149597166,4.312921696766438,0.53368,1.0
ACSM3,0.94986,2.9414955125835944,0.5129202795410156,4.2305725008883925,0.5561,1.0
ITGA2B,0.94978,2.9398170250992335,-0.04875813625335693,4.185322207439542,0.48148,1.0
KCNJ15,0.94974,2.9389787308102564,-1.9062172705078124,3.932262023806113,0.33568,1.0
HPGD,0.9497,2.938141068143213,-0.7186957702636719,3.8398678086937585,0.42204,1.0
CCL23,0.9497,2.938141068143213,-0.6555623223876953,4.763167898792846,0.44176,1.0
CLEC1B,0.94956,2.9352142083123827,-0.7598161889648437,3.960859417820448,0.41126,1.0
THBS3,0.94956,2.9352142083123827,-0.7015343255615234,3.6147572667983447,0.42024,1.0
FZD3,0.94956,2.9352142083123827,-0.21326365365028382,4.141047009245576,0.48476,1.0
LDLRAP1,0.94954,2.9347967135875868,-1.1032086962890626,3.718080310782997,0.397,1.0
HBB,0.94948,2.9335451688304603,0.3602313508605957,4.230831097112558,0.53778,1.0
LTB4R,0.94934,2.9306303617374794,-0.5294480291748047,3.926786851831331,0.43696,1.0
ST8SIA1,0.9493,2.929798960290616,-0.3256532852935791,4.3524731044864025,0.47922,1.0
ACHE,0.94928,2.929383492381363,-0.2843839041137695,3.849050397064646,0.46634,1.0
CENPF,0.94924,2.92855302157763,-0.6326272332763672,4.253637116776311,0.44562,1.0
TRIM45,0.94924,2.92855302157763,-0.2521675500488281,4.3508280061618585,0.47462,1.0
DOK3,0.94922,2.9281380184381507,-1.2382355615234375,3.418703410165722,0.35996,1.0
PARP16,0.94922,2.9281380184381507,-0.81838787109375,3.9475923194488614,0.42156,1.0
KCND3,0.94922,2.9281380184381507,-0.5750887677001953,4.3081460560797,0.4401,1.0
POLR1A,0.94918,2.9273084760725547,-0.20021598991394043,3.8294982183385042,0.48362,1.0
BUB1,0.94914,2.926479551444569,0.5968952130126953,5.239423275603197,0.57014,1.0
HILPDA,0.94908,2.925237320630121,-0.9040536840820312,3.7834008736416904,0.40476,1.0
TNFRSF13B,0.94906,2.9248235515068224,-0.43833185066223146,4.9887904613062295,0.4644,1.0
CYP2R1,0.94902,2.9239964742554827,-0.8700315881347657,3.6925980961526528,0.40066,1.0
EPM2A,0.94902,2.9239964742554827,-0.09068296744346618,4.476219923388555,0.49238,1.0
SLC19A2,0.949,2.923583165885601,-0.5786140051269532,3.8226212493370886,0.4392,1.0
EDN1,0.94898,2.923170010858591,1.991643037109375,3.7458853161564147,0.70592,1.0
SLC37A4,0.94898,2.923170010858591,-1.1589135009765625,3.833099707083256,0.36174,1.0
DEGS2,0.94892,2.921931464629825,0.1680373420715332,4.295284948359892,0.5157,1.0
HPSE,0.94888,2.92110653165174,1.5272560498046874,3.012748928598678,0.74838,1.0
NUDT13,0.94886,2.920694294155028,0.2925520204162598,4.106207095823087,0.53068,1.0
IL23A,0.94882,2.919870276547664,-1.2538707641601563,3.522739687183744,0.36088,1.0
CRB3,0.94878,2.9190468679919,-0.3619164781188965,4.3970781645020836,0.46662,1.0
BLM,0.94878,2.9190468679919,-0.10590753034591675,4.215738883897285,0.49398,1.0
AGMAT,0.94876,2.9186353918102133,0.1623116411590576,4.487800104159526,0.52824,1.0
BCL9,0.94876,2.9186353918102133,0.0864909362411499,3.8291487128111297,0.5097,1.0
COLGALT2,0.94874,2.918224067533914,-1.0677053295898438,3.7910927237543195,0.38584,1.0
CHST10,0.94864,2.9161697205773525,-1.1510210131835938,3.7902575206075793,0.38092,1.0
BAMBI,0.94862,2.9157593052417843,1.315613056640625,3.537022850445232,0.64582,1.0
ZNF625,0.94862,2.9157593052417843,-1.027559541015625,3.633790003303061,0.38158,1.0
C1QB,0.94862,2.9157593052417843,0.056059351959228516,4.347785931403237,0.50056,1.0
OSBPL7,0.94858,2.9149389276811752,-1.724177802734375,4.2331227906603495,0.34106,1.0
S100A12,0.94852,2.9137094923499833,-0.5788828326416016,4.527074634264144,0.4471,1.0
NMUR1,0.9485,2.9132999817053786,-1.1146734765625,3.9504838204513724,0.38826,1.0
HBG1,0.94844,2.912072351527789,0.852451853942871,4.541070794615447,0.5703,1.0
SCARF1,0.94842,2.911663441664161,-0.2262628833770752,3.692098000685842,0.47234,1.0
IFT140,0.9484,2.911254681703734,-1.1212810498046875,4.649811939527651,0.4013,1.0
KNTC1,0.94836,2.9104376110264423,0.08346907348632812,4.188657119011573,0.50794,1.0
ATP6V0E2,0.94832,2.9096211385651825,-1.3856859594726563,4.4757530668559395,0.35206,1.0
ICOS,0.94832,2.9096211385651825,0.5187119909667969,4.183714172440233,0.57254,1.0
GPAM,0.94832,2.9096211385651825,-0.4428805596923828,4.896480449692571,0.45888,1.0
KLRG1,0.94824,2.9079899845785993,-1.26042896484375,4.252672119116158,0.3894,1.0
TAS2R14,0.94822,2.9075825685186785,-0.14829095924377442,4.135029821820401,0.4877,1.0
HBG2,0.94818,2.906768182515104,0.8693486395263672,4.127360897960845,0.57356,1.0
IL5RA,0.94812,2.9055477170743984,-0.8489048443603515,4.022101214838959,0.41442,1.0
PARD6A,0.9481,2.9051411917520715,-1.0725049438476562,4.865028939577064,0.40214,1.0
PITPNM2,0.94804,2.9039225036553042,-0.47795407592773437,3.8018874345996316,0.45218,1.0
IER3,0.94802,2.903516569865551,-1.824767998046875,2.6461547934321605,0.24076,1.0
DNM3,0.94802,2.903516569865551,-0.8272111560058594,3.8189572294759926,0.40924,1.0
CROT,0.948,2.9031107836735934,0.8967848486328125,3.7940555557691327,0.6145,1.0
AMY2B,0.948,2.9031107836735934,0.2997750033473969,3.7711417662036477,0.53386,1.0
ECM1,0.94798,2.902705144965558,-1.4515084350585938,3.375469461166291,0.33382,1.0
MT1E,0.94796,2.902299653627695,0.477910386428833,3.8659883446918775,0.54746,1.0
PRKAR1B,0.94794,2.9018943095463934,-0.4599297930908203,3.6731890541619197,0.44602,1.0
VAMP1,0.9479,2.901084062699674,-1.5698636328125,3.4128534001071213,0.32044,1.0
PERP,0.94788,2.9006791597076824,-0.655502060546875,4.172077628246963,0.4479,1.0
MAF,0.94782,2.8994653311004783,-0.4529673126220703,4.073520742391763,0.45952,1.0
SYCE1,0.9478,2.8990610146448943,-0.7660667858886718,3.5372351932506128,0.4153,1.0
ZNF726,0.94772,2.897445211222255,0.3794542050933838,4.024344232098498,0.54414,1.0
SCMH1,0.9477,2.8970416254052718,-1.0172739404296876,3.7286536166051487,0.39404,1.0
TLR6,0.94764,2.8958317422557913,-1.3410744873046876,3.3704282810386976,0.34004,1.0
ABCB1,0.94764,2.8958317422557913,-0.383790708694458,4.381730742674041,0.48076,1.0
SH2D2A,0.94756,2.894220600594426,-1.029781123046875,4.221642987095346,0.41982,1.0
GALR2,0.94756,2.894220600594426,0.3251161631011963,4.523998295119082,0.53892,1.0
ZKSCAN7,0.94748,2.892611779119785,-0.8223719812011718,4.010105300344089,0.41188,1.0
SPARC,0.94748,2.892611779119785,0.4937391371917725,3.8715688216752167,0.53904,1.0
PTGDS,0.94746,2.8922099354492126,0.6557673413085937,4.077259795041341,0.56376,1.0
ACOT4,0.94744,2.8918082362368835,-0.6131211962890625,4.208875004667051,0.43822,1.0
IGFBP3,0.94738,2.890604004247246,0.6739909008789062,4.71511762677056,0.58602,1.0
CD40LG,0.94734,2.889801903193688,-0.65923994140625,4.455253268225015,0.41876,1.0
CD9,0.9473,2.8890003773341726,-2.43213771484375,2.959496196584331,0.20692,1.0
KIF18A,0.94726,2.888199425793011,-1.2156865502929688,3.4799577943560296,0.36054,1.0
C1QA,0.94726,2.888199425793011,0.6463761901855469,3.7807297328622576,0.57358,1.0
PARD3,0.94724,2.8877991651187065,1.886926298828125,3.695380404003192,0.70702,1.0
ARHGEF40,0.94724,2.8877991651187065,0.002275546875,3.771677083872825,0.5006,1.0
CYGB,0.94718,2.8865992421729687,-1.1353923413085938,4.329023229542987,0.39174,1.0
FAAH2,0.94718,2.8865992421729687,-0.1391665940761566,3.951302559524611,0.4987,1.0
IL19,0.94716,2.886199553854187,-1.60797166015625,3.3305246383560734,0.32314,1.0
SLC27A4,0.94714,2.8858000083526494,-1.2295293139648438,3.718881485344571,0.36802,1.0
ABCA3,0.94714,2.8858000083526494,-0.6421942041015625,3.6896004032236824,0.41942,1.0
PXMP4,0.94712,2.885400605559949,-0.838748525390625,3.823437514433844,0.41316,1.0
KCNK12,0.94712,2.885400605559949,-0.5377216979980469,3.7358753398888456,0.44552,1.0
SERPINE2,0.94712,2.885400605559949,-0.2654868600463867,4.150303463184073,0.4713,1.0
SMARCD3,0.94708,2.8846022276680445,0.1544439909362793,3.6081920928165223,0.51498,1.0
F12,0.94704,2.883804419313662,-1.627251279296875,3.2035441299873932,0.2972,1.0
ABCG2,0.94702,2.883405728443326,1.6386045971679688,3.397118996170137,0.68388,1.0
TNFRSF10A,0.94702,2.883405728443326,0.7592783081054687,3.706270268396923,0.5792,1.0
SCD5,0.947,2.8830071796339554,-0.13224414112091065,3.5722403196316024,0.4867,1.0
FCER1A,0.94698,2.882608772778002,-0.5626949267578125,3.632644203825709,0.43868,1.0
EGR4,0.94696,2.8822105077680313,-0.5992409103393554,3.6314691063587694,0.4344,1.0
POLD1,0.94694,2.881812384496739,-0.6401576690673828,3.9053746062297554,0.43936,1.0
SMPD3,0.94692,2.8814144028569366,1.2275493725585938,3.2691591639890376,0.65344,1.0
FITM2,0.94682,2.879426615387233,0.2327606525039673,4.039804912201321,0.52262,1.0
MYBL2,0.9468,2.8790294812922297,0.1976074395751953,3.6120382613404076,0.52478,1.0
CCL19,0.94678,2.878632488081792,1.589227822265625,3.315067861890139,0.68612,1.0
CHST12,0.94678,2.878632488081792,1.4890361279296875,2.7388438488658244,0.70914,1.0
GDPD1,0.94676,2.8782356356497005,0.2681074766540527,3.8643085801779855,0.5182,1.0
ALAS2,0.94668,2.87664963158449,0.41880067268371585,4.06531321110344,0.54532,1.0
LRFN3,0.94666,2.8762534814549547,-0.6593659887695312,3.7539097598425935,0.4356,1.0
ST3GAL4,0.94664,2.8758574714689358,0.20122369750976563,3.7596240514093293,0.52102,1.0
PRKACB,0.94662,2.8754616015210397,-0.4288731935119629,3.8096455977901478,0.45074,1.0
SLC25A16,0.94662,2.8754616015210397,-0.13142171321868895,3.6124352412683005,0.48324,1.0
NET1,0.9466,2.8750658715059982,-0.5578737353515625,3.6145527608585124,0.4478,1.0
NUP188,0.9466,2.8750658715059982,-0.49235504707336425,3.6728912986905,0.45132,1.0
LAIR2,0.94658,2.8746702813186595,-0.4180641400146484,3.9018633358975188,0.45168,1.0
IFNLR1,0.94658,2.8746702813186595,-0.1380450804901123,3.668250604997562,0.48132,1.0
RAMP1,0.9465,2.873089316747417,-1.6502732177734376,3.5856503052287745,0.30998,1.0
FUT7,0.94644,2.8719050563749273,0.5934684655761718,3.6200202844810363,0.56848,1.0
HLA-DMB,0.94642,2.871510581037863,-1.57387265625,3.3123516090869747,0.29988,1.0
LHX4,0.9464,2.871116244587421,-1.3440692919921875,3.499490543843292,0.35598,1.0
XPNPEP2,0.94636,2.87032798793061,-1.1614453466796875,3.581065579298793,0.37122,1.0
HBD,0.94632,2.869540285574056,0.36252903089523314,4.119717342610797,0.53714,1.0
ZNF597,0.94624,2.867966540449218,-0.754864091796875,4.068823723384705,0.41952,1.0
UBE2C,0.94624,2.867966540449218,0.32998858589172364,3.874863822453143,0.52588,1.0
AVP,0.94614,2.8660024622620974,-0.9555055200195313,4.455111747822629,0.4002,1.0
PSTPIP1,0.94612,2.8656100593592386,-2.142335029296875,2.7440931158576887,0.20672,1.0
SERPINB2,0.94612,2.8656100593592386,-1.0989808447265625,4.03895381737172,0.36612,1.0
CCL4,0.94612,2.8656100593592386,0.7653503833007812,3.978837323519441,0.56364,1.0
PF4,0.9461,2.8652177937954484,0.5380909796142578,3.8862053978827173,0.5466,1.0
TPST1,0.94608,2.864825665468469,-2.533360009765625,2.617461435362098,0.16452,1.0
F13A1,0.94606,2.8644336742761634,0.1189405522441864,3.817598565734007,0.5006,1.0
CTF1,0.94604,2.8640418201165065,-0.16663567371368407,3.686474965252509,0.48492,1.0
TREML1,0.94604,2.8640418201165065,-0.12578586875915526,3.8880616185440666,0.47118,1.0
GZMM,0.946,2.863258522487603,-0.9803825463867187,4.335275995062516,0.38106,1.0
CLDN5,0.94594,2.862084601244984,0.162522650680542,4.295456136345217,0.51012,1.0
PTPN14,0.94592,2.8616935671450183,0.3300334508609772,3.5599904361792594,0.53972,1.0
MYL9,0.94584,2.8601307929508386,-0.06320849182128906,3.9488024389916845,0.4762,1.0
ALMS1,0.94568,2.85701176219168,-1.412171875,3.404323034322901,0.33458,1.0
ZNF563,0.94566,2.856622492417302,-0.5932094250488281,4.490812313410931,0.40722,1.0
SCT,0.94564,2.8562333576586547,1.5045972216796875,3.1548636827545757,0.68354,1.0
LSR,0.9456,2.855455492789937,-1.5595067431640626,3.686185232674603,0.3317,1.0
DENND5B,0.9456,2.855455492789937,0.12469486896514892,3.6437866124615153,0.53362,1.0
MYO18A,0.94558,2.8550667624808397,-0.6706771459960937,3.703238344496751,0.4274,1.0
NAPEPLD,0.94554,2.8542897056164223,-0.7255020104980469,3.7156313914933476,0.42692,1.0
NHLRC1,0.94552,2.8539013788627288,-1.4702652294921874,3.1949753090217747,0.29862,1.0
VIPR2,0.9455,2.853513186429314,-0.6466890814208984,3.7145519462861865,0.42756,1.0
CYSLTR1,0.9455,2.853513186429314,-0.22116184600353242,3.7540004776651017,0.48496,1.0
RGS13,0.94548,2.853125128217265,1.3383409375,3.1787794526278668,0.67464,1.0
CHGB,0.94548,2.853125128217265,-0.199865852394104,4.333107282213513,0.4818,1.0
TPD52L1,0.94544,2.852349414062157,0.02003209915161133,3.846717731879164,0.49408,1.0
CCR3,0.94542,2.8519617579218175,0.308813577041626,3.752731650237898,0.52822,1.0
PRIM1,0.9454,2.851574235608277,-0.6188897930908203,4.107036396608934,0.43442,1.0
PDE5A,0.94538,2.851186847023167,-0.02752413619995117,3.9967904262031233,0.48928,1.0
RGS16,0.94536,2.850799592068225,-1.4445459716796876,3.724316792180344,0.33732,1.0
TAF4B,0.94536,2.850799592068225,0.906828798828125,3.508234855743475,0.6074,1.0
PROK2,0.94536,2.850799592068225,-0.892992607421875,3.63950014059656,0.41174,1.0
CASP2,0.94522,2.8480925407969138,-0.8834477709960937,3.52967059767757,0.404,1.0
TRIM2,0.94522,2.8480925407969138,-0.3110997343444824,3.5532354757200926,0.4662,1.0
DYNLRB2,0.9452,2.847706351358784,-1.0791722436523437,4.190692468110774,0.37834,1.0
MYC,0.9452,2.847706351358784,0.26615491218566895,3.5159121827460282,0.53842,1.0
CDKN2C,0.94518,2.847320294671293,-1.82066716796875,3.494103784777028,0.29608,1.0
LCN2,0.94516,2.8469343706372534,-0.5069513297271728,3.745923236821979,0.43504,1.0
KIR3DL2,0.94514,2.84654857915958,-1.3569045654296874,3.4689256318604715,0.3321,1.0
TPCN1,0.94512,2.8461629201412944,-1.178712958984375,3.5436534624430758,0.37488,1.0
ADORA3,0.94512,2.8461629201412944,-1.0006407299804687,5.118825579857567,0.39456,1.0
TK1,0.94508,2.845391999095505,0.5306809070587158,3.379016389314846,0.56452,1.0
PLEKHG1,0.94506,2.8450067368745717,-1.0294669750976562,3.5833413414100366,0.38676,1.0
PDE9A,0.945,2.843851742261271,-0.7262192153549194,3.7368598410378984,0.43062,1.0
RRAS2,0.94494,2.8426979337000833,-0.6528983227539062,4.359169801495479,0.42652,1.0
SLC16A1,0.94492,2.8423135939651036,-0.8683559576416016,3.7520069162487344,0.40836,1.0
PGAM5,0.94492,2.8423135939651036,-0.86510701171875,3.830186701816904,0.40578,1.0
KRT23,0.9449,2.8419293856297108,-1.3279289477539062,3.4074419850662467,0.34882,1.0
GINS4,0.94486,2.8411613627749235,-1.0427328173828125,3.5668474994107755,0.3726,1.0
TNKS1BP1,0.9448,2.8400103116001025,-0.9504284716796875,3.4364167806791297,0.3842,1.0
IL18R1,0.9448,2.8400103116001025,0.8938040502929687,4.13334984731572,0.621,1.0
PRKAR2B,0.9448,2.8400103116001025,0.3009563319015503,3.542900125873345,0.52778,1.0
CCL5,0.9448,2.8400103116001025,-0.26610623653411863,3.8513078706625943,0.48312,1.0
KHK,0.94478,2.8396268896558174,-0.976518134765625,3.573615819836593,0.3969,1.0
ADHFE1,0.94476,2.8392435984432858,0.38559810516357423,4.051483307619478,0.53902,1.0
HS2ST1,0.94472,2.838477407833612,-0.8280810522460937,3.6781734031188633,0.42066,1.0
TXK,0.94472,2.838477407833612,0.09827658931732178,3.8465575713216817,0.51302,1.0
CTH,0.9446,2.8361819637087784,-0.25419313753128053,3.740340651943617,0.48258,1.0
NME1,0.94456,2.8354178557172056,0.10936854135513306,3.6546915651289034,0.52038,1.0
SKP2,0.94448,2.83389119529383,-0.45277804443359376,3.6778440700247734,0.4499,1.0
HADH,0.94446,2.833509853716131,-0.9637927392578125,3.8023345420697034,0.40642,1.0
ABCA2,0.94442,2.8327475581399364,-0.737906376953125,3.4807383992267953,0.41538,1.0
LIN37,0.94436,2.83160508232477,-1.3201675317382813,3.366290056253554,0.34482,1.0
NOL6,0.9443,2.830463765335786,-0.6937802551269531,3.333984034684851,0.42218,1.0
DCSTAMP,0.94428,2.8300835834232876,1.47409912109375,3.4872351859500577,0.66214,1.0
KLRB1,0.94428,2.8300835834232876,-0.3626207638549805,4.141173955353269,0.48642,1.0
IL2RB,0.94424,2.8293236046685446,-0.06221887683868408,3.7481335593268863,0.50672,1.0
LIPE,0.9442,2.828564138724922,-0.543333091621399,5.277795409631197,0.43802,1.0
TNFRSF4,0.9442,2.828564138724922,-0.18766199600219727,3.5249662297061755,0.49998,1.0
MAD2L1,0.94412,2.8270467423219166,-0.35860385953903195,4.070223541548266,0.4554,1.0
EOMES,0.94404,2.825531388331871,-0.9000636108398438,3.672419761232632,0.4155,1.0
WWOX,0.94404,2.825531388331871,-0.4156772863769531,3.479746428418354,0.4518,1.0
ACKR3,0.94402,2.8251528682744413,-0.9576210632324219,3.3851538844088913,0.38914,1.0
PDCD1,0.94398,2.8243962096484254,0.6341494946289062,3.346339873843421,0.5842,1.0
NR4A1,0.94398,2.8243962096484254,-0.5300736553955078,3.6678739006549343,0.44216,1.0
TPSAB1,0.94398,2.8243962096484254,-0.4165288723754883,3.784906190429639,0.46348,1.0
POLR3A,0.94394,2.8236400590668453,0.11867281143188477,3.5190396037238414,0.51538,1.0
STAG3,0.9439,2.8228844158022475,0.6264506604003907,3.700181234973013,0.57196,1.0
POLE,0.94376,2.8202436490311786,-0.33804301971435546,3.5941169707780656,0.46782,1.0
NUP210,0.9437,2.819113783881642,-0.7562551824951171,3.7371753325388384,0.41146,1.0
SLC12A2,0.94368,2.8187374137771237,-0.2764802143096924,4.811672357776999,0.4809,1.0
BCL11A,0.94364,2.8179850504481525,0.6032974743652344,3.706565196494192,0.5689,1.0
TLE1,0.94362,2.8176090570447228,-1.3853534765625,3.3483328645071557,0.34186,1.0
TNFRSF18,0.9436,2.8172331890295066,-0.999144365234375,3.7973658775173216,0.40486,1.0
MYLK,0.94354,2.8161063364211185,1.0837122216796875,3.6195308754149447,0.6134,1.0
RDH13,0.94354,2.8161063364211185,-0.54574564453125,3.8769215865619686,0.44306,1.0
CHRNE,0.9435,2.8153557266562097,-1.2191759619140625,3.3933628021040456,0.35594,1.0
MRI1,0.9435,2.8153557266562097,-0.8411147692871094,3.683259644519999,0.41214,1.0
TRH,0.9435,2.8153557266562097,-0.7500637524414062,3.5307258117699423,0.42094,1.0
ZNF442,0.94344,2.814230748193396,-1.1382652612304687,3.588664348257013,0.38196,1.0
ATP6V1G2,0.9434,2.8134813856410243,-0.6148195654296875,3.727651833396911,0.4302,1.0
MYO15A,0.9434,2.8134813856410243,-0.2613549282836914,3.4132311270205284,0.47014,1.0
SLA2,0.9434,2.8134813856410243,-0.21535285049438477,3.8824038926574143,0.49902,1.0
NR6A1,0.9434,2.8134813856410243,-0.07373916927337647,3.4526527046573006,0.49694,1.0
SLC4A5,0.94336,2.8127325207353975,-0.9507602160644532,3.2891926090397283,0.38178,1.0
FLOT2,0.94334,2.8123582746796396,-1.0603083447265624,3.4862553114933674,0.3791,1.0
PRX,0.94332,2.8119841527711866,-0.5713599792480468,3.429789409176775,0.43296,1.0
SLC2A1,0.94328,2.811236281044546,-0.950123134765625,3.5205926588300644,0.39772,1.0
NTHL1,0.94326,2.810862531050772,-1.1258521142578124,3.947119567000246,0.36806,1.0
ARHGAP24,0.94326,2.810862531050772,-1.0240009130859375,3.618621789222613,0.38052,1.0
RBL1,0.94322,2.8101154023640422,-0.9669836938476563,3.3829507155211767,0.39368,1.0
ESAM,0.94322,2.8101154023640422,-0.5289707585906982,3.744023489467044,0.42874,1.0
EFNA3,0.94322,2.8101154023640422,-0.44479633026123044,3.4996641655251928,0.44086,1.0
CD70,0.9432,2.809742023496056,-0.5608850842285156,3.5457454964245487,0.43414,1.0
AASS,0.94316,2.808995636273947,1.0378047412109375,3.6522179304235936,0.6074,1.0
PTCRA,0.94316,2.808995636273947,0.21687469299316406,3.726331376003632,0.51236,1.0
EPB41L5,0.94316,2.808995636273947,-0.21678441329956055,3.5681992715637207,0.46156,1.0
OXTR,0.94314,2.8086226277453474,-0.14136662322998048,3.9510849441196596,0.4797,1.0
NCKIPSD,0.94308,2.807504341444433,-0.6412179504394532,3.3572683291307275,0.42754,1.0
PIK3C2B,0.94308,2.807504341444433,-0.5141773190307617,4.551959421526003,0.43736,1.0
NUF2,0.94308,2.807504341444433,0.20997871780395508,3.685521634629134,0.53562,1.0
ACACB,0.94308,2.807504341444433,0.03932749568939209,4.138223925107582,0.49972,1.0
ATP2B4,0.94294,2.8048993081006137,0.3771075482177734,3.7457259777247693,0.5672,1.0
DCLRE1A,0.94282,2.802671197349682,-0.47711608825683594,4.358943850100216,0.44298,1.0
HCRT,0.9428,2.802300272676223,0.2508988249206543,3.707389086965844,0.52544,1.0
JAM2,0.94276,2.801558788659938,-0.6939386932373047,3.3493480166896816,0.41848,1.0
KIF27,0.94266,2.799707205732338,1.1406975415039062,3.353532433549651,0.62636,1.0
SCN1B,0.94264,2.799337253113721,-0.5064337202453614,3.482249167132996,0.4236,1.0
GDPD3,0.94262,2.7989674216192295,-0.7531667639160157,3.2619106719808064,0.40484,1.0
OBSCN,0.94262,2.7989674216192295,-0.5579899896240235,3.6111282299794314,0.42316,1.0
HES1,0.94254,2.7974893051887606,-0.9813046704101562,3.291124026038629,0.37956,1.0
PDGFA,0.94254,2.7974893051887606,0.6700673577880859,3.5516538854404707,0.56304,1.0
PIF1,0.94252,2.797120078045349,-0.4625202642822266,3.361200202606697,0.44362,1.0
SYDE2,0.9425,2.796750971518861,-0.11896115737915039,3.945949218530633,0.4918,1.0
SLC2A9,0.94248,2.7963819855250724,-0.7925183898925782,3.246849258819167,0.40208,1.0
RASGRP2,0.94248,2.7963819855250724,-0.6083347387695313,3.346710584474135,0.43388,1.0
MDGA1,0.94246,2.796013119979845,1.897813935546875,3.1319940172127696,0.728,1.0
CAPN12,0.94242,2.7952757498989667,-1.08280482421875,3.3697033382255777,0.38154,1.0
PTX3,0.94238,2.7945388606048756,-0.013018456897735595,4.13417845010106,0.4752,1.0
GTSE1,0.94236,2.7941705960434615,-1.4383570654296876,3.485809733649199,0.33304,1.0
HERC2,0.94234,2.7938024514276236,-1.0938394677734375,3.48771428329015,0.39436,1.0
SMAD5,0.94228,2.792698736418736,-1.2464586499023438,3.090134019093448,0.34564,1.0
ARHGEF10,0.94226,2.792331070750806,-0.09596376296997071,3.637208624920578,0.49144,1.0
SYP,0.94224,2.791963524611689,-0.6408053662109375,3.5040957796035292,0.42446,1.0
ELOVL4,0.94222,2.791596097918292,-0.24457587837219238,4.366338406172668,0.47676,1.0
FITM1,0.9422,2.7912287905876094,-0.2454367935180664,3.3717639519359994,0.47412,1.0
CXCL13,0.94214,2.7901275839430593,0.7409433984375,3.4247864653780806,0.5955,1.0
KLRC1,0.94214,2.7901275839430593,-0.41531505920410156,3.834935299735941,0.46282,1.0
PPBP,0.9421,2.7893940414756733,0.39560373661994935,3.5658095739884,0.5324,1.0
ZNF667,0.94208,2.789027448582942,-0.30250453243255615,4.9070666271060315,0.46292,1.0
FUT8,0.94198,2.787196264235211,-1.3027029809570312,3.35140294521834,0.33996,1.0
LRTOMT,0.94198,2.787196264235211,-1.0850406469726563,3.296156070530059,0.37028,1.0
IL21R,0.94194,2.786464619683797,-1.6612324462890624,3.0717415728941875,0.2895,1.0
RPA4,0.94188,2.7853680392246414,0.3136165121459961,3.4051046118562027,0.53498,1.0
VNN2,0.94186,2.7850027484430564,-1.54391349609375,3.1243438347642813,0.3099,1.0
EFCAB7,0.94186,2.7850027484430564,-0.4637790466308594,5.277698252046641,0.44868,1.0
CYP4V2,0.94186,2.7850027484430564,0.18500670578002928,3.466616103106374,0.5161,1.0
GFI1,0.94182,2.784272520448115,-0.47947761352539064,3.765301698694342,0.45394,1.0
RAB3IL1,0.94178,2.7835427633352947,-0.5654989416503906,3.634647852198654,0.43202,1.0
CREB3L4,0.94176,2.7831780611566783,-0.9855272827148438,3.455947324905965,0.38418,1.0
ACSL6,0.94176,2.7831780611566783,-0.926918916015625,3.4659475327383302,0.36946,1.0
RAB27B,0.94176,2.7831780611566783,0.06290969093322754,3.552523914043252,0.5135,1.0
PCGF2,0.94168,2.7817204264038216,-1.455468759765625,3.639136211937362,0.34106,1.0
POU3F1,0.94162,2.780628430736325,-1.1426966455078125,3.6495816703469854,0.36604,1.0
ZWINT,0.94162,2.780628430736325,-0.6934197497558594,3.348030908565663,0.42118,1.0
SLC12A4,0.94158,2.779901018319089,-1.0167865893554688,3.0402425620983555,0.34772,1.0
RTKN,0.94154,2.7791740729072743,-0.9950547119140625,4.3214151720296,0.39128,1.0
KLRD1,0.94148,2.7780845290218315,-0.1300353968334198,4.234998747263141,0.51592,1.0
MAPK13,0.94146,2.7777215805352915,-1.1783649096679687,3.5125392300710607,0.37422,1.0
DUSP16,0.94146,2.7777215805352915,-0.3203430374145508,3.636769104310517,0.46988,1.0
B3GNT7,0.94144,2.777358748319963,-0.4984004397583008,3.383897959467193,0.44572,1.0
GSTO2,0.94144,2.777358748319963,-0.3983788148498535,3.4279226272815473,0.4552,1.0
CD3E,0.94138,2.776270948504295,-1.0056951708984374,4.301527730583817,0.34176,1.0
QPRT,0.94138,2.776270948504295,-0.36445242126464844,3.310687685097967,0.45398,1.0
ARHGEF26,0.94136,2.7759085805772767,-0.013072615947723389,3.9170656474457743,0.51156,1.0
LTA,0.9413,2.774822171719124,0.8988698999023438,4.067130281090348,0.59664,1.0
KLHL11,0.94128,2.7744602668098857,-0.7798983361816406,3.260423140325671,0.40012,1.0
P2RY14,0.94124,2.7737368035820027,1.1561455859375,3.2784385278653976,0.63516,1.0
LCK,0.9412,2.773013801948627,-0.9894346118164062,4.330389643142949,0.3698,1.0
EXOSC5,0.9412,2.773013801948627,-0.5251017419433593,4.231806226879729,0.45332,1.0
CXCL2,0.94116,2.7722912612793387,-1.1748288354492187,3.663329473634201,0.34522,1.0
TRIB3,0.94114,2.7719301636095746,-1.037717861328125,3.3364283625466293,0.3808,1.0
TCTN1,0.9411,2.771208313207202,-0.5730827032470703,5.387865399115779,0.4378,1.0
MATK,0.94104,2.7701263987711044,-1.34217697265625,3.5289662412502336,0.34354,1.0
NCR3,0.94104,2.7701263987711044,-0.12607777292251587,3.901881870271049,0.51042,1.0
CXCR5,0.94098,2.7690455158595957,-0.43068588836669924,3.738305998159365,0.45772,1.0
AFMID,0.94094,2.7683254992813566,-1.576578759765625,2.993468867312367,0.3033,1.0
LRFN1,0.94094,2.7683254992813566,-0.5808563977050781,3.786781659593352,0.44952,1.0
OSBPL5,0.94094,2.7683254992813566,0.3574301919555664,3.435042767438072,0.53594,1.0
BBC3,0.94086,2.7668868361966643,-1.90158064453125,2.722530625258257,0.24024,1.0
DUSP4,0.94084,2.766527455404744,-0.8560257397460938,3.152288016279549,0.4003,1.0
NR4A2,0.9408,2.765809035254402,-1.010343828125,3.4620531127092375,0.40252,1.0
THBS1,0.94078,2.76544999574155,-1.6204768505859375,3.132911923509035,0.29686,1.0
PORCN,0.94078,2.76544999574155,-1.578706337890625,3.3010216177085194,0.3224,1.0
CYSLTR2,0.94078,2.76544999574155,1.2672082470703125,3.184186810061477,0.66112,1.0
CA1,0.94076,2.765091069834089,-0.018223751754760743,3.652368346086821,0.4994,1.0
FGFBP2,0.94074,2.7647322574549955,-1.544344521484375,4.209175561224692,0.32464,1.0
GTF3C1,0.94074,2.7647322574549955,-1.4169706787109375,3.089053498654315,0.32784,1.0
GCHFR,0.94074,2.7647322574549955,-1.3618327001953126,3.6004678864511823,0.36188,1.0
MEIS1,0.94072,2.764373558527329,0.8053974334716797,3.7102941170606316,0.5879,1.0
SLC9B1,0.94066,2.7632981416846425,0.20319244445800783,3.498038805783203,0.52344,1.0
HSPA2,0.9406,2.762223743142348,-0.46184000289916993,3.341760684995949,0.4393,1.0
SPTBN1,0.94056,2.7615080421499814,-0.9480888256835938,3.934279665309001,0.38322,1.0
NLRX1,0.94052,2.7607927922074516,-1.143498037109375,3.436251610367321,0.3632,1.0
APBB1,0.9405,2.760435336189501,-0.7886797277832032,3.3963227112362,0.41306,1.0
HSPA1L,0.9405,2.760435336189501,0.02735639587402344,3.3734063521413016,0.5008,1.0
LRRC7,0.94046,2.7597207616801573,0.8634148529052734,3.6896734308279324,0.59154,1.0
IGFBP2,0.94044,2.7593636430369664,-0.7510685241699219,3.2212982354946917,0.3995,1.0
ATP8B3,0.94044,2.7593636430369664,0.3453748036193848,3.2950388955443106,0.5403,1.0
DSP,0.94028,2.7565107305783276,0.7969801794433594,4.024248543961273,0.57422,1.0
ASNS,0.94026,2.7561546199752156,-0.13315148019790649,3.6994238967298823,0.4885,1.0
TTLL1,0.94024,2.7557986210000363,-0.39115461181640626,3.926882418737828,0.45016,1.0
KLC2,0.94006,2.7525996411257325,-1.0872682495117187,3.5285512446918244,0.39266,1.0
SLC16A7,0.94004,2.7522447543157806,-0.6806685595703125,3.488885734928485,0.42712,1.0
POT1,0.94004,2.7522447543157806,-0.10726369636535645,3.3215819848762638,0.49534,1.0
TAL1,0.94,2.751535313041948,0.49544771896362305,3.4615325582065153,0.5484,1.0
GAMT,0.93998,2.7511807584297343,-1.1772415551757813,3.96236455511634,0.3697,1.0
FAN1,0.93996,2.7508263144018867,0.33855756042480467,3.948803585244739,0.544,1.0
CD3G,0.93994,2.7504719808844236,-0.6505876416015625,4.389227404107734,0.41528,1.0
GRIP1,0.9399,2.749763645085093,0.1534053855895996,3.4946103410980753,0.52184,1.0
AUTS2,0.93984,2.748701968368671,-1.109507373046875,3.4538355703430823,0.3658,1.0
MATN1,0.93982,2.7483482963640196,-0.01100196762084961,3.1154337848277196,0.50298,1.0
SESN3,0.9398,2.7479947343539393,-1.0303095922851562,3.727344343494802,0.38928,1.0
TNRC6C,0.93978,2.747641282265037,-0.47087375732421877,3.5042679578320453,0.45574,1.0
AGL,0.93974,2.7469347075575556,-0.22079773517608642,3.5366776209482413,0.47964,1.0
MTA2,0.9397,2.746228571655879,-0.6047718588256836,3.1395523079071364,0.4221,1.0
ANAPC1,0.93968,2.745875668074508,-0.5156078479003906,3.2757723374127403,0.44612,1.0
DBP,0.93966,2.7455228739754833,-1.56124630859375,2.902624856513909,0.28808,1.0
RGS17,0.93966,2.7455228739754833,1.1053591943359375,3.439027864536649,0.62896,1.0
ZNF382,0.93966,2.7455228739754833,-0.632143967590332,4.155814660041296,0.4422,1.0
ZNF486,0.93964,2.745170189285917,-0.19916896438598633,3.6669840198384303,0.46656,1.0
ATIC,0.93958,2.744112790946219,-0.4484944348144531,3.9518196322710586,0.45648,1.0
ERBB2,0.93956,2.7437605431670953,0.07356558723449708,3.8013766239597127,0.51036,1.0
PER2,0.93954,2.743408404434095,-0.9532621606445313,3.1908717832997175,0.38376,1.0
COL1A1,0.93954,2.743408404434095,-0.834310234375,4.0855287136816365,0.40622,1.0
LILRA4,0.93948,2.742352641787668,0.42438395446777344,3.620410038259174,0.56058,1.0
ITGA10,0.93948,2.742352641787668,-0.3560769913864136,3.3132079250071524,0.4623,1.0
NFE2,0.9394,2.7409464805176262,0.36040346569061277,3.965431127811728,0.526,1.0
CAMK2D,0.93938,2.7405952115513736,0.25075633598327635,3.2810343218109956,0.53462,1.0
ARHGEF12,0.93936,2.740244050981759,-0.5628619290161133,3.3033925157217934,0.4341,1.0
TRIM62,0.93932,2.739542054745284,-1.2504334228515626,2.856354580473287,0.29738,1.0
GNG11,0.93928,2.738840491234582,0.22255299878120421,3.4353327779919653,0.5148,1.0
EPAS1,0.93924,2.738139359877174,-0.7317564318847656,3.1257254259543936,0.41058,1.0
LPIN2,0.93922,2.7377889560773663,1.3548576318359375,2.05022554413677,0.76624,1.0
NPHP1,0.93922,2.7377889560773663,0.7762274597167969,4.3998889538011765,0.58174,1.0
GP1BA,0.9392,2.737438660101711,1.133511153564453,3.9481764189379236,0.61294,1.0
SPON2,0.93916,2.7367383913379646,-0.8111436450195313,3.848330838812709,0.42026,1.0
PAXIP1,0.93912,2.7360385530168356,-0.01036796480178833,3.501826098042401,0.48982,1.0
MEF2C,0.9391,2.7356887950947173,-0.5856032751464844,3.482972354372801,0.4292,1.0
SAT1,0.93908,2.735339144570347,1.8488083349609374,1.6053566479575392,0.86684,1.0
LPAR5,0.93906,2.734989601372903,-1.801749853515625,3.2535484481437993,0.30538,1.0
ZFP69B,0.93906,2.734989601372903,-1.1323770239257813,3.951302540665861,0.3123,1.0
AGAP2,0.93906,2.734989601372903,-0.975157998046875,3.398599827148706,0.34634,1.0
KIF21A,0.93904,2.7346401654316335,-0.21802675231933594,3.8889837902992834,0.49952,1.0
NDC80,0.939,2.7339416150349507,1.3695516528320313,2.9623154525704303,0.67646,1.0
IL16,0.93898,2.7335925004383816,-1.3344756298828124,3.1350524424140613,0.25918,1.0
ALDH8A1,0.93896,2.7332434928156673,0.1449096570587158,3.847655965086552,0.51576,1.0
MDC1,0.93892,2.7325457982102543,-0.6374540185546875,3.2900069088325603,0.4326,1.0
COQ3,0.93888,2.731848530656298,-0.47183845642089844,3.4681791019989645,0.45924,1.0
HGD,0.93884,2.7311516895924797,0.5324724671936035,3.2849297678174576,0.56062,1.0
PHC1,0.9388,2.7304552744585875,-1.2053729077148438,3.2016437643766773,0.35304,1.0
ACSS1,0.9388,2.7304552744585875,-0.9887546069335937,3.6503340535172386,0.38434,1.0
ITGB3,0.93878,2.7301072264405972,-0.4709737908935547,3.774323927561909,0.43268,1.0
PNOC,0.93878,2.7301072264405972,-0.2083850749206543,3.9896254029498577,0.48484,1.0
ADAMTSL5,0.93878,2.7301072264405972,-0.013584476585388184,3.8308247155225468,0.49702,1.0
KLK1,0.93876,2.729759284695507,0.08291188507080079,3.772071162330982,0.5172,1.0
SLC26A2,0.93874,2.7294114491535955,-0.971140400390625,3.028826136978093,0.37476,1.0
SYNE2,0.93872,2.729063719745214,0.8362558129882812,3.8875464080340327,0.70168,1.0
CSF2,0.9387,2.72871609640078,-0.4677781951904297,4.141956932656276,0.44592,1.0
NCR1,0.93868,2.7283685790507803,-0.13154413442611695,3.5442313011001527,0.4793,1.0
CCL28,0.93866,2.72802116762577,-1.0868227563476562,4.155615060452529,0.34244,1.0
GRAP,0.93866,2.72802116762577,-0.9595802026367187,3.859056734693424,0.38954,1.0
MPRIP,0.93864,2.7276738620563683,-0.48321685852050783,3.6282335878002083,0.46552,1.0
OSM,0.9386,2.7269795682072204,-2.2252322607421875,2.869391965720214,0.21834,1.0
SLC6A4,0.9386,2.7269795682072204,0.1351968877315521,3.701251172110277,0.51356,1.0
LTB,0.93854,2.7259389196200168,-0.3636512158203125,4.344074338191326,0.45096,1.0
CLEC4C,0.93846,2.7245528640203087,1.321272109375,2.9707732666849953,0.67912,1.0
ALDOC,0.93838,2.7231684910706457,-0.39226757537841794,3.2889546771058944,0.4419,1.0
RNF152,0.93836,2.7228226602328967,-0.5109412185668946,3.2067614676230405,0.43368,1.0
PTPRB,0.93832,2.7221313129581763,-1.2579569458007813,3.73997251857538,0.34862,1.0
IL2RA,0.93832,2.7221313129581763,1.1730237622070312,3.1412546973478865,0.63912,1.0
LIPT2,0.9383,2.7217857963846623,-0.8334627709960938,3.6796472376762575,0.38644,1.0
TYMP,0.93824,2.720749874101656,1.109457783203125,2.204271029397249,0.72334,1.0
ABCB4,0.93824,2.720749874101656,-0.7306525842285156,3.7412823937251374,0.40942,1.0
PARP2,0.93822,2.7204047755930394,-0.7759770483398437,3.219661165229547,0.40856,1.0
CTSF,0.9382,2.720059781430713,-1.328041611328125,2.844594677105773,0.30946,1.0
ARHGEF7,0.93818,2.719714891546839,-1.360398740234375,2.9566264813772514,0.32062,1.0
EXTL2,0.93816,2.7193701058736424,-1.0378611596679688,3.523151243134853,0.3713,1.0
MIB2,0.9381,2.7183363734413555,-1.1179440649414063,3.017196678081292,0.35858,1.0
GPSM1,0.93808,2.717992003934434,0.32983489906311036,3.1709226701364113,0.5422,1.0
FCGR3B,0.93806,2.7176477383002995,1.491268251953125,2.895867350493487,0.71734,1.0
CCL22,0.93802,2.7169595183809325,-1.0722681079101561,3.1887537931292647,0.36168,1.0
GPD1L,0.93802,2.7169595183809325,-0.7825403283691407,3.6106528757502314,0.4049,1.0
FHL2,0.938,2.716615563961132,0.15566790657043458,3.2155646864686114,0.51458,1.0
GRB14,0.938,2.716615563961132,-0.07431897721767426,3.6078440868821255,0.47784,1.0
ARHGAP6,0.93798,2.7162717131449856,0.16592684776306152,3.6919337539684287,0.50892,1.0
POLH,0.9378,2.7131817069103517,-0.8033895629882812,3.3579718021663014,0.40932,1.0
LIPC,0.9378,2.7131817069103517,0.32377350399017335,3.625846778166298,0.53358,1.0
MMP11,0.93776,2.7124961728579837,-0.6567381396484375,3.65517979213145,0.42914,1.0
ADRB2,0.93772,2.7118110500155197,0.6875506567382812,3.190034016136232,0.58272,1.0
NMB,0.93768,2.711126337852431,-1.901518564453125,2.010653180322287,0.15398,1.0
KIR2DL3,0.93766,2.710784135610144,-0.9863996337890625,4.185590009928206,0.38696,1.0
CHAC2,0.93764,2.7104420358392116,-0.5157344061279296,3.6579862403836176,0.45058,1.0
IZUMO4,0.93758,2.7094163506945836,-1.2365534399414062,3.380671716424352,0.35124,1.0
EPOR,0.93758,2.7094163506945836,-1.185814189453125,3.1097631637560648,0.36042,1.0
SLC2A5,0.93756,2.709074660149421,-1.0740271923828124,4.106735412255372,0.3778,1.0
GSC,0.93756,2.709074660149421,0.14845835571289062,3.812515599278779,0.50774,1.0
MXD4,0.93754,2.7087330717461042,-1.2117581079101563,3.2856642127831623,0.35356,1.0
SELP,0.9375,2.70805020110221,0.5058345616149902,3.6373337577167386,0.54502,1.0
MVK,0.93736,2.705663361677352,-0.4821929360961914,3.3621118752119825,0.4566,1.0
GNG7,0.93734,2.70532279108864,-0.7863627001953125,3.712177447139891,0.41934,1.0
ABCA5,0.93732,2.7049823219223867,-0.9347041064453125,3.8199607674221303,0.4065,1.0
TUBA4A,0.93728,2.704301687597216,-1.5094065673828125,2.869553117750504,0.2966,1.0
FBXO32,0.93728,2.704301687597216,-0.47920099365234375,3.530652316878937,0.41572,1.0
OTUD7B,0.93728,2.704301687597216,-0.25081015899658204,3.4471542960399395,0.46656,1.0
NOS3,0.93724,2.7036214581823996,0.12743204493522645,4.318064632178822,0.51278,1.0
CEP250,0.93718,2.7026018721332505,-1.1539034350585937,2.9703517533014887,0.35572,1.0
KCNMB3,0.93718,2.7026018721332505,-0.6501122796630859,3.0845226694012178,0.41584,1.0
KCTD3,0.93712,2.7015831942205204,-0.13433358009338378,3.3352862094030695,0.4741,1.0
SIRT3,0.937,2.6995485558468904,-0.867078564453125,3.4100916807145243,0.40716,1.0
CYP1B1,0.93696,2.698871146343214,-1.1689562377929688,3.74158392388002,0.32032,1.0
SLC4A7,0.93692,2.698194137629871,-1.5686216552734376,2.863913694489103,0.29198,1.0
KDM4D,0.93692,2.698194137629871,0.22661143234252928,3.1565754648006856,0.52588,1.0
RAB33A,0.9369,2.6978557834099743,-1.04925775390625,3.800849232029286,0.35548,1.0
PVALB,0.9369,2.6978557834099743,-0.43359085174560547,3.239327082874624,0.43148,1.0
KIR3DL1,0.93688,2.6975175291962636,-0.3498435025024414,4.019085672257352,0.46106,1.0
ITPKB,0.93686,2.6971793749250623,-1.03761025390625,3.3087040042214575,0.38894,1.0
IVD,0.9368,2.6961655111306952,-0.760847568359375,3.464166295973553,0.40256,1.0
FBXO44,0.93678,2.6958277559940114,-0.47974606414794924,3.8789765235413003,0.43426,1.0
ZNF20,0.93674,2.6951525445324815,-0.4855271277618408,3.116209506669495,0.4422,1.0
HNRNPDL,0.9367,2.694477731064954,-0.9564527954101563,2.0138606966771184,0.25568,1.0
IL11RA,0.9367,2.694477731064954,-0.3883108648681641,3.2608843317956464,0.44942,1.0
ULBP2,0.93666,2.693803315086137,-0.10314286003112794,3.6272750441257,0.4778,1.0
FBXO40,0.93664,2.6934662559973512,2.27155302734375,3.7661399762260492,0.71888,1.0
HDAC4,0.93664,2.6934662559973512,-0.032668707456588744,3.2472991394181125,0.49716,1.0
GFOD1,0.9366,2.692792435306261,-0.35272099853515626,3.1356042403147533,0.46228,1.0
RPEL1,0.9366,2.692792435306261,-0.20338613498687744,3.165943736732793,0.48402,1.0
ABCC5,0.93656,2.6921190108448236,-1.3706349267578124,2.9715346373004987,0.32856,1.0
ZNF443,0.93654,2.691782447043328,-1.4220169580078126,3.221530752348285,0.30888,1.0
HIC1,0.93652,2.691445982111084,-0.49369888092041014,3.0923251404651704,0.43504,1.0
S100A9,0.93646,2.6904371799042046,-0.9788298388671876,4.109158639511041,0.3556,1.0
ARHGEF9,0.9364,2.6894292652706793,-0.6977580249023437,3.442800638823628,0.44228,1.0
NRGN,0.9364,2.6894292652706793,-0.19009784404873847,3.354106723294672,0.46354,1.0
CTTN,0.9363,2.687751375366726,-0.5078870845031739,3.166611748731973,0.41716,1.0
HSPA6,0.93628,2.687416091999856,0.02641994359970093,3.170224237044233,0.49934,1.0
PARG,0.93618,2.6857411448310486,-0.7605640600585938,3.1448107315241867,0.40562,1.0
PRSS1,0.93618,2.6857411448310486,-0.07790078781127929,4.017920295191081,0.48654,1.0
USP46,0.93614,2.6850718506556546,-1.3032474780273438,2.886093413370896,0.33338,1.0
DENND3,0.93612,2.68473735004141,-1.3988852294921874,2.799524484849363,0.31378,1.0
ACOXL,0.9361,2.6844029469942106,-2.3728255908203124,3.0548980082071866,0.21354,1.0
HYAL2,0.93608,2.6840686414526838,-0.9719386206054688,3.0167236478960975,0.37666,1.0
CDK6,0.93608,2.6840686414526838,-0.5150403887939453,3.0672543643152554,0.44186,1.0
FYN,0.93606,2.6837344333555175,-0.8958887573242188,3.467509233963922,0.39974,1.0
ADAM12,0.93604,2.6834003226414573,0.3652569020462036,3.379197339773546,0.53734,1.0
DHODH,0.93602,2.683066309249305,-0.3734704495239258,3.9374895956078277,0.4761,1.0
SYCP3,0.936,2.682732393117921,-0.9535070458984375,3.0005489694570118,0.37846,1.0
RGS5,0.93598,2.6823985741862195,0.7766031298828125,3.6080019954219424,0.57838,1.0
IRS2,0.93598,2.6823985741862195,-0.3432234898376465,3.1283261204214576,0.45632,1.0
SPTBN4,0.93598,2.6823985741862195,0.3142499769592285,3.993366227505452,0.53012,1.0
STARD10,0.93596,2.682064852393175,-1.6387230029296875,2.6683938151033115,0.23102,1.0
DVL2,0.93594,2.6817312276778202,-0.7314351611328125,2.993867692033562,0.39982,1.0
APOBEC3H,0.93592,2.6813976999792417,0.20301712295532226,3.384880598333484,0.54618,1.0
CTSW,0.93592,2.6813976999792417,0.013860279598236084,3.7053848908749627,0.53138,1.0
ABHD4,0.9359,2.6810642692365856,-0.5916136834716796,3.1692060580832497,0.42278,1.0
MT1X,0.93588,2.6807309353890556,0.35571658935546874,3.1215564034520202,0.54808,1.0
ATR,0.93588,2.6807309353890556,0.24603379653930665,3.295346539633268,0.52972,1.0
THBS4,0.93586,2.6803976983759066,-0.5961408850097656,3.6471449651449657,0.42194,1.0
TAF1C,0.93586,2.6803976983759066,-0.438895068359375,3.0696241922212266,0.45086,1.0
NEURL2,0.93584,2.680064558136457,-0.13429149806022644,3.278398423504416,0.48176,1.0
EEF2K,0.93582,2.679731514610078,-1.488280732421875,3.0808822410758916,0.32896,1.0
NT5M,0.93582,2.679731514610078,0.35248745447158814,3.908965043541275,0.52754,1.0
GALNT3,0.93578,2.6790657174543075,0.13893651098251342,3.1077310926709063,0.52804,1.0
ACTA2,0.93574,2.6784003064247095,1.8861721826171876,2.3353493376304786,0.79052,1.0
SEMA4F,0.93574,2.6784003064247095,0.5978759497070313,3.5320139125503762,0.56386,1.0
TRIM32,0.93572,2.6780677455562545,-0.4551610398483276,4.043734262680869,0.46046,1.0
FAM169A,0.93572,2.6780677455562545,0.4425468453979492,3.2381306010765414,0.58368,1.0
HIP1R,0.93564,2.676738464985327,-0.8041404467773438,3.775891644654178,0.43512,1.0
PIK3CB,0.93564,2.676738464985327,-0.4945975860595703,3.111544441881161,0.44374,1.0
SYTL1,0.93552,2.6747474262289876,-1.2653698095703125,3.5125941083518306,0.33416,1.0
CDC14B,0.93552,2.6747474262289876,0.46223014892578124,3.0587324223624974,0.56376,1.0
PRKAB1,0.9355,2.6744159219124173,0.07206469128608703,3.1240946720791913,0.5148,1.0
ARHGEF28,0.93544,2.6734219828703707,-1.2093164404296874,3.5003747451210807,0.34306,1.0
ABLIM3,0.93544,2.6734219828703707,0.74376046875,3.2477933154393126,0.58634,1.0
DUSP2,0.93544,2.6734219828703707,-0.7337736169433594,2.973401315100328,0.40604,1.0
ATP1B1,0.93538,2.6724289034395694,-0.1756449391937256,3.1478773769534976,0.49024,1.0
NR1D1,0.93534,2.6717673272553566,-0.3816458622741699,3.0052525713890095,0.4483,1.0
FES,0.93534,2.6717673272553566,-0.2455429662322998,3.0940021644984905,0.46044,1.0
NFATC2,0.93532,2.671436682016287,0.0024799917221069337,3.611507506129339,0.53468,1.0
LTBP1,0.93526,2.6704453170012488,0.30309442972183226,3.6510996867959653,0.52966,1.0
STK11,0.93522,2.6697848819858323,-0.8063543579101563,2.9542881130566885,0.38952,1.0
CCR7,0.93522,2.6697848819858323,0.6398049780273437,4.245163679790973,0.56626,1.0
GLI1,0.93518,2.669124826415949,-2.769933935546875,3.4930477291354465,0.20722,1.0
FLT3LG,0.93516,2.668794940775994,-0.18917480861663818,3.314396880406352,0.47904,1.0
NSMCE1,0.9351,2.6678058517313574,-1.30869072265625,3.0106049210866184,0.28496,1.0
SMAD3,0.9351,2.6678058517313574,-0.98194169921875,2.86196971263746,0.36474,1.0
TNNT3,0.93508,2.667476344479447,0.5910077386474609,3.0358663864109805,0.5785,1.0
B3GAT1,0.93504,2.666817613268857,-0.9022024340820313,4.12287616091594,0.39796,1.0
MUC12,0.93504,2.666817613268857,-0.007479061279296875,3.556607769949813,0.49844,1.0
HSD17B6,0.93494,2.6651724350614323,0.4117415564727783,4.2213309679144295,0.54058,1.0
BCL2,0.93494,2.6651724350614323,-0.03994359559059143,2.9890268354823775,0.495,1.0
CABIN1,0.93492,2.6648436817799297,-0.7120197216796875,3.221455541609131,0.4197,1.0
TNNC2,0.93486,2.6638579856092313,0.84608541015625,3.017790845651125,0.60564,1.0
PAQR3,0.93482,2.66320132397721,-0.1405149691772461,3.4259625524259043,0.481,1.0
PEX12,0.93478,2.662545037123864,-0.26443073371887205,3.406721323520226,0.46322,1.0
PDK1,0.93476,2.6622170340947933,-0.6890280346679688,3.0047637172243418,0.4122,1.0
DTX4,0.93472,2.6615613085435244,0.22157868779182435,3.7059253855469696,0.52824,1.0
CHL1,0.9347,2.661233585906152,-0.33457477813720704,3.469351039012475,0.46274,1.0
ANO9,0.93468,2.6609059566175923,-0.007195687417984009,3.5877516325367456,0.4957,1.0
CRHR1,0.93466,2.6605784206203924,-0.022730030632019043,4.0054203297010496,0.49774,1.0
MCM7,0.93464,2.660250977857146,-1.3743279931640624,2.9890168006207563,0.31214,1.0
ALKBH2,0.93464,2.660250977857146,-0.4382073193359375,3.871269066989585,0.452,1.0
CLU,0.9346,2.6595963718031723,0.17568556266784668,3.214252764340428,0.51002,1.0
ACTR5,0.93458,2.659269208397904,-0.8730251245117188,3.3945443912488162,0.40226,1.0
TRAF3IP1,0.93452,2.6582882759828226,-0.7217636791992188,3.5536654717543135,0.42832,1.0
PTPN22,0.93446,2.657308179070537,-1.2720107299804688,3.639560707051684,0.36068,1.0
BTLA,0.93444,2.656981665501267,0.14358443269729615,3.79440929132085,0.51276,1.0
NME3,0.93438,2.6560026802023464,-1.22099978515625,1.9312433740885409,0.22606,1.0
TNFRSF9,0.93434,2.655350485610048,-0.8518685888671875,2.858125971236691,0.37148,1.0
CLEC4E,0.93434,2.655350485610048,-0.14851823852539062,4.320214520680693,0.47578,1.0
RAB37,0.93432,2.655024526826138,-0.3910465754699707,3.113800938844792,0.44402,1.0
ORC5,0.93428,2.6543728860002087,-0.8063842199707031,3.5494398872525985,0.41766,1.0
PIK3CD,0.93428,2.6543728860002087,-0.48858236755371093,2.9461356582802853,0.43568,1.0
WRN,0.93418,2.6527453956317157,-0.38652692779541015,3.252413710139216,0.46904,1.0
NCAM1,0.93418,2.6527453956317157,0.08032419229507447,3.472798703730486,0.51928,1.0
MOGS,0.93416,2.652420173398645,-1.1155358276367187,2.833443282101101,0.34476,1.0
ZFP30,0.93414,2.6520950429814194,-0.12898715188980103,3.916986541290046,0.4775,1.0
CBX8,0.9341,2.651445057370342,-0.7228912719726562,3.134626118729035,0.4117,1.0
RAB30,0.9341,2.651445057370342,-0.36380948348999026,3.4810652783627525,0.45988,1.0
SAP30,0.93408,2.651120202064534,-0.05141310537815094,3.145312135683297,0.50146,1.0
TBC1D10C,0.93406,2.650795438350662,-1.2622998706054687,3.5095201124202036,0.31518,1.0
SLC25A4,0.93404,2.650470766172876,-0.5072144494628906,4.46017000472023,0.43972,1.0
TCTN2,0.93398,2.6494972982982974,-0.9684335107421875,3.0028251626004736,0.35496,1.0
PGM2L1,0.9339,2.6482006192580307,-0.24009271237373353,3.1603804194614016,0.45802,1.0
ANKRD26,0.93384,2.647229066628972,-0.4588459826660156,3.120856833613168,0.44032,1.0
EHMT2,0.93382,2.6469053976765085,-0.7925097216796875,3.986947015587953,0.42348,1.0
SARS2,0.93382,2.6469053976765085,-0.30577273803710936,5.011874172420263,0.46124,1.0
RAPGEF3,0.9338,2.6465818195938735,0.5687235821533203,3.428629248863924,0.56878,1.0
BCL2L11,0.9338,2.6465818195938735,-0.5585478088378907,3.106846341387419,0.43946,1.0
NUP35,0.9338,2.6465818195938735,-0.19166967708587646,3.097334772965831,0.49588,1.0
GZMH,0.93378,2.6462583323258744,-0.5082910711669922,4.118693653761397,0.4701,1.0
JAM3,0.93376,2.6459349358173623,-0.4569675604248047,3.321001952578755,0.45098,1.0
DHCR7,0.93374,2.645611630013245,-0.7324121606445313,4.406791997381997,0.41906,1.0
SLC25A12,0.93374,2.645611630013245,-0.1676980657196045,3.231195323425822,0.48242,1.0
RFC5,0.93372,2.6452884148584768,-0.6304579675292968,3.0181560714269446,0.42296,1.0
NEB,0.93372,2.6452884148584768,-0.13967700872421265,3.484805256679899,0.48408,1.0
GRAP2,0.93368,2.644642256277058,-0.0748136572265625,3.7980032257266303,0.49664,1.0
BEGAIN,0.93364,2.643996459633743,-0.2741770009613037,3.057367360208594,0.46902,1.0
NT5E,0.9336,2.643351024489958,-0.4797291064453125,3.141129795261441,0.43572,1.0
NCK2,0.93358,2.643028442343553,-0.3395720556640625,3.053643980754728,0.46708,1.0
TNF,0.93352,2.6420612369506595,0.03694130239486694,2.9968774616031384,0.50204,1.0
IRF8,0.9335,2.6417390153199687,1.2540916943359375,2.881953479523068,0.72444,1.0
RMI2,0.93346,2.641094841982218,0.31637960571289064,2.9695666902599536,0.53836,1.0
PDP2,0.93346,2.641094841982218,-0.24125223537445067,3.486785054341152,0.48026,1.0
CTSL,0.93332,2.6388430637962657,0.6123238842773437,2.893535968023122,0.57458,1.0
MGST2,0.93324,2.6375583037012174,-1.3423813061523437,2.8782424730345824,0.32444,1.0
ZNF540,0.93324,2.6375583037012174,-1.0205950512695312,4.3617749799478585,0.3607,1.0
SERPINH1,0.93322,2.6372373370352036,0.2294635888671875,2.966897111984664,0.53478,1.0
GTF2H2,0.93322,2.6372373370352036,-0.050650689697265626,3.005628410890465,0.50548,1.0
HSD17B8,0.9332,2.6369164596046755,-0.6583474279785156,3.1480182990175063,0.4089,1.0
PANK1,0.9332,2.6369164596046755,0.3787277815246582,3.7914030933071348,0.53578,1.0
SUV39H1,0.93316,2.636274972235245,-0.8561792797851563,3.316049797517608,0.4001,1.0
VASH1,0.93314,2.635954362189045,-1.4615100927734375,2.4849476004226685,0.2811,1.0
ZNF70,0.93312,2.635633841163737,0.2592171484375,3.648694086967066,0.5324,1.0
FOXK2,0.9331,2.635313409105794,-1.0299227001953124,2.6919732345781036,0.35238,1.0
SRGAP3,0.9331,2.635313409105794,-0.9478129370117188,3.7790269513372383,0.39416,1.0
ZNF658,0.93306,2.634672811678121,-0.9403545068359375,2.9135279005450747,0.3776,1.0
TMOD1,0.933,2.6337125814563787,0.1788523564147949,2.9777865328774196,0.51756,1.0
SLC7A5,0.93288,2.6317945130531273,0.070610553855896,3.0315062632135388,0.52352,1.0
SOX4,0.9327,2.6289233690821354,-1.19329974609375,2.824928624159837,0.34356,1.0
MTOR,0.9327,2.6289233690821354,-0.77366361328125,2.9519607401083183,0.39988,1.0
PDK2,0.93268,2.6286047930581864,-1.5219016845703126,2.8067563415693115,0.29542,1.0
ABHD14B,0.93264,2.6279679043631687,-1.1107308129882814,3.3316834483697413,0.35776,1.0
ZNF248,0.93264,2.6279679043631687,-1.0725572314453125,3.460429046866785,0.36,1.0
FCER2,0.93262,2.6276495915872666,-0.8404870703125,3.5104416010863235,0.39498,1.0
STAT5B,0.9326,2.6273313664559588,-0.5442604516601562,2.9080072298809596,0.42906,1.0
BEST4,0.93258,2.6270132289169466,-0.643298314819336,4.114392988153064,0.43392,1.0
ZNF682,0.93254,2.626377216406843,-0.7125477014160156,3.337596275496297,0.3869,1.0
ITGB3BP,0.93254,2.626377216406843,-0.1519867660522461,3.0403834891714285,0.4842,1.0
GADD45A,0.93252,2.6260593413313837,-0.8667715502929687,3.028546702046664,0.39492,1.0
FAS,0.9325,2.6257415536394864,1.8314102099609375,1.8929285043388022,0.8372,1.0
TADA1,0.9325,2.6257415536394864,-1.1711686938476562,3.446943186078235,0.33238,1.0
PREX1,0.93248,2.6254238532790835,-1.30602525390625,2.4810528867366197,0.29866,1.0
SLC41A1,0.93246,2.625106240198153,-0.7295727380371094,3.224976402952514,0.38994,1.0
CDK4,0.93244,2.624788714344723,-0.5212823095703125,3.1488175217022407,0.44666,1.0
SMOX,0.93236,2.623519482168089,-1.1778931274414062,3.1694221376421767,0.31254,1.0
ARHGEF19,0.93236,2.623519482168089,0.4811551934814453,3.1275705103120113,0.56198,1.0
MCM6,0.93224,2.621618241921208,-1.189580361328125,3.894140125103673,0.36438,1.0
EXOSC6,0.93222,2.62130167215306,-1.17487251953125,2.818456264552289,0.34066,1.0
DPH2,0.9322,2.6209851889922913,-0.6182969287109376,3.164908106408324,0.43814,1.0
UBOX5,0.93216,2.620352482287422,-0.17505243354797365,2.981147440747888,0.47158,1.0
TBL1XR1,0.93214,2.6200362586406993,-0.2707740478515625,3.021604300338246,0.4663,1.0
IFT88,0.9321,2.6194040705024615,-1.41417201171875,2.673306290939666,0.3042,1.0
LZTFL1,0.9321,2.6194040705024615,-0.8426704418945312,3.420009160685067,0.416,1.0
DEPDC1B,0.93208,2.619088105908594,0.06719926254272461,3.8079588171176058,0.50712,1.0
ATP6V0A4,0.93206,2.6187722275634027,-1.0955252905273438,4.044980246823212,0.36274,1.0
CLUAP1,0.93204,2.618456435415825,0.1665059672164917,3.8570240335903794,0.54512,1.0
PLEK,0.932,2.6178251095094853,0.6861153771972657,2.8637487631138234,0.60754,1.0
TBCD,0.93198,2.617509575648822,-1.3931327978515624,2.913134056473848,0.32446,1.0
LIN52,0.93184,2.6153032436071513,0.06754526414871216,2.999713482507093,0.51516,1.0
OMG,0.93178,2.6143589583284053,-0.29403097702026365,3.263056406603709,0.47322,1.0
RPPH1,0.93174,2.613729862330592,0.43025409370422363,3.09215022539547,0.5442,1.0
UBL4A,0.9317,2.6131011078796345,-1.2719798193359375,2.7876676160617886,0.3134,1.0
ZNF77,0.93168,2.612786858608495,-0.8891662744140625,3.1782815682487318,0.34514,1.0
ATP8A1,0.93166,2.6124726945732806,-0.8869700537109375,3.8204148865103664,0.39634,1.0
RGS1,0.9316,2.611530713381681,0.43535572509765624,2.5880446101919192,0.63382,1.0
ZNF696,0.93158,2.6112168897888854,-1.2490448046875,3.646879129938798,0.33432,1.0
ZNF500,0.93158,2.6112168897888854,-1.2378946899414063,2.9631262487957493,0.3006,1.0
PIK3R1,0.93156,2.6109031511815974,-0.40697059020996096,3.206660935110954,0.46288,1.0
GAS8,0.93154,2.610589497509862,-0.3815969271850586,3.0450912881441945,0.45402,1.0
RAB39B,0.93148,2.6096490456091153,-0.7261436145019531,4.698682418161823,0.40296,1.0
ZNF570,0.93144,2.6090225014392368,-0.6636967156982422,3.5944032272682436,0.41594,1.0
HLA-DMA,0.93142,2.608709356334281,-1.1446201538085938,2.939547055414353,0.33294,1.0
ADAT2,0.9314,2.6083962958164375,-0.2602497978210449,4.250452425799412,0.47014,1.0
RGS3,0.93138,2.608083319836103,-0.7408861975097656,3.0733153009762146,0.42232,1.0
MTA1,0.93132,2.6071448986247736,-1.0711120190429688,2.926008269678026,0.36432,1.0
TNFSF4,0.9313,2.6068322602993086,0.05416766460418701,3.4035457735810355,0.51304,1.0
OTUD3,0.93128,2.6065197062639855,-1.0363003588867188,2.7131616315338656,0.35462,1.0
HFE,0.93126,2.60620723646946,1.2832295825195312,2.651291118012694,0.6853,1.0
ZNF776,0.93126,2.60620723646946,0.7058893188476563,3.6494144912453823,0.57022,1.0
EGR2,0.93124,2.6058948508664312,-0.8540544995117187,2.796827917506731,0.37526,1.0
THRA,0.93124,2.6058948508664312,-0.06251674114227294,3.1268842720553236,0.48554,1.0
TM7SF2,0.93122,2.6055825494056424,-1.341420830078125,3.1326871453087226,0.30492,1.0
PHLDA1,0.93104,2.6027756145529217,-1.4975257373046875,2.381445842934246,0.2605,1.0
LDLR,0.93098,2.601841477099341,0.7909879467773437,2.8188192310106484,0.61516,1.0
HMOX1,0.93092,2.600908091197986,-0.23699820587158202,3.509192138883414,0.46086,1.0
STARD13,0.9309,2.6005971293488193,-0.5957185180664063,2.9446682043910335,0.42138,1.0
RGS2,0.93084,2.599664743475691,-1.0753640185546876,2.7885781724189953,0.3689,1.0
SOCS2,0.93084,2.599664743475691,0.2906504215478897,2.936703550345231,0.55298,1.0
EMILIN1,0.93084,2.599664743475691,-0.1566290219116211,3.3129905600616354,0.4658,1.0
ID3,0.9308,2.5990435688045124,-1.5262910595703125,2.559427471209525,0.26758,1.0
HLA-DRB5,0.9308,2.5990435688045124,-0.6387758361816406,3.39164501959196,0.41488,1.0
UBE3D,0.93076,2.5984227264107385,-1.0570214501953126,4.083881591935789,0.36814,1.0
MAN1A1,0.93066,2.5968720716078377,0.931734228515625,2.8046025264408936,0.63254,1.0
PLEKHA8,0.9306,2.595942671897789,-1.0819854638671875,2.799237416195723,0.35124,1.0
TNFRSF10C,0.93054,2.595014015483489,0.4987283676147461,2.8765838293112687,0.56872,1.0
ZNF771,0.93046,2.593776960937541,-1.0898019921875,3.4817193490625655,0.37468,1.0
ZNF665,0.93042,2.5931589273803173,-0.2527358625793457,3.12608845634465,0.44976,1.0
TNFSF14,0.9304,2.5928500338640807,-1.3497920141601563,2.42213165876996,0.27758,1.0
FEN1,0.9304,2.5928500338640807,-0.5159100476074219,3.0807745364847308,0.44172,1.0
IDE,0.93038,2.59254122245942,-1.43427990234375,2.740709724605162,0.3057,1.0
SLC2A8,0.93034,2.5919238457950433,-1.113858271484375,2.6542318335152717,0.33426,1.0
CUL4B,0.93034,2.5919238457950433,0.30562834564208985,2.8968538372144064,0.54482,1.0
FANCA,0.93026,2.590690075719889,1.228833115234375,2.3657230732438617,0.72286,1.0
GALE,0.93022,2.5900736815527576,-0.9622188940429688,2.7220695924889533,0.35728,1.0
RPS6KA5,0.93018,2.589457614129436,0.8711355541992187,2.7025817977544673,0.64552,1.0
HOXB4,0.93012,2.5885341248155638,-0.0935709952402115,3.629186168039228,0.51918,1.0
PLTP,0.92998,2.586382165013194,-0.7255655010986328,2.794043342489382,0.40142,1.0
TRIM4,0.92994,2.5857680501676734,-0.8617555932617188,2.7373138622186977,0.38114,1.0
PLK2,0.92994,2.5857680501676734,-0.3312085189056396,2.8902077602610303,0.44894,1.0
FGL2,0.92988,2.584847485510826,0.6392226416015625,2.9918316336048925,0.60418,1.0
SUMF1,0.9298,2.5836211982247184,-1.3879615844726563,2.5920806607331692,0.29824,1.0
CTC1,0.9298,2.5836211982247184,-0.6179141918945312,2.8711475991022004,0.41962,1.0
AK1,0.92976,2.583008538999935,-1.5537272216796876,2.383505690545235,0.2598,1.0
ARHGAP11A,0.92976,2.583008538999935,0.23716659357070924,2.749432621700169,0.53456,1.0
ZNF154,0.9297,2.5820901546451926,-0.30582045455932616,4.561470399876352,0.4755,1.0
CHTF18,0.92954,2.579644667211664,-0.5934299621582031,3.0641454988014867,0.42262,1.0
SPRED3,0.9295,2.5790340973432757,-0.27028343711853026,3.1313409680439857,0.472,1.0
NUP88,0.92948,2.5787289324557423,-0.9226842822265625,3.1318745703982227,0.38766,1.0
PPP2R5A,0.92948,2.5787289324557423,-0.6465720593261719,3.1257005405146723,0.43476,1.0
RAB33B,0.92936,2.576899620909514,-0.42677331218719483,2.9162490605182407,0.43768,1.0
GRHL1,0.92932,2.576290488455592,0.30847259353637696,2.9215505419542533,0.53586,1.0
BCKDHB,0.92928,2.5756816744269337,-0.4292564923095703,4.202716410965363,0.43022,1.0
NUAK1,0.92926,2.575377386708817,-1.3187242358398437,3.544715606865891,0.35334,1.0
ZNF324B,0.92922,2.5747690496388214,-0.5252683288574219,3.4125407648498256,0.4385,1.0
TIRAP,0.9292,2.5744650001965805,-0.7935449755859375,2.750449413676075,0.39128,1.0
LRRC1,0.9292,2.5744650001965805,-0.08438377546310424,3.31765295008212,0.50184,1.0
TNFRSF25,0.92916,2.5738571392719996,-0.31511789779663085,3.792603004062742,0.45518,1.0
PCYOX1L,0.92912,2.573249595326913,-0.41868520202636716,3.044432297507064,0.4507,1.0
POLR1E,0.92906,2.5723388729586922,-0.8462367041015625,3.413262197847731,0.39708,1.0
PAOX,0.929,2.571428861772524,-0.7580512561035156,2.779789253364341,0.38566,1.0
CDK8,0.929,2.571428861772524,-0.33803874588012695,3.0439589124972257,0.46606,1.0
ERCC8,0.92898,2.571125682541859,-0.6799117810058594,2.83586584092155,0.41404,1.0
SESN1,0.92898,2.571125682541859,0.0496655886554718,3.079641163592117,0.49454,1.0
SYNGR1,0.9289,2.569913753584279,-1.3503634130859374,2.316260089246542,0.27126,1.0
DCP1B,0.92888,2.569610968113102,-0.8858337084960938,3.1236024262787603,0.39532,1.0
PMAIP1,0.92886,2.56930826126012,1.0476718920898438,2.557027363669802,0.66214,1.0
GATA3,0.92882,2.5687030832308677,-0.36189008239746095,3.830328220818662,0.47112,1.0
SYT11,0.92874,2.567493668636151,-0.974084794921875,2.9622120745824407,0.38692,1.0
GPSM2,0.9287,2.566889431361712,-1.13585220703125,2.8064569519515596,0.34194,1.0
TEX2,0.9287,2.566889431361712,-0.9606969555664062,2.720977965020654,0.35948,1.0
FLRT2,0.92868,2.5665874300754274,-2.1822907568359375,2.8709942851634054,0.21126,1.0
COMMD3,0.92852,2.564174230388019,-1.064859462890625,1.925675355373353,0.22456,1.0
RUVBL1,0.9285,2.5638729310927983,-0.766952021484375,3.5246982011572325,0.41174,1.0
HLA-DQA1,0.92838,2.5620667671593496,-0.8406826489257813,3.46682700472206,0.39102,1.0
DYNC2LI1,0.92836,2.561766011402382,-0.7171190026855468,3.5143103964433458,0.39866,1.0
ST6GAL1,0.9283,2.5608642088003126,-0.018338973875045777,2.9200055233262763,0.50086,1.0
ZNF799,0.92828,2.5605637626776256,-0.90311689453125,3.6216180764956056,0.38768,1.0
SUN1,0.9282,2.5593627507528973,-0.773540927734375,3.1247193466965704,0.39122,1.0
PTPN4,0.92818,2.5590626906966265,0.059323060836791994,3.803362229792931,0.5378,1.0
GRIN2C,0.9281,2.5578632208743466,-0.2409590874481201,3.9999315872338577,0.47462,1.0
ADAL,0.92798,2.5560663226090923,-0.5731941986083985,3.0786303665947257,0.42296,1.0
PARD6G,0.92796,2.5557671081011892,-2.634586923828125,3.3740076062053204,0.2178,1.0
ERCC5,0.92794,2.555467970203604,-1.1144523974609375,2.7914108171115406,0.35124,1.0
ABHD17A,0.92792,2.555168908873538,-0.9744460009765625,2.6177124792446715,0.36452,1.0
TMEM67,0.92792,2.555168908873538,-0.9432165844726562,3.431988202434667,0.37794,1.0
ZNF519,0.92792,2.555168908873538,-0.47035533660888673,3.3259934368093003,0.43394,1.0
NIPA1,0.92792,2.555168908873538,0.2136823998260498,2.8707838358198585,0.52984,1.0
CEBPD,0.9279,2.5548699240682295,0.5096143884277343,2.7109944827062407,0.57662,1.0
DARS2,0.92786,2.554272183861016,-0.5054936608886719,2.858807827391974,0.44376,1.0
ZNF584,0.92782,2.5536747492405727,-1.0189716772460937,3.8628692838074112,0.3662,1.0
SH2D1B,0.92782,2.5536747492405727,-0.5436219982910157,3.4380037309787905,0.42978,1.0
TSEN54,0.92778,2.553077619866083,-1.3028713818359374,3.485740454186946,0.3131,1.0
LYPD2,0.92774,2.5524807953972903,1.4074143896484375,2.950071981621468,0.75464,1.0
TOP3A,0.92774,2.5524807953972903,-0.5692077069091797,2.751687218295839,0.41868,1.0
INPP5E,0.92768,2.551586129649369,-0.25666619375228883,2.9779496151374376,0.4413,1.0
PRPS2,0.92762,2.550692148031025,0.9393089013671875,2.955161764343429,0.67096,1.0
QTRT1,0.92762,2.550692148031025,-0.22478787132263184,3.8482830819121454,0.47492,1.0
PLOD2,0.9276,2.5503943059897054,-1.6032311083984374,3.0232769778732673,0.27766,1.0
SOS2,0.92748,2.548608845020129,-0.5743169262695312,2.7335457974568613,0.42222,1.0
CD200,0.9274,2.54742005012661,-0.09241885922193527,3.1848914701030417,0.49492,1.0
ABCG1,0.92734,2.546529246068992,-0.8335325903320312,2.735617414698988,0.38332,1.0
PLCD1,0.92732,2.5462324620387227,-0.5406953094482422,3.6987430387519042,0.45798,1.0
PLAGL1,0.92732,2.5462324620387227,-0.3908895440673828,2.6820229824521067,0.4386,1.0
GNG2,0.92732,2.5462324620387227,-0.06416117946386338,3.146167488626012,0.48932,1.0
PIGB,0.9273,2.545935753266707,0.15639970449447632,2.7190012440685902,0.5225,1.0
NUP107,0.92726,2.545342561330757,-0.39468288269042967,3.168402852076843,0.44984,1.0
KAT6B,0.92714,2.543564787393557,-1.46789884765625,2.2486003294937618,0.22592,1.0
PTPN7,0.92708,2.542676911923897,-0.9100657373046875,2.930240644827072,0.39138,1.0
ZNF692,0.92706,2.5423811030098475,-1.2526991650390624,3.132302579628593,0.31102,1.0
STMN1,0.92704,2.5420853688149094,-1.0545625024414063,3.897426464429062,0.34036,1.0
SUN2,0.92702,2.5417897092978476,-1.43428361328125,2.3959936020139185,0.28024,1.0
AKR7A2,0.92698,2.54119861413259,-1.3957378955078126,2.634866858830285,0.27806,1.0
AKR1C3,0.92698,2.54119861413259,-0.5847234014892578,2.9188196573595175,0.42344,1.0
NMRAL1,0.92678,2.538247605004458,-1.06186435546875,2.797975256484131,0.35862,1.0
METAP1,0.92676,2.5379529125628633,-1.0105547045898438,2.8394553920437513,0.37136,1.0
CDC23,0.92676,2.5379529125628633,-0.4362784077453613,2.823213393595837,0.44058,1.0
NDUFAF6,0.92674,2.53765829422541,-1.113900859375,2.9659609386413264,0.35334,1.0
PRKCI,0.92672,2.5373637499513673,-0.37215134948730466,2.8199875252571647,0.46752,1.0
CYFIP2,0.9267,2.5370692797000394,-1.0416978393554688,3.238072431620338,0.34204,1.0
BCL9L,0.92664,2.5361863126758815,-0.9119538916015625,2.860219438489207,0.38122,1.0
RPL39L,0.92662,2.535892138109114,0.46307912414550784,2.799011755390084,0.5547,1.0
OPHN1,0.9266,2.5355980373620777,0.5860178527832032,2.9962995553579277,0.58852,1.0
ZNF331,0.92658,2.5353040103942757,-1.1524050903320313,3.054345496833458,0.37768,1.0
ALS2CL,0.92658,2.5353040103942757,-0.6219818615722656,3.6069838954017523,0.44644,1.0
IGFBP7,0.92656,2.535010057165245,0.6646969763183593,2.995100184830756,0.59742,1.0
ZNF551,0.92652,2.5344223717618,-0.6135139135742188,4.05465196445402,0.4241,1.0
DLG1,0.92652,2.5344223717618,-0.3676446157073975,2.702767124976523,0.44976,1.0
ITK,0.9265,2.534128639506623,-0.08326577379226685,4.0687689820957855,0.50386,1.0
AGO2,0.92648,2.5338349808286904,-0.6197063098144531,2.7742478336841416,0.41558,1.0
AHI1,0.92642,2.532954445855524,-1.263964677734375,2.9211278477353293,0.31596,1.0
BDH2,0.9264,2.5326610810839,-0.5923512377929687,2.922620187620201,0.40458,1.0
KDM4B,0.92636,2.5320745716287423,-0.6288428857421875,2.739449659612572,0.41708,1.0
HENMT1,0.9263,2.531195357064691,-1.309870478515625,3.128864946422384,0.32408,1.0
NUDT18,0.9263,2.531195357064691,-0.6786681298828126,2.855433926625709,0.41054,1.0
FOS,0.92628,2.53090243194814,-1.3210083618164064,2.424731016372978,0.30294,1.0
CENPL,0.92626,2.5306095799673414,-0.5072002001953125,3.27334136611343,0.45548,1.0
GNB5,0.9262,2.529731462440225,-0.47673679412841796,3.427842319393376,0.46938,1.0
CERS4,0.92618,2.5294389026033617,-1.2054934936523438,2.5708285362005605,0.3181,1.0
GNLY,0.92618,2.5294389026033617,0.12569889379501342,4.185853937553986,0.56506,1.0
KDM5B,0.92614,2.5288540016989898,-0.82228552734375,2.5913349388736417,0.37218,1.0
DOLK,0.92612,2.528561660551959,-1.205459560546875,2.6499779483596435,0.33144,1.0
SHMT2,0.92604,2.5273930237385875,-0.9009354370117187,2.814065992234191,0.36974,1.0
SOX13,0.92602,2.52710104628077,-0.2706696672439575,3.677047909624179,0.46226,1.0
COQ10A,0.926,2.52680914144201,-1.133727666015625,3.900349315437755,0.3562,1.0
ADAMTS17,0.92598,2.5265173091827857,0.7847942810058594,4.306932235391044,0.56598,1.0
MME,0.92592,2.525642247487604,2.3684492041015623,3.283420444125786,0.76866,1.0
MSH6,0.92588,2.5250592351987295,-0.31089327140808104,2.787241934306328,0.4564,1.0
ARSD,0.92582,2.5241852592403844,0.4670218118286133,2.616723601112672,0.57266,1.0
MRPS24,0.92582,2.5241852592403844,0.2257323942565918,3.1042626948070433,0.55478,1.0
RAD18,0.92576,2.5233119333098255,-0.27585910202026365,2.574708990301394,0.45618,1.0
DYRK2,0.92574,2.5230209689340555,-0.37347019073486326,3.0518528562950435,0.46864,1.0
TRAT1,0.92574,2.5230209689340555,-0.02871931686401367,4.294633256776865,0.51672,1.0
CCNF,0.9257,2.5224392563494518,-1.2772849584960937,2.707010850398393,0.3264,1.0
TFDP2,0.92562,2.521276694754979,-0.6382222692871093,2.7410407201494222,0.42772,1.0
ABCA7,0.9255,2.5195350066280384,-1.0774343774414064,2.5435778631489145,0.34474,1.0
RINL,0.92548,2.5192449761060933,-1.094737041015625,3.132361764721766,0.28922,1.0
HSPA1A,0.92544,2.5186651297129554,1.6456554052734376,2.6426828752769067,0.71438,1.0
SLC39A10,0.9254,2.518085569263184,-0.3048696208548546,2.8367369160156652,0.46746,1.0
BBS10,0.92538,2.5177958961705658,-0.8077362255859375,2.7124650635770746,0.38118,1.0
GBA2,0.92528,2.5163486004893207,-1.0079835595703126,2.514459796739095,0.34094,1.0
PACS1,0.92522,2.5154810775223613,-1.1216597607421874,2.7171945094574164,0.33502,1.0
KBTBD8,0.92522,2.5154810775223613,-0.45339536682128906,2.639663028317012,0.43382,1.0
MTMR1,0.92518,2.5149030842559474,1.0040213745117188,2.84932858138191,0.64328,1.0
ZNF714,0.92516,2.514614194121409,-0.8426991662597656,3.025450933259387,0.37766,1.0
MNAT1,0.92516,2.514614194121409,-0.7484193859863282,2.9099518870902052,0.40592,1.0
ALG8,0.92514,2.5143253749350327,-0.46623826782226563,3.2595656827433457,0.45314,1.0
ZNF736,0.92512,2.5140366266586454,-1.0037193041992187,2.426749715045123,0.3397,1.0
ALOX5AP,0.92506,2.5131708069081142,-0.5621359802246094,3.2562805623401707,0.47198,1.0
CD320,0.92496,2.5117291886361968,-0.30573482025146487,4.4483638724322905,0.44498,1.0
PADI4,0.92496,2.5117291886361968,0.20685762994766235,2.879038104856149,0.52148,1.0
TRIB1,0.92494,2.511441076836869,-0.4236006381225586,2.8496718799891525,0.44104,1.0
MCEE,0.92486,2.5102893345604795,-0.7304605688476562,3.161699542648504,0.4109,1.0
GTF3C2,0.92484,2.5100015750326374,-1.0019844604492187,2.776385097808081,0.3682,1.0
SETD2,0.92484,2.5100015750326374,-0.7579663134765625,2.849984926162505,0.40266,1.0
LMO7,0.92484,2.5100015750326374,-0.6135044287109375,2.9877840691852326,0.43066,1.0
PDE4C,0.9248,2.5094262669623184,-0.21046101406097412,3.229289508835175,0.46988,1.0
SOCS5,0.92476,2.5088512399547076,-0.6982968090820313,2.6333215094049196,0.4065,1.0
CENPJ,0.92474,2.508563831755362,0.971061181640625,2.4559019365878014,0.66384,1.0
PHC2,0.92474,2.508563831755362,-0.3479507667541504,2.6528796430735317,0.4462,1.0
GRPEL2,0.92474,2.508563831755362,-0.02051640495300293,3.1102374204396046,0.5181,1.0
PLA2G12A,0.92466,2.507414900111447,-0.1949761554336548,3.0542931430201343,0.48558,1.0
NMT2,0.9246,2.5065539365402145,-0.8421303784179688,3.111374806023554,0.36958,1.0
HLA-DOB,0.92456,2.5059803103419847,0.5118536047363281,3.550624965429456,0.58692,1.0
LAT,0.92446,2.5045474659762292,-0.7017851013183594,3.321932039680384,0.37946,1.0
APOM,0.92442,2.503974815900396,-0.35268445739746096,2.6224891678001283,0.4552,1.0
NCOR2,0.9244,2.5036885952147383,-1.1462318579101562,2.447390568405068,0.32118,1.0
MOCS3,0.9244,2.5036885952147383,-0.8187712573242187,2.7147482429704173,0.38206,1.0
BICD1,0.92438,2.503402444047824,-0.5425282135009766,3.189744634428897,0.41916,1.0
CLASP2,0.92438,2.503402444047824,-0.2615332010269165,2.6987884930229553,0.46586,1.0
ZNF2,0.92428,2.501972729699183,-0.4679832922363281,3.7977865466364285,0.4249,1.0
PHC3,0.92428,2.501972729699183,-0.026251879291534424,2.519809965972615,0.49222,1.0
NABP2,0.92422,2.5011157329491525,-0.9307635131835937,3.2152501156152122,0.37842,1.0
ZNF599,0.9242,2.50083020578784,-0.6436063220214844,3.312625458105923,0.44272,1.0
ACSF2,0.92412,2.4996887882723464,-0.89607888671875,2.5749756392710563,0.36652,1.0
CRYM,0.92408,2.4991184936787527,-0.023003177509307863,3.6889134783428403,0.4828,1.0
NKIRAS1,0.92402,2.4982635686695986,-0.4849508721923828,2.7108669218473445,0.4443,1.0
NELFA,0.92394,2.4971246319682625,-0.5723502233886719,2.652529259364906,0.40884,1.0
BHLHE41,0.92392,2.4968400695696964,-0.4711354761123657,3.4790278247429804,0.44602,1.0
INPP5D,0.92392,2.4968400695696964,0.14287430305480958,2.709407568996007,0.51676,1.0
EIF2B3,0.92384,2.4957025059914604,-0.34859449981689455,3.3401896699060982,0.46736,1.0
PLAUR,0.92374,2.4942820923346147,-0.9164870825195313,3.0308044037556825,0.37146,1.0
ORC4,0.92374,2.4942820923346147,0.19811855627059938,2.609014401462026,0.5303,1.0
LAT2,0.92372,2.4939982146834754,-0.5422151501464844,2.8637092008794514,0.42424,1.0
TTLL5,0.92368,2.4934306641725916,-0.8765541430664062,3.2303484510998377,0.38924,1.0
MAP3K5,0.92368,2.4934306641725916,0.6999805419921875,2.5297249176147734,0.6175,1.0
ZNF10,0.92368,2.4934306641725916,-0.3222442953491211,2.9885621380820324,0.45576,1.0
ZNF510,0.92362,2.4925798498443594,0.05261006565093994,3.1377645918897747,0.5496,1.0
KIF3B,0.92356,2.491729648378731,-1.1740277856445311,2.4238200594123316,0.31666,1.0
DNAJC24,0.92354,2.4914463839143477,-0.3549868643188477,2.664201042949804,0.45006,1.0
FOXK1,0.9235,2.4908800588068045,-0.6809328454589844,2.5684348443787477,0.39838,1.0
SPTAN1,0.92346,2.4903140052223605,-0.46681210174560545,2.589101971776624,0.42596,1.0
HLTF,0.92338,2.4891827114798373,-0.780541845703125,4.098152400653416,0.39332,1.0
CRLS1,0.92338,2.4891827114798373,-0.5465793566894531,2.9237858542794637,0.4457,1.0
GSPT2,0.9233,2.488052500405372,-0.6778914575195313,3.185599544965523,0.4303,1.0
C4BPB,0.9233,2.488052500405372,-0.6159741296386719,3.8178360829127906,0.43688,1.0
POLR3D,0.92324,2.4872055512320497,0.04356127115249634,2.9482927550638234,0.52164,1.0
PDE4D,0.92322,2.486923369724691,-0.726604853515625,3.6308102407086817,0.42242,1.0
RRM2,0.92318,2.4863592088232505,0.23786943176269532,3.9193265734923,0.5097,1.0
TNFRSF17,0.92312,2.485513472224376,0.5175599786376953,4.0469721403105865,0.56528,1.0
DCUN1D2,0.9231,2.485231694484508,-0.8607482592773438,2.6701117669890757,0.3689,1.0
TNFRSF10B,0.9231,2.485231694484508,-0.6880420532226562,2.664114110238552,0.4042,1.0
IARS2,0.9229,2.482417605702248,-0.921364873046875,2.7828554378376924,0.36426,1.0
ZKSCAN8,0.92282,2.481293843123883,-0.4715286358642578,2.9775945296598043,0.41254,1.0
ST6GALNAC6,0.9228,2.4810130692688674,-1.1050369189453124,3.0091611310222905,0.352,1.0
GNG3,0.92276,2.480451721462571,0.7910852111816407,3.703999507655502,0.5901,1.0
EIF4EBP1,0.92274,2.480171147441752,-1.009821552734375,2.7259212967376985,0.3719,1.0
ZNF529,0.92274,2.480171147441752,-0.04248105209350586,3.6506351503317926,0.51844,1.0
ZNF432,0.92262,2.4784890994832893,-0.9602056079101563,2.431491250705344,0.31104,1.0
CTPS1,0.92252,2.4770892173576766,0.1500443676376343,3.370796602379803,0.52858,1.0
ANGPT2,0.92248,2.4765297278803495,-0.6679613720703125,3.2113106121347785,0.4156,1.0
ZIK1,0.92248,2.4765297278803495,-0.3140881360626221,3.804215652236635,0.4446,1.0
TBL1X,0.92246,2.476250082298203,-0.9729850830078125,2.560661769956993,0.35114,1.0
CD72,0.92244,2.47597050277459,0.3753105792236328,2.96773082775339,0.5749,1.0
ORC1,0.92242,2.475690989275181,-0.7124042193603516,3.7660930665678016,0.42176,1.0
S1PR4,0.92232,2.474294410941629,-1.0141344409179687,3.3293224500443026,0.32248,1.0
ALG14,0.92232,2.474294410941629,-0.6717345861816406,2.748162523414942,0.41842,1.0
PRMT6,0.92232,2.474294410941629,-0.4468671270751953,3.47932476573071,0.45198,1.0
LETM1,0.9223,2.4740152928680716,-0.9465931640625,3.0138077255774207,0.40646,1.0
NTNG1,0.9222,2.4726206885882593,-0.4557579232788086,3.6413863780751266,0.42962,1.0
TRMU,0.92216,2.4720633064150075,-0.8212914477539063,2.7908227719733554,0.36698,1.0
RPA1,0.92212,2.471506186427397,-0.31131546714782715,2.7393766548721046,0.47072,1.0
ALG10B,0.9221,2.4712277246683936,0.07009858416557312,2.517394982336251,0.50998,1.0
MPST,0.92206,2.4706709974505934,-0.8124029638671875,2.442223843796072,0.36324,1.0
RNF125,0.92204,2.4703927319241163,-0.7340874462890625,3.823846286906458,0.40364,1.0
LPIN1,0.92202,2.470114531740844,-0.4454795556640625,2.7160487688375734,0.45182,1.0
ZNF544,0.92198,2.4695583272688397,-0.7951912451171875,3.7487022630673774,0.38446,1.0
PPAT,0.92192,2.468724509791326,-0.6179753088378906,3.806552306612798,0.42704,1.0
DAAM1,0.92184,2.467613664971232,-0.6666329833984375,3.079498569898645,0.40116,1.0
NELFCD,0.9218,2.467058632735142,-1.0881078662109376,2.9042056959889875,0.35484,1.0
FUZ,0.9217,2.4656721880028605,-0.8027690783691406,2.6574277187257342,0.3708,1.0
CDC16,0.92168,2.465395093507544,-0.8469612817382812,2.50059397735418,0.36496,1.0
SENP3,0.92164,2.4648410987011915,-1.1070241772460938,2.5245919940888686,0.33016,1.0
ALOX12,0.92162,2.4645641983235587,0.6647427072143555,3.566934770449669,0.56216,1.0
TAF4,0.92162,2.4645641983235587,-0.4326986251831055,2.5551353134574204,0.43446,1.0
SLC44A2,0.9216,2.464287362585264,0.2949773274803162,2.7479259005982715,0.52642,1.0
EPS15L1,0.92154,2.4634572428741857,-0.9216038037109375,2.4595262110601266,0.35696,1.0
CDC34,0.92154,2.4634572428741857,-0.5817226098632813,2.4335701887900423,0.40478,1.0
HLA-DPB1,0.92152,2.4631806653611434,-0.767484091796875,2.6617129934430808,0.38832,1.0
KIF3A,0.9215,2.462904152321515,-0.30973073272705076,3.4250959438776114,0.4756,1.0
HHEX,0.92148,2.4626277037221915,-1.0811075903320313,2.808855387014027,0.32466,1.0
MLYCD,0.92148,2.4626277037221915,-0.7921840881347656,2.7096290890440318,0.3914,1.0
ZNF202,0.92148,2.4626277037221915,-0.2647097055053711,2.7833392402829302,0.48458,1.0
PIAS2,0.92146,2.46235131953009,-0.9883059545898437,2.406170528777991,0.34886,1.0
CD19,0.92144,2.4620749997121525,-0.8807111267089843,4.027437521478886,0.39846,1.0
S1PR1,0.9214,2.4615225530666556,-1.071997314453125,3.8790033554049406,0.34978,1.0
ZNF138,0.9214,2.4615225530666556,-0.711790810546875,3.977417269899655,0.38568,1.0
CD52,0.92132,2.4604184308138466,-0.6901570690917969,2.4365013213073827,0.37298,1.0
CD207,0.92128,2.4598667546798128,-0.8789645715332032,3.1449744808367606,0.39456,1.0
CCND2,0.92128,2.4598667546798128,0.6163102783203125,3.099446913900404,0.60524,1.0
PROS1,0.92128,2.4598667546798128,0.19520292388916016,3.444301418839185,0.52308,1.0
RORA,0.9212,2.458764171082697,-0.30989438873291014,4.2185370500722,0.47186,1.0
PRC1,0.92114,2.457937904939886,0.22617696617126465,2.582680304294806,0.53268,1.0
SNAPC1,0.92112,2.45766261063312,-0.6500275939941407,2.7661341067593663,0.41702,1.0
ZNF133,0.92112,2.45766261063312,-0.3935495092773437,3.416378844441518,0.45452,1.0
COL15A1,0.92108,2.4571122134350043,-0.5340336395263672,3.31532584441812,0.43716,1.0
CRAT,0.92096,2.455462550819336,-0.5838734387207031,2.551915271644067,0.41132,1.0
GBP3,0.92094,2.455187829684832,1.388857333984375,1.2454290461374402,0.91078,1.0
RPRD2,0.92094,2.455187829684832,-1.1019751416015624,2.637527533584667,0.2971,1.0
SLC15A4,0.9209,2.454638577953714,0.2609200539398193,2.7413451097241097,0.5407,1.0
BCL2A1,0.92086,2.454089580057327,0.1964380182647705,2.6192272602654603,0.5295,1.0
ERBB3,0.9208,2.453266558587292,-2.55669943359375,3.5996374652541605,0.22668,1.0
NICN1,0.9208,2.453266558587292,-0.3717460682916641,2.633727251578965,0.45236,1.0
TEX10,0.92078,2.4529923447347484,-0.9236185717773437,2.5019206730391113,0.3508,1.0
CSNK1E,0.92072,2.452170082638503,-0.6076934307861328,2.5927524593129077,0.41928,1.0
CKAP5,0.9207,2.451896121652997,-0.6674004467773438,2.673034635610368,0.4158,1.0
BBS5,0.92068,2.4516222238038985,-0.5477800678062439,3.2799268232788648,0.43774,1.0
FAM135A,0.92064,2.451074617386566,1.4187711279296875,2.9584481009881887,0.71716,1.0
PCGF6,0.92062,2.4508009087542195,-1.2002726684570313,2.7828540483050017,0.28864,1.0
SLC39A3,0.92056,2.4499801607782867,-1.0184745532226562,2.584543554521603,0.34456,1.0
DGKQ,0.92056,2.4499801607782867,0.07010696937561035,2.701190151674113,0.50164,1.0
PLAC8,0.92048,2.448886710766664,1.3712584814453126,1.969955543923021,0.77694,1.0
RNF144A,0.92048,2.448886710766664,0.8028820092773438,2.7893495074105137,0.60704,1.0
CRKL,0.92048,2.448886710766664,-0.5016614263916016,2.58939128735925,0.42602,1.0
MOCS2,0.92046,2.448613505305192,-0.5619412719726562,3.0152177599082712,0.412,1.0
ARHGAP12,0.92042,2.448067282609089,-0.804745380859375,2.5018773086020825,0.36382,1.0
GALNT11,0.92038,2.4475213106702,-1.3155439306640626,2.256410379187582,0.2809,1.0
CHD3,0.92026,2.4458848968592135,-0.9063932568359375,2.614308262187838,0.36812,1.0
TUBGCP4,0.92026,2.4458848968592135,-0.10623833204269409,2.8824864176704783,0.48548,1.0
AGPAT5,0.92024,2.4456123799341714,-0.15499179074287414,2.7304080914001787,0.48288,1.0
MUTYH,0.92022,2.4453399254134833,-0.4505986700439453,2.6465871003919137,0.43844,1.0
ZWILCH,0.92018,2.444795203459021,-0.39078420288085935,3.0810537608245774,0.45456,1.0
COG5,0.9201,2.443706507016087,-0.6565334313964843,2.4941646205172603,0.40184,1.0
RHNO1,0.92008,2.4434344884440278,-0.8437232446289062,2.9417253142933184,0.39502,1.0
SATB2,0.92006,2.443162532024651,-0.8864233276367187,3.2058232313200685,0.40028,1.0
WASL,0.92,2.442347035369205,0.1750220068359375,2.5244837986144555,0.52906,1.0
DUS2,0.91996,2.4418036811214767,-1.1312873510742187,2.7269454429509086,0.34138,1.0
SATB1,0.91992,2.4412605747334437,-0.016494378385543823,2.7619934111888145,0.51826,1.0
PIGN,0.9199,2.4409891144087985,-0.17058066534042357,2.8457761172074427,0.51634,1.0
CEP78,0.91986,2.4404463793424194,-0.9545263110351563,3.14925753744698,0.3509,1.0
KLHL42,0.91986,2.4404463793424194,-0.9152704321289062,2.9847511538037916,0.3788,1.0
HLA-DRB1,0.91986,2.4404463793424194,-0.644000283203125,3.4649903728108384,0.4199,1.0
NDUFAF5,0.91982,2.439903891512428,-0.9208351220703125,2.375264841778018,0.3541,1.0
RAD51C,0.9198,2.4396327402333537,-0.6195105541992187,3.255332709299585,0.41964,1.0
HLA-DQB1,0.91976,2.439090622791805,-0.940369814453125,2.9584374311349557,0.35688,1.0
PDE3B,0.9197,2.4382779089559357,-1.132886630859375,2.4259663608475375,0.32156,1.0
ZNF18,0.9196,2.4369246167041054,-0.9405465307617188,3.2845071686113876,0.36942,1.0
KLHDC3,0.91948,2.4353026920846252,-1.3810632666015625,2.201540315655455,0.2372,1.0
LEMD3,0.91944,2.4347625406501967,-0.32905158935546874,2.5728724699944108,0.44994,1.0
SMAD7,0.91938,2.43395277212912,-1.0917389672851563,2.2883318526682577,0.3138,1.0
ACP5,0.91936,2.4336829714678654,-0.52731669921875,2.521137649543117,0.42328,1.0
BASP1,0.91936,2.4336829714678654,0.04348492819309235,3.2348290862532507,0.5154,1.0
APP,0.91934,2.43341323184524,-0.042521392488479616,2.420893385249202,0.48938,1.0
ZNF461,0.91926,2.432334883130922,-0.8155447021484376,3.5561484776437013,0.40624,1.0
COQ6,0.91924,2.432065448244068,-0.7515726196289062,2.827543017425711,0.39274,1.0
CENPT,0.91922,2.4317960742130555,-1.0464415502929687,2.230608219979295,0.31422,1.0
MCPH1,0.91922,2.4317960742130555,-0.7869432080078125,2.4303184584011563,0.3801,1.0
RHOBTB3,0.9192,2.4315267610074964,-0.49758207763671874,2.529130645520013,0.41912,1.0
UCKL1,0.91912,2.430450115832894,-1.1735865649414063,2.282287838488833,0.28656,1.0
SMARCA2,0.91908,2.429912157409958,-0.16937514461517333,2.742934882095789,0.50096,1.0
PIGL,0.91904,2.429374441440594,-0.47083771423339843,3.156912809610121,0.42574,1.0
MOCS1,0.91898,2.4285683215586933,0.35452126663208006,3.373939923739838,0.529,1.0
FUCA1,0.9189,2.4274943413854726,-1.2703937353515624,2.1017228032151394,0.2487,1.0
BBS4,0.91888,2.427225997273114,-0.4573930828857422,2.721039267031675,0.45206,1.0
ZNF441,0.91884,2.426689489955418,-1.0250542944335939,3.2128460997456365,0.34734,1.0
ORMDL3,0.91884,2.426689489955418,-0.06809117046356201,3.469075795331503,0.49968,1.0
ZNF19,0.91878,2.42588518079702,-0.8844300756835938,2.4173037592871554,0.3596,1.0
HSD17B12,0.91878,2.42588518079702,-0.21250182634353637,2.583933839532644,0.47674,1.0
TSC22D3,0.91872,2.425081413102527,-0.9824383081054687,2.5698968756033023,0.33212,1.0
BYSL,0.9187,2.424813610723655,0.10813045207977295,3.1142172334646188,0.54052,1.0
SH2B1,0.91856,2.4229406736171146,-0.9356031420898437,2.2819408634453286,0.33714,1.0
PTPRN2,0.91856,2.4229406736171146,-0.21962428939819337,2.759992349475373,0.47042,1.0
ARSG,0.91852,2.4224060876920643,0.9259746899414063,2.2081640189364142,0.6739,1.0
MCM5,0.91852,2.4224060876920643,-0.7137376538085938,2.5486506285443586,0.39162,1.0
HSPA1B,0.9185,2.422138884408363,1.0709199829101563,2.381090127418786,0.67424,1.0
CRCP,0.91848,2.4218717408710866,-0.7965520727539063,2.3702829741241245,0.3786,1.0
COPZ2,0.91846,2.4216046570506706,-0.7525254541015625,3.4942496136945107,0.3957,1.0
FCHO1,0.91844,2.4213376329175684,-0.7440812353515625,2.8296444795809053,0.40296,1.0
RFC1,0.91844,2.4213376329175684,-0.06505534673690797,2.7539079493089798,0.51248,1.0
PIP4K2C,0.91844,2.4213376329175684,0.008380535278320313,2.4442091402570174,0.50588,1.0
CCDC88C,0.9184,2.4208037635952406,-0.4698617724609375,2.8277486097487725,0.42422,1.0
ASCC1,0.91834,2.4200034065292564,-0.7869975366210937,2.693079363736535,0.38452,1.0
FBXW4,0.91832,2.4197367399008316,0.14627877439498901,2.4520424603160422,0.52032,1.0
ANKH,0.91828,2.419203585057949,-1.1954601953125,2.3251964927758575,0.28082,1.0
IMPA2,0.91826,2.418937096784771,-0.9169609643554687,2.2300013601813764,0.33896,1.0
FAHD1,0.9182,2.4181379882064205,-0.5049920166015625,2.36526980422159,0.4234,1.0
TYSND1,0.91818,2.4178717373297474,-0.6899657348632813,3.10337914674707,0.39642,1.0
HLA-DPA1,0.91812,2.4170733402386726,-0.27810322937011717,2.736373694537656,0.46854,1.0
IL27RA,0.91808,2.4165413715018023,-0.8578757446289063,2.4323454287790622,0.38388,1.0
APOBEC3C,0.91798,2.4152124839268736,0.07266938869476318,2.5780092322086396,0.51104,1.0
PEX3,0.91794,2.4146813419933024,-0.46280109619140625,2.8970465444173112,0.43532,1.0
NFATC3,0.91792,2.414415859431101,-0.5821921533203125,2.6793975338251896,0.41318,1.0
C1QC,0.91784,2.4133545178705846,0.9902538586425781,3.617790588295014,0.60328,1.0
MMRN1,0.91782,2.4130893295079647,0.48506843627929686,3.6930823078342105,0.5359,1.0
IL7R,0.91782,2.4130893295079647,-0.04509078853607178,3.2333369264838754,0.48586,1.0
ZNF549,0.9177,2.4114994321419427,-0.76115181640625,2.873643178860715,0.41174,1.0
FABP5,0.9177,2.4114994321419427,-0.20394987213134766,2.5142871668666067,0.47104,1.0
VPS37B,0.9177,2.4114994321419427,-0.08679400487422943,2.5231720843264225,0.5133,1.0
GZMB,0.91768,2.4112346544472185,-0.09955843322753906,4.3959303082081815,0.53342,1.0
GNGT2,0.91758,2.409911643677415,-0.6430619165039062,2.4443912011375293,0.39194,1.0
SNRNP25,0.91752,2.4091185383475624,-1.5300138037109374,2.1667293510649843,0.22568,1.0
ZNF530,0.91736,2.4070061549186654,-0.3627146569824219,3.1560258632471827,0.45676,1.0
PTGER4,0.91736,2.4070061549186654,0.1645546060180664,2.5435446754506277,0.5377,1.0
GIPR,0.91734,2.4067423687169915,-0.5318447770690918,3.655406211435923,0.42606,1.0
SLC1A7,0.91732,2.406478640582204,-0.1571299471282959,3.9113251211262097,0.48242,1.0
PINK1,0.91728,2.405951358399953,-1.3046356298828126,2.0640641545692753,0.25132,1.0
ABCE1,0.91726,2.405687804295873,-0.6010822814941407,2.975847524540076,0.43974,1.0
ZAP70,0.91726,2.405687804295873,-0.5581964709472657,3.726350864092379,0.42012,1.0
RBFOX2,0.91726,2.405687804295873,-0.32930530517578127,3.4610478352004304,0.44686,1.0
ZEB1,0.91724,2.4054243081454456,-0.42240951538085936,3.1503405703396905,0.43964,1.0
RGS18,0.91706,2.4030554460501845,-0.4970777551269531,2.6403299565729847,0.40522,1.0
ZNF337,0.91704,2.402792527885482,-0.7849272387695313,2.8861500956064097,0.38834,1.0
DDIT4,0.917,2.4022668644598673,-0.5000042864990234,2.5649143181744596,0.44116,1.0
ZNF420,0.91698,2.4020041191429073,-0.526427099609375,3.5545813936097823,0.44188,1.0
RASA3,0.91694,2.401478801160718,-0.2689776034545898,2.5004814251326835,0.47034,1.0
FUT11,0.91688,2.400691255397472,-0.19076996932983398,2.4861234536149635,0.47408,1.0
PRMT1,0.91684,2.4001665120363533,-0.9965467504882812,2.7089823756516482,0.35862,1.0
ZNF792,0.91678,2.3993798271590037,-0.41149056091308595,3.9431297069037603,0.44466,1.0
ZNF282,0.91676,2.3991177134657726,0.18931324630737303,2.574933969618942,0.51882,1.0
IL36G,0.91674,2.3988556570258486,1.69353400390625,3.5546258537890827,0.68758,1.0
NT5C3B,0.91672,2.398593657811479,-1.1875977172851562,2.2318023654924817,0.28642,1.0
ZNF445,0.91666,2.397808003244481,-0.6149893823242187,3.086854653750072,0.39802,1.0
ITPR2,0.9165,2.3957154354229497,-0.48103128662109373,2.461813712053403,0.42102,1.0
ARHGEF1,0.91648,2.3954541207578424,-0.843644736328125,2.6158101495623396,0.3482,1.0
ARHGEF18,0.91642,2.3946705178521923,-0.349731351852417,2.418771970404141,0.44248,1.0
GPI,0.9164,2.3944094304886843,-1.2351165185546875,2.38527001101282,0.28886,1.0
PSTK,0.91638,2.39414839988199,-0.5424899816894532,3.1391056167149864,0.42264,1.0
SPINT2,0.91638,2.39414839988199,-0.29898537200927733,2.3408983346035073,0.45596,1.0
RPS6KB1,0.91624,2.39232277252718,-0.3089618085098267,2.5336199983807433,0.46892,1.0
MAP3K1,0.91618,2.39154120942254,-0.8833959497070313,2.219150112327062,0.34182,1.0
ALDH6A1,0.91616,2.3912808013370177,-0.5410487927246094,3.1504720431256397,0.39858,1.0
MTO1,0.91614,2.391020449680858,-0.8374873168945313,2.5771305305289736,0.35426,1.0
CPSF4,0.9161,2.390499915548003,-0.6115602111816406,2.613626724491175,0.415,1.0
TTC5,0.91606,2.389979606806917,-1.0646404467773438,2.8827260685457503,0.31212,1.0
ANAPC10,0.91606,2.389979606806917,-0.2507729769897461,2.563162338934163,0.47272,1.0
METTL22,0.91602,2.389459523240858,-0.4136210205078125,2.2936342773574596,0.42676,1.0
PLEKHA1,0.91598,2.3889396646333925,-0.9468525537109375,3.044416169291507,0.34902,1.0
TAF3,0.91598,2.3889396646333925,-0.5598232080078125,2.524638987804908,0.42476,1.0
KIFAP3,0.91598,2.3889396646333925,-0.12623343254089356,2.887048622627474,0.50086,1.0
ALG12,0.91592,2.3881602980468606,-0.6506923266601562,2.2852020911919566,0.38204,1.0
HGSNAT,0.91588,2.387641000890998,-0.802319619140625,2.559711750249829,0.38724,1.0
CEP76,0.9158,2.3866030789747135,-0.40312041442871094,2.6548250931503614,0.42924,1.0
GSR,0.91578,2.3863437384213046,-1.0912402392578124,2.136871854430163,0.29488,1.0
ITCH,0.91564,2.3845299187132305,-0.4154127133178711,2.398841344721475,0.43288,1.0
SOCS3,0.9156,2.3840121864765,0.2324085612487793,2.2581805951920724,0.54252,1.0
HPS4,0.91554,2.383236005625902,-0.96198884765625,2.6138746226478613,0.33352,1.0
ALG1,0.91554,2.383236005625902,-0.3441585025024414,3.2624355901446966,0.46044,1.0
SC5D,0.9155,2.382718829751437,-0.5855227978515625,2.9757246698927937,0.42818,1.0
GSTT1,0.91548,2.3824603251422816,-1.2244040185546874,1.9718451747277554,0.257,1.0
TRMT10A,0.91546,2.3822018760498,-0.4637724658203125,2.4971766757574336,0.43726,1.0
INSIG1,0.91544,2.3819434824474777,-1.4787067822265625,1.5177090028828122,0.14884,1.0
TBC1D1,0.9154,2.381426861607364,1.241332353515625,1.6096502051803783,0.81328,1.0
SNCA,0.9154,2.381426861607364,-0.6115500231933594,2.44220374410612,0.3962,1.0
AGPAT4,0.9153,2.380136278732725,-0.8444327514648438,2.5694545696090376,0.35618,1.0
ZNF256,0.91526,2.379620432718753,-0.6042527160644531,2.888498133568504,0.39896,1.0
COL6A3,0.91518,2.3785894031934522,0.2364263094329834,3.778090956036249,0.50286,1.0
CD244,0.91514,2.3780742192616806,-0.8041472631835938,2.863290323384853,0.37146,1.0
HAS1,0.91512,2.377816709911691,-2.1902214013671877,2.5646944753821366,0.16448,1.0
SESN2,0.91512,2.377816709911691,-0.8880290209960937,2.3206740174718035,0.34288,1.0
ZNF595,0.91508,2.377301856312527,-0.5460782739257812,2.460022116102819,0.37568,1.0
WARS2,0.91504,2.376787222673377,-0.28801957778930665,2.6741662025872794,0.47018,1.0
C3AR1,0.91502,2.3765299882734716,0.3869928686523437,2.6113355763418227,0.58636,1.0
EEFSEC,0.915,2.376272808785205,-0.5880053515625,3.022904281063388,0.4153,1.0
PIGA,0.915,2.376272808785205,-0.4930779797363281,2.4016396995644747,0.43244,1.0
ADARB1,0.91498,2.376015684182492,-0.8745636376953125,2.611189325503063,0.31152,1.0
ID2,0.91498,2.376015684182492,-0.8144027465820313,2.4225795310636125,0.37228,1.0
PAFAH2,0.91498,2.376015684182492,-0.7953684497070312,2.522408022572009,0.37864,1.0
IL32,0.91498,2.376015684182492,0.181530990524292,4.038340418466077,0.53058,1.0
KLHL22,0.91496,2.3757586144392686,-0.9167233666992187,2.4843659015954453,0.37072,1.0
SAE1,0.91494,2.375501599529488,-0.7901083813476563,2.4345403537434818,0.37588,1.0
UHRF2,0.91494,2.375501599529488,-0.3013462872314453,2.4961838109996672,0.44816,1.0
SLC25A20,0.91492,2.375244639427122,-0.7679608374023438,2.2396602830488135,0.3727,1.0
CLCN6,0.91486,2.374474087704504,-0.6375439224243165,2.362483224334316,0.39514,1.0
ZNF439,0.91486,2.374474087704504,-0.4524943518066406,3.4730846444508936,0.44834,1.0
LGALS1,0.91482,2.373960660116803,-0.5649015344238282,2.598785538657789,0.39608,1.0
SPN,0.91482,2.373960660116803,0.20829977895736695,2.3974923444987395,0.52128,1.0
CBR3,0.9148,2.3737040283133553,0.4090454248046875,2.651568168934914,0.54592,1.0
PIK3CG,0.9148,2.3737040283133553,-0.21009551025390624,2.440337733896151,0.46416,1.0
EZH2,0.91474,2.3729344605538776,-0.25629801418304443,2.3982517598673994,0.4552,1.0
INPP4A,0.91464,2.3716529382402167,-0.8928275830078125,2.519590070202726,0.37848,1.0
GALT,0.91464,2.3716529382402167,-0.6306977270507812,3.4122509390200153,0.42576,1.0
NUP54,0.91464,2.3716529382402167,-0.3750843743896484,2.603890327392597,0.44712,1.0
LIPT1,0.9146,2.37114071042943,-0.9903763793945313,2.5985960336087985,0.31138,1.0
KRBA1,0.91454,2.3703727764069833,-0.7218567419433594,2.7987776475942883,0.42186,1.0
DROSHA,0.9145,2.3698610918882057,-0.008607159490585327,2.394967501820067,0.49518,1.0
DEF6,0.9144,2.3685828293329045,-0.8278002319335938,3.4871346048830962,0.36702,1.0
TYW3,0.91434,2.3678165213426,-0.29633243225097655,2.7519834643459835,0.46902,1.0
PNO1,0.91434,2.3678165213426,-0.20940023254394532,2.9667437068776334,0.4968,1.0
VCPKMT,0.91428,2.367050699667542,-0.27196024436950683,2.923388222542676,0.4751,1.0
SLC39A4,0.91424,2.3665404217199173,-0.5760202880859375,2.4489797386923997,0.4143,1.0
LMNA,0.91418,2.3657754090439855,-0.24939524627685547,2.245250864542369,0.45982,1.0
GATA1,0.91416,2.365520512516015,-0.1466878025817871,3.2384647803992292,0.44996,1.0
TMED3,0.91414,2.36526566979449,-0.7669966040039062,2.955355830428288,0.4058,1.0
TMPO,0.91414,2.36526566979449,-0.03027883668899536,3.4207536502646256,0.5316,1.0
KBTBD7,0.91406,2.3642468364669513,-0.7360948913574219,3.9009180077393326,0.39252,1.0
RXRB,0.91402,2.3637377419846857,-0.5327064562988282,2.3991404147850632,0.41672,1.0
TNKS,0.91402,2.3637377419846857,-0.34617128967285155,2.359066529653463,0.44496,1.0
COG3,0.91402,2.3637377419846857,-0.22183775606155395,2.358256324659827,0.46416,1.0
GEMIN7,0.91386,2.361703507229503,-1.0992023706054688,2.2418428933829344,0.31378,1.0
FCGR3A,0.91382,2.3611954833292406,-0.79525349609375,3.396387770082087,0.38946,1.0
KHDRBS2,0.91374,2.3601800758719573,-0.5309217120361328,3.1671459122431704,0.43258,1.0
MAP1LC3A,0.91372,2.359926357266713,-1.210243583984375,1.959367837567363,0.25262,1.0
MAFA,0.9137,2.359672691915192,-2.496534443359375,3.0805585798269277,0.18864,1.0
BRAF,0.9137,2.359672691915192,-0.5793958081054688,2.239963428632778,0.39548,1.0
GSTM3,0.9137,2.359672691915192,-0.4640758435058594,2.6051361150390155,0.43784,1.0
SRPRB,0.9137,2.359672691915192,-0.1637075164413452,3.5435789924345,0.50224,1.0
KIF20B,0.91362,2.358658562548141,-0.6394419909667969,3.2182911861636168,0.40744,1.0
EEF1E1,0.91352,2.3573920960624397,-0.38542335327148436,3.0449284504632397,0.46076,1.0
BLNK,0.9135,2.3571389618802274,0.6748756420898437,3.2022535303128827,0.66092,1.0
TRMT12,0.91344,2.356379877117778,-0.8193197900390625,2.402229551881251,0.36602,1.0
ZNF782,0.9134,2.355874085182509,-0.5724348718261719,3.0307698519752955,0.40662,1.0
VPS45,0.91336,2.355368504675336,-0.9599960021972657,2.2876666563231556,0.34404,1.0
HDAC6,0.91324,2.35385302975258,0.16696238270282746,2.416777629331502,0.53036,1.0
POLB,0.91322,2.353600635053059,-0.4276279983520508,2.3599254362281594,0.42824,1.0
TRPM7,0.9132,2.353348292989336,-0.3960905322265625,2.3692857584352778,0.44204,1.0
SLC35A1,0.91318,2.353096003536916,-0.6102139184570312,2.4843615622849295,0.39794,1.0
PRKCH,0.91312,2.352339450602773,-0.6247903735351562,3.5976910071444155,0.4191,1.0
SMN2,0.91312,2.352339450602773,-0.43124855163574216,2.4210482821225034,0.43684,1.0
TNS4,0.9131,2.3520873713509483,-0.529863323135376,3.5413178954904536,0.44664,1.0
PMEPA1,0.91304,2.35133144843239,-1.154334755859375,2.6602703292222163,0.3445,1.0
ECE1,0.91294,2.350072624896218,0.8762125,1.7777220997186611,0.71478,1.0
GGA2,0.91292,2.3498210171693295,-0.9284391577148438,2.1929500562419912,0.35148,1.0
TMEM186,0.9129,2.3495694617125786,-0.7750845532226562,2.3497954760160797,0.37668,1.0
MGAT4A,0.9129,2.3495694617125786,-0.6323762475585938,2.3135552044132126,0.39424,1.0
SLC2A3,0.91288,2.3493179585017194,-0.44405200805664063,2.5099131275585744,0.45134,1.0
CA2,0.91288,2.3493179585017194,-0.28775381469726563,2.2578600228429067,0.44174,1.0
ATF2,0.91288,2.3493179585017194,-0.22326131645202638,2.2759736647987294,0.46146,1.0
WDR36,0.9128,2.3483124676329314,-0.8132961181640626,3.2493467868737507,0.39246,1.0
ZNF548,0.9127,2.3470567766772747,-0.8543091455078125,2.4626100596271248,0.34636,1.0
PCNA,0.91258,2.3455516634114564,-0.23158342460632325,2.333128192860951,0.46376,1.0
KLRF1,0.91256,2.3453009928513597,-0.5594692956542969,3.081588471171578,0.40904,1.0
ACD,0.91246,2.344048417116651,-0.3753875173950195,2.529336991789351,0.44688,1.0
ABCD4,0.91242,2.3435477490071706,-0.6414050573730469,2.509367824093357,0.39558,1.0
RGP1,0.91236,2.342797134301079,-0.8167215209960937,2.5680439951543037,0.36038,1.0
COA1,0.91234,2.342547032625943,-0.7794123742675781,2.9283992039531728,0.3607,1.0
ZMYM2,0.91234,2.342547032625943,-0.5952254736328125,2.325187403147829,0.39922,1.0
CD79A,0.9123,2.342046983973291,-1.1654277905273438,3.9160703929933454,0.32798,1.0
CTSC,0.91224,2.3412972973821287,1.1295549731445313,2.235444699394442,0.70154,1.0
KLC1,0.91224,2.3412972973821287,-0.9133049755859375,2.1898588260022542,0.33154,1.0
CTSD,0.9121,2.339549828494982,-0.47477431640625,2.2344607048345533,0.39366,1.0
IKBKB,0.91204,2.338801683075087,-0.3849130935668945,2.369399061028083,0.44108,1.0
PLK3,0.912,2.3383031755961254,-1.1314122802734374,2.01634264891355,0.28482,1.0
MRPL17,0.91192,2.337306774514098,0.9540946630859375,2.3232143964093006,0.70732,1.0
ERCC4,0.9119,2.3370578019974864,-0.6290420977783203,2.5972131932619433,0.42664,1.0
ZNF235,0.91176,2.335316422602233,-0.4678083703613281,2.5078807849945495,0.44726,1.0
ACADM,0.9117,2.3345708809809422,-0.2959222296142578,2.591277563098968,0.47204,1.0
CHN2,0.91162,2.333577536875395,-0.380999493560791,2.289642010937555,0.43764,1.0
TRMT61B,0.91158,2.333081169285632,-0.9778530444335938,2.953461334295652,0.3577,1.0
INO80E,0.91154,2.3325850044238488,-1.0861807275390625,2.4349025385906544,0.31972,1.0
ARV1,0.91152,2.332336997958061,-0.8021945947265625,2.4255432148034357,0.34674,1.0
RRP9,0.91146,2.331593282143632,-0.4471145910644531,3.301558283166415,0.43946,1.0
B3GAT3,0.91138,2.3306023685560837,-1.0782783081054688,2.445321859334259,0.32436,1.0
APEH,0.91138,2.3306023685560837,-1.073063564453125,1.9914699189808653,0.23654,1.0
IL4R,0.91132,2.329859713182739,-1.0504676538085937,2.134319781794218,0.28976,1.0
ZNF569,0.91132,2.329859713182739,-0.9642161401367187,3.506748283547359,0.38894,1.0
ZNF565,0.91126,2.3291175112487905,-0.8026680297851563,2.5145738003172755,0.3754,1.0
KPNA1,0.91122,2.328622961564345,-0.12183046269416808,2.2236365982714497,0.48284,1.0
EIF2B4,0.91116,2.327881513986916,-1.1497083374023438,2.385540028418888,0.3105,1.0
POLD3,0.91116,2.327881513986916,-0.24415750832796096,2.262600934772487,0.4587,1.0
FUNDC1,0.91112,2.3273874666347214,0.2669827813720703,2.419669047601259,0.54938,1.0
DDHD2,0.91106,2.326646771699072,-0.833256201171875,2.7445228413416634,0.38456,1.0
SLA,0.91104,2.3263999735874,-0.1522630898284912,2.5700762456602586,0.49948,1.0
PELP1,0.91096,2.32541328153506,-0.957256357421875,3.0702355544689732,0.36658,1.0
TIFA,0.91094,2.3251667335069754,0.407915966796875,2.2728359886317513,0.57132,1.0
ABLIM1,0.91082,2.323688493466775,-0.6777849401855469,3.2306957933597946,0.38224,1.0
ZNF419,0.9108,2.3234422946036215,-0.8606616821289063,3.0241944795540254,0.4018,1.0
NIPAL3,0.9108,2.3234422946036215,-0.36810361694335936,3.502906471864574,0.45966,1.0
TTC37,0.91072,2.322457996828432,0.3254121499633789,2.3272793344643787,0.54608,1.0
GSS,0.91066,2.321720295427586,-0.48362852233886716,2.2818919377704048,0.41278,1.0
SMC4,0.91064,2.321474494256016,-0.80816056640625,2.2884011917779907,0.35676,1.0
UTP15,0.91064,2.321474494256016,-0.2997648577880859,3.0239065971290002,0.4667,1.0
CD2,0.9106,2.3209830407212126,-0.5631700903320312,4.301650155316029,0.40214,1.0
ZFP90,0.91056,2.320491785448025,-0.27106807037353514,2.8211834721008873,0.4431,1.0
RAB27A,0.91052,2.320000728257259,-0.40863278198242187,2.1951962405774927,0.45178,1.0
HINT2,0.9105,2.3197552738868525,-0.5079366333007812,3.3388139421976732,0.40654,1.0
USP28,0.9104,2.3185287433911816,0.34034798889160156,2.182817135905157,0.5672,1.0
CHPT1,0.91032,2.317548407284849,-1.1904176342773438,1.9873482343160276,0.24446,1.0
ARC,0.91016,2.315590097801273,2.236624853515625,3.3161467613423277,0.73488,1.0
SLC4A4,0.91008,2.314612121589386,1.899743017578125,3.1400486881636342,0.75554,1.0
MTMR9,0.91008,2.314612121589386,-0.6666953833007813,2.3074994541124325,0.38786,1.0
ADPRM,0.91008,2.314612121589386,0.10175451194763184,2.3222175310435067,0.51728,1.0
TLE3,0.91002,2.313879153878335,-1.0554485913085938,2.197804197519869,0.31248,1.0
OCRL,0.90992,2.3126585191671087,-2.48255951171875,3.350670966690815,0.20004,1.0
ABHD5,0.90992,2.3126585191671087,-0.9837811352539062,2.0548735016068593,0.31806,1.0
ZNF554,0.9099,2.3124145387483535,-0.5224194812011719,3.6174400957858306,0.46126,1.0
ZKSCAN4,0.90988,2.3121706071196177,-0.620482587890625,2.6473083010743292,0.41998,1.0
SELPLG,0.90986,2.311926724259014,-0.4986333386230469,2.67025585235781,0.419,1.0
ENPP4,0.90982,2.31143910475472,0.18234120918273924,2.6789139925588366,0.55442,1.0
MAPK8,0.90974,2.3104644500022236,-0.4081826303100586,2.280937702699136,0.4332,1.0
XPC,0.90968,2.3097339694750616,-0.9091169946289063,2.9923127096907676,0.35522,1.0
SLC35B3,0.90968,2.3097339694750616,-0.6168731042480469,2.1272035392679585,0.38726,1.0
ACBD4,0.90966,2.3094905730950877,-0.799472275390625,2.5522670603383157,0.37754,1.0
LBR,0.90966,2.3094905730950877,-0.6845763854980469,2.405007572216443,0.38698,1.0
FTH1,0.90964,2.309247225243426,-0.8770380590820313,1.8564912813388723,0.31722,1.0
LMBRD1,0.90964,2.309247225243426,-0.6545875830078125,2.2013202932949105,0.37852,1.0
CASP8,0.90956,2.308274318685822,0.7712975805664063,2.060659307234861,0.64924,1.0
PSMD3,0.90952,2.307788156012986,-0.6624299072265625,2.220238087432699,0.39146,1.0
NUP160,0.90948,2.307302186846601,-0.05201762655258179,2.2673023933940386,0.48892,1.0
HTT,0.90946,2.3070592747743013,-0.37957629821777344,2.2380405941400596,0.43642,1.0
APOO,0.90946,2.3070592747743013,0.15282525888442994,2.3714090918422124,0.54242,1.0
MAP2K5,0.90936,2.3058454386587033,-0.7604141088867188,2.7241422733024643,0.382,1.0
ZNF664,0.90926,2.3046328076461386,-0.10904877883911133,2.3633780702410268,0.50566,1.0
RPIA,0.90922,2.304148092068447,-0.6408368505859375,2.7220739892233086,0.41852,1.0
NUMA1,0.90916,2.3034213790526,-1.3038571484375,1.8705916754214245,0.22268,1.0
GIT2,0.90906,2.3022111502029343,-0.833027587890625,2.1142638112578047,0.34724,1.0
FECH,0.90906,2.3022111502029343,-0.09294957914352417,2.216583928319412,0.48244,1.0
COPS7B,0.90898,2.301243829146711,-0.6290766455078125,2.6855290403234124,0.41206,1.0
ARAP2,0.90896,2.301002118430796,0.432277958984375,2.4086851080558564,0.58342,1.0
AGPS,0.90892,2.3005188403080576,-0.27417662551879884,2.1388431772814713,0.44782,1.0
COX11,0.90882,2.2993114799816934,-0.9285793603515625,3.711542813848317,0.34786,1.0
BATF,0.90878,2.298828869398921,-0.34577396423339846,2.6412942928495435,0.44264,1.0
POLR2B,0.90866,2.2973821790474482,-0.8139655249023438,2.326780708213432,0.37692,1.0
MRGBP,0.90864,2.2971412302214222,-0.5792592126464844,2.408546910003867,0.42986,1.0
DCUN1D4,0.90864,2.2971412302214222,0.08736196970939636,2.679376559131526,0.54226,1.0
TUBB2A,0.90858,2.2964186682930214,0.4857923992919922,2.195148330753273,0.59658,1.0
LPCAT3,0.90848,2.295215345653118,-0.6639351611328125,2.18608802293024,0.39292,1.0
YEATS4,0.90848,2.295215345653118,-0.33446797225952146,2.2694125245936676,0.44882,1.0
TAF1D,0.90844,2.294734347643027,-0.5194210766601562,2.7211243775200176,0.43294,1.0
SNX5,0.90832,2.2932924864559867,-1.0666399560546875,2.2748212723937575,0.29578,1.0
B4GALT7,0.90826,2.292572192056094,-0.45514863851547244,2.2760956389138203,0.42822,1.0
MDM4,0.90826,2.292572192056094,-0.3647533159637451,2.303553076511577,0.4397,1.0
CRY1,0.9082,2.291852321037406,-0.7487525024414062,2.3105284506661525,0.35322,1.0
GLRX5,0.90818,2.2916124580191464,-1.0307887573242187,2.3695101160614915,0.26204,1.0
CCT2,0.90812,2.2908931506385275,-0.578806669921875,2.4606955966398405,0.41736,1.0
JADE1,0.9081,2.2906534753341417,-0.6363104150390625,3.221557724595404,0.40546,1.0
TIMM9,0.9081,2.2906534753341417,-0.4172587390136719,2.9262949604402446,0.45158,1.0
AGK,0.90808,2.2904138469065836,0.5637611352539063,2.1602428030929133,0.61002,1.0
BRF1,0.90806,2.290174265335225,-0.7264073791503907,2.2236098262419177,0.37182,1.0
WRAP53,0.90802,2.289695242678656,-0.5837712805175781,2.3581669171690045,0.41112,1.0
MAN1A2,0.90796,2.2889770596003363,-0.737811455078125,2.2066722061750585,0.36846,1.0
LGALS3,0.9079,2.288259297116451,-0.47914399963378906,2.5424946288578836,0.4017,1.0
HSPB1,0.90788,2.2880201363247847,1.0061221630859376,2.261312401877453,0.65064,1.0
NDUFAF2,0.90784,2.287541954672905,-0.7696930078125,2.5910089051141445,0.38672,1.0
ENOPH1,0.90778,2.28682503171669,-0.7613729663085937,2.6716588573252484,0.34486,1.0
ENAH,0.90772,2.2861085276958684,-0.19198581867218018,3.3306911820395886,0.4546,1.0
ODC1,0.90764,2.2851538397267745,-0.87639697265625,2.2156671246503747,0.33286,1.0
ACTL6A,0.90752,2.283723199539586,-0.7436196838378907,2.9677292258554075,0.40368,1.0
LOXL2,0.9075,2.283484921620626,-2.0262159228515624,2.8083024041861644,0.21218,1.0
NDUFAF7,0.90744,2.282770365365366,-0.3646683807373047,2.500238414299811,0.4818,1.0
CLASP1,0.90742,2.282532272380093,-0.46757469482421876,2.2017578068253303,0.41066,1.0
ZNF354B,0.90738,2.282056224938098,-0.627944599609375,2.3544605011969137,0.38358,1.0
HMGB2,0.9073,2.2811046836037736,-0.920440888671875,2.281736522638444,0.3295,1.0
PRMT3,0.90728,2.2808669134755784,-0.15164741209030153,2.853858626228718,0.51452,1.0
SAMM50,0.90726,2.2806291893893174,-0.92959083984375,2.9953429496642934,0.35382,1.0
IL12RB1,0.90726,2.2806291893893174,-0.46683811401367187,2.29881837588448,0.41692,1.0
RNU12,0.90726,2.2806291893893174,0.2628652470397949,2.5334290903138985,0.52966,1.0
PCYT2,0.90724,2.280391511324905,-0.6236453991699219,2.9123000216485577,0.39436,1.0
GPX1,0.90722,2.2801538792622633,-0.9617269360351562,1.8512852486823326,0.27816,1.0
CDK7,0.90722,2.2801538792622633,-0.6782444348144532,2.2387853706556986,0.38242,1.0
FANCF,0.90708,2.2784917411898773,-0.39538261413574216,3.4285937821232464,0.45072,1.0
SENP5,0.90708,2.2784917411898773,-0.39457970001220705,2.176615371976817,0.4253,1.0
OXCT1,0.90708,2.2784917411898773,-0.020792613372802735,3.1072561579779077,0.51066,1.0
FCN1,0.90704,2.278017257472392,0.44904403137207033,3.7252626853789277,0.58752,1.0
BHLHE40,0.90692,2.2765949049243503,-0.5161539428710937,2.084972588116238,0.38758,1.0
ZFP1,0.90686,2.2758843456304056,-0.40630834899902346,4.151716245523794,0.45016,1.0
DDR2,0.90682,2.275410867581564,-0.7029401657104493,3.7151154884042255,0.40854,1.0
CA13,0.90676,2.274700992332768,-0.17622940811157226,2.2894591235768207,0.4642,1.0
TMEM129,0.90668,2.273755129242927,-0.8398685766601562,2.645995635454657,0.34892,1.0
BACE1,0.90662,2.2730462091662504,-0.12653179794311523,3.0205167056238955,0.4845,1.0
MTMR12,0.9066,2.2728099932719514,-0.6661061315917969,2.344783831231743,0.3943,1.0
HAUS6,0.9066,2.2728099932719514,-0.3406415176391602,2.256014794054272,0.44394,1.0
TSPYL2,0.90656,2.272337697562235,-0.5423686584472657,2.3357006084008525,0.40306,1.0
ELMO1,0.90652,2.2718655831600723,-0.09579738851547241,2.2794188303389125,0.48756,1.0
GPC1,0.90648,2.2713936499084975,-2.2721137939453127,3.565859490692733,0.25536,1.0
IFT74,0.90646,2.271157751165185,0.06620335005760193,2.2112553210691828,0.50552,1.0
SYNE1,0.90634,2.2697433078273708,-0.24250195266723631,2.9211963600631723,0.4681,1.0
SUCLA2,0.90628,2.269036695429658,-0.40114998840332033,2.495532973057362,0.43308,1.0
PIM1,0.90622,2.2683304885112374,-0.03618553657531738,2.5855249938187614,0.49742,1.0
TRIM37,0.9062,2.268095176220859,-0.5777747741699218,2.339706049116084,0.42316,1.0
MRPS2,0.90616,2.267624686547238,-0.9634764599609374,2.9747550098980655,0.3457,1.0
ZNF677,0.90604,2.2662142953880546,-0.4787232940673828,2.7578902864211305,0.43032,1.0
WDR61,0.906,2.265744523772976,-0.6421339245605469,2.3044169628245386,0.3969,1.0
RBM28,0.90582,2.263632765992291,-0.5882435327148438,2.6710972909322135,0.42372,1.0
MT1G,0.9058,2.2633983495397967,1.6847638818359374,3.0777880650555853,0.71618,1.0
PRKD3,0.9058,2.2633983495397967,-1.0596275024414064,2.1548787454593095,0.3009,1.0
BRF2,0.90562,2.261290605712465,-0.6986097900390625,2.5449261228249,0.38692,1.0
CNOT6L,0.90558,2.260822707281252,-0.5266097802734375,2.634539294747824,0.42106,1.0
EGLN1,0.90556,2.260588824644793,-1.1073942211914063,2.361626539881333,0.29824,1.0
MYLIP,0.9055,2.2598874428237705,-0.08148697240829468,2.2967197333336036,0.4789,1.0
JOSD1,0.90544,2.259186459736426,-0.9146153686523437,2.1020540588879815,0.30546,1.0
ANAPC5,0.90536,2.2582524349875555,-0.8782136865234375,2.4688498631111946,0.34644,1.0
PIGK,0.90536,2.2582524349875555,-0.3533031567382813,3.282207819212742,0.47598,1.0
BNIP1,0.90534,2.2580190392755135,-0.11767498197555543,2.8228978041508257,0.48476,1.0
NDE1,0.90532,2.257785687715742,-0.4934885803222656,2.341313374575585,0.42066,1.0
LEO1,0.90532,2.257785687715742,-0.3183230749511719,2.5231177603222625,0.46592,1.0
ZNF614,0.9053,2.2575523802893622,-0.9739506518554687,2.1492429378446976,0.32522,1.0
TNRC6B,0.9053,2.2575523802893622,-0.3726226043701172,2.3380945918618607,0.4515,1.0
ELL,0.90528,2.2573191169775066,-0.7190818493652343,2.14719173995529,0.37366,1.0
USP30,0.90528,2.2573191169775066,0.555747777709961,2.1369869366320575,0.60414,1.0
ZNF611,0.90526,2.2570858977613204,-0.8233450366210937,2.089270768761833,0.33818,1.0
GABARAPL1,0.90524,2.2568527226219617,-0.7174364721679688,1.9812124839224223,0.36882,1.0
ZNF92,0.9052,2.256386504498406,0.26790403213500974,2.435388357737489,0.57676,1.0
EXOSC4,0.90512,2.2554545963454307,-0.9930550390625,1.959580648582453,0.31152,1.0
UTP14A,0.90496,2.2535928882137637,-0.6498873034667969,2.355672460846935,0.38628,1.0
MLLT3,0.90494,2.2533603719736885,-0.37684443725585937,3.3563138420068546,0.41224,1.0
POLR2A,0.90494,2.2533603719736885,-0.36242865844726563,2.1541740207505846,0.43208,1.0
KBTBD6,0.90492,2.253127899510562,-0.5490955187988281,3.9653647089892687,0.4238,1.0
ING2,0.9049,2.2528954708057434,-1.1328945532226562,1.7292777206639447,0.25024,1.0
ZNF773,0.90488,2.2526630858405996,-0.5916865161132813,2.813320313747348,0.39986,1.0
LGR6,0.90486,2.2524307445965133,-2.1081114208984375,3.136592645623204,0.22604,1.0
PABPC1,0.90486,2.2524307445965133,-0.6263101745605468,2.3989617380672597,0.39264,1.0
MAP3K8,0.90482,2.251966193197098,0.1419348690032959,2.2110249763596106,0.51552,1.0
CA5B,0.90456,2.2489508598373296,-0.2859116286468506,2.2949018968979384,0.44888,1.0
CXCR4,0.90452,2.248487614784164,-1.063781435546875,2.815928270772505,0.32128,1.0
HPGDS,0.9045,2.248256057348665,-0.8701297796630859,3.655371965423761,0.38332,1.0
IFT27,0.90438,2.2468676228525353,-0.9970565087890625,2.637819119083057,0.31206,1.0
LNPEP,0.90436,2.246636368617992,0.6865420056152344,2.124770184336311,0.64914,1.0
IMP3,0.90432,2.2461739898537862,-0.9096215258789062,2.631016944839529,0.27828,1.0
ASXL2,0.90428,2.245711783907446,-0.753118359375,2.0117863817405373,0.36394,1.0
COL11A2,0.90424,2.2452497506327584,0.2860025881385803,3.429976189451325,0.54384,1.0
KIF2A,0.9042,2.24478788988369,-0.4952540313720703,2.9337438730022876,0.4276,1.0
SLC35A2,0.90418,2.2445570241606787,-0.7112239318847656,1.9858253585478947,0.36192,1.0
APOBEC3G,0.90418,2.2445570241606787,0.4709255334472656,2.4743660017663935,0.6058,1.0
FOXO3,0.90414,2.2440954219266334,-0.61543330078125,1.9648467375087733,0.37724,1.0
RUVBL2,0.9041,2.2436339918539283,-0.46702365966796877,2.7341915608007583,0.44014,1.0
UVRAG,0.90404,2.242942169229388,0.18091116409301758,2.1717258847919223,0.54016,1.0
IDH1,0.90392,2.241559683129262,-0.22153689743041993,2.135253794366879,0.452,1.0
STAG1,0.90384,2.240638882790054,-0.6816349108886719,2.1369008778906116,0.37014,1.0
SLAMF6,0.90378,2.2399487316714715,0.16195071256399154,3.111357812185865,0.54536,1.0
NCAPH2,0.90376,2.23971876675225,-0.5032822253417969,2.2819134201638236,0.41984,1.0
PRNP,0.90374,2.2394888445298777,-0.36633564697265625,2.3206088553183895,0.4669,1.0
ZNF440,0.90372,2.239258964986389,-0.6036868090820312,2.0698566479785456,0.39132,1.0
SACM1L,0.90372,2.239258964986389,-0.4373729675292969,2.3682623724195695,0.41306,1.0
FCF1,0.90368,2.2387993338642573,-0.09838239059448242,2.0775829243533614,0.48878,1.0
CDKN2D,0.9036,2.237880582977348,0.794871474609375,1.859795704239734,0.66912,1.0
OAT,0.9035,2.2367331016873426,-0.8398351684570312,2.2981966637883167,0.31348,1.0
CCL13,0.9035,2.2367331016873426,0.833436669921875,4.823596018698553,0.54786,1.0
MRPL12,0.9035,2.2367331016873426,-0.8170064306640625,2.3233831920493264,0.35548,1.0
NT5C,0.90346,2.2362744065454025,-0.87532404296875,2.2047097552641914,0.35938,1.0
SRF,0.90344,2.236045122626139,-0.833393349609375,1.9471586564583319,0.32196,1.0
ECI2,0.90344,2.236045122626139,-0.7445324108886718,2.4766774036584884,0.3422,1.0
COPRS,0.9034,2.2355866820020314,-1.28411037109375,1.6858095346958228,0.1932,1.0
SEPSECS,0.9034,2.2355866820020314,-0.7369781982421875,2.0561481857780093,0.35938,1.0
ALG3,0.90338,2.2353575252616222,-0.677185087890625,2.8653267642824907,0.42138,1.0
TNFAIP8L1,0.90328,2.234212376565729,-1.545411943359375,1.8398283482715039,0.16802,1.0
B3GNTL1,0.90328,2.234212376565729,-0.6731254748535156,2.209683925844255,0.3883,1.0
LEMD2,0.90318,2.233068284588919,-0.5621749182128907,2.161515311850365,0.3992,1.0
RRN3,0.90318,2.233068284588919,-0.3895229296875,2.3065892942619666,0.42388,1.0
PARP1,0.90312,2.232382335708455,-0.6679086352539062,3.03279538059828,0.39938,1.0
DUSP1,0.90308,2.231925247121447,-0.5334677075195312,2.0437787192063457,0.4053,1.0
CDIPT,0.90304,2.2314683269033897,-0.9430825732421875,1.906174226539089,0.27966,1.0
ZNF33B,0.90296,2.230554991011576,-0.7052096215820313,2.8366680179949904,0.38038,1.0
ZNF25,0.90296,2.230554991011576,-0.5189352160644531,2.3503361360591892,0.43946,1.0
TRIAP1,0.9029,2.2298704300161547,-0.535941083984375,3.049980027823568,0.4324,1.0
PLIN2,0.90288,2.229642326909642,-1.2020330224609375,1.4592731601321849,0.18412,1.0
SCCPDH,0.90288,2.229642326909642,-0.6990481005859375,2.302965864401477,0.36372,1.0
ZNF211,0.90284,2.2291862464295837,-0.9903020361328125,1.9198928351147508,0.28166,1.0
SIRT5,0.90276,2.228274587912208,-0.35051376281738283,2.707035084688015,0.4498,1.0
RBBP7,0.90268,2.227363598388388,-0.8772209887695313,2.4996302611248242,0.34776,1.0
UAP1,0.90268,2.227363598388388,-0.866761826171875,2.102024449965722,0.35904,1.0
QDPR,0.9026,2.2264532767444107,-0.06030450935840607,2.662441993745083,0.49848,1.0
NPRL2,0.9025,2.2253163122032342,-0.6021931677246094,3.6191410451059793,0.38822,1.0
CD55,0.9025,2.2253163122032342,-0.49437909912109373,1.9460324721145048,0.40508,1.0
CRY2,0.9025,2.2253163122032342,-0.4473143438720703,2.256573971467321,0.44864,1.0
SLC30A5,0.90248,2.225089044123648,-0.6200123364257812,2.244522437448798,0.41,1.0
NFYB,0.9023,2.2230454999517177,-0.1935627879333496,2.177119932625146,0.46838,1.0
ORAI1,0.90228,2.222818646788396,-1.0621503466796876,2.2606669802816426,0.31936,1.0
MAP3K3,0.90228,2.222818646788396,-0.7700668823242187,1.9886568775017368,0.34552,1.0
P2RY10,0.90222,2.2221383356117843,-0.7008055749511719,3.7273915905838035,0.39118,1.0
BLMH,0.90222,2.2221383356117843,0.5884342443847657,2.072462895805002,0.71318,1.0
UNC13B,0.90216,2.221458396545115,0.40785705032348635,3.204344793587127,0.54822,1.0
THOC1,0.90216,2.221458396545115,-0.38615632293701174,2.9641884187338308,0.46364,1.0
NEDD1,0.90212,2.221005310333437,0.6159509838867188,2.354997738085216,0.63254,1.0
MMGT1,0.90206,2.220325990423178,-0.6800923608398437,2.010890419482073,0.36372,1.0
BCDIN3D,0.90202,2.2198733165553817,-0.9161273583984375,2.597427915549371,0.30466,1.0
FOXP1,0.902,2.219647041392052,-0.5102100366210938,2.244391133108232,0.38792,1.0
ADAM21,0.90192,2.218742352145364,2.283152646484375,3.49507230800221,0.74414,1.0
AK9,0.90186,2.2180642667114325,-0.4618672717285156,2.577214886757565,0.4189,1.0
WDR83,0.90182,2.2176124149776406,-0.49804403076171877,2.27893506149613,0.41876,1.0
TRAPPC2,0.9017,2.2162578433527393,-0.5602149609375,2.6111031661764716,0.40992,1.0
RNF216,0.90168,2.216032224676044,-0.65421427734375,2.360946551857082,0.38206,1.0
POLR2C,0.90168,2.216032224676044,-0.45960046325683596,2.2438524419759873,0.4211,1.0
CD247,0.90164,2.215581109965768,-0.11420755607604981,4.343560309859313,0.4738,1.0
TBC1D13,0.9016,2.215130158667358,-0.2526215264892578,2.3388638486742845,0.49208,1.0
RAD1,0.90152,2.2142287457678957,-0.284021865234375,2.4237579047524602,0.47448,1.0
LIAS,0.9014,2.212877848647958,-0.6341136499023438,2.861293280052969,0.4093,1.0
SIKE1,0.9014,2.212877848647958,0.09330538759231567,2.307345218255983,0.52554,1.0
CXCL16,0.9013,2.211753219122928,-0.715837158203125,2.856819263369784,0.36732,1.0
GPR18,0.90128,2.211528414989326,-0.4744280871582031,3.442372226358287,0.4103,1.0
CASP3,0.90116,2.210180441188532,0.6652340246582031,1.9174181327902045,0.63806,1.0
ACAD8,0.90112,2.209731440380188,-1.015919560546875,2.5708385907675138,0.31724,1.0
ZNF700,0.9011,2.209507000612325,-0.6347631726074219,2.268663977332278,0.40216,1.0
SERINC4,0.90106,2.209058242266387,0.3043157799530029,3.3058477295179665,0.55124,1.0
CAPN7,0.90102,2.2086096453965047,-0.7353274267578125,2.2137412172655218,0.36298,1.0
WDR46,0.90102,2.2086096453965047,-0.6854236669921875,2.564756175638726,0.37304,1.0
NUS1,0.90094,2.2077129355560494,-0.21505161819458007,2.150106188045434,0.472,1.0
KAT6A,0.9009,2.207264822321452,-0.8974339038085938,1.827883500505398,0.30188,1.0
SPOPL,0.90074,2.20547397754772,-0.82347619140625,1.958251427074721,0.32636,1.0
AP3M1,0.90074,2.20547397754772,-0.38999910888671874,2.105217307979764,0.42252,1.0
PHF21A,0.9007,2.2050266677385695,-0.764994853515625,1.9108976317061657,0.33928,1.0
BAG3,0.90066,2.2045795182209353,-0.07469316748142242,2.1658473129644533,0.49228,1.0
MRPL48,0.90064,2.204356003530548,-0.7167642114257813,2.905710568685253,0.3602,1.0
SOD2,0.90064,2.204356003530548,0.4553582977294922,3.0541493535539317,0.5923,1.0
GYG1,0.90062,2.2041325288639926,-0.43323313110351563,2.205779458367947,0.42368,1.0
FBXL20,0.90058,2.2036856995370795,-0.756221044921875,2.1914891316248335,0.3599,1.0
FGD3,0.90056,2.2034623448440933,-0.2620906488037109,2.0220259713759923,0.44972,1.0
MAD1L1,0.90048,2.2025693254950998,-0.8059823022460938,1.9677806391212567,0.33078,1.0
SEMA4D,0.90044,2.2021230552465716,-0.5729409362792969,2.141717894355873,0.38712,1.0
CBLB,0.90036,2.2012309929516585,-0.6980235791015625,2.665637136734292,0.37202,1.0
EHMT1,0.90034,2.201008076908772,-0.5259394384765625,2.2607648759308114,0.41896,1.0
ZNF583,0.90032,2.200785200645826,-0.9496818579101562,2.967155261410972,0.30958,1.0
ATG16L1,0.90018,2.1992261792855134,-0.5470068347167969,2.4346522722630457,0.42202,1.0
GATA2,0.90014,2.198781101709893,0.18699013980865478,3.309870914229789,0.51892,1.0
POLR2K,0.90014,2.198781101709893,-0.07047600334167481,2.1940205469176295,0.5174,1.0
MIS18BP1,0.90008,2.198113782445494,-0.6523475549316406,2.228201969129136,0.38682,1.0
SPIDR,0.90008,2.198113782445494,-0.38042698303222655,1.9317694078113976,0.42588,1.0
PWP2,0.90004,2.197669100814378,-0.40963922790527346,2.4283201336955496,0.43364,1.0
TRNT1,0.9,2.1972245773362196,-0.35087926696777344,2.230299318164696,0.44506,1.0
PLA2G7,0.89998,2.1970023748644136,-0.2700337802124023,3.842305475482031,0.43892,1.0
RNF139,0.89996,2.196780211882764,-0.657114794921875,1.9430275812378557,0.37498,1.0
IQGAP2,0.89992,2.1963360043259152,0.683228037109375,1.8956727234171171,0.65158,1.0
CAPN10,0.89978,2.1947825194668753,-0.7759443334960937,1.9741052613073986,0.34408,1.0
SRRT,0.89966,2.1934524951144247,-0.6323422192382813,1.9021380156706376,0.38408,1.0
PILRB,0.8996,2.192788012827531,0.11431758052825927,2.491712785226944,0.56658,1.0
TRAK2,0.89958,2.192566597128308,0.016566496801376344,1.9754105670988005,0.51742,1.0
HLA-DRA,0.89942,2.190796680392469,-0.7156770581054688,3.684759996433147,0.38794,1.0
STT3A,0.89942,2.190796680392469,-0.5777229382324218,1.977864545353169,0.38022,1.0
ZNF669,0.89934,2.1899126596223457,-0.7445019384765625,2.007154239938106,0.35044,1.0
DGKD,0.89928,2.1892500534174495,-0.8281657250976563,2.019931784153328,0.33666,1.0
RIF1,0.89916,2.1879258918445,0.22629477996826172,2.4361191819475634,0.55634,1.0
ZNF169,0.89914,2.187705334285923,-0.9168498461914063,2.307189089835843,0.31602,1.0
ZNF268,0.89912,2.187484815553348,-0.5318818395996093,2.404093865507935,0.40278,1.0
SLC25A37,0.89908,2.1870438945037693,-0.5083318933105468,2.0772849676040934,0.40792,1.0
GOLGA3,0.89904,2.1866031285709844,-0.5373967102050782,2.042250388875164,0.40016,1.0
SUCLG2,0.89896,2.185722061557411,-0.23838592376708984,3.2600317355778476,0.47858,1.0
EIF5A2,0.89886,2.1846215981055086,-0.45092768310546877,2.4673091376759286,0.40594,1.0
TSR1,0.89876,2.1835220998611065,-0.4669757958984375,2.676800754243771,0.44958,1.0
ELP4,0.89876,2.1835220998611065,-0.422038916015625,2.929253672721024,0.4439,1.0
ZNF770,0.89874,2.183302315866919,-0.5388556164550782,2.397240571780358,0.40556,1.0
EIF3B,0.8987,2.1828628634096905,-0.8743893872070313,2.2812444812280557,0.3601,1.0
RGS10,0.89868,2.182643194915802,-0.6527419116210937,1.7695195015439897,0.3664,1.0
ZFP14,0.89852,2.180887230565888,-0.7085096728515625,2.872036458416879,0.37492,1.0
FLI1,0.89848,2.180448623248648,-0.55767708984375,2.4378807783082124,0.37568,1.0
METTL21A,0.89842,2.1797909996020977,-0.8055152465820312,2.120847650784089,0.35414,1.0
ST3GAL1,0.8984,2.1795718682798517,-0.5707278979492187,1.8973702474624163,0.37256,1.0
CSRP1,0.89838,2.1793527752120965,-0.9419310546875,1.8871504564412833,0.29968,1.0
RALGAPA1,0.89834,2.1789147037789736,-0.806752734375,2.51279195407911,0.37104,1.0
FANCL,0.8982,2.1773826565372154,-0.6795801013183593,1.9214204485715778,0.36222,1.0
PDE6A,0.89818,2.177163945175806,1.5643663427734376,3.1505395520505943,0.69402,1.0
PER1,0.89816,2.1769452719013724,-1.0399974975585937,1.7127488556621084,0.23976,1.0
TNFAIP1,0.89812,2.1765080395527443,-0.3980022311401367,2.0725207975866846,0.41854,1.0
UPF3A,0.898,2.175197255017929,-0.8919340234375,2.2490885451160194,0.33038,1.0
MRPL35,0.89792,2.174324157877562,-0.7802083251953125,2.317652159362126,0.35552,1.0
DET1,0.8979,2.1741059783561436,-0.5124785046386718,2.4202153145953895,0.42486,1.0
KLHL20,0.89786,2.1736697329242665,-0.6345000170898437,2.413323896271072,0.3852,1.0
DPM2,0.89786,2.1736697329242665,-0.1369235916900635,1.9163858848692745,0.48712,1.0
ZNF429,0.89782,2.173233638873378,-0.8693479956054687,2.409475528876669,0.31174,1.0
ENTPD4,0.89782,2.173233638873378,-0.7659711584472656,1.8417388848514409,0.34066,1.0
SRPK1,0.89782,2.173233638873378,-0.46390885498046874,1.9122437532717842,0.40156,1.0
BIRC3,0.89782,2.173233638873378,-0.08645772783756256,2.2764112472850586,0.46944,1.0
SH2D1A,0.8978,2.1730156485782284,-0.3157752685546875,4.237556383668448,0.43672,1.0
NAA30,0.89772,2.1721440652493276,0.16138082089066505,2.0573222034035905,0.55136,1.0
ABHD17B,0.89766,2.17149077407725,-0.505996527709961,2.2163830495966197,0.41148,1.0
FPGT,0.89758,2.1706202468458597,-0.49004320907592774,2.0449310465807438,0.40528,1.0
ZNF426,0.89758,2.1706202468458597,-0.3625489910888672,2.381542970527027,0.4313,1.0
PPIP5K2,0.8974,2.1686637608052135,-0.552791669921875,2.1132699462583417,0.41624,1.0
GDE1,0.89736,2.168229399029588,-0.8358337866210938,1.8180820498885684,0.3359,1.0
RANGRF,0.89728,2.1673611250244647,-0.8034161889648438,2.5389256089184076,0.36358,1.0
PREB,0.8972,2.1664934496249884,-0.5331745275878906,2.106200760108454,0.41242,1.0
PPP3CA,0.89716,2.166059836106936,-0.8659109545898438,1.9226877641085032,0.31814,1.0
DDB1,0.89706,2.1649764552292825,-0.7845065209960937,2.022844806284328,0.36336,1.0
MED9,0.897,2.1643268738291606,-0.7742883178710938,2.1167349339243806,0.3632,1.0
TNIK,0.8969,2.1632449821010433,-0.5052270935058594,2.956547447708242,0.4212,1.0
PTK6,0.89686,2.162812485446637,-0.7201639431762695,3.113393569715979,0.39312,1.0
TIMP1,0.89682,2.162380137209274,-0.7133612451171875,3.340062936752069,0.36948,1.0
DPH7,0.8968,2.1621640187104885,-1.0298881640625,2.5002337309475133,0.2944,1.0
TPM1,0.8968,2.1621640187104885,-0.874121279296875,1.7377748509055395,0.28198,1.0
MAPKAPK5,0.89668,2.160868085478056,-0.10336117186069489,2.3621582597135258,0.51418,1.0
CHCHD4,0.89664,2.1604364036742956,-0.3148845935058594,2.708483712503668,0.45896,1.0
JUN,0.89648,2.1587111530643845,-0.8259885327148437,1.7824130453225704,0.30754,1.0
FH,0.89638,2.15763406882313,-0.5904967846679687,2.082314675228456,0.39782,1.0
RICTOR,0.89624,2.15612769424228,0.3926911169433594,1.9532949713925767,0.57822,1.0
EHHADH,0.89624,2.15612769424228,-0.3101809867858887,3.6997148567236278,0.43398,1.0
PDHX,0.89622,2.1559126446106625,-0.40135971984863283,2.2088923235771425,0.4377,1.0
NOL9,0.8962,2.1556976316202543,-0.5502659826660157,2.8362936664568257,0.44004,1.0
HBS1L,0.89608,2.1544083223411397,-0.6057228930664063,2.329872199137812,0.39964,1.0
PANK3,0.89602,2.153764161198813,0.026459687643051146,1.9793887383502913,0.50484,1.0
PDS5A,0.89598,2.153334902952306,-0.39312538024902344,2.140301242362932,0.43064,1.0
PJA1,0.89596,2.1531203285408145,-0.25070306610107423,2.2143058317218784,0.47128,1.0
TPST2,0.89594,2.15290579058485,-1.0296799658203124,1.5130518969910716,0.23182,1.0
ZNF43,0.89594,2.15290579058485,-0.2400783837890625,2.5452424534768747,0.4578,1.0
TSNAX,0.8959,2.1524768239826098,-0.3202819630432129,2.6453557791957185,0.46746,1.0
HIBCH,0.89588,2.1522623953079054,0.052247869682312015,2.480883230913168,0.51522,1.0
AUH,0.89582,2.1516193276190685,-0.5848323791503907,3.008030293156519,0.39084,1.0
ZNF227,0.89582,2.1516193276190685,-0.34063134765625,2.8601639915276516,0.44498,1.0
UTRN,0.89576,2.150976587135352,1.0106708227539063,1.4345091970675694,0.7721,1.0
TIA1,0.89568,2.150120108148746,1.0387041918945312,1.5227168834716054,0.76438,1.0
MLH3,0.8955,2.1481951500959005,-0.3231161444091797,2.2814301256360334,0.44676,1.0
ZNF775,0.89534,2.1464865334596714,0.15748688632965088,4.074169416619992,0.58384,1.0
NFRKB,0.8952,2.1449933851107734,-0.6575140588378906,2.2439360796640404,0.3851,1.0
DCAF16,0.89518,2.144780221997894,-0.6305720056152344,1.9574939661145845,0.37668,1.0
CSTF2T,0.89518,2.144780221997894,-0.4265713720703125,2.156310318286494,0.41598,1.0
CD300A,0.89514,2.1443540034784254,-0.6664790942382812,2.434296611332177,0.37304,1.0
ZNF398,0.89496,2.142437794544134,-0.7030515356445313,2.542035317960613,0.40364,1.0
COQ5,0.89496,2.142437794544134,-0.3739983319091797,2.4208536785368504,0.44244,1.0
ZC3H8,0.89494,2.142225061395673,-0.5704838220214844,3.032916611077406,0.43154,1.0
TOPORS,0.89482,2.140949412568421,-0.28885859771728517,2.4457239565131434,0.46714,1.0
ZNF675,0.8948,2.1407369293123653,-0.5549634301757812,2.5883520082305806,0.4219,1.0
AP4B1,0.8948,2.1407369293123653,-0.42055159790039065,2.2637943177061004,0.44596,1.0
ETS1,0.89468,2.139462777813961,-0.42616049743652346,3.5259110031734573,0.43306,1.0
ARHGEF4,0.89466,2.139250543775628,0.4955737261962891,4.0262887497007,0.53734,1.0
NDUFV1,0.89464,2.139038345284907,-0.9062309326171875,2.6127896947430123,0.3076,1.0
ZNF555,0.8946,2.138614054891485,-0.47018707763671874,2.00745341164224,0.39482,1.0
NAPG,0.8946,2.138614054891485,-0.13370809466362,2.0840925330793376,0.48596,1.0
STX10,0.89456,2.138189906524138,-0.9682003857421875,1.8933635990286717,0.30474,1.0
ADAT1,0.89456,2.138189906524138,-0.3447743133544922,2.264320290059677,0.45094,1.0
EBP,0.89454,2.137977885566039,-0.7895075366210937,2.6075209277551332,0.34328,1.0
ZSCAN25,0.89452,2.1377659000734304,-0.5104354309082031,2.5759375468151995,0.44182,1.0
TAF8,0.89444,2.1369183124848217,-0.11366961326599122,2.3277636255349705,0.49868,1.0
COQ9,0.89432,2.1356479927480003,-0.6778824755859375,2.3212218457325404,0.37532,1.0
ZNF14,0.89428,2.1352248355059693,-0.5110034881591797,3.3155867937141457,0.4051,1.0
ELOVL5,0.89424,2.1348018194180125,-0.0743955216217041,2.1161343145514206,0.48714,1.0
CENPC,0.89412,2.133533616994736,-0.4369188800048828,2.5651239267300086,0.43554,1.0
ACAD9,0.8941,2.133322373133912,-0.7445745666503907,1.9176954563055322,0.34178,1.0
GOLGB1,0.89404,2.132688852498025,-0.16649047737121583,2.07534628206378,0.47766,1.0
NUDT5,0.89402,2.1324777492233165,-0.893873017578125,2.312911781987864,0.34572,1.0
SBF1,0.89398,2.1320556479989583,-0.11213798034667968,1.9487117802950344,0.48096,1.0
CD96,0.89388,2.1310010087066464,-0.6283101391601562,3.8088969965025368,0.37988,1.0
RHOT1,0.89376,2.129736597028688,-0.030035648765563965,2.068788327731835,0.50216,1.0
SPATA13,0.89366,2.1286838815608107,0.04523982822418213,2.302024876868948,0.51414,1.0
SEC11C,0.89354,2.1274217736200325,-0.09469345569610596,2.4669091287374836,0.49388,1.0
KMT2A,0.8935,2.1270013494500026,-0.5102244714355468,2.137082911718873,0.40546,1.0
PPP2R2D,0.89348,2.126791189519625,-0.7424877587890625,1.8318525417426534,0.3385,1.0
STX17,0.89346,2.126581064341316,1.0983448046875,1.507984280556864,0.78288,1.0
HERC1,0.89314,2.1232237769749847,-0.6948533837890625,2.1071390013785614,0.37504,1.0
ZNF354A,0.89312,2.123014240559622,-0.9304384985351563,2.302642923863499,0.31582,1.0
TSEN15,0.89312,2.123014240559622,-0.18267904342651367,2.7690490893590662,0.47266,1.0
BMS1,0.8931,2.1228047386588407,-0.784170263671875,2.4215432243543646,0.34172,1.0
ZNF514,0.89308,2.122595271259518,-0.3957311505126953,2.0870416485643077,0.4273,1.0
PDK3,0.89308,2.122595271259518,0.13443736204147338,2.0080595723429013,0.5232,1.0
OGT,0.89296,2.121339190660205,-0.689102763671875,1.9563448230428753,0.3717,1.0
CES2,0.89294,2.1211299644042447,-0.3952265625,1.997623357775136,0.42756,1.0
SNRNP48,0.89292,2.120920772545019,-0.60668224609375,2.1649273298845144,0.3964,1.0
SLC25A1,0.8929,2.120711615069468,-0.6421001806640625,1.8900226557481206,0.36236,1.0
HSPD1,0.8928,2.1196663429903455,0.05754924509048462,2.032501979169274,0.50886,1.0
MRPL45,0.89278,2.1194573915430475,-0.5699115002441406,2.545736809142045,0.41126,1.0
VPS52,0.89272,2.1188307429040223,0.007613489303588867,1.875369605137711,0.50606,1.0
ZNF738,0.89266,2.1182044025465423,-0.8599470361328125,1.7450538587809807,0.2954,1.0
BTN2A2,0.8925,2.1165356660860764,0.09354703739166259,2.047666761618939,0.51406,1.0
C2CD3,0.89248,2.1163272276642853,-0.3776142956542969,2.186467698916453,0.46002,1.0
ASPSCR1,0.89238,2.1152855467712874,-0.8663692529296875,1.7708773374066753,0.29202,1.0
MSMO1,0.89238,2.1152855467712874,0.12116376441955566,3.628599119323349,0.54652,1.0
CSAD,0.8923,2.1144528147437627,-0.34693997192382814,2.179964216221563,0.44178,1.0
SMC6,0.8923,2.1144528147437627,-0.08460398208618164,2.0874746766344643,0.48546,1.0
GYPC,0.89224,2.1138286225841734,-0.5535330200195312,2.740756155008469,0.36248,1.0
LTV1,0.89224,2.1138286225841734,-0.2629908581542969,3.022875355998369,0.48432,1.0
ARID5B,0.89222,2.1136206264361106,-0.038110796070098873,2.0631973368576872,0.49884,1.0
HSCB,0.8921,2.112373361655649,-0.16425519309997558,1.9613122294084615,0.4762,1.0
NDUFAF4,0.89206,2.1119578777013435,-0.1569422261428833,3.367785825169976,0.48874,1.0
DCLRE1C,0.89202,2.1115425290631737,0.3162728527832031,2.0882175339079256,0.58384,1.0
IP6K1,0.89192,2.110504748807373,-0.6546782788085937,2.0426301795662787,0.36914,1.0
CFP,0.8919,2.1102972940269993,-0.63004728515625,3.370077606631224,0.35974,1.0
ICAM2,0.89188,2.1100898729739233,0.5614074609375,1.9864583435587906,0.63718,1.0
RPAP2,0.8917,2.1082245991338895,-0.8075056860351563,2.5979317526139214,0.38402,1.0
HAUS2,0.8917,2.1082245991338895,-0.33499217712402346,1.9050603554907601,0.44132,1.0
ACTR1B,0.89168,2.108017514657262,-0.9662182055664063,3.0830788684235007,0.3183,1.0
TERF1,0.89168,2.108017514657262,-0.48343095092773436,1.9978874497275507,0.41762,1.0
ADK,0.89164,2.1076034464558373,-0.3395850115966797,2.2845677689647625,0.48736,1.0
ELP2,0.89158,2.1069825958442605,-0.87987302734375,2.9522385274466636,0.3383,1.0
HACL1,0.89156,2.1067757127075275,-0.6770905151367187,2.3070432106309022,0.39288,1.0
HVCN1,0.89154,2.1065688630833965,-0.38873104919433593,2.6573348276489397,0.43298,1.0
CSTF2,0.89146,2.1057417994616654,-0.41676524841308593,2.3332886254697316,0.44422,1.0
SMG6,0.89144,2.105535117212185,-0.6750135778808594,2.0532515989670763,0.37118,1.0
DOK2,0.89136,2.1047087224621195,-0.7379418237304688,1.9333213051860325,0.32142,1.0
CDK13,0.89136,2.1047087224621195,-0.600623955078125,2.0112544756340967,0.3769,1.0
SHPRH,0.8912,2.1030575347511773,-0.1789961100769043,2.3422538186906827,0.46424,1.0
RALGAPB,0.89118,2.102851286211717,-0.905068134765625,1.8763790505528852,0.31938,1.0
MED16,0.89108,2.1018205423911143,-0.5393423571777344,2.0462138764078315,0.38992,1.0
NCR3LG1,0.89098,2.1007906288936304,-0.17325820373535156,1.9704109444861748,0.46294,1.0
MED22,0.89086,2.099555826543217,-0.7660807373046875,1.8582347163267499,0.3397,1.0
SMC2,0.89074,2.0983222149608287,-0.5618107080078125,2.7254819022443555,0.39236,1.0
EED,0.89064,2.097295113004758,-0.12822757641077043,2.1677504232803635,0.48354,1.0
U2AF1L4,0.8905,2.0958585534731604,-0.7324958129882813,1.8747831830811827,0.31424,1.0
BTN3A3,0.89044,2.095243378187251,0.49451754272460935,2.1349936597754486,0.61134,1.0
CHID1,0.89042,2.095038385413717,-0.8051400073242188,2.5535038118325684,0.33618,1.0
SRPK2,0.89042,2.095038385413717,-0.45670211059570315,2.1142300697053242,0.41156,1.0
CUL2,0.89034,2.0942187422701877,-0.17817755409240724,2.1988152583761207,0.4899,1.0
XBP1,0.89032,2.0940139134111107,0.3898164666748047,1.8168977754970272,0.60958,1.0
RIOK1,0.89032,2.0940139134111107,-0.31935729400634766,2.8169838114133605,0.4665,1.0
GFM1,0.8903,2.093809117298441,-0.42560931640625,2.5268620127864527,0.44688,1.0
LYZ,0.89028,2.093604353920032,-0.2000477471923828,3.934920623456813,0.46978,1.0
ZNF600,0.8901,2.09176295455531,-0.25590687408447266,2.614518581686467,0.45274,1.0
ELL2,0.89006,2.09135411375167,-0.3946777716064453,1.8936978137297331,0.40296,1.0
ACAT2,0.89004,2.0911497422394225,-0.6315030639648438,2.098106012845994,0.33712,1.0
XPOT,0.88964,2.087069137165158,-0.8363158618164063,2.7860579085688943,0.35692,1.0
EZR,0.88964,2.087069137165158,-0.36479152648925783,2.20271807713967,0.42032,1.0
MRPS25,0.88964,2.087069137165158,-0.28267885986328123,2.429943629200613,0.44496,1.0
RPP14,0.88956,2.086254571394675,-0.6146876489257812,1.8697675643375358,0.38574,1.0
TDP1,0.88954,2.0860510107055243,-0.7273673132324219,2.7673777310813206,0.36584,1.0
UBE2D4,0.88948,2.085440522256016,-0.5499662951660156,2.40615071304124,0.38456,1.0
CST3,0.88942,2.0848303239839137,0.4332444342041016,3.557706945963392,0.6224,1.0
MALT1,0.88942,2.0848303239839137,-0.32619244121551516,1.8349911031707313,0.4295,1.0
E2F6,0.8894,2.0846269889883615,-0.5108485144042969,2.245706003796395,0.42952,1.0
USP47,0.88934,2.0840171771212184,-0.6564187963867187,2.10502458985791,0.332,1.0
DIMT1,0.88922,2.082798421359895,-0.6401670849609375,2.739486017922909,0.40166,1.0
CFD,0.88916,2.0821894768279305,0.10089652984619141,3.3696010589556438,0.52702,1.0
SEC24C,0.889,2.0805670342015703,-0.19939312260627748,1.9406573467113708,0.45972,1.0
TGFB3,0.88896,2.0801617433674298,-0.09891484979629517,3.660630857429464,0.48166,1.0
RHOT2,0.88884,2.0789466369388947,-0.778699541015625,1.901105012094165,0.3303,1.0
EPB41,0.88874,2.0779349246489147,-0.5867789721679687,2.4254612496923142,0.39312,1.0
SIAH2,0.88874,2.0779349246489147,-0.08786755449295044,1.996312353708846,0.49722,1.0
TRAF3,0.8887,2.077530462462931,-0.8396450805664063,1.6936658062587224,0.2907,1.0
ABCB6,0.88858,2.076317838340968,-0.17460744146347046,3.3636884190495526,0.47602,1.0
RRM1,0.88854,2.0759138841360767,-0.4890620373535156,2.773681447614051,0.38886,1.0
SLC38A1,0.8885,2.075510056694532,-0.49358492004394533,3.530737681440341,0.42002,1.0
ADCY1,0.88848,2.075308190481084,-0.11666645401000976,3.331117520969311,0.4717,1.0
INTS10,0.88846,2.0751063559237646,-0.7529982177734375,2.6974429320247033,0.34826,1.0
SMUG1,0.88836,2.074097657574886,-0.6181508337402344,1.9316328114397487,0.36976,1.0
DDX20,0.88836,2.074097657574886,-0.5312461340332031,2.6641418621163977,0.41012,1.0
PGS1,0.88832,2.073694399424268,-0.6378741345214843,1.9635323112535206,0.37494,1.0
SOCS4,0.88824,2.072888261797304,-0.6839796337890625,1.771979016241242,0.34486,1.0
FABP3,0.88822,2.0726868062139605,-1.3900726904296874,3.352262316985959,0.34954,1.0
APPL1,0.88808,2.0712774986671656,0.1494301951599121,2.0789417618577835,0.50644,1.0
TNFSF9,0.888,2.0704728716970755,-1.226183115234375,2.9217090606529634,0.31458,1.0
TRMT11,0.888,2.0704728716970755,-0.3321855206298828,3.012187439471331,0.44866,1.0
PACSIN1,0.888,2.0704728716970755,-0.23628229904174805,3.157355829077481,0.46588,1.0
MTMR6,0.88796,2.0700707465406585,-0.44037517944335935,1.8581429227193758,0.398,1.0
PCM1,0.88794,2.0698697310046725,-0.847134921875,2.000665768660482,0.3179,1.0
GPR183,0.88792,2.069668746814973,-0.3367098583984375,2.2507399101478396,0.4668,1.0
EIF2B5,0.8878,2.0684634993113393,-0.5724064526367187,2.083174277810152,0.36832,1.0
APOE,0.88776,2.0680620003981027,-1.2738885986328126,3.192709454144838,0.33518,1.0
UBE2G2,0.88776,2.0680620003981027,-0.41311,2.5855672980798623,0.43164,1.0
DDRGK1,0.88774,2.0678612978131454,-0.8175236987304687,2.0366712707983345,0.2757,1.0
CEP63,0.8876,2.0664572535988475,-0.06096067085266113,1.768676521698094,0.47898,1.0
KIF13B,0.88752,2.0656556282445693,-0.4830645056152344,1.7976193408902883,0.38852,1.0
PRMT7,0.88738,2.064253981113625,-0.025630290899276733,2.8907262925335333,0.50928,1.0
MRPL4,0.8872,2.0624540969721985,-0.6104958056640625,2.7636213872467836,0.39378,1.0
AMFR,0.88694,2.0598586850315392,-0.4541288916015625,1.7305365397580417,0.3965,1.0
LONRF1,0.88694,2.0598586850315392,0.008700019874572754,2.6987862095702733,0.44778,1.0
GLO1,0.88686,2.0590611445370266,-0.6554819812011718,2.4132526540585397,0.38516,1.0
BRD1,0.88684,2.0588618362906423,0.08729181298255921,1.8647303007310045,0.51518,1.0
INPP5K,0.88682,2.058662558773013,-0.5778765576171875,1.879983126320622,0.37602,1.0
INTS8,0.8868,2.058463311973074,-0.7565216845703125,2.3642575099991534,0.37184,1.0
ZNF160,0.88666,2.0570694435409034,-0.7971851928710938,2.0459105520567307,0.2979,1.0
SLC39A6,0.88666,2.0570694435409034,-0.41887446533203126,2.0191402227020863,0.42864,1.0
HCFC1,0.88666,2.0570694435409034,0.057204784450531,1.8781092255315166,0.5199,1.0
HSPA14,0.8866,2.056472531017302,-0.5178247827148438,2.215856386514326,0.40896,1.0
IRAK4,0.88656,2.0560747423352224,0.10801866516113282,1.9566649557925873,0.53122,1.0
COA4,0.88654,2.055875893861303,-0.48845931640625,2.333174740823314,0.43704,1.0
ZNF264,0.88648,2.055279531776283,-0.9114850634765626,1.7446869678477788,0.30116,1.0
ZNF568,0.88638,2.0542862054325903,-0.45435592041015627,2.9787058841824647,0.4334,1.0
CITED2,0.88624,2.0528968282298634,-0.03306103162765503,1.8762625763195007,0.4862,1.0
DDX42,0.8861,2.05150894060012,-0.6426323754882812,1.9638926207095473,0.36778,1.0
UBXN7,0.88598,2.0503205053834317,-0.9798701245117187,1.726168871426877,0.2737,1.0
SAP130,0.88598,2.0503205053834317,0.2951117296600342,1.7871603027922363,0.56974,1.0
NAA35,0.88588,2.0493309749063453,-0.6850292443847656,2.1439673889325808,0.3696,1.0
AASDHPPT,0.88576,2.048144534957921,-0.48628010864257815,2.189234030503263,0.43712,1.0
PTTG1,0.8857,2.0475517220147728,0.21926064094543457,1.8173802417785876,0.5485,1.0
RAB3GAP2,0.88564,2.04695918003865,-0.11801848304748536,1.7861772441235488,0.47678,1.0
CPSF7,0.88558,2.0463669087398633,-0.6690145324707031,1.7374778029919928,0.33012,1.0
GTF2A1,0.88544,2.0449859933862258,-0.3948448959350586,1.8494927008078548,0.40876,1.0
CSTF3,0.8854,2.044591716017401,0.1674017377281189,1.9623493294078609,0.54268,1.0
TRIM28,0.88534,2.044000524540109,-0.940926123046875,1.7686391345862085,0.28872,1.0
ADAM8,0.88526,2.0432126879984853,-0.6875732275390625,1.7785756761177656,0.33656,1.0
DDOST,0.88526,2.0432126879984853,-0.5519477136230468,2.2223426878426156,0.39108,1.0
CBX1,0.88514,2.0420318291511257,-0.5420761328125,2.7466689643691673,0.41224,1.0
TYROBP,0.88514,2.0420318291511257,0.11822440719604492,3.8667486722349365,0.54428,1.0
MSI2,0.8851,2.0416384481201213,-0.6920535278320312,2.292446683660874,0.3687,1.0
CEP135,0.8851,2.0416384481201213,-0.597827548828125,1.776360238922459,0.38212,1.0
APOD,0.88506,2.041245186240417,0.03942613128662109,3.358472697733565,0.5048,1.0
ZNF263,0.88502,2.040852043427491,-0.5433654516601563,2.0705291423453884,0.40676,1.0
TRMT13,0.88494,2.040066114664318,-0.37702014404296874,3.142061678617372,0.43532,1.0
RNF19A,0.88494,2.040066114664318,0.1873150210571289,1.83275662395529,0.542,1.0
NR3C1,0.88474,2.038103370525316,-0.27351168701171874,2.440562457112705,0.46872,1.0
GALNT7,0.88468,2.0375151249303194,-1.0546580444335938,1.6921206136177935,0.24838,1.0
ZNF273,0.88468,2.0375151249303194,-0.07135510630607605,2.1055234910730154,0.48816,1.0
AP3B1,0.88458,2.036535306806963,0.12495236539840698,2.0039254085669187,0.53908,1.0
ZNF606,0.88456,2.036339431768531,-0.6907277966308594,2.977583370478311,0.40708,1.0
COX19,0.8843,2.033795737382058,-0.7476039721679687,1.82206339613875,0.33426,1.0
TXN,0.88428,2.0336002744589736,0.8595228686523437,1.8232588062564707,0.7001,1.0
PPT1,0.88424,2.033209436679472,-0.7754346655273437,1.5542367956648357,0.30548,1.0
MPHOSPH10,0.88414,2.0322328554705202,-0.5393903759765625,2.7319612515766694,0.40274,1.0
ZC3HC1,0.884,2.0308668715312788,-0.3813900189208984,1.821307247821607,0.42594,1.0
FNTA,0.88392,2.0300869522289875,-0.1448281081390381,1.9887914938983027,0.46602,1.0
TPD52,0.88382,2.029112709430407,-0.5968053161621094,3.4651360194587806,0.41396,1.0
MED27,0.8838,2.028917948278829,-0.30774710205078126,1.9980273847381875,0.45078,1.0
BBS7,0.8838,2.028917948278829,-0.01812124608039856,1.8953245978929292,0.4947,1.0
ZNF26,0.88378,2.02872321623943,-1.8068862353515625,3.0432005060457414,0.2695,1.0
AK3,0.88378,2.02872321623943,-0.20371572608947755,3.0795908661612565,0.49852,1.0
BAG5,0.88366,2.0275554347869447,-0.5505561340332031,1.8878407349519817,0.39122,1.0
ZDHHC7,0.88356,2.0265830822912037,-1.06806455078125,1.3690600783665219,0.16288,1.0
ELP3,0.88352,2.0261943442934136,-0.6549525354003907,2.2241769959212103,0.41292,1.0
PDS5B,0.88348,2.0258057221740344,-0.5625238647460937,1.8142095028802816,0.38462,1.0
C1orf35,0.88332,2.024252390859094,-0.9154163354492187,2.975119437462591,0.2908,1.0
MATN3,0.8831,2.022119575996734,-0.5086013520050049,3.782583346618245,0.4246,1.0
NUDT2,0.88308,2.0219258564834623,-0.04895804398536682,2.1788397196654063,0.47546,1.0
ZNF626,0.88304,2.0215385036897233,-0.22325563537597656,2.923747265687754,0.48272,1.0
WIPI1,0.88302,2.021344870389197,-0.16080945529937743,1.788872710114548,0.45914,1.0
ADO,0.88298,2.020957689930728,-0.699793115234375,1.918328400895704,0.36622,1.0
BTN3A1,0.88298,2.020957689930728,0.3886621160888672,2.3695562409549544,0.57836,1.0
ELP5,0.88296,2.0207641427527596,-0.8326729516601562,1.948379052277768,0.30962,1.0
GLTP,0.88292,2.020377134449326,-1.1447749609375,1.420275675314011,0.15734,1.0
MRPS23,0.88292,2.020377134449326,-0.5664499145507812,2.5517671653543186,0.38936,1.0
PHB2,0.88278,2.0190235078896275,-0.8684812231445312,1.984479577413277,0.32216,1.0
BAZ1B,0.88274,2.0186370149726343,-0.5154188543701171,2.069319751666697,0.40124,1.0
PCK2,0.88266,2.0178643719924616,0.01970304663658142,1.855190036412237,0.5058,1.0
REL,0.88258,2.0170921856208817,-0.6810798840332031,2.017333102840311,0.33122,1.0
ERCC1,0.88254,2.016706263464933,-0.980331455078125,1.7666079907189105,0.29744,1.0
KRAS,0.88254,2.016706263464933,-0.5118526501464844,1.7321071291134162,0.3809,1.0
ZNF12,0.88252,2.016513345109751,-0.6775585949707031,1.9035751942865828,0.36782,1.0
IL2,0.88242,2.0155491801661682,0.14127326745986937,3.08334526070528,0.51274,1.0
ZNF649,0.88234,2.014778359817598,-0.3174879766845703,1.8618650443183276,0.4303,1.0
ITGB2,0.88232,2.0145857257047095,-0.7178981127929688,1.576483120164602,0.3198,1.0
CTR9,0.88226,2.0140079935467377,-0.68893728515625,2.118582295891591,0.37038,1.0
DIDO1,0.8822,2.013430516453353,-0.641579658203125,1.6808434496812044,0.3315,1.0
CLEC2B,0.88216,2.0130456732960487,0.75742234375,1.6365051028890827,0.70624,1.0
ZNF567,0.88184,2.009970995431935,-0.6571403955078124,2.752255164911011,0.37164,1.0
GTF3C5,0.88182,2.00977906762912,-0.39646458740234375,2.1705879034401923,0.42942,1.0
ZNF250,0.8816,2.007669715948745,-0.2875382330322266,2.419903412589737,0.46806,1.0
DENND4C,0.88158,2.00747812501228,-0.33513987854003907,1.7678926069262997,0.41704,1.0
ITGA4,0.88148,2.0065205902761916,-0.07890499000549317,2.5706505968010283,0.48442,1.0
IDI1,0.88126,2.0044164727372973,-0.31841548889160154,2.095049977557856,0.43888,1.0
PDCD7,0.88114,2.003270193701928,-0.730633818359375,2.7112836747334,0.347,1.0
YAF2,0.88096,2.0015526508694603,-0.4994424267578125,2.126228623829471,0.3949,1.0
PCF11,0.8809,2.000980635754496,-0.27880521697998045,1.7994911131259084,0.44492,1.0
MRS2,0.88086,2.0005994307788826,-0.43393849853515626,2.795165374236881,0.41394,1.0
CEP57,0.8808,2.000027830777221,-0.6608490014648437,2.4327437055938854,0.34102,1.0
CTCF,0.88072,1.9992660843056642,-0.653895927734375,2.1522847821933673,0.3405,1.0
ADA,0.8807,1.9990757167075437,-0.4712208953857422,1.6975825696096447,0.38176,1.0
PTCD3,0.88068,1.9988853766984243,-0.7245543896484375,2.8393171767506318,0.39702,1.0
PIGX,0.88056,1.9977439154842014,-0.7730907763671875,3.4836428472840724,0.3227,1.0
ZNF184,0.88056,1.9977439154842014,-0.2903545477294922,3.2546054655845467,0.46772,1.0
TNKS2,0.88048,1.9969834919269418,0.09452628314971924,1.7215378233156537,0.52888,1.0
NPLOC4,0.88046,1.9967934547745627,-0.4321135296630859,1.740159685061506,0.39106,1.0
GPR27,0.88042,1.9964134628883645,-1.4040051611328126,2.440798216422995,0.2589,1.0
NFKBIA,0.8804,1.9962235081357749,0.11364932735443115,1.755558449900454,0.52446,1.0
TSC22D1,0.88036,1.9958436809647244,-0.23661665138244628,1.9978165600360267,0.43188,1.0
NOP58,0.88032,1.9954639635100424,-0.40717988342285155,3.006929810668309,0.4483,1.0
PPWD1,0.88026,1.994894592882402,-0.8605988403320313,2.410929959337613,0.32036,1.0
PDHA1,0.88022,1.9945151493911433,-0.5126429809570312,2.31137444446221,0.42794,1.0
OPA1,0.88006,1.9929984692257954,-0.43145178344726565,1.8826798561070928,0.40412,1.0
ZRANB1,0.8799,1.9914835355655773,-0.33053229675292967,1.8154393521757297,0.43518,1.0
ATP11B,0.87972,1.9897813169031666,-0.90126443359375,1.7720755229448284,0.29198,1.0
ARFRP1,0.8797,1.9895923172779961,-0.7412656909179688,1.52380128338611,0.30354,1.0
CTSA,0.87964,1.9890254811008024,-0.8613322680664063,1.4324102847953795,0.2294,1.0
EXOC5,0.87958,1.9884588887777976,-0.16979993118286132,1.8714359942664138,0.47556,1.0
MIS18A,0.8793,1.9858180082814705,-0.3378354266357422,2.8102792374564127,0.4351,1.0
EIF2AK1,0.87926,1.9854411712506785,-0.6383108422851562,1.800769727747336,0.31694,1.0
INTS3,0.87924,1.985252793121235,-0.7271206005859375,1.6308133926530866,0.30998,1.0
MRPL46,0.8791,1.9839348992363859,-0.3792693359375,2.4220494665621053,0.44134,1.0
INTS4,0.87904,1.9833704904756866,-0.6847987524414062,2.0245320964781763,0.33968,1.0
SCO1,0.87894,1.982430345506193,-0.22411526580810548,1.784486233391284,0.4498,1.0
UTP18,0.87892,1.9822423968755485,-0.6775070971679688,2.173623008906911,0.37526,1.0
KPNA6,0.87884,1.9814908699291325,-0.6147057958984375,1.7505598762087498,0.36052,1.0
HAUS3,0.87884,1.9814908699291325,0.09379806968688965,2.470104819751687,0.55956,1.0
GPR132,0.87866,1.9798014971579387,-0.5200477124023437,1.815835786997468,0.38962,1.0
RNF126,0.87854,1.9786764482782513,-0.6742660571289063,2.4700698945989035,0.3681,1.0
SDCCAG8,0.87848,1.978114283001941,-0.5616017333984376,1.6642960390338826,0.37382,1.0
TAGAP,0.87846,1.977926947726237,0.653895029296875,1.932975344705401,0.65546,1.0
TMOD4,0.87844,1.9777396390105,1.7758858984375,2.8102052406329388,0.75986,1.0
GFM2,0.87842,1.9775523568457969,0.053200267761945724,2.045889635214668,0.55012,1.0
IMMT,0.87822,1.9756809935434825,-0.5093059814453125,1.9558980901721406,0.40108,1.0
TIMM10B,0.87818,1.975307038604336,-0.6092557739257812,2.183458248162613,0.37638,1.0
ETHE1,0.87816,1.9751201007921553,-0.38259744689941405,1.7535591024135173,0.41248,1.0
ISCA1,0.87804,1.9739990285638853,-0.5231675842285156,2.4664124802154443,0.38244,1.0
DCP1A,0.87804,1.9739990285638853,0.4284770343017578,1.6944315451366263,0.59832,1.0
STX18,0.87802,1.9738122755506482,0.13347632907867432,1.928831659211265,0.51506,1.0
SRSF1,0.878,1.9736255489018601,-0.5807836853027344,1.9056318614451544,0.37836,1.0
PDCD4,0.87796,1.973252174662286,-0.04502242713928223,3.1745078255029533,0.5136,1.0
PDE4B,0.87796,1.973252174662286,0.04215460105895996,1.8766935116008048,0.50898,1.0
ZNF571,0.87792,1.9728789057745189,-0.27416243684768676,5.3902699337066355,0.45982,1.0
IL11,0.8778,1.971759730516639,-0.6273638879394531,3.070820225411607,0.38756,1.0
DFFA,0.87762,1.970082740092657,-0.6445645825195313,2.0478265667284723,0.3905,1.0
OXA1L,0.8776,1.9698965388827951,-0.8008721801757812,1.8880721196886234,0.30016,1.0
TTF1,0.87746,1.9685938629579443,-0.30510770202636717,1.7632588855826206,0.45568,1.0
HSPE1,0.87742,1.968221905035204,0.16883741676330566,1.8594383972756918,0.53848,1.0
TRAPPC13,0.8774,1.9680359652300021,0.008751802597045898,1.9835665005744836,0.5228,1.0
WDR33,0.87714,1.9656211190157984,-0.5289103234863282,1.8764470256370382,0.36714,1.0
MRPL10,0.877,1.9643226369997655,-0.5560007727050781,2.7459682014560194,0.38478,1.0
MED11,0.87688,1.963210663376844,-0.5586183264160156,2.2157313221495674,0.37894,1.0
PUS3,0.8768,1.962469865094332,-0.10766209976196289,2.125224715877822,0.5034,1.0
CLP1,0.87616,1.9565583128186128,-0.6320895886230469,1.8612209529091643,0.3702,1.0
DEDD2,0.87598,1.9549004167037987,-0.9383568579101562,1.1991894992304348,0.15934,1.0
ELP6,0.87584,1.9536123694174052,-0.4987805187988281,2.5980514607113294,0.42354,1.0
CXXC1,0.8758,1.9532445848679199,-0.6933997399902344,1.9657402176574224,0.36238,1.0
SECISBP2,0.87572,1.9525093206142894,-0.2574065673828125,1.868616253492995,0.4608,1.0
PPIH,0.87564,1.9517744623749758,-0.37087379638671875,2.573251285423744,0.4464,1.0
PHKG2,0.8756,1.9514071853436292,-0.9923523217773438,1.6014217908707296,0.23924,1.0
GNPDA1,0.87558,1.951223584820836,-0.4507483935546875,1.7417024428356709,0.3895,1.0
FTL,0.87556,1.9510400096155176,-0.60621546875,2.4044413155290814,0.28886,1.0
MCFD2,0.87546,1.9501225130596802,-0.5054237866210938,1.707260543530401,0.37448,1.0
USP42,0.87518,1.9475568799811491,0.48688640380859377,1.6839970438955156,0.63848,1.0
POP5,0.875,1.9459101490553132,-0.7399557373046876,3.178494373660645,0.34902,1.0
VPS37A,0.8748,1.9440828301366149,-0.2871035452270508,1.778973897105768,0.43742,1.0
TIMM22,0.87476,1.9437176665619171,-0.5043593603515625,2.5431365919803666,0.4142,1.0
GSPT1,0.87466,1.9428051946190739,-0.4861720373535156,2.4161827444924424,0.41748,1.0
TRAPPC10,0.8746,1.9422580107800003,-0.55398138671875,1.647881989966718,0.35826,1.0
RPS4X,0.87434,1.939889469051928,-0.6779076049804688,2.1969818274631665,0.36038,1.0
EIF5A,0.87426,1.9391615312989035,0.0013851334381103516,1.6640927947239703,0.50632,1.0
GABPB1,0.87392,1.9360722121757714,-0.10958990872144699,1.7883799880321645,0.474,1.0
RPL32,0.87372,1.9342582945048297,-0.35405770751953125,2.1431010440617384,0.4359,1.0
MCU,0.87362,1.9333522571561663,0.08652561860084533,1.6807135868659304,0.52474,1.0
ATF1,0.87358,1.932990013911528,-0.43911623168945313,1.8226186334814338,0.41648,1.0
FEM1C,0.8734,1.9313611313413843,0.7827555981445312,1.502893895220866,0.73544,1.0
OFD1,0.87332,1.9306378191244766,-0.1905927328491211,2.9568035449034915,0.49892,1.0
CUTC,0.87322,1.9297342278176624,-0.7395131323242188,2.625097534454915,0.31946,1.0
ASB8,0.87318,1.929372961881404,-0.427105380859375,1.9788782253464572,0.39784,1.0
DDHD1,0.87312,1.928831245551384,0.135347578496933,1.6277167307769698,0.53782,1.0
ZNF493,0.87302,1.9279288713423253,-0.24473404067993165,2.5727345646135893,0.47148,1.0
STRAP,0.87264,1.9245053775611505,-0.6765429858398437,1.8059683491563907,0.35618,1.0
ATRX,0.87262,1.9243254354927977,-0.5664722827148437,1.9537900899062401,0.37252,1.0
UTP3,0.87262,1.9243254354927977,-0.48222120727539064,1.956618638446533,0.38424,1.0
USP48,0.87254,1.923605908411778,-0.5929648559570313,1.8809376931150876,0.35528,1.0
GLG1,0.87242,1.9225273405145251,-0.950877255859375,1.471390874784372,0.202,1.0
CNTRL,0.87232,1.9216291953666145,0.38536032958984373,1.5984779853045856,0.59662,1.0
FBXO9,0.87206,1.9192968248593207,-0.7579509521484376,1.71780276814046,0.31932,1.0
RECK,0.87196,1.9184008361955518,-0.5176251989746093,1.6395737027727653,0.36192,1.0
NDEL1,0.87182,1.9171474545065934,-0.23268703323364257,1.7470630646850733,0.44984,1.0
JMJD6,0.87178,1.916789559940508,-0.5746954187011719,1.6749455739587138,0.35354,1.0
FCER1G,0.87178,1.916789559940508,-0.09804167976379395,3.517853140717232,0.47196,1.0
RAD23B,0.87174,1.9164317605905852,-0.6769147973632812,1.6215627528429182,0.33934,1.0
SNRPA,0.87158,1.9150015141356473,-0.3373008575439453,1.8280243072312372,0.38722,1.0
PEX11B,0.87144,1.9137512943449329,-0.43914641235351565,1.9667419915508837,0.39764,1.0
MED24,0.8711,1.9107198708797044,-0.2829546240234375,2.1310364677399365,0.43836,1.0
KREMEN2,0.87086,1.9085841419473608,-0.6661557751464844,3.0726939903347006,0.41638,1.0
RNF138,0.87074,1.9075175449928454,0.711078251953125,1.7554091222265433,0.66674,1.0
ALDH9A1,0.87072,1.9073398608220966,-0.7433623364257812,2.0934794263757652,0.32144,1.0
ZNF3,0.87068,1.9069845626894042,-0.2665136477661133,1.8710038396894126,0.40882,1.0
MRPL1,0.87068,1.9069845626894042,-0.04651985290527344,3.1230283725553427,0.5266,1.0
SRSF2,0.8701,1.9018432238954248,-0.3486935791015625,1.9573943699556222,0.42614,1.0
SYCE2,0.86998,1.9007819381023197,2.01695431640625,2.9955513455214215,0.79674,1.0
MAFB,0.86998,1.9007819381023197,0.032049011335372926,3.839228795433391,0.51702,1.0
KYNU,0.86994,1.900428361312152,-0.23329952346801758,3.3558810383097755,0.4529,1.0
BDP1,0.86994,1.900428361312152,-0.18271306121826172,1.9001320934125874,0.47644,1.0
HDAC8,0.86986,1.8997214850926227,-0.4630024176025391,1.6494441421554957,0.37458,1.0
UPF1,0.8698,1.8991915703890694,-0.16252113334655763,1.7724017615266086,0.47052,1.0
NCOA3,0.86974,1.898661863290929,0.24847855041503905,1.7116858870713592,0.57144,1.0
TMX3,0.86974,1.898661863290929,-0.13365364727020262,1.9592378997671192,0.47696,1.0
PEX19,0.8695,1.8965451070315902,-0.4185248358154297,2.041858353565305,0.3858,1.0
GLUL,0.86942,1.895840256902438,0.05418298765182495,2.0144820268896972,0.51448,1.0
PTK2B,0.86924,1.8942556847955259,0.1347371107673645,1.7358705862569546,0.53608,1.0
ARID4A,0.8692,1.893903809359176,-0.7260343286132812,1.4332880560870997,0.27182,1.0
FBXL5,0.86918,1.8937279059204222,-0.6124128637695313,1.7543727750677667,0.36146,1.0
RHOH,0.86912,1.8932003326357851,-0.22259360771179199,3.258873993113779,0.47104,1.0
RARA,0.86872,1.88968841712681,-0.2532976953125,1.5800068557661786,0.44522,1.0
MZT1,0.8686,1.8886366140502118,-0.10517829879760743,1.8892665977609318,0.50256,1.0
HSPH1,0.86848,1.8875856258985801,0.034295985748767854,1.7542329821531746,0.49958,1.0
RPS14,0.86842,1.8870604369424326,-0.40176710205078126,2.1820471708617957,0.43344,1.0
EMB,0.86842,1.8870604369424326,-0.3657651220703125,3.3000766587462618,0.46132,1.0
OSBPL6,0.86838,1.8867104238495955,0.6476657696533203,2.526880725174196,0.61716,1.0
TCP1,0.86838,1.8867104238495955,-0.26090939331054686,1.737623106982588,0.4341,1.0
ZNF708,0.86836,1.8865354511454155,-0.6352040075683594,2.5692844086779,0.35894,1.0
ING5,0.86836,1.8865354511454155,-0.34175692962646487,1.791930586935789,0.43358,1.0
UHMK1,0.86812,1.8844375357492549,0.017508925132751464,2.2435598239481926,0.53612,1.0
IP6K2,0.8681,1.8842628556744931,-0.4574993908691406,1.7106531786392998,0.38766,1.0
AMPH,0.86796,1.883040723664197,-0.26120229110717774,3.074011299994742,0.4631,1.0
CDC40,0.86788,1.882342855732582,-0.48080204711914065,1.8675606313580675,0.41132,1.0
MYO7A,0.86774,1.8811224483725086,-0.14162722942352296,3.054300060045193,0.50464,1.0
IRF1,0.86748,1.8788588793685113,0.7280741748046875,1.3826206868682065,0.71774,1.0
PDGFRA,0.86744,1.878510972045619,0.6205649127197266,2.9284337833518035,0.57686,1.0
ZNF124,0.86734,1.8776415926724714,-0.17428894424438476,1.6341778127486013,0.4534,1.0
HSP90AB1,0.86732,1.8774677834171651,0.3429749530029297,1.609562145663616,0.60332,1.0
AGGF1,0.8673,1.877293996352248,-0.5987456518554688,1.7376218375249388,0.34542,1.0
PEX2,0.8672,1.8764253936430482,-0.5173874462890625,1.518920867430635,0.36744,1.0
RPS3,0.86718,1.8762517395762377,-0.6921955541992187,2.2503155816663996,0.33796,1.0
USP34,0.86716,1.8760781076517699,-0.6515784716796875,1.7318142884323835,0.3472,1.0
ADD1,0.86712,1.875730910202455,-0.19212539405822754,1.5626619215940978,0.45308,1.0
POP7,0.86672,1.8722637934910566,-0.6912998095703125,1.9443346596202389,0.33964,1.0
CERS2,0.8665,1.870360631315357,-0.42044005981445315,1.7287061663622432,0.43036,1.0
TADA3,0.86642,1.8696692301487128,-0.9218089331054687,1.2867878908364063,0.2263,1.0
THUMPD1,0.86622,1.867942258179516,-0.19213887420654296,2.1667663065585527,0.46692,1.0
ELF2,0.86594,1.865528161167707,-0.3507135534667969,1.746048371473158,0.41134,1.0
LY6G6F,0.86594,1.865528161167707,0.25457989822387694,3.3504284493435046,0.50674,1.0
ZC3H11A,0.86584,1.8646670164719379,-0.3775835809326172,1.4917941136417046,0.40378,1.0
MED17,0.8658,1.8643227104702988,-0.20958063018798828,1.9701015456252517,0.46494,1.0
USP33,0.86566,1.8631183219325809,0.29902475036621096,1.6242962927727504,0.59502,1.0
RUFY1,0.86562,1.8627744056937316,-0.4055897308349609,1.632547241470166,0.38714,1.0
YARS2,0.86552,1.8619149932789574,-0.24540905334472657,2.567091546071438,0.48572,1.0
CTDSP2,0.86536,1.8605410554394837,-0.9531449243164063,1.3842127893566878,0.19166,1.0
NBR1,0.86496,1.8571122322404354,-0.5753645922851562,1.5417388341802694,0.35384,1.0
GRPEL1,0.86494,1.8569410162175293,-0.53611904296875,2.1724068469062194,0.40088,1.0
HSD17B7,0.86494,1.8569410162175293,-0.1478524942779541,2.0962400960592307,0.4789,1.0
EIF2B1,0.86492,1.8567698215883275,-0.694442685546875,2.0347798082861925,0.341,1.0
BTN3A2,0.86442,1.8524968897986167,-0.011762191190719605,2.5453676579503486,0.51676,1.0
SERPINB1,0.86438,1.8521556296729884,0.7684031201171875,1.0228763225170707,0.86986,1.0
VPS72,0.86432,1.8516438985606576,-0.5187697497558593,1.7612806391109261,0.36248,1.0
CLINT1,0.86428,1.8513028504614404,-0.5085241369628907,1.8693955822006072,0.39636,1.0
DCAF7,0.86428,1.8513028504614404,-0.2498727850341797,1.5656540190332242,0.44944,1.0
RNF146,0.86426,1.8511323581852446,-0.04582706207275391,1.571540456605864,0.50028,1.0
MBD4,0.86398,1.8487476866404922,-0.5177806433105469,1.6509938420086299,0.3883,1.0
MBP,0.86392,1.848237223836898,-0.6603603540039062,1.7510691889306762,0.29354,1.0
PHIP,0.86374,1.846706972245315,-0.21305551300048828,1.6610001854178778,0.45008,1.0
ZNF791,0.86372,1.8465370494138653,-0.5910346997070313,2.0531477156639193,0.3831,1.0
WBP11,0.8636,1.8455179532312909,-0.48820207641601565,1.7698761576569322,0.3793,1.0
MAP2K1,0.86352,1.8448389751269632,-0.6655462231445313,1.473310616307259,0.3186,1.0
PLEKHA2,0.8634,1.843821135984687,-0.01030213062763214,1.5595207531116029,0.49956,1.0
CWC27,0.86332,1.8431429946436784,-0.3524962847900391,2.082816645267406,0.44992,1.0
SLC25A26,0.86324,1.8424651873021625,-0.5765266723632813,2.9030477324148016,0.38768,1.0
DDX6,0.86314,1.841618397199276,-0.5680066320800782,2.076404393222644,0.34988,1.0
OSBPL2,0.86308,1.8411105730091994,0.09556077788352967,1.635190951028058,0.53084,1.0
ATP6V1H,0.86304,1.8407721275579334,0.4108506573486328,1.487457823080081,0.62074,1.0
ZNF720,0.86296,1.8400954860513088,-0.033507466611862186,1.9053394274159212,0.49142,1.0
UPF3B,0.86284,1.8390811465317969,-0.27146632369995116,1.7941163905910504,0.43602,1.0
USP14,0.86276,1.8384053347639242,-0.1398952326965332,1.9419422958752939,0.47162,1.0
YY1,0.86254,1.8365485589482786,-0.48039208251953125,1.632510217169229,0.35624,1.0
UBE2G1,0.8622,1.8336839037334758,-0.48156130859375,1.835998952431918,0.37442,1.0
CDC37L1,0.86164,1.8289785659509308,-0.5283980822753906,2.044719229237431,0.35246,1.0
IFNB1,0.8616,1.8286430826586098,2.270354755859375,3.1036010122894693,0.80754,1.0
ISG20L2,0.86152,1.8279723601526712,-0.4636926892089844,1.811731194204114,0.38926,1.0
VDAC3,0.86152,1.8279723601526712,-0.4320516613769531,1.8344425681196834,0.41204,1.0
ZNF136,0.8615,1.8278047303405915,-0.1201974165725708,2.2738729658103223,0.4769,1.0
TBCB,0.86148,1.827637120842171,-0.6140612182617188,1.5968556205747935,0.3282,1.0
MRPL39,0.8612,1.8252927174175035,-0.3068978466796875,2.045499270689401,0.4224,1.0
MAGED2,0.86114,1.8247908615104085,-0.6372031372070313,2.399620855025022,0.29972,1.0
GAPVD1,0.86096,1.823286384224027,-0.7824114038085938,1.5964739261111551,0.32448,1.0
SRP68,0.86096,1.823286384224027,-0.597394638671875,2.0115390556110513,0.33458,1.0
TAOK1,0.86088,1.8226182518461091,-0.2588095162963867,1.6138495889030537,0.43104,1.0
UNKL,0.86052,1.819615635875033,-0.17944070549011232,1.6805957742003537,0.44806,1.0
DNAJB1,0.86042,1.8187827285367328,-0.19855750030517577,1.5144624414145675,0.4294,1.0
CHD8,0.8604,1.8186162070653034,-0.4294168969726562,1.6915003872996897,0.38984,1.0
ERAP1,0.86036,1.818283224071397,0.15781928356170655,1.5662277010164845,0.5537,1.0
NIP7,0.86026,1.8174511160134745,-0.35735008850097655,2.251771077299121,0.42678,1.0
KDM3B,0.86008,1.8159545774666257,-0.48055482177734377,1.5540887894873623,0.36906,1.0
LSM2,0.86008,1.8159545774666257,-0.16382592651367187,2.483890194713866,0.49398,1.0
EAF2,0.86004,1.8156222322943412,0.51001041015625,1.8538421927642272,0.66182,1.0
TAGLN2,0.86004,1.8156222322943412,-0.43090522094726563,1.4929044194453478,0.36808,1.0
ACTR1A,0.85958,1.811805966272936,-0.6556153637695312,1.3210432329431805,0.30162,1.0
INSIG2,0.85948,1.8109777278119015,-0.09437910983085632,1.9490064490183288,0.48086,1.0
TRIM33,0.85944,1.810646570479445,-0.4005212158203125,1.3838731637733979,0.38322,1.0
RALBP1,0.85942,1.8104810213726128,-0.4648078662109375,1.7566395183726327,0.35988,1.0
MRPL49,0.85916,1.808330673449211,-0.24378507858276366,2.3118178021427522,0.43518,1.0
HERPUD1,0.8591,1.807834910739376,-0.2560699462890625,1.7794527772643383,0.44826,1.0
UBA5,0.85902,1.8071741682545617,-0.540496640625,2.8244786477283004,0.43376,1.0
SRSF3,0.85884,1.8056886427314376,-0.4869016223144531,1.6730801216291702,0.3713,1.0
CPNE3,0.85878,1.8051938193359796,-0.4607589770507812,2.3024698892381563,0.39782,1.0
CALU,0.8587,1.8045343279879573,-0.42687904907226565,1.6317316159606818,0.40762,1.0
MRPS30,0.8587,1.8045343279879573,-0.3846982971191406,2.334280677787835,0.40566,1.0
TXNL4A,0.85862,1.8038751485103433,-0.5052626159667969,1.6581745132072616,0.3965,1.0
COQ7,0.85854,1.8032162805388545,-0.1571640242767334,1.6579368846894527,0.46382,1.0
ZNF131,0.85832,1.8014059968539125,-0.13866623342514037,2.3547818735079127,0.48094,1.0
VBP1,0.85822,1.8005839164500093,-0.3654493060302734,1.7417436396566779,0.43592,1.0
BAZ2A,0.85792,1.7981205758037346,0.012997437896728515,1.6221840692408325,0.50998,1.0
ZKSCAN1,0.85764,1.7958253703778955,-0.7155461206054687,1.6007654813368475,0.32516,1.0
ANXA5,0.85758,1.7953340305951002,-0.27264681213378905,2.0875169897823964,0.42456,1.0
ETFA,0.85752,1.7948428634018574,-0.5641602172851562,1.5635179519121343,0.36936,1.0
TRPC1,0.857,1.7905932883378723,0.01022647720336914,3.2368977795985865,0.47196,1.0
CD74,0.85692,1.789940650958202,-0.31826390502929686,2.286515579853274,0.4398,1.0
SNRNP200,0.85688,1.7896144462559103,-0.74000140625,1.7091437997204981,0.32504,1.0
GOPC,0.85676,1.7886362875727093,-0.05888538676738739,1.827521444570728,0.49582,1.0
CCDC59,0.85642,1.7858685388675968,-0.45506290893554685,1.8685402173442758,0.3856,1.0
PHF1,0.85538,1.777436201898221,-0.4231671484375,1.6180907875966508,0.37744,1.0
DHX15,0.8553,1.7767896509492973,-0.12828692523956298,2.0085801168751845,0.4943,1.0
ZNF33A,0.85526,1.7764664868389528,-0.6001943249511719,1.9668625513070066,0.33962,1.0
SMNDC1,0.85502,1.7745290586033098,0.19920713775634766,1.6294979104297889,0.56152,1.0
MGRN1,0.85492,1.7737225828929084,-0.6603667333984375,1.39454979192112,0.28536,1.0
SF3B3,0.85474,1.7722720889456627,-0.39110675048828125,2.5870612290186035,0.4252,1.0
SULT1C4,0.8547,1.771949959595735,0.5993327716064453,2.644217680702751,0.5937,1.0
ZNF701,0.85428,1.7685720367634195,-0.45665629028320315,1.754917305556492,0.3886,1.0
HSPA5,0.85426,1.7684113848597558,-0.04219566824913025,1.602542829294005,0.49014,1.0
TAF7,0.8542,1.767929538832808,-0.27323672668457033,1.6784636651340048,0.42972,1.0
ZNF430,0.85408,1.7669663398901376,-0.5312282629394531,2.197666244742211,0.3869,1.0
MRPS16,0.8535,1.7623201137773736,-0.33384994018554687,1.665384650416941,0.42762,1.0
KANSL2,0.85346,1.762000246557925,-0.32058856567382815,2.233925200109484,0.4248,1.0
PGRMC1,0.85338,1.7613607290147515,-0.2508197015380859,1.695528426564738,0.42834,1.0
NLRC5,0.85236,1.7532320946359212,0.6199323803710938,1.3381224460719177,0.68884,1.0
VAMP4,0.85224,1.7522788414119577,-0.14704754287719726,1.7116825913618676,0.48376,1.0
CPNE1,0.85194,1.7498985047993691,-0.19155198837280274,2.2703103931099213,0.4643,1.0
CRNKL1,0.8517,1.747997103003149,-0.45026164428710935,1.7286025189385625,0.3967,1.0
DCPS,0.85146,1.7460982408333507,-0.1588398020172119,3.032638894971693,0.48272,1.0
POU2F1,0.8514,1.7456239211103934,0.19386287017822265,1.4622752748913075,0.55948,1.0
GCC2,0.85138,1.7454658496676525,-0.4134547998046875,2.1262469897288425,0.38796,1.0
DHRS7B,0.85118,1.7438861001016226,-0.8122803515625,1.3521383800576317,0.2206,1.0
ESCO1,0.85116,1.743728221523574,-0.1555815159702301,2.3380439451696913,0.47796,1.0
PPM1A,0.85108,1.7430968822010005,-0.532485986328125,1.2494027196262527,0.33304,1.0
NUP62,0.84986,1.7335034378916492,0.1520159660720825,1.375668507079984,0.54808,1.0
MRPS28,0.84974,1.732563293398858,-0.2826113995361328,2.30925761203189,0.4456,1.0
SCFD1,0.8493,1.7291213751535144,-0.31010446044921874,1.5322227901606293,0.41502,1.0
PUM1,0.84928,1.7289651208757355,-0.14863453086853026,1.5988554432411735,0.4619,1.0
ZNF217,0.84886,1.7256877132390784,-0.7321148559570313,1.446565350839538,0.26736,1.0
COX5A,0.84884,1.725531833061561,0.002283078908920288,1.573415423893018,0.57218,1.0
CACNB2,0.8487,1.724441146181321,-0.1974020937347412,3.256514074481391,0.45054,1.0
ARL1,0.84866,1.7241296736924676,-0.40805933837890623,2.233596979534753,0.43014,1.0
ANXA1,0.8481,1.719776143765927,0.4227882141113281,2.1070789469093354,0.6272,1.0
PFDN1,0.84782,1.7176043183613598,-0.2500556857299805,1.7704831492472568,0.46644,1.0
ATG10,0.84756,1.7155905572031716,0.05190053734302521,1.3181997949695943,0.51088,1.0
INO80C,0.84726,1.7132704838489776,-0.4081495703125,1.5572474378051153,0.38414,1.0
CIAO1,0.8468,1.7097202819542192,-0.43417877197265625,1.5267084132618665,0.37126,1.0
MED30,0.84672,1.709103747263986,-0.2797206390380859,1.4119996838739686,0.43242,1.0
DCUN1D1,0.84662,1.7083334493784648,-0.7183418212890625,1.0559730676413994,0.24176,1.0
WHAMM,0.84662,1.7083334493784648,-0.03645192760467529,1.8170131384376815,0.48114,1.0
HSPA4,0.8465,1.7074096345459384,-0.111695262966156,1.6283197425124838,0.46718,1.0
FN3KRP,0.84592,1.7029528444373248,-0.35559560913085936,2.8750448646420033,0.39962,1.0
CDK19,0.84522,1.697592194657957,-0.30112137145996093,1.4885325548070438,0.43322,1.0
ATF6,0.84462,1.6930130925456546,-0.3348488122558594,1.5334335367412293,0.41716,1.0
GAK,0.84386,1.6872335633674873,-0.2655949655151367,1.533876821441511,0.43048,1.0
STAMBP,0.84372,1.6861714158122005,-0.08747485093593597,1.7382805002988904,0.49144,1.0
NUDT21,0.84344,1.6840494441808733,-0.29933373779296873,1.6172431351966734,0.45508,1.0
SPTSSB,0.84324,1.6825356416606758,-1.2601662329101562,2.660736389751064,0.26662,1.0
APOA1,0.8432,1.68223306987079,-1.6506392529296876,2.8866624018601,0.23194,1.0
MED6,0.84282,1.6793617666328446,0.03297514944553375,1.5696525270054738,0.51834,1.0
SLCO3A1,0.84266,1.6781544862738413,-0.4717638671875,1.494238822705513,0.33826,1.0
S100A11,0.84256,1.677400443004001,-0.019180317573547365,1.6242058113926106,0.51024,1.0
CWC22,0.8424,1.6761947833959874,-0.14541795383453368,1.717745074272359,0.48558,1.0
MBD1,0.84232,1.675592326704039,-0.30923855346679685,1.648257506008167,0.42216,1.0
SUPT6H,0.84188,1.672283247842486,-0.5490466735839844,1.4025865027467286,0.31868,1.0
DDX52,0.84186,1.672133012991179,-0.20892025970458986,1.7338881526402494,0.4193,1.0
NIPBL,0.84174,1.671231927777689,-0.3327318603515625,1.3943002302782077,0.40916,1.0
ATG4A,0.84156,1.6698813395831034,-0.4013484326171875,1.8418071257246513,0.44914,1.0
EIF5B,0.84124,1.6674833659006127,-0.3839246008300781,2.447350769218874,0.4376,1.0
RBM17,0.8407,1.6634456612252482,-0.39052612915039064,1.7847511525238433,0.4044,1.0
LSM6,0.8406,1.6626991562149016,-0.3250659405517578,1.644751140440614,0.45512,1.0
TRIP11,0.84058,1.6625499007590465,-0.4681104638671875,1.6559090202851716,0.4077,1.0
DEGS1,0.84044,1.6615055371836422,-0.12300717304229736,1.6207509282174242,0.5104,1.0
RABEP1,0.84018,1.6595679726494243,-0.43252033935546874,1.4927826705037577,0.38168,1.0
SVIP,0.83976,1.6564434453699792,-0.3913767449951172,3.232969106483547,0.40576,1.0
TXNIP,0.83974,1.6562948237655302,0.11667122905731202,1.4169605220983597,0.54386,1.0
BLOC1S6,0.8396,1.6552548925140638,-0.5978919201660157,1.2532145844862104,0.31136,1.0
ABHD3,0.8396,1.6552548925140638,-0.178714833984375,1.393359622427323,0.43858,1.0
WDR20,0.83912,1.6516949781889516,-0.21565937026977539,1.765586119837183,0.4555,1.0
PIGH,0.83882,1.649474389433221,-0.41000287719726564,1.9252495181394578,0.40688,1.0
TFIP11,0.8386,1.647848078900814,-0.24961045166015625,1.6351971770917682,0.43406,1.0
MRPL18,0.83796,1.6431271483114547,-0.07905622650146485,1.404929298489598,0.45902,1.0
ATF7IP,0.83732,1.638421234187295,-0.40436934814453124,1.7227387949633548,0.37858,1.0
ZNF233,0.83718,1.637393804986339,-0.00951287834405899,3.306618601450447,0.46166,1.0
PPIL4,0.83526,1.6233745801154282,-0.4274442175292969,1.5801102690588218,0.4097,1.0
GALNT6,0.83518,1.622793301146265,0.01819644302368164,1.4428671298842275,0.5071,1.0
EEA1,0.8341,1.614968102051167,-0.6226885693359375,1.315684039765385,0.2708,1.0
CMC2,0.8341,1.614968102051167,0.4207356494140625,1.2758068638854108,0.64418,1.0
CRBN,0.83268,1.60474126812546,-0.406742646484375,2.117275659972536,0.37112,1.0
ARID4B,0.83184,1.598724207506765,0.06805813936233521,1.3809977671345453,0.52726,1.0
FXYD3,0.83076,1.5910231186260682,0.1583544917678833,2.9532523199166687,0.51002,1.0
GALNT12,0.83004,1.5859107771538827,1.3718041064453126,2.933531797345953,0.71104,1.0
ABI1,0.82984,1.584493740231591,-0.04609291570663452,1.2236878729906877,0.47878,1.0
SLCO4C1,0.82964,1.5830780267056652,1.4104372583007811,3.032860065663593,0.66916,1.0
ZNF638,0.82924,1.5802505567751501,-0.59588220703125,1.6144507552250367,0.33864,1.0
UBE2K,0.82922,1.5801093214246722,-0.16808232033252715,1.2630145314439216,0.4477,1.0
ATG4B,0.8289,1.5778513396993326,-0.4389883374023438,1.3921061288564627,0.38364,1.0
CIDEC,0.82852,1.575174334857546,1.3779210107421875,2.9639110722835844,0.67324,1.0
KCMF1,0.82848,1.5748928186807356,-0.3334014776611328,1.3499618312768369,0.39298,1.0
ZNF75A,0.828,1.5715186775718064,-0.4408675939941406,2.330707959545944,0.38642,1.0
YPEL5,0.82792,1.570957046400443,-0.28735771240234376,1.5044977791887328,0.3914,1.0
ACTB,0.82674,1.5626968997718726,-0.7620115161132812,1.107397000754241,0.18586,1.0
RBM4,0.82662,1.5618593798440685,-0.4391462451171875,2.468778783299189,0.38388,1.0
B3GALT4,0.8262,1.558931662131373,-0.5758179821777344,1.164335330457822,0.28436,1.0
BBIP1,0.82588,1.5567047678325814,-0.15980833905220032,1.4283758176369419,0.447,1.0
LAMA5,0.82532,1.5528154612996694,-0.042695501308441165,2.594883759067884,0.501,1.0
ENSA,0.82394,1.5432728656915513,-0.4283600402832031,1.7885846114223107,0.38316,1.0
IL1RL2,0.82382,1.5424458597629462,-0.31219210754394533,2.6189210292634866,0.45984,1.0
TIMM17A,0.82356,1.5406555314718042,-0.23933317077636718,1.6216512744799296,0.48128,1.0
ING3,0.8235,1.5402426732443437,-0.4568823107910156,1.4198937275870154,0.35684,1.0
GDI1,0.82328,1.5387298024159746,-0.6152275549316406,1.1927329322379854,0.25464,1.0
UBB,0.82326,1.5385923420712804,-0.12372990814208984,1.153506989858086,0.45144,1.0
ZNF143,0.82322,1.538317458024367,-0.33690777954101564,1.2751391903338896,0.41654,1.0
CAND1,0.823,1.5368064681032403,-0.25916712890625,1.9933694059926814,0.48256,1.0
CDC5L,0.8213,1.5251800285807644,-0.3497568133544922,1.3546754345009124,0.38254,1.0
SMS,0.82,1.5163474893680882,-0.6268161535644531,1.3823952586840806,0.31896,1.0
SRSF11,0.8196,1.5136398087362213,-0.20382395874023437,1.5109247972888025,0.45438,1.0
CYB5B,0.81918,1.510801778615495,-0.3672565417480469,1.9739885205892829,0.41378,1.0
CHMP1A,0.81868,1.5074298610385999,-0.15736763458251954,1.3369631362105323,0.44958,1.0
SCAMP1,0.81864,1.5071604205792266,-0.1856362112426758,1.7158020308837612,0.4455,1.0
C2orf49,0.81752,1.4996347893278212,-0.08737006839752197,1.3900916345328507,0.48676,1.0
CHD1,0.8152,1.4841593227009315,-0.399364970703125,1.397239318423558,0.35894,1.0
MTIF3,0.81506,1.48323028201348,-0.5254417895507812,1.4453805416459267,0.32282,1.0
LCMT1,0.81494,1.4824343940780185,-0.26842621154785157,2.100060786836227,0.43146,1.0
BCAS2,0.81456,1.479916710562584,-0.3347190350341797,1.7796814979068691,0.3878,1.0
PBX1,0.81368,1.474101542741255,0.4367094414138794,2.8026089164883454,0.56526,1.0
ANLN,0.81202,1.4631893962080675,0.0771944221496582,2.9803473125158133,0.52562,1.0
DNAJB6,0.81164,1.4607018667240699,-0.027477181873321533,1.301917283422698,0.49596,1.0
UBC,0.81156,1.4601786675430082,0.16804339523315429,1.4485920482321193,0.57668,1.0
JUNB,0.8078,1.43577800659312,-0.40860108520507815,1.1587951977790532,0.31904,1.0
AQP10,0.804,1.4114846099484495,0.04206049289703369,3.316362037675811,0.48092,1.0
PMCH,0.8008,1.3913018828505126,0.3167996873760223,3.119666781752853,0.5066,1.0
SNAPIN,0.80074,1.390925795502352,-0.021268225450515748,1.239974962137063,0.5163,1.0
TCF7L1,0.79858,1.3774428702688235,0.48957338317871096,3.244541788620999,0.55328,1.0
B2M,0.79558,1.3588947075024829,0.2940275701904297,1.1007742092478618,0.70162,1.0
ITGB5,0.79504,1.3555775897055862,1.0252653540039063,2.586204211467164,0.68036,1.0
BNIP2,0.79482,1.3542280312646584,-0.2130780194091797,1.1459155169132118,0.42748,1.0
ZNF224,0.78598,1.3008618782139938,-0.2624602203369141,2.0820227225262693,0.42962,1.0
SYTL4,0.7788,1.2586870038498652,-0.09934708868026733,2.7427536309682474,0.45844,1.0
CHTOP,0.77576,1.2411262871397581,0.000666200590133667,1.1656309297457315,0.51164,1.0
BUB1B,0.77414,1.2318373974906216,0.8848102514648437,2.8445897315391053,0.65502,1.0
PSMB11,0.76936,1.2047009470740797,-0.027805462560653686,2.986847362814476,0.52168,1.0
SCG3,0.76254,1.1666557778843878,0.9475605297851563,2.1256019780184094,0.68594,1.0
KIR2DL1,0.76156,1.16125125473775,-0.9688234033203125,2.4028455466366014,0.29222,1.0
OPRM1,0.74312,1.0622484892980069,0.06428665634155273,2.464501435072147,0.46762,1.0
KIF4A,0.73076,0.9984819133258565,-0.12929677291870117,2.1755398397898413,0.42832,1.0
EIF5,0.72886,0.9888463770188769,-0.16491230575561525,1.1838331629826706,0.45452,1.0
MMP24,0.72808,0.9849030268812394,-0.9608099926757813,2.065047720432113,0.28214,1.0
TMSB4X,0.72408,0.9647909148903296,-0.2758850280761719,1.5678047420185683,0.43434,1.0
FSTL1,0.7037,0.8649796743929837,0.8449769458007812,2.0376596026759923,0.69806,1.0
MBOAT4,0.69446,0.8210538622057746,0.4337648376464844,2.062817392528576,0.54642,1.0
NPPC,0.68908,0.7958217302161497,0.8086158544921875,2.4356328163888166,0.68392,1.0
EGF,0.68332,0.769071470775624,0.3916918783569336,2.44320782264152,0.51756,1.0
SPTA1,0.67242,0.7191508452377581,0.5629741784667969,2.598058367591245,0.4997,1.0
SLC2A14,0.64852,0.612540033054226,-0.5451871044921875,2.1565933910449018,0.33078,1.0
IL36RN,0.6416,0.5823153754515291,1.656731630859375,2.733907004698822,0.79168,1.0
GYPA,0.6154,0.4700686297332618,-0.03698592067718506,1.5279280486167488,0.47126,1.0
STX1B,0.43848,-0.24733319168430523,-0.10684175994873046,1.0032868332031044,0.39424,1.0
MOCOS,0.43766,-0.25066429594592293,0.4408411950683594,1.172958947736216,0.73344,1.0
TLR9,0.00074,-7.208120097830909,-0.0005149803410843015,0.01547899258255308,0.41022,1.0
