pathway,n_genes,n_tested,median_member,median_reference,effect,pvalue,qvalue,sign
REACTOME_INTERFERON_ALPHA_BETA_SIGNALING,18,18,3.663293142089844,-0.003919585571289075,3.667212727661133,7.021823637008736e-10,5.919397325998365e-07,1
REACTOME_INTERFERON_SIGNALING,49,49,0.6330472526931763,-0.005559578857421893,0.6386068315505982,3.052583334313531e-07,0.00012866638754131535,1
REACTOME_CYTOKINE_SIGNALING_IN_IMMUNE_SYSTEM,191,191,0.20292805725097657,-0.01513460662841798,0.21806266387939455,4.544403414806259e-06,0.001276977359560559,1
REACTOME_HSF1_ACTIVATION,15,15,0.5083876824951171,-0.0024984500122070263,0.5108861325073242,0.00019073734507054328,0.040197895473617,1
REACTOME_DISEASES_ASSOCIATED_WITH_GLYCOSAMINOGLYCAN_METABOLISM,7,7,-0.597247021484375,0.0005578344726562268,-0.5978048559570313,0.0005154666358600873,0.08240354078917832,-1
REACTOME_ATTENUATION_PHASE,14,14,0.5079194563579559,-0.0023996643066406254,0.5103191206645965,0.000586502069673867,0.08240354078917832,1
REACTOME_CELLULAR_RESPONSE_TO_HEAT_STRESS,33,33,0.4019750601196289,-0.004207713356018078,0.406182773475647,0.0007307480180363598,0.08800293988637875,1
REACTOME_HSF1_DEPENDENT_TRANSACTIVATION,16,16,0.5079194563579559,-0.0023996643066406254,0.5103191206645965,0.0008641284942238598,0.09105754007883922,1
REACTOME_INNATE_IMMUNE_SYSTEM,212,212,0.09420921524047851,-0.012457293701171879,0.10666650894165039,0.001320892783713106,0.12372362407446093,1
REACTOME_A_TETRASACCHARIDE_LINKER_SEQUENCE_IS_REQUIRED_FOR_GAG_SYNTHESIS,6,6,-0.6990229260253906,0.00047646484374996856,-0.6994993908691406,0.0016121660944737179,0.1359056017641344,-1
REACTOME_REGULATION_BY_C_FLIP,6,6,1.2463192309570312,-0.0011616494750976702,1.247480880432129,0.00198553108237108,0.15216388203989276,1
REACTOME_REGULATION_OF_HSF1_MEDIATED_HEAT_SHOCK_RESPONSE,29,29,0.36933602365493773,-0.003258410644531251,0.372594434299469,0.0023379954529729333,0.16424418057134857,1
REACTOME_TNF_SIGNALING,9,9,0.5179725890159607,-0.002109395446777379,0.520081984462738,0.002663961902983645,0.17274768340117022,1
REACTOME_MUSCLE_CONTRACTION,27,27,0.41782279479980466,-0.0022926181030273607,0.42011541290283205,0.0030291733855751625,0.182399511717133,1
REACTOME_SIGNALING_BY_INTERLEUKINS,122,122,0.169988038482666,-0.007428029785156276,0.17741606826782227,0.0047621714312459625,0.26763403443602307,1
REACTOME_INTERFERON_GAMMA_SIGNALING,24,24,0.6373976633930206,-0.002033218994140662,0.6394308823871613,0.005399131783820047,0.2680620389683897,1
REACTOME_GLYCOSAMINOGLYCAN_METABOLISM,19,19,-0.42117114746093753,0.0014279266357421494,-0.4225990740966797,0.005723744604307254,0.2680620389683897,-1
REACTOME_RESPONSE_TO_ELEVATED_PLATELET_CYTOSOLIC_CA2,38,38,0.40719479359626765,-0.004495841140747081,0.4116906347370147,0.005482313965787951,0.2680620389683897,1
REACTOME_APOPTOTIC_CLEAVAGE_OF_CELLULAR_PROTEINS,9,9,0.3362031784820556,-0.002109395446777379,0.33831257392883296,0.006049395382141013,0.2684021214286776,1
REACTOME_DISEASES_OF_METABOLISM,47,47,-0.16966104003906246,0.0018587899780273254,-0.17151983001708979,0.006516682834480901,0.27467818147337,-1
REACTOME_REGULATED_NECROSIS,15,15,0.649074681854248,-0.0016115698242187837,0.6506862516784668,0.008087210951153539,0.32464375389630634,1
REACTOME_ERYTHROCYTES_TAKE_UP_CARBON_DIOXIDE_AND_RELEASE_OXYGEN,5,5,0.8144393981170654,-0.0011757850646972878,0.8156151831817627,0.009256184543268124,0.3312945477994847,1
REACTOME_ERYTHROCYTES_TAKE_UP_OXYGEN_AND_RELEASE_CARBON_DIOXIDE,5,5,0.8144393981170654,-0.0011757850646972878,0.8156151831817627,0.009256184543268124,0.3312945477994847,1
REACTOME_APOPTOSIS,33,33,0.3362031784820556,-0.003258410644531251,0.33946158912658686,0.009431873246960418,0.3312945477994847,1
REACTOME_TP53_REGULATES_TRANSCRIPTION_OF_DEATH_RECEPTORS_AND_LIGANDS,5,5,1.1550221875,-0.0008458357238769754,1.155868023223877,0.010882265457896289,0.3587331735491455,1
REACTOME_IRAK4_DEFICIENCY_TLR2_4,6,6,-0.6789208764648438,0.00047646484374996856,-0.6793973413085937,0.014076247650333733,0.3587331735491455,-1
REACTOME_RIPK1_MEDIATED_REGULATED_NECROSIS,11,11,0.649074681854248,-0.0011757850646972878,0.6502504669189453,0.014468479122978587,0.3587331735491455,1
REACTOME_INFECTION_WITH_MYCOBACTERIUM_TUBERCULOSIS,6,6,0.5041377528905868,-0.0011899206542969054,0.5053276735448837,0.012347805912432456,0.3587331735491455,1
REACTOME_HEPARAN_SULFATE_HEPARIN_HS_GAG_METABOLISM,9,9,-0.42117114746093753,0.0005578344726562268,-0.42172898193359376,0.013902555624083376,0.3587331735491455,-1
REACTOME_CYTOSOLIC_SENSORS_OF_PATHOGEN_ASSOCIATED_DNA,13,13,0.4105552832794189,-0.002109395446777379,0.4126646787261963,0.013659503624478592,0.3587331735491455,1
REACTOME_SCAVENGING_BY_CLASS_A_RECEPTORS,5,5,-0.3960067724609375,0.0005578344726562268,-0.39656460693359374,0.011165509683061714,0.3587331735491455,-1
REACTOME_REGULATION_OF_TNFR1_SIGNALING,7,7,0.3945735587835312,-0.0016115698242187837,0.39618512860774996,0.014016960897556703,0.3587331735491455,1
REACTOME_DEATH_RECEPTOR_SIGNALLING,40,40,0.22458088272094726,-0.0023996643066406254,0.22698054702758788,0.014348806454714702,0.3587331735491455,1
REACTOME_CELLULAR_RESPONSES_TO_STIMULI,153,153,0.11627797065734863,-0.007489555358886735,0.12376752601623536,0.013591187469700377,0.3587331735491455,1
REACTOME_SIGNALING_BY_EGFR_IN_CANCER,7,7,0.649074681854248,-0.0011757850646972878,0.6502504669189453,0.015042486607992145,0.3623090345867822,1
REACTOME_ANTIVIRAL_MECHANISM_BY_IFN_STIMULATED_GENES,17,17,0.3573013784790039,-0.0016115698242187837,0.3589129483032227,0.016686803602792635,0.39074931769872756,1
REACTOME_STRIATED_MUSCLE_CONTRACTION,6,6,0.8659613341522217,-0.0011616494750976702,0.8671229836273193,0.018441479692199187,0.408822503635412,1
REACTOME_PLATELET_ACTIVATION_SIGNALING_AND_AGGREGATION,68,68,0.20676536651611327,-0.005140750732421873,0.21190611724853514,0.018572575697345373,0.408822503635412,1
REACTOME_HEMOSTASIS,146,146,0.0783138382720947,-0.005870335693359374,0.08418417396545408,0.018913496609467458,0.408822503635412,1
REACTOME_UB_SPECIFIC_PROCESSING_PROTEASES,33,33,0.34113605392456053,-0.003258410644531251,0.3443944645690918,0.020989667364146484,0.4423572396993872,1
REACTOME_TRANSMISSION_ACROSS_CHEMICAL_SYNAPSES,44,44,0.21992418003082273,-0.003919585571289075,0.2238437656021118,0.0221750706691846,0.45594108717372245,1
REACTOME_TNFR1_INDUCED_NFKAPPAB_SIGNALING_PATHWAY,7,7,0.3945735587835312,-0.0016115698242187837,0.39618512860774996,0.023723190066268544,0.46508486571777635,1
REACTOME_NEGATIVE_REGULATION_OF_FLT3,6,6,0.3430347876358032,-0.0011899206542969054,0.3442247082901001,0.023603495503185214,0.46508486571777635,1
REACTOME_BIOLOGICAL_OXIDATIONS,27,27,-0.2770199694824219,0.0012937013244628537,-0.27831367080688474,0.024930471066742396,0.47499660416970413,-1
REACTOME_DISEASES_OF_GLYCOSYLATION,28,28,-0.1934285504150391,0.0012852224731444983,-0.1947137728881836,0.025355690614041144,0.47499660416970413,-1
REACTOME_PROGRAMMED_CELL_DEATH,38,38,0.31255453552246093,-0.0025972357177734273,0.31515177124023436,0.026583592772488892,0.48717323276539426,1
REACTOME_TICAM1_RIP1_MEDIATED_IKK_COMPLEX_RECRUITMENT,5,5,0.3945735587835312,-0.0011757850646972878,0.39574934384822846,0.02744953799414612,0.49233958572479103,1
REACTOME_FORMATION_OF_THE_CORNIFIED_ENVELOPE,8,8,-0.5254766278076173,0.00047646484374996856,-0.5259530926513672,0.02863112625180679,0.4925722332708801,-1
REACTOME_KERATINIZATION,8,8,-0.5254766278076173,0.00047646484374996856,-0.5259530926513672,0.02863112625180679,0.4925722332708801,-1
REACTOME_MRNA_EDITING,5,5,0.684048409576416,-0.0008458357238769754,0.684894245300293,0.031041177447459482,0.5032252420809297,1
REACTOME_INACTIVATION_OF_CSF3_G_CSF_SIGNALING,5,5,0.649074681854248,-0.0008458357238769754,0.649920517578125,0.030456625437760787,0.5032252420809297,1
REACTOME_APOPTOTIC_EXECUTION_PHASE,12,12,0.31255453552246093,-0.002033218994140662,0.3145877545166016,0.03077001343238041,0.5032252420809297,1
REACTOME_CHONDROITIN_SULFATE_DERMATAN_SULFATE_METABOLISM,7,7,-0.597247021484375,0.0003528521728515255,-0.5975998736572266,0.032412951002697005,0.5105927069718282,-1
REACTOME_ABC_TRANSPORTERS_IN_LIPID_HOMEOSTASIS,8,8,-0.30468819702148436,0.00047646484374996856,-0.30516466186523433,0.032707006140544156,0.5105927069718282,-1
REACTOME_CASPASE_ACTIVATION_VIA_DEATH_RECEPTORS_IN_THE_PRESENCE_OF_LIGAND,7,7,1.2403095947265625,-0.0008458357238769754,1.2411554304504395,0.0389464055777753,0.5122151741214948,1
REACTOME_CASPASE_ACTIVATION_VIA_EXTRINSIC_APOPTOTIC_SIGNALLING_PATHWAY,10,10,0.9785587571716309,-0.0011616494750976702,0.9797204066467285,0.03930762653645021,0.5122151741214948,1
REACTOME_COMPLEMENT_CASCADE,13,13,0.5819278164672852,-0.0008458357238769754,0.5827736521911622,0.04216745375943604,0.5122151741214948,1
REACTOME_NUCLEAR_SIGNALING_BY_ERBB4,7,7,-0.5735312158203125,0.0003528521728515255,-0.573884067993164,0.042342863793763515,0.5122151741214948,-1
REACTOME_CONSTITUTIVE_SIGNALING_BY_LIGAND_RESPONSIVE_EGFR_CANCER_VARIANTS,6,6,0.5031880301666259,-0.0011616494750976702,0.5043496796417236,0.03899893214909779,0.5122151741214948,1
REACTOME_NUCLEOTIDE_BINDING_DOMAIN_LEUCINE_RICH_REPEAT_CONTAINING_RECEPTOR_NLR_SIGNALING_PATHWAYS,16,16,0.41654172645807264,-0.002185571899414096,0.41872729835748673,0.036791473063426526,0.5122151741214948,1
REACTOME_HSP90_CHAPERONE_CYCLE_FOR_STEROID_HORMONE_RECEPTORS_SHR_IN_THE_PRESENCE_OF_LIGAND,12,12,0.39543073440551757,-0.0011899206542969054,0.3966206550598145,0.03922472721054282,0.5122151741214948,1
REACTOME_PHASE_II_CONJUGATION_OF_COMPOUNDS,15,15,-0.3890984930419922,0.0009622132873534917,-0.39006070632934564,0.03441143763188012,0.5122151741214948,-1
REACTOME_RESPONSE_OF_MTB_TO_PHAGOCYTOSIS,5,5,0.35920082392692565,-0.0011757850646972878,0.36037660899162294,0.03428991267133302,0.5122151741214948,1
REACTOME_MOLECULES_ASSOCIATED_WITH_ELASTIC_FIBRES,6,6,0.3532593507671356,-0.0011899206542969054,0.3544492714214325,0.04253269536002922,0.5122151741214948,1
REACTOME_COLLAGEN_FORMATION,16,16,-0.29871614013671877,0.0012852224731444983,-0.30000136260986326,0.041100035586180285,0.5122151741214948,-1
REACTOME_ACTIVATION_OF_NMDA_RECEPTORS_AND_POSTSYNAPTIC_EVENTS,17,17,0.29093344257235526,-0.002109395446777379,0.29304283801913267,0.04142935311809677,0.5122151741214948,1
REACTOME_SIGNALING_BY_INSULIN_RECEPTOR,16,16,-0.29118097900390627,0.000639204101562485,-0.29182018310546876,0.04069477260348533,0.5122151741214948,-1
REACTOME_PEPTIDE_LIGAND_BINDING_RECEPTORS,56,56,0.2694660600852966,-0.0011899206542969054,0.2706559807395935,0.03908662346057924,0.5122151741214948,1
REACTOME_NEUROTRANSMITTER_RECEPTORS_AND_POSTSYNAPTIC_SIGNAL_TRANSMISSION,35,35,0.19977616088867184,-0.0024984500122070263,0.20227461090087887,0.03678797365401219,0.5122151741214948,1
REACTOME_NEUTROPHIL_DEGRANULATION,94,94,0.09114247428894043,-0.005248822021484412,0.09639129631042484,0.04000133013032034,0.5122151741214948,1
REACTOME_LONG_TERM_POTENTIATION,5,5,0.29093344257235526,-0.0011757850646972878,0.29210922763705255,0.043405524989932526,0.5153641910776496,1
REACTOME_AUF1_HNRNP_D0_BINDS_AND_DESTABILIZES_MRNA,7,7,0.45322582406044004,-0.0008458357238769754,0.454071659784317,0.04590738865709813,0.5374990088601906,1
REACTOME_G_ALPHA_I_SIGNALLING_EVENTS,79,79,0.14432142822265626,-0.003258410644531251,0.1475798388671875,0.04774980981974418,0.5514121873704704,1
REACTOME_SMOOTH_MUSCLE_CONTRACTION,7,7,0.9038195007324219,-0.0008458357238769754,0.9046653364562989,0.056802701846841726,0.579253967280024,1
REACTOME_ZBP1_DAI_MEDIATED_INDUCTION_OF_TYPE_I_IFNS,5,5,0.5946806139755249,-0.0008458357238769754,0.5955264496994018,0.05377719050919604,0.579253967280024,1
REACTOME_INITIAL_TRIGGERING_OF_COMPLEMENT,7,7,0.5819278164672852,-0.0008458357238769754,0.5827736521911622,0.05798016721856731,0.579253967280024,1
REACTOME_REGULATION_OF_TP53_EXPRESSION_AND_DEGRADATION,6,6,0.5031880301666259,-0.0011616494750976702,0.5043496796417236,0.05840639053238676,0.579253967280024,1
REACTOME_SIGNALING_BY_CSF3_G_CSF,6,6,0.5031880301666259,-0.0005300219726562805,0.5037180521392822,0.05567599838881507,0.579253967280024,1
REACTOME_GLUCAGON_SIGNALING_IN_METABOLIC_REGULATION,11,11,0.364364832611084,-0.0016115698242187837,0.3659764024353028,0.056755430241942614,0.579253967280024,1
REACTOME_RESPIRATORY_ELECTRON_TRANSPORT,15,15,-0.2886617211914063,0.0009622132873534917,-0.2896239344787598,0.05358674082358824,0.579253967280024,-1
REACTOME_RESPIRATORY_ELECTRON_TRANSPORT_ATP_SYNTHESIS_BY_CHEMIOSMOTIC_COUPLING_AND_HEAT_PRODUCTION_BY_UNCOUPLING_PROTEINS,15,15,-0.2886617211914063,0.0009622132873534917,-0.2896239344787598,0.05358674082358824,0.579253967280024,-1
REACTOME_C_TYPE_LECTIN_RECEPTORS_CLRS,26,26,0.24367594675064086,-0.002185571899414096,0.24586151865005496,0.055212717239237284,0.579253967280024,1
REACTOME_DAG_AND_IP3_SIGNALING,8,8,0.2234659063720703,-0.002033218994140662,0.22549912536621097,0.056707162023713086,0.579253967280024,1
REACTOME_ANTI_INFLAMMATORY_RESPONSE_FAVOURING_LEISHMANIA_PARASITE_INFECTION,36,36,0.16754260551452635,-0.0023996643066406254,0.16994226982116697,0.05814480053530536,0.579253967280024,1
REACTOME_TRANSCRIPTIONAL_REGULATION_BY_RUNX1,54,54,0.12472946868896481,-0.003919585571289075,0.1286490542602539,0.05583887020330248,0.579253967280024,1
REACTOME_TRAFFICKING_OF_AMPA_RECEPTORS,5,5,0.4091505920410156,-0.0011757850646972878,0.4103263771057129,0.0595389191796698,0.5836198705635075,1
REACTOME_COMPLEX_I_BIOGENESIS,9,9,-0.2940532666015625,0.0005578344726562268,-0.29461110107421873,0.06110612065583839,0.5920972380789857,-1
REACTOME_DEGRADATION_OF_AXIN,7,7,0.43520422454833985,-0.0011757850646972878,0.43638000961303713,0.06484812646128872,0.5942062022485477,1
REACTOME_REVERSIBLE_HYDRATION_OF_CARBON_DIOXIDE,5,5,0.30480187850952145,-0.0011757850646972878,0.30597766357421874,0.06233807233300638,0.5942062022485477,1
REACTOME_INTERLEUKIN_3_INTERLEUKIN_5_AND_GM_CSF_SIGNALING,16,16,0.21568103744506834,-0.0011616494750976702,0.216842686920166,0.0636370195477949,0.5942062022485477,1
REACTOME_GPCR_LIGAND_BINDING,92,92,0.09733341323852537,-0.0011899206542969054,0.09852333389282228,0.06424213646166353,0.5942062022485477,1
REACTOME_MITOTIC_METAPHASE_AND_ANAPHASE,54,54,0.08907649505615234,-0.0023996643066406254,0.09147615936279296,0.0641375709294009,0.5942062022485477,1
REACTOME_ASSEMBLY_AND_CELL_SURFACE_PRESENTATION_OF_NMDA_RECEPTORS,7,7,0.73178762260437,-0.0011757850646972878,0.7329634076690673,0.06633050871879269,0.5963569345598755,1
REACTOME_SIGNALING_BY_ERBB2_ECD_MUTANTS,5,5,0.5545968738555909,-0.0008458357238769754,0.5554427095794678,0.06791253347301074,0.5963569345598755,1
REACTOME_CYTOSOLIC_SULFONATION_OF_SMALL_MOLECULES,6,6,-0.519378896484375,0.00047646484374996856,-0.5198553613281249,0.06761688972746417,0.5963569345598755,-1
REACTOME_INFLAMMASOMES,7,7,0.4410876910305023,-0.0011757850646972878,0.4422634760951996,0.06730375880990959,0.5963569345598755,1
REACTOME_COPII_MEDIATED_VESICLE_TRANSPORT,10,10,0.2262824950933456,-0.0005300219726562805,0.2268125170660019,0.06905754978609918,0.6001599429864083,1
REACTOME_METABOLISM_OF_FAT_SOLUBLE_VITAMINS,7,7,-0.7928573120117188,0.0003528521728515255,-0.7932101641845704,0.070844728867673,0.6094092493413096,-1
REACTOME_INTERLEUKIN_1_FAMILY_SIGNALING,29,29,0.3573013784790039,-0.0016115698242187837,0.3589129483032227,0.0733947320221052,0.6249672635821685,1
REACTOME_ACTIVATION_OF_MATRIX_METALLOPROTEINASES,7,7,-0.23232995849609372,0.0003528521728515255,-0.23268281066894525,0.0741447729660553,0.6250404361038462,-1
REACTOME_INTERLEUKIN_7_SIGNALING,6,6,0.28687414743423456,-0.0011616494750976702,0.28803579690933223,0.07802195649820275,0.6356128875781881,1
REACTOME_ADORA2B_MEDIATED_ANTI_INFLAMMATORY_CYTOKINES_PRODUCTION,26,26,0.27481363796234126,-0.002033218994140662,0.2768468569564819,0.07793403486645337,0.6356128875781881,1
REACTOME_GLUTATHIONE_CONJUGATION,8,8,-0.21190080627441404,0.00047646484374996856,-0.212377271118164,0.07855624062755553,0.6356128875781881,-1
REACTOME_FACTORS_INVOLVED_IN_MEGAKARYOCYTE_DEVELOPMENT_AND_PLATELET_PRODUCTION,37,37,0.17130055389404297,-0.0022926181030273607,0.17359317199707033,0.07916886500084194,0.6356128875781881,1
REACTOME_MAPK_FAMILY_SIGNALING_CASCADES,70,70,0.09123468933105466,-0.0023996643066406254,0.09363435363769529,0.07823337720513986,0.6356128875781881,1
REACTOME_SUMOYLATION_OF_TRANSCRIPTION_COFACTORS,14,14,-0.35087741088867186,0.0002292395019530824,-0.35110665039062494,0.08120675180280679,0.6439818087806148,-1
REACTOME_LEISHMANIA_INFECTION,55,55,0.1498227677154541,-0.003258410644531251,0.15308117835998536,0.08173909079421801,0.6439818087806148,1
REACTOME_METABOLISM_OF_CARBOHYDRATES,55,55,-0.09478669555664065,0.0009622132873534917,-0.09574890884399415,0.08790343700243178,0.6861351610467592,-1
REACTOME_CHEMOKINE_RECEPTORS_BIND_CHEMOKINES,35,35,0.2149250500869751,-0.0008458357238769754,0.21577088581085208,0.08874660509361976,0.68636135865983,1
REACTOME_TBC_RABGAPS,7,7,-0.44740787109375,0.0001146197509765412,-0.44752249084472656,0.09133953867742338,0.6999930100460718,-1
REACTOME_ERCC6_CSB_AND_EHMT2_G9A_POSITIVELY_REGULATE_RRNA_EXPRESSION,6,6,-0.35383406860351563,0.00047646484374996856,-0.3543105334472656,0.09230167597594312,0.7009938094389193,-1
REACTOME_ECM_PROTEOGLYCANS,15,15,0.4322731503677368,-0.0011757850646972878,0.43344893543243407,0.09462873138245594,0.7059470845611535,1
REACTOME_P75NTR_SIGNALS_VIA_NF_KB,5,5,0.3573013784790039,-0.0011757850646972878,0.3584771635437012,0.09395041820528328,0.7059470845611535,1
REACTOME_CREB1_PHOSPHORYLATION_THROUGH_NMDA_RECEPTOR_MEDIATED_ACTIVATION_OF_RAS_SIGNALING,6,6,0.3486840202903747,-0.0005300219726562805,0.349214042263031,0.09760497852163656,0.7154869295107794,1
REACTOME_SEPARATION_OF_SISTER_CHROMATIDS,44,44,0.08712715515136718,-0.002185571899414096,0.08931272705078128,0.0969393831373804,0.7154869295107794,1
REACTOME_RUNX1_AND_FOXP3_CONTROL_THE_DEVELOPMENT_OF_REGULATORY_T_LYMPHOCYTES_TREGS,7,7,0.6223045540809631,-0.0008458357238769754,0.62315038980484,0.10009795153560598,0.7248936578060378,1
REACTOME_CELLULAR_RESPONSE_TO_CHEMICAL_STRESS,24,24,0.3071086996459961,-0.002033218994140662,0.30914191864013674,0.10143669610815394,0.7248936578060378,1
REACTOME_MAPK6_MAPK4_SIGNALING,17,17,0.28247378631591796,-0.0016115698242187837,0.28408535614013675,0.10146791414129591,0.7248936578060378,1
REACTOME_EPH_EPHRIN_SIGNALING,14,14,-0.3479188500976563,0.0002292395019530824,-0.34814808959960936,0.10428347960252991,0.7336734479517332,-1
REACTOME_FCERI_MEDIATED_NF_KB_ACTIVATION,13,13,0.219804951133728,-0.0011757850646972878,0.2209807361984253,0.1044375014877912,0.7336734479517332,1
REACTOME_CA_DEPENDENT_EVENTS,5,5,0.364364832611084,-0.0011757850646972878,0.3655406176757813,0.1054042269622477,0.7343451514807835,1
REACTOME_CLASS_A_1_RHODOPSIN_LIKE_RECEPTORS,74,74,0.09733341323852537,-0.0011616494750976702,0.09849506271362304,0.10750795851125164,0.7428623690572551,1
REACTOME_FORMATION_OF_FIBRIN_CLOT_CLOTTING_CASCADE,8,8,0.6161248431921005,-0.0011616494750976702,0.6172864926671982,0.11598154953203686,0.7750100244004363,1
REACTOME_THE_NLRP3_INFLAMMASOME,6,6,0.5181062049055098,-0.0011616494750976702,0.5192678543806075,0.11489428708115362,0.7750100244004363,1
REACTOME_SYNTHESIS_OF_IP2_IP_AND_INS_IN_THE_CYTOSOL,5,5,-0.4117962963867188,0.0003528521728515255,-0.4121491485595703,0.11720104314586677,0.7750100244004363,-1
REACTOME_PEPTIDE_HORMONE_METABOLISM,12,12,0.20382244445800782,-0.0011899206542969054,0.20501236511230472,0.11653949985844386,0.7750100244004363,1
REACTOME_NEURONAL_SYSTEM,53,53,0.1852624433135986,-0.0022926181030273607,0.18755506141662595,0.11767649243565344,0.7750100244004363,1
REACTOME_REGULATION_OF_INSULIN_LIKE_GROWTH_FACTOR_IGF_TRANSPORT_AND_UPTAKE_BY_INSULIN_LIKE_GROWTH_FACTOR_BINDING_PROTEINS_IGFBPS,24,24,0.1676588358879089,-0.0005300219726562805,0.16818885786056517,0.1153225763988738,0.7750100244004363,1
REACTOME_SIGNALING_BY_GPCR,148,148,0.013852346496582013,-0.0011899206542969054,0.015042267150878919,0.11886870850519826,0.7767931881386212,1
REACTOME_GLUCAGON_LIKE_PEPTIDE_1_GLP1_REGULATES_INSULIN_SECRETION,15,15,0.08256698013305663,-0.002109395446777379,0.08467637557983401,0.12076501896366122,0.7831146998951262,1
REACTOME_BILE_ACID_AND_BILE_SALT_METABOLISM,6,6,0.7439206433057786,-0.0005300219726562805,0.7444506652784348,0.12983962800080373,0.7854254323159051,1
REACTOME_SYNTHESIS_OF_BILE_ACIDS_AND_BILE_SALTS,6,6,0.7439206433057786,-0.0005300219726562805,0.7444506652784348,0.12983962800080373,0.7854254323159051,1
REACTOME_INSULIN_RECEPTOR_RECYCLING,5,5,-0.6144940039062501,0.0003528521728515255,-0.6148468560791016,0.13403025353183848,0.7854254323159051,-1
REACTOME_COMMON_PATHWAY_OF_FIBRIN_CLOT_FORMATION,5,5,0.5999718388652802,-0.0008458357238769754,0.6008176745891571,0.13914240978223713,0.7854254323159051,1
REACTOME_TRYPTOPHAN_CATABOLISM,5,5,0.5516418404769897,-0.0008458357238769754,0.5524876762008667,0.1257550100661707,0.7854254323159051,1
REACTOME_DEFECTIVE_CFTR_CAUSES_CYSTIC_FIBROSIS,5,5,0.45322582406044004,-0.0008458357238769754,0.454071659784317,0.12661732028705217,0.7854254323159051,1
REACTOME_INTERLEUKIN_12_SIGNALING,9,9,0.4360088594818115,-0.0011757850646972878,0.4371846445465088,0.13402157290837785,0.7854254323159051,1
REACTOME_PLATELET_AGGREGATION_PLUG_FORMATION,7,7,0.4322731503677368,-0.0008458357238769754,0.43311898609161376,0.14620113152415656,0.7854254323159051,1
REACTOME_SUMOYLATION_OF_DNA_METHYLATION_PROTEINS,6,6,-0.38905131958007816,0.0002292395019530824,-0.38928055908203124,0.14017176120847955,0.7854254323159051,-1
REACTOME_TP53_REGULATES_TRANSCRIPTION_OF_GENES_INVOLVED_IN_G2_CELL_CYCLE_ARREST,5,5,-0.38574026367187497,0.0003528521728515255,-0.3860931158447265,0.15312373949937352,0.7854254323159051,-1
REACTOME_DECTIN_2_FAMILY,5,5,0.38298960685729977,-0.0008458357238769754,0.38383544258117674,0.156920043689397,0.7854254323159051,1
REACTOME_EPH_EPHRIN_MEDIATED_REPULSION_OF_CELLS,8,8,-0.3479188500976563,0.0002292395019530824,-0.34814808959960936,0.15745776756985524,0.7854254323159051,-1
REACTOME_RHOH_GTPASE_CYCLE,5,5,-0.3257214477539062,0.0003528521728515255,-0.32607429992675774,0.14306704911318843,0.7854254323159051,-1
REACTOME_SYNTHESIS_OF_ACTIVE_UBIQUITIN_ROLES_OF_E1_AND_E2_ENZYMES,7,7,0.3129489662885666,-0.0011757850646972878,0.3141247513532639,0.1348353836099877,0.7854254323159051,1
REACTOME_CELLULAR_HEXOSE_TRANSPORT,5,5,-0.31148710327148443,0.0003528521728515255,-0.31183995544433596,0.12870430519477233,0.7854254323159051,-1
REACTOME_CARGO_CONCENTRATION_IN_THE_ER,5,5,0.28163816401481623,-0.00026501098632814024,0.28190317500114437,0.1382194447100048,0.7854254323159051,1
REACTOME_HDACS_DEACETYLATE_HISTONES,12,12,-0.2644833044433594,0.00047646484374996856,-0.26495976928710935,0.1311480138890472,0.7854254323159051,-1
REACTOME_CYTOPROTECTION_BY_HMOX1,19,19,0.25691602081298825,-0.0016115698242187837,0.25852759063720704,0.1273879748691677,0.7854254323159051,1
REACTOME_REGULATION_OF_PTEN_GENE_TRANSCRIPTION,15,15,-0.2418599853515625,0.0005578344726562268,-0.24241781982421873,0.1266908881033408,0.7854254323159051,-1
REACTOME_RUNX1_REGULATES_GENES_INVOLVED_IN_MEGAKARYOCYTE_DIFFERENTIATION_AND_PLATELET_FUNCTION,13,13,0.219804951133728,-0.0016115698242187837,0.22141652095794678,0.15716607596675963,0.7854254323159051,1
REACTOME_DDX58_IFIH1_MEDIATED_INDUCTION_OF_INTERFERON_ALPHA_BETA,22,22,0.20453357967138291,-0.0011616494750976702,0.20569522914648058,0.13322468324325587,0.7854254323159051,1
REACTOME_UCH_PROTEINASES,18,18,-0.20398651794433592,0.0012852224731444983,-0.20527174041748042,0.1502112321843455,0.7854254323159051,-1
REACTOME_ACTIVATION_OF_THE_MRNA_UPON_BINDING_OF_THE_CAP_BINDING_COMPLEX_AND_EIFS_AND_SUBSEQUENT_BINDING_TO_43S,6,6,-0.20402029296875002,0.00047646484374996856,-0.20449675781249999,0.1381590635893617,0.7854254323159051,-1
REACTOME_ANTIGEN_ACTIVATES_B_CELL_RECEPTOR_BCR_LEADING_TO_GENERATION_OF_SECOND_MESSENGERS,12,12,-0.2036154605102539,0.00047646484374996856,-0.20409192535400386,0.13936899075412024,0.7854254323159051,-1
REACTOME_DNA_DAMAGE_RECOGNITION_IN_GG_NER,17,17,-0.19588351074218746,0.0012937013244628537,-0.19717721206665031,0.14753444846491365,0.7854254323159051,-1
REACTOME_DNA_DAMAGE_BYPASS,16,16,0.18744400203704834,-0.0011899206542969054,0.18863392269134524,0.14427288431507074,0.7854254323159051,1
REACTOME_APC_C_MEDIATED_DEGRADATION_OF_CELL_CYCLE_PROTEINS,14,14,0.1763428683567047,-0.0011899206542969054,0.1775327890110016,0.13024960622784384,0.7854254323159051,1
REACTOME_SUMOYLATION_OF_DNA_DAMAGE_RESPONSE_AND_REPAIR_PROTEINS,26,26,-0.17165004028320313,0.00047646484374996856,-0.1721265051269531,0.15476743545988667,0.7854254323159051,-1
REACTOME_FANCONI_ANEMIA_PATHWAY,11,11,0.16971581947326658,-0.0011757850646972878,0.17089160453796387,0.15460916686150197,0.7854254323159051,1
REACTOME_DNA_STRAND_ELONGATION,14,14,-0.14364259368896481,0.000639204101562485,-0.1442817977905273,0.1556781971669113,0.7854254323159051,-1
REACTOME_THE_CITRIC_ACID_TCA_CYCLE_AND_RESPIRATORY_ELECTRON_TRANSPORT,28,28,-0.14195809631347656,0.0012852224731444983,-0.14324331878662105,0.1556555921969134,0.7854254323159051,-1
REACTOME_OPIOID_SIGNALLING,22,22,0.1240725323486328,-0.002185571899414096,0.1262581042480469,0.13305996129104875,0.7854254323159051,1
REACTOME_MATURATION_OF_SARS_COV_2_SPIKE_PROTEIN,10,10,-0.12401830627441407,0.000639204101562485,-0.12465751037597655,0.14688738870534507,0.7854254323159051,-1
REACTOME_CA2_PATHWAY,23,23,0.10840868225097655,-0.002109395446777379,0.11051807769775393,0.1450388413069883,0.7854254323159051,1
REACTOME_ER_TO_GOLGI_ANTEROGRADE_TRANSPORT,24,24,0.09257300552368164,-0.0005300219726562805,0.09310302749633792,0.13804829456164777,0.7854254323159051,1
REACTOME_SIGNALING_BY_RECEPTOR_TYROSINE_KINASES,112,112,-0.04993948947906496,0.001302180175781209,-0.05124166965484617,0.15000431584674925,0.7854254323159051,-1
REACTOME_INSULIN_RECEPTOR_SIGNALLING_CASCADE,11,11,-0.030821363525390666,0.0003528521728515255,-0.03117421569824219,0.1483233570255425,0.7854254323159051,-1
REACTOME_IRS_MEDIATED_SIGNALLING,11,11,-0.030821363525390666,0.0003528521728515255,-0.03117421569824219,0.1483233570255425,0.7854254323159051,-1
REACTOME_SIGNALING_BY_TYPE_1_INSULIN_LIKE_GROWTH_FACTOR_1_RECEPTOR_IGF1R,11,11,-0.030821363525390666,0.0003528521728515255,-0.03117421569824219,0.1483233570255425,0.7854254323159051,-1
REACTOME_DEPOLYMERISATION_OF_THE_NUCLEAR_LAMINA,6,6,0.1918078688049316,-0.0011616494750976702,0.19296951828002928,0.15906934604047152,0.7887968159536323,1
REACTOME_RAB_REGULATION_OF_TRAFFICKING,25,25,-0.08446765502929687,0.0005578344726562268,-0.0850254895019531,0.1608338928478995,0.7928828752677151,-1
REACTOME_NUCLEOTIDE_EXCISION_REPAIR,37,37,-0.15912638244628907,0.0014279266357421494,-0.16055430908203122,0.16355912665961547,0.7995768623693811,-1
REACTOME_DISEASES_OF_SIGNAL_TRANSDUCTION_BY_GROWTH_FACTOR_RECEPTORS_AND_SECOND_MESSENGERS,85,85,0.06757648681640621,-0.0024984500122070263,0.07007493682861324,0.16408872739015767,0.7995768623693811,1
REACTOME_INTERLEUKIN_2_SIGNALING,6,6,0.517290403585434,-0.0005300219726562805,0.5178204255580903,0.16830643273308601,0.8154156482413305,1
REACTOME_GPVI_MEDIATED_ACTIVATION_CASCADE,10,10,-0.2497693585205078,0.00047646484374996856,-0.25024582336425777,0.17025846691721758,0.816753317342781,-1
REACTOME_INTRINSIC_PATHWAY_FOR_APOPTOSIS,10,10,0.22716075485229492,-0.0011616494750976702,0.2283224043273926,0.17666594164648464,0.816753317342781,1
REACTOME_TERMINATION_OF_TRANSLESION_DNA_SYNTHESIS,12,12,0.20329479888319968,-0.0011616494750976702,0.20445644835829735,0.1761213070811033,0.816753317342781,1
REACTOME_GLOBAL_GENOME_NUCLEOTIDE_EXCISION_REPAIR_GG_NER,31,31,-0.15912638244628907,0.0014279266357421494,-0.16055430908203122,0.17113472325758816,0.816753317342781,-1
REACTOME_HATS_ACETYLATE_HISTONES,26,26,-0.1267535272216797,0.000639204101562485,-0.1273927313232422,0.17651481978451422,0.816753317342781,-1
REACTOME_L1CAM_INTERACTIONS,22,22,0.12059702768325803,-0.002033218994140662,0.12263024667739869,0.1773023215583973,0.816753317342781,1
REACTOME_G_PROTEIN_MEDIATED_EVENTS,9,9,0.08256698013305663,-0.0016115698242187837,0.08417854995727542,0.17580612824403796,0.816753317342781,1
REACTOME_INTERLEUKIN_RECEPTOR_SHC_SIGNALING,9,9,0.07406069641113278,-0.0008458357238769754,0.07490653213500975,0.1750143029241631,0.816753317342781,1
REACTOME_TRANSCRIPTIONAL_REGULATION_OF_GRANULOPOIESIS,13,13,0.006584065704345665,-0.0008458357238769754,0.0074299014282226405,0.17212502182020784,0.816753317342781,1
REACTOME_RECOGNITION_OF_DNA_DAMAGE_BY_PCNA_CONTAINING_REPLICATION_COMPLEX,13,13,0.2051721846008301,-0.0011757850646972878,0.20634796966552738,0.18046367902892035,0.8202861540164974,1
REACTOME_PD_1_SIGNALING,12,12,-0.20210106323242188,0.000639204101562485,-0.20274026733398437,0.18098840408904926,0.8202861540164974,-1
REACTOME_TRANSLESION_SYNTHESIS_BY_Y_FAMILY_DNA_POLYMERASES_BYPASSES_LESIONS_ON_DNA_TEMPLATE,13,13,0.16971581947326658,-0.0011757850646972878,0.17089160453796387,0.17979111336063647,0.8202861540164974,1
REACTOME_DOWNSTREAM_SIGNALING_OF_ACTIVATED_FGFR1,6,6,-0.4702051483154297,0.0002292395019530824,-0.4704343878173828,0.18399099140629877,0.8250234348697332,-1
REACTOME_GROWTH_HORMONE_RECEPTOR_SIGNALING,6,6,0.42562382232666013,-0.0005300219726562805,0.4261538442993164,0.1833772852686193,0.8250234348697332,1
REACTOME_SLC_TRANSPORTER_DISORDERS,19,19,-0.2301926452636719,0.0009622132873534917,-0.23115485855102538,0.18839402508294933,0.837311091980551,-1
REACTOME_NR1H3_NR1H2_REGULATE_GENE_EXPRESSION_LINKED_TO_CHOLESTEROL_TRANSPORT_AND_EFFLUX,11,11,-0.13867502319335934,0.0003528521728515255,-0.13902787536621086,0.1897110540549054,0.837311091980551,-1
REACTOME_RND3_GTPASE_CYCLE,8,8,0.117504376373291,-0.0011899206542969054,0.11869429702758791,0.18938957071825596,0.837311091980551,1
REACTOME_FERTILIZATION,5,5,-0.7555221533203125,0.0001146197509765412,-0.755636773071289,0.19833876587645807,0.8375061239970041,-1
REACTOME_SIGNALING_BY_NOTCH3,7,7,0.649074681854248,-0.0008458357238769754,0.649920517578125,0.19847305937130885,0.8375061239970041,1
REACTOME_INTRINSIC_PATHWAY_OF_FIBRIN_CLOT_FORMATION,5,5,0.6322778475189209,-0.0008458357238769754,0.6331236832427979,0.20167703816297963,0.8375061239970041,1
REACTOME_MAP3K8_TPL2_DEPENDENT_MAPK1_3_ACTIVATION,5,5,0.3573013784790039,-0.0008458357238769754,0.35814721420288087,0.19976481042111113,0.8375061239970041,1
REACTOME_TAK1_ACTIVATES_NFKB_BY_PHOSPHORYLATION_AND_ACTIVATION_OF_IKKS_COMPLEX,9,9,0.3573013784790039,-0.0008458357238769754,0.35814721420288087,0.1932271213007697,0.8375061239970041,1
REACTOME_REGULATION_OF_HMOX1_EXPRESSION_AND_ACTIVITY,6,6,0.3006672296142578,-0.0011616494750976702,0.30182887908935546,0.20154506365372404,0.8375061239970041,1
REACTOME_COLLAGEN_BIOSYNTHESIS_AND_MODIFYING_ENZYMES,12,12,-0.24165448242187504,0.000639204101562485,-0.24229368652343752,0.19529507545441294,0.8375061239970041,-1
REACTOME_INTEGRATION_OF_ENERGY_METABOLISM,24,24,0.1240725323486328,-0.002185571899414096,0.1262581042480469,0.1972296218040106,0.8375061239970041,1
REACTOME_NCAM_SIGNALING_FOR_NEURITE_OUT_GROWTH,13,13,0.11469563964843749,-0.0008458357238769754,0.11554147537231446,0.19962599087197685,0.8375061239970041,1
REACTOME_RAS_ACTIVATION_UPON_CA2_INFLUX_THROUGH_NMDA_RECEPTOR,5,5,0.11338667091369625,-0.00026501098632814024,0.11365168190002439,0.1934023081092331,0.8375061239970041,1
REACTOME_GLUCAGON_TYPE_LIGAND_RECEPTORS,12,12,0.09477846790313718,-0.0005300219726562805,0.09530848987579346,0.1976830346592664,0.8375061239970041,1
REACTOME_M_PHASE,88,88,0.04871206260681152,-0.002185571899414096,0.050897634506225614,0.19215501355960474,0.8375061239970041,1
REACTOME_RESOLUTION_OF_SISTER_CHROMATID_COHESION,33,33,0.08634840393066406,-0.0016115698242187837,0.08795997375488285,0.20282941474047478,0.8381627285599031,1
REACTOME_ASSEMBLY_OF_COLLAGEN_FIBRILS_AND_OTHER_MULTIMERIC_STRUCTURES,11,11,-0.23915563232421877,0.0005578344726562268,-0.239713466796875,0.20486854106135632,0.8424594151937727,-1
REACTOME_DEGRADATION_OF_THE_EXTRACELLULAR_MATRIX,24,24,-0.19112439697265626,0.0012852224731444983,-0.19240961944580076,0.20661925951160087,0.8455341542149493,-1
REACTOME_REGULATION_OF_PTEN_STABILITY_AND_ACTIVITY,8,8,0.39625280151367187,-0.0011616494750976702,0.39741445098876954,0.20821802616580273,0.8479603674288487,1
REACTOME_UPTAKE_AND_ACTIONS_OF_BACTERIAL_TOXINS,6,6,-0.4264350036621094,0.0002292395019530824,-0.4266642431640625,0.2101805222470583,0.8484776457322646,-1
REACTOME_REGULATION_OF_RUNX2_EXPRESSION_AND_ACTIVITY,6,6,0.2824104890441894,-0.0011616494750976702,0.2835721385192871,0.21539052928434713,0.8484776457322646,1
REACTOME_G0_AND_EARLY_G1,11,11,0.24944786201477048,-0.0011757850646972878,0.25062364707946777,0.21071236242175995,0.8484776457322646,1
REACTOME_FCERI_MEDIATED_CA_2_MOBILIZATION,12,12,0.2327782934951782,-0.0011616494750976702,0.23393994297027587,0.21293486855814092,0.8484776457322646,1
REACTOME_NUCLEAR_ENVELOPE_NE_REASSEMBLY,15,15,0.151979697265625,-0.0011757850646972878,0.15315548233032228,0.2133883905627152,0.8484776457322646,1
REACTOME_BETA_CATENIN_INDEPENDENT_WNT_SIGNALING,30,30,0.09548783119201659,-0.002033218994140662,0.09752105018615725,0.2114871133301267,0.8484776457322646,1
REACTOME_CELLULAR_SENESCENCE,44,44,0.06385972274780272,-0.002033218994140662,0.06589294174194338,0.21451181454712998,0.8484776457322646,1
REACTOME_APC_CDC20_MEDIATED_DEGRADATION_OF_NEK2A,10,10,0.1763428683567047,-0.0011616494750976702,0.17750451783180238,0.21786250240519622,0.8488555494396138,1
REACTOME_MHC_CLASS_II_ANTIGEN_PRESENTATION,32,32,-0.16877653686523436,0.000639204101562485,-0.16941574096679685,0.21743166137831915,0.8488555494396138,-1
REACTOME_REGULATION_OF_SIGNALING_BY_CBL,9,9,0.07406069641113278,-0.00026501098632814024,0.07432570739746092,0.21850730038955657,0.8488555494396138,1
REACTOME_TRANSLESION_SYNTHESIS_BY_POLK,7,7,0.24944786201477048,-0.0008458357238769754,0.25029369773864746,0.21998174651683752,0.8493066051347501,1
REACTOME_PROTEIN_UBIQUITINATION,19,19,0.16270821166992183,-0.0011757850646972878,0.16388399673461912,0.22063837072895642,0.8493066051347501,1
REACTOME_STABILIZATION_OF_P53,5,5,0.3573013784790039,-0.0008458357238769754,0.35814721420288087,0.22199643193038548,0.8501535715680667,1
REACTOME_ELASTIC_FIBRE_FORMATION,7,7,0.32440226470947264,-0.0011757850646972878,0.32557804977416993,0.22690931625482208,0.8501535715680667,1
REACTOME_TRANSCRIPTIONAL_REGULATION_BY_THE_AP_2_TFAP2_FAMILY_OF_TRANSCRIPTION_FACTORS,10,10,0.29726678467750545,-0.0011899206542969054,0.29845670533180235,0.2262545533215562,0.8501535715680667,1
REACTOME_GAP_FILLING_DNA_REPAIR_SYNTHESIS_AND_LIGATION_IN_GG_NER,10,10,0.20329479888319968,-0.0011616494750976702,0.20445644835829735,0.2262545533215562,0.8501535715680667,1
REACTOME_ACTIVATION_OF_KAINATE_RECEPTORS_UPON_GLUTAMATE_BINDING,11,11,0.16557808456420897,-0.0011757850646972878,0.16675386962890626,0.22515850495597,0.8501535715680667,1
REACTOME_POSITIVE_EPIGENETIC_REGULATION_OF_RRNA_EXPRESSION,13,13,-0.1237405722045899,0.0005578344726562268,-0.12429840667724612,0.22399550073655417,0.8501535715680667,-1
REACTOME_EICOSANOID_LIGAND_BINDING_RECEPTORS,6,6,0.4527276666283607,-0.0005300219726562805,0.453257688601017,0.23178713016871325,0.8517036058679633,1
REACTOME_PURINERGIC_SIGNALING_IN_LEISHMANIASIS_INFECTION,9,9,0.4385098941326141,-0.0011757850646972878,0.4396856791973114,0.23986200099441746,0.8517036058679633,1
REACTOME_NOD1_2_SIGNALING_PATHWAY,9,9,0.3573013784790039,-0.0011757850646972878,0.3584771635437012,0.24225583976554854,0.8517036058679633,1
REACTOME_DISEASES_OF_IMMUNE_SYSTEM,10,10,-0.33556374145507817,0.0002292395019530824,-0.33579298095703125,0.23599172995143802,0.8517036058679633,-1
REACTOME_SEMAPHORIN_INTERACTIONS,10,10,0.3266555575942993,-0.0005300219726562805,0.3271855795669556,0.23543277584380373,0.8517036058679633,1
REACTOME_MTOR_SIGNALLING,7,7,-0.29263232666015626,0.0003528521728515255,-0.2929851788330078,0.241662725170918,0.8517036058679633,-1
REACTOME_INTERLEUKIN_10_SIGNALING,19,19,0.2149250500869751,-0.0008458357238769754,0.21577088581085208,0.23423556264548095,0.8517036058679633,1
REACTOME_HCMV_LATE_EVENTS,13,13,0.19392774139404295,-0.0011757850646972878,0.19510352645874024,0.23327565679649342,0.8517036058679633,1
REACTOME_SIGNALING_BY_MET,10,10,0.1280533055114746,-0.0005300219726562805,0.12858332748413087,0.237486861631529,0.8517036058679633,1
REACTOME_SIGNALING_BY_ALK_IN_CANCER,10,10,0.07324544891357418,-0.0011899206542969054,0.07443536956787108,0.23394681425960795,0.8517036058679633,1
REACTOME_POST_TRANSLATIONAL_MODIFICATION_SYNTHESIS_OF_GPI_ANCHORED_PROTEINS,21,21,0.0710284094238281,-0.0011757850646972878,0.07220419448852539,0.2424778949090287,0.8517036058679633,1
REACTOME_MITOTIC_SPINDLE_CHECKPOINT,32,32,0.06555064140319825,-0.0011899206542969054,0.06674056205749515,0.23532290242660325,0.8517036058679633,1
REACTOME_CHROMATIN_MODIFYING_ENZYMES,61,61,-0.040251022949218784,0.0012937013244628537,-0.04154472427368164,0.2412425522046059,0.8517036058679633,-1
REACTOME_DOWNSTREAM_SIGNAL_TRANSDUCTION,10,10,0.030247198486328092,0.0,0.030247198486328092,0.24068620419392628,0.8517036058679633,1
REACTOME_ONCOGENIC_MAPK_SIGNALING,17,17,0.010057495727539056,-0.00026501098632814024,0.010322506713867197,0.23320278286641438,0.8517036058679633,1
REACTOME_REGULATION_OF_MRNA_STABILITY_BY_PROTEINS_THAT_BIND_AU_RICH_ELEMENTS,11,11,0.3573013784790039,-0.00026501098632814024,0.35756638946533204,0.24574501047186637,0.8521455429281752,1
REACTOME_RNA_POLYMERASE_III_TRANSCRIPTION_INITIATION_FROM_TYPE_3_PROMOTER,10,10,0.22122086624145507,-0.0011616494750976702,0.22238251571655274,0.24487143072517314,0.8521455429281752,1
REACTOME_HOST_INTERACTIONS_OF_HIV_FACTORS,24,24,0.1976542608833313,-0.0011616494750976702,0.19881591035842897,0.2486688061213892,0.8521455429281752,1
REACTOME_COLLAGEN_DEGRADATION,13,13,-0.1757068530273438,0.0005578344726562268,-0.17626468750000002,0.248210052173909,0.8521455429281752,-1
REACTOME_REGULATION_OF_TP53_ACTIVITY_THROUGH_PHOSPHORYLATION,23,23,0.11627797065734863,-0.0016115698242187837,0.11788954048156741,0.2458995043240646,0.8521455429281752,1
REACTOME_TRANSPORT_TO_THE_GOLGI_AND_SUBSEQUENT_MODIFICATION,33,33,0.014219184875488289,-0.00026501098632814024,0.014484195861816429,0.2476372097687506,0.8521455429281752,1
REACTOME_ACTIVATION_OF_THE_PRE_REPLICATIVE_COMPLEX,12,12,-0.19772179260253908,0.00047646484374996856,-0.19819825744628905,0.2523174999443629,0.8574585058631592,-1
REACTOME_SYNTHESIS_OF_SUBSTRATES_IN_N_GLYCAN_BIOSYTHESIS,16,16,-0.10943962158203124,0.00047646484374996856,-0.10991608642578121,0.2545622454651467,0.8574585058631592,-1
REACTOME_TP53_REGULATES_TRANSCRIPTION_OF_CELL_CYCLE_GENES,14,14,-0.1013847381591797,0.0002292395019530824,-0.10161397766113278,0.25542021934558323,0.8574585058631592,-1
REACTOME_SLC_MEDIATED_TRANSMEMBRANE_TRANSPORT,36,36,-0.09524219360351566,0.0012852224731444983,-0.09652741607666016,0.25580476448820966,0.8574585058631592,-1
REACTOME_TRANSLATION_OF_SARS_COV_2_STRUCTURAL_PROTEINS,16,16,-0.09319413146972655,0.00047646484374996856,-0.09367059631347652,0.25440660948515437,0.8574585058631592,-1
REACTOME_CELL_CYCLE_MITOTIC,136,136,0.031902486572265604,-0.002033218994140662,0.033935705566406266,0.2563221156316917,0.8574585058631592,1
REACTOME_THE_ROLE_OF_GTSE1_IN_G2_M_PROGRESSION_AFTER_G2_CHECKPOINT,9,9,0.45322582406044004,-0.0008458357238769754,0.454071659784317,0.276004876937356,0.8796930917223827,1
REACTOME_GENE_AND_PROTEIN_EXPRESSION_BY_JAK_STAT_SIGNALING_AFTER_INTERLEUKIN_12_STIMULATION,7,7,0.4360088594818115,-0.0008458357238769754,0.4368546952056885,0.2676570427876688,0.8796930917223827,1
REACTOME_RNA_POLYMERASE_III_CHAIN_ELONGATION,5,5,0.4105552832794189,-0.0008458357238769754,0.4114011190032959,0.2759630978983628,0.8796930917223827,1
REACTOME_RNA_POLYMERASE_III_TRANSCRIPTION_TERMINATION,5,5,0.4105552832794189,-0.0008458357238769754,0.4114011190032959,0.2759630978983628,0.8796930917223827,1
REACTOME_ASSEMBLY_OF_THE_HIV_VIRION,5,5,0.3573013784790039,-0.0008458357238769754,0.35814721420288087,0.28070870898377337,0.8796930917223827,1
REACTOME_PEXOPHAGY,5,5,0.3573013784790039,-0.00026501098632814024,0.35756638946533204,0.2795174677073463,0.8796930917223827,1
REACTOME_SYNTHESIS_OF_VERY_LONG_CHAIN_FATTY_ACYL_COAS,5,5,0.26852946027755736,-0.0008458357238769754,0.26937529600143434,0.2753735247183417,0.8796930917223827,1
REACTOME_NEGATIVE_EPIGENETIC_REGULATION_OF_RRNA_EXPRESSION,14,14,0.22836944065093995,-0.0011616494750976702,0.22953109012603762,0.27791432380625924,0.8796930917223827,1
REACTOME_AMINO_ACIDS_REGULATE_MTORC1,8,8,-0.21321030273437502,0.00047646484374996856,-0.213686767578125,0.2668734181108584,0.8796930917223827,-1
REACTOME_TRANSCRIPTIONAL_REGULATION_OF_WHITE_ADIPOCYTE_DIFFERENTIATION,22,22,0.17659704986572264,-0.0011616494750976702,0.1777586993408203,0.26508503052349175,0.8796930917223827,1
REACTOME_FGFR2_MUTANT_RECEPTOR_ACTIVATION,6,6,-0.15575170745849612,0.0,-0.15575170745849612,0.2649437607792013,0.8796930917223827,-1
REACTOME_PROCESSIVE_SYNTHESIS_ON_THE_C_STRAND_OF_THE_TELOMERE,10,10,0.1376797943496704,-0.0011616494750976702,0.13884144382476807,0.28040433305683965,0.8796930917223827,1
REACTOME_APC_C_CDH1_MEDIATED_DEGRADATION_OF_CDC20_AND_OTHER_APC_C_CDH1_TARGETED_PROTEINS_IN_LATE_MITOSIS_EARLY_G1,12,12,0.13750559425354003,-0.0011616494750976702,0.1386672437286377,0.2787462205159198,0.8796930917223827,1
REACTOME_RND1_GTPASE_CYCLE,8,8,0.11302019683837888,-0.0011616494750976702,0.11418184631347655,0.2700786290982824,0.8796930917223827,1
REACTOME_NUCLEAR_ENVELOPE_BREAKDOWN,15,15,0.10594691223144531,-0.0011757850646972878,0.1071226972961426,0.27788723708145247,0.8796930917223827,1
REACTOME_CLASS_B_2_SECRETIN_FAMILY_RECEPTORS,18,18,0.09477846790313718,-0.0005300219726562805,0.09530848987579346,0.2759624216769715,0.8796930917223827,1
REACTOME_INFLUENZA_INFECTION,23,23,0.08634840393066406,-0.0011757850646972878,0.08752418899536135,0.27714200098918196,0.8796930917223827,1
REACTOME_ANTIMICROBIAL_PEPTIDES,8,8,0.44385685992240903,-0.0005300219726562805,0.4443868818950653,0.2857681046497715,0.8869474338646811,1
REACTOME_RECYCLING_PATHWAY_OF_L1,9,9,0.35173451370239256,-0.0008458357238769754,0.35258034942626953,0.2877851097385602,0.8869474338646811,1
REACTOME_SIGNALLING_TO_ERKS,5,5,-0.09836452148437502,0.0005578344726562268,-0.09892235595703125,0.28671331946200235,0.8869474338646811,-1
REACTOME_REGULATION_OF_INSULIN_SECRETION,19,19,0.08256698013305663,-0.002109395446777379,0.08467637557983401,0.2893363514979683,0.8869474338646811,1
REACTOME_INFECTIOUS_DISEASE,158,158,0.050245377273559544,-0.003919585571289075,0.05416496284484862,0.2886712002895143,0.8869474338646811,1
REACTOME_TP53_REGULATES_TRANSCRIPTION_OF_CELL_DEATH_GENES,11,11,-0.045395812988281214,0.0001146197509765412,-0.045510432739257756,0.28548231245567735,0.8869474338646811,-1
REACTOME_AGGREPHAGY,7,7,0.6479936693239212,-0.0008458357238769754,0.6488395050477982,0.31104760116081054,0.8907831214971126,1
REACTOME_SIGNALING_BY_EGFR,11,11,0.3573013784790039,-0.0008458357238769754,0.35814721420288087,0.31441062633430095,0.8907831214971126,1
REACTOME_STIMULI_SENSING_CHANNELS,11,11,0.3573013784790039,-0.0008458357238769754,0.35814721420288087,0.31203641851388253,0.8907831214971126,1
REACTOME_AMYLOID_FIBER_FORMATION,13,13,0.35449948867797854,-0.0011757850646972878,0.3556752737426758,0.31596267071811945,0.8907831214971126,1
REACTOME_EPHB_MEDIATED_FORWARD_SIGNALING,6,6,-0.3479188500976563,0.0002292395019530824,-0.34814808959960936,0.3090969325129375,0.8907831214971126,-1
REACTOME_CARBOXYTERMINAL_POST_TRANSLATIONAL_MODIFICATIONS_OF_TUBULIN,9,9,-0.3427309936523437,0.0001146197509765412,-0.34284561340332026,0.31021221399289345,0.8907831214971126,-1
REACTOME_DISEASES_ASSOCIATED_WITH_GLYCOSYLATION_PRECURSOR_BIOSYNTHESIS,6,6,-0.2649837109375,0.0002292395019530824,-0.2652129504394531,0.29934979085039437,0.8907831214971126,-1
REACTOME_DEFECTIVE_INTRINSIC_PATHWAY_FOR_APOPTOSIS,7,7,0.23163604034423826,-0.00026501098632814024,0.2319010513305664,0.3105095662533538,0.8907831214971126,1
REACTOME_NETRIN_1_SIGNALING,13,13,0.219804951133728,-0.0011757850646972878,0.2209807361984253,0.29755073099962115,0.8907831214971126,1
REACTOME_NCAM1_INTERACTIONS,6,6,0.199162416267395,-0.0005300219726562805,0.19969243824005128,0.30967641767003273,0.8907831214971126,1
REACTOME_TRANSCRIPTIONAL_REGULATION_BY_RUNX3,15,15,0.19144336036682125,-0.00026501098632814024,0.1917083713531494,0.29425278797476806,0.8907831214971126,1
REACTOME_SIGNAL_AMPLIFICATION,9,9,0.1852624433135986,-0.0008458357238769754,0.18610827903747557,0.30013168743615215,0.8907831214971126,1
REACTOME_THROMBOXANE_SIGNALLING_THROUGH_TP_RECEPTOR,9,9,0.1852624433135986,-0.0008458357238769754,0.18610827903747557,0.30013168743615215,0.8907831214971126,1
REACTOME_DISEASES_ASSOCIATED_WITH_N_GLYCOSYLATION_OF_PROTEINS,6,6,-0.18018216979980467,0.0002292395019530824,-0.18041140930175775,0.29934979085039437,0.8907831214971126,-1
REACTOME_E2F_MEDIATED_REGULATION_OF_DNA_REPLICATION,8,8,-0.16063081756591796,0.00047646484374996856,-0.16110728240966793,0.31051668580069536,0.8907831214971126,-1
REACTOME_GLYOXYLATE_METABOLISM_AND_GLYCINE_DEGRADATION,7,7,-0.1460295095825196,0.0003528521728515255,-0.14638236175537112,0.30836330174126636,0.8907831214971126,-1
REACTOME_MRNA_DECAY_BY_3_TO_5_EXORIBONUCLEASE,8,8,-0.14289712219238282,0.00047646484374996856,-0.1433735870361328,0.29638737489563705,0.8907831214971126,-1
REACTOME_RUNX1_REGULATES_TRANSCRIPTION_OF_GENES_INVOLVED_IN_DIFFERENTIATION_OF_HSCS,13,13,0.11914120422363278,-0.0008458357238769754,0.11998703994750975,0.3035418308056934,0.8907831214971126,1
REACTOME_NGF_STIMULATED_TRANSCRIPTION,11,11,-0.11820962371826171,0.0001146197509765412,-0.11832424346923825,0.29783108240094724,0.8907831214971126,-1
REACTOME_BIOSYNTHESIS_OF_THE_N_GLYCAN_PRECURSOR_DOLICHOL_LIPID_LINKED_OLIGOSACCHARIDE_LLO_AND_TRANSFER_TO_A_NASCENT_PROTEIN,22,22,-0.10943962158203124,0.00047646484374996856,-0.10991608642578121,0.3170046695719262,0.8907831214971126,-1
REACTOME_SIGNALING_BY_NTRKS,27,27,-0.09836452148437502,0.0009622132873534917,-0.09932673477172851,0.3150066191377564,0.8907831214971126,-1
REACTOME_INTERLEUKIN_17_SIGNALING,15,15,0.09611819305419922,-0.0011757850646972878,0.0972939781188965,0.31606643349962815,0.8907831214971126,1
REACTOME_RND2_GTPASE_CYCLE,7,7,0.08302905548095701,-0.0011757850646972878,0.0842048405456543,0.30145288231677336,0.8907831214971126,1
REACTOME_FCGR3A_MEDIATED_IL10_SYNTHESIS,12,12,0.06736253662109373,-0.0011899206542969054,0.06855245727539064,0.2927419295507252,0.8907831214971126,1
REACTOME_SIGNALING_BY_BRAF_AND_RAF1_FUSIONS,15,15,-0.002185571899414096,0.0001146197509765412,-0.0023001916503906372,0.310699943889569,0.8907831214971126,-1
REACTOME_NR1H2_AND_NR1H3_MEDIATED_SIGNALING,12,12,-0.09517509643554689,0.0002292395019530824,-0.09540433593749997,0.3183520367334839,0.8915972324462689,-1
REACTOME_SIGNALING_BY_FGFR3,8,8,0.21568103744506834,-0.0005300219726562805,0.21621105941772462,0.3204262733054595,0.8944349284652395,1
REACTOME_DAP12_SIGNALING,12,12,0.16437270843505858,-0.0005300219726562805,0.16490273040771486,0.32212695712255823,0.8957118552139973,1
REACTOME_DISORDERS_OF_TRANSMEMBRANE_TRANSPORTERS,30,30,-0.16076834411621094,0.0012852224731444983,-0.16205356658935544,0.32300878290042134,0.8957118552139973,-1
REACTOME_DEGRADATION_OF_BETA_CATENIN_BY_THE_DESTRUCTION_COMPLEX,12,12,0.25390018417358395,-0.0011616494750976702,0.2550618336486816,0.3265677981508961,0.8981799081804863,1
REACTOME_G_PROTEIN_ACTIVATION,9,9,0.1852624433135986,-0.0008458357238769754,0.18610827903747557,0.3270951741535104,0.8981799081804863,1
REACTOME_FGFR2_ALTERNATIVE_SPLICING,6,6,0.13516430480957028,-0.0011616494750976702,0.13632595428466796,0.3264773493662149,0.8981799081804863,1
REACTOME_VEGFR2_MEDIATED_VASCULAR_PERMEABILITY,5,5,0.6084633315563202,-0.00026501098632814024,0.6087283425426483,0.35566135138656124,0.912549911270582,1
REACTOME_CHAPERONE_MEDIATED_AUTOPHAGY,8,8,0.5026475239014625,-0.0005300219726562805,0.5031775458741188,0.34431191989757653,0.912549911270582,1
REACTOME_ACTIVATED_NOTCH1_TRANSMITS_SIGNAL_TO_THE_NUCLEUS,5,5,0.3573013784790039,-0.0008458357238769754,0.35814721420288087,0.36155595535512974,0.912549911270582,1
REACTOME_LATE_ENDOSOMAL_MICROAUTOPHAGY,9,9,0.3573013784790039,-0.0008458357238769754,0.35814721420288087,0.3555840615734642,0.912549911270582,1
REACTOME_ION_HOMEOSTASIS,9,9,0.30538634742736814,-0.0011757850646972878,0.30656213249206543,0.3450713804152601,0.912549911270582,1
REACTOME_INTRAFLAGELLAR_TRANSPORT,15,15,-0.2360877160644531,0.0001146197509765412,-0.23620233581542965,0.3487412170002653,0.912549911270582,-1
REACTOME_REGULATION_OF_RAS_BY_GAPS,8,8,0.2114007663345337,-0.0005300219726562805,0.21193078830718998,0.34377550770271015,0.912549911270582,1
REACTOME_POLB_DEPENDENT_LONG_PATCH_BASE_EXCISION_REPAIR,5,5,-0.18687734863281247,0.0003528521728515255,-0.187230200805664,0.3573890974856124,0.912549911270582,-1
REACTOME_COOPERATION_OF_PDCL_PHLP1_AND_TRIC_CCT_IN_G_PROTEIN_BETA_FOLDING,11,11,0.1852624433135986,-0.0008458357238769754,0.18610827903747557,0.36082284451413027,0.912549911270582,1
REACTOME_G_PROTEIN_BETA_GAMMA_SIGNALLING,10,10,0.17542026393890378,-0.0011616494750976702,0.17658191341400145,0.34490678083357895,0.912549911270582,1
REACTOME_ABC_FAMILY_PROTEINS_MEDIATED_TRANSPORT,17,17,-0.16116291748046874,0.0001146197509765412,-0.16127753723144528,0.3571620649776146,0.912549911270582,-1
REACTOME_HDR_THROUGH_HOMOLOGOUS_RECOMBINATION_HRR,21,21,0.14298826690673827,-0.0011757850646972878,0.14416405197143556,0.3468268104163271,0.912549911270582,1
REACTOME_SUMOYLATION_OF_CHROMATIN_ORGANIZATION_PROTEINS,20,20,-0.1265918729019165,0.0002292395019530824,-0.1268211124038696,0.3353212162271172,0.912549911270582,-1
REACTOME_DOWNSTREAM_SIGNALING_EVENTS_OF_B_CELL_RECEPTOR_BCR,12,12,0.1254785192298889,-0.0005300219726562805,0.12600854120254518,0.3396918137987601,0.912549911270582,1
REACTOME_RNA_POLYMERASE_I_TRANSCRIPTION,15,15,-0.1237405722045899,0.0003528521728515255,-0.12409342437744142,0.3479485633544859,0.912549911270582,-1
REACTOME_RNA_POLYMERASE_I_TRANSCRIPTION_INITIATION,15,15,-0.1237405722045899,0.0003528521728515255,-0.12409342437744142,0.3479485633544859,0.912549911270582,-1
REACTOME_TRANSCRIPTIONAL_REGULATION_BY_RUNX2,16,16,0.10984830127716061,-0.0011899206542969054,0.11103822193145751,0.3606139069768173,0.912549911270582,1
REACTOME_POSTMITOTIC_NUCLEAR_PORE_COMPLEX_NPC_REFORMATION,7,7,0.10594691223144531,-0.0008458357238769754,0.10679274795532229,0.33614876600898785,0.912549911270582,1
REACTOME_CARDIAC_CONDUCTION,15,15,0.08256698013305663,-0.0008458357238769754,0.08341281585693361,0.3424321006474482,0.912549911270582,1
REACTOME_FC_EPSILON_RECEPTOR_FCERI_SIGNALING,32,32,0.07345467636108396,-0.0011616494750976702,0.07461632583618164,0.3609193919230661,0.912549911270582,1
REACTOME_MITOCHONDRIAL_PROTEIN_IMPORT,15,15,0.06377254760742185,-0.00026501098632814024,0.06403755859374999,0.3479485633544859,0.912549911270582,1
REACTOME_TRIGLYCERIDE_CATABOLISM,5,5,-0.062301805000305244,0.0001146197509765412,-0.062416424751281785,0.35290730365846656,0.912549911270582,-1
REACTOME_MITOTIC_PROMETAPHASE,58,58,0.06101163940429685,-0.0011899206542969054,0.06220156005859376,0.3518184317458931,0.912549911270582,1
REACTOME_RRNA_PROCESSING,40,40,-0.051214772338867176,0.00047646484374996856,-0.051691237182617145,0.35710336900592965,0.912549911270582,-1
REACTOME_VESICLE_MEDIATED_TRANSPORT,131,131,0.04851094726562499,-0.0011757850646972878,0.04968673233032228,0.353419516751017,0.912549911270582,1
REACTOME_TRANSCRIPTIONAL_REGULATION_BY_E2F6,14,14,-0.03736268981933599,0.00047646484374996856,-0.03783915466308596,0.35619842788562495,0.912549911270582,-1
REACTOME_CELL_CYCLE,176,176,0.018269945678710903,-0.002033218994140662,0.020303164672851565,0.3462151309675936,0.912549911270582,1
REACTOME_TP53_REGULATES_TRANSCRIPTION_OF_DNA_REPAIR_GENES,16,16,-0.13800770019531255,0.00047646484374996856,-0.13848416503906252,0.3627756524132505,0.9128951492070752,-1
REACTOME_FLT3_SIGNALING,14,14,0.16986956626892086,-0.0005300219726562805,0.17039958824157714,0.3643681734950617,0.914173721001003,1
REACTOME_FORMATION_OF_INCISION_COMPLEX_IN_GG_NER,15,15,-0.19588351074218746,0.0005578344726562268,-0.1964413452148437,0.3658556666249654,0.9151819791241717,-1
REACTOME_E3_UBIQUITIN_LIGASES_UBIQUITINATE_TARGET_PROTEINS,14,14,0.18394019813537596,-0.0005300219726562805,0.18447022010803224,0.3673292461874039,0.9161495696330815,1
REACTOME_CHOLESTEROL_BIOSYNTHESIS,11,11,-0.15047177734375006,0.0005578344726562268,-0.15102961181640628,0.36939619014956016,0.9185869861241275,-1
REACTOME_PLASMA_LIPOPROTEIN_CLEARANCE,7,7,-0.6221774096679689,0.0001146197509765412,-0.6222920294189453,0.37440318567320424,0.9210338589275491,-1
REACTOME_SUMOYLATION_OF_DNA_REPLICATION_PROTEINS,12,12,0.17122781735420228,-0.0011616494750976702,0.17238946682929995,0.37291724421207717,0.9210338589275491,1
REACTOME_PROTEIN_FOLDING,25,25,0.11558198059082031,-0.0011757850646972878,0.1167577656555176,0.37496420279979725,0.9210338589275491,1
REACTOME_SUMOYLATION,52,52,0.08009990356445312,-0.0005300219726562805,0.0806299255371094,0.3758429981863308,0.9210338589275491,1
REACTOME_SIGNALING_BY_ERBB4,14,14,0.017266318359374977,0.0,0.017266318359374977,0.37265404319509765,0.9210338589275491,1
REACTOME_CD209_DC_SIGN_SIGNALING,5,5,0.05215809310913083,-0.00026501098632814024,0.05242310409545897,0.3781506134647111,0.9240028033355117,1
REACTOME_TRANSLOCATION_OF_SLC2A4_GLUT4_TO_THE_PLASMA_MEMBRANE,13,13,0.31123135543823244,-0.0008458357238769754,0.3120771911621094,0.40015228156870786,0.9294780754660091,1
REACTOME_ADRENALINE_NORADRENALINE_INHIBITS_INSULIN_SECRETION,9,9,0.1852624433135986,-0.0008458357238769754,0.18610827903747557,0.3940844498190138,0.9294780754660091,1
REACTOME_G_BETA_GAMMA_SIGNALLING_THROUGH_PI3KGAMMA,9,9,0.1852624433135986,-0.0008458357238769754,0.18610827903747557,0.3982350845396653,0.9294780754660091,1
REACTOME_MITOCHONDRIAL_BIOGENESIS,16,16,0.17038738128662106,-0.0011616494750976702,0.17154903076171873,0.3957535575648239,0.9294780754660091,1
REACTOME_TRANSLESION_SYNTHESIS_BY_POLH,9,9,0.16971581947326658,-0.0008458357238769754,0.17056165519714356,0.3927067442260933,0.9294780754660091,1
REACTOME_DISEASES_OF_CARBOHYDRATE_METABOLISM,9,9,-0.1598055639648438,0.0001146197509765412,-0.15992018371582034,0.40409001809178025,0.9294780754660091,-1
REACTOME_ACTIVATION_OF_ATR_IN_RESPONSE_TO_REPLICATION_STRESS,12,12,-0.1567486666870117,0.00047646484374996856,-0.15722513153076167,0.3867054257838286,0.9294780754660091,-1
REACTOME_ASSOCIATION_OF_TRIC_CCT_WITH_TARGET_PROTEINS_DURING_BIOSYNTHESIS,8,8,0.15557703552246094,-0.0005300219726562805,0.15610705749511722,0.40464822502494113,0.9294780754660091,1
REACTOME_AUTOPHAGY,30,30,0.1368052976989746,-0.0011616494750976702,0.13796694717407226,0.3964446110884514,0.9294780754660091,1
REACTOME_DOWNREGULATION_OF_SMAD2_3_SMAD4_TRANSCRIPTIONAL_ACTIVITY,8,8,-0.11916602416992189,0.0002292395019530824,-0.11939526367187497,0.3999376669344862,0.9294780754660091,-1
REACTOME_DEADENYLATION_DEPENDENT_MRNA_DECAY,16,16,-0.10583347595214848,0.000639204101562485,-0.10647268005371097,0.3922318712574112,0.9294780754660091,-1
REACTOME_RHOB_GTPASE_CYCLE,14,14,-0.09825893692016607,0.00047646484374996856,-0.09873540176391604,0.403572868741922,0.9294780754660091,-1
REACTOME_CLEC7A_DECTIN_1_SIGNALING,17,17,0.09611819305419922,-0.0011757850646972878,0.0972939781188965,0.3992890550813982,0.9294780754660091,1
REACTOME_NS1_MEDIATED_EFFECTS_ON_HOST_PATHWAYS,12,12,0.09614765808105469,-0.0005300219726562805,0.09667768005371097,0.40394691809697725,0.9294780754660091,1
REACTOME_PROCESSING_OF_CAPPED_INTRON_CONTAINING_PRE_MRNA,56,56,0.08813647003173827,-0.0025972357177734273,0.0907337057495117,0.39965312403764097,0.9294780754660091,1
REACTOME_MYD88_INDEPENDENT_TLR4_CASCADE,24,24,0.08448342468261719,-0.0011616494750976702,0.08564507415771486,0.3934396777064456,0.9294780754660091,1
REACTOME_RESOLUTION_OF_ABASIC_SITES_AP_SITES,18,18,-0.06979952899932862,0.00047646484374996856,-0.07027599384307859,0.40184095429614464,0.9294780754660091,-1
REACTOME_MEIOSIS,22,22,0.06241752647399901,-0.0005300219726562805,0.06294754844665529,0.40183401443051747,0.9294780754660091,1
REACTOME_RHO_GTPASES_ACTIVATE_FORMINS,33,33,0.04411240661621091,-0.0008458357238769754,0.044958242340087884,0.4008491717598809,0.9294780754660091,1
REACTOME_METABOLISM_OF_LIPIDS,166,166,-0.0424106010437012,0.0012852224731444983,-0.0436958235168457,0.3874686419388115,0.9294780754660091,-1
REACTOME_BMAL1_CLOCK_NPAS2_ACTIVATES_CIRCADIAN_GENE_EXPRESSION,7,7,-0.035122656249999995,0.0001146197509765412,-0.035237276000976536,0.38873113651639796,0.9294780754660091,-1
REACTOME_SIGNALING_BY_RHO_GTPASES_MIRO_GTPASES_AND_RHOBTB3,143,143,0.01622342041015623,-0.0011757850646972878,0.01739920547485352,0.3953810731470081,0.9294780754660091,1
REACTOME_GLYCOGEN_SYNTHESIS,6,6,0.29911997636318205,-0.0011616494750976702,0.3002816258382797,0.40934496564790523,0.9304585080873347,1
REACTOME_REGULATION_OF_TP53_ACTIVITY_THROUGH_ACETYLATION,8,8,-0.2599651371765137,0.0002292395019530824,-0.2601943766784668,0.40820199397569135,0.9304585080873347,-1
REACTOME_DISEASES_OF_PROGRAMMED_CELL_DEATH,13,13,0.2247332724380493,-0.00026501098632814024,0.22499828342437744,0.40949004329822203,0.9304585080873347,1
REACTOME_DEPOSITION_OF_NEW_CENPA_CONTAINING_NUCLEOSOMES_AT_THE_CENTROMERE,8,8,-0.09874259094238286,0.0002292395019530824,-0.09897183044433594,0.4067190887392935,0.9304585080873347,-1
REACTOME_CELL_SURFACE_INTERACTIONS_AT_THE_VASCULAR_WALL,36,36,-0.001754401855468768,0.0,-0.001754401855468768,0.4131481142458916,0.9362469363152867,-1
REACTOME_DEFECTS_OF_CONTACT_ACTIVATION_SYSTEM_CAS_AND_KALLIKREIN_KININ_SYSTEM_KKS,5,5,-0.5486486791992187,0.0001146197509765412,-0.5487632989501952,0.4167849278821267,0.941956284730919,-1
REACTOME_RAC3_GTPASE_CYCLE,14,14,0.2934590340900421,-0.0011616494750976702,0.29462068356513976,0.4183289189433521,0.9423205100208693,1
REACTOME_INTERLEUKIN_4_AND_INTERLEUKIN_13_SIGNALING,38,38,0.12719926330566403,-0.002033218994140662,0.1292324822998047,0.4191817215395326,0.9423205100208693,1
REACTOME_METAL_ION_SLC_TRANSPORTERS,6,6,-0.11698502563476565,0.0002292395019530824,-0.11721426513671873,0.42491870474838767,0.9526767768693905,-1
REACTOME_RHO_GTPASES_ACTIVATE_IQGAPS,5,5,0.7523632485961914,-0.00026501098632814024,0.7526282595825196,0.4339911718063906,0.9545613662484401,1
REACTOME_INTERLEUKIN_37_SIGNALING,5,5,0.5403543474578857,-0.00026501098632814024,0.5406193584442138,0.4659174154517151,0.9545613662484401,1
REACTOME_DISEASES_ASSOCIATED_WITH_O_GLYCOSYLATION_OF_PROTEINS,9,9,0.46744681003570554,-0.00026501098632814024,0.4677118210220337,0.5215375641796729,0.9545613662484401,1
REACTOME_TRANSFERRIN_ENDOCYTOSIS_AND_RECYCLING,6,6,-0.37414114135742194,0.0002292395019530824,-0.374370380859375,0.4795067296438329,0.9545613662484401,-1
REACTOME_IKK_COMPLEX_RECRUITMENT_MEDIATED_BY_RIP1,5,5,0.3573013784790039,-0.0008458357238769754,0.35814721420288087,0.5175059471749385,0.9545613662484401,1
REACTOME_VITAMIN_B5_PANTOTHENATE_METABOLISM,5,5,0.3496095734024048,-0.00026501098632814024,0.3498745843887329,0.49571224900199257,0.9545613662484401,1
REACTOME_G1_S_DNA_DAMAGE_CHECKPOINTS,7,7,0.3322443704986572,-0.0008458357238769754,0.33309020622253416,0.4299883199673156,0.9545613662484401,1
REACTOME_CELLULAR_RESPONSE_TO_HYPOXIA,8,8,0.3300775555038452,-0.0005300219726562805,0.3306075774765015,0.47807197041300686,0.9545613662484401,1
REACTOME_ESTROGEN_DEPENDENT_NUCLEAR_EVENTS_DOWNSTREAM_OF_ESR_MEMBRANE_SIGNALING,8,8,0.3162655256986618,-0.0005300219726562805,0.31679554767131807,0.42928576268269786,0.9545613662484401,1
REACTOME_PLASMA_LIPOPROTEIN_REMODELING,6,6,-0.2985177590942383,0.0002292395019530824,-0.29874699859619136,0.46287029663324153,0.9545613662484401,-1
REACTOME_MITOCHONDRIAL_CALCIUM_ION_TRANSPORT,5,5,-0.2902210278320313,0.0001146197509765412,-0.29033564758300784,0.46311067590477945,0.9545613662484401,-1
REACTOME_PLASMA_LIPOPROTEIN_ASSEMBLY_REMODELING_AND_CLEARANCE,11,11,-0.2445342144775391,0.0001146197509765412,-0.24464883422851563,0.49999542924388796,0.9545613662484401,-1
REACTOME_CD28_CO_STIMULATION,10,10,0.240139162902832,-0.0005300219726562805,0.24066918487548827,0.5073760760427123,0.9545613662484401,1
REACTOME_O_GLYCOSYLATION_OF_TSR_DOMAIN_CONTAINING_PROTEINS,6,6,-0.2395641784667969,0.0002292395019530824,-0.23979341796874998,0.45885059088601016,0.9545613662484401,-1
REACTOME_TRANSCRIPTION_OF_E2F_TARGETS_UNDER_NEGATIVE_CONTROL_BY_DREAM_COMPLEX,9,9,0.23650872247695923,-0.0008458357238769754,0.2373545582008362,0.4724363134719136,0.9545613662484401,1
REACTOME_PERK_REGULATES_GENE_EXPRESSION,9,9,0.22496134033203125,-0.0008458357238769754,0.22580717605590822,0.43296122518484104,0.9545613662484401,1
REACTOME_NON_INTEGRIN_MEMBRANE_ECM_INTERACTIONS,8,8,0.2241966405200958,-0.0005300219726562805,0.22472666249275208,0.46425311999594177,0.9545613662484401,1
REACTOME_RAS_PROCESSING,7,7,0.219804951133728,-0.00026501098632814024,0.22006996212005614,0.45283679894108786,0.9545613662484401,1
REACTOME_SULFUR_AMINO_ACID_METABOLISM,7,7,-0.2187618286132813,0.0001146197509765412,-0.21887644836425785,0.4531726839099256,0.9545613662484401,-1
REACTOME_INTERLEUKIN_6_FAMILY_SIGNALING,6,6,0.20355801733016968,-0.0005300219726562805,0.20408803930282596,0.48474485316008364,0.9545613662484401,1
REACTOME_RHOBTB2_GTPASE_CYCLE,5,5,0.19977616088867184,-0.00026501098632814024,0.20004117187499998,0.4878662489915873,0.9545613662484401,1
REACTOME_RHOBTB_GTPASE_CYCLE,7,7,0.19977616088867184,-0.00026501098632814024,0.20004117187499998,0.4595800056766121,0.9545613662484401,1
REACTOME_PURINE_CATABOLISM,5,5,-0.19763684326171882,0.0001146197509765412,-0.19775146301269536,0.5061319203839179,0.9545613662484401,-1
REACTOME_HEME_SIGNALING,14,14,0.1906970683288574,-0.0011616494750976702,0.19185871780395508,0.5210331307561684,0.9545613662484401,1
REACTOME_G_ALPHA_Z_SIGNALLING_EVENTS,13,13,0.1852624433135986,-0.0008458357238769754,0.18610827903747557,0.42999988515756893,0.9545613662484401,1
REACTOME_TRNA_AMINOACYLATION,7,7,0.17525854858398437,-0.0008458357238769754,0.17610438430786135,0.49057974283300515,0.9545613662484401,1
REACTOME_TRANSCRIPTIONAL_ACTIVATION_OF_MITOCHONDRIAL_BIOGENESIS,12,12,0.17038738128662106,-0.0011616494750976702,0.17154903076171873,0.5025554804303576,0.9545613662484401,1
REACTOME_MISMATCH_REPAIR,5,5,0.1701380152130127,-0.0008458357238769754,0.17098385093688967,0.4595151372899799,0.9545613662484401,1
REACTOME_PRESYNAPTIC_FUNCTION_OF_KAINATE_RECEPTORS,9,9,0.16557808456420897,-0.0008458357238769754,0.16642392028808595,0.44028763259321746,0.9545613662484401,1
REACTOME_PEROXISOMAL_LIPID_METABOLISM,10,10,-0.16407456909179685,0.00047646484374996856,-0.16455103393554682,0.5210654704272998,0.9545613662484401,-1
REACTOME_GENERATION_OF_SECOND_MESSENGER_MOLECULES,17,17,-0.16296899658203123,0.0005578344726562268,-0.16352683105468746,0.46481528934082517,0.9545613662484401,-1
REACTOME_RNA_POLYMERASE_II_TRANSCRIBES_SNRNA_GENES,23,23,-0.15131093261718753,0.0003528521728515255,-0.15166378479003906,0.4657923530747776,0.9545613662484401,-1
REACTOME_HIV_TRANSCRIPTION_ELONGATION,10,10,-0.14426604248046881,0.0002292395019530824,-0.1444952819824219,0.4715245562857373,0.9545613662484401,-1
REACTOME_RHOJ_GTPASE_CYCLE,10,10,-0.13896780242919926,0.0,-0.13896780242919926,0.44410434815372557,0.9545613662484401,-1
REACTOME_APC_C_CDC20_MEDIATED_DEGRADATION_OF_CYCLIN_B,8,8,0.13750559425354003,-0.0005300219726562805,0.1380356162261963,0.4888220274524562,0.9545613662484401,1
REACTOME_ROS_AND_RNS_PRODUCTION_IN_PHAGOCYTES,7,7,-0.13378827880859379,0.0001146197509765412,-0.13390289855957033,0.46671788193280395,0.9545613662484401,-1
REACTOME_PROCESSING_OF_DNA_DOUBLE_STRAND_BREAK_ENDS,14,14,0.13211008914947509,-0.0005300219726562805,0.13264011112213137,0.4341009223472141,0.9545613662484401,1
REACTOME_RUNX1_INTERACTS_WITH_CO_FACTORS_WHOSE_PRECISE_EFFECT_ON_RUNX1_TARGETS_IS_NOT_KNOWN,10,10,-0.13013556274414062,0.0002292395019530824,-0.1303648022460937,0.4677576124173142,0.9545613662484401,-1
REACTOME_POTASSIUM_CHANNELS,12,12,-0.12804405548095704,0.0002292395019530824,-0.12827329498291012,0.5064063722701594,0.9545613662484401,-1
REACTOME_O_LINKED_GLYCOSYLATION,20,20,-0.11935630493164062,0.00047646484374996856,-0.11983276977539059,0.5135790296615752,0.9545613662484401,-1
REACTOME_EUKARYOTIC_TRANSLATION_INITIATION,14,14,-0.11832702697753905,0.0002292395019530824,-0.11855626647949213,0.4545316838593221,0.9545613662484401,-1
REACTOME_TNFR2_NON_CANONICAL_NF_KB_PATHWAY,25,25,0.11738007080078122,-0.0011757850646972878,0.11855585586547851,0.5231403928906042,0.9545613662484401,1
REACTOME_SCF_SKP2_MEDIATED_DEGRADATION_OF_P27_P21,8,8,0.10984830127716061,-0.0005300219726562805,0.11037832324981689,0.47839589160054635,0.9545613662484401,1
REACTOME_RHOV_GTPASE_CYCLE,12,12,-0.1041378660583496,0.0,-0.1041378660583496,0.4940839138486577,0.9545613662484401,-1
REACTOME_PYRUVATE_METABOLISM,8,8,-0.10303119445800779,0.0002292395019530824,-0.10326043395996087,0.5201170405775702,0.9545613662484401,-1
REACTOME_NEGATIVE_REGULATION_OF_FGFR1_SIGNALING,5,5,-0.09836452148437502,0.0001146197509765412,-0.09847914123535156,0.5162360356302247,0.9545613662484401,-1
REACTOME_NEGATIVE_REGULATION_OF_FGFR2_SIGNALING,5,5,-0.09836452148437502,0.0001146197509765412,-0.09847914123535156,0.5162360356302247,0.9545613662484401,-1
REACTOME_EXPORT_OF_VIRAL_RIBONUCLEOPROTEINS_FROM_NUCLEUS,10,10,0.09614765808105469,-0.0005300219726562805,0.09667768005371097,0.4542787576186217,0.9545613662484401,1
REACTOME_ADP_SIGNALLING_THROUGH_P2Y_PURINOCEPTOR_1,8,8,0.09477846790313718,-0.0005300219726562805,0.09530848987579346,0.5170782996439541,0.9545613662484401,1
REACTOME_ADP_SIGNALLING_THROUGH_P2Y_PURINOCEPTOR_12,8,8,0.09477846790313718,-0.0005300219726562805,0.09530848987579346,0.5170782996439541,0.9545613662484401,1
REACTOME_G_BETA_GAMMA_SIGNALLING_THROUGH_CDC42,8,8,0.09477846790313718,-0.0005300219726562805,0.09530848987579346,0.5170782996439541,0.9545613662484401,1
REACTOME_PROSTACYCLIN_SIGNALLING_THROUGH_PROSTACYCLIN_RECEPTOR,8,8,0.09477846790313718,-0.0005300219726562805,0.09530848987579346,0.5170782996439541,0.9545613662484401,1
REACTOME_HIV_ELONGATION_ARREST_AND_RECOVERY,7,7,-0.09131893676757818,0.0001146197509765412,-0.09143355651855473,0.4909301171448395,0.9545613662484401,-1
REACTOME_SARS_COV_2_INFECTION,19,19,-0.08969661132812501,0.0003528521728515255,-0.09004946350097653,0.49214548508819944,0.9545613662484401,-1
REACTOME_INHIBITION_OF_THE_PROTEOLYTIC_ACTIVITY_OF_APC_C_REQUIRED_FOR_THE_ONSET_OF_ANAPHASE_BY_MITOTIC_SPINDLE_CHECKPOINT_COMPONENTS,8,8,0.0835901529788971,-0.0005300219726562805,0.08412017495155338,0.5150573996956171,0.9545613662484401,1
REACTOME_TP53_REGULATES_METABOLIC_GENES,16,16,-0.0788240115356445,0.0002292395019530824,-0.07905325103759758,0.520382381391974,0.9545613662484401,-1
REACTOME_NUCLEOTIDE_SALVAGE,6,6,0.07562833312988279,-0.0005300219726562805,0.07615835510253907,0.4824963495279247,0.9545613662484401,1
REACTOME_NERVOUS_SYSTEM_DEVELOPMENT,97,97,0.07284865631103515,-0.0022926181030273607,0.07514127441406251,0.4466789929730147,0.9545613662484401,1
REACTOME_OXIDATIVE_STRESS_INDUCED_SENESCENCE,27,27,0.07284865631103515,-0.0011757850646972878,0.07402444137573244,0.49354237807348755,0.9545613662484401,1
REACTOME_INOSITOL_PHOSPHATE_METABOLISM,13,13,-0.07176038330078127,0.0003528521728515255,-0.0721132354736328,0.48019541189535775,0.9545613662484401,-1
REACTOME_SYNTHESIS_OF_GLYCOSYLPHOSPHATIDYLINOSITOL_GPI,7,7,0.0710284094238281,-0.0008458357238769754,0.07187424514770507,0.433587276544979,0.9545613662484401,1
REACTOME_HIV_INFECTION,44,44,0.06725952606201169,-0.0011616494750976702,0.06842117553710936,0.4807697412830916,0.9545613662484401,1
REACTOME_HIV_TRANSCRIPTION_INITIATION,12,12,0.06725952606201169,-0.0011616494750976702,0.06842117553710936,0.5099960463751688,0.9545613662484401,1
REACTOME_RNA_POLYMERASE_II_TRANSCRIPTION_TERMINATION,19,19,0.0642660382080078,-0.0011757850646972878,0.06544182327270509,0.4617745180181536,0.9545613662484401,1
REACTOME_MEIOTIC_SYNAPSIS,16,16,0.06241752647399901,-0.0005300219726562805,0.06294754844665529,0.45736510758799753,0.9545613662484401,1
REACTOME_MRNA_SPLICING_MINOR_PATHWAY,14,14,-0.061991864013671905,0.0002292395019530824,-0.06222110351562499,0.5122624688164448,0.9545613662484401,-1
REACTOME_REGULATION_OF_RUNX1_EXPRESSION_AND_ACTIVITY,6,6,0.05928310577392576,-0.0005300219726562805,0.05981312774658204,0.4694879613317637,0.9545613662484401,1
REACTOME_PROTEIN_LOCALIZATION,42,42,0.05219566253662106,-0.0011616494750976702,0.05335731201171873,0.5157178644819701,0.9545613662484401,1
REACTOME_CONSTITUTIVE_SIGNALING_BY_AKT1_E17K_IN_CANCER,5,5,-0.049042368774414036,0.0001146197509765412,-0.04915698852539058,0.4547441572775672,0.9545613662484401,-1
REACTOME_MITOTIC_G2_G2_M_PHASES,42,42,0.045683731994628884,-0.0011616494750976702,0.046845381469726555,0.46515811809611307,0.9545613662484401,1
REACTOME_TRANSCRIPTIONAL_REGULATION_BY_VENTX,13,13,0.04475287887573243,-0.0008458357238769754,0.0455987145996094,0.5204484669965812,0.9545613662484401,1
REACTOME_PKMTS_METHYLATE_HISTONE_LYSINES,9,9,-0.044908151855468814,0.0003528521728515255,-0.04526100402832034,0.4602692118371391,0.9545613662484401,-1
REACTOME_FLT3_SIGNALING_IN_DISEASE,12,12,0.043490759582519495,-0.0005300219726562805,0.044020781555175775,0.4940839138486577,0.9545613662484401,1
REACTOME_DNA_REPAIR,80,80,-0.03581405883789063,0.0012852224731444983,-0.037099281311035126,0.4870271592718731,0.9545613662484401,-1
REACTOME_SUMOYLATION_OF_RNA_BINDING_PROTEINS,16,16,0.031263821372985834,0.0,0.031263821372985834,0.49786499990095334,0.9545613662484401,1
REACTOME_DOWNSTREAM_SIGNALING_OF_ACTIVATED_FGFR2,5,5,-0.030821363525390666,0.0001146197509765412,-0.030935983276367207,0.487044051720263,0.9545613662484401,-1
REACTOME_DISEASES_OF_DNA_REPAIR,10,10,-0.028871901855468757,0.0,-0.028871901855468757,0.5177016994284381,0.9545613662484401,-1
REACTOME_BASE_EXCISION_REPAIR_AP_SITE_FORMATION,8,8,-0.01957451049804687,0.0002292395019530824,-0.019803749999999953,0.46584888643828654,0.9545613662484401,-1
REACTOME_CYCLIN_A_CDK2_ASSOCIATED_EVENTS_AT_S_PHASE_ENTRY,16,16,0.01741865394592282,-0.0005300219726562805,0.0179486759185791,0.48703784415286655,0.9545613662484401,1
REACTOME_CDC42_GTPASE_CYCLE,31,31,0.01622342041015623,-0.00026501098632814024,0.01648843139648437,0.4790086351708899,0.9545613662484401,1
REACTOME_MEMBRANE_TRAFFICKING,122,122,0.013570003814697251,-0.0005300219726562805,0.014100025787353532,0.5027397116082635,0.9545613662484401,1
REACTOME_CIRCADIAN_CLOCK,21,21,0.009895810508728009,-0.00026501098632814024,0.01016082149505615,0.44257877388589084,0.9545613662484401,1
REACTOME_METABOLISM_OF_AMINO_ACIDS_AND_DERIVATIVES,58,58,0.010081549987792982,0.0,0.010081549987792982,0.4857162985478045,0.9545613662484401,1
REACTOME_ABERRANT_REGULATION_OF_MITOTIC_G1_S_TRANSITION_IN_CANCER_DUE_TO_RB1_DEFECTS,7,7,0.006584065704345665,-0.00026501098632814024,0.006849076690673805,0.4418283837246762,0.9545613662484401,1
REACTOME_MITOTIC_G1_PHASE_AND_G1_S_TRANSITION,39,39,0.006584065704345665,-0.00026501098632814024,0.006849076690673805,0.5230035881442081,0.9545613662484401,1
REACTOME_RNA_POLYMERASE_II_TRANSCRIPTION,394,394,-0.005183088417053228,0.00047646484374996856,-0.005659553260803196,0.5194420284353582,0.9545613662484401,-1
REACTOME_DETOXIFICATION_OF_REACTIVE_OXYGEN_SPECIES,5,5,0.4320732426357269,-0.00026501098632814024,0.432338253622055,0.552359049230171,0.9564684206009801,1
REACTOME_MYOCLONIC_EPILEPSY_OF_LAFORA,5,5,0.3573013784790039,-0.0008458357238769754,0.35814721420288087,0.530288316708667,0.9564684206009801,1
REACTOME_INTERCONVERSION_OF_NUCLEOTIDE_DI_AND_TRIPHOSPHATES,10,10,0.30478192143440247,-0.0005300219726562805,0.30531194340705875,0.5269020120361393,0.9564684206009801,1
REACTOME_PECAM1_INTERACTIONS,6,6,0.293484961309433,-0.0005300219726562805,0.2940149832820893,0.543454709507409,0.9564684206009801,1
REACTOME_RHOF_GTPASE_CYCLE,10,10,0.2624065731716156,-0.0005300219726562805,0.26293659514427187,0.5841243261458804,0.9564684206009801,1
REACTOME_BINDING_AND_UPTAKE_OF_LIGANDS_BY_SCAVENGER_RECEPTORS,11,11,0.2547684032440185,-0.00026501098632814024,0.25503341423034664,0.6013503553140322,0.9564684206009801,1
REACTOME_GLYCOGEN_METABOLISM,8,8,0.2505860628461838,-0.0011616494750976702,0.25174771232128146,0.6046365675051024,0.9564684206009801,1
REACTOME_TGF_BETA_RECEPTOR_SIGNALING_IN_EMT_EPITHELIAL_TO_MESENCHYMAL_TRANSITION,6,6,0.24430065662384032,-0.0005300219726562805,0.2448306785964966,0.5957728295015021,0.9564684206009801,1
REACTOME_ERBB2_ACTIVATES_PTK6_SIGNALING,5,5,-0.2391326565551758,0.0001146197509765412,-0.23924727630615233,0.5375980905681553,0.9564684206009801,-1
REACTOME_POTENTIAL_THERAPEUTICS_FOR_SARS,20,20,0.23369452011346817,-0.0011616494750976702,0.23485616958856584,0.5611873424595203,0.9564684206009801,1
REACTOME_INTERLEUKIN_12_FAMILY_SIGNALING,11,11,0.22012189331054688,-0.0008458357238769754,0.22096772903442385,0.5402582380314369,0.9564684206009801,1
REACTOME_RHO_GTPASES_ACTIVATE_WASPS_AND_WAVES,6,6,-0.22058344665527346,0.0002292395019530824,-0.22081268615722655,0.5518215420187572,0.9564684206009801,-1
REACTOME_FORMATION_OF_TUBULIN_FOLDING_INTERMEDIATES_BY_CCT_TRIC,5,5,0.22012189331054688,-0.00026501098632814024,0.22038690429687502,0.5541078593210218,0.9564684206009801,1
REACTOME_SIGNALING_BY_PTK6,17,17,0.19144336036682125,-0.00026501098632814024,0.1917083713531494,0.5770073924326954,0.9564684206009801,1
REACTOME_MITOCHONDRIAL_TRNA_AMINOACYLATION,6,6,0.18413512870788573,-0.0005300219726562805,0.184665150680542,0.5300368585106154,0.9564684206009801,1
REACTOME_ORC1_REMOVAL_FROM_CHROMATIN,12,12,-0.17273463653564453,0.0002292395019530824,-0.1729638760375976,0.5747553681009343,0.9564684206009801,-1
REACTOME_COPI_DEPENDENT_GOLGI_TO_ER_RETROGRADE_TRAFFIC,21,21,0.17130055389404297,-0.00026501098632814024,0.1715655648803711,0.5992795104578108,0.9564684206009801,1
REACTOME_COOPERATION_OF_PREFOLDIN_AND_TRIC_CCT_IN_ACTIN_AND_TUBULIN_FOLDING,8,8,0.1678519369506836,-0.0005300219726562805,0.16838195892333988,0.6017382244132455,0.9564684206009801,1
REACTOME_PHASE_I_FUNCTIONALIZATION_OF_COMPOUNDS,11,11,-0.1661268611907959,0.0001146197509765412,-0.16624148094177243,0.5765406991331157,0.9564684206009801,-1
REACTOME_SIGNALING_BY_WNT_IN_CANCER,5,5,-0.16554077270507817,0.0001146197509765412,-0.1656553924560547,0.6049873247412519,0.9564684206009801,-1
REACTOME_MRNA_DECAY_BY_5_TO_3_EXORIBONUCLEASE,5,5,0.15596534606933593,-0.00026501098632814024,0.15623035705566407,0.5815349676769281,0.9564684206009801,1
REACTOME_RHOG_GTPASE_CYCLE,13,13,0.151979697265625,-0.0008458357238769754,0.15282553298950197,0.584640976724115,0.9564684206009801,1
REACTOME_N_GLYCAN_ANTENNAE_ELONGATION_IN_THE_MEDIAL_TRANS_GOLGI,7,7,-0.15134496093750005,0.0001146197509765412,-0.1514595806884766,0.587348783748243,0.9564684206009801,-1
REACTOME_COLLAGEN_CHAIN_TRIMERIZATION,8,8,-0.1460789926147461,0.00047646484374996856,-0.14655545745849607,0.5639196533916927,0.9564684206009801,-1
REACTOME_CELLULAR_RESPONSE_TO_STARVATION,16,16,-0.12747507995605473,0.0002292395019530824,-0.1277043194580078,0.575824198865285,0.9564684206009801,-1
REACTOME_G2_M_CHECKPOINTS,24,24,-0.1261381911087036,0.00047646484374996856,-0.12661465595245358,0.5753244142917773,0.9564684206009801,-1
REACTOME_TIGHT_JUNCTION_INTERACTIONS,7,7,0.11911480850219724,-0.0008458357238769754,0.11996064422607422,0.5460159609454387,0.9564684206009801,1
REACTOME_SIGNALING_BY_NOTCH,35,35,0.10840868225097655,-0.002109395446777379,0.11051807769775393,0.5555347048843803,0.9564684206009801,1
REACTOME_SIALIC_ACID_METABOLISM,10,10,-0.10943962158203124,0.0002292395019530824,-0.10966886108398433,0.5575269584602633,0.9564684206009801,-1
REACTOME_FOXO_MEDIATED_TRANSCRIPTION_OF_CELL_DEATH_GENES,8,8,-0.10595926818847662,0.0002292395019530824,-0.1061885076904297,0.5509835808431278,0.9564684206009801,-1
REACTOME_DNA_DAMAGE_TELOMERE_STRESS_INDUCED_SENESCENCE,5,5,0.10564376922607421,-0.00026501098632814024,0.10590878021240235,0.5855653368867338,0.9564684206009801,1
REACTOME_NUCLEAR_EVENTS_KINASE_AND_TRANSCRIPTION_FACTOR_ACTIVATION,15,15,-0.10457198852539062,0.0001146197509765412,-0.10468660827636717,0.5911033625065603,0.9564684206009801,-1
REACTOME_PROTEIN_PROTEIN_INTERACTIONS_AT_SYNAPSES,9,9,-0.0998251110839844,0.0001146197509765412,-0.09993973083496094,0.5623598458611091,0.9564684206009801,-1
REACTOME_SYNAPTIC_ADHESION_LIKE_MOLECULES,5,5,-0.0998251110839844,0.0001146197509765412,-0.09993973083496094,0.601807184845478,0.9564684206009801,-1
REACTOME_PCNA_DEPENDENT_LONG_PATCH_BASE_EXCISION_REPAIR,10,10,0.09819577758789061,-0.0005300219726562805,0.09872579956054689,0.5559437216417046,0.9564684206009801,1
REACTOME_P75_NTR_RECEPTOR_MEDIATED_SIGNALLING,29,29,0.09611819305419922,-0.0008458357238769754,0.0969640287780762,0.5662296270714058,0.9564684206009801,1
REACTOME_CDT1_ASSOCIATION_WITH_THE_CDC6_ORC_ORIGIN_COMPLEX,8,8,0.09661536300659179,0.0,0.09661536300659179,0.5727391589678053,0.9564684206009801,1
REACTOME_INTERLEUKIN_1_SIGNALING,19,19,0.09611819305419922,-0.00026501098632814024,0.09638320404052736,0.5952480322159348,0.9564684206009801,1
REACTOME_REGULATION_OF_TP53_ACTIVITY,37,37,0.09450435882568359,-0.0008458357238769754,0.09535019454956056,0.6033650399593886,0.9564684206009801,1
REACTOME_G_ALPHA_S_SIGNALLING_EVENTS,26,26,0.09477846790313718,-0.0005300219726562805,0.09530848987579346,0.5689509697781254,0.9564684206009801,1
REACTOME_TRANSPORT_OF_BILE_SALTS_AND_ORGANIC_ACIDS_METAL_IONS_AND_AMINE_COMPOUNDS,11,11,-0.09498900146484379,0.0001146197509765412,-0.09510362121582033,0.6022900232603359,0.9564684206009801,-1
REACTOME_ZINC_TRANSPORTERS,5,5,-0.09498900146484379,0.0001146197509765412,-0.09510362121582033,0.5761801934644448,0.9564684206009801,-1
REACTOME_FORMATION_OF_THE_EARLY_ELONGATION_COMPLEX,9,9,-0.09131893676757818,0.0001146197509765412,-0.09143355651855473,0.5956775326416932,0.9564684206009801,-1
REACTOME_TRANSPORT_OF_MATURE_TRANSCRIPT_TO_CYTOPLASM,21,21,0.08634840393066406,-0.0008458357238769754,0.08719423965454104,0.607011393857087,0.9564684206009801,1
REACTOME_GOLGI_TO_ER_RETROGRADE_TRANSPORT,24,24,0.08463366744995116,0.0,0.08463366744995116,0.6058917171863119,0.9564684206009801,1
REACTOME_RAB_GEFS_EXCHANGE_GTP_FOR_GDP_ON_RABS,18,18,-0.08182566467285157,0.00047646484374996856,-0.08230212951660154,0.5530283112279213,0.9564684206009801,-1
REACTOME_BRANCHED_CHAIN_AMINO_ACID_CATABOLISM,6,6,-0.08190929931640628,0.0002292395019530824,-0.08213853881835936,0.6019949275003558,0.9564684206009801,-1
REACTOME_SRP_DEPENDENT_COTRANSLATIONAL_PROTEIN_TARGETING_TO_MEMBRANE,9,9,0.07926418457031248,-0.00026501098632814024,0.07952919555664062,0.5410985284443862,0.9564684206009801,1
REACTOME_NRAGE_SIGNALS_DEATH_THROUGH_JNK,20,20,-0.07690057586669924,0.00047646484374996856,-0.07737704071044921,0.5896808203024214,0.9564684206009801,-1
REACTOME_MITOCHONDRIAL_TRANSLATION,24,24,0.07587747985839843,-0.0005300219726562805,0.07640750183105471,0.5883053196870816,0.9564684206009801,1
REACTOME_SIGNALING_BY_FGFR4,7,7,0.07406069641113278,-0.00026501098632814024,0.07432570739746092,0.5298790088048401,0.9564684206009801,1
REACTOME_MRNA_SPLICING,44,44,0.05936297637939453,-0.002185571899414096,0.061548548278808624,0.5508020702807133,0.9564684206009801,1
REACTOME_INTEGRIN_CELL_SURFACE_INTERACTIONS,18,18,-0.060406855764389034,0.0002292395019530824,-0.060636095266342116,0.5601199626230879,0.9564684206009801,-1
REACTOME_DEUBIQUITINATION,53,53,0.05340328826904295,-0.0016115698242187837,0.05501485809326173,0.5947177478055554,0.9564684206009801,1
REACTOME_DARPP_32_EVENTS,7,7,0.05215809310913083,-0.0008458357238769754,0.05300392883300781,0.5631317849025546,0.9564684206009801,1
REACTOME_RET_SIGNALING,7,7,0.05215809310913083,-0.00026501098632814024,0.05242310409545897,0.5865850673801495,0.9564684206009801,1
REACTOME_RECRUITMENT_OF_NUMA_TO_MITOTIC_CENTROSOMES,28,28,0.045683731994628884,-0.0005300219726562805,0.046213753967285165,0.5617503117317968,0.9564684206009801,1
REACTOME_MITOCHONDRIAL_IRON_SULFUR_CLUSTER_BIOGENESIS,5,5,-0.04213629760742188,0.0003528521728515255,-0.042489149780273405,0.5914083831363025,0.9564684206009801,-1
REACTOME_AQUAPORIN_MEDIATED_TRANSPORT,16,16,0.03662979331970212,-0.0011616494750976702,0.03779144279479979,0.6054653700860948,0.9564684206009801,1
REACTOME_GLUCONEOGENESIS,6,6,-0.03615259140014648,0.0,-0.03615259140014648,0.5949453255804787,0.9564684206009801,-1
REACTOME_BASE_EXCISION_REPAIR,21,21,-0.03487876098632814,0.0003528521728515255,-0.035231613159179664,0.5995062807979739,0.9564684206009801,-1
REACTOME_SENESCENCE_ASSOCIATED_SECRETORY_PHENOTYPE_SASP,19,19,-0.03400910217285158,0.0001146197509765412,-0.03412372192382812,0.5782575934263207,0.9564684206009801,-1
REACTOME_ONCOGENE_INDUCED_SENESCENCE,12,12,0.03251415924072262,-0.0011616494750976702,0.03367580871582029,0.5454658196197852,0.9564684206009801,1
REACTOME_SIGNALING_BY_FGFR1,9,9,-0.030821363525390666,0.0001146197509765412,-0.030935983276367207,0.6008555902980353,0.9564684206009801,-1
REACTOME_GAMMA_CARBOXYLATION_HYPUSINE_FORMATION_AND_ARYLSULFATASE_ACTIVATION,13,13,0.030103603515624966,-0.00026501098632814024,0.030368614501953106,0.6015342930007928,0.9564684206009801,1
REACTOME_DEVELOPMENTAL_BIOLOGY,172,172,0.017825004119873034,-0.0025972357177734273,0.02042223983764646,0.6055339048663653,0.9564684206009801,1
REACTOME_RHO_GTPASE_CYCLE,95,95,0.01622342041015623,-0.0008458357238769754,0.017069256134033206,0.5569264152724254,0.9564684206009801,1
REACTOME_METABOLISM_OF_NUCLEOTIDES,26,26,0.014487203063964837,-0.0011616494750976702,0.015648852539062508,0.5813607281933864,0.9564684206009801,1
REACTOME_COPI_MEDIATED_ANTEROGRADE_TRANSPORT,15,15,0.014219184875488289,-0.00026501098632814024,0.014484195861816429,0.5530875740153546,0.9564684206009801,1
REACTOME_PI_METABOLISM,28,28,-0.010558690185546893,0.0002292395019530824,-0.010787929687499975,0.549226150411068,0.9564684206009801,-1
REACTOME_SIGNALING_BY_MODERATE_KINASE_ACTIVITY_BRAF_MUTANTS,8,8,-0.010381933898925805,0.0,-0.010381933898925805,0.5361286256859511,0.9564684206009801,-1
REACTOME_CYCLIN_D_ASSOCIATED_EVENTS_IN_G1,17,17,0.006584065704345665,-0.00026501098632814024,0.006849076690673805,0.534491821256364,0.9564684206009801,1
REACTOME_ADAPTIVE_IMMUNE_SYSTEM,196,196,0.0015577577209472393,-0.0011899206542969054,0.0027476783752441447,0.5567151402156445,0.9564684206009801,1
REACTOME_FCGAMMA_RECEPTOR_FCGR_DEPENDENT_PHAGOCYTOSIS,18,18,0.03703034820556639,-0.0005300219726562805,0.03756037017822267,0.6099698097508467,0.9575503717317762,1
REACTOME_METABOLISM_OF_WATER_SOLUBLE_VITAMINS_AND_COFACTORS,25,25,0.001302180175781209,-0.00026501098632814024,0.0015671911621093493,0.6095472178640753,0.9575503717317762,1
REACTOME_DECTIN_1_MEDIATED_NONCANONICAL_NF_KB_SIGNALING,5,5,0.3573013784790039,-0.00026501098632814024,0.35756638946533204,0.6265197934935423,0.961213784651852,1
REACTOME_ATF4_ACTIVATES_GENES_IN_RESPONSE_TO_ENDOPLASMIC_RETICULUM_STRESS,8,8,0.1855719073486328,-0.0005300219726562805,0.18610192932128908,0.6254590978280372,0.961213784651852,1
REACTOME_ION_TRANSPORT_BY_P_TYPE_ATPASES,10,10,0.17869975925445555,-0.0005300219726562805,0.17922978122711183,0.6252581268992858,0.961213784651852,1
REACTOME_SPHINGOLIPID_METABOLISM,14,14,-0.15985487731933598,0.0,-0.15985487731933598,0.6393570910267451,0.961213784651852,-1
REACTOME_INITIATION_OF_NUCLEAR_ENVELOPE_NE_REFORMATION,5,5,0.151979697265625,-0.00026501098632814024,0.15224470825195313,0.6205330776598248,0.961213784651852,1
REACTOME_HCMV_INFECTION,24,24,0.14993732681274413,-0.0011616494750976702,0.1510989762878418,0.6217666090310109,0.961213784651852,1
REACTOME_COPI_INDEPENDENT_GOLGI_TO_ER_RETROGRADE_TRAFFIC,6,6,0.15075793834686277,0.0,0.15075793834686277,0.6313913025609472,0.961213784651852,1
REACTOME_NUCLEAR_RECEPTOR_TRANSCRIPTION_PATHWAY,12,12,0.1352611611175537,-0.0005300219726562805,0.13579118309021,0.6342369329538031,0.961213784651852,1
REACTOME_TRANSPORT_OF_VITAMINS_NUCLEOSIDES_AND_RELATED_MOLECULES,9,9,-0.12918263183593748,0.0003528521728515255,-0.129535484008789,0.6369468529003385,0.961213784651852,-1
REACTOME_DAP12_INTERACTIONS,13,13,0.07406069641113278,-0.00026501098632814024,0.07432570739746092,0.6380321956423646,0.961213784651852,1
REACTOME_PEROXISOMAL_PROTEIN_IMPORT,18,18,0.06724707008361813,0.0,0.06724707008361813,0.6178870686886375,0.961213784651852,1
REACTOME_BBSOME_MEDIATED_CARGO_TARGETING_TO_CILIUM,9,9,-0.06674878118515015,0.0001146197509765412,-0.0668634009361267,0.6224705753811516,0.961213784651852,-1
REACTOME_NEGATIVE_REGULATORS_OF_DDX58_IFIH1_SIGNALING,11,11,0.06561857330322263,-0.00026501098632814024,0.06588358428955077,0.6327014683524231,0.961213784651852,1
REACTOME_PTEN_REGULATION,26,26,-0.05679152145385746,0.0,-0.05679152145385746,0.6408091897679014,0.961213784651852,-1
REACTOME_INTRACELLULAR_SIGNALING_BY_SECOND_MESSENGERS,63,63,0.05215809310913083,-0.0016115698242187837,0.053769662933349616,0.6179645707202186,0.961213784651852,1
REACTOME_SIGNALING_BY_KIT_IN_DISEASE,6,6,-0.047025264282226586,0.0002292395019530824,-0.04725450378417967,0.6280024043121759,0.961213784651852,-1
REACTOME_CELL_CYCLE_CHECKPOINTS,59,59,0.04411240661621091,-0.0008458357238769754,0.044958242340087884,0.6329203406788695,0.961213784651852,1
REACTOME_RHOU_GTPASE_CYCLE,10,10,0.04413994064331053,-0.0005300219726562805,0.04466996261596681,0.6319539033373636,0.961213784651852,1
REACTOME_METABOLISM_OF_STEROIDS,31,31,0.03815072692871091,-0.00026501098632814024,0.03841573791503905,0.6186801252926257,0.961213784651852,1
REACTOME_ROLE_OF_PHOSPHOLIPIDS_IN_PHAGOCYTOSIS,8,8,0.03703034820556639,-0.0005300219726562805,0.03756037017822267,0.6295114841654147,0.961213784651852,1
REACTOME_ABORTIVE_ELONGATION_OF_HIV_1_TRANSCRIPT_IN_THE_ABSENCE_OF_TAT,6,6,-0.0349440567016602,0.0,-0.0349440567016602,0.640322123468675,0.961213784651852,-1
REACTOME_MET_PROMOTES_CELL_MOTILITY,5,5,-0.02063013977050787,0.0001146197509765412,-0.020744759521484413,0.635775217040078,0.961213784651852,-1
REACTOME_DISEASES_OF_MITOTIC_CELL_CYCLE,15,15,0.006584065704345665,-0.00026501098632814024,0.006849076690673805,0.6264474088247225,0.961213784651852,1
REACTOME_G1_S_SPECIFIC_TRANSCRIPTION,13,13,0.006584065704345665,-0.00026501098632814024,0.006849076690673805,0.6271316861207594,0.961213784651852,1
REACTOME_INTERLEUKIN_2_FAMILY_SIGNALING,14,14,0.0028510052490234306,0.0,0.0028510052490234306,0.6150276481997464,0.961213784651852,1
REACTOME_FGFR1_MUTANT_RECEPTOR_ACTIVATION,6,6,-0.08871167602539065,0.0002292395019530824,-0.08894091552734373,0.6424558890085842,0.9614922881407603,-1
REACTOME_INHIBITION_OF_DNA_RECOMBINATION_AT_TELOMERE,8,8,0.063537296295166,-0.0005300219726562805,0.06406731826782228,0.6439650914304264,0.9614922881407603,1
REACTOME_TOLL_LIKE_RECEPTOR_TLR1_TLR2_CASCADE,29,29,-0.003919585571289075,0.0001146197509765412,-0.004034205322265616,0.6444165395012214,0.9614922881407603,-1
REACTOME_TRNA_MODIFICATION_IN_THE_NUCLEUS_AND_CYTOSOL,10,10,0.14255136962890622,-0.0011899206542969054,0.14374129028320312,0.6484857556972174,0.9627718066061756,1
REACTOME_HIV_LIFE_CYCLE,32,32,0.06725952606201169,-0.0011616494750976702,0.06842117553710936,0.6475715251944002,0.9627718066061756,1
REACTOME_SENSORY_PROCESSING_OF_SOUND,9,9,0.014219184875488289,-0.00026501098632814024,0.014484195861816429,0.6487003394452049,0.9627718066061756,1
REACTOME_MITOCHONDRIAL_FATTY_ACID_BETA_OXIDATION,5,5,-0.24942928222656247,0.0001146197509765412,-0.249543901977539,0.6648021415765697,0.9639892013133735,-1
REACTOME_SYNTHESIS_OF_PC,7,7,0.19664738250732422,-0.0008458357238769754,0.1974932182312012,0.6626140444862887,0.9639892013133735,1
REACTOME_ACTIVATION_OF_ANTERIOR_HOX_GENES_IN_HINDBRAIN_DEVELOPMENT_DURING_EARLY_EMBRYOGENESIS,21,21,0.1186026281738281,-0.0011757850646972878,0.1197784132385254,0.6606769040286748,0.9639892013133735,1
REACTOME_INSERTION_OF_TAIL_ANCHORED_PROTEINS_INTO_THE_ENDOPLASMIC_RETICULUM_MEMBRANE,5,5,0.11469563964843749,-0.00026501098632814024,0.11496065063476563,0.6648021415765697,0.9639892013133735,1
REACTOME_SMAD2_SMAD3_SMAD4_HETEROTRIMER_REGULATES_TRANSCRIPTION,10,10,0.10771137107849119,-0.0005300219726562805,0.10824139305114747,0.6539221749522592,0.9639892013133735,1
REACTOME_INTERACTIONS_OF_VPR_WITH_HOST_CELLULAR_PROTEINS,11,11,0.08634840393066406,-0.00026501098632814024,0.0866134149169922,0.6575543571259014,0.9639892013133735,1
REACTOME_RHOQ_GTPASE_CYCLE,11,11,-0.07695870300292973,0.0001146197509765412,-0.07707332275390627,0.6582051142621341,0.9639892013133735,-1
REACTOME_VASOPRESSIN_REGULATES_RENAL_WATER_HOMEOSTASIS_VIA_AQUAPORINS,14,14,0.03662979331970212,-0.0011616494750976702,0.03779144279479979,0.6655299112270265,0.9639892013133735,1
REACTOME_SYNTHESIS_OF_DNA,31,31,-0.03487876098632814,0.0003528521728515255,-0.035231613159179664,0.659256953404623,0.9639892013133735,-1
REACTOME_INTRA_GOLGI_AND_RETROGRADE_GOLGI_TO_ER_TRAFFIC,42,42,0.03358939859390256,-0.0005300219726562805,0.03411942056655884,0.6649882635119202,0.9639892013133735,1
REACTOME_SIGNALING_BY_PDGF,18,18,-0.02572575164794927,0.00047646484374996856,-0.026202216491699237,0.6515164415840206,0.9639892013133735,-1
REACTOME_G_ALPHA_Q_SIGNALLING_EVENTS,52,52,-0.013715688085556038,0.00047646484374996856,-0.014192152929306007,0.6580302895208627,0.9639892013133735,-1
REACTOME_REGULATION_OF_PLK1_ACTIVITY_AT_G2_M_TRANSITION,25,25,0.013456591796874973,-0.00026501098632814024,0.013721602783203113,0.6592218024347445,0.9639892013133735,1
REACTOME_PHOSPHOLIPID_METABOLISM,54,54,-0.0022369351196289133,0.0,-0.0022369351196289133,0.6644835411811213,0.9639892013133735,-1
REACTOME_IMMUNOREGULATORY_INTERACTIONS_BETWEEN_A_LYMPHOID_AND_A_NON_LYMPHOID_CELL,42,42,0.06434168701171875,-0.0005300219726562805,0.06487170898437503,0.6671784338807477,0.9647194164004638,1
REACTOME_UNFOLDED_PROTEIN_RESPONSE_UPR,22,22,0.1855719073486328,-0.0005300219726562805,0.18610192932128908,0.6730506739948723,0.9666403578333784,1
REACTOME_NONHOMOLOGOUS_END_JOINING_NHEJ,6,6,0.15712029494285581,0.0,0.15712029494285581,0.6795838648711653,0.9666403578333784,1
REACTOME_TNFS_BIND_THEIR_PHYSIOLOGICAL_RECEPTORS,15,15,0.1035062252807617,-0.0008458357238769754,0.10435206100463867,0.6724886020728604,0.9666403578333784,1
REACTOME_FOXO_MEDIATED_TRANSCRIPTION,17,17,-0.07751652221679695,0.0001146197509765412,-0.07763114196777349,0.6760104442990698,0.9666403578333784,-1
REACTOME_TCR_SIGNALING,31,31,0.07406069641113278,-0.00026501098632814024,0.07432570739746092,0.6727545439241237,0.9666403578333784,1
REACTOME_SPHINGOLIPID_DE_NOVO_BIOSYNTHESIS,7,7,0.060591226806640586,-0.00026501098632814024,0.060856237792968726,0.6771271326788713,0.9666403578333784,1
REACTOME_TRAF6_MEDIATED_NF_KB_ACTIVATION,8,8,-0.05088556579589845,0.0002292395019530824,-0.051114805297851534,0.6789504714756348,0.9666403578333784,-1
REACTOME_TRANSCRIPTIONAL_REGULATION_BY_TP53,90,90,-0.0454871533203125,0.000639204101562485,-0.046126357421874986,0.6732409509328332,0.9666403578333784,-1
REACTOME_FORMATION_OF_TC_NER_PRE_INCISION_COMPLEX,13,13,0.02143082336425778,-0.00026501098632814024,0.02169583435058592,0.679973585047679,0.9666403578333784,1
REACTOME_CILIUM_ASSEMBLY,55,55,-0.012457293701171879,0.0001146197509765412,-0.01257191345214842,0.6764790948029766,0.9666403578333784,-1
REACTOME_REPRESSION_OF_WNT_TARGET_GENES,6,6,0.24851386971473693,-0.0005300219726562805,0.24904389168739322,0.6826401751694833,0.9673254686349902,1
REACTOME_TRNA_PROCESSING,34,34,0.040762429504394515,-0.0005300219726562805,0.041292451477050796,0.6827504790484213,0.9673254686349902,1
REACTOME_HEDGEHOG_OFF_STATE,18,18,0.1184595635986328,-0.0011899206542969054,0.1196494842529297,0.684058604783383,0.9675526909939461,1
REACTOME_COSTIMULATION_BY_THE_CD28_FAMILY,25,25,-0.15774454956054684,0.0001146197509765412,-0.15785916931152338,0.6882848738553466,0.9718997464992584,-1
REACTOME_ASYMMETRIC_LOCALIZATION_OF_PCP_PROTEINS,7,7,0.2677676329708099,-0.00026501098632814024,0.26803264395713805,0.6929800274070074,0.9720169103229737,1
REACTOME_FATTY_ACID_METABOLISM,37,37,-0.13208990966796874,0.0009622132873534917,-0.13305212295532223,0.6922899164243335,0.9720169103229737,-1
REACTOME_DEGRADATION_OF_GLI1_BY_THE_PROTEASOME,7,7,0.06561857330322263,-0.0008458357238769754,0.0664644090270996,0.6901249063121027,0.9720169103229737,1
REACTOME_POST_TRANSLATIONAL_PROTEIN_MODIFICATION,301,301,0.000639204101562485,-0.0005808247375488351,0.00122002883911132,0.6922908404290853,0.9720169103229737,1
REACTOME_SIGNALING_BY_NOTCH1_PEST_DOMAIN_MUTANTS_IN_CANCER,12,12,0.176624889755249,-0.0011616494750976702,0.17778653923034668,0.7083202232477512,0.9725698647627995,1
REACTOME_POST_CHAPERONIN_TUBULIN_FOLDING_PATHWAY,5,5,-0.13302993164062504,0.0001146197509765412,-0.13314455139160158,0.7063304005110523,0.9725698647627995,-1
REACTOME_NEDDYLATION,45,45,-0.13138157714843757,0.0003528521728515255,-0.1317344293212891,0.7083723570158469,0.9725698647627995,-1
REACTOME_SIGNALING_BY_TGFB_FAMILY_MEMBERS,26,26,-0.10432284118652346,0.0002292395019530824,-0.10455208068847655,0.6987408229127703,0.9725698647627995,-1
REACTOME_RHOC_GTPASE_CYCLE,16,16,-0.09825893692016607,0.0002292395019530824,-0.09848817642211916,0.7012471751066728,0.9725698647627995,-1
REACTOME_SUMOYLATION_OF_SUMOYLATION_PROTEINS,10,10,0.09614765808105469,-0.0005300219726562805,0.09667768005371097,0.7008499874857661,0.9725698647627995,1
REACTOME_CELL_CELL_COMMUNICATION,18,18,0.09147031677246092,-0.0011616494750976702,0.0926319662475586,0.7056526717239429,0.9725698647627995,1
REACTOME_ANCHORING_OF_THE_BASAL_BODY_TO_THE_PLASMA_MEMBRANE,29,29,-0.08057044677734382,0.0003528521728515255,-0.08092329895019534,0.6985520603422786,0.9725698647627995,-1
REACTOME_MEIOTIC_RECOMBINATION,6,6,0.05883205963134763,0.0,0.05883205963134763,0.7046126164042004,0.9725698647627995,1
REACTOME_SIGNALING_BY_FGFR2_IN_DISEASE,9,9,0.02143082336425778,-0.00026501098632814024,0.02169583435058592,0.6998810874800476,0.9725698647627995,1
REACTOME_SENSORY_PERCEPTION,33,33,0.014219184875488289,-0.0008458357238769754,0.015065020599365264,0.7068060033441994,0.9725698647627995,1
REACTOME_RECRUITMENT_OF_MITOTIC_CENTROSOME_PROTEINS_AND_COMPLEXES,25,25,0.013456591796874973,-0.00026501098632814024,0.013721602783203113,0.706439062717348,0.9725698647627995,1
REACTOME_REGULATION_OF_MECP2_EXPRESSION_AND_ACTIVITY,9,9,0.010157529296874968,-0.00026501098632814024,0.010422540283203108,0.7043046499560845,0.9725698647627995,1
REACTOME_EXTRACELLULAR_MATRIX_ORGANIZATION,54,54,-0.03930850391387941,0.0002292395019530824,-0.039537743415832494,0.7103150079659686,0.9726251234892781,-1
REACTOME_SIGNALING_BY_THE_B_CELL_RECEPTOR_BCR,24,24,-0.0037755404663085967,0.0002292395019530824,-0.004004779968261679,0.7107201376861154,0.9726251234892781,-1
REACTOME_RRNA_MODIFICATION_IN_THE_NUCLEUS_AND_CYTOSOL,19,19,-0.0011899206542969054,0.0001146197509765412,-0.0013045404052734466,0.712324951279911,0.973241384001564,-1
REACTOME_GAP_JUNCTION_TRAFFICKING_AND_REGULATION,5,5,0.19977616088867184,-0.00026501098632814024,0.20004117187499998,0.723764407166618,0.981292366752375,1
REACTOME_TELOMERE_C_STRAND_SYNTHESIS_INITIATION,6,6,-0.06964128479003906,0.0002292395019530824,-0.06987052429199214,0.7219165761340833,0.981292366752375,-1
REACTOME_SHC1_EVENTS_IN_ERBB2_SIGNALING,5,5,-0.030821363525390666,0.0001146197509765412,-0.030935983276367207,0.720849171837713,0.981292366752375,-1
REACTOME_SIGNALING_BY_ROBO_RECEPTORS,29,29,0.013456591796874973,-0.00026501098632814024,0.013721602783203113,0.7240377842467108,0.981292366752375,1
REACTOME_METABOLISM_OF_VITAMINS_AND_COFACTORS,40,40,-0.0019733209228516013,0.0,-0.0019733209228516013,0.7208156179138341,0.981292366752375,-1
REACTOME_THE_PHOTOTRANSDUCTION_CASCADE,9,9,0.219804951133728,-0.0008458357238769754,0.22065078685760497,0.7456799790106465,0.9813356122568341,1
REACTOME_CDC6_ASSOCIATION_WITH_THE_ORC_ORIGIN_COMPLEX,5,5,-0.1640706524658203,0.0001146197509765412,-0.16418527221679685,0.7305811048003251,0.9813356122568341,-1
REACTOME_PLATELET_ADHESION_TO_EXPOSED_COLLAGEN,7,7,0.12495429523468016,-0.00026501098632814024,0.1252193062210083,0.7404576614160417,0.9813356122568341,1
REACTOME_RESPONSE_OF_EIF2AK4_GCN2_TO_AMINO_ACID_DEFICIENCY,8,8,0.10311888183593748,-0.0005300219726562805,0.10364890380859376,0.7438243932276328,0.9813356122568341,1
REACTOME_DNA_DOUBLE_STRAND_BREAK_RESPONSE,8,8,-0.09109958343505858,0.0002292395019530824,-0.09132882293701167,0.7434324831604282,0.9813356122568341,-1
REACTOME_MATURATION_OF_PROTEIN_3A,5,5,-0.08969661132812501,0.0001146197509765412,-0.08981123107910155,0.7447641336206946,0.9813356122568341,-1
REACTOME_TRANSLATION_OF_SARS_COV_1_STRUCTURAL_PROTEINS,9,9,-0.08969661132812501,0.0001146197509765412,-0.08981123107910155,0.7370416166484808,0.9813356122568341,-1
REACTOME_FORMATION_OF_RNA_POL_II_ELONGATION_COMPLEX,16,16,-0.07966716186523443,0.0002292395019530824,-0.07989640136718751,0.7277145248905303,0.9813356122568341,-1
REACTOME_EUKARYOTIC_TRANSLATION_ELONGATION,5,5,0.07926418457031248,-0.00026501098632814024,0.07952919555664062,0.7359510585031344,0.9813356122568341,1
REACTOME_NEGATIVE_REGULATION_OF_MAPK_PATHWAY,12,12,-0.07540047119140625,0.00047646484374996856,-0.07587693603515622,0.7448500414065216,0.9813356122568341,-1
REACTOME_SIGNALING_BY_ERBB2_IN_CANCER,7,7,0.07406069641113278,-0.00026501098632814024,0.07432570739746092,0.7433804749081155,0.9813356122568341,1
REACTOME_ADVANCED_GLYCOSYLATION_ENDPRODUCT_RECEPTOR_SIGNALING,5,5,-0.07091642700195311,0.0001146197509765412,-0.07103104675292965,0.7359510585031344,0.9813356122568341,-1
REACTOME_PROCESSING_OF_CAPPED_INTRONLESS_PRE_MRNA,9,9,0.05445991455078125,-0.00026501098632814024,0.05472492553710939,0.7273164175998001,0.9813356122568341,1
REACTOME_PROCESSING_OF_INTRONLESS_PRE_MRNAS,9,9,0.05445991455078125,-0.00026501098632814024,0.05472492553710939,0.7273164175998001,0.9813356122568341,1
REACTOME_REGULATION_OF_EXPRESSION_OF_SLITS_AND_ROBOS,18,18,0.0370617169189453,0.0,0.0370617169189453,0.7391526789801544,0.9813356122568341,1
REACTOME_IRON_UPTAKE_AND_TRANSPORT,15,15,-0.025920043106079094,0.0001146197509765412,-0.026034662857055635,0.7427000686166911,0.9813356122568341,-1
REACTOME_NEGATIVE_REGULATION_OF_THE_PI3K_AKT_NETWORK,25,25,-0.0075510809326171935,0.0001146197509765412,-0.007665700683593735,0.7461875770541289,0.9813356122568341,-1
REACTOME_SIGNALING_BY_NUCLEAR_RECEPTORS,69,69,0.006256970214843727,-0.0011757850646972878,0.0074327552795410146,0.7442559679114057,0.9813356122568341,1
REACTOME_INTERACTION_BETWEEN_L1_AND_ANKYRINS,6,6,-0.005591624374389675,0.0,-0.005591624374389675,0.7438500677568799,0.9813356122568341,-1
REACTOME_PARASITE_INFECTION,12,12,-0.16487150939941408,0.0002292395019530824,-0.16510074890136717,0.7539948627997538,0.9821688148524101,-1
REACTOME_EGR2_AND_SOX10_MEDIATED_INITIATION_OF_SCHWANN_CELL_MYELINATION,6,6,-0.1348288800048828,0.0002292395019530824,-0.13505811950683588,0.7515071443275717,0.9821688148524101,-1
REACTOME_VIRAL_MESSENGER_RNA_SYNTHESIS,13,13,0.08634840393066406,-0.0008458357238769754,0.08719423965454104,0.7488252335704197,0.9821688148524101,1
REACTOME_RAC2_GTPASE_CYCLE,12,12,-0.06474220123291019,0.0,-0.06474220123291019,0.7549767402424221,0.9821688148524101,-1
REACTOME_FCERI_MEDIATED_MAPK_ACTIVATION,10,10,-0.056242501831054725,0.0002292395019530824,-0.05647174133300781,0.7507366486788025,0.9821688148524101,-1
REACTOME_METABOLISM_OF_RNA,150,150,0.02610023284912108,-0.0023996643066406254,0.028499897155761705,0.7533993774145169,0.9821688148524101,1
REACTOME_TRANSCRIPTION_OF_E2F_TARGETS_UNDER_NEGATIVE_CONTROL_BY_P107_RBL1_AND_P130_RBL2_IN_COMPLEX_WITH_HDAC1,7,7,0.006584065704345665,-0.00026501098632814024,0.006849076690673805,0.7513315798265285,0.9821688148524101,1
REACTOME_HDR_THROUGH_SINGLE_STRAND_ANNEALING_SSA,12,12,0.003163969268798833,0.0,0.003163969268798833,0.7562865260168111,0.9823567664594326,1
REACTOME_RUNX2_REGULATES_OSTEOBLAST_DIFFERENTIATION,6,6,-0.1626074868774414,0.0,-0.1626074868774414,0.7587351753389114,0.9833527333162,-1
REACTOME_DEACTIVATION_OF_THE_BETA_CATENIN_TRANSACTIVATING_COMPLEX,12,12,0.1594620027065277,-0.0011616494750976702,0.16062365218162536,0.759564047924145,0.9833527333162,1
REACTOME_ASPARAGINE_N_LINKED_GLYCOSYLATION,60,60,-0.061529833984375004,0.0012852224731444983,-0.0628150564575195,0.7605527664557087,0.9833527333162,-1
REACTOME_ANTIGEN_PROCESSING_UBIQUITINATION_PROTEASOME_DEGRADATION,64,64,0.0003776002502441089,0.0,0.0003776002502441089,0.7619778139538118,0.9836865193921337,1
REACTOME_KINESINS,16,16,0.08463366744995116,0.0,0.08463366744995116,0.7661695143164775,0.9859654366850032,1
REACTOME_ION_CHANNEL_TRANSPORT,26,26,0.0684769627380371,-0.0005300219726562805,0.06900698471069339,0.7656414552448783,0.9859654366850032,1
REACTOME_SIGNALING_BY_ERYTHROPOIETIN,10,10,-0.010558690185546893,0.0002292395019530824,-0.010787929687499975,0.7672518700656727,0.9859654366850032,-1
REACTOME_SIGNALING_BY_NOTCH4,6,6,0.08795137893676758,0.0,0.08795137893676758,0.7718869388103166,0.9877925108948861,1
REACTOME_INTERLEUKIN_20_FAMILY_SIGNALING,5,5,-0.06322916503906251,0.0001146197509765412,-0.06334378479003905,0.7743607885488313,0.9877925108948861,-1
REACTOME_SIGNALING_BY_WNT,53,53,0.010157529296874968,-0.0011757850646972878,0.011333314361572255,0.7739959332631373,0.9877925108948861,1
REACTOME_TELOMERE_C_STRAND_LAGGING_STRAND_SYNTHESIS,17,17,-0.0023996643066406254,0.0001146197509765412,-0.0025142840576171666,0.771245599456251,0.9877925108948861,-1
REACTOME_PLATELET_HOMEOSTASIS,19,19,0.0,-0.00015039123535159904,0.00015039123535159904,0.774532443299549,0.9877925108948861,1
REACTOME_GENE_SILENCING_BY_RNA,21,21,0.08634840393066406,-0.0011757850646972878,0.08752418899536135,0.782161904701252,0.9887772868399366,1
REACTOME_SWITCHING_OF_ORIGINS_TO_A_POST_REPLICATIVE_STATE,19,19,-0.03457656127929687,0.0001146197509765412,-0.03469118103027341,0.7816308372512798,0.9887772868399366,-1
REACTOME_SIGNALING_BY_SCF_KIT,11,11,-0.030821363525390666,0.0001146197509765412,-0.030935983276367207,0.7801604564211837,0.9887772868399366,-1
REACTOME_PI3K_AKT_SIGNALING_IN_CANCER,25,25,-0.0075510809326171935,0.0001146197509765412,-0.007665700683593735,0.7776599048113975,0.9887772868399366,-1
REACTOME_THROMBIN_SIGNALLING_THROUGH_PROTEINASE_ACTIVATED_RECEPTORS_PARS,9,9,0.004294492492675772,-0.00026501098632814024,0.004559503479003912,0.7774937188738034,0.9887772868399366,1
REACTOME_RHO_GTPASE_EFFECTORS,52,52,0.000499649047851547,0.0,0.000499649047851547,0.7823421712007564,0.9887772868399366,1
REACTOME_S_PHASE,46,46,-0.03756489196777346,0.00047646484374996856,-0.03804135681152343,0.7845466139882922,0.9900790353175603,-1
REACTOME_GLYCOSPHINGOLIPID_METABOLISM,7,7,-0.38030098144531255,0.0001146197509765412,-0.3804156011962891,0.8170734351249593,0.9942308847178324,-1
REACTOME_OTHER_INTERLEUKIN_SIGNALING,5,5,0.3429862061309814,-0.00026501098632814024,0.34325121711730955,0.8092770543202805,0.9942308847178324,1
REACTOME_SUMOYLATION_OF_INTRACELLULAR_RECEPTORS,8,8,0.1893282487487793,-0.0005300219726562805,0.18985827072143557,0.8141130462002814,0.9942308847178324,1
REACTOME_CLATHRIN_MEDIATED_ENDOCYTOSIS,27,27,-0.14804535888671877,0.0003528521728515255,-0.1483982110595703,0.7897442474096849,0.9942308847178324,-1
REACTOME_CARGO_RECOGNITION_FOR_CLATHRIN_MEDIATED_ENDOCYTOSIS,17,17,-0.14804535888671877,0.0001146197509765412,-0.1481599786376953,0.8348356016525688,0.9942308847178324,-1
REACTOME_FORMATION_OF_THE_BETA_CATENIN_TCF_TRANSACTIVATING_COMPLEX,10,10,0.1356352988529205,-0.0005300219726562805,0.13616532082557678,0.8247436403041312,0.9942308847178324,1
REACTOME_DNA_REPLICATION_PRE_INITIATION,19,19,-0.1336745092773438,0.0001146197509765412,-0.13378912902832035,0.8075444381825019,0.9942308847178324,-1
REACTOME_POLYMERASE_SWITCHING,8,8,-0.12035410388946532,0.0002292395019530824,-0.12058334339141841,0.8072896038152315,0.9942308847178324,-1
REACTOME_NUCLEOTIDE_CATABOLISM,8,8,-0.0981673315429688,0.0,-0.0981673315429688,0.8338550640266712,0.9942308847178324,-1
REACTOME_BLOOD_GROUP_SYSTEMS_BIOSYNTHESIS,6,6,0.09773731086730955,0.0,0.09773731086730955,0.8200051583023809,0.9942308847178324,1
REACTOME_INTERACTIONS_OF_REV_WITH_HOST_CELLULAR_PROTEINS,9,9,0.08634840393066406,-0.00026501098632814024,0.0866134149169922,0.8119974577355729,0.9942308847178324,1
REACTOME_NUCLEAR_IMPORT_OF_REV_PROTEIN,9,9,0.08634840393066406,-0.00026501098632814024,0.0866134149169922,0.8119974577355729,0.9942308847178324,1
REACTOME_NUCLEAR_PORE_COMPLEX_NPC_DISASSEMBLY,9,9,0.08634840393066406,-0.00026501098632814024,0.0866134149169922,0.8119974577355729,0.9942308847178324,1
REACTOME_REGULATION_OF_GLUCOKINASE_BY_GLUCOKINASE_REGULATORY_PROTEIN,9,9,0.08634840393066406,-0.00026501098632814024,0.0866134149169922,0.8119974577355729,0.9942308847178324,1
REACTOME_TRANSPORT_OF_THE_SLBP_DEPENDANT_MATURE_MRNA,9,9,0.08634840393066406,-0.00026501098632814024,0.0866134149169922,0.8119974577355729,0.9942308847178324,1
REACTOME_PI3K_EVENTS_IN_ERBB2_SIGNALING,5,5,0.07406069641113278,-0.00026501098632814024,0.07432570739746092,0.8253613459652855,0.9942308847178324,1
REACTOME_SIGNALING_BY_ERBB2,13,13,0.07406069641113278,-0.00026501098632814024,0.07432570739746092,0.8358685281305904,0.9942308847178324,1
REACTOME_RETROGRADE_TRANSPORT_AT_THE_TRANS_GOLGI_NETWORK,13,13,0.06757648681640621,-0.00026501098632814024,0.06784149780273435,0.8158811887118498,0.9942308847178324,1
REACTOME_VISUAL_PHOTOTRANSDUCTION,20,20,0.06632066085815427,-0.0005300219726562805,0.06685068283081055,0.8003812873745979,0.9942308847178324,1
REACTOME_HEDGEHOG_ON_STATE,11,11,0.06561857330322263,-0.0008458357238769754,0.0664644090270996,0.8201272885389488,0.9942308847178324,1
REACTOME_FOXO_MEDIATED_TRANSCRIPTION_OF_OXIDATIVE_STRESS_METABOLIC_AND_NEURONAL_GENES,6,6,-0.06628586059570316,0.0,-0.06628586059570316,0.7947078658496591,0.9942308847178324,-1
REACTOME_SIGNALING_BY_CYTOSOLIC_FGFR1_FUSION_MUTANTS,5,5,-0.06322916503906251,0.0001146197509765412,-0.06334378479003905,0.8359541956507258,0.9942308847178324,-1
REACTOME_HDMS_DEMETHYLATE_HISTONES,6,6,-0.046593833618164104,0.0,-0.046593833618164104,0.8181589901762824,0.9942308847178324,-1
REACTOME_RNA_POLYMERASE_I_TRANSCRIPTION_TERMINATION,9,9,0.04213621826171876,-0.00026501098632814024,0.0424012292480469,0.8143115533224375,0.9942308847178324,1
REACTOME_ACTIVATION_OF_GENE_EXPRESSION_BY_SREBF_SREBP,13,13,0.03815072692871091,-0.00026501098632814024,0.03841573791503905,0.8361918117021864,0.9942308847178324,1
REACTOME_HCMV_EARLY_EVENTS,20,20,0.037512321739196774,0.0,0.037512321739196774,0.7931576649638887,0.9942308847178324,1
REACTOME_EPHA_MEDIATED_GROWTH_CONE_COLLAPSE,7,7,0.03623495635986329,-0.00026501098632814024,0.03649996734619143,0.826946393537791,0.9942308847178324,1
REACTOME_TCF_DEPENDENT_SIGNALING_IN_RESPONSE_TO_WNT,28,28,0.03139195190429686,-0.0005300219726562805,0.03192197387695314,0.8210148791269554,0.9942308847178324,1
REACTOME_SIGNALING_BY_RETINOIC_ACID,11,11,-0.03161169433593747,0.0001146197509765412,-0.03172631408691401,0.807211920917145,0.9942308847178324,-1
REACTOME_SIGNALING_BY_FGFR_IN_DISEASE,13,13,-0.030821363525390666,0.0001146197509765412,-0.030935983276367207,0.8027283975967276,0.9942308847178324,-1
REACTOME_RHOD_GTPASE_CYCLE,10,10,0.023577674865722653,0.0,0.023577674865722653,0.8002297996603196,0.9942308847178324,1
REACTOME_ESTROGEN_DEPENDENT_GENE_EXPRESSION,29,29,0.02143082336425778,-0.0016115698242187837,0.023042393188476562,0.8340111052135781,0.9942308847178324,1
REACTOME_MITOPHAGY,6,6,-0.013387173309326206,0.0,-0.013387173309326206,0.7928757412959617,0.9942308847178324,-1
REACTOME_SYNTHESIS_OF_PIPS_AT_THE_PLASMA_MEMBRANE,19,19,-0.0075510809326171935,0.0001146197509765412,-0.007665700683593735,0.8179177735021135,0.9942308847178324,-1
REACTOME_NONSENSE_MEDIATED_DECAY_NMD,13,13,-0.005140750732421873,0.0001146197509765412,-0.005255370483398414,0.8226383792609353,0.9942308847178324,-1
REACTOME_GABA_B_RECEPTOR_ACTIVATION,11,11,0.004294492492675772,-0.00026501098632814024,0.004559503479003912,0.8201272885389488,0.9942308847178324,1
REACTOME_G2_M_DNA_DAMAGE_CHECKPOINT,12,12,0.003163969268798833,0.0,0.003163969268798833,0.7948928920983154,0.9942308847178324,1
REACTOME_HOMOLOGOUS_DNA_PAIRING_AND_STRAND_EXCHANGE,12,12,0.003163969268798833,0.0,0.003163969268798833,0.827961120914714,0.9942308847178324,1
REACTOME_CHROMOSOME_MAINTENANCE,33,33,-0.0023996643066406254,0.0001146197509765412,-0.0025142840576171666,0.8345381868207786,0.9942308847178324,-1
REACTOME_CLASS_I_MHC_MEDIATED_ANTIGEN_PROCESSING_PRESENTATION,77,77,0.0012852224731444983,-0.0005808247375488351,0.0018660472106933335,0.8323170671220749,0.9942308847178324,1
REACTOME_SIGNALING_BY_NOTCH2,6,6,-0.0010772026062011997,0.0,-0.0010772026062011997,0.7960826688924647,0.9942308847178324,-1
REACTOME_FCGR_ACTIVATION,5,5,-0.16955635498046873,0.0001146197509765412,-0.16967097473144527,0.8425256607550826,0.9955975249545884,-1
REACTOME_TRANSCRIPTIONAL_REGULATION_BY_SMALL_RNAS,14,14,0.05388961364746092,-0.0005300219726562805,0.0544196356201172,0.842348965590132,0.9955975249545884,1
REACTOME_RAC1_GTPASE_CYCLE,34,34,0.0451420584106445,-0.0005300219726562805,0.045672080383300784,0.8419447258587061,0.9955975249545884,1
REACTOME_DUAL_INCISION_IN_GG_NER,18,18,0.020069282798767074,0.0,0.020069282798767074,0.8432463022747048,0.9955975249545884,1
REACTOME_TRANSPORT_OF_SMALL_MOLECULES,125,125,0.004294492492675772,-0.00026501098632814024,0.004559503479003912,0.8415860616322306,0.9955975249545884,1
REACTOME_RESOLUTION_OF_D_LOOP_STRUCTURES,7,7,0.09450435882568359,-0.00026501098632814024,0.09476936981201173,0.8463376032452221,0.9970258726576822,1
REACTOME_REPRODUCTION,27,27,0.019191283721923802,-0.00026501098632814024,0.019456294708251942,0.8468215003830373,0.9970258726576822,1
REACTOME_DOWNREGULATION_OF_ERBB2_ERBB3_SIGNALING,5,5,0.3573013784790039,-0.00026501098632814024,0.35756638946533204,0.9755299700479793,0.9975637050513955,1
REACTOME_DOWNREGULATION_OF_ERBB2_SIGNALING,7,7,0.3573013784790039,-0.00026501098632814024,0.35756638946533204,0.9268747536384903,0.9975637050513955,1
REACTOME_EGFR_DOWNREGULATION,7,7,0.3573013784790039,-0.00026501098632814024,0.35756638946533204,0.8910405962227625,0.9975637050513955,1
REACTOME_NEUREXINS_AND_NEUROLIGINS,5,5,0.20685428565979003,-0.00026501098632814024,0.20711929664611817,0.9719251501477855,0.9975637050513955,1
REACTOME_TERMINATION_OF_O_GLYCAN_BIOSYNTHESIS,6,6,0.18649785070896147,0.0,0.18649785070896147,0.9208600965389209,0.9975637050513955,1
REACTOME_CTLA4_INHIBITORY_SIGNALING,5,5,-0.16554077270507817,0.0001146197509765412,-0.1656553924560547,0.8501207589353875,0.9975637050513955,-1
REACTOME_METABOLISM_OF_POLYAMINES,8,8,-0.16359174377441404,0.0002292395019530824,-0.16382098327636713,0.8948693549459558,0.9975637050513955,-1
REACTOME_ABC_TRANSPORTER_DISORDERS,11,11,-0.16037377075195314,0.0001146197509765412,-0.16048839050292968,0.9202778433372801,0.9975637050513955,-1
REACTOME_OVARIAN_TUMOR_DOMAIN_PROTEASES,7,7,0.15049898986816407,-0.00026501098632814024,0.1507640008544922,0.9505550057235671,0.9975637050513955,1
REACTOME_ASSEMBLY_OF_THE_ORC_COMPLEX_AT_THE_ORIGIN_OF_REPLICATION,6,6,-0.14887258087158206,0.0002292395019530824,-0.14910182037353514,0.8809376016238738,0.9975637050513955,-1
REACTOME_NEF_MEDIATES_DOWN_MODULATION_OF_CELL_SURFACE_RECEPTORS_BY_RECRUITING_THEM_TO_CLATHRIN_ADAPTERS,5,5,-0.13745348510742184,0.0001146197509765412,-0.13756810485839838,0.883684010309055,0.9975637050513955,-1
REACTOME_SARS_COV_1_INFECTION,12,12,0.13380238357543944,0.0,0.13380238357543944,0.8725209103135404,0.9975637050513955,1
REACTOME_SELECTIVE_AUTOPHAGY,16,16,0.1314840364074707,0.0,0.1314840364074707,0.9760221782146312,0.9975637050513955,1
REACTOME_NOTCH1_INTRACELLULAR_DOMAIN_REGULATES_TRANSCRIPTION,14,14,0.12577746338844298,-0.0011616494750976702,0.12693911286354065,0.9724692992274332,0.9975637050513955,1
REACTOME_RAF_INDEPENDENT_MAPK1_3_ACTIVATION,6,6,-0.1184756787109375,0.0002292395019530824,-0.11870491821289059,0.8818740273266263,0.9975637050513955,-1
REACTOME_THE_ROLE_OF_NEF_IN_HIV_1_REPLICATION_AND_DISEASE_PATHOGENESIS,8,8,0.11468512271881104,0.0,0.11468512271881104,0.9128973669914808,0.9975637050513955,1
REACTOME_NOTCH_HLH_TRANSCRIPTION_PATHWAY,6,6,0.11414305389404295,-0.0005300219726562805,0.11467307586669923,0.9449117443699178,0.9975637050513955,1
REACTOME_SIGNALING_BY_NOTCH1,17,17,0.10856238603591917,-0.0011757850646972878,0.10973817110061646,0.9622899179932449,0.9975637050513955,1
REACTOME_CD28_DEPENDENT_PI3K_AKT_SIGNALING,8,8,-0.10928581512451174,0.0,-0.10928581512451174,0.9766899424167185,0.9975637050513955,-1
REACTOME_CELL_CELL_JUNCTION_ORGANIZATION,9,9,0.10887993713378907,-0.00026501098632814024,0.10914494812011721,0.9111460091019028,0.9975637050513955,1
REACTOME_CELL_JUNCTION_ORGANIZATION,9,9,0.10887993713378907,-0.00026501098632814024,0.10914494812011721,0.9111460091019028,0.9975637050513955,1
REACTOME_POLYMERASE_SWITCHING_ON_THE_C_STRAND_OF_THE_TELOMERE,13,13,-0.10284970130920412,0.0003528521728515255,-0.10320255348205565,0.9361585684236676,0.9975637050513955,-1
REACTOME_TRANSCRIPTION_COUPLED_NUCLEOTIDE_EXCISION_REPAIR_TC_NER,25,25,-0.10284970130920412,0.0001146197509765412,-0.10296432106018066,0.9359537599289484,0.9975637050513955,-1
REACTOME_REGULATION_OF_CHOLESTEROL_BIOSYNTHESIS_BY_SREBP_SREBF,16,16,0.10038326232910155,-0.0005300219726562805,0.10091328430175783,0.86113955228383,0.9975637050513955,1
REACTOME_RAF_ACTIVATION,5,5,-0.09836452148437502,0.0003528521728515255,-0.09871737365722655,0.9389999838414074,0.9975637050513955,-1
REACTOME_DEGRADATION_OF_CYSTEINE_AND_HOMOCYSTEINE,5,5,0.09843383972167968,-0.00026501098632814024,0.09869885070800782,0.9036119482938518,0.9975637050513955,1
REACTOME_ANTIGEN_PROCESSING_CROSS_PRESENTATION,15,15,0.09611819305419922,-0.00026501098632814024,0.09638320404052736,0.88428607734097,0.9975637050513955,1
REACTOME_ARACHIDONIC_ACID_METABOLISM,10,10,-0.09239840423583989,0.0002292395019530824,-0.09262764373779298,0.9636960768644103,0.9975637050513955,-1
REACTOME_IRE1ALPHA_ACTIVATES_CHAPERONES,12,12,0.08974639968872068,0.0,0.08974639968872068,0.9668429920506908,0.9975637050513955,1
REACTOME_RNA_POLYMERASE_III_TRANSCRIPTION,14,14,0.08384105247497556,-0.0005300219726562805,0.08437107444763184,0.9146896662339539,0.9975637050513955,1
REACTOME_RNA_POLYMERASE_III_TRANSCRIPTION_INITIATION_FROM_TYPE_1_PROMOTER,10,10,0.08384105247497556,-0.0005300219726562805,0.08437107444763184,0.9809968107800793,0.9975637050513955,1
REACTOME_DOWNREGULATION_OF_TGF_BETA_RECEPTOR_SIGNALING,8,8,0.08089483963012695,0.0,0.08089483963012695,0.9651439633163644,0.9975637050513955,1
REACTOME_TGF_BETA_RECEPTOR_SIGNALING_ACTIVATES_SMADS,8,8,0.08089483963012695,0.0,0.08089483963012695,0.9651439633163644,0.9975637050513955,1
REACTOME_MISCELLANEOUS_TRANSPORT_AND_BINDING_EVENTS,6,6,0.08001022888183593,-0.0005300219726562805,0.0805402508544922,0.8846842462148465,0.9975637050513955,1
REACTOME_RHOA_GTPASE_CYCLE,33,33,-0.07684244873046875,0.0003528521728515255,-0.07719530090332027,0.9391599053492184,0.9975637050513955,-1
REACTOME_N_GLYCAN_TRIMMING_IN_THE_ER_AND_CALNEXIN_CALRETICULIN_CYCLE,6,6,-0.074590556640625,0.0,-0.074590556640625,0.8851527517537031,0.9975637050513955,-1
REACTOME_RAB_GERANYLGERANYLATION,7,7,0.07239850463867187,-0.0008458357238769754,0.07324434036254884,0.977354212998854,0.9975637050513955,1
REACTOME_PIWI_INTERACTING_RNA_PIRNA_BIOGENESIS,6,6,0.07001672576904294,-0.0005300219726562805,0.07054674774169922,0.9218021341383896,0.9975637050513955,1
REACTOME_GLUCOSE_METABOLISM,18,18,0.06925324851989745,-0.0011616494750976702,0.07041489799499512,0.9495958536547129,0.9975637050513955,1
REACTOME_GLYCOLYSIS,14,14,0.06925324851989745,-0.0011616494750976702,0.07041489799499512,0.9162724134004732,0.9975637050513955,1
REACTOME_LAGGING_STRAND_SYNTHESIS,10,10,-0.06886423114776613,0.0002292395019530824,-0.06909347064971921,0.9119287331079504,0.9975637050513955,-1
REACTOME_SENSORY_PROCESSING_OF_SOUND_BY_OUTER_HAIR_CELLS_OF_THE_COCHLEA,6,6,0.0652294725036621,-0.0005300219726562805,0.06575949447631838,0.9416072181680956,0.9975637050513955,1
REACTOME_HOMOLOGY_DIRECTED_REPAIR,28,28,-0.06152759063720703,0.0002292395019530824,-0.06175683013916011,0.9043852400322346,0.9975637050513955,-1
REACTOME_SIGNALING_BY_HEDGEHOG,22,22,0.05888833320617673,-0.0011899206542969054,0.060078253860473635,0.9295000042038136,0.9975637050513955,1
REACTOME_SYNTHESIS_OF_IP3_AND_IP4_IN_THE_CYTOSOL,6,6,0.052957030868530264,0.0,0.052957030868530264,0.9770518333160012,0.9975637050513955,1
REACTOME_SIGNALING_BY_FGFR,18,18,0.04774575988769528,-0.0005300219726562805,0.04827578186035156,0.878662314576366,0.9975637050513955,1
REACTOME_SIGNALING_BY_FGFR2,16,16,0.04774575988769528,-0.0005300219726562805,0.04827578186035156,0.9792978572102692,0.9975637050513955,1
REACTOME_SIGNALING_BY_FGFR1_IN_DISEASE,8,8,-0.047025264282226586,0.0002292395019530824,-0.04725450378417967,0.9367262443931097,0.9975637050513955,-1
REACTOME_GABA_RECEPTOR_ACTIVATION,12,12,-0.04352152900695799,0.0,-0.04352152900695799,0.9737120986232799,0.9975637050513955,-1
REACTOME_PCP_CE_PATHWAY,8,8,0.043184506182670584,0.0,0.043184506182670584,0.8601979356745834,0.9975637050513955,1
REACTOME_RNA_POLYMERASE_I_PROMOTER_ESCAPE,9,9,0.04213621826171876,-0.00026501098632814024,0.0424012292480469,0.8671611911204833,0.9975637050513955,1
REACTOME_MAPK_TARGETS_NUCLEAR_EVENTS_MEDIATED_BY_MAP_KINASES,9,9,0.041915054931640605,-0.00026501098632814024,0.042180065917968745,0.9760088457480375,0.9975637050513955,1
REACTOME_TOLL_LIKE_RECEPTOR_9_TLR9_CASCADE,27,27,0.041915054931640605,-0.00026501098632814024,0.042180065917968745,0.9069969408039951,0.9975637050513955,1
REACTOME_TRANSCRIPTIONAL_REGULATION_BY_MECP2,15,15,0.0369792785644531,-0.0008458357238769754,0.037825114288330075,0.9025773498783869,0.9975637050513955,1
REACTOME_FATTY_ACYL_COA_BIOSYNTHESIS,10,10,0.037693257102966296,0.0,0.037693257102966296,0.8657235983905888,0.9975637050513955,1
REACTOME_ROLE_OF_LAT2_NTAL_LAB_ON_CALCIUM_MOBILIZATION,6,6,-0.03737508148193361,0.0002292395019530824,-0.03760432098388669,0.864110321306315,0.9975637050513955,-1
REACTOME_SUMOYLATION_OF_UBIQUITINYLATION_PROTEINS,10,10,0.037512321739196774,0.0,0.037512321739196774,0.8742641343329838,0.9975637050513955,1
REACTOME_TRIGLYCERIDE_METABOLISM,8,8,0.03685122894287107,-0.0005300219726562805,0.03738125091552735,0.925625435736786,0.9975637050513955,1
REACTOME_REGULATION_OF_TP53_ACTIVITY_THROUGH_METHYLATION,6,6,0.03568490940093991,0.0,0.03568490940093991,0.9770518333160012,0.9975637050513955,1
REACTOME_PROCESSIVE_SYNTHESIS_ON_THE_LAGGING_STRAND,7,7,-0.03487876098632814,0.0001146197509765412,-0.03499338073730468,0.8489300982969652,0.9975637050513955,-1
REACTOME_RESOLUTION_OF_AP_SITES_VIA_THE_MULTIPLE_NUCLEOTIDE_PATCH_REPLACEMENT_PATHWAY,13,13,-0.03487876098632814,0.0001146197509765412,-0.03499338073730468,0.9328668746657789,0.9975637050513955,-1
REACTOME_DNA_DOUBLE_STRAND_BREAK_REPAIR,36,36,-0.03463316436767577,0.0002292395019530824,-0.034862403869628855,0.8594117008068295,0.9975637050513955,-1
REACTOME_DNA_REPLICATION,35,35,-0.03457656127929687,0.0001146197509765412,-0.03469118103027341,0.908881129414669,0.9975637050513955,-1
REACTOME_B_WICH_COMPLEX_POSITIVELY_REGULATES_RRNA_EXPRESSION,7,7,-0.03438756774902341,0.0001146197509765412,-0.03450218749999995,0.9273127765289964,0.9975637050513955,-1
REACTOME_RMTS_METHYLATE_HISTONE_ARGININES,11,11,0.03416415954589841,-0.00026501098632814024,0.03442917053222655,0.9131390122921658,0.9975637050513955,1
REACTOME_INTRA_GOLGI_TRAFFIC,10,10,0.03358939859390256,-0.0005300219726562805,0.03411942056655884,0.9389051654464516,0.9975637050513955,1
REACTOME_CONSTITUTIVE_SIGNALING_BY_ABERRANT_PI3K_IN_CANCER,20,20,0.03325480773925779,0.0,0.03325480773925779,0.9449730114654977,0.9975637050513955,1
REACTOME_ERYTHROPOIETIN_ACTIVATES_PHOSPHOINOSITIDE_3_KINASE_PI3K,6,6,0.03325480773925779,0.0,0.03325480773925779,0.9326427898380216,0.9975637050513955,1
REACTOME_CELL_DEATH_SIGNALLING_VIA_NRAGE_NRIF_AND_NADE,25,25,-0.03214191986083981,0.0001146197509765412,-0.03225653961181635,0.8653706207532691,0.9975637050513955,-1
REACTOME_G_ALPHA_12_13_SIGNALLING_EVENTS,27,27,-0.03214191986083981,0.0001146197509765412,-0.03225653961181635,0.8898964302572558,0.9975637050513955,-1
REACTOME_SIGNALING_BY_FLT3_FUSION_PROTEINS,9,9,-0.030821363525390666,0.0001146197509765412,-0.030935983276367207,0.903267590583592,0.9975637050513955,-1
REACTOME_CLASS_I_PEROXISOMAL_MEMBRANE_PROTEIN_IMPORT,6,6,0.030057532348632787,-0.0005300219726562805,0.030587554321289068,0.9647560436338912,0.9975637050513955,1
REACTOME_TNF_RECEPTOR_SUPERFAMILY_TNFSF_MEMBERS_MEDIATING_NON_CANONICAL_NF_KB_PATHWAY,8,8,-0.03041429199218751,0.0,-0.03041429199218751,0.9363148790617449,0.9975637050513955,-1
REACTOME_TRANSCRIPTIONAL_REGULATION_OF_PLURIPOTENT_STEM_CELLS,9,9,-0.02917875000000003,0.0001146197509765412,-0.029293369750976572,0.9079935492111806,0.9975637050513955,-1
REACTOME_ABERRANT_REGULATION_OF_MITOTIC_EXIT_IN_CANCER_DUE_TO_RB1_DEFECTS,7,7,0.028253242187499972,-0.00026501098632814024,0.028518253173828112,0.9799919931625874,0.9975637050513955,1
REACTOME_RUNX2_REGULATES_BONE_DEVELOPMENT,7,7,0.02806397399902344,-0.00026501098632814024,0.02832898498535158,0.945288406491259,0.9975637050513955,1
REACTOME_GOLGI_ASSOCIATED_VESICLE_BIOGENESIS,15,15,-0.027492850341796937,0.0001146197509765412,-0.02760747009277348,0.8654497873692835,0.9975637050513955,-1
REACTOME_TRANSLATION,52,52,0.025140609741210934,0.0,0.025140609741210934,0.906860796856771,0.9975637050513955,1
REACTOME_MAP2K_AND_MAPK_ACTIVATION,8,8,-0.02391705383300785,0.0002292395019530824,-0.024146293334960933,0.8711862652739513,0.9975637050513955,-1
REACTOME_REGULATION_OF_PYRUVATE_DEHYDROGENASE_PDH_COMPLEX,6,6,0.024029936218261716,0.0,0.024029936218261716,0.8964080394217452,0.9975637050513955,1
REACTOME_CARGO_TRAFFICKING_TO_THE_PERICILIARY_MEMBRANE,11,11,0.023638203735351526,-0.00026501098632814024,0.023903214721679666,0.9603578627918377,0.9975637050513955,1
REACTOME_TIE2_SIGNALING,6,6,-0.02219383148193363,0.0002292395019530824,-0.02242307098388671,0.9039227854975459,0.9975637050513955,-1
REACTOME_TP53_REGULATES_TRANSCRIPTION_OF_ADDITIONAL_CELL_CYCLE_GENES_WHOSE_EXACT_ROLE_IN_THE_P53_PATHWAY_REMAIN_UNCERTAIN,6,6,0.022281624450683574,0.0,0.022281624450683574,0.8767256715651033,0.9975637050513955,1
REACTOME_DUAL_INCISION_IN_TC_NER,23,23,0.02143082336425778,-0.00026501098632814024,0.02169583435058592,0.8808746232202188,0.9975637050513955,1
REACTOME_SNRNP_ASSEMBLY,12,12,0.01922948726654053,0.0,0.01922948726654053,0.853558741127758,0.9975637050513955,1
REACTOME_TOLL_LIKE_RECEPTOR_CASCADES,40,40,0.018997734680175765,0.0,0.018997734680175765,0.8677485506902617,0.9975637050513955,1
REACTOME_ESR_MEDIATED_SIGNALING,50,50,0.015794176330566373,-0.002033218994140662,0.017827395324707035,0.9720777823735761,0.9975637050513955,1
REACTOME_O_LINKED_GLYCOSYLATION_OF_MUCINS,13,13,-0.01736915313720705,0.0001146197509765412,-0.01748377288818359,0.864092065328967,0.9975637050513955,-1
REACTOME_SARS_COV_INFECTIONS,39,39,0.01712243164062499,-0.00026501098632814024,0.01738744262695313,0.9493111878810584,0.9975637050513955,1
REACTOME_TRANS_GOLGI_NETWORK_VESICLE_BUDDING,16,16,0.016493419189453074,0.0,0.016493419189453074,0.9427024331387137,0.9975637050513955,1
REACTOME_NEPHRIN_FAMILY_INTERACTIONS,7,7,0.014219184875488289,-0.00026501098632814024,0.014484195861816429,0.8993273038926479,0.9975637050513955,1
REACTOME_ORGANELLE_BIOGENESIS_AND_MAINTENANCE,71,71,0.013456591796874973,-0.0008458357238769754,0.014302427520751948,0.968590372768149,0.9975637050513955,1
REACTOME_TELOMERE_EXTENSION_BY_TELOMERASE,7,7,0.014007626953124963,-0.00026501098632814024,0.014272637939453103,0.9527500446944286,0.9975637050513955,1
REACTOME_TRANSPORT_OF_INORGANIC_CATIONS_ANIONS_AND_AMINO_ACIDS_OLIGOPEPTIDES,11,11,-0.012553633422851596,0.0001146197509765412,-0.012668253173828137,0.9503244720457175,0.9975637050513955,-1
REACTOME_AURKA_ACTIVATION_BY_TPX2,23,23,-0.012457293701171879,0.0001146197509765412,-0.01257191345214842,0.9710155932549168,0.9975637050513955,-1
REACTOME_TRANSPORT_OF_MATURE_MRNAS_DERIVED_FROM_INTRONLESS_TRANSCRIPTS,11,11,-0.011323760452270515,0.0001146197509765412,-0.011438380203247056,0.9528321438828414,0.9975637050513955,-1
REACTOME_TRNA_PROCESSING_IN_THE_NUCLEUS,21,21,-0.011323760452270515,0.0001146197509765412,-0.011438380203247056,0.8679775718777778,0.9975637050513955,-1
REACTOME_SIGNALING_BY_VEGF,25,25,0.010057495727539056,-0.0008458357238769754,0.010903331451416032,0.8828202640448796,0.9975637050513955,1
REACTOME_SIGNALING_BY_TGF_BETA_RECEPTOR_COMPLEX,22,22,0.010487750854492134,0.0,0.010487750854492134,0.9150690678414516,0.9975637050513955,1
REACTOME_TRANSCRIPTIONAL_ACTIVITY_OF_SMAD2_SMAD3_SMAD4_HETEROTRIMER,14,14,0.010487750854492134,0.0,0.010487750854492134,0.9007767713123012,0.9975637050513955,1
REACTOME_UBIQUINOL_BIOSYNTHESIS,5,5,0.00919283020019529,-0.00026501098632814024,0.00945784118652343,0.9128291933930142,0.9975637050513955,1
REACTOME_SELENOAMINO_ACID_METABOLISM,12,12,0.008902744750976521,0.0,0.008902744750976521,0.9178308582312925,0.9975637050513955,1
REACTOME_PRE_NOTCH_EXPRESSION_AND_PROCESSING,10,10,0.008370797500610316,-0.0005300219726562805,0.008900819473266597,0.8638689976420687,0.9975637050513955,1
REACTOME_ACTIVATION_OF_BH3_ONLY_PROTEINS,7,7,0.006584065704345665,-0.00026501098632814024,0.006849076690673805,0.8818948663639796,0.9975637050513955,1
REACTOME_TELOMERE_MAINTENANCE,26,26,0.005803981323242169,0.0,0.005803981323242169,0.9388157546839325,0.9975637050513955,1
REACTOME_EXTRA_NUCLEAR_ESTROGEN_SIGNALING,25,25,0.004294492492675772,-0.00026501098632814024,0.004559503479003912,0.9309566241142029,0.9975637050513955,1
REACTOME_INWARDLY_RECTIFYING_K_CHANNELS,9,9,0.004294492492675772,-0.00026501098632814024,0.004559503479003912,0.9494663399268154,0.9975637050513955,1
REACTOME_EPIGENETIC_REGULATION_OF_GENE_EXPRESSION,24,24,0.003874325256347677,0.0,0.003874325256347677,0.9796564838004176,0.9975637050513955,1
REACTOME_RESOLUTION_OF_D_LOOP_STRUCTURES_THROUGH_SYNTHESIS_DEPENDENT_STRAND_ANNEALING_SDSA,6,6,0.003163969268798833,0.0,0.003163969268798833,0.928870672944805,0.9975637050513955,1
REACTOME_EXTENSION_OF_TELOMERES,21,21,-0.0023996643066406254,0.0001146197509765412,-0.0025142840576171666,0.9636985316865853,0.9975637050513955,-1
REACTOME_EFFECTS_OF_PIP2_HYDROLYSIS,7,7,0.0,-0.00015039123535159904,0.00015039123535159904,0.9474825575658015,0.9975637050513955,1
REACTOME_PLATELET_CALCIUM_HOMEOSTASIS,5,5,0.0,-0.00015039123535159904,0.00015039123535159904,0.9436254558295417,0.9975637050513955,1
REACTOME_VEGFR2_MEDIATED_CELL_PROLIFERATION,5,5,0.0,-0.00015039123535159904,0.00015039123535159904,0.9241093716717587,0.9975637050513955,1
REACTOME_MICRORNA_MIRNA_BIOGENESIS,7,7,0.02143082336425778,-0.00026501098632814024,0.02169583435058592,0.9848284471164154,0.9989168423193663,1
REACTOME_MITOTIC_PROPHASE,22,22,0.01211398525238036,0.0,0.01211398525238036,0.9858823402250447,0.9989168423193663,1
REACTOME_CLEC7A_DECTIN_1_INDUCES_NFAT_ACTIVATION,5,5,0.0,-0.00015039123535159904,0.00015039123535159904,0.9853166178435985,0.9989168423193663,1
REACTOME_GLYCOGEN_STORAGE_DISEASES,6,6,0.202549766998291,-0.0005300219726562805,0.20307978897094728,0.990299208483838,0.9997871050920664,1
REACTOME_CONVERSION_FROM_APC_C_CDC20_TO_APC_C_CDH1_IN_LATE_ANAPHASE,6,6,0.005088158798217779,0.0,0.005088158798217779,0.9898260231051204,0.9997871050920664,1
REACTOME_PHOSPHORYLATION_OF_THE_APC_C,6,6,0.005088158798217779,0.0,0.005088158798217779,0.9898260231051204,0.9997871050920664,1
REACTOME_REGULATION_OF_LIPID_METABOLISM_BY_PPARALPHA,28,28,0.1570647193145752,-0.0011616494750976702,0.15822636878967286,0.9989839780473548,1.0,1
REACTOME_DEGRADATION_OF_DVL,6,6,0.08795137893676758,0.0,0.08795137893676758,0.9992901693463266,1.0,1
REACTOME_METABOLISM_OF_COFACTORS,8,8,0.058112892456054666,-0.0005300219726562805,0.058642914428710946,0.9952548516620416,1.0,1
REACTOME_SYNTHESIS_OF_PA,7,7,0.03815072692871091,-0.00026501098632814024,0.03841573791503905,0.9980209896556566,1.0,1
REACTOME_PYRUVATE_METABOLISM_AND_CITRIC_ACID_TCA_CYCLE,13,13,-0.02396072998046872,0.0001146197509765412,-0.02407534973144526,0.9965320424347536,1.0,-1
REACTOME_MRNA_CAPPING,7,7,0.02143082336425778,-0.00026501098632814024,0.02169583435058592,0.9940630155511753,1.0,1
REACTOME_TRANSCRIPTION_OF_THE_HIV_GENOME,15,15,0.02143082336425778,-0.00026501098632814024,0.02169583435058592,0.9967701097531017,1.0,1
REACTOME_GLYCEROPHOSPHOLIPID_BIOSYNTHESIS,26,26,0.011674760131835937,-0.0005300219726562805,0.012204782104492218,1.0,1.0,1
REACTOME_2_LTR_CIRCLE_FORMATION,0,0,,,,,,0
REACTOME_ABACAVIR_METABOLISM,1,1,,,,,,0
REACTOME_ABACAVIR_TRANSMEMBRANE_TRANSPORT,2,2,,,,,,0
REACTOME_ABACAVIR_TRANSPORT_AND_METABOLISM,3,3,,,,,,0
REACTOME_ACETYLCHOLINE_BINDING_AND_DOWNSTREAM_EVENTS,2,2,,,,,,0
REACTOME_ACETYLCHOLINE_INHIBITS_CONTRACTION_OF_OUTER_HAIR_CELLS,0,0,,,,,,0
REACTOME_ACETYLCHOLINE_NEUROTRANSMITTER_RELEASE_CYCLE,2,2,,,,,,0
REACTOME_ACETYLCHOLINE_REGULATES_INSULIN_SECRETION,1,1,,,,,,0
REACTOME_ACROSOME_REACTION_AND_SPERM_OOCYTE_MEMBRANE_BINDING,2,2,,,,,,0
REACTOME_ACTIVATED_NTRK2_SIGNALS_THROUGH_CDK5,0,0,,,,,,0
REACTOME_ACTIVATED_NTRK2_SIGNALS_THROUGH_FRS2_AND_FRS3,1,1,,,,,,0
REACTOME_ACTIVATED_NTRK2_SIGNALS_THROUGH_FYN,1,1,,,,,,0
REACTOME_ACTIVATED_NTRK2_SIGNALS_THROUGH_PI3K,1,1,,,,,,0
REACTOME_ACTIVATED_NTRK2_SIGNALS_THROUGH_RAS,1,1,,,,,,0
REACTOME_ACTIVATED_NTRK3_SIGNALS_THROUGH_PI3K,1,1,,,,,,0
REACTOME_ACTIVATED_NTRK3_SIGNALS_THROUGH_RAS,1,1,,,,,,0
REACTOME_ACTIVATED_PKN1_STIMULATES_TRANSCRIPTION_OF_AR_ANDROGEN_RECEPTOR_REGULATED_GENES_KLK2_AND_KLK3,0,0,,,,,,0
REACTOME_ACTIVATED_TAK1_MEDIATES_P38_MAPK_ACTIVATION,3,3,,,,,,0
REACTOME_ACTIVATION_OF_AMPK_DOWNSTREAM_OF_NMDARS,4,4,,,,,,0
REACTOME_ACTIVATION_OF_BAD_AND_TRANSLOCATION_TO_MITOCHONDRIA,1,1,,,,,,0
REACTOME_ACTIVATION_OF_C3_AND_C5,1,1,,,,,,0
REACTOME_ACTIVATION_OF_CASPASES_THROUGH_APOPTOSOME_MEDIATED_CLEAVAGE,1,1,,,,,,0
REACTOME_ACTIVATION_OF_IRF3_IRF7_MEDIATED_BY_TBK1_IKK_EPSILON,4,4,,,,,,0
REACTOME_ACTIVATION_OF_NIMA_KINASES_NEK9_NEK6_NEK7,0,0,,,,,,0
REACTOME_ACTIVATION_OF_NOXA_AND_TRANSLOCATION_TO_MITOCHONDRIA,3,3,,,,,,0
REACTOME_ACTIVATION_OF_PPARGC1A_PGC_1ALPHA_BY_PHOSPHORYLATION,1,1,,,,,,0
REACTOME_ACTIVATION_OF_PUMA_AND_TRANSLOCATION_TO_MITOCHONDRIA,3,3,,,,,,0
REACTOME_ACTIVATION_OF_RAC1,2,2,,,,,,0
REACTOME_ACTIVATION_OF_RAC1_DOWNSTREAM_OF_NMDARS,1,1,,,,,,0
REACTOME_ACTIVATION_OF_RAS_IN_B_CELLS,1,1,,,,,,0
REACTOME_ACTIVATION_OF_SMO,4,4,,,,,,0
REACTOME_ACTIVATION_OF_THE_AP_1_FAMILY_OF_TRANSCRIPTION_FACTORS,4,4,,,,,,0
REACTOME_ACTIVATION_OF_THE_PHOTOTRANSDUCTION_CASCADE,2,2,,,,,,0
REACTOME_ACTIVATION_OF_THE_TFAP2_AP_2_FAMILY_OF_TRANSCRIPTION_FACTORS,3,3,,,,,,0
REACTOME_ACTIVATION_OF_TRKA_RECEPTORS,0,0,,,,,,0
REACTOME_ACYL_CHAIN_REMODELING_OF_CL,0,0,,,,,,0
REACTOME_ACYL_CHAIN_REMODELING_OF_DAG_AND_TAG,0,0,,,,,,0
REACTOME_ACYL_CHAIN_REMODELLING_OF_PC,2,2,,,,,,0
REACTOME_ACYL_CHAIN_REMODELLING_OF_PE,3,3,,,,,,0
REACTOME_ACYL_CHAIN_REMODELLING_OF_PG,2,2,,,,,,0
REACTOME_ACYL_CHAIN_REMODELLING_OF_PI,1,1,,,,,,0
REACTOME_ACYL_CHAIN_REMODELLING_OF_PS,3,3,,,,,,0
REACTOME_ADENYLATE_CYCLASE_ACTIVATING_PATHWAY,2,2,,,,,,0
REACTOME_ADENYLATE_CYCLASE_INHIBITORY_PATHWAY,2,2,,,,,,0
REACTOME_ADHERENS_JUNCTIONS_INTERACTIONS,2,2,,,,,,0
REACTOME_ADRENOCEPTORS,1,1,,,,,,0
REACTOME_AFLATOXIN_ACTIVATION_AND_DETOXIFICATION,2,2,,,,,,0
REACTOME_AKT_PHOSPHORYLATES_TARGETS_IN_THE_CYTOSOL,0,0,,,,,,0
REACTOME_AKT_PHOSPHORYLATES_TARGETS_IN_THE_NUCLEUS,2,2,,,,,,0
REACTOME_ALK_MUTANTS_BIND_TKIS,1,1,,,,,,0
REACTOME_ALPHA_DEFENSINS,0,0,,,,,,0
REACTOME_ALPHA_LINOLENIC_OMEGA3_AND_LINOLEIC_OMEGA6_ACID_METABOLISM,1,1,,,,,,0
REACTOME_ALPHA_OXIDATION_OF_PHYTANATE,2,2,,,,,,0
REACTOME_ALPHA_PROTEIN_KINASE_1_SIGNALING_PATHWAY,4,4,,,,,,0
REACTOME_ALTERNATIVE_COMPLEMENT_ACTIVATION,3,3,,,,,,0
REACTOME_AMINE_LIGAND_BINDING_RECEPTORS,1,1,,,,,,0
REACTOME_AMINO_ACID_CONJUGATION,1,1,,,,,,0
REACTOME_AMINO_ACID_TRANSPORT_ACROSS_THE_PLASMA_MEMBRANE,2,2,,,,,,0
REACTOME_AMPK_INHIBITS_CHREBP_TRANSCRIPTIONAL_ACTIVATION_ACTIVITY,1,1,,,,,,0
REACTOME_ANCHORING_FIBRIL_FORMATION,1,1,,,,,,0
REACTOME_ANDROGEN_BIOSYNTHESIS,1,1,,,,,,0
REACTOME_ANTIGEN_PRESENTATION_FOLDING_ASSEMBLY_AND_PEPTIDE_LOADING_OF_CLASS_I_MHC,4,4,,,,,,0
REACTOME_APEX1_INDEPENDENT_RESOLUTION_OF_AP_SITES_VIA_THE_SINGLE_NUCLEOTIDE_REPLACEMENT_PATHWAY,2,2,,,,,,0
REACTOME_APOBEC3G_MEDIATED_RESISTANCE_TO_HIV_1_INFECTION,1,1,,,,,,0
REACTOME_APOPTOSIS_INDUCED_DNA_FRAGMENTATION,4,4,,,,,,0
REACTOME_APOPTOTIC_CLEAVAGE_OF_CELL_ADHESION_PROTEINS,2,2,,,,,,0
REACTOME_APOPTOTIC_FACTOR_MEDIATED_RESPONSE,1,1,,,,,,0
REACTOME_ARACHIDONATE_PRODUCTION_FROM_DAG,0,0,,,,,,0
REACTOME_ARMS_MEDIATED_ACTIVATION,1,1,,,,,,0
REACTOME_ARYL_HYDROCARBON_RECEPTOR_SIGNALLING,1,1,,,,,,0
REACTOME_ASPARTATE_AND_ASPARAGINE_METABOLISM,2,2,,,,,,0
REACTOME_ASSEMBLY_OF_ACTIVE_LPL_AND_LIPC_LIPASE_COMPLEXES,2,2,,,,,,0
REACTOME_ATF6_ATF6_ALPHA_ACTIVATES_CHAPERONES,4,4,,,,,,0
REACTOME_ATF6_ATF6_ALPHA_ACTIVATES_CHAPERONE_GENES,4,4,,,,,,0
REACTOME_ATTACHMENT_AND_ENTRY,1,1,,,,,,0
REACTOME_ATTACHMENT_OF_GPI_ANCHOR_TO_UPAR,3,3,,,,,,0
REACTOME_BASIGIN_INTERACTIONS,4,4,,,,,,0
REACTOME_BETA_CATENIN_PHOSPHORYLATION_CASCADE,1,1,,,,,,0
REACTOME_BETA_DEFENSINS,2,2,,,,,,0
REACTOME_BETA_OXIDATION_OF_BUTANOYL_COA_TO_ACETYL_COA,2,2,,,,,,0
REACTOME_BETA_OXIDATION_OF_DECANOYL_COA_TO_OCTANOYL_COA_COA,2,2,,,,,,0
REACTOME_BETA_OXIDATION_OF_HEXANOYL_COA_TO_BUTANOYL_COA,1,1,,,,,,0
REACTOME_BETA_OXIDATION_OF_LAUROYL_COA_TO_DECANOYL_COA_COA,1,1,,,,,,0
REACTOME_BETA_OXIDATION_OF_OCTANOYL_COA_TO_HEXANOYL_COA,2,2,,,,,,0
REACTOME_BETA_OXIDATION_OF_PRISTANOYL_COA,3,3,,,,,,0
REACTOME_BETA_OXIDATION_OF_VERY_LONG_CHAIN_FATTY_ACIDS,4,4,,,,,,0
REACTOME_BH3_ONLY_PROTEINS_ASSOCIATE_WITH_AND_INACTIVATE_ANTI_APOPTOTIC_BCL_2_MEMBERS,4,4,,,,,,0
REACTOME_BICARBONATE_TRANSPORTERS,3,3,,,,,,0
REACTOME_BINDING_OF_TCF_LEF_CTNNB1_TO_TARGET_GENE_PROMOTERS,3,3,,,,,,0
REACTOME_BIOSYNTHESIS_OF_EPA_DERIVED_SPMS,1,1,,,,,,0
REACTOME_BIOSYNTHESIS_OF_MARESINS,1,1,,,,,,0
REACTOME_BIOSYNTHESIS_OF_MARESIN_LIKE_SPMS,0,0,,,,,,0
REACTOME_BIOSYNTHESIS_OF_SPECIALIZED_PRORESOLVING_MEDIATORS_SPMS,4,4,,,,,,0
REACTOME_BIOTIN_TRANSPORT_AND_METABOLISM,2,2,,,,,,0
REACTOME_BUDDING_AND_MATURATION_OF_HIV_VIRION,4,4,,,,,,0
REACTOME_BUTYRATE_RESPONSE_FACTOR_1_BRF1_BINDS_AND_DESTABILIZES_MRNA,4,4,,,,,,0
REACTOME_BUTYROPHILIN_BTN_FAMILY_INTERACTIONS,4,4,,,,,,0
REACTOME_CA2_ACTIVATED_K_CHANNELS,1,1,,,,,,0
REACTOME_CALCINEURIN_ACTIVATES_NFAT,3,3,,,,,,0
REACTOME_CALCITONIN_LIKE_LIGAND_RECEPTORS,2,2,,,,,,0
REACTOME_CALNEXIN_CALRETICULIN_CYCLE,4,4,,,,,,0
REACTOME_CAMK_IV_MEDIATED_PHOSPHORYLATION_OF_CREB,1,1,,,,,,0
REACTOME_CARNITINE_METABOLISM,3,3,,,,,,0
REACTOME_CASPASE_ACTIVATION_VIA_DEPENDENCE_RECEPTORS_IN_THE_ABSENCE_OF_LIGAND,3,3,,,,,,0
REACTOME_CASPASE_MEDIATED_CLEAVAGE_OF_CYTOSKELETAL_PROTEINS,4,4,,,,,,0
REACTOME_CATION_COUPLED_CHLORIDE_COTRANSPORTERS,2,2,,,,,,0
REACTOME_CD163_MEDIATING_AN_ANTI_INFLAMMATORY_RESPONSE,2,2,,,,,,0
REACTOME_CD22_MEDIATED_BCR_REGULATION,2,2,,,,,,0
REACTOME_CD28_DEPENDENT_VAV1_PATHWAY,2,2,,,,,,0
REACTOME_CELL_EXTRACELLULAR_MATRIX_INTERACTIONS,1,1,,,,,,0
REACTOME_CGMP_EFFECTS,3,3,,,,,,0
REACTOME_CHK1_CHK2_CDS1_MEDIATED_INACTIVATION_OF_CYCLIN_B_CDK1_COMPLEX,0,0,,,,,,0
REACTOME_CHL1_INTERACTIONS,3,3,,,,,,0
REACTOME_CHOLINE_CATABOLISM,0,0,,,,,,0
REACTOME_CHONDROITIN_SULFATE_BIOSYNTHESIS,2,2,,,,,,0
REACTOME_CHREBP_ACTIVATES_METABOLIC_GENE_EXPRESSION,2,2,,,,,,0
REACTOME_CHYLOMICRON_ASSEMBLY,2,2,,,,,,0
REACTOME_CHYLOMICRON_CLEARANCE,4,4,,,,,,0
REACTOME_CHYLOMICRON_REMODELING,2,2,,,,,,0
REACTOME_CITRIC_ACID_CYCLE_TCA_CYCLE,4,4,,,,,,0
REACTOME_CLASS_C_3_METABOTROPIC_GLUTAMATE_PHEROMONE_RECEPTORS,1,1,,,,,,0
REACTOME_CLEC7A_INFLAMMASOME_PATHWAY,3,3,,,,,,0
REACTOME_COBALAMIN_CBL_VITAMIN_B12_TRANSPORT_AND_METABOLISM,4,4,,,,,,0
REACTOME_COENZYME_A_BIOSYNTHESIS,3,3,,,,,,0
REACTOME_COHESIN_LOADING_ONTO_CHROMATIN,4,4,,,,,,0
REACTOME_COMPETING_ENDOGENOUS_RNAS_CERNAS_REGULATE_PTEN_TRANSLATION,3,3,,,,,,0
REACTOME_CONDENSATION_OF_PROMETAPHASE_CHROMOSOMES,3,3,,,,,,0
REACTOME_CONDENSATION_OF_PROPHASE_CHROMOSOMES,4,4,,,,,,0
REACTOME_CONJUGATION_OF_BENZOATE_WITH_GLYCINE,1,1,,,,,,0
REACTOME_CONSTITUTIVE_SIGNALING_BY_EGFRVIII,4,4,,,,,,0
REACTOME_CONSTITUTIVE_SIGNALING_BY_OVEREXPRESSED_ERBB2,2,2,,,,,,0
REACTOME_CREATINE_METABOLISM,1,1,,,,,,0
REACTOME_CREATION_OF_C4_AND_C2_ACTIVATORS,4,4,,,,,,0
REACTOME_CREB1_PHOSPHORYLATION_THROUGH_THE_ACTIVATION_OF_ADENYLATE_CYCLASE,4,4,,,,,,0
REACTOME_CREB1_PHOSPHORYLATION_THROUGH_THE_ACTIVATION_OF_CAMKII_CAMKK_CAMKIV_CASCASDE,0,0,,,,,,0
REACTOME_CREB3_FACTORS_ACTIVATE_GENES,2,2,,,,,,0
REACTOME_CREB_PHOSPHORYLATION,3,3,,,,,,0
REACTOME_CRISTAE_FORMATION,3,3,,,,,,0
REACTOME_CRMPS_IN_SEMA3A_SIGNALING,2,2,,,,,,0
REACTOME_CROSSLINKING_OF_COLLAGEN_FIBRILS,3,3,,,,,,0
REACTOME_CROSS_PRESENTATION_OF_PARTICULATE_EXOGENOUS_ANTIGENS_PHAGOSOMES,1,1,,,,,,0
REACTOME_CROSS_PRESENTATION_OF_SOLUBLE_EXOGENOUS_ANTIGENS_ENDOSOMES,3,3,,,,,,0
REACTOME_CS_DS_DEGRADATION,1,1,,,,,,0
REACTOME_CYCLIN_A_B1_B2_ASSOCIATED_EVENTS_DURING_G2_M_TRANSITION,3,3,,,,,,0
REACTOME_CYP2E1_REACTIONS,0,0,,,,,,0
REACTOME_CYTOCHROME_C_MEDIATED_APOPTOTIC_RESPONSE,1,1,,,,,,0
REACTOME_CYTOCHROME_P450_ARRANGED_BY_SUBSTRATE_TYPE,4,4,,,,,,0
REACTOME_CYTOSOLIC_IRON_SULFUR_CLUSTER_ASSEMBLY,2,2,,,,,,0
REACTOME_CYTOSOLIC_TRNA_AMINOACYLATION,1,1,,,,,,0
REACTOME_DCC_MEDIATED_ATTRACTIVE_SIGNALING,4,4,,,,,,0
REACTOME_DEADENYLATION_OF_MRNA,3,3,,,,,,0
REACTOME_DEFECTIVE_B4GALT1_CAUSES_B4GALT1_CDG_CDG_2D,0,0,,,,,,0
REACTOME_DEFECTIVE_B4GALT7_CAUSES_EDS_PROGEROID_TYPE,4,4,,,,,,0
REACTOME_DEFECTIVE_C1GALT1C1_CAUSES_TNPS,1,1,,,,,,0
REACTOME_DEFECTIVE_CHST14_CAUSES_EDS_MUSCULOCONTRACTURAL_TYPE,1,1,,,,,,0
REACTOME_DEFECTIVE_CHST3_CAUSES_SEDCJD,1,1,,,,,,0
REACTOME_DEFECTIVE_CHST6_CAUSES_MCDC1,0,0,,,,,,0
REACTOME_DEFECTIVE_CHSY1_CAUSES_TPBS,1,1,,,,,,0
REACTOME_DEFECTIVE_CSF2RB_CAUSES_SMDP5,0,0,,,,,,0
REACTOME_DEFECTIVE_EXT2_CAUSES_EXOSTOSES_2,2,2,,,,,,0
REACTOME_DEFECTIVE_F9_ACTIVATION,2,2,,,,,,0
REACTOME_DEFECTIVE_FACTOR_IX_CAUSES_HEMOPHILIA_B,2,2,,,,,,0
REACTOME_DEFECTIVE_FACTOR_VIII_CAUSES_HEMOPHILIA_A,2,2,,,,,,0
REACTOME_DEFECTIVE_GALNT3_CAUSES_HFTC,2,2,,,,,,0
REACTOME_DEFECTIVE_LFNG_CAUSES_SCDO3,0,0,,,,,,0
REACTOME_DEFECTIVE_RIPK1_MEDIATED_REGULATED_NECROSIS,1,1,,,,,,0
REACTOME_DEFECTIVE_ST3GAL3_CAUSES_MCT12_AND_EIEE15,1,1,,,,,,0
REACTOME_DEFECTS_IN_BIOTIN_BTN_METABOLISM,1,1,,,,,,0
REACTOME_DEFECTS_IN_COBALAMIN_B12_METABOLISM,3,3,,,,,,0
REACTOME_DEFECTS_IN_VITAMIN_AND_COFACTOR_METABOLISM,4,4,,,,,,0
REACTOME_DEFENSINS,2,2,,,,,,0
REACTOME_DERMATAN_SULFATE_BIOSYNTHESIS,1,1,,,,,,0
REACTOME_DEX_H_BOX_HELICASES_ACTIVATE_TYPE_I_IFN_AND_INFLAMMATORY_CYTOKINES_PRODUCTION,0,0,,,,,,0
REACTOME_DIGESTION,1,1,,,,,,0
REACTOME_DIGESTION_AND_ABSORPTION,2,2,,,,,,0
REACTOME_DIGESTION_OF_DIETARY_CARBOHYDRATE,1,1,,,,,,0
REACTOME_DIGESTION_OF_DIETARY_LIPID,0,0,,,,,,0
REACTOME_DISASSEMBLY_OF_THE_DESTRUCTION_COMPLEX_AND_RECRUITMENT_OF_AXIN_TO_THE_MEMBRANE,2,2,,,,,,0
REACTOME_DISEASES_ASSOCIATED_WITH_SURFACTANT_METABOLISM,1,1,,,,,,0
REACTOME_DISEASES_OF_BASE_EXCISION_REPAIR,3,3,,,,,,0
REACTOME_DISEASES_OF_MISMATCH_REPAIR_MMR,1,1,,,,,,0
REACTOME_DISINHIBITION_OF_SNARE_FORMATION,0,0,,,,,,0
REACTOME_DISPLACEMENT_OF_DNA_GLYCOSYLASE_BY_APEX1,4,4,,,,,,0
REACTOME_DISSOLUTION_OF_FIBRIN_CLOT,4,4,,,,,,0
REACTOME_DNA_DAMAGE_REVERSAL,2,2,,,,,,0
REACTOME_DNA_METHYLATION,0,0,,,,,,0
REACTOME_DNA_REPLICATION_INITIATION,3,3,,,,,,0
REACTOME_DOPAMINE_CLEARANCE_FROM_THE_SYNAPTIC_CLEFT,1,1,,,,,,0
REACTOME_DOPAMINE_NEUROTRANSMITTER_RELEASE_CYCLE,2,2,,,,,,0
REACTOME_DOPAMINE_RECEPTORS,0,0,,,,,,0
REACTOME_DOWNREGULATION_OF_ERBB4_SIGNALING,3,3,,,,,,0
REACTOME_DOWNSTREAM_SIGNALING_OF_ACTIVATED_FGFR3,4,4,,,,,,0
REACTOME_DOWNSTREAM_SIGNALING_OF_ACTIVATED_FGFR4,4,4,,,,,,0
REACTOME_DSCAM_INTERACTIONS,2,2,,,,,,0
REACTOME_E2F_ENABLED_INHIBITION_OF_PRE_REPLICATION_COMPLEX_FORMATION,4,4,,,,,,0
REACTOME_EARLY_PHASE_OF_HIV_LIFE_CYCLE,3,3,,,,,,0
REACTOME_EGFR_INTERACTS_WITH_PHOSPHOLIPASE_C_GAMMA,3,3,,,,,,0
REACTOME_EGFR_TRANSACTIVATION_BY_GASTRIN,1,1,,,,,,0
REACTOME_EICOSANOIDS,0,0,,,,,,0
REACTOME_ELECTRIC_TRANSMISSION_ACROSS_GAP_JUNCTIONS,0,0,,,,,,0
REACTOME_ELEVATION_OF_CYTOSOLIC_CA2_LEVELS,4,4,,,,,,0
REACTOME_ENDOGENOUS_STEROLS,3,3,,,,,,0
REACTOME_ENDOSOMAL_SORTING_COMPLEX_REQUIRED_FOR_TRANSPORT_ESCRT,4,4,,,,,,0
REACTOME_ENDOSOMAL_VACUOLAR_PATHWAY,3,3,,,,,,0
REACTOME_ENERGY_DEPENDENT_REGULATION_OF_MTOR_BY_LKB1_AMPK,4,4,,,,,,0
REACTOME_ENOS_ACTIVATION,2,2,,,,,,0
REACTOME_EPHRIN_SIGNALING,3,3,,,,,,0
REACTOME_ERBB2_REGULATES_CELL_MOTILITY,4,4,,,,,,0
REACTOME_ERKS_ARE_INACTIVATED,1,1,,,,,,0
REACTOME_ERK_MAPK_TARGETS,4,4,,,,,,0
REACTOME_ERYTHROPOIETIN_ACTIVATES_PHOSPHOLIPASE_C_GAMMA_PLCG,3,3,,,,,,0
REACTOME_ERYTHROPOIETIN_ACTIVATES_RAS,4,4,,,,,,0
REACTOME_ERYTHROPOIETIN_ACTIVATES_STAT5,3,3,,,,,,0
REACTOME_ER_QUALITY_CONTROL_COMPARTMENT_ERQC,4,4,,,,,,0
REACTOME_ESTABLISHMENT_OF_SISTER_CHROMATID_COHESION,4,4,,,,,,0
REACTOME_ESTROGEN_BIOSYNTHESIS,0,0,,,,,,0
REACTOME_ESTROGEN_STIMULATED_SIGNALING_THROUGH_PRKCZ,2,2,,,,,,0
REACTOME_ETHANOL_OXIDATION,1,1,,,,,,0
REACTOME_EXTRINSIC_PATHWAY_OF_FIBRIN_CLOT_FORMATION,0,0,,,,,,0
REACTOME_FASL_CD95L_SIGNALING,3,3,,,,,,0
REACTOME_FATTY_ACIDS,0,0,,,,,,0
REACTOME_FATTY_ACIDS_BOUND_TO_GPR40_FFAR1_REGULATE_INSULIN_SECRETION,1,1,,,,,,0
REACTOME_FBXW7_MUTANTS_AND_NOTCH1_IN_CANCER,0,0,,,,,,0
REACTOME_FGFR1B_LIGAND_BINDING_AND_ACTIVATION,1,1,,,,,,0
REACTOME_FGFR1C_LIGAND_BINDING_AND_ACTIVATION,1,1,,,,,,0
REACTOME_FGFR1_LIGAND_BINDING_AND_ACTIVATION,2,2,,,,,,0
REACTOME_FGFR2B_LIGAND_BINDING_AND_ACTIVATION,3,3,,,,,,0
REACTOME_FGFR2C_LIGAND_BINDING_AND_ACTIVATION,1,1,,,,,,0
REACTOME_FGFR2_LIGAND_BINDING_AND_ACTIVATION,4,4,,,,,,0
REACTOME_FGFR3B_LIGAND_BINDING_AND_ACTIVATION,1,1,,,,,,0
REACTOME_FGFR3_LIGAND_BINDING_AND_ACTIVATION,2,2,,,,,,0
REACTOME_FGFRL1_MODULATION_OF_FGFR1_SIGNALING,1,1,,,,,,0
REACTOME_FIBRONECTIN_MATRIX_FORMATION,0,0,,,,,,0
REACTOME_FICOLINS_BIND_TO_REPETITIVE_CARBOHYDRATE_STRUCTURES_ON_THE_TARGET_CELL_SURFACE,1,1,,,,,,0
REACTOME_FLT3_SIGNALING_BY_CBL_MUTANTS,3,3,,,,,,0
REACTOME_FLT3_SIGNALING_THROUGH_SRC_FAMILY_KINASES,3,3,,,,,,0
REACTOME_FOLDING_OF_ACTIN_BY_CCT_TRIC,3,3,,,,,,0
REACTOME_FORMATION_OF_APOPTOSOME,0,0,,,,,,0
REACTOME_FORMATION_OF_ATP_BY_CHEMIOSMOTIC_COUPLING,0,0,,,,,,0
REACTOME_FORMATION_OF_SENESCENCE_ASSOCIATED_HETEROCHROMATIN_FOCI_SAHF,1,1,,,,,,0
REACTOME_FORMATION_OF_XYLULOSE_5_PHOSPHATE,0,0,,,,,,0
REACTOME_FORMYL_PEPTIDE_RECEPTORS_BIND_FORMYL_PEPTIDES_AND_MANY_OTHER_LIGANDS,3,3,,,,,,0
REACTOME_FOXO_MEDIATED_TRANSCRIPTION_OF_CELL_CYCLE_GENES,4,4,,,,,,0
REACTOME_FREE_FATTY_ACIDS_REGULATE_INSULIN_SECRETION,1,1,,,,,,0
REACTOME_FREE_FATTY_ACID_RECEPTORS,0,0,,,,,,0
REACTOME_FRS_MEDIATED_FGFR1_SIGNALING,3,3,,,,,,0
REACTOME_FRS_MEDIATED_FGFR2_SIGNALING,3,3,,,,,,0
REACTOME_FRS_MEDIATED_FGFR3_SIGNALING,2,2,,,,,,0
REACTOME_FRS_MEDIATED_FGFR4_SIGNALING,2,2,,,,,,0
REACTOME_FRUCTOSE_CATABOLISM,1,1,,,,,,0
REACTOME_FRUCTOSE_METABOLISM,1,1,,,,,,0
REACTOME_G2_M_DNA_REPLICATION_CHECKPOINT,0,0,,,,,,0
REACTOME_G2_PHASE,1,1,,,,,,0
REACTOME_GAB1_SIGNALOSOME,3,3,,,,,,0
REACTOME_GABA_SYNTHESIS_RELEASE_REUPTAKE_AND_DEGRADATION,1,1,,,,,,0
REACTOME_GALACTOSE_CATABOLISM,3,3,,,,,,0
REACTOME_GAMMA_CARBOXYLATION_TRANSPORT_AND_AMINO_TERMINAL_CLEAVAGE_OF_PROTEINS,1,1,,,,,,0
REACTOME_GAP_JUNCTION_ASSEMBLY,3,3,,,,,,0
REACTOME_GAP_JUNCTION_DEGRADATION,2,2,,,,,,0
REACTOME_GASTRIN_CREB_SIGNALLING_PATHWAY_VIA_PKC_AND_MAPK,2,2,,,,,,0
REACTOME_GDP_FUCOSE_BIOSYNTHESIS,1,1,,,,,,0
REACTOME_GLI_PROTEINS_BIND_PROMOTERS_OF_HH_RESPONSIVE_GENES_TO_PROMOTE_TRANSCRIPTION,1,1,,,,,,0
REACTOME_GLUCOCORTICOID_BIOSYNTHESIS,0,0,,,,,,0
REACTOME_GLUCURONIDATION,0,0,,,,,,0
REACTOME_GLUTAMATE_AND_GLUTAMINE_METABOLISM,2,2,,,,,,0
REACTOME_GLUTAMATE_NEUROTRANSMITTER_RELEASE_CYCLE,3,3,,,,,,0
REACTOME_GLUTATHIONE_SYNTHESIS_AND_RECYCLING,2,2,,,,,,0
REACTOME_GLYCEROPHOSPHOLIPID_CATABOLISM,3,3,,,,,,0
REACTOME_GLYCOGEN_BREAKDOWN_GLYCOGENOLYSIS,4,4,,,,,,0
REACTOME_GOLGI_CISTERNAE_PERICENTRIOLAR_STACK_REORGANIZATION,0,0,,,,,,0
REACTOME_GP1B_IX_V_ACTIVATION_SIGNALLING,4,4,,,,,,0
REACTOME_GRB2_EVENTS_IN_ERBB2_SIGNALING,4,4,,,,,,0
REACTOME_GRB2_SOS_PROVIDES_LINKAGE_TO_MAPK_SIGNALING_FOR_INTEGRINS,2,2,,,,,,0
REACTOME_GRB7_EVENTS_IN_ERBB2_SIGNALING,3,3,,,,,,0
REACTOME_HDL_ASSEMBLY,2,2,,,,,,0
REACTOME_HDL_CLEARANCE,1,1,,,,,,0
REACTOME_HDL_REMODELING,4,4,,,,,,0
REACTOME_HDR_THROUGH_MMEJ_ALT_NHEJ,3,3,,,,,,0
REACTOME_HEDGEHOG_LIGAND_BIOGENESIS,4,4,,,,,,0
REACTOME_HEME_BIOSYNTHESIS,3,3,,,,,,0
REACTOME_HEME_DEGRADATION,2,2,,,,,,0
REACTOME_HIGHLY_CALCIUM_PERMEABLE_NICOTINIC_ACETYLCHOLINE_RECEPTORS,1,1,,,,,,0
REACTOME_HIGHLY_CALCIUM_PERMEABLE_POSTSYNAPTIC_NICOTINIC_ACETYLCHOLINE_RECEPTORS,1,1,,,,,,0
REACTOME_HIGHLY_SODIUM_PERMEABLE_POSTSYNAPTIC_ACETYLCHOLINE_NICOTINIC_RECEPTORS,1,1,,,,,,0
REACTOME_HISTIDINE_CATABOLISM,0,0,,,,,,0
REACTOME_HORMONE_LIGAND_BINDING_RECEPTORS,0,0,,,,,,0
REACTOME_HS_GAG_BIOSYNTHESIS,3,3,,,,,,0
REACTOME_HS_GAG_DEGRADATION,4,4,,,,,,0
REACTOME_HUR_ELAVL1_BINDS_AND_STABILIZES_MRNA,0,0,,,,,,0
REACTOME_HYALURONAN_BIOSYNTHESIS_AND_EXPORT,2,2,,,,,,0
REACTOME_HYALURONAN_METABOLISM,3,3,,,,,,0
REACTOME_HYALURONAN_UPTAKE_AND_DEGRADATION,1,1,,,,,,0
REACTOME_HYDROLYSIS_OF_LPC,0,0,,,,,,0
REACTOME_IKBA_VARIANT_LEADS_TO_EDA_ID,2,2,,,,,,0
REACTOME_IL_6_TYPE_CYTOKINE_RECEPTOR_LIGAND_INTERACTIONS,4,4,,,,,,0
REACTOME_INACTIVATION_OF_CDC42_AND_RAC1,1,1,,,,,,0
REACTOME_INCRETIN_SYNTHESIS_SECRETION_AND_INACTIVATION,2,2,,,,,,0
REACTOME_INHIBITION_OF_REPLICATION_INITIATION_OF_DAMAGED_DNA_BY_RB1_E2F1,4,4,,,,,,0
REACTOME_INLA_MEDIATED_ENTRY_OF_LISTERIA_MONOCYTOGENES_INTO_HOST_CELLS,2,2,,,,,,0
REACTOME_INLB_MEDIATED_ENTRY_OF_LISTERIA_MONOCYTOGENES_INTO_HOST_CELL,2,2,,,,,,0
REACTOME_INSULIN_PROCESSING,4,4,,,,,,0
REACTOME_INTEGRATION_OF_PROVIRUS,1,1,,,,,,0
REACTOME_INTEGRIN_SIGNALING,4,4,,,,,,0
REACTOME_INTERACTION_WITH_CUMULUS_CELLS_AND_THE_ZONA_PELLUCIDA,1,1,,,,,,0
REACTOME_INTERLEUKIN_15_SIGNALING,3,3,,,,,,0
REACTOME_INTERLEUKIN_18_SIGNALING,2,2,,,,,,0
REACTOME_INTERLEUKIN_1_PROCESSING,1,1,,,,,,0
REACTOME_INTERLEUKIN_21_SIGNALING,2,2,,,,,,0
REACTOME_INTERLEUKIN_23_SIGNALING,2,2,,,,,,0
REACTOME_INTERLEUKIN_27_SIGNALING,1,1,,,,,,0
REACTOME_INTERLEUKIN_35_SIGNALLING,2,2,,,,,,0
REACTOME_INTERLEUKIN_36_PATHWAY,3,3,,,,,,0
REACTOME_INTERLEUKIN_6_SIGNALING,2,2,,,,,,0
REACTOME_INTERLEUKIN_9_SIGNALING,1,1,,,,,,0
REACTOME_INTESTINAL_ABSORPTION,1,1,,,,,,0
REACTOME_IONOTROPIC_ACTIVITY_OF_KAINATE_RECEPTORS,2,2,,,,,,0
REACTOME_IRAK1_RECRUITS_IKK_COMPLEX,4,4,,,,,,0
REACTOME_IRAK2_MEDIATED_ACTIVATION_OF_TAK1_COMPLEX,3,3,,,,,,0
REACTOME_IRF3_MEDIATED_ACTIVATION_OF_TYPE_1_IFN,1,1,,,,,,0
REACTOME_IRF3_MEDIATED_INDUCTION_OF_TYPE_I_IFN,1,1,,,,,,0
REACTOME_IRS_ACTIVATION,1,1,,,,,,0
REACTOME_JNK_C_JUN_KINASES_PHOSPHORYLATION_AND_ACTIVATION_MEDIATED_BY_ACTIVATED_HUMAN_TAK1,4,4,,,,,,0
REACTOME_JOSEPHIN_DOMAIN_DUBS,4,4,,,,,,0
REACTOME_KERATAN_SULFATE_BIOSYNTHESIS,4,4,,,,,,0
REACTOME_KERATAN_SULFATE_DEGRADATION,0,0,,,,,,0
REACTOME_KERATAN_SULFATE_KERATIN_METABOLISM,4,4,,,,,,0
REACTOME_KETONE_BODY_METABOLISM,3,3,,,,,,0
REACTOME_KILLING_MECHANISMS,3,3,,,,,,0
REACTOME_KSRP_KHSRP_BINDS_AND_DESTABILIZES_MRNA,3,3,,,,,,0
REACTOME_LAMININ_INTERACTIONS,2,2,,,,,,0
REACTOME_LDL_CLEARANCE,3,3,,,,,,0
REACTOME_LDL_REMODELING,0,0,,,,,,0
REACTOME_LECTIN_PATHWAY_OF_COMPLEMENT_ACTIVATION,1,1,,,,,,0
REACTOME_LEUKOTRIENE_RECEPTORS,3,3,,,,,,0
REACTOME_LGI_ADAM_INTERACTIONS,2,2,,,,,,0
REACTOME_LIGAND_RECEPTOR_INTERACTIONS,0,0,,,,,,0
REACTOME_LINOLEIC_ACID_LA_METABOLISM,1,1,,,,,,0
REACTOME_LIPID_PARTICLE_ORGANIZATION,4,4,,,,,,0
REACTOME_LIPOPHAGY,2,2,,,,,,0
REACTOME_LISTERIA_MONOCYTOGENES_ENTRY_INTO_HOST_CELLS,2,2,,,,,,0
REACTOME_LOSS_OF_FUNCTION_OF_MECP2_IN_RETT_SYNDROME,3,3,,,,,,0
REACTOME_LOSS_OF_FUNCTION_OF_SMAD2_3_IN_CANCER,2,2,,,,,,0
REACTOME_LOSS_OF_MECP2_BINDING_ABILITY_TO_THE_NCOR_SMRT_COMPLEX,3,3,,,,,,0
REACTOME_LRR_FLII_INTERACTING_PROTEIN_1_LRRFIP1_ACTIVATES_TYPE_I_IFN_PRODUCTION,0,0,,,,,,0
REACTOME_LTC4_CYSLTR_MEDIATED_IL4_PRODUCTION,2,2,,,,,,0
REACTOME_LYSINE_CATABOLISM,2,2,,,,,,0
REACTOME_LYSOSOME_VESICLE_BIOGENESIS,2,2,,,,,,0
REACTOME_LYSOSPHINGOLIPID_AND_LPA_RECEPTORS,4,4,,,,,,0
REACTOME_MAPK1_ERK2_ACTIVATION,1,1,,,,,,0
REACTOME_MAPK3_ERK1_ACTIVATION,2,2,,,,,,0
REACTOME_MASTL_FACILITATES_MITOTIC_PROGRESSION,2,2,,,,,,0
REACTOME_MATURATION_OF_SARS_COV_1_NUCLEOPROTEIN,1,1,,,,,,0
REACTOME_MATURATION_OF_SARS_COV_1_SPIKE_PROTEIN,1,1,,,,,,0
REACTOME_MATURATION_OF_SARS_COV_2_NUCLEOPROTEIN,4,4,,,,,,0
REACTOME_MECP2_REGULATES_NEURONAL_RECEPTORS_AND_CHANNELS,3,3,,,,,,0
REACTOME_MECP2_REGULATES_TRANSCRIPTION_FACTORS,1,1,,,,,,0
REACTOME_MECP2_REGULATES_TRANSCRIPTION_OF_NEURONAL_LIGANDS,0,0,,,,,,0
REACTOME_MELANIN_BIOSYNTHESIS,0,0,,,,,,0
REACTOME_METABOLIC_DISORDERS_OF_BIOLOGICAL_OXIDATION_ENZYMES,4,4,,,,,,0
REACTOME_METABOLISM_OF_AMINE_DERIVED_HORMONES,0,0,,,,,,0
REACTOME_METABOLISM_OF_ANGIOTENSINOGEN_TO_ANGIOTENSINS,3,3,,,,,,0
REACTOME_METABOLISM_OF_FOLATE_AND_PTERINES,1,1,,,,,,0
REACTOME_METABOLISM_OF_INGESTED_SEMET_SEC_MESEC_INTO_H2SE,1,1,,,,,,0
REACTOME_METABOLISM_OF_NITRIC_OXIDE_NOS3_ACTIVATION_AND_REGULATION,3,3,,,,,,0
REACTOME_METABOLISM_OF_PORPHYRINS,4,4,,,,,,0
REACTOME_METABOLISM_OF_STEROID_HORMONES,2,2,,,,,,0
REACTOME_METALLOPROTEASE_DUBS,3,3,,,,,,0
REACTOME_METALLOTHIONEINS_BIND_METALS,3,3,,,,,,0
REACTOME_METAL_SEQUESTRATION_BY_ANTIMICROBIAL_PROTEINS,3,3,,,,,,0
REACTOME_METHIONINE_SALVAGE_PATHWAY,2,2,,,,,,0
REACTOME_METHYLATION,0,0,,,,,,0
REACTOME_MET_ACTIVATES_PI3K_AKT_SIGNALING,1,1,,,,,,0
REACTOME_MET_ACTIVATES_PTK2_SIGNALING,3,3,,,,,,0
REACTOME_MET_ACTIVATES_PTPN11,0,0,,,,,,0
REACTOME_MET_ACTIVATES_RAP1_AND_RAC1,1,1,,,,,,0
REACTOME_MET_ACTIVATES_RAS_SIGNALING,1,1,,,,,,0
REACTOME_MET_INTERACTS_WITH_TNS_PROTEINS,1,1,,,,,,0
REACTOME_MET_RECEPTOR_ACTIVATION,1,1,,,,,,0
REACTOME_MET_RECEPTOR_RECYCLING,1,1,,,,,,0
REACTOME_MINERALOCORTICOID_BIOSYNTHESIS,0,0,,,,,,0
REACTOME_MIRO_GTPASE_CYCLE,3,3,,,,,,0
REACTOME_MISCELLANEOUS_SUBSTRATES,0,0,,,,,,0
REACTOME_MITOCHONDRIAL_FATTY_ACID_BETA_OXIDATION_OF_SATURATED_FATTY_ACIDS,3,3,,,,,,0
REACTOME_MITOCHONDRIAL_FATTY_ACID_BETA_OXIDATION_OF_UNSATURATED_FATTY_ACIDS,1,1,,,,,,0
REACTOME_MITOCHONDRIAL_UNCOUPLING,0,0,,,,,,0
REACTOME_MITOTIC_TELOPHASE_CYTOKINESIS,4,4,,,,,,0
REACTOME_MODULATION_BY_MTB_OF_HOST_IMMUNE_SYSTEM,3,3,,,,,,0
REACTOME_MOLYBDENUM_COFACTOR_BIOSYNTHESIS,4,4,,,,,,0
REACTOME_MRNA_EDITING_C_TO_U_CONVERSION,4,4,,,,,,0
REACTOME_MTORC1_MEDIATED_SIGNALLING,4,4,,,,,,0
REACTOME_MUCOPOLYSACCHARIDOSES,1,1,,,,,,0
REACTOME_MULTIFUNCTIONAL_ANION_EXCHANGERS,1,1,,,,,,0
REACTOME_MUSCARINIC_ACETYLCHOLINE_RECEPTORS,0,0,,,,,,0
REACTOME_MYOGENESIS,3,3,,,,,,0
REACTOME_NADE_MODULATES_DEATH_SIGNALLING,2,2,,,,,,0
REACTOME_NA_CL_DEPENDENT_NEUROTRANSMITTER_TRANSPORTERS,0,0,,,,,,0
REACTOME_NECTIN_NECL_TRANS_HETERODIMERIZATION,1,1,,,,,,0
REACTOME_NEF_AND_SIGNAL_TRANSDUCTION,4,4,,,,,,0
REACTOME_NEF_MEDIATED_CD4_DOWN_REGULATION,2,2,,,,,,0
REACTOME_NEF_MEDIATED_CD8_DOWN_REGULATION,2,2,,,,,,0
REACTOME_NEF_MEDIATED_DOWNREGULATION_OF_MHC_CLASS_I_COMPLEX_CELL_SURFACE_EXPRESSION,2,2,,,,,,0
REACTOME_NEGATIVE_FEEDBACK_REGULATION_OF_MAPK_PATHWAY,2,2,,,,,,0
REACTOME_NEGATIVE_REGULATION_OF_ACTIVITY_OF_TFAP2_AP_2_FAMILY_TRANSCRIPTION_FACTORS,1,1,,,,,,0
REACTOME_NEGATIVE_REGULATION_OF_FGFR3_SIGNALING,4,4,,,,,,0
REACTOME_NEGATIVE_REGULATION_OF_FGFR4_SIGNALING,4,4,,,,,,0
REACTOME_NEGATIVE_REGULATION_OF_MET_ACTIVITY,2,2,,,,,,0
REACTOME_NEGATIVE_REGULATION_OF_NMDA_RECEPTOR_MEDIATED_NEURONAL_TRANSMISSION,4,4,,,,,,0
REACTOME_NEGATIVE_REGULATION_OF_NOTCH4_SIGNALING,3,3,,,,,,0
REACTOME_NEGATIVE_REGULATION_OF_TCF_DEPENDENT_SIGNALING_BY_DVL_INTERACTING_PROTEINS,2,2,,,,,,0
REACTOME_NEGATIVE_REGULATION_OF_TCF_DEPENDENT_SIGNALING_BY_WNT_LIGAND_ANTAGONISTS,1,1,,,,,,0
REACTOME_NETRIN_MEDIATED_REPULSION_SIGNALS,0,0,,,,,,0
REACTOME_NEUROFASCIN_INTERACTIONS,0,0,,,,,,0
REACTOME_NEUROTOXICITY_OF_CLOSTRIDIUM_TOXINS,3,3,,,,,,0
REACTOME_NEUROTRANSMITTER_CLEARANCE,3,3,,,,,,0
REACTOME_NEUROTRANSMITTER_RELEASE_CYCLE,3,3,,,,,,0
REACTOME_NF_KB_ACTIVATION_THROUGH_FADD_RIP_1_PATHWAY_MEDIATED_BY_CASPASE_8_AND_10,3,3,,,,,,0
REACTOME_NF_KB_IS_ACTIVATED_AND_SIGNALS_SURVIVAL,4,4,,,,,,0
REACTOME_NGF_INDEPENDANT_TRKA_ACTIVATION,0,0,,,,,,0
REACTOME_NICOTINAMIDE_SALVAGING,1,1,,,,,,0
REACTOME_NICOTINATE_METABOLISM,4,4,,,,,,0
REACTOME_NITRIC_OXIDE_STIMULATES_GUANYLATE_CYCLASE,4,4,,,,,,0
REACTOME_NONCANONICAL_ACTIVATION_OF_NOTCH3,0,0,,,,,,0
REACTOME_NOREPINEPHRINE_NEUROTRANSMITTER_RELEASE_CYCLE,2,2,,,,,,0
REACTOME_NOSTRIN_MEDIATED_ENOS_TRAFFICKING,2,2,,,,,,0
REACTOME_NOTCH2_ACTIVATION_AND_TRANSMISSION_OF_SIGNAL_TO_THE_NUCLEUS,3,3,,,,,,0
REACTOME_NOTCH2_INTRACELLULAR_DOMAIN_REGULATES_TRANSCRIPTION,3,3,,,,,,0
REACTOME_NOTCH3_ACTIVATION_AND_TRANSMISSION_OF_SIGNAL_TO_THE_NUCLEUS,4,4,,,,,,0
REACTOME_NOTCH3_INTRACELLULAR_DOMAIN_REGULATES_TRANSCRIPTION,3,3,,,,,,0
REACTOME_NOTCH4_ACTIVATION_AND_TRANSMISSION_OF_SIGNAL_TO_THE_NUCLEUS,0,0,,,,,,0
REACTOME_NOTCH4_INTRACELLULAR_DOMAIN_REGULATES_TRANSCRIPTION,3,3,,,,,,0
REACTOME_NR1H2_NR1H3_REGULATE_GENE_EXPRESSION_LINKED_TO_GLUCONEOGENESIS,1,1,,,,,,0
REACTOME_NR1H2_NR1H3_REGULATE_GENE_EXPRESSION_LINKED_TO_LIPOGENESIS,1,1,,,,,,0
REACTOME_NR1H2_NR1H3_REGULATE_GENE_EXPRESSION_LINKED_TO_TRIGLYCERIDE_LIPOLYSIS_IN_ADIPOSE,1,1,,,,,,0
REACTOME_NR1H2_NR1H3_REGULATE_GENE_EXPRESSION_TO_CONTROL_BILE_ACID_HOMEOSTASIS,2,2,,,,,,0
REACTOME_NR1H2_NR1H3_REGULATE_GENE_EXPRESSION_TO_LIMIT_CHOLESTEROL_UPTAKE,2,2,,,,,,0
REACTOME_NRCAM_INTERACTIONS,1,1,,,,,,0
REACTOME_NRIF_SIGNALS_CELL_DEATH_FROM_THE_NUCLEUS,4,4,,,,,,0
REACTOME_NTRK2_ACTIVATES_RAC1,1,1,,,,,,0
REACTOME_NUCLEAR_EVENTS_STIMULATED_BY_ALK_SIGNALING_IN_CANCER,3,3,,,,,,0
REACTOME_NUCLEOTIDE_BIOSYNTHESIS,3,3,,,,,,0
REACTOME_NUCLEOTIDE_LIKE_PURINERGIC_RECEPTORS,3,3,,,,,,0
REACTOME_N_GLYCAN_ANTENNAE_ELONGATION,4,4,,,,,,0
REACTOME_N_GLYCAN_TRIMMING_AND_ELONGATION_IN_THE_CIS_GOLGI,2,2,,,,,,0
REACTOME_OAS_ANTIVIRAL_RESPONSE,2,2,,,,,,0
REACTOME_OLFACTORY_SIGNALING_PATHWAY,1,1,,,,,,0
REACTOME_OPSINS,0,0,,,,,,0
REACTOME_OREXIN_AND_NEUROPEPTIDES_FF_AND_QRFP_BIND_TO_THEIR_RESPECTIVE_RECEPTORS,1,1,,,,,,0
REACTOME_ORGANIC_ANION_TRANSPORT,0,0,,,,,,0
REACTOME_ORGANIC_ANION_TRANSPORTERS,0,0,,,,,,0
REACTOME_ORGANIC_CATION_ANION_ZWITTERION_TRANSPORT,0,0,,,,,,0
REACTOME_ORGANIC_CATION_TRANSPORT,0,0,,,,,,0
REACTOME_OTHER_SEMAPHORIN_INTERACTIONS,4,4,,,,,,0
REACTOME_P130CAS_LINKAGE_TO_MAPK_SIGNALING_FOR_INTEGRINS,2,2,,,,,,0
REACTOME_P2Y_RECEPTORS,2,2,,,,,,0
REACTOME_P38MAPK_EVENTS,2,2,,,,,,0
REACTOME_P75NTR_NEGATIVELY_REGULATES_CELL_CYCLE_VIA_SC1,0,0,,,,,,0
REACTOME_P75NTR_RECRUITS_SIGNALLING_COMPLEXES,4,4,,,,,,0
REACTOME_P75NTR_REGULATES_AXONOGENESIS,1,1,,,,,,0
REACTOME_PASSIVE_TRANSPORT_BY_AQUAPORINS,3,3,,,,,,0
REACTOME_PENTOSE_PHOSPHATE_PATHWAY,3,3,,,,,,0
REACTOME_PEPTIDE_HORMONE_BIOSYNTHESIS,0,0,,,,,,0
REACTOME_PHASE_0_RAPID_DEPOLARISATION,4,4,,,,,,0
REACTOME_PHASE_1_INACTIVATION_OF_FAST_NA_CHANNELS,1,1,,,,,,0
REACTOME_PHASE_2_PLATEAU_PHASE,1,1,,,,,,0
REACTOME_PHASE_3_RAPID_REPOLARISATION,0,0,,,,,,0
REACTOME_PHASE_4_RESTING_MEMBRANE_POTENTIAL,1,1,,,,,,0
REACTOME_PHENYLALANINE_AND_TYROSINE_METABOLISM,3,3,,,,,,0
REACTOME_PHENYLALANINE_METABOLISM,2,2,,,,,,0
REACTOME_PHOSPHATE_BOND_HYDROLYSIS_BY_NTPDASE_PROTEINS,1,1,,,,,,0
REACTOME_PHOSPHATE_BOND_HYDROLYSIS_BY_NUDT_PROTEINS,3,3,,,,,,0
REACTOME_PHOSPHOLIPASE_C_MEDIATED_CASCADE_FGFR2,3,3,,,,,,0
REACTOME_PHOSPHOLIPASE_C_MEDIATED_CASCADE_FGFR4,2,2,,,,,,0
REACTOME_PHOSPHORYLATION_OF_EMI1,0,0,,,,,,0
REACTOME_PHYSIOLOGICAL_FACTORS,1,1,,,,,,0
REACTOME_PI3K_AKT_ACTIVATION,3,3,,,,,,0
REACTOME_PI3K_EVENTS_IN_ERBB4_SIGNALING,2,2,,,,,,0
REACTOME_PI5P_REGULATES_TP53_ACETYLATION,2,2,,,,,,0
REACTOME_PINK1_PRKN_MEDIATED_MITOPHAGY,4,4,,,,,,0
REACTOME_PI_3K_CASCADE_FGFR1,3,3,,,,,,0
REACTOME_PI_3K_CASCADE_FGFR2,3,3,,,,,,0
REACTOME_PI_3K_CASCADE_FGFR3,2,2,,,,,,0
REACTOME_PI_3K_CASCADE_FGFR4,2,2,,,,,,0
REACTOME_PKA_ACTIVATION_IN_GLUCAGON_SIGNALLING,4,4,,,,,,0
REACTOME_PKA_MEDIATED_PHOSPHORYLATION_OF_CREB,4,4,,,,,,0
REACTOME_PKA_MEDIATED_PHOSPHORYLATION_OF_KEY_METABOLIC_FACTORS,1,1,,,,,,0
REACTOME_PLASMA_LIPOPROTEIN_ASSEMBLY,3,3,,,,,,0
REACTOME_PLATELET_SENSITIZATION_BY_LDL,1,1,,,,,,0
REACTOME_POLO_LIKE_KINASE_MEDIATED_EVENTS,4,4,,,,,,0
REACTOME_POU5F1_OCT4_SOX2_NANOG_ACTIVATE_GENES_RELATED_TO_PROLIFERATION,2,2,,,,,,0
REACTOME_POU5F1_OCT4_SOX2_NANOG_REPRESS_GENES_RELATED_TO_DIFFERENTIATION,4,4,,,,,,0
REACTOME_PP2A_MEDIATED_DEPHOSPHORYLATION_OF_KEY_METABOLIC_FACTORS,0,0,,,,,,0
REACTOME_PRC2_METHYLATES_HISTONES_AND_DNA,4,4,,,,,,0
REACTOME_PREGNENOLONE_BIOSYNTHESIS,1,1,,,,,,0
REACTOME_PRESYNAPTIC_DEPOLARIZATION_AND_CALCIUM_CHANNEL_OPENING,1,1,,,,,,0
REACTOME_PRESYNAPTIC_NICOTINIC_ACETYLCHOLINE_RECEPTORS,2,2,,,,,,0
REACTOME_PREVENTION_OF_PHAGOSOMAL_LYSOSOMAL_FUSION,2,2,,,,,,0
REACTOME_PRE_NOTCH_PROCESSING_IN_GOLGI,2,2,,,,,,0
REACTOME_PRE_NOTCH_PROCESSING_IN_THE_ENDOPLASMIC_RETICULUM,0,0,,,,,,0
REACTOME_PROCESSING_AND_ACTIVATION_OF_SUMO,2,2,,,,,,0
REACTOME_PROCESSING_OF_SMDT1,3,3,,,,,,0
REACTOME_PROLACTIN_RECEPTOR_SIGNALING,2,2,,,,,,0
REACTOME_PROLONGED_ERK_ACTIVATION_EVENTS,3,3,,,,,,0
REACTOME_PROPIONYL_COA_CATABOLISM,1,1,,,,,,0
REACTOME_PROSTANOID_LIGAND_RECEPTORS,3,3,,,,,,0
REACTOME_PROTEIN_METHYLATION,4,4,,,,,,0
REACTOME_PROTEIN_REPAIR,1,1,,,,,,0
REACTOME_PROTON_COUPLED_MONOCARBOXYLATE_TRANSPORT,3,3,,,,,,0
REACTOME_PTK6_EXPRESSION,4,4,,,,,,0
REACTOME_PTK6_PROMOTES_HIF1A_STABILIZATION,1,1,,,,,,0
REACTOME_PTK6_REGULATES_CELL_CYCLE,4,4,,,,,,0
REACTOME_PTK6_REGULATES_PROTEINS_INVOLVED_IN_RNA_PROCESSING,2,2,,,,,,0
REACTOME_PTK6_REGULATES_RHO_GTPASES_RAS_GTPASE_AND_MAP_KINASES,3,3,,,,,,0
REACTOME_PTK6_REGULATES_RTKS_AND_THEIR_EFFECTORS_AKT1_AND_DOK1,3,3,,,,,,0
REACTOME_PURINE_RIBONUCLEOSIDE_MONOPHOSPHATE_BIOSYNTHESIS,2,2,,,,,,0
REACTOME_PURINE_SALVAGE,3,3,,,,,,0
REACTOME_PYRIMIDINE_CATABOLISM,4,4,,,,,,0
REACTOME_PYRIMIDINE_SALVAGE,3,3,,,,,,0
REACTOME_PYROPTOSIS,4,4,,,,,,0
REACTOME_RAP1_SIGNALLING,3,3,,,,,,0
REACTOME_RAS_SIGNALING_DOWNSTREAM_OF_NF1_LOSS_OF_FUNCTION_VARIANTS,2,2,,,,,,0
REACTOME_RA_BIOSYNTHESIS_PATHWAY,3,3,,,,,,0
REACTOME_REACTIONS_SPECIFIC_TO_THE_COMPLEX_N_GLYCAN_SYNTHESIS_PATHWAY,3,3,,,,,,0
REACTOME_RECEPTOR_MEDIATED_MITOPHAGY,3,3,,,,,,0
REACTOME_RECEPTOR_TYPE_TYROSINE_PROTEIN_PHOSPHATASES,0,0,,,,,,0
REACTOME_RECOGNITION_AND_ASSOCIATION_OF_DNA_GLYCOSYLASE_WITH_SITE_CONTAINING_AN_AFFECTED_PURINE,4,4,,,,,,0
REACTOME_RECYCLING_OF_BILE_ACIDS_AND_SALTS,0,0,,,,,,0
REACTOME_RECYCLING_OF_EIF2_GDP,4,4,,,,,,0
REACTOME_REDUCTION_OF_CYTOSOLIC_CA_LEVELS,1,1,,,,,,0
REACTOME_REELIN_SIGNALLING_PATHWAY,1,1,,,,,,0
REACTOME_REGULATED_PROTEOLYSIS_OF_P75NTR,0,0,,,,,,0
REACTOME_REGULATION_OF_BACH1_ACTIVITY,3,3,,,,,,0
REACTOME_REGULATION_OF_BETA_CELL_DEVELOPMENT,2,2,,,,,,0
REACTOME_REGULATION_OF_COMMISSURAL_AXON_PATHFINDING_BY_SLIT_AND_ROBO,2,2,,,,,,0
REACTOME_REGULATION_OF_CYTOSKELETAL_REMODELING_AND_CELL_SPREADING_BY_IPP_COMPLEX_COMPONENTS,0,0,,,,,,0
REACTOME_REGULATION_OF_FOXO_TRANSCRIPTIONAL_ACTIVITY_BY_ACETYLATION,4,4,,,,,,0
REACTOME_REGULATION_OF_FZD_BY_UBIQUITINATION,3,3,,,,,,0
REACTOME_REGULATION_OF_GENE_EXPRESSION_BY_HYPOXIA_INDUCIBLE_FACTOR,2,2,,,,,,0
REACTOME_REGULATION_OF_GENE_EXPRESSION_IN_BETA_CELLS,1,1,,,,,,0
REACTOME_REGULATION_OF_GENE_EXPRESSION_IN_EARLY_PANCREATIC_PRECURSOR_CELLS,0,0,,,,,,0
REACTOME_REGULATION_OF_GENE_EXPRESSION_IN_ENDOCRINE_COMMITTED_NEUROG3_PROGENITOR_CELLS,0,0,,,,,,0
REACTOME_REGULATION_OF_GENE_EXPRESSION_IN_LATE_STAGE_BRANCHING_MORPHOGENESIS_PANCREATIC_BUD_PRECURSOR_CELLS,1,1,,,,,,0
REACTOME_REGULATION_OF_GLYCOLYSIS_BY_FRUCTOSE_2_6_BISPHOSPHATE_METABOLISM,1,1,,,,,,0
REACTOME_REGULATION_OF_IFNA_SIGNALING,3,3,,,,,,0
REACTOME_REGULATION_OF_IFNG_SIGNALING,3,3,,,,,,0
REACTOME_REGULATION_OF_INNATE_IMMUNE_RESPONSES_TO_CYTOSOLIC_DNA,4,4,,,,,,0
REACTOME_REGULATION_OF_KIT_SIGNALING,4,4,,,,,,0
REACTOME_REGULATION_OF_LOCALIZATION_OF_FOXO_TRANSCRIPTION_FACTORS,1,1,,,,,,0
REACTOME_REGULATION_OF_PTEN_LOCALIZATION,2,2,,,,,,0
REACTOME_REGULATION_OF_PTEN_MRNA_TRANSLATION,3,3,,,,,,0
REACTOME_REGULATION_OF_RUNX3_EXPRESSION_AND_ACTIVITY,3,3,,,,,,0
REACTOME_REGULATION_OF_SIGNALING_BY_NODAL,0,0,,,,,,0
REACTOME_REGULATION_OF_TLR_BY_ENDOGENOUS_LIGAND,4,4,,,,,,0
REACTOME_REGULATION_OF_TP53_ACTIVITY_THROUGH_ASSOCIATION_WITH_CO_FACTORS,0,0,,,,,,0
REACTOME_RELAXIN_RECEPTORS,1,1,,,,,,0
REACTOME_RELEASE_OF_APOPTOTIC_FACTORS_FROM_THE_MITOCHONDRIA,0,0,,,,,,0
REACTOME_RELEASE_OF_HH_NP_FROM_THE_SECRETING_CELL,0,0,,,,,,0
REACTOME_REMOVAL_OF_AMINOTERMINAL_PROPEPTIDES_FROM_GAMMA_CARBOXYLATED_PROTEINS,1,1,,,,,,0
REACTOME_RESPONSE_OF_EIF2AK1_HRI_TO_HEME_DEFICIENCY,3,3,,,,,,0
REACTOME_RESPONSE_TO_METAL_IONS,4,4,,,,,,0
REACTOME_RETINOID_CYCLE_DISEASE_EVENTS,1,1,,,,,,0
REACTOME_RETROGRADE_NEUROTROPHIN_SIGNALLING,1,1,,,,,,0
REACTOME_RHOBTB1_GTPASE_CYCLE,4,4,,,,,,0
REACTOME_RHOBTB3_ATPASE_CYCLE,2,2,,,,,,0
REACTOME_RHOT1_GTPASE_CYCLE,2,2,,,,,,0
REACTOME_RHO_GTPASES_ACTIVATE_CIT,2,2,,,,,,0
REACTOME_RHO_GTPASES_ACTIVATE_KTN1,2,2,,,,,,0
REACTOME_RHO_GTPASES_ACTIVATE_NADPH_OXIDASES,4,4,,,,,,0
REACTOME_RHO_GTPASES_ACTIVATE_PAKS,3,3,,,,,,0
REACTOME_RHO_GTPASES_ACTIVATE_PKNS,2,2,,,,,,0
REACTOME_RHO_GTPASES_ACTIVATE_RHOTEKIN_AND_RHOPHILINS,1,1,,,,,,0
REACTOME_RHO_GTPASES_ACTIVATE_ROCKS,1,1,,,,,,0
REACTOME_RIP_MEDIATED_NFKB_ACTIVATION_VIA_ZBP1,4,4,,,,,,0
REACTOME_ROBO_RECEPTORS_BIND_AKAP5,3,3,,,,,,0
REACTOME_ROLE_OF_ABL_IN_ROBO_SLIT_SIGNALING,2,2,,,,,,0
REACTOME_ROLE_OF_SECOND_MESSENGERS_IN_NETRIN_1_SIGNALING,2,2,,,,,,0
REACTOME_RORA_ACTIVATES_GENE_EXPRESSION,4,4,,,,,,0
REACTOME_RRNA_MODIFICATION_IN_THE_MITOCHONDRION,1,1,,,,,,0
REACTOME_RRNA_PROCESSING_IN_THE_MITOCHONDRION,1,1,,,,,,0
REACTOME_RSK_ACTIVATION,1,1,,,,,,0
REACTOME_RUNX1_REGULATES_ESTROGEN_RECEPTOR_MEDIATED_TRANSCRIPTION,1,1,,,,,,0
REACTOME_RUNX1_REGULATES_EXPRESSION_OF_COMPONENTS_OF_TIGHT_JUNCTIONS,1,1,,,,,,0
REACTOME_RUNX1_REGULATES_TRANSCRIPTION_OF_GENES_INVOLVED_IN_BCR_SIGNALING,2,2,,,,,,0
REACTOME_RUNX1_REGULATES_TRANSCRIPTION_OF_GENES_INVOLVED_IN_DIFFERENTIATION_OF_KERATINOCYTES,3,3,,,,,,0
REACTOME_RUNX1_REGULATES_TRANSCRIPTION_OF_GENES_INVOLVED_IN_DIFFERENTIATION_OF_MYELOID_CELLS,2,2,,,,,,0
REACTOME_RUNX1_REGULATES_TRANSCRIPTION_OF_GENES_INVOLVED_IN_INTERLEUKIN_SIGNALING,0,0,,,,,,0
REACTOME_RUNX1_REGULATES_TRANSCRIPTION_OF_GENES_INVOLVED_IN_WNT_SIGNALING,1,1,,,,,,0
REACTOME_RUNX2_REGULATES_CHONDROCYTE_MATURATION,1,1,,,,,,0
REACTOME_RUNX2_REGULATES_GENES_INVOLVED_IN_CELL_MIGRATION,0,0,,,,,,0
REACTOME_RUNX3_REGULATES_BCL2L11_BIM_TRANSCRIPTION,3,3,,,,,,0
REACTOME_RUNX3_REGULATES_CDKN1A_TRANSCRIPTION,1,1,,,,,,0
REACTOME_RUNX3_REGULATES_IMMUNE_RESPONSE_AND_CELL_MIGRATION,2,2,,,,,,0
REACTOME_RUNX3_REGULATES_NOTCH_SIGNALING,1,1,,,,,,0
REACTOME_RUNX3_REGULATES_P14_ARF,3,3,,,,,,0
REACTOME_RUNX3_REGULATES_WNT_SIGNALING,4,4,,,,,,0
REACTOME_RUNX3_REGULATES_YAP1_MEDIATED_TRANSCRIPTION,0,0,,,,,,0
REACTOME_SCAVENGING_BY_CLASS_B_RECEPTORS,1,1,,,,,,0
REACTOME_SCAVENGING_BY_CLASS_F_RECEPTORS,2,2,,,,,,0
REACTOME_SCAVENGING_OF_HEME_FROM_PLASMA,4,4,,,,,,0
REACTOME_SEALING_OF_THE_NUCLEAR_ENVELOPE_NE_BY_ESCRT_III,4,4,,,,,,0
REACTOME_SEMA3A_PAK_DEPENDENT_AXON_REPULSION,3,3,,,,,,0
REACTOME_SEMA3A_PLEXIN_REPULSION_SIGNALING_BY_INHIBITING_INTEGRIN_ADHESION,2,2,,,,,,0
REACTOME_SEMA4D_INDUCED_CELL_MIGRATION_AND_GROWTH_CONE_COLLAPSE,4,4,,,,,,0
REACTOME_SEMA4D_IN_SEMAPHORIN_SIGNALING,4,4,,,,,,0
REACTOME_SEMA4D_MEDIATED_INHIBITION_OF_CELL_ATTACHMENT_AND_MIGRATION,1,1,,,,,,0
REACTOME_SENSING_OF_DNA_DOUBLE_STRAND_BREAKS,0,0,,,,,,0
REACTOME_SENSORY_PERCEPTION_OF_SALTY_TASTE,0,0,,,,,,0
REACTOME_SENSORY_PERCEPTION_OF_TASTE,4,4,,,,,,0
REACTOME_SERINE_BIOSYNTHESIS,2,2,,,,,,0
REACTOME_SEROTONIN_AND_MELATONIN_BIOSYNTHESIS,0,0,,,,,,0
REACTOME_SEROTONIN_NEUROTRANSMITTER_RELEASE_CYCLE,2,2,,,,,,0
REACTOME_SEROTONIN_RECEPTORS,0,0,,,,,,0
REACTOME_SHC1_EVENTS_IN_EGFR_SIGNALING,3,3,,,,,,0
REACTOME_SHC1_EVENTS_IN_ERBB4_SIGNALING,2,2,,,,,,0
REACTOME_SHC_MEDIATED_CASCADE_FGFR1,3,3,,,,,,0
REACTOME_SHC_MEDIATED_CASCADE_FGFR3,2,2,,,,,,0
REACTOME_SHC_MEDIATED_CASCADE_FGFR4,2,2,,,,,,0
REACTOME_SHC_RELATED_EVENTS_TRIGGERED_BY_IGF1R,1,1,,,,,,0
REACTOME_SIGNALING_BY_ACTIVIN,2,2,,,,,,0
REACTOME_SIGNALING_BY_ALK,4,4,,,,,,0
REACTOME_SIGNALING_BY_BMP,4,4,,,,,,0
REACTOME_SIGNALING_BY_CTNNB1_PHOSPHO_SITE_MUTANTS,1,1,,,,,,0
REACTOME_SIGNALING_BY_FGFR2_IIIA_TM,4,4,,,,,,0
REACTOME_SIGNALING_BY_FGFR3_FUSIONS_IN_CANCER,2,2,,,,,,0
REACTOME_SIGNALING_BY_FGFR4_IN_DISEASE,3,3,,,,,,0
REACTOME_SIGNALING_BY_FLT3_ITD_AND_TKD_MUTANTS,4,4,,,,,,0
REACTOME_SIGNALING_BY_HIPPO,2,2,,,,,,0
REACTOME_SIGNALING_BY_LEPTIN,4,4,,,,,,0
REACTOME_SIGNALING_BY_LRP5_MUTANTS,1,1,,,,,,0
REACTOME_SIGNALING_BY_MAPK_MUTANTS,1,1,,,,,,0
REACTOME_SIGNALING_BY_MEMBRANE_TETHERED_FUSIONS_OF_PDGFRA_OR_PDGFRB,0,0,,,,,,0
REACTOME_SIGNALING_BY_MRAS_COMPLEX_MUTANTS,1,1,,,,,,0
REACTOME_SIGNALING_BY_MST1,1,1,,,,,,0
REACTOME_SIGNALING_BY_NODAL,2,2,,,,,,0
REACTOME_SIGNALING_BY_NOTCH1_HD_DOMAIN_MUTANTS_IN_CANCER,3,3,,,,,,0
REACTOME_SIGNALING_BY_NOTCH1_T_7_9_NOTCH1_M1580_K2555_TRANSLOCATION_MUTANT,0,0,,,,,,0
REACTOME_SIGNALING_BY_NTRK2_TRKB,4,4,,,,,,0
REACTOME_SIGNALING_BY_NTRK3_TRKC,3,3,,,,,,0
REACTOME_SIGNALING_BY_PDGFRA_TRANSMEMBRANE_JUXTAMEMBRANE_AND_KINASE_DOMAIN_MUTANTS,4,4,,,,,,0
REACTOME_SIGNALING_BY_PDGFR_IN_DISEASE,4,4,,,,,,0
REACTOME_SIGNALING_BY_RNF43_MUTANTS,0,0,,,,,,0
REACTOME_SIGNALING_BY_TGF_BETA_RECEPTOR_COMPLEX_IN_CANCER,2,2,,,,,,0
REACTOME_SIGNALLING_TO_P38_VIA_RIT_AND_RIN,1,1,,,,,,0
REACTOME_SIGNALLING_TO_RAS,2,2,,,,,,0
REACTOME_SIGNAL_ATTENUATION,1,1,,,,,,0
REACTOME_SIGNAL_REGULATORY_PROTEIN_FAMILY_INTERACTIONS,2,2,,,,,,0
REACTOME_SIGNAL_TRANSDUCTION_BY_L1,4,4,,,,,,0
REACTOME_SIRT1_NEGATIVELY_REGULATES_RRNA_EXPRESSION,3,3,,,,,,0
REACTOME_SLBP_DEPENDENT_PROCESSING_OF_REPLICATION_DEPENDENT_HISTONE_PRE_MRNAS,0,0,,,,,,0
REACTOME_SMAC_XIAP_REGULATED_APOPTOTIC_RESPONSE,1,1,,,,,,0
REACTOME_SMALL_INTERFERING_RNA_SIRNA_BIOGENESIS,2,2,,,,,,0
REACTOME_SODIUM_CALCIUM_EXCHANGERS,0,0,,,,,,0
REACTOME_SODIUM_COUPLED_PHOSPHATE_COTRANSPORTERS,0,0,,,,,,0
REACTOME_SODIUM_COUPLED_SULPHATE_DI_AND_TRI_CARBOXYLATE_TRANSPORTERS,0,0,,,,,,0
REACTOME_SODIUM_PROTON_EXCHANGERS,0,0,,,,,,0
REACTOME_SOS_MEDIATED_SIGNALLING,2,2,,,,,,0
REACTOME_SPERM_MOTILITY_AND_TAXES,2,2,,,,,,0
REACTOME_SPRY_REGULATION_OF_FGF_SIGNALING,3,3,,,,,,0
REACTOME_STAT3_NUCLEAR_EVENTS_DOWNSTREAM_OF_ALK_SIGNALING,0,0,,,,,,0
REACTOME_STAT5_ACTIVATION,2,2,,,,,,0
REACTOME_STAT5_ACTIVATION_DOWNSTREAM_OF_FLT3_ITD_MUTANTS,2,2,,,,,,0
REACTOME_STING_MEDIATED_INDUCTION_OF_HOST_IMMUNE_RESPONSES,1,1,,,,,,0
REACTOME_SULFIDE_OXIDATION_TO_SULFATE,1,1,,,,,,0
REACTOME_SUMOYLATION_OF_IMMUNE_RESPONSE_PROTEINS,2,2,,,,,,0
REACTOME_SUMOYLATION_OF_TRANSCRIPTION_FACTORS,3,3,,,,,,0
REACTOME_SUMO_IS_CONJUGATED_TO_E1_UBA2_SAE1,1,1,,,,,,0
REACTOME_SUMO_IS_PROTEOLYTICALLY_PROCESSED,1,1,,,,,,0
REACTOME_SUMO_IS_TRANSFERRED_FROM_E1_TO_E2_UBE2I_UBC9,1,1,,,,,,0
REACTOME_SUPPRESSION_OF_APOPTOSIS,0,0,,,,,,0
REACTOME_SUPPRESSION_OF_PHAGOSOMAL_MATURATION,4,4,,,,,,0
REACTOME_SURFACTANT_METABOLISM,3,3,,,,,,0
REACTOME_SYNDECAN_INTERACTIONS,4,4,,,,,,0
REACTOME_SYNTHESIS_OF_12_EICOSATETRAENOIC_ACID_DERIVATIVES,2,2,,,,,,0
REACTOME_SYNTHESIS_OF_15_EICOSATETRAENOIC_ACID_DERIVATIVES,1,1,,,,,,0
REACTOME_SYNTHESIS_OF_16_20_HYDROXYEICOSATETRAENOIC_ACIDS_HETE,1,1,,,,,,0
REACTOME_SYNTHESIS_OF_5_EICOSATETRAENOIC_ACIDS,2,2,,,,,,0
REACTOME_SYNTHESIS_OF_BILE_ACIDS_AND_BILE_SALTS_VIA_24_HYDROXYCHOLESTEROL,2,2,,,,,,0
REACTOME_SYNTHESIS_OF_BILE_ACIDS_AND_BILE_SALTS_VIA_27_HYDROXYCHOLESTEROL,1,1,,,,,,0
REACTOME_SYNTHESIS_OF_BILE_ACIDS_AND_BILE_SALTS_VIA_7ALPHA_HYDROXYCHOLESTEROL,2,2,,,,,,0
REACTOME_SYNTHESIS_OF_DIPHTHAMIDE_EEF2,3,3,,,,,,0
REACTOME_SYNTHESIS_OF_DOLICHYL_PHOSPHATE,2,2,,,,,,0
REACTOME_SYNTHESIS_OF_EPOXY_EET_AND_DIHYDROXYEICOSATRIENOIC_ACIDS_DHET,2,2,,,,,,0
REACTOME_SYNTHESIS_OF_GDP_MANNOSE,1,1,,,,,,0
REACTOME_SYNTHESIS_OF_KETONE_BODIES,2,2,,,,,,0
REACTOME_SYNTHESIS_OF_LEUKOTRIENES_LT_AND_EOXINS_EX,1,1,,,,,,0
REACTOME_SYNTHESIS_OF_LIPOXINS_LX,3,3,,,,,,0
REACTOME_SYNTHESIS_OF_PE,3,3,,,,,,0
REACTOME_SYNTHESIS_OF_PG,1,1,,,,,,0
REACTOME_SYNTHESIS_OF_PI,2,2,,,,,,0
REACTOME_SYNTHESIS_OF_PIPS_AT_THE_EARLY_ENDOSOME_MEMBRANE,4,4,,,,,,0
REACTOME_SYNTHESIS_OF_PIPS_AT_THE_ER_MEMBRANE,2,2,,,,,,0
REACTOME_SYNTHESIS_OF_PIPS_AT_THE_GOLGI_MEMBRANE,4,4,,,,,,0
REACTOME_SYNTHESIS_OF_PIPS_AT_THE_LATE_ENDOSOME_MEMBRANE,2,2,,,,,,0
REACTOME_SYNTHESIS_OF_PROSTAGLANDINS_PG_AND_THROMBOXANES_TX,4,4,,,,,,0
REACTOME_SYNTHESIS_OF_PYROPHOSPHATES_IN_THE_CYTOSOL,2,2,,,,,,0
REACTOME_SYNTHESIS_OF_UDP_N_ACETYL_GLUCOSAMINE,1,1,,,,,,0
REACTOME_SYNTHESIS_OF_WYBUTOSINE_AT_G37_OF_TRNA_PHE,2,2,,,,,,0
REACTOME_SYNTHESIS_SECRETION_AND_DEACYLATION_OF_GHRELIN,4,4,,,,,,0
REACTOME_SYNTHESIS_SECRETION_AND_INACTIVATION_OF_GLUCAGON_LIKE_PEPTIDE_1_GLP_1,2,2,,,,,,0
REACTOME_SYNTHESIS_SECRETION_AND_INACTIVATION_OF_GLUCOSE_DEPENDENT_INSULINOTROPIC_POLYPEPTIDE_GIP,2,2,,,,,,0
REACTOME_TACHYKININ_RECEPTORS_BIND_TACHYKININS,0,0,,,,,,0
REACTOME_TANDEM_PORE_DOMAIN_POTASSIUM_CHANNELS,0,0,,,,,,0
REACTOME_TERMINAL_PATHWAY_OF_COMPLEMENT,1,1,,,,,,0
REACTOME_TETRAHYDROBIOPTERIN_BH4_SYNTHESIS_RECYCLING_SALVAGE_AND_REGULATION,2,2,,,,,,0
REACTOME_TFAP2A_ACTS_AS_A_TRANSCRIPTIONAL_REPRESSOR_DURING_RETINOIC_ACID_INDUCED_CELL_DIFFERENTIATION,2,2,,,,,,0
REACTOME_TFAP2_AP_2_FAMILY_REGULATES_TRANSCRIPTION_OF_CELL_CYCLE_FACTORS,2,2,,,,,,0
REACTOME_TFAP2_AP_2_FAMILY_REGULATES_TRANSCRIPTION_OF_GROWTH_FACTORS_AND_THEIR_RECEPTORS,2,2,,,,,,0
REACTOME_THE_ACTIVATION_OF_ARYLSULFATASES,3,3,,,,,,0
REACTOME_THE_CANONICAL_RETINOID_CYCLE_IN_RODS_TWILIGHT_VISION,4,4,,,,,,0
REACTOME_THE_FATTY_ACID_CYCLING_MODEL,0,0,,,,,,0
REACTOME_THE_RETINOID_CYCLE_IN_CONES_DAYLIGHT_VISION,0,0,,,,,,0
REACTOME_THYROXINE_BIOSYNTHESIS,0,0,,,,,,0
REACTOME_TICAM1_DEPENDENT_ACTIVATION_OF_IRF3_IRF7,4,4,,,,,,0
REACTOME_TICAM1_TRAF6_DEPENDENT_INDUCTION_OF_TAK1_COMPLEX,4,4,,,,,,0
REACTOME_TLR3_MEDIATED_TICAM1_DEPENDENT_PROGRAMMED_CELL_DEATH,2,2,,,,,,0
REACTOME_TNFR1_INDUCED_PROAPOPTOTIC_SIGNALING,3,3,,,,,,0
REACTOME_TNFR1_MEDIATED_CERAMIDE_PRODUCTION,2,2,,,,,,0
REACTOME_TOXICITY_OF_BOTULINUM_TOXIN_TYPE_D_BOTD,1,1,,,,,,0
REACTOME_TP53_REGULATES_TRANSCRIPTION_OF_CASPASE_ACTIVATORS_AND_CASPASES,1,1,,,,,,0
REACTOME_TP53_REGULATES_TRANSCRIPTION_OF_GENES_INVOLVED_IN_CYTOCHROME_C_RELEASE,4,4,,,,,,0
REACTOME_TP53_REGULATES_TRANSCRIPTION_OF_GENES_INVOLVED_IN_G1_CELL_CYCLE_ARREST,3,3,,,,,,0
REACTOME_TP53_REGULATES_TRANSCRIPTION_OF_SEVERAL_ADDITIONAL_CELL_DEATH_GENES_WHOSE_SPECIFIC_ROLES_IN_P53_DEPENDENT_APOPTOSIS_REMAIN_UNCERTAIN,1,1,,,,,,0
REACTOME_TRAF3_DEPENDENT_IRF_ACTIVATION_PATHWAY,4,4,,,,,,0
REACTOME_TRAF6_MEDIATED_INDUCTION_OF_TAK1_COMPLEX_WITHIN_TLR4_COMPLEX,4,4,,,,,,0
REACTOME_TRAF6_MEDIATED_IRF7_ACTIVATION,3,3,,,,,,0
REACTOME_TRAF6_MEDIATED_IRF7_ACTIVATION_IN_TLR7_8_OR_9_SIGNALING,4,4,,,,,,0
REACTOME_TRAFFICKING_AND_PROCESSING_OF_ENDOSOMAL_TLR,3,3,,,,,,0
REACTOME_TRAFFICKING_OF_GLUR2_CONTAINING_AMPA_RECEPTORS,1,1,,,,,,0
REACTOME_TRAFFICKING_OF_MYRISTOYLATED_PROTEINS_TO_THE_CILIUM,0,0,,,,,,0
REACTOME_TRAIL_SIGNALING,4,4,,,,,,0
REACTOME_TRANSCRIPTIONAL_REGULATION_OF_TESTIS_DIFFERENTIATION,2,2,,,,,,0
REACTOME_TRANSLATION_OF_REPLICASE_AND_ASSEMBLY_OF_THE_REPLICATION_TRANSCRIPTION_COMPLEX,2,2,,,,,,0
REACTOME_TRANSPORT_AND_SYNTHESIS_OF_PAPS,2,2,,,,,,0
REACTOME_TRANSPORT_OF_CONNEXONS_TO_THE_PLASMA_MEMBRANE,3,3,,,,,,0
REACTOME_TRANSPORT_OF_FATTY_ACIDS,2,2,,,,,,0
REACTOME_TRANSPORT_OF_NUCLEOSIDES_AND_FREE_PURINE_AND_PYRIMIDINE_BASES_ACROSS_THE_PLASMA_MEMBRANE,1,1,,,,,,0
REACTOME_TRANSPORT_OF_NUCLEOTIDE_SUGARS,3,3,,,,,,0
REACTOME_TRANSPORT_OF_ORGANIC_ANIONS,3,3,,,,,,0
REACTOME_TRIF_MEDIATED_PROGRAMMED_CELL_DEATH,2,2,,,,,,0
REACTOME_TRIGLYCERIDE_BIOSYNTHESIS,3,3,,,,,,0
REACTOME_TRISTETRAPROLIN_TTP_ZFP36_BINDS_AND_DESTABILIZES_MRNA,4,4,,,,,,0
REACTOME_TRNA_MODIFICATION_IN_THE_MITOCHONDRION,3,3,,,,,,0
REACTOME_TRNA_PROCESSING_IN_THE_MITOCHONDRION,1,1,,,,,,0
REACTOME_TRP_CHANNELS,3,3,,,,,,0
REACTOME_TYPE_I_HEMIDESMOSOME_ASSEMBLY,0,0,,,,,,0
REACTOME_TYROSINE_CATABOLISM,1,1,,,,,,0
REACTOME_TYSND1_CLEAVES_PEROXISOMAL_PROTEINS,2,2,,,,,,0
REACTOME_UNBLOCKING_OF_NMDA_RECEPTORS_GLUTAMATE_BINDING_AND_ACTIVATION,4,4,,,,,,0
REACTOME_UNWINDING_OF_DNA,4,4,,,,,,0
REACTOME_UPTAKE_AND_FUNCTION_OF_ANTHRAX_TOXINS,1,1,,,,,,0
REACTOME_UPTAKE_AND_FUNCTION_OF_DIPHTHERIA_TOXIN,2,2,,,,,,0
REACTOME_UREA_CYCLE,1,1,,,,,,0
REACTOME_VASOPRESSIN_LIKE_RECEPTORS,3,3,,,,,,0
REACTOME_VEGF_LIGAND_RECEPTOR_INTERACTIONS,0,0,,,,,,0
REACTOME_VITAMINS,1,1,,,,,,0
REACTOME_VITAMIN_B1_THIAMIN_METABOLISM,1,1,,,,,,0
REACTOME_VITAMIN_B2_RIBOFLAVIN_METABOLISM,1,1,,,,,,0
REACTOME_VITAMIN_C_ASCORBATE_METABOLISM,3,3,,,,,,0
REACTOME_VITAMIN_D_CALCIFEROL_METABOLISM,1,1,,,,,,0
REACTOME_VLDLR_INTERNALISATION_AND_DEGRADATION,1,1,,,,,,0
REACTOME_VLDL_ASSEMBLY,0,0,,,,,,0
REACTOME_VLDL_CLEARANCE,1,1,,,,,,0
REACTOME_VOLTAGE_GATED_POTASSIUM_CHANNELS,2,2,,,,,,0
REACTOME_VXPX_CARGO_TARGETING_TO_CILIUM,1,1,,,,,,0
REACTOME_WAX_AND_PLASMALOGEN_BIOSYNTHESIS,2,2,,,,,,0
REACTOME_WNT5A_DEPENDENT_INTERNALIZATION_OF_FZD2_FZD5_AND_ROR2,0,0,,,,,,0
REACTOME_WNT5A_DEPENDENT_INTERNALIZATION_OF_FZD4,1,1,,,,,,0
REACTOME_WNT_LIGAND_BIOGENESIS_AND_TRAFFICKING,2,2,,,,,,0
REACTOME_WNT_MEDIATED_ACTIVATION_OF_DVL,2,2,,,,,,0
REACTOME_XENOBIOTICS,0,0,,,,,,0
REACTOME_YAP1_AND_WWTR1_TAZ_STIMULATED_GENE_EXPRESSION,0,0,,,,,,0
REACTOME_ZINC_EFFLUX_AND_COMPARTMENTALIZATION_BY_THE_SLC30_FAMILY,1,1,,,,,,0
REACTOME_ZINC_INFLUX_INTO_CELLS_BY_THE_SLC39_GENE_FAMILY,4,4,,,,,,0
