gene,proba_de,bf,lfc_mean,lfc_std,proba_up,detection_rate
IFI6,1.0,11.51291546492478,4.29420138671875,1.2157045270861528,0.99184,1.0
LY6E,1.0,11.51291546492478,3.84450662109375,1.2743283205247053,0.99184,1.0
ISG15,0.99978,8.421662987408371,5.42355408203125,1.469404463943529,0.99212,1.0
ISG20,0.99972,8.180440915587894,3.596731806640625,1.4627530358581262,0.9917,1.0
IFIT2,0.99968,8.046869510959617,5.78231466796875,1.3320815076764037,0.99264,1.0
IFIT3,0.99966,7.986224882540942,5.86337681640625,1.2837726858091782,0.99264,1.0
RSAD2,0.99954,7.683823962648642,5.69368365234375,1.530181943277837,0.9926,1.0
IFIT1,0.99944,7.487013617376507,6.34682818359375,1.2589791779215649,0.9927,1.0
TNFSF10,0.99822,6.32936032859571,4.6357600390625,1.7395232242575103,0.99024,1.0
MNDA,0.992,4.820281565605036,2.47096880859375,3.5733956548823116,0.73122,1.0
CXCL11,0.98762,4.379215741123339,6.7534224609375,3.806947850851766,0.97512,1.0
CXCL10,0.98736,4.358168325854047,6.123270078125,3.325760550286064,0.97032,1.0
OASL,0.98668,4.30507910695996,3.05196302734375,1.5772798231969725,0.97662,1.0
CD38,0.9841,4.125408408678752,4.03780494140625,2.3015071330066017,0.95686,1.0
CH25H,0.98354,4.090225112825842,5.1800124609375,3.2153453544342985,0.93632,1.0
IFITM3,0.98168,3.981272030422308,3.8880321875,2.196302060330947,0.96604,1.0
APOBEC3A,0.97936,3.859668356489398,3.889871103515625,4.076915010293829,0.77916,1.0
IFI27,0.9791,3.846884623389259,3.525214814453125,1.9350192193225677,0.97178,1.0
DEFB1,0.9749,3.6594670554974873,4.941471953125,4.758089617848638,0.80716,1.0
CLEC5A,0.97366,3.609973470410839,-4.705545859375,4.171568354985783,0.14924,1.0
GBP5,0.97282,3.5777176614880943,2.40581177734375,1.6090122420662638,0.94924,1.0
CD14,0.97044,3.491327480815729,-2.658500302734375,4.118876103879702,0.25318,1.0
APOBEC3B,0.96906,3.4442766843335577,4.72249345703125,3.636615839904874,0.90592,1.0
LAG3,0.96906,3.4442766843335577,4.11080638671875,3.35943306800602,0.88882,1.0
GBP4,0.9689,3.4389535882057696,2.42760466796875,1.700664406551917,0.95324,1.0
PRR5,0.9688,3.4356400974234456,3.6301959765625,2.9126999904297457,0.88614,1.0
CCL2,0.96878,3.4349786328427148,2.0575061669921877,3.9971024287493706,0.73954,1.0
IL4I1,0.96846,3.4244505994783503,1.671885380859375,3.2728733338163583,0.71824,1.0
CCL7,0.96838,3.4218347404464264,2.5166221484375,3.911342749314974,0.76364,1.0
VCAN,0.9683,3.4192252757342523,-4.067184208984375,4.071285859244981,0.17566,1.0
BDH1,0.9675,3.393475335568246,-1.9065489794921875,4.612053879650291,0.30136,1.0
IDO1,0.96698,3.377064374224157,3.88811109375,3.652049629681691,0.83616,1.0
TNFSF13B,0.96648,3.3615183295974265,3.035699833984375,2.23734082760869,0.9211,1.0
KRT2,0.96638,3.358436003621691,-1.87771076171875,5.705367424765524,0.34958,1.0
CLEC2D,0.9662,3.3529100496313315,1.2060435498046875,3.7271509743585662,0.72406,1.0
E2F5,0.96576,3.3395208048658866,3.233399697265625,4.107279141304808,0.78386,1.0
CATSPER1,0.96532,3.32629650067507,-2.314407021484375,4.860604247882029,0.3045,1.0
KLF5,0.96524,3.323909474683129,2.009686513671875,5.004136332002295,0.67734,1.0
CCL3L1,0.965,3.3167800398495713,0.37777830627441406,6.042259546420398,0.52596,1.0
CPNE7,0.96496,3.315596383634487,-2.0590772607421877,4.75311975409777,0.34502,1.0
XCL2,0.96488,3.3132329725080703,-0.3607703044128418,5.061407353377997,0.47222,1.0
NELL2,0.96484,3.3120532116663473,-1.66964482421875,4.996349619505678,0.36598,1.0
S100A8,0.96434,3.2974143170879864,-2.360484775390625,4.634384489217427,0.283,1.0
XCL1,0.96424,3.2945102759747744,-0.6263007989501953,5.1525680153671285,0.45332,1.0
PGAP1,0.96392,3.285269608420598,1.97395169921875,3.0726798032867677,0.75474,1.0
CA6,0.9639,3.2846946894510864,0.5474154608154297,5.317179114449242,0.54176,1.0
ARHGEF35,0.9638,3.281824685374507,-3.54489314453125,2.907268990733459,0.10258,1.0
SIGLEC7,0.9638,3.281824685374507,-2.74183666015625,2.7724108717005174,0.14246,1.0
UBAC1,0.96354,3.2743982330509365,-1.86241828125,1.3499862561372784,0.0304,1.0
ZNF704,0.96352,3.2738290800872396,-3.68715796875,3.901567776353933,0.18364,1.0
NEIL1,0.96334,3.2687201704180873,-1.4344642919921875,4.885980255217406,0.38776,1.0
S100B,0.9629,3.2563325946328483,-0.7651804455566407,5.15385225111884,0.4405,1.0
CXCL1,0.96286,3.2552134662811287,-2.4466995703125,4.749360133889893,0.31372,1.0
SPRY1,0.96262,3.248522931687876,-1.9339479443359375,4.729341759018775,0.34952,1.0
CXCL9,0.96246,3.2440854756984416,3.52041494140625,3.595747809871909,0.82798,1.0
CXCR3,0.96226,3.2385641444791426,-1.266080625,4.823179636310948,0.402,1.0
G0S2,0.96202,3.2319755350862467,-2.0832932568359377,4.751838672400601,0.33648,1.0
FGFBP3,0.96198,3.2308813233685165,-0.8161727209472657,5.294046123260217,0.43606,1.0
KRT86,0.96196,3.230334632082464,-1.495618447265625,4.797702802274101,0.37294,1.0
NCAPH,0.9618,3.2259710132310326,-1.6736615771484376,4.699305198330069,0.36498,1.0
NOG,0.96178,3.2254267954712907,-0.9025471960449218,5.026444137587371,0.4338,1.0
MYB,0.96174,3.2243391798537386,-0.8473377514648438,5.179270767981484,0.4311,1.0
IGFBP4,0.96158,3.219999607555352,2.250872177734375,2.328320131514095,0.87426,1.0
KLRC2,0.96136,3.2140609392587267,-0.122417431640625,5.8585248373038,0.48708,1.0
ITGA1,0.96126,3.211372265907828,-1.1272300854492188,4.722850022439644,0.40786,1.0
CHN1,0.9611,3.2070842112048368,-0.796891484375,5.690509298077423,0.43518,1.0
MMP7,0.96106,3.206014842040838,-2.7094912109375,4.064672298411945,0.246,1.0
SDS,0.96102,3.2049465263288446,2.02180748046875,3.9541499239780484,0.69694,1.0
MMP9,0.96084,3.200152084210234,-3.39494845703125,3.367577319877175,0.17104,1.0
YES1,0.96076,3.19802800322862,-0.06294784193992614,4.807117459800635,0.49802,1.0
PTGDR,0.96064,3.194849656820991,-1.17412556640625,5.03646687742868,0.4019,1.0
FBLN5,0.9606,3.193792272926836,-0.19304438983917235,5.223982769202691,0.48368,1.0
CCNE1,0.9605,3.191153310301536,0.02445687551498413,4.772639295569595,0.50152,1.0
P2RX5,0.96018,3.1827514682499047,-0.6489981579589844,4.937810732345444,0.45694,1.0
SOCS1,0.96012,3.1811833315563947,2.15179787109375,2.5316583050480777,0.81554,1.0
KCNJ15,0.95996,3.1770126624801165,-2.68326326171875,4.157945902448161,0.2754,1.0
EPHX2,0.95992,3.175972490879524,0.14920471382141112,5.224463577452088,0.51396,1.0
AQP3,0.95974,3.1713039942349335,-1.231672236328125,5.033246465913773,0.39658,1.0
EDN1,0.95966,3.1692355225373223,2.3304292578125,4.053815932545098,0.7226,1.0
CXCL3,0.95964,3.168719018646392,-1.7044998779296876,4.751507278342072,0.3594,1.0
PDE6B,0.9596,3.1676867459984352,0.07878857578277589,4.803852101863266,0.50508,1.0
FST,0.9596,3.1676867459984352,-0.07757237426757813,4.682475943798376,0.49406,1.0
IL1B,0.95958,3.1671709767553593,-3.066463876953125,3.8876135828380125,0.22972,1.0
LYPD3,0.95916,3.1563959081294635,-1.5406965625,3.539040620897588,0.33222,1.0
MYO6,0.95904,3.153336803397046,-0.1302620147705078,4.6084441614017555,0.4966,1.0
CD8B,0.959,3.1523190081791297,-0.2654843055725098,4.953672142246566,0.48098,1.0
CD27,0.95896,3.1513021630363314,-1.2462455859375,5.037423935731566,0.39458,1.0
TNFAIP6,0.9589,3.149778672657446,1.548874736328125,4.742710049503815,0.65328,1.0
GPC2,0.95878,3.146738067472762,-1.1871587915039064,4.8304183165777665,0.39942,1.0
COL6A2,0.95876,3.1462321237260293,-0.8309925927734375,4.648582703847021,0.43048,1.0
CD79B,0.95862,3.142697077950139,-1.9819294970703125,3.8795807904034705,0.29032,1.0
SPP1,0.9586,3.142193005894262,-0.8632554663085937,4.654159052316898,0.42864,1.0
FDXR,0.95848,3.13917345747401,-0.5685321194458007,4.7382875065558725,0.4538,1.0
ATP1A3,0.9584,3.137165060093968,-1.353674755859375,4.947045295461631,0.37672,1.0
CXCR6,0.9584,3.137165060093968,-0.4752993615722656,4.404377905634234,0.45822,1.0
IFNG,0.9583,3.134659752544962,0.8109107348632812,4.831886256495334,0.56314,1.0
MRM1,0.9582,3.1321601849183125,-0.16293949254989623,4.98946087893197,0.49478,1.0
TNFRSF13C,0.9581,3.1296663297287344,-1.3789421337890626,4.248429176373459,0.36932,1.0
OSBPL7,0.95806,3.1286703810160477,-1.5040723876953126,4.5918288247383,0.36594,1.0
STX1A,0.95806,3.1286703810160477,-1.436182890625,4.1627671969407585,0.36552,1.0
PSAT1,0.95804,3.1281727472245495,1.457400166015625,4.276948102163227,0.62812,1.0
ATP6V0E2,0.958,3.1271781596874915,-1.0954630029296875,4.8315781773880335,0.38834,1.0
PLAU,0.95796,3.1261844774369583,-2.29924416015625,3.552580296170289,0.2439,1.0
EPHA4,0.95786,3.1237042211285955,-1.05612482421875,4.582410916623902,0.40838,1.0
PARD6A,0.95786,3.1237042211285955,-0.9161891674804687,5.133216141588667,0.422,1.0
RNASE1,0.95776,3.1212295852663265,-1.233921318359375,4.749807691051635,0.4116,1.0
CADM1,0.95772,3.1202412986738812,-0.7232651977539063,4.489730142290625,0.44106,1.0
FGF22,0.95768,3.11925390539307,-1.2578670434570312,4.399030978279156,0.3901,1.0
ACSM3,0.95766,3.1187605432158017,0.7858370483398438,4.672668023900427,0.57528,1.0
C1QB,0.95764,3.1182674037325735,0.3332853204727173,5.009911593671828,0.51472,1.0
PRKCZ,0.95762,3.117774486732712,-1.128542158203125,4.685065178005343,0.40994,1.0
POLA1,0.95752,3.1153132316314327,-0.8664484790039062,4.246299823314625,0.42488,1.0
AGBL3,0.9575,3.1148216451244304,-0.6616696032714844,4.484977683387238,0.4419,1.0
ZNF512B,0.95728,3.1094287349897827,-0.7188906164550781,4.872654623349354,0.43956,1.0
WNT7A,0.95724,3.1084510575541935,-0.6780516479492188,5.392897726138365,0.43436,1.0
CCR4,0.95724,3.1084510575541935,-0.519071416015625,4.4467215563210765,0.4576,1.0
ATP6V1E2,0.95722,3.107962546436644,-0.771761240234375,4.234344268590699,0.4334,1.0
ACOT4,0.95704,3.1035757376620396,-0.5458443591308594,4.636463819346057,0.45326,1.0
CD160,0.957,3.102603275759391,-0.7252190673828125,4.502748010721276,0.43922,1.0
PCBP4,0.95698,3.1021173687534036,-0.9032920092773438,4.761691248493092,0.42776,1.0
S1PR5,0.95688,3.0996910651404663,-0.6361492797851562,4.533276084971973,0.44246,1.0
MYBL1,0.9568,3.0977538879463022,0.3197132843589783,4.405468367926887,0.53364,1.0
FN3K,0.95676,3.096786583531398,-1.806878896484375,4.321531347183474,0.3318,1.0
OXT,0.95674,3.0963032516750615,-1.2031750073242187,4.289822455373342,0.39502,1.0
CCL3,0.9567,3.095337227675677,1.472877333984375,4.169529220611732,0.62802,1.0
DPP4,0.9567,3.095337227675677,0.5096670932006836,4.992784316927617,0.5491,1.0
SLC27A2,0.95666,3.094372055311947,0.7090666522216796,4.257963269153121,0.56806,1.0
NDC1,0.95666,3.094372055311947,-0.5556519030761718,4.571954496244777,0.45258,1.0
COL9A3,0.95664,3.0938897880012046,-0.5823264428710937,4.6228902764053466,0.45528,1.0
S100A12,0.95644,3.0890787601496403,-1.3047839404296875,4.732361556352894,0.38602,1.0
NCALD,0.95644,3.0890787601496403,0.7351292138671875,5.048128455011224,0.56172,1.0
AKAP5,0.95638,3.0876395628396285,-0.10592215858459472,4.479419085112575,0.49382,1.0
KRT1,0.95632,3.0862022536392932,-0.7029994543457031,4.272448202399842,0.43602,1.0
FASLG,0.95632,3.0862022536392932,0.4107783154296875,4.2497229325801635,0.54182,1.0
AGMAT,0.9563,3.0857235692539535,0.43339237182617185,5.069132872917506,0.5371,1.0
CCL20,0.95628,3.08524509388932,-0.8022168627929688,4.386825319784298,0.4252,1.0
DAPK2,0.95626,3.0847668273537843,-1.1491955981445312,4.505180605670014,0.39654,1.0
PDE7B,0.95624,3.0842887694559993,-1.4237737255859375,4.374539299338404,0.37064,1.0
CCR6,0.95616,3.082378620424583,0.3404903323364258,4.728184145944448,0.53262,1.0
NEO1,0.95608,3.080471794357351,-0.00024729454040527344,4.504895429360198,0.4951,1.0
TAB1,0.95606,3.079995605631793,0.030656198806762694,4.332373312375934,0.50626,1.0
TBXA2R,0.956,3.0785682791331395,0.026659149081707002,4.395652112360035,0.5012,1.0
BBS1,0.95588,3.0757191877748737,-1.4670322265625,4.165355369290485,0.36442,1.0
GP9,0.95588,3.0757191877748737,-0.48600634540557863,4.5758257302344365,0.4557,1.0
ROBO3,0.95586,3.075245057984269,-0.980727890625,4.725208890043936,0.4153,1.0
AKAP12,0.9558,3.073823897060405,-1.1103196704101563,4.742881482890995,0.3988,1.0
PRSS23,0.95578,3.0733505856161463,-1.1106685766601563,4.35917590946898,0.3969,1.0
HBA1,0.95576,3.0728774782948904,0.3831504700088501,4.453634840830239,0.5316,1.0
BLM,0.95574,3.0724045749116993,-0.2652692219543457,4.5920734582684695,0.48144,1.0
ST8SIA1,0.95574,3.0724045749116993,-0.03243230192184448,4.7374718853563715,0.50244,1.0
BLK,0.95572,3.0719318752818943,-1.1714013623046875,4.386195730814543,0.39028,1.0
KRT18,0.95568,3.070987086544967,-0.8326201318359375,4.337430921330218,0.42322,1.0
RFC3,0.95564,3.0700431106116546,-0.6430467413330078,4.276178573580446,0.44214,1.0
INPP4B,0.95558,3.0686286675072485,-0.0434082852935791,4.7932382730929275,0.50288,1.0
GNG4,0.95556,3.0681575912859236,-1.0062243798828125,4.303374402411374,0.40712,1.0
IL1RN,0.95544,3.065335371741142,4.37254009765625,3.4841945425038006,0.87238,1.0
MCOLN3,0.9554,3.0643962419298436,0.40821884246826173,4.839894097669274,0.53312,1.0
CHST12,0.95532,3.062520388687486,1.7657575048828125,2.91569258435282,0.72698,1.0
SH2D2A,0.95532,3.062520388687486,-0.9589919287109375,4.416578819068247,0.4182,1.0
EPHA1,0.95526,3.0611155986739846,-0.9743803247070313,4.17022289553554,0.40892,1.0
FZD3,0.95518,3.059245336022903,-0.785436533203125,4.419703494982424,0.43212,1.0
ITPR3,0.95518,3.059245336022903,-0.5706488232421875,4.385600452250787,0.44702,1.0
ORC6,0.9551,3.057378252292482,-0.2127668537902832,4.173322449311602,0.48288,1.0
PERP,0.95502,3.0555143361386476,-0.6927047729492187,4.3979996806825,0.4391,1.0
CRB3,0.95498,3.054583562374473,0.0025588152694702147,4.840650227432201,0.4987,1.0
DOK3,0.95496,3.054118470955349,-1.722854951171875,3.3578432491664283,0.30824,1.0
CTLA4,0.9549,3.0527243764475234,0.20754297702789307,4.495251571818467,0.52068,1.0
HPSE,0.95484,3.051332047895983,1.4046509228515625,3.2205507468532852,0.70116,1.0
IL18RAP,0.95484,3.051332047895983,1.3607644580078124,4.14280599305262,0.63498,1.0
KIF19,0.95484,3.051332047895983,1.072036337890625,4.819072967087867,0.5888,1.0
PRKCQ,0.95484,3.051332047895983,-0.401055205078125,4.568859621186094,0.46948,1.0
CENPF,0.95482,3.050868330000577,-0.5557456091308594,4.596894878182094,0.455,1.0
MICU3,0.95468,3.047627769635537,-0.3275870834350586,5.833218670866155,0.46392,1.0
ST3GAL3,0.95462,3.04624187618437,-0.6563732153320313,4.215199999778443,0.43978,1.0
SERPINE2,0.95454,3.0443967306208073,-0.24731449615478515,4.60879867508787,0.47888,1.0
ZBTB16,0.9545,3.0434753172088977,-1.0051179077148438,4.347386070714325,0.4197,1.0
MARS2,0.95444,3.042094642474842,-0.06649129783630371,4.802438858063374,0.4991,1.0
CXCL5,0.9544,3.0411751542633665,-2.485807783203125,3.55105105162074,0.24746,1.0
FGF9,0.9544,3.0411751542633665,-1.2761953369140624,4.660025641309692,0.38494,1.0
CD8A,0.95434,3.0397973609833127,-0.5996267419433594,4.787795400974899,0.45288,1.0
COL23A1,0.95428,3.0384212905068884,-1.5481886376953125,3.901749010450138,0.34216,1.0
TTLL11,0.95428,3.0384212905068884,-1.0197117578125,4.971918498525388,0.40554,1.0
EDAR,0.95416,3.0356742998639294,-0.46894533447265624,4.542763738370215,0.45286,1.0
LDLRAP1,0.95414,3.035217133775832,-1.053321181640625,3.993709286278509,0.4024,1.0
CCL23,0.95398,3.0315666222607254,-0.8563272985839844,5.088684947528178,0.42986,1.0
PLCG1,0.95396,3.031111157994398,0.6425608709716797,4.482215139676599,0.5512,1.0
COL19A1,0.95392,3.0302007941020705,-0.6610978295898438,4.538086262438893,0.4447,1.0
TPST1,0.95386,3.0288366574096592,-2.929914228515625,2.7458422397743805,0.1406,1.0
CDKN2C,0.95376,3.0265668431074957,-1.7182173681640625,3.7761352046175283,0.32482,1.0
IDO2,0.95374,3.026113440812491,1.474484189453125,3.9745966442430056,0.62894,1.0
POLR1A,0.95368,3.0247543521450058,-0.6092815417480468,3.87396586338827,0.44138,1.0
ADAMTS10,0.95362,3.0233969374181293,-0.8648006469726562,5.201122977936657,0.4278,1.0
PDGFD,0.95348,3.020236121816065,-0.05582533582687378,5.154726306750419,0.4894,1.0
TOP2A,0.95346,3.0197853155784538,-0.4603464465332031,4.388909546634477,0.45442,1.0
XRCC2,0.95342,3.0188842556485227,-1.0268290405273437,4.0449188095952175,0.40326,1.0
HBB,0.95342,3.0188842556485227,0.2845726704406738,4.2073656159749495,0.52556,1.0
CD9,0.9534,3.018434001639126,-2.79187673828125,2.97041028260307,0.1732,1.0
PARD6B,0.9534,3.018434001639126,0.12360592014312743,4.162250815357368,0.5139,1.0
LSR,0.9533,3.0161854848246814,-1.396205234375,4.0112602161451525,0.36038,1.0
C1QA,0.9533,3.0161854848246814,0.7283275378417968,4.372107822334819,0.56558,1.0
TYMP,0.95328,3.015736331004946,0.9930650439453125,2.4108415490744917,0.6881,1.0
MAD2L1,0.95326,3.0152873599994217,-0.19975937728881835,4.3946274483663785,0.47212,1.0
PGAM5,0.95322,3.0143899658039532,-0.7307972338867188,4.274213882013103,0.43516,1.0
LNX1,0.95322,3.0143899658039532,-0.6932993041992187,4.423351350339115,0.436,1.0
SLC14A1,0.95318,3.0134933009861804,-0.11513443653106689,4.219178941041098,0.48528,1.0
GNAL,0.95316,3.0130452417035247,-0.6137900442504883,4.286041614249561,0.4333,1.0
IL6,0.95306,3.010807670326086,1.4345991064453125,3.875225700770384,0.646,1.0
ABCB1,0.95306,3.010807670326086,-0.20791916702747346,4.587759649802679,0.485,1.0
FITM2,0.95304,3.0103606999712644,0.37762412353515623,4.372739829337473,0.53404,1.0
FOXP3,0.95298,3.0090208739631965,-1.2902286962890626,4.4135599901068785,0.37754,1.0
RRAS2,0.95298,3.0090208739631965,-0.5370317590332031,4.895693836402528,0.44592,1.0
GPR55,0.95296,3.0085746264652187,-1.4384099658203124,4.721972291013979,0.35774,1.0
CHST10,0.95296,3.0085746264652187,-1.0155541870117188,4.0613436245894,0.40632,1.0
POMK,0.95294,3.00812855929638,-1.838678916015625,3.5817037398055565,0.29878,1.0
ICOS,0.95292,3.0076826723030434,0.5538416125488281,4.65236971869813,0.55662,1.0
CXXC5,0.95286,3.006346090842626,-2.028251376953125,2.4680488451178904,0.17538,1.0
KISS1R,0.95278,3.0045664953993496,-0.5931865771484375,4.451131377983121,0.44602,1.0
HBA2,0.95278,3.0045664953993496,0.23745591148376466,4.323053287800639,0.52066,1.0
DACT1,0.95274,3.0036777720073,-2.8654619140625,3.0921647282376905,0.15886,1.0
GMPPB,0.95274,3.0036777720073,-1.6649392626953126,3.780249824536811,0.33148,1.0
TNFRSF18,0.95272,3.003233678361898,-1.263423037109375,3.9784807581995194,0.38306,1.0
NRG2,0.9527,3.0027897632148464,-1.3281741625976562,3.9705661340743355,0.36648,1.0
CROT,0.95266,3.0019024678107487,0.9780311499023437,4.0782841864880135,0.60628,1.0
KLRG1,0.95266,3.0019024678107487,-0.9236125219726562,4.445473240402006,0.41272,1.0
SLC19A2,0.95266,3.0019024678107487,-0.6044364776611328,4.048484204856504,0.44364,1.0
BCL9,0.95264,3.0014590872516624,0.17289049072265625,4.061623753011864,0.51752,1.0
PRKACB,0.95258,3.000130012337988,-0.43301209411621094,4.056278411276351,0.45346,1.0
LEF1,0.95256,2.999687342453449,0.00697095458984375,4.711802252672761,0.50026,1.0
SNAI1,0.9525,2.998360395960261,-1.2248189379882812,3.921491686298437,0.37612,1.0
TLR3,0.95248,2.9979184343506904,1.565314580078125,3.7087626800534625,0.6669,1.0
TAF4B,0.95248,2.9979184343506904,1.0479728442382812,3.848766328796362,0.60634,1.0
PIK3R4,0.95248,2.9979184343506904,-0.7998715368652344,3.8883586894665916,0.41852,1.0
GDPD1,0.95248,2.9979184343506904,0.4257530352783203,4.142377282221381,0.54228,1.0
AREG,0.95246,2.997476649436347,0.46816510879516604,4.161293718939077,0.53946,1.0
RGS9,0.95246,2.997476649436347,0.039437787685394285,4.655148809882718,0.50188,1.0
ZNF696,0.9524,2.996152353375334,-1.247762421875,4.227983722820091,0.35368,1.0
CD1D,0.95236,2.9952703700836016,1.3991229052734375,3.626439054103449,0.65732,1.0
TLE2,0.95234,2.9948296422175815,-0.04804434589385986,4.9909115547240095,0.49586,1.0
GZMM,0.9523,2.9939487133057057,-0.8359838525390625,4.690508299498994,0.4073,1.0
CD40LG,0.9523,2.9939487133057057,-0.4843541925048828,4.739271552077169,0.44312,1.0
IL23A,0.95228,2.993508511964593,-1.1918151391601564,3.907701159730124,0.37626,1.0
SLC37A4,0.95226,2.993068485836838,-0.7700296875,4.0570665808322826,0.4147,1.0
RGS16,0.95222,2.9921889586329313,-1.34931578125,4.021316429817443,0.37048,1.0
TUBB1,0.9522,2.9917494572630092,-0.45400464691162107,4.05172712682754,0.45648,1.0
GAMT,0.95216,2.990870978254166,-1.0912223266601562,4.383498318201274,0.3881,1.0
KLRB1,0.95212,2.9899931965780735,-0.38155768005371093,4.325357732955973,0.46862,1.0
CCL4,0.95206,2.988677829009206,1.1009469921875,3.9810295143129495,0.60058,1.0
CCR9,0.95204,2.988239720556093,-0.5689317663574218,4.672563386231847,0.441,1.0
SERPINB2,0.95196,2.9864890198901297,-1.496584833984375,4.243374569954668,0.35356,1.0
HPGD,0.95196,2.9864890198901297,-0.793100625,4.045075873268586,0.42158,1.0
ZFP69B,0.95194,2.9860517772867867,-1.0650547216796875,4.515509099116378,0.34894,1.0
PARP16,0.95194,2.9860517772867867,-0.5752794888305665,4.0852031240096665,0.44574,1.0
HS2ST1,0.95186,2.984304532798702,-0.8707104541015624,3.983537130584231,0.41788,1.0
PCP2,0.95182,2.9834319440973376,-0.7390475048828125,4.224265606982945,0.42464,1.0
PITPNM2,0.9518,2.982995907630455,-0.6588936120605469,3.9501359782985075,0.43436,1.0
GNAO1,0.95172,2.981253477653898,-0.92011740234375,3.972342967746389,0.4117,1.0
F12,0.95168,2.9803832902051752,-2.10027970703125,3.4491409533817583,0.25296,1.0
FBXO15,0.95164,2.979513786267052,0.11378520576477051,4.090666930313634,0.5126,1.0
IL18R1,0.95162,2.979079290260195,0.7575988989257813,4.628479105518512,0.59148,1.0
PXMP4,0.95158,2.9782108094638926,-0.7166637219238281,4.0090083308940985,0.43194,1.0
RPS6KA2,0.95148,2.9760425829964583,-0.10161888420104981,4.083533277942183,0.48528,1.0
ALMS1,0.95144,2.9751764796677462,-1.2792322387695312,3.8127019870155983,0.36996,1.0
MATK,0.95138,2.973878593236944,-1.1440801318359375,3.742429502559235,0.36684,1.0
HBD,0.95136,2.973446302151821,0.10426480821609498,4.274484360139848,0.5043,1.0
TNFRSF13B,0.95134,2.9730141796972203,0.0967207007598877,4.9340689927071875,0.50792,1.0
IER3,0.95128,2.971718822727682,-2.21344208984375,2.7646998688660824,0.22102,1.0
PRKAR1B,0.95122,2.970424978440082,-0.18106948080062865,3.9320591694267,0.47888,1.0
ZFYVE9,0.95122,2.970424978440082,-0.023557617835998534,4.2008185167318155,0.49,1.0
NUP210,0.9512,2.9699940325174716,-0.41806445190429686,4.001517242128785,0.45546,1.0
IL12RB2,0.9512,2.9699940325174716,0.3372267028808594,5.013573905620032,0.5292,1.0
ACACA,0.95118,2.969563254118378,-0.6530093530273438,4.080180511154968,0.443,1.0
ZNF443,0.95116,2.9691326431051928,-1.36704615234375,3.5130822044430796,0.33214,1.0
GCHFR,0.95112,2.9682719226869487,-1.2566207177734374,3.8253649433469183,0.37472,1.0
POLD1,0.95112,2.9682719226869487,-0.383212214050293,3.9788397875828916,0.466,1.0
IGFBP6,0.9511,2.9678418130075124,0.7663572705078125,3.780764598332236,0.58086,1.0
NTHL1,0.95108,2.967411870165231,-0.8768358764648437,4.345118896042331,0.4094,1.0
PTX3,0.95108,2.967411870165231,-0.09241758376121521,4.349007089220106,0.48396,1.0
GRAP,0.95106,2.966982094023331,-0.7933803466796875,4.240241412334611,0.40682,1.0
INCENP,0.95106,2.966982094023331,0.21600206611633302,4.32933178821322,0.5211,1.0
KIF18A,0.95104,2.9665524844452142,-1.127668623046875,3.7735204933981166,0.38372,1.0
ACSM1,0.95102,2.966123041294447,0.33441980529785154,4.739207471331525,0.53122,1.0
DERL3,0.95096,2.9648357090444137,-0.03808067472457886,4.01360190999307,0.4954,1.0
KIR3DL2,0.95094,2.964406930242046,-1.533055390625,3.791059450234608,0.32256,1.0
IL1R2,0.95092,2.963978317187361,-1.1666558862304688,4.345952380088718,0.39556,1.0
ELOVL4,0.95082,2.9618377333947254,0.0413510213804245,4.789434352943549,0.50096,1.0
STAG3,0.9508,2.961410111987776,1.0695718481445313,3.9771177003304405,0.60798,1.0
F2R,0.95078,2.9609826553839276,-0.8747263391113281,3.9698304832876548,0.42148,1.0
KCNK12,0.95078,2.9609826553839276,-0.4622251086425781,4.059513163992433,0.45476,1.0
TXK,0.9507,2.95927447431634,0.15236834945678712,4.257034983980495,0.512,1.0
KCNG1,0.9506,2.9571429399860323,-1.9943154833984376,3.7472328867265183,0.2722,1.0
SESN3,0.95058,2.956717124054542,-0.9593663452148438,4.028826631684356,0.38754,1.0
ZNF625,0.95056,2.956291471457995,-1.3819737158203125,3.7095363823824803,0.34782,1.0
VAMP1,0.95054,2.9558659820638957,-1.4914152392578126,3.5938412866297478,0.34012,1.0
HILPDA,0.95054,2.9558659820638957,-0.7015506396484374,3.889040563519024,0.4296,1.0
IL16,0.9505,2.9550154923538394,-1.204638837890625,3.4241387199368143,0.3093,1.0
PPP1R14A,0.9505,2.9550154923538394,-0.6744317785644531,3.9231363084670394,0.43072,1.0
TSPAN15,0.9505,2.9550154923538394,-0.2822213217163086,4.0915040299541685,0.4681,1.0
CTF1,0.9505,2.9550154923538394,0.03994736598968506,3.764117518399962,0.50668,1.0
ADM2,0.95048,2.954590491773691,0.21811984939575196,4.2243547839492095,0.51756,1.0
PELI3,0.95046,2.9541656538676,-1.944006669921875,3.236244312005316,0.27562,1.0
FAN1,0.95044,2.9537409785038697,0.5199558679199219,4.543084678433326,0.54924,1.0
ZNF597,0.95042,2.9533164655509636,-0.6932818237304688,4.380656397063682,0.4276,1.0
IL19,0.9504,2.9528921148774994,-1.878927646484375,3.323894300538404,0.29052,1.0
KALRN,0.95038,2.952467926352259,-1.4644618212890625,4.304697916475873,0.3654,1.0
EXOSC5,0.95034,2.9516200352223625,-0.32769302001953127,4.558766539619624,0.4702,1.0
CTH,0.95032,2.951196332356062,0.0029124852752685547,4.011645035696643,0.50702,1.0
FAAH2,0.95026,2.949926192985162,-0.09242954948425293,4.155081346632354,0.49602,1.0
HBG2,0.95022,2.949080239792243,0.36018386890411375,3.974424619632855,0.53272,1.0
DNM3,0.95018,2.948234930496892,-1.038409189453125,3.7832065170397193,0.39386,1.0
PDGFRB,0.95008,2.9461244675142235,-0.49257127807617185,4.40240970290867,0.44218,1.0
ST6GALNAC3,0.95006,2.9457028556433205,-0.7220768041992187,3.83351451364638,0.43028,1.0
CYP2R1,0.95004,2.9452814037139654,-0.7278966101074219,3.8709058766965807,0.42426,1.0
SCMH1,0.95002,2.944860111597755,-0.9401431591796875,4.027619506249645,0.41698,1.0
SPTBN1,0.95,2.9444389791664394,-0.7833621728515625,4.206218336049649,0.4111,1.0
EFNA5,0.94998,2.944018006291926,0.2777304012298584,4.04973670585295,0.52488,1.0
PLCB2,0.94996,2.9435971928462674,-0.5018504748535156,3.968630269762705,0.44988,1.0
ARHGEF26,0.94994,2.9431765387016777,-0.06457878782272339,4.304205634337578,0.50178,1.0
ECM1,0.94992,2.942756043730522,-1.8458706591796874,3.3175136565117627,0.2903,1.0
CX3CR1,0.94992,2.942756043730522,-1.445903740234375,4.154684699480966,0.34822,1.0
ELOVL6,0.9499,2.942335707805317,0.45087561737060544,4.138309390942233,0.53284,1.0
IFNLR1,0.94988,2.941915530798733,0.49867646911621094,3.764802387048328,0.55436,1.0
IL24,0.94986,2.9414955125835944,-1.1652280249023437,3.7107672431445606,0.37534,1.0
HADH,0.94986,2.9414955125835944,-0.8064312426757813,4.084814424819247,0.42958,1.0
NET1,0.94986,2.9414955125835944,-0.44492659790039063,3.765303727246752,0.45518,1.0
PTPN22,0.94984,2.941075653032872,-1.25201197265625,4.018664803336478,0.3724,1.0
IL2RB,0.94982,2.9406559520196938,-0.007731307325363159,4.025851170716826,0.50192,1.0
ALAS2,0.94978,2.9398170250992335,0.30809572341918945,4.091891557384959,0.52962,1.0
SYCE1,0.94976,2.939397798938964,-0.6262586242675782,3.7037966398808915,0.43224,1.0
CXCL2,0.9497,2.938141068143213,-1.38778056640625,3.8735934672478405,0.34736,1.0
SLC27A4,0.9497,2.938141068143213,-1.2990301733398437,3.9634740107325865,0.37466,1.0
BUB1,0.9497,2.938141068143213,0.7508517517089843,5.558606720951353,0.56882,1.0
GSTM2,0.94968,2.9377224733530927,-1.0074612109375,3.7353472419349916,0.39374,1.0
KIF27,0.94964,2.9368857562313218,1.0499652124023438,3.613613669980495,0.61198,1.0
ZNF442,0.94962,2.936467633648783,-1.1383999145507813,3.9416035771689133,0.38792,1.0
CD3E,0.94962,2.936467633648783,-0.7054062158203125,4.622705288038279,0.39268,1.0
RDH13,0.94962,2.936467633648783,-0.13784162452697754,4.082367510555029,0.47902,1.0
GRK4,0.94954,2.9347967135875868,-2.0324016552734374,3.1614922486389703,0.26404,1.0
LRFN3,0.9495,2.9339621939710265,-0.6995734631347656,3.856088805503269,0.43392,1.0
KLHL3,0.9495,2.9339621939710265,-0.48988407775878906,4.483181460997694,0.45332,1.0
MAF,0.94948,2.9335451688304603,-0.6625895861816407,3.9592789009216873,0.43826,1.0
KHK,0.94946,2.933128299969414,-0.8560585302734375,3.8491535143614475,0.414,1.0
SCD5,0.94946,2.933128299969414,0.1310876141357422,3.8181184807091433,0.51624,1.0
CREB3L4,0.94944,2.932711587263854,-1.018675947265625,3.8160461655881446,0.3944,1.0
ADORA3,0.94942,2.9322950305898967,-1.0985840356445313,5.2829135537719125,0.40152,1.0
CLEC1B,0.9494,2.931878629823798,-1.0892209399414063,3.7727384380736178,0.3844,1.0
CCL28,0.94936,2.9310462955209626,-0.9161361279296875,4.765170681764925,0.38438,1.0
NUP188,0.9493,2.929798960290616,-0.5779896954345703,3.6974506924243022,0.44204,1.0
MYC,0.94926,2.9289681795178915,0.2561299172973633,3.8048909217483153,0.53162,1.0
TAS2R14,0.94924,2.92855302157763,-0.34230543029785154,4.212720677663498,0.46696,1.0
PLEKHA5,0.94922,2.9281380184381507,-1.553990146484375,3.579168512632085,0.33598,1.0
AQP11,0.94922,2.9281380184381507,-0.6197739770507813,4.579553444236748,0.43544,1.0
HOXA1,0.94914,2.926479551444569,-0.8208399328613282,3.9136336177116418,0.4182,1.0
GINS4,0.9491,2.9256512435799706,-1.035293466796875,3.9607976893607186,0.38918,1.0
PCOLCE,0.94908,2.925237320630121,-1.0726327856445312,3.915145227108179,0.3897,1.0
ITGA2B,0.949,2.923583165885601,-0.6429878564453125,3.902945679334887,0.43254,1.0
THBS1,0.94898,2.923170010858591,-1.9238016259765625,3.342312103097934,0.28984,1.0
SLC16A1,0.94896,2.9227570090538824,-0.8494741198730469,4.065516895293379,0.41894,1.0
LTA,0.94894,2.9223441603510545,1.2166972216796874,4.434619203509127,0.60978,1.0
SEMA4F,0.94894,2.9223441603510545,0.9520779321289062,3.887528294940841,0.60136,1.0
LCK,0.94892,2.921931464629825,-0.7771391552734375,4.7110291354003415,0.40352,1.0
HLA-DMB,0.94888,2.92110653165174,-1.255014365234375,3.3658145428418007,0.34716,1.0
INSL3,0.94876,2.9186353918102133,0.33926241195678714,4.3710936310559925,0.53114,1.0
PRIM1,0.94876,2.9186353918102133,-0.3092063983154297,4.393127062539371,0.46888,1.0
PDE9A,0.9487,2.917401874222107,-0.6431297631835937,3.9969706212042535,0.43314,1.0
NUDT13,0.9487,2.917401874222107,0.2855081240844727,4.353858493676243,0.52864,1.0
EVC2,0.94866,2.9165802871071134,-1.6512725048828125,3.417551860057217,0.30754,1.0
MRI1,0.94866,2.9165802871071134,-0.6941715087890625,3.8868712788386133,0.43332,1.0
NCR3,0.94866,2.9165802871071134,-0.07819147857666016,4.213929977859504,0.50264,1.0
HIP1R,0.94864,2.9161697205773525,-0.7736709289550782,4.168384739987995,0.42968,1.0
EFNA3,0.94864,2.9161697205773525,-0.29697399505615235,3.8844453031865296,0.46944,1.0
TTLL1,0.94862,2.9157593052417843,-0.09450064666748047,4.183830768711484,0.48184,1.0
IGFBP3,0.94856,2.9145289652204505,0.729901298828125,4.8166383619277475,0.57718,1.0
LTB4R,0.94854,2.914119153482554,-0.5990939819335938,4.008731129422183,0.44356,1.0
CCND1,0.94854,2.914119153482554,-0.32238390045166015,3.735116316015751,0.46884,1.0
THBS3,0.94848,2.9128906214315142,-0.6929934619140625,3.7099144594073006,0.4272,1.0
SCARF1,0.94838,2.910846071529964,-0.20728136070251466,3.825962152273636,0.4746,1.0
COLGALT2,0.94832,2.9096211385651825,-0.9195635400390625,3.7840206178687543,0.39962,1.0
MYL9,0.94832,2.9096211385651825,-0.7666452966308593,3.825032142033748,0.42062,1.0
TNFRSF10A,0.94828,2.908805263391375,0.3590320124816895,3.720490795070033,0.541,1.0
CD3G,0.94822,2.9075825685186785,-0.3666590600585938,4.713693511918435,0.45394,1.0
SLC2A1,0.94818,2.906768182515104,-0.8978867407226563,3.7830587908327495,0.41174,1.0
ATP2B4,0.94812,2.9055477170743984,0.5091366357421875,4.02087867459746,0.56562,1.0
LAIR2,0.9481,2.9051411917520715,-0.4792036804199219,4.111665008870737,0.44834,1.0
AUTS2,0.94808,2.9047348144843594,-1.1748471728515626,3.9923291657023583,0.38214,1.0
ZNF726,0.94808,2.9047348144843594,0.016846722478866576,3.9756170777477076,0.50402,1.0
TNKS1BP1,0.94804,2.9039225036553042,-1.1560992578125,3.52737952352173,0.37196,1.0
SYP,0.94804,2.9039225036553042,-0.49509655639648437,3.7980909865394015,0.4508,1.0
MYBL2,0.94804,2.9039225036553042,0.09626295295715331,3.706332261753251,0.51172,1.0
SMARCD3,0.94804,2.9039225036553042,0.02147578080654144,3.7286296548918276,0.5025,1.0
GALR2,0.948,2.9031107836735934,0.20503468276977538,4.757413293756545,0.51508,1.0
IRF6,0.94798,2.902705144965558,0.6710232958984375,4.397234544871537,0.5675,1.0
NME1,0.94796,2.902299653627695,0.18263516792297363,3.8944464040316755,0.52296,1.0
LRTOMT,0.94792,2.9014891126081706,-1.089118818359375,3.544705306130254,0.38168,1.0
AMY2B,0.94792,2.9014891126081706,-0.04413161437988281,3.869647828249326,0.49796,1.0
CYP1B1,0.94788,2.9006791597076824,-1.452680546875,4.003267933901745,0.32048,1.0
OSM,0.94784,2.899869794020982,-2.666723232421875,3.0358536070661293,0.1947,1.0
VIPR2,0.94784,2.899869794020982,-0.4812607598876953,3.854971748606573,0.44822,1.0
MT1E,0.94784,2.899869794020982,0.28999858499526976,3.784671927915383,0.52876,1.0
ABCA5,0.94782,2.8994653311004783,-0.9146361303710937,4.453526285318162,0.42166,1.0
S100A9,0.9478,2.8990610146448943,-1.3542410791015624,4.435205868916778,0.34828,1.0
EFCAB7,0.9478,2.8990610146448943,-0.06291252955436706,5.629776789636075,0.48302,1.0
HBG1,0.94776,2.898252820678329,0.3654269039916992,4.403894190056573,0.53042,1.0
E2F1,0.94776,2.898252820678329,-0.27716845428466796,4.647764565944519,0.47564,1.0
CASP2,0.94774,2.8978489429425887,-0.5739115496826172,3.641648529128449,0.43938,1.0
BCL11A,0.94772,2.897445211222255,1.1087565356445312,3.802313363390179,0.6202,1.0
NR3C2,0.94772,2.897445211222255,-0.4452260076904297,4.393988237376273,0.45864,1.0
APBB1,0.94766,2.896234891033774,-0.7022445068359375,3.7643683427377628,0.4256,1.0
TREML1,0.94764,2.8958317422557913,-0.6440572631835938,3.6583359818096204,0.4279,1.0
ACSS1,0.94756,2.894220600594426,-0.6437717199707031,4.058238462421652,0.42586,1.0
SYDE2,0.94756,2.894220600594426,0.04793055924415588,4.195993783761547,0.50492,1.0
ATIC,0.94754,2.8938181779856085,-0.22918515380859375,4.323428140263665,0.4763,1.0
AGAP2,0.94752,2.8934159002773936,-0.7030486511230469,3.8320217229002065,0.40066,1.0
DHCR7,0.9475,2.8930137673590037,-0.8493678564453125,4.883050390835374,0.41456,1.0
PRX,0.94744,2.8918082362368835,-0.8216267785644531,3.510210901008414,0.40236,1.0
NAPEPLD,0.94744,2.8918082362368835,-0.36586695648193357,3.9724545607649366,0.46836,1.0
KNTC1,0.94744,2.8918082362368835,0.33517849014282225,4.430009010472843,0.5281,1.0
RAB27B,0.94742,2.8914066813725263,-0.07730831889152527,3.6688199985339516,0.50294,1.0
VCAM1,0.94734,2.889801903193688,-0.5144295806884766,4.595698959381769,0.45338,1.0
EOMES,0.9473,2.8890003773341726,-0.6459226867675781,3.827273198077053,0.43746,1.0
SLC9B1,0.94726,2.888199425793011,0.5901368701171875,3.81621857047697,0.5643,1.0
ADHFE1,0.94726,2.888199425793011,0.38544915283203124,4.243216899205845,0.5386,1.0
TNFRSF4,0.94724,2.8877991651187065,-0.5714497863769531,3.644996391814021,0.43798,1.0
ZNF563,0.9472,2.886999073417526,-0.8569213330078125,4.677098013622989,0.39744,1.0
SPON2,0.9472,2.886999073417526,-0.6506793200683594,4.1086632863451324,0.43376,1.0
ASNS,0.9472,2.886999073417526,-0.11310398460388184,3.9289030788159214,0.49042,1.0
KRT81,0.94718,2.8865992421729687,-1.6089557958984375,4.663370494807895,0.35124,1.0
FUT7,0.94714,2.8858000083526494,-0.010061992111206055,3.7994873942993617,0.50074,1.0
ZNF540,0.94712,2.885400605559949,-0.8887100903320313,5.050769217440254,0.38848,1.0
LHX4,0.9471,2.885001345367803,-1.1052765405273437,3.63152710584988,0.38512,1.0
RBL1,0.9471,2.885001345367803,-0.9118090502929688,3.60772774071386,0.40822,1.0
BAMBI,0.94708,2.8846022276680445,0.8837091076660156,3.5529285524712755,0.59906,1.0
DCLRE1A,0.94708,2.8846022276680445,-0.36942457946777346,4.5263484191271735,0.45612,1.0
ACHE,0.94704,2.883804419313662,-0.47464820251464845,3.772646376936502,0.44522,1.0
CXCR5,0.947,2.8830071796339554,-0.1258607692527771,4.020470302038755,0.4919,1.0
CCR7,0.94696,2.8822105077680313,0.7875682177734376,4.573704040064593,0.58374,1.0
FLOT2,0.94694,2.881812384496739,-1.0790583251953125,3.679319523262989,0.38826,1.0
AMT,0.9469,2.8810165627415607,-0.21251518992424012,4.681846235092676,0.47986,1.0
NR4A2,0.94688,2.8806188640436674,-1.0518524291992188,3.830000487312332,0.40204,1.0
F13A1,0.94688,2.8806188640436674,-0.4355435003662109,3.6111945446038,0.45484,1.0
ZKSCAN7,0.94682,2.879426615387233,-0.6858440307617187,4.019585454158304,0.4262,1.0
CYSLTR1,0.94682,2.879426615387233,-0.26712966064453125,3.9012814434047103,0.47422,1.0
PTPN14,0.94682,2.879426615387233,-0.1992941421508789,3.5914800560969073,0.47702,1.0
DBP,0.9468,2.8790294812922297,-1.5747369873046875,3.1488170681427423,0.30458,1.0
TNRC6C,0.9468,2.8790294812922297,-0.35335120559692385,3.7037499888883834,0.4643,1.0
PORCN,0.94678,2.878632488081792,-1.6799077685546875,3.4483223964831233,0.31982,1.0
RASGRP2,0.94678,2.878632488081792,-0.5287434777832031,3.588476019062859,0.44468,1.0
ZNF331,0.94674,2.877838923889847,-1.3159155712890624,3.3889412003218617,0.37048,1.0
WWOX,0.94674,2.877838923889847,-0.36966072265625,3.5926076408456793,0.45798,1.0
FUT8,0.9467,2.8770459219630466,-1.166522939453125,3.599341516016109,0.36922,1.0
TRIM32,0.9467,2.8770459219630466,-0.32939213073730467,4.555917825253035,0.47604,1.0
NUF2,0.9467,2.8770459219630466,0.1927764764404297,3.9216762753006797,0.5262,1.0
SLC12A2,0.9467,2.8770459219630466,0.029512261505126952,5.064633566907467,0.50732,1.0
PSTPIP1,0.94668,2.87664963158449,-1.993854560546875,2.8981133624651276,0.24624,1.0
IZUMO4,0.94666,2.8762534814549547,-1.08606189453125,3.6661723097799417,0.37924,1.0
LIN37,0.94662,2.8754616015210397,-1.227463828125,3.364888187084709,0.35938,1.0
NLRX1,0.94662,2.8754616015210397,-1.183792607421875,3.7657059929199623,0.37456,1.0
RAB33A,0.94662,2.8754616015210397,-0.9159400341796875,4.155464675134048,0.3813,1.0
PDCD1,0.94656,2.8742748308539894,0.5521530041503906,3.493416921378008,0.56516,1.0
CHRNA6,0.94654,2.873879520007073,1.569525283203125,4.967407192239343,0.62792,1.0
ZWINT,0.94652,2.8734843486731085,-0.6013882141113281,3.5810932978792227,0.43558,1.0
RASGRF2,0.94652,2.8734843486731085,-0.35039650695800784,4.914148453423708,0.47026,1.0
SKP2,0.9465,2.873089316747417,-0.20412174728393553,3.882940500377678,0.47954,1.0
PF4,0.94648,2.872694424125434,0.007232437033653259,3.6843064344313237,0.49796,1.0
CCL19,0.94646,2.872299670702714,1.5768076708984375,3.3239704101790446,0.68684,1.0
TRIM2,0.94646,2.872299670702714,-0.4993768359375,3.574453487830909,0.44196,1.0
CYP4V2,0.94642,2.871510581037863,0.41511115478515626,3.556459027615872,0.5438,1.0
KRT23,0.94638,2.8707220469196244,-1.4239228369140624,3.38487344041688,0.3343,1.0
ABCG2,0.94636,2.87032798793061,1.2827682568359375,3.4038802269254553,0.64744,1.0
ITPKB,0.94636,2.87032798793061,-1.0957564038085938,3.558033989756486,0.3855,1.0
HERC2,0.94632,2.869540285574056,-1.2256408666992187,3.641188504278416,0.38084,1.0
KLC2,0.9463,2.8691466419993685,-0.9393322216796876,3.8074678645806457,0.41526,1.0
PLEKHG1,0.94626,2.868359769540176,-0.5968033630371093,3.7437913452131113,0.44384,1.0
AGL,0.94624,2.867966540449218,0.08717159858703613,3.8190944069193002,0.51112,1.0
POLH,0.9462,2.86718049602931,-0.6748592309570313,3.6518729541263597,0.43032,1.0
EGR4,0.94614,2.8660024622620974,-0.4268657702636719,3.808727635328457,0.45324,1.0
HSPA1L,0.94614,2.8660024622620974,0.30007073364257814,3.642275395245561,0.52782,1.0
NPHP1,0.94612,2.8656100593592386,0.6718776086425782,4.68148318120227,0.5715,1.0
UBE2C,0.94612,2.8656100593592386,-0.1752428151321411,3.856022910995157,0.47586,1.0
ARHGEF9,0.9461,2.8652177937954484,-0.7426999780273438,3.7420374558204497,0.43396,1.0
DUSP16,0.9461,2.8652177937954484,-0.3765413360595703,3.8365284475015264,0.46006,1.0
SLC25A16,0.94608,2.864825665468469,-0.39636201175689695,3.6614410808380526,0.45902,1.0
ZNF486,0.94604,2.8640418201165065,-0.4844726110839844,3.9349957066030536,0.44746,1.0
LCN2,0.946,2.863258522487603,-0.9516244799804687,3.5880168330728885,0.39186,1.0
KLRC1,0.94598,2.8628670788148733,-0.3806741516113281,4.044462780454593,0.46168,1.0
SPARC,0.94598,2.8628670788148733,-0.20086283645629882,3.6875404473196265,0.47862,1.0
CCR3,0.94596,2.8624757717678193,0.3278450341796875,3.702626397969247,0.53972,1.0
ST8SIA6,0.94596,2.8624757717678193,0.04867912322998047,4.053719678713189,0.4997,1.0
CHAC2,0.94592,2.8616935671450183,-0.387708125,3.9465154809095813,0.4688,1.0
POLE,0.94588,2.860911907808872,-0.4983566540527344,3.609259421965795,0.4469,1.0
EPB41L5,0.94584,2.8601307929508386,0.1951480590057373,3.9587920210988976,0.51574,1.0
SMPD3,0.94582,2.859740439448937,0.9480625537109375,3.318705745307739,0.61514,1.0
TPCN1,0.94582,2.859740439448937,-0.7049675451660157,3.580354029842943,0.4302,1.0
LIPE,0.94578,2.8589601397959856,-0.308635909576416,5.785584899154099,0.45934,1.0
ULBP2,0.94576,2.8585701934439203,-0.4765629296875,3.905669841995438,0.44952,1.0
BTLA,0.94576,2.8585701934439203,0.40373274719238283,4.3483491867712845,0.53906,1.0
DENND5B,0.94568,2.85701176219168,-0.010707239265441894,3.746785612406962,0.50826,1.0
TCTN1,0.94564,2.8562333576586547,-0.1070522306060791,5.822159042285969,0.48072,1.0
SLC25A4,0.94562,2.8558443578160553,-0.5495284338378906,5.0843375675110005,0.44604,1.0
GSTO2,0.9456,2.855455492789937,-0.3513416967773437,3.6453409943694726,0.46534,1.0
CLEC4E,0.94558,2.8550667624808397,-0.2445286721801758,4.715481975337389,0.4741,1.0
ST3GAL4,0.94558,2.8550667624808397,-0.1188471976184845,3.634554277589376,0.48852,1.0
MCM6,0.94556,2.854678166789414,-0.974887734375,4.299089183956897,0.40236,1.0
PTGDS,0.94554,2.8542897056164223,0.4239561459350586,4.081156772336294,0.54254,1.0
LRFN1,0.9455,2.853513186429314,-0.4635542706298828,3.8611902179403566,0.46098,1.0
PARD3,0.94544,2.852349414062157,1.3916661303710938,3.496002833417823,0.65762,1.0
TLE1,0.94544,2.852349414062157,-1.1937665307617187,3.358934428277907,0.36316,1.0
JAM2,0.94542,2.8519617579218175,-0.9026952075195313,3.3802748933346782,0.393,1.0
MVK,0.94542,2.8519617579218175,-0.48123529052734376,3.73875746737316,0.45496,1.0
MPRIP,0.94542,2.8519617579218175,-0.43650719482421874,3.9387691188989096,0.46218,1.0
TRIB3,0.9454,2.851574235608277,-1.1696691284179688,3.4181136103797733,0.37386,1.0
ZNF382,0.94536,2.850799592068225,-0.34035358707427976,4.618047881155053,0.4671,1.0
POLR3G,0.94534,2.850412470645297,-0.3331546143341064,4.206554975364091,0.46398,1.0
CNKSR2,0.9453,2.8496386280034036,0.3694598208618164,4.828222093213376,0.53138,1.0
KIF21A,0.9453,2.8496386280034036,-0.058566509590148925,4.213463303605412,0.50496,1.0
POLR3A,0.94528,2.8492519065886657,0.26114723709106447,3.5880960757321847,0.5291,1.0
SIRT3,0.94526,2.8488653183143984,-0.7311794567871094,3.6510475648397827,0.42788,1.0
LPAR5,0.94524,2.8484788630829847,-1.7073691748046875,3.4541616985875545,0.32416,1.0
IVD,0.9452,2.847706351358784,-0.5789739733886718,3.719896939392412,0.43186,1.0
NCKIPSD,0.94518,2.847320294671293,-0.34451455642700196,3.504035100571184,0.46378,1.0
NSMCE1,0.94514,2.84654857915958,-1.21379158203125,3.239768762738334,0.31856,1.0
RAMP1,0.94512,2.8461629201412944,-1.6192300146484375,3.648528253621468,0.31704,1.0
CHRNE,0.9451,2.8457773934855264,-1.4082361791992188,3.3673864303650816,0.33678,1.0
EXTL2,0.9451,2.8457773934855264,-0.8647714526367187,3.882774009207796,0.40216,1.0
ABCA2,0.94508,2.845391999095505,-0.8193494604492187,3.4900986925209687,0.40642,1.0
SLC16A7,0.94508,2.845391999095505,-0.5272060778808594,3.588847607503414,0.44248,1.0
CAPN12,0.94504,2.8446216067261703,-0.7474863293457031,3.5179707462991057,0.41744,1.0
TRH,0.945,2.843851742261271,-1.1035568603515624,3.4966423501297648,0.38088,1.0
FYN,0.945,2.843851742261271,-0.8405955712890625,3.660436505890276,0.406,1.0
ARHGEF40,0.945,2.843851742261271,-0.4851075274658203,3.689841531901607,0.45084,1.0
PDK2,0.94496,2.84308240493047,-1.5194162158203126,3.082582931109037,0.31224,1.0
EHD3,0.94492,2.8423135939651036,-0.23811305814743042,4.178088320666483,0.47258,1.0
FGFBP2,0.9449,2.8419293856297108,-1.1619406103515626,4.206240067137258,0.35736,1.0
NR4A1,0.94486,2.8411613627749235,-0.5880492700195312,3.613668632528029,0.4373,1.0
MAPK13,0.94484,2.8407775480644064,-1.1496514306640624,3.6376194280871483,0.37924,1.0
KLRD1,0.94482,2.840393864371233,0.09738141016364098,4.266863792831867,0.51388,1.0
TM7SF2,0.94468,2.8377117390123927,-1.2864830712890625,3.474459048871732,0.33382,1.0
DEGS2,0.94466,2.837329100035815,0.18156997135162353,4.423087148545501,0.5191,1.0
MDGA1,0.94462,2.83656421247833,1.548089521484375,3.320336515423968,0.68764,1.0
MXD4,0.94462,2.83656421247833,-1.0398368115234375,3.5023792347257703,0.38454,1.0
ZNF570,0.94462,2.83656421247833,-0.5629217663574219,4.191539509531198,0.4426,1.0
NR6A1,0.94462,2.83656421247833,-0.27183501121521,3.573642823697568,0.47056,1.0
ORC5,0.9446,2.8361819637087784,-0.5583942999267578,3.814379744736922,0.44676,1.0
ANO9,0.94458,2.8357998448197597,0.024882574796676635,4.064379862903009,0.49646,1.0
LTB,0.94456,2.8354178557172056,-0.26656899688720703,4.681218795078751,0.46406,1.0
PLAUR,0.94452,2.8346542664957286,-1.2263613720703126,3.333879943910146,0.3416,1.0
SLC4A5,0.94452,2.8346542664957286,-0.874545537109375,3.40012329538718,0.3989,1.0
TPSAB1,0.94452,2.8346542664957286,-0.7784504931640625,3.8793971454989147,0.41808,1.0
HNRNPDL,0.9445,2.8342726661891753,-0.8744853149414062,2.230752768556072,0.30676,1.0
GPD1L,0.9445,2.8342726661891753,-0.37164649841308595,3.8166820317888406,0.45596,1.0
MCM7,0.94444,2.833128641362619,-1.1841021728515626,3.262741917112922,0.354,1.0
NMB,0.94442,2.8327475581399364,-2.1190299462890625,2.181046170815779,0.14548,1.0
COQ3,0.9444,2.8323666039548216,-0.34298856384277343,3.744661660877798,0.46992,1.0
AFMID,0.94438,2.8319857787141185,-1.4197141259765624,3.1792525598896835,0.32884,1.0
DCSTAMP,0.94438,2.8319857787141185,0.8421167822265625,3.522344133142002,0.59372,1.0
CD70,0.94438,2.8319857787141185,-0.2825547769165039,3.6915940812258414,0.47568,1.0
OTUD7B,0.94438,2.8319857787141185,-0.05309048540115356,3.8326756261190913,0.49652,1.0
FBXO32,0.94436,2.83160508232477,-0.12128420232772827,3.8449243005084934,0.46406,1.0
P2RY14,0.94428,2.8300835834232876,1.6120060009765624,3.420157030569364,0.67556,1.0
CYSLTR2,0.94428,2.8300835834232876,1.286567626953125,3.3362077834104853,0.65442,1.0
GFI1,0.94428,2.8300835834232876,-0.3328568551635742,3.944641339633505,0.46058,1.0
NHLRC1,0.94418,2.8281845978266937,-1.3440861206054688,3.234836537179389,0.32458,1.0
ZNF500,0.94416,2.8278051848547414,-1.1459325634765625,3.2974455793881625,0.33856,1.0
SCT,0.94412,2.8270467423219166,1.1270944750976561,3.3120233438401123,0.63386,1.0
FITM1,0.94412,2.8270467423219166,-0.22907635124206543,3.457322189298261,0.47682,1.0
ALKBH2,0.94408,2.8262888103919392,-0.24571318008422852,4.153504915129859,0.47128,1.0
CXCL13,0.94404,2.825531388331871,0.9084623889160156,3.429016422676845,0.60894,1.0
TLR6,0.94402,2.8251528682744413,-1.6765629931640624,3.090730964859326,0.28776,1.0
TRAF3IP1,0.94398,2.8243962096484254,-0.6110848767089844,3.9251237938305925,0.44994,1.0
ATR,0.94398,2.8243962096484254,0.2619584069442749,3.5117687433960847,0.528,1.0
LIPT2,0.94396,2.824018070897583,-0.5033408349609375,3.9806368390605327,0.43312,1.0
NOL6,0.94392,2.823262174065329,-0.7955429992675781,3.3503434829139307,0.41048,1.0
BBC3,0.94376,2.8202436490311786,-1.7553721044921875,2.89699701492048,0.26792,1.0
HES1,0.94374,2.8198669014188957,-1.1453562915039062,3.305694982462072,0.36148,1.0
IL11RA,0.94372,2.8194902797323245,-0.24726320053100587,3.5542817284193533,0.47436,1.0
FBXO44,0.94372,2.8194902797323245,-0.12668050121307373,4.219332860179131,0.48144,1.0
ANAPC1,0.9437,2.819113783881642,-0.42399516143798827,3.4526327275739415,0.4538,1.0
SYNE2,0.94368,2.8187374137771237,1.01573775390625,4.338776750455073,0.67056,1.0
DYNLRB2,0.94366,2.8183611693291404,-0.7333298291015625,4.381652292785779,0.42322,1.0
ESAM,0.9436,2.8172331890295066,-0.8601832080078124,3.443964320269069,0.3996,1.0
SLA2,0.9436,2.8172331890295066,-0.16698437934875487,4.050851502677062,0.49052,1.0
ZFP30,0.94358,2.816857446313254,0.14055063983917238,4.468486352588067,0.50318,1.0
PARP2,0.9435,2.8153557266562097,-0.79154216796875,3.4139552901128964,0.41208,1.0
EPM2A,0.94332,2.8119841527711866,-0.11050952178955079,4.627900643309431,0.48506,1.0
PGM2L1,0.9433,2.8116101549221018,-0.04687799659252167,3.5406879010738117,0.48982,1.0
TRIM45,0.94328,2.811236281044546,-0.19427773092269898,4.436428654914054,0.47518,1.0
TK1,0.94326,2.810862531050772,0.6336947680664062,3.3621611300416228,0.57732,1.0
FCER1A,0.94324,2.8104889048531247,-0.730572451171875,3.860803706584449,0.4271,1.0
SYTL1,0.9432,2.809742023496056,-1.0759678198242189,3.8412789527565185,0.37078,1.0
NCKAP1,0.94318,2.8093687681617854,-0.7313686071777343,4.1721087340288605,0.42592,1.0
ARHGEF10,0.94318,2.8093687681617854,-0.11159767518043517,3.750141864752495,0.4899,1.0
VNN2,0.94316,2.808995636273947,-1.0959856005859374,3.32231963993093,0.37044,1.0
CLDN5,0.94314,2.8086226277453474,-0.4817240850830078,3.8534595697698633,0.45194,1.0
CA1,0.94314,2.8086226277453474,0.14091196907043457,3.6923038397588153,0.51824,1.0
ABCA3,0.94312,2.808249742488886,-0.6538986901855469,3.5825507098868994,0.41682,1.0
ARHGEF12,0.9431,2.8078769804175545,-0.6435246923828125,3.3420205038896165,0.42718,1.0
GPAM,0.94308,2.807504341444433,-0.392153701171875,5.274897933517975,0.46488,1.0
PEX12,0.94306,2.8071318254826956,0.051725474777221676,3.601087018866188,0.49802,1.0
S1PR1,0.94302,2.80638716224653,-0.9851214868164062,4.327557114364597,0.36408,1.0
DHODH,0.94298,2.805642990016279,-0.17676838520050048,4.222635165708861,0.49018,1.0
POT1,0.94296,2.8052710878122737,-0.10795158744812011,3.552577702143534,0.49474,1.0
MYO18A,0.94294,2.8048993081006137,-0.34053603034973146,3.7018107236741113,0.46094,1.0
CABIN1,0.94292,2.804527650795111,-0.6771013500976563,3.384635575722434,0.42066,1.0
EHMT2,0.94292,2.804527650795111,-0.6721003723144531,4.4096950091712435,0.44006,1.0
NR1D1,0.9429,2.8041561158096666,-0.2264222689819336,3.414188271003676,0.46728,1.0
GNG8,0.9429,2.8041561158096666,-0.06947631122589111,4.932144658543932,0.4983,1.0
TADA1,0.94288,2.8037847030582754,-1.1287978125,4.0360461186578025,0.37466,1.0
B3GNT7,0.94286,2.8034134124550163,-0.6782044787597656,3.424653485754463,0.41604,1.0
KAT6B,0.94282,2.802671197349682,-1.443771748046875,2.502001799124637,0.26896,1.0
UBE3D,0.9428,2.802300272676223,-0.7202748388671875,4.445203438496359,0.40638,1.0
MYLK,0.9428,2.802300272676223,0.5790364910888672,3.382347162537428,0.56418,1.0
ATP8A1,0.9428,2.802300272676223,-0.5557990185546875,4.136928773563324,0.4329,1.0
ZNF682,0.94278,2.80192946980813,-0.2642203436279297,3.7359302870922444,0.4499,1.0
IL21R,0.94276,2.801558788659938,-1.410185458984375,3.159929294010236,0.32804,1.0
WRN,0.94276,2.801558788659938,-0.4294126348876953,3.497226599830401,0.46296,1.0
ADAT2,0.9427,2.8004474746814103,-0.1923383612060547,4.758296391415584,0.47394,1.0
NMUR1,0.94268,2.8000772795599227,-1.0507233032226562,4.0188398698430206,0.38818,1.0
SLC2A9,0.94266,2.799707205732338,-0.9722042724609375,3.2786655930970907,0.37816,1.0
ZNF667,0.94264,2.799337253113721,-0.08555718751430512,5.3549733862704345,0.47854,1.0
RPA4,0.94262,2.7989674216192295,0.3030659149169922,3.399896798244842,0.54036,1.0
DSP,0.9426,2.7985977111641094,0.99848373046875,3.8814560389339343,0.60284,1.0
EPAS1,0.94258,2.7982281216636946,-1.2056537719726563,3.1334543447393015,0.35054,1.0
NUP35,0.94256,2.7978586530334075,-0.15928495880126953,3.3626593452522333,0.49452,1.0
ZNF248,0.94252,2.797120078045349,-0.8731813818359375,3.8257593936991885,0.38672,1.0
NEURL2,0.9425,2.796750971518861,-0.17502988929748536,3.69131927301778,0.48872,1.0
FAM169A,0.94248,2.7963819855250724,0.43272948913574216,3.528280498368833,0.5637,1.0
KLHL11,0.94242,2.7952757498989667,-0.7463597265625,3.2721619755909166,0.40902,1.0
TUBA4A,0.94238,2.7945388606048756,-1.4950403759765625,3.013625181593982,0.31578,1.0
ACKR3,0.94232,2.7934344266738362,-0.9516193237304688,3.309390468360868,0.38478,1.0
KCND3,0.9422,2.7912287905876094,-0.4567582830810547,4.267203288113521,0.44684,1.0
ZNF771,0.94216,2.7904945336827836,-1.013651865234375,3.9473064507863302,0.4075,1.0
ADRB2,0.94212,2.7897607532348805,1.270789638671875,3.198612868132326,0.6529,1.0
XPNPEP2,0.94212,2.7897607532348805,-0.9247350830078125,3.5190482648461976,0.39714,1.0
CTTN,0.94212,2.7897607532348805,-0.8613358374023438,3.1962403617698096,0.3955,1.0
OSBPL5,0.94212,2.7897607532348805,0.6838592810058594,3.3546155237086634,0.58436,1.0
GTF3C1,0.94206,2.788660974474281,-1.315844013671875,3.083051812246494,0.33786,1.0
PARG,0.94206,2.788660974474281,-0.46048901977539064,3.4325620299171287,0.44226,1.0
RAB30,0.94206,2.788660974474281,-0.22741869102478027,4.060681996664486,0.48892,1.0
IL2RA,0.94204,2.7882946190673707,1.0037541455078125,3.3736549805627547,0.61964,1.0
RAB3IL1,0.94202,2.7879283822799747,-0.8441744750976562,3.6959569552375195,0.40252,1.0
JAM3,0.94198,2.787196264235211,-0.41057448120117185,3.5686702489003364,0.45164,1.0
ALDOC,0.94196,2.7868303828137937,-0.17375301315307617,3.472438704208143,0.47322,1.0
FLT3LG,0.94194,2.786464619683797,-0.07183903722763062,3.568927761060415,0.49364,1.0
PDE5A,0.94192,2.7860989747634104,-0.4403623962402344,3.6741507818528705,0.44888,1.0
CLUAP1,0.94192,2.7860989747634104,0.35529071105957033,4.2857079430515075,0.54272,1.0
PIF1,0.9419,2.7857334479709053,-0.8665307104492187,3.306427912940697,0.39312,1.0
USP46,0.94184,2.7846375755446777,-1.376329248046875,3.1132350707356204,0.33098,1.0
QPRT,0.94176,2.7831780611566783,-0.5756201586914063,3.267148386796287,0.42694,1.0
TBC1D10C,0.9417,2.7820846591595707,-1.0048781372070312,3.842763914121687,0.36934,1.0
SESN1,0.9417,2.7820846591595707,0.29765588623046874,3.343365672532299,0.52878,1.0
PTCRA,0.94166,2.7813563108017787,-0.45401991973876954,3.4695789457681894,0.44476,1.0
ALOX5AP,0.94156,2.7795374872776266,-0.7549907641601562,3.6179856166927147,0.44332,1.0
ZNF77,0.94154,2.7791740729072743,-0.7561314233398437,3.690295491896694,0.39594,1.0
MYO15A,0.94154,2.7791740729072743,-0.25004819129943845,3.311577171524979,0.46838,1.0
PDP2,0.94148,2.7780845290218315,-0.08608507080078125,3.7734472004584516,0.49212,1.0
HIC1,0.94146,2.7777215805352915,-1.0273582177734375,3.1110484338882265,0.36148,1.0
NFATC2,0.94144,2.777358748319963,-0.05599511577606201,3.862763241451542,0.51338,1.0
RGS13,0.94142,2.7769960322961076,0.9600824780273437,3.0562929116737774,0.63398,1.0
PRKAR2B,0.9414,2.776633432384075,0.0819729168701172,3.4451408278490305,0.50944,1.0
GNG7,0.94136,2.7759085805772767,-0.4976464892578125,3.7240073450658464,0.4492,1.0
ABCB4,0.94132,2.7751841922639793,-0.47055154541015626,3.771354949772643,0.44678,1.0
RAB37,0.94132,2.7751841922639793,-0.351043489074707,3.2938512484481226,0.4548,1.0
ACTA2,0.9413,2.774822171719124,2.166825419921875,2.4875487161471614,0.81254,1.0
LILRA4,0.9413,2.774822171719124,0.5251066046142578,3.6394716476575257,0.57142,1.0
PLCD1,0.94128,2.7744602668098857,-0.37306846740722654,3.9945397591432763,0.46288,1.0
PAQR3,0.94126,2.77409847745718,0.07605155193805695,3.6438223552693008,0.50926,1.0
PPBP,0.94124,2.7737368035820027,-0.17491120121002196,3.3930914211090406,0.47832,1.0
GADD45A,0.9412,2.773013801948627,-0.9533458203125,3.3176788744663317,0.38958,1.0
GDPD3,0.94116,2.7722912612793387,-0.77397826171875,3.23298152862792,0.4024,1.0
SUV39H1,0.94116,2.7722912612793387,-0.7410637768554688,3.6588149264663152,0.41488,1.0
HSD17B8,0.94114,2.7719301636095746,-0.4214890802001953,3.3959129505586554,0.4458,1.0
ATP8B3,0.94114,2.7719301636095746,-0.2564573345947266,3.411509000276867,0.46324,1.0
ZNF551,0.9411,2.771208313207202,-0.49062359191894533,4.712507863765593,0.44012,1.0
RORB,0.94106,2.7704869221984905,0.30739115783691406,4.401985166996668,0.52194,1.0
GFOD1,0.94102,2.7697659899575084,-0.35212629577636717,3.3360819906569015,0.46624,1.0
KLK1,0.94098,2.7690455158595957,0.1991021957397461,3.6584917213281503,0.5284,1.0
KDM4D,0.94096,2.768685450419429,-0.024578067049980164,3.194458541246871,0.49526,1.0
GATA3,0.94094,2.7683254992813566,-0.45112427856445314,4.148098520818268,0.45174,1.0
HCRT,0.94094,2.7683254992813566,0.32641348304748535,3.657481862432445,0.529,1.0
ACTR5,0.94092,2.7679656623676516,-0.7890267626953125,3.6098423953564867,0.41518,1.0
RAB39B,0.94092,2.7679656623676516,-0.40803630859375,5.312371053928668,0.44048,1.0
ZNF324B,0.9409,2.7676059396006667,-0.48503242248535156,3.9355787964669813,0.4517,1.0
QTRT1,0.94084,2.766527455404744,0.04164325305938721,4.144659131465112,0.5023,1.0
PTPN7,0.94082,2.766168188449741,-0.9481129052734375,3.12711144995129,0.3924,1.0
LZTFL1,0.9407,2.7640149729742256,-0.7952025451660156,3.6834448176484864,0.4219,1.0
SCN1B,0.9407,2.7640149729742256,-0.7562682055664063,3.193855692184506,0.40586,1.0
CDC14B,0.9407,2.7640149729742256,0.42409244323730466,3.2536369094678514,0.55272,1.0
BCKDHB,0.94068,2.763656500718899,-0.16975783699035646,4.7270499781079485,0.46634,1.0
ARHGAP24,0.94066,2.7632981416846425,-1.1208165112304687,3.357493274802,0.35378,1.0
MDC1,0.94062,2.7625817629728813,-0.5695536987304688,3.367744578378821,0.43648,1.0
MT1X,0.94058,2.7618658362268222,0.4017230120849609,3.200763725464422,0.55184,1.0
NCK2,0.94058,2.7618658362268222,-0.33577181640625,3.256377100177012,0.46352,1.0
PIK3R1,0.94054,2.7611503608355816,-0.42011489135742186,3.357037838388516,0.45252,1.0
DYNC2LI1,0.94052,2.7607927922074516,-0.52627173828125,3.860541515365614,0.4315,1.0
CTSF,0.94048,2.7600779927057157,-1.0221312866210936,3.0611725018422775,0.36146,1.0
GRAP2,0.94048,2.7600779927057157,-0.0015958567357063293,4.0474448044944085,0.50032,1.0
GRIP1,0.94046,2.7597207616801573,0.10140986824035644,3.489492528855159,0.5098,1.0
PROK2,0.94044,2.7593636430369664,-0.6621137658691406,3.354907443551399,0.40766,1.0
SMAD5,0.94034,2.7575797329066605,-1.098797998046875,3.0874908701971377,0.36076,1.0
KCNMB3,0.94032,2.7572232869688356,-0.6930379168701172,3.2555809846082506,0.41528,1.0
ABCC5,0.94026,2.7561546199752156,-1.3192891333007812,3.232264210262208,0.34584,1.0
CTSL,0.94026,2.7561546199752156,0.4549101025390625,3.0638977999103365,0.55432,1.0
THRA,0.94022,2.7554427335777625,0.24166677352905275,3.3866605138686485,0.5148,1.0
LPIN2,0.94018,2.7547312930922025,1.4168934619140625,2.227317478932939,0.74706,1.0
RGS17,0.94018,2.7547312930922025,0.928162041015625,3.610963961801642,0.6025,1.0
ABHD14B,0.94018,2.7547312930922025,-0.7919747119140625,3.644553390343409,0.40898,1.0
CCL5,0.94018,2.7547312930922025,-0.16517351348876952,3.8059721439392824,0.4813,1.0
LRRC1,0.94018,2.7547312930922025,-0.10829639077186584,3.728472754258208,0.50226,1.0
ZNF665,0.94018,2.7547312930922025,-0.08274961725234985,3.473405130987399,0.47566,1.0
CEP250,0.94016,2.7543757398792357,-1.0884974072265625,3.14230639629732,0.37002,1.0
BCL2L11,0.94014,2.7540202979198187,-0.6083170581054688,3.362998314228749,0.43636,1.0
ITGA10,0.94014,2.7540202979198187,-0.39765765106201173,3.33754205760794,0.4581,1.0
SMOX,0.94012,2.7536649671392994,-1.7851142578125,2.958212789315033,0.2495,1.0
ZNF799,0.9401,2.7533097474631023,-0.8730560498046875,3.914037109337932,0.38752,1.0
DUSP4,0.94008,2.752954638816722,-0.8610595751953125,3.199042642704137,0.3952,1.0
CD320,0.93998,2.7511807584297343,-0.1763710502910614,5.125603879312098,0.47282,1.0
ATP8A2,0.93996,2.7508263144018867,-0.1453749743652344,4.83340594113802,0.49508,1.0
AASS,0.93994,2.7504719808844236,1.1374158032226562,3.8024881319610135,0.61618,1.0
MGST2,0.9399,2.749763645085093,-1.4836194384765624,2.9641625547255313,0.31102,1.0
ST6GALNAC6,0.93988,2.7494096426556314,-1.0354822680664062,3.28537766983608,0.3771,1.0
NCR1,0.93984,2.748701968368671,0.008729853458404541,3.7197620104865035,0.5,1.0
HSPA2,0.9398,2.7479947343539393,-0.37243412017822264,3.412505393475895,0.45262,1.0
IGFBP2,0.9397,2.746228571655879,-1.03530912109375,3.1281663059758484,0.36744,1.0
PDGFA,0.9397,2.746228571655879,0.24324322326660155,3.335419763681908,0.52206,1.0
CHGB,0.93966,2.7455228739754833,-0.28777978958129885,4.383102771106736,0.48308,1.0
TPD52L1,0.93966,2.7455228739754833,-0.2083335775756836,3.6419501251670807,0.46776,1.0
BCL2,0.93964,2.745170189285917,0.20244067827224732,3.184045566605191,0.52278,1.0
EPOR,0.93962,2.7448176139329985,-1.1711603833007813,3.1802741192819,0.36652,1.0
STARD10,0.93958,2.744112790946219,-1.7059938720703125,3.1116501328207744,0.25016,1.0
MIB2,0.93958,2.744112790946219,-1.1665718701171874,3.1885837976053395,0.36104,1.0
NUP88,0.93958,2.744112790946219,-0.7590625610351562,3.396975729462863,0.42004,1.0
PER2,0.93954,2.743408404434095,-1.2658098022460937,3.0130397917593466,0.33938,1.0
ARHGEF19,0.93954,2.743408404434095,0.7107876586914063,3.3599801033454035,0.58378,1.0
ZNF599,0.93954,2.743408404434095,-0.6911854504394531,3.6306448690677953,0.43224,1.0
LYPD2,0.93946,2.7420009385153583,1.753340283203125,3.7224825857614414,0.77456,1.0
ACACB,0.93946,2.7420009385153583,-0.039513444633483885,4.305846581271004,0.49876,1.0
ERBB2,0.93942,2.741297857952396,-0.1148928785699606,3.946357648383368,0.4918,1.0
SLC12A4,0.93936,2.740244050981759,-1.6129528369140624,2.8228312716275443,0.26756,1.0
STMN1,0.93934,2.7398929987369742,-0.8781089916992187,4.320496109238727,0.37766,1.0
SLC25A12,0.93934,2.7398929987369742,0.1089341536617279,3.4662857224327315,0.51156,1.0
TMEM67,0.93928,2.738840491234582,-0.8247465966796875,3.7936400834179396,0.3977,1.0
ZNF441,0.93922,2.7377889560773663,-0.9538693969726563,3.4902213746167337,0.35808,1.0
PIK3C2B,0.9392,2.737438660101711,-0.11334853828430176,4.9147525369538,0.47444,1.0
ITGB3,0.93918,2.7370884718789683,-1.0305882629394532,3.4471801967483424,0.37694,1.0
NMT2,0.93916,2.7367383913379646,-0.7950224243164062,3.4608545064978626,0.39292,1.0
FEN1,0.93912,2.7360385530168356,-0.34220611328125,3.2701452231851174,0.46384,1.0
EEF2K,0.93908,2.735339144570347,-1.4858502001953124,3.1388785260550542,0.33092,1.0
AHI1,0.93908,2.735339144570347,-1.1912339965820313,3.2219704646011578,0.35292,1.0
TBL1XR1,0.93908,2.735339144570347,-0.2381472071647644,3.1934199269113708,0.47338,1.0
ACSL6,0.93906,2.734989601372903,-1.358781044921875,3.1774819730642876,0.32536,1.0
NRGN,0.93904,2.7346401654316335,-0.6662786547851562,3.208319790665775,0.41798,1.0
DPH2,0.939,2.7339416150349507,-0.42915216674804685,3.4431831968616566,0.45778,1.0
SARS2,0.93898,2.7335925004383816,-0.04776996808052063,5.446536060782081,0.4861,1.0
CDK8,0.93896,2.7332434928156673,-0.3655727816772461,3.2422389330691312,0.46336,1.0
ZNF584,0.93894,2.732894592096404,-0.8171967529296875,4.224657559879993,0.39806,1.0
PLEK,0.93892,2.7325457982102543,0.6910662475585938,3.0288132377195667,0.61046,1.0
NFE2,0.93892,2.7325457982102543,-0.24450795192718505,3.710655397450951,0.47068,1.0
CBX8,0.9389,2.7321971110869514,-0.6040096594238281,3.2819816546292135,0.43112,1.0
TBCD,0.93886,2.7315000568481604,-1.2862174560546875,3.0897046480189996,0.34438,1.0
RPS6KA5,0.93886,2.7315000568481604,1.1696958032226563,2.972541757715239,0.66352,1.0
PDK1,0.9388,2.7304552744585875,-0.5604362670898437,3.161439103660768,0.4305,1.0
HDAC4,0.93876,2.729759284695507,0.1787207260131836,3.2940432085669156,0.52728,1.0
MTA2,0.9387,2.72871609640078,-0.8152722094726562,3.1658469649860796,0.40252,1.0
CHTF18,0.9387,2.72871609640078,-0.4083012194824219,3.409382664534984,0.45258,1.0
ZNF692,0.93866,2.72802116762577,-1.0738986547851563,3.461500092472645,0.35748,1.0
NT5E,0.93862,2.7273266622732657,-0.6991353881835938,3.4518613669279037,0.41686,1.0
POLR1E,0.93862,2.7273266622732657,-0.6918622644042969,3.6954404451507346,0.4172,1.0
TMOD1,0.93862,2.7273266622732657,0.15273722190856934,3.2105614185518476,0.52016,1.0
CLEC4C,0.93858,2.726632579789057,1.383034384765625,2.938853955242327,0.68888,1.0
ANKRD26,0.93854,2.7259389196200168,-0.3954953744506836,3.266621589947803,0.45188,1.0
RNF125,0.9385,2.7252456812140915,-0.6892197241210938,4.2005372145277375,0.40362,1.0
CDK6,0.9385,2.7252456812140915,-0.5100335717773438,3.257365753810515,0.44548,1.0
ZNF20,0.93848,2.724899220000076,-0.7625346130371093,3.0687652028414205,0.40204,1.0
RMI2,0.93848,2.724899220000076,0.49542656982421873,3.1371939613948334,0.55958,1.0
PNOC,0.93846,2.7245528640203087,0.07625435722351075,3.8105231862162876,0.51058,1.0
KIR2DL3,0.93844,2.7242066132060874,-0.8237287231445313,4.087532818871816,0.38336,1.0
MATN1,0.93842,2.7238604674887714,-0.010610049514770507,3.176795113392473,0.5045,1.0
DAAM1,0.93838,2.7231684910706457,-0.7260139038085938,3.370951684137449,0.40584,1.0
PPP2R5A,0.93832,2.7221313129581763,-0.6295268994140625,3.277257336331573,0.43526,1.0
TAF1C,0.9383,2.7217857963846623,-0.4277786572265625,3.2672533186985118,0.45156,1.0
HGD,0.93828,2.721440384429463,0.3527044741821289,3.1821952891957164,0.54612,1.0
TAL1,0.93824,2.720749874101656,-0.0012596636390686034,3.279673540222413,0.49784,1.0
SLC26A2,0.9382,2.720059781430713,-1.006761572265625,3.092017394242268,0.3723,1.0
ARHGAP6,0.93818,2.719714891546839,-0.032012479400634765,3.5001629267310723,0.49028,1.0
HOXB4,0.93818,2.719714891546839,0.02033095760345459,3.8620368618742402,0.52084,1.0
ZNF519,0.93816,2.7193701058736424,-0.18381123531341553,3.6059666147438962,0.46596,1.0
MTA1,0.93808,2.717992003934434,-0.9775757275390625,3.200981110835625,0.38364,1.0
CTC1,0.93808,2.717992003934434,-0.44809830505371095,3.111365584374969,0.4488,1.0
PHC1,0.93804,2.717303576471571,-0.9776082250976562,3.116394308547365,0.3754,1.0
APOBEC3H,0.93804,2.717303576471571,0.5443536877441406,3.5122004265242115,0.56518,1.0
IRS2,0.93802,2.7169595183809325,-0.47770091613769533,3.1790564451730337,0.43944,1.0
CDK4,0.93802,2.7169595183809325,-0.394010676574707,3.345870922102367,0.4593,1.0
NDC80,0.938,2.716615563961132,1.3183286474609375,3.033034997495712,0.65884,1.0
PHLDA1,0.93798,2.7162717131449856,-1.969963701171875,2.3949732857597197,0.20482,1.0
ZNF544,0.93798,2.7162717131449856,-0.71571830078125,4.388513483535945,0.41528,1.0
GAS8,0.93798,2.7162717131449856,-0.0835900164604187,3.1707190526299627,0.49298,1.0
PRPS2,0.93796,2.715927965865368,1.0277870458984375,3.2640781921598268,0.65156,1.0
HSPA6,0.93792,2.715240781647564,-0.2862221297264099,3.2539756299436813,0.46362,1.0
SLC41A1,0.93788,2.7145540107720496,-0.6594605346679687,3.656257949576375,0.42314,1.0
FCGR3B,0.93786,2.714210780170534,1.3830498828125,3.050499519509441,0.70352,1.0
TCTN2,0.93782,2.7135246283063217,-0.739632783203125,3.354362892759771,0.40236,1.0
RNF152,0.93782,2.7135246283063217,-0.7297804504394532,3.1215003069087452,0.4022,1.0
GNB5,0.93782,2.7135246283063217,-0.3950378112792969,3.6782313985677497,0.47042,1.0
RINL,0.93778,2.7128388884497303,-0.8769600024414063,3.4856770691904995,0.33982,1.0
OBSCN,0.93768,2.711126337852431,-1.1029365576171875,3.5997999310547173,0.3502,1.0
RGS3,0.93758,2.7094163506945836,-0.6553883081054688,3.3165070271162023,0.43452,1.0
ARHGEF7,0.93756,2.709074660149421,-1.1827611889648437,3.0386153548229773,0.347,1.0
IFT140,0.93754,2.7087330717461042,-0.6474102893066406,4.820483223811684,0.4416,1.0
PPAT,0.93752,2.7083915854189167,-0.42054408508300783,4.251923087042696,0.4364,1.0
SOX4,0.93744,2.707026659559424,-1.17098740234375,3.0239957378115196,0.35688,1.0
SLC2A5,0.93744,2.707026659559424,-0.5690341259765626,4.066876340791122,0.43596,1.0
ITGB3BP,0.93744,2.707026659559424,-0.06829389439582825,3.275540974917464,0.49494,1.0
IL5RA,0.93742,2.706685682629401,-0.6413737670898437,4.000862451391135,0.42728,1.0
POU3F1,0.9374,2.706344807382553,-1.2134573779296876,3.6076319574459794,0.35554,1.0
COQ10A,0.93734,2.70532279108864,-0.8396524536132812,4.218824916847842,0.399,1.0
PTPN4,0.93732,2.7049823219223867,0.2871508325195313,4.1927581102728,0.54764,1.0
LIPC,0.93732,2.7049823219223867,-0.060337543106079104,3.5149245032723564,0.48258,1.0
GTF2H2,0.93724,2.7036214581823996,-0.10975190223693848,3.120678284837348,0.48962,1.0
TNNC2,0.93722,2.703281495154321,0.6996128442382813,3.014012566494925,0.5953,1.0
ALDH8A1,0.93722,2.703281495154321,0.152794543800354,3.9859964738926754,0.51124,1.0
GALNT3,0.93722,2.703281495154321,0.07248869712829589,3.1503033085186645,0.51246,1.0
PTPRB,0.93716,2.7022622120110187,-1.1639737670898438,3.496512105722527,0.33696,1.0
SLC4A7,0.93714,2.701922652728264,-1.5295272412109375,2.932116092136984,0.30304,1.0
GPSM1,0.93712,2.7015831942205204,0.26878987670898435,3.129682474757426,0.52944,1.0
MNAT1,0.9371,2.7012438364233837,-0.71228279296875,3.157574960169693,0.415,1.0
ABHD4,0.93706,2.70056542270361,-0.7132917175292969,3.180325615318989,0.41006,1.0
SYCP3,0.93706,2.70056542270361,-0.6682263940429688,3.0867596610449493,0.41944,1.0
HLTF,0.93704,2.7002263666524713,-0.5825633764648438,4.508735868417209,0.42266,1.0
ZNF154,0.93696,2.698871146343214,0.08544984120845794,4.895701323573309,0.50748,1.0
FGL2,0.93694,2.6985325919196863,0.6999175439453125,3.406996260287801,0.6084,1.0
MEIS1,0.93694,2.6985325919196863,0.35311675689697264,3.4981935965310815,0.54602,1.0
GTSE1,0.9369,2.6978557834099743,-1.5025827978515625,3.385408275734711,0.31412,1.0
RPEL1,0.9369,2.6978557834099743,-0.2256450375366211,3.37016513943087,0.47746,1.0
OTUD3,0.93686,2.6971793749250623,-1.24989578125,2.902354416850818,0.33538,1.0
TRAT1,0.93686,2.6971793749250623,0.03321368729114532,4.656024429875935,0.50128,1.0
SOCS2,0.93684,2.6968413205327586,0.19515501937866211,3.1839635999664497,0.53182,1.0
TNFSF4,0.93684,2.6968413205327586,0.05978599016189575,3.5833733085171104,0.51072,1.0
RGS2,0.9368,2.6961655111306952,-1.00938041015625,2.9885558307011433,0.38126,1.0
NDUFAF6,0.93674,2.6951525445324815,-1.0137016650390624,3.2663904708002276,0.37842,1.0
PMAIP1,0.9367,2.694477731064954,1.1366086547851562,2.773972026702861,0.6655,1.0
GZMH,0.9367,2.694477731064954,-0.1530645426940918,4.031355836264314,0.47996,1.0
VASH1,0.93668,2.6941404734209997,-1.685173828125,2.6062858565164206,0.25746,1.0
GNG11,0.93668,2.6941404734209997,-0.2237724203491211,3.2814196988237567,0.47198,1.0
SLC39A10,0.93668,2.6941404734209997,-0.1587402276611328,3.088477789421043,0.48862,1.0
DTX4,0.93668,2.6941404734209997,0.1397142472934723,3.7296632575931996,0.51094,1.0
SAP30,0.93668,2.6941404734209997,-0.012208804197311402,3.2634450750089345,0.49326,1.0
ZNF714,0.93666,2.693803315086137,-0.7003323083496094,3.29543392226376,0.40732,1.0
IDE,0.93664,2.6934662559973512,-1.517441865234375,2.8738534381682586,0.3032,1.0
RFC5,0.93654,2.691782447043328,-0.5262925219726563,3.211610378046839,0.4422,1.0
CLU,0.93654,2.691782447043328,-0.2734766694641113,3.173316280231741,0.46594,1.0
PRKAB1,0.93652,2.691445982111084,-0.008737014694213866,3.152719986458,0.49886,1.0
SYT11,0.93648,2.69077334860403,-0.8712840234375,3.1312360544404125,0.39822,1.0
CRLS1,0.93646,2.6904371799042046,-0.604795419921875,3.1807310234899653,0.43506,1.0
PAXIP1,0.93642,2.6897651382998613,-0.4413063215637207,3.318403539484069,0.43758,1.0
TNNT3,0.93642,2.6897651382998613,0.3998220196533203,3.13655529369607,0.54674,1.0
ZNF10,0.93642,2.6897651382998613,-0.3107007308959961,3.3480092699163326,0.45326,1.0
HENMT1,0.93634,2.6884222365283597,-1.1724350366210938,3.3959912878408263,0.35648,1.0
DYRK2,0.93634,2.6884222365283597,-0.18080254501342774,3.2968272168145494,0.49126,1.0
MEF2C,0.93632,2.688086756855578,-0.707674794921875,3.431337490042299,0.41032,1.0
MUC12,0.9363,2.687751375366726,-0.29762433143615724,3.6333803550154475,0.46606,1.0
KIF3A,0.9363,2.687751375366726,-0.041643401927948,3.6745535345995934,0.501,1.0
IFT88,0.93624,2.6867458193845506,-1.4559761181640625,2.858059128295968,0.30776,1.0
CDC23,0.93624,2.6867458193845506,-0.5152280877685547,2.956493871745401,0.4343,1.0
DVL2,0.93618,2.6857411448310486,-0.4928590283203125,3.0452648530264423,0.43596,1.0
ERCC5,0.93608,2.6840686414526838,-1.0162276147460938,2.918689873154129,0.37056,1.0
AVP,0.93596,2.682064852393175,-1.2239265942382813,4.386152528631019,0.3736,1.0
DCP1B,0.93594,2.6817312276778202,-0.7769235327148437,3.3857235396313574,0.41738,1.0
KDM4B,0.93594,2.6817312276778202,-0.68480375,2.9375434830161984,0.41524,1.0
BEGAIN,0.93586,2.6803976983759066,-0.45565671508789063,3.126967918646642,0.44438,1.0
CD200,0.93584,2.680064558136457,0.1334415040588379,3.449117194251598,0.51858,1.0
BICD1,0.93582,2.679731514610078,-0.23709817993164062,3.425141209444598,0.46362,1.0
SUN1,0.9358,2.6793985677361998,-0.6752558081054687,3.3560775886620724,0.40742,1.0
CTPS1,0.9358,2.6793985677361998,0.04965040700912476,3.901921060462888,0.51716,1.0
NME3,0.93578,2.6790657174543075,-1.12571873046875,2.108886896311494,0.27006,1.0
HYAL2,0.93572,2.6780677455562545,-0.8078391381835938,3.020923394159688,0.39518,1.0
TNFRSF9,0.93566,2.6770706408129783,-1.1698985229492187,2.9191851162398446,0.33942,1.0
GNG2,0.93564,2.676738464985327,0.11082713466644287,3.339255162687351,0.50576,1.0
TNFSF14,0.93562,2.6764063852675752,-1.6632855517578125,2.4857617948342234,0.2391,1.0
ANKH,0.9356,2.676074401599716,-1.2454935546875,2.5882923274660063,0.30222,1.0
ZNF658,0.93558,2.675742513921796,-0.6505790808105468,3.032477088008944,0.41788,1.0
GSPT2,0.93554,2.675079026296246,-0.6061659069824219,3.3935948748284877,0.4356,1.0
SLC7A5,0.93554,2.675079026296246,0.02042621807098389,3.0351302735513377,0.51234,1.0
HFE,0.93552,2.6747474262289876,1.530599482421875,2.6218408202844596,0.7264,1.0
PIK3CB,0.93552,2.6747474262289876,-0.5219391479492187,3.1787574706303157,0.44264,1.0
ZNF133,0.93548,2.6740845132868607,-0.35231577911376954,3.7425972085204355,0.45334,1.0
PCYOX1L,0.93544,2.6734219828703707,-0.35764921447753906,3.2664931932534467,0.4591,1.0
ZNF776,0.93544,2.6734219828703707,0.277675015335083,3.904567020440123,0.5435,1.0
SETD2,0.93542,2.6730908609603645,-0.7653013525390625,3.020067021833188,0.40088,1.0
CENPL,0.93538,2.6724289034395694,-0.4062061431884766,3.4900627802177056,0.46388,1.0
GP1BA,0.93534,2.6717673272553566,0.471278742980957,3.483485673885324,0.55746,1.0
KIR3DL1,0.93534,2.6717673272553566,-0.05473538296699524,3.880584239241748,0.48892,1.0
STAT5B,0.93532,2.671436682016287,-0.39300454513549804,3.05555475313041,0.45072,1.0
RGS1,0.9353,2.6711061319336507,0.2754577423095703,2.879622076877314,0.56968,1.0
S1PR4,0.93528,2.670775676948327,-0.8406347143554688,3.6107338724050266,0.36388,1.0
CAMK2D,0.93528,2.670775676948327,0.39673277526855466,3.264317893243964,0.55302,1.0
ZIK1,0.93522,2.6697848819858323,-0.7582025854492187,3.9730759213634617,0.40556,1.0
SELP,0.93522,2.6697848819858323,-0.0296540869140625,3.4371998804174586,0.48876,1.0
CYGB,0.9352,2.66945480679963,-1.1541696362304688,4.453817203835226,0.39494,1.0
HLA-DMA,0.93516,2.668794940775994,-0.9316822119140625,3.0441022277825067,0.37338,1.0
KCTD3,0.93516,2.668794940775994,-0.4786477432250977,3.277609464051967,0.42776,1.0
LETM1,0.93514,2.6684651498210257,-1.0649011157226562,3.1921065959617705,0.38748,1.0
NABP2,0.9351,2.6678058517313574,-0.72032853515625,3.4352652913206208,0.40974,1.0
RUVBL1,0.93508,2.667476344479447,-0.6812096398925781,3.7667925613119344,0.42292,1.0
LMO7,0.93508,2.667476344479447,-0.495029140625,3.301389311230512,0.44722,1.0
NUP107,0.93498,2.6658302238098193,-0.26650341552734375,3.3882609661631378,0.47058,1.0
CUL4B,0.93496,2.6655012823853466,0.4582949298095703,2.9311660561484896,0.56446,1.0
MMP11,0.9349,2.6645150224827456,-0.403026696472168,3.6733084847475346,0.45662,1.0
ZNF2,0.93486,2.6638579856092313,-0.23286615592956542,4.407208086651638,0.4553,1.0
ZNF529,0.93486,2.6638579856092313,0.002865500707626343,3.9960697136177683,0.50936,1.0
SMAD3,0.93482,2.66320132397721,-0.6553951184082031,3.048519846481518,0.4157,1.0
ID3,0.9348,2.662873133732095,-1.67306623046875,2.5684772995814247,0.24696,1.0
GTF3C2,0.93472,2.6615613085435244,-1.0360856982421875,2.9943468187921214,0.37396,1.0
TEX2,0.9347,2.661233585906152,-1.336536533203125,2.8189839803288828,0.3191,1.0
TIRAP,0.9347,2.661233585906152,-0.9088723168945313,2.932232700790094,0.38046,1.0
HMOX1,0.9347,2.661233585906152,-0.3081861637496948,3.8571573891158173,0.4666,1.0
ZNF792,0.93468,2.6609059566175923,-0.3892754382324219,4.541907108260137,0.43942,1.0
DUSP2,0.93466,2.6605784206203924,-0.6651348461914063,3.0001591643414414,0.4137,1.0
MCEE,0.93462,2.659923628270505,-0.5118578784179687,3.3906016399824166,0.44086,1.0
ITK,0.93462,2.659923628270505,0.040725120391845705,4.424752524386993,0.50738,1.0
SHMT2,0.93458,2.659269208397904,-0.8073604443359375,3.0544026963829896,0.39728,1.0
CCL22,0.93456,2.658942137997507,-0.9642284301757813,3.163444970489569,0.37598,1.0
PLA2G12A,0.93456,2.658942137997507,-0.1660750612640381,3.2435384582699407,0.48508,1.0
PRKCI,0.93454,2.6586151605448434,-0.3479097542953491,2.9634101769894934,0.46632,1.0
FLRT2,0.93448,2.6576347853026263,-2.32881380859375,2.999038796988224,0.20554,1.0
TSEN54,0.93446,2.657308179070537,-1.0923333325195312,3.71730811332835,0.3559,1.0
GRPEL2,0.93444,2.656981665501267,0.021223197317123414,3.3349901502790287,0.51298,1.0
PIK3CD,0.9344,2.656328916123919,-0.2532627826690674,3.1058721466022585,0.47288,1.0
ADAL,0.9343,2.6546986603083456,-0.4321742535400391,3.2896578980879014,0.44636,1.0
TRIM62,0.93428,2.6543728860002087,-1.53167013671875,2.6545410367371356,0.26218,1.0
PVALB,0.93428,2.6543728860002087,-0.6902084399414062,2.9452688433203598,0.40514,1.0
NUDT18,0.93424,2.6537216137873023,-0.6191544494628907,3.0053057921664235,0.42488,1.0
ZNF432,0.93414,2.6520950429814194,-0.8732507116699219,2.662887517874014,0.34796,1.0
GRB14,0.93414,2.6520950429814194,-0.2474415584564209,3.3163533688882065,0.46078,1.0
OXTR,0.9341,2.651445057370342,-0.3690480513000488,3.9363147745806146,0.4528,1.0
MOGS,0.93402,2.650146185475377,-0.921782587890625,2.941617875905904,0.37716,1.0
LAT,0.93396,2.64917299170737,-0.7153378393554688,3.62932705891688,0.39442,1.0
LIN52,0.93388,2.647876677364414,0.24897112045288086,3.1054407117175717,0.53668,1.0
CTSW,0.93384,2.647229066628972,0.08722898735046387,3.9679102864437112,0.5192,1.0
HLA-DRB5,0.93376,2.6459349358173623,-0.6442251379394531,3.498067070463257,0.4234,1.0
DENND3,0.93368,2.644642256277058,-1.1243828491210937,2.755160585016295,0.34402,1.0
PIGL,0.93366,2.644319312740568,-0.3649622143554688,3.47834787640343,0.43974,1.0
ZNF530,0.93364,2.643996459633743,-0.15548153472900392,3.5319839038486305,0.47988,1.0
CHD3,0.93362,2.643673696901789,-1.0013787841796875,2.9327058057525663,0.37326,1.0
BCL9L,0.93362,2.643673696901789,-0.836172724609375,3.060756381639077,0.4035,1.0
ERCC8,0.93362,2.643673696901789,-0.5101755883789062,2.9787888310976722,0.44296,1.0
PDE4D,0.93358,2.643028442343553,-0.5882580712890625,3.9900731044760662,0.43552,1.0
ST6GAL1,0.93356,2.6427059504079256,0.417696552734375,3.0287420004778913,0.55666,1.0
GPSM2,0.93354,2.642383548628479,-0.9174111157226562,2.8611607349113597,0.37716,1.0
PREX1,0.93352,2.6420612369506595,-1.5325665966796875,2.436508792410083,0.26108,1.0
MRPS24,0.9335,2.6417390153199687,0.31897765335083006,3.3226252290790783,0.55234,1.0
MTOR,0.93344,2.6407728901664043,-0.9605658862304688,2.901048364938143,0.37182,1.0
NELFCD,0.93342,2.6404510281802067,-0.9936477416992188,3.155957607958089,0.37508,1.0
RNF144A,0.93336,2.639485980657014,0.8862773876953125,3.2825147219582234,0.61104,1.0
ATP6V1G2,0.93336,2.639485980657014,-0.1965566445350647,3.687802447493509,0.4626,1.0
PRMT6,0.93334,2.639164477447224,-0.20527889526367188,3.7907380997352385,0.47832,1.0
UBL4A,0.93332,2.6388430637962657,-1.225362275390625,2.90243290813707,0.33736,1.0
ZNF202,0.93332,2.6388430637962657,-0.2862400744628906,3.051114374201495,0.4801,1.0
ZNF138,0.9333,2.6385217396501233,-0.5994760522460938,4.3821364235562585,0.39968,1.0
BDH2,0.9333,2.6385217396501233,-0.3578306741333008,3.179977394901858,0.44612,1.0
METAP1,0.93328,2.638200504954836,-1.0000438208007814,2.974499690900249,0.38328,1.0
FES,0.93328,2.638200504954836,-0.30553697143554687,3.0948739452861393,0.456,1.0
INPP5E,0.93328,2.638200504954836,-0.2202802099609375,3.3706868487334396,0.46934,1.0
ALG1,0.93322,2.6372373370352036,-0.15025507314682007,3.4464237769742776,0.47932,1.0
RAD51C,0.93316,2.636274972235245,-0.591676513671875,3.5514200005570444,0.42398,1.0
FAS,0.93314,2.635954362189045,1.9550553125,2.0650214072898923,0.8314,1.0
SUMF1,0.93314,2.635954362189045,-1.247977197265625,2.741269594425872,0.32384,1.0
ANGPT2,0.93312,2.635633841163737,-0.5065289208984375,3.4577014774241235,0.43806,1.0
ZAP70,0.9331,2.635313409105794,-0.34597681884765624,4.059020957641147,0.44932,1.0
POLR3D,0.9331,2.635313409105794,0.24202177947998046,3.128379670773249,0.53556,1.0
TSC22D3,0.93308,2.6349930659617327,-0.8865187963867187,2.815461192831566,0.3625,1.0
STK11,0.93308,2.6349930659617327,-0.7888035180664063,2.907394577389877,0.39268,1.0
ZNF445,0.93306,2.634672811678121,-0.6687317150878906,3.6991228007188552,0.4144,1.0
OMG,0.93304,2.6343526462015743,-0.050498170623779294,3.380038440112575,0.49632,1.0
COMMD3,0.933,2.6337125814563787,-1.0407294018554687,2.1270714874904435,0.26664,1.0
ABCE1,0.933,2.6337125814563787,-0.516758193359375,3.2217858669875863,0.44626,1.0
ZNF439,0.9329,2.6321139699892786,-0.231155615234375,3.9121452279626094,0.46822,1.0
ATP1B1,0.9329,2.6321139699892786,0.11166582466125488,3.0317147165439184,0.5189,1.0
STARD13,0.93288,2.6317945130531273,-1.0238856396484375,2.9125828035519796,0.3622,1.0
SNAPC1,0.93288,2.6317945130531273,-0.45109454162597656,3.034035647164557,0.44936,1.0
MSH6,0.93286,2.6314751444457207,-0.3108185925292969,2.974358968785435,0.46086,1.0
RAB33B,0.93286,2.6314751444457207,-0.301618134765625,3.0962281326184615,0.46204,1.0
FOS,0.93282,2.6308366720055574,-1.5172268017578125,2.5255496965072295,0.2806,1.0
EMILIN1,0.93282,2.6308366720055574,-0.31003022988319395,3.1765711059149258,0.45736,1.0
DARS2,0.9328,2.6305175680671233,-0.4956980792236328,2.9674822023535796,0.44296,1.0
CSF2,0.93278,2.630198552246084,-0.4233516401290894,4.092094835974908,0.46022,1.0
MAN1A1,0.93276,2.629879624489714,1.116728251953125,2.831345301162456,0.65656,1.0
RHNO1,0.93272,2.6292420329603434,-0.7573653100585938,3.160536967025121,0.4078,1.0
C1QC,0.9327,2.6289233690821354,1.50183099609375,4.110599977472517,0.63452,1.0
PLK2,0.9327,2.6289233690821354,-0.46649702880859373,2.9932773920153566,0.43572,1.0
CD79A,0.93268,2.6286047930581864,-0.9117435009765625,3.99496059500147,0.35342,1.0
FHL2,0.93266,2.6282863048360117,0.014637548127174377,2.965085554203677,0.4993,1.0
ALG8,0.93264,2.6279679043631687,-0.26078090881347654,3.4884976111821286,0.47222,1.0
EIF2B3,0.93264,2.6279679043631687,-0.18923817527770997,3.5483044926263814,0.48202,1.0
ZNF569,0.9326,2.6273313664559588,-0.9216537719726563,3.8532557444868716,0.389,1.0
AKR7A2,0.93256,2.6266951789179758,-1.2998041162109375,2.8864100286049283,0.3201,1.0
PADI4,0.93256,2.6266951789179758,0.03988085738182068,3.2093822032580492,0.51116,1.0
CYFIP2,0.93252,2.6260593413313837,-0.7973183520507813,3.5445554265726367,0.39298,1.0
TTLL5,0.93246,2.625106240198153,-1.06419115234375,3.648768499956291,0.3834,1.0
EXOSC6,0.93238,2.623836659630357,-1.005476962890625,2.8454503884330413,0.36412,1.0
DEF6,0.93238,2.623836659630357,-0.742950048828125,3.807408037908964,0.38964,1.0
ABLIM3,0.93236,2.623519482168089,0.4562641442871094,2.9712860423529914,0.56364,1.0
HSPA1A,0.93234,2.6232023916741345,1.547910029296875,2.857926930150095,0.6889,1.0
MOCS3,0.93228,2.6222516414853954,-0.7115826196289062,2.9291259061159463,0.4037,1.0
ZNF461,0.93228,2.6222516414853954,-0.5849027624511719,3.9052657420833077,0.4302,1.0
SH2D1B,0.93226,2.621934898348164,-0.380601376953125,3.578773469358795,0.45092,1.0
GALT,0.93224,2.621618241921208,-0.45174706909179685,3.7915109918331997,0.44786,1.0
HLA-DQA1,0.93222,2.62130167215306,-0.7559880712890625,3.426748163137852,0.40608,1.0
SLC6A4,0.93208,2.619088105908594,-0.06466810215950013,3.7521042155536657,0.48608,1.0
LRRC7,0.93206,2.6187722275634027,1.0332968725585938,3.817770838424319,0.60426,1.0
AKR1C3,0.93198,2.617509575648822,-1.0239700830078124,3.1038315402164582,0.36616,1.0
GBP3,0.93196,2.6171941277819712,1.55906041015625,1.3808633659889384,0.9284,1.0
BBS10,0.93192,2.6165634898264023,-0.6385333422851562,2.8133142493012393,0.41042,1.0
ZNF18,0.93188,2.615933195236614,-0.7635763452148437,3.5237621764196634,0.39996,1.0
AK1,0.93176,2.6140443676109735,-1.4745270263671875,2.5238773126159955,0.28788,1.0
RPA1,0.93174,2.613729862330592,-0.32557899780273436,2.934677216828286,0.46454,1.0
SERPINH1,0.93174,2.613729862330592,0.2667640140247345,2.9333593170111993,0.5377,1.0
SUN2,0.93172,2.6134154424369136,-1.288039169921875,2.619265514419685,0.31522,1.0
NCAM1,0.9317,2.6131011078796345,0.06678149506092071,3.4419462945283485,0.50428,1.0
ABHD17A,0.93166,2.6124726945732806,-0.8644791772460938,2.7179062825457514,0.38228,1.0
RAPGEF3,0.93166,2.6124726945732806,0.20158526218414308,3.517777311058099,0.523,1.0
KLHL42,0.93154,2.610589497509862,-0.8466811474609375,3.2219038825334674,0.39622,1.0
SOCS5,0.93154,2.610589497509862,-0.6308720715332031,2.777472283359126,0.4221,1.0
NMRAL1,0.93132,2.6071448986247736,-0.9190040966796875,3.0383214979612427,0.38862,1.0
IRF8,0.9313,2.6068322602993086,1.362922275390625,2.808092626565057,0.73082,1.0
DEPDC1B,0.9313,2.6068322602993086,-0.03418285276412964,3.7369263890615247,0.50344,1.0
FOXK2,0.93128,2.6065197062639855,-0.9611651928710937,2.786616015127142,0.3669,1.0
PAOX,0.93128,2.6065197062639855,-0.41219207153320314,2.915669238824539,0.43632,1.0
RPPH1,0.93126,2.60620723646946,-0.14622449981212615,3.2239275828897265,0.48082,1.0
PLEKHA8,0.93124,2.6058948508664312,-1.0529823681640624,2.8618510125918686,0.3489,1.0
RTKN,0.93122,2.6055825494056424,-0.8327678540039063,4.23411513572644,0.38528,1.0
TNFRSF25,0.9312,2.605270332037876,-0.35233011779785156,4.108680332421842,0.44412,1.0
COQ6,0.93118,2.6049581987139607,-0.6617136120605469,3.091690990631386,0.41458,1.0
UBOX5,0.93116,2.6046461493847675,-0.07019409309387208,3.1470329119139713,0.49068,1.0
FANCA,0.93114,2.60433418400121,1.3787967431640624,2.5001882019052935,0.72654,1.0
TNF,0.93112,2.604022302514245,0.010718111805915833,2.931155689615756,0.50068,1.0
SENP3,0.9311,2.6037105048748717,-1.1834856372070313,2.715420293715996,0.33668,1.0
NIPA1,0.93106,2.603087160943104,0.15693328435897827,2.9314199329278217,0.52252,1.0
CERS4,0.93104,2.6027756145529217,-0.9890789575195312,2.7204736496228143,0.36164,1.0
PIGB,0.931,2.6021527726798084,0.3845811065673828,2.8728958586518423,0.5516,1.0
PLOD2,0.93096,2.6015302650246492,-1.7907358447265624,2.8068184031878416,0.25056,1.0
RORA,0.93092,2.600908091197986,-0.1300223372077942,4.568901584826163,0.4847,1.0
CHL1,0.93088,2.6002862508110374,-0.1771811653137207,3.577767361860686,0.47834,1.0
ARSD,0.93088,2.6002862508110374,0.128874702835083,2.775389510675784,0.51984,1.0
ZNF549,0.93082,2.599354114581269,-0.6335001062011719,3.136867372446292,0.42652,1.0
EGR2,0.9308,2.5990435688045124,-0.9974263330078125,2.7475449494567123,0.35192,1.0
FUZ,0.9308,2.5990435688045124,-0.7292340502929687,2.8477510666126196,0.39416,1.0
BBS4,0.9308,2.5990435688045124,-0.5387113500976562,2.9640630540370108,0.44152,1.0
GALNT11,0.93074,2.5981124296971965,-1.251110263671875,2.471682511217792,0.3109,1.0
TRIM4,0.93072,2.5978022159082714,-0.7937763232421875,2.8245552519496524,0.39876,1.0
SAT1,0.93064,2.596562189036225,1.702378203125,1.7935190825911627,0.82878,1.0
UCKL1,0.93054,2.595014015483489,-1.0996620434570312,2.517647190246264,0.32358,1.0
MRPS2,0.93054,2.595014015483489,-0.9036160327148437,3.273246283047334,0.36706,1.0
LDLR,0.93042,2.5931589273803173,0.7191942041015625,2.8683330765782715,0.60486,1.0
PACS1,0.93034,2.5919238457950433,-0.8780454809570313,3.001422410280405,0.3848,1.0
NFATC3,0.93032,2.591615280440541,-0.5469960375976562,2.937925983555825,0.42846,1.0
MUTYH,0.9303,2.591306797008035,-0.32766806396484377,2.8495105711904776,0.45834,1.0
PLTP,0.93028,2.590998395450235,-0.7803520532226562,2.8992486683621905,0.39394,1.0
WDR36,0.93026,2.590690075719889,-0.6806201440429688,3.576576745929399,0.41778,1.0
SOS2,0.93026,2.590690075719889,-0.5200208697509766,2.854004580003278,0.4309,1.0
PRKCH,0.93024,2.5903818377697863,-0.5295263220214844,3.9715509504992377,0.43132,1.0
SLC44A2,0.93024,2.5903818377697863,0.52691962890625,2.954517704267407,0.55372,1.0
RPRD2,0.93022,2.5900736815527576,-0.9208399462890625,2.8323532901998396,0.3474,1.0
ZWILCH,0.93022,2.5900736815527576,-0.38217688903808594,3.2494591144408433,0.44996,1.0
EIF4EBP1,0.93014,2.588841873073371,-1.0218427563476562,2.8065827472635334,0.37532,1.0
PNO1,0.93012,2.5885341248155638,-0.22037375061035155,3.2448908669116943,0.47822,1.0
TMPO,0.93012,2.5885341248155638,0.09149445079803467,3.7934595358126817,0.52316,1.0
CCNF,0.93006,2.587611368560028,-1.1336205078125,2.8364132440710983,0.3513,1.0
ZEB1,0.93006,2.587611368560028,-0.3587584521484375,3.569696786346084,0.44528,1.0
IL27RA,0.93004,2.5873039458246523,-0.9551409375,2.7238345143173843,0.38062,1.0
SC5D,0.93,2.5866893440979433,-0.5772001013183594,3.281103467572011,0.42274,1.0
ARHGAP11A,0.93,2.5866893440979433,0.17890769752502442,2.8281123384773004,0.52804,1.0
MOCS2,0.92996,2.5860750670519734,-0.3471822729492188,3.2870197214250654,0.44684,1.0
TFDP2,0.92994,2.5857680501676734,-0.7330102099609375,2.8241866287701796,0.41248,1.0
MLYCD,0.92988,2.584847485510826,-0.675559189453125,2.9050824261351322,0.4142,1.0
KBTBD7,0.92986,2.5845407924689345,-0.4793354846191406,4.370691279284083,0.4266,1.0
PIGN,0.92984,2.5842341802715247,-0.24462367584228514,3.1292717115516524,0.49214,1.0
DOLK,0.92972,2.58239620222733,-1.1863135913085938,2.752837893761001,0.34172,1.0
COX11,0.92966,2.5814783008587887,-0.7826964306640625,4.0788713886611125,0.37494,1.0
ALDH6A1,0.92964,2.5811724945624546,-0.34240292114257814,3.435698096670898,0.43632,1.0
NELFA,0.9296,2.58056112293365,-0.4900408898925781,2.8341602703361786,0.4313,1.0
ADAM12,0.92956,2.5799500722839603,0.0800516600227356,3.3696281284312524,0.49652,1.0
GALE,0.92954,2.579644667211664,-0.8065280590820313,2.7700757776877007,0.38498,1.0
FCHO1,0.92954,2.579644667211664,-0.6958011791992188,2.984283050985609,0.41118,1.0
DNAJC24,0.92944,2.5781188425456874,-0.12082909136295318,2.8752874887879303,0.49058,1.0
PTPRN2,0.92938,2.577204306659357,-0.1720699636077881,3.20988076800549,0.49738,1.0
IL4R,0.92936,2.576899620909514,-1.1104292114257812,2.321574806806754,0.30014,1.0
FCER2,0.92928,2.5756816744269337,-0.6148753332519531,3.3671847193068127,0.41552,1.0
TUBGCP4,0.92926,2.575377386708817,-0.26631493621826174,3.4429093046066526,0.47572,1.0
CBR3,0.92922,2.5747690496388214,0.4137168103027344,2.931889156477941,0.54578,1.0
ABCA7,0.9292,2.5744650001965805,-0.9244604516601562,2.697721601307305,0.37474,1.0
ALG14,0.9292,2.5744650001965805,-0.62653169921875,2.8533927418511924,0.41656,1.0
LPIN1,0.9292,2.5744650001965805,-0.41816379516601565,2.8619068670053456,0.44984,1.0
NICN1,0.9292,2.5744650001965805,-0.3876620263671875,2.739916112173945,0.45368,1.0
IARS2,0.92914,2.5735533276995284,-0.76940033203125,2.994980828038838,0.3876,1.0
AGO2,0.92914,2.5735533276995284,-0.6998177685546875,2.804853625476094,0.40552,1.0
KLHDC3,0.92912,2.573249595326913,-1.2797813720703124,2.4644672129302263,0.28618,1.0
LTBP1,0.9291,2.5729459421091856,0.2742957061767578,3.40790426434605,0.52996,1.0
NKIRAS1,0.92908,2.5726423680014094,-0.42463338989257815,2.8866234735306815,0.45174,1.0
ZNF510,0.92902,2.571732119889048,0.0981601859664917,3.4331583103814225,0.53314,1.0
DGKQ,0.929,2.571428861772524,-0.056477807502746585,3.0252751333159242,0.49298,1.0
ZFP90,0.929,2.571428861772524,0.029279694442749023,3.096787808478866,0.4894,1.0
CEP78,0.92894,2.5705195605593314,-0.73340341796875,3.4891456596600054,0.39048,1.0
ZNF337,0.9289,2.569913753584279,-0.6827334594726563,3.156007011667037,0.4106,1.0
PRMT1,0.92888,2.569610968113102,-1.0120757641601563,2.919151449764492,0.36734,1.0
CCND2,0.92886,2.56930826126012,0.6471569604492188,3.374746167738713,0.59478,1.0
BASP1,0.92886,2.56930826126012,0.01629426559448242,3.075380896892487,0.50616,1.0
CEP76,0.92884,2.569005632980856,-0.3114057456970215,2.9275657444555163,0.44878,1.0
TRMU,0.92882,2.5687030832308677,-0.6790194641113281,3.0167809942649075,0.40548,1.0
PCGF6,0.92872,2.5671915108672265,-1.0562188525390626,3.1177233181708197,0.33942,1.0
DUS2,0.92866,2.5662855069642316,-1.0588318334960938,2.8558110083762194,0.36126,1.0
DDIT4,0.92866,2.5662855069642316,-0.7235082446289063,2.8983396782065585,0.41976,1.0
SATB1,0.92862,2.5656818950907088,-0.04452961496353149,3.057164728288484,0.50194,1.0
ABCG1,0.9285,2.5638729310927983,-0.7860626293945312,2.8466971534208474,0.38862,1.0
ACOXL,0.92848,2.563571709577039,-2.332830859375,3.065675258556049,0.21864,1.0
SLC2A8,0.92846,2.5632705657969668,-1.0744869848632812,2.5650909623521474,0.33368,1.0
KIF20B,0.9284,2.562367600433682,-0.4974549060058594,3.5328800086548653,0.42546,1.0
VCPKMT,0.9284,2.562367600433682,-0.19336278900146484,3.239371088742316,0.47632,1.0
ZNF782,0.92838,2.5620667671593496,-0.42908274169921873,3.5415798570113286,0.4497,1.0
PEX3,0.92832,2.5611647322663647,-0.3258175109863281,3.1428640122561258,0.45544,1.0
OPHN1,0.92828,2.5605637626776256,0.5713606524658204,2.965074091501776,0.5831,1.0
CEBPD,0.92828,2.5605637626776256,0.4887528454589844,2.8035252626368905,0.56848,1.0
TNFRSF10C,0.92826,2.5602633938548953,-0.09606318534851074,2.7728652524366737,0.48872,1.0
CKAP5,0.92824,2.5599631022887483,-0.7486707275390625,2.8735087798947787,0.41052,1.0
CD19,0.92824,2.5599631022887483,-0.536276640625,4.063108149369146,0.42534,1.0
INPP5D,0.92818,2.5590626906966265,0.31656444946289064,2.79382526396807,0.54216,1.0
ZFP1,0.92816,2.55876270772381,-0.21305015419006348,4.771313517122365,0.47784,1.0
DLG1,0.92812,2.5581629728558073,-0.3908087451171875,2.8069053120812484,0.44684,1.0
HLA-DQB1,0.92806,2.557263947601081,-0.9084942260742187,2.9565138028072533,0.36412,1.0
TEX10,0.928,2.556365613770146,-0.7405945751953125,2.7179362193360563,0.39358,1.0
ORMDL3,0.92798,2.5560663226090923,0.22113693473815918,3.815095696682406,0.5292,1.0
VPS37B,0.92796,2.5557671081011892,-0.12817256938934327,2.7144381352523737,0.4988,1.0
RAD18,0.9279,2.5548699240682295,-0.2276901777267456,2.7133833050843577,0.46828,1.0
COL15A1,0.92788,2.5545710157449535,-1.2003435131835938,3.2893487466245603,0.36292,1.0
RPL39L,0.92776,2.5527791695397184,0.8706212719726563,2.968140228036525,0.61474,1.0
BYSL,0.92776,2.5527791695397184,0.1698632460784912,3.3636799441525613,0.53256,1.0
PAFAH2,0.92772,2.552182497396356,-0.8382812622070313,2.6907163809327965,0.38264,1.0
ZNF19,0.92772,2.552182497396356,-0.7924562646484375,2.602984525446357,0.38446,1.0
ABLIM1,0.92772,2.552182497396356,-0.5380395300292968,3.5334968608572943,0.40106,1.0
ZNF420,0.92772,2.552182497396356,-0.28968035766601563,3.8721396470985505,0.47004,1.0
KIF3B,0.9277,2.551884275494506,-1.3376938940429688,2.4711095423025884,0.29246,1.0
AGPAT5,0.9277,2.551884275494506,0.09792739384651183,2.9167699639171807,0.5095,1.0
NOS3,0.92768,2.551586129649369,0.5113731414794922,4.37496848319201,0.5608,1.0
SPRED3,0.92764,2.5509900659599145,-0.16650456928253174,3.255288980351136,0.48072,1.0
PRSS1,0.92758,2.5500965397937585,0.07028336103439331,4.146914296057878,0.50336,1.0
LGALS1,0.92748,2.548608845020129,-0.7061213305664062,2.7617781881007617,0.37936,1.0
PELP1,0.92738,2.547123040071171,-0.7723239135742187,3.3911002303856197,0.3967,1.0
SLC39A3,0.92732,2.5462324620387227,-0.9134415234375,2.793051666296907,0.37458,1.0
TRMT61B,0.92728,2.545639119711266,-0.8609636669921875,3.204266546837492,0.3856,1.0
PLEKHA1,0.92724,2.545046078083571,-0.7341188659667969,3.345706524320629,0.38904,1.0
CCDC88C,0.92724,2.545046078083571,-0.29949061447143555,3.0470060069219627,0.45312,1.0
ASCC1,0.92722,2.544749669928134,-0.6291966027832031,2.882977233485564,0.4162,1.0
ZNF554,0.92722,2.544749669928134,-0.2881731494140625,3.9585852637835504,0.48248,1.0
TNFRSF10B,0.92718,2.5441570787263714,-0.5742750109863282,2.747324150714728,0.42148,1.0
KLHL22,0.9271,2.542972795598325,-0.8961157470703125,2.7281172976482546,0.37944,1.0
ARHGEF28,0.92704,2.5420853688149094,-0.878268505859375,3.334324498500864,0.36538,1.0
TMED3,0.92704,2.5420853688149094,-0.6226031823730469,3.198585210309623,0.42956,1.0
TYSND1,0.92702,2.5417897092978476,-0.40892122802734376,3.395590527556453,0.44136,1.0
NUP54,0.92702,2.5417897092978476,-0.35691389068603513,2.8671256829212437,0.45402,1.0
INSIG1,0.927,2.541494124417465,-1.716203544921875,1.6029674696648835,0.12194,1.0
RRP9,0.92676,2.5379529125628633,-0.3110076239013672,3.6219485163030996,0.45626,1.0
ADAMTSL5,0.92666,2.5364805611029104,-0.0891304969406128,3.9054580663015854,0.48384,1.0
KDM5B,0.92654,2.5347161776345524,-0.9891259326171875,2.6441809095432425,0.35152,1.0
PCGF2,0.9265,2.534128639506623,-0.9499932690429688,3.506041100019088,0.38262,1.0
HSD17B12,0.9265,2.534128639506623,-0.1867868014907837,2.7319754448775417,0.48166,1.0
KRBA1,0.92646,2.5335413956877013,-0.6659304077148438,3.0295529548339704,0.42862,1.0
GSTM3,0.92646,2.5335413956877013,-0.6090566162109375,2.7672280733840284,0.41158,1.0
NEB,0.92644,2.5332478840433916,-0.17154116331100464,3.520397321491554,0.47674,1.0
UTP15,0.9264,2.5326610810839,-0.1657738586330414,3.2470700681990086,0.47444,1.0
PLAC8,0.92626,2.5306095799673414,1.5144731689453126,2.237318892163619,0.7661,1.0
CLASP2,0.92624,2.5303168010823556,-0.3974156015014648,2.758000276864241,0.44474,1.0
FBXO40,0.92622,2.530024095253276,1.9287698193359375,3.5744524809691223,0.7008,1.0
ODC1,0.92622,2.530024095253276,-0.9041555786132812,2.4086313894266245,0.35088,1.0
LIPT1,0.9262,2.529731462440225,-0.8605499072265625,2.8540719591133916,0.3535,1.0
CRY1,0.9262,2.529731462440225,-0.7417862158203125,2.524033255343812,0.36848,1.0
HPS4,0.92614,2.5288540016989898,-0.7972214965820312,2.8165862389846166,0.37076,1.0
HLA-DOB,0.92612,2.528561660551959,0.6343018481445313,3.3887700792198094,0.6038,1.0
FCGR3A,0.9261,2.5282693922220676,-0.5851600280761718,3.792425387488447,0.41726,1.0
ALG10B,0.92608,2.5279771966696356,0.1577654125213623,2.7092093044061243,0.52192,1.0
SMAD7,0.92596,2.5262255494636086,-1.289026259765625,2.462613182058267,0.29458,1.0
PMEPA1,0.92592,2.525642247487604,-1.29221212890625,3.0027416120784647,0.3473,1.0
CSNK1E,0.9259,2.5253507051519595,-0.6197920581054688,2.74334344083946,0.4185,1.0
CRKL,0.92586,2.5247678375885823,-0.5645114282226562,2.7481543792038443,0.42004,1.0
KBTBD6,0.92586,2.5247678375885823,-0.5292397888183594,4.562966595558366,0.4377,1.0
MAP3K5,0.92584,2.5244765122822224,0.6589149938964843,2.654915001942086,0.60288,1.0
PSTK,0.92584,2.5244765122822224,-0.40413168212890627,3.344699176831851,0.44854,1.0
EEF1E1,0.92584,2.5244765122822224,-0.2975347204589844,3.257214055388653,0.4728,1.0
RGS5,0.92582,2.5241852592403844,0.84257671875,3.720321057367964,0.5829,1.0
SLC2A3,0.92582,2.5241852592403844,-0.5879772583007813,2.8981080994712904,0.44028,1.0
TRIB1,0.92582,2.5241852592403844,-0.45698151611328125,2.9074367878220166,0.42648,1.0
IGFBP7,0.9258,2.523894078423835,0.4774241271972656,3.0806652639316283,0.5739,1.0
WARS2,0.9258,2.523894078423835,-0.17652058059692383,2.9023513360023236,0.48236,1.0
FOXK1,0.92578,2.523602969793373,-0.6623491516113281,2.6189577646908995,0.40352,1.0
MCM5,0.92572,2.522730076626956,-0.5834643371582031,2.7365712130297815,0.41144,1.0
ANAPC10,0.9257,2.5224392563494518,-0.1540790843963623,2.734646955584775,0.48854,1.0
TTC5,0.9256,2.5209862340404205,-0.8454976342773437,3.1879154631877262,0.36758,1.0
CD72,0.9256,2.5209862340404205,0.766373525390625,2.9153857515803714,0.62866,1.0
EPS15L1,0.92558,2.520695845121665,-0.8175567614746094,2.575823731331814,0.38158,1.0
JADE1,0.92558,2.520695845121665,-0.6050861901855469,3.615315387470952,0.40344,1.0
TBL1X,0.92554,2.520115282516175,-0.8018956420898438,2.6743850637185864,0.37888,1.0
HLA-DPB1,0.92554,2.520115282516175,-0.49185543701171874,2.8424041778628197,0.43092,1.0
SPTAN1,0.92552,2.519825108751822,-0.4911824560546875,2.7264444727213566,0.43186,1.0
RFC1,0.92552,2.519825108751822,-0.020102085208892822,2.9495035645450582,0.50732,1.0
GRHL1,0.9255,2.5195350066280384,0.210552216091156,2.738121535221337,0.53396,1.0
BCL2A1,0.92548,2.5192449761060933,0.21335237731933593,2.6175359360233124,0.53546,1.0
KIFAP3,0.92542,2.5183753137644556,0.007215764455795288,3.1366999171491234,0.51234,1.0
SNRNP25,0.92524,2.5157701807307373,-1.432633271484375,2.332448806893675,0.26062,1.0
DDHD2,0.92522,2.5154810775223613,-0.6863306079101562,3.0259642742162662,0.41378,1.0
CENPJ,0.92518,2.5149030842559474,1.1809123168945312,2.497247079246823,0.68848,1.0
RASA3,0.92518,2.5149030842559474,-0.3280055206298828,2.7118490894415697,0.45862,1.0
COL1A1,0.92516,2.514614194121409,-0.6849852697753906,3.9946306913002902,0.41428,1.0
TYW3,0.92516,2.514614194121409,-0.24721544342041016,2.90843370801355,0.4713,1.0
TAF1D,0.92514,2.5143253749350327,-0.42997105346679687,3.067477595587399,0.44816,1.0
FUCA1,0.92512,2.5140366266586454,-1.430765830078125,2.2251079105741374,0.23626,1.0
SMARCA2,0.92508,2.5134593426832836,-0.09500307899475098,3.0274177871496804,0.5039,1.0
BHLHE41,0.92506,2.5131708069081142,-0.7497999609375,3.3704370223612137,0.41602,1.0
ZNF211,0.92498,2.512017371003312,-0.935957958984375,2.1345527021079387,0.31538,1.0
ZNF419,0.92488,2.510577164467059,-0.8371012182617188,3.275485440464855,0.4012,1.0
HLA-DPA1,0.92488,2.510577164467059,-0.030982971267700197,2.9012963288024674,0.50018,1.0
CD207,0.92484,2.5100015750326374,-0.9326519848632813,3.5240349191045315,0.3989,1.0
TAF3,0.92484,2.5100015750326374,-0.5123143933105468,2.683401052489284,0.4336,1.0
OXCT1,0.9248,2.5094262669623184,0.08508310867309571,3.4150519712269416,0.51308,1.0
CCL13,0.92478,2.5091387183444938,0.6449264233398437,5.078860791528753,0.54146,1.0
LAT2,0.92476,2.5088512399547076,-0.5268009826660156,2.8666906827831755,0.42286,1.0
NDUFAF5,0.92472,2.5082764937088875,-0.8366897216796875,2.537157581011784,0.3777,1.0
TOP3A,0.92472,2.5082764937088875,-0.5859997332763672,2.697359095475383,0.41542,1.0
ORC4,0.92472,2.5082764937088875,0.2515884164428711,2.710003042686118,0.53406,1.0
MTO1,0.92462,2.5068408544567466,-0.7334336572265625,2.779548182311474,0.38764,1.0
EEFSEC,0.92462,2.5068408544567466,-0.3505621551513672,3.321372463690745,0.44862,1.0
NIPAL3,0.92456,2.5059803103419847,-0.23542383361816407,3.842003362480898,0.46362,1.0
CDC34,0.92454,2.505693601985653,-0.8678003881835937,2.472677146621583,0.36424,1.0
XPC,0.92444,2.504261106141862,-0.6982899633789063,3.2618814778409386,0.39342,1.0
COA1,0.92444,2.504261106141862,-0.5164448645019531,3.231557760787289,0.41066,1.0
ZKSCAN8,0.92432,2.5025444072893333,-0.923857119140625,2.800521937259095,0.35526,1.0
MGAT4A,0.92432,2.5025444072893333,-0.630082890625,2.5141182685246024,0.40664,1.0
ARHGAP12,0.9243,2.502258533827329,-0.42200450927734373,2.600414259893188,0.43756,1.0
PDE3B,0.92426,2.501686994868007,-1.069172841796875,2.6045652229825698,0.33854,1.0
CENPT,0.92424,2.5014013292969395,-1.0475034887695311,2.3791296899582126,0.331,1.0
ZNF70,0.92424,2.5014013292969395,0.30857782760620117,3.826530203223913,0.5335,1.0
ZNF595,0.9242,2.50083020578784,-0.23087500625610352,2.654072260417469,0.4405,1.0
HINT2,0.92404,2.498548474803902,-0.21436637924194335,3.650469520419695,0.45432,1.0
ARHGEF1,0.92402,2.4982635686695986,-0.6527741943359375,2.835282591673459,0.3907,1.0
ACSF2,0.924,2.497978731355354,-0.8301471850585938,2.5603983925325062,0.37142,1.0
GBA2,0.924,2.497978731355354,-0.7126950830078125,2.6230481202815814,0.39294,1.0
PTGER4,0.92398,2.49769396282468,0.309917265625,2.6583196494740853,0.55066,1.0
ZNF256,0.92394,2.4971246319682625,-0.45431709228515627,3.121895658585511,0.4306,1.0
KBTBD8,0.92386,2.495986794056238,-0.2146784560394287,2.657016399797671,0.47162,1.0
COG5,0.92382,2.495418286419424,-0.7117243872070312,2.5702238659061445,0.39642,1.0
RGP1,0.92378,2.4948500526087045,-0.6974780151367187,2.73561681166715,0.39342,1.0
SNX5,0.92374,2.4942820923346147,-1.042198583984375,2.468165077506408,0.32484,1.0
INPP4A,0.92372,2.4939982146834754,-0.7824075732421875,2.6360950180182754,0.39578,1.0
RPIA,0.9237,2.4937144053081526,-0.5238255786132813,2.9192304016967316,0.43476,1.0
PANK1,0.92368,2.4934306641725916,0.0308446053314209,4.022106905824912,0.49932,1.0
NCOR2,0.92358,2.4920129808312836,-1.0703474096679688,2.4810661331355255,0.33122,1.0
FANCF,0.92354,2.4914463839143477,-0.2473800506591797,3.7645144920076827,0.4641,1.0
SMC4,0.9235,2.4908800588068045,-0.7739721875,2.516066964717993,0.37396,1.0
ACD,0.92348,2.490596998092071,-0.40049814025878905,2.708359377370921,0.44294,1.0
CXCL16,0.92344,2.4900310801619585,-0.76438654296875,3.2533233083826425,0.37928,1.0
SAE1,0.92344,2.4900310801619585,-0.6803659387207032,2.648156423502008,0.40378,1.0
LMNA,0.92342,2.489748222875172,-0.6979082934570312,2.4247139429900066,0.39138,1.0
TSPYL2,0.92338,2.4891827114798373,-0.6512949609375,2.5626601837948435,0.38342,1.0
SLC15A4,0.92338,2.4891827114798373,0.3291571112060547,2.678394281687021,0.55928,1.0
LGALS3,0.92336,2.4889000573000506,-0.7209954150390625,2.7569890814231384,0.38088,1.0
APOM,0.92336,2.4889000573000506,-0.29319750686645507,2.666619888213784,0.45814,1.0
PCNA,0.92332,2.488334951798354,-0.22475836563110352,2.5706557531683596,0.468,1.0
ZKSCAN4,0.92326,2.487487800157672,-0.5726816967773437,2.9133030361474965,0.43488,1.0
MCPH1,0.92324,2.4872055512320497,-0.6552454541015625,2.566891126447611,0.40392,1.0
UHRF2,0.92322,2.486923369724691,-0.0822075521659851,2.6692911747125168,0.48414,1.0
ZNF565,0.9232,2.486641255600209,-0.7324138598632812,2.705442950604193,0.39278,1.0
KIF2A,0.9232,2.486641255600209,-0.4317785363769531,3.2387868507010733,0.43764,1.0
EIF2B4,0.92318,2.4863592088232505,-1.19231701171875,2.5092002988322437,0.31336,1.0
ZNF736,0.92318,2.4863592088232505,-0.7518410778808594,2.532792102296337,0.38298,1.0
CRCP,0.92316,2.4860772293584876,-0.7507612512207031,2.506651850715766,0.38674,1.0
CCT2,0.92316,2.4860772293584876,-0.5703900830078125,2.6698447580547806,0.4197,1.0
COPS7B,0.92316,2.4860772293584876,-0.5108703894042969,2.897437138675083,0.43102,1.0
CD52,0.92314,2.4857953171706195,-0.4187546960449219,2.6723947361185387,0.4318,1.0
TIMM9,0.92314,2.4857953171706195,-0.3992228503417969,3.202961419991267,0.44684,1.0
ZNF235,0.92312,2.485513472224376,-0.4678586926269531,2.7181984249364777,0.44474,1.0
OCRL,0.92306,2.4846683404830605,-2.741970283203125,3.1396032326105274,0.15084,1.0
FTH1,0.92306,2.4846683404830605,-1.0806018872070313,2.045251123706048,0.2879,1.0
IMP3,0.92306,2.4846683404830605,-0.833615234375,2.8887882367794657,0.31832,1.0
B3GAT1,0.92296,2.483261129129164,-0.6017834240722656,3.8654345182914898,0.40814,1.0
DPH7,0.92284,2.4815746836598795,-0.967177724609375,2.7832033139027827,0.32204,1.0
PHC2,0.9228,2.4810130692688674,-0.6699995007324219,2.6222724901825716,0.39814,1.0
SYNGR1,0.92274,2.480171147441752,-1.31330216796875,2.351390827118831,0.27612,1.0
PLAGL1,0.9227,2.4796101989911334,-0.31570508087158206,2.5234152183919054,0.45366,1.0
NT5C3B,0.92264,2.478769274772645,-1.0610917358398437,2.423319495033081,0.32856,1.0
JOSD1,0.92262,2.4784890994832893,-0.8929659521484375,2.289881319357214,0.3334,1.0
SLC39A4,0.92262,2.4784890994832893,-0.5350184387207031,2.580682916051023,0.42494,1.0
INO80E,0.9226,2.4782089905280382,-1.037459140625,2.6228901521572796,0.34274,1.0
SRPRB,0.9226,2.4782089905280382,-0.11769798194885255,3.910697033344269,0.48644,1.0
MPST,0.92258,2.477928947872351,-0.9072829150390626,2.523423807464418,0.35246,1.0
CPSF4,0.92258,2.477928947872351,-0.548171376953125,2.7908435239337703,0.43328,1.0
IL32,0.92254,2.4773690613216446,0.3492909564208984,4.328693081810326,0.54184,1.0
MAP1LC3A,0.92252,2.4770892173576766,-1.44227947265625,2.052434967972045,0.22708,1.0
TRMT12,0.9225,2.476809439555381,-0.7478377709960937,2.6039431855522683,0.38694,1.0
ZNF548,0.9225,2.476809439555381,-0.66808828125,2.725852780413438,0.39502,1.0
FAHD1,0.9225,2.476809439555381,-0.42088673217773437,2.5343819827441165,0.43888,1.0
SAMM50,0.92246,2.476250082298203,-0.780057998046875,3.24987024202438,0.3932,1.0
GLRX5,0.92236,2.4748528445793125,-0.9660352563476563,2.595601188921522,0.3077,1.0
LBR,0.92236,2.4748528445793125,-0.5828938464355469,2.661377792793626,0.41302,1.0
ZNF282,0.92232,2.474294410941629,0.18707512035369872,2.8006007392891887,0.52416,1.0
SPTBN4,0.9223,2.4740152928680716,0.8409927905273438,3.916556033729574,0.58588,1.0
NDUFAF2,0.92224,2.473178333218918,-0.703117861328125,2.7661248770764786,0.40528,1.0
TMEM129,0.9222,2.4726206885882593,-0.7280728247070313,2.888165453793398,0.37914,1.0
SLA,0.9222,2.4726206885882593,-0.19555275268554687,2.7820297923365875,0.47922,1.0
BNIP1,0.92218,2.4723419647114526,0.11129765476226806,3.0384577097467425,0.5103,1.0
CD247,0.92212,2.471506186427397,-0.04288537488937378,4.708614436022619,0.47468,1.0
SOCS3,0.9221,2.4712277246683936,0.059498717374801634,2.415678755121064,0.50996,1.0
HGSNAT,0.922,2.4698363968670027,-0.6326500610351562,2.663908964395126,0.41124,1.0
FBXW4,0.922,2.4698363968670027,0.2521609872436523,2.6079818572532876,0.5385,1.0
EZH2,0.922,2.4698363968670027,-0.23106187972068787,2.578635619419685,0.4633,1.0
IFT27,0.92196,2.4692803229126334,-0.8978286669921876,2.9093650263591937,0.35114,1.0
ARV1,0.92192,2.468724509791326,-0.6585544873046875,2.7032981250457486,0.39034,1.0
SPN,0.9219,2.4684467009589093,0.4831908056640625,2.597604568998949,0.56858,1.0
SMN2,0.9219,2.4684467009589093,-0.2754047885131836,2.5937250893613917,0.46372,1.0
HAS1,0.92188,2.468168957233812,-2.366342373046875,2.5967498210066147,0.14994,1.0
GNLY,0.92188,2.468168957233812,0.40498518249511717,4.059351781352769,0.56584,1.0
OAT,0.92182,2.467336116366637,-0.7401234375,2.5448005417445163,0.35022,1.0
RPS6KB1,0.92182,2.467336116366637,-0.2875353475952148,2.669721691893099,0.47064,1.0
PDE4C,0.92182,2.467336116366637,-0.20526419692993164,3.2294693909307624,0.45292,1.0
ARSG,0.9218,2.467058632735142,0.9301808471679688,2.3525328807145565,0.66568,1.0
ZNF664,0.92178,2.466781214043256,-0.31021711853027345,2.6022218097585905,0.47126,1.0
TMEM186,0.92176,2.4665038602575113,-0.6696777978515625,2.531115842624243,0.40346,1.0
TRMT10A,0.92176,2.4665038602575113,-0.3999925219726562,2.6344210416244125,0.44638,1.0
YEATS4,0.92172,2.465949347270715,-0.2973872180175781,2.501548833266306,0.45576,1.0
SH2B1,0.92168,2.465395093507544,-0.9142386669921875,2.381476679583772,0.34822,1.0
HSPA1B,0.92168,2.465395093507544,0.8721252392578125,2.499890014896806,0.64656,1.0
GPR18,0.92162,2.4645641983235587,-0.2648170874023438,3.8248095280477354,0.44356,1.0
PIGK,0.9216,2.464287362585264,-0.30551609619140624,3.578823964608411,0.46568,1.0
RBBP7,0.92158,2.464010591453073,-0.7848788598632812,2.7221810138590556,0.36838,1.0
NDE1,0.92156,2.4637338848937764,-0.5347545202636719,2.6023808332938265,0.42284,1.0
ZNF773,0.92156,2.4637338848937764,-0.39018146484375,3.1003978932336067,0.43264,1.0
SESN2,0.9215,2.462904152321515,-0.9342412939453125,2.499098552634757,0.35254,1.0
LEMD3,0.9215,2.462904152321515,-0.1819814243888855,2.630256954728215,0.47124,1.0
ALG3,0.92146,2.46235131953009,-0.6660614208984375,3.077167204411105,0.41336,1.0
PHC3,0.92146,2.46235131953009,0.025378763236999512,2.5423499219044987,0.50638,1.0
PRC1,0.92146,2.46235131953009,0.018628634405136107,2.6191883518406422,0.50456,1.0
TRAPPC2,0.92142,2.461798744235343,-0.5568569543457031,2.8705219916021942,0.41274,1.0
CXCR4,0.92132,2.4604184308138466,-0.9556064868164063,3.097593469914089,0.36136,1.0
DCUN1D2,0.9213,2.460142560691529,-0.4646125549316406,2.670278466351851,0.42746,1.0
ACBD4,0.92126,2.4595910127458662,-0.7669258032226562,2.6692392788913253,0.3876,1.0
C3AR1,0.92126,2.4595910127458662,0.47187939575195315,2.8352684630806606,0.58566,1.0
APOO,0.92122,2.459039720980079,0.2770972351074219,2.565187971538747,0.54974,1.0
MAP2K5,0.92116,2.4582132630952955,-0.5498195727539062,3.0135817170837944,0.42258,1.0
CRHR1,0.92112,2.45766261063312,-0.19875234634399414,4.212022697010934,0.48236,1.0
CRAT,0.9211,2.457387380142362,-0.6248417492675781,2.555911712658222,0.40188,1.0
CD2,0.9211,2.457387380142362,-0.32546964965820313,4.623367834398575,0.43592,1.0
PIGA,0.92104,2.4565620712401826,-0.47954398193359377,2.5400991059068487,0.43384,1.0
NPRL2,0.921,2.456012183788286,-0.44706677490234376,3.971004321606301,0.42004,1.0
ENPP4,0.92098,2.455737335509675,0.38357086853027345,2.879220775754037,0.57588,1.0
RUVBL2,0.92096,2.455462550819336,-0.4460151025390625,2.9092995997524165,0.43928,1.0
PROS1,0.92092,2.454913172073753,-0.016082892322540284,3.1939101006759008,0.50774,1.0
SNCA,0.9209,2.454638577953714,-0.9626511987304688,2.3606089309861433,0.33848,1.0
TNIK,0.92088,2.4543640472923505,-0.4724422607421875,3.1451365030416105,0.41628,1.0
ALS2CL,0.92088,2.4543640472923505,-0.25072657844543456,3.480199674819111,0.48002,1.0
FUT11,0.92082,2.4535408357370736,-0.11433028951644897,2.5951339137338527,0.48744,1.0
GPI,0.92078,2.4529923447347484,-1.0897888940429687,2.536327871681933,0.3268,1.0
EGLN1,0.92076,2.452718194147224,-1.057950302734375,2.5502746835648398,0.3251,1.0
B3GAT3,0.92066,2.451348389059111,-1.0068051416015624,2.592442341415409,0.35266,1.0
TIFA,0.9206,2.4505272631300508,0.4105384753417969,2.5571332016626123,0.56134,1.0
ACP5,0.92056,2.4499801607782867,-0.6036147290039062,2.468657178069849,0.40564,1.0
POLB,0.92048,2.448886710766664,-0.6046742724609375,2.505479619910395,0.39802,1.0
ZNF33B,0.92048,2.448886710766664,-0.54916154296875,3.16202222770084,0.41444,1.0
PCYT2,0.92048,2.448886710766664,-0.3999234375,3.1324971247114792,0.43596,1.0
SELPLG,0.92048,2.448886710766664,-0.3593953717041016,2.8801559144945035,0.4455,1.0
MTMR1,0.92046,2.448613505305192,0.6702867004394532,2.6344809952273316,0.62054,1.0
TAF4,0.92046,2.448613505305192,-0.5137805615234375,2.5735485524443016,0.42348,1.0
DROSHA,0.92042,2.448067282609089,-0.04150765422821045,2.5572508556767013,0.48774,1.0
ACAD8,0.9204,2.4477942653108733,-1.0143726879882813,2.754505900682494,0.32904,1.0
MRGBP,0.92038,2.4475213106702,-0.5947975793457031,2.644327910342625,0.42764,1.0
GZMB,0.92028,2.446157476220174,0.14861153743743896,4.255244585912833,0.52684,1.0
PINK1,0.92024,2.4456123799341714,-1.2518369921875,2.237914313175541,0.2753,1.0
PRKD3,0.92024,2.4456123799341714,-0.939339765625,2.341690124814355,0.34214,1.0
SRGAP3,0.92008,2.4434344884440278,-0.8004316796875,3.753698689654665,0.40416,1.0
ZNF583,0.92002,2.4426188055185563,-0.807132265625,3.258148931358426,0.35286,1.0
NUMA1,0.92,2.442347035369205,-1.38816517578125,2.1051264119698874,0.23872,1.0
GPX1,0.92,2.442347035369205,-1.2518290625,1.9144516579491164,0.2593,1.0
CDC16,0.91998,2.4420753272472644,-0.7765021875,2.505005402719017,0.37724,1.0
ADARB1,0.91996,2.4418036811214767,-0.9061815405273438,3.0850012244195284,0.34478,1.0
ERCC4,0.91994,2.441532096960607,-0.5859572717285156,2.768484093030828,0.43264,1.0
HHEX,0.91986,2.4404463793424194,-0.882952236328125,2.8564559650718255,0.35594,1.0
IL7R,0.91986,2.4404463793424194,0.027037190570831298,3.477057417875212,0.49676,1.0
PIAS2,0.91984,2.440175104538426,-0.8936461450195312,2.5169925834511275,0.371,1.0
ALG12,0.91984,2.440175104538426,-0.5802048803710937,2.490488345513248,0.41002,1.0
ITPR2,0.91982,2.439903891512428,-0.6580832604980469,2.4731379667784426,0.39284,1.0
RNU12,0.91982,2.439903891512428,0.1927461683654785,2.9678175523363,0.52984,1.0
CTSC,0.9197,2.4382779089559357,1.3461335791015625,2.4906359536514904,0.71218,1.0
MRPL17,0.9197,2.4382779089559357,1.1179791162109376,2.529137664229146,0.69368,1.0
WRAP53,0.91966,2.4377364075885044,-0.6497086437988281,2.5221767877144514,0.40718,1.0
LEO1,0.91958,2.436654142597052,-0.34644735412597655,2.726838734638585,0.456,1.0
ACADM,0.91958,2.436654142597052,-0.18734024200439453,2.7846972282919706,0.48276,1.0
GSC,0.91958,2.436654142597052,0.12025207954406739,3.6957466029194057,0.5031,1.0
P2RY10,0.91956,2.4363837298658626,-0.4744983557128906,4.104106834865323,0.41902,1.0
DCUN1D4,0.91946,2.435032585771625,0.3139505206298828,2.8729199425632235,0.56488,1.0
RXRB,0.91944,2.4347625406501967,-0.4007436322021484,2.5455181719849653,0.4449,1.0
TIMP1,0.91942,2.4344925566897078,-0.9610079956054688,3.695790262397524,0.34064,1.0
TRIAP1,0.91942,2.4344925566897078,-0.4452973645019531,3.318344081717207,0.44034,1.0
RRN3,0.91942,2.4344925566897078,-0.33483596801757814,2.575965324881234,0.44394,1.0
PIP4K2C,0.91942,2.4344925566897078,-0.07224926002502441,2.490818210332869,0.4942,1.0
TTC37,0.91938,2.43395277212912,0.5154406420898437,2.472625006151258,0.5719,1.0
CNOT6L,0.91938,2.43395277212912,-0.40851958984375,2.888840490825453,0.43512,1.0
PARP1,0.91936,2.4336829714678654,-0.39241015991210937,3.3029394591916534,0.4417,1.0
HMGB2,0.91934,2.43341323184524,-0.9297291357421875,2.4566638852495846,0.34814,1.0
PRMT3,0.9193,2.432873935593806,-0.17371668991088868,3.12321340990876,0.49006,1.0
NT5M,0.9193,2.432873935593806,0.15833475045204162,3.6287325865823026,0.51612,1.0
NUP160,0.91928,2.4326043789040246,-0.06628237789154053,2.46389544572711,0.48614,1.0
CTSD,0.91916,2.430988316951315,-0.46156845458984375,2.4818607661407586,0.4146,1.0
NDUFAF7,0.91916,2.430988316951315,-0.36027251525878906,2.6885910909978215,0.47074,1.0
MLLT3,0.91898,2.4285683215586933,-0.15140992279052734,3.7210609096187968,0.44946,1.0
SLC30A5,0.91896,2.428299735896721,-0.6529705810546875,2.4817606500594196,0.4126,1.0
ZFP14,0.91896,2.428299735896721,-0.6306693713378906,3.128805547148747,0.39446,1.0
SLC25A20,0.9188,2.4261532236473102,-0.7511883276367187,2.3868608852391984,0.37994,1.0
ACTL6A,0.9188,2.4261532236473102,-0.6746691723632813,3.2059792807327443,0.42006,1.0
SYNE1,0.91874,2.425349275554489,0.00229292854309082,3.1714334323640148,0.4988,1.0
LNPEP,0.91872,2.425081413102527,0.8670172924804688,2.3384527718349024,0.659,1.0
FUNDC1,0.91872,2.425081413102527,0.2779158578491211,2.6568605773578873,0.5511,1.0
ZNF677,0.91862,2.423743001343275,-0.499943349609375,3.0827244771255278,0.4214,1.0
CLCN6,0.9186,2.423475498883198,-0.725192734375,2.4161178810640034,0.38302,1.0
GEMIN7,0.91852,2.4224060876920643,-0.9935343017578125,2.3768610762107274,0.34572,1.0
RBM28,0.91852,2.4224060876920643,-0.5832706213378906,2.8627162806289173,0.42054,1.0
RALGAPA1,0.9185,2.422138884408363,-0.68993412109375,2.7731443666137987,0.39304,1.0
ANAPC5,0.91844,2.4213376329175684,-0.8193153833007812,2.6874814784883534,0.37092,1.0
NUAK1,0.91838,2.4205369183470355,-0.9300750805664062,3.209053822898487,0.36058,1.0
BRAF,0.91836,2.4202701326681852,-0.5294234289550781,2.390116819529633,0.41348,1.0
SLC35A1,0.91836,2.4202701326681852,-0.43915355895996094,2.6521128132696483,0.4292,1.0
BCDIN3D,0.91824,2.4186706679046575,-0.8150541430664062,2.8258776232396436,0.344,1.0
ABCD4,0.91804,2.4160096392852655,-0.5378345324707031,2.6727670389669713,0.41614,1.0
ARAP2,0.91802,2.415743861799351,0.6873908618164063,2.5941211207321833,0.60494,1.0
ENOPH1,0.91802,2.415743861799351,-0.6854617041015625,2.88555568099936,0.37104,1.0
ZNF354B,0.91798,2.4152124839268736,-0.41573699340820314,2.5333758045650585,0.43034,1.0
IKBKB,0.9179,2.4141504357666634,-0.5152015942382813,2.423640669455372,0.41966,1.0
XPOT,0.91788,2.4138850709710424,-0.8282157275390625,3.077978111607024,0.36662,1.0
BATF,0.91786,2.413619765015317,-0.2134821292114258,2.8832086431137975,0.46364,1.0
HLA-DRB1,0.91776,2.4122941168242913,-0.4448891735839844,3.571487740132291,0.44262,1.0
HSPB1,0.91762,2.410440672559235,0.9158206884765625,2.4210431849260896,0.6323,1.0
GSTT1,0.91754,2.409382848429907,-1.3004491748046876,2.0733052732894417,0.2568,1.0
PLA2G7,0.91748,2.4085900931229633,-0.47518999389648436,4.179933754074418,0.43332,1.0
BRF1,0.91742,2.40779786220872,-0.7398388891601563,2.3790805981103325,0.37956,1.0
AK9,0.91738,2.407269999215588,-0.3465857702636719,2.8052651290877546,0.43974,1.0
FABP5,0.91732,2.406478640582204,-0.3040738879394531,2.5109036144978534,0.45734,1.0
FAM135A,0.9173,2.4062149704859643,1.014244599609375,2.7059849721509854,0.70824,1.0
FCN1,0.9173,2.4062149704859643,0.3426771917724609,4.10554739975243,0.58142,1.0
HSD17B6,0.91726,2.405687804295873,0.6122881683349609,4.298401791892194,0.563,1.0
PIM1,0.91726,2.405687804295873,0.07743275699615479,2.8308908795731114,0.50984,1.0
PLK3,0.91724,2.4054243081454456,-1.210653232421875,2.0863658597730326,0.27228,1.0
VPS45,0.91724,2.4054243081454456,-0.9337441333007812,2.437316575424471,0.35606,1.0
SLAMF6,0.91718,2.4046341671336,0.44366758544921875,3.3678596822383593,0.5724,1.0
SOD2,0.91716,2.404370902515409,0.33056736145019533,3.287020506977992,0.56308,1.0
CA5B,0.91716,2.404370902515409,-0.16753751953125,2.5221395206412685,0.47412,1.0
KPNA1,0.91716,2.404370902515409,-0.10557920974731445,2.3302187278304225,0.48416,1.0
THBS4,0.91714,2.4041076957097873,-0.6448463244628906,3.6482225786609703,0.41408,1.0
TLE3,0.9171,2.4035814554236494,-1.0520847338867187,2.3020719009060646,0.32396,1.0
APOBEC3C,0.91706,2.4030554460501845,0.35124883850097655,2.6651299979166994,0.5435,1.0
SATB2,0.91704,2.402792527885482,-0.5785472302246094,2.9905191982422856,0.41634,1.0
ZNF429,0.91698,2.4020041191429073,-0.8042368408203125,2.6656936462365874,0.34502,1.0
ARHGEF18,0.91694,2.401478801160718,-0.09235976336717605,2.479822244741951,0.48662,1.0
NCAPH2,0.91692,2.4012162284395635,-0.4330758020019531,2.4772054169659334,0.42964,1.0
APP,0.91692,2.4012162284395635,-0.30807260498046873,2.372878670333367,0.4453,1.0
APEH,0.9169,2.400953713194453,-1.0067872192382812,2.188659037378184,0.28536,1.0
ACTR1B,0.91684,2.4001665120363533,-0.8636649975585937,3.40133368237624,0.35228,1.0
MRPL35,0.9168,2.3996419981333115,-0.725907880859375,2.552855091009623,0.37448,1.0
WDR46,0.9168,2.3996419981333115,-0.6262030419921875,2.789197676031762,0.39044,1.0
LIAS,0.91678,2.3993798271590037,-0.48527476806640624,3.0918519747641695,0.43966,1.0
ATF2,0.91676,2.3991177134657726,-0.2170855057811737,2.4206548168945385,0.46198,1.0
HBS1L,0.91674,2.3988556570258486,-0.6208201208496094,2.5480223862190217,0.4005,1.0
MAPK8,0.9167,2.3983317157949324,-0.38023182006835937,2.420121956936262,0.43892,1.0
IL36G,0.91664,2.3975462326552113,1.433389833984375,3.5777546683140176,0.66678,1.0
AGK,0.91664,2.3975462326552113,0.6663767163085937,2.3044072926458283,0.61682,1.0
AGPAT4,0.91664,2.3975462326552113,-0.5870286767578125,2.6672342132420566,0.39154,1.0
POLR2B,0.9166,2.3970228627103225,-0.886477900390625,2.5116280822457133,0.37138,1.0
WASL,0.91656,2.396499720892854,0.2560469863891602,2.5138448241958034,0.54312,1.0
ID2,0.91646,2.3951928629593278,-0.8287315234375,2.3862311172376955,0.37014,1.0
SUCLA2,0.9163,2.393104844475738,-0.33211983825683594,2.7296907532445416,0.4467,1.0
COG3,0.91626,2.3925834066021476,-0.29826425842285154,2.464180076958402,0.45488,1.0
CENPC,0.91616,2.3912808013370177,-0.41884558227539065,2.816769703366276,0.43318,1.0
ZNF14,0.91616,2.3912808013370177,-0.321633205871582,3.6979378188567162,0.43328,1.0
ZNF614,0.91612,2.3907601544269013,-0.9640222338867187,2.3197147672336915,0.33434,1.0
MMRN1,0.9161,2.390499915548003,-0.09493669875144958,3.296684631913201,0.47488,1.0
RAD1,0.91608,2.3902397330170424,-0.26861574371337893,2.653550031510487,0.47488,1.0
ECE1,0.91606,2.389979606806917,0.902229228515625,2.0001110851164867,0.69294,1.0
GNGT2,0.91604,2.3897195368905435,-0.5464249096679688,2.4944558473431337,0.40928,1.0
RHOBTB3,0.91604,2.3897195368905435,-0.4058788043212891,2.54778674894068,0.43818,1.0
POLR2C,0.91604,2.3897195368905435,-0.40029089233398435,2.4964945412484307,0.43636,1.0
RNF216,0.91602,2.389459523240858,-0.6708608837890625,2.582380505084264,0.38944,1.0
THOC1,0.916,2.3891995658308174,-0.3035251318359375,3.2041088175429495,0.45952,1.0
CBLB,0.91598,2.3889396646333925,-0.5475814428710938,2.8992709908297574,0.3931,1.0
USP47,0.91594,2.3884200307683914,-0.6614614013671875,2.2968334958089813,0.35168,1.0
NEDD1,0.91592,2.3881602980468606,0.7895116284179687,2.638769481571677,0.63514,1.0
ADPRM,0.91592,2.3881602980468606,0.23887433227539062,2.484753703577577,0.53788,1.0
SIRT5,0.9159,2.38790062143004,-0.19790120864868163,2.9379113432563173,0.47058,1.0
ZNF700,0.91586,2.387381436402825,-0.5976088696289062,2.519392971258823,0.4103,1.0
TOPORS,0.91574,2.3858252250375096,-0.3053882388305664,2.706573363358218,0.46754,1.0
IMPA2,0.91572,2.3855660521535538,-0.9367836694335937,2.2232555198812687,0.33258,1.0
RGS18,0.91572,2.3855660521535538,-0.7043650830078125,2.3772244364480284,0.38008,1.0
WDR61,0.91564,2.3845299187132305,-0.5822323193359376,2.5085687136621244,0.41012,1.0
SPINT2,0.91552,2.382977389903794,-0.3897305230712891,2.3355106512707406,0.4342,1.0
ATG16L1,0.9155,2.382718829751437,-0.5487529467773438,2.576825003358674,0.42184,1.0
SNRNP48,0.91548,2.3824603251422816,-0.665491533203125,2.4761302508622105,0.39486,1.0
MTMR9,0.91548,2.3824603251422816,-0.5834611749267579,2.4427665641728002,0.40816,1.0
ZC3H8,0.91548,2.3824603251422816,-0.5163982580566406,3.378909978641569,0.42698,1.0
PLIN2,0.91544,2.3819434824474777,-1.402181982421875,1.537738245225016,0.15986,1.0
GSR,0.91536,2.380910462410229,-1.143436640625,2.140238923315856,0.2867,1.0
QDPR,0.91536,2.380910462410229,0.061116919960975645,2.8444287197301557,0.51208,1.0
MAP3K1,0.91534,2.3806523458617006,-0.7641525170898438,2.2825105919798614,0.36528,1.0
PRNP,0.91524,2.37936259256405,-0.4520608605957031,2.477227828965015,0.45038,1.0
WDR83,0.91518,2.3785894031934522,-0.45461366333007813,2.4864250408005177,0.435,1.0
SCCPDH,0.91516,2.3783317836801974,-0.6151224096679687,2.528039748105095,0.39314,1.0
ZNF227,0.91516,2.3783317836801974,-0.15735760787963868,3.2003221989344133,0.46074,1.0
PIGX,0.91512,2.377816709911691,-0.6709836889648437,3.8454503594856257,0.3489,1.0
IFT74,0.9151,2.377559255604031,0.2368709588623047,2.3827855614091993,0.53688,1.0
BRF2,0.91506,2.377044512011022,-0.5063906982421875,2.7407580860986327,0.42036,1.0
PWP2,0.91506,2.377044512011022,-0.34891877380371095,2.5910042857584323,0.44188,1.0
MYLIP,0.91504,2.376787222673377,0.1034258150100708,2.468527299134193,0.50556,1.0
HAUS6,0.915,2.376272808785205,-0.24729109786987305,2.4890690449584887,0.46386,1.0
RAB27A,0.91498,2.376015684182492,-0.4147857781982422,2.2587389587966396,0.44318,1.0
ZNF398,0.91496,2.3757586144392686,-0.6118543481445312,2.701001130732664,0.42356,1.0
ZNF675,0.91492,2.375244639427122,-0.547673837890625,2.8979542636427427,0.4214,1.0
ATP6V0A4,0.91488,2.374730883540613,-1.2893440454101563,4.049870187318091,0.32438,1.0
FOXP1,0.91482,2.373960660116803,-0.34084528381347656,2.482945984517859,0.43164,1.0
ELP2,0.91478,2.3734474511356383,-0.7860827221679687,3.2495072536323097,0.36828,1.0
TNRC6B,0.91468,2.372165383727745,-0.3325162744140625,2.52589974252365,0.459,1.0
ECI2,0.91462,2.3713967971381016,-0.627040966796875,2.726367904406372,0.3804,1.0
HTT,0.91458,2.3708846780884842,-0.36405205810546876,2.4192249221577504,0.44554,1.0
SUCLG2,0.91456,2.3706287000895636,-0.039394778242111204,3.5701232478126377,0.4946,1.0
EIF5A2,0.91444,2.369093971841566,-0.34114894409179686,2.6974524250568446,0.42786,1.0
MRPL12,0.9144,2.3685828293329045,-0.7328823974609375,2.4679153519642156,0.37876,1.0
ORAI1,0.91436,2.3680719032703648,-1.0818746020507812,2.4527492788960235,0.32718,1.0
ZNF268,0.91434,2.3678165213426,-0.374969091796875,2.66593703048469,0.4294,1.0
ZNF426,0.91428,2.367050699667542,-0.3108265020751953,2.597433519748667,0.43846,1.0
ITCH,0.91422,2.3662853636205843,-0.3399235168457031,2.446670180356406,0.4442,1.0
TRIM37,0.9142,2.3660303594037275,-0.5927174389648437,2.444732335818577,0.42114,1.0
BIRC3,0.9141,2.364756145669564,0.07993847816467285,2.568946611974929,0.49668,1.0
RANGRF,0.91408,2.364501464215598,-0.7582999536132813,2.7758572030275794,0.38986,1.0
EIF3B,0.91402,2.3637377419846857,-0.9599185571289063,2.464320424121437,0.36712,1.0
PABPC1,0.914,2.3634832752006427,-0.6521266088867187,2.5244180461879546,0.38688,1.0
ETS1,0.91396,2.362974502420814,-0.340606865234375,3.914382620451495,0.4319,1.0
ORC1,0.91394,2.362720196374712,-0.6662925854492188,3.8643835732899103,0.41958,1.0
CA2,0.91394,2.362720196374712,-0.44058497314453127,2.2466688967089103,0.42516,1.0
TSR1,0.91386,2.361703507229503,-0.44984530029296876,2.854329665370983,0.45086,1.0
CD244,0.91382,2.3611954833292406,-0.77191783203125,2.8441465261400785,0.35406,1.0
TRPM7,0.9138,2.360941551459523,-0.3470680416870117,2.4377045036459593,0.445,1.0
BEST4,0.91376,2.360433847755866,-0.39465258865356445,4.204986850442465,0.45782,1.0
ZMYM2,0.91372,2.359926357266713,-0.5287160632324219,2.4790300538867536,0.41536,1.0
INTS10,0.91368,2.359419079792473,-0.6008032104492188,2.9470534003477797,0.38918,1.0
FLI1,0.91368,2.359419079792473,-0.4711112255859375,2.6828838870529164,0.4065,1.0
DUSP1,0.91366,2.359165520873647,-0.6979174487304688,2.1823098437868085,0.3774,1.0
GIT2,0.91364,2.3589120151338268,-0.7118353393554687,2.269733094603512,0.37948,1.0
CD96,0.91364,2.3589120151338268,-0.5024564306640625,4.101270391518564,0.39854,1.0
UTP14A,0.91362,2.358658562548141,-0.5595937072753906,2.522083165967973,0.40488,1.0
KHDRBS2,0.91358,2.3581518167397735,-0.3853895506286621,3.0420373344629152,0.4492,1.0
NUDT5,0.91356,2.3578985234674366,-0.9425661010742188,2.5534830196859533,0.35458,1.0
LPCAT3,0.91352,2.3573920960624397,-0.6241379809570312,2.317796060399163,0.40264,1.0
ELP4,0.91344,2.356379877117778,-0.30574422119140626,3.238813500818326,0.45632,1.0
METTL21A,0.91342,2.356126954709301,-0.7802782568359375,2.260960932436211,0.3641,1.0
KLC1,0.9134,2.355874085182509,-0.861439853515625,2.220968528141209,0.33958,1.0
CA13,0.91338,2.3556212685127367,-0.05808099754333496,2.530715486787901,0.4858,1.0
TNKS,0.91336,2.355368504675336,-0.41171671447753905,2.3782727720490393,0.42908,1.0
CRY2,0.91334,2.355115793645677,-0.4154327362060547,2.3901180706585086,0.45062,1.0
TSNAX,0.91332,2.3548631353991425,-0.2475507385253906,2.894465806281106,0.46828,1.0
NFYB,0.91324,2.35385302975258,-0.11976842620849609,2.3607250972997766,0.48196,1.0
UAP1,0.9132,2.353348292989336,-0.847617958984375,2.205133398986536,0.36734,1.0
INTS8,0.91312,2.352339450602773,-0.76623953125,2.616945938159552,0.3853,1.0
BLNK,0.9131,2.3520873713509483,0.965303310546875,3.0757830664356423,0.69546,1.0
TNFAIP8L1,0.91294,2.350072624896218,-1.5736273876953124,1.9714842295467332,0.18242,1.0
CD55,0.91294,2.350072624896218,-0.5450700964355468,2.0662331168328376,0.39832,1.0
TNS4,0.9129,2.3495694617125786,-0.5009700201416015,3.5837227032681147,0.464,1.0
ZNF25,0.91288,2.3493179585017194,-0.5649645629882812,2.4996340090673694,0.42062,1.0
ELMO1,0.9128,2.3483124676329314,0.13098113638877867,2.398758007191754,0.5271,1.0
HERC1,0.91278,2.3480612252884727,-0.6438165576171875,2.304220275924527,0.39188,1.0
KLRF1,0.91274,2.3475588968777736,-0.3463656597900391,3.0835555600991222,0.43324,1.0
ABHD5,0.91272,2.347307810763298,-0.8748380126953125,2.1963008616719195,0.3442,1.0
ALOX12,0.91266,2.346554864494292,0.2739085466766357,3.2664712370435,0.52976,1.0
TBC1D1,0.91262,2.346053160136404,1.2879306689453125,1.7560241186473864,0.80576,1.0
LTV1,0.91262,2.346053160136404,-0.17979014007568359,3.3037356456697724,0.48198,1.0
SENP5,0.9126,2.345802385831812,-0.49803026550292967,2.3050349177031095,0.41456,1.0
CDKN2D,0.91246,2.344048417116651,0.827919775390625,1.9935714256356323,0.66392,1.0
UPF3A,0.91246,2.344048417116651,-0.72346978515625,2.502443962683724,0.38188,1.0
MRPL48,0.91246,2.344048417116651,-0.48706076171875,3.131491747457424,0.4146,1.0
BHLHE40,0.91242,2.3435477490071706,-0.6917905871582031,2.3051552030355373,0.36544,1.0
MAN1A2,0.9124,2.343297492467887,-0.820821796875,2.3248350192728506,0.35752,1.0
AUH,0.91238,2.343047287573795,-0.41762544189453127,3.293343494550014,0.42384,1.0
EPB41,0.91236,2.342797134301079,-0.5157248278808594,2.696422385895292,0.41296,1.0
TPD52,0.91236,2.342797134301079,-0.4842334228515625,3.809382960410841,0.41958,1.0
METTL22,0.9123,2.342046983973291,-0.5528125115966797,2.2728822919279543,0.39984,1.0
GGA2,0.91228,2.3417970369482615,-0.8588643994140625,2.228756022597106,0.35408,1.0
GATA1,0.91222,2.3410475047936066,-0.6618897546386718,2.999972060346664,0.38344,1.0
CASP8,0.9122,2.3407977636365294,0.8110697216796875,2.174090351340805,0.64392,1.0
RIOK1,0.9122,2.3407977636365294,-0.25633180786132814,3.075147401888411,0.46752,1.0
FECH,0.91218,2.340548073887228,-0.13120773372650146,2.208431441759989,0.47612,1.0
CHCHD4,0.9121,2.339549828494982,-0.1688863808631897,2.918038866749196,0.48054,1.0
GRIN2C,0.91206,2.3390510136313187,-0.008087825336456298,4.1305272175466685,0.50326,1.0
HACL1,0.91194,2.337555798108817,-0.6459490283203125,2.591034152189439,0.40598,1.0
PDS5A,0.91192,2.337306774514098,-0.5308388525390625,2.3518034293808467,0.4181,1.0
NOL9,0.91188,2.3368088805355516,-0.5048545874023438,3.0363587635342615,0.4433,1.0
SACM1L,0.91188,2.3368088805355516,-0.3379745056152344,2.5482391651744813,0.44338,1.0
ZNF263,0.91178,2.335565038227192,-0.5601464526367187,2.313001941816846,0.40896,1.0
MSMO1,0.91176,2.335316422602233,0.21674227645874022,3.956580704539335,0.5363,1.0
SH2D1A,0.91172,2.334819344002401,-0.16100818382263182,4.553126951515534,0.45168,1.0
AP4B1,0.91162,2.333577536875395,-0.49551590087890623,2.429364550036936,0.43056,1.0
B4GALT7,0.91162,2.333577536875395,-0.4440407373046875,2.3724111859735992,0.43538,1.0
POLR2K,0.9116,2.333329327727931,-0.07327334911346435,2.377620355601835,0.50082,1.0
RRM1,0.91154,2.3325850044238488,-0.4008125085449219,3.0352049838407003,0.40194,1.0
MAP3K8,0.91154,2.3325850044238488,-0.1687171353149414,2.280796405445885,0.4655,1.0
USP30,0.9115,2.3320890421048337,0.34035259033203125,2.2414558773689426,0.56312,1.0
MAPKAPK5,0.9115,2.3320890421048337,-0.1981767056274414,2.544524524512714,0.48258,1.0
ZNF770,0.91148,2.3318411368410557,-0.4813301232910156,2.6783100986046513,0.41622,1.0
GLI1,0.91146,2.331593282143632,-2.3249640478515623,3.4150849339196787,0.24418,1.0
NT5C,0.91144,2.3313454779894793,-0.9058775537109375,2.3544635050782134,0.35418,1.0
CDIPT,0.9114,2.3308500212187466,-0.8151579956054688,2.056157007968804,0.32144,1.0
MLH3,0.91136,2.330354766344527,-0.4255391198730469,2.399775785513914,0.441,1.0
KAT6A,0.91134,2.3301072145610755,-0.9038019165039063,2.034188616179094,0.32942,1.0
BBS5,0.91134,2.3301072145610755,-0.5964451025390625,3.327533773396548,0.42952,1.0
EHMT1,0.91134,2.3301072145610755,-0.5270281872558594,2.440444523735697,0.42344,1.0
C1orf35,0.91126,2.3291175112487905,-0.8319437084960938,3.2474287872705947,0.32012,1.0
GPR183,0.91126,2.3291175112487905,-0.5568817541503907,2.5623350169792656,0.42218,1.0
ABHD17B,0.91126,2.3291175112487905,-0.5532026477050781,2.388802993285202,0.409,1.0
KLHL20,0.91126,2.3291175112487905,-0.5524509558105469,2.636417911915287,0.40768,1.0
FBXL20,0.91124,2.3288702112613615,-0.6616974829101563,2.289887832375281,0.38684,1.0
IL12RB1,0.9112,2.328375762134848,-0.32055243896484376,2.431273975839095,0.44472,1.0
B3GNTL1,0.91118,2.328128612949993,-0.7576996423339843,2.361966193424866,0.37332,1.0
GYPC,0.91118,2.328128612949993,-0.31324638427734375,3.0285306654877497,0.42124,1.0
PILRB,0.91114,2.327634465222769,0.16485255279541017,2.655961882002326,0.55808,1.0
ZNF669,0.91108,2.3268936198956665,-0.6650885766601563,2.1919094214311565,0.37862,1.0
SLC35B3,0.91104,2.3263999735874,-0.5000385412597657,2.2732269903030593,0.4149,1.0
TBC1D13,0.911,2.325906527527819,-0.29513890388488767,2.4792107016538303,0.47152,1.0
ZNF600,0.911,2.325906527527819,-0.19212217514038085,2.8515558163440495,0.45812,1.0
CAPN7,0.91092,2.3249202354275096,-0.6881818115234375,2.3734870702014197,0.3857,1.0
ZNF43,0.91092,2.3249202354275096,-0.11769480129241944,2.8566187337477746,0.47112,1.0
DCAF16,0.91088,2.324427389023798,-0.6502504223632812,2.235295617494781,0.39356,1.0
HDAC6,0.91084,2.3239347421427956,0.11974091651916503,2.426529813773138,0.52616,1.0
PSMD3,0.91078,2.3231961455307593,-0.5795631420898437,2.2868160012790595,0.40664,1.0
CDK7,0.91064,2.321474494256016,-0.6430413952636719,2.2820052795750936,0.38476,1.0
DET1,0.91064,2.321474494256016,-0.3838270281982422,2.6238083076095244,0.44334,1.0
COQ9,0.91062,2.321228742694704,-0.5705249353027344,2.5511433652526883,0.40114,1.0
TNFRSF17,0.91058,2.3207373883131215,0.7830582446289063,3.9834576861165725,0.57898,1.0
USP28,0.9105,2.3197552738868525,0.49402173706054686,2.2866367018230465,0.59326,1.0
MME,0.91046,2.319264513484263,2.2202895751953124,3.253874784981979,0.7606,1.0
DIMT1,0.91046,2.319264513484263,-0.5921939904785156,2.983453684409418,0.40842,1.0
RIF1,0.91044,2.31901920740743,0.2694935479736328,2.6726930226319636,0.55432,1.0
ZNF92,0.91038,2.3182835854072072,0.36091515258789064,2.6662256684557777,0.56914,1.0
NOP58,0.91038,2.3182835854072072,-0.358757041015625,3.3730116114289044,0.44596,1.0
HSPA14,0.91036,2.318038476742986,-0.5384355322265625,2.448150926492462,0.4125,1.0
MTMR12,0.91032,2.317548407284849,-0.49648179626464845,2.4289481121354934,0.42804,1.0
C4BPB,0.91028,2.31705853483901,-0.6024143579101563,3.980204197903506,0.44206,1.0
CHN2,0.91024,2.3165688592279516,-0.24602502906799317,2.3227057114044483,0.45452,1.0
TDP1,0.91022,2.3163240951800534,-0.6040080419921875,3.007110237507309,0.38894,1.0
SMC2,0.9102,2.3160793802743878,-0.4319228271484375,3.039547120020613,0.41818,1.0
DDB1,0.91018,2.3158347144888305,-0.7602150732421875,2.2023718782420976,0.37146,1.0
RNF126,0.91016,2.315590097801273,-0.660491484375,2.7495869439516474,0.37672,1.0
CSTF2,0.90998,2.313390753382611,-0.4564862329101563,2.548122046467701,0.44426,1.0
MPHOSPH10,0.90998,2.313390753382611,-0.43472431396484373,2.9744751121370636,0.42146,1.0
ERBB3,0.90996,2.313146626462313,-2.364962919921875,3.528584585419074,0.23154,1.0
NAA35,0.90992,2.3126585191671087,-0.6945753515625,2.3369690412480497,0.38268,1.0
PTCD3,0.90992,2.3126585191671087,-0.6755129663085937,3.127929246797946,0.40258,1.0
CRYM,0.9097,2.309977414405076,-0.27795841594696047,3.453950820067037,0.44836,1.0
SLC38A1,0.9096,2.308760675038195,-0.340206650390625,3.9495573057739635,0.43162,1.0
OGT,0.90958,2.30851747264124,-0.7261918676757813,2.1094041202233655,0.37404,1.0
DGKD,0.90952,2.307788156012986,-0.8542390307617187,2.2564155961138406,0.3581,1.0
SOX13,0.9095,2.3075451472522963,-0.08100154399871826,3.5523494096153923,0.47954,1.0
DDX20,0.90948,2.307302186846601,-0.39370209594726563,2.9148531547151704,0.43438,1.0
CBX1,0.90938,2.3060881093875363,-0.44501896240234373,2.989100695335027,0.42772,1.0
ARID5B,0.90938,2.3060881093875363,0.06325958827495574,2.2786019780758733,0.5104,1.0
MED9,0.90936,2.3058454386587033,-0.7243035717773437,2.2691304174805778,0.3767,1.0
GSS,0.90934,2.305602816133965,-0.38286397766113284,2.3634712741372583,0.4333,1.0
BLMH,0.90924,2.304390425819642,0.59856697265625,2.3715926423558455,0.67588,1.0
UBE2G2,0.90922,2.304148092068447,-0.39787303466796875,2.886949351825011,0.44158,1.0
TRAK2,0.90918,2.3036635687063205,-0.023751966171264648,2.1550030099768422,0.49818,1.0
ZSCAN25,0.90916,2.3034213790526,-0.4781984545898437,2.7527353029639694,0.43272,1.0
MDM4,0.90916,2.3034213790526,-0.37937743121147155,2.3303382497906577,0.44184,1.0
PJA1,0.90908,2.302453100121469,-0.23959369384765625,2.42496563654641,0.47144,1.0
PDHX,0.90902,2.3017273939937968,-0.29249248901367186,2.3606850376523307,0.45692,1.0
NDUFAF4,0.90902,2.3017273939937968,0.08717108640670776,3.6946299066357344,0.51312,1.0
PPIP5K2,0.909,2.301485587660629,-0.6211912438964844,2.3041232133408878,0.40766,1.0
LEMD2,0.90898,2.301243829146711,-0.41653181396484373,2.2549327434854143,0.42762,1.0
PPWD1,0.90894,2.300760455491651,-0.8311433837890625,2.689160916959492,0.3442,1.0
HIBCH,0.90894,2.300760455491651,0.18554909271240233,2.6574520939896273,0.5348,1.0
ZNF606,0.9089,2.3002772728588123,-0.609487548828125,3.2455152359176322,0.41878,1.0
MOCS1,0.90886,2.2997942810786123,0.147187250289917,3.2709261302098516,0.50018,1.0
AP3M1,0.90876,2.2985876354975443,-0.32181154479980467,2.268555455145645,0.44224,1.0
TSEN15,0.90876,2.2985876354975443,0.0071664960479736325,3.052042120002916,0.49714,1.0
RPAP2,0.90874,2.298346449161379,-0.6503882836914062,2.7895823959363875,0.41664,1.0
EXOSC4,0.90872,2.2981053103693454,-1.1012926538085936,2.0036286365800113,0.29424,1.0
ELP5,0.90858,2.2964186682930214,-0.8719368627929688,2.163829521276227,0.32678,1.0
CST3,0.90858,2.2964186682930214,0.25792932250976564,4.000705348423219,0.58876,1.0
EBP,0.90852,2.295696532748635,-0.6341447436523437,2.8531112018348677,0.38568,1.0
RNF139,0.90848,2.295215345653118,-0.6187366613769532,2.1318618949595685,0.39298,1.0
IDH1,0.90846,2.2949748230228404,-0.15337298671722413,2.2775156996389043,0.4684,1.0
MT1G,0.90842,2.2944939194928065,1.7196994091796876,3.20363614163727,0.71812,1.0
MRPL45,0.90842,2.2944939194928065,-0.5644205615234374,2.7527748919064954,0.41202,1.0
PREB,0.9084,2.2942535385513185,-0.6064143078613281,2.2886625306952895,0.40352,1.0
CTR9,0.90834,2.2935326787708648,-0.7025514868164062,2.314568062214213,0.36662,1.0
TRMT11,0.90832,2.2932924864559867,-0.2199195374393463,3.2869740974587804,0.4596,1.0
SLC35A2,0.90828,2.2928122431193723,-0.6643546923828125,2.1469074303714026,0.37606,1.0
TRNT1,0.90824,2.2923321880351635,-0.2189198504638672,2.426718812868341,0.4693,1.0
SLC4A4,0.9082,2.291852321037406,2.174879873046875,3.0033784880535968,0.7953,1.0
ZNF775,0.9082,2.291852321037406,0.31102820190429686,4.620206144426369,0.57108,1.0
CHID1,0.90818,2.2916124580191464,-0.5878831188964844,2.854293172176834,0.39908,1.0
GFM1,0.90816,2.2913726419603666,-0.3647812255859375,2.7542273384161247,0.44992,1.0
ZNF354A,0.90812,2.2908931506385275,-0.8889419799804688,2.5340602432429766,0.34494,1.0
NDUFV1,0.90808,2.2904138469065836,-0.7128705395507813,2.864883939773447,0.367,1.0
MRPL4,0.90786,2.2877810221837636,-0.5160746643066406,3.008477187504633,0.41416,1.0
SIKE1,0.90782,2.287302933771741,0.17616303985595702,2.3704871106973897,0.53456,1.0
CFP,0.90778,2.28682503171669,-0.805037802734375,3.710190653193392,0.35202,1.0
CFD,0.90772,2.2861085276958684,0.0523324063205719,3.7896614489125144,0.52188,1.0
BMS1,0.9076,2.2846767742580476,-0.6924640307617187,2.555782439606555,0.36744,1.0
IP6K1,0.9075,2.283484921620626,-0.5920799096679688,2.26722690216045,0.39038,1.0
ZNF440,0.90744,2.282770365365366,-0.5669596618652344,2.174218206212042,0.40554,1.0
PRMT7,0.90744,2.282770365365366,0.15495433212280274,3.1605765974571596,0.53062,1.0
CLASP1,0.90732,2.2813424997940035,-0.5525636987304687,2.211077429197766,0.39856,1.0
PARD6G,0.9073,2.2811046836037736,-2.2492727734375,3.289823287672193,0.24124,1.0
COQ5,0.90724,2.280391511324905,-0.2324462530517578,2.6157686245642404,0.45914,1.0
EED,0.90724,2.280391511324905,-0.024192646732330323,2.3599460627245454,0.50184,1.0
AASDHPPT,0.90722,2.2801538792622633,-0.47584583984375,2.4009410863210796,0.43048,1.0
PCM1,0.90714,2.2792038106283883,-0.7613640747070313,2.2157791861996325,0.35246,1.0
NFRKB,0.90714,2.2792038106283883,-0.7235865234375,2.4398267308752444,0.38982,1.0
FCF1,0.90712,2.278966408273949,-0.08040610355377198,2.2112338085710315,0.49082,1.0
TUBB2A,0.90694,2.276831849360539,0.4285886260986328,2.2230015060338775,0.57996,1.0
LMBRD1,0.9069,2.276358006170501,-0.5478373352050782,2.28989446831735,0.40502,1.0
GNG3,0.90682,2.275410867581564,0.6308755126953125,3.632989024418313,0.5747,1.0
ZNF626,0.90682,2.275410867581564,-0.1073106781387329,3.2085505946388637,0.48936,1.0
UBE2D4,0.90678,2.2749375718654896,-0.4311003112792969,2.570791931375893,0.41494,1.0
ZNF611,0.90674,2.2744644583238984,-0.66589900390625,2.1896542073685206,0.37486,1.0
SHPRH,0.90674,2.2744644583238984,-0.10117964839935303,2.5325786372292143,0.47566,1.0
ELOVL5,0.9067,2.2739915267987114,-0.14663899227142335,2.2716435220126137,0.47972,1.0
POLD3,0.90668,2.273755129242927,-0.08380669059753418,2.2515857548108933,0.48604,1.0
ZNF184,0.90656,2.272337697562235,-0.20938124084472656,3.5852766525987674,0.46138,1.0
COA4,0.9064,2.27045032623025,-0.4838126745605469,2.57780339718302,0.43466,1.0
NTNG1,0.90636,2.2699789354906477,-0.4138586761474609,3.6423685551423777,0.43404,1.0
ZNF169,0.90632,2.2695077252757714,-0.8127417578125,2.465601519840361,0.3504,1.0
SRPK2,0.90632,2.2695077252757714,-0.38636174499511716,2.2688791914947957,0.42984,1.0
MIS18BP1,0.9063,2.2692721878163593,-0.5006849157714843,2.3678097874064234,0.41362,1.0
PIK3CG,0.9063,2.2692721878163593,-0.0848882354736328,2.377820911729776,0.48564,1.0
POLR2A,0.90628,2.269036695429658,-0.35981727172851563,2.2551649199386943,0.43676,1.0
MSI2,0.90626,2.268801248096203,-0.6500056689453125,2.5829578326978564,0.38378,1.0
GABARAPL1,0.9062,2.268095176220859,-0.7876447705078125,1.9658712094071857,0.34436,1.0
NAA30,0.9062,2.268095176220859,0.046770784492492674,2.2427565857874447,0.51554,1.0
SLC25A37,0.90618,2.267859908905993,-0.5737377526855468,2.1088724658169444,0.39906,1.0
ASXL2,0.90606,2.2664492484169037,-0.7134783325195313,2.1229682513803403,0.37826,1.0
LYZ,0.90604,2.2662142953880546,-0.4496973376464844,4.286140186127685,0.44892,1.0
FGD3,0.90582,2.263632765992291,-0.15978821758270265,2.190207986996439,0.4688,1.0
MAP3K3,0.90578,2.2631639776771095,-0.754007099609375,2.076384913585065,0.34932,1.0
FH,0.90574,2.262695367644544,-0.503302099609375,2.2292325885893547,0.41954,1.0
ZNF568,0.90574,2.262695367644544,-0.3898375,3.299872648608011,0.4372,1.0
CDK13,0.90572,2.26246112943639,-0.5873413464355469,2.1612062075779646,0.39482,1.0
ZNF571,0.90566,2.2617586818150373,0.039928223457336424,5.8986268491676555,0.47134,1.0
RHOT1,0.90564,2.2615246215453033,0.09416308740615845,2.2568857251202132,0.52334,1.0
PHB2,0.90562,2.261290605712465,-0.8190699072265625,2.186229594218862,0.34678,1.0
CUTC,0.9056,2.261056634297463,-0.6496417553710937,2.8944832669488894,0.35702,1.0
BTN3A3,0.90548,2.2596537375162176,0.7181590258789062,2.2972642689427705,0.63136,1.0
AK3,0.90544,2.259186459736426,-0.1412611803817749,3.4111760603719428,0.49408,1.0
NUS1,0.90542,2.2589528872262727,-0.24454903137207032,2.2349698967153295,0.45958,1.0
RPP14,0.90538,2.2584858748707575,-0.5510702551269532,2.054538999312392,0.40376,1.0
ZNF514,0.90534,2.2580190392755135,-0.3322188745117188,2.2410793372793982,0.44588,1.0
CEP57,0.90532,2.257785687715742,-0.5978600524902343,2.690340188580735,0.36018,1.0
MED16,0.90524,2.2568527226219617,-0.5101239880371093,2.219794424346625,0.39688,1.0
HLA-DRA,0.90522,2.256619591540596,-0.6196327490234375,3.7744744282433094,0.40678,1.0
FOXO3,0.9052,2.256386504498406,-0.658909560546875,2.0002227018598573,0.36756,1.0
SRPK1,0.9051,2.255221729217243,-0.4224692559814453,2.082567305807722,0.4189,1.0
ADK,0.90506,2.254756126721657,-0.4012100280761719,2.443731622711436,0.4514,1.0
MAD1L1,0.90494,2.2533603719736885,-0.7125659924316406,2.101353697662512,0.35884,1.0
KMT2A,0.90488,2.2526630858405996,-0.48310027587890625,2.303154003041693,0.41342,1.0
CUL2,0.90484,2.2521984470548775,-0.0924767714881897,2.4081852363704543,0.50272,1.0
FTL,0.9048,2.2517339830045917,-0.775176865234375,2.6382418438847033,0.30372,1.0
NAPG,0.9048,2.2517339830045917,-0.20867090896606447,2.1968355852157044,0.46558,1.0
ELP3,0.90478,2.2515018164587848,-0.6378815454101563,2.427525502175549,0.41642,1.0
ELL,0.90476,2.2512696935411185,-0.7570105932617187,2.1629258162705307,0.3629,1.0
STAG1,0.90474,2.2510376142330446,-0.7038737878417969,2.2017146397414313,0.3722,1.0
PPIH,0.90474,2.2510376142330446,-0.3685362756347656,2.883763396334945,0.43796,1.0
STX10,0.90466,2.250109732726115,-0.9475050756835938,2.070209457509089,0.3238,1.0
ING2,0.90452,2.248487614784164,-0.9739019970703126,1.8573026312814391,0.29824,1.0
DFFA,0.9045,2.248256057348665,-0.7222044604492187,2.2495820650305807,0.38148,1.0
ZNF264,0.90448,2.248024543282688,-0.9759930737304687,1.9315008232424862,0.31552,1.0
ADAT1,0.90446,2.2477930725678488,-0.20090971298217775,2.411584038010218,0.47514,1.0
ZNF555,0.90444,2.2475616451857703,-0.4529679211425781,2.2099143003201553,0.4081,1.0
SEC11C,0.9044,2.247098920346459,0.029663061027526857,2.573476070839882,0.50932,1.0
ASPSCR1,0.90424,2.2452497506327584,-0.8458566137695313,1.9852570301250898,0.31904,1.0
GTF3C5,0.90412,2.243864685379205,-0.40907313720703126,2.326386063755186,0.42264,1.0
AGPS,0.90408,2.2434033413326366,-0.2697191717529297,2.139993427822452,0.45006,1.0
ISCA1,0.90402,2.242711647611153,-0.4599573693847656,2.731863882596669,0.39784,1.0
MMGT1,0.904,2.2424811689243405,-0.8030918212890625,2.088762326792739,0.34106,1.0
GYG1,0.90398,2.24225073315084,-0.3246678546142578,2.242924309033895,0.44218,1.0
NR3C1,0.90396,2.242020340272551,-0.19049895568847655,2.6920250515829807,0.47242,1.0
E2F6,0.9038,2.2401787393055193,-0.5593312915039063,2.4020884326718326,0.41686,1.0
GOLGA3,0.90378,2.2399487316714715,-0.6195308813476562,2.1614001273466457,0.39234,1.0
SRSF1,0.90372,2.239258964986389,-0.5894664587402344,2.1150966975800416,0.38994,1.0
CLEC2B,0.90366,2.238569582249738,0.9333395971679688,1.8177826247843027,0.7259,1.0
CASP3,0.90362,2.2381102068241874,0.727414345703125,1.9949454783181844,0.6448,1.0
APOBEC3G,0.90356,2.2374214629261044,0.7710088403320312,2.4392483307181143,0.6487,1.0
MAGED2,0.90354,2.237191966685957,-0.5255404992675782,2.646292489775475,0.34708,1.0
TERF1,0.90354,2.237191966685957,-0.4363159594726562,2.1557927514990176,0.42818,1.0
TAF8,0.90354,2.237191966685957,-0.05841609153747559,2.538225758606932,0.49912,1.0
RICTOR,0.90352,2.236962512945651,0.37931877807617187,2.069953041659865,0.57086,1.0
CSAD,0.90334,2.2348993388352674,-0.2843268435668945,2.323132672491185,0.4484,1.0
CAPN10,0.90326,2.233983473703651,-0.7461439868164063,2.079087777578238,0.35272,1.0
RHOT2,0.9031,2.2321537703600325,-0.6944937280273438,2.080667543500026,0.36184,1.0
EZR,0.90308,2.231925247121447,-0.29779128356933593,2.3951505204251,0.44136,1.0
MRPS25,0.90308,2.231925247121447,-0.19411231155395509,2.645845198939874,0.4635,1.0
HSPD1,0.90302,2.231239929888749,0.05214756023406982,2.1540094398859733,0.50258,1.0
SEMA4D,0.903,2.231011574913603,-0.5293984338378906,2.224858008418737,0.40228,1.0
COPZ2,0.903,2.231011574913603,-0.3932949487304688,3.3028230498965727,0.43528,1.0
RBFOX2,0.90296,2.230554991011576,-0.571876255493164,3.356714849321151,0.42226,1.0
BAG3,0.90296,2.230554991011576,-0.10559616859436036,2.244012549045112,0.48776,1.0
EIF2B5,0.90292,2.2300985750569757,-0.5084296032714843,2.213900656276372,0.39166,1.0
UVRAG,0.9029,2.2298704300161547,0.35892483032226563,2.231438769449687,0.5739,1.0
CSTF2T,0.90288,2.229642326909642,-0.31597425842285154,2.298680730341945,0.44418,1.0
UTP18,0.90286,2.229414265719946,-0.6618288354492188,2.3651740436235196,0.38144,1.0
ZNF250,0.90286,2.229414265719946,-0.2930424792480469,2.6337740328542627,0.45298,1.0
COPRS,0.90284,2.2291862464295837,-1.289218388671875,1.7908190582622505,0.19588,1.0
DDX42,0.90284,2.2291862464295837,-0.5887578735351563,2.0974532609751666,0.38452,1.0
INPP5K,0.90278,2.2285024397798416,-0.5018497155761719,2.0010433918195942,0.39688,1.0
TPST2,0.90262,2.2266807946024727,-1.1846825634765625,1.6166007954958224,0.2068,1.0
HAUS2,0.90256,2.2259983660300793,-0.2555154934692383,2.0761463857394657,0.45068,1.0
GDE1,0.90246,2.224861817613271,-0.8942975415039063,1.9032563386110641,0.32916,1.0
UTRN,0.9024,2.2241803873247474,1.1227825341796875,1.5461383871410215,0.7884,1.0
ZNF160,0.9024,2.2241803873247474,-0.6527231909179687,2.2539463903494052,0.34688,1.0
MRS2,0.9024,2.2241803873247474,-0.37938692321777345,3.0449202408977563,0.42574,1.0
CPSF7,0.9023,2.2230454999517177,-0.6424041064453125,1.930529930272631,0.3635,1.0
C2CD3,0.9023,2.2230454999517177,-0.43906578369140625,2.345897834038751,0.43406,1.0
SMG6,0.9022,2.221911647933524,-0.6649872180175781,2.226068600455912,0.38598,1.0
TRMT13,0.90214,2.2212318328007363,-0.2281994123840332,3.3813305196142953,0.45938,1.0
EIF2AK1,0.902,2.219647041392052,-0.6525666748046876,1.9428184229071634,0.33054,1.0
SRF,0.90196,2.219194614521399,-0.9193316162109375,1.959810770556206,0.30824,1.0
MRPS23,0.9019,2.2185162826003455,-0.45537390380859377,2.7558421924633807,0.41618,1.0
SPATA13,0.9019,2.2185162826003455,0.14788118171691894,2.4141057811331006,0.53502,1.0
GSPT1,0.90172,2.2164835029329533,-0.4299116162109375,2.6086602026764907,0.42198,1.0
PER1,0.9016,2.215130158667358,-1.0601005297851562,1.9042313316415842,0.25016,1.0
BTN3A1,0.90156,2.214679370646215,0.66345232421875,2.557860685597681,0.61244,1.0
DDRGK1,0.90146,2.2135531140495344,-0.7485983471679688,2.2116162401112076,0.32114,1.0
CXXC1,0.90144,2.2133279849027985,-0.6771905908203125,2.2285678761716987,0.37934,1.0
SLC1A7,0.90132,2.211978063824765,0.003408278732299805,3.675648744934162,0.48512,1.0
PHF21A,0.9013,2.211753219122928,-0.703197021484375,2.0374967345044084,0.3615,1.0
IDI1,0.90126,2.2113036514073006,-0.29222219177246095,2.3279804525619836,0.44482,1.0
HSCB,0.90124,2.2110789283602066,-0.11590529972076416,2.129533120911516,0.48818,1.0
YAF2,0.90118,2.210405002262179,-0.3933590625,2.3322523221218736,0.42788,1.0
PDCD7,0.90116,2.210180441188532,-0.583186728515625,3.0002455233898346,0.38112,1.0
TIMM10B,0.90114,2.2099559205667316,-0.5688548278808594,2.3918238834588426,0.39052,1.0
CES2,0.90114,2.2099559205667316,-0.47327008056640624,2.1046817629795704,0.41112,1.0
SIAH2,0.90106,2.209058242266387,-0.0561049361038208,2.14338132530729,0.49596,1.0
GLO1,0.90098,2.208161209870423,-0.6185212048339844,2.6307286812156656,0.40012,1.0
ITGA4,0.90098,2.208161209870423,0.17288880416870117,2.7659228774022,0.51548,1.0
GIPR,0.90094,2.2077129355560494,-0.253694217376709,3.5128597883358683,0.45502,1.0
ZNF273,0.9008,2.2061452430945994,0.05531647463798523,2.3147890127549693,0.50326,1.0
CSRP1,0.90076,2.2056976926025387,-0.953792646484375,1.9287582245279493,0.2987,1.0
BAG5,0.90062,2.2041325288639926,-0.4925768200683594,2.0390104328034577,0.40364,1.0
JUN,0.9006,2.2039090942049424,-0.7763316748046875,1.970239134199025,0.33844,1.0
PDK3,0.9006,2.2039090942049424,0.218190419921875,2.153602852278436,0.53886,1.0
CTCF,0.90054,2.2032390301096862,-0.5720352001953125,2.3427566618435876,0.37662,1.0
POP5,0.9003,2.2005623641466383,-0.59569599609375,3.503099597221063,0.38434,1.0
EMB,0.90028,2.2003395673950377,-0.26469796813964847,3.625400153738238,0.46132,1.0
DOK2,0.90014,2.198781101709893,-0.9243583520507812,1.9979045263397759,0.2932,1.0
PPP3CA,0.90008,2.198113782445494,-0.828679482421875,2.0413907500327473,0.33694,1.0
NUDT2,0.90006,2.1978914218527947,0.11143718231201172,2.366641722665444,0.50746,1.0
HAUS3,0.90002,2.197446819314199,0.2130787594604492,2.7579696415713673,0.55728,1.0
CHPT1,0.89996,2.196780211882764,-0.9514303637695313,1.9853494726426322,0.28972,1.0
DPM2,0.8999,2.1961139597187285,-0.05357486049652099,1.9232097443209109,0.50126,1.0
BTN2A2,0.89988,2.195891954537725,0.18085966252803803,2.1324033667220994,0.53712,1.0
GATA2,0.89988,2.195891954537725,-0.022341787185668944,3.4021354140885323,0.47676,1.0
RNF19A,0.89978,2.1947825194668753,0.3448632293701172,1.939765801520164,0.5684,1.0
GOLGB1,0.89978,2.1947825194668753,-0.16393340286254882,2.238467131149887,0.48048,1.0
SOCS4,0.89976,2.194560750507953,-0.8001238916015625,1.9342721500026492,0.33574,1.0
DDOST,0.89962,2.1930094677144,-0.47254818237304685,2.394112772874782,0.4122,1.0
ADAMTS17,0.89952,2.1919025849982785,0.909958427734375,4.295152022242075,0.57278,1.0
ZNF708,0.8994,2.190575616670968,-0.5634158996582032,2.797850270706706,0.37054,1.0
ICAM2,0.8993,2.1894708831959533,0.571632236328125,2.1213083614871993,0.62436,1.0
BAZ1B,0.8992,2.1883671235021582,-0.4798409826660156,2.2357617625091146,0.41628,1.0
TNFAIP1,0.89916,2.1879258918445,-0.4294622799682617,2.1399142619558296,0.41616,1.0
TIA1,0.8991,2.187264335631164,1.0208450366210937,1.7321052465234907,0.72708,1.0
ENTPD4,0.89904,2.1866031285709844,-0.7293581616210938,1.9145545342598165,0.3512,1.0
TIMM22,0.89896,2.185722061557411,-0.4518311279296875,2.762417331023688,0.42106,1.0
DCLRE1C,0.89896,2.185722061557411,0.44193064270019533,2.230786909754065,0.59164,1.0
RGS10,0.89888,2.1848416135173316,-0.7057350439453125,1.8329259558057052,0.34224,1.0
BACE1,0.89864,2.1822039733204304,-0.21830554107666017,2.9671171357034805,0.48266,1.0
TPM1,0.89858,2.1815454291775205,-0.93255529296875,1.6924922684257582,0.2907,1.0
MAFA,0.89852,2.180887230565888,-2.2704770703125,3.0920948233556276,0.20614,1.0
SPOPL,0.89816,2.1769452719013724,-0.7080143334960938,1.9880173733171844,0.35022,1.0
CEP135,0.8981,2.176289480448225,-0.5523561193847656,1.959253383535123,0.39804,1.0
ZNF649,0.8981,2.176289480448225,-0.2458527380371094,2.052287494601215,0.45526,1.0
SERINC4,0.89804,2.1756340312320996,0.3392400390625,3.4891293047509535,0.5494,1.0
IQGAP2,0.89802,2.1754156241421017,0.6937680004882812,1.9229440762754562,0.65728,1.0
SLC39A6,0.89802,2.1754156241421017,-0.28346077453613283,2.146423808356734,0.45648,1.0
FNTA,0.89796,2.1747606306066567,-0.15183682891845704,2.1744605318854924,0.46316,1.0
ACAD9,0.8979,2.1741059783561436,-0.6801027661132812,2.074119488676174,0.36894,1.0
STX17,0.89788,2.173887836710062,1.1780150390625,1.661007639443435,0.77722,1.0
ACAT2,0.89788,2.173887836710062,-0.5188000695800781,2.3100213116895603,0.37658,1.0
FPGT,0.89786,2.1736697329242665,-0.3233125454711914,2.0807439498073013,0.44254,1.0
ALDH9A1,0.89784,2.1734516669837163,-0.67253435546875,2.326416294451454,0.3515,1.0
RRM2,0.89756,2.1704027091642777,0.24180305450439454,3.8215929568891616,0.50988,1.0
SEPSECS,0.89754,2.1701852091033684,-0.44912427856445314,2.0587125474691907,0.4148,1.0
ZNF567,0.89752,2.1699677466482306,-0.4964897351074219,3.030724176939063,0.4063,1.0
BRD1,0.89748,2.169532934495707,0.18513276191711425,2.041056482214527,0.54274,1.0
MTMR6,0.89746,2.169315584768561,-0.4533019384765625,2.017090576446436,0.4055,1.0
MIS18A,0.89718,2.166276624196448,-0.11573381692886353,3.0758433009085615,0.46996,1.0
STRAP,0.89716,2.166059836106936,-0.6778816333007812,2.002248766773491,0.37076,1.0
GRPEL1,0.89706,2.1649764552292825,-0.5391865686035157,2.390618139798014,0.40402,1.0
PDHA1,0.89692,2.163461286121166,-0.4150150146484375,2.5149349866020607,0.44332,1.0
ELP6,0.89688,2.1630287152144065,-0.37301520751953127,2.855940971842146,0.45136,1.0
PUS3,0.89684,2.1625962927831264,0.008198609762191772,2.3477561989092304,0.51598,1.0
RHOH,0.8968,2.1621640187104885,-0.04466712896347046,3.697852248784443,0.47922,1.0
PDS5B,0.89668,2.160868085478056,-0.5754059631347657,2.012888760260413,0.39806,1.0
SPIDR,0.89666,2.1606522260968597,-0.19995370319366454,1.9435123626281656,0.4637,1.0
MRPL46,0.89646,2.1584956626172933,-0.24668840576171874,2.643654808864329,0.4562,1.0
ST3GAL1,0.89644,2.158280208984051,-0.6710938830566406,1.9038520707122204,0.354,1.0
ZNF12,0.89634,2.1572034925207206,-0.7162131518554687,2.0473791007155357,0.37,1.0
PANK3,0.89634,2.1572034925207206,-0.15660397132873535,2.033612854278302,0.46692,1.0
OXA1L,0.8963,2.1567730631278343,-0.68352833984375,2.110523308929967,0.35102,1.0
TRIM28,0.89626,2.1563427805294455,-1.0284957690429688,1.9388895792996985,0.29034,1.0
UTP3,0.89626,2.1563427805294455,-0.4308938708496094,2.16862862669055,0.40438,1.0
APPL1,0.89624,2.15612769424228,0.38518685363769534,2.2367241876661823,0.55736,1.0
CSTF3,0.89624,2.15612769424228,0.20000685974121094,2.1174146811235888,0.5404,1.0
TAGAP,0.89608,2.1544083223411397,0.8171141040039063,2.1673264217421524,0.65118,1.0
ZC3HC1,0.89608,2.1544083223411397,-0.32127235107421875,1.9633127532464725,0.43826,1.0
APOE,0.89602,2.153764161198813,-1.77828595703125,3.3371712900431034,0.29102,1.0
RALGAPB,0.89598,2.153334902952306,-0.9423144262695312,1.9699419523127641,0.3131,1.0
AMFR,0.89588,2.1522623953079054,-0.33303490173339845,1.8881853914769071,0.4267,1.0
U2AF1L4,0.89578,2.151190797630748,-0.6529987548828124,2.049116618248946,0.35222,1.0
COX19,0.8957,2.1503341734744232,-0.6748693017578125,1.995629152085702,0.36688,1.0
ADAM8,0.89556,2.1488364771003683,-0.846886083984375,1.9010397303730229,0.31414,1.0
STT3A,0.8955,2.1481951500959005,-0.4448979602050781,2.00382529303464,0.40622,1.0
ADO,0.8953,2.146059739763619,-0.7855829858398438,2.0277015922859447,0.35584,1.0
FANCL,0.89528,2.145846396908127,-0.51958283203125,1.9871546621643497,0.39266,1.0
OPA1,0.89528,2.145846396908127,-0.459409658203125,2.0608477810106605,0.4099,1.0
MRPL10,0.89522,2.1452065841443058,-0.3395921057128906,2.972776705768949,0.42686,1.0
ATF1,0.89512,2.1441409480440217,-0.3608349114990234,2.07436276280732,0.43764,1.0
NCR3LG1,0.89506,2.1435019968754143,-0.23809133918762207,1.9634349893905882,0.45168,1.0
OFD1,0.89498,2.142650563446743,0.0004683503723144531,3.2584075468832054,0.51444,1.0
SMC6,0.89496,2.142437794544134,0.10297405418395997,2.165128599408686,0.51172,1.0
XBP1,0.8949,2.1417997023059074,0.2972929388427734,1.9762704636824389,0.57848,1.0
MED27,0.8947,2.139675047413621,-0.2940602880859375,2.163360714750794,0.4497,1.0
GFM2,0.89468,2.139462777813961,0.12303464078903198,2.2781203696407624,0.54372,1.0
PPP2R2D,0.8946,2.138614054891485,-0.8385944580078125,1.8761462301205252,0.31538,1.0
MRPL49,0.89448,2.1373420354300543,-0.19751374755859374,2.5569556787247723,0.4379,1.0
ZKSCAN1,0.89434,2.1358596243357155,-0.7751495434570312,1.7917263851337923,0.33142,1.0
MED11,0.89428,2.1352248355059693,-0.4111443591308594,2.4161211051727363,0.41618,1.0
CLINT1,0.89414,2.133744896035816,-0.608202431640625,2.076425794361595,0.37764,1.0
SMUG1,0.89406,2.132899990899043,-0.6359819653320312,2.1105672571144605,0.37164,1.0
PGS1,0.894,2.1322666810614472,-0.70672560546875,2.027877787952643,0.3629,1.0
POP7,0.89398,2.1320556479989583,-0.6516376904296876,2.127485022187045,0.36424,1.0
SRRT,0.89398,2.1320556479989583,-0.5681785729980469,1.9427853976632115,0.39484,1.0
ERCC1,0.89392,2.1314227592732866,-1.0626458227539062,1.874046048450197,0.28952,1.0
PCF11,0.89386,2.1307901859582024,-0.15409241836547852,1.9422109057420949,0.47144,1.0
YARS2,0.89384,2.13057939821513,-0.14760313781738282,2.8172118990269372,0.4821,1.0
MALT1,0.89378,2.1299472448841907,-0.4284806182861328,1.8979055181559707,0.40542,1.0
RPS4X,0.89374,2.129525984111636,-0.5770259814453125,2.452969621102058,0.39072,1.0
INTS4,0.8937,2.1291048630394447,-0.5649408569335937,2.2040557236273854,0.38012,1.0
VPS52,0.8937,2.1291048630394447,-0.07365964946746827,1.916222100096882,0.48518,1.0
ATRX,0.89366,2.1286838815608107,-0.5347248498535156,2.1762353260445284,0.39102,1.0
CITED2,0.89366,2.1286838815608107,0.12626738914489746,1.975802342353077,0.52212,1.0
MBP,0.89352,2.1272115441457147,-0.5920493212890625,1.9224254759381858,0.33362,1.0
WBP11,0.8935,2.1270013494500026,-0.5004987768554687,1.9702166183428422,0.3764,1.0
ELL2,0.89346,2.126581064341316,-0.6218045495605469,2.014030997765006,0.35546,1.0
ZNF738,0.89334,2.1253210423230584,-0.7409260571289062,1.8524793994869857,0.33688,1.0
PTK6,0.89328,2.1246914993947366,-0.5609820001220703,3.016964355457575,0.41676,1.0
CLP1,0.8932,2.123852593439908,-0.6147571899414063,2.007124484199123,0.38402,1.0
RAD23B,0.89308,2.122595271259518,-0.6701735693359375,1.7752453544803757,0.3496,1.0
UNC13B,0.89302,2.121967075939173,0.07258166394233703,3.082698402556089,0.509,1.0
DDX6,0.89294,2.1211299644042447,-0.5060761389160157,2.2942544890159544,0.37916,1.0
FBXO9,0.8929,2.120711615069468,-0.7156380102539063,1.8912997535586684,0.34546,1.0
TRAPPC13,0.89272,2.1188307429040223,0.15774107528686523,2.130313049921852,0.5456,1.0
ARFRP1,0.8927,2.118621928548664,-0.6903958544921875,1.7195731153008957,0.33528,1.0
MED22,0.89264,2.117995690873846,-0.6109706665039063,1.9918402150594365,0.38656,1.0
IMMT,0.89252,2.116744138619012,-0.4729219616699219,2.1521084033777256,0.41228,1.0
GPR132,0.89252,2.116744138619012,-0.3959366125488281,1.998892229738508,0.41966,1.0
ZRANB1,0.8923,2.1144528147437627,-0.3243952502441406,1.931940498257268,0.43842,1.0
SRSF2,0.89226,2.11403665267626,-0.371121064453125,2.1833739961540437,0.41548,1.0
CEP63,0.89226,2.11403665267626,0.1065801976776123,1.8714425646519655,0.51582,1.0
MRPL1,0.89226,2.11403665267626,0.10192377738952636,3.4491787604772894,0.5151,1.0
TXN,0.8919,2.1102972940269993,0.7528268969726563,1.9202488707702763,0.66156,1.0
GALNT7,0.89182,2.1094678120516623,-1.097198017578125,1.834526310430061,0.25806,1.0
RPS3,0.8918,2.1092605257809955,-0.5882688684082031,2.5166346871602125,0.37816,1.0
PTTG1,0.89176,2.1088460542188354,0.19592733156204223,1.9220627170227438,0.5473,1.0
WDR33,0.89174,2.1086388689020503,-0.4930675720214844,2.0200801935966464,0.38738,1.0
LOXL2,0.89162,2.107396462705831,-2.0808769873046873,2.761626860535429,0.18356,1.0
PDE4B,0.89158,2.1069825958442605,0.1951530302429199,2.059227221523922,0.545,1.0
HSPE1,0.89132,2.1042957254606205,0.10155975116729736,2.0141478918451066,0.51134,1.0
CD300A,0.8911,2.1020266246797594,-0.4806004833984375,2.3576992665747656,0.40026,1.0
SRP68,0.89098,2.1007906288936304,-0.49983998779296873,2.192311780663137,0.36904,1.0
SEC24C,0.89086,2.099555826543217,-0.19414988403320313,2.008254740272451,0.45864,1.0
SBF1,0.89076,2.0985277343119515,0.005394378185272217,1.9636462198817457,0.50752,1.0
BTN3A2,0.89066,2.0975004674636204,0.21743845397949219,2.801084815518982,0.54264,1.0
PDCD4,0.89056,2.096474024463286,0.11200787429809571,3.5125602388297517,0.51604,1.0
COL11A2,0.89054,2.0962688345901994,0.21439124153137207,3.5377328143695554,0.5284,1.0
KRAS,0.8904,2.0948334254474195,-0.42513468139648436,1.8468185758983704,0.41158,1.0
SNRPA,0.8904,2.0948334254474195,-0.29652966857910157,2.0014918360350284,0.41056,1.0
IP6K2,0.89034,2.0942187422701877,-0.42410042846679685,1.9073097255229101,0.40654,1.0
TTF1,0.89028,2.093604353920032,-0.2931126110839844,1.9378191413460852,0.45188,1.0
HCFC1,0.89006,2.09135411375167,0.005885344388484955,2.003346365846294,0.51048,1.0
RAB3GAP2,0.88994,2.0901283730916926,-0.024678760747909544,1.862978790120763,0.49946,1.0
HPGDS,0.88992,2.089924196860567,-1.113128466796875,3.497752969653366,0.35194,1.0
GPR27,0.8898,2.0886998216531274,-1.7428200146484376,2.5311187307894745,0.2098,1.0
SLC25A26,0.88976,2.0882919561739053,-0.3958573425292969,3.1761115382536773,0.41898,1.0
ZNF493,0.88974,2.088088072053495,-0.12453472244262695,2.864135911732348,0.47488,1.0
ITGB2,0.8897,2.0876804009912653,-0.5956767456054688,1.777732427528255,0.36786,1.0
RPS14,0.8897,2.0876804009912653,-0.2882666174316406,2.4338318380422814,0.455,1.0
SLC25A1,0.88968,2.0874766140255403,-0.5277623120117187,1.9821298343704166,0.38644,1.0
DIDO1,0.88936,2.0842204155688573,-0.5976390161132813,1.7824796602574877,0.35288,1.0
ADA,0.88926,2.083204544802058,-0.36247748168945315,1.914737676089553,0.41732,1.0
AP3B1,0.8892,2.082595407776858,0.09935145740509033,2.0989687969495248,0.52642,1.0
MRPS30,0.88914,2.0819865594384837,-0.2944610333251953,2.5798932808312163,0.42666,1.0
DCP1A,0.88902,2.0807697275509436,0.6073323693847656,1.7996282142441913,0.62902,1.0
HVCN1,0.88902,2.0807697275509436,-0.22028296478271484,2.5852692084713897,0.45428,1.0
THUMPD1,0.88888,2.079351544829665,-0.06446052189826966,2.3781168111930717,0.48744,1.0
IRAK4,0.88882,2.0787442307971506,0.1942253091430664,2.0557575839899096,0.55584,1.0
KPNA6,0.8888,2.0785418565089384,-0.5612975012207031,1.872297619728804,0.37792,1.0
CDC37L1,0.88876,2.0781372034464733,-0.44645756225585936,2.255727328784068,0.384,1.0
RPL32,0.88866,2.0771261274115744,-0.2639171173095703,2.389885376050441,0.45344,1.0
BBS7,0.8885,2.075510056694532,-0.009380293769836425,1.9653043429655919,0.4998,1.0
NIP7,0.88844,2.07490455301102,-0.3031433154296875,2.4924075861750215,0.44058,1.0
CWC27,0.88842,2.0747027817313,-0.33574225341796876,2.311980024017795,0.44656,1.0
RNF138,0.88826,2.073089748898516,0.8524664672851563,1.897096317475569,0.68014,1.0
SRSF3,0.88822,2.0726868062139605,-0.5240324523925781,1.8927494336353452,0.37812,1.0
ZNF791,0.88802,2.070673981340317,-0.5443087426757812,2.2489385092589704,0.40706,1.0
USP48,0.88788,2.0692668724288725,-0.5108511535644531,2.061260192059852,0.38548,1.0
ZNF3,0.88786,2.0690659822097106,-0.18650643981933593,2.0673538024223843,0.44252,1.0
TMX3,0.88778,2.0682627342270536,-0.11372338081359863,2.1445380249164563,0.48088,1.0
CCDC59,0.88756,2.066056378659885,-0.4265474865722656,2.0989779542997544,0.3968,1.0
UBE2G1,0.88754,2.065855987892409,-0.4801220056152344,2.045144351462203,0.38118,1.0
SECISBP2,0.88754,2.065855987892409,-0.2739707019042969,2.0185102038805605,0.45386,1.0
SDCCAG8,0.88748,2.065255002262726,-0.5395820031738281,1.8323638443127688,0.3876,1.0
ASB8,0.88736,2.0640538700176814,-0.27098093078613283,2.129905321581286,0.43752,1.0
MZT1,0.8872,2.0624540969721985,-0.06232045352935791,2.1008385948703663,0.49746,1.0
CDC40,0.88714,2.0618546927141153,-0.4512391650390625,2.047731348326539,0.41958,1.0
TRAF3,0.8871,2.061455244370925,-0.8606527075195313,1.7399144765732883,0.28784,1.0
FABP3,0.88686,2.0590611445370266,-1.6388537060546875,3.462841789154295,0.32062,1.0
EIF5A,0.88682,2.058662558773013,-0.08974639129638672,1.7860532932976205,0.47822,1.0
GABPB1,0.88678,2.058264095879771,-0.0839383657836914,1.9553816276455955,0.4805,1.0
TXNL4A,0.88668,2.057268475626241,-0.5490012976074219,1.8416468982629697,0.39572,1.0
DENND4C,0.8866,2.056472531017302,-0.3593446368408203,1.8634327798293366,0.41944,1.0
ZNF136,0.88654,2.055875893861303,-0.07388930514335633,2.486212743931105,0.47404,1.0
USP42,0.8864,2.054484809705968,0.5150511413574219,1.8761976949501928,0.62796,1.0
EXOC5,0.88634,2.0538890883023186,-0.2500463412475586,1.98145087484303,0.45388,1.0
KANSL2,0.88626,2.0530952194019103,-0.2599201171875,2.452624859339476,0.44042,1.0
SNRNP200,0.88624,2.0528968282298634,-0.8687066015625,1.8607535941273854,0.32064,1.0
UBXN7,0.88622,2.052698467457242,-0.9381695947265625,1.845854058711535,0.30354,1.0
MED24,0.88574,2.0479469005181894,-0.14009823524475098,2.262012996642881,0.46406,1.0
HSD17B7,0.88568,2.0473541779296,-0.07535710796356201,2.2701347697186653,0.48694,1.0
PPT1,0.88554,2.0459722114407835,-0.629065390625,1.712825789021337,0.34962,1.0
ESCO1,0.88552,2.045774907829173,-0.11560378646850586,2.640837455007955,0.47508,1.0
PEX19,0.88538,2.0443946222588285,-0.2840977764892578,2.24782536756781,0.42376,1.0
SAP130,0.88528,2.043409602298489,0.26259422744750976,1.823126375083128,0.5591,1.0
ZNF430,0.885,2.0406555166446796,-0.46135369262695314,2.476781243649351,0.41326,1.0
DEDD2,0.88498,2.0404590195969066,-0.9591664599609375,1.3870882042829877,0.18432,1.0
ATP11B,0.88498,2.0404590195969066,-0.8586959130859375,1.91988228265176,0.31922,1.0
STX18,0.88496,2.040262552273631,0.29178784057617185,2.019380443508143,0.54508,1.0
BDP1,0.88488,2.039476980014886,-0.12113742561340332,2.0529303588042467,0.47898,1.0
SCO1,0.88484,2.0390843719588463,-0.10795156388282776,1.909550075057506,0.47986,1.0
TCP1,0.8844,2.0347734927450136,-0.2782894598388672,1.8677971196193168,0.43068,1.0
VBP1,0.88432,2.0339912296744984,-0.37145235107421876,1.958242317768714,0.42692,1.0
ARID4A,0.88426,2.0334048408948937,-0.6863970556640625,1.5976520277887738,0.30926,1.0
EIF2B1,0.88426,2.0334048408948937,-0.64455625,2.1983701247582688,0.36102,1.0
ISG20L2,0.88424,2.033209436679472,-0.47869281494140625,1.960401877908672,0.40514,1.0
KIF13B,0.88422,2.033014061802368,-0.5399486547851563,1.8412364675653627,0.37412,1.0
GLTP,0.88416,2.032428113097645,-1.1629909716796876,1.5495084331997555,0.1777,1.0
GTF2A1,0.88404,2.0312570064292683,-0.42874744873046877,1.842029679470682,0.40032,1.0
UHMK1,0.88392,2.0300869522289875,0.08472778336048126,2.462832340278276,0.5312,1.0
CPNE3,0.8837,2.02794457899934,-0.3041284637451172,2.5650590344466315,0.4313,1.0
PHKG2,0.88358,2.0267774947698807,-0.9790969116210938,1.7499439386549749,0.26028,1.0
FEM1C,0.88342,2.0252230060895156,0.917896875,1.586272164415555,0.75866,1.0
PEX11B,0.8834,2.0250288252460336,-0.38870076049804686,2.1068828148121432,0.41462,1.0
PDE6A,0.88336,2.024640550275387,1.6470426953125,2.9549903580329557,0.71922,1.0
COQ7,0.88336,2.024640550275387,-0.08536102745056152,1.875697125319033,0.4785,1.0
SF3B3,0.8833,2.024058354458576,-0.3136473651123047,2.8427919330984035,0.43572,1.0
ZNF131,0.88312,2.0223133242676523,-0.015871347618103028,2.568081781763343,0.50132,1.0
VPS72,0.88296,2.0207641427527596,-0.4880663134765625,1.9503645728449777,0.38046,1.0
TNKS2,0.88288,2.0199902408159196,0.1690821945953369,1.7702322219624038,0.54674,1.0
CTSA,0.88286,2.019796836975505,-0.9367483911132812,1.4457025050115528,0.22692,1.0
UBA5,0.88268,2.0180574899056296,-0.5039073840332031,3.083192745283177,0.42908,1.0
ETHE1,0.88268,2.0180574899056296,-0.4409859539794922,1.822057123110352,0.4007,1.0
FBXL5,0.88254,2.016706263464933,-0.44677451171875,1.8977631252157032,0.40406,1.0
MED17,0.88248,2.0161275937955048,-0.06781185316562653,2.1127243662822517,0.4878,1.0
GLUL,0.88244,2.015741956276846,0.03921673336029053,2.261185995538248,0.5113,1.0
USP33,0.88228,2.0142005425791147,0.47575661376953127,1.7623762921793402,0.62242,1.0
LSM2,0.88226,2.0140079935467377,-0.12042385482788086,2.7722416311704583,0.49044,1.0
COL6A3,0.88202,2.011699612911733,0.06769707920074462,3.512172404095888,0.47652,1.0
NDEL1,0.88174,2.0090116375760934,-0.2792441812133789,1.8584753237682077,0.44196,1.0
SVIP,0.88148,2.0065205902761916,-0.24511706817626952,3.5744533025276986,0.41996,1.0
UPF3B,0.88132,2.004989988173367,-0.2599682165527344,1.9376414194899467,0.45068,1.0
CERS2,0.88124,2.0042253566488055,-0.4071222155761719,1.8411423926948451,0.43128,1.0
GNPDA1,0.8812,2.003843207999643,-0.4850988916015625,1.8238678966497095,0.38358,1.0
CRNKL1,0.88116,2.003461170657113,-0.4067973046875,1.912842426393634,0.40632,1.0
WIPI1,0.88112,2.0030792445447223,-0.22003712677001952,1.8194007026350858,0.44762,1.0
PCK2,0.88102,2.0021249153943415,0.0833628463602066,1.9062676820663131,0.52554,1.0
EIF5B,0.88092,2.001171279763115,-0.3376059356689453,2.680247278589906,0.44,1.0
TSC22D1,0.8808,2.000027830777221,-0.4628702770996094,1.8831529990698728,0.3901,1.0
CPNE1,0.88072,1.9992660843056642,-0.09507134750366211,2.4984812874166855,0.4694,1.0
ZNF33A,0.88064,1.9985047794094186,-0.5149923107910156,2.175322176637263,0.38376,1.0
ELF2,0.88064,1.9985047794094186,-0.19636050872802735,1.9299926256302304,0.45334,1.0
VPS37A,0.88054,1.9975537683339213,-0.2838964682006836,1.8628845771241245,0.43812,1.0
DCPS,0.88048,1.9969834919269418,0.004654433946609497,3.3032955396364607,0.498,1.0
ARL1,0.88042,1.9964134628883645,-0.39492959106445313,2.4320039867440935,0.42036,1.0
DDHD1,0.88032,1.9954639635100424,0.20525611698627472,1.7546555358492992,0.54902,1.0
OSBPL6,0.88016,1.993946189358239,0.431012568359375,2.8142457328425508,0.56744,1.0
MRPL39,0.87998,1.9922407843798897,-0.2483578811645508,2.206385858859677,0.4384,1.0
MAFB,0.87956,1.9882700788170369,-0.17459701416015624,4.207125004622677,0.48858,1.0
LGR6,0.87952,1.9878925400607665,-1.6680256201171875,3.0460639727269636,0.256,1.0
NPLOC4,0.87942,1.9869491662060046,-0.534995009765625,1.7662448850096506,0.3704,1.0
REL,0.87938,1.986572005686081,-0.6584705004882813,2.024962231608243,0.33352,1.0
ZNF720,0.8793,1.9858180082814705,0.07502608959197998,2.1087825723490403,0.52368,1.0
ING5,0.87912,1.9841230891741846,-0.23072547973632812,1.885855295710627,0.46364,1.0
WHAMM,0.87912,1.9841230891741846,0.04718215841293335,2.0997344968373377,0.49674,1.0
NBR1,0.87906,1.9835585998962095,-0.5578772546386719,1.6281330524054056,0.3638,1.0
KYNU,0.87896,1.9826183209125248,-0.3780913806152344,3.6457889441233386,0.43944,1.0
PPIL4,0.87876,1.9807397706713763,-0.4473645104980469,1.778508637387648,0.406,1.0
NFKBIA,0.87876,1.9807397706713763,-0.016807282524108888,1.7611750465388243,0.49222,1.0
RALBP1,0.87874,1.9805520626156858,-0.3579004833984375,1.9137487084210312,0.3952,1.0
RBM17,0.87862,1.9794263743622518,-0.3895921081542969,1.985609630932372,0.41494,1.0
IRF1,0.8786,1.9792388529162817,0.7934279077148437,1.5488856777565105,0.71922,1.0
ZDHHC7,0.87858,1.979051358092933,-1.07752169921875,1.4287019572446216,0.16252,1.0
VDAC3,0.87852,1.9784890332690033,-0.4347344995117188,1.997664399644287,0.40936,1.0
GLG1,0.8784,1.9773651012231992,-0.883959345703125,1.6435684180086185,0.25386,1.0
UPF1,0.87832,1.9766163439754394,-0.14436662371635436,1.8817116015463795,0.48158,1.0
MBD4,0.8783,1.97642922092959,-0.5161979956054688,1.8122899259823941,0.39832,1.0
HSPH1,0.8783,1.97642922092959,0.055011518869400026,1.9252545875629816,0.50346,1.0
GCC2,0.87818,1.975307038604336,-0.3030813690185547,2.356689121913959,0.41142,1.0
FCER1G,0.8781,1.974559445878724,-0.32009935607910156,3.869420286730655,0.45158,1.0
USP14,0.87806,1.9741858079504115,-0.06821154828071595,2.1189730771007977,0.48528,1.0
CALU,0.87786,1.972319199823137,-0.6553914721679688,1.8246912053199584,0.35796,1.0
ZNF124,0.87768,1.9706415008884288,-0.1399534398651123,1.7794424374465019,0.4605,1.0
AGGF1,0.87756,1.9695242149936485,-0.5435090747070312,1.895681266929974,0.37828,1.0
VAMP4,0.87754,1.9693380922968753,-0.14185921798706055,1.9129135927803886,0.47662,1.0
UNKL,0.87752,1.96915199575365,-0.15928447509765625,1.830751609050157,0.45668,1.0
CNTRL,0.87742,1.968221905035204,0.5404378454589843,1.69746239017394,0.63486,1.0
IFNB1,0.8774,1.9680359652300021,2.1896511865234376,3.1361501618395926,0.78776,1.0
ZC3H11A,0.8774,1.9680359652300021,-0.38053375,1.6417229697033426,0.41072,1.0
FN3KRP,0.8773,1.967106657417472,-0.19893417785644532,3.1203233252049505,0.43528,1.0
ZNF701,0.87678,1.9622847301281914,-0.4399156799316406,1.9540140064797469,0.40298,1.0
ARC,0.87668,1.9613594424955687,1.7677577490234375,3.314282757553675,0.69206,1.0
MBD1,0.87616,1.9565583128186128,-0.3382587078857422,1.8375388605734555,0.41762,1.0
PHIP,0.87608,1.9558212148588903,-0.15102768096923827,1.8568933872709088,0.47788,1.0
ETFA,0.87604,1.955452819074819,-0.5939154907226563,1.6768708841605222,0.37104,1.0
YY1,0.87578,1.9530607307114025,-0.4210395770263672,1.7537734960247027,0.38826,1.0
USP34,0.87576,1.95287690195587,-0.5349956335449219,1.834201624637336,0.38706,1.0
CRBN,0.8757,1.9523255680115137,-0.3664576403808594,2.3263503699787447,0.39064,1.0
PEX2,0.87566,1.9519581389002079,-0.4104731884765625,1.6612572727863781,0.40524,1.0
PHF1,0.87552,1.9506729351239944,-0.3960465478515625,1.8241796992879389,0.40148,1.0
TAF7,0.87542,1.9497556913684655,-0.25329289001464844,1.8281133111145702,0.43838,1.0
INSIG2,0.8754,1.9495723184034417,0.06923944965362548,2.1163100119265166,0.50924,1.0
TYROBP,0.87522,1.9479230966435366,-0.02124527935028076,4.227965985255833,0.53616,1.0
TRAPPC10,0.87502,1.9460930187383156,-0.5147968054199219,1.7154028063961955,0.37214,1.0
TBCB,0.87482,1.9442654494132592,-0.5449750598144532,1.7611834418426884,0.36106,1.0
GAPVD1,0.87432,1.9397074474210523,-0.7696025415039063,1.722554979842292,0.339,1.0
MCFD2,0.87416,1.938252166512468,-0.5119963732910157,1.7868925450745763,0.37752,1.0
ADD1,0.87412,1.9378885938057455,-0.2667046472167969,1.6524326315635651,0.4359,1.0
JMJD6,0.87404,1.9371617449658425,-0.5987506982421875,1.7493139737332013,0.33932,1.0
ENAH,0.8739,1.9358907096626248,-0.32065301391601564,3.087478419733946,0.44014,1.0
TADA3,0.87382,1.935164945845579,-0.8395350439453125,1.4351673369289528,0.25832,1.0
GOPC,0.87364,1.9335334155543258,-0.024079697160720826,1.9626200108162872,0.49566,1.0
TAGLN2,0.87362,1.9333522571561663,-0.5312979418945313,1.5840179475835368,0.36252,1.0
DCAF7,0.87288,1.9266665671183827,-0.15042024993896486,1.690794437087615,0.47514,1.0
LONRF1,0.87278,1.9257656482485523,-0.34123106689453125,2.3951715287124573,0.4255,1.0
KDM3B,0.87256,1.9237857540186944,-0.571259677734375,1.6768518674236905,0.3568,1.0
KREMEN2,0.87256,1.9237857540186944,-0.4386536358642578,3.3332582741392947,0.43904,1.0
PACSIN1,0.87248,1.9230665161358467,-0.11503607647895812,3.1809095443337156,0.48552,1.0
MRPS28,0.87242,1.9225273405145251,-0.19295208709716796,2.4960896018930483,0.4636,1.0
MAP2K1,0.87224,1.9209111114913695,-0.7428723681640625,1.5745459043084669,0.3052,1.0
MCU,0.87218,1.9203728004030989,0.2265055503845215,1.6972430860271255,0.56136,1.0
HSP90AB1,0.87174,1.9164317605905852,0.37702911743164064,1.6623433965478427,0.5957,1.0
TNFSF9,0.8716,1.9151802118146044,-1.2617620141601562,2.9497595139155,0.30718,1.0
CD74,0.87148,1.9141083815104758,-0.19569650177001954,2.3649613435611854,0.46416,1.0
SMNDC1,0.87144,1.9137512943449329,0.12266601745605468,1.7841221639276053,0.53188,1.0
ANXA5,0.87098,1.9096515833722594,-0.3817614135742188,2.2940131193730813,0.41356,1.0
RECK,0.87096,1.9094736177559708,-0.46577775024414064,1.7415405366781251,0.37916,1.0
RUFY1,0.87094,1.9092956756344939,-0.55291197265625,1.5681309569514992,0.35718,1.0
ADCY1,0.8709,1.908939861846097,-0.2506414542388916,3.4094960270239376,0.45624,1.0
DHX15,0.87072,1.9073398608220966,-0.10869952404022216,2.190405351728232,0.48952,1.0
PLEKHA2,0.87068,1.9069845626894042,0.0427363232421875,1.6605112174147196,0.51216,1.0
ADAM21,0.87066,1.9068069487126096,2.40981615234375,3.5358613114014616,0.76156,1.0
PDGFRA,0.87066,1.9068069487126096,0.3359726031494141,2.8222477272825923,0.5466,1.0
PFDN1,0.87066,1.9068069487126096,-0.29507086181640624,1.9528453107198926,0.44576,1.0
TFIP11,0.8705,1.9053868780686518,-0.3358612182617188,1.7698977327109198,0.41228,1.0
ERAP1,0.87048,1.9052094742733772,0.15133920135498047,1.7311669262673621,0.55066,1.0
INTS3,0.87036,1.904145540889975,-0.60185982421875,1.644409915666217,0.3415,1.0
CWC22,0.87032,1.9037910826854063,-0.15547554794311524,1.9137004480255102,0.47578,1.0
CHD8,0.8703,1.9036138884730696,-0.3612121569824219,1.7822136281377665,0.41352,1.0
CTDSP2,0.87018,1.9025512111948908,-0.9536094262695313,1.5063828486607482,0.21668,1.0
RARA,0.87008,1.9016662850307378,-0.31602487609863283,1.682812934178022,0.42836,1.0
PTK2B,0.87004,1.901312476802314,0.2587220495605469,1.8273490075001586,0.57328,1.0
MRPS16,0.86984,1.8995448237787111,-0.2939133166503906,1.8105720164491366,0.4393,1.0
DNAJB1,0.8698,1.8991915703890694,-0.19282474025726318,1.6939213435051284,0.44246,1.0
PIGH,0.86974,1.898661863290929,-0.3470264031982422,2.1101693457328943,0.4185,1.0
PGRMC1,0.86964,1.8977794789398292,-0.41769512939453124,1.7497184085871749,0.40688,1.0
TMOD4,0.8696,1.8974266863144473,1.6528846484375,2.8059119707141815,0.75106,1.0
RNF146,0.8695,1.8965451070315902,0.08125826553821563,1.6538071325827932,0.52866,1.0
BCAS2,0.86948,1.896368860079545,-0.3457099731445312,2.0126026796437078,0.3893,1.0
MED30,0.86948,1.896368860079545,-0.29147870849609375,1.5958850822338602,0.43314,1.0
NCOA3,0.8694,1.8956641017123605,0.17925262664794922,1.7464940913367517,0.55158,1.0
NLRC5,0.86904,1.8924972210626163,0.702918203125,1.5150275187362179,0.68738,1.0
ING3,0.8685,1.8877607340633409,-0.42716767211914064,1.6554944935509643,0.38596,1.0
TRIP11,0.86822,1.8853112732812727,-0.5206378918457031,1.7972063564119694,0.4065,1.0
ARHGEF4,0.8681,1.8842628556744931,0.5675148620605469,4.113438153642327,0.5488,1.0
OSBPL2,0.86792,1.8826917449023228,0.042410090246200564,1.740702300647553,0.51748,1.0
ATF7IP,0.86782,1.8818196898413444,-0.3309343768310547,1.931141829684304,0.4204,1.0
ATG4A,0.8678,1.8816453459466647,-0.41695986694335935,1.986876613769197,0.43326,1.0
NUDT21,0.86756,1.8795549610153608,-0.3748125317382813,1.754876982099298,0.42684,1.0
GPC1,0.8675,1.8790328663947378,-1.9146922314453125,3.544717662562206,0.27828,1.0
HDAC8,0.86714,1.8759044978627915,-0.46642266357421874,1.7261334270237356,0.37984,1.0
WDR20,0.86624,1.868114857089545,-0.1556669970703125,1.9715034621469694,0.46752,1.0
HERPUD1,0.8658,1.8643227104702988,-0.21003024475097656,1.8498195729691707,0.45536,1.0
ATP6V1H,0.86566,1.8631183219325809,0.5318649462890624,1.5504980648880002,0.65206,1.0
LSM6,0.86552,1.8619149932789574,-0.29741703857421875,1.8195579148673358,0.45496,1.0
PUM1,0.86536,1.8605410554394837,-0.1480487023925781,1.736979542014276,0.46698,1.0
PPM1A,0.86534,1.8603694101693056,-0.6300294995117187,1.3327744124316436,0.31916,1.0
HSPA4,0.86438,1.8521556296729884,-0.1267495082092285,1.743544211552282,0.46304,1.0
BAZ2A,0.8639,1.848067111707418,0.010242417697906495,1.7389271131905089,0.50542,1.0
APOD,0.86384,1.8475569016449134,-0.03938328636169434,3.2279716704445924,0.49722,1.0
TAOK1,0.86374,1.846706972245315,-0.34650996276855467,1.6332182408559595,0.40642,1.0
SERPINB1,0.86364,1.8458575680380105,0.754819990234375,1.1444563649216888,0.85616,1.0
IL2,0.86358,1.8453481772760612,0.13921432247161866,3.028954223626534,0.5167,1.0
MYO7A,0.86356,1.8451784222778134,-0.20665091716766357,3.053822874436853,0.49308,1.0
RBM4,0.86262,1.837223460876821,-0.388084501953125,2.7304974952721612,0.39426,1.0
ZNF638,0.86226,1.8341889991976585,-0.57687548828125,1.7952610695213718,0.35966,1.0
CIAO1,0.862,1.8320015855064884,-0.39560289916992186,1.6600117853251382,0.395,1.0
RABEP1,0.86152,1.8279723601526712,-0.48453910400390626,1.616404070881711,0.37628,1.0
SULT1C4,0.8611,1.8244563919418213,0.5141145617675781,2.747007883339349,0.57984,1.0
DEGS1,0.86082,1.82211736392165,-0.11416749374389648,1.7784785106008767,0.49566,1.0
HSPA5,0.86056,1.8199489389119845,-0.1519724561691284,1.7023437564558008,0.46826,1.0
DDR2,0.8604,1.8186162070653034,-0.25908321380615235,3.620504349907465,0.45212,1.0
CAND1,0.8604,1.8186162070653034,-0.2157382681274414,2.2333268668505784,0.47528,1.0
DDX52,0.8603,1.8177838993643858,-0.1164597306060791,1.8915269806817876,0.45224,1.0
MED6,0.86026,1.8174511160134745,0.07032935550689698,1.7040358723953657,0.51754,1.0
ARID4B,0.86018,1.8167857885886194,0.07930355587005615,1.5815046419010252,0.52088,1.0
ZNF75A,0.85996,1.8149577804514818,-0.35786758666992186,2.5345758261563307,0.41606,1.0
ENSA,0.85966,1.812468912415246,-0.41506404907226563,1.9763553595046452,0.38802,1.0
SCFD1,0.85954,1.8114746116944205,-0.25815042022705076,1.662706504793757,0.43266,1.0
YPEL5,0.85942,1.8104810213726128,-0.26182394897460937,1.7048662621145585,0.41608,1.0
STAMBP,0.85922,1.80882661277111,-0.030230496512651445,1.902230971731607,0.50486,1.0
MRPL18,0.85892,1.8063486807310802,-0.01154677879333496,1.5404994884298477,0.47582,1.0
ACTB,0.85844,1.8023931330760181,-0.9345671337890625,1.214446321639792,0.13946,1.0
DHRS7B,0.85824,1.8007482937964883,-0.7822850732421875,1.4932101946063103,0.25032,1.0
TIMM17A,0.85812,1.7997623199428838,-0.31620492492675784,1.7747318767956368,0.4514,1.0
ZNF217,0.8577,1.7963168829005693,-0.7240143603515625,1.5608368970798863,0.28704,1.0
ACTR1A,0.85768,1.7961530261904046,-0.6885681323242188,1.4107345546870829,0.2921,1.0
TRIM33,0.857,1.7905932883378723,-0.3047276110839844,1.4496894919540908,0.41492,1.0
COX5A,0.85688,1.7896144462559103,-0.007750778045654297,1.7288007871839404,0.5467,1.0
ZNF26,0.85668,1.7879845608656164,-1.5777884765625,3.0503190291306557,0.29162,1.0
INO80C,0.85646,1.7861938729787543,-0.3776036511230469,1.6778474177552378,0.40436,1.0
TXNIP,0.85642,1.7858685388675968,0.16504019180297852,1.5417317832034325,0.54792,1.0
CYB5B,0.85562,1.779377639633105,-0.32452237854003907,2.180149657824943,0.42824,1.0
ATG10,0.85544,1.7779213101644278,0.20749651336669922,1.4233140868794256,0.55706,1.0
EAF2,0.8552,1.775981879759219,0.526985830078125,1.8759595688706872,0.66322,1.0
CHD1,0.85512,1.7753359963905324,-0.4028371130371094,1.6036760610539236,0.37268,1.0
ABCB6,0.85504,1.7746904091735025,0.14811761310577393,3.2834587507688213,0.51382,1.0
SYCE2,0.85492,1.7737225828929084,1.93738134765625,3.159457299571582,0.7691,1.0
BLOC1S6,0.8547,1.771949959595735,-0.6894608471679687,1.3664181156530848,0.29674,1.0
SRSF11,0.85466,1.771627903841526,-0.24882929443359375,1.7027499437391136,0.43696,1.0
ATG4B,0.8536,1.7631200984603326,-0.47302447265625,1.5278716516170956,0.38646,1.0
MATN3,0.8534,1.7615205813013488,-0.5907415222167969,3.3247499261021844,0.38772,1.0
ABHD3,0.8529,1.757529679717672,-0.042471882400512695,1.5362087507005011,0.48732,1.0
CDK19,0.85236,1.7532320946359212,-0.3845398547363281,1.56330348982251,0.4037,1.0
SUPT6H,0.85234,1.753073174627483,-0.5996030810546875,1.516118995742823,0.31794,1.0
POU2F1,0.85182,1.748947485915027,0.19443946449279786,1.4967779289765035,0.56164,1.0
TCF7L1,0.85116,1.743728221523574,0.9118018530273437,3.434556830655653,0.6022,1.0
EHHADH,0.85112,1.743412516874115,-0.37880575332641603,3.466237748760795,0.4355,1.0
NIPBL,0.85076,1.740574319293387,-0.43723653930664064,1.4631764944162888,0.38368,1.0
LCMT1,0.85018,1.7360135182515277,-0.18028020111083984,2.2591890670091526,0.44114,1.0
ATF6,0.85016,1.7358565089286069,-0.3760178002929688,1.6101479905160385,0.40818,1.0
GAK,0.84898,1.7266233505325634,-0.3006243048095703,1.605256455858849,0.41812,1.0
SLCO3A1,0.84864,1.7239739628138198,-0.6639117309570313,1.4973619943130865,0.26932,1.0
IL11,0.84804,1.7193104761713385,-0.5073587799072266,2.988120813192181,0.39698,1.0
DCUN1D1,0.8479,1.71822450504471,-0.7197809204101563,1.0986628444405195,0.24676,1.0
ZNF143,0.84768,1.7165196350406497,-0.35708879333496096,1.392756844132423,0.40604,1.0
C2orf49,0.8474,1.7143527193421026,-0.06958217777252197,1.5753104636434552,0.48702,1.0
NUP62,0.84698,1.7111084498186773,0.11681809772491455,1.4064818721381755,0.54212,1.0
LY6G6F,0.84696,1.7109541429031272,-0.1328634725999832,2.9672257127595083,0.46494,1.0
MGRN1,0.84692,1.7106455786302341,-0.6489902978515625,1.4531131893114142,0.29114,1.0
AMPH,0.84682,1.709874456828177,0.07861553642272949,2.98724051039822,0.50846,1.0
SCAMP1,0.84632,1.7060250202182177,-0.09729828012466431,1.8418779950341533,0.47284,1.0
MTIF3,0.8456,1.7004997969653521,-0.473956357421875,1.6102134224352491,0.35564,1.0
S100A11,0.84556,1.7001934583514495,-0.19000666778564454,1.834260080883296,0.45282,1.0
ABI1,0.84556,1.7001934583514495,0.11383724700927735,1.3754008744974495,0.52688,1.0
TGFB3,0.84498,1.6957588175846483,0.24950257369995119,3.4130068460731366,0.51484,1.0
CMC2,0.84462,1.6930130925456546,0.5072852941894531,1.381232409187442,0.65824,1.0
SMS,0.8404,1.6612072839551373,-0.6315955639648437,1.5171445837859954,0.33472,1.0
ANXA1,0.8402,1.659716925403107,0.32301036254882814,2.0355929915310793,0.61662,1.0
UBB,0.83934,1.6533255379707275,-0.10777610504150391,1.2864304016811725,0.46048,1.0
UBE2K,0.83858,1.6477003212834405,-0.24578877075195313,1.3640280509311131,0.42596,1.0
UBC,0.83704,1.6363670871542415,0.16074839782714845,1.6182978318337697,0.55186,1.0
GALNT6,0.83572,1.6267213396656925,-0.09987755900382995,1.4916943198626724,0.4755,1.0
CDC5L,0.83188,1.599010189512804,-0.4484254138183594,1.4511304388598507,0.35706,1.0
GDI1,0.8313,1.59486875098512,-0.6796664038085938,1.2679793554865724,0.2367,1.0
BBIP1,0.83008,1.5861943436344508,-0.2171467497253418,1.4904982893018848,0.43306,1.0
ZNF224,0.82962,1.5829365280138874,-0.12378803695678711,2.2978208338350457,0.45674,1.0
DNAJB6,0.82946,1.5818050133335124,-0.0448270235824585,1.4717999718363097,0.48306,1.0
IL1RL2,0.82942,1.5815222664478017,-0.49497089599609373,2.693310623173286,0.42812,1.0
KCMF1,0.82838,1.5741892559248865,-0.3058754089355469,1.433822592371878,0.41114,1.0
B3GALT4,0.82732,1.5667513902438466,-0.5478566906738281,1.2671597560154644,0.29766,1.0
EEA1,0.8268,1.5631158316792781,-0.5363239025878906,1.372824837267152,0.31026,1.0
B2M,0.82332,1.5390047597624745,0.3422820666503906,1.2796922079178992,0.69614,1.0
BNIP2,0.81934,1.511882326399571,-0.21731849914550783,1.266160291509859,0.43114,1.0
GALNT12,0.81806,1.5032587211521304,1.615047958984375,3.1431030292817965,0.7375,1.0
CACNB2,0.81732,1.4982947067244294,-0.27853743026733396,3.062673006200437,0.44022,1.0
SNAPIN,0.81668,1.4940140816270753,-0.01438409550666809,1.3644075620053535,0.51418,1.0
CHMP1A,0.81626,1.4912112168208207,-0.11926364544868469,1.3808448169364391,0.46448,1.0
FXYD3,0.81558,1.4866837514642162,-0.024852796096801757,2.615425133240994,0.49598,1.0
LAMA5,0.81542,1.4856203440860176,0.042877733364105226,2.6341430569566278,0.51572,1.0
JUNB,0.81526,1.484557649605755,-0.42571967407226563,1.2825393323366798,0.3216,1.0
PBX1,0.81244,1.4659432711018996,0.08079043045043946,2.7142075299657233,0.5168,1.0
TRPC1,0.81176,1.4614869855517207,-0.06571255438566208,3.07575980273206,0.46094,1.0
SCG3,0.8062,1.4255051512263996,1.291132685546875,2.304446229242237,0.73282,1.0
APOA1,0.80378,1.410089121158903,-1.5547326123046874,2.698404892741959,0.2277,1.0
CHTOP,0.80366,1.409328443901132,0.0640461536026001,1.3090532940763526,0.53202,1.0
AQP10,0.79384,1.3482293632618763,-0.47665697631835935,2.9115950079309263,0.42674,1.0
SLCO4C1,0.79294,1.3427389503914888,1.2409591333007812,2.7220640541018915,0.6686,1.0
SPTSSB,0.79178,1.3356883624026485,-1.1351661254882812,2.6435734087677467,0.29488,1.0
MMP24,0.78852,1.3160273393305273,-1.3088705029296874,2.3085237645309906,0.25496,1.0
TMSB4X,0.78744,1.309562875869398,-0.27815783935546873,1.7454997195910968,0.4244,1.0
ITGB5,0.78686,1.306101115075892,1.0395478735351562,2.5087792575592984,0.69932,1.0
CIDEC,0.7842,1.290312037034197,1.3836181982421876,2.886471001352567,0.67538,1.0
EIF5,0.77964,1.2635697020759242,-0.2207835858154297,1.341435486297624,0.4338,1.0
SYTL4,0.77376,1.2296653652781653,-0.48274329650878905,2.4060425039407716,0.4109,1.0
ZNF233,0.77278,1.2240756915044748,-0.05711860166549683,3.018054540184998,0.44072,1.0
ANLN,0.77182,1.2186165710486272,0.29057695789337157,2.970198119230253,0.54856,1.0
BUB1B,0.76788,1.1963789916169618,1.103044208984375,2.976937649649558,0.6896,1.0
MBOAT4,0.76616,1.1867539044103732,0.3462875665283203,2.338614557011885,0.5228,1.0
PSMB11,0.74546,1.074543482936474,0.2624880025815964,3.1661012181389157,0.53078,1.0
PMCH,0.73986,1.0452410314748992,0.19573713470458984,3.112238477572877,0.4734,1.0
SPTA1,0.7314,1.001737221626144,0.7182920971679687,2.7449526119866428,0.54136,1.0
IL36RN,0.73004,0.9948255272866142,1.8376965380859376,2.845274946265204,0.79742,1.0
EGF,0.72976,0.9934052599039003,0.06705976670265197,2.243419295657253,0.48472,1.0
SLC2A14,0.72742,0.9815718783638777,-0.6724356762695313,2.4251780474969644,0.33656,1.0
KIR2DL1,0.72644,0.9766349156204024,-0.851922509765625,2.4545463020838265,0.33104,1.0
KIF4A,0.71106,0.900537760327177,-0.3043669432067871,2.262740597578483,0.38522,1.0
OPRM1,0.7098,0.8944128997623085,-0.13736984498262406,2.5958190908173764,0.41986,1.0
FSTL1,0.70506,0.8715109597511099,0.6025618408203125,1.828821549848525,0.6549,1.0
NPPC,0.68924,0.7965686311926785,0.8580209301757813,2.34845360635308,0.68268,1.0
GYPA,0.65552,0.643392780182508,-0.0665072681427002,1.7262186609220296,0.45888,1.0
MOCOS,0.54118,0.16509396441459082,0.51120404296875,1.4622628569380163,0.70426,1.0
STX1B,0.5171,0.06842668652267961,-0.20820270263671875,1.3216366654398926,0.36946,1.0
TLR9,0.00012,-9.027898807981652,-0.0008758154109120369,0.010733076940998131,0.41578,1.0
