pathway,n_genes,n_tested,median_member,median_reference,effect,pvalue,qvalue,sign
REACTOME_INTERFERON_ALPHA_BETA_SIGNALING,18,18,3.723323420410156,-0.005181180419921827,3.728504600830078,8.331542172143279e-10,7.023490051116784e-07,1
REACTOME_INTERFERON_SIGNALING,49,49,0.5015159945726395,-0.006411638259887664,0.5079276328325272,2.8926955697366415e-08,1.2192711826439944e-05,1
REACTOME_CYTOKINE_SIGNALING_IN_IMMUNE_SYSTEM,191,191,0.1814717168426514,-0.01248114318847654,0.19395286003112794,1.8153393733130694e-05,0.005101103639009725,1
REACTOME_HSF1_ACTIVATION,15,15,0.4897460183811188,-0.004375171813964823,0.4941211901950836,0.00044539870714778033,0.0938677775313947,1
REACTOME_REGULATION_BY_C_FLIP,6,6,1.0456585180664062,-0.001581459960937448,1.0472399780273436,0.0015538332589884326,0.14554238192524985,1
REACTOME_DISEASES_ASSOCIATED_WITH_GLYCOSAMINOGLYCAN_METABOLISM,7,7,-0.5720706420898436,0.0021413256835937644,-0.5742119677734374,0.0012107431620514808,0.14554238192524985,-1
REACTOME_INTERFERON_GAMMA_SIGNALING,24,24,0.49787460572958,-0.0017726953124999612,0.49964730104207994,0.001458247377205948,0.14554238192524985,1
REACTOME_ATTENUATION_PHASE,14,14,0.45646686954975135,-0.004331284179687478,0.46079815372943883,0.0009760486219914534,0.14554238192524985,1
REACTOME_CELLULAR_RESPONSE_TO_HEAT_STRESS,33,33,0.30798499130249024,-0.005739185180664047,0.3137241764831543,0.0010528578742072298,0.14554238192524985,1
REACTOME_HSF1_DEPENDENT_TRANSACTIVATION,16,16,0.45646686954975135,-0.004331284179687478,0.46079815372943883,0.0018173026572863966,0.15319861400924323,1
REACTOME_SCAVENGING_BY_CLASS_A_RECEPTORS,5,5,-0.6458673876953125,0.001690551452636746,-0.6475579391479492,0.0025803767362369383,0.1880026047509893,-1
REACTOME_REGULATION_OF_HSF1_MEDIATED_HEAT_SHOCK_RESPONSE,29,29,0.28276204334259036,-0.005404538574218715,0.2881665819168091,0.0026761936619357904,0.1880026047509893,1
REACTOME_TNF_SIGNALING,9,9,0.46539069831848145,-0.0021373675537109116,0.46752806587219237,0.0034441998364849254,0.22334311247359936,1
REACTOME_A_TETRASACCHARIDE_LINKER_SEQUENCE_IS_REQUIRED_FOR_GAG_SYNTHESIS,6,6,-0.6622474670410156,0.0017224053955078311,-0.6639698724365234,0.00452011549442271,0.2721755258427389,-1
REACTOME_IRAK4_DEFICIENCY_TLR2_4,6,6,-1.0806675366210936,0.0016586975097656609,-1.0823262341308593,0.005109165375022764,0.28713509407627935,-1
REACTOME_FORMATION_OF_THE_CORNIFIED_ENVELOPE,8,8,-0.6935369848632812,0.0017224053955078311,-0.695259390258789,0.0068960181278523,0.305965435883131,-1
REACTOME_KERATINIZATION,8,8,-0.6935369848632812,0.0017224053955078311,-0.695259390258789,0.0068960181278523,0.305965435883131,-1
REACTOME_REGULATED_NECROSIS,15,15,0.5954828973388673,-0.0021373675537109116,0.5976202648925781,0.006375315255269448,0.305965435883131,1
REACTOME_GLYCOSAMINOGLYCAN_METABOLISM,19,19,-0.24346997924804686,0.0032950756835937733,-0.24676505493164064,0.005993881053849261,0.305965435883131,-1
REACTOME_ANTIVIRAL_MECHANISM_BY_IFN_STIMULATED_GENES,17,17,0.32695839447021485,-0.0032105880737304526,0.33016898254394533,0.008005043970411546,0.3374126033528467,1
REACTOME_INNATE_IMMUNE_SYSTEM,212,212,0.1123508941650391,-0.010284462890624957,0.12263535705566406,0.008777030922189245,0.3523350984478825,1
REACTOME_COLLAGEN_FORMATION,16,16,-0.4405435668945312,0.0025602459716796977,-0.4431038128662109,0.010511984378786575,0.402800128696231,-1
REACTOME_MRNA_EDITING,5,5,0.9790881872558594,-0.001195230407714798,0.9802834176635742,0.0202355016367886,0.5138902783643918,1
REACTOME_CASPASE_ACTIVATION_VIA_EXTRINSIC_APOPTOTIC_SIGNALLING_PATHWAY,10,10,0.8327170840454101,-0.001581459960937448,0.8342985440063475,0.02717077531848849,0.5138902783643918,1
REACTOME_TP53_REGULATES_TRANSCRIPTION_OF_DEATH_RECEPTORS_AND_LIGANDS,5,5,0.7937665119934083,-0.001195230407714798,0.794961742401123,0.024245559275977043,0.5138902783643918,1
REACTOME_METABOLISM_OF_FAT_SOLUBLE_VITAMINS,7,7,-0.7524242919921875,0.000834441528320351,-0.7532587335205079,0.025876905959105384,0.5138902783643918,-1
REACTOME_ERYTHROCYTES_TAKE_UP_CARBON_DIOXIDE_AND_RELEASE_OXYGEN,5,5,0.6721904109954835,-0.001195230407714798,0.6733856414031982,0.02121678564635884,0.5138902783643918,1
REACTOME_ERYTHROCYTES_TAKE_UP_OXYGEN_AND_RELEASE_CARBON_DIOXIDE,5,5,0.6721904109954835,-0.001195230407714798,0.6733856414031982,0.02121678564635884,0.5138902783643918,1
REACTOME_RIPK1_MEDIATED_REGULATED_NECROSIS,11,11,0.5954828973388673,-0.0016770776367187046,0.597159974975586,0.014522711310846816,0.5138902783643918,1
REACTOME_ACTIVATION_OF_MATRIX_METALLOPROTEINASES,7,7,-0.5262734960937501,0.000834441528320351,-0.5271079376220704,0.021012949317907478,0.5138902783643918,-1
REACTOME_SIGNALING_BY_EGFR_IN_CANCER,7,7,0.5017942662143707,-0.0021373675537109116,0.5039316337680817,0.021611801695244435,0.5138902783643918,1
REACTOME_INACTIVATION_OF_CSF3_G_CSF_SIGNALING,5,5,0.4942332168865204,-0.0016770776367187046,0.4959102945232391,0.027879436821723832,0.5138902783643918,1
REACTOME_CELLULAR_HEXOSE_TRANSPORT,5,5,-0.4631522412109375,0.001690551452636746,-0.46484279266357426,0.02681461464327341,0.5138902783643918,-1
REACTOME_INFECTION_WITH_MYCOBACTERIUM_TUBERCULOSIS,6,6,0.4623190935516358,-0.0017726953124999612,0.46409178886413577,0.017006596392230205,0.5138902783643918,1
REACTOME_REGULATION_OF_TNFR1_SIGNALING,7,7,0.4454526113176346,-0.0016770776367187046,0.4471296889543533,0.016668547105649193,0.5138902783643918,1
REACTOME_NUCLEAR_SIGNALING_BY_ERBB4,7,7,-0.44337449218749997,0.000834441528320351,-0.4442089337158203,0.027313250199362205,0.5138902783643918,-1
REACTOME_HEPARAN_SULFATE_HEPARIN_HS_GAG_METABOLISM,9,9,-0.4359759545898437,0.0021413256835937644,-0.43811728027343744,0.026339058815290372,0.5138902783643918,-1
REACTOME_CYTOSOLIC_SENSORS_OF_PATHOGEN_ASSOCIATED_DNA,13,13,0.36146115039825444,-0.0032105880737304526,0.36467173847198486,0.017254661579529058,0.5138902783643918,1
REACTOME_PHASE_II_CONJUGATION_OF_COMPOUNDS,15,15,-0.35724021240234377,0.001690551452636746,-0.3589307638549805,0.02602324590119028,0.5138902783643918,-1
REACTOME_REGULATION_OF_PTEN_GENE_TRANSCRIPTION,15,15,-0.35014436035156243,0.0021413256835937644,-0.3522856860351562,0.023978206661736473,0.5138902783643918,-1
REACTOME_NEGATIVE_REGULATION_OF_FLT3,6,6,0.3449269283771515,-0.0017726953124999612,0.34669962368965146,0.028041462401852933,0.5138902783643918,1
REACTOME_UB_SPECIFIC_PROCESSING_PROTEASES,33,33,0.32695839447021485,-0.004125210266113261,0.33108360473632814,0.015898264163478133,0.5138902783643918,1
REACTOME_DEATH_RECEPTOR_SIGNALLING,40,40,0.3250476094007492,-0.003919136352539043,0.32896674575328827,0.022657453304104964,0.5138902783643918,1
REACTOME_APOPTOSIS,33,33,0.28289767059326176,-0.0032105880737304526,0.2861082586669922,0.023779161798265464,0.5138902783643918,1
REACTOME_DISEASES_OF_METABOLISM,47,47,-0.19179719970703119,0.003737408447265639,-0.19553460815429682,0.02501669216345114,0.5138902783643918,-1
REACTOME_SIGNALING_BY_INTERLEUKINS,122,122,0.126605115146637,-0.006571822052001908,0.1331769371986389,0.02272699100655533,0.5138902783643918,1
REACTOME_TNFR1_INDUCED_NFKAPPAB_SIGNALING_PATHWAY,7,7,0.4454526113176346,-0.0016770776367187046,0.4471296889543533,0.02917684786329757,0.523320909548082,1
REACTOME_CELLULAR_RESPONSES_TO_STIMULI,153,153,0.12654833576202396,-0.010177779541015591,0.13672611530303955,0.030702613577343035,0.5392146509520871,1
REACTOME_CASPASE_ACTIVATION_VIA_DEATH_RECEPTORS_IN_THE_PRESENCE_OF_LIGAND,7,7,0.8455128149414063,-0.001195230407714798,0.8467080453491211,0.03434463424732074,0.5696242843020881,1
REACTOME_STRIATED_MUSCLE_CONTRACTION,6,6,0.7110141202926636,-0.001581459960937448,0.712595580253601,0.03335299726685019,0.5696242843020881,1
REACTOME_DEGRADATION_OF_THE_EXTRACELLULAR_MATRIX,24,24,-0.2824283996582031,0.0028116723632812812,-0.2852400720214844,0.03446125563393416,0.5696242843020881,-1
REACTOME_AUF1_HNRNP_D0_BINDS_AND_DESTABILIZES_MRNA,7,7,0.5954828973388673,-0.001195230407714798,0.596678127746582,0.039004038939058794,0.5919705800292944,1
REACTOME_MUSCLE_CONTRACTION,27,27,0.3690219451260567,-0.0016770776367187046,0.3706990227627754,0.0392783111885687,0.5919705800292944,1
REACTOME_ABC_TRANSPORTERS_IN_LIPID_HOMEOSTASIS,8,8,-0.3679715454101562,0.0016586975097656609,-0.36963024291992186,0.03823375749867077,0.5919705800292944,-1
REACTOME_DISEASES_OF_GLYCOSYLATION,28,28,-0.21879176818847657,0.0028116723632812812,-0.22160344055175785,0.039324261544057514,0.5919705800292944,-1
REACTOME_BIOLOGICAL_OXIDATIONS,27,27,-0.17432211669921877,0.0021413256835937644,-0.17646344238281253,0.038112026592805485,0.5919705800292944,-1
REACTOME_GLUTATHIONE_CONJUGATION,8,8,-0.37352441406250003,1.018554687504114e-05,-0.3735345996093751,0.04082399461079343,0.6037653939806819,-1
REACTOME_EPH_EPHRIN_SIGNALING,14,14,-0.42469753906249996,0.0016586975097656609,-0.4263562365722656,0.04336083844685506,0.6092197801783136,-1
REACTOME_NUCLEOTIDE_BINDING_DOMAIN_LEUCINE_RICH_REPEAT_CONTAINING_RECEPTOR_NLR_SIGNALING_PATHWAYS,16,16,0.3961745463943481,-0.002502039794921862,0.39867658618927,0.04226057912768233,0.6092197801783136,1
REACTOME_SIGNALING_BY_RECEPTOR_TYROSINE_KINASES,112,112,-0.1048870013427734,0.0036341882324218977,-0.1085211895751953,0.042789497190161965,0.6092197801783136,-1
REACTOME_TICAM1_RIP1_MEDIATED_IKK_COMPLEX_RECRUITMENT,5,5,0.5146729776763916,-0.001195230407714798,0.5158682080841064,0.04410083499710658,0.60945908036985,1
REACTOME_SIGNALING_BY_CSF3_G_CSF,6,6,0.4105958056783676,-0.0017726953124999612,0.4123685009908676,0.04552456049890807,0.6189871693641856,1
REACTOME_DEGRADATION_OF_AXIN,7,7,0.5159927650499344,-0.0016770776367187046,0.5176698426866531,0.0497780481805911,0.6432428727732431,1
REACTOME_ERCC6_CSB_AND_EHMT2_G9A_POSITIVELY_REGULATE_RRNA_EXPRESSION,6,6,-0.36534103515624994,0.0016586975097656609,-0.3669997326660156,0.050360651960894474,0.6432428727732431,-1
REACTOME_RESPONSE_OF_MTB_TO_PHAGOCYTOSIS,5,5,0.32915528976440434,-0.0016770776367187046,0.33083236740112304,0.0484581680491958,0.6432428727732431,1
REACTOME_INTERLEUKIN_3_INTERLEUKIN_5_AND_GM_CSF_SIGNALING,16,16,0.2542150556564331,-0.002502039794921862,0.25671709545135496,0.04925796647265217,0.6432428727732431,1
REACTOME_APOPTOTIC_CLEAVAGE_OF_CELLULAR_PROTEINS,9,9,0.28289767059326176,-0.0016770776367187046,0.28457474822998047,0.05215888218930457,0.6562677266505037,1
REACTOME_ASSEMBLY_OF_COLLAGEN_FIBRILS_AND_OTHER_MULTIMERIC_STRUCTURES,11,11,-0.39625809326171874,0.001690551452636746,-0.3979486447143555,0.05317119795467438,0.659166468761625,-1
REACTOME_GLUCAGON_SIGNALING_IN_METABOLIC_REGULATION,11,11,0.25366501871109015,-0.0021373675537109116,0.25580238626480106,0.05576899418656859,0.6813516246272076,1
REACTOME_CHONDROITIN_SULFATE_DERMATAN_SULFATE_METABOLISM,7,7,-0.5720706420898436,0.001690551452636746,-0.5737611935424803,0.05909645251353899,0.6919209648460191,-1
REACTOME_PROGRAMMED_CELL_DEATH,38,38,0.22546376144409183,-0.002502039794921862,0.2279658012390137,0.058250395920338406,0.6919209648460191,1
REACTOME_ADORA2B_MEDIATED_ANTI_INFLAMMATORY_CYTOKINES_PRODUCTION,26,26,0.22347211616516116,-0.003919136352539043,0.2273912525177002,0.05861443455430481,0.6919209648460191,1
REACTOME_CONSTITUTIVE_SIGNALING_BY_LIGAND_RESPONSIVE_EGFR_CANCER_VARIANTS,6,6,0.4143763303422928,-0.0017726953124999612,0.4161490256547928,0.06115007330837997,0.6966150243103285,1
REACTOME_COLLAGEN_BIOSYNTHESIS_AND_MODIFYING_ENZYMES,12,12,-0.3232544317626953,0.0017224053955078311,-0.32497683715820314,0.06098827266521601,0.6966150243103285,-1
REACTOME_TRAFFICKING_OF_AMPA_RECEPTORS,5,5,0.3288123409271241,-0.0016770776367187046,0.3304894185638428,0.06305343059563805,0.7087205598949716,1
REACTOME_REVERSIBLE_HYDRATION_OF_CARBON_DIOXIDE,5,5,0.3766535019683838,-0.001195230407714798,0.3778487323760986,0.06419029773156655,0.7120055393119816,1
REACTOME_ANTI_INFLAMMATORY_RESPONSE_FAVOURING_LEISHMANIA_PARASITE_INFECTION,36,36,0.18256666370391847,-0.003919136352539043,0.1864858000564575,0.06674975175606115,0.7307797497449293,1
REACTOME_INITIAL_TRIGGERING_OF_COMPLEMENT,7,7,0.7680198199844361,-0.001195230407714798,0.7692150503921509,0.06882982217314346,0.7387525686208755,1
REACTOME_COMPLEMENT_CASCADE,13,13,0.4186516071891785,-0.001195230407714798,0.4198468375968933,0.06997733698090225,0.7387525686208755,1
REACTOME_CELLULAR_RESPONSE_TO_CHEMICAL_STRESS,24,24,0.326870665049553,-0.002502039794921862,0.32937270484447484,0.07098334289239729,0.7387525686208755,1
REACTOME_HSP90_CHAPERONE_CYCLE_FOR_STEROID_HORMONE_RECEPTORS_SHR_IN_THE_PRESENCE_OF_LIGAND,12,12,0.2430726515388489,-0.001581459960937448,0.24465411149978636,0.0701888755730216,0.7387525686208755,1
REACTOME_CYTOPROTECTION_BY_HMOX1,19,19,0.32678293562889105,-0.0021373675537109116,0.32892030318260196,0.07375417813992212,0.7436737298716587,1
REACTOME_POSITIVE_EPIGENETIC_REGULATION_OF_RRNA_EXPRESSION,13,13,-0.2373658728027343,0.001690551452636746,-0.23905642425537105,0.0741027204142578,0.7436737298716587,-1
REACTOME_HOST_INTERACTIONS_OF_HIV_FACTORS,24,24,0.22234986732482911,-0.002502039794921862,0.22485190711975098,0.07306051383093841,0.7436737298716587,1
REACTOME_TP53_REGULATES_TRANSCRIPTION_OF_GENES_INVOLVED_IN_G2_CELL_CYCLE_ARREST,5,5,-0.47707455078125,0.000834441528320351,-0.47790899230957035,0.07537821721791609,0.7475745542906266,-1
REACTOME_SIGNALING_BY_INSULIN_RECEPTOR,16,16,-0.21211569458007806,0.0016586975097656609,-0.21377439208984372,0.07830185606120756,0.7675402867395114,-1
REACTOME_LEISHMANIA_INFECTION,55,55,0.12666189453125004,-0.004375171813964823,0.13103706634521486,0.08159670879681062,0.7906439714449581,1
REACTOME_SUMOYLATION_OF_TRANSCRIPTION_COFACTORS,14,14,-0.34708832336425777,0.0016586975097656609,-0.34874702087402343,0.08395835123396117,0.8042828419344236,-1
REACTOME_CYTOSOLIC_SULFONATION_OF_SMALL_MOLECULES,6,6,-0.4646336425781249,0.0016586975097656609,-0.46629234008789056,0.0876940583459571,0.8294366391113634,-1
REACTOME_HDACS_DEACETYLATE_HISTONES,12,12,-0.30930344116210934,0.0017224053955078311,-0.31102584655761717,0.09051977556138249,0.8294366391113634,-1
REACTOME_CREB1_PHOSPHORYLATION_THROUGH_NMDA_RECEPTOR_MEDIATED_ACTIVATION_OF_RAS_SIGNALING,6,6,0.20872680393218995,-0.0017726953124999612,0.2104994992446899,0.09009681076857251,0.8294366391113634,1
REACTOME_GLUCAGON_TYPE_LIGAND_RECEPTORS,12,12,0.19600118064880373,-0.001581459960937448,0.19758264060974118,0.08929589562053258,0.8294366391113634,1
REACTOME_INTERLEUKIN_2_SIGNALING,6,6,0.5004760070848465,-0.001581459960937448,0.502057467045784,0.09254915933903544,0.8299887374766689,1
REACTOME_GPVI_MEDIATED_ACTIVATION_CASCADE,10,10,-0.26542705505371095,0.0016586975097656609,-0.2670857525634766,0.09252952513544382,0.8299887374766689,-1
REACTOME_DEFECTS_OF_CONTACT_ACTIVATION_SYSTEM_CAS_AND_KALLIKREIN_KININ_SYSTEM_KKS,5,5,-0.7499480639648437,0.000834441528320351,-0.750782505493164,0.10799801766053731,0.8309928154721299,-1
REACTOME_INFLAMMASOMES,7,7,0.5997746913146973,-0.0016770776367187046,0.601451768951416,0.10577687065760312,0.8309928154721299,1
REACTOME_REGULATION_OF_TP53_EXPRESSION_AND_DEGRADATION,6,6,0.46122064590454104,-0.001581459960937448,0.4628021058654785,0.10708769689369231,0.8309928154721299,1
REACTOME_DISEASES_OF_IMMUNE_SYSTEM,10,10,-0.4500280126953125,0.0016586975097656609,-0.45168671020507817,0.09427984340553269,0.8309928154721299,-1
REACTOME_TBC_RABGAPS,7,7,-0.4241298999023437,0.000834441528320351,-0.424964341430664,0.1097391372686032,0.8309928154721299,-1
REACTOME_DEFECTIVE_CFTR_CAUSES_CYSTIC_FIBROSIS,5,5,0.3966538247871399,-0.001195230407714798,0.3978490551948547,0.09605042683424282,0.8309928154721299,1
REACTOME_MTOR_SIGNALLING,7,7,-0.3540690185546875,0.000834441528320351,-0.3549034600830078,0.10819230581994908,0.8309928154721299,-1
REACTOME_REGULATION_OF_RUNX2_EXPRESSION_AND_ACTIVITY,6,6,0.28559696914672855,-0.001581459960937448,0.287178429107666,0.10007814716704541,0.8309928154721299,1
REACTOME_CA_DEPENDENT_EVENTS,5,5,0.25366501871109015,-0.0016770776367187046,0.25534209634780886,0.11095218690773628,0.8309928154721299,1
REACTOME_INTERLEUKIN_7_SIGNALING,6,6,0.2517508222293854,-0.001581459960937448,0.25333228219032283,0.10681149316026319,0.8309928154721299,1
REACTOME_APC_C_MEDIATED_DEGRADATION_OF_CELL_CYCLE_PROTEINS,14,14,0.24723340330123905,-0.0017726953124999612,0.249006098613739,0.10781881371400902,0.8309928154721299,1
REACTOME_UCH_PROTEINASES,18,18,-0.24320490661621091,0.0017224053955078311,-0.24492731201171875,0.11434776583009142,0.8309928154721299,-1
REACTOME_COPII_MEDIATED_VESICLE_TRANSPORT,10,10,0.20132383491516115,-0.0008090008544921479,0.2021328357696533,0.11370949338598049,0.8309928154721299,1
REACTOME_FANCONI_ANEMIA_PATHWAY,11,11,0.18735444885253907,-0.0016770776367187046,0.18903152648925778,0.11176282815586663,0.8309928154721299,1
REACTOME_INTERLEUKIN_RECEPTOR_SHC_SIGNALING,9,9,0.1814717168426514,-0.0016770776367187046,0.1831487944793701,0.11389077788011777,0.8309928154721299,1
REACTOME_TRANSMISSION_ACROSS_CHEMICAL_SYNAPSES,44,44,0.170145057258606,-0.0044190594482421686,0.17456411670684815,0.10191543426311966,0.8309928154721299,1
REACTOME_SIGNALING_BY_NTRKS,27,27,-0.09468892944335933,0.0021413256835937644,-0.09683025512695309,0.11381550715644652,0.8309928154721299,-1
REACTOME_METABOLISM_OF_AMINO_ACIDS_AND_DERIVATIVES,58,58,0.08825196136474611,-0.004331284179687478,0.09258324554443359,0.10084445618863438,0.8309928154721299,1
REACTOME_INSULIN_RECEPTOR_SIGNALLING_CASCADE,11,11,-0.08720464843749992,0.000834441528320351,-0.08803908996582027,0.1127798631108352,0.8309928154721299,-1
REACTOME_IRS_MEDIATED_SIGNALLING,11,11,-0.08720464843749992,0.000834441528320351,-0.08803908996582027,0.1127798631108352,0.8309928154721299,-1
REACTOME_SIGNALING_BY_TYPE_1_INSULIN_LIKE_GROWTH_FACTOR_1_RECEPTOR_IGF1R,11,11,-0.08720464843749992,0.000834441528320351,-0.08803908996582027,0.1127798631108352,0.8309928154721299,-1
REACTOME_IMMUNOREGULATORY_INTERACTIONS_BETWEEN_A_LYMPHOID_AND_A_NON_LYMPHOID_CELL,42,42,0.06110428100585938,-0.0017726953124999612,0.06287697631835934,0.11137362488506378,0.8309928154721299,1
REACTOME_ZBP1_DAI_MEDIATED_INDUCTION_OF_TYPE_I_IFNS,5,5,0.4179272169876099,-0.001195230407714798,0.41912244739532467,0.1160609703598419,0.8332493390178749,1
REACTOME_BMAL1_CLOCK_NPAS2_ACTIVATES_CIRCADIAN_GENE_EXPRESSION,7,7,-0.31506546142578123,0.000834441528320351,-0.3158999029541016,0.11663513879491012,0.8332493390178749,-1
REACTOME_UPTAKE_AND_ACTIONS_OF_BACTERIAL_TOXINS,6,6,-0.6547931298828125,1.018554687504114e-05,-0.6548033154296875,0.12113446847471225,0.8370193190506756,-1
REACTOME_SUMOYLATION_OF_DNA_METHYLATION_PROTEINS,6,6,-0.37033683044433596,0.0016586975097656609,-0.3719955279541016,0.1199269766278238,0.8370193190506756,-1
REACTOME_COLLAGEN_DEGRADATION,13,13,-0.22636333007812498,0.001690551452636746,-0.22805388153076173,0.12044083914470843,0.8370193190506756,-1
REACTOME_NEUROTRANSMITTER_RECEPTORS_AND_POSTSYNAPTIC_SIGNAL_TRANSMISSION,35,35,0.18409304527282716,-0.004125210266113261,0.18821825553894042,0.11849843817025409,0.8370193190506756,1
REACTOME_INFLUENZA_INFECTION,23,23,0.07782060882568365,-0.0032105880737304526,0.0810311968994141,0.12251645475943689,0.8396859460341893,1
REACTOME_MOLECULES_ASSOCIATED_WITH_ELASTIC_FIBRES,6,6,0.4629635914421082,-0.001581459960937448,0.46454505140304564,0.12667952910781613,0.8543267443031121,1
REACTOME_REGULATION_OF_HMOX1_EXPRESSION_AND_ACTIVITY,6,6,0.27878557334899906,-0.001581459960937448,0.2803670333099365,0.12605435760840178,0.8543267443031121,1
REACTOME_INTERLEUKIN_12_SIGNALING,9,9,0.5467423738098145,-0.0016770776367187046,0.5484194514465333,0.1332489230697887,0.8805897591533908,1
REACTOME_LONG_TERM_POTENTIATION,5,5,0.4266466741752625,-0.001195230407714798,0.4278419045829773,0.13421047129607958,0.8805897591533908,1
REACTOME_SYNTHESIS_OF_IP2_IP_AND_INS_IN_THE_CYTOSOL,5,5,-0.3476730737304687,0.000834441528320351,-0.34850751525878904,0.13295259903453693,0.8805897591533908,-1
REACTOME_SIGNALING_BY_ERBB2_ECD_MUTANTS,5,5,0.31984162094175816,-0.0016770776367187046,0.32151869857847687,0.134752169550163,0.8805897591533908,1
REACTOME_RNA_POLYMERASE_III_TRANSCRIPTION_INITIATION_FROM_TYPE_3_PROMOTER,10,10,0.20758847953796392,-0.001581459960937448,0.20916993949890136,0.1369081335026982,0.8810195155936992,1
REACTOME_RAS_ACTIVATION_UPON_CA2_INFLUX_THROUGH_NMDA_RECEPTOR,5,5,0.08433799255371094,-0.0016770776367187046,0.08601507019042964,0.13602223740024194,0.8810195155936992,1
REACTOME_MAPK6_MAPK4_SIGNALING,17,17,0.23655779388427736,-0.0021373675537109116,0.23869516143798827,0.13989221138663338,0.8934025318100904,1
REACTOME_INTRINSIC_PATHWAY_FOR_APOPTOSIS,10,10,0.37045604108810426,-0.001581459960937448,0.3720375010490417,0.14531690053654497,0.9003770260925594,1
REACTOME_RESPIRATORY_ELECTRON_TRANSPORT,15,15,-0.24013480224609368,0.0021413256835937644,-0.24227612792968745,0.1491711860180841,0.9003770260925594,-1
REACTOME_RESPIRATORY_ELECTRON_TRANSPORT_ATP_SYNTHESIS_BY_CHEMIOSMOTIC_COUPLING_AND_HEAT_PRODUCTION_BY_UNCOUPLING_PROTEINS,15,15,-0.24013480224609368,0.0021413256835937644,-0.24227612792968745,0.1491711860180841,0.9003770260925594,-1
REACTOME_ACTIVATION_OF_NMDA_RECEPTORS_AND_POSTSYNAPTIC_EVENTS,17,17,0.18409304527282716,-0.0032105880737304526,0.1873036333465576,0.1505968691329192,0.9003770260925594,1
REACTOME_ACTIVATION_OF_THE_MRNA_UPON_BINDING_OF_THE_CAP_BINDING_COMPLEX_AND_EIFS_AND_SUBSEQUENT_BINDING_TO_43S,6,6,-0.18546323913574214,0.0016586975097656609,-0.1871219366455078,0.14984688753739173,0.9003770260925594,-1
REACTOME_INTEGRIN_CELL_SURFACE_INTERACTIONS,18,18,-0.1845978015136719,0.0017224053955078311,-0.18632020690917972,0.14508918157158715,0.9003770260925594,-1
REACTOME_ANTIGEN_ACTIVATES_B_CELL_RECEPTOR_BCR_LEADING_TO_GENERATION_OF_SECOND_MESSENGERS,12,12,-0.1796315423583984,0.0016586975097656609,-0.18129023986816406,0.14665794792401762,0.9003770260925594,-1
REACTOME_HATS_ACETYLATE_HISTONES,26,26,-0.1652073852539062,0.0017224053955078311,-0.16692979064941404,0.15005709019274496,0.9003770260925594,-1
REACTOME_CHROMATIN_MODIFYING_ENZYMES,61,61,-0.09229368774414065,0.0026859591674804895,-0.09497964691162114,0.1448729965547252,0.9003770260925594,-1
REACTOME_EPH_EPHRIN_MEDIATED_REPULSION_OF_CELLS,8,8,-0.45284685302734373,1.018554687504114e-05,-0.4528570385742188,0.1571422759729803,0.9101267434524989,-1
REACTOME_ASSEMBLY_AND_CELL_SURFACE_PRESENTATION_OF_NMDA_RECEPTORS,7,7,0.4266466741752625,-0.001195230407714798,0.4278419045829773,0.156727617859235,0.9101267434524989,1
REACTOME_NR1H3_NR1H2_REGULATE_GENE_EXPRESSION_LINKED_TO_CHOLESTEROL_TRANSPORT_AND_EFFLUX,11,11,-0.2650832690429687,5.09277343752057e-06,-0.2650883618164062,0.1669547359777015,0.9101267434524989,-1
REACTOME_COMPLEX_I_BIOGENESIS,9,9,-0.24536826660156247,0.001690551452636746,-0.24705881805419921,0.16285437785055246,0.9101267434524989,-1
REACTOME_CARBOXYTERMINAL_POST_TRANSLATIONAL_MODIFICATIONS_OF_TUBULIN,9,9,-0.2269351037597656,0.000834441528320351,-0.22776954528808596,0.1592894270983265,0.9101267434524989,-1
REACTOME_DAG_AND_IP3_SIGNALING,8,8,0.21887903199195866,-0.001581459960937448,0.2204604919528961,0.15447915057551778,0.9101267434524989,1
REACTOME_RNA_POLYMERASE_I_TRANSCRIPTION,15,15,-0.2083068957519531,0.000834441528320351,-0.20914133728027345,0.16381761096243264,0.9101267434524989,-1
REACTOME_RNA_POLYMERASE_I_TRANSCRIPTION_INITIATION,15,15,-0.2083068957519531,0.000834441528320351,-0.20914133728027345,0.16381761096243264,0.9101267434524989,-1
REACTOME_PEPTIDE_LIGAND_BINDING_RECEPTORS,56,56,0.19324259641647343,-0.0017726953124999612,0.1950152917289734,0.16715974918038756,0.9101267434524989,1
REACTOME_HCMV_LATE_EVENTS,13,13,0.16823108398437503,-0.0021373675537109116,0.17036845153808594,0.15631783300108712,0.9101267434524989,1
REACTOME_TERMINATION_OF_TRANSLESION_DNA_SYNTHESIS,12,12,0.15956581779479984,-0.001581459960937448,0.16114727775573728,0.16734240241416054,0.9101267434524989,1
REACTOME_DNA_DAMAGE_BYPASS,16,16,0.1580999117469788,-0.001581459960937448,0.15968137170791624,0.1652501039386518,0.9101267434524989,1
REACTOME_EXTRACELLULAR_MATRIX_ORGANIZATION,54,54,-0.1517994830322265,0.0017224053955078311,-0.15352188842773434,0.16048167837027638,0.9101267434524989,-1
REACTOME_NUCLEOTIDE_EXCISION_REPAIR,37,37,-0.09155802246093753,0.0021413256835937644,-0.09369934814453129,0.1649804948608924,0.9101267434524989,-1
REACTOME_SIGNALING_BY_ALK_IN_CANCER,10,10,0.12255763946533205,-0.0017726953124999612,0.12433033477783201,0.16923208461595007,0.9145041495592687,1
REACTOME_REGULATION_OF_MRNA_STABILITY_BY_PROTEINS_THAT_BIND_AU_RICH_ELEMENTS,11,11,0.32695839447021485,-0.001195230407714798,0.32815362487792965,0.17325671872306936,0.9302892604047609,1
REACTOME_TRYPTOPHAN_CATABOLISM,5,5,0.45516071758270266,-0.001195230407714798,0.45635594799041745,0.19293659627688928,0.9399588896556561,1
REACTOME_REGULATION_OF_PTEN_STABILITY_AND_ACTIVITY,8,8,0.42147557976007466,-0.001581459960937448,0.4230570397210121,0.19874037805654324,0.9399588896556561,1
REACTOME_DOWNSTREAM_SIGNALING_OF_ACTIVATED_FGFR1,6,6,-0.406766362915039,0.0,-0.406766362915039,0.20198184633891653,0.9399588896556561,-1
REACTOME_DEGRADATION_OF_BETA_CATENIN_BY_THE_DESTRUCTION_COMPLEX,12,12,0.3568242740440369,-0.001581459960937448,0.35840573400497433,0.1951465333523339,0.9399588896556561,1
REACTOME_STIMULI_SENSING_CHANNELS,11,11,0.32695839447021485,-0.0016770776367187046,0.32863547210693356,0.19322811824087294,0.9399588896556561,1
REACTOME_NOD1_2_SIGNALING_PATHWAY,9,9,0.32695839447021485,-0.001195230407714798,0.32815362487792965,0.2032803131838533,0.9399588896556561,1
REACTOME_P75NTR_SIGNALS_VIA_NF_KB,5,5,0.32695839447021485,-0.001195230407714798,0.32815362487792965,0.19905091823542198,0.9399588896556561,1
REACTOME_STABILIZATION_OF_P53,5,5,0.32695839447021485,-0.001195230407714798,0.32815362487792965,0.18626991029507428,0.9399588896556561,1
REACTOME_ADVANCED_GLYCOSYLATION_ENDPRODUCT_RECEPTOR_SIGNALING,5,5,-0.28626091552734373,0.000834441528320351,-0.2870953570556641,0.18763603150214272,0.9399588896556561,-1
REACTOME_CDT1_ASSOCIATION_WITH_THE_CDC6_ORC_ORIGIN_COMPLEX,8,8,0.27446302009582524,-0.0008090008544921479,0.2752720209503174,0.20136301598875128,0.9399588896556561,1
REACTOME_CHEMOKINE_RECEPTORS_BIND_CHEMOKINES,35,35,0.2598232983016968,-0.001195230407714798,0.2610185287094116,0.2040480151921531,0.9399588896556561,1
REACTOME_DNA_DAMAGE_RECOGNITION_IN_GG_NER,17,17,-0.2399346728515625,0.001690551452636746,-0.24162522430419925,0.18441372258399757,0.9399588896556561,-1
REACTOME_CARGO_CONCENTRATION_IN_THE_ER,5,5,0.24058461547851565,-0.00040450042724607393,0.24098911590576172,0.19833876587645807,0.9399588896556561,1
REACTOME_APOPTOTIC_EXECUTION_PHASE,12,12,0.22546376144409183,-0.001581459960937448,0.22704522140502928,0.1823971768600814,0.9399588896556561,1
REACTOME_GLUCAGON_LIKE_PEPTIDE_1_GLP1_REGULATES_INSULIN_SECRETION,15,15,0.21096207916259768,-0.0016770776367187046,0.2126391567993164,0.18959771935932357,0.9399588896556561,1
REACTOME_RECOGNITION_OF_DNA_DAMAGE_BY_PCNA_CONTAINING_REPLICATION_COMPLEX,13,13,0.20704432178497317,-0.0016770776367187046,0.20872139942169188,0.18453835926047713,0.9399588896556561,1
REACTOME_REGULATION_OF_RAS_BY_GAPS,8,8,0.18747945455551152,-0.001581459960937448,0.18906091451644896,0.19301869953588313,0.9399588896556561,1
REACTOME_CIRCADIAN_CLOCK,21,21,-0.18505755859375,5.09277343752057e-06,-0.18506265136718753,0.18266418555963404,0.9399588896556561,-1
REACTOME_GLOBAL_GENOME_NUCLEOTIDE_EXCISION_REPAIR_GG_NER,31,31,-0.15122277221679686,0.0021413256835937644,-0.15336409790039063,0.18616464932966992,0.9399588896556561,-1
REACTOME_SIGNALLING_TO_ERKS,5,5,-0.12977692871093743,0.000834441528320351,-0.13061137023925778,0.2036016700849726,0.9399588896556561,-1
REACTOME_NEUTROPHIL_DEGRANULATION,94,94,0.12174711700439456,-0.003919136352539043,0.1256662533569336,0.18661619375515714,0.9399588896556561,1
REACTOME_TRANSCRIPTIONAL_REGULATION_OF_GRANULOPOIESIS,13,13,0.11870962341308594,-0.0016770776367187046,0.12038670104980465,0.1763237784194529,0.9399588896556561,1
REACTOME_TOLL_LIKE_RECEPTOR_TLR1_TLR2_CASCADE,29,29,-0.0804670947265625,5.09277343752057e-06,-0.08047218750000001,0.18588321580505396,0.9399588896556561,-1
REACTOME_INFECTIOUS_DISEASE,158,158,0.05634792144775394,-0.005627896728515602,0.06197581817626954,0.18882852934257588,0.9399588896556561,1
REACTOME_MITOTIC_METAPHASE_AND_ANAPHASE,54,54,0.023365520935058615,-0.002502039794921862,0.025867560729980477,0.1975046997428499,0.9399588896556561,1
REACTOME_NGF_STIMULATED_TRANSCRIPTION,11,11,-0.022247016601562475,5.09277343752057e-06,-0.022252109374999995,0.19726133600837503,0.9399588896556561,-1
REACTOME_RUNX1_AND_FOXP3_CONTROL_THE_DEVELOPMENT_OF_REGULATORY_T_LYMPHOCYTES_TREGS,7,7,0.5739488219833374,-0.001195230407714798,0.5751440523910523,0.2161493355841895,0.9597629566020938,1
REACTOME_THE_NLRP3_INFLAMMASOME,6,6,0.3632182929229737,-0.001581459960937448,0.36479975288391114,0.21539052928434713,0.9597629566020938,1
REACTOME_COLLAGEN_CHAIN_TRIMERIZATION,8,8,-0.23830705017089843,0.0016586975097656609,-0.2399657476806641,0.2115109725440838,0.9597629566020938,-1
REACTOME_TP53_REGULATES_TRANSCRIPTION_OF_CELL_CYCLE_GENES,14,14,-0.16501911987304682,1.018554687504114e-05,-0.16502930541992186,0.21459970554491714,0.9597629566020938,-1
REACTOME_TP53_REGULATES_TRANSCRIPTION_OF_CELL_DEATH_GENES,11,11,0.14505414184570314,-0.00040450042724607393,0.14545864227294922,0.21301722359923103,0.9597629566020938,1
REACTOME_TRANSLESION_SYNTHESIS_BY_Y_FAMILY_DNA_POLYMERASES_BYPASSES_LESIONS_ON_DNA_TEMPLATE,13,13,0.10915550170898441,-0.001195230407714798,0.11035073211669921,0.21178428968700203,0.9597629566020938,1
REACTOME_METABOLISM_OF_CARBOHYDRATES,55,55,-0.0890910791015625,0.002883817749023465,-0.09197489685058596,0.21631668061019904,0.9597629566020938,-1
REACTOME_VEGFR2_MEDIATED_VASCULAR_PERMEABILITY,5,5,0.8140532775878906,-0.00040450042724607393,0.8144577780151366,0.42782943622313685,0.9619665567501247,1
REACTOME_OTHER_INTERLEUKIN_SIGNALING,5,5,0.7840254559326172,-0.00040450042724607393,0.7844299563598632,0.5981814325674296,0.9619665567501247,1
REACTOME_SMOOTH_MUSCLE_CONTRACTION,7,7,0.7577448620605469,-0.00040450042724607393,0.758149362487793,0.35103576571567996,0.9619665567501247,1
REACTOME_BILE_ACID_AND_BILE_SALT_METABOLISM,6,6,0.6714458288145065,-0.0008090008544921479,0.6722548296689987,0.2731582165186886,0.9619665567501247,1
REACTOME_SYNTHESIS_OF_BILE_ACIDS_AND_BILE_SALTS,6,6,0.6714458288145065,-0.0008090008544921479,0.6722548296689987,0.2731582165186886,0.9619665567501247,1
REACTOME_FERTILIZATION,5,5,-0.6513273950195311,5.09277343752057e-06,-0.6513324877929686,0.26461172089422974,0.9619665567501247,-1
REACTOME_PLASMA_LIPOPROTEIN_CLEARANCE,7,7,-0.6185866821289061,5.09277343752057e-06,-0.6185917749023436,0.31700474665378187,0.9619665567501247,-1
REACTOME_GENE_AND_PROTEIN_EXPRESSION_BY_JAK_STAT_SIGNALING_AFTER_INTERLEUKIN_12_STIMULATION,7,7,0.5467423738098145,-0.001195230407714798,0.5479376042175292,0.2892131113163075,0.9619665567501247,1
REACTOME_DETOXIFICATION_OF_REACTIVE_OXYGEN_SPECIES,5,5,0.5461716818237305,-0.00040450042724607393,0.5465761822509766,0.6521004293659368,0.9619665567501247,1
REACTOME_EPHB_MEDIATED_FORWARD_SIGNALING,6,6,-0.42469753906249996,1.018554687504114e-05,-0.424707724609375,0.25432998038004306,0.9619665567501247,-1
REACTOME_REPRESSION_OF_WNT_TARGET_GENES,6,6,0.4141978038597107,-0.0008090008544921479,0.41500680471420287,0.4526749940228548,0.9619665567501247,1
REACTOME_ION_HOMEOSTASIS,9,9,0.3690219451260567,-0.00040450042724607393,0.36942644555330273,0.5503507803615022,0.9619665567501247,1
REACTOME_REGULATION_OF_TP53_ACTIVITY_THROUGH_ACETYLATION,8,8,-0.36534103515624994,1.018554687504114e-05,-0.365351220703125,0.2852913619330832,0.9619665567501247,-1
REACTOME_RNA_POLYMERASE_III_CHAIN_ELONGATION,5,5,0.36146115039825444,-0.001195230407714798,0.36265638080596924,0.2230213564752752,0.9619665567501247,1
REACTOME_RNA_POLYMERASE_III_TRANSCRIPTION_TERMINATION,5,5,0.36146115039825444,-0.001195230407714798,0.36265638080596924,0.2230213564752752,0.9619665567501247,1
REACTOME_PLASMA_LIPOPROTEIN_REMODELING,6,6,-0.34847284179687493,1.018554687504114e-05,-0.34848302734375,0.2812632687788466,0.9619665567501247,-1
REACTOME_PLASMA_LIPOPROTEIN_ASSEMBLY_REMODELING_AND_CLEARANCE,11,11,-0.34561755371093744,5.09277343752057e-06,-0.34562264648437496,0.37131843999096215,0.9619665567501247,-1
REACTOME_DEACTIVATION_OF_THE_BETA_CATENIN_TRANSACTIVATING_COMPLEX,12,12,0.3403456749916077,-0.001581459960937448,0.3419271349525452,0.5009098505994118,0.9619665567501247,1
REACTOME_ARACHIDONIC_ACID_METABOLISM,10,10,-0.33931119506835933,1.018554687504114e-05,-0.33932138061523437,0.3415445408762564,0.9619665567501247,-1
REACTOME_INSULIN_RECEPTOR_RECYCLING,5,5,-0.3370267407226562,5.09277343752057e-06,-0.3370318334960937,0.4394221972132611,0.9619665567501247,-1
REACTOME_TGF_BETA_RECEPTOR_SIGNALING_IN_EMT_EPITHELIAL_TO_MESENCHYMAL_TRANSITION,6,6,0.3346665653073788,-0.0008090008544921479,0.33547556616187096,0.4669085482939601,0.9619665567501247,1
REACTOME_CELLULAR_RESPONSE_TO_HYPOXIA,8,8,0.3346080612468719,-0.0008090008544921479,0.33541706210136407,0.49473806739725457,0.9619665567501247,1
REACTOME_EPHA_MEDIATED_GROWTH_CONE_COLLAPSE,7,7,-0.33191079711914057,5.09277343752057e-06,-0.3319158898925781,0.4545175687188338,0.9619665567501247,-1
REACTOME_INTERLEUKIN_6_FAMILY_SIGNALING,6,6,0.3310765822410584,-0.0008090008544921479,0.33188558309555055,0.3614079516516373,0.9619665567501247,1
REACTOME_SIGNALING_BY_EGFR,11,11,0.32695839447021485,-0.0016770776367187046,0.32863547210693356,0.37785173233536595,0.9619665567501247,1
REACTOME_RAC3_GTPASE_CYCLE,14,14,0.3266523609352112,-0.001581459960937448,0.32823382089614866,0.3294124524955093,0.9619665567501247,1
REACTOME_ACTIVATED_NOTCH1_TRANSMITS_SIGNAL_TO_THE_NUCLEUS,5,5,0.32695839447021485,-0.001195230407714798,0.32815362487792965,0.39225045755526516,0.9619665567501247,1
REACTOME_G1_S_DNA_DAMAGE_CHECKPOINTS,7,7,0.32695839447021485,-0.001195230407714798,0.32815362487792965,0.28741794628619943,0.9619665567501247,1
REACTOME_HEDGEHOG_ON_STATE,11,11,0.32695839447021485,-0.001195230407714798,0.32815362487792965,0.631101504741201,0.9619665567501247,1
REACTOME_NON_INTEGRIN_MEMBRANE_ECM_INTERACTIONS,8,8,0.3266317592906952,-0.0008090008544921479,0.32744076014518736,0.5164042275521427,0.9619665567501247,1
REACTOME_AGGREPHAGY,7,7,0.32695839447021485,-0.00040450042724607393,0.32736289489746095,0.6442451715597891,0.9619665567501247,1
REACTOME_DECTIN_1_MEDIATED_NONCANONICAL_NF_KB_SIGNALING,5,5,0.32695839447021485,-0.00040450042724607393,0.32736289489746095,0.49281424197838347,0.9619665567501247,1
REACTOME_IKK_COMPLEX_RECRUITMENT_MEDIATED_BY_RIP1,5,5,0.32695839447021485,-0.00040450042724607393,0.32736289489746095,0.6348472430239934,0.9619665567501247,1
REACTOME_PEXOPHAGY,5,5,0.32695839447021485,-0.00040450042724607393,0.32736289489746095,0.5200503356941291,0.9619665567501247,1
REACTOME_THE_ROLE_OF_GTSE1_IN_G2_M_PROGRESSION_AFTER_G2_CHECKPOINT,9,9,0.32695839447021485,-0.00040450042724607393,0.32736289489746095,0.4396989159627058,0.9619665567501247,1
REACTOME_GLYCOGEN_METABOLISM,8,8,0.3255916860961914,-0.001581459960937448,0.3271731460571288,0.43603561637665206,0.9619665567501247,1
REACTOME_GLYCOGEN_SYNTHESIS,6,6,0.3255916860961914,-0.001581459960937448,0.3271731460571288,0.33523656141773,0.9619665567501247,1
REACTOME_MYOCLONIC_EPILEPSY_OF_LAFORA,5,5,0.32422497772216796,-0.001195230407714798,0.32542020812988276,0.510750755207313,0.9619665567501247,1
REACTOME_EICOSANOID_LIGAND_BINDING_RECEPTORS,6,6,0.3144992437303067,-0.0008090008544921479,0.31530824458479884,0.32438438591165947,0.9619665567501247,1
REACTOME_ESTROGEN_DEPENDENT_NUCLEAR_EVENTS_DOWNSTREAM_OF_ESR_MEMBRANE_SIGNALING,8,8,0.3070724326372147,-0.0008090008544921479,0.3078814334917068,0.5558617552970229,0.9619665567501247,1
REACTOME_ASSEMBLY_OF_THE_HIV_VIRION,5,5,0.30656193012237554,-0.001195230407714798,0.30775716053009033,0.34845916990291287,0.9619665567501247,1
REACTOME_O_GLYCOSYLATION_OF_TSR_DOMAIN_CONTAINING_PROTEINS,6,6,-0.2931240618896484,1.018554687504114e-05,-0.29313424743652344,0.42526847147878366,0.9619665567501247,-1
REACTOME_SYNTHESIS_OF_VERY_LONG_CHAIN_FATTY_ACYL_COAS,5,5,0.2880955072402954,-0.001195230407714798,0.2892907376480102,0.3310044144459064,0.9619665567501247,1
REACTOME_INTERCONVERSION_OF_NUCLEOTIDE_DI_AND_TRIPHOSPHATES,10,10,0.2862668178844452,-0.001581459960937448,0.28784827784538264,0.4811614925732697,0.9619665567501247,1
REACTOME_RHOBTB2_GTPASE_CYCLE,5,5,0.2837068185424805,-0.00040450042724607393,0.2841113189697265,0.4255312572715939,0.9619665567501247,1
REACTOME_THE_ROLE_OF_NEF_IN_HIV_1_REPLICATION_AND_DISEASE_PATHOGENESIS,8,8,0.280549659280777,-0.0008090008544921479,0.28135866013526917,0.4509649443462986,0.9619665567501247,1
REACTOME_RHOQ_GTPASE_CYCLE,11,11,-0.27710083984374995,5.09277343752057e-06,-0.27710593261718747,0.37955704103972,0.9619665567501247,-1
REACTOME_MITOCHONDRIAL_TRNA_AMINOACYLATION,6,6,0.27267264030456545,-0.0008090008544921479,0.2734816411590576,0.4207339536046083,0.9619665567501247,1
REACTOME_EGR2_AND_SOX10_MEDIATED_INITIATION_OF_SCHWANN_CELL_MYELINATION,6,6,-0.27210355041503903,1.018554687504114e-05,-0.27211373596191407,0.5574325802961654,0.9619665567501247,-1
REACTOME_INTERLEUKIN_10_SIGNALING,19,19,0.26956098602294926,-0.001195230407714798,0.27075621643066405,0.325546902996631,0.9619665567501247,1
REACTOME_GROWTH_HORMONE_RECEPTOR_SIGNALING,6,6,0.26798158563137053,-0.0008090008544921479,0.2687905864858627,0.26128749911621685,0.9619665567501247,1
REACTOME_MAP3K8_TPL2_DEPENDENT_MAPK1_3_ACTIVATION,5,5,0.26601736419677735,-0.00040450042724607393,0.2664218646240234,0.5065509559191081,0.9619665567501247,1
REACTOME_PURINE_CATABOLISM,5,5,-0.264400888671875,0.000834441528320351,-0.26523533020019535,0.2961799563459949,0.9619665567501247,-1
REACTOME_TRNA_AMINOACYLATION,7,7,0.25821391891479495,-0.001195230407714798,0.25940914932250975,0.37199589822455115,0.9619665567501247,1
REACTOME_RHOH_GTPASE_CYCLE,5,5,-0.2551996215820312,5.09277343752057e-06,-0.2552047143554687,0.35635185324961843,0.9619665567501247,-1
REACTOME_RHOG_GTPASE_CYCLE,13,13,0.2527530751228333,-0.001195230407714798,0.2539483055305481,0.646928406365432,0.9619665567501247,1
REACTOME_TP53_REGULATES_METABOLIC_GENES,16,16,-0.2526090356445312,1.018554687504114e-05,-0.25261922119140623,0.36297257623852375,0.9619665567501247,-1
REACTOME_SULFUR_AMINO_ACID_METABOLISM,7,7,-0.2507272045898437,0.000834441528320351,-0.25156164611816406,0.4170420492608422,0.9619665567501247,-1
REACTOME_APC_CDC20_MEDIATED_DEGRADATION_OF_NEK2A,10,10,0.24723340330123905,-0.001581459960937448,0.2488148632621765,0.2901854984312765,0.9619665567501247,1
REACTOME_RAF_INDEPENDENT_MAPK1_3_ACTIVATION,6,6,-0.24679164794921876,1.018554687504114e-05,-0.2468018334960938,0.5394916871095763,0.9619665567501247,-1
REACTOME_APC_C_CDH1_MEDIATED_DEGRADATION_OF_CDC20_AND_OTHER_APC_C_CDH1_TARGETED_PROTEINS_IN_LATE_MITOSIS_EARLY_G1,12,12,0.24505221830368046,-0.001581459960937448,0.2466336782646179,0.26873937230054334,0.9619665567501247,1
REACTOME_ELASTIC_FIBRE_FORMATION,7,7,0.24169010967254642,-0.001195230407714798,0.24288534008026122,0.44050407110392975,0.9619665567501247,1
REACTOME_FORMATION_OF_THE_BETA_CATENIN_TCF_TRANSACTIVATING_COMPLEX,10,10,0.23748864950180057,-0.0008090008544921479,0.23829765035629272,0.6175960619829741,0.9619665567501247,1
REACTOME_INTERLEUKIN_37_SIGNALING,5,5,0.23544035736083987,-0.00040450042724607393,0.23584485778808595,0.4965418251274161,0.9619665567501247,1
REACTOME_ION_TRANSPORT_BY_P_TYPE_ATPASES,10,10,0.2338183450317383,-0.0008090008544921479,0.23462734588623044,0.4321238288424828,0.9619665567501247,1
REACTOME_DARPP_32_EVENTS,7,7,0.22947030258178713,-0.001195230407714798,0.23066553298950193,0.4428230477018497,0.9619665567501247,1
REACTOME_O_LINKED_GLYCOSYLATION,20,20,-0.2289990496826172,0.0016586975097656609,-0.23065774719238286,0.34856301271823964,0.9619665567501247,-1
REACTOME_TRANSCRIPTIONAL_REGULATION_BY_THE_AP_2_TFAP2_FAMILY_OF_TRANSCRIPTION_FACTORS,10,10,0.2285944512179494,-0.0017726953124999612,0.23036714653044937,0.3393942160027318,0.9619665567501247,1
REACTOME_PERK_REGULATES_GENE_EXPRESSION,9,9,0.2247042547607422,-0.0016770776367187046,0.22638133239746092,0.44205649253069745,0.9619665567501247,1
REACTOME_PLATELET_CALCIUM_HOMEOSTASIS,5,5,-0.21426365844726564,0.000834441528320351,-0.215098099975586,0.507389542969031,0.9619665567501247,-1
REACTOME_RHOB_GTPASE_CYCLE,14,14,-0.21341494384765625,0.0016586975097656609,-0.2150736413574219,0.2872065056142219,0.9619665567501247,-1
REACTOME_MITOCHONDRIAL_BIOGENESIS,16,16,0.21298061213016511,-0.001581459960937448,0.21456207209110256,0.3967929718527481,0.9619665567501247,1
REACTOME_TRANSCRIPTIONAL_ACTIVATION_OF_MITOCHONDRIAL_BIOGENESIS,12,12,0.21298061213016511,-0.001581459960937448,0.21456207209110256,0.5264534364132424,0.9619665567501247,1
REACTOME_TRNA_MODIFICATION_IN_THE_NUCLEUS_AND_CYTOSOL,10,10,0.21067502460002901,-0.0017726953124999612,0.21244771991252898,0.3892218785281968,0.9619665567501247,1
REACTOME_G_BETA_GAMMA_SIGNALLING_THROUGH_PI3KGAMMA,9,9,0.21096207916259768,-0.001195230407714798,0.21215730957031248,0.29277321332079487,0.9619665567501247,1
REACTOME_G_PROTEIN_ACTIVATION,9,9,0.21096207916259768,-0.001195230407714798,0.21215730957031248,0.30761244186618286,0.9619665567501247,1
REACTOME_SIGNAL_AMPLIFICATION,9,9,0.21096207916259768,-0.001195230407714798,0.21215730957031248,0.26541022797531066,0.9619665567501247,1
REACTOME_THROMBOXANE_SIGNALLING_THROUGH_TP_RECEPTOR,9,9,0.21096207916259768,-0.001195230407714798,0.21215730957031248,0.26541022797531066,0.9619665567501247,1
REACTOME_G0_AND_EARLY_G1,11,11,0.20997613388061526,-0.001195230407714798,0.21117136428833005,0.2595479545635462,0.9619665567501247,1
REACTOME_TRANSLESION_SYNTHESIS_BY_POLK,7,7,0.20997613388061526,-0.001195230407714798,0.21117136428833005,0.2738114507230561,0.9619665567501247,1
REACTOME_MATURATION_OF_SARS_COV_2_SPIKE_PROTEIN,10,10,-0.20849355346679688,0.0017224053955078311,-0.2102159588623047,0.3059511520926438,0.9619665567501247,-1
REACTOME_ION_CHANNEL_TRANSPORT,26,26,0.20822750994682315,-0.0017726953124999612,0.21000020525932311,0.32278078571656,0.9619665567501247,1
REACTOME_RHOF_GTPASE_CYCLE,10,10,0.20758562745094303,-0.001581459960937448,0.20916708741188048,0.5766950535149913,0.9619665567501247,1
REACTOME_FORMATION_OF_INCISION_COMPLEX_IN_GG_NER,15,15,-0.2083068957519531,0.000834441528320351,-0.20914133728027345,0.42205055029781546,0.9619665567501247,-1
REACTOME_FGFR2_MUTANT_RECEPTOR_ACTIVATION,6,6,-0.2086498968505859,0.0,-0.2086498968505859,0.23178713016871325,0.9619665567501247,-1
REACTOME_POTENTIAL_THERAPEUTICS_FOR_SARS,20,20,0.2059201913452149,-0.001581459960937448,0.20750165130615233,0.6200022002376846,0.9619665567501247,1
REACTOME_TRAF6_MEDIATED_NF_KB_ACTIVATION,8,8,-0.20494255615234375,1.018554687504114e-05,-0.2049527416992188,0.26009011332502646,0.9619665567501247,-1
REACTOME_RUNX1_INTERACTS_WITH_CO_FACTORS_WHOSE_PRECISE_EFFECT_ON_RUNX1_TARGETS_IS_NOT_KNOWN,10,10,-0.20227008056640622,1.018554687504114e-05,-0.20228026611328126,0.37534847492398493,0.9619665567501247,-1
REACTOME_FOXO_MEDIATED_TRANSCRIPTION_OF_CELL_DEATH_GENES,8,8,-0.1988788098144531,1.018554687504114e-05,-0.19888899536132815,0.49539767030129517,0.9619665567501247,-1
REACTOME_N_GLYCAN_ANTENNAE_ELONGATION_IN_THE_MEDIAL_TRANS_GOLGI,7,7,-0.19534839111328123,5.09277343752057e-06,-0.19535348388671875,0.5375517079943414,0.9619665567501247,-1
REACTOME_DISEASES_ASSOCIATED_WITH_GLYCOSYLATION_PRECURSOR_BIOSYNTHESIS,6,6,-0.1944030645751953,1.018554687504114e-05,-0.19441325012207034,0.3563316215594735,0.9619665567501247,-1
REACTOME_IRE1ALPHA_ACTIVATES_CHAPERONES,12,12,-0.19412013488769525,1.018554687504114e-05,-0.1941303204345703,0.4526370149850978,0.9619665567501247,-1
REACTOME_PEROXISOMAL_LIPID_METABOLISM,10,10,-0.19120685852050778,0.0016586975097656609,-0.19286555603027344,0.5207592087122241,0.9619665567501247,-1
REACTOME_SYNTHESIS_OF_ACTIVE_UBIQUITIN_ROLES_OF_E1_AND_E2_ENZYMES,7,7,0.18894572875976565,-0.001195230407714798,0.19014095916748044,0.456538925386158,0.9619665567501247,1
REACTOME_COMMON_PATHWAY_OF_FIBRIN_CLOT_FORMATION,5,5,0.18742000335693362,-0.000790729980468724,0.18821073333740235,0.5708474045586251,0.9619665567501247,1
REACTOME_RUNX2_REGULATES_OSTEOBLAST_DIFFERENTIATION,6,6,-0.18583390869140626,1.018554687504114e-05,-0.1858440942382813,0.6407486511900607,0.9619665567501247,-1
REACTOME_G_ALPHA_S_SIGNALLING_EVENTS,26,26,0.18256666370391847,-0.001581459960937448,0.18414812366485592,0.49300201052494697,0.9619665567501247,1
REACTOME_REGULATION_OF_SIGNALING_BY_CBL,9,9,0.1814717168426514,-0.001195230407714798,0.1826669472503662,0.27776163404638743,0.9619665567501247,1
REACTOME_SUMOYLATION_OF_INTRACELLULAR_RECEPTORS,8,8,0.1814725836181641,-0.0008090008544921479,0.18228158447265624,0.5692038020615805,0.9619665567501247,1
REACTOME_RHOC_GTPASE_CYCLE,16,16,-0.17847476989746092,0.0016586975097656609,-0.18013346740722658,0.3920253068360796,0.9619665567501247,-1
REACTOME_AMINO_ACIDS_REGULATE_MTORC1,8,8,-0.1746795080566406,1.018554687504114e-05,-0.17468969360351563,0.6199506449203648,0.9619665567501247,-1
REACTOME_SCF_SKP2_MEDIATED_DEGRADATION_OF_P27_P21,8,8,0.17148167564392092,-0.001581459960937448,0.17306313560485836,0.2558538797102686,0.9619665567501247,1
REACTOME_TRANSCRIPTIONAL_REGULATION_BY_RUNX2,16,16,0.17148167564392092,-0.001581459960937448,0.17306313560485836,0.35398339327945894,0.9619665567501247,1
REACTOME_SIGNALING_BY_FGFR3,8,8,0.17078900131225588,-0.001581459960937448,0.17237046127319333,0.32974797343685636,0.9619665567501247,1
REACTOME_NEF_MEDIATES_DOWN_MODULATION_OF_CELL_SURFACE_RECEPTORS_BY_RECRUITING_THEM_TO_CLATHRIN_ADAPTERS,5,5,0.16925019393920898,-0.00040450042724607393,0.16965469436645506,0.6109119617100425,0.9619665567501247,1
REACTOME_POSTMITOTIC_NUCLEAR_PORE_COMPLEX_NPC_REFORMATION,7,7,0.16823108398437503,-0.001195230407714798,0.16942631439208983,0.32857461257267695,0.9619665567501247,1
REACTOME_DISEASES_ASSOCIATED_WITH_N_GLYCOSYLATION_OF_PROTEINS,6,6,-0.16863379028320308,1.018554687504114e-05,-0.16864397583007812,0.5229985816495708,0.9619665567501247,-1
REACTOME_ATF4_ACTIVATES_GENES_IN_RESPONSE_TO_ENDOPLASMIC_RETICULUM_STRESS,8,8,0.16587286712646487,-0.001581459960937448,0.16745432708740232,0.5769947783124577,0.9619665567501247,1
REACTOME_MRNA_DECAY_BY_3_TO_5_EXORIBONUCLEASE,8,8,-0.16679172058105468,1.018554687504114e-05,-0.16680190612792972,0.439123078787439,0.9619665567501247,-1
REACTOME_DAP12_SIGNALING,12,12,0.16346833801269534,-0.001581459960937448,0.16504979797363278,0.30031561338263524,0.9619665567501247,1
REACTOME_GAP_FILLING_DNA_REPAIR_SYNTHESIS_AND_LIGATION_IN_GG_NER,10,10,0.15956581779479984,-0.001581459960937448,0.16114727775573728,0.23729960507083225,0.9619665567501247,1
REACTOME_RESPONSE_OF_EIF2AK4_GCN2_TO_AMINO_ACID_DEFICIENCY,8,8,0.15864263214111332,-0.0008090008544921479,0.15945163299560547,0.6064510869790174,0.9619665567501247,1
REACTOME_METAL_ION_SLC_TRANSPORTERS,6,6,-0.15926001037597654,1.018554687504114e-05,-0.15927019592285158,0.532393053556897,0.9619665567501247,-1
REACTOME_CDC6_ASSOCIATION_WITH_THE_ORC_ORIGIN_COMPLEX,5,5,0.1575660452270508,-0.00040450042724607393,0.15797054565429688,0.5833247380692517,0.9619665567501247,1
REACTOME_G1_S_SPECIFIC_TRANSCRIPTION,13,13,0.1575660452270508,-0.00040450042724607393,0.15797054565429688,0.567691117065951,0.9619665567501247,1
REACTOME_TRANSCRIPTION_OF_E2F_TARGETS_UNDER_NEGATIVE_CONTROL_BY_DREAM_COMPLEX,9,9,0.1575660452270508,-0.00040450042724607393,0.15797054565429688,0.5857247775923782,0.9619665567501247,1
REACTOME_COOPERATION_OF_PDCL_PHLP1_AND_TRIC_CCT_IN_G_PROTEIN_BETA_FOLDING,11,11,0.15644503967285156,-0.001195230407714798,0.15764027008056636,0.3032914509930257,0.9619665567501247,1
REACTOME_INTERLEUKIN_12_FAMILY_SIGNALING,11,11,0.15644503967285156,-0.001195230407714798,0.15764027008056636,0.5842417347768291,0.9619665567501247,1
REACTOME_ADRENALINE_NORADRENALINE_INHIBITS_INSULIN_SECRETION,9,9,0.1561970692443848,-0.001195230407714798,0.1573922996520996,0.35636113439278216,0.9619665567501247,1
REACTOME_PTEN_REGULATION,26,26,-0.15705190124511714,1.018554687504114e-05,-0.15706208679199218,0.29855345047909243,0.9619665567501247,-1
REACTOME_TNFR2_NON_CANONICAL_NF_KB_PATHWAY,25,25,0.1521797225952149,-0.001195230407714798,0.1533749530029297,0.47767945658540745,0.9619665567501247,1
REACTOME_MAP2K_AND_MAPK_ACTIVATION,8,8,-0.15147114318847654,0.0016586975097656609,-0.1531298406982422,0.31379803193947053,0.9619665567501247,-1
REACTOME_SIGNALING_BY_MODERATE_KINASE_ACTIVITY_BRAF_MUTANTS,8,8,-0.15147114318847654,1.018554687504114e-05,-0.15148132873535158,0.6133675202215543,0.9619665567501247,-1
REACTOME_INOSITOL_PHOSPHATE_METABOLISM,13,13,-0.1487266754150391,0.000834441528320351,-0.14956111694335944,0.41562849318704587,0.9619665567501247,-1
REACTOME_E3_UBIQUITIN_LIGASES_UBIQUITINATE_TARGET_PROTEINS,14,14,0.1476657335853577,-0.001581459960937448,0.14924719354629515,0.34691651289555825,0.9619665567501247,1
REACTOME_TRANSCRIPTIONAL_REGULATION_BY_MECP2,15,15,-0.1481593469238281,5.09277343752057e-06,-0.14816443969726562,0.5762794168062266,0.9619665567501247,-1
REACTOME_RND3_GTPASE_CYCLE,8,8,0.14599610009193423,-0.0017726953124999612,0.1477687954044342,0.2202013263427535,0.9619665567501247,1
REACTOME_RND1_GTPASE_CYCLE,8,8,0.14599610009193423,-0.001581459960937448,0.14757756005287168,0.26233834590442034,0.9619665567501247,1
REACTOME_EUKARYOTIC_TRANSLATION_ELONGATION,5,5,0.14646788208007816,-0.00040450042724607393,0.14687238250732423,0.49157486855536603,0.9619665567501247,1
REACTOME_SRP_DEPENDENT_COTRANSLATIONAL_PROTEIN_TARGETING_TO_MEMBRANE,9,9,0.14646788208007816,-0.00040450042724607393,0.14687238250732423,0.30737681613930945,0.9619665567501247,1
REACTOME_TP53_REGULATES_TRANSCRIPTION_OF_DNA_REPAIR_GENES,16,16,-0.14371302307128908,0.0016586975097656609,-0.14537172058105474,0.27486829265364376,0.9619665567501247,-1
REACTOME_NEGATIVE_REGULATION_OF_MAPK_PATHWAY,12,12,-0.14474066467285152,1.018554687504114e-05,-0.14475085021972656,0.5377632938917276,0.9619665567501247,-1
REACTOME_CHOLESTEROL_BIOSYNTHESIS,11,11,-0.14246560180664064,0.001690551452636746,-0.1441561532592774,0.4578335467864755,0.9619665567501247,-1
REACTOME_RESPONSE_TO_ELEVATED_PLATELET_CYTOSOLIC_CA2,38,38,0.14161927734375004,-0.002502039794921862,0.1441213171386719,0.44051353458575937,0.9619665567501247,1
REACTOME_NUCLEAR_RECEPTOR_TRANSCRIPTION_PATHWAY,12,12,0.14080455585479737,-0.001581459960937448,0.14238601581573482,0.5264534364132424,0.9619665567501247,1
REACTOME_FLT3_SIGNALING,14,14,0.1404558506011963,-0.0017726953124999612,0.14222854591369627,0.3675413235669357,0.9619665567501247,1
REACTOME_HEDGEHOG_OFF_STATE,18,18,0.13945201396942142,-0.001581459960937448,0.14103347393035887,0.5986684469006482,0.9619665567501247,1
REACTOME_NETRIN_1_SIGNALING,13,13,0.13694321594238285,-0.0016770776367187046,0.13862029357910155,0.27184442800431974,0.9619665567501247,1
REACTOME_DECTIN_2_FAMILY,5,5,0.13711016807556153,-0.001195230407714798,0.13830539848327633,0.431674862968663,0.9619665567501247,1
REACTOME_MRNA_DECAY_BY_5_TO_3_EXORIBONUCLEASE,5,5,0.13731746093750002,-0.00040450042724607393,0.1377219613647461,0.5281474760076014,0.9619665567501247,1
REACTOME_REGULATION_OF_INSULIN_LIKE_GROWTH_FACTOR_IGF_TRANSPORT_AND_UPTAKE_BY_INSULIN_LIKE_GROWTH_FACTOR_BINDING_PROTEINS_IGFBPS,24,24,0.13680830223083498,-0.0008090008544921479,0.13761730308532713,0.45961083989574925,0.9619665567501247,1
REACTOME_DEPOLYMERISATION_OF_THE_NUCLEAR_LAMINA,6,6,0.13547788033485417,-0.001581459960937448,0.13705934029579162,0.27235613127835506,0.9619665567501247,1
REACTOME_CLEC7A_DECTIN_1_INDUCES_NFAT_ACTIVATION,5,5,-0.1359143237304687,0.000834441528320351,-0.13674876525878904,0.5277198065166773,0.9619665567501247,-1
REACTOME_CYCLIN_A_CDK2_ASSOCIATED_EVENTS_AT_S_PHASE_ENTRY,16,16,0.13495832214355472,-0.001581459960937448,0.13653978210449216,0.2905922933970573,0.9619665567501247,1
REACTOME_BBSOME_MEDIATED_CARGO_TARGETING_TO_CILIUM,9,9,-0.1356555834960937,0.000834441528320351,-0.13649002502441404,0.44353364420268104,0.9619665567501247,-1
REACTOME_FCERI_MEDIATED_MAPK_ACTIVATION,10,10,-0.1355017608642578,0.0,-0.1355017608642578,0.5037577320228736,0.9619665567501247,-1
REACTOME_ASSOCIATION_OF_TRIC_CCT_WITH_TARGET_PROTEINS_DURING_BIOSYNTHESIS,8,8,0.13468399719238283,-0.0008090008544921479,0.13549299804687498,0.34110115134958563,0.9619665567501247,1
REACTOME_MITOCHONDRIAL_IRON_SULFUR_CLUSTER_BIOGENESIS,5,5,-0.13379761993408196,0.000834441528320351,-0.1346320614624023,0.5673045390396952,0.9619665567501247,-1
REACTOME_SUMOYLATION_OF_CHROMATIN_ORGANIZATION_PROTEINS,20,20,-0.13208629974365232,1.018554687504114e-05,-0.13209648529052737,0.5335968757058566,0.9619665567501247,-1
REACTOME_FACTORS_INVOLVED_IN_MEGAKARYOCYTE_DEVELOPMENT_AND_PLATELET_PRODUCTION,37,37,0.1303675563049317,-0.0016770776367187046,0.1320446339416504,0.28027182352298297,0.9619665567501247,1
REACTOME_RNA_POLYMERASE_II_TRANSCRIBES_SNRNA_GENES,23,23,-0.13020635742187497,0.001690551452636746,-0.13189690887451172,0.5085869928372201,0.9619665567501247,-1
REACTOME_HIV_TRANSCRIPTION_ELONGATION,10,10,-0.13180664306640621,1.018554687504114e-05,-0.13181682861328126,0.3670226385122868,0.9619665567501247,-1
REACTOME_FATTY_ACYL_COA_BIOSYNTHESIS,10,10,0.13059655866622927,-0.0008090008544921479,0.13140555952072142,0.5265939957309482,0.9619665567501247,1
REACTOME_MRNA_SPLICING_MINOR_PATHWAY,14,14,-0.13135951354980469,1.018554687504114e-05,-0.13136969909667973,0.3343827509808055,0.9619665567501247,-1
REACTOME_RHOJ_GTPASE_CYCLE,10,10,-0.13124061584472652,0.0,-0.13124061584472652,0.447481283224352,0.9619665567501247,-1
REACTOME_INTERLEUKIN_1_FAMILY_SIGNALING,29,29,0.12666189453125004,-0.0016770776367187046,0.12833897216796875,0.2656409596036544,0.9619665567501247,1
REACTOME_SUMOYLATION_OF_DNA_DAMAGE_RESPONSE_AND_REPAIR_PROTEINS,26,26,-0.12786830139160155,1.018554687504114e-05,-0.1278784869384766,0.23852792792119393,0.9619665567501247,-1
REACTOME_PURINERGIC_SIGNALING_IN_LEISHMANIASIS_INFECTION,9,9,0.12666189453125004,-0.001195230407714798,0.12785712493896484,0.5039317917477388,0.9619665567501247,1
REACTOME_TAK1_ACTIVATES_NFKB_BY_PHOSPHORYLATION_AND_ACTIVATION_OF_IKKS_COMPLEX,9,9,0.12666189453125004,-0.001195230407714798,0.12785712493896484,0.5864086904471073,0.9619665567501247,1
REACTOME_FCGR3A_MEDIATED_IL10_SYNTHESIS,12,12,0.12608424236297608,-0.001581459960937448,0.12766570232391353,0.35808433779473636,0.9619665567501247,1
REACTOME_ERBB2_ACTIVATES_PTK6_SIGNALING,5,5,-0.12624750061035156,5.09277343752057e-06,-0.12625259338378908,0.43903304851025915,0.9619665567501247,-1
REACTOME_ADP_SIGNALLING_THROUGH_P2Y_PURINOCEPTOR_1,8,8,0.1253293836975098,-0.0008090008544921479,0.12613838455200194,0.4162630428593042,0.9619665567501247,1
REACTOME_ADP_SIGNALLING_THROUGH_P2Y_PURINOCEPTOR_12,8,8,0.1253293836975098,-0.0008090008544921479,0.12613838455200194,0.4162630428593042,0.9619665567501247,1
REACTOME_G_BETA_GAMMA_SIGNALLING_THROUGH_CDC42,8,8,0.1253293836975098,-0.0008090008544921479,0.12613838455200194,0.4162630428593042,0.9619665567501247,1
REACTOME_G_PROTEIN_BETA_GAMMA_SIGNALLING,10,10,0.1253293836975098,-0.0008090008544921479,0.12613838455200194,0.3495034638610498,0.9619665567501247,1
REACTOME_PROSTACYCLIN_SIGNALLING_THROUGH_PROSTACYCLIN_RECEPTOR,8,8,0.1253293836975098,-0.0008090008544921479,0.12613838455200194,0.4162630428593042,0.9619665567501247,1
REACTOME_MISMATCH_REPAIR,5,5,0.12391590698242189,-0.0016770776367187046,0.1255929846191406,0.33665120036938645,0.9619665567501247,1
REACTOME_EXPORT_OF_VIRAL_RIBONUCLEOPROTEINS_FROM_NUCLEUS,10,10,0.12302584640502934,-0.001581459960937448,0.12460730636596679,0.2789357612166513,0.9619665567501247,1
REACTOME_NS1_MEDIATED_EFFECTS_ON_HOST_PATHWAYS,12,12,0.12302584640502934,-0.001581459960937448,0.12460730636596679,0.2500045433959057,0.9619665567501247,1
REACTOME_SUMOYLATION_OF_DNA_REPLICATION_PROTEINS,12,12,0.12302584640502934,-0.001581459960937448,0.12460730636596679,0.31377775496664706,0.9619665567501247,1
REACTOME_INHIBITION_OF_THE_PROTEOLYTIC_ACTIVITY_OF_APC_C_REQUIRED_FOR_THE_ONSET_OF_ANAPHASE_BY_MITOTIC_SPINDLE_CHECKPOINT_COMPONENTS,8,8,0.12285723014831547,-0.0008090008544921479,0.12366623100280762,0.6309877535124719,0.9619665567501247,1
REACTOME_MHC_CLASS_II_ANTIGEN_PRESENTATION,32,32,-0.12100959350585933,0.0025602459716796977,-0.12356983947753902,0.239318822797717,0.9619665567501247,-1
REACTOME_PD_1_SIGNALING,12,12,-0.12100959350585933,0.0016586975097656609,-0.12266829101562499,0.6518319662200582,0.9619665567501247,-1
REACTOME_SLC_TRANSPORTER_DISORDERS,19,19,-0.12091740356445307,0.001690551452636746,-0.12260795501708982,0.23021533652656212,0.9619665567501247,-1
REACTOME_MITOCHONDRIAL_TRANSLATION,24,24,0.11770792999267582,-0.001581459960937448,0.11928938995361327,0.29594099592294043,0.9619665567501247,1
REACTOME_TRANSPORT_OF_VITAMINS_NUCLEOSIDES_AND_RELATED_MOLECULES,9,9,-0.11479393432617185,0.001690551452636746,-0.1164844857788086,0.44294244543277106,0.9619665567501247,-1
REACTOME_HCMV_INFECTION,24,24,0.11432932006835941,-0.001581459960937448,0.11591078002929686,0.6527222662646159,0.9619665567501247,1
REACTOME_NR1H2_AND_NR1H3_MEDIATED_SIGNALING,12,12,-0.11554620086669917,0.0,-0.11554620086669917,0.31668363299066393,0.9619665567501247,-1
REACTOME_SIGNALING_BY_PTK6,17,17,0.11235059906005862,-0.0021373675537109116,0.11448796661376953,0.5832087429933036,0.9619665567501247,1
REACTOME_ABERRANT_REGULATION_OF_MITOTIC_G1_S_TRANSITION_IN_CANCER_DUE_TO_RB1_DEFECTS,7,7,0.11235059906005862,-0.001195230407714798,0.11354582946777342,0.3924398282307743,0.9619665567501247,1
REACTOME_CYCLIN_D_ASSOCIATED_EVENTS_IN_G1,17,17,0.11235059906005862,-0.001195230407714798,0.11354582946777342,0.38644692345734677,0.9619665567501247,1
REACTOME_TRANSCRIPTIONAL_REGULATION_BY_RUNX3,15,15,0.11235059906005862,-0.001195230407714798,0.11354582946777342,0.3222467112293169,0.9619665567501247,1
REACTOME_OPIOID_SIGNALLING,22,22,0.11189486675262453,-0.001581459960937448,0.11347632671356198,0.2584445757696162,0.9619665567501247,1
REACTOME_SYNTHESIS_OF_SUBSTRATES_IN_N_GLYCAN_BIOSYTHESIS,16,16,-0.11302888763427735,1.018554687504114e-05,-0.11303907318115239,0.45781726707076575,0.9619665567501247,-1
REACTOME_FATTY_ACID_METABOLISM,37,37,-0.1111098596191406,0.001690551452636746,-0.11280041107177735,0.607153253981801,0.9619665567501247,-1
REACTOME_DDX58_IFIH1_MEDIATED_INDUCTION_OF_INTERFERON_ALPHA_BETA,22,22,0.11073643859863286,-0.001581459960937448,0.1123178985595703,0.32854978278904046,0.9619665567501247,1
REACTOME_SELENOAMINO_ACID_METABOLISM,12,12,0.11068606170654299,-0.001581459960937448,0.11226752166748044,0.5127663662008447,0.9619665567501247,1
REACTOME_CLASS_B_2_SECRETIN_FAMILY_RECEPTORS,18,18,0.11036848518371584,-0.0008090008544921479,0.11117748603820798,0.32817485385546363,0.9619665567501247,1
REACTOME_POST_CHAPERONIN_TUBULIN_FOLDING_PATHWAY,5,5,-0.11024056030273438,0.000834441528320351,-0.11107500183105473,0.3636501003328035,0.9619665567501247,-1
REACTOME_HDR_THROUGH_HOMOLOGOUS_RECOMBINATION_HRR,21,21,0.10915550170898441,-0.0016770776367187046,0.11083257934570312,0.3590003613037398,0.9619665567501247,1
REACTOME_PROCESSIVE_SYNTHESIS_ON_THE_LAGGING_STRAND,7,7,0.10915550170898441,-0.0016770776367187046,0.11083257934570312,0.6096853857330649,0.9619665567501247,1
REACTOME_REGULATION_OF_TP53_ACTIVITY_THROUGH_PHOSPHORYLATION,23,23,0.10915550170898441,-0.0016770776367187046,0.11083257934570312,0.39132611880586743,0.9619665567501247,1
REACTOME_MITOTIC_G1_PHASE_AND_G1_S_TRANSITION,39,39,0.10915550170898441,-0.001195230407714798,0.11035073211669921,0.2937382741214175,0.9619665567501247,1
REACTOME_SLC_MEDIATED_TRANSMEMBRANE_TRANSPORT,36,36,-0.10753893676757809,0.0025602459716796977,-0.11009918273925778,0.26598208827761316,0.9619665567501247,-1
REACTOME_METABOLISM_OF_VITAMINS_AND_COFACTORS,40,40,-0.10810143432617186,0.0016586975097656609,-0.10976013183593752,0.5334456256931436,0.9619665567501247,-1
REACTOME_DNA_REPLICATION_PRE_INITIATION,19,19,0.10915550170898441,-0.00040450042724607393,0.10956000213623049,0.6316000148586127,0.9619665567501247,1
REACTOME_TRANSLESION_SYNTHESIS_BY_POLH,9,9,0.10915550170898441,-0.00040450042724607393,0.10956000213623049,0.5109362597636536,0.9619665567501247,1
REACTOME_DEADENYLATION_DEPENDENT_MRNA_DECAY,16,16,-0.10941972961425783,1.018554687504114e-05,-0.10942991516113287,0.4971549976164533,0.9619665567501247,-1
REACTOME_TRANSCRIPTIONAL_REGULATION_BY_E2F6,14,14,-0.10844523986816407,1.018554687504114e-05,-0.10845542541503911,0.48417385175077965,0.9619665567501247,-1
REACTOME_EUKARYOTIC_TRANSLATION_INITIATION,14,14,-0.10799329284667963,1.018554687504114e-05,-0.10800347839355467,0.5317114219390937,0.9619665567501247,-1
REACTOME_TRANSCRIPTIONAL_REGULATION_OF_WHITE_ADIPOCYTE_DIFFERENTIATION,22,22,0.10491796463012698,-0.002502039794921862,0.10742000442504884,0.2603299718124753,0.9619665567501247,1
REACTOME_THE_CITRIC_ACID_TCA_CYCLE_AND_RESPIRATORY_ELECTRON_TRANSPORT,28,28,-0.10370606628417967,0.0016586975097656609,-0.10536476379394533,0.4305612963707738,0.9619665567501247,-1
REACTOME_SUMOYLATION_OF_SUMOYLATION_PROTEINS,10,10,0.103583434753418,-0.001581459960937448,0.10516489471435544,0.4968608271713406,0.9619665567501247,1
REACTOME_PROCESSIVE_SYNTHESIS_ON_THE_C_STRAND_OF_THE_TELOMERE,10,10,0.1008419439697266,-0.003919136352539043,0.10476108032226564,0.2708495691064603,0.9619665567501247,1
REACTOME_DISORDERS_OF_TRANSMEMBRANE_TRANSPORTERS,30,30,-0.10169198608398433,0.0017224053955078311,-0.10341439147949216,0.5509296247809337,0.9619665567501247,-1
REACTOME_PEPTIDE_HORMONE_METABOLISM,12,12,0.10231843978881838,-0.0008090008544921479,0.10312744064331053,0.21997956811746944,0.9619665567501247,1
REACTOME_LAGGING_STRAND_SYNTHESIS,10,10,0.1008419439697266,-0.001581459960937448,0.10242340393066404,0.6373323786671105,0.9619665567501247,1
REACTOME_FORMATION_OF_RNA_POL_II_ELONGATION_COMPLEX,16,16,-0.10140210510253905,1.018554687504114e-05,-0.1014122906494141,0.6007809787030627,0.9619665567501247,-1
REACTOME_INTEGRATION_OF_ENERGY_METABOLISM,24,24,0.09794687873840335,-0.001581459960937448,0.0995283386993408,0.4100680718899694,0.9619665567501247,1
REACTOME_DEGRADATION_OF_GLI1_BY_THE_PROTEASOME,7,7,0.09481098266601568,-0.001195230407714798,0.09600621307373047,0.6019422974913732,0.9619665567501247,1
REACTOME_EFFECTS_OF_PIP2_HYDROLYSIS,7,7,-0.09479182250976564,0.000834441528320351,-0.095626264038086,0.5456466389799927,0.9619665567501247,-1
REACTOME_NEGATIVE_REGULATION_OF_FGFR1_SIGNALING,5,5,-0.09468892944335933,5.09277343752057e-06,-0.09469402221679685,0.5646539093001938,0.9619665567501247,-1
REACTOME_NEGATIVE_REGULATION_OF_FGFR2_SIGNALING,5,5,-0.09468892944335933,5.09277343752057e-06,-0.09469402221679685,0.5646539093001938,0.9619665567501247,-1
REACTOME_DNA_REPLICATION,35,35,0.09252838623046877,-0.0016770776367187046,0.09420546386718748,0.5536662802818628,0.9619665567501247,1
REACTOME_G_ALPHA_I_SIGNALLING_EVENTS,79,79,0.09242906921386723,-0.0016770776367187046,0.09410614685058594,0.23300272721772708,0.9619665567501247,1
REACTOME_ACTIVATION_OF_THE_PRE_REPLICATIVE_COMPLEX,12,12,-0.09364097747802733,1.018554687504114e-05,-0.09365116302490237,0.6413125539744463,0.9619665567501247,-1
REACTOME_INTRAFLAGELLAR_TRANSPORT,15,15,-0.09153723876953118,0.001690551452636746,-0.09322779022216793,0.5193060421712445,0.9619665567501247,-1
REACTOME_PKMTS_METHYLATE_HISTONE_LYSINES,9,9,-0.09229368774414065,0.000834441528320351,-0.093128129272461,0.49729328201004563,0.9619665567501247,-1
REACTOME_REGULATION_OF_RUNX1_EXPRESSION_AND_ACTIVITY,6,6,0.0918007595062256,-0.0008090008544921479,0.09260976036071775,0.5875203400758652,0.9619665567501247,1
REACTOME_SIGNALING_BY_NOTCH4,6,6,0.09106487594604495,0.0,0.09106487594604495,0.6318154349290748,0.9619665567501247,1
REACTOME_SIGNALING_BY_THE_B_CELL_RECEPTOR_BCR,24,24,-0.09100461791992187,1.018554687504114e-05,-0.09101480346679691,0.6067451681392553,0.9619665567501247,-1
REACTOME_TRANSLATION_OF_SARS_COV_2_STRUCTURAL_PROTEINS,16,16,-0.08917933609008788,0.0016586975097656609,-0.09083803359985354,0.48938070175158266,0.9619665567501247,-1
REACTOME_DNA_DOUBLE_STRAND_BREAK_RESPONSE,8,8,-0.08996284118652342,1.018554687504114e-05,-0.08997302673339846,0.6484388810940729,0.9619665567501247,-1
REACTOME_PROTEIN_UBIQUITINATION,19,19,0.08828714538574223,-0.0016770776367187046,0.08996422302246093,0.41284475366033946,0.9619665567501247,1
REACTOME_ROLE_OF_LAT2_NTAL_LAB_ON_CALCIUM_MOBILIZATION,6,6,-0.08963556579589838,1.018554687504114e-05,-0.08964575134277342,0.4200387331807183,0.9619665567501247,-1
REACTOME_ONCOGENE_INDUCED_SENESCENCE,12,12,0.08775546409606935,-0.0017726953124999612,0.08952815940856931,0.500361942618827,0.9619665567501247,1
REACTOME_SYNTHESIS_OF_GLYCOSYLPHOSPHATIDYLINOSITOL_GPI,7,7,0.08770809631347659,-0.001195230407714798,0.08890332672119139,0.36572057930177176,0.9619665567501247,1
REACTOME_SIGNALING_BY_NOTCH,35,35,0.08682474521636968,-0.0016770776367187046,0.08850182285308839,0.60233537809173,0.9619665567501247,1
REACTOME_SARS_COV_1_INFECTION,12,12,0.0876711562871933,0.0,0.0876711562871933,0.5267346949975683,0.9619665567501247,1
REACTOME_GOLGI_TO_ER_RETROGRADE_TRANSPORT,24,24,0.08590355354309084,-0.001581459960937448,0.08748501350402829,0.4551740148048896,0.9619665567501247,1
REACTOME_TRANSLATION,52,52,0.08254783386230471,-0.001581459960937448,0.08412929382324216,0.49348699983723354,0.9619665567501247,1
REACTOME_TRANSCRIPTIONAL_REGULATION_BY_VENTX,13,13,0.08138329391479493,-0.001195230407714798,0.08257852432250973,0.629481773724194,0.9619665567501247,1
REACTOME_RAC1_GTPASE_CYCLE,34,34,0.08058600433349611,-0.0017726953124999612,0.08235869964599607,0.3889496276633826,0.9619665567501247,1
REACTOME_RAB_REGULATION_OF_TRAFFICKING,25,25,-0.08006230590820312,0.000834441528320351,-0.08089674743652348,0.22714688833442398,0.9619665567501247,-1
REACTOME_NUCLEAR_ENVELOPE_BREAKDOWN,15,15,0.07782060882568365,-0.0021373675537109116,0.07995797637939456,0.2431312781014262,0.9619665567501247,1
REACTOME_CLASS_I_PEROXISOMAL_MEMBRANE_PROTEIN_IMPORT,6,6,0.07747536376953129,-0.001581459960937448,0.07905682373046874,0.6309672855058494,0.9619665567501247,1
REACTOME_INTERACTIONS_OF_REV_WITH_HOST_CELLULAR_PROTEINS,9,9,0.07782060882568365,-0.001195230407714798,0.07901583923339844,0.5526759554285126,0.9619665567501247,1
REACTOME_INTERACTIONS_OF_VPR_WITH_HOST_CELLULAR_PROTEINS,11,11,0.07782060882568365,-0.001195230407714798,0.07901583923339844,0.49714097449764216,0.9619665567501247,1
REACTOME_NUCLEAR_ENVELOPE_NE_REASSEMBLY,15,15,0.07782060882568365,-0.001195230407714798,0.07901583923339844,0.4378188692868631,0.9619665567501247,1
REACTOME_NUCLEAR_IMPORT_OF_REV_PROTEIN,9,9,0.07782060882568365,-0.001195230407714798,0.07901583923339844,0.5526759554285126,0.9619665567501247,1
REACTOME_NUCLEAR_PORE_COMPLEX_NPC_DISASSEMBLY,9,9,0.07782060882568365,-0.001195230407714798,0.07901583923339844,0.5526759554285126,0.9619665567501247,1
REACTOME_REGULATION_OF_GLUCOKINASE_BY_GLUCOKINASE_REGULATORY_PROTEIN,9,9,0.07782060882568365,-0.001195230407714798,0.07901583923339844,0.5526759554285126,0.9619665567501247,1
REACTOME_TRANSPORT_OF_THE_SLBP_DEPENDANT_MATURE_MRNA,9,9,0.07782060882568365,-0.001195230407714798,0.07901583923339844,0.5526759554285126,0.9619665567501247,1
REACTOME_HIV_INFECTION,44,44,0.0763689183044434,-0.002502039794921862,0.07887095809936526,0.3049730394363114,0.9619665567501247,1
REACTOME_VIRAL_MESSENGER_RNA_SYNTHESIS,13,13,0.07491722778320314,-0.0016770776367187046,0.07659430541992185,0.6128205515950855,0.9619665567501247,1
REACTOME_DOWNREGULATION_OF_SMAD2_3_SMAD4_TRANSCRIPTIONAL_ACTIVITY,8,8,-0.07648533020019527,0.0,-0.07648533020019527,0.5873379373931934,0.9619665567501247,-1
REACTOME_REGULATION_OF_EXPRESSION_OF_SLITS_AND_ROBOS,18,18,0.07564538269042972,-0.0008090008544921479,0.07645438354492187,0.5473868670865708,0.9619665567501247,1
REACTOME_NEGATIVE_EPIGENETIC_REGULATION_OF_RRNA_EXPRESSION,14,14,0.07428886535644533,-0.001581459960937448,0.07587032531738278,0.4378613104390455,0.9619665567501247,1
REACTOME_BIOSYNTHESIS_OF_THE_N_GLYCAN_PRECURSOR_DOLICHOL_LIPID_LINKED_OLIGOSACCHARIDE_LLO_AND_TRANSFER_TO_A_NASCENT_PROTEIN,22,22,-0.07494472015380857,1.018554687504114e-05,-0.07495490570068361,0.6360022505866227,0.9619665567501247,-1
REACTOME_DISEASES_OF_DNA_REPAIR,10,10,-0.0729716845703125,0.0,-0.0729716845703125,0.465159527340689,0.9619665567501247,-1
REACTOME_PCNA_DEPENDENT_LONG_PATCH_BASE_EXCISION_REPAIR,10,10,0.07202533584594728,-0.0008090008544921479,0.07283433670043943,0.6212554059043768,0.9619665567501247,1
REACTOME_GPCR_LIGAND_BINDING,92,92,0.06982532165527347,-0.0017726953124999612,0.07159801696777343,0.2259576038428961,0.9619665567501247,1
REACTOME_POST_TRANSLATIONAL_MODIFICATION_SYNTHESIS_OF_GPI_ANCHORED_PROTEINS,21,21,0.06977228515625,-0.0016770776367187046,0.07144936279296871,0.2398583830610158,0.9619665567501247,1
REACTOME_CLASS_A_1_RHODOPSIN_LIKE_RECEPTORS,74,74,0.06982532165527347,-0.001581459960937448,0.07140678161621092,0.31052445437422427,0.9619665567501247,1
REACTOME_SELECTIVE_AUTOPHAGY,16,16,-0.0712064512634277,1.018554687504114e-05,-0.07121663681030274,0.5355164516703497,0.9619665567501247,-1
REACTOME_FLT3_SIGNALING_IN_DISEASE,12,12,0.06796421176910403,-0.0017726953124999612,0.06973690708160399,0.30011464750425765,0.9619665567501247,1
REACTOME_NRAGE_SIGNALS_DEATH_THROUGH_JNK,20,20,-0.06782969909667969,0.0016586975097656609,-0.06948839660644535,0.3437718024914117,0.9619665567501247,-1
REACTOME_CARGO_RECOGNITION_FOR_CLATHRIN_MEDIATED_ENDOCYTOSIS,17,17,0.068075439453125,-0.00040450042724607393,0.06847993988037107,0.620029915340069,0.9619665567501247,1
REACTOME_TRANSCRIPTIONAL_REGULATION_BY_TP53,90,90,-0.0664431420898437,0.0017224053955078311,-0.06816554748535153,0.4436501640607077,0.9619665567501247,-1
REACTOME_PROTEIN_FOLDING,25,25,0.06328214843750002,-0.001195230407714798,0.06447737884521482,0.4956759899362255,0.9619665567501247,1
REACTOME_SYNTHESIS_OF_PA,7,7,0.06308800109863283,-0.001195230407714798,0.06428323150634763,0.41640056484188875,0.9619665567501247,1
REACTOME_C_TYPE_LECTIN_RECEPTORS_CLRS,26,26,0.062117480773925815,-0.0017726953124999612,0.06389017608642578,0.2831380869593525,0.9619665567501247,1
REACTOME_GOLGI_ASSOCIATED_VESICLE_BIOGENESIS,15,15,-0.06078140136718746,0.000834441528320351,-0.06161584289550781,0.3794996976663292,0.9619665567501247,-1
REACTOME_CELLULAR_SENESCENCE,44,44,0.054929873871803314,-0.003919136352539043,0.05884901022434236,0.33630406284360004,0.9619665567501247,1
REACTOME_PROCESSING_OF_DNA_DOUBLE_STRAND_BREAK_ENDS,14,14,0.057238683166503934,-0.0008090008544921479,0.05804768402099608,0.6133455308716953,0.9619665567501247,1
REACTOME_OXIDATIVE_STRESS_INDUCED_SENESCENCE,27,27,0.055357068300247225,-0.0016770776367187046,0.05703414593696593,0.5951327673704034,0.9619665567501247,1
REACTOME_DNA_REPAIR,80,80,-0.05436431884765622,0.0025602459716796977,-0.056924564819335915,0.5092589067543261,0.9619665567501247,-1
REACTOME_HIV_LIFE_CYCLE,32,32,0.054680417480468785,-0.0017726953124999612,0.056453112792968746,0.652339004956836,0.9619665567501247,1
REACTOME_SENSORY_PERCEPTION,33,33,-0.05644795654296875,5.09277343752057e-06,-0.05645304931640627,0.3029761914591781,0.9619665567501247,-1
REACTOME_SENSORY_PROCESSING_OF_SOUND,9,9,-0.05644795654296875,5.09277343752057e-06,-0.05645304931640627,0.46968336904357233,0.9619665567501247,-1
REACTOME_METABOLISM_OF_NUCLEOTIDES,26,26,0.05308950439453125,-0.002502039794921862,0.05559154418945311,0.5069930310870744,0.9619665567501247,1
REACTOME_FGFR2_ALTERNATIVE_SPLICING,6,6,0.054680417480468785,-0.0008090008544921479,0.05548941833496093,0.624620943516742,0.9619665567501247,1
REACTOME_TRANSPORT_OF_MATURE_TRANSCRIPT_TO_CYTOPLASM,21,21,0.05420074951171877,-0.001195230407714798,0.05539597991943357,0.5540735541414333,0.9619665567501247,1
REACTOME_FORMATION_OF_THE_EARLY_ELONGATION_COMPLEX,9,9,-0.05530639038085933,5.09277343752057e-06,-0.05531148315429685,0.5138163165404939,0.9619665567501247,-1
REACTOME_HIV_ELONGATION_ARREST_AND_RECOVERY,7,7,-0.05530639038085933,5.09277343752057e-06,-0.05531148315429685,0.39710443009318647,0.9619665567501247,-1
REACTOME_TRANS_GOLGI_NETWORK_VESICLE_BUDDING,16,16,-0.0551401623535156,1.018554687504114e-05,-0.05515034790039064,0.4465887945793834,0.9619665567501247,-1
REACTOME_TELOMERE_C_STRAND_LAGGING_STRAND_SYNTHESIS,17,17,0.05152228546142579,-0.0032105880737304526,0.05473287353515624,0.48112585866950086,0.9619665567501247,1
REACTOME_RNA_POLYMERASE_II_TRANSCRIPTION_TERMINATION,19,19,0.05420074951171877,-0.00040450042724607393,0.054605249938964845,0.6088582190156429,0.9619665567501247,1
REACTOME_NUCLEOTIDE_SALVAGE,6,6,0.05289074462890625,-0.001581459960937448,0.0544722045898437,0.4340642992272977,0.9619665567501247,1
REACTOME_PROCESSING_OF_CAPPED_INTRON_CONTAINING_PRE_MRNA,56,56,0.04967157043457032,-0.002502039794921862,0.052173610229492184,0.6217684117179918,0.9619665567501247,1
REACTOME_SUMOYLATION_OF_RNA_BINDING_PROTEINS,16,16,-0.05212367797851558,0.0,-0.05212367797851558,0.6480703264548201,0.9619665567501247,-1
REACTOME_MITOTIC_G2_G2_M_PHASES,42,42,0.05202930320739749,0.0,0.05202930320739749,0.5285238191081651,0.9619665567501247,1
REACTOME_PLATELET_ADHESION_TO_EXPOSED_COLLAGEN,7,7,-0.05127184589385986,5.09277343752057e-06,-0.05127693866729738,0.5884951836842809,0.9619665567501247,-1
REACTOME_RHOA_GTPASE_CYCLE,33,33,-0.050373027954101535,0.000834441528320351,-0.051207469482421886,0.6034770827051255,0.9619665567501247,-1
REACTOME_ASSEMBLY_OF_THE_ORC_COMPLEX_AT_THE_ORIGIN_OF_REPLICATION,6,6,0.04915392265319826,0.0,0.04915392265319826,0.614941187585257,0.9619665567501247,1
REACTOME_GLUCOSE_METABOLISM,18,18,0.04724532821655278,-0.001581459960937448,0.04882678817749023,0.502857024310859,0.9619665567501247,1
REACTOME_GLYCOLYSIS,14,14,0.04724532821655278,-0.001581459960937448,0.04882678817749023,0.6268587995807597,0.9619665567501247,1
REACTOME_INTERLEUKIN_4_AND_INTERLEUKIN_13_SIGNALING,38,38,0.0452978277587891,-0.0017726953124999612,0.04707052307128906,0.6316208054915242,0.9619665567501247,1
REACTOME_NEURONAL_SYSTEM,53,53,0.04392575439453128,-0.0021373675537109116,0.04606312194824219,0.33234093721705404,0.9619665567501247,1
REACTOME_ACTIVATION_OF_KAINATE_RECEPTORS_UPON_GLUTAMATE_BINDING,11,11,0.04392575439453128,-0.001195230407714798,0.04512098480224608,0.2544508165454282,0.9619665567501247,1
REACTOME_B_WICH_COMPLEX_POSITIVELY_REGULATES_RRNA_EXPRESSION,7,7,-0.04510648315429683,5.09277343752057e-06,-0.04511157592773435,0.5357200405739978,0.9619665567501247,-1
REACTOME_RESOLUTION_OF_ABASIC_SITES_AP_SITES,18,18,-0.044688337402343736,1.018554687504114e-05,-0.04469852294921878,0.5532639886033635,0.9619665567501247,-1
REACTOME_PROTEIN_LOCALIZATION,42,42,0.0407726940917969,-0.002502039794921862,0.043274733886718764,0.36136254685526337,0.9619665567501247,1
REACTOME_VESICLE_MEDIATED_TRANSPORT,131,131,0.03980490844726564,-0.0032105880737304526,0.043015496520996094,0.6041076955218969,0.9619665567501247,1
REACTOME_METABOLISM_OF_STEROIDS,31,31,0.042580798339843795,-0.00040450042724607393,0.04298529876708987,0.6067795522485651,0.9619665567501247,1
REACTOME_SIGNALING_BY_CYTOSOLIC_FGFR1_FUSION_MUTANTS,5,5,0.041729954376220735,-0.001195230407714798,0.04292518478393553,0.47560790788620494,0.9619665567501247,1
REACTOME_PEROXISOMAL_PROTEIN_IMPORT,18,18,0.04087100883483888,-0.0017726953124999612,0.04264370414733884,0.28490718856514696,0.9619665567501247,1
REACTOME_COPI_DEPENDENT_GOLGI_TO_ER_RETROGRADE_TRAFFIC,21,21,0.04143955078125,-0.001195230407714798,0.0426347811889648,0.5234765702140245,0.9619665567501247,1
REACTOME_POTASSIUM_CHANNELS,12,12,-0.04246788665771484,1.018554687504114e-05,-0.04247807220458988,0.5898225349837236,0.9619665567501247,-1
REACTOME_INTRA_GOLGI_AND_RETROGRADE_GOLGI_TO_ER_TRAFFIC,42,42,0.04062222961425782,-0.0017726953124999612,0.04239492492675778,0.6357895808792804,0.9619665567501247,1
REACTOME_FCGAMMA_RECEPTOR_FCGR_DEPENDENT_PHAGOCYTOSIS,18,18,0.041347523803710956,-0.0008090008544921479,0.042156524658203104,0.49414202176092803,0.9619665567501247,1
REACTOME_DISEASES_OF_MITOTIC_CELL_CYCLE,15,15,0.04072382293701177,-0.001195230407714798,0.041919053344726565,0.6385194696442484,0.9619665567501247,1
REACTOME_BASE_EXCISION_REPAIR_AP_SITE_FORMATION,8,8,-0.04152247802734371,1.018554687504114e-05,-0.04153266357421875,0.42593287293912047,0.9619665567501247,-1
REACTOME_RND2_GTPASE_CYCLE,7,7,0.03923912506103516,-0.0016770776367187046,0.04091620269775387,0.45586460309060056,0.9619665567501247,1
REACTOME_CA2_PATHWAY,23,23,0.039696688232421895,-0.001195230407714798,0.04089191864013669,0.36682414117337836,0.9619665567501247,1
REACTOME_G_ALPHA_Z_SIGNALLING_EVENTS,13,13,0.039696688232421895,-0.001195230407714798,0.04089191864013669,0.4618569508787479,0.9619665567501247,1
REACTOME_REGULATION_OF_INSULIN_SECRETION,19,19,0.039696688232421895,-0.001195230407714798,0.04089191864013669,0.551374150147201,0.9619665567501247,1
REACTOME_PRESYNAPTIC_FUNCTION_OF_KAINATE_RECEPTORS,9,9,0.039696688232421895,-0.00040450042724607393,0.04010118865966797,0.4764284293743942,0.9619665567501247,1
REACTOME_RHO_GTPASE_EFFECTORS,52,52,-0.038697338104248,1.018554687504114e-05,-0.03870752365112304,0.6127924926526898,0.9619665567501247,-1
REACTOME_MITOCHONDRIAL_PROTEIN_IMPORT,15,15,0.03551164916992189,-0.00040450042724607393,0.03591614959716796,0.34557748204370886,0.9619665567501247,1
REACTOME_ABC_FAMILY_PROTEINS_MEDIATED_TRANSPORT,17,17,-0.03581704589843748,5.09277343752057e-06,-0.035822138671875,0.6326108917591025,0.9619665567501247,-1
REACTOME_ABC_TRANSPORTER_DISORDERS,11,11,-0.03581704589843748,5.09277343752057e-06,-0.035822138671875,0.5531272762117403,0.9619665567501247,-1
REACTOME_POLYMERASE_SWITCHING_ON_THE_C_STRAND_OF_THE_TELOMERE,13,13,0.03423635925292973,-0.0012908480834960545,0.03552720733642578,0.6104978021043852,0.9619665567501247,1
REACTOME_METABOLISM_OF_RNA,150,150,0.031190401000976586,-0.004331284179687478,0.035521685180664064,0.5380137858750003,0.9619665567501247,1
REACTOME_MITOTIC_SPINDLE_CHECKPOINT,32,32,0.03292362716674807,-0.002502039794921862,0.03542566696166993,0.35744846561761745,0.9619665567501247,1
REACTOME_TOLL_LIKE_RECEPTOR_CASCADES,40,40,-0.035182992553710934,0.0,-0.035182992553710934,0.5974701854897548,0.9619665567501247,-1
REACTOME_FCERI_MEDIATED_NF_KB_ACTIVATION,13,13,0.0336792944335938,-0.001195230407714798,0.034874524841308596,0.4380256208435739,0.9619665567501247,1
REACTOME_RAS_PROCESSING,7,7,0.0336792944335938,-0.001195230407714798,0.034874524841308596,0.6120165470210654,0.9619665567501247,1
REACTOME_DNA_DAMAGE_TELOMERE_STRESS_INDUCED_SENESCENCE,5,5,0.03423635925292973,-0.00040450042724607393,0.0346408596801758,0.6031692357293063,0.9619665567501247,1
REACTOME_SIGNALING_BY_MET,10,10,0.029811792297363304,-0.001581459960937448,0.03139325225830075,0.31336341802649614,0.9619665567501247,1
REACTOME_RRNA_PROCESSING,40,40,-0.029534558105468733,0.0016586975097656609,-0.031193255615234394,0.6128804690697301,0.9619665567501247,-1
REACTOME_DOWNSTREAM_SIGNAL_TRANSDUCTION,10,10,0.028174781265258825,-0.001581459960937448,0.029756241226196273,0.23209872521795882,0.9619665567501247,1
REACTOME_INTERLEUKIN_2_FAMILY_SIGNALING,14,14,0.028174781265258825,-0.001581459960937448,0.029756241226196273,0.3647902680599736,0.9619665567501247,1
REACTOME_SIGNALING_BY_FGFR1_IN_DISEASE,8,8,0.028174781265258825,-0.001581459960937448,0.029756241226196273,0.5716774991962883,0.9619665567501247,1
REACTOME_PROTEIN_PROTEIN_INTERACTIONS_AT_SYNAPSES,9,9,-0.028819771118164028,0.000834441528320351,-0.02965421264648438,0.5546727906785303,0.9619665567501247,-1
REACTOME_SYNAPTIC_ADHESION_LIKE_MOLECULES,5,5,-0.028819771118164028,5.09277343752057e-06,-0.02882486389160155,0.6320665487252285,0.9619665567501247,-1
REACTOME_TRANSCRIPTIONAL_REGULATION_OF_PLURIPOTENT_STEM_CELLS,9,9,-0.028135777587890598,5.09277343752057e-06,-0.02814087036132812,0.6012015160334374,0.9619665567501247,-1
REACTOME_MAPK_FAMILY_SIGNALING_CASCADES,70,70,0.024149451293945357,-0.002502039794921862,0.02665149108886722,0.2459421561832369,0.9619665567501247,1
REACTOME_DISEASES_OF_SIGNAL_TRANSDUCTION_BY_GROWTH_FACTOR_RECEPTORS_AND_SECOND_MESSENGERS,85,85,0.023017785034179727,-0.00341666198730467,0.026434447021484397,0.2928766434845024,0.9619665567501247,1
REACTOME_POLB_DEPENDENT_LONG_PATCH_BASE_EXCISION_REPAIR,5,5,-0.025754520263671865,5.09277343752057e-06,-0.025759613037109386,0.6283665327859856,0.9619665567501247,-1
REACTOME_BETA_CATENIN_INDEPENDENT_WNT_SIGNALING,30,30,0.024648253173828155,-0.0008090008544921479,0.025457254028320303,0.3616315092363338,0.9619665567501247,1
REACTOME_DEPOSITION_OF_NEW_CENPA_CONTAINING_NUCLEOSOMES_AT_THE_CENTROMERE,8,8,-0.025030749511718714,0.0,-0.025030749511718714,0.621417576159724,0.9619665567501247,-1
REACTOME_RNA_POLYMERASE_II_TRANSCRIPTION,394,394,-0.020667163085937496,0.00384062866210938,-0.024507791748046875,0.32723528421386905,0.9619665567501247,-1
REACTOME_SEPARATION_OF_SISTER_CHROMATIDS,44,44,0.022208636779785157,-0.0017726953124999612,0.023981332092285118,0.2591324938990448,0.9619665567501247,1
REACTOME_SIGNALING_BY_NUCLEAR_RECEPTORS,69,69,0.01971948486328129,-0.0032105880737304526,0.022930072937011742,0.5966572951815257,0.9619665567501247,1
REACTOME_CELL_CYCLE_MITOTIC,136,136,0.017436366577148477,-0.005181180419921827,0.022617546997070304,0.2288260195925108,0.9619665567501247,1
REACTOME_MEIOSIS,22,22,0.02171586944580081,-0.0008090008544921479,0.02252487030029296,0.5462584122657214,0.9619665567501247,1
REACTOME_NUCLEAR_EVENTS_KINASE_AND_TRANSCRIPTION_FACTOR_ACTIVATION,15,15,-0.022247016601562475,5.09277343752057e-06,-0.022252109374999995,0.33252882110845605,0.9619665567501247,-1
REACTOME_CARDIAC_CONDUCTION,15,15,-0.02202378356933593,5.09277343752057e-06,-0.02202887634277345,0.6379686237763261,0.9619665567501247,-1
REACTOME_RHOV_GTPASE_CYCLE,12,12,-0.02185898315429685,0.0,-0.02185898315429685,0.6397715722343542,0.9619665567501247,-1
REACTOME_M_PHASE,88,88,0.016229810791015625,-0.004331284179687478,0.020561094970703103,0.3212458424949741,0.9619665567501247,1
REACTOME_DNA_STRAND_ELONGATION,14,14,-0.02001786849975587,0.0,-0.02001786849975587,0.430126033439013,0.9619665567501247,-1
REACTOME_TRANSPORT_TO_THE_GOLGI_AND_SUBSEQUENT_MODIFICATION,33,33,-0.019270147399902293,5.09277343752057e-06,-0.019275240173339814,0.43980567208316046,0.9619665567501247,-1
REACTOME_CELL_CYCLE,176,176,0.013314127655029317,-0.005181180419921827,0.018495308074951144,0.31988287073624255,0.9619665567501247,1
REACTOME_CELL_CYCLE_CHECKPOINTS,59,59,0.015888917236328126,-0.0021373675537109116,0.018026284790039038,0.5929690260626608,0.9619665567501247,1
REACTOME_INSERTION_OF_TAIL_ANCHORED_PROTEINS_INTO_THE_ENDOPLASMIC_RETICULUM_MEMBRANE,5,5,-0.017326361083984332,5.09277343752057e-06,-0.017331453857421852,0.29556335355819047,0.9619665567501247,-1
REACTOME_RESOLUTION_OF_SISTER_CHROMATID_COHESION,33,33,0.015888917236328126,-0.001195230407714798,0.017084147644042924,0.4633267086404038,0.9619665567501247,1
REACTOME_RUNX1_REGULATES_TRANSCRIPTION_OF_GENES_INVOLVED_IN_DIFFERENTIATION_OF_HSCS,13,13,-0.016389779052734366,5.09277343752057e-06,-0.016394871826171886,0.6241993909607364,0.9619665567501247,-1
REACTOME_MEIOTIC_SYNAPSIS,16,16,0.01632744964599614,0.0,0.01632744964599614,0.49102430576318323,0.9619665567501247,1
REACTOME_DAP12_INTERACTIONS,13,13,0.014619608154296915,-0.001195230407714798,0.015814838562011713,0.6073104173706666,0.9619665567501247,1
REACTOME_SIGNALING_BY_FGFR2_IN_DISEASE,9,9,0.014619608154296915,-0.001195230407714798,0.015814838562011713,0.635882811984565,0.9619665567501247,1
REACTOME_SIGNALING_BY_FGFR4,7,7,0.014619608154296915,-0.001195230407714798,0.015814838562011713,0.5218985220567669,0.9619665567501247,1
REACTOME_TCR_SIGNALING,31,31,0.014619608154296915,-0.001195230407714798,0.015814838562011713,0.5372754624228014,0.9619665567501247,1
REACTOME_COSTIMULATION_BY_THE_CD28_FAMILY,25,25,0.014619608154296915,-0.00040450042724607393,0.015024108581542989,0.4426056129645104,0.9619665567501247,1
REACTOME_PI3K_EVENTS_IN_ERBB2_SIGNALING,5,5,0.014619608154296915,-0.00040450042724607393,0.015024108581542989,0.5510491174916949,0.9619665567501247,1
REACTOME_DEUBIQUITINATION,53,53,0.01369492248535159,-0.001195230407714798,0.014890152893066388,0.6496472117468275,0.9619665567501247,1
REACTOME_ESTROGEN_DEPENDENT_GENE_EXPRESSION,29,29,0.01369492248535159,-0.001195230407714798,0.014890152893066388,0.5660413999747124,0.9619665567501247,1
REACTOME_RHO_GTPASE_CYCLE,95,95,0.012729990234375044,-0.001195230407714798,0.013925220642089842,0.6131675976096157,0.9619665567501247,1
REACTOME_SIGNALING_BY_ERBB4,14,14,0.012109713134765665,-0.0008090008544921479,0.012918713989257813,0.27509683452436673,0.9619665567501247,1
REACTOME_POST_TRANSLATIONAL_PROTEIN_MODIFICATION,301,301,-0.010491508178710918,0.0021413256835937644,-0.012632833862304682,0.6177830643888986,0.9619665567501247,-1
REACTOME_TELOMERE_EXTENSION_BY_TELOMERASE,7,7,-0.011280603027343739,0.000834441528320351,-0.01211504455566409,0.569896022182178,0.9619665567501247,-1
REACTOME_ER_TO_GOLGI_ANTEROGRADE_TRANSPORT,24,24,0.011084701690673854,0.0,0.011084701690673854,0.2592177819592155,0.9619665567501247,1
REACTOME_MITOTIC_PROMETAPHASE,58,58,0.009422440185546888,-0.001581459960937448,0.011003900146484336,0.5316463777998465,0.9619665567501247,1
REACTOME_CD209_DC_SIGN_SIGNALING,5,5,0.009599818115234415,-0.001195230407714798,0.010795048522949213,0.37458332600156063,0.9619665567501247,1
REACTOME_TOLL_LIKE_RECEPTOR_9_TLR9_CASCADE,27,27,0.010101109619140625,-0.00040450042724607393,0.010505610046386699,0.5585472976915168,0.9619665567501247,1
REACTOME_ABORTIVE_ELONGATION_OF_HIV_1_TRANSCRIPT_IN_THE_ABSENCE_OF_TAT,6,6,-0.01043139160156245,0.0,-0.01043139160156245,0.5805454986953652,0.9619665567501247,-1
REACTOME_ADAPTIVE_IMMUNE_SYSTEM,196,196,0.007926849670410185,-0.002502039794921862,0.010428889465332047,0.29108037695286615,0.9619665567501247,1
REACTOME_DOWNSTREAM_SIGNALING_OF_ACTIVATED_FGFR2,5,5,0.009599818115234415,-0.00040450042724607393,0.01000431854248049,0.5247307881276214,0.9619665567501247,1
REACTOME_NCAM_SIGNALING_FOR_NEURITE_OUT_GROWTH,13,13,0.009599818115234415,-0.00040450042724607393,0.01000431854248049,0.3252397247178659,0.9619665567501247,1
REACTOME_SHC1_EVENTS_IN_ERBB2_SIGNALING,5,5,0.009599818115234415,-0.00040450042724607393,0.01000431854248049,0.546258381256178,0.9619665567501247,1
REACTOME_SIGNALING_BY_FGFR1,9,9,0.009599818115234415,-0.00040450042724607393,0.01000431854248049,0.6224705753811516,0.9619665567501247,1
REACTOME_DEVELOPMENTAL_BIOLOGY,172,172,0.007211350708007852,-0.001581459960937448,0.0087928106689453,0.4566279870072206,0.9619665567501247,1
REACTOME_DOWNSTREAM_SIGNALING_EVENTS_OF_B_CELL_RECEPTOR_BCR,12,12,0.007926849670410185,-0.0008090008544921479,0.008735850524902333,0.4683412860935017,0.9619665567501247,1
REACTOME_ANTIGEN_PROCESSING_UBIQUITINATION_PROTEASOME_DEGRADATION,64,64,0.007186763153076203,-0.0008090008544921479,0.007995764007568351,0.5333880894400305,0.9619665567501247,1
REACTOME_SIGNALING_BY_GPCR,148,148,0.005661111755371123,-0.0008090008544921479,0.006470112609863271,0.5299041726564979,0.9619665567501247,1
REACTOME_RHOBTB_GTPASE_CYCLE,7,7,-0.005627896728515602,5.09277343752057e-06,-0.005632989501953123,0.6426574663024384,0.9619665567501247,-1
REACTOME_NONSENSE_MEDIATED_DECAY_NMD,13,13,0.004822883300781289,-0.00040450042724607393,0.005227383728027363,0.6392153861814642,0.9619665567501247,1
REACTOME_SUMOYLATION,52,52,-0.002584821777343732,0.0,-0.002584821777343732,0.39562006718635456,0.9619665567501247,-1
REACTOME_G_PROTEIN_MEDIATED_EVENTS,9,9,0.0017224053955078311,-0.00040450042724607393,0.002126905822753905,0.5296435442652302,0.9619665567501247,1
REACTOME_NERVOUS_SYSTEM_DEVELOPMENT,97,97,0.0017224053955078311,-0.00040450042724607393,0.002126905822753905,0.6434530784564703,0.9619665567501247,1
REACTOME_TRIGLYCERIDE_CATABOLISM,5,5,0.0017224053955078311,-0.00040450042724607393,0.002126905822753905,0.38030042451293083,0.9619665567501247,1
REACTOME_FCERI_MEDIATED_CA_2_MOBILIZATION,12,12,0.0011868026733398707,0.0,0.0011868026733398707,0.5910119321895067,0.9619665567501247,1
REACTOME_CHAPERONE_MEDIATED_AUTOPHAGY,8,8,0.4407169052505493,-0.0008090008544921479,0.44152590610504144,0.7018862324134465,0.965981403729418,1
REACTOME_SIGNALING_BY_NOTCH3,7,7,0.32695839447021485,-0.00040450042724607393,0.32736289489746095,0.6586037816488582,0.965981403729418,1
REACTOME_DOWNREGULATION_OF_ERBB2_SIGNALING,7,7,0.31984162094175816,-0.00040450042724607393,0.3202461213690042,0.7458885655448358,0.965981403729418,1
REACTOME_LATE_ENDOSOMAL_MICROAUTOPHAGY,9,9,0.30656193012237554,-0.001195230407714798,0.30775716053009033,0.7630519584433065,0.965981403729418,1
REACTOME_HEME_SIGNALING,14,14,0.2024497614383698,-0.001581459960937448,0.20403122139930724,0.7274602383073243,0.965981403729418,1
REACTOME_INTRINSIC_PATHWAY_OF_FIBRIN_CLOT_FORMATION,5,5,0.18742000335693362,-0.00040450042724607393,0.1878245037841797,0.6638581271783593,0.965981403729418,1
REACTOME_TRANSLOCATION_OF_SLC2A4_GLUT4_TO_THE_PLASMA_MEMBRANE,13,13,0.18468815826416018,-0.00040450042724607393,0.18509265869140626,0.7397433293344409,0.965981403729418,1
REACTOME_CD28_DEPENDENT_PI3K_AKT_SIGNALING,8,8,-0.1638925238037109,0.0,-0.1638925238037109,0.7599466744166644,0.965981403729418,-1
REACTOME_TRANSCRIPTION_OF_E2F_TARGETS_UNDER_NEGATIVE_CONTROL_BY_P107_RBL1_AND_P130_RBL2_IN_COMPLEX_WITH_HDAC1,7,7,0.1575660452270508,-0.00040450042724607393,0.15797054565429688,0.7110207913432588,0.965981403729418,1
REACTOME_AMYLOID_FIBER_FORMATION,13,13,0.15251317779541018,-0.001195230407714798,0.15370840820312498,0.749766757174517,0.965981403729418,1
REACTOME_CONSTITUTIVE_SIGNALING_BY_AKT1_E17K_IN_CANCER,5,5,-0.15331477050781245,5.09277343752057e-06,-0.15331986328124997,0.7383959429133894,0.965981403729418,-1
REACTOME_HDMS_DEMETHYLATE_HISTONES,6,6,-0.1502706884765625,1.018554687504114e-05,-0.15028087402343754,0.7384595145648973,0.965981403729418,-1
REACTOME_METABOLISM_OF_COFACTORS,8,8,0.14701709106445315,-0.0008090008544921479,0.1478260919189453,0.670232412642997,0.965981403729418,1
REACTOME_CD28_CO_STIMULATION,10,10,0.14031848617553713,-0.0008090008544921479,0.14112748703002928,0.7654514563360038,0.965981403729418,1
REACTOME_SIGNALING_BY_HEDGEHOG,22,22,0.13945201396942142,-0.001581459960937448,0.14103347393035887,0.746597466116228,0.965981403729418,1
REACTOME_DISEASES_ASSOCIATED_WITH_O_GLYCOSYLATION_OF_PROTEINS,9,9,0.13711016807556153,-0.00040450042724607393,0.1375146685028076,0.7113290731082497,0.965981403729418,1
REACTOME_APC_C_CDC20_MEDIATED_DEGRADATION_OF_CYCLIN_B,8,8,0.1351155112266541,-0.0008090008544921479,0.13592451208114625,0.6865652002494325,0.965981403729418,1
REACTOME_VEGFR2_MEDIATED_CELL_PROLIFERATION,5,5,-0.1359143237304687,5.09277343752057e-06,-0.1359194165039062,0.6952661742912115,0.965981403729418,-1
REACTOME_DEGRADATION_OF_DVL,6,6,0.13441693283081058,0.0,0.13441693283081058,0.7108080911228856,0.965981403729418,1
REACTOME_ECM_PROTEOGLYCANS,15,15,0.12666189453125004,-0.00040450042724607393,0.12706639495849611,0.6632303443576077,0.965981403729418,1
REACTOME_DISEASES_OF_PROGRAMMED_CELL_DEATH,13,13,0.1255281011962891,-0.00040450042724607393,0.12593260162353517,0.6678816748792153,0.965981403729418,1
REACTOME_SPHINGOLIPID_METABOLISM,14,14,-0.1251741497802734,0.0,-0.1251741497802734,0.7364662069367562,0.965981403729418,-1
REACTOME_SIGNALING_BY_RETINOIC_ACID,11,11,0.11870962341308594,-0.0016770776367187046,0.12038670104980465,0.7282294249837749,0.965981403729418,1
REACTOME_VASOPRESSIN_REGULATES_RENAL_WATER_HOMEOSTASIS_VIA_AQUAPORINS,14,14,0.11189486675262453,-0.001581459960937448,0.11347632671356198,0.6701753234858097,0.965981403729418,1
REACTOME_SIGNALING_BY_BRAF_AND_RAF1_FUSIONS,15,15,-0.10877457519531247,0.001690551452636746,-0.11046512664794922,0.7476604069432637,0.965981403729418,-1
REACTOME_ACTIVATION_OF_ATR_IN_RESPONSE_TO_REPLICATION_STRESS,12,12,-0.10760891143798829,1.018554687504114e-05,-0.10761909698486333,0.7517053640067911,0.965981403729418,-1
REACTOME_CARGO_TRAFFICKING_TO_THE_PERICILIARY_MEMBRANE,11,11,-0.10397685058593747,5.09277343752057e-06,-0.103981943359375,0.7050451135553775,0.965981403729418,-1
REACTOME_ZINC_TRANSPORTERS,5,5,-0.10028393920898432,5.09277343752057e-06,-0.10028903198242184,0.6837851679765635,0.965981403729418,-1
REACTOME_RECRUITMENT_OF_MITOTIC_CENTROSOME_PROTEINS_AND_COMPLEXES,25,25,-0.1000200207519531,5.09277343752057e-06,-0.10002511352539062,0.7548142120548862,0.965981403729418,-1
REACTOME_REGULATION_OF_PLK1_ACTIVITY_AT_G2_M_TRANSITION,25,25,-0.1000200207519531,5.09277343752057e-06,-0.10002511352539062,0.6600886892089322,0.965981403729418,-1
REACTOME_NEGATIVE_REGULATORS_OF_DDX58_IFIH1_SIGNALING,11,11,0.09481098266601568,-0.00040450042724607393,0.09521548309326175,0.7465500165190007,0.965981403729418,1
REACTOME_GAMMA_CARBOXYLATION_HYPUSINE_FORMATION_AND_ARYLSULFATASE_ACTIVATION,13,13,0.09358555541992192,-0.001195230407714798,0.09478078582763672,0.6790637829314542,0.965981403729418,1
REACTOME_FORMATION_OF_FIBRIN_CLOT_CLOTTING_CASCADE,8,8,0.09330550125122074,0.0,0.09330550125122074,0.7631044695422583,0.965981403729418,1
REACTOME_POLYMERASE_SWITCHING,8,8,0.08852519332885744,-0.0008090008544921479,0.08933419418334959,0.7540362174876404,0.965981403729418,1
REACTOME_DISEASES_OF_CARBOHYDRATE_METABOLISM,9,9,-0.0890910791015625,5.09277343752057e-06,-0.08909617187500002,0.6692080121481514,0.965981403729418,-1
REACTOME_TIGHT_JUNCTION_INTERACTIONS,7,7,0.08682474521636968,-0.00040450042724607393,0.08722924564361575,0.7163813294677648,0.965981403729418,1
REACTOME_SIGNALING_BY_VEGF,25,25,-0.08720464843749992,5.09277343752057e-06,-0.08720974121093744,0.6962336461749078,0.965981403729418,-1
REACTOME_RAB_GERANYLGERANYLATION,7,7,0.08369101043701177,-0.0016770776367187046,0.08536808807373047,0.7134932045152683,0.965981403729418,1
REACTOME_GENE_SILENCING_BY_RNA,21,21,0.07782060882568365,-0.0021373675537109116,0.07995797637939456,0.6823272903306324,0.965981403729418,1
REACTOME_PARASITE_INFECTION,12,12,0.0791476912689209,-0.0008090008544921479,0.07995669212341305,0.7134542436271598,0.965981403729418,1
REACTOME_INTERLEUKIN_17_SIGNALING,15,15,0.07389958801269536,-0.001195230407714798,0.07509481842041016,0.701415173211756,0.965981403729418,1
REACTOME_NCAM1_INTERACTIONS,6,6,0.06943535408020024,0.0,0.06943535408020024,0.6739211611837396,0.965981403729418,1
REACTOME_MET_PROMOTES_CELL_MOTILITY,5,5,-0.06623552062988275,5.09277343752057e-06,-0.06624061340332027,0.6652743353667272,0.965981403729418,-1
REACTOME_SNRNP_ASSEMBLY,12,12,0.059426506195068396,-0.001581459960937448,0.061007966156005844,0.754322111181658,0.965981403729418,1
REACTOME_CLATHRIN_MEDIATED_ENDOCYTOSIS,27,27,-0.0581245288085937,5.09277343752057e-06,-0.05812962158203122,0.7492303562143526,0.965981403729418,-1
REACTOME_NEPHRIN_FAMILY_INTERACTIONS,7,7,-0.05644795654296875,5.09277343752057e-06,-0.05645304931640627,0.7635160875455496,0.965981403729418,-1
REACTOME_VISUAL_PHOTOTRANSDUCTION,20,20,0.05428211563110355,-0.001581459960937448,0.055863575592041,0.7491942651941528,0.965981403729418,1
REACTOME_TRANSCRIPTION_OF_THE_HIV_GENOME,15,15,-0.05530639038085933,5.09277343752057e-06,-0.05531148315429685,0.7517532617422169,0.965981403729418,-1
REACTOME_MAPK_TARGETS_NUCLEAR_EVENTS_MEDIATED_BY_MAP_KINASES,9,9,0.0545026794433594,-0.00040450042724607393,0.05490717987060548,0.7247055068295432,0.965981403729418,1
REACTOME_PYRUVATE_METABOLISM,8,8,-0.052991141357421834,0.0,-0.052991141357421834,0.7278095237642982,0.965981403729418,-1
REACTOME_CELL_SURFACE_INTERACTIONS_AT_THE_VASCULAR_WALL,36,36,0.049749573059082064,-0.0017726953124999612,0.051522268371582025,0.6898042634904211,0.965981403729418,1
REACTOME_G_ALPHA_Q_SIGNALLING_EVENTS,52,52,-0.051337922973632794,1.018554687504114e-05,-0.051348108520507835,0.7379972475461665,0.965981403729418,-1
REACTOME_ORC1_REMOVAL_FROM_CHROMATIN,12,12,0.04915392265319826,0.0,0.04915392265319826,0.7481119982933859,0.965981403729418,1
REACTOME_TCF_DEPENDENT_SIGNALING_IN_RESPONSE_TO_WNT,28,28,0.048270063781738315,-0.0008090008544921479,0.04907906463623046,0.7251393796488115,0.965981403729418,1
REACTOME_CELL_CELL_JUNCTION_ORGANIZATION,9,9,-0.046989585571289016,5.09277343752057e-06,-0.04699467834472654,0.7310517817558619,0.965981403729418,-1
REACTOME_CELL_JUNCTION_ORGANIZATION,9,9,-0.046989585571289016,5.09277343752057e-06,-0.04699467834472654,0.7310517817558619,0.965981403729418,-1
REACTOME_NEDDYLATION,45,45,-0.04460098510742183,0.001690551452636746,-0.04629153656005858,0.6926014117991157,0.965981403729418,-1
REACTOME_SENSORY_PROCESSING_OF_SOUND_BY_OUTER_HAIR_CELLS_OF_THE_COCHLEA,6,6,0.04024762969970705,0.0,0.04024762969970705,0.7344246055661271,0.965981403729418,1
REACTOME_PI_METABOLISM,28,28,-0.04015736785888671,1.018554687504114e-05,-0.04016755340576175,0.7503277208004626,0.965981403729418,-1
REACTOME_THROMBIN_SIGNALLING_THROUGH_PROTEINASE_ACTIVATED_RECEPTORS_PARS,9,9,0.039696688232421895,-0.00040450042724607393,0.04010118865966797,0.6841143572509951,0.965981403729418,1
REACTOME_SMAD2_SMAD3_SMAD4_HETEROTRIMER_REGULATES_TRANSCRIPTION,10,10,0.03908827163696291,-0.0008090008544921479,0.039897272491455055,0.7478758198160186,0.965981403729418,1
REACTOME_TRANSCRIPTIONAL_REGULATION_BY_RUNX1,54,54,0.037527365722656275,-0.001581459960937448,0.03910882568359372,0.7147455746576361,0.965981403729418,1
REACTOME_ROLE_OF_PHOSPHOLIPIDS_IN_PHAGOCYTOSIS,8,8,-0.0362925201416015,0.0,-0.0362925201416015,0.7418654837545413,0.965981403729418,-1
REACTOME_CONVERSION_FROM_APC_C_CDC20_TO_APC_C_CDH1_IN_LATE_ANAPHASE,6,6,-0.03487712509155269,0.0,-0.03487712509155269,0.7510560742401949,0.965981403729418,-1
REACTOME_PHOSPHORYLATION_OF_THE_APC_C,6,6,-0.03487712509155269,0.0,-0.03487712509155269,0.7510560742401949,0.965981403729418,-1
REACTOME_FORMATION_OF_TC_NER_PRE_INCISION_COMPLEX,13,13,0.034443607177734425,-0.00040450042724607393,0.0348481076049805,0.6784575077476879,0.965981403729418,1
REACTOME_MICRORNA_MIRNA_BIOGENESIS,7,7,0.034443607177734425,-0.00040450042724607393,0.0348481076049805,0.7643585057805855,0.965981403729418,1
REACTOME_RUNX1_REGULATES_GENES_INVOLVED_IN_MEGAKARYOCYTE_DIFFERENTIATION_AND_PLATELET_FUNCTION,13,13,0.0336792944335938,-0.00040450042724607393,0.03408379486083987,0.7642493753843247,0.965981403729418,1
REACTOME_TIE2_SIGNALING,6,6,-0.031097301635742147,0.0,-0.031097301635742147,0.6708792526771551,0.965981403729418,-1
REACTOME_RAB_GEFS_EXCHANGE_GTP_FOR_GDP_ON_RABS,18,18,-0.030056792297363272,0.0,-0.030056792297363272,0.6760580209895584,0.965981403729418,-1
REACTOME_MEMBRANE_TRAFFICKING,122,122,0.027776943054199227,-0.0017726953124999612,0.029549638366699188,0.7353896075181752,0.965981403729418,1
REACTOME_GLYCEROPHOSPHOLIPID_BIOSYNTHESIS,26,26,0.02569088317871096,-0.0008090008544921479,0.026499884033203108,0.756473028071418,0.965981403729418,1
REACTOME_PLATELET_ACTIVATION_SIGNALING_AND_AGGREGATION,68,68,0.024149451293945357,-0.001581459960937448,0.025730911254882805,0.7611330979328199,0.965981403729418,1
REACTOME_HIV_TRANSCRIPTION_INITIATION,12,12,0.020215328979492214,-0.0008090008544921479,0.021024329833984362,0.7513784705324764,0.965981403729418,1
REACTOME_PYRUVATE_METABOLISM_AND_CITRIC_ACID_TCA_CYCLE,13,13,0.01971948486328129,-0.001195230407714798,0.020914715270996087,0.6924537725679197,0.965981403729418,1
REACTOME_RHOU_GTPASE_CYCLE,10,10,-0.020914174194335916,0.0,-0.020914174194335916,0.6893492361731928,0.965981403729418,-1
REACTOME_EPIGENETIC_REGULATION_OF_GENE_EXPRESSION,24,24,-0.020171518554687462,0.0,-0.020171518554687462,0.6800306211305482,0.965981403729418,-1
REACTOME_GAP_JUNCTION_TRAFFICKING_AND_REGULATION,5,5,-0.019270147399902293,5.09277343752057e-06,-0.019275240173339814,0.751640392818084,0.965981403729418,-1
REACTOME_RHO_GTPASES_ACTIVATE_FORMINS,33,33,0.015888917236328126,-0.001195230407714798,0.017084147644042924,0.6811791753700999,0.965981403729418,1
REACTOME_TRANSPORT_OF_MATURE_MRNAS_DERIVED_FROM_INTRONLESS_TRANSCRIPTS,11,11,0.01667004760742191,-0.00040450042724607393,0.017074548034667986,0.6960456485927966,0.965981403729418,1
REACTOME_SYNTHESIS_OF_PC,7,7,0.016570704345703124,-0.00040450042724607393,0.0169752047729492,0.6974750784057048,0.965981403729418,1
REACTOME_ESR_MEDIATED_SIGNALING,50,50,0.014157265319824253,-0.0017726953124999612,0.015929960632324214,0.7601877986427499,0.965981403729418,1
REACTOME_CDC42_GTPASE_CYCLE,31,31,0.014619608154296915,-0.00040450042724607393,0.015024108581542989,0.6717728401069758,0.965981403729418,1
REACTOME_HEMOSTASIS,146,146,0.012109713134765665,-0.002502039794921862,0.014611752929687527,0.6849793194421744,0.965981403729418,1
REACTOME_SIGNALING_BY_RHO_GTPASES_MIRO_GTPASES_AND_RHOBTB3,143,143,0.012729990234375044,-0.0016770776367187046,0.014407067871093748,0.7507547482259073,0.965981403729418,1
REACTOME_SIGNALING_BY_FGFR,18,18,0.012109713134765665,-0.0008090008544921479,0.012918713989257813,0.7027766836437681,0.965981403729418,1
REACTOME_SIGNALING_BY_KIT_IN_DISEASE,6,6,0.012109713134765665,-0.0008090008544921479,0.012918713989257813,0.7192453439880659,0.965981403729418,1
REACTOME_SENESCENCE_ASSOCIATED_SECRETORY_PHENOTYPE_SASP,19,19,0.010739338073730509,-0.00040450042724607393,0.011143838500976583,0.7622211476854248,0.965981403729418,1
REACTOME_SWITCHING_OF_ORIGINS_TO_A_POST_REPLICATIVE_STATE,19,19,0.010739338073730509,-0.00040450042724607393,0.011143838500976583,0.7622211476854248,0.965981403729418,1
REACTOME_METABOLISM_OF_LIPIDS,166,166,0.007483912353515643,-0.0008090008544921479,0.00829291320800779,0.6888380822602739,0.965981403729418,1
REACTOME_DEGRADATION_OF_CYSTEINE_AND_HOMOCYSTEINE,5,5,-0.006251454467773421,5.09277343752057e-06,-0.006256547241210941,0.7506569317147062,0.965981403729418,-1
REACTOME_SIGNALING_BY_WNT_IN_CANCER,5,5,-0.003919136352539043,5.09277343752057e-06,-0.003924229125976564,0.6852166273740669,0.965981403729418,-1
REACTOME_TP53_REGULATES_TRANSCRIPTION_OF_ADDITIONAL_CELL_CYCLE_GENES_WHOSE_EXACT_ROLE_IN_THE_P53_PATHWAY_REMAIN_UNCERTAIN,6,6,-0.0027738098144530765,0.0,-0.0027738098144530765,0.7024044352319903,0.965981403729418,-1
REACTOME_SIGNALING_BY_ROBO_RECEPTORS,29,29,0.0017224053955078311,-0.00040450042724607393,0.002126905822753905,0.7059777088012873,0.965981403729418,1
REACTOME_BASE_EXCISION_REPAIR,21,21,-0.001581459960937448,5.09277343752057e-06,-0.0015865527343749686,0.7220028889859716,0.965981403729418,-1
REACTOME_MITOCHONDRIAL_CALCIUM_ION_TRANSPORT,5,5,0.0,-0.00039940765380855336,0.00039940765380855336,0.7266833830001099,0.965981403729418,1
REACTOME_RHOD_GTPASE_CYCLE,10,10,0.11749386421203617,-0.001581459960937448,0.11907532417297362,0.7672518700656727,0.9668061681096595,1
REACTOME_SIGNALING_BY_NOTCH1_PEST_DOMAIN_MUTANTS_IN_CANCER,12,12,0.13287450509071352,-0.0008090008544921479,0.13368350594520567,0.7743656029614382,0.9682459033015963,1
REACTOME_REGULATION_OF_MECP2_EXPRESSION_AND_ACTIVITY,9,9,0.07068244140625002,-0.00040450042724607393,0.07108694183349609,0.7725441798390377,0.9682459033015963,1
REACTOME_TRANSCRIPTIONAL_REGULATION_BY_SMALL_RNAS,14,14,0.054680417480468785,-0.001581459960937448,0.05626187744140623,0.7752858656329508,0.9682459033015963,1
REACTOME_P75_NTR_RECEPTOR_MEDIATED_SIGNALLING,29,29,0.0545026794433594,-0.00040450042724607393,0.05490717987060548,0.7739942474077572,0.9682459033015963,1
REACTOME_RNA_POLYMERASE_III_TRANSCRIPTION,14,14,0.051653534240722665,-0.0008090008544921479,0.05246253509521481,0.774369141633043,0.9682459033015963,1
REACTOME_CLASS_I_MHC_MEDIATED_ANTIGEN_PROCESSING_PRESENTATION,77,77,0.0036341882324218977,-0.00040450042724607393,0.004038688659667972,0.7708613328646314,0.9682459033015963,1
REACTOME_COOPERATION_OF_PREFOLDIN_AND_TRIC_CCT_IN_ACTIN_AND_TUBULIN_FOLDING,8,8,0.022006000518798863,0.0,0.022006000518798863,0.778155073643502,0.9694156996005489,1
REACTOME_COPI_MEDIATED_ANTEROGRADE_TRANSPORT,15,15,-0.019270147399902293,5.09277343752057e-06,-0.019275240173339814,0.7785224538903578,0.9694156996005489,-1
REACTOME_PI3K_AKT_SIGNALING_IN_CANCER,25,25,-0.042966416625976556,5.09277343752057e-06,-0.042971509399414076,0.7861629556310312,0.9731796939749771,-1
REACTOME_PROCESSING_OF_CAPPED_INTRONLESS_PRE_MRNA,9,9,-0.0217517333984375,5.09277343752057e-06,-0.02175682617187502,0.785508155270268,0.9731796939749771,-1
REACTOME_PROCESSING_OF_INTRONLESS_PRE_MRNAS,9,9,-0.0217517333984375,5.09277343752057e-06,-0.02175682617187502,0.785508155270268,0.9731796939749771,-1
REACTOME_INITIATION_OF_NUCLEAR_ENVELOPE_NE_REFORMATION,5,5,0.01820268554687504,-0.00040450042724607393,0.018607185974121115,0.7828042569895786,0.9731796939749771,1
REACTOME_PRE_NOTCH_EXPRESSION_AND_PROCESSING,10,10,0.0841040195655823,-0.0008090008544921479,0.08491302042007445,0.7882261653101912,0.9743030166517467,1
REACTOME_DUAL_INCISION_IN_GG_NER,18,18,0.0469233125305176,-0.0008090008544921479,0.047732313385009745,0.7907327524363377,0.9745434361167143,1
REACTOME_MITOPHAGY,6,6,0.015447830047607414,0.0,0.015447830047607414,0.789672151135515,0.9745434361167143,1
REACTOME_UBIQUINOL_BIOSYNTHESIS,5,5,0.09174593566894534,-0.00040450042724607393,0.09215043609619142,0.7937663824447222,0.9752388037663119,1
REACTOME_SIGNALING_BY_FLT3_FUSION_PROTEINS,9,9,0.014619608154296915,-0.001195230407714798,0.015814838562011713,0.7946953819879525,0.9752388037663119,1
REACTOME_SIGNALING_BY_ERYTHROPOIETIN,10,10,0.012109713134765665,-0.0008090008544921479,0.012918713989257813,0.794767566058667,0.9752388037663119,1
REACTOME_CILIUM_ASSEMBLY,55,55,-0.1000200207519531,0.0026859591674804895,-0.10270597991943359,0.7991982005736142,0.9766129240193278,-1
REACTOME_TNFS_BIND_THEIR_PHYSIOLOGICAL_RECEPTORS,15,15,0.08240438171386721,-0.00040450042724607393,0.08280888214111329,0.8016798854346083,0.9766129240193278,1
REACTOME_RECRUITMENT_OF_NUMA_TO_MITOTIC_CENTROSOMES,28,28,-0.059645084075927696,1.018554687504114e-05,-0.05965526962280274,0.8006108098580161,0.9766129240193278,-1
REACTOME_S_PHASE,46,46,0.025731580505371138,-0.0008090008544921479,0.026540581359863286,0.8000911023046575,0.9766129240193278,1
REACTOME_HCMV_EARLY_EVENTS,20,20,0.0031927923583984774,0.0,0.0031927923583984774,0.8006395939375127,0.9766129240193278,1
REACTOME_GLYCOSPHINGOLIPID_METABOLISM,7,7,-0.2779605834960937,5.09277343752057e-06,-0.2779656762695312,0.806800767069293,0.9772026532175488,-1
REACTOME_REGULATION_OF_LIPID_METABOLISM_BY_PPARALPHA,28,28,0.10491796463012698,-0.002502039794921862,0.10742000442504884,0.8045498461657197,0.9772026532175488,1
REACTOME_THE_PHOTOTRANSDUCTION_CASCADE,9,9,0.039696688232421895,-0.001195230407714798,0.04089191864013669,0.8035266273812551,0.9772026532175488,1
REACTOME_SIGNALING_BY_FGFR2,16,16,0.012109713134765665,-0.0008090008544921479,0.012918713989257813,0.8063656354303113,0.9772026532175488,1
REACTOME_FOXO_MEDIATED_TRANSCRIPTION_OF_OXIDATIVE_STRESS_METABOLIC_AND_NEURONAL_GENES,6,6,0.011787462463378959,0.0,0.011787462463378959,0.8084826044504153,0.9778347712362985,1
REACTOME_AQUAPORIN_MEDIATED_TRANSPORT,16,16,0.020709546813964863,-0.0008090008544921479,0.02151854766845701,0.8098366048046554,0.9780691373213818,1
REACTOME_DOWNREGULATION_OF_ERBB2_ERBB3_SIGNALING,5,5,0.31984162094175816,-0.00040450042724607393,0.3202461213690042,0.8218368518979164,0.9794049521721686,1
REACTOME_GLYCOGEN_STORAGE_DISEASES,6,6,0.21714581130981447,-0.0008090008544921479,0.21795481216430662,0.8144695485398985,0.9794049521721686,1
REACTOME_G2_M_CHECKPOINTS,24,24,-0.10760891143798829,1.018554687504114e-05,-0.10761909698486333,0.813740046693524,0.9794049521721686,-1
REACTOME_TRANSPORT_OF_INORGANIC_CATIONS_ANIONS_AND_AMINO_ACIDS_OLIGOPEPTIDES,11,11,0.0945278491210938,-0.001195230407714798,0.0957230795288086,0.8197775654112791,0.9794049521721686,1
REACTOME_REGULATION_OF_PYRUVATE_DEHYDROGENASE_PDH_COMPLEX,6,6,0.0809807476806641,-0.0008090008544921479,0.08178974853515625,0.8200051583023809,0.9794049521721686,1
REACTOME_SYNTHESIS_OF_DNA,31,31,0.05152228546142579,-0.001195230407714798,0.052717515869140585,0.8133198537515687,0.9794049521721686,1
REACTOME_SARS_COV_2_INFECTION,19,19,-0.03781368286132808,0.000834441528320351,-0.03864812438964843,0.8192500382020292,0.9794049521721686,-1
REACTOME_INHIBITION_OF_DNA_RECOMBINATION_AT_TELOMERE,8,8,0.034339983215332076,-0.0008090008544921479,0.035148984069824224,0.8225607427495794,0.9794049521721686,1
REACTOME_SEMAPHORIN_INTERACTIONS,10,10,0.017266796875000018,0.0,0.017266796875000018,0.8192396847508336,0.9794049521721686,1
REACTOME_SIGNALING_BY_WNT,53,53,-0.003919136352539043,5.09277343752057e-06,-0.003924229125976564,0.8217329804890188,0.9794049521721686,-1
REACTOME_METABOLISM_OF_POLYAMINES,8,8,-0.061143107299804655,0.0,-0.061143107299804655,0.825784185181197,0.9804733353630269,-1
REACTOME_SPHINGOLIPID_DE_NOVO_BIOSYNTHESIS,7,7,0.027612283935546877,-0.00040450042724607393,0.02801678436279295,0.8256570969596015,0.9804733353630269,1
REACTOME_FCGR_ACTIVATION,5,5,0.068075439453125,-0.00040450042724607393,0.06847993988037107,0.8293933408584694,0.9833735391613077,1
REACTOME_INTERLEUKIN_20_FAMILY_SIGNALING,5,5,0.041729954376220735,-0.00040450042724607393,0.04213445480346681,0.8309064207129722,0.98378386609696,1
REACTOME_IRON_UPTAKE_AND_TRANSPORT,15,15,0.12654833576202396,-0.00040450042724607393,0.12695283618927003,0.8352335652380742,0.9851818764200448,1
REACTOME_NEGATIVE_REGULATION_OF_THE_PI3K_AKT_NETWORK,25,25,-0.042966416625976556,5.09277343752057e-06,-0.042971509399414076,0.8346455823998937,0.9851818764200448,-1
REACTOME_INWARDLY_RECTIFYING_K_CHANNELS,9,9,0.039696688232421895,-0.00040450042724607393,0.04010118865966797,0.8367618309807262,0.9851818764200448,1
REACTOME_RNA_POLYMERASE_I_PROMOTER_ESCAPE,9,9,0.004763446044921904,-0.00040450042724607393,0.005167946472167978,0.8355971756675038,0.9851818764200448,1
REACTOME_SUMOYLATION_OF_UBIQUITINYLATION_PROTEINS,10,10,0.04724532821655278,-0.0008090008544921479,0.04805432907104493,0.8379878435018158,0.9852493055397917,1
REACTOME_ASYMMETRIC_LOCALIZATION_OF_PCP_PROTEINS,7,7,-0.0581245288085937,5.09277343752057e-06,-0.05812962158203122,0.8441784045471667,0.9885460567815403,-1
REACTOME_BRANCHED_CHAIN_AMINO_ACID_CATABOLISM,6,6,0.05472031799316407,-0.0008090008544921479,0.05552931884765622,0.8454824518855166,0.9885460567815403,1
REACTOME_MRNA_CAPPING,7,7,0.034443607177734425,-0.00040450042724607393,0.0348481076049805,0.8446101551973557,0.9885460567815403,1
REACTOME_SARS_COV_INFECTIONS,39,39,0.012265243530273473,-0.00040450042724607393,0.012669743957519547,0.8444196774874814,0.9885460567815403,1
REACTOME_EGFR_DOWNREGULATION,7,7,0.32695839447021485,-0.00040450042724607393,0.32736289489746095,0.9141818243578511,0.9906513682850075,1
REACTOME_BINDING_AND_UPTAKE_OF_LIGANDS_BY_SCAVENGER_RECEPTORS,11,11,0.22745313880920412,-0.00040450042724607393,0.2278576392364502,0.9614332696298986,0.9906513682850075,1
REACTOME_NUCLEOTIDE_CATABOLISM,8,8,-0.22441041931152345,1.018554687504114e-05,-0.2244206048583985,0.8667065272826561,0.9906513682850075,-1
REACTOME_O_LINKED_GLYCOSYLATION_OF_MUCINS,13,13,-0.22163871582031253,5.09277343752057e-06,-0.22164380859375005,0.8843139686428767,0.9906513682850075,-1
REACTOME_ROS_AND_RNS_PRODUCTION_IN_PHAGOCYTES,7,7,0.21445153472900394,-0.00040450042724607393,0.21485603515625,0.9395855110727386,0.9906513682850075,1
REACTOME_CTLA4_INHIBITORY_SIGNALING,5,5,-0.1947923999023437,5.09277343752057e-06,-0.19479749267578123,0.8491073182912292,0.9906513682850075,-1
REACTOME_INTERACTION_BETWEEN_L1_AND_ANKYRINS,6,6,-0.18899083129882813,1.018554687504114e-05,-0.18900101684570317,0.9420792357695777,0.9906513682850075,-1
REACTOME_DEFECTIVE_INTRINSIC_PATHWAY_FOR_APOPTOSIS,7,7,-0.17358255859375,5.09277343752057e-06,-0.1735876513671875,0.9242470659167236,0.9906513682850075,-1
REACTOME_FOXO_MEDIATED_TRANSCRIPTION,17,17,-0.17358255859375,5.09277343752057e-06,-0.1735876513671875,0.9202045749145716,0.9906513682850075,-1
REACTOME_TRANSLATION_OF_SARS_COV_1_STRUCTURAL_PROTEINS,9,9,-0.14054498931884768,5.09277343752057e-06,-0.1405500820922852,0.8875400582327353,0.9906513682850075,-1
REACTOME_NOTCH1_INTRACELLULAR_DOMAIN_REGULATES_TRANSCRIPTION,14,14,0.13287450509071352,-0.0008090008544921479,0.13368350594520567,0.8891006626501645,0.9906513682850075,1
REACTOME_RECYCLING_PATHWAY_OF_L1,9,9,0.1303675563049317,-0.00040450042724607393,0.13077205673217776,0.9040550169951577,0.9906513682850075,1
REACTOME_RMTS_METHYLATE_HISTONE_ARGININES,11,11,0.11235059906005862,-0.001195230407714798,0.11354582946777342,0.9445945375308336,0.9906513682850075,1
REACTOME_PLATELET_HOMEOSTASIS,19,19,-0.11169041015624998,0.001690551452636746,-0.11338096160888672,0.8788738840339358,0.9906513682850075,-1
REACTOME_SIALIC_ACID_METABOLISM,10,10,-0.11302888763427735,1.018554687504114e-05,-0.11303907318115239,0.864981668763445,0.9906513682850075,-1
REACTOME_MISCELLANEOUS_TRANSPORT_AND_BINDING_EVENTS,6,6,0.11168871429443361,-0.0008090008544921479,0.11249771514892576,0.9510510861806621,0.9906513682850075,1
REACTOME_OVARIAN_TUMOR_DOMAIN_PROTEASES,7,7,0.11033924926757815,-0.00040450042724607393,0.11074374969482423,0.8897331861047948,0.9906513682850075,1
REACTOME_ANCHORING_OF_THE_BASAL_BODY_TO_THE_PLASMA_MEMBRANE,29,29,-0.10484750366210932,0.001690551452636746,-0.10653805511474607,0.8743711954088509,0.9906513682850075,-1
REACTOME_AURKA_ACTIVATION_BY_TPX2,23,23,-0.10484750366210932,0.000834441528320351,-0.10568194519042967,0.961567867268038,0.9906513682850075,-1
REACTOME_METABOLISM_OF_WATER_SOLUBLE_VITAMINS_AND_COFACTORS,25,25,-0.10310003295898434,0.000834441528320351,-0.1039344744873047,0.8929866680926692,0.9906513682850075,-1
REACTOME_RHO_GTPASES_ACTIVATE_WASPS_AND_WAVES,6,6,-0.10320708229064937,0.0,-0.10320708229064937,0.8832789613422919,0.9906513682850075,-1
REACTOME_PCP_CE_PATHWAY,8,8,-0.10147658569335932,1.018554687504114e-05,-0.10148677124023436,0.9186430533792523,0.9906513682850075,-1
REACTOME_BLOOD_GROUP_SYSTEMS_BIOSYNTHESIS,6,6,0.10138255536556245,0.0,0.10138255536556245,0.9302850421017921,0.9906513682850075,1
REACTOME_SIGNALING_BY_NOTCH1,17,17,0.09481098266601568,-0.001195230407714798,0.09600621307373047,0.8992380384567411,0.9906513682850075,1
REACTOME_ONCOGENIC_MAPK_SIGNALING,17,17,-0.09468892944335933,0.000834441528320351,-0.09552337097167968,0.9242323585691898,0.9906513682850075,-1
REACTOME_PLATELET_AGGREGATION_PLUG_FORMATION,7,7,-0.0940089782714843,0.000834441528320351,-0.09484341979980465,0.888426062814078,0.9906513682850075,-1
REACTOME_RAF_ACTIVATION,5,5,-0.09468892944335933,5.09277343752057e-06,-0.09469402221679685,0.9051473518600316,0.9906513682850075,-1
REACTOME_REGULATION_OF_CHOLESTEROL_BIOSYNTHESIS_BY_SREBP_SREBF,16,16,0.09254655303955081,-0.0008090008544921479,0.09335555389404296,0.9106667156491546,0.9906513682850075,1
REACTOME_TRANSPORT_OF_BILE_SALTS_AND_ORGANIC_ACIDS_METAL_IONS_AND_AMINE_COMPOUNDS,11,11,-0.0924715783691406,5.09277343752057e-06,-0.09247667114257813,0.9438784911202985,0.9906513682850075,-1
REACTOME_COPI_INDEPENDENT_GOLGI_TO_ER_RETROGRADE_TRAFFIC,6,6,0.08918308609008793,0.0,0.08918308609008793,0.8519933595015886,0.9906513682850075,1
REACTOME_GLUCONEOGENESIS,6,6,0.08397683692932131,0.0,0.08397683692932131,0.9034528660145758,0.9906513682850075,1
REACTOME_UNFOLDED_PROTEIN_RESPONSE_UPR,22,22,0.08287908935546875,-0.0008090008544921479,0.0836880902099609,0.8702052365438757,0.9906513682850075,1
REACTOME_NOTCH_HLH_TRANSCRIPTION_PATHWAY,6,6,0.0824495641422272,0.0,0.0824495641422272,0.8692460950439073,0.9906513682850075,1
REACTOME_ANTIGEN_PROCESSING_CROSS_PRESENTATION,15,15,-0.0804670947265625,5.09277343752057e-06,-0.08047218750000001,0.8919005197177197,0.9906513682850075,-1
REACTOME_CLEC7A_DECTIN_1_SIGNALING,17,17,-0.0804670947265625,5.09277343752057e-06,-0.08047218750000001,0.8912138933795023,0.9906513682850075,-1
REACTOME_MITOCHONDRIAL_FATTY_ACID_BETA_OXIDATION,5,5,-0.07712337890624993,5.09277343752057e-06,-0.07712847167968745,0.9662615321602382,0.9906513682850075,-1
REACTOME_SIGNALING_BY_NOTCH2,6,6,0.07340878036499027,0.0,0.07340878036499027,0.925100083552399,0.9906513682850075,1
REACTOME_ANTIMICROBIAL_PEPTIDES,8,8,0.07314749595642092,0.0,0.07314749595642092,0.9022386495723324,0.9906513682850075,1
REACTOME_RESOLUTION_OF_D_LOOP_STRUCTURES_THROUGH_SYNTHESIS_DEPENDENT_STRAND_ANNEALING_SDSA,6,6,-0.0729716845703125,0.0,-0.0729716845703125,0.911916210799517,0.9906513682850075,-1
REACTOME_NONHOMOLOGOUS_END_JOINING_NHEJ,6,6,-0.07069551063537596,1.018554687504114e-05,-0.070705696182251,0.8992250637885508,0.9906513682850075,-1
REACTOME_RAC2_GTPASE_CYCLE,12,12,-0.06676986938476559,0.0,-0.06676986938476559,0.9579169064741425,0.9906513682850075,-1
REACTOME_MYD88_INDEPENDENT_TLR4_CASCADE,24,24,0.06420113372802738,-0.001581459960937448,0.06578259368896483,0.9704019401902364,0.9906513682850075,1
REACTOME_RNA_POLYMERASE_III_TRANSCRIPTION_INITIATION_FROM_TYPE_1_PROMOTER,10,10,0.06362062374114993,-0.0008090008544921479,0.06442962459564208,0.9715926090489269,0.9906513682850075,1
REACTOME_TRANSCRIPTION_COUPLED_NUCLEOTIDE_EXCISION_REPAIR_TC_NER,25,25,-0.06362215454101561,5.09277343752057e-06,-0.06362724731445313,0.8901476891361296,0.9906513682850075,-1
REACTOME_TNF_RECEPTOR_SUPERFAMILY_TNFSF_MEMBERS_MEDIATING_NON_CANONICAL_NF_KB_PATHWAY,8,8,0.05927290481567385,0.0,0.05927290481567385,0.8838319677865755,0.9906513682850075,1
REACTOME_PIWI_INTERACTING_RNA_PIRNA_BIOGENESIS,6,6,0.054680417480468785,-0.0008090008544921479,0.05548941833496093,0.9718489698359445,0.9906513682850075,1
REACTOME_ACTIVATION_OF_BH3_ONLY_PROTEINS,7,7,0.0545026794433594,-0.00040450042724607393,0.05490717987060548,0.8749367255887731,0.9906513682850075,1
REACTOME_ASPARAGINE_N_LINKED_GLYCOSYLATION,60,60,-0.04713081970214841,0.0025602459716796977,-0.04969106567382811,0.875857866766045,0.9906513682850075,-1
REACTOME_TRANSFERRIN_ENDOCYTOSIS_AND_RECYCLING,6,6,-0.04942444287300106,0.0,-0.04942444287300106,0.9576657838727184,0.9906513682850075,-1
REACTOME_ACTIVATION_OF_GENE_EXPRESSION_BY_SREBF_SREBP,13,13,0.042580798339843795,-0.00040450042724607393,0.04298529876708987,0.9072353960529974,0.9906513682850075,1
REACTOME_RESOLUTION_OF_AP_SITES_VIA_THE_MULTIPLE_NUCLEOTIDE_PATCH_REPLACEMENT_PATHWAY,13,13,0.042324339599609406,-0.00040450042724607393,0.04272884002685548,0.8546630735971295,0.9906513682850075,1
REACTOME_TERMINATION_OF_O_GLYCAN_BIOSYNTHESIS,6,6,-0.042264273872375496,0.0,-0.042264273872375496,0.8664440970865475,0.9906513682850075,-1
REACTOME_N_GLYCAN_TRIMMING_IN_THE_ER_AND_CALNEXIN_CALRETICULIN_CYCLE,6,6,-0.04115128204345703,0.0,-0.04115128204345703,0.9680657766391823,0.9906513682850075,-1
REACTOME_GABA_B_RECEPTOR_ACTIVATION,11,11,0.039696688232421895,-0.00040450042724607393,0.04010118865966797,0.85632804529193,0.9906513682850075,1
REACTOME_ORGANELLE_BIOGENESIS_AND_MAINTENANCE,71,71,-0.03818746215820312,0.001690551452636746,-0.03987801361083987,0.8553073937472598,0.9906513682850075,-1
REACTOME_VITAMIN_B5_PANTOTHENATE_METABOLISM,5,5,0.03837248775482183,-0.00040450042724607393,0.0387769881820679,0.886235316391712,0.9906513682850075,1
REACTOME_PHASE_I_FUNCTIONALIZATION_OF_COMPOUNDS,11,11,-0.03853558105468746,5.09277343752057e-06,-0.03854067382812498,0.857740537797499,0.9906513682850075,-1
REACTOME_FC_EPSILON_RECEPTOR_FCERI_SIGNALING,32,32,-0.03710660675048827,0.0,-0.03710660675048827,0.94244775782059,0.9906513682850075,-1
REACTOME_SIGNALING_BY_FGFR_IN_DISEASE,13,13,0.034443607177734425,-0.0016770776367187046,0.03612068481445313,0.9631865486174681,0.9906513682850075,1
REACTOME_ACTIVATION_OF_ANTERIOR_HOX_GENES_IN_HINDBRAIN_DEVELOPMENT_DURING_EARLY_EMBRYOGENESIS,21,21,0.034443607177734425,-0.001195230407714798,0.03563883758544922,0.9616182900069977,0.9906513682850075,1
REACTOME_DUAL_INCISION_IN_TC_NER,23,23,0.034443607177734425,-0.00040450042724607393,0.0348481076049805,0.9292955532897642,0.9906513682850075,1
REACTOME_TELOMERE_MAINTENANCE,26,26,0.030334819641113314,-0.0017726953124999612,0.032107514953613275,0.9617223488633592,0.9906513682850075,1
REACTOME_MRNA_SPLICING,44,44,0.031190401000976586,-0.0008090008544921479,0.031999401855468734,0.9672045050635251,0.9906513682850075,1
REACTOME_TRIGLYCERIDE_METABOLISM,8,8,0.02957575134277346,-0.001581459960937448,0.031157211303710908,0.9482506935174722,0.9906513682850075,1
REACTOME_FGFR1_MUTANT_RECEPTOR_ACTIVATION,6,6,0.028174781265258825,-0.0008090008544921479,0.028983782119750973,0.9595562288282763,0.9906513682850075,1
REACTOME_CHROMOSOME_MAINTENANCE,33,33,0.0264332800292969,-0.0021373675537109116,0.028570647583007813,0.9339713158435092,0.9906513682850075,1
REACTOME_EXTENSION_OF_TELOMERES,21,21,0.0264332800292969,-0.0012908480834960545,0.027724128112792956,0.9162029217344938,0.9906513682850075,1
REACTOME_TRNA_PROCESSING,34,34,0.025706012573242232,-0.0008090008544921479,0.02651501342773438,0.9576538695935767,0.9906513682850075,1
REACTOME_SIGNALING_BY_TGFB_FAMILY_MEMBERS,26,26,0.025669582519531275,-0.0008090008544921479,0.026478583374023423,0.9231830590031528,0.9906513682850075,1
REACTOME_SIGNALING_BY_TGF_BETA_RECEPTOR_COMPLEX,22,22,0.025669582519531275,-0.0008090008544921479,0.026478583374023423,0.956394612077942,0.9906513682850075,1
REACTOME_TRANSCRIPTIONAL_ACTIVITY_OF_SMAD2_SMAD3_SMAD4_HETEROTRIMER,14,14,0.025669582519531275,-0.0008090008544921479,0.026478583374023423,0.9210226218049073,0.9906513682850075,1
REACTOME_SIGNALING_BY_PDGF,18,18,-0.02411848022460933,0.0,-0.02411848022460933,0.9610983002377754,0.9906513682850075,-1
REACTOME_INTRA_GOLGI_TRAFFIC,10,10,0.02360648620605474,0.0,0.02360648620605474,0.8683212799247291,0.9906513682850075,1
REACTOME_TRNA_PROCESSING_IN_THE_NUCLEUS,21,21,-0.0217517333984375,5.09277343752057e-06,-0.02175682617187502,0.962398350778754,0.9906513682850075,-1
REACTOME_NEUREXINS_AND_NEUROLIGINS,5,5,-0.020922215576171854,5.09277343752057e-06,-0.020927308349609375,0.9020768786541012,0.9906513682850075,-1
REACTOME_GLYOXYLATE_METABOLISM_AND_GLYCINE_DEGRADATION,7,7,0.01971948486328129,-0.00040450042724607393,0.020123985290527363,0.9172438372758916,0.9906513682850075,1
REACTOME_FORMATION_OF_TUBULIN_FOLDING_INTERMEDIATES_BY_CCT_TRIC,5,5,-0.019270147399902293,5.09277343752057e-06,-0.019275240173339814,0.9302682961187188,0.9906513682850075,-1
REACTOME_REGULATION_OF_TP53_ACTIVITY_THROUGH_METHYLATION,6,6,-0.018468309721946713,0.0,-0.018468309721946713,0.9543580591915676,0.9906513682850075,-1
REACTOME_MITOTIC_PROPHASE,22,22,0.016620375976562518,-0.0017726953124999612,0.01839307128906248,0.9241803908348121,0.9906513682850075,1
REACTOME_TELOMERE_C_STRAND_SYNTHESIS_INITIATION,6,6,0.01632744964599614,0.0,0.01632744964599614,0.9666472520237641,0.9906513682850075,1
REACTOME_CELL_CELL_COMMUNICATION,18,18,-0.01618498870849605,0.0,-0.01618498870849605,0.9339026198012624,0.9906513682850075,-1
REACTOME_EXTRA_NUCLEAR_ESTROGEN_SIGNALING,25,25,0.014619608154296915,-0.001195230407714798,0.015814838562011713,0.9342877578240713,0.9906513682850075,1
REACTOME_SIGNALING_BY_ERBB2,13,13,0.014619608154296915,-0.001195230407714798,0.015814838562011713,0.9701164045438558,0.9906513682850075,1
REACTOME_SIGNALING_BY_ERBB2_IN_CANCER,7,7,0.014619608154296915,-0.001195230407714798,0.015814838562011713,0.9624120760697503,0.9906513682850075,1
REACTOME_SIGNALING_BY_SCF_KIT,11,11,0.014619608154296915,-0.001195230407714798,0.015814838562011713,0.85632804529193,0.9906513682850075,1
REACTOME_PECAM1_INTERACTIONS,6,6,0.014691000905036972,0.0,0.014691000905036972,0.8931230900535341,0.9906513682850075,1
REACTOME_CONSTITUTIVE_SIGNALING_BY_ABERRANT_PI3K_IN_CANCER,20,20,-0.01417340423583982,0.0,-0.01417340423583982,0.8964184362323268,0.9906513682850075,-1
REACTOME_ERYTHROPOIETIN_ACTIVATES_PHOSPHOINOSITIDE_3_KINASE_PI3K,6,6,-0.01417340423583982,0.0,-0.01417340423583982,0.8575818305758297,0.9906513682850075,-1
REACTOME_GABA_RECEPTOR_ACTIVATION,12,12,-0.011607650756835924,0.0,-0.011607650756835924,0.9390535454101497,0.9906513682850075,-1
REACTOME_ABERRANT_REGULATION_OF_MITOTIC_EXIT_IN_CANCER_DUE_TO_RB1_DEFECTS,7,7,0.010739338073730509,-0.00040450042724607393,0.011143838500976583,0.9395855110727386,0.9906513682850075,1
REACTOME_INTERLEUKIN_1_SIGNALING,19,19,0.010101109619140625,-0.00040450042724607393,0.010505610046386699,0.9070656954288436,0.9906513682850075,1
REACTOME_CELL_DEATH_SIGNALLING_VIA_NRAGE_NRIF_AND_NADE,25,25,-0.010192098388671855,5.09277343752057e-06,-0.010197191162109376,0.9514362146707513,0.9906513682850075,-1
REACTOME_G_ALPHA_12_13_SIGNALLING_EVENTS,27,27,-0.010192098388671855,5.09277343752057e-06,-0.010197191162109376,0.9136211579092395,0.9906513682850075,-1
REACTOME_GENERATION_OF_SECOND_MESSENGER_MOLECULES,17,17,-0.010154674072265613,5.09277343752057e-06,-0.010159766845703133,0.9536297871908809,0.9906513682850075,-1
REACTOME_REPRODUCTION,27,27,0.009195379638671897,-0.00040450042724607393,0.00959988006591797,0.9571487696143368,0.9906513682850075,1
REACTOME_L1CAM_INTERACTIONS,22,22,0.008903350524902376,0.0,0.008903350524902376,0.8626808669304444,0.9906513682850075,1
REACTOME_KINESINS,16,16,-0.008157092132568322,0.0,-0.008157092132568322,0.9379492816646762,0.9906513682850075,-1
REACTOME_REGULATION_OF_TP53_ACTIVITY,37,37,0.0053218646240234535,-0.00040450042724607393,0.0057263650512695274,0.8849792992331101,0.9906513682850075,1
REACTOME_RESOLUTION_OF_D_LOOP_STRUCTURES,7,7,0.0053218646240234535,-0.00040450042724607393,0.0057263650512695274,0.9067506636418878,0.9906513682850075,1
REACTOME_RNA_POLYMERASE_I_TRANSCRIPTION_TERMINATION,9,9,0.004763446044921904,-0.00040450042724607393,0.005167946472167978,0.8640334532031223,0.9906513682850075,1
REACTOME_RRNA_MODIFICATION_IN_THE_NUCLEUS_AND_CYTOSOL,19,19,0.00384062866210938,-0.001195230407714798,0.005035859069824178,0.9119579757723502,0.9906513682850075,1
REACTOME_SYNTHESIS_OF_IP3_AND_IP4_IN_THE_CYTOSOL,6,6,-0.0027249716186523165,0.0,-0.0027249716186523165,0.8945307141661267,0.9906513682850075,-1
REACTOME_RET_SIGNALING,7,7,0.0017224053955078311,-0.00040450042724607393,0.002126905822753905,0.8675538353878004,0.9906513682850075,1
REACTOME_E2F_MEDIATED_REGULATION_OF_DNA_REPLICATION,8,8,0.000934150390625027,0.0,0.000934150390625027,0.9104362546836228,0.9906513682850075,1
REACTOME_AUTOPHAGY,30,30,-0.0007477574157714328,0.0,-0.0007477574157714328,0.9164651459830113,0.9906513682850075,-1
REACTOME_DNA_DOUBLE_STRAND_BREAK_REPAIR,36,36,-0.0006249787139892271,0.0,-0.0006249787139892271,0.8978533066015172,0.9906513682850075,-1
REACTOME_INTRACELLULAR_SIGNALING_BY_SECOND_MESSENGERS,63,63,0.0017224053955078311,-0.00040450042724607393,0.002126905822753905,0.9738397447374761,0.9914817690986624,1
REACTOME_DOWNREGULATION_OF_TGF_BETA_RECEPTOR_SIGNALING,8,8,0.05314888778686527,0.0,0.05314888778686527,0.9783398065542683,0.9924674571904311,1
REACTOME_TGF_BETA_RECEPTOR_SIGNALING_ACTIVATES_SMADS,8,8,0.05314888778686527,0.0,0.05314888778686527,0.9783398065542683,0.9924674571904311,1
REACTOME_MEIOTIC_RECOMBINATION,6,6,0.02495960128784183,-0.0008090008544921479,0.02576860214233398,0.9775248704026165,0.9924674571904311,1
REACTOME_G2_M_DNA_DAMAGE_CHECKPOINT,12,12,-0.04311807891845704,0.0,-0.04311807891845704,0.9836756317468077,0.9954844628602147,-1
REACTOME_TRANSPORT_OF_SMALL_MOLECULES,125,125,0.0017224053955078311,-0.001195230407714798,0.002917635803222629,0.982913359737544,0.9954844628602147,1
REACTOME_MATURATION_OF_PROTEIN_3A,5,5,-0.22163871582031253,5.09277343752057e-06,-0.22164380859375005,0.9873772712244602,0.9962172824795616,-1
REACTOME_CELLULAR_RESPONSE_TO_STARVATION,16,16,0.06706780334472659,0.0,0.06706780334472659,0.989126768013515,0.9962172824795616,1
REACTOME_RETROGRADE_TRANSPORT_AT_THE_TRANS_GOLGI_NETWORK,13,13,0.03980490844726564,-0.001195230407714798,0.04100013885498044,0.9862939415601634,0.9962172824795616,1
REACTOME_PHOSPHOLIPID_METABOLISM,54,54,-0.0019739154052734187,0.0,-0.0019739154052734187,0.988963470667367,0.9962172824795616,-1
REACTOME_HOMOLOGOUS_DNA_PAIRING_AND_STRAND_EXCHANGE,12,12,-0.04311807891845704,0.0,-0.04311807891845704,0.9926106654863962,0.9965709548397116,-1
REACTOME_RHO_GTPASES_ACTIVATE_IQGAPS,5,5,-0.019270147399902293,5.09277343752057e-06,-0.019275240173339814,0.9925292179461572,0.9965709548397116,-1
REACTOME_SYNTHESIS_OF_PIPS_AT_THE_PLASMA_MEMBRANE,19,19,-0.018567438964843752,5.09277343752057e-06,-0.018572531738281273,0.9930244389861895,0.9965709548397116,-1
REACTOME_RUNX2_REGULATES_BONE_DEVELOPMENT,7,7,-0.14381273071289064,5.09277343752057e-06,-0.14381782348632816,0.9958221034380004,0.9978550667704722,-1
REACTOME_HDR_THROUGH_SINGLE_STRAND_ANNEALING_SSA,12,12,-0.04311807891845704,0.0,-0.04311807891845704,0.9970785999580547,0.9978550667704722,-1
REACTOME_HOMOLOGY_DIRECTED_REPAIR,28,28,0.02382310211181643,-0.0008090008544921479,0.024632102966308578,0.9978550667704722,0.9978550667704722,1
REACTOME_2_LTR_CIRCLE_FORMATION,0,0,,,,,,0
REACTOME_ABACAVIR_METABOLISM,1,1,,,,,,0
REACTOME_ABACAVIR_TRANSMEMBRANE_TRANSPORT,2,2,,,,,,0
REACTOME_ABACAVIR_TRANSPORT_AND_METABOLISM,3,3,,,,,,0
REACTOME_ACETYLCHOLINE_BINDING_AND_DOWNSTREAM_EVENTS,2,2,,,,,,0
REACTOME_ACETYLCHOLINE_INHIBITS_CONTRACTION_OF_OUTER_HAIR_CELLS,0,0,,,,,,0
REACTOME_ACETYLCHOLINE_NEUROTRANSMITTER_RELEASE_CYCLE,2,2,,,,,,0
REACTOME_ACETYLCHOLINE_REGULATES_INSULIN_SECRETION,1,1,,,,,,0
REACTOME_ACROSOME_REACTION_AND_SPERM_OOCYTE_MEMBRANE_BINDING,2,2,,,,,,0
REACTOME_ACTIVATED_NTRK2_SIGNALS_THROUGH_CDK5,0,0,,,,,,0
REACTOME_ACTIVATED_NTRK2_SIGNALS_THROUGH_FRS2_AND_FRS3,1,1,,,,,,0
REACTOME_ACTIVATED_NTRK2_SIGNALS_THROUGH_FYN,1,1,,,,,,0
REACTOME_ACTIVATED_NTRK2_SIGNALS_THROUGH_PI3K,1,1,,,,,,0
REACTOME_ACTIVATED_NTRK2_SIGNALS_THROUGH_RAS,1,1,,,,,,0
REACTOME_ACTIVATED_NTRK3_SIGNALS_THROUGH_PI3K,1,1,,,,,,0
REACTOME_ACTIVATED_NTRK3_SIGNALS_THROUGH_RAS,1,1,,,,,,0
REACTOME_ACTIVATED_PKN1_STIMULATES_TRANSCRIPTION_OF_AR_ANDROGEN_RECEPTOR_REGULATED_GENES_KLK2_AND_KLK3,0,0,,,,,,0
REACTOME_ACTIVATED_TAK1_MEDIATES_P38_MAPK_ACTIVATION,3,3,,,,,,0
REACTOME_ACTIVATION_OF_AMPK_DOWNSTREAM_OF_NMDARS,4,4,,,,,,0
REACTOME_ACTIVATION_OF_BAD_AND_TRANSLOCATION_TO_MITOCHONDRIA,1,1,,,,,,0
REACTOME_ACTIVATION_OF_C3_AND_C5,1,1,,,,,,0
REACTOME_ACTIVATION_OF_CASPASES_THROUGH_APOPTOSOME_MEDIATED_CLEAVAGE,1,1,,,,,,0
REACTOME_ACTIVATION_OF_IRF3_IRF7_MEDIATED_BY_TBK1_IKK_EPSILON,4,4,,,,,,0
REACTOME_ACTIVATION_OF_NIMA_KINASES_NEK9_NEK6_NEK7,0,0,,,,,,0
REACTOME_ACTIVATION_OF_NOXA_AND_TRANSLOCATION_TO_MITOCHONDRIA,3,3,,,,,,0
REACTOME_ACTIVATION_OF_PPARGC1A_PGC_1ALPHA_BY_PHOSPHORYLATION,1,1,,,,,,0
REACTOME_ACTIVATION_OF_PUMA_AND_TRANSLOCATION_TO_MITOCHONDRIA,3,3,,,,,,0
REACTOME_ACTIVATION_OF_RAC1,2,2,,,,,,0
REACTOME_ACTIVATION_OF_RAC1_DOWNSTREAM_OF_NMDARS,1,1,,,,,,0
REACTOME_ACTIVATION_OF_RAS_IN_B_CELLS,1,1,,,,,,0
REACTOME_ACTIVATION_OF_SMO,4,4,,,,,,0
REACTOME_ACTIVATION_OF_THE_AP_1_FAMILY_OF_TRANSCRIPTION_FACTORS,4,4,,,,,,0
REACTOME_ACTIVATION_OF_THE_PHOTOTRANSDUCTION_CASCADE,2,2,,,,,,0
REACTOME_ACTIVATION_OF_THE_TFAP2_AP_2_FAMILY_OF_TRANSCRIPTION_FACTORS,3,3,,,,,,0
REACTOME_ACTIVATION_OF_TRKA_RECEPTORS,0,0,,,,,,0
REACTOME_ACYL_CHAIN_REMODELING_OF_CL,0,0,,,,,,0
REACTOME_ACYL_CHAIN_REMODELING_OF_DAG_AND_TAG,0,0,,,,,,0
REACTOME_ACYL_CHAIN_REMODELLING_OF_PC,2,2,,,,,,0
REACTOME_ACYL_CHAIN_REMODELLING_OF_PE,3,3,,,,,,0
REACTOME_ACYL_CHAIN_REMODELLING_OF_PG,2,2,,,,,,0
REACTOME_ACYL_CHAIN_REMODELLING_OF_PI,1,1,,,,,,0
REACTOME_ACYL_CHAIN_REMODELLING_OF_PS,3,3,,,,,,0
REACTOME_ADENYLATE_CYCLASE_ACTIVATING_PATHWAY,2,2,,,,,,0
REACTOME_ADENYLATE_CYCLASE_INHIBITORY_PATHWAY,2,2,,,,,,0
REACTOME_ADHERENS_JUNCTIONS_INTERACTIONS,2,2,,,,,,0
REACTOME_ADRENOCEPTORS,1,1,,,,,,0
REACTOME_AFLATOXIN_ACTIVATION_AND_DETOXIFICATION,2,2,,,,,,0
REACTOME_AKT_PHOSPHORYLATES_TARGETS_IN_THE_CYTOSOL,0,0,,,,,,0
REACTOME_AKT_PHOSPHORYLATES_TARGETS_IN_THE_NUCLEUS,2,2,,,,,,0
REACTOME_ALK_MUTANTS_BIND_TKIS,1,1,,,,,,0
REACTOME_ALPHA_DEFENSINS,0,0,,,,,,0
REACTOME_ALPHA_LINOLENIC_OMEGA3_AND_LINOLEIC_OMEGA6_ACID_METABOLISM,1,1,,,,,,0
REACTOME_ALPHA_OXIDATION_OF_PHYTANATE,2,2,,,,,,0
REACTOME_ALPHA_PROTEIN_KINASE_1_SIGNALING_PATHWAY,4,4,,,,,,0
REACTOME_ALTERNATIVE_COMPLEMENT_ACTIVATION,3,3,,,,,,0
REACTOME_AMINE_LIGAND_BINDING_RECEPTORS,1,1,,,,,,0
REACTOME_AMINO_ACID_CONJUGATION,1,1,,,,,,0
REACTOME_AMINO_ACID_TRANSPORT_ACROSS_THE_PLASMA_MEMBRANE,2,2,,,,,,0
REACTOME_AMPK_INHIBITS_CHREBP_TRANSCRIPTIONAL_ACTIVATION_ACTIVITY,1,1,,,,,,0
REACTOME_ANCHORING_FIBRIL_FORMATION,1,1,,,,,,0
REACTOME_ANDROGEN_BIOSYNTHESIS,1,1,,,,,,0
REACTOME_ANTIGEN_PRESENTATION_FOLDING_ASSEMBLY_AND_PEPTIDE_LOADING_OF_CLASS_I_MHC,4,4,,,,,,0
REACTOME_APEX1_INDEPENDENT_RESOLUTION_OF_AP_SITES_VIA_THE_SINGLE_NUCLEOTIDE_REPLACEMENT_PATHWAY,2,2,,,,,,0
REACTOME_APOBEC3G_MEDIATED_RESISTANCE_TO_HIV_1_INFECTION,1,1,,,,,,0
REACTOME_APOPTOSIS_INDUCED_DNA_FRAGMENTATION,4,4,,,,,,0
REACTOME_APOPTOTIC_CLEAVAGE_OF_CELL_ADHESION_PROTEINS,2,2,,,,,,0
REACTOME_APOPTOTIC_FACTOR_MEDIATED_RESPONSE,1,1,,,,,,0
REACTOME_ARACHIDONATE_PRODUCTION_FROM_DAG,0,0,,,,,,0
REACTOME_ARMS_MEDIATED_ACTIVATION,1,1,,,,,,0
REACTOME_ARYL_HYDROCARBON_RECEPTOR_SIGNALLING,1,1,,,,,,0
REACTOME_ASPARTATE_AND_ASPARAGINE_METABOLISM,2,2,,,,,,0
REACTOME_ASSEMBLY_OF_ACTIVE_LPL_AND_LIPC_LIPASE_COMPLEXES,2,2,,,,,,0
REACTOME_ATF6_ATF6_ALPHA_ACTIVATES_CHAPERONES,4,4,,,,,,0
REACTOME_ATF6_ATF6_ALPHA_ACTIVATES_CHAPERONE_GENES,4,4,,,,,,0
REACTOME_ATTACHMENT_AND_ENTRY,1,1,,,,,,0
REACTOME_ATTACHMENT_OF_GPI_ANCHOR_TO_UPAR,3,3,,,,,,0
REACTOME_BASIGIN_INTERACTIONS,4,4,,,,,,0
REACTOME_BETA_CATENIN_PHOSPHORYLATION_CASCADE,1,1,,,,,,0
REACTOME_BETA_DEFENSINS,2,2,,,,,,0
REACTOME_BETA_OXIDATION_OF_BUTANOYL_COA_TO_ACETYL_COA,2,2,,,,,,0
REACTOME_BETA_OXIDATION_OF_DECANOYL_COA_TO_OCTANOYL_COA_COA,2,2,,,,,,0
REACTOME_BETA_OXIDATION_OF_HEXANOYL_COA_TO_BUTANOYL_COA,1,1,,,,,,0
REACTOME_BETA_OXIDATION_OF_LAUROYL_COA_TO_DECANOYL_COA_COA,1,1,,,,,,0
REACTOME_BETA_OXIDATION_OF_OCTANOYL_COA_TO_HEXANOYL_COA,2,2,,,,,,0
REACTOME_BETA_OXIDATION_OF_PRISTANOYL_COA,3,3,,,,,,0
REACTOME_BETA_OXIDATION_OF_VERY_LONG_CHAIN_FATTY_ACIDS,4,4,,,,,,0
REACTOME_BH3_ONLY_PROTEINS_ASSOCIATE_WITH_AND_INACTIVATE_ANTI_APOPTOTIC_BCL_2_MEMBERS,4,4,,,,,,0
REACTOME_BICARBONATE_TRANSPORTERS,3,3,,,,,,0
REACTOME_BINDING_OF_TCF_LEF_CTNNB1_TO_TARGET_GENE_PROMOTERS,3,3,,,,,,0
REACTOME_BIOSYNTHESIS_OF_EPA_DERIVED_SPMS,1,1,,,,,,0
REACTOME_BIOSYNTHESIS_OF_MARESINS,1,1,,,,,,0
REACTOME_BIOSYNTHESIS_OF_MARESIN_LIKE_SPMS,0,0,,,,,,0
REACTOME_BIOSYNTHESIS_OF_SPECIALIZED_PRORESOLVING_MEDIATORS_SPMS,4,4,,,,,,0
REACTOME_BIOTIN_TRANSPORT_AND_METABOLISM,2,2,,,,,,0
REACTOME_BUDDING_AND_MATURATION_OF_HIV_VIRION,4,4,,,,,,0
REACTOME_BUTYRATE_RESPONSE_FACTOR_1_BRF1_BINDS_AND_DESTABILIZES_MRNA,4,4,,,,,,0
REACTOME_BUTYROPHILIN_BTN_FAMILY_INTERACTIONS,4,4,,,,,,0
REACTOME_CA2_ACTIVATED_K_CHANNELS,1,1,,,,,,0
REACTOME_CALCINEURIN_ACTIVATES_NFAT,3,3,,,,,,0
REACTOME_CALCITONIN_LIKE_LIGAND_RECEPTORS,2,2,,,,,,0
REACTOME_CALNEXIN_CALRETICULIN_CYCLE,4,4,,,,,,0
REACTOME_CAMK_IV_MEDIATED_PHOSPHORYLATION_OF_CREB,1,1,,,,,,0
REACTOME_CARNITINE_METABOLISM,3,3,,,,,,0
REACTOME_CASPASE_ACTIVATION_VIA_DEPENDENCE_RECEPTORS_IN_THE_ABSENCE_OF_LIGAND,3,3,,,,,,0
REACTOME_CASPASE_MEDIATED_CLEAVAGE_OF_CYTOSKELETAL_PROTEINS,4,4,,,,,,0
REACTOME_CATION_COUPLED_CHLORIDE_COTRANSPORTERS,2,2,,,,,,0
REACTOME_CD163_MEDIATING_AN_ANTI_INFLAMMATORY_RESPONSE,2,2,,,,,,0
REACTOME_CD22_MEDIATED_BCR_REGULATION,2,2,,,,,,0
REACTOME_CD28_DEPENDENT_VAV1_PATHWAY,2,2,,,,,,0
REACTOME_CELL_EXTRACELLULAR_MATRIX_INTERACTIONS,1,1,,,,,,0
REACTOME_CGMP_EFFECTS,3,3,,,,,,0
REACTOME_CHK1_CHK2_CDS1_MEDIATED_INACTIVATION_OF_CYCLIN_B_CDK1_COMPLEX,0,0,,,,,,0
REACTOME_CHL1_INTERACTIONS,3,3,,,,,,0
REACTOME_CHOLINE_CATABOLISM,0,0,,,,,,0
REACTOME_CHONDROITIN_SULFATE_BIOSYNTHESIS,2,2,,,,,,0
REACTOME_CHREBP_ACTIVATES_METABOLIC_GENE_EXPRESSION,2,2,,,,,,0
REACTOME_CHYLOMICRON_ASSEMBLY,2,2,,,,,,0
REACTOME_CHYLOMICRON_CLEARANCE,4,4,,,,,,0
REACTOME_CHYLOMICRON_REMODELING,2,2,,,,,,0
REACTOME_CITRIC_ACID_CYCLE_TCA_CYCLE,4,4,,,,,,0
REACTOME_CLASS_C_3_METABOTROPIC_GLUTAMATE_PHEROMONE_RECEPTORS,1,1,,,,,,0
REACTOME_CLEC7A_INFLAMMASOME_PATHWAY,3,3,,,,,,0
REACTOME_COBALAMIN_CBL_VITAMIN_B12_TRANSPORT_AND_METABOLISM,4,4,,,,,,0
REACTOME_COENZYME_A_BIOSYNTHESIS,3,3,,,,,,0
REACTOME_COHESIN_LOADING_ONTO_CHROMATIN,4,4,,,,,,0
REACTOME_COMPETING_ENDOGENOUS_RNAS_CERNAS_REGULATE_PTEN_TRANSLATION,3,3,,,,,,0
REACTOME_CONDENSATION_OF_PROMETAPHASE_CHROMOSOMES,3,3,,,,,,0
REACTOME_CONDENSATION_OF_PROPHASE_CHROMOSOMES,4,4,,,,,,0
REACTOME_CONJUGATION_OF_BENZOATE_WITH_GLYCINE,1,1,,,,,,0
REACTOME_CONSTITUTIVE_SIGNALING_BY_EGFRVIII,4,4,,,,,,0
REACTOME_CONSTITUTIVE_SIGNALING_BY_OVEREXPRESSED_ERBB2,2,2,,,,,,0
REACTOME_CREATINE_METABOLISM,1,1,,,,,,0
REACTOME_CREATION_OF_C4_AND_C2_ACTIVATORS,4,4,,,,,,0
REACTOME_CREB1_PHOSPHORYLATION_THROUGH_THE_ACTIVATION_OF_ADENYLATE_CYCLASE,4,4,,,,,,0
REACTOME_CREB1_PHOSPHORYLATION_THROUGH_THE_ACTIVATION_OF_CAMKII_CAMKK_CAMKIV_CASCASDE,0,0,,,,,,0
REACTOME_CREB3_FACTORS_ACTIVATE_GENES,2,2,,,,,,0
REACTOME_CREB_PHOSPHORYLATION,3,3,,,,,,0
REACTOME_CRISTAE_FORMATION,3,3,,,,,,0
REACTOME_CRMPS_IN_SEMA3A_SIGNALING,2,2,,,,,,0
REACTOME_CROSSLINKING_OF_COLLAGEN_FIBRILS,3,3,,,,,,0
REACTOME_CROSS_PRESENTATION_OF_PARTICULATE_EXOGENOUS_ANTIGENS_PHAGOSOMES,1,1,,,,,,0
REACTOME_CROSS_PRESENTATION_OF_SOLUBLE_EXOGENOUS_ANTIGENS_ENDOSOMES,3,3,,,,,,0
REACTOME_CS_DS_DEGRADATION,1,1,,,,,,0
REACTOME_CYCLIN_A_B1_B2_ASSOCIATED_EVENTS_DURING_G2_M_TRANSITION,3,3,,,,,,0
REACTOME_CYP2E1_REACTIONS,0,0,,,,,,0
REACTOME_CYTOCHROME_C_MEDIATED_APOPTOTIC_RESPONSE,1,1,,,,,,0
REACTOME_CYTOCHROME_P450_ARRANGED_BY_SUBSTRATE_TYPE,4,4,,,,,,0
REACTOME_CYTOSOLIC_IRON_SULFUR_CLUSTER_ASSEMBLY,2,2,,,,,,0
REACTOME_CYTOSOLIC_TRNA_AMINOACYLATION,1,1,,,,,,0
REACTOME_DCC_MEDIATED_ATTRACTIVE_SIGNALING,4,4,,,,,,0
REACTOME_DEADENYLATION_OF_MRNA,3,3,,,,,,0
REACTOME_DEFECTIVE_B4GALT1_CAUSES_B4GALT1_CDG_CDG_2D,0,0,,,,,,0
REACTOME_DEFECTIVE_B4GALT7_CAUSES_EDS_PROGEROID_TYPE,4,4,,,,,,0
REACTOME_DEFECTIVE_C1GALT1C1_CAUSES_TNPS,1,1,,,,,,0
REACTOME_DEFECTIVE_CHST14_CAUSES_EDS_MUSCULOCONTRACTURAL_TYPE,1,1,,,,,,0
REACTOME_DEFECTIVE_CHST3_CAUSES_SEDCJD,1,1,,,,,,0
REACTOME_DEFECTIVE_CHST6_CAUSES_MCDC1,0,0,,,,,,0
REACTOME_DEFECTIVE_CHSY1_CAUSES_TPBS,1,1,,,,,,0
REACTOME_DEFECTIVE_CSF2RB_CAUSES_SMDP5,0,0,,,,,,0
REACTOME_DEFECTIVE_EXT2_CAUSES_EXOSTOSES_2,2,2,,,,,,0
REACTOME_DEFECTIVE_F9_ACTIVATION,2,2,,,,,,0
REACTOME_DEFECTIVE_FACTOR_IX_CAUSES_HEMOPHILIA_B,2,2,,,,,,0
REACTOME_DEFECTIVE_FACTOR_VIII_CAUSES_HEMOPHILIA_A,2,2,,,,,,0
REACTOME_DEFECTIVE_GALNT3_CAUSES_HFTC,2,2,,,,,,0
REACTOME_DEFECTIVE_LFNG_CAUSES_SCDO3,0,0,,,,,,0
REACTOME_DEFECTIVE_RIPK1_MEDIATED_REGULATED_NECROSIS,1,1,,,,,,0
REACTOME_DEFECTIVE_ST3GAL3_CAUSES_MCT12_AND_EIEE15,1,1,,,,,,0
REACTOME_DEFECTS_IN_BIOTIN_BTN_METABOLISM,1,1,,,,,,0
REACTOME_DEFECTS_IN_COBALAMIN_B12_METABOLISM,3,3,,,,,,0
REACTOME_DEFECTS_IN_VITAMIN_AND_COFACTOR_METABOLISM,4,4,,,,,,0
REACTOME_DEFENSINS,2,2,,,,,,0
REACTOME_DERMATAN_SULFATE_BIOSYNTHESIS,1,1,,,,,,0
REACTOME_DEX_H_BOX_HELICASES_ACTIVATE_TYPE_I_IFN_AND_INFLAMMATORY_CYTOKINES_PRODUCTION,0,0,,,,,,0
REACTOME_DIGESTION,1,1,,,,,,0
REACTOME_DIGESTION_AND_ABSORPTION,2,2,,,,,,0
REACTOME_DIGESTION_OF_DIETARY_CARBOHYDRATE,1,1,,,,,,0
REACTOME_DIGESTION_OF_DIETARY_LIPID,0,0,,,,,,0
REACTOME_DISASSEMBLY_OF_THE_DESTRUCTION_COMPLEX_AND_RECRUITMENT_OF_AXIN_TO_THE_MEMBRANE,2,2,,,,,,0
REACTOME_DISEASES_ASSOCIATED_WITH_SURFACTANT_METABOLISM,1,1,,,,,,0
REACTOME_DISEASES_OF_BASE_EXCISION_REPAIR,3,3,,,,,,0
REACTOME_DISEASES_OF_MISMATCH_REPAIR_MMR,1,1,,,,,,0
REACTOME_DISINHIBITION_OF_SNARE_FORMATION,0,0,,,,,,0
REACTOME_DISPLACEMENT_OF_DNA_GLYCOSYLASE_BY_APEX1,4,4,,,,,,0
REACTOME_DISSOLUTION_OF_FIBRIN_CLOT,4,4,,,,,,0
REACTOME_DNA_DAMAGE_REVERSAL,2,2,,,,,,0
REACTOME_DNA_METHYLATION,0,0,,,,,,0
REACTOME_DNA_REPLICATION_INITIATION,3,3,,,,,,0
REACTOME_DOPAMINE_CLEARANCE_FROM_THE_SYNAPTIC_CLEFT,1,1,,,,,,0
REACTOME_DOPAMINE_NEUROTRANSMITTER_RELEASE_CYCLE,2,2,,,,,,0
REACTOME_DOPAMINE_RECEPTORS,0,0,,,,,,0
REACTOME_DOWNREGULATION_OF_ERBB4_SIGNALING,3,3,,,,,,0
REACTOME_DOWNSTREAM_SIGNALING_OF_ACTIVATED_FGFR3,4,4,,,,,,0
REACTOME_DOWNSTREAM_SIGNALING_OF_ACTIVATED_FGFR4,4,4,,,,,,0
REACTOME_DSCAM_INTERACTIONS,2,2,,,,,,0
REACTOME_E2F_ENABLED_INHIBITION_OF_PRE_REPLICATION_COMPLEX_FORMATION,4,4,,,,,,0
REACTOME_EARLY_PHASE_OF_HIV_LIFE_CYCLE,3,3,,,,,,0
REACTOME_EGFR_INTERACTS_WITH_PHOSPHOLIPASE_C_GAMMA,3,3,,,,,,0
REACTOME_EGFR_TRANSACTIVATION_BY_GASTRIN,1,1,,,,,,0
REACTOME_EICOSANOIDS,0,0,,,,,,0
REACTOME_ELECTRIC_TRANSMISSION_ACROSS_GAP_JUNCTIONS,0,0,,,,,,0
REACTOME_ELEVATION_OF_CYTOSOLIC_CA2_LEVELS,4,4,,,,,,0
REACTOME_ENDOGENOUS_STEROLS,3,3,,,,,,0
REACTOME_ENDOSOMAL_SORTING_COMPLEX_REQUIRED_FOR_TRANSPORT_ESCRT,4,4,,,,,,0
REACTOME_ENDOSOMAL_VACUOLAR_PATHWAY,3,3,,,,,,0
REACTOME_ENERGY_DEPENDENT_REGULATION_OF_MTOR_BY_LKB1_AMPK,4,4,,,,,,0
REACTOME_ENOS_ACTIVATION,2,2,,,,,,0
REACTOME_EPHRIN_SIGNALING,3,3,,,,,,0
REACTOME_ERBB2_REGULATES_CELL_MOTILITY,4,4,,,,,,0
REACTOME_ERKS_ARE_INACTIVATED,1,1,,,,,,0
REACTOME_ERK_MAPK_TARGETS,4,4,,,,,,0
REACTOME_ERYTHROPOIETIN_ACTIVATES_PHOSPHOLIPASE_C_GAMMA_PLCG,3,3,,,,,,0
REACTOME_ERYTHROPOIETIN_ACTIVATES_RAS,4,4,,,,,,0
REACTOME_ERYTHROPOIETIN_ACTIVATES_STAT5,3,3,,,,,,0
REACTOME_ER_QUALITY_CONTROL_COMPARTMENT_ERQC,4,4,,,,,,0
REACTOME_ESTABLISHMENT_OF_SISTER_CHROMATID_COHESION,4,4,,,,,,0
REACTOME_ESTROGEN_BIOSYNTHESIS,0,0,,,,,,0
REACTOME_ESTROGEN_STIMULATED_SIGNALING_THROUGH_PRKCZ,2,2,,,,,,0
REACTOME_ETHANOL_OXIDATION,1,1,,,,,,0
REACTOME_EXTRINSIC_PATHWAY_OF_FIBRIN_CLOT_FORMATION,0,0,,,,,,0
REACTOME_FASL_CD95L_SIGNALING,3,3,,,,,,0
REACTOME_FATTY_ACIDS,0,0,,,,,,0
REACTOME_FATTY_ACIDS_BOUND_TO_GPR40_FFAR1_REGULATE_INSULIN_SECRETION,1,1,,,,,,0
REACTOME_FBXW7_MUTANTS_AND_NOTCH1_IN_CANCER,0,0,,,,,,0
REACTOME_FGFR1B_LIGAND_BINDING_AND_ACTIVATION,1,1,,,,,,0
REACTOME_FGFR1C_LIGAND_BINDING_AND_ACTIVATION,1,1,,,,,,0
REACTOME_FGFR1_LIGAND_BINDING_AND_ACTIVATION,2,2,,,,,,0
REACTOME_FGFR2B_LIGAND_BINDING_AND_ACTIVATION,3,3,,,,,,0
REACTOME_FGFR2C_LIGAND_BINDING_AND_ACTIVATION,1,1,,,,,,0
REACTOME_FGFR2_LIGAND_BINDING_AND_ACTIVATION,4,4,,,,,,0
REACTOME_FGFR3B_LIGAND_BINDING_AND_ACTIVATION,1,1,,,,,,0
REACTOME_FGFR3_LIGAND_BINDING_AND_ACTIVATION,2,2,,,,,,0
REACTOME_FGFRL1_MODULATION_OF_FGFR1_SIGNALING,1,1,,,,,,0
REACTOME_FIBRONECTIN_MATRIX_FORMATION,0,0,,,,,,0
REACTOME_FICOLINS_BIND_TO_REPETITIVE_CARBOHYDRATE_STRUCTURES_ON_THE_TARGET_CELL_SURFACE,1,1,,,,,,0
REACTOME_FLT3_SIGNALING_BY_CBL_MUTANTS,3,3,,,,,,0
REACTOME_FLT3_SIGNALING_THROUGH_SRC_FAMILY_KINASES,3,3,,,,,,0
REACTOME_FOLDING_OF_ACTIN_BY_CCT_TRIC,3,3,,,,,,0
REACTOME_FORMATION_OF_APOPTOSOME,0,0,,,,,,0
REACTOME_FORMATION_OF_ATP_BY_CHEMIOSMOTIC_COUPLING,0,0,,,,,,0
REACTOME_FORMATION_OF_SENESCENCE_ASSOCIATED_HETEROCHROMATIN_FOCI_SAHF,1,1,,,,,,0
REACTOME_FORMATION_OF_XYLULOSE_5_PHOSPHATE,0,0,,,,,,0
REACTOME_FORMYL_PEPTIDE_RECEPTORS_BIND_FORMYL_PEPTIDES_AND_MANY_OTHER_LIGANDS,3,3,,,,,,0
REACTOME_FOXO_MEDIATED_TRANSCRIPTION_OF_CELL_CYCLE_GENES,4,4,,,,,,0
REACTOME_FREE_FATTY_ACIDS_REGULATE_INSULIN_SECRETION,1,1,,,,,,0
REACTOME_FREE_FATTY_ACID_RECEPTORS,0,0,,,,,,0
REACTOME_FRS_MEDIATED_FGFR1_SIGNALING,3,3,,,,,,0
REACTOME_FRS_MEDIATED_FGFR2_SIGNALING,3,3,,,,,,0
REACTOME_FRS_MEDIATED_FGFR3_SIGNALING,2,2,,,,,,0
REACTOME_FRS_MEDIATED_FGFR4_SIGNALING,2,2,,,,,,0
REACTOME_FRUCTOSE_CATABOLISM,1,1,,,,,,0
REACTOME_FRUCTOSE_METABOLISM,1,1,,,,,,0
REACTOME_G2_M_DNA_REPLICATION_CHECKPOINT,0,0,,,,,,0
REACTOME_G2_PHASE,1,1,,,,,,0
REACTOME_GAB1_SIGNALOSOME,3,3,,,,,,0
REACTOME_GABA_SYNTHESIS_RELEASE_REUPTAKE_AND_DEGRADATION,1,1,,,,,,0
REACTOME_GALACTOSE_CATABOLISM,3,3,,,,,,0
REACTOME_GAMMA_CARBOXYLATION_TRANSPORT_AND_AMINO_TERMINAL_CLEAVAGE_OF_PROTEINS,1,1,,,,,,0
REACTOME_GAP_JUNCTION_ASSEMBLY,3,3,,,,,,0
REACTOME_GAP_JUNCTION_DEGRADATION,2,2,,,,,,0
REACTOME_GASTRIN_CREB_SIGNALLING_PATHWAY_VIA_PKC_AND_MAPK,2,2,,,,,,0
REACTOME_GDP_FUCOSE_BIOSYNTHESIS,1,1,,,,,,0
REACTOME_GLI_PROTEINS_BIND_PROMOTERS_OF_HH_RESPONSIVE_GENES_TO_PROMOTE_TRANSCRIPTION,1,1,,,,,,0
REACTOME_GLUCOCORTICOID_BIOSYNTHESIS,0,0,,,,,,0
REACTOME_GLUCURONIDATION,0,0,,,,,,0
REACTOME_GLUTAMATE_AND_GLUTAMINE_METABOLISM,2,2,,,,,,0
REACTOME_GLUTAMATE_NEUROTRANSMITTER_RELEASE_CYCLE,3,3,,,,,,0
REACTOME_GLUTATHIONE_SYNTHESIS_AND_RECYCLING,2,2,,,,,,0
REACTOME_GLYCEROPHOSPHOLIPID_CATABOLISM,3,3,,,,,,0
REACTOME_GLYCOGEN_BREAKDOWN_GLYCOGENOLYSIS,4,4,,,,,,0
REACTOME_GOLGI_CISTERNAE_PERICENTRIOLAR_STACK_REORGANIZATION,0,0,,,,,,0
REACTOME_GP1B_IX_V_ACTIVATION_SIGNALLING,4,4,,,,,,0
REACTOME_GRB2_EVENTS_IN_ERBB2_SIGNALING,4,4,,,,,,0
REACTOME_GRB2_SOS_PROVIDES_LINKAGE_TO_MAPK_SIGNALING_FOR_INTEGRINS,2,2,,,,,,0
REACTOME_GRB7_EVENTS_IN_ERBB2_SIGNALING,3,3,,,,,,0
REACTOME_HDL_ASSEMBLY,2,2,,,,,,0
REACTOME_HDL_CLEARANCE,1,1,,,,,,0
REACTOME_HDL_REMODELING,4,4,,,,,,0
REACTOME_HDR_THROUGH_MMEJ_ALT_NHEJ,3,3,,,,,,0
REACTOME_HEDGEHOG_LIGAND_BIOGENESIS,4,4,,,,,,0
REACTOME_HEME_BIOSYNTHESIS,3,3,,,,,,0
REACTOME_HEME_DEGRADATION,2,2,,,,,,0
REACTOME_HIGHLY_CALCIUM_PERMEABLE_NICOTINIC_ACETYLCHOLINE_RECEPTORS,1,1,,,,,,0
REACTOME_HIGHLY_CALCIUM_PERMEABLE_POSTSYNAPTIC_NICOTINIC_ACETYLCHOLINE_RECEPTORS,1,1,,,,,,0
REACTOME_HIGHLY_SODIUM_PERMEABLE_POSTSYNAPTIC_ACETYLCHOLINE_NICOTINIC_RECEPTORS,1,1,,,,,,0
REACTOME_HISTIDINE_CATABOLISM,0,0,,,,,,0
REACTOME_HORMONE_LIGAND_BINDING_RECEPTORS,0,0,,,,,,0
REACTOME_HS_GAG_BIOSYNTHESIS,3,3,,,,,,0
REACTOME_HS_GAG_DEGRADATION,4,4,,,,,,0
REACTOME_HUR_ELAVL1_BINDS_AND_STABILIZES_MRNA,0,0,,,,,,0
REACTOME_HYALURONAN_BIOSYNTHESIS_AND_EXPORT,2,2,,,,,,0
REACTOME_HYALURONAN_METABOLISM,3,3,,,,,,0
REACTOME_HYALURONAN_UPTAKE_AND_DEGRADATION,1,1,,,,,,0
REACTOME_HYDROLYSIS_OF_LPC,0,0,,,,,,0
REACTOME_IKBA_VARIANT_LEADS_TO_EDA_ID,2,2,,,,,,0
REACTOME_IL_6_TYPE_CYTOKINE_RECEPTOR_LIGAND_INTERACTIONS,4,4,,,,,,0
REACTOME_INACTIVATION_OF_CDC42_AND_RAC1,1,1,,,,,,0
REACTOME_INCRETIN_SYNTHESIS_SECRETION_AND_INACTIVATION,2,2,,,,,,0
REACTOME_INHIBITION_OF_REPLICATION_INITIATION_OF_DAMAGED_DNA_BY_RB1_E2F1,4,4,,,,,,0
REACTOME_INLA_MEDIATED_ENTRY_OF_LISTERIA_MONOCYTOGENES_INTO_HOST_CELLS,2,2,,,,,,0
REACTOME_INLB_MEDIATED_ENTRY_OF_LISTERIA_MONOCYTOGENES_INTO_HOST_CELL,2,2,,,,,,0
REACTOME_INSULIN_PROCESSING,4,4,,,,,,0
REACTOME_INTEGRATION_OF_PROVIRUS,1,1,,,,,,0
REACTOME_INTEGRIN_SIGNALING,4,4,,,,,,0
REACTOME_INTERACTION_WITH_CUMULUS_CELLS_AND_THE_ZONA_PELLUCIDA,1,1,,,,,,0
REACTOME_INTERLEUKIN_15_SIGNALING,3,3,,,,,,0
REACTOME_INTERLEUKIN_18_SIGNALING,2,2,,,,,,0
REACTOME_INTERLEUKIN_1_PROCESSING,1,1,,,,,,0
REACTOME_INTERLEUKIN_21_SIGNALING,2,2,,,,,,0
REACTOME_INTERLEUKIN_23_SIGNALING,2,2,,,,,,0
REACTOME_INTERLEUKIN_27_SIGNALING,1,1,,,,,,0
REACTOME_INTERLEUKIN_35_SIGNALLING,2,2,,,,,,0
REACTOME_INTERLEUKIN_36_PATHWAY,3,3,,,,,,0
REACTOME_INTERLEUKIN_6_SIGNALING,2,2,,,,,,0
REACTOME_INTERLEUKIN_9_SIGNALING,1,1,,,,,,0
REACTOME_INTESTINAL_ABSORPTION,1,1,,,,,,0
REACTOME_IONOTROPIC_ACTIVITY_OF_KAINATE_RECEPTORS,2,2,,,,,,0
REACTOME_IRAK1_RECRUITS_IKK_COMPLEX,4,4,,,,,,0
REACTOME_IRAK2_MEDIATED_ACTIVATION_OF_TAK1_COMPLEX,3,3,,,,,,0
REACTOME_IRF3_MEDIATED_ACTIVATION_OF_TYPE_1_IFN,1,1,,,,,,0
REACTOME_IRF3_MEDIATED_INDUCTION_OF_TYPE_I_IFN,1,1,,,,,,0
REACTOME_IRS_ACTIVATION,1,1,,,,,,0
REACTOME_JNK_C_JUN_KINASES_PHOSPHORYLATION_AND_ACTIVATION_MEDIATED_BY_ACTIVATED_HUMAN_TAK1,4,4,,,,,,0
REACTOME_JOSEPHIN_DOMAIN_DUBS,4,4,,,,,,0
REACTOME_KERATAN_SULFATE_BIOSYNTHESIS,4,4,,,,,,0
REACTOME_KERATAN_SULFATE_DEGRADATION,0,0,,,,,,0
REACTOME_KERATAN_SULFATE_KERATIN_METABOLISM,4,4,,,,,,0
REACTOME_KETONE_BODY_METABOLISM,3,3,,,,,,0
REACTOME_KILLING_MECHANISMS,3,3,,,,,,0
REACTOME_KSRP_KHSRP_BINDS_AND_DESTABILIZES_MRNA,3,3,,,,,,0
REACTOME_LAMININ_INTERACTIONS,2,2,,,,,,0
REACTOME_LDL_CLEARANCE,3,3,,,,,,0
REACTOME_LDL_REMODELING,0,0,,,,,,0
REACTOME_LECTIN_PATHWAY_OF_COMPLEMENT_ACTIVATION,1,1,,,,,,0
REACTOME_LEUKOTRIENE_RECEPTORS,3,3,,,,,,0
REACTOME_LGI_ADAM_INTERACTIONS,2,2,,,,,,0
REACTOME_LIGAND_RECEPTOR_INTERACTIONS,0,0,,,,,,0
REACTOME_LINOLEIC_ACID_LA_METABOLISM,1,1,,,,,,0
REACTOME_LIPID_PARTICLE_ORGANIZATION,4,4,,,,,,0
REACTOME_LIPOPHAGY,2,2,,,,,,0
REACTOME_LISTERIA_MONOCYTOGENES_ENTRY_INTO_HOST_CELLS,2,2,,,,,,0
REACTOME_LOSS_OF_FUNCTION_OF_MECP2_IN_RETT_SYNDROME,3,3,,,,,,0
REACTOME_LOSS_OF_FUNCTION_OF_SMAD2_3_IN_CANCER,2,2,,,,,,0
REACTOME_LOSS_OF_MECP2_BINDING_ABILITY_TO_THE_NCOR_SMRT_COMPLEX,3,3,,,,,,0
REACTOME_LRR_FLII_INTERACTING_PROTEIN_1_LRRFIP1_ACTIVATES_TYPE_I_IFN_PRODUCTION,0,0,,,,,,0
REACTOME_LTC4_CYSLTR_MEDIATED_IL4_PRODUCTION,2,2,,,,,,0
REACTOME_LYSINE_CATABOLISM,2,2,,,,,,0
REACTOME_LYSOSOME_VESICLE_BIOGENESIS,2,2,,,,,,0
REACTOME_LYSOSPHINGOLIPID_AND_LPA_RECEPTORS,4,4,,,,,,0
REACTOME_MAPK1_ERK2_ACTIVATION,1,1,,,,,,0
REACTOME_MAPK3_ERK1_ACTIVATION,2,2,,,,,,0
REACTOME_MASTL_FACILITATES_MITOTIC_PROGRESSION,2,2,,,,,,0
REACTOME_MATURATION_OF_SARS_COV_1_NUCLEOPROTEIN,1,1,,,,,,0
REACTOME_MATURATION_OF_SARS_COV_1_SPIKE_PROTEIN,1,1,,,,,,0
REACTOME_MATURATION_OF_SARS_COV_2_NUCLEOPROTEIN,4,4,,,,,,0
REACTOME_MECP2_REGULATES_NEURONAL_RECEPTORS_AND_CHANNELS,3,3,,,,,,0
REACTOME_MECP2_REGULATES_TRANSCRIPTION_FACTORS,1,1,,,,,,0
REACTOME_MECP2_REGULATES_TRANSCRIPTION_OF_NEURONAL_LIGANDS,0,0,,,,,,0
REACTOME_MELANIN_BIOSYNTHESIS,0,0,,,,,,0
REACTOME_METABOLIC_DISORDERS_OF_BIOLOGICAL_OXIDATION_ENZYMES,4,4,,,,,,0
REACTOME_METABOLISM_OF_AMINE_DERIVED_HORMONES,0,0,,,,,,0
REACTOME_METABOLISM_OF_ANGIOTENSINOGEN_TO_ANGIOTENSINS,3,3,,,,,,0
REACTOME_METABOLISM_OF_FOLATE_AND_PTERINES,1,1,,,,,,0
REACTOME_METABOLISM_OF_INGESTED_SEMET_SEC_MESEC_INTO_H2SE,1,1,,,,,,0
REACTOME_METABOLISM_OF_NITRIC_OXIDE_NOS3_ACTIVATION_AND_REGULATION,3,3,,,,,,0
REACTOME_METABOLISM_OF_PORPHYRINS,4,4,,,,,,0
REACTOME_METABOLISM_OF_STEROID_HORMONES,2,2,,,,,,0
REACTOME_METALLOPROTEASE_DUBS,3,3,,,,,,0
REACTOME_METALLOTHIONEINS_BIND_METALS,3,3,,,,,,0
REACTOME_METAL_SEQUESTRATION_BY_ANTIMICROBIAL_PROTEINS,3,3,,,,,,0
REACTOME_METHIONINE_SALVAGE_PATHWAY,2,2,,,,,,0
REACTOME_METHYLATION,0,0,,,,,,0
REACTOME_MET_ACTIVATES_PI3K_AKT_SIGNALING,1,1,,,,,,0
REACTOME_MET_ACTIVATES_PTK2_SIGNALING,3,3,,,,,,0
REACTOME_MET_ACTIVATES_PTPN11,0,0,,,,,,0
REACTOME_MET_ACTIVATES_RAP1_AND_RAC1,1,1,,,,,,0
REACTOME_MET_ACTIVATES_RAS_SIGNALING,1,1,,,,,,0
REACTOME_MET_INTERACTS_WITH_TNS_PROTEINS,1,1,,,,,,0
REACTOME_MET_RECEPTOR_ACTIVATION,1,1,,,,,,0
REACTOME_MET_RECEPTOR_RECYCLING,1,1,,,,,,0
REACTOME_MINERALOCORTICOID_BIOSYNTHESIS,0,0,,,,,,0
REACTOME_MIRO_GTPASE_CYCLE,3,3,,,,,,0
REACTOME_MISCELLANEOUS_SUBSTRATES,0,0,,,,,,0
REACTOME_MITOCHONDRIAL_FATTY_ACID_BETA_OXIDATION_OF_SATURATED_FATTY_ACIDS,3,3,,,,,,0
REACTOME_MITOCHONDRIAL_FATTY_ACID_BETA_OXIDATION_OF_UNSATURATED_FATTY_ACIDS,1,1,,,,,,0
REACTOME_MITOCHONDRIAL_UNCOUPLING,0,0,,,,,,0
REACTOME_MITOTIC_TELOPHASE_CYTOKINESIS,4,4,,,,,,0
REACTOME_MODULATION_BY_MTB_OF_HOST_IMMUNE_SYSTEM,3,3,,,,,,0
REACTOME_MOLYBDENUM_COFACTOR_BIOSYNTHESIS,4,4,,,,,,0
REACTOME_MRNA_EDITING_C_TO_U_CONVERSION,4,4,,,,,,0
REACTOME_MTORC1_MEDIATED_SIGNALLING,4,4,,,,,,0
REACTOME_MUCOPOLYSACCHARIDOSES,1,1,,,,,,0
REACTOME_MULTIFUNCTIONAL_ANION_EXCHANGERS,1,1,,,,,,0
REACTOME_MUSCARINIC_ACETYLCHOLINE_RECEPTORS,0,0,,,,,,0
REACTOME_MYOGENESIS,3,3,,,,,,0
REACTOME_NADE_MODULATES_DEATH_SIGNALLING,2,2,,,,,,0
REACTOME_NA_CL_DEPENDENT_NEUROTRANSMITTER_TRANSPORTERS,0,0,,,,,,0
REACTOME_NECTIN_NECL_TRANS_HETERODIMERIZATION,1,1,,,,,,0
REACTOME_NEF_AND_SIGNAL_TRANSDUCTION,4,4,,,,,,0
REACTOME_NEF_MEDIATED_CD4_DOWN_REGULATION,2,2,,,,,,0
REACTOME_NEF_MEDIATED_CD8_DOWN_REGULATION,2,2,,,,,,0
REACTOME_NEF_MEDIATED_DOWNREGULATION_OF_MHC_CLASS_I_COMPLEX_CELL_SURFACE_EXPRESSION,2,2,,,,,,0
REACTOME_NEGATIVE_FEEDBACK_REGULATION_OF_MAPK_PATHWAY,2,2,,,,,,0
REACTOME_NEGATIVE_REGULATION_OF_ACTIVITY_OF_TFAP2_AP_2_FAMILY_TRANSCRIPTION_FACTORS,1,1,,,,,,0
REACTOME_NEGATIVE_REGULATION_OF_FGFR3_SIGNALING,4,4,,,,,,0
REACTOME_NEGATIVE_REGULATION_OF_FGFR4_SIGNALING,4,4,,,,,,0
REACTOME_NEGATIVE_REGULATION_OF_MET_ACTIVITY,2,2,,,,,,0
REACTOME_NEGATIVE_REGULATION_OF_NMDA_RECEPTOR_MEDIATED_NEURONAL_TRANSMISSION,4,4,,,,,,0
REACTOME_NEGATIVE_REGULATION_OF_NOTCH4_SIGNALING,3,3,,,,,,0
REACTOME_NEGATIVE_REGULATION_OF_TCF_DEPENDENT_SIGNALING_BY_DVL_INTERACTING_PROTEINS,2,2,,,,,,0
REACTOME_NEGATIVE_REGULATION_OF_TCF_DEPENDENT_SIGNALING_BY_WNT_LIGAND_ANTAGONISTS,1,1,,,,,,0
REACTOME_NETRIN_MEDIATED_REPULSION_SIGNALS,0,0,,,,,,0
REACTOME_NEUROFASCIN_INTERACTIONS,0,0,,,,,,0
REACTOME_NEUROTOXICITY_OF_CLOSTRIDIUM_TOXINS,3,3,,,,,,0
REACTOME_NEUROTRANSMITTER_CLEARANCE,3,3,,,,,,0
REACTOME_NEUROTRANSMITTER_RELEASE_CYCLE,3,3,,,,,,0
REACTOME_NF_KB_ACTIVATION_THROUGH_FADD_RIP_1_PATHWAY_MEDIATED_BY_CASPASE_8_AND_10,3,3,,,,,,0
REACTOME_NF_KB_IS_ACTIVATED_AND_SIGNALS_SURVIVAL,4,4,,,,,,0
REACTOME_NGF_INDEPENDANT_TRKA_ACTIVATION,0,0,,,,,,0
REACTOME_NICOTINAMIDE_SALVAGING,1,1,,,,,,0
REACTOME_NICOTINATE_METABOLISM,4,4,,,,,,0
REACTOME_NITRIC_OXIDE_STIMULATES_GUANYLATE_CYCLASE,4,4,,,,,,0
REACTOME_NONCANONICAL_ACTIVATION_OF_NOTCH3,0,0,,,,,,0
REACTOME_NOREPINEPHRINE_NEUROTRANSMITTER_RELEASE_CYCLE,2,2,,,,,,0
REACTOME_NOSTRIN_MEDIATED_ENOS_TRAFFICKING,2,2,,,,,,0
REACTOME_NOTCH2_ACTIVATION_AND_TRANSMISSION_OF_SIGNAL_TO_THE_NUCLEUS,3,3,,,,,,0
REACTOME_NOTCH2_INTRACELLULAR_DOMAIN_REGULATES_TRANSCRIPTION,3,3,,,,,,0
REACTOME_NOTCH3_ACTIVATION_AND_TRANSMISSION_OF_SIGNAL_TO_THE_NUCLEUS,4,4,,,,,,0
REACTOME_NOTCH3_INTRACELLULAR_DOMAIN_REGULATES_TRANSCRIPTION,3,3,,,,,,0
REACTOME_NOTCH4_ACTIVATION_AND_TRANSMISSION_OF_SIGNAL_TO_THE_NUCLEUS,0,0,,,,,,0
REACTOME_NOTCH4_INTRACELLULAR_DOMAIN_REGULATES_TRANSCRIPTION,3,3,,,,,,0
REACTOME_NR1H2_NR1H3_REGULATE_GENE_EXPRESSION_LINKED_TO_GLUCONEOGENESIS,1,1,,,,,,0
REACTOME_NR1H2_NR1H3_REGULATE_GENE_EXPRESSION_LINKED_TO_LIPOGENESIS,1,1,,,,,,0
REACTOME_NR1H2_NR1H3_REGULATE_GENE_EXPRESSION_LINKED_TO_TRIGLYCERIDE_LIPOLYSIS_IN_ADIPOSE,1,1,,,,,,0
REACTOME_NR1H2_NR1H3_REGULATE_GENE_EXPRESSION_TO_CONTROL_BILE_ACID_HOMEOSTASIS,2,2,,,,,,0
REACTOME_NR1H2_NR1H3_REGULATE_GENE_EXPRESSION_TO_LIMIT_CHOLESTEROL_UPTAKE,2,2,,,,,,0
REACTOME_NRCAM_INTERACTIONS,1,1,,,,,,0
REACTOME_NRIF_SIGNALS_CELL_DEATH_FROM_THE_NUCLEUS,4,4,,,,,,0
REACTOME_NTRK2_ACTIVATES_RAC1,1,1,,,,,,0
REACTOME_NUCLEAR_EVENTS_STIMULATED_BY_ALK_SIGNALING_IN_CANCER,3,3,,,,,,0
REACTOME_NUCLEOTIDE_BIOSYNTHESIS,3,3,,,,,,0
REACTOME_NUCLEOTIDE_LIKE_PURINERGIC_RECEPTORS,3,3,,,,,,0
REACTOME_N_GLYCAN_ANTENNAE_ELONGATION,4,4,,,,,,0
REACTOME_N_GLYCAN_TRIMMING_AND_ELONGATION_IN_THE_CIS_GOLGI,2,2,,,,,,0
REACTOME_OAS_ANTIVIRAL_RESPONSE,2,2,,,,,,0
REACTOME_OLFACTORY_SIGNALING_PATHWAY,1,1,,,,,,0
REACTOME_OPSINS,0,0,,,,,,0
REACTOME_OREXIN_AND_NEUROPEPTIDES_FF_AND_QRFP_BIND_TO_THEIR_RESPECTIVE_RECEPTORS,1,1,,,,,,0
REACTOME_ORGANIC_ANION_TRANSPORT,0,0,,,,,,0
REACTOME_ORGANIC_ANION_TRANSPORTERS,0,0,,,,,,0
REACTOME_ORGANIC_CATION_ANION_ZWITTERION_TRANSPORT,0,0,,,,,,0
REACTOME_ORGANIC_CATION_TRANSPORT,0,0,,,,,,0
REACTOME_OTHER_SEMAPHORIN_INTERACTIONS,4,4,,,,,,0
REACTOME_P130CAS_LINKAGE_TO_MAPK_SIGNALING_FOR_INTEGRINS,2,2,,,,,,0
REACTOME_P2Y_RECEPTORS,2,2,,,,,,0
REACTOME_P38MAPK_EVENTS,2,2,,,,,,0
REACTOME_P75NTR_NEGATIVELY_REGULATES_CELL_CYCLE_VIA_SC1,0,0,,,,,,0
REACTOME_P75NTR_RECRUITS_SIGNALLING_COMPLEXES,4,4,,,,,,0
REACTOME_P75NTR_REGULATES_AXONOGENESIS,1,1,,,,,,0
REACTOME_PASSIVE_TRANSPORT_BY_AQUAPORINS,3,3,,,,,,0
REACTOME_PENTOSE_PHOSPHATE_PATHWAY,3,3,,,,,,0
REACTOME_PEPTIDE_HORMONE_BIOSYNTHESIS,0,0,,,,,,0
REACTOME_PHASE_0_RAPID_DEPOLARISATION,4,4,,,,,,0
REACTOME_PHASE_1_INACTIVATION_OF_FAST_NA_CHANNELS,1,1,,,,,,0
REACTOME_PHASE_2_PLATEAU_PHASE,1,1,,,,,,0
REACTOME_PHASE_3_RAPID_REPOLARISATION,0,0,,,,,,0
REACTOME_PHASE_4_RESTING_MEMBRANE_POTENTIAL,1,1,,,,,,0
REACTOME_PHENYLALANINE_AND_TYROSINE_METABOLISM,3,3,,,,,,0
REACTOME_PHENYLALANINE_METABOLISM,2,2,,,,,,0
REACTOME_PHOSPHATE_BOND_HYDROLYSIS_BY_NTPDASE_PROTEINS,1,1,,,,,,0
REACTOME_PHOSPHATE_BOND_HYDROLYSIS_BY_NUDT_PROTEINS,3,3,,,,,,0
REACTOME_PHOSPHOLIPASE_C_MEDIATED_CASCADE_FGFR2,3,3,,,,,,0
REACTOME_PHOSPHOLIPASE_C_MEDIATED_CASCADE_FGFR4,2,2,,,,,,0
REACTOME_PHOSPHORYLATION_OF_EMI1,0,0,,,,,,0
REACTOME_PHYSIOLOGICAL_FACTORS,1,1,,,,,,0
REACTOME_PI3K_AKT_ACTIVATION,3,3,,,,,,0
REACTOME_PI3K_EVENTS_IN_ERBB4_SIGNALING,2,2,,,,,,0
REACTOME_PI5P_REGULATES_TP53_ACETYLATION,2,2,,,,,,0
REACTOME_PINK1_PRKN_MEDIATED_MITOPHAGY,4,4,,,,,,0
REACTOME_PI_3K_CASCADE_FGFR1,3,3,,,,,,0
REACTOME_PI_3K_CASCADE_FGFR2,3,3,,,,,,0
REACTOME_PI_3K_CASCADE_FGFR3,2,2,,,,,,0
REACTOME_PI_3K_CASCADE_FGFR4,2,2,,,,,,0
REACTOME_PKA_ACTIVATION_IN_GLUCAGON_SIGNALLING,4,4,,,,,,0
REACTOME_PKA_MEDIATED_PHOSPHORYLATION_OF_CREB,4,4,,,,,,0
REACTOME_PKA_MEDIATED_PHOSPHORYLATION_OF_KEY_METABOLIC_FACTORS,1,1,,,,,,0
REACTOME_PLASMA_LIPOPROTEIN_ASSEMBLY,3,3,,,,,,0
REACTOME_PLATELET_SENSITIZATION_BY_LDL,1,1,,,,,,0
REACTOME_POLO_LIKE_KINASE_MEDIATED_EVENTS,4,4,,,,,,0
REACTOME_POU5F1_OCT4_SOX2_NANOG_ACTIVATE_GENES_RELATED_TO_PROLIFERATION,2,2,,,,,,0
REACTOME_POU5F1_OCT4_SOX2_NANOG_REPRESS_GENES_RELATED_TO_DIFFERENTIATION,4,4,,,,,,0
REACTOME_PP2A_MEDIATED_DEPHOSPHORYLATION_OF_KEY_METABOLIC_FACTORS,0,0,,,,,,0
REACTOME_PRC2_METHYLATES_HISTONES_AND_DNA,4,4,,,,,,0
REACTOME_PREGNENOLONE_BIOSYNTHESIS,1,1,,,,,,0
REACTOME_PRESYNAPTIC_DEPOLARIZATION_AND_CALCIUM_CHANNEL_OPENING,1,1,,,,,,0
REACTOME_PRESYNAPTIC_NICOTINIC_ACETYLCHOLINE_RECEPTORS,2,2,,,,,,0
REACTOME_PREVENTION_OF_PHAGOSOMAL_LYSOSOMAL_FUSION,2,2,,,,,,0
REACTOME_PRE_NOTCH_PROCESSING_IN_GOLGI,2,2,,,,,,0
REACTOME_PRE_NOTCH_PROCESSING_IN_THE_ENDOPLASMIC_RETICULUM,0,0,,,,,,0
REACTOME_PROCESSING_AND_ACTIVATION_OF_SUMO,2,2,,,,,,0
REACTOME_PROCESSING_OF_SMDT1,3,3,,,,,,0
REACTOME_PROLACTIN_RECEPTOR_SIGNALING,2,2,,,,,,0
REACTOME_PROLONGED_ERK_ACTIVATION_EVENTS,3,3,,,,,,0
REACTOME_PROPIONYL_COA_CATABOLISM,1,1,,,,,,0
REACTOME_PROSTANOID_LIGAND_RECEPTORS,3,3,,,,,,0
REACTOME_PROTEIN_METHYLATION,4,4,,,,,,0
REACTOME_PROTEIN_REPAIR,1,1,,,,,,0
REACTOME_PROTON_COUPLED_MONOCARBOXYLATE_TRANSPORT,3,3,,,,,,0
REACTOME_PTK6_EXPRESSION,4,4,,,,,,0
REACTOME_PTK6_PROMOTES_HIF1A_STABILIZATION,1,1,,,,,,0
REACTOME_PTK6_REGULATES_CELL_CYCLE,4,4,,,,,,0
REACTOME_PTK6_REGULATES_PROTEINS_INVOLVED_IN_RNA_PROCESSING,2,2,,,,,,0
REACTOME_PTK6_REGULATES_RHO_GTPASES_RAS_GTPASE_AND_MAP_KINASES,3,3,,,,,,0
REACTOME_PTK6_REGULATES_RTKS_AND_THEIR_EFFECTORS_AKT1_AND_DOK1,3,3,,,,,,0
REACTOME_PURINE_RIBONUCLEOSIDE_MONOPHOSPHATE_BIOSYNTHESIS,2,2,,,,,,0
REACTOME_PURINE_SALVAGE,3,3,,,,,,0
REACTOME_PYRIMIDINE_CATABOLISM,4,4,,,,,,0
REACTOME_PYRIMIDINE_SALVAGE,3,3,,,,,,0
REACTOME_PYROPTOSIS,4,4,,,,,,0
REACTOME_RAP1_SIGNALLING,3,3,,,,,,0
REACTOME_RAS_SIGNALING_DOWNSTREAM_OF_NF1_LOSS_OF_FUNCTION_VARIANTS,2,2,,,,,,0
REACTOME_RA_BIOSYNTHESIS_PATHWAY,3,3,,,,,,0
REACTOME_REACTIONS_SPECIFIC_TO_THE_COMPLEX_N_GLYCAN_SYNTHESIS_PATHWAY,3,3,,,,,,0
REACTOME_RECEPTOR_MEDIATED_MITOPHAGY,3,3,,,,,,0
REACTOME_RECEPTOR_TYPE_TYROSINE_PROTEIN_PHOSPHATASES,0,0,,,,,,0
REACTOME_RECOGNITION_AND_ASSOCIATION_OF_DNA_GLYCOSYLASE_WITH_SITE_CONTAINING_AN_AFFECTED_PURINE,4,4,,,,,,0
REACTOME_RECYCLING_OF_BILE_ACIDS_AND_SALTS,0,0,,,,,,0
REACTOME_RECYCLING_OF_EIF2_GDP,4,4,,,,,,0
REACTOME_REDUCTION_OF_CYTOSOLIC_CA_LEVELS,1,1,,,,,,0
REACTOME_REELIN_SIGNALLING_PATHWAY,1,1,,,,,,0
REACTOME_REGULATED_PROTEOLYSIS_OF_P75NTR,0,0,,,,,,0
REACTOME_REGULATION_OF_BACH1_ACTIVITY,3,3,,,,,,0
REACTOME_REGULATION_OF_BETA_CELL_DEVELOPMENT,2,2,,,,,,0
REACTOME_REGULATION_OF_COMMISSURAL_AXON_PATHFINDING_BY_SLIT_AND_ROBO,2,2,,,,,,0
REACTOME_REGULATION_OF_CYTOSKELETAL_REMODELING_AND_CELL_SPREADING_BY_IPP_COMPLEX_COMPONENTS,0,0,,,,,,0
REACTOME_REGULATION_OF_FOXO_TRANSCRIPTIONAL_ACTIVITY_BY_ACETYLATION,4,4,,,,,,0
REACTOME_REGULATION_OF_FZD_BY_UBIQUITINATION,3,3,,,,,,0
REACTOME_REGULATION_OF_GENE_EXPRESSION_BY_HYPOXIA_INDUCIBLE_FACTOR,2,2,,,,,,0
REACTOME_REGULATION_OF_GENE_EXPRESSION_IN_BETA_CELLS,1,1,,,,,,0
REACTOME_REGULATION_OF_GENE_EXPRESSION_IN_EARLY_PANCREATIC_PRECURSOR_CELLS,0,0,,,,,,0
REACTOME_REGULATION_OF_GENE_EXPRESSION_IN_ENDOCRINE_COMMITTED_NEUROG3_PROGENITOR_CELLS,0,0,,,,,,0
REACTOME_REGULATION_OF_GENE_EXPRESSION_IN_LATE_STAGE_BRANCHING_MORPHOGENESIS_PANCREATIC_BUD_PRECURSOR_CELLS,1,1,,,,,,0
REACTOME_REGULATION_OF_GLYCOLYSIS_BY_FRUCTOSE_2_6_BISPHOSPHATE_METABOLISM,1,1,,,,,,0
REACTOME_REGULATION_OF_IFNA_SIGNALING,3,3,,,,,,0
REACTOME_REGULATION_OF_IFNG_SIGNALING,3,3,,,,,,0
REACTOME_REGULATION_OF_INNATE_IMMUNE_RESPONSES_TO_CYTOSOLIC_DNA,4,4,,,,,,0
REACTOME_REGULATION_OF_KIT_SIGNALING,4,4,,,,,,0
REACTOME_REGULATION_OF_LOCALIZATION_OF_FOXO_TRANSCRIPTION_FACTORS,1,1,,,,,,0
REACTOME_REGULATION_OF_PTEN_LOCALIZATION,2,2,,,,,,0
REACTOME_REGULATION_OF_PTEN_MRNA_TRANSLATION,3,3,,,,,,0
REACTOME_REGULATION_OF_RUNX3_EXPRESSION_AND_ACTIVITY,3,3,,,,,,0
REACTOME_REGULATION_OF_SIGNALING_BY_NODAL,0,0,,,,,,0
REACTOME_REGULATION_OF_TLR_BY_ENDOGENOUS_LIGAND,4,4,,,,,,0
REACTOME_REGULATION_OF_TP53_ACTIVITY_THROUGH_ASSOCIATION_WITH_CO_FACTORS,0,0,,,,,,0
REACTOME_RELAXIN_RECEPTORS,1,1,,,,,,0
REACTOME_RELEASE_OF_APOPTOTIC_FACTORS_FROM_THE_MITOCHONDRIA,0,0,,,,,,0
REACTOME_RELEASE_OF_HH_NP_FROM_THE_SECRETING_CELL,0,0,,,,,,0
REACTOME_REMOVAL_OF_AMINOTERMINAL_PROPEPTIDES_FROM_GAMMA_CARBOXYLATED_PROTEINS,1,1,,,,,,0
REACTOME_RESPONSE_OF_EIF2AK1_HRI_TO_HEME_DEFICIENCY,3,3,,,,,,0
REACTOME_RESPONSE_TO_METAL_IONS,4,4,,,,,,0
REACTOME_RETINOID_CYCLE_DISEASE_EVENTS,1,1,,,,,,0
REACTOME_RETROGRADE_NEUROTROPHIN_SIGNALLING,1,1,,,,,,0
REACTOME_RHOBTB1_GTPASE_CYCLE,4,4,,,,,,0
REACTOME_RHOBTB3_ATPASE_CYCLE,2,2,,,,,,0
REACTOME_RHOT1_GTPASE_CYCLE,2,2,,,,,,0
REACTOME_RHO_GTPASES_ACTIVATE_CIT,2,2,,,,,,0
REACTOME_RHO_GTPASES_ACTIVATE_KTN1,2,2,,,,,,0
REACTOME_RHO_GTPASES_ACTIVATE_NADPH_OXIDASES,4,4,,,,,,0
REACTOME_RHO_GTPASES_ACTIVATE_PAKS,3,3,,,,,,0
REACTOME_RHO_GTPASES_ACTIVATE_PKNS,2,2,,,,,,0
REACTOME_RHO_GTPASES_ACTIVATE_RHOTEKIN_AND_RHOPHILINS,1,1,,,,,,0
REACTOME_RHO_GTPASES_ACTIVATE_ROCKS,1,1,,,,,,0
REACTOME_RIP_MEDIATED_NFKB_ACTIVATION_VIA_ZBP1,4,4,,,,,,0
REACTOME_ROBO_RECEPTORS_BIND_AKAP5,3,3,,,,,,0
REACTOME_ROLE_OF_ABL_IN_ROBO_SLIT_SIGNALING,2,2,,,,,,0
REACTOME_ROLE_OF_SECOND_MESSENGERS_IN_NETRIN_1_SIGNALING,2,2,,,,,,0
REACTOME_RORA_ACTIVATES_GENE_EXPRESSION,4,4,,,,,,0
REACTOME_RRNA_MODIFICATION_IN_THE_MITOCHONDRION,1,1,,,,,,0
REACTOME_RRNA_PROCESSING_IN_THE_MITOCHONDRION,1,1,,,,,,0
REACTOME_RSK_ACTIVATION,1,1,,,,,,0
REACTOME_RUNX1_REGULATES_ESTROGEN_RECEPTOR_MEDIATED_TRANSCRIPTION,1,1,,,,,,0
REACTOME_RUNX1_REGULATES_EXPRESSION_OF_COMPONENTS_OF_TIGHT_JUNCTIONS,1,1,,,,,,0
REACTOME_RUNX1_REGULATES_TRANSCRIPTION_OF_GENES_INVOLVED_IN_BCR_SIGNALING,2,2,,,,,,0
REACTOME_RUNX1_REGULATES_TRANSCRIPTION_OF_GENES_INVOLVED_IN_DIFFERENTIATION_OF_KERATINOCYTES,3,3,,,,,,0
REACTOME_RUNX1_REGULATES_TRANSCRIPTION_OF_GENES_INVOLVED_IN_DIFFERENTIATION_OF_MYELOID_CELLS,2,2,,,,,,0
REACTOME_RUNX1_REGULATES_TRANSCRIPTION_OF_GENES_INVOLVED_IN_INTERLEUKIN_SIGNALING,0,0,,,,,,0
REACTOME_RUNX1_REGULATES_TRANSCRIPTION_OF_GENES_INVOLVED_IN_WNT_SIGNALING,1,1,,,,,,0
REACTOME_RUNX2_REGULATES_CHONDROCYTE_MATURATION,1,1,,,,,,0
REACTOME_RUNX2_REGULATES_GENES_INVOLVED_IN_CELL_MIGRATION,0,0,,,,,,0
REACTOME_RUNX3_REGULATES_BCL2L11_BIM_TRANSCRIPTION,3,3,,,,,,0
REACTOME_RUNX3_REGULATES_CDKN1A_TRANSCRIPTION,1,1,,,,,,0
REACTOME_RUNX3_REGULATES_IMMUNE_RESPONSE_AND_CELL_MIGRATION,2,2,,,,,,0
REACTOME_RUNX3_REGULATES_NOTCH_SIGNALING,1,1,,,,,,0
REACTOME_RUNX3_REGULATES_P14_ARF,3,3,,,,,,0
REACTOME_RUNX3_REGULATES_WNT_SIGNALING,4,4,,,,,,0
REACTOME_RUNX3_REGULATES_YAP1_MEDIATED_TRANSCRIPTION,0,0,,,,,,0
REACTOME_SCAVENGING_BY_CLASS_B_RECEPTORS,1,1,,,,,,0
REACTOME_SCAVENGING_BY_CLASS_F_RECEPTORS,2,2,,,,,,0
REACTOME_SCAVENGING_OF_HEME_FROM_PLASMA,4,4,,,,,,0
REACTOME_SEALING_OF_THE_NUCLEAR_ENVELOPE_NE_BY_ESCRT_III,4,4,,,,,,0
REACTOME_SEMA3A_PAK_DEPENDENT_AXON_REPULSION,3,3,,,,,,0
REACTOME_SEMA3A_PLEXIN_REPULSION_SIGNALING_BY_INHIBITING_INTEGRIN_ADHESION,2,2,,,,,,0
REACTOME_SEMA4D_INDUCED_CELL_MIGRATION_AND_GROWTH_CONE_COLLAPSE,4,4,,,,,,0
REACTOME_SEMA4D_IN_SEMAPHORIN_SIGNALING,4,4,,,,,,0
REACTOME_SEMA4D_MEDIATED_INHIBITION_OF_CELL_ATTACHMENT_AND_MIGRATION,1,1,,,,,,0
REACTOME_SENSING_OF_DNA_DOUBLE_STRAND_BREAKS,0,0,,,,,,0
REACTOME_SENSORY_PERCEPTION_OF_SALTY_TASTE,0,0,,,,,,0
REACTOME_SENSORY_PERCEPTION_OF_TASTE,4,4,,,,,,0
REACTOME_SERINE_BIOSYNTHESIS,2,2,,,,,,0
REACTOME_SEROTONIN_AND_MELATONIN_BIOSYNTHESIS,0,0,,,,,,0
REACTOME_SEROTONIN_NEUROTRANSMITTER_RELEASE_CYCLE,2,2,,,,,,0
REACTOME_SEROTONIN_RECEPTORS,0,0,,,,,,0
REACTOME_SHC1_EVENTS_IN_EGFR_SIGNALING,3,3,,,,,,0
REACTOME_SHC1_EVENTS_IN_ERBB4_SIGNALING,2,2,,,,,,0
REACTOME_SHC_MEDIATED_CASCADE_FGFR1,3,3,,,,,,0
REACTOME_SHC_MEDIATED_CASCADE_FGFR3,2,2,,,,,,0
REACTOME_SHC_MEDIATED_CASCADE_FGFR4,2,2,,,,,,0
REACTOME_SHC_RELATED_EVENTS_TRIGGERED_BY_IGF1R,1,1,,,,,,0
REACTOME_SIGNALING_BY_ACTIVIN,2,2,,,,,,0
REACTOME_SIGNALING_BY_ALK,4,4,,,,,,0
REACTOME_SIGNALING_BY_BMP,4,4,,,,,,0
REACTOME_SIGNALING_BY_CTNNB1_PHOSPHO_SITE_MUTANTS,1,1,,,,,,0
REACTOME_SIGNALING_BY_FGFR2_IIIA_TM,4,4,,,,,,0
REACTOME_SIGNALING_BY_FGFR3_FUSIONS_IN_CANCER,2,2,,,,,,0
REACTOME_SIGNALING_BY_FGFR4_IN_DISEASE,3,3,,,,,,0
REACTOME_SIGNALING_BY_FLT3_ITD_AND_TKD_MUTANTS,4,4,,,,,,0
REACTOME_SIGNALING_BY_HIPPO,2,2,,,,,,0
REACTOME_SIGNALING_BY_LEPTIN,4,4,,,,,,0
REACTOME_SIGNALING_BY_LRP5_MUTANTS,1,1,,,,,,0
REACTOME_SIGNALING_BY_MAPK_MUTANTS,1,1,,,,,,0
REACTOME_SIGNALING_BY_MEMBRANE_TETHERED_FUSIONS_OF_PDGFRA_OR_PDGFRB,0,0,,,,,,0
REACTOME_SIGNALING_BY_MRAS_COMPLEX_MUTANTS,1,1,,,,,,0
REACTOME_SIGNALING_BY_MST1,1,1,,,,,,0
REACTOME_SIGNALING_BY_NODAL,2,2,,,,,,0
REACTOME_SIGNALING_BY_NOTCH1_HD_DOMAIN_MUTANTS_IN_CANCER,3,3,,,,,,0
REACTOME_SIGNALING_BY_NOTCH1_T_7_9_NOTCH1_M1580_K2555_TRANSLOCATION_MUTANT,0,0,,,,,,0
REACTOME_SIGNALING_BY_NTRK2_TRKB,4,4,,,,,,0
REACTOME_SIGNALING_BY_NTRK3_TRKC,3,3,,,,,,0
REACTOME_SIGNALING_BY_PDGFRA_TRANSMEMBRANE_JUXTAMEMBRANE_AND_KINASE_DOMAIN_MUTANTS,4,4,,,,,,0
REACTOME_SIGNALING_BY_PDGFR_IN_DISEASE,4,4,,,,,,0
REACTOME_SIGNALING_BY_RNF43_MUTANTS,0,0,,,,,,0
REACTOME_SIGNALING_BY_TGF_BETA_RECEPTOR_COMPLEX_IN_CANCER,2,2,,,,,,0
REACTOME_SIGNALLING_TO_P38_VIA_RIT_AND_RIN,1,1,,,,,,0
REACTOME_SIGNALLING_TO_RAS,2,2,,,,,,0
REACTOME_SIGNAL_ATTENUATION,1,1,,,,,,0
REACTOME_SIGNAL_REGULATORY_PROTEIN_FAMILY_INTERACTIONS,2,2,,,,,,0
REACTOME_SIGNAL_TRANSDUCTION_BY_L1,4,4,,,,,,0
REACTOME_SIRT1_NEGATIVELY_REGULATES_RRNA_EXPRESSION,3,3,,,,,,0
REACTOME_SLBP_DEPENDENT_PROCESSING_OF_REPLICATION_DEPENDENT_HISTONE_PRE_MRNAS,0,0,,,,,,0
REACTOME_SMAC_XIAP_REGULATED_APOPTOTIC_RESPONSE,1,1,,,,,,0
REACTOME_SMALL_INTERFERING_RNA_SIRNA_BIOGENESIS,2,2,,,,,,0
REACTOME_SODIUM_CALCIUM_EXCHANGERS,0,0,,,,,,0
REACTOME_SODIUM_COUPLED_PHOSPHATE_COTRANSPORTERS,0,0,,,,,,0
REACTOME_SODIUM_COUPLED_SULPHATE_DI_AND_TRI_CARBOXYLATE_TRANSPORTERS,0,0,,,,,,0
REACTOME_SODIUM_PROTON_EXCHANGERS,0,0,,,,,,0
REACTOME_SOS_MEDIATED_SIGNALLING,2,2,,,,,,0
REACTOME_SPERM_MOTILITY_AND_TAXES,2,2,,,,,,0
REACTOME_SPRY_REGULATION_OF_FGF_SIGNALING,3,3,,,,,,0
REACTOME_STAT3_NUCLEAR_EVENTS_DOWNSTREAM_OF_ALK_SIGNALING,0,0,,,,,,0
REACTOME_STAT5_ACTIVATION,2,2,,,,,,0
REACTOME_STAT5_ACTIVATION_DOWNSTREAM_OF_FLT3_ITD_MUTANTS,2,2,,,,,,0
REACTOME_STING_MEDIATED_INDUCTION_OF_HOST_IMMUNE_RESPONSES,1,1,,,,,,0
REACTOME_SULFIDE_OXIDATION_TO_SULFATE,1,1,,,,,,0
REACTOME_SUMOYLATION_OF_IMMUNE_RESPONSE_PROTEINS,2,2,,,,,,0
REACTOME_SUMOYLATION_OF_TRANSCRIPTION_FACTORS,3,3,,,,,,0
REACTOME_SUMO_IS_CONJUGATED_TO_E1_UBA2_SAE1,1,1,,,,,,0
REACTOME_SUMO_IS_PROTEOLYTICALLY_PROCESSED,1,1,,,,,,0
REACTOME_SUMO_IS_TRANSFERRED_FROM_E1_TO_E2_UBE2I_UBC9,1,1,,,,,,0
REACTOME_SUPPRESSION_OF_APOPTOSIS,0,0,,,,,,0
REACTOME_SUPPRESSION_OF_PHAGOSOMAL_MATURATION,4,4,,,,,,0
REACTOME_SURFACTANT_METABOLISM,3,3,,,,,,0
REACTOME_SYNDECAN_INTERACTIONS,4,4,,,,,,0
REACTOME_SYNTHESIS_OF_12_EICOSATETRAENOIC_ACID_DERIVATIVES,2,2,,,,,,0
REACTOME_SYNTHESIS_OF_15_EICOSATETRAENOIC_ACID_DERIVATIVES,1,1,,,,,,0
REACTOME_SYNTHESIS_OF_16_20_HYDROXYEICOSATETRAENOIC_ACIDS_HETE,1,1,,,,,,0
REACTOME_SYNTHESIS_OF_5_EICOSATETRAENOIC_ACIDS,2,2,,,,,,0
REACTOME_SYNTHESIS_OF_BILE_ACIDS_AND_BILE_SALTS_VIA_24_HYDROXYCHOLESTEROL,2,2,,,,,,0
REACTOME_SYNTHESIS_OF_BILE_ACIDS_AND_BILE_SALTS_VIA_27_HYDROXYCHOLESTEROL,1,1,,,,,,0
REACTOME_SYNTHESIS_OF_BILE_ACIDS_AND_BILE_SALTS_VIA_7ALPHA_HYDROXYCHOLESTEROL,2,2,,,,,,0
REACTOME_SYNTHESIS_OF_DIPHTHAMIDE_EEF2,3,3,,,,,,0
REACTOME_SYNTHESIS_OF_DOLICHYL_PHOSPHATE,2,2,,,,,,0
REACTOME_SYNTHESIS_OF_EPOXY_EET_AND_DIHYDROXYEICOSATRIENOIC_ACIDS_DHET,2,2,,,,,,0
REACTOME_SYNTHESIS_OF_GDP_MANNOSE,1,1,,,,,,0
REACTOME_SYNTHESIS_OF_KETONE_BODIES,2,2,,,,,,0
REACTOME_SYNTHESIS_OF_LEUKOTRIENES_LT_AND_EOXINS_EX,1,1,,,,,,0
REACTOME_SYNTHESIS_OF_LIPOXINS_LX,3,3,,,,,,0
REACTOME_SYNTHESIS_OF_PE,3,3,,,,,,0
REACTOME_SYNTHESIS_OF_PG,1,1,,,,,,0
REACTOME_SYNTHESIS_OF_PI,2,2,,,,,,0
REACTOME_SYNTHESIS_OF_PIPS_AT_THE_EARLY_ENDOSOME_MEMBRANE,4,4,,,,,,0
REACTOME_SYNTHESIS_OF_PIPS_AT_THE_ER_MEMBRANE,2,2,,,,,,0
REACTOME_SYNTHESIS_OF_PIPS_AT_THE_GOLGI_MEMBRANE,4,4,,,,,,0
REACTOME_SYNTHESIS_OF_PIPS_AT_THE_LATE_ENDOSOME_MEMBRANE,2,2,,,,,,0
REACTOME_SYNTHESIS_OF_PROSTAGLANDINS_PG_AND_THROMBOXANES_TX,4,4,,,,,,0
REACTOME_SYNTHESIS_OF_PYROPHOSPHATES_IN_THE_CYTOSOL,2,2,,,,,,0
REACTOME_SYNTHESIS_OF_UDP_N_ACETYL_GLUCOSAMINE,1,1,,,,,,0
REACTOME_SYNTHESIS_OF_WYBUTOSINE_AT_G37_OF_TRNA_PHE,2,2,,,,,,0
REACTOME_SYNTHESIS_SECRETION_AND_DEACYLATION_OF_GHRELIN,4,4,,,,,,0
REACTOME_SYNTHESIS_SECRETION_AND_INACTIVATION_OF_GLUCAGON_LIKE_PEPTIDE_1_GLP_1,2,2,,,,,,0
REACTOME_SYNTHESIS_SECRETION_AND_INACTIVATION_OF_GLUCOSE_DEPENDENT_INSULINOTROPIC_POLYPEPTIDE_GIP,2,2,,,,,,0
REACTOME_TACHYKININ_RECEPTORS_BIND_TACHYKININS,0,0,,,,,,0
REACTOME_TANDEM_PORE_DOMAIN_POTASSIUM_CHANNELS,0,0,,,,,,0
REACTOME_TERMINAL_PATHWAY_OF_COMPLEMENT,1,1,,,,,,0
REACTOME_TETRAHYDROBIOPTERIN_BH4_SYNTHESIS_RECYCLING_SALVAGE_AND_REGULATION,2,2,,,,,,0
REACTOME_TFAP2A_ACTS_AS_A_TRANSCRIPTIONAL_REPRESSOR_DURING_RETINOIC_ACID_INDUCED_CELL_DIFFERENTIATION,2,2,,,,,,0
REACTOME_TFAP2_AP_2_FAMILY_REGULATES_TRANSCRIPTION_OF_CELL_CYCLE_FACTORS,2,2,,,,,,0
REACTOME_TFAP2_AP_2_FAMILY_REGULATES_TRANSCRIPTION_OF_GROWTH_FACTORS_AND_THEIR_RECEPTORS,2,2,,,,,,0
REACTOME_THE_ACTIVATION_OF_ARYLSULFATASES,3,3,,,,,,0
REACTOME_THE_CANONICAL_RETINOID_CYCLE_IN_RODS_TWILIGHT_VISION,4,4,,,,,,0
REACTOME_THE_FATTY_ACID_CYCLING_MODEL,0,0,,,,,,0
REACTOME_THE_RETINOID_CYCLE_IN_CONES_DAYLIGHT_VISION,0,0,,,,,,0
REACTOME_THYROXINE_BIOSYNTHESIS,0,0,,,,,,0
REACTOME_TICAM1_DEPENDENT_ACTIVATION_OF_IRF3_IRF7,4,4,,,,,,0
REACTOME_TICAM1_TRAF6_DEPENDENT_INDUCTION_OF_TAK1_COMPLEX,4,4,,,,,,0
REACTOME_TLR3_MEDIATED_TICAM1_DEPENDENT_PROGRAMMED_CELL_DEATH,2,2,,,,,,0
REACTOME_TNFR1_INDUCED_PROAPOPTOTIC_SIGNALING,3,3,,,,,,0
REACTOME_TNFR1_MEDIATED_CERAMIDE_PRODUCTION,2,2,,,,,,0
REACTOME_TOXICITY_OF_BOTULINUM_TOXIN_TYPE_D_BOTD,1,1,,,,,,0
REACTOME_TP53_REGULATES_TRANSCRIPTION_OF_CASPASE_ACTIVATORS_AND_CASPASES,1,1,,,,,,0
REACTOME_TP53_REGULATES_TRANSCRIPTION_OF_GENES_INVOLVED_IN_CYTOCHROME_C_RELEASE,4,4,,,,,,0
REACTOME_TP53_REGULATES_TRANSCRIPTION_OF_GENES_INVOLVED_IN_G1_CELL_CYCLE_ARREST,3,3,,,,,,0
REACTOME_TP53_REGULATES_TRANSCRIPTION_OF_SEVERAL_ADDITIONAL_CELL_DEATH_GENES_WHOSE_SPECIFIC_ROLES_IN_P53_DEPENDENT_APOPTOSIS_REMAIN_UNCERTAIN,1,1,,,,,,0
REACTOME_TRAF3_DEPENDENT_IRF_ACTIVATION_PATHWAY,4,4,,,,,,0
REACTOME_TRAF6_MEDIATED_INDUCTION_OF_TAK1_COMPLEX_WITHIN_TLR4_COMPLEX,4,4,,,,,,0
REACTOME_TRAF6_MEDIATED_IRF7_ACTIVATION,3,3,,,,,,0
REACTOME_TRAF6_MEDIATED_IRF7_ACTIVATION_IN_TLR7_8_OR_9_SIGNALING,4,4,,,,,,0
REACTOME_TRAFFICKING_AND_PROCESSING_OF_ENDOSOMAL_TLR,3,3,,,,,,0
REACTOME_TRAFFICKING_OF_GLUR2_CONTAINING_AMPA_RECEPTORS,1,1,,,,,,0
REACTOME_TRAFFICKING_OF_MYRISTOYLATED_PROTEINS_TO_THE_CILIUM,0,0,,,,,,0
REACTOME_TRAIL_SIGNALING,4,4,,,,,,0
REACTOME_TRANSCRIPTIONAL_REGULATION_OF_TESTIS_DIFFERENTIATION,2,2,,,,,,0
REACTOME_TRANSLATION_OF_REPLICASE_AND_ASSEMBLY_OF_THE_REPLICATION_TRANSCRIPTION_COMPLEX,2,2,,,,,,0
REACTOME_TRANSPORT_AND_SYNTHESIS_OF_PAPS,2,2,,,,,,0
REACTOME_TRANSPORT_OF_CONNEXONS_TO_THE_PLASMA_MEMBRANE,3,3,,,,,,0
REACTOME_TRANSPORT_OF_FATTY_ACIDS,2,2,,,,,,0
REACTOME_TRANSPORT_OF_NUCLEOSIDES_AND_FREE_PURINE_AND_PYRIMIDINE_BASES_ACROSS_THE_PLASMA_MEMBRANE,1,1,,,,,,0
REACTOME_TRANSPORT_OF_NUCLEOTIDE_SUGARS,3,3,,,,,,0
REACTOME_TRANSPORT_OF_ORGANIC_ANIONS,3,3,,,,,,0
REACTOME_TRIF_MEDIATED_PROGRAMMED_CELL_DEATH,2,2,,,,,,0
REACTOME_TRIGLYCERIDE_BIOSYNTHESIS,3,3,,,,,,0
REACTOME_TRISTETRAPROLIN_TTP_ZFP36_BINDS_AND_DESTABILIZES_MRNA,4,4,,,,,,0
REACTOME_TRNA_MODIFICATION_IN_THE_MITOCHONDRION,3,3,,,,,,0
REACTOME_TRNA_PROCESSING_IN_THE_MITOCHONDRION,1,1,,,,,,0
REACTOME_TRP_CHANNELS,3,3,,,,,,0
REACTOME_TYPE_I_HEMIDESMOSOME_ASSEMBLY,0,0,,,,,,0
REACTOME_TYROSINE_CATABOLISM,1,1,,,,,,0
REACTOME_TYSND1_CLEAVES_PEROXISOMAL_PROTEINS,2,2,,,,,,0
REACTOME_UNBLOCKING_OF_NMDA_RECEPTORS_GLUTAMATE_BINDING_AND_ACTIVATION,4,4,,,,,,0
REACTOME_UNWINDING_OF_DNA,4,4,,,,,,0
REACTOME_UPTAKE_AND_FUNCTION_OF_ANTHRAX_TOXINS,1,1,,,,,,0
REACTOME_UPTAKE_AND_FUNCTION_OF_DIPHTHERIA_TOXIN,2,2,,,,,,0
REACTOME_UREA_CYCLE,1,1,,,,,,0
REACTOME_VASOPRESSIN_LIKE_RECEPTORS,3,3,,,,,,0
REACTOME_VEGF_LIGAND_RECEPTOR_INTERACTIONS,0,0,,,,,,0
REACTOME_VITAMINS,1,1,,,,,,0
REACTOME_VITAMIN_B1_THIAMIN_METABOLISM,1,1,,,,,,0
REACTOME_VITAMIN_B2_RIBOFLAVIN_METABOLISM,1,1,,,,,,0
REACTOME_VITAMIN_C_ASCORBATE_METABOLISM,3,3,,,,,,0
REACTOME_VITAMIN_D_CALCIFEROL_METABOLISM,1,1,,,,,,0
REACTOME_VLDLR_INTERNALISATION_AND_DEGRADATION,1,1,,,,,,0
REACTOME_VLDL_ASSEMBLY,0,0,,,,,,0
REACTOME_VLDL_CLEARANCE,1,1,,,,,,0
REACTOME_VOLTAGE_GATED_POTASSIUM_CHANNELS,2,2,,,,,,0
REACTOME_VXPX_CARGO_TARGETING_TO_CILIUM,1,1,,,,,,0
REACTOME_WAX_AND_PLASMALOGEN_BIOSYNTHESIS,2,2,,,,,,0
REACTOME_WNT5A_DEPENDENT_INTERNALIZATION_OF_FZD2_FZD5_AND_ROR2,0,0,,,,,,0
REACTOME_WNT5A_DEPENDENT_INTERNALIZATION_OF_FZD4,1,1,,,,,,0
REACTOME_WNT_LIGAND_BIOGENESIS_AND_TRAFFICKING,2,2,,,,,,0
REACTOME_WNT_MEDIATED_ACTIVATION_OF_DVL,2,2,,,,,,0
REACTOME_XENOBIOTICS,0,0,,,,,,0
REACTOME_YAP1_AND_WWTR1_TAZ_STIMULATED_GENE_EXPRESSION,0,0,,,,,,0
REACTOME_ZINC_EFFLUX_AND_COMPARTMENTALIZATION_BY_THE_SLC30_FAMILY,1,1,,,,,,0
REACTOME_ZINC_INFLUX_INTO_CELLS_BY_THE_SLC39_GENE_FAMILY,4,4,,,,,,0
