pathway,n_genes,n_tested,median_member,median_reference,effect,pvalue,qvalue,sign
REACTOME_INTERFERON_ALPHA_BETA_SIGNALING,18,18,0.9079552050679922,-6.298697553575039e-05,0.908018192043528,2.1637038771956052e-09,1.8240023684758952e-06,1
REACTOME_INTERFERON_SIGNALING,49,49,0.013688908889889717,-7.943226955831051e-05,0.013768341159448028,2.72686780930019e-07,0.00011493747816200301,1
REACTOME_MRNA_SPLICING,44,44,-0.012153263203799725,8.629553485661745e-05,-0.012239558738656342,5.571129869954056e-07,0.00015654874934570897,-1
REACTOME_PROCESSING_OF_CAPPED_INTRON_CONTAINING_PRE_MRNA,56,56,-0.008916515856981277,8.629553485661745e-05,-0.009002811391837895,5.557015155105382e-05,0.011711409439384594,-1
REACTOME_ACTIVATION_OF_THE_MRNA_UPON_BINDING_OF_THE_CAP_BINDING_COMPLEX_AND_EIFS_AND_SUBSEQUENT_BINDING_TO_43S,6,6,-0.2506664637476206,1.0447576642036438e-05,-0.2506769113242626,0.00017647904220574693,0.02975436651588893,-1
REACTOME_PD_1_SIGNALING,12,12,-0.06745954789221287,1.5795230865478516e-05,-0.06747534312307835,0.0003701832389526363,0.04118718857839559,-1
REACTOME_EUKARYOTIC_TRANSLATION_INITIATION,14,14,-0.01728150900453329,2.7942820452153683e-05,-0.017309451824985445,0.0003783683182321195,0.04118718857839559,-1
REACTOME_PEPTIDE_LIGAND_BINDING_RECEPTORS,56,56,0.0029517701477743685,-6.298697553575039e-05,0.003014757123310119,0.000390862999557728,0.04118718857839559,1
REACTOME_METABOLISM_OF_RNA,150,150,-0.004910603165626526,0.00013342127203941345,-0.005044024437665939,0.0005855530187768834,0.054846799425434745,-1
REACTOME_ANTIVIRAL_MECHANISM_BY_IFN_STIMULATED_GENES,17,17,0.011405633762478828,-2.8026464860886335e-05,0.011433660227339715,0.0011305111846964281,0.0897148123607685,1
REACTOME_CYTOKINE_SIGNALING_IN_IMMUNE_SYSTEM,191,191,0.0019131060689687729,-0.00011642184108495712,0.00202952791005373,0.0011706559145533257,0.0897148123607685,1
REACTOME_MRNA_SPLICING_MINOR_PATHWAY,14,14,-0.018056822009384632,2.7942820452153683e-05,-0.018084764829836786,0.001347717454251923,0.09467715116119758,-1
REACTOME_TRANSLATION,52,52,-0.007725836709141731,5.619018338620663e-05,-0.007782026892527938,0.0015660951047764603,0.10155524410204278,-1
REACTOME_GENERATION_OF_SECOND_MESSENGER_MOLECULES,17,17,-0.04567592777311802,2.18690256588161e-05,-0.045697796798776835,0.0018174811051885904,0.10943832654814155,-1
REACTOME_MRNA_EDITING,5,5,0.02925068698823452,-1.7926970031112432e-05,0.029268613958265632,0.0020925268147246002,0.11760000698752253,1
REACTOME_REGULATED_NECROSIS,15,15,0.05377296917140484,-1.7926970031112432e-05,0.05379089614143595,0.0033407363464131624,0.15645781889034976,1
REACTOME_INFLAMMASOMES,7,7,0.025525463744997978,-1.7926970031112432e-05,0.02554339071502909,0.0032280764196367787,0.15645781889034976,1
REACTOME_APOPTOSIS,33,33,0.004502787254750729,-5.064147990196943e-05,0.004553428734652698,0.0033299244708654306,0.15645781889034976,1
REACTOME_POSITIVE_EPIGENETIC_REGULATION_OF_RRNA_EXPRESSION,13,13,-0.007297707721590996,3.342021955177188e-05,-0.007331127941142768,0.0036540883603626076,0.16212613093608833,-1
REACTOME_REGULATION_BY_C_FLIP,6,6,0.06316444091498852,-1.547299325466156e-05,0.06317991390824318,0.004198577120362394,0.16500000850895824,1
REACTOME_REGULATION_OF_TP53_EXPRESSION_AND_DEGRADATION,6,6,0.05365678109228611,-1.547299325466156e-05,0.05367225408554077,0.004798544496981598,0.16500000850895824,1
REACTOME_RRNA_PROCESSING,40,40,-0.0057111745700240135,4.167878068983555e-05,-0.005752853350713849,0.004185171990853348,0.16500000850895824,-1
REACTOME_CHEMOKINE_RECEPTORS_BIND_CHEMOKINES,35,35,0.00411626324057579,-4.168681334704161e-05,0.004157950053922832,0.0044561787369487805,0.16500000850895824,1
REACTOME_CLASS_A_1_RHODOPSIN_LIKE_RECEPTORS,74,74,0.0020264124614186585,-5.358131602406502e-05,0.0020799937774427235,0.004697218888644645,0.16500000850895824,1
REACTOME_GPCR_LIGAND_BINDING,92,92,0.0019131060689687729,-7.16005451977253e-05,0.001984706614166498,0.004893238686505285,0.16500000850895824,1
REACTOME_SIGNALING_BY_KIT_IN_DISEASE,6,6,-0.028086068108677864,1.0447576642036438e-05,-0.0280965156853199,0.005505897479924646,0.17851813752217216,-1
REACTOME_CYCLIN_A_CDK2_ASSOCIATED_EVENTS_AT_S_PHASE_ENTRY,16,16,0.0044073227327317,-4.770164377987385e-05,0.004455024376511574,0.006435933431823796,0.20094414381583187,1
REACTOME_SIGNALLING_TO_ERKS,5,5,-0.015277983620762825,9.990704711526632e-06,-0.015287974325474352,0.007488257058690013,0.20827312736304787,-1
REACTOME_PEXOPHAGY,5,5,0.007078738883137703,-1.7926970031112432e-05,0.007096665853168815,0.007152948559861321,0.20827312736304787,1
REACTOME_SARS_COV_1_INFECTION,12,12,0.0035887169651687145,-3.5671982914209366e-05,0.003624388948082924,0.0074960364907247015,0.20827312736304787,1
REACTOME_SIGNALING_BY_PTK6,17,17,0.0024060452706180513,-5.371798761188984e-05,0.002459763258229941,0.00765891690184399,0.20827312736304787,1
REACTOME_INACTIVATION_OF_CSF3_G_CSF_SIGNALING,5,5,0.0745342131704092,-1.4185556210577488e-05,0.07454839872661978,0.009869726311971359,0.21573601400647957,1
REACTOME_INFECTION_WITH_MYCOBACTERIUM_TUBERCULOSIS,6,6,0.06713810004293919,-1.547299325466156e-05,0.06715357303619385,0.009692006685036928,0.21573601400647957,1
REACTOME_FCGR_ACTIVATION,5,5,-0.04567592777311802,9.990704711526632e-06,-0.045685918477829546,0.009946173242929818,0.21573601400647957,-1
REACTOME_ASSEMBLY_OF_THE_HIV_VIRION,5,5,0.03643265180289745,-1.4185556210577488e-05,0.03644683735910803,0.012082369201460802,0.21573601400647957,1
REACTOME_CASPASE_ACTIVATION_VIA_EXTRINSIC_APOPTOTIC_SIGNALLING_PATHWAY,10,10,0.034755392000079155,-1.547299325466156e-05,0.034770864993333817,0.012283901153393855,0.21573601400647957,1
REACTOME_THE_NLRP3_INFLAMMASOME,6,6,0.02589096687734127,-1.547299325466156e-05,0.025906439870595932,0.01019969777990434,0.21573601400647957,1
REACTOME_ATTENUATION_PHASE,14,14,0.02454911742825061,-2.0380946807563305e-05,0.024569498375058174,0.010905758559777289,0.21573601400647957,1
REACTOME_RHOH_GTPASE_CYCLE,5,5,-0.021785536780953407,9.990704711526632e-06,-0.021795527485664934,0.010926368591137364,0.21573601400647957,-1
REACTOME_ERCC6_CSB_AND_EHMT2_G9A_POSITIVELY_REGULATE_RRNA_EXPRESSION,6,6,-0.013868182897567749,1.0447576642036438e-05,-0.013878630474209785,0.011208484740766089,0.21573601400647957,-1
REACTOME_HIV_ELONGATION_ARREST_AND_RECOVERY,7,7,-0.01367625780403614,1.3121403753757477e-05,-0.013689379207789898,0.008604346503970078,0.21573601400647957,-1
REACTOME_RESPIRATORY_ELECTRON_TRANSPORT,15,15,-0.011696446686983109,2.18690256588161e-05,-0.011718315712641925,0.010347041585491752,0.21573601400647957,-1
REACTOME_RESPIRATORY_ELECTRON_TRANSPORT_ATP_SYNTHESIS_BY_CHEMIOSMOTIC_COUPLING_AND_HEAT_PRODUCTION_BY_UNCOUPLING_PROTEINS,15,15,-0.011696446686983109,2.18690256588161e-05,-0.011718315712641925,0.010347041585491752,0.21573601400647957,-1
REACTOME_COMPLEX_I_BIOGENESIS,9,9,-0.010014103725552559,1.3121403753757477e-05,-0.010027225129306316,0.012209410349874689,0.21573601400647957,-1
REACTOME_RNA_POLYMERASE_II_TRANSCRIPTION_TERMINATION,19,19,-0.009969869628548622,2.18690256588161e-05,-0.009991738654207438,0.00938668359614726,0.21573601400647957,-1
REACTOME_INTERFERON_GAMMA_SIGNALING,24,24,0.004935571691021323,-4.770164377987385e-05,0.004983273334801197,0.011856055841492609,0.21573601400647957,1
REACTOME_CYCLIN_D_ASSOCIATED_EVENTS_IN_G1,17,17,0.004043749999254942,-5.064147990196943e-05,0.004094391479156911,0.009349672256578566,0.21573601400647957,1
REACTOME_G_ALPHA_I_SIGNALLING_EVENTS,79,79,0.0018840080592781305,-6.729376036673784e-05,0.0019513018196448684,0.01142578904956018,0.21573601400647957,1
REACTOME_RIPK1_MEDIATED_REGULATED_NECROSIS,11,11,0.03944609872996807,-1.4185556210577488e-05,0.03946028428617865,0.013284944725391191,0.2239841680700955,1
REACTOME_ROLE_OF_LAT2_NTAL_LAB_ON_CALCIUM_MOBILIZATION,6,6,-0.01037071505561471,1.0447576642036438e-05,-0.010381162632256746,0.01311003670614392,0.2239841680700955,-1
REACTOME_RAF_INDEPENDENT_MAPK1_3_ACTIVATION,6,6,-0.04873550124466419,9.533832781016827e-06,-0.04874503507744521,0.01463774000771377,0.24195323189221,-1
REACTOME_EUKARYOTIC_TRANSLATION_ELONGATION,5,5,-0.1500312928110361,6.307556759566069e-06,-0.15003760036779568,0.015275865773679585,0.24652559307552283,-1
REACTOME_NEGATIVE_REGULATION_OF_FLT3,6,6,0.0247266236692667,-1.547299325466156e-05,0.024742096662521362,0.016843145965218763,0.24652559307552283,1
REACTOME_ABORTIVE_ELONGATION_OF_HIV_1_TRANSCRIPT_IN_THE_ABSENCE_OF_TAT,6,6,-0.015417681075632572,1.0447576642036438e-05,-0.015428128652274609,0.016593658672601534,0.24652559307552283,-1
REACTOME_CHOLESTEROL_BIOSYNTHESIS,11,11,-0.010892527177929878,1.3121403753757477e-05,-0.010905648581683636,0.016822148396096692,0.24652559307552283,-1
REACTOME_HSF1_DEPENDENT_TRANSACTIVATION,16,16,0.003507344168610871,-2.0380946807563305e-05,0.003527725115418434,0.017344077996013518,0.24652559307552283,1
REACTOME_PROGRAMMED_CELL_DEATH,38,38,0.003211723640561104,-3.5671982914209366e-05,0.003247395623475313,0.016794287106384868,0.24652559307552283,1
REACTOME_TRANSLESION_SYNTHESIS_BY_Y_FAMILY_DNA_POLYMERASES_BYPASSES_LESIONS_ON_DNA_TEMPLATE,13,13,0.0030497312545776367,-2.8026464860886335e-05,0.003077757719438523,0.017272542943110186,0.24652559307552283,1
REACTOME_TRANSCRIPTIONAL_REGULATION_BY_RUNX1,54,54,0.0024129692756105214,-7.202010601758957e-05,0.002484989381628111,0.017046253548286948,0.24652559307552283,1
REACTOME_CELLULAR_RESPONSES_TO_STIMULI,153,153,0.000925215077586472,-6.729376036673784e-05,0.0009925088379532099,0.017546305556976713,0.24652559307552283,1
REACTOME_NUCLEOTIDE_BINDING_DOMAIN_LEUCINE_RICH_REPEAT_CONTAINING_RECEPTOR_NLR_SIGNALING_PATHWAYS,16,16,0.010891992598772049,-1.547299325466156e-05,0.01090746559202671,0.01861286536184007,0.2572236967218226,1
REACTOME_APOPTOTIC_CLEAVAGE_OF_CELLULAR_PROTEINS,9,9,0.01145198754966259,-1.7926970031112432e-05,0.011469914519693702,0.019129854059485675,0.25728146472805363,1
REACTOME_SIGNALING_BY_SCF_KIT,11,11,-0.008436618372797966,2.18690256588161e-05,-0.008458487398456782,0.019227440424516466,0.25728146472805363,-1
REACTOME_SELENOAMINO_ACID_METABOLISM,12,12,-0.0132439024746418,9.533832781016827e-06,-0.013253436307422817,0.020231277605980064,0.26356904917430446,-1
REACTOME_AGGREPHAGY,7,7,0.013015968725085258,-1.7926970031112432e-05,0.013033895695116371,0.020322643174768434,0.26356904917430446,1
REACTOME_HSF1_ACTIVATION,15,15,0.011435078456997871,-1.7926970031112432e-05,0.011453005427028984,0.02127871457310013,0.2717872179564153,1
REACTOME_INTRINSIC_PATHWAY_FOR_APOPTOSIS,10,10,0.01742674969136715,-1.547299325466156e-05,0.01744222268462181,0.02239445281545295,0.2776253488739241,1
REACTOME_TERMINATION_OF_TRANSLESION_DNA_SYNTHESIS,12,12,0.004119140096008778,-2.0380946807563305e-05,0.004139521042816341,0.022112420217510035,0.2776253488739241,1
REACTOME_ANTIGEN_ACTIVATES_B_CELL_RECEPTOR_BCR_LEADING_TO_GENERATION_OF_SECOND_MESSENGERS,12,12,-0.010098714381456375,1.0447576642036438e-05,-0.010109161958098412,0.02390151997990354,0.2920142223631693,-1
REACTOME_THE_CITRIC_ACID_TCA_CYCLE_AND_RESPIRATORY_ELECTRON_TRANSPORT,28,28,-0.009843515232205391,3.8897618651390076e-05,-0.009882412850856781,0.026371989042426065,0.317594096610931,-1
REACTOME_CYTOSOLIC_SENSORS_OF_PATHOGEN_ASSOCIATED_DNA,13,13,0.0031014616833999753,-2.8026464860886335e-05,0.0031294881482608616,0.027692701923953105,0.32880208059003474,1
REACTOME_THE_PHOTOTRANSDUCTION_CASCADE,9,9,0.0038504815893247724,-1.7926970031112432e-05,0.003868408559355885,0.029114211924354767,0.34087889794765375,1
REACTOME_NONSENSE_MEDIATED_DECAY_NMD,13,13,-0.012328965589404106,9.990704711526632e-06,-0.012338956294115633,0.03393094210804229,0.39183266023396784,-1
REACTOME_RESPONSE_OF_MTB_TO_PHAGOCYTOSIS,5,5,0.06685854308307171,-1.4185556210577488e-05,0.06687272863928229,0.03771414515474069,0.39634689849870314,1
REACTOME_TCR_SIGNALING,31,31,-0.01114840991795063,2.18690256588161e-05,-0.011170278943609446,0.03781109520585655,0.39634689849870314,-1
REACTOME_FCERI_MEDIATED_MAPK_ACTIVATION,10,10,-0.010548246558755636,1.0447576642036438e-05,-0.010558694135397673,0.03758287225419229,0.39634689849870314,-1
REACTOME_TBC_RABGAPS,7,7,-0.010331036522984505,9.990704711526632e-06,-0.010341027227696031,0.03703282517715602,0.39634689849870314,-1
REACTOME_ASSOCIATION_OF_TRIC_CCT_WITH_TARGET_PROTEINS_DURING_BIOSYNTHESIS,8,8,-0.009422618430107832,1.0447576642036438e-05,-0.009433066006749868,0.03892361826089848,0.39634689849870314,-1
REACTOME_ROLE_OF_PHOSPHOLIPIDS_IN_PHAGOCYTOSIS,8,8,-0.0077753085643053055,1.0447576642036438e-05,-0.007785756140947342,0.03902347873712024,0.39634689849870314,-1
REACTOME_HSP90_CHAPERONE_CYCLE_FOR_STEROID_HORMONE_RECEPTORS_SHR_IN_THE_PRESENCE_OF_LIGAND,12,12,0.007029591244645417,-2.0380946807563305e-05,0.00704997219145298,0.037373102997254215,0.39634689849870314,1
REACTOME_FC_EPSILON_RECEPTOR_FCERI_SIGNALING,32,32,-0.006080557592213154,3.9237551391124725e-05,-0.0061197951436042786,0.038794730156308715,0.39634689849870314,-1
REACTOME_IMMUNOREGULATORY_INTERACTIONS_BETWEEN_A_LYMPHOID_AND_A_NON_LYMPHOID_CELL,42,42,0.0023067602305673063,-4.770164377987385e-05,0.00235446187434718,0.03880481908261889,0.39634689849870314,1
REACTOME_CELLULAR_RESPONSE_TO_HEAT_STRESS,33,33,0.0016716327518224716,-1.4185556210577488e-05,0.001685818308033049,0.035685906090989435,0.39634689849870314,1
REACTOME_RUNX1_AND_FOXP3_CONTROL_THE_DEVELOPMENT_OF_REGULATORY_T_LYMPHOCYTES_TREGS,7,7,0.00511394627392292,-1.7926970031112432e-05,0.005131873243954033,0.04081533590509537,0.4096110496189928,1
REACTOME_SIGNALING_BY_NTRKS,27,27,-0.006877385079860687,9.990704711526632e-06,-0.006887375784572214,0.044936347124080234,0.44566283088940745,-1
REACTOME_CASPASE_ACTIVATION_VIA_DEATH_RECEPTORS_IN_THE_PRESENCE_OF_LIGAND,7,7,0.03944609872996807,-1.4185556210577488e-05,0.03946028428617865,0.04576952963720918,0.44864783121124807,1
REACTOME_TIE2_SIGNALING,6,6,-0.01037071505561471,9.533832781016827e-06,-0.010380248888395727,0.04651421745916338,0.4507067277939624,-1
REACTOME_EPH_EPHRIN_MEDIATED_REPULSION_OF_CELLS,8,8,-0.0038890927098691463,1.0447576642036438e-05,-0.003899540286511183,0.04730564909893239,0.4531666158,-1
REACTOME_DNA_DAMAGE_RECOGNITION_IN_GG_NER,17,17,-0.011039478704333305,1.3121403753757477e-05,-0.011052600108087063,0.04858581208233877,0.45768029839657504,-1
REACTOME_FERTILIZATION,5,5,-0.01076732762157917,6.307556759566069e-06,-0.010773635178338736,0.049105958234702894,0.45768029839657504,-1
REACTOME_DNA_DAMAGE_BYPASS,16,16,0.0027789929881691933,-2.0380946807563305e-05,0.0027993739349767566,0.049948502316114946,0.45768029839657504,1
REACTOME_AUTOPHAGY,30,30,0.002388321328908205,-3.5671982914209366e-05,0.0024239933118224144,0.04973274263846869,0.45768029839657504,1
REACTOME_REGULATION_OF_PTEN_STABILITY_AND_ACTIVITY,8,8,0.005960511974990368,-2.0380946807563305e-05,0.005980892921797931,0.05129219801151582,0.4649389561689015,1
REACTOME_NEGATIVE_REGULATION_OF_MAPK_PATHWAY,12,12,-0.02613925002515316,9.533832781016827e-06,-0.026148783857934177,0.05560766914563266,0.4753049098656107,-1
REACTOME_THE_ROLE_OF_GTSE1_IN_G2_M_PROGRESSION_AFTER_G2_CHECKPOINT,9,9,0.013015968725085258,-1.7926970031112432e-05,0.013033895695116371,0.056064951847354376,0.4753049098656107,1
REACTOME_PURINERGIC_SIGNALING_IN_LEISHMANIASIS_INFECTION,9,9,0.012366419658064842,-1.4185556210577488e-05,0.01238060521427542,0.05574602499636541,0.4753049098656107,1
REACTOME_SIGNALING_BY_ERYTHROPOIETIN,10,10,-0.008698506746441126,1.0447576642036438e-05,-0.008708954323083162,0.055583197111296764,0.4753049098656107,-1
REACTOME_GPVI_MEDIATED_ACTIVATION_CASCADE,10,10,-0.008413778617978096,9.533832781016827e-06,-0.008423312450759113,0.053859121728424025,0.4753049098656107,-1
REACTOME_TRANSCRIPTIONAL_ACTIVATION_OF_MITOCHONDRIAL_BIOGENESIS,12,12,0.0026761661283671856,-1.547299325466156e-05,0.002691639121621847,0.056382551585481694,0.4753049098656107,1
REACTOME_DOWNREGULATION_OF_ERBB2_ERBB3_SIGNALING,5,5,0.0024060452706180513,-1.7926970031112432e-05,0.0024239722406491637,0.054434900146095005,0.4753049098656107,1
REACTOME_SULFUR_AMINO_ACID_METABOLISM,7,7,-0.008404701016843319,9.990704711526632e-06,-0.008414691721554846,0.057353265485419136,0.4787010178634488,-1
REACTOME_MAP2K_AND_MAPK_ACTIVATION,8,8,-0.011105090379714966,3.0812807381153107e-06,-0.011108171660453081,0.05904191781733703,0.4832265700972342,-1
REACTOME_COMPLEMENT_CASCADE,13,13,0.004625717410817742,-2.8026464860886335e-05,0.004653743875678629,0.05854948345261133,0.4832265700972342,1
REACTOME_GAP_FILLING_DNA_REPAIR_SYNTHESIS_AND_LIGATION_IN_GG_NER,10,10,0.004119140096008778,-1.547299325466156e-05,0.004134613089263439,0.06019188211412722,0.4879015059827812,1
REACTOME_MITOCHONDRIAL_BIOGENESIS,16,16,0.0026761661283671856,-1.547299325466156e-05,0.002691639121621847,0.060857614876443776,0.48859970800802005,1
REACTOME_DEGRADATION_OF_AXIN,7,7,0.009777931496500969,-1.7926970031112432e-05,0.009795858466532081,0.06240251487378857,0.49627660413777136,1
REACTOME_TRANSLESION_SYNTHESIS_BY_POLH,9,9,0.0030497312545776367,-1.7926970031112432e-05,0.003067658224608749,0.06305066877953798,0.49674498860888333,1
REACTOME_FORMATION_OF_RNA_POL_II_ELONGATION_COMPLEX,16,16,-0.00687387865036726,2.7942820452153683e-05,-0.006901821470819414,0.06459960805708123,0.5042358295566619,-1
REACTOME_TRANSLATION_OF_SARS_COV_1_STRUCTURAL_PROTEINS,9,9,0.002324928267626092,-1.7926970031112432e-05,0.0023428552376572043,0.06526705399848255,0.5047718029423927,1
REACTOME_SIGNALING_BY_INTERLEUKINS,122,122,0.0016076057218015194,-7.202010601758957e-05,0.001679625827819109,0.06625142447190223,0.507726825725578,1
REACTOME_SIGNALING_BY_THE_B_CELL_RECEPTOR_BCR,24,24,-0.007631566375494003,1.5795230865478516e-05,-0.007647361606359482,0.06937163300806622,0.5183884412680296,-1
REACTOME_RRNA_MODIFICATION_IN_THE_NUCLEUS_AND_CYTOSOL,19,19,-0.004767024889588356,9.990704711526632e-06,-0.004777015594299883,0.0684914953776207,0.5183884412680296,-1
REACTOME_FCGR3A_MEDIATED_IL10_SYNTHESIS,12,12,-0.00467925937846303,1.0447576642036438e-05,-0.004689706955105066,0.06948741858041203,0.5183884412680296,-1
REACTOME_INSULIN_RECEPTOR_SIGNALLING_CASCADE,11,11,-0.008529025129973888,6.307556759566069e-06,-0.008535332686733454,0.07215194174845545,0.524345576671965,-1
REACTOME_IRS_MEDIATED_SIGNALLING,11,11,-0.008529025129973888,6.307556759566069e-06,-0.008535332686733454,0.07215194174845545,0.524345576671965,-1
REACTOME_SIGNALING_BY_TYPE_1_INSULIN_LIKE_GROWTH_FACTOR_1_RECEPTOR_IGF1R,11,11,-0.008529025129973888,6.307556759566069e-06,-0.008535332686733454,0.07215194174845545,0.524345576671965,-1
REACTOME_SIGNALING_BY_NOTCH4,6,6,0.02281524706631899,-1.2898119166493416e-05,0.022828145185485482,0.0742028337081511,0.5346409300510374,1
REACTOME_FOXO_MEDIATED_TRANSCRIPTION,17,17,0.0062898918986320496,-1.4185556210577488e-05,0.006304077454842627,0.07522340218448846,0.537401085097659,1
REACTOME_SIGNALING_BY_GPCR,148,148,0.0009815028461162,-7.16005451977253e-05,0.0010531033913139254,0.07588822193157661,0.5375947150278915,1
REACTOME_TRANSLESION_SYNTHESIS_BY_POLK,7,7,0.0051885489374399185,-1.4185556210577488e-05,0.005202734493650496,0.07730845899955134,0.5430919244718482,1
REACTOME_SMAD2_SMAD3_SMAD4_HETEROTRIMER_REGULATES_TRANSCRIPTION,10,10,0.005880900425836444,-2.0380946807563305e-05,0.005901281372644007,0.07847900686491642,0.5467587007200375,1
REACTOME_NEUTROPHIL_DEGRANULATION,94,94,-0.005669411271810532,4.167878068983555e-05,-0.005711090052500367,0.07938078020380263,0.5485081779656198,-1
REACTOME_MYOCLONIC_EPILEPSY_OF_LAFORA,5,5,0.002882026950828731,-1.4185556210577488e-05,0.0028962125070393085,0.0809645857851838,0.554903624527723,1
REACTOME_MITOCHONDRIAL_IRON_SULFUR_CLUSTER_BIOGENESIS,5,5,-0.025116683915257454,6.307556759566069e-06,-0.02512299147201702,0.08195515892497116,0.5571628949496022,-1
REACTOME_DEATH_RECEPTOR_SIGNALLING,40,40,0.0005424631235655397,-2.0380946807563305e-05,0.000562844070373103,0.08345776502330117,0.562839167317143,1
REACTOME_SIGNALING_BY_CSF3_G_CSF,6,6,0.07097593508660793,-1.2898119166493416e-05,0.07098883320577443,0.08483365649804489,0.5675775589512051,1
REACTOME_RET_SIGNALING,7,7,-0.008867988362908363,9.990704711526632e-06,-0.00887797906761989,0.08557867818416713,0.5680537457421487,-1
REACTOME_RUNX1_REGULATES_TRANSCRIPTION_OF_GENES_INVOLVED_IN_DIFFERENTIATION_OF_HSCS,13,13,0.002426608989480883,-2.8026464860886335e-05,0.0024546354543417692,0.08721976281674078,0.5744239066758787,1
REACTOME_UCH_PROTEINASES,18,18,-0.00597116956487298,1.5795230865478516e-05,-0.005986964795738459,0.08877804630635262,0.5801542095833742,-1
REACTOME_TP53_REGULATES_TRANSCRIPTION_OF_DEATH_RECEPTORS_AND_LIGANDS,5,5,0.004502787254750729,-1.4185556210577488e-05,0.004516972810961306,0.09273399243087783,0.5967538596887787,1
REACTOME_REGULATION_OF_HSF1_MEDIATED_HEAT_SHOCK_RESPONSE,29,29,0.0012290459126234055,-6.449059583246708e-06,0.0012354949722066522,0.09236762295174904,0.5967538596887787,1
REACTOME_MICRORNA_MIRNA_BIOGENESIS,7,7,-0.00532388873398304,9.990704711526632e-06,-0.0053338794386945665,0.09377448611940713,0.5988779681716683,-1
REACTOME_O_GLYCOSYLATION_OF_TSR_DOMAIN_CONTAINING_PROTEINS,6,6,-0.016626504890155047,0.0,-0.016626504890155047,0.09538829454193272,0.6001883651800917,-1
REACTOME_COSTIMULATION_BY_THE_CD28_FAMILY,25,25,-0.006682628765702248,1.3121403753757477e-05,-0.006695750169456005,0.09825147615047765,0.6001883651800917,-1
REACTOME_SIGNALING_BY_FGFR2_IN_DISEASE,9,9,-0.00532388873398304,9.990704711526632e-06,-0.0053338794386945665,0.09671428583924067,0.6001883651800917,-1
REACTOME_VISUAL_PHOTOTRANSDUCTION,20,20,0.002397566509898752,-3.5671982914209366e-05,0.0024332384928129613,0.09557053192786459,0.6001883651800917,1
REACTOME_MUSCLE_CONTRACTION,27,27,0.0019131060689687729,-5.371798761188984e-05,0.0019668240565806627,0.09762223886166052,0.6001883651800917,1
REACTOME_SIGNALING_BY_HEDGEHOG,22,22,0.0018171323463320732,-4.770164377987385e-05,0.001864833990111947,0.0982071417785386,0.6001883651800917,1
REACTOME_APC_C_CDC20_MEDIATED_DEGRADATION_OF_CYCLIN_B,8,8,0.005053934990428388,-1.547299325466156e-05,0.00506940798368305,0.0996690862529716,0.604467911591763,1
REACTOME_NEPHRIN_FAMILY_INTERACTIONS,7,7,-0.009837230667471886,6.307556759566069e-06,-0.009843538224231452,0.10354052039643742,0.6061434631541441,-1
REACTOME_METABOLISM_OF_COFACTORS,8,8,-0.004736709408462048,1.0447576642036438e-05,-0.004747156985104084,0.10119653106560554,0.6061434631541441,-1
REACTOME_NOTCH1_INTRACELLULAR_DOMAIN_REGULATES_TRANSCRIPTION,14,14,0.0023713624104857445,-1.547299325466156e-05,0.002386835403740406,0.10175081150581704,0.6061434631541441,1
REACTOME_DDX58_IFIH1_MEDIATED_INDUCTION_OF_INTERFERON_ALPHA_BETA,22,22,0.0013993415050208569,-1.547299325466156e-05,0.0014148144982755184,0.1035032863614198,0.6061434631541441,1
REACTOME_CELLULAR_SENESCENCE,44,44,0.0010831141844391823,-3.5671982914209366e-05,0.0011187861673533916,0.10243364012471617,0.6061434631541441,1
REACTOME_TNF_SIGNALING,9,9,0.01068062987178564,-6.449059583246708e-06,0.010687078931368887,0.11207866032061761,0.6215941490150043,1
REACTOME_HCMV_LATE_EVENTS,13,13,0.008484506979584694,-6.449059583246708e-06,0.00849095603916794,0.11197576684002533,0.6215941490150043,1
REACTOME_APOPTOTIC_EXECUTION_PHASE,12,12,0.006710005924105644,-1.547299325466156e-05,0.006725478917360306,0.11199221987345194,0.6215941490150043,1
REACTOME_B_WICH_COMPLEX_POSITIVELY_REGULATES_RRNA_EXPRESSION,7,7,-0.006510946899652481,9.990704711526632e-06,-0.006520937604364008,0.10803666629189108,0.6215941490150043,-1
REACTOME_TRANSPORT_OF_MATURE_TRANSCRIPT_TO_CYTOPLASM,21,21,-0.006205635145306587,2.18690256588161e-05,-0.006227504170965403,0.1087717940858984,0.6215941490150043,-1
REACTOME_NUCLEOTIDE_EXCISION_REPAIR,37,37,-0.00532388873398304,3.342021955177188e-05,-0.005357308953534812,0.10701544336403777,0.6215941490150043,-1
REACTOME_TRANSCRIPTIONAL_REGULATION_BY_RUNX2,16,16,0.002603899221867323,-2.0380946807563305e-05,0.0026242801686748862,0.11057421919336911,0.6215941490150043,1
REACTOME_SIGNALING_BY_NOTCH,35,35,0.000737478956580162,-4.168681334704161e-05,0.0007791657699272037,0.11194313178938155,0.6215941490150043,1
REACTOME_TRYPTOPHAN_CATABOLISM,5,5,0.01242426224052906,-1.4185556210577488e-05,0.012438447796739638,0.11792521399186899,0.6290992546168829,1
REACTOME_RNA_POLYMERASE_I_TRANSCRIPTION,15,15,-0.00577135942876339,2.18690256588161e-05,-0.005793228454422206,0.11523120120047349,0.6290992546168829,-1
REACTOME_RNA_POLYMERASE_I_TRANSCRIPTION_INITIATION,15,15,-0.00577135942876339,2.18690256588161e-05,-0.005793228454422206,0.11523120120047349,0.6290992546168829,-1
REACTOME_SIGNALING_BY_NOTCH1_PEST_DOMAIN_MUTANTS_IN_CANCER,12,12,0.005573279224336147,-1.2898119166493416e-05,0.005586177343502641,0.11865573129784625,0.6290992546168829,1
REACTOME_CELLULAR_RESPONSE_TO_HYPOXIA,8,8,0.0041799916652962565,-1.547299325466156e-05,0.004195464658550918,0.1175164505508469,0.6290992546168829,1
REACTOME_SENESCENCE_ASSOCIATED_SECRETORY_PHENOTYPE_SASP,19,19,0.002674636198207736,-1.7926970031112432e-05,0.0026925631682388484,0.1165505170085456,0.6290992546168829,1
REACTOME_HEDGEHOG_ON_STATE,11,11,0.0019131060689687729,-2.8026464860886335e-05,0.0019411325338296592,0.11728410277832979,0.6290992546168829,1
REACTOME_IRAK4_DEFICIENCY_TLR2_4,6,6,-0.10388568183407187,3.0812807381153107e-06,-0.10388876311480999,0.12726810581955497,0.6350056577146465,-1
REACTOME_METABOLISM_OF_POLYAMINES,8,8,-0.01227200822904706,3.0812807381153107e-06,-0.012275089509785175,0.12330803223713206,0.6350056577146465,-1
REACTOME_INITIATION_OF_NUCLEAR_ENVELOPE_NE_REFORMATION,5,5,-0.007447156123816967,6.307556759566069e-06,-0.007453463680576533,0.12205211407319032,0.6350056577146465,-1
REACTOME_INHIBITION_OF_DNA_RECOMBINATION_AT_TELOMERE,8,8,-0.007147779688239098,1.0447576642036438e-05,-0.007158227264881134,0.12707226619887046,0.6350056577146465,-1
REACTOME_MHC_CLASS_II_ANTIGEN_PRESENTATION,32,32,-0.005778204649686813,1.5795230865478516e-05,-0.005793999880552292,0.12621422130721438,0.6350056577146465,-1
REACTOME_APC_CDC20_MEDIATED_DEGRADATION_OF_NEK2A,10,10,0.002852315141353756,-1.547299325466156e-05,0.0028677881346084177,0.12604768769569677,0.6350056577146465,1
REACTOME_G0_AND_EARLY_G1,11,11,0.0026493980549275875,-1.7926970031112432e-05,0.0026673250249587,0.12467015934186443,0.6350056577146465,1
REACTOME_METABOLISM_OF_AMINO_ACIDS_AND_DERIVATIVES,58,58,-0.0023152208887040615,3.9237551391124725e-05,-0.0023544584400951862,0.12666362840869574,0.6350056577146465,-1
REACTOME_SIGNALING_BY_ROBO_RECEPTORS,29,29,-0.0014971578493714333,9.990704711526632e-06,-0.0015071485540829599,0.12065159565761646,0.6350056577146465,-1
REACTOME_S_PHASE,46,46,0.0013273104559630156,-3.5671982914209366e-05,0.001362982438877225,0.12730243909107383,0.6350056577146465,1
REACTOME_P75NTR_SIGNALS_VIA_NF_KB,5,5,0.06741765700280666,-6.449059583246708e-06,0.06742410606238991,0.12979779383939824,0.636452450243926,1
REACTOME_REGULATION_OF_TNFR1_SIGNALING,7,7,0.013060532510280609,-6.449059583246708e-06,0.013066981569863856,0.12999522177824557,0.636452450243926,1
REACTOME_ERYTHROPOIETIN_ACTIVATES_PHOSPHOINOSITIDE_3_KINASE_PI3K,6,6,-0.008698506746441126,9.533832781016827e-06,-0.008708040579222143,0.13392486918421692,0.636452450243926,-1
REACTOME_LATE_ENDOSOMAL_MICROAUTOPHAGY,9,9,0.008484506979584694,-1.4185556210577488e-05,0.008498692535795271,0.13375834878614196,0.636452450243926,1
REACTOME_SIGNALING_BY_MODERATE_KINASE_ACTIVITY_BRAF_MUTANTS,8,8,-0.007579640718176961,0.0,-0.007579640718176961,0.13241030985368926,0.636452450243926,-1
REACTOME_BIOLOGICAL_OXIDATIONS,27,27,-0.0041948240250349045,1.3121403753757477e-05,-0.004207945428788662,0.13438735011081712,0.636452450243926,-1
REACTOME_SELECTIVE_AUTOPHAGY,16,16,0.0033581695752218366,-2.0380946807563305e-05,0.0033785505220294,0.13312283257265553,0.636452450243926,1
REACTOME_TRANSCRIPTION_OF_E2F_TARGETS_UNDER_NEGATIVE_CONTROL_BY_P107_RBL1_AND_P130_RBL2_IN_COMPLEX_WITH_HDAC1,7,7,0.0033189072273671627,-1.7926970031112432e-05,0.003336834197398275,0.13128595804259088,0.636452450243926,1
REACTOME_ONCOGENE_INDUCED_SENESCENCE,12,12,0.0019485056400299072,-1.547299325466156e-05,0.001963978633284569,0.12884890207557084,0.636452450243926,1
REACTOME_O_LINKED_GLYCOSYLATION_OF_MUCINS,13,13,0.002834944403730333,-2.8026464860886335e-05,0.002862970868591219,0.13621737905556422,0.6415153661667075,1
REACTOME_CYTOSOLIC_SULFONATION_OF_SMALL_MOLECULES,6,6,-0.013527583330869675,3.0812807381153107e-06,-0.01353066461160779,0.1378363447368308,0.6419670641610407,-1
REACTOME_GLYCOGEN_SYNTHESIS,6,6,0.001533552072942257,-1.2898119166493416e-05,0.0015464501921087503,0.13719178920155212,0.6419670641610407,1
REACTOME_SRP_DEPENDENT_COTRANSLATIONAL_PROTEIN_TARGETING_TO_MEMBRANE,9,9,-0.07681436277925968,6.307556759566069e-06,-0.07682067033601925,0.14657815083070916,0.645918264703947,-1
REACTOME_ADVANCED_GLYCOSYLATION_ENDPRODUCT_RECEPTOR_SIGNALING,5,5,-0.07681436277925968,1.5406403690576553e-06,-0.07681590341962874,0.14403545596797696,0.645918264703947,-1
REACTOME_PIWI_INTERACTING_RNA_PIRNA_BIOGENESIS,6,6,-0.00798782892525196,9.533832781016827e-06,-0.007997362758032978,0.14855492922886104,0.645918264703947,-1
REACTOME_TP53_REGULATES_TRANSCRIPTION_OF_GENES_INVOLVED_IN_G2_CELL_CYCLE_ARREST,5,5,-0.007034042850136757,1.5406403690576553e-06,-0.0070355834905058146,0.1462428791657063,0.645918264703947,-1
REACTOME_BRANCHED_CHAIN_AMINO_ACID_CATABOLISM,6,6,-0.004429639782756567,1.0447576642036438e-05,-0.0044400873593986034,0.1448296618858428,0.645918264703947,-1
REACTOME_FGFR2_MUTANT_RECEPTOR_ACTIVATION,6,6,-0.004181267693638802,9.533832781016827e-06,-0.004190801526419818,0.14941169824112652,0.645918264703947,-1
REACTOME_SMOOTH_MUSCLE_CONTRACTION,7,7,0.003832858754321933,-1.4185556210577488e-05,0.0038470443105325103,0.1458351651571301,0.645918264703947,1
REACTOME_PKMTS_METHYLATE_HISTONE_LYSINES,9,9,-0.0032596364617347717,9.990704711526632e-06,-0.0032696271664462984,0.1492233360487096,0.645918264703947,-1
REACTOME_RECOGNITION_OF_DNA_DAMAGE_BY_PCNA_CONTAINING_REPLICATION_COMPLEX,13,13,0.0030497312545776367,-1.4185556210577488e-05,0.003063916810788214,0.1493002697143179,0.645918264703947,1
REACTOME_SIGNALING_BY_NOTCH3,7,7,0.002751730673480779,-1.4185556210577488e-05,0.0027659162296913564,0.14289214365065933,0.645918264703947,1
REACTOME_FANCONI_ANEMIA_PATHWAY,11,11,0.0020368508994579315,-1.7926970031112432e-05,0.002054777869489044,0.14174078891608038,0.645918264703947,1
REACTOME_VEGFR2_MEDIATED_VASCULAR_PERMEABILITY,5,5,0.001814649673178792,-1.4185556210577488e-05,0.0018288352293893695,0.14587318828981102,0.645918264703947,1
REACTOME_ADORA2B_MEDIATED_ANTI_INFLAMMATORY_CYTOKINES_PRODUCTION,26,26,0.0016903876676224172,-3.5671982914209366e-05,0.0017260596505366266,0.14488405819163885,0.645918264703947,1
REACTOME_OXIDATIVE_STRESS_INDUCED_SENESCENCE,27,27,0.0008171536028385162,-2.8026464860886335e-05,0.0008451800676994026,0.14869554591193038,0.645918264703947,1
REACTOME_AUF1_HNRNP_D0_BINDS_AND_DESTABILIZES_MRNA,7,7,0.06741765700280666,-1.4185556210577488e-05,0.06743184255901724,0.15073624060814886,0.6471912838688479,1
REACTOME_TRANSCRIPTION_OF_THE_HIV_GENOME,15,15,-0.005075499415397644,2.18690256588161e-05,-0.00509736844105646,0.15124161675226933,0.6471912838688479,-1
REACTOME_CHROMATIN_MODIFYING_ENZYMES,61,61,-0.0032596364617347717,3.90675850212574e-05,-0.003298704046756029,0.1527732077760643,0.6504435058344556,-1
REACTOME_MITOCHONDRIAL_PROTEIN_IMPORT,15,15,-0.006395226344466209,1.3121403753757477e-05,-0.006408347748219967,0.156358724327361,0.6557731572535588,-1
REACTOME_CELLULAR_RESPONSE_TO_CHEMICAL_STRESS,24,24,0.003547191678080708,-1.547299325466156e-05,0.0035626646713353693,0.15519177811473775,0.6557731572535588,1
REACTOME_RNA_POLYMERASE_III_TRANSCRIPTION_INITIATION_FROM_TYPE_3_PROMOTER,10,10,0.002085241489112377,-1.547299325466156e-05,0.0021007144823670387,0.1563027591943981,0.6557731572535588,1
REACTOME_BASE_EXCISION_REPAIR_AP_SITE_FORMATION,8,8,-0.00561246694996953,1.0447576642036438e-05,-0.0056229145266115665,0.15860375801456472,0.6586353103757541,-1
REACTOME_HEDGEHOG_OFF_STATE,18,18,0.0018171323463320732,-3.5671982914209366e-05,0.0018528043292462826,0.15835331327628854,0.6586353103757541,1
REACTOME_DEGRADATION_OF_CYSTEINE_AND_HOMOCYSTEINE,5,5,-0.0036194678395986557,6.307556759566069e-06,-0.0036257753963582218,0.16202536461574435,0.6668980885061119,-1
REACTOME_RECYCLING_PATHWAY_OF_L1,9,9,0.0031461382750421762,-1.7926970031112432e-05,0.0031640652450732887,0.1621756917482241,0.6668980885061119,1
REACTOME_RAS_PROCESSING,7,7,0.009511193260550499,-1.4185556210577488e-05,0.009525378816761076,0.1636224905226501,0.667729852471508,1
REACTOME_MITOTIC_G1_PHASE_AND_G1_S_TRANSITION,39,39,0.0013055461458861828,-4.168681334704161e-05,0.0013472329592332244,0.16396213459264786,0.667729852471508,1
REACTOME_POSTMITOTIC_NUCLEAR_PORE_COMPLEX_NPC_REFORMATION,7,7,0.011405633762478828,-6.449059583246708e-06,0.011412082822062075,0.16653815086672563,0.6749599095223544,1
REACTOME_SIGNALING_BY_NOTCH2,6,6,0.02801437326706946,0.0,0.02801437326706946,0.1810348410378676,0.6785868929307465,1
REACTOME_HIV_TRANSCRIPTION_ELONGATION,10,10,-0.00687387865036726,1.0447576642036438e-05,-0.006884326227009296,0.17726510552916863,0.6785868929307465,-1
REACTOME_PROTEIN_UBIQUITINATION,19,19,-0.006559554487466812,1.3121403753757477e-05,-0.00657267589122057,0.1796729840879926,0.6785868929307465,-1
REACTOME_TP53_REGULATES_TRANSCRIPTION_OF_DNA_REPAIR_GENES,16,16,-0.006193641573190689,1.0447576642036438e-05,-0.0062040891498327255,0.18102182167800063,0.6785868929307465,-1
REACTOME_IRON_UPTAKE_AND_TRANSPORT,15,15,0.0035122925182804465,-2.8026464860886335e-05,0.003540318983141333,0.17032490889812413,0.6785868929307465,1
REACTOME_SCF_SKP2_MEDIATED_DEGRADATION_OF_P27_P21,8,8,0.0033465740270912647,-1.547299325466156e-05,0.0033620470203459263,0.18189861582259192,0.6785868929307465,1
REACTOME_TGF_BETA_RECEPTOR_SIGNALING_IN_EMT_EPITHELIAL_TO_MESENCHYMAL_TRANSITION,6,6,0.0030464804731309414,-1.2898119166493416e-05,0.003059378592297435,0.17026838440878866,0.6785868929307465,1
REACTOME_ABERRANT_REGULATION_OF_MITOTIC_G1_S_TRANSITION_IN_CANCER_DUE_TO_RB1_DEFECTS,7,7,0.0026493980549275875,-1.7926970031112432e-05,0.0026673250249587,0.17480222333072926,0.6785868929307465,1
REACTOME_G1_S_DNA_DAMAGE_CHECKPOINTS,7,7,0.0026493980549275875,-1.4185556210577488e-05,0.002663583611138165,0.17768425261746268,0.6785868929307465,1
REACTOME_SYNTHESIS_OF_PA,7,7,0.002036835765466094,-6.449059583246708e-06,0.0020432848250493407,0.18078501649846979,0.6785868929307465,1
REACTOME_SENSORY_PERCEPTION,33,33,0.0018840080592781305,-5.064147990196943e-05,0.0019346495391801,0.1758866409527039,0.6785868929307465,1
REACTOME_ABC_FAMILY_PROTEINS_MEDIATED_TRANSPORT,17,17,0.0018777260556817055,-2.8026464860886335e-05,0.0019057525205425918,0.17848949672334047,0.6785868929307465,1
REACTOME_TRANSCRIPTIONAL_REGULATION_OF_WHITE_ADIPOCYTE_DIFFERENTIATION,22,22,0.00185224914457649,0.0,0.00185224914457649,0.17394146929244914,0.6785868929307465,1
REACTOME_FACTORS_INVOLVED_IN_MEGAKARYOCYTE_DEVELOPMENT_AND_PLATELET_PRODUCTION,37,37,0.0017450936138629913,-1.7926970031112432e-05,0.0017630205838941038,0.18239852568587078,0.6785868929307465,1
REACTOME_SIGNALING_BY_PDGF,18,18,-0.0015799615066498518,3.0812807381153107e-06,-0.0015830427873879671,0.17424616089595846,0.6785868929307465,-1
REACTOME_GLYCOGEN_STORAGE_DISEASES,6,6,0.001533552072942257,-1.2898119166493416e-05,0.0015464501921087503,0.18272743142975023,0.6785868929307465,1
REACTOME_ECM_PROTEOGLYCANS,15,15,0.001164048444479704,-5.064147990196943e-05,0.0012146899243816733,0.17237677875811697,0.6785868929307465,1
REACTOME_RUNX2_REGULATES_BONE_DEVELOPMENT,7,7,0.001164048444479704,-1.4185556210577488e-05,0.0011782340006902814,0.18225802716534367,0.6785868929307465,1
REACTOME_HDR_THROUGH_HOMOLOGOUS_RECOMBINATION_HRR,21,21,0.0010238555260002613,-6.449059583246708e-06,0.001030304585583508,0.18244407865281742,0.6785868929307465,1
REACTOME_REGULATION_OF_EXPRESSION_OF_SLITS_AND_ROBOS,18,18,-0.005796159617602825,3.0812807381153107e-06,-0.0057992408983409405,0.18416266816232907,0.6799311575949137,-1
REACTOME_SUMOYLATION_OF_RNA_BINDING_PROTEINS,16,16,0.0014846285339444876,-1.547299325466156e-05,0.0015001015271991491,0.18470253272744397,0.6799311575949137,1
REACTOME_RAF_ACTIVATION,5,5,-0.015277983620762825,1.5406403690576553e-06,-0.015279524261131883,0.19008197663437176,0.6806903088714926,-1
REACTOME_A_TETRASACCHARIDE_LINKER_SEQUENCE_IS_REQUIRED_FOR_GAG_SYNTHESIS,6,6,-0.007498815655708313,3.0812807381153107e-06,-0.007501896936446428,0.19002621032373135,0.6806903088714926,-1
REACTOME_PROTEIN_FOLDING,25,25,-0.007109207101166248,9.990704711526632e-06,-0.007119197805877775,0.1866390268477356,0.6806903088714926,-1
REACTOME_PARASITE_INFECTION,12,12,-0.0044615138322114944,1.0447576642036438e-05,-0.004471961408853531,0.18868643833721288,0.6806903088714926,-1
REACTOME_STABILIZATION_OF_P53,5,5,0.0031595323234796524,-1.4185556210577488e-05,0.00317371787969023,0.18783864596815436,0.6806903088714926,1
REACTOME_AMYLOID_FIBER_FORMATION,13,13,0.0007988351862877607,-1.4185556210577488e-05,0.0008130207424983382,0.1905609880114736,0.6806903088714926,1
REACTOME_SCAVENGING_BY_CLASS_A_RECEPTORS,5,5,0.0005540486890822649,-6.449059583246708e-06,0.0005604977486655116,0.18873362212886824,0.6806903088714926,1
REACTOME_HATS_ACETYLATE_HISTONES,26,26,-0.005406131036579609,1.0447576642036438e-05,-0.005416578613221645,0.1979903550828307,0.704063462904477,-1
REACTOME_ACTIVATION_OF_THE_PRE_REPLICATIVE_COMPLEX,12,12,-0.004284667898900807,9.533832781016827e-06,-0.004294201731681824,0.1994818582013178,0.704063462904477,-1
REACTOME_TRANSPORT_OF_INORGANIC_CATIONS_ANIONS_AND_AMINO_ACIDS_OLIGOPEPTIDES,11,11,0.002841348003130406,-1.4185556210577488e-05,0.0028555335593409836,0.19960992601918148,0.704063462904477,1
REACTOME_ABC_TRANSPORTERS_IN_LIPID_HOMEOSTASIS,8,8,0.0029064659029245377,-2.0380946807563305e-05,0.002926846849732101,0.20499065266891991,0.7170419925307032,1
REACTOME_GLUCAGON_TYPE_LIGAND_RECEPTORS,12,12,0.0018103145412169397,-2.0380946807563305e-05,0.001830695488024503,0.204968817059474,0.7170419925307032,1
REACTOME_ATF4_ACTIVATES_GENES_IN_RESPONSE_TO_ENDOPLASMIC_RETICULUM_STRESS,8,8,0.007461969740688801,-1.2898119166493416e-05,0.007474867859855294,0.20688065242114784,0.7177668275413895,1
REACTOME_FOXO_MEDIATED_TRANSCRIPTION_OF_OXIDATIVE_STRESS_METABOLIC_AND_NEURONAL_GENES,6,6,0.006463031750172377,-1.2898119166493416e-05,0.00647592986933887,0.206900758116913,0.7177668275413895,1
REACTOME_INITIAL_TRIGGERING_OF_COMPLEMENT,7,7,0.007780539803206921,-1.4185556210577488e-05,0.007794725359417498,0.21010767365245198,0.7259047905287583,1
REACTOME_TNF_RECEPTOR_SUPERFAMILY_TNFSF_MEMBERS_MEDIATING_NON_CANONICAL_NF_KB_PATHWAY,8,8,-0.009765469003468752,9.533832781016827e-06,-0.009775002836249769,0.21223987039601278,0.7273097997717023,-1
REACTOME_SIGNALING_BY_NOTCH1,17,17,0.00035394204314798117,-1.7926970031112432e-05,0.0003718690131790936,0.21204558172782395,0.7273097997717023,1
REACTOME_SUMOYLATION_OF_CHROMATIN_ORGANIZATION_PROTEINS,20,20,0.0008225867059081793,-1.547299325466156e-05,0.0008380596991628408,0.21427674329005908,0.7313169821599992,1
REACTOME_MRNA_DECAY_BY_3_TO_5_EXORIBONUCLEASE,8,8,-0.013269995339214802,3.0812807381153107e-06,-0.013273076619952917,0.21809241243199295,0.7349147825760558,-1
REACTOME_HEME_SIGNALING,14,14,0.0015612010611221194,-1.2898119166493416e-05,0.0015740991802886128,0.21830091074018243,0.7349147825760558,1
REACTOME_ORGANELLE_BIOGENESIS_AND_MAINTENANCE,71,71,0.0012258831411600113,-5.064147990196943e-05,0.0012765246210619807,0.2190628853957729,0.7349147825760558,1
REACTOME_DOWNREGULATION_OF_ERBB2_SIGNALING,7,7,0.001255338138435036,-1.7926970031112432e-05,0.0012732651084661484,0.21968982824337613,0.7349147825760558,1
REACTOME_ONCOGENIC_MAPK_SIGNALING,17,17,-0.0008743945509195328,1.5406403690576553e-06,-0.0008759351912885904,0.21625503735628815,0.7349147825760558,-1
REACTOME_EXPORT_OF_VIRAL_RIBONUCLEOPROTEINS_FROM_NUCLEUS,10,10,0.004142168676480651,0.0,0.004142168676480651,0.22104336320806495,0.736519980966003,1
REACTOME_RHOU_GTPASE_CYCLE,10,10,-0.006811898201704025,9.533832781016827e-06,-0.006821432034485042,0.23310752809914914,0.7381321042898544,-1
REACTOME_CHAPERONE_MEDIATED_AUTOPHAGY,8,8,0.0065781185403466225,-1.2898119166493416e-05,0.006591016659513116,0.2311687671903192,0.7381321042898544,1
REACTOME_RHOD_GTPASE_CYCLE,10,10,-0.004229982732795179,9.533832781016827e-06,-0.004239516565576196,0.23218452858850314,0.7381321042898544,-1
REACTOME_INTERLEUKIN_10_SIGNALING,19,19,0.002973558963276446,-1.4185556210577488e-05,0.0029877445194870234,0.2275562635105033,0.7381321042898544,1
REACTOME_FORMATION_OF_FIBRIN_CLOT_CLOTTING_CASCADE,8,8,0.002685033017769456,-1.547299325466156e-05,0.0027005060110241175,0.2317854582823976,0.7381321042898544,1
REACTOME_NCAM1_INTERACTIONS,6,6,0.0024304192629642785,-1.547299325466156e-05,0.00244589225621894,0.23212419783121596,0.7381321042898544,1
REACTOME_INTERLEUKIN_6_FAMILY_SIGNALING,6,6,0.0023885270347818732,-1.547299325466156e-05,0.002404000028036535,0.22263732153862414,0.7381321042898544,1
REACTOME_INTERLEUKIN_1_FAMILY_SIGNALING,29,29,0.0017774673178792,-4.168681334704161e-05,0.0018191541312262416,0.22875929665352024,0.7381321042898544,1
REACTOME_DEGRADATION_OF_BETA_CATENIN_BY_THE_DESTRUCTION_COMPLEX,12,12,0.0014191605732776225,-2.0380946807563305e-05,0.0014395415200851858,0.2334605282621468,0.7381321042898544,1
REACTOME_MITOTIC_G2_G2_M_PHASES,42,42,0.0010755491093732417,-2.0380946807563305e-05,0.001095930056180805,0.23378561310248058,0.7381321042898544,1
REACTOME_TRANSPORT_OF_SMALL_MOLECULES,125,125,0.0008733589202165604,-7.288902997970581e-05,0.0009462479501962662,0.22462214978799944,0.7381321042898544,1
REACTOME_CYTOPROTECTION_BY_HMOX1,19,19,0.000925215077586472,-1.4185556210577488e-05,0.0009394006337970495,0.2245326430103095,0.7381321042898544,1
REACTOME_SIGNALING_BY_BRAF_AND_RAF1_FUSIONS,15,15,-0.0008743945509195328,1.5406403690576553e-06,-0.0008759351912885904,0.22716533808051187,0.7381321042898544,-1
REACTOME_ACTIVATION_OF_MATRIX_METALLOPROTEINASES,7,7,-6.298697553575039e-05,1.5406403690576553e-06,-6.452761590480804e-05,0.23265416741294065,0.7381321042898544,-1
REACTOME_INTERLEUKIN_37_SIGNALING,5,5,0.0062898918986320496,-1.4185556210577488e-05,0.006304077454842627,0.2354646141097937,0.7406592152781943,1
REACTOME_EPIGENETIC_REGULATION_OF_GENE_EXPRESSION,24,24,-0.002130572684109211,1.5795230865478516e-05,-0.0021463679149746895,0.23829582094731716,0.7440125076244014,-1
REACTOME_G1_S_SPECIFIC_TRANSCRIPTION,13,13,0.001833997608628124,-2.8026464860886335e-05,0.0018620240734890103,0.23825729101497328,0.7440125076244014,1
REACTOME_MAPK_FAMILY_SIGNALING_CASCADES,70,70,3.242376260459423e-05,0.0,3.242376260459423e-05,0.2410082847766799,0.7497047382536575,1
REACTOME_DOWNSTREAM_SIGNAL_TRANSDUCTION,10,10,-0.005664289463311434,3.0812807381153107e-06,-0.005667370744049549,0.2420059582925168,0.750040525149234,-1
REACTOME_DISEASES_OF_METABOLISM,47,47,-0.0011659730225801468,9.990704711526632e-06,-0.0011759637272916734,0.2441739632981711,0.7539877328218251,-1
REACTOME_INSERTION_OF_TAIL_ANCHORED_PROTEINS_INTO_THE_ENDOPLASMIC_RETICULUM_MEMBRANE,5,5,0.004155432805418968,-1.4185556210577488e-05,0.004169618361629546,0.24723931138304067,0.7587168882385276,1
REACTOME_NS1_MEDIATED_EFFECTS_ON_HOST_PATHWAYS,12,12,-0.00030333385802805424,0.0,-0.00030333385802805424,0.2484055292453542,0.7587168882385276,-1
REACTOME_HOST_INTERACTIONS_OF_HIV_FACTORS,24,24,-0.0002146828337572515,0.0,-0.0002146828337572515,0.247786628250261,0.7587168882385276,-1
REACTOME_TP53_REGULATES_METABOLIC_GENES,16,16,-0.0030308193527162075,1.0447576642036438e-05,-0.003041266929358244,0.24945474055504135,0.7591709252270753,-1
REACTOME_FCGAMMA_RECEPTOR_FCGR_DEPENDENT_PHAGOCYTOSIS,18,18,-0.00467925937846303,1.5795230865478516e-05,-0.004695054609328508,0.25377895446089704,0.7640559236090578,-1
REACTOME_SLC_MEDIATED_TRANSMEMBRANE_TRANSPORT,36,36,0.0012587578385137022,-1.547299325466156e-05,0.0012742308317683637,0.2537645454712183,0.7640559236090578,1
REACTOME_PROCESSING_OF_DNA_DOUBLE_STRAND_BREAK_ENDS,14,14,0.00019506074022501707,0.0,0.00019506074022501707,0.2537501903213607,0.7640559236090578,1
REACTOME_MISCELLANEOUS_TRANSPORT_AND_BINDING_EVENTS,6,6,-0.010157031007111073,3.0812807381153107e-06,-0.010160112287849188,0.2620358572427487,0.7687548424909387,-1
REACTOME_IRE1ALPHA_ACTIVATES_CHAPERONES,12,12,-0.008764892816543579,9.533832781016827e-06,-0.008774426649324596,0.2635470337839636,0.7687548424909387,-1
REACTOME_REGULATION_OF_MRNA_STABILITY_BY_PROTEINS_THAT_BIND_AU_RICH_ELEMENTS,11,11,0.0041525159031152725,-1.4185556210577488e-05,0.00416670145932585,0.25935143684451345,0.7687548424909387,1
REACTOME_SUMOYLATION_OF_SUMOYLATION_PROTEINS,10,10,0.004142168676480651,0.0,0.004142168676480651,0.26071326183284604,0.7687548424909387,1
REACTOME_MTOR_SIGNALLING,7,7,-0.0029537053778767586,6.307556759566069e-06,-0.0029600129346363246,0.2630626289424327,0.7687548424909387,-1
REACTOME_CHROMOSOME_MAINTENANCE,33,33,-0.0027067773044109344,3.342021955177188e-05,-0.0027401975239627063,0.26233238382958524,0.7687548424909387,-1
REACTOME_TRIGLYCERIDE_CATABOLISM,5,5,-0.002085283398628235,6.307556759566069e-06,-0.002091590955387801,0.25942027490509123,0.7687548424909387,-1
REACTOME_CELL_CYCLE_MITOTIC,136,136,0.0004827329539693892,-5.358131602406502e-05,0.0005363142699934542,0.26239844609086926,0.7687548424909387,1
REACTOME_SIGNALING_BY_RECEPTOR_TYROSINE_KINASES,112,112,-1.1138617992401123e-06,0.0,-1.1138617992401123e-06,0.25651679203411626,0.7687548424909387,-1
REACTOME_POST_TRANSLATIONAL_MODIFICATION_SYNTHESIS_OF_GPI_ANCHORED_PROTEINS,21,21,0.002287476323544979,-2.8026464860886335e-05,0.0023155027884058654,0.2655507741130766,0.7699270336791256,1
REACTOME_SIGNALING_BY_INSULIN_RECEPTOR,16,16,-0.0014499984681606293,0.0,-0.0014499984681606293,0.26577552408140637,0.7699270336791256,-1
REACTOME_UBIQUINOL_BIOSYNTHESIS,5,5,-0.004446959123015404,9.990704711526632e-06,-0.00445694982772693,0.26911313822656047,0.7716407330781989,-1
REACTOME_UB_SPECIFIC_PROCESSING_PROTEASES,33,33,0.000925215077586472,-1.4185556210577488e-05,0.0009394006337970495,0.26758942936852204,0.7716407330781989,1
REACTOME_DISEASES_OF_CARBOHYDRATE_METABOLISM,9,9,0.0008244849741458893,-1.4185556210577488e-05,0.0008386705303564668,0.26872435571706066,0.7716407330781989,1
REACTOME_TRNA_AMINOACYLATION,7,7,-0.004121585749089718,1.5406403690576553e-06,-0.0041231263894587755,0.27058494225585705,0.7732308688870763,-1
REACTOME_POLYMERASE_SWITCHING,8,8,0.003354245040100068,-1.2898119166493416e-05,0.0033671431592665613,0.27509584837454026,0.780827610032786,1
REACTOME_DISEASES_OF_GLYCOSYLATION,28,28,-0.0015940987505018711,3.0812807381153107e-06,-0.0015971800312399864,0.2745126770906523,0.780827610032786,-1
REACTOME_REGULATION_OF_MECP2_EXPRESSION_AND_ACTIVITY,9,9,-0.0038742804899811745,6.307556759566069e-06,-0.0038805880467407405,0.2775350853654872,0.7811413095970101,-1
REACTOME_MRNA_DECAY_BY_5_TO_3_EXORIBONUCLEASE,5,5,0.0035288631916046143,-6.449059583246708e-06,0.003535312251187861,0.27757471903390296,0.7811413095970101,1
REACTOME_DISORDERS_OF_TRANSMEMBRANE_TRANSPORTERS,30,30,0.0003365416778251529,0.0,0.0003365416778251529,0.2779862311733132,0.7811413095970101,1
REACTOME_TAK1_ACTIVATES_NFKB_BY_PHOSPHORYLATION_AND_ACTIVATION_OF_IKKS_COMPLEX,9,9,0.0017774673178792,-1.4185556210577488e-05,0.0017916528740897775,0.27929848679519376,0.7822213434164397,1
REACTOME_REGULATION_OF_HMOX1_EXPRESSION_AND_ACTIVITY,6,6,0.006645817367825657,-1.2898119166493416e-05,0.0066587154869921505,0.2830341318455153,0.7900588514760576,1
REACTOME_TRANSCRIPTION_OF_E2F_TARGETS_UNDER_NEGATIVE_CONTROL_BY_DREAM_COMPLEX,9,9,0.0004671867936849594,-1.4185556210577488e-05,0.0004813723498955369,0.28418705784210074,0.7906590421151516,1
REACTOME_DISEASES_OF_IMMUNE_SYSTEM,10,10,-0.006971492897719145,3.0812807381153107e-06,-0.00697457417845726,0.28611140424665393,0.7932350899733741,-1
REACTOME_FORMATION_OF_THE_EARLY_ELONGATION_COMPLEX,9,9,-0.00532388873398304,9.990704711526632e-06,-0.0053338794386945665,0.2886811858784891,0.7932350899733741,-1
REACTOME_EFFECTS_OF_PIP2_HYDROLYSIS,7,7,-0.0029633743688464165,6.307556759566069e-06,-0.0029696819256059825,0.2888768358503272,0.7932350899733741,-1
REACTOME_OVARIAN_TUMOR_DOMAIN_PROTEASES,7,7,0.002143092453479767,-6.449059583246708e-06,0.0021495415130630136,0.2870875352218967,0.7932350899733741,1
REACTOME_HDACS_DEACETYLATE_HISTONES,12,12,-0.0059660065453499556,9.533832781016827e-06,-0.005975540378130972,0.29174845720393183,0.7959351114010179,-1
REACTOME_REGULATION_OF_RUNX2_EXPRESSION_AND_ACTIVITY,6,6,0.005371246545109898,-1.2898119166493416e-05,0.005384144664276391,0.2912990112227799,0.7959351114010179,1
REACTOME_NETRIN_1_SIGNALING,13,13,0.0019131060689687729,-1.4185556210577488e-05,0.0019272916251793504,0.2947691839190367,0.7990045724879355,1
REACTOME_POLYMERASE_SWITCHING_ON_THE_C_STRAND_OF_THE_TELOMERE,13,13,0.001618179026991129,-6.449059583246708e-06,0.0016246280865743756,0.29467380553957756,0.7990045724879355,1
REACTOME_RUNX2_REGULATES_OSTEOBLAST_DIFFERENTIATION,6,6,0.0009960341267287731,-1.2898119166493416e-05,0.0010089322458952665,0.2957726477504917,0.799154942479694,1
REACTOME_COOPERATION_OF_PREFOLDIN_AND_TRIC_CCT_IN_ACTIN_AND_TUBULIN_FOLDING,8,8,-0.010447049513459206,3.0812807381153107e-06,-0.010450130794197321,0.2974797825488926,0.8011995421364744,-1
REACTOME_INTERACTION_BETWEEN_L1_AND_ANKYRINS,6,6,-0.003962062299251556,0.0,-0.003962062299251556,0.3028543355602039,0.8085295392494198,-1
REACTOME_OTHER_INTERLEUKIN_SIGNALING,5,5,0.0023092064075171947,-1.4185556210577488e-05,0.0023233919637277722,0.30153668423230806,0.8085295392494198,1
REACTOME_TERMINATION_OF_O_GLYCAN_BIOSYNTHESIS,6,6,0.0022577378986170515,-1.547299325466156e-05,0.002273210891871713,0.30342570126859825,0.8085295392494198,1
REACTOME_ACTIVATED_NOTCH1_TRANSMITS_SIGNAL_TO_THE_NUCLEUS,5,5,0.0010212156921625137,-1.4185556210577488e-05,0.0010354012483730912,0.304037798270541,0.8085295392494198,1
REACTOME_KINESINS,16,16,0.001997072249650955,-1.547299325466156e-05,0.0020125452429056168,0.3052276063181145,0.8091411073150018,1
REACTOME_MATURATION_OF_PROTEIN_3A,5,5,0.002324928267626092,-1.4185556210577488e-05,0.0023391138238366693,0.31066860840508526,0.8184176152671465,1
REACTOME_G_ALPHA_S_SIGNALLING_EVENTS,26,26,0.001643961702939123,-2.0380946807563305e-05,0.0016643426497466862,0.30973498896625595,0.8184176152671465,1
REACTOME_SIGNALING_BY_RHO_GTPASES_MIRO_GTPASES_AND_RHOBTB3,143,143,0.0004237331449985504,-5.8420817367732525e-05,0.00048215396236628294,0.31503149181504897,0.8273256934582126,1
REACTOME_DEGRADATION_OF_GLI1_BY_THE_PROTEASOME,7,7,0.0010212156921625137,-1.4185556210577488e-05,0.0010354012483730912,0.31702636381431093,0.8299789586815656,1
REACTOME_LEISHMANIA_INFECTION,55,55,0.0009801670094020665,-1.4185556210577488e-05,0.000994352565612644,0.3199789391214951,0.8330512375402345,1
REACTOME_POST_TRANSLATIONAL_PROTEIN_MODIFICATION,301,301,-0.0002802284434437752,1.919519854709506e-05,-0.00029942364199087024,0.32017627634998336,0.8330512375402345,-1
REACTOME_RESPONSE_OF_EIF2AK4_GCN2_TO_AMINO_ACID_DEFICIENCY,8,8,-0.0701853409409523,0.0,-0.0701853409409523,0.3303905641944799,0.8343379111461334,-1
REACTOME_MITOPHAGY,6,6,0.006075893063098192,-1.2898119166493416e-05,0.006088791182264686,0.3492582055935398,0.8343379111461334,1
REACTOME_CD28_DEPENDENT_PI3K_AKT_SIGNALING,8,8,-0.005910846870392561,3.0812807381153107e-06,-0.005913928151130676,0.34177632949791514,0.8343379111461334,-1
REACTOME_DEADENYLATION_DEPENDENT_MRNA_DECAY,16,16,-0.005881445482373238,9.533832781016827e-06,-0.0058909793151542544,0.36021519579910455,0.8343379111461334,-1
REACTOME_MITOCHONDRIAL_TRANSLATION,24,24,-0.005088137462735176,1.0447576642036438e-05,-0.0050985850393772125,0.3566252317863262,0.8343379111461334,-1
REACTOME_HEPARAN_SULFATE_HEPARIN_HS_GAG_METABOLISM,9,9,-0.004957819357514381,6.307556759566069e-06,-0.0049641269142739475,0.32378699217260654,0.8343379111461334,-1
REACTOME_GLOBAL_GENOME_NUCLEOTIDE_EXCISION_REPAIR_GG_NER,31,31,-0.004641512408852577,1.3121403753757477e-05,-0.004654633812606335,0.33109551942321336,0.8343379111461334,-1
REACTOME_PEPTIDE_HORMONE_METABOLISM,12,12,-0.004327850183472037,0.0,-0.004327850183472037,0.3273052043722877,0.8343379111461334,-1
REACTOME_TICAM1_RIP1_MEDIATED_IKK_COMPLEX_RECRUITMENT,5,5,0.004173369146883488,-6.449059583246708e-06,0.004179818206466734,0.3344556412181312,0.8343379111461334,1
REACTOME_PURINE_CATABOLISM,5,5,-0.004175875801593065,1.5406403690576553e-06,-0.004177416441962123,0.35938583242801436,0.8343379111461334,-1
REACTOME_PERK_REGULATES_GENE_EXPRESSION,9,9,0.0041525159031152725,-6.449059583246708e-06,0.004158964962698519,0.3478656496820428,0.8343379111461334,1
REACTOME_VEGFR2_MEDIATED_CELL_PROLIFERATION,5,5,-0.003368421457707882,6.307556759566069e-06,-0.003374729014467448,0.3565981425803636,0.8343379111461334,-1
REACTOME_REGULATION_OF_TP53_ACTIVITY_THROUGH_ACETYLATION,8,8,-0.003218054538592696,3.0812807381153107e-06,-0.0032211358193308115,0.3558763810867245,0.8343379111461334,-1
REACTOME_INTRINSIC_PATHWAY_OF_FIBRIN_CLOT_FORMATION,5,5,0.0030635176226496696,-1.4185556210577488e-05,0.003077703178860247,0.34694891658547233,0.8343379111461334,1
REACTOME_DEGRADATION_OF_DVL,6,6,0.002947781526017934,-1.2898119166493416e-05,0.0029606796451844275,0.34179183379505607,0.8343379111461334,1
REACTOME_TNFS_BIND_THEIR_PHYSIOLOGICAL_RECEPTORS,15,15,0.002783774572890252,-1.4185556210577488e-05,0.0027979601291008294,0.33541558347106626,0.8343379111461334,1
REACTOME_RHOV_GTPASE_CYCLE,12,12,-0.0026190350763499737,3.0812807381153107e-06,-0.002622116357088089,0.3481401163847234,0.8343379111461334,-1
REACTOME_CD28_CO_STIMULATION,10,10,-0.002413610811345279,9.533832781016827e-06,-0.002423144644126296,0.3327534076982299,0.8343379111461334,-1
REACTOME_GAMMA_CARBOXYLATION_HYPUSINE_FORMATION_AND_ARYLSULFATASE_ACTIVATION,13,13,0.0023274999111890793,-1.7926970031112432e-05,0.0023454268812201917,0.3434691842777744,0.8343379111461334,1
REACTOME_REGULATION_OF_PTEN_GENE_TRANSCRIPTION,15,15,-0.0022320477291941643,6.307556759566069e-06,-0.0022383552859537303,0.3567242115620186,0.8343379111461334,-1
REACTOME_PCNA_DEPENDENT_LONG_PATCH_BASE_EXCISION_REPAIR,10,10,0.0021776387002319098,-1.2898119166493416e-05,0.002190536819398403,0.33393191036275294,0.8343379111461334,1
REACTOME_TRANSFERRIN_ENDOCYTOSIS_AND_RECYCLING,6,6,0.0019307008478790522,-1.547299325466156e-05,0.0019461738411337137,0.3480066698351979,0.8343379111461334,1
REACTOME_LONG_TERM_POTENTIATION,5,5,0.0019131060689687729,-1.4185556210577488e-05,0.0019272916251793504,0.3602597860702166,0.8343379111461334,1
REACTOME_MITOTIC_SPINDLE_CHECKPOINT,32,32,0.001900093979202211,-2.0380946807563305e-05,0.0019204749260097742,0.3235059526346612,0.8343379111461334,1
REACTOME_TELOMERE_MAINTENANCE,26,26,-0.0018287752754986286,2.7942820452153683e-05,-0.0018567180959507823,0.3406094514891509,0.8343379111461334,-1
REACTOME_CONSTITUTIVE_SIGNALING_BY_AKT1_E17K_IN_CANCER,5,5,0.0015957821160554886,-6.449059583246708e-06,0.0016022311756387353,0.34900249192028043,0.8343379111461334,1
REACTOME_EPH_EPHRIN_SIGNALING,14,14,-0.0015514413826167583,9.533832781016827e-06,-0.0015609752153977752,0.34476651917326206,0.8343379111461334,-1
REACTOME_EPHB_MEDIATED_FORWARD_SIGNALING,6,6,-0.0015514413826167583,3.0812807381153107e-06,-0.0015545226633548737,0.3411742798215742,0.8343379111461334,-1
REACTOME_TRANSCRIPTIONAL_REGULATION_BY_TP53,90,90,-0.0013872599229216576,5.1626935601234436e-05,-0.001438886858522892,0.3597167312465037,0.8343379111461334,-1
REACTOME_NEGATIVE_REGULATION_OF_FGFR1_SIGNALING,5,5,0.0013687938917428255,-6.449059583246708e-06,0.0013752429513260722,0.35244223412959097,0.8343379111461334,1
REACTOME_NEGATIVE_REGULATION_OF_FGFR2_SIGNALING,5,5,0.0013687938917428255,-6.449059583246708e-06,0.0013752429513260722,0.35244223412959097,0.8343379111461334,1
REACTOME_SEPARATION_OF_SISTER_CHROMATIDS,44,44,0.0011371449218131602,-2.0380946807563305e-05,0.0011575258686207235,0.34478988303138947,0.8343379111461334,1
REACTOME_NEURONAL_SYSTEM,53,53,0.0009801670094020665,-4.168681334704161e-05,0.001021853822749108,0.34275203549235655,0.8343379111461334,1
REACTOME_TP53_REGULATES_TRANSCRIPTION_OF_CELL_CYCLE_GENES,14,14,-0.0008883490227162838,9.533832781016827e-06,-0.0008978828554973006,0.35225390903738174,0.8343379111461334,-1
REACTOME_ION_CHANNEL_TRANSPORT,26,26,0.000807755277492106,-2.0380946807563305e-05,0.0008281362242996693,0.35104664716233114,0.8343379111461334,1
REACTOME_GROWTH_HORMONE_RECEPTOR_SIGNALING,6,6,0.0008260752074420452,0.0,0.0008260752074420452,0.35969218821482785,0.8343379111461334,1
REACTOME_PHASE_II_CONJUGATION_OF_COMPOUNDS,15,15,-0.0005244689527899027,6.307556759566069e-06,-0.0005307765095494688,0.3397858984574096,0.8343379111461334,-1
REACTOME_NGF_STIMULATED_TRANSCRIPTION,11,11,5.1626935601234436e-05,-6.449059583246708e-06,5.8075995184481144e-05,0.33777647763454344,0.8343379111461334,1
REACTOME_BILE_ACID_AND_BILE_SALT_METABOLISM,6,6,-5.254708230495453e-05,0.0,-5.254708230495453e-05,0.35666858702033644,0.8343379111461334,-1
REACTOME_SYNTHESIS_OF_BILE_ACIDS_AND_BILE_SALTS,6,6,-5.254708230495453e-05,0.0,-5.254708230495453e-05,0.35666858702033644,0.8343379111461334,-1
REACTOME_ACTIVATION_OF_BH3_ONLY_PROTEINS,7,7,0.0004671867936849594,-6.449059583246708e-06,0.0004736358532682061,0.3615496676528054,0.8350311502227806,1
REACTOME_RNA_POLYMERASE_III_TRANSCRIPTION,14,14,0.0017653293907642365,-1.547299325466156e-05,0.001780802384018898,0.36288671718347476,0.8353725976456602,1
REACTOME_REGULATION_OF_TP53_ACTIVITY_THROUGH_PHOSPHORYLATION,23,23,-0.0007442981004714966,1.5406403690576553e-06,-0.0007458387408405542,0.3636794108374345,0.8353725976456602,-1
REACTOME_DAP12_INTERACTIONS,13,13,-0.008867988362908363,6.307556759566069e-06,-0.00887429591966793,0.3689263211606293,0.8360346471462647,-1
REACTOME_INFLUENZA_INFECTION,23,23,-0.004904886707663536,1.3121403753757477e-05,-0.0049180081114172935,0.36814400675938164,0.8360346471462647,-1
REACTOME_PLATELET_AGGREGATION_PLUG_FORMATION,7,7,0.0025762170553207397,-1.7926970031112432e-05,0.002594144025351852,0.36870872770302276,0.8360346471462647,1
REACTOME_TRANSCRIPTIONAL_REGULATION_OF_GRANULOPOIESIS,13,13,0.002426608989480883,-1.4185556210577488e-05,0.0024407945456914604,0.3689263211606293,0.8360346471462647,1
REACTOME_SIGNALING_BY_WNT_IN_CANCER,5,5,0.0006337743252515793,-1.4185556210577488e-05,0.0006479598814621568,0.3681853011068421,0.8360346471462647,1
REACTOME_CELL_CYCLE_CHECKPOINTS,59,59,0.0008747559040784836,-1.4185556210577488e-05,0.0008889414602890611,0.3706304763523436,0.8376447495040901,1
REACTOME_RAB_GERANYLGERANYLATION,7,7,-0.006456809118390083,6.307556759566069e-06,-0.006463116675149649,0.3738327106090713,0.8403759334491923,-1
REACTOME_REPRODUCTION,27,27,-0.0017069131135940552,9.990704711526632e-06,-0.0017169038183055818,0.37371213323611696,0.8403759334491923,-1
REACTOME_NR1H3_NR1H2_REGULATE_GENE_EXPRESSION_LINKED_TO_CHOLESTEROL_TRANSPORT_AND_EFFLUX,11,11,-0.0028609149158000946,1.5406403690576553e-06,-0.0028624555561691523,0.37869730795096956,0.8490474218156047,-1
REACTOME_VITAMIN_B5_PANTOTHENATE_METABOLISM,5,5,0.0024165790528059006,-6.449059583246708e-06,0.0024230281123891473,0.38072771446943576,0.8513354464130884,1
REACTOME_RNA_POLYMERASE_II_TRANSCRIBES_SNRNA_GENES,23,23,-0.005075499415397644,6.307556759566069e-06,-0.00508180697215721,0.39703176982631616,0.852859230622893,-1
REACTOME_RAC2_GTPASE_CYCLE,12,12,-0.0038709830259904265,3.0812807381153107e-06,-0.003874064306728542,0.3857544524153127,0.852859230622893,-1
REACTOME_RAB_REGULATION_OF_TRAFFICKING,25,25,-0.00289812870323658,6.307556759566069e-06,-0.002904436259996146,0.3955945391010127,0.852859230622893,-1
REACTOME_TRANSPORT_OF_BILE_SALTS_AND_ORGANIC_ACIDS_METAL_IONS_AND_AMINE_COMPOUNDS,11,11,0.0028759087435901165,-1.4185556210577488e-05,0.002890094299800694,0.39087426292625405,0.852859230622893,1
REACTOME_CONSTITUTIVE_SIGNALING_BY_LIGAND_RESPONSIVE_EGFR_CANCER_VARIANTS,6,6,0.002707552310312167,-1.2898119166493416e-05,0.0027204504294786602,0.38913040916918795,0.852859230622893,1
REACTOME_SYNTHESIS_OF_GLYCOSYLPHOSPHATIDYLINOSITOL_GPI,7,7,0.0024914201349020004,-1.4185556210577488e-05,0.002505605691112578,0.39539209118026386,0.852859230622893,1
REACTOME_ASSEMBLY_AND_CELL_SURFACE_PRESENTATION_OF_NMDA_RECEPTORS,7,7,0.0019131060689687729,-1.4185556210577488e-05,0.0019272916251793504,0.39367141969542774,0.852859230622893,1
REACTOME_ESR_MEDIATED_SIGNALING,50,50,-0.0018289266154170036,9.533832781016827e-06,-0.0018384604481980205,0.3975962961266868,0.852859230622893,-1
REACTOME_RNA_POLYMERASE_III_CHAIN_ELONGATION,5,5,0.0016058851033449173,-6.449059583246708e-06,0.001612334162928164,0.3872790635479655,0.852859230622893,1
REACTOME_RNA_POLYMERASE_III_TRANSCRIPTION_TERMINATION,5,5,0.0016058851033449173,-6.449059583246708e-06,0.001612334162928164,0.3872790635479655,0.852859230622893,1
REACTOME_SUMOYLATION_OF_DNA_METHYLATION_PROTEINS,6,6,0.0014846285339444876,-1.547299325466156e-05,0.0015001015271991491,0.3975609164274131,0.852859230622893,1
REACTOME_SYNTHESIS_OF_PC,7,7,0.0012664813548326492,-1.4185556210577488e-05,0.0012806669110432267,0.3947658672354658,0.852859230622893,1
REACTOME_DEGRADATION_OF_THE_EXTRACELLULAR_MATRIX,24,24,0.00034111033892259,0.0,0.00034111033892259,0.3908144758449502,0.852859230622893,1
REACTOME_PLATELET_ACTIVATION_SIGNALING_AND_AGGREGATION,68,68,0.0002644191263243556,-2.0380946807563305e-05,0.0002848000731319189,0.39066611938555773,0.852859230622893,1
REACTOME_NRAGE_SIGNALS_DEATH_THROUGH_JNK,20,20,-0.00017934641800820827,3.0812807381153107e-06,-0.00018242769874632359,0.3853741189615768,0.852859230622893,-1
REACTOME_RHOC_GTPASE_CYCLE,16,16,1.3169716112315655e-05,0.0,1.3169716112315655e-05,0.3967865464414724,0.852859230622893,1
REACTOME_DEPOSITION_OF_NEW_CENPA_CONTAINING_NUCLEOSOMES_AT_THE_CENTROMERE,8,8,-0.008225847035646439,3.0812807381153107e-06,-0.008228928316384554,0.40211068846051856,0.8581754692967523,-1
REACTOME_MEIOTIC_RECOMBINATION,6,6,-0.0030840979889035225,9.533832781016827e-06,-0.0030936318216845393,0.40164637490352506,0.8581754692967523,-1
REACTOME_ACTIVATION_OF_KAINATE_RECEPTORS_UPON_GLUTAMATE_BINDING,11,11,0.0016524537932127714,-1.4185556210577488e-05,0.001666639349423349,0.40315954557371947,0.8582411538349635,1
REACTOME_FATTY_ACYL_COA_BIOSYNTHESIS,10,10,-0.005083040334284306,3.0812807381153107e-06,-0.005086121615022421,0.4063226976326697,0.8627960556784398,-1
REACTOME_ACTIVATION_OF_ATR_IN_RESPONSE_TO_REPLICATION_STRESS,12,12,-0.004284667898900807,9.533832781016827e-06,-0.004294201731681824,0.41174886109935505,0.8685475013059165,-1
REACTOME_TRANSMISSION_ACROSS_CHEMICAL_SYNAPSES,44,44,0.0008623914618510753,-2.0380946807563305e-05,0.0008827724086586386,0.41200039985667347,0.8685475013059165,1
REACTOME_VESICLE_MEDIATED_TRANSPORT,131,131,0.0007439161418005824,-5.064147990196943e-05,0.0007945576217025518,0.4121221833005535,0.8685475013059165,1
REACTOME_DISEASES_ASSOCIATED_WITH_GLYCOSYLATION_PRECURSOR_BIOSYNTHESIS,6,6,-0.009837311692535877,3.0812807381153107e-06,-0.009840392973273993,0.41963910934694715,0.8690666017375636,-1
REACTOME_E3_UBIQUITIN_LIGASES_UBIQUITINATE_TARGET_PROTEINS,14,14,-0.005950502119958401,9.533832781016827e-06,-0.0059600359527394176,0.4192409121603744,0.8690666017375636,-1
REACTOME_ORC1_REMOVAL_FROM_CHROMATIN,12,12,-0.004284667898900807,9.533832781016827e-06,-0.004294201731681824,0.42462668624078737,0.8690666017375636,-1
REACTOME_ESTROGEN_DEPENDENT_GENE_EXPRESSION,29,29,-0.0028609149158000946,6.307556759566069e-06,-0.0028672224725596607,0.4245111364568812,0.8690666017375636,-1
REACTOME_PROCESSING_OF_CAPPED_INTRONLESS_PRE_MRNA,9,9,-0.0026177242398262024,6.307556759566069e-06,-0.0026240317965857685,0.4245453206016503,0.8690666017375636,-1
REACTOME_PROCESSING_OF_INTRONLESS_PRE_MRNAS,9,9,-0.0026177242398262024,6.307556759566069e-06,-0.0026240317965857685,0.4245453206016503,0.8690666017375636,-1
REACTOME_CDC6_ASSOCIATION_WITH_THE_ORC_ORIGIN_COMPLEX,5,5,-0.0025430675595998764,6.307556759566069e-06,-0.0025493751163594425,0.42182446276909646,0.8690666017375636,-1
REACTOME_G_PROTEIN_BETA_GAMMA_SIGNALLING,10,10,0.0017527288291603327,-1.547299325466156e-05,0.0017682018224149942,0.4225056393769082,0.8690666017375636,1
REACTOME_FGFR1_MUTANT_RECEPTOR_ACTIVATION,6,6,0.0016409499803557992,-1.2898119166493416e-05,0.0016538480995222926,0.42473954912915324,0.8690666017375636,1
REACTOME_MITOTIC_METAPHASE_AND_ANAPHASE,54,54,0.0008999854908324778,-1.547299325466156e-05,0.0009154584840871394,0.4145377378244498,0.8690666017375636,1
REACTOME_REGULATION_OF_TP53_ACTIVITY_THROUGH_METHYLATION,6,6,0.0009113196283578873,0.0,0.0009113196283578873,0.41858835904669256,0.8690666017375636,1
REACTOME_SLC_TRANSPORTER_DISORDERS,19,19,-0.0006084204651415348,6.307556759566069e-06,-0.0006147280219011009,0.41912654056815346,0.8690666017375636,-1
REACTOME_DISEASES_ASSOCIATED_WITH_GLYCOSAMINOGLYCAN_METABOLISM,7,7,-0.004957819357514381,1.5406403690576553e-06,-0.004959359997883439,0.427627280254557,0.8701053629485751,-1
REACTOME_INTERLEUKIN_4_AND_INTERLEUKIN_13_SIGNALING,38,38,0.0018721462693065405,-1.547299325466156e-05,0.001887619262561202,0.42834368401382994,0.8701053629485751,1
REACTOME_SIGNALING_BY_EGFR_IN_CANCER,7,7,0.001255338138435036,-6.449059583246708e-06,0.0012617871980182827,0.42746320928908266,0.8701053629485751,1
REACTOME_DEACTIVATION_OF_THE_BETA_CATENIN_TRANSACTIVATING_COMPLEX,12,12,0.0006439905264414847,-1.547299325466156e-05,0.0006594635196961462,0.43077480326991335,0.8729402864339831,1
REACTOME_SARS_COV_INFECTIONS,39,39,0.0009397116955369711,-1.7926970031112432e-05,0.0009576386655680835,0.43204018993931603,0.8734049882945886,1
REACTOME_DEFECTIVE_CFTR_CAUSES_CYSTIC_FIBROSIS,5,5,0.000925215077586472,-6.449059583246708e-06,0.0009316641371697187,0.43425131818948104,0.8747101433467629,1
REACTOME_RNA_POLYMERASE_II_TRANSCRIPTION,394,394,0.0002568203490227461,-1.547299325466156e-05,0.00027229334227740765,0.43476103210236494,0.8747101433467629,1
REACTOME_ANTIMICROBIAL_PEPTIDES,8,8,0.008553423103876412,-1.2898119166493416e-05,0.008566321223042905,0.4713342826032313,0.8751867846575418,1
REACTOME_PHASE_I_FUNCTIONALIZATION_OF_COMPOUNDS,11,11,-0.0073243845254182816,6.307556759566069e-06,-0.007330692082177848,0.45158517992663794,0.8751867846575418,-1
REACTOME_DETOXIFICATION_OF_REACTIVE_OXYGEN_SPECIES,5,5,0.0066638607531785965,-6.449059583246708e-06,0.006670309812761843,0.4589208096794092,0.8751867846575418,1
REACTOME_GLUCONEOGENESIS,6,6,-0.005023862235248089,9.533832781016827e-06,-0.005033396068029106,0.4595945152133698,0.8751867846575418,-1
REACTOME_RETROGRADE_TRANSPORT_AT_THE_TRANS_GOLGI_NETWORK,13,13,-0.004151212051510811,6.307556759566069e-06,-0.004157519608270377,0.44984566874811227,0.8751867846575418,-1
REACTOME_SENSORY_PROCESSING_OF_SOUND_BY_OUTER_HAIR_CELLS_OF_THE_COCHLEA,6,6,-0.003962062299251556,0.0,-0.003962062299251556,0.4588562498412292,0.8751867846575418,-1
REACTOME_FORMATION_OF_THE_CORNIFIED_ENVELOPE,8,8,-0.003845288883894682,9.533832781016827e-06,-0.0038548227166756988,0.4398214936084127,0.8751867846575418,-1
REACTOME_KERATINIZATION,8,8,-0.003845288883894682,9.533832781016827e-06,-0.0038548227166756988,0.4398214936084127,0.8751867846575418,-1
REACTOME_GENE_SILENCING_BY_RNA,21,21,-0.0031212964095175266,1.3121403753757477e-05,-0.003134417813271284,0.4476291627231549,0.8751867846575418,-1
REACTOME_INTERACTIONS_OF_REV_WITH_HOST_CELLULAR_PROTEINS,9,9,-0.0031212964095175266,1.5406403690576553e-06,-0.0031228370498865843,0.46998277049556847,0.8751867846575418,-1
REACTOME_NUCLEAR_IMPORT_OF_REV_PROTEIN,9,9,-0.0031212964095175266,1.5406403690576553e-06,-0.0031228370498865843,0.46998277049556847,0.8751867846575418,-1
REACTOME_NUCLEAR_PORE_COMPLEX_NPC_DISASSEMBLY,9,9,-0.0031212964095175266,1.5406403690576553e-06,-0.0031228370498865843,0.46998277049556847,0.8751867846575418,-1
REACTOME_REGULATION_OF_GLUCOKINASE_BY_GLUCOKINASE_REGULATORY_PROTEIN,9,9,-0.0031212964095175266,1.5406403690576553e-06,-0.0031228370498865843,0.46998277049556847,0.8751867846575418,-1
REACTOME_TRANSPORT_OF_THE_SLBP_DEPENDANT_MATURE_MRNA,9,9,-0.0031212964095175266,1.5406403690576553e-06,-0.0031228370498865843,0.46998277049556847,0.8751867846575418,-1
REACTOME_TRANSCRIPTIONAL_REGULATION_BY_MECP2,15,15,-0.0030539613217115402,6.307556759566069e-06,-0.0030602688784711063,0.44835668392814554,0.8751867846575418,-1
REACTOME_SIGNALING_BY_FGFR3,8,8,0.0027642801869660616,-1.2898119166493416e-05,0.002777178306132555,0.4416962667089279,0.8751867846575418,1
REACTOME_INTERACTIONS_OF_VPR_WITH_HOST_CELLULAR_PROTEINS,11,11,-0.0020262058824300766,1.5406403690576553e-06,-0.0020277465227991343,0.44057798234409196,0.8751867846575418,-1
REACTOME_L1CAM_INTERACTIONS,22,22,0.0019131060689687729,-2.0380946807563305e-05,0.0019334870157763362,0.4697133918592319,0.8751867846575418,1
REACTOME_SIGNALING_BY_CYTOSOLIC_FGFR1_FUSION_MUTANTS,5,5,0.0019131060689687729,-6.449059583246708e-06,0.0019195551285520196,0.46074140064966207,0.8751867846575418,1
REACTOME_NONHOMOLOGOUS_END_JOINING_NHEJ,6,6,0.0017161670839414,-1.2898119166493416e-05,0.0017290652031078935,0.45627756207362047,0.8751867846575418,1
REACTOME_MITOCHONDRIAL_TRNA_AMINOACYLATION,6,6,-0.0017067325534299016,0.0,-0.0017067325534299016,0.4688787473691234,0.8751867846575418,-1
REACTOME_ADRENALINE_NORADRENALINE_INHIBITS_INSULIN_SECRETION,9,9,0.0016524537932127714,-1.4185556210577488e-05,0.001666639349423349,0.44500741670134414,0.8751867846575418,1
REACTOME_G_PROTEIN_ACTIVATION,9,9,0.0016524537932127714,-1.4185556210577488e-05,0.001666639349423349,0.4432317835495816,0.8751867846575418,1
REACTOME_DISEASES_OF_MITOTIC_CELL_CYCLE,15,15,0.0013490747660398483,-1.7926970031112432e-05,0.0013670017360709608,0.4705825301751835,0.8751867846575418,1
REACTOME_BINDING_AND_UPTAKE_OF_LIGANDS_BY_SCAVENGER_RECEPTORS,11,11,0.001164048444479704,-1.7926970031112432e-05,0.0011819754145108163,0.4641178062073539,0.8751867846575418,1
REACTOME_PLATELET_HOMEOSTASIS,19,19,0.0009801670094020665,-1.7926970031112432e-05,0.000998093979433179,0.46323034304142163,0.8751867846575418,1
REACTOME_ABC_TRANSPORTER_DISORDERS,11,11,0.000925215077586472,-1.4185556210577488e-05,0.0009394006337970495,0.4690740866626938,0.8751867846575418,1
REACTOME_SIGNALING_BY_NUCLEAR_RECEPTORS,69,69,-0.0007969383150339127,6.307556759566069e-06,-0.0008032458717934787,0.44815275736164284,0.8751867846575418,-1
REACTOME_METABOLISM_OF_LIPIDS,166,166,-0.0006928747752681375,1.5795230865478516e-05,-0.000708670006133616,0.4453230601328809,0.8751867846575418,-1
REACTOME_RHOB_GTPASE_CYCLE,14,14,0.0003448855131864548,0.0,0.0003448855131864548,0.46738183884454965,0.8751867846575418,1
REACTOME_NEGATIVE_REGULATORS_OF_DDX58_IFIH1_SIGNALING,11,11,-0.0003148573450744152,1.5406403690576553e-06,-0.00031639798544347286,0.4578274273777949,0.8751867846575418,-1
REACTOME_GLYCOGEN_METABOLISM,8,8,-0.00025357300182804465,0.0,-0.00025357300182804465,0.44530234123068957,0.8751867846575418,-1
REACTOME_NEGATIVE_EPIGENETIC_REGULATION_OF_RRNA_EXPRESSION,14,14,0.00017070304602384567,0.0,0.00017070304602384567,0.4521223728471716,0.8751867846575418,1
REACTOME_STIMULI_SENSING_CHANNELS,11,11,0.00013725203461945057,-6.449059583246708e-06,0.00014370109420269728,0.4597368092058416,0.8751867846575418,1
REACTOME_NUCLEAR_EVENTS_KINASE_AND_TRANSCRIPTION_FACTOR_ACTIVATION,15,15,5.1626935601234436e-05,-6.449059583246708e-06,5.8075995184481144e-05,0.4470884422264493,0.8751867846575418,1
REACTOME_POST_CHAPERONIN_TUBULIN_FOLDING_PATHWAY,5,5,-0.021630624309182167,1.5406403690576553e-06,-0.021632164949551225,0.47318682827664704,0.8766955961257439,-1
REACTOME_TRANSCRIPTIONAL_REGULATION_BY_RUNX3,15,15,0.0019131060689687729,-6.449059583246708e-06,0.0019195551285520196,0.47688915571614987,0.8816174523436718,1
REACTOME_CONSTITUTIVE_SIGNALING_BY_ABERRANT_PI3K_IN_CANCER,20,20,0.00034279067767784,0.0,0.00034279067767784,0.47805321832041314,0.8818355865297774,1
REACTOME_G_BETA_GAMMA_SIGNALLING_THROUGH_PI3KGAMMA,9,9,0.0016524537932127714,-1.4185556210577488e-05,0.001666639349423349,0.479814779984425,0.8831525317180574,1
REACTOME_CELL_CELL_COMMUNICATION,18,18,-0.0014302390627563,3.0812807381153107e-06,-0.0014333203434944153,0.4812165493593613,0.883802943594644,-1
REACTOME_SIGNALING_BY_FGFR_IN_DISEASE,13,13,-0.0030386466532945633,6.307556759566069e-06,-0.0030449542100541294,0.4906767864438437,0.8895495289723877,-1
REACTOME_SIGNALING_BY_FGFR2,16,16,-0.002960632089525461,9.533832781016827e-06,-0.002970165922306478,0.48855409543623596,0.8895495289723877,-1
REACTOME_E2F_MEDIATED_REGULATION_OF_DNA_REPLICATION,8,8,-0.002064462867565453,3.0812807381153107e-06,-0.0020675441483035684,0.49035971277143775,0.8895495289723877,-1
REACTOME_TNFR1_INDUCED_NFKAPPAB_SIGNALING_PATHWAY,7,7,-0.0012172912247478962,1.5406403690576553e-06,-0.0012188318651169538,0.4870890161415711,0.8895495289723877,-1
REACTOME_RUNX1_INTERACTS_WITH_CO_FACTORS_WHOSE_PRECISE_EFFECT_ON_RUNX1_TARGETS_IS_NOT_KNOWN,10,10,0.0006680262158624828,-1.2898119166493416e-05,0.0006809243350289762,0.4870479164559708,0.8895495289723877,1
REACTOME_RHO_GTPASE_EFFECTORS,52,52,0.0006272001191973686,-1.2898119166493416e-05,0.000640098238363862,0.48953732618603607,0.8895495289723877,1
REACTOME_DOWNSTREAM_SIGNALING_OF_ACTIVATED_FGFR2,5,5,-0.0030386466532945633,1.5406403690576553e-06,-0.003040187293663621,0.4982005514128487,0.897399711198785,-1
REACTOME_GOLGI_TO_ER_RETROGRADE_TRANSPORT,24,24,0.001498847734183073,-1.547299325466156e-05,0.0015143207274377346,0.4962479118045927,0.897399711198785,1
REACTOME_INSULIN_RECEPTOR_RECYCLING,5,5,0.0008568604243919253,-1.4185556210577488e-05,0.0008710459806025028,0.4982005514128487,0.897399711198785,1
REACTOME_MITOTIC_PROPHASE,22,22,-0.0034059893805533648,1.0447576642036438e-05,-0.003416436957195401,0.5018294999712867,0.8991466525964105,-1
REACTOME_COPI_INDEPENDENT_GOLGI_TO_ER_RETROGRADE_TRAFFIC,6,6,0.003196973819285631,-1.2898119166493416e-05,0.0032098719384521246,0.5023701937994179,0.8991466525964105,1
REACTOME_ZBP1_DAI_MEDIATED_INDUCTION_OF_TYPE_I_IFNS,5,5,0.00035394204314798117,-1.4185556210577488e-05,0.00036812759935855865,0.5011639602220843,0.8991466525964105,1
REACTOME_HCMV_INFECTION,24,24,-0.0020614026580005884,3.0812807381153107e-06,-0.0020644839387387037,0.5099758163385893,0.9053901343994833,-1
REACTOME_SUMOYLATION_OF_UBIQUITINYLATION_PROTEINS,10,10,-0.0017884473782032728,3.0812807381153107e-06,-0.0017915286589413881,0.5085794477767234,0.9053901343994833,-1
REACTOME_NUCLEOTIDE_SALVAGE,6,6,0.001551243447465822,-1.2898119166493416e-05,0.0015641415666323155,0.5101545834398038,0.9053901343994833,1
REACTOME_ESTROGEN_DEPENDENT_NUCLEAR_EVENTS_DOWNSTREAM_OF_ESR_MEMBRANE_SIGNALING,8,8,0.0015475550026167184,-1.2898119166493416e-05,0.0015604531217832118,0.5080997660582618,0.9053901343994833,1
REACTOME_ANTIGEN_PROCESSING_UBIQUITINATION_PROTEASOME_DEGRADATION,64,64,-1.5350058674812317e-05,0.0,-1.5350058674812317e-05,0.5112429947384902,0.9054156398414858,-1
REACTOME_MITOCHONDRIAL_CALCIUM_ION_TRANSPORT,5,5,-8.982978761196136e-05,1.5406403690576553e-06,-9.137042798101902e-05,0.5126811625418187,0.9060591614732771,-1
REACTOME_TP53_REGULATES_TRANSCRIPTION_OF_CELL_DEATH_GENES,11,11,0.0019131060689687729,-6.449059583246708e-06,0.0019195551285520196,0.5139562682645076,0.9064124145334308,1
REACTOME_PRESYNAPTIC_FUNCTION_OF_KAINATE_RECEPTORS,9,9,0.0016524537932127714,-1.4185556210577488e-05,0.001666639349423349,0.5186294256133934,0.9127444797329659,1
REACTOME_FORMATION_OF_TUBULIN_FOLDING_INTERMEDIATES_BY_CCT_TRIC,5,5,-0.011736029759049416,1.5406403690576553e-06,-0.011737570399418473,0.5339297449312603,0.9146040100788562,-1
REACTOME_ZINC_TRANSPORTERS,5,5,-0.009070290252566338,1.5406403690576553e-06,-0.009071830892935395,0.6002312277700492,0.9146040100788562,-1
REACTOME_INTERLEUKIN_7_SIGNALING,6,6,-0.008482821751385927,3.0812807381153107e-06,-0.008485903032124043,0.5725537675563794,0.9146040100788562,-1
REACTOME_TELOMERE_EXTENSION_BY_TELOMERASE,7,7,-0.007109207101166248,6.307556759566069e-06,-0.007115514657925814,0.5547091457682971,0.9146040100788562,-1
REACTOME_SIGNALING_BY_FLT3_FUSION_PROTEINS,9,9,-0.0068261269479990005,1.5406403690576553e-06,-0.006827667588368058,0.5608464840468244,0.9146040100788562,-1
REACTOME_FLT3_SIGNALING,14,14,-0.005928510334342718,9.533832781016827e-06,-0.005938044167123735,0.5380076583394031,0.9146040100788562,-1
REACTOME_TRAF6_MEDIATED_NF_KB_ACTIVATION,8,8,-0.005230239126831293,0.0,-0.005230239126831293,0.5960984919253323,0.9146040100788562,-1
REACTOME_CHONDROITIN_SULFATE_DERMATAN_SULFATE_METABOLISM,7,7,-0.004957819357514381,1.5406403690576553e-06,-0.004959359997883439,0.5624752906522474,0.9146040100788562,-1
REACTOME_RECRUITMENT_OF_MITOTIC_CENTROSOME_PROTEINS_AND_COMPLEXES,25,25,-0.004607400856912136,6.307556759566069e-06,-0.004613708413671702,0.5735696416983453,0.9146040100788562,-1
REACTOME_TRANSCRIPTIONAL_REGULATION_BY_SMALL_RNAS,14,14,-0.004507285542786121,1.0447576642036438e-05,-0.004517733119428158,0.5557963412490903,0.9146040100788562,-1
REACTOME_PROCESSIVE_SYNTHESIS_ON_THE_LAGGING_STRAND,7,7,-0.004480788484215736,6.307556759566069e-06,-0.0044870960409753025,0.5676180885779184,0.9146040100788562,-1
REACTOME_HDMS_DEMETHYLATE_HISTONES,6,6,-0.004397954326122999,3.0812807381153107e-06,-0.0044010356068611145,0.6088837247534791,0.9146040100788562,-1
REACTOME_ASSEMBLY_OF_THE_ORC_COMPLEX_AT_THE_ORIGIN_OF_REPLICATION,6,6,-0.004250096273608506,3.0812807381153107e-06,-0.004253177554346621,0.5259105941017124,0.9146040100788562,-1
REACTOME_RESOLUTION_OF_ABASIC_SITES_AP_SITES,18,18,-0.003443187102675438,9.533832781016827e-06,-0.0034527209354564548,0.582374853899049,0.9146040100788562,-1
REACTOME_INTERLEUKIN_12_SIGNALING,9,9,0.003373310435563326,-6.449059583246708e-06,0.0033797594951465726,0.5221780236165674,0.9146040100788562,1
REACTOME_SUMOYLATION_OF_DNA_REPLICATION_PROTEINS,12,12,-0.0032905384432524443,3.0812807381153107e-06,-0.0032936197239905596,0.5832955319731734,0.9146040100788562,-1
REACTOME_NUCLEAR_ENVELOPE_BREAKDOWN,15,15,-0.0031212964095175266,1.5406403690576553e-06,-0.0031228370498865843,0.5768006248235851,0.9146040100788562,-1
REACTOME_FGFR2_ALTERNATIVE_SPLICING,6,6,-0.0030604135245084763,3.0812807381153107e-06,-0.0030634948052465916,0.5711056863450978,0.9146040100788562,-1
REACTOME_HIV_TRANSCRIPTION_INITIATION,12,12,-0.0027710851281881332,1.0447576642036438e-05,-0.0027815327048301697,0.551201053746273,0.9146040100788562,-1
REACTOME_FORMATION_OF_THE_BETA_CATENIN_TCF_TRANSACTIVATING_COMPLEX,10,10,-0.002587375696748495,0.0,-0.002587375696748495,0.5862268526465513,0.9146040100788562,-1
REACTOME_INTERLEUKIN_2_SIGNALING,6,6,0.0025575452018529177,-1.2898119166493416e-05,0.002570443321019411,0.5427180655713482,0.9146040100788562,1
REACTOME_FCERI_MEDIATED_CA_2_MOBILIZATION,12,12,-0.0024594655260443687,1.0447576642036438e-05,-0.002469913102686405,0.6086772884324922,0.9146040100788562,-1
REACTOME_DOWNREGULATION_OF_TGF_BETA_RECEPTOR_SIGNALING,8,8,0.0023465330014005303,-1.2898119166493416e-05,0.0023594311205670238,0.5928134296575468,0.9146040100788562,1
REACTOME_TGF_BETA_RECEPTOR_SIGNALING_ACTIVATES_SMADS,8,8,0.0023465330014005303,-1.2898119166493416e-05,0.0023594311205670238,0.5928134296575468,0.9146040100788562,1
REACTOME_COMMON_PATHWAY_OF_FIBRIN_CLOT_FORMATION,5,5,0.002306548412889242,-6.449059583246708e-06,0.002312997472472489,0.5291212142538184,0.9146040100788562,1
REACTOME_REGULATION_OF_CHOLESTEROL_BIOSYNTHESIS_BY_SREBP_SREBF,16,16,-0.0022111800499260426,9.533832781016827e-06,-0.0022207138827070594,0.5669356342213319,0.9146040100788562,-1
REACTOME_INTERCONVERSION_OF_NUCLEOTIDE_DI_AND_TRIPHOSPHATES,10,10,-0.002101348480209708,3.0812807381153107e-06,-0.0021044297609478235,0.5255110280866442,0.9146040100788562,-1
REACTOME_CONVERSION_FROM_APC_C_CDC20_TO_APC_C_CDH1_IN_LATE_ANAPHASE,6,6,0.002011855482123792,-1.2898119166493416e-05,0.0020247536012902856,0.5742108491885207,0.9146040100788562,1
REACTOME_INHIBITION_OF_THE_PROTEOLYTIC_ACTIVITY_OF_APC_C_REQUIRED_FOR_THE_ONSET_OF_ANAPHASE_BY_MITOTIC_SPINDLE_CHECKPOINT_COMPONENTS,8,8,0.002011855482123792,-1.2898119166493416e-05,0.0020247536012902856,0.5822851129641127,0.9146040100788562,1
REACTOME_PHOSPHORYLATION_OF_THE_APC_C,6,6,0.002011855482123792,-1.2898119166493416e-05,0.0020247536012902856,0.5742108491885207,0.9146040100788562,1
REACTOME_RHOJ_GTPASE_CYCLE,10,10,-0.0019776588305830956,0.0,-0.0019776588305830956,0.6083193765846363,0.9146040100788562,-1
REACTOME_STRIATED_MUSCLE_CONTRACTION,6,6,0.0019131060689687729,-1.547299325466156e-05,0.0019285790622234344,0.5550890219346294,0.9146040100788562,1
REACTOME_POTASSIUM_CHANNELS,12,12,0.0018416078528389335,-1.547299325466156e-05,0.001857080846093595,0.5383264440554246,0.9146040100788562,1
REACTOME_SYNTHESIS_OF_IP3_AND_IP4_IN_THE_CYTOSOL,6,6,0.001728271075990051,-1.2898119166493416e-05,0.0017411691951565444,0.531084339254962,0.9146040100788562,1
REACTOME_CLASS_B_2_SECRETIN_FAMILY_RECEPTORS,18,18,0.0016903876676224172,-2.0380946807563305e-05,0.0017107686144299805,0.5503161389331334,0.9146040100788562,1
REACTOME_CARDIAC_CONDUCTION,15,15,0.0016716327518224716,-1.7926970031112432e-05,0.001689559721853584,0.6097360067192374,0.9146040100788562,1
REACTOME_G_ALPHA_Z_SIGNALLING_EVENTS,13,13,0.0016524537932127714,-1.4185556210577488e-05,0.001666639349423349,0.5588822699159235,0.9146040100788562,1
REACTOME_DNA_REPLICATION_PRE_INITIATION,19,19,-0.0015858581755310297,6.307556759566069e-06,-0.0015921657322905958,0.5368040494888997,0.9146040100788562,-1
REACTOME_SUMOYLATION_OF_INTRACELLULAR_RECEPTORS,8,8,0.0015254647005349398,0.0,0.0015254647005349398,0.598659260977787,0.9146040100788562,1
REACTOME_NOD1_2_SIGNALING_PATHWAY,9,9,-0.001444970490410924,1.5406403690576553e-06,-0.0014465111307799816,0.5932630618383963,0.9146040100788562,-1
REACTOME_CLASS_I_PEROXISOMAL_MEMBRANE_PROTEIN_IMPORT,6,6,0.001423847395926714,0.0,0.001423847395926714,0.5989125235491977,0.9146040100788562,1
REACTOME_CELLULAR_RESPONSE_TO_STARVATION,16,16,-0.001407527830451727,0.0,-0.001407527830451727,0.5881077040737568,0.9146040100788562,-1
REACTOME_COPI_DEPENDENT_GOLGI_TO_ER_RETROGRADE_TRAFFIC,21,21,0.0013704877346754074,-1.4185556210577488e-05,0.001384673290885985,0.5327511434337271,0.9146040100788562,1
REACTOME_COPI_MEDIATED_ANTEROGRADE_TRANSPORT,15,15,0.0013704877346754074,-6.449059583246708e-06,0.0013769367942586541,0.6009879884929178,0.9146040100788562,1
REACTOME_DNA_REPAIR,80,80,-0.001328843180090189,3.8897618651390076e-05,-0.001367740798741579,0.5230413543988832,0.9146040100788562,-1
REACTOME_SARS_COV_2_INFECTION,19,19,0.0013538086786866188,-6.449059583246708e-06,0.0013602577382698655,0.6076539278989114,0.9146040100788562,1
REACTOME_ADP_SIGNALLING_THROUGH_P2Y_PURINOCEPTOR_1,8,8,0.001316310401307419,-1.2898119166493416e-05,0.0013292085204739124,0.5909919882673406,0.9146040100788562,1
REACTOME_ADP_SIGNALLING_THROUGH_P2Y_PURINOCEPTOR_12,8,8,0.001316310401307419,-1.2898119166493416e-05,0.0013292085204739124,0.5909919882673406,0.9146040100788562,1
REACTOME_G_BETA_GAMMA_SIGNALLING_THROUGH_CDC42,8,8,0.001316310401307419,-1.2898119166493416e-05,0.0013292085204739124,0.5909919882673406,0.9146040100788562,1
REACTOME_PROSTACYCLIN_SIGNALLING_THROUGH_PROSTACYCLIN_RECEPTOR,8,8,0.001316310401307419,-1.2898119166493416e-05,0.0013292085204739124,0.5909919882673406,0.9146040100788562,1
REACTOME_RESOLUTION_OF_AP_SITES_VIA_THE_MULTIPLE_NUCLEOTIDE_PATCH_REPLACEMENT_PATHWAY,13,13,0.0013055461458861828,-6.449059583246708e-06,0.0013119952054694295,0.5509746981707957,0.9146040100788562,1
REACTOME_RAC3_GTPASE_CYCLE,14,14,0.001202014333102852,-1.2898119166493416e-05,0.0012149124522693455,0.5483274471405146,0.9146040100788562,1
REACTOME_NR1H2_AND_NR1H3_MEDIATED_SIGNALING,12,12,-0.0011534331133589149,0.0,-0.0011534331133589149,0.5995131619711432,0.9146040100788562,-1
REACTOME_APC_C_CDH1_MEDIATED_DEGRADATION_OF_CDC20_AND_OTHER_APC_C_CDH1_TARGETED_PROTEINS_IN_LATE_MITOSIS_EARLY_G1,12,12,0.0011371449218131602,-1.2898119166493416e-05,0.0011500430409796536,0.5561038954889823,0.9146040100788562,1
REACTOME_APC_C_MEDIATED_DEGRADATION_OF_CELL_CYCLE_PROTEINS,14,14,0.0011371449218131602,-1.2898119166493416e-05,0.0011500430409796536,0.5531231862635018,0.9146040100788562,1
REACTOME_ERBB2_ACTIVATES_PTK6_SIGNALING,5,5,0.001126144896261394,-1.7926970031112432e-05,0.0011440718662925065,0.5405222117397985,0.9146040100788562,1
REACTOME_DOWNSTREAM_SIGNALING_OF_ACTIVATED_FGFR1,6,6,-0.0010218855750281364,0.0,-0.0010218855750281364,0.6014513192208608,0.9146040100788562,-1
REACTOME_SIGNAL_AMPLIFICATION,9,9,0.0009801670094020665,-1.4185556210577488e-05,0.000994352565612644,0.5977413291082412,0.9146040100788562,1
REACTOME_THROMBOXANE_SIGNALLING_THROUGH_TP_RECEPTOR,9,9,0.0009801670094020665,-1.4185556210577488e-05,0.000994352565612644,0.5977413291082412,0.9146040100788562,1
REACTOME_INTEGRIN_CELL_SURFACE_INTERACTIONS,18,18,0.0009546280489303172,-1.547299325466156e-05,0.0009701010421849787,0.5504336888175014,0.9146040100788562,1
REACTOME_DECTIN_1_MEDIATED_NONCANONICAL_NF_KB_SIGNALING,5,5,0.000925215077586472,-6.449059583246708e-06,0.0009316641371697187,0.5905349773516135,0.9146040100788562,1
REACTOME_POTENTIAL_THERAPEUTICS_FOR_SARS,20,20,0.0009110382525250316,-1.547299325466156e-05,0.0009265112457796931,0.5538842656698315,0.9146040100788562,1
REACTOME_RESOLUTION_OF_SISTER_CHROMATID_COHESION,33,33,0.0008747559040784836,-1.4185556210577488e-05,0.0008889414602890611,0.5587827520969517,0.9146040100788562,1
REACTOME_METABOLISM_OF_VITAMINS_AND_COFACTORS,40,40,-0.0008754013106226921,9.533832781016827e-06,-0.0008849351434037089,0.5598117993286236,0.9146040100788562,-1
REACTOME_ASPARAGINE_N_LINKED_GLYCOSYLATION,60,60,-0.0008740924531593919,9.533832781016827e-06,-0.0008836262859404087,0.5552216734093913,0.9146040100788562,-1
REACTOME_PECAM1_INTERACTIONS,6,6,-0.0008774070302024484,0.0,-0.0008774070302024484,0.5771161938369247,0.9146040100788562,-1
REACTOME_INTEGRATION_OF_ENERGY_METABOLISM,24,24,0.000861460721353069,-1.547299325466156e-05,0.0008769337146077305,0.6068469928758655,0.9146040100788562,1
REACTOME_DNA_DOUBLE_STRAND_BREAK_REPAIR,36,36,-0.0008475356735289097,3.0812807381153107e-06,-0.000850616954267025,0.6087374717610867,0.9146040100788562,-1
REACTOME_ACTIVATION_OF_ANTERIOR_HOX_GENES_IN_HINDBRAIN_DEVELOPMENT_DURING_EARLY_EMBRYOGENESIS,21,21,-0.0007969383150339127,9.990704711526632e-06,-0.0008069290197454393,0.571905132066042,0.9146040100788562,-1
REACTOME_DISEASES_ASSOCIATED_WITH_O_GLYCOSYLATION_OF_PROTEINS,9,9,0.0007423587376251817,-1.4185556210577488e-05,0.0007565442938357592,0.58520697996207,0.9146040100788562,1
REACTOME_OPIOID_SIGNALLING,22,22,0.0007392230618279427,-1.2898119166493416e-05,0.0007521211809944361,0.5810212971336055,0.9146040100788562,1
REACTOME_INTERLEUKIN_3_INTERLEUKIN_5_AND_GM_CSF_SIGNALING,16,16,0.0006358805694617331,-1.2898119166493416e-05,0.0006487786886282265,0.5401927978015998,0.9146040100788562,1
REACTOME_DUAL_INCISION_IN_TC_NER,23,23,-0.0005409587174654007,1.5406403690576553e-06,-0.0005424993578344584,0.5880975103464363,0.9146040100788562,-1
REACTOME_CELL_CELL_JUNCTION_ORGANIZATION,9,9,-0.0004611918702721596,1.5406403690576553e-06,-0.00046273251064121723,0.6017156276848155,0.9146040100788562,-1
REACTOME_CELL_JUNCTION_ORGANIZATION,9,9,-0.0004611918702721596,1.5406403690576553e-06,-0.00046273251064121723,0.6017156276848155,0.9146040100788562,-1
REACTOME_TCF_DEPENDENT_SIGNALING_IN_RESPONSE_TO_WNT,28,28,0.00038977176882326603,-2.0380946807563305e-05,0.00041015271563082933,0.6069314054245416,0.9146040100788562,1
REACTOME_DUAL_INCISION_IN_GG_NER,18,18,0.00038229371421039104,0.0,0.00038229371421039104,0.5843088476041995,0.9146040100788562,1
REACTOME_TRANSCRIPTIONAL_ACTIVITY_OF_SMAD2_SMAD3_SMAD4_HETEROTRIMER,14,14,0.0003549314569681883,-1.2898119166493416e-05,0.0003678295761346817,0.5763158511887108,0.9146040100788562,1
REACTOME_ADAPTIVE_IMMUNE_SYSTEM,196,196,-0.00010453746654093266,3.0812807381153107e-06,-0.00010761874727904797,0.5840977872604989,0.9146040100788562,-1
REACTOME_COPII_MEDIATED_VESICLE_TRANSPORT,10,10,4.903879016637802e-05,0.0,4.903879016637802e-05,0.584767339439136,0.9146040100788562,1
REACTOME_G_ALPHA_12_13_SIGNALLING_EVENTS,27,27,3.9237551391124725e-05,-7.73649662733078e-06,4.6974048018455505e-05,0.5445834152692339,0.9146040100788562,1
REACTOME_P75_NTR_RECEPTOR_MEDIATED_SIGNALLING,29,29,3.9237551391124725e-05,-7.73649662733078e-06,4.6974048018455505e-05,0.6031995919383872,0.9146040100788562,1
REACTOME_NERVOUS_SYSTEM_DEVELOPMENT,97,97,3.0812807381153107e-06,-7.73649662733078e-06,1.081777736544609e-05,0.5439611889140773,0.9146040100788562,1
REACTOME_ERYTHROCYTES_TAKE_UP_CARBON_DIOXIDE_AND_RELEASE_OXYGEN,5,5,0.003373310435563326,-6.449059583246708e-06,0.0033797594951465726,0.6160806144968467,0.9150550449346244,1
REACTOME_ERYTHROCYTES_TAKE_UP_OXYGEN_AND_RELEASE_CARBON_DIOXIDE,5,5,0.003373310435563326,-6.449059583246708e-06,0.0033797594951465726,0.6160806144968467,0.9150550449346244,1
REACTOME_INOSITOL_PHOSPHATE_METABOLISM,13,13,-0.003061532974243164,1.5406403690576553e-06,-0.0030630736146122217,0.6142694299809948,0.9150550449346244,-1
REACTOME_DEFECTS_OF_CONTACT_ACTIVATION_SYSTEM_CAS_AND_KALLIKREIN_KININ_SYSTEM_KKS,5,5,0.0012693576863966882,-6.449059583246708e-06,0.001275806745979935,0.6165495439179913,0.9150550449346244,1
REACTOME_LAGGING_STRAND_SYNTHESIS,10,10,0.00017147697508335114,0.0,0.00017147697508335114,0.6146042751116321,0.9150550449346244,1
REACTOME_EXTRA_NUCLEAR_ESTROGEN_SIGNALING,25,25,-5.385465919971466e-05,1.5406403690576553e-06,-5.5395299568772316e-05,0.6156340264181289,0.9150550449346244,-1
REACTOME_INTRAFLAGELLAR_TRANSPORT,15,15,0.0012854468077421188,-1.7926970031112432e-05,0.0013033737777732313,0.6178609434074315,0.9153897632556497,1
REACTOME_PYRUVATE_METABOLISM_AND_CITRIC_ACID_TCA_CYCLE,13,13,-0.001788291148841381,6.307556759566069e-06,-0.0017945987056009471,0.6203915369914749,0.9162885495085913,-1
REACTOME_BMAL1_CLOCK_NPAS2_ACTIVATES_CIRCADIAN_GENE_EXPRESSION,7,7,-0.0007972356397658587,6.764428690075874e-06,-0.0008040000684559345,0.6206414730360683,0.9162885495085913,-1
REACTOME_ANTIGEN_PROCESSING_CROSS_PRESENTATION,15,15,0.000925215077586472,-1.4185556210577488e-05,0.0009394006337970495,0.6218049011174711,0.9164012790944549,1
REACTOME_TELOMERE_C_STRAND_LAGGING_STRAND_SYNTHESIS,17,17,-0.0007442981004714966,6.307556759566069e-06,-0.0007506056572310627,0.6241212935215255,0.9182098611494693,-1
REACTOME_SUMOYLATION_OF_TRANSCRIPTION_COFACTORS,14,14,0.0006680262158624828,-1.2898119166493416e-05,0.0006809243350289762,0.6265712775202846,0.9202083396334494,1
REACTOME_RHO_GTPASES_ACTIVATE_IQGAPS,5,5,0.013015968725085258,-6.449059583246708e-06,0.013022417784668505,0.632111062724189,0.9235175491793611,1
REACTOME_SIGNALING_BY_FGFR1_IN_DISEASE,8,8,0.0016409499803557992,-1.2898119166493416e-05,0.0016538480995222926,0.6318302985365519,0.9235175491793611,1
REACTOME_G_ALPHA_Q_SIGNALLING_EVENTS,52,52,0.0001971437013708055,-1.2898119166493416e-05,0.00021004182053729892,0.6308525541168767,0.9235175491793611,1
REACTOME_TRANSPORT_OF_MATURE_MRNAS_DERIVED_FROM_INTRONLESS_TRANSCRIPTS,11,11,-0.0031212964095175266,6.307556759566069e-06,-0.0031276039662770927,0.6355811359421745,0.9243901534041192,-1
REACTOME_DNA_DOUBLE_STRAND_BREAK_RESPONSE,8,8,-0.002453065593726933,0.0,-0.002453065593726933,0.63953695113131,0.9243901534041192,-1
REACTOME_METABOLISM_OF_STEROIDS,31,31,-0.002018200233578682,9.990704711526632e-06,-0.0020281909382902086,0.6340281992927788,0.9243901534041192,-1
REACTOME_CTLA4_INHIBITORY_SIGNALING,5,5,-0.0018735162448137999,1.5406403690576553e-06,-0.0018750568851828575,0.6397156823345258,0.9243901534041192,-1
REACTOME_MEIOTIC_SYNAPSIS,16,16,0.001558644522447139,-1.2898119166493416e-05,0.0015715426416136324,0.6423050782398578,0.9243901534041192,1
REACTOME_SIGNALING_BY_ERBB2_ECD_MUTANTS,5,5,0.0007394360145553946,-6.449059583246708e-06,0.0007458850741386414,0.642577259661701,0.9243901534041192,1
REACTOME_RHOBTB_GTPASE_CYCLE,7,7,-0.0005746660754084587,1.5406403690576553e-06,-0.0005762067157775164,0.6386489001829488,0.9243901534041192,-1
REACTOME_UPTAKE_AND_ACTIONS_OF_BACTERIAL_TOXINS,6,6,0.0004624319262802601,-1.2898119166493416e-05,0.0004753300454467535,0.6405357635128557,0.9243901534041192,1
REACTOME_INTERLEUKIN_20_FAMILY_SIGNALING,5,5,-0.0001744232140481472,1.5406403690576553e-06,-0.00017596385441720486,0.6416228082855941,0.9243901534041192,-1
REACTOME_CARGO_CONCENTRATION_IN_THE_ER,5,5,-0.002809988334774971,6.307556759566069e-06,-0.002816295891534537,0.6454441514363354,0.926932571824243,-1
REACTOME_ELASTIC_FIBRE_FORMATION,7,7,0.0008773641893640161,-1.7926970031112432e-05,0.0008952911593951285,0.647531584464428,0.9283488532372668,1
REACTOME_DAP12_SIGNALING,12,12,-0.0048326123505830765,3.0812807381153107e-06,-0.004835693631321192,0.6602310570857224,0.9291961988372867,-1
REACTOME_GENE_AND_PROTEIN_EXPRESSION_BY_JAK_STAT_SIGNALING_AFTER_INTERLEUKIN_12_STIMULATION,7,7,0.003373310435563326,-6.449059583246708e-06,0.0033797594951465726,0.6540234859201582,0.9291961988372867,1
REACTOME_EGR2_AND_SOX10_MEDIATED_INITIATION_OF_SCHWANN_CELL_MYELINATION,6,6,0.001873951085144654,-1.2898119166493416e-05,0.0018868492043111473,0.6602473583671823,0.9291961988372867,1
REACTOME_EPHA_MEDIATED_GROWTH_CONE_COLLAPSE,7,7,-0.0018735162448137999,4.766916390508413e-06,-0.0018782831612043083,0.6513829575563727,0.9291961988372867,-1
REACTOME_ACTIVATION_OF_GENE_EXPRESSION_BY_SREBF_SREBP,13,13,-0.001612371765077114,6.307556759566069e-06,-0.0016186793218366802,0.6600633319958232,0.9291961988372867,-1
REACTOME_INTERLEUKIN_RECEPTOR_SHC_SIGNALING,9,9,0.0009158473694697022,-1.4185556210577488e-05,0.0009300329256802797,0.6601775428862692,0.9291961988372867,1
REACTOME_NEUROTRANSMITTER_RECEPTORS_AND_POSTSYNAPTIC_SIGNAL_TRANSMISSION,35,35,0.000498279114253819,-6.449059583246708e-06,0.0005047281738370657,0.6589748188356687,0.9291961988372867,1
REACTOME_RAS_ACTIVATION_UPON_CA2_INFLUX_THROUGH_NMDA_RECEPTOR,5,5,-0.00034579471684992313,1.5406403690576553e-06,-0.0003473353572189808,0.6531149030950145,0.9291961988372867,-1
REACTOME_PLATELET_ADHESION_TO_EXPOSED_COLLAGEN,7,7,-0.0001088753342628479,1.5406403690576553e-06,-0.00011041597463190556,0.6572793182182977,0.9291961988372867,-1
REACTOME_DEVELOPMENTAL_BIOLOGY,172,172,-6.072979886084795e-05,1.0447576642036438e-05,-7.117737550288439e-05,0.6581946075040472,0.9291961988372867,-1
REACTOME_EGFR_DOWNREGULATION,7,7,-5.385465919971466e-05,1.5406403690576553e-06,-5.5395299568772316e-05,0.6572793182182977,0.9291961988372867,-1
REACTOME_MATURATION_OF_SARS_COV_2_SPIKE_PROTEIN,10,10,-0.0028256429359316826,3.0812807381153107e-06,-0.002828724216669798,0.6634757944364382,0.930235353239179,-1
REACTOME_O_LINKED_GLYCOSYLATION,20,20,0.002051826799288392,-3.5671982914209366e-05,0.0020874987822026014,0.6624556417329114,0.930235353239179,1
REACTOME_CLASS_I_MHC_MEDIATED_ANTIGEN_PROCESSING_PRESENTATION,77,77,-0.00012396834790706635,1.5406403690576553e-06,-0.000125508988276124,0.6642961834519404,0.930235353239179,-1
REACTOME_RUNX1_REGULATES_GENES_INVOLVED_IN_MEGAKARYOCYTE_DIFFERENTIATION_AND_PLATELET_FUNCTION,13,13,0.0017450936138629913,-1.4185556210577488e-05,0.0017592791700735688,0.6657700426308575,0.9307531441754774,1
REACTOME_NEDDYLATION,45,45,-0.0007743928581476212,1.5406403690576553e-06,-0.0007759334985166788,0.6724568934338637,0.9385449688158065,-1
REACTOME_MAP3K8_TPL2_DEPENDENT_MAPK1_3_ACTIVATION,5,5,-0.017469005659222603,1.5406403690576553e-06,-0.01747054629959166,0.678783528918848,0.9404382535548435,-1
REACTOME_EXTRACELLULAR_MATRIX_ORGANIZATION,54,54,0.0009487550414633006,-5.385465919971466e-05,0.0010026097006630152,0.677102295355576,0.9404382535548435,1
REACTOME_PEROXISOMAL_LIPID_METABOLISM,10,10,0.0009605473023839295,-1.2898119166493416e-05,0.0009734454215504229,0.6805069213148927,0.9404382535548435,1
REACTOME_HOMOLOGY_DIRECTED_REPAIR,28,28,-0.0008475356735289097,3.0812807381153107e-06,-0.000850616954267025,0.6787701195643268,0.9404382535548435,-1
REACTOME_COLLAGEN_DEGRADATION,13,13,0.0007452076533809304,-6.449059583246708e-06,0.0007516567129641771,0.6799694714263904,0.9404382535548435,1
REACTOME_RND2_GTPASE_CYCLE,7,7,0.0004237331449985504,-6.449059583246708e-06,0.0004301822045817971,0.6779799797879269,0.9404382535548435,1
REACTOME_CLEC7A_DECTIN_1_SIGNALING,17,17,-0.0040129367262125015,9.990704711526632e-06,-0.004022927430924028,0.6823754673879783,0.941477117852808,-1
REACTOME_BASE_EXCISION_REPAIR,21,21,-0.0027067773044109344,9.990704711526632e-06,-0.002716768009122461,0.6873576734168064,0.9432034929518839,-1
REACTOME_SNRNP_ASSEMBLY,12,12,-0.0024156931322067976,3.0812807381153107e-06,-0.002418774412944913,0.6895003868976628,0.9432034929518839,-1
REACTOME_REGULATION_OF_TP53_ACTIVITY,37,37,-0.0009507732465863228,9.990704711526632e-06,-0.0009607639512978494,0.6864718247970227,0.9432034929518839,-1
REACTOME_TNFR2_NON_CANONICAL_NF_KB_PATHWAY,25,25,0.000925215077586472,-6.449059583246708e-06,0.0009316641371697187,0.6871795397983107,0.9432034929518839,1
REACTOME_REGULATION_OF_RUNX1_EXPRESSION_AND_ACTIVITY,6,6,0.0005122590810060501,-1.2898119166493416e-05,0.0005251572001725435,0.6882417822604191,0.9432034929518839,1
REACTOME_TOLL_LIKE_RECEPTOR_TLR1_TLR2_CASCADE,29,29,0.0003022747114300728,-6.449059583246708e-06,0.0003087237710133195,0.6914587884273597,0.9432034929518839,1
REACTOME_CELL_DEATH_SIGNALLING_VIA_NRAGE_NRIF_AND_NADE,25,25,3.9237551391124725e-05,-7.73649662733078e-06,4.6974048018455505e-05,0.6912577022920418,0.9432034929518839,1
REACTOME_VIRAL_MESSENGER_RNA_SYNTHESIS,13,13,-0.003690682351589203,9.990704711526632e-06,-0.0037006730563007295,0.7185879310860478,0.943961568017007,-1
REACTOME_GLUCOSE_METABOLISM,18,18,-0.0034059893805533648,1.5795230865478516e-05,-0.0034217846114188433,0.7219368399731096,0.943961568017007,-1
REACTOME_NUCLEAR_ENVELOPE_NE_REASSEMBLY,15,15,-0.0031212964095175266,1.5406403690576553e-06,-0.0031228370498865843,0.7223859159476984,0.943961568017007,-1
REACTOME_TRANSLATION_OF_SARS_COV_2_STRUCTURAL_PROTEINS,16,16,-0.0028256429359316826,3.0812807381153107e-06,-0.002828724216669798,0.708730541416944,0.943961568017007,-1
REACTOME_INTERLEUKIN_2_FAMILY_SIGNALING,14,14,-0.0027724255342036486,0.0,-0.0027724255342036486,0.7193832298800333,0.943961568017007,-1
REACTOME_REGULATION_OF_PYRUVATE_DEHYDROGENASE_PDH_COMPLEX,6,6,0.0020842053927481174,0.0,0.0020842053927481174,0.7076003134965372,0.943961568017007,1
REACTOME_DEUBIQUITINATION,53,53,-0.002053990960121155,1.3121403753757477e-05,-0.0020671123638749123,0.7164091365204555,0.943961568017007,-1
REACTOME_ION_HOMEOSTASIS,9,9,0.0016716327518224716,-1.4185556210577488e-05,0.001685818308033049,0.7155889780298457,0.943961568017007,1
REACTOME_CLATHRIN_MEDIATED_ENDOCYTOSIS,27,27,0.0015360070392489433,-1.4185556210577488e-05,0.0015501925954595208,0.7104658466962129,0.943961568017007,1
REACTOME_NON_INTEGRIN_MEMBRANE_ECM_INTERACTIONS,8,8,0.0014324845978990197,-2.0380946807563305e-05,0.001452865544706583,0.7233679394294028,0.943961568017007,1
REACTOME_SIGNALING_BY_FGFR4,7,7,0.0013687938917428255,-6.449059583246708e-06,0.0013752429513260722,0.7043569215561611,0.943961568017007,1
REACTOME_NOTCH_HLH_TRANSCRIPTION_PATHWAY,6,6,-0.0013110339641571045,0.0,-0.0013110339641571045,0.7080528274063324,0.943961568017007,-1
REACTOME_GLUCAGON_SIGNALING_IN_METABOLIC_REGULATION,11,11,0.0009801670094020665,-1.4185556210577488e-05,0.000994352565612644,0.6955429810235266,0.943961568017007,1
REACTOME_FOXO_MEDIATED_TRANSCRIPTION_OF_CELL_DEATH_GENES,8,8,-0.0009755422361195087,0.0,-0.0009755422361195087,0.7182386519826631,0.943961568017007,-1
REACTOME_CILIUM_ASSEMBLY,55,55,0.0009058468276634812,-2.8026464860886335e-05,0.0009338732925243676,0.7101302036830235,0.943961568017007,1
REACTOME_RHO_GTPASES_ACTIVATE_FORMINS,33,33,0.0008747559040784836,-1.4185556210577488e-05,0.0008889414602890611,0.6948122092923459,0.943961568017007,1
REACTOME_ROS_AND_RNS_PRODUCTION_IN_PHAGOCYTES,7,7,0.0008568604243919253,-1.4185556210577488e-05,0.0008710459806025028,0.7140012331851805,0.943961568017007,1
REACTOME_SYNTHESIS_OF_VERY_LONG_CHAIN_FATTY_ACYL_COAS,5,5,0.0008545060409232974,-6.449059583246708e-06,0.0008609551005065441,0.7162443684287432,0.943961568017007,1
REACTOME_HOMOLOGOUS_DNA_PAIRING_AND_STRAND_EXCHANGE,12,12,-0.0008475356735289097,3.0812807381153107e-06,-0.000850616954267025,0.7160224489001279,0.943961568017007,-1
REACTOME_AQUAPORIN_MEDIATED_TRANSPORT,16,16,0.0007392230618279427,-1.2898119166493416e-05,0.0007521211809944361,0.7116499096009087,0.943961568017007,1
REACTOME_METABOLISM_OF_FAT_SOLUBLE_VITAMINS,7,7,0.0005540486890822649,-1.4185556210577488e-05,0.0005682342452928424,0.6995524180657136,0.943961568017007,1
REACTOME_FORMATION_OF_TC_NER_PRE_INCISION_COMPLEX,13,13,-0.0005409587174654007,1.5406403690576553e-06,-0.0005424993578344584,0.7117896436625895,0.943961568017007,-1
REACTOME_REGULATION_OF_PLK1_ACTIVITY_AT_G2_M_TRANSITION,25,25,0.000498279114253819,-6.449059583246708e-06,0.0005047281738370657,0.7015476236018396,0.943961568017007,1
REACTOME_SYNTHESIS_OF_SUBSTRATES_IN_N_GLYCAN_BIOSYTHESIS,16,16,-0.0004823344061151147,0.0,-0.0004823344061151147,0.7209921956512653,0.943961568017007,-1
REACTOME_INNATE_IMMUNE_SYSTEM,212,212,-0.0004204500000923872,9.533832781016827e-06,-0.000429983832873404,0.6991809526547279,0.943961568017007,-1
REACTOME_SEMAPHORIN_INTERACTIONS,10,10,0.0003632689476944506,0.0,0.0003632689476944506,0.7201663508157006,0.943961568017007,1
REACTOME_RAC1_GTPASE_CYCLE,34,34,-0.0003203023225069046,9.533832781016827e-06,-0.00032983615528792143,0.7043873177899941,0.943961568017007,-1
REACTOME_CELL_CYCLE,176,176,-0.00019171566236764193,3.0812807381153107e-06,-0.00019479694310575724,0.7131510072193972,0.943961568017007,-1
REACTOME_ASSEMBLY_OF_COLLAGEN_FIBRILS_AND_OTHER_MULTIMERIC_STRUCTURES,11,11,0.001164048444479704,-1.7926970031112432e-05,0.0011819754145108163,0.7263683456951586,0.9464119249165667,1
REACTOME_NUCLEAR_SIGNALING_BY_ERBB4,7,7,0.0005540486890822649,-6.449059583246708e-06,0.0005604977486655116,0.7274954693592179,0.9464177170830567,1
REACTOME_RMTS_METHYLATE_HISTONE_ARGININES,11,11,0.002303890883922577,-6.449059583246708e-06,0.0023103399435058236,0.728901734182344,0.9465832137339311,1
REACTOME_RHOQ_GTPASE_CYCLE,11,11,0.0008004903793334961,-6.449059583246708e-06,0.0008069394389167428,0.7314380866003591,0.9465832137339311,1
REACTOME_SIGNALING_BY_ALK_IN_CANCER,10,10,-0.0005580330034717917,0.0,-0.0005580330034717917,0.7318458068115757,0.9465832137339311,-1
REACTOME_CDC42_GTPASE_CYCLE,31,31,-7.375795394182205e-05,6.307556759566069e-06,-8.006551070138812e-05,0.7321141819152112,0.9465832137339311,-1
REACTOME_FCERI_MEDIATED_NF_KB_ACTIVATION,13,13,-0.004681099206209183,6.307556759566069e-06,-0.004687406762968749,0.739114889239394,0.954171288864945,-1
REACTOME_INTERLEUKIN_12_FAMILY_SIGNALING,11,11,-0.0026534665375947952,1.5406403690576553e-06,-0.002655007177963853,0.741102807207133,0.9543675566801323,-1
REACTOME_INTERLEUKIN_1_SIGNALING,19,19,0.0003022747114300728,-6.449059583246708e-06,0.0003087237710133195,0.741531138345773,0.9543675566801323,1
REACTOME_PROCESSIVE_SYNTHESIS_ON_THE_C_STRAND_OF_THE_TELOMERE,10,10,-0.0018287752754986286,1.0447576642036438e-05,-0.001839222852140665,0.7432310143169292,0.9550971723615417,-1
REACTOME_METABOLISM_OF_CARBOHYDRATES,55,55,-0.0011659730225801468,1.3121403753757477e-05,-0.0011790944263339043,0.74520590123426,0.9561774349170185,-1
REACTOME_SIGNALING_BY_FGFR,18,18,-0.0018397779203951359,3.0812807381153107e-06,-0.0018428592011332512,0.7483390937426071,0.9587383830167443,-1
REACTOME_PHOSPHOLIPID_METABOLISM,54,54,0.0004472074215300381,-2.0380946807563305e-05,0.0004675883683376014,0.7499003609884691,0.9592807349215167,1
REACTOME_NEGATIVE_REGULATION_OF_THE_PI3K_AKT_NETWORK,25,25,0.0007394360145553946,-1.4185556210577488e-05,0.0007536215707659721,0.7520833849306698,0.9606155962069011,1
REACTOME_REGULATION_OF_SIGNALING_BY_CBL,9,9,-0.008867988362908363,6.307556759566069e-06,-0.00887429591966793,0.76987981379104,0.9620271844581503,-1
REACTOME_GLYCOLYSIS,14,14,-0.0034059893805533648,1.0447576642036438e-05,-0.003416436957195401,0.7691772960435441,0.9620271844581503,-1
REACTOME_DOWNSTREAM_SIGNALING_EVENTS_OF_B_CELL_RECEPTOR_BCR,12,12,-0.00246285367757082,3.0812807381153107e-06,-0.002465934958308935,0.7621860425386338,0.9620271844581503,-1
REACTOME_TRANSCRIPTIONAL_REGULATION_OF_PLURIPOTENT_STEM_CELLS,9,9,0.001948727760463953,-6.449059583246708e-06,0.0019551768200471997,0.7630488304466606,0.9620271844581503,1
REACTOME_AURKA_ACTIVATION_BY_TPX2,23,23,-0.0018287943676114082,1.5406403690576553e-06,-0.0018303350079804659,0.7745182169650038,0.9620271844581503,-1
REACTOME_DNA_STRAND_ELONGATION,14,14,-0.0017778156325221062,9.533832781016827e-06,-0.001787349465303123,0.7737551720050848,0.9620271844581503,-1
REACTOME_CARBOXYTERMINAL_POST_TRANSLATIONAL_MODIFICATIONS_OF_TUBULIN,9,9,0.001367497257888317,-1.4185556210577488e-05,0.0013816828140988946,0.7615333156388018,0.9620271844581503,1
REACTOME_MET_PROMOTES_CELL_MOTILITY,5,5,0.001164048444479704,-1.4185556210577488e-05,0.0011782340006902814,0.7607374654129001,0.9620271844581503,1
REACTOME_DECTIN_2_FAMILY,5,5,0.001085254829376936,-6.449059583246708e-06,0.0010917038889601827,0.7757546262939169,0.9620271844581503,1
REACTOME_SIGNALING_BY_ERBB4,14,14,0.0010736802942119539,-1.547299325466156e-05,0.0010891532874666154,0.7649118560993484,0.9620271844581503,1
REACTOME_SIGNALING_BY_MET,10,10,0.0009952684049494565,-1.2898119166493416e-05,0.0010081665241159499,0.7677891705089573,0.9620271844581503,1
REACTOME_SIGNALING_BY_FGFR1,9,9,0.0009948755032382905,-6.449059583246708e-06,0.0010013245628215373,0.7725411697543255,0.9620271844581503,1
REACTOME_G2_M_DNA_DAMAGE_CHECKPOINT,12,12,-0.0008475356735289097,3.0812807381153107e-06,-0.000850616954267025,0.7760124382343323,0.9620271844581503,-1
REACTOME_HEMOSTASIS,146,146,0.0007713756640441716,-7.16005451977253e-05,0.0008429762092418969,0.7734985207290295,0.9620271844581503,1
REACTOME_MRNA_CAPPING,7,7,-0.0007969383150339127,6.307556759566069e-06,-0.0008032458717934787,0.7689032110429093,0.9620271844581503,-1
REACTOME_GAP_JUNCTION_TRAFFICKING_AND_REGULATION,5,5,-0.0005746660754084587,1.5406403690576553e-06,-0.0005762067157775164,0.7691261870432545,0.9620271844581503,-1
REACTOME_MEMBRANE_TRAFFICKING,122,122,0.00026934314519166946,-1.547299325466156e-05,0.000284816138446331,0.7633544500641953,0.9620271844581503,1
REACTOME_EICOSANOID_LIGAND_BINDING_RECEPTORS,6,6,-0.00021511467639356852,0.0,-0.00021511467639356852,0.7704933938091227,0.9620271844581503,-1
REACTOME_RAB_GEFS_EXCHANGE_GTP_FOR_GDP_ON_RABS,18,18,0.00010924646630883217,-1.2898119166493416e-05,0.00012214458547532558,0.7613185522039487,0.9620271844581503,1
REACTOME_RHO_GTPASE_CYCLE,95,95,7.445178925991058e-05,-2.8026464860886335e-05,0.00010247825412079692,0.7554614916009454,0.9620271844581503,1
REACTOME_CLEC7A_DECTIN_1_INDUCES_NFAT_ACTIVATION,5,5,-0.0029633743688464165,6.307556759566069e-06,-0.0029696819256059825,0.7798418344636323,0.9631655454510237,-1
REACTOME_TOLL_LIKE_RECEPTOR_CASCADES,40,40,0.0008701010374352336,-1.547299325466156e-05,0.0008855740306898952,0.7812171577867832,0.9631655454510237,1
REACTOME_G_PROTEIN_MEDIATED_EVENTS,9,9,-0.0008309271652251482,1.5406403690576553e-06,-0.0008324678055942059,0.783785959880667,0.9631655454510237,-1
REACTOME_TRANSCRIPTIONAL_REGULATION_BY_VENTX,13,13,0.000737478956580162,-6.449059583246708e-06,0.0007439280161634088,0.7826248032067534,0.9631655454510237,1
REACTOME_REGULATION_OF_INSULIN_SECRETION,19,19,0.000498279114253819,-6.449059583246708e-06,0.0005047281738370657,0.7837347229923476,0.9631655454510237,1
REACTOME_GLYCEROPHOSPHOLIPID_BIOSYNTHESIS,26,26,0.00025679939426481724,-1.2898119166493416e-05,0.00026969751343131065,0.7813674532086097,0.9631655454510237,1
REACTOME_MAPK6_MAPK4_SIGNALING,17,17,-0.0012293665204197168,1.5406403690576553e-06,-0.0012309071607887745,0.7854125958004534,0.9637595607857092,-1
REACTOME_GLYCOSPHINGOLIPID_METABOLISM,7,7,0.0023274999111890793,-6.449059583246708e-06,0.002333948970772326,0.788781117834436,0.9649928250499177,1
REACTOME_PROTEIN_LOCALIZATION,42,42,-0.0019489889964461327,1.0447576642036438e-05,-0.001959436573088169,0.7909964912330879,0.9649928250499177,-1
REACTOME_ANTI_INFLAMMATORY_RESPONSE_FAVOURING_LEISHMANIA_PARASITE_INFECTION,36,36,0.0007392230618279427,-1.2898119166493416e-05,0.0007521211809944361,0.790527445019136,0.9649928250499177,1
REACTOME_SUMOYLATION,52,52,-0.0006019617430865765,9.533832781016827e-06,-0.0006114955758675933,0.7892413630318663,0.9649928250499177,-1
REACTOME_PCP_CE_PATHWAY,8,8,-0.004697614815086126,3.0812807381153107e-06,-0.004700696095824242,0.7996435938429586,0.9671442605589872,-1
REACTOME_GLYOXYLATE_METABOLISM_AND_GLYCINE_DEGRADATION,7,7,-0.0019107973203063011,6.307556759566069e-06,-0.0019171048770658672,0.7992079620625184,0.9671442605589872,-1
REACTOME_CARGO_TRAFFICKING_TO_THE_PERICILIARY_MEMBRANE,11,11,0.0017298426246270537,-6.449059583246708e-06,0.0017362916842103004,0.7939992677721842,0.9671442605589872,1
REACTOME_SIGNALING_BY_VEGF,25,25,-0.0014926586300134659,6.307556759566069e-06,-0.001498966186773032,0.7986157794260548,0.9671442605589872,-1
REACTOME_ACTIVATION_OF_NMDA_RECEPTORS_AND_POSTSYNAPTIC_EVENTS,17,17,0.000498279114253819,-6.449059583246708e-06,0.0005047281738370657,0.7965765725968132,0.9671442605589872,1
REACTOME_DISEASES_OF_SIGNAL_TRANSDUCTION_BY_GROWTH_FACTOR_RECEPTORS_AND_SECOND_MESSENGERS,85,85,0.00043659331277012825,-1.7926970031112432e-05,0.0004545202828012407,0.798337792646166,0.9671442605589872,1
REACTOME_THE_ROLE_OF_NEF_IN_HIV_1_REPLICATION_AND_DISEASE_PATHOGENESIS,8,8,-0.004018604755401611,3.0812807381153107e-06,-0.004021686036139727,0.802088072466682,0.9676546932989664,-1
REACTOME_TRANS_GOLGI_NETWORK_VESICLE_BUDDING,16,16,0.0017908073496073484,-1.547299325466156e-05,0.00180628034286201,0.8028958488718141,0.9676546932989664,1
REACTOME_PRE_NOTCH_EXPRESSION_AND_PROCESSING,10,10,-0.0009660497307777405,0.0,-0.0009660497307777405,0.8035092352423208,0.9676546932989664,-1
REACTOME_IKK_COMPLEX_RECRUITMENT_MEDIATED_BY_RIP1,5,5,-0.009125018492341042,1.5406403690576553e-06,-0.0091265591327101,0.8158529556988423,0.9696382275970596,-1
REACTOME_SIGNALING_BY_RETINOIC_ACID,11,11,-0.0033428636379539967,1.5406403690576553e-06,-0.0033444042783230543,0.8117414465955078,0.9696382275970596,-1
REACTOME_INTERLEUKIN_17_SIGNALING,15,15,-0.0030539613217115402,1.5406403690576553e-06,-0.003055501962080598,0.8172144837838644,0.9696382275970596,-1
REACTOME_ANCHORING_OF_THE_BASAL_BODY_TO_THE_PLASMA_MEMBRANE,29,29,-0.0018287943676114082,1.5406403690576553e-06,-0.0018303350079804659,0.8097781809971897,0.9696382275970596,-1
REACTOME_REVERSIBLE_HYDRATION_OF_CARBON_DIOXIDE,5,5,0.0013705533929169178,-6.449059583246708e-06,0.0013770024525001645,0.8127498244118672,0.9696382275970596,1
REACTOME_MYD88_INDEPENDENT_TLR4_CASCADE,24,24,-0.0013758433051407337,0.0,-0.0013758433051407337,0.8142115818802284,0.9696382275970596,-1
REACTOME_THROMBIN_SIGNALLING_THROUGH_PROTEINASE_ACTIVATED_RECEPTORS_PARS,9,9,0.0009801670094020665,-6.449059583246708e-06,0.0009866160689853132,0.8189421684892204,0.9696382275970596,1
REACTOME_POLB_DEPENDENT_LONG_PATCH_BASE_EXCISION_REPAIR,5,5,-0.0008829571306705475,1.5406403690576553e-06,-0.0008844977710396051,0.8189589775196993,0.9696382275970596,-1
REACTOME_ION_TRANSPORT_BY_P_TYPE_ATPASES,10,10,0.0006756059301551431,-1.2898119166493416e-05,0.0006885040493216366,0.8077080652596624,0.9696382275970596,1
REACTOME_TELOMERE_C_STRAND_SYNTHESIS_INITIATION,6,6,0.0005100357811897993,0.0,0.0005100357811897993,0.8117336938132659,0.9696382275970596,1
REACTOME_CDT1_ASSOCIATION_WITH_THE_CDC6_ORC_ORIGIN_COMPLEX,8,8,-0.00033032154897227883,0.0,-0.00033032154897227883,0.8188426951204981,0.9696382275970596,-1
REACTOME_GABA_RECEPTOR_ACTIVATION,12,12,7.461992208845913e-05,0.0,7.461992208845913e-05,0.8130531050883005,0.9696382275970596,1
REACTOME_SUMOYLATION_OF_DNA_DAMAGE_RESPONSE_AND_REPAIR_PROTEINS,26,26,-0.0008475356735289097,9.533832781016827e-06,-0.0008570695063099265,0.8210701314244666,0.9707743629604844,-1
REACTOME_FORMATION_OF_INCISION_COMPLEX_IN_GG_NER,15,15,-0.0042176153510808945,6.307556759566069e-06,-0.0042239229078404605,0.8292156206983021,0.9721990112272865,-1
REACTOME_MISMATCH_REPAIR,5,5,-0.0027067773044109344,1.5406403690576553e-06,-0.002708317944779992,0.8308913237802283,0.9721990112272865,-1
REACTOME_RND3_GTPASE_CYCLE,8,8,-0.00261644646525383,0.0,-0.00261644646525383,0.826430373063899,0.9721990112272865,-1
REACTOME_MAPK_TARGETS_NUCLEAR_EVENTS_MEDIATED_BY_MAP_KINASES,9,9,0.0023389396956190467,-6.449059583246708e-06,0.0023453887552022934,0.8476468247355344,0.9721990112272865,1
REACTOME_NUCLEAR_RECEPTOR_TRANSCRIPTION_PATHWAY,12,12,0.001454480254324153,-1.2898119166493416e-05,0.0014673783734906465,0.8326613679025565,0.9721990112272865,1
REACTOME_ABERRANT_REGULATION_OF_MITOTIC_EXIT_IN_CANCER_DUE_TO_RB1_DEFECTS,7,7,0.0013490747660398483,-6.449059583246708e-06,0.001355523825623095,0.8390541748107891,0.9721990112272865,1
REACTOME_PI3K_EVENTS_IN_ERBB2_SIGNALING,5,5,0.001126144896261394,-1.4185556210577488e-05,0.0011403304524719715,0.8386945305612165,0.9721990112272865,1
REACTOME_AMINO_ACIDS_REGULATE_MTORC1,8,8,-0.0010800242889672518,0.0,-0.0010800242889672518,0.8348572829171585,0.9721990112272865,-1
REACTOME_TP53_REGULATES_TRANSCRIPTION_OF_ADDITIONAL_CELL_CYCLE_GENES_WHOSE_EXACT_ROLE_IN_THE_P53_PATHWAY_REMAIN_UNCERTAIN,6,6,-0.0008883490227162838,3.0812807381153107e-06,-0.0008914303034543991,0.8278153373459609,0.9721990112272865,-1
REACTOME_RESPONSE_TO_ELEVATED_PLATELET_CYTOSOLIC_CA2,38,38,0.0008034748025238514,-3.5671982914209366e-05,0.0008391467854380608,0.8455876589423457,0.9721990112272865,1
REACTOME_MITOCHONDRIAL_FATTY_ACID_BETA_OXIDATION,5,5,-0.0008191950619220734,1.5406403690576553e-06,-0.000820735702291131,0.842341511360074,0.9721990112272865,-1
REACTOME_PLASMA_LIPOPROTEIN_ASSEMBLY_REMODELING_AND_CLEARANCE,11,11,0.0007988351862877607,-1.4185556210577488e-05,0.0008130207424983382,0.8424029686655036,0.9721990112272865,1
REACTOME_PI3K_AKT_SIGNALING_IN_CANCER,25,25,0.0007394360145553946,-6.449059583246708e-06,0.0007458850741386414,0.8302067324026873,0.9721990112272865,1
REACTOME_METABOLISM_OF_NUCLEOTIDES,26,26,0.0006771446205675602,-1.547299325466156e-05,0.0006926176138222218,0.842938500919689,0.9721990112272865,1
REACTOME_INTRACELLULAR_SIGNALING_BY_SECOND_MESSENGERS,63,63,0.0006337743252515793,-2.8026464860886335e-05,0.0006618007901124656,0.8434202655303726,0.9721990112272865,1
REACTOME_DNA_DAMAGE_TELOMERE_STRESS_INDUCED_SENESCENCE,5,5,-0.0005981074646115303,1.5406403690576553e-06,-0.000599648104980588,0.8350510108584237,0.9721990112272865,-1
REACTOME_DNA_REPLICATION,35,35,-0.000552155077457428,1.5406403690576553e-06,-0.0005536957178264856,0.831675808238863,0.9721990112272865,-1
REACTOME_SYNTHESIS_OF_DNA,31,31,-0.000552155077457428,1.5406403690576553e-06,-0.0005536957178264856,0.8447813310088194,0.9721990112272865,-1
REACTOME_MOLECULES_ASSOCIATED_WITH_ELASTIC_FIBRES,6,6,0.000529539305716753,-1.547299325466156e-05,0.0005450122989714146,0.841589592134735,0.9721990112272865,1
REACTOME_MITOTIC_PROMETAPHASE,58,58,0.0004389617242850363,-1.2898119166493416e-05,0.00045185984345152974,0.8416425281215136,0.9721990112272865,1
REACTOME_TRANSCRIPTIONAL_REGULATION_BY_E2F6,14,14,-0.0002671610563993454,0.0,-0.0002671610563993454,0.8471874501619487,0.9721990112272865,-1
REACTOME_RHOG_GTPASE_CYCLE,13,13,0.00013342127203941345,-6.449059583246708e-06,0.00013987033162266016,0.8475217405922381,0.9721990112272865,1
REACTOME_DISEASES_OF_DNA_REPAIR,10,10,-0.001328843180090189,9.533832781016827e-06,-0.0013383770128712058,0.8497972316024192,0.9733411226098362,-1
REACTOME_TRANSPORT_OF_VITAMINS_NUCLEOSIDES_AND_RELATED_MOLECULES,9,9,-0.0020262058824300766,6.307556759566069e-06,-0.0020325134391896427,0.8560265192400405,0.974525937068442,-1
REACTOME_BBSOME_MEDIATED_CARGO_TARGETING_TO_CILIUM,9,9,0.0017298426246270537,-6.449059583246708e-06,0.0017362916842103004,0.8566117667469936,0.974525937068442,1
REACTOME_HDR_THROUGH_SINGLE_STRAND_ANNEALING_SSA,12,12,-0.001328843180090189,9.533832781016827e-06,-0.0013383770128712058,0.8555846170359459,0.974525937068442,-1
REACTOME_RESOLUTION_OF_D_LOOP_STRUCTURES_THROUGH_SYNTHESIS_DEPENDENT_STRAND_ANNEALING_SDSA,6,6,-0.0008475356735289097,3.0812807381153107e-06,-0.000850616954267025,0.8535031546344176,0.974525937068442,-1
REACTOME_GLYCOSAMINOGLYCAN_METABOLISM,19,19,-0.00026242900639772415,1.5406403690576553e-06,-0.0002639696467667818,0.8548662185563716,0.974525937068442,-1
REACTOME_SYNTHESIS_OF_ACTIVE_UBIQUITIN_ROLES_OF_E1_AND_E2_ENZYMES,7,7,-0.005841301754117012,1.5406403690576553e-06,-0.00584284239448607,0.8611316806509332,0.9765932469548818,-1
REACTOME_METAL_ION_SLC_TRANSPORTERS,6,6,-0.0030971907544881105,0.0,-0.0030971907544881105,0.8616236785641243,0.9765932469548818,-1
REACTOME_RND1_GTPASE_CYCLE,8,8,-0.0018717600032687187,0.0,-0.0018717600032687187,0.862319298976342,0.9765932469548818,-1
REACTOME_PI_METABOLISM,28,28,0.0007192411576397717,-1.547299325466156e-05,0.0007347141508944333,0.8630628339043735,0.9765932469548818,1
REACTOME_TRNA_PROCESSING,34,34,-0.0028695103246718645,1.5795230865478516e-05,-0.002885305555537343,0.8661483227361347,0.9774605569833489,-1
REACTOME_TRANSLOCATION_OF_SLC2A4_GLUT4_TO_THE_PLASMA_MEMBRANE,13,13,-0.0013240166008472443,1.5406403690576553e-06,-0.001325557241216302,0.8660435504904624,0.9774605569833489,-1
REACTOME_TRNA_PROCESSING_IN_THE_NUCLEUS,21,21,-0.0026177242398262024,9.990704711526632e-06,-0.002627714944537729,0.8697733608372118,0.9784051987453829,-1
REACTOME_COLLAGEN_CHAIN_TRIMERIZATION,8,8,0.0009546280489303172,-1.2898119166493416e-05,0.0009675261680968106,0.8693678453295395,0.9784051987453829,1
REACTOME_SWITCHING_OF_ORIGINS_TO_A_POST_REPLICATIVE_STATE,19,19,-0.0008488539606332779,1.5406403690576553e-06,-0.0008503946010023355,0.8715766937533063,0.9784051987453829,-1
REACTOME_PTEN_REGULATION,26,26,0.0005763365770690143,-1.2898119166493416e-05,0.0005892346962355077,0.8716278816818298,0.9784051987453829,1
REACTOME_SIGNALING_BY_WNT,53,53,0.00028675608336925507,-1.4185556210577488e-05,0.00030094163957983255,0.8731509231722372,0.9788114737156861,1
REACTOME_CREB1_PHOSPHORYLATION_THROUGH_NMDA_RECEPTOR_MEDIATED_ACTIVATION_OF_RAS_SIGNALING,6,6,0.0006629190174862742,0.0,0.0006629190174862742,0.8774281212675253,0.9811988701752385,1
REACTOME_ARACHIDONIC_ACID_METABOLISM,10,10,-9.447254706174135e-05,0.0,-9.447254706174135e-05,0.8776084793738196,0.9811988701752385,-1
REACTOME_PROTEIN_PROTEIN_INTERACTIONS_AT_SYNAPSES,9,9,0.0005983085138723254,-6.449059583246708e-06,0.0006047575734555721,0.8806711786838207,0.9833189452059085,1
REACTOME_BETA_CATENIN_INDEPENDENT_WNT_SIGNALING,30,30,-0.0008685649372637272,3.0812807381153107e-06,-0.0008716462180018425,0.8819381218548789,0.983431000957226,-1
REACTOME_VASOPRESSIN_REGULATES_RENAL_WATER_HOMEOSTASIS_VIA_AQUAPORINS,14,14,-5.507067544385791e-05,0.0,-5.507067544385791e-05,0.8835848169863995,0.98396565484747,-1
REACTOME_PEROXISOMAL_PROTEIN_IMPORT,18,18,-0.0015705283731222153,3.0812807381153107e-06,-0.0015736096538603306,0.8856087124085863,0.9849183965177285,-1
REACTOME_REGULATION_OF_LIPID_METABOLISM_BY_PPARALPHA,28,28,-0.00032929296139627695,0.0,-0.00032929296139627695,0.8884886600099294,0.9868194208015422,-1
REACTOME_RHOA_GTPASE_CYCLE,33,33,3.9237551391124725e-05,-7.73649662733078e-06,4.6974048018455505e-05,0.8904145143143312,0.9876571520618174,1
REACTOME_N_GLYCAN_TRIMMING_IN_THE_ER_AND_CALNEXIN_CALRETICULIN_CYCLE,6,6,-0.0021196696907281876,3.0812807381153107e-06,-0.002122750971466303,0.8923194812729437,0.9884695436440099,-1
REACTOME_SYNAPTIC_ADHESION_LIKE_MOLECULES,5,5,0.0005983085138723254,-6.449059583246708e-06,0.0006047575734555721,0.8945100976428821,0.9895958166836609,1
REACTOME_GABA_B_RECEPTOR_ACTIVATION,11,11,0.0009801670094020665,-6.449059583246708e-06,0.0009866160689853132,0.8958561391868466,0.9897860096127283,1
REACTOME_UNFOLDED_PROTEIN_RESPONSE_UPR,22,22,-0.005443275906145573,3.0812807381153107e-06,-0.005446357186883688,0.901422017305576,0.9900914437099434,-1
REACTOME_DEFECTIVE_INTRINSIC_PATHWAY_FOR_APOPTOSIS,7,7,-0.0034204022958874702,1.5406403690576553e-06,-0.003421942936256528,0.9033652231823626,0.9900914437099434,-1
REACTOME_HIV_LIFE_CYCLE,32,32,-0.003399407723918557,1.5795230865478516e-05,-0.0034152029547840357,0.9096147529909681,0.9900914437099434,-1
REACTOME_FLT3_SIGNALING_IN_DISEASE,12,12,-0.0025391969829797745,0.0,-0.0025391969829797745,0.9149243590154755,0.9900914437099434,-1
REACTOME_CELLULAR_HEXOSE_TRANSPORT,5,5,0.0018073084065690637,-6.449059583246708e-06,0.0018137574661523104,0.9095476320082652,0.9900914437099434,1
REACTOME_CD209_DC_SIGN_SIGNALING,5,5,-0.0014926586300134659,1.5406403690576553e-06,-0.0014941992703825235,0.9032117709695523,0.9900914437099434,-1
REACTOME_SHC1_EVENTS_IN_ERBB2_SIGNALING,5,5,0.001126144896261394,-1.4185556210577488e-05,0.0011403304524719715,0.9127177468504237,0.9900914437099434,1
REACTOME_SPHINGOLIPID_DE_NOVO_BIOSYNTHESIS,7,7,0.0009661432122811675,-6.449059583246708e-06,0.0009725922718644142,0.9015805799903378,0.9900914437099434,1
REACTOME_PLASMA_LIPOPROTEIN_REMODELING,6,6,0.0008972339564934373,-1.547299325466156e-05,0.0009127069497480989,0.9123133579449474,0.9900914437099434,1
REACTOME_RHOF_GTPASE_CYCLE,10,10,-0.0007475357269868255,3.0812807381153107e-06,-0.0007506170077249408,0.8982885092731633,0.9900914437099434,-1
REACTOME_NEUREXINS_AND_NEUROLIGINS,5,5,0.0007427544333040714,-6.449059583246708e-06,0.0007492034928873181,0.9045312474795107,0.9900914437099434,1
REACTOME_BLOOD_GROUP_SYSTEMS_BIOSYNTHESIS,6,6,-0.0004300876898923889,0.0,-0.0004300876898923889,0.9111072057454073,0.9900914437099434,-1
REACTOME_BIOSYNTHESIS_OF_THE_N_GLYCAN_PRECURSOR_DOLICHOL_LIPID_LINKED_OLIGOSACCHARIDE_LLO_AND_TRANSFER_TO_A_NASCENT_PROTEIN,22,22,-0.0003759628161787987,0.0,-0.0003759628161787987,0.9145620408791402,0.9900914437099434,-1
REACTOME_TRIGLYCERIDE_METABOLISM,8,8,-0.0003528145607560873,0.0,-0.0003528145607560873,0.9133212067083211,0.9900914437099434,-1
REACTOME_CARGO_RECOGNITION_FOR_CLATHRIN_MEDIATED_ENDOCYTOSIS,17,17,-5.385465919971466e-05,1.5406403690576553e-06,-5.5395299568772316e-05,0.9121540576273248,0.9900914437099434,-1
REACTOME_ER_TO_GOLGI_ANTEROGRADE_TRANSPORT,24,24,4.903879016637802e-05,0.0,4.903879016637802e-05,0.9019295656904351,0.9900914437099434,1
REACTOME_INFECTIOUS_DISEASE,158,158,-0.0007026793900877237,1.5795230865478516e-05,-0.0007184746209532022,0.9164863270215584,0.9905102226656073,-1
REACTOME_SPHINGOLIPID_METABOLISM,14,14,0.0014336157473735511,-1.2898119166493416e-05,0.0014465138665400445,0.918804395663724,0.9915585902744495,1
REACTOME_TRANSPORT_TO_THE_GOLGI_AND_SUBSEQUENT_MODIFICATION,33,33,0.0003867540508508682,-1.4185556210577488e-05,0.0004009396070614457,0.9198720844526793,0.9915585902744495,1
REACTOME_INTRA_GOLGI_AND_RETROGRADE_GOLGI_TO_ER_TRAFFIC,42,42,6.388034671545029e-05,0.0,6.388034671545029e-05,0.9209850251303606,0.9915585902744495,1
REACTOME_RHO_GTPASES_ACTIVATE_WASPS_AND_WAVES,6,6,-0.0012676044134423137,3.0812807381153107e-06,-0.001270685694180429,0.9260770968916762,0.9932353596433626,-1
REACTOME_COLLAGEN_BIOSYNTHESIS_AND_MODIFYING_ENZYMES,12,12,0.00041575159411877394,-1.2898119166493416e-05,0.00042864971328526735,0.9239859000994537,0.9932353596433626,1
REACTOME_TIGHT_JUNCTION_INTERACTIONS,7,7,4.167878068983555e-05,-6.449059583246708e-06,4.8127840273082256e-05,0.9259353624443599,0.9932353596433626,1
REACTOME_SIGNALING_BY_TGFB_FAMILY_MEMBERS,26,26,-0.000457399757578969,0.0,-0.000457399757578969,0.9281956068071612,0.9942425623105933,-1
REACTOME_ASYMMETRIC_LOCALIZATION_OF_PCP_PROTEINS,7,7,-0.0008243592455983162,1.5406403690576553e-06,-0.0008258998859673738,0.9297406680502315,0.9946337349826715,-1
REACTOME_DOWNREGULATION_OF_SMAD2_3_SMAD4_TRANSCRIPTIONAL_ACTIVITY,8,8,-0.006987828761339188,3.0812807381153107e-06,-0.006990910042077303,0.9501935318136945,0.9946878259311256,-1
REACTOME_HCMV_EARLY_EVENTS,20,20,-0.0034059893805533648,9.533832781016827e-06,-0.0034155232133343816,0.9393865028026553,0.9946878259311256,-1
REACTOME_HIV_INFECTION,44,44,-0.0025737511459738016,2.7942820452153683e-05,-0.0026016939664259553,0.9787649934067504,0.9946878259311256,-1
REACTOME_TRNA_MODIFICATION_IN_THE_NUCLEUS_AND_CYTOSOL,10,10,-0.002591045806184411,3.0812807381153107e-06,-0.0025941270869225264,0.9434081402097201,0.9946878259311256,-1
REACTOME_C_TYPE_LECTIN_RECEPTORS_CLRS,26,26,-0.002228016499429941,9.533832781016827e-06,-0.002237550332210958,0.9507307507034829,0.9946878259311256,-1
REACTOME_NCAM_SIGNALING_FOR_NEURITE_OUT_GROWTH,13,13,0.0019131060689687729,-1.4185556210577488e-05,0.0019272916251793504,0.9560939834416874,0.9946878259311256,1
REACTOME_SENSORY_PROCESSING_OF_SOUND,9,9,0.0019131060689687729,-1.4185556210577488e-05,0.0019272916251793504,0.9474867239301349,0.9946878259311256,1
REACTOME_REGULATION_OF_RAS_BY_GAPS,8,8,-0.0018892725347541273,0.0,-0.0018892725347541273,0.9756100966004727,0.9946878259311256,-1
REACTOME_GOLGI_ASSOCIATED_VESICLE_BIOGENESIS,15,15,0.0017477329820394516,-1.4185556210577488e-05,0.001761918538250029,0.9435999513720901,0.9946878259311256,1
REACTOME_CELL_SURFACE_INTERACTIONS_AT_THE_VASCULAR_WALL,36,36,0.001469692200771533,-1.547299325466156e-05,0.0014851651940261945,0.9760669847791565,0.9946878259311256,1
REACTOME_NEF_MEDIATES_DOWN_MODULATION_OF_CELL_SURFACE_RECEPTORS_BY_RECRUITING_THEM_TO_CLATHRIN_ADAPTERS,5,5,-0.001354580745100975,1.5406403690576553e-06,-0.0013561213854700327,0.9365344328176075,0.9946878259311256,-1
REACTOME_SIGNALING_BY_ERBB2_IN_CANCER,7,7,0.001126144896261394,-1.4185556210577488e-05,0.0011403304524719715,0.9566423734973022,0.9946878259311256,1
REACTOME_DISEASES_OF_PROGRAMMED_CELL_DEATH,13,13,-0.0010015089064836502,1.5406403690576553e-06,-0.0010030495468527079,0.9790291773422678,0.9946878259311256,-1
REACTOME_COOPERATION_OF_PDCL_PHLP1_AND_TRIC_CCT_IN_G_PROTEIN_BETA_FOLDING,11,11,0.0009801670094020665,-6.449059583246708e-06,0.0009866160689853132,0.965735113191535,0.9946878259311256,1
REACTOME_INWARDLY_RECTIFYING_K_CHANNELS,9,9,0.0009801670094020665,-6.449059583246708e-06,0.0009866160689853132,0.9775943011869552,0.9946878259311256,1
REACTOME_SYNTHESIS_OF_IP2_IP_AND_INS_IN_THE_CYTOSOL,5,5,0.0009749550372362137,-6.449059583246708e-06,0.0009814040968194604,0.9784706306167723,0.9946878259311256,1
REACTOME_PYRUVATE_METABOLISM,8,8,-0.000957021489739418,3.0812807381153107e-06,-0.0009601027704775333,0.9329962643923915,0.9946878259311256,-1
REACTOME_N_GLYCAN_ANTENNAE_ELONGATION_IN_THE_MEDIAL_TRANS_GOLGI,7,7,0.0009123687632381916,-6.449059583246708e-06,0.0009188178228214383,0.948565271084535,0.9946878259311256,1
REACTOME_DARPP_32_EVENTS,7,7,-0.0009127706289291382,1.5406403690576553e-06,-0.0009143112692981958,0.9378041607300521,0.9946878259311256,-1
REACTOME_G2_M_CHECKPOINTS,24,24,-0.0008998136036098003,9.533832781016827e-06,-0.0009093474363908172,0.9694275720330537,0.9946878259311256,-1
REACTOME_CA2_PATHWAY,23,23,-0.0008243592455983162,1.5406403690576553e-06,-0.0008258998859673738,0.9634316673594081,0.9946878259311256,-1
REACTOME_TOLL_LIKE_RECEPTOR_9_TLR9_CASCADE,27,27,0.0008004903793334961,-1.4185556210577488e-05,0.0008146759355440736,0.9786238104548467,0.9946878259311256,1
REACTOME_PLASMA_LIPOPROTEIN_CLEARANCE,7,7,0.0007988351862877607,-1.4185556210577488e-05,0.0008130207424983382,0.9324277388233012,0.9946878259311256,1
REACTOME_RNA_POLYMERASE_I_PROMOTER_ESCAPE,9,9,-0.0007969383150339127,6.307556759566069e-06,-0.0008032458717934787,0.9672885821295959,0.9946878259311256,-1
REACTOME_RNA_POLYMERASE_I_TRANSCRIPTION_TERMINATION,9,9,-0.0007969383150339127,6.307556759566069e-06,-0.0008032458717934787,0.958572554587491,0.9946878259311256,-1
REACTOME_TRANSCRIPTION_COUPLED_NUCLEOTIDE_EXCISION_REPAIR_TC_NER,25,25,-0.0007969383150339127,6.307556759566069e-06,-0.0008032458717934787,0.9533424998043477,0.9946878259311256,-1
REACTOME_MEIOSIS,22,22,-0.0007744403555989265,3.0812807381153107e-06,-0.0007775216363370419,0.9659222432458395,0.9946878259311256,-1
REACTOME_RECRUITMENT_OF_NUMA_TO_MITOTIC_CENTROSOMES,28,28,-0.0006652576266787946,0.0,-0.0006652576266787946,0.975731770636344,0.9946878259311256,-1
REACTOME_RHOBTB2_GTPASE_CYCLE,5,5,-0.0005746660754084587,1.5406403690576553e-06,-0.0005762067157775164,0.9609390547069772,0.9946878259311256,-1
REACTOME_TRAFFICKING_OF_AMPA_RECEPTORS,5,5,-0.0005746660754084587,1.5406403690576553e-06,-0.0005762067157775164,0.9760791594531031,0.9946878259311256,-1
REACTOME_CA_DEPENDENT_EVENTS,5,5,0.000498279114253819,-6.449059583246708e-06,0.0005047281738370657,0.9776734509988484,0.9946878259311256,1
REACTOME_DAG_AND_IP3_SIGNALING,8,8,-0.0004971897578798234,0.0,-0.0004971897578798234,0.9550216722769302,0.9946878259311256,-1
REACTOME_SYNTHESIS_OF_PIPS_AT_THE_PLASMA_MEMBRANE,19,19,0.0004635272780433297,-6.449059583246708e-06,0.0004699763376265764,0.9793486305134451,0.9946878259311256,1
REACTOME_M_PHASE,88,88,-0.0004611676558852196,3.0812807381153107e-06,-0.0004642489366233349,0.973225997712044,0.9946878259311256,-1
REACTOME_COLLAGEN_FORMATION,16,16,0.00041575159411877394,-1.2898119166493416e-05,0.00042864971328526735,0.9721510680000155,0.9946878259311256,1
REACTOME_RNA_POLYMERASE_III_TRANSCRIPTION_INITIATION_FROM_TYPE_1_PROMOTER,10,10,0.0004044733941555023,0.0,0.0004044733941555023,0.9482892997809921,0.9946878259311256,1
REACTOME_GLUTATHIONE_CONJUGATION,8,8,-0.00037615583278238773,3.0812807381153107e-06,-0.00037923711352050304,0.9510330820843096,0.9946878259311256,-1
REACTOME_SIGNALING_BY_TGF_BETA_RECEPTOR_COMPLEX,22,22,0.0003549314569681883,-1.2898119166493416e-05,0.0003678295761346817,0.9341880560201798,0.9946878259311256,1
REACTOME_NUCLEOTIDE_CATABOLISM,8,8,0.0003384789451956749,-1.2898119166493416e-05,0.0003513770643621683,0.9720370844147702,0.9946878259311256,1
REACTOME_REPRESSION_OF_WNT_TARGET_GENES,6,6,0.00031485315412282944,-1.2898119166493416e-05,0.00032775127328932285,0.965059788308015,0.9946878259311256,1
REACTOME_TRANSCRIPTIONAL_REGULATION_BY_THE_AP_2_TFAP2_FAMILY_OF_TRANSCRIPTION_FACTORS,10,10,6.455124821513891e-05,0.0,6.455124821513891e-05,0.9648234746254116,0.9946878259311256,1
REACTOME_INTRA_GOLGI_TRAFFIC,10,10,6.388034671545029e-05,0.0,6.388034671545029e-05,0.9761058884982929,0.9946878259311256,1
REACTOME_PLATELET_CALCIUM_HOMEOSTASIS,5,5,-0.0029633743688464165,1.5406403690576553e-06,-0.002964915009215474,0.9928227692657775,0.9962461375545921,-1
REACTOME_DISEASES_ASSOCIATED_WITH_N_GLYCOSYLATION_OF_PROTEINS,6,6,-0.0015940987505018711,3.0812807381153107e-06,-0.0015971800312399864,0.9866511349259813,0.9962461375545921,-1
REACTOME_GLUCAGON_LIKE_PEPTIDE_1_GLP1_REGULATES_INSULIN_SECRETION,15,15,-0.0014926586300134659,1.5406403690576553e-06,-0.0014941992703825235,0.9927711787994833,0.9962461375545921,-1
REACTOME_SIALIC_ACID_METABOLISM,10,10,0.0011031713802367449,-1.2898119166493416e-05,0.0011160694994032383,0.9873930849908844,0.9962461375545921,1
REACTOME_RESOLUTION_OF_D_LOOP_STRUCTURES,7,7,-0.0009507732465863228,6.307556759566069e-06,-0.0009570808033458889,0.9907849796211903,0.9962461375545921,-1
REACTOME_EXTENSION_OF_TELOMERES,21,21,-0.0009458363056182861,9.990704711526632e-06,-0.0009558270103298128,0.9938825642745102,0.9962461375545921,-1
REACTOME_REGULATION_OF_INSULIN_LIKE_GROWTH_FACTOR_IGF_TRANSPORT_AND_UPTAKE_BY_INSULIN_LIKE_GROWTH_FACTOR_BINDING_PROTEINS_IGFBPS,24,24,0.0006764419376850128,-1.547299325466156e-05,0.0006919149309396744,0.9891572570970847,0.9962461375545921,1
REACTOME_CIRCADIAN_CLOCK,21,21,-0.0006084204651415348,1.3121403753757477e-05,-0.0006215418688952923,0.9894573887345283,0.9962461375545921,-1
REACTOME_METABOLISM_OF_WATER_SOLUBLE_VITAMINS_AND_COFACTORS,25,25,-0.0003956621512770653,1.5406403690576553e-06,-0.00039720279164612293,0.9923587258384284,0.9962461375545921,-1
REACTOME_FATTY_ACID_METABOLISM,37,37,-0.00022784271277487278,1.5406403690576553e-06,-0.00022938335314393044,0.9860278688309958,0.9962461375545921,-1
REACTOME_SIGNALING_BY_EGFR,11,11,-5.385465919971466e-05,1.5406403690576553e-06,-5.5395299568772316e-05,0.9922836631803383,0.9962461375545921,-1
REACTOME_DEPOLYMERISATION_OF_THE_NUCLEAR_LAMINA,6,6,-0.0019470630213618279,0.0,-0.0019470630213618279,0.997330107409008,0.997330107409008,-1
REACTOME_SIGNALING_BY_ERBB2,13,13,0.0007394360145553946,-1.4185556210577488e-05,0.0007536215707659721,0.9962017114603352,0.997330107409008,1
REACTOME_2_LTR_CIRCLE_FORMATION,0,0,,,,,,0
REACTOME_ABACAVIR_METABOLISM,1,1,,,,,,0
REACTOME_ABACAVIR_TRANSMEMBRANE_TRANSPORT,2,2,,,,,,0
REACTOME_ABACAVIR_TRANSPORT_AND_METABOLISM,3,3,,,,,,0
REACTOME_ACETYLCHOLINE_BINDING_AND_DOWNSTREAM_EVENTS,2,2,,,,,,0
REACTOME_ACETYLCHOLINE_INHIBITS_CONTRACTION_OF_OUTER_HAIR_CELLS,0,0,,,,,,0
REACTOME_ACETYLCHOLINE_NEUROTRANSMITTER_RELEASE_CYCLE,2,2,,,,,,0
REACTOME_ACETYLCHOLINE_REGULATES_INSULIN_SECRETION,1,1,,,,,,0
REACTOME_ACROSOME_REACTION_AND_SPERM_OOCYTE_MEMBRANE_BINDING,2,2,,,,,,0
REACTOME_ACTIVATED_NTRK2_SIGNALS_THROUGH_CDK5,0,0,,,,,,0
REACTOME_ACTIVATED_NTRK2_SIGNALS_THROUGH_FRS2_AND_FRS3,1,1,,,,,,0
REACTOME_ACTIVATED_NTRK2_SIGNALS_THROUGH_FYN,1,1,,,,,,0
REACTOME_ACTIVATED_NTRK2_SIGNALS_THROUGH_PI3K,1,1,,,,,,0
REACTOME_ACTIVATED_NTRK2_SIGNALS_THROUGH_RAS,1,1,,,,,,0
REACTOME_ACTIVATED_NTRK3_SIGNALS_THROUGH_PI3K,1,1,,,,,,0
REACTOME_ACTIVATED_NTRK3_SIGNALS_THROUGH_RAS,1,1,,,,,,0
REACTOME_ACTIVATED_PKN1_STIMULATES_TRANSCRIPTION_OF_AR_ANDROGEN_RECEPTOR_REGULATED_GENES_KLK2_AND_KLK3,0,0,,,,,,0
REACTOME_ACTIVATED_TAK1_MEDIATES_P38_MAPK_ACTIVATION,3,3,,,,,,0
REACTOME_ACTIVATION_OF_AMPK_DOWNSTREAM_OF_NMDARS,4,4,,,,,,0
REACTOME_ACTIVATION_OF_BAD_AND_TRANSLOCATION_TO_MITOCHONDRIA,1,1,,,,,,0
REACTOME_ACTIVATION_OF_C3_AND_C5,1,1,,,,,,0
REACTOME_ACTIVATION_OF_CASPASES_THROUGH_APOPTOSOME_MEDIATED_CLEAVAGE,1,1,,,,,,0
REACTOME_ACTIVATION_OF_IRF3_IRF7_MEDIATED_BY_TBK1_IKK_EPSILON,4,4,,,,,,0
REACTOME_ACTIVATION_OF_NIMA_KINASES_NEK9_NEK6_NEK7,0,0,,,,,,0
REACTOME_ACTIVATION_OF_NOXA_AND_TRANSLOCATION_TO_MITOCHONDRIA,3,3,,,,,,0
REACTOME_ACTIVATION_OF_PPARGC1A_PGC_1ALPHA_BY_PHOSPHORYLATION,1,1,,,,,,0
REACTOME_ACTIVATION_OF_PUMA_AND_TRANSLOCATION_TO_MITOCHONDRIA,3,3,,,,,,0
REACTOME_ACTIVATION_OF_RAC1,2,2,,,,,,0
REACTOME_ACTIVATION_OF_RAC1_DOWNSTREAM_OF_NMDARS,1,1,,,,,,0
REACTOME_ACTIVATION_OF_RAS_IN_B_CELLS,1,1,,,,,,0
REACTOME_ACTIVATION_OF_SMO,4,4,,,,,,0
REACTOME_ACTIVATION_OF_THE_AP_1_FAMILY_OF_TRANSCRIPTION_FACTORS,4,4,,,,,,0
REACTOME_ACTIVATION_OF_THE_PHOTOTRANSDUCTION_CASCADE,2,2,,,,,,0
REACTOME_ACTIVATION_OF_THE_TFAP2_AP_2_FAMILY_OF_TRANSCRIPTION_FACTORS,3,3,,,,,,0
REACTOME_ACTIVATION_OF_TRKA_RECEPTORS,0,0,,,,,,0
REACTOME_ACYL_CHAIN_REMODELING_OF_CL,0,0,,,,,,0
REACTOME_ACYL_CHAIN_REMODELING_OF_DAG_AND_TAG,0,0,,,,,,0
REACTOME_ACYL_CHAIN_REMODELLING_OF_PC,2,2,,,,,,0
REACTOME_ACYL_CHAIN_REMODELLING_OF_PE,3,3,,,,,,0
REACTOME_ACYL_CHAIN_REMODELLING_OF_PG,2,2,,,,,,0
REACTOME_ACYL_CHAIN_REMODELLING_OF_PI,1,1,,,,,,0
REACTOME_ACYL_CHAIN_REMODELLING_OF_PS,3,3,,,,,,0
REACTOME_ADENYLATE_CYCLASE_ACTIVATING_PATHWAY,2,2,,,,,,0
REACTOME_ADENYLATE_CYCLASE_INHIBITORY_PATHWAY,2,2,,,,,,0
REACTOME_ADHERENS_JUNCTIONS_INTERACTIONS,2,2,,,,,,0
REACTOME_ADRENOCEPTORS,1,1,,,,,,0
REACTOME_AFLATOXIN_ACTIVATION_AND_DETOXIFICATION,2,2,,,,,,0
REACTOME_AKT_PHOSPHORYLATES_TARGETS_IN_THE_CYTOSOL,0,0,,,,,,0
REACTOME_AKT_PHOSPHORYLATES_TARGETS_IN_THE_NUCLEUS,2,2,,,,,,0
REACTOME_ALK_MUTANTS_BIND_TKIS,1,1,,,,,,0
REACTOME_ALPHA_DEFENSINS,0,0,,,,,,0
REACTOME_ALPHA_LINOLENIC_OMEGA3_AND_LINOLEIC_OMEGA6_ACID_METABOLISM,1,1,,,,,,0
REACTOME_ALPHA_OXIDATION_OF_PHYTANATE,2,2,,,,,,0
REACTOME_ALPHA_PROTEIN_KINASE_1_SIGNALING_PATHWAY,4,4,,,,,,0
REACTOME_ALTERNATIVE_COMPLEMENT_ACTIVATION,3,3,,,,,,0
REACTOME_AMINE_LIGAND_BINDING_RECEPTORS,1,1,,,,,,0
REACTOME_AMINO_ACID_CONJUGATION,1,1,,,,,,0
REACTOME_AMINO_ACID_TRANSPORT_ACROSS_THE_PLASMA_MEMBRANE,2,2,,,,,,0
REACTOME_AMPK_INHIBITS_CHREBP_TRANSCRIPTIONAL_ACTIVATION_ACTIVITY,1,1,,,,,,0
REACTOME_ANCHORING_FIBRIL_FORMATION,1,1,,,,,,0
REACTOME_ANDROGEN_BIOSYNTHESIS,1,1,,,,,,0
REACTOME_ANTIGEN_PRESENTATION_FOLDING_ASSEMBLY_AND_PEPTIDE_LOADING_OF_CLASS_I_MHC,4,4,,,,,,0
REACTOME_APEX1_INDEPENDENT_RESOLUTION_OF_AP_SITES_VIA_THE_SINGLE_NUCLEOTIDE_REPLACEMENT_PATHWAY,2,2,,,,,,0
REACTOME_APOBEC3G_MEDIATED_RESISTANCE_TO_HIV_1_INFECTION,1,1,,,,,,0
REACTOME_APOPTOSIS_INDUCED_DNA_FRAGMENTATION,4,4,,,,,,0
REACTOME_APOPTOTIC_CLEAVAGE_OF_CELL_ADHESION_PROTEINS,2,2,,,,,,0
REACTOME_APOPTOTIC_FACTOR_MEDIATED_RESPONSE,1,1,,,,,,0
REACTOME_ARACHIDONATE_PRODUCTION_FROM_DAG,0,0,,,,,,0
REACTOME_ARMS_MEDIATED_ACTIVATION,1,1,,,,,,0
REACTOME_ARYL_HYDROCARBON_RECEPTOR_SIGNALLING,1,1,,,,,,0
REACTOME_ASPARTATE_AND_ASPARAGINE_METABOLISM,2,2,,,,,,0
REACTOME_ASSEMBLY_OF_ACTIVE_LPL_AND_LIPC_LIPASE_COMPLEXES,2,2,,,,,,0
REACTOME_ATF6_ATF6_ALPHA_ACTIVATES_CHAPERONES,4,4,,,,,,0
REACTOME_ATF6_ATF6_ALPHA_ACTIVATES_CHAPERONE_GENES,4,4,,,,,,0
REACTOME_ATTACHMENT_AND_ENTRY,1,1,,,,,,0
REACTOME_ATTACHMENT_OF_GPI_ANCHOR_TO_UPAR,3,3,,,,,,0
REACTOME_BASIGIN_INTERACTIONS,4,4,,,,,,0
REACTOME_BETA_CATENIN_PHOSPHORYLATION_CASCADE,1,1,,,,,,0
REACTOME_BETA_DEFENSINS,2,2,,,,,,0
REACTOME_BETA_OXIDATION_OF_BUTANOYL_COA_TO_ACETYL_COA,2,2,,,,,,0
REACTOME_BETA_OXIDATION_OF_DECANOYL_COA_TO_OCTANOYL_COA_COA,2,2,,,,,,0
REACTOME_BETA_OXIDATION_OF_HEXANOYL_COA_TO_BUTANOYL_COA,1,1,,,,,,0
REACTOME_BETA_OXIDATION_OF_LAUROYL_COA_TO_DECANOYL_COA_COA,1,1,,,,,,0
REACTOME_BETA_OXIDATION_OF_OCTANOYL_COA_TO_HEXANOYL_COA,2,2,,,,,,0
REACTOME_BETA_OXIDATION_OF_PRISTANOYL_COA,3,3,,,,,,0
REACTOME_BETA_OXIDATION_OF_VERY_LONG_CHAIN_FATTY_ACIDS,4,4,,,,,,0
REACTOME_BH3_ONLY_PROTEINS_ASSOCIATE_WITH_AND_INACTIVATE_ANTI_APOPTOTIC_BCL_2_MEMBERS,4,4,,,,,,0
REACTOME_BICARBONATE_TRANSPORTERS,3,3,,,,,,0
REACTOME_BINDING_OF_TCF_LEF_CTNNB1_TO_TARGET_GENE_PROMOTERS,3,3,,,,,,0
REACTOME_BIOSYNTHESIS_OF_EPA_DERIVED_SPMS,1,1,,,,,,0
REACTOME_BIOSYNTHESIS_OF_MARESINS,1,1,,,,,,0
REACTOME_BIOSYNTHESIS_OF_MARESIN_LIKE_SPMS,0,0,,,,,,0
REACTOME_BIOSYNTHESIS_OF_SPECIALIZED_PRORESOLVING_MEDIATORS_SPMS,4,4,,,,,,0
REACTOME_BIOTIN_TRANSPORT_AND_METABOLISM,2,2,,,,,,0
REACTOME_BUDDING_AND_MATURATION_OF_HIV_VIRION,4,4,,,,,,0
REACTOME_BUTYRATE_RESPONSE_FACTOR_1_BRF1_BINDS_AND_DESTABILIZES_MRNA,4,4,,,,,,0
REACTOME_BUTYROPHILIN_BTN_FAMILY_INTERACTIONS,4,4,,,,,,0
REACTOME_CA2_ACTIVATED_K_CHANNELS,1,1,,,,,,0
REACTOME_CALCINEURIN_ACTIVATES_NFAT,3,3,,,,,,0
REACTOME_CALCITONIN_LIKE_LIGAND_RECEPTORS,2,2,,,,,,0
REACTOME_CALNEXIN_CALRETICULIN_CYCLE,4,4,,,,,,0
REACTOME_CAMK_IV_MEDIATED_PHOSPHORYLATION_OF_CREB,1,1,,,,,,0
REACTOME_CARNITINE_METABOLISM,3,3,,,,,,0
REACTOME_CASPASE_ACTIVATION_VIA_DEPENDENCE_RECEPTORS_IN_THE_ABSENCE_OF_LIGAND,3,3,,,,,,0
REACTOME_CASPASE_MEDIATED_CLEAVAGE_OF_CYTOSKELETAL_PROTEINS,4,4,,,,,,0
REACTOME_CATION_COUPLED_CHLORIDE_COTRANSPORTERS,2,2,,,,,,0
REACTOME_CD163_MEDIATING_AN_ANTI_INFLAMMATORY_RESPONSE,2,2,,,,,,0
REACTOME_CD22_MEDIATED_BCR_REGULATION,2,2,,,,,,0
REACTOME_CD28_DEPENDENT_VAV1_PATHWAY,2,2,,,,,,0
REACTOME_CELL_EXTRACELLULAR_MATRIX_INTERACTIONS,1,1,,,,,,0
REACTOME_CGMP_EFFECTS,3,3,,,,,,0
REACTOME_CHK1_CHK2_CDS1_MEDIATED_INACTIVATION_OF_CYCLIN_B_CDK1_COMPLEX,0,0,,,,,,0
REACTOME_CHL1_INTERACTIONS,3,3,,,,,,0
REACTOME_CHOLINE_CATABOLISM,0,0,,,,,,0
REACTOME_CHONDROITIN_SULFATE_BIOSYNTHESIS,2,2,,,,,,0
REACTOME_CHREBP_ACTIVATES_METABOLIC_GENE_EXPRESSION,2,2,,,,,,0
REACTOME_CHYLOMICRON_ASSEMBLY,2,2,,,,,,0
REACTOME_CHYLOMICRON_CLEARANCE,4,4,,,,,,0
REACTOME_CHYLOMICRON_REMODELING,2,2,,,,,,0
REACTOME_CITRIC_ACID_CYCLE_TCA_CYCLE,4,4,,,,,,0
REACTOME_CLASS_C_3_METABOTROPIC_GLUTAMATE_PHEROMONE_RECEPTORS,1,1,,,,,,0
REACTOME_CLEC7A_INFLAMMASOME_PATHWAY,3,3,,,,,,0
REACTOME_COBALAMIN_CBL_VITAMIN_B12_TRANSPORT_AND_METABOLISM,4,4,,,,,,0
REACTOME_COENZYME_A_BIOSYNTHESIS,3,3,,,,,,0
REACTOME_COHESIN_LOADING_ONTO_CHROMATIN,4,4,,,,,,0
REACTOME_COMPETING_ENDOGENOUS_RNAS_CERNAS_REGULATE_PTEN_TRANSLATION,3,3,,,,,,0
REACTOME_CONDENSATION_OF_PROMETAPHASE_CHROMOSOMES,3,3,,,,,,0
REACTOME_CONDENSATION_OF_PROPHASE_CHROMOSOMES,4,4,,,,,,0
REACTOME_CONJUGATION_OF_BENZOATE_WITH_GLYCINE,1,1,,,,,,0
REACTOME_CONSTITUTIVE_SIGNALING_BY_EGFRVIII,4,4,,,,,,0
REACTOME_CONSTITUTIVE_SIGNALING_BY_OVEREXPRESSED_ERBB2,2,2,,,,,,0
REACTOME_CREATINE_METABOLISM,1,1,,,,,,0
REACTOME_CREATION_OF_C4_AND_C2_ACTIVATORS,4,4,,,,,,0
REACTOME_CREB1_PHOSPHORYLATION_THROUGH_THE_ACTIVATION_OF_ADENYLATE_CYCLASE,4,4,,,,,,0
REACTOME_CREB1_PHOSPHORYLATION_THROUGH_THE_ACTIVATION_OF_CAMKII_CAMKK_CAMKIV_CASCASDE,0,0,,,,,,0
REACTOME_CREB3_FACTORS_ACTIVATE_GENES,2,2,,,,,,0
REACTOME_CREB_PHOSPHORYLATION,3,3,,,,,,0
REACTOME_CRISTAE_FORMATION,3,3,,,,,,0
REACTOME_CRMPS_IN_SEMA3A_SIGNALING,2,2,,,,,,0
REACTOME_CROSSLINKING_OF_COLLAGEN_FIBRILS,3,3,,,,,,0
REACTOME_CROSS_PRESENTATION_OF_PARTICULATE_EXOGENOUS_ANTIGENS_PHAGOSOMES,1,1,,,,,,0
REACTOME_CROSS_PRESENTATION_OF_SOLUBLE_EXOGENOUS_ANTIGENS_ENDOSOMES,3,3,,,,,,0
REACTOME_CS_DS_DEGRADATION,1,1,,,,,,0
REACTOME_CYCLIN_A_B1_B2_ASSOCIATED_EVENTS_DURING_G2_M_TRANSITION,3,3,,,,,,0
REACTOME_CYP2E1_REACTIONS,0,0,,,,,,0
REACTOME_CYTOCHROME_C_MEDIATED_APOPTOTIC_RESPONSE,1,1,,,,,,0
REACTOME_CYTOCHROME_P450_ARRANGED_BY_SUBSTRATE_TYPE,4,4,,,,,,0
REACTOME_CYTOSOLIC_IRON_SULFUR_CLUSTER_ASSEMBLY,2,2,,,,,,0
REACTOME_CYTOSOLIC_TRNA_AMINOACYLATION,1,1,,,,,,0
REACTOME_DCC_MEDIATED_ATTRACTIVE_SIGNALING,4,4,,,,,,0
REACTOME_DEADENYLATION_OF_MRNA,3,3,,,,,,0
REACTOME_DEFECTIVE_B4GALT1_CAUSES_B4GALT1_CDG_CDG_2D,0,0,,,,,,0
REACTOME_DEFECTIVE_B4GALT7_CAUSES_EDS_PROGEROID_TYPE,4,4,,,,,,0
REACTOME_DEFECTIVE_C1GALT1C1_CAUSES_TNPS,1,1,,,,,,0
REACTOME_DEFECTIVE_CHST14_CAUSES_EDS_MUSCULOCONTRACTURAL_TYPE,1,1,,,,,,0
REACTOME_DEFECTIVE_CHST3_CAUSES_SEDCJD,1,1,,,,,,0
REACTOME_DEFECTIVE_CHST6_CAUSES_MCDC1,0,0,,,,,,0
REACTOME_DEFECTIVE_CHSY1_CAUSES_TPBS,1,1,,,,,,0
REACTOME_DEFECTIVE_CSF2RB_CAUSES_SMDP5,0,0,,,,,,0
REACTOME_DEFECTIVE_EXT2_CAUSES_EXOSTOSES_2,2,2,,,,,,0
REACTOME_DEFECTIVE_F9_ACTIVATION,2,2,,,,,,0
REACTOME_DEFECTIVE_FACTOR_IX_CAUSES_HEMOPHILIA_B,2,2,,,,,,0
REACTOME_DEFECTIVE_FACTOR_VIII_CAUSES_HEMOPHILIA_A,2,2,,,,,,0
REACTOME_DEFECTIVE_GALNT3_CAUSES_HFTC,2,2,,,,,,0
REACTOME_DEFECTIVE_LFNG_CAUSES_SCDO3,0,0,,,,,,0
REACTOME_DEFECTIVE_RIPK1_MEDIATED_REGULATED_NECROSIS,1,1,,,,,,0
REACTOME_DEFECTIVE_ST3GAL3_CAUSES_MCT12_AND_EIEE15,1,1,,,,,,0
REACTOME_DEFECTS_IN_BIOTIN_BTN_METABOLISM,1,1,,,,,,0
REACTOME_DEFECTS_IN_COBALAMIN_B12_METABOLISM,3,3,,,,,,0
REACTOME_DEFECTS_IN_VITAMIN_AND_COFACTOR_METABOLISM,4,4,,,,,,0
REACTOME_DEFENSINS,2,2,,,,,,0
REACTOME_DERMATAN_SULFATE_BIOSYNTHESIS,1,1,,,,,,0
REACTOME_DEX_H_BOX_HELICASES_ACTIVATE_TYPE_I_IFN_AND_INFLAMMATORY_CYTOKINES_PRODUCTION,0,0,,,,,,0
REACTOME_DIGESTION,1,1,,,,,,0
REACTOME_DIGESTION_AND_ABSORPTION,2,2,,,,,,0
REACTOME_DIGESTION_OF_DIETARY_CARBOHYDRATE,1,1,,,,,,0
REACTOME_DIGESTION_OF_DIETARY_LIPID,0,0,,,,,,0
REACTOME_DISASSEMBLY_OF_THE_DESTRUCTION_COMPLEX_AND_RECRUITMENT_OF_AXIN_TO_THE_MEMBRANE,2,2,,,,,,0
REACTOME_DISEASES_ASSOCIATED_WITH_SURFACTANT_METABOLISM,1,1,,,,,,0
REACTOME_DISEASES_OF_BASE_EXCISION_REPAIR,3,3,,,,,,0
REACTOME_DISEASES_OF_MISMATCH_REPAIR_MMR,1,1,,,,,,0
REACTOME_DISINHIBITION_OF_SNARE_FORMATION,0,0,,,,,,0
REACTOME_DISPLACEMENT_OF_DNA_GLYCOSYLASE_BY_APEX1,4,4,,,,,,0
REACTOME_DISSOLUTION_OF_FIBRIN_CLOT,4,4,,,,,,0
REACTOME_DNA_DAMAGE_REVERSAL,2,2,,,,,,0
REACTOME_DNA_METHYLATION,0,0,,,,,,0
REACTOME_DNA_REPLICATION_INITIATION,3,3,,,,,,0
REACTOME_DOPAMINE_CLEARANCE_FROM_THE_SYNAPTIC_CLEFT,1,1,,,,,,0
REACTOME_DOPAMINE_NEUROTRANSMITTER_RELEASE_CYCLE,2,2,,,,,,0
REACTOME_DOPAMINE_RECEPTORS,0,0,,,,,,0
REACTOME_DOWNREGULATION_OF_ERBB4_SIGNALING,3,3,,,,,,0
REACTOME_DOWNSTREAM_SIGNALING_OF_ACTIVATED_FGFR3,4,4,,,,,,0
REACTOME_DOWNSTREAM_SIGNALING_OF_ACTIVATED_FGFR4,4,4,,,,,,0
REACTOME_DSCAM_INTERACTIONS,2,2,,,,,,0
REACTOME_E2F_ENABLED_INHIBITION_OF_PRE_REPLICATION_COMPLEX_FORMATION,4,4,,,,,,0
REACTOME_EARLY_PHASE_OF_HIV_LIFE_CYCLE,3,3,,,,,,0
REACTOME_EGFR_INTERACTS_WITH_PHOSPHOLIPASE_C_GAMMA,3,3,,,,,,0
REACTOME_EGFR_TRANSACTIVATION_BY_GASTRIN,1,1,,,,,,0
REACTOME_EICOSANOIDS,0,0,,,,,,0
REACTOME_ELECTRIC_TRANSMISSION_ACROSS_GAP_JUNCTIONS,0,0,,,,,,0
REACTOME_ELEVATION_OF_CYTOSOLIC_CA2_LEVELS,4,4,,,,,,0
REACTOME_ENDOGENOUS_STEROLS,3,3,,,,,,0
REACTOME_ENDOSOMAL_SORTING_COMPLEX_REQUIRED_FOR_TRANSPORT_ESCRT,4,4,,,,,,0
REACTOME_ENDOSOMAL_VACUOLAR_PATHWAY,3,3,,,,,,0
REACTOME_ENERGY_DEPENDENT_REGULATION_OF_MTOR_BY_LKB1_AMPK,4,4,,,,,,0
REACTOME_ENOS_ACTIVATION,2,2,,,,,,0
REACTOME_EPHRIN_SIGNALING,3,3,,,,,,0
REACTOME_ERBB2_REGULATES_CELL_MOTILITY,4,4,,,,,,0
REACTOME_ERKS_ARE_INACTIVATED,1,1,,,,,,0
REACTOME_ERK_MAPK_TARGETS,4,4,,,,,,0
REACTOME_ERYTHROPOIETIN_ACTIVATES_PHOSPHOLIPASE_C_GAMMA_PLCG,3,3,,,,,,0
REACTOME_ERYTHROPOIETIN_ACTIVATES_RAS,4,4,,,,,,0
REACTOME_ERYTHROPOIETIN_ACTIVATES_STAT5,3,3,,,,,,0
REACTOME_ER_QUALITY_CONTROL_COMPARTMENT_ERQC,4,4,,,,,,0
REACTOME_ESTABLISHMENT_OF_SISTER_CHROMATID_COHESION,4,4,,,,,,0
REACTOME_ESTROGEN_BIOSYNTHESIS,0,0,,,,,,0
REACTOME_ESTROGEN_STIMULATED_SIGNALING_THROUGH_PRKCZ,2,2,,,,,,0
REACTOME_ETHANOL_OXIDATION,1,1,,,,,,0
REACTOME_EXTRINSIC_PATHWAY_OF_FIBRIN_CLOT_FORMATION,0,0,,,,,,0
REACTOME_FASL_CD95L_SIGNALING,3,3,,,,,,0
REACTOME_FATTY_ACIDS,0,0,,,,,,0
REACTOME_FATTY_ACIDS_BOUND_TO_GPR40_FFAR1_REGULATE_INSULIN_SECRETION,1,1,,,,,,0
REACTOME_FBXW7_MUTANTS_AND_NOTCH1_IN_CANCER,0,0,,,,,,0
REACTOME_FGFR1B_LIGAND_BINDING_AND_ACTIVATION,1,1,,,,,,0
REACTOME_FGFR1C_LIGAND_BINDING_AND_ACTIVATION,1,1,,,,,,0
REACTOME_FGFR1_LIGAND_BINDING_AND_ACTIVATION,2,2,,,,,,0
REACTOME_FGFR2B_LIGAND_BINDING_AND_ACTIVATION,3,3,,,,,,0
REACTOME_FGFR2C_LIGAND_BINDING_AND_ACTIVATION,1,1,,,,,,0
REACTOME_FGFR2_LIGAND_BINDING_AND_ACTIVATION,4,4,,,,,,0
REACTOME_FGFR3B_LIGAND_BINDING_AND_ACTIVATION,1,1,,,,,,0
REACTOME_FGFR3_LIGAND_BINDING_AND_ACTIVATION,2,2,,,,,,0
REACTOME_FGFRL1_MODULATION_OF_FGFR1_SIGNALING,1,1,,,,,,0
REACTOME_FIBRONECTIN_MATRIX_FORMATION,0,0,,,,,,0
REACTOME_FICOLINS_BIND_TO_REPETITIVE_CARBOHYDRATE_STRUCTURES_ON_THE_TARGET_CELL_SURFACE,1,1,,,,,,0
REACTOME_FLT3_SIGNALING_BY_CBL_MUTANTS,3,3,,,,,,0
REACTOME_FLT3_SIGNALING_THROUGH_SRC_FAMILY_KINASES,3,3,,,,,,0
REACTOME_FOLDING_OF_ACTIN_BY_CCT_TRIC,3,3,,,,,,0
REACTOME_FORMATION_OF_APOPTOSOME,0,0,,,,,,0
REACTOME_FORMATION_OF_ATP_BY_CHEMIOSMOTIC_COUPLING,0,0,,,,,,0
REACTOME_FORMATION_OF_SENESCENCE_ASSOCIATED_HETEROCHROMATIN_FOCI_SAHF,1,1,,,,,,0
REACTOME_FORMATION_OF_XYLULOSE_5_PHOSPHATE,0,0,,,,,,0
REACTOME_FORMYL_PEPTIDE_RECEPTORS_BIND_FORMYL_PEPTIDES_AND_MANY_OTHER_LIGANDS,3,3,,,,,,0
REACTOME_FOXO_MEDIATED_TRANSCRIPTION_OF_CELL_CYCLE_GENES,4,4,,,,,,0
REACTOME_FREE_FATTY_ACIDS_REGULATE_INSULIN_SECRETION,1,1,,,,,,0
REACTOME_FREE_FATTY_ACID_RECEPTORS,0,0,,,,,,0
REACTOME_FRS_MEDIATED_FGFR1_SIGNALING,3,3,,,,,,0
REACTOME_FRS_MEDIATED_FGFR2_SIGNALING,3,3,,,,,,0
REACTOME_FRS_MEDIATED_FGFR3_SIGNALING,2,2,,,,,,0
REACTOME_FRS_MEDIATED_FGFR4_SIGNALING,2,2,,,,,,0
REACTOME_FRUCTOSE_CATABOLISM,1,1,,,,,,0
REACTOME_FRUCTOSE_METABOLISM,1,1,,,,,,0
REACTOME_G2_M_DNA_REPLICATION_CHECKPOINT,0,0,,,,,,0
REACTOME_G2_PHASE,1,1,,,,,,0
REACTOME_GAB1_SIGNALOSOME,3,3,,,,,,0
REACTOME_GABA_SYNTHESIS_RELEASE_REUPTAKE_AND_DEGRADATION,1,1,,,,,,0
REACTOME_GALACTOSE_CATABOLISM,3,3,,,,,,0
REACTOME_GAMMA_CARBOXYLATION_TRANSPORT_AND_AMINO_TERMINAL_CLEAVAGE_OF_PROTEINS,1,1,,,,,,0
REACTOME_GAP_JUNCTION_ASSEMBLY,3,3,,,,,,0
REACTOME_GAP_JUNCTION_DEGRADATION,2,2,,,,,,0
REACTOME_GASTRIN_CREB_SIGNALLING_PATHWAY_VIA_PKC_AND_MAPK,2,2,,,,,,0
REACTOME_GDP_FUCOSE_BIOSYNTHESIS,1,1,,,,,,0
REACTOME_GLI_PROTEINS_BIND_PROMOTERS_OF_HH_RESPONSIVE_GENES_TO_PROMOTE_TRANSCRIPTION,1,1,,,,,,0
REACTOME_GLUCOCORTICOID_BIOSYNTHESIS,0,0,,,,,,0
REACTOME_GLUCURONIDATION,0,0,,,,,,0
REACTOME_GLUTAMATE_AND_GLUTAMINE_METABOLISM,2,2,,,,,,0
REACTOME_GLUTAMATE_NEUROTRANSMITTER_RELEASE_CYCLE,3,3,,,,,,0
REACTOME_GLUTATHIONE_SYNTHESIS_AND_RECYCLING,2,2,,,,,,0
REACTOME_GLYCEROPHOSPHOLIPID_CATABOLISM,3,3,,,,,,0
REACTOME_GLYCOGEN_BREAKDOWN_GLYCOGENOLYSIS,4,4,,,,,,0
REACTOME_GOLGI_CISTERNAE_PERICENTRIOLAR_STACK_REORGANIZATION,0,0,,,,,,0
REACTOME_GP1B_IX_V_ACTIVATION_SIGNALLING,4,4,,,,,,0
REACTOME_GRB2_EVENTS_IN_ERBB2_SIGNALING,4,4,,,,,,0
REACTOME_GRB2_SOS_PROVIDES_LINKAGE_TO_MAPK_SIGNALING_FOR_INTEGRINS,2,2,,,,,,0
REACTOME_GRB7_EVENTS_IN_ERBB2_SIGNALING,3,3,,,,,,0
REACTOME_HDL_ASSEMBLY,2,2,,,,,,0
REACTOME_HDL_CLEARANCE,1,1,,,,,,0
REACTOME_HDL_REMODELING,4,4,,,,,,0
REACTOME_HDR_THROUGH_MMEJ_ALT_NHEJ,3,3,,,,,,0
REACTOME_HEDGEHOG_LIGAND_BIOGENESIS,4,4,,,,,,0
REACTOME_HEME_BIOSYNTHESIS,3,3,,,,,,0
REACTOME_HEME_DEGRADATION,2,2,,,,,,0
REACTOME_HIGHLY_CALCIUM_PERMEABLE_NICOTINIC_ACETYLCHOLINE_RECEPTORS,1,1,,,,,,0
REACTOME_HIGHLY_CALCIUM_PERMEABLE_POSTSYNAPTIC_NICOTINIC_ACETYLCHOLINE_RECEPTORS,1,1,,,,,,0
REACTOME_HIGHLY_SODIUM_PERMEABLE_POSTSYNAPTIC_ACETYLCHOLINE_NICOTINIC_RECEPTORS,1,1,,,,,,0
REACTOME_HISTIDINE_CATABOLISM,0,0,,,,,,0
REACTOME_HORMONE_LIGAND_BINDING_RECEPTORS,0,0,,,,,,0
REACTOME_HS_GAG_BIOSYNTHESIS,3,3,,,,,,0
REACTOME_HS_GAG_DEGRADATION,4,4,,,,,,0
REACTOME_HUR_ELAVL1_BINDS_AND_STABILIZES_MRNA,0,0,,,,,,0
REACTOME_HYALURONAN_BIOSYNTHESIS_AND_EXPORT,2,2,,,,,,0
REACTOME_HYALURONAN_METABOLISM,3,3,,,,,,0
REACTOME_HYALURONAN_UPTAKE_AND_DEGRADATION,1,1,,,,,,0
REACTOME_HYDROLYSIS_OF_LPC,0,0,,,,,,0
REACTOME_IKBA_VARIANT_LEADS_TO_EDA_ID,2,2,,,,,,0
REACTOME_IL_6_TYPE_CYTOKINE_RECEPTOR_LIGAND_INTERACTIONS,4,4,,,,,,0
REACTOME_INACTIVATION_OF_CDC42_AND_RAC1,1,1,,,,,,0
REACTOME_INCRETIN_SYNTHESIS_SECRETION_AND_INACTIVATION,2,2,,,,,,0
REACTOME_INHIBITION_OF_REPLICATION_INITIATION_OF_DAMAGED_DNA_BY_RB1_E2F1,4,4,,,,,,0
REACTOME_INLA_MEDIATED_ENTRY_OF_LISTERIA_MONOCYTOGENES_INTO_HOST_CELLS,2,2,,,,,,0
REACTOME_INLB_MEDIATED_ENTRY_OF_LISTERIA_MONOCYTOGENES_INTO_HOST_CELL,2,2,,,,,,0
REACTOME_INSULIN_PROCESSING,4,4,,,,,,0
REACTOME_INTEGRATION_OF_PROVIRUS,1,1,,,,,,0
REACTOME_INTEGRIN_SIGNALING,4,4,,,,,,0
REACTOME_INTERACTION_WITH_CUMULUS_CELLS_AND_THE_ZONA_PELLUCIDA,1,1,,,,,,0
REACTOME_INTERLEUKIN_15_SIGNALING,3,3,,,,,,0
REACTOME_INTERLEUKIN_18_SIGNALING,2,2,,,,,,0
REACTOME_INTERLEUKIN_1_PROCESSING,1,1,,,,,,0
REACTOME_INTERLEUKIN_21_SIGNALING,2,2,,,,,,0
REACTOME_INTERLEUKIN_23_SIGNALING,2,2,,,,,,0
REACTOME_INTERLEUKIN_27_SIGNALING,1,1,,,,,,0
REACTOME_INTERLEUKIN_35_SIGNALLING,2,2,,,,,,0
REACTOME_INTERLEUKIN_36_PATHWAY,3,3,,,,,,0
REACTOME_INTERLEUKIN_6_SIGNALING,2,2,,,,,,0
REACTOME_INTERLEUKIN_9_SIGNALING,1,1,,,,,,0
REACTOME_INTESTINAL_ABSORPTION,1,1,,,,,,0
REACTOME_IONOTROPIC_ACTIVITY_OF_KAINATE_RECEPTORS,2,2,,,,,,0
REACTOME_IRAK1_RECRUITS_IKK_COMPLEX,4,4,,,,,,0
REACTOME_IRAK2_MEDIATED_ACTIVATION_OF_TAK1_COMPLEX,3,3,,,,,,0
REACTOME_IRF3_MEDIATED_ACTIVATION_OF_TYPE_1_IFN,1,1,,,,,,0
REACTOME_IRF3_MEDIATED_INDUCTION_OF_TYPE_I_IFN,1,1,,,,,,0
REACTOME_IRS_ACTIVATION,1,1,,,,,,0
REACTOME_JNK_C_JUN_KINASES_PHOSPHORYLATION_AND_ACTIVATION_MEDIATED_BY_ACTIVATED_HUMAN_TAK1,4,4,,,,,,0
REACTOME_JOSEPHIN_DOMAIN_DUBS,4,4,,,,,,0
REACTOME_KERATAN_SULFATE_BIOSYNTHESIS,4,4,,,,,,0
REACTOME_KERATAN_SULFATE_DEGRADATION,0,0,,,,,,0
REACTOME_KERATAN_SULFATE_KERATIN_METABOLISM,4,4,,,,,,0
REACTOME_KETONE_BODY_METABOLISM,3,3,,,,,,0
REACTOME_KILLING_MECHANISMS,3,3,,,,,,0
REACTOME_KSRP_KHSRP_BINDS_AND_DESTABILIZES_MRNA,3,3,,,,,,0
REACTOME_LAMININ_INTERACTIONS,2,2,,,,,,0
REACTOME_LDL_CLEARANCE,3,3,,,,,,0
REACTOME_LDL_REMODELING,0,0,,,,,,0
REACTOME_LECTIN_PATHWAY_OF_COMPLEMENT_ACTIVATION,1,1,,,,,,0
REACTOME_LEUKOTRIENE_RECEPTORS,3,3,,,,,,0
REACTOME_LGI_ADAM_INTERACTIONS,2,2,,,,,,0
REACTOME_LIGAND_RECEPTOR_INTERACTIONS,0,0,,,,,,0
REACTOME_LINOLEIC_ACID_LA_METABOLISM,1,1,,,,,,0
REACTOME_LIPID_PARTICLE_ORGANIZATION,4,4,,,,,,0
REACTOME_LIPOPHAGY,2,2,,,,,,0
REACTOME_LISTERIA_MONOCYTOGENES_ENTRY_INTO_HOST_CELLS,2,2,,,,,,0
REACTOME_LOSS_OF_FUNCTION_OF_MECP2_IN_RETT_SYNDROME,3,3,,,,,,0
REACTOME_LOSS_OF_FUNCTION_OF_SMAD2_3_IN_CANCER,2,2,,,,,,0
REACTOME_LOSS_OF_MECP2_BINDING_ABILITY_TO_THE_NCOR_SMRT_COMPLEX,3,3,,,,,,0
REACTOME_LRR_FLII_INTERACTING_PROTEIN_1_LRRFIP1_ACTIVATES_TYPE_I_IFN_PRODUCTION,0,0,,,,,,0
REACTOME_LTC4_CYSLTR_MEDIATED_IL4_PRODUCTION,2,2,,,,,,0
REACTOME_LYSINE_CATABOLISM,2,2,,,,,,0
REACTOME_LYSOSOME_VESICLE_BIOGENESIS,2,2,,,,,,0
REACTOME_LYSOSPHINGOLIPID_AND_LPA_RECEPTORS,4,4,,,,,,0
REACTOME_MAPK1_ERK2_ACTIVATION,1,1,,,,,,0
REACTOME_MAPK3_ERK1_ACTIVATION,2,2,,,,,,0
REACTOME_MASTL_FACILITATES_MITOTIC_PROGRESSION,2,2,,,,,,0
REACTOME_MATURATION_OF_SARS_COV_1_NUCLEOPROTEIN,1,1,,,,,,0
REACTOME_MATURATION_OF_SARS_COV_1_SPIKE_PROTEIN,1,1,,,,,,0
REACTOME_MATURATION_OF_SARS_COV_2_NUCLEOPROTEIN,4,4,,,,,,0
REACTOME_MECP2_REGULATES_NEURONAL_RECEPTORS_AND_CHANNELS,3,3,,,,,,0
REACTOME_MECP2_REGULATES_TRANSCRIPTION_FACTORS,1,1,,,,,,0
REACTOME_MECP2_REGULATES_TRANSCRIPTION_OF_NEURONAL_LIGANDS,0,0,,,,,,0
REACTOME_MELANIN_BIOSYNTHESIS,0,0,,,,,,0
REACTOME_METABOLIC_DISORDERS_OF_BIOLOGICAL_OXIDATION_ENZYMES,4,4,,,,,,0
REACTOME_METABOLISM_OF_AMINE_DERIVED_HORMONES,0,0,,,,,,0
REACTOME_METABOLISM_OF_ANGIOTENSINOGEN_TO_ANGIOTENSINS,3,3,,,,,,0
REACTOME_METABOLISM_OF_FOLATE_AND_PTERINES,1,1,,,,,,0
REACTOME_METABOLISM_OF_INGESTED_SEMET_SEC_MESEC_INTO_H2SE,1,1,,,,,,0
REACTOME_METABOLISM_OF_NITRIC_OXIDE_NOS3_ACTIVATION_AND_REGULATION,3,3,,,,,,0
REACTOME_METABOLISM_OF_PORPHYRINS,4,4,,,,,,0
REACTOME_METABOLISM_OF_STEROID_HORMONES,2,2,,,,,,0
REACTOME_METALLOPROTEASE_DUBS,3,3,,,,,,0
REACTOME_METALLOTHIONEINS_BIND_METALS,3,3,,,,,,0
REACTOME_METAL_SEQUESTRATION_BY_ANTIMICROBIAL_PROTEINS,3,3,,,,,,0
REACTOME_METHIONINE_SALVAGE_PATHWAY,2,2,,,,,,0
REACTOME_METHYLATION,0,0,,,,,,0
REACTOME_MET_ACTIVATES_PI3K_AKT_SIGNALING,1,1,,,,,,0
REACTOME_MET_ACTIVATES_PTK2_SIGNALING,3,3,,,,,,0
REACTOME_MET_ACTIVATES_PTPN11,0,0,,,,,,0
REACTOME_MET_ACTIVATES_RAP1_AND_RAC1,1,1,,,,,,0
REACTOME_MET_ACTIVATES_RAS_SIGNALING,1,1,,,,,,0
REACTOME_MET_INTERACTS_WITH_TNS_PROTEINS,1,1,,,,,,0
REACTOME_MET_RECEPTOR_ACTIVATION,1,1,,,,,,0
REACTOME_MET_RECEPTOR_RECYCLING,1,1,,,,,,0
REACTOME_MINERALOCORTICOID_BIOSYNTHESIS,0,0,,,,,,0
REACTOME_MIRO_GTPASE_CYCLE,3,3,,,,,,0
REACTOME_MISCELLANEOUS_SUBSTRATES,0,0,,,,,,0
REACTOME_MITOCHONDRIAL_FATTY_ACID_BETA_OXIDATION_OF_SATURATED_FATTY_ACIDS,3,3,,,,,,0
REACTOME_MITOCHONDRIAL_FATTY_ACID_BETA_OXIDATION_OF_UNSATURATED_FATTY_ACIDS,1,1,,,,,,0
REACTOME_MITOCHONDRIAL_UNCOUPLING,0,0,,,,,,0
REACTOME_MITOTIC_TELOPHASE_CYTOKINESIS,4,4,,,,,,0
REACTOME_MODULATION_BY_MTB_OF_HOST_IMMUNE_SYSTEM,3,3,,,,,,0
REACTOME_MOLYBDENUM_COFACTOR_BIOSYNTHESIS,4,4,,,,,,0
REACTOME_MRNA_EDITING_C_TO_U_CONVERSION,4,4,,,,,,0
REACTOME_MTORC1_MEDIATED_SIGNALLING,4,4,,,,,,0
REACTOME_MUCOPOLYSACCHARIDOSES,1,1,,,,,,0
REACTOME_MULTIFUNCTIONAL_ANION_EXCHANGERS,1,1,,,,,,0
REACTOME_MUSCARINIC_ACETYLCHOLINE_RECEPTORS,0,0,,,,,,0
REACTOME_MYOGENESIS,3,3,,,,,,0
REACTOME_NADE_MODULATES_DEATH_SIGNALLING,2,2,,,,,,0
REACTOME_NA_CL_DEPENDENT_NEUROTRANSMITTER_TRANSPORTERS,0,0,,,,,,0
REACTOME_NECTIN_NECL_TRANS_HETERODIMERIZATION,1,1,,,,,,0
REACTOME_NEF_AND_SIGNAL_TRANSDUCTION,4,4,,,,,,0
REACTOME_NEF_MEDIATED_CD4_DOWN_REGULATION,2,2,,,,,,0
REACTOME_NEF_MEDIATED_CD8_DOWN_REGULATION,2,2,,,,,,0
REACTOME_NEF_MEDIATED_DOWNREGULATION_OF_MHC_CLASS_I_COMPLEX_CELL_SURFACE_EXPRESSION,2,2,,,,,,0
REACTOME_NEGATIVE_FEEDBACK_REGULATION_OF_MAPK_PATHWAY,2,2,,,,,,0
REACTOME_NEGATIVE_REGULATION_OF_ACTIVITY_OF_TFAP2_AP_2_FAMILY_TRANSCRIPTION_FACTORS,1,1,,,,,,0
REACTOME_NEGATIVE_REGULATION_OF_FGFR3_SIGNALING,4,4,,,,,,0
REACTOME_NEGATIVE_REGULATION_OF_FGFR4_SIGNALING,4,4,,,,,,0
REACTOME_NEGATIVE_REGULATION_OF_MET_ACTIVITY,2,2,,,,,,0
REACTOME_NEGATIVE_REGULATION_OF_NMDA_RECEPTOR_MEDIATED_NEURONAL_TRANSMISSION,4,4,,,,,,0
REACTOME_NEGATIVE_REGULATION_OF_NOTCH4_SIGNALING,3,3,,,,,,0
REACTOME_NEGATIVE_REGULATION_OF_TCF_DEPENDENT_SIGNALING_BY_DVL_INTERACTING_PROTEINS,2,2,,,,,,0
REACTOME_NEGATIVE_REGULATION_OF_TCF_DEPENDENT_SIGNALING_BY_WNT_LIGAND_ANTAGONISTS,1,1,,,,,,0
REACTOME_NETRIN_MEDIATED_REPULSION_SIGNALS,0,0,,,,,,0
REACTOME_NEUROFASCIN_INTERACTIONS,0,0,,,,,,0
REACTOME_NEUROTOXICITY_OF_CLOSTRIDIUM_TOXINS,3,3,,,,,,0
REACTOME_NEUROTRANSMITTER_CLEARANCE,3,3,,,,,,0
REACTOME_NEUROTRANSMITTER_RELEASE_CYCLE,3,3,,,,,,0
REACTOME_NF_KB_ACTIVATION_THROUGH_FADD_RIP_1_PATHWAY_MEDIATED_BY_CASPASE_8_AND_10,3,3,,,,,,0
REACTOME_NF_KB_IS_ACTIVATED_AND_SIGNALS_SURVIVAL,4,4,,,,,,0
REACTOME_NGF_INDEPENDANT_TRKA_ACTIVATION,0,0,,,,,,0
REACTOME_NICOTINAMIDE_SALVAGING,1,1,,,,,,0
REACTOME_NICOTINATE_METABOLISM,4,4,,,,,,0
REACTOME_NITRIC_OXIDE_STIMULATES_GUANYLATE_CYCLASE,4,4,,,,,,0
REACTOME_NONCANONICAL_ACTIVATION_OF_NOTCH3,0,0,,,,,,0
REACTOME_NOREPINEPHRINE_NEUROTRANSMITTER_RELEASE_CYCLE,2,2,,,,,,0
REACTOME_NOSTRIN_MEDIATED_ENOS_TRAFFICKING,2,2,,,,,,0
REACTOME_NOTCH2_ACTIVATION_AND_TRANSMISSION_OF_SIGNAL_TO_THE_NUCLEUS,3,3,,,,,,0
REACTOME_NOTCH2_INTRACELLULAR_DOMAIN_REGULATES_TRANSCRIPTION,3,3,,,,,,0
REACTOME_NOTCH3_ACTIVATION_AND_TRANSMISSION_OF_SIGNAL_TO_THE_NUCLEUS,4,4,,,,,,0
REACTOME_NOTCH3_INTRACELLULAR_DOMAIN_REGULATES_TRANSCRIPTION,3,3,,,,,,0
REACTOME_NOTCH4_ACTIVATION_AND_TRANSMISSION_OF_SIGNAL_TO_THE_NUCLEUS,0,0,,,,,,0
REACTOME_NOTCH4_INTRACELLULAR_DOMAIN_REGULATES_TRANSCRIPTION,3,3,,,,,,0
REACTOME_NR1H2_NR1H3_REGULATE_GENE_EXPRESSION_LINKED_TO_GLUCONEOGENESIS,1,1,,,,,,0
REACTOME_NR1H2_NR1H3_REGULATE_GENE_EXPRESSION_LINKED_TO_LIPOGENESIS,1,1,,,,,,0
REACTOME_NR1H2_NR1H3_REGULATE_GENE_EXPRESSION_LINKED_TO_TRIGLYCERIDE_LIPOLYSIS_IN_ADIPOSE,1,1,,,,,,0
REACTOME_NR1H2_NR1H3_REGULATE_GENE_EXPRESSION_TO_CONTROL_BILE_ACID_HOMEOSTASIS,2,2,,,,,,0
REACTOME_NR1H2_NR1H3_REGULATE_GENE_EXPRESSION_TO_LIMIT_CHOLESTEROL_UPTAKE,2,2,,,,,,0
REACTOME_NRCAM_INTERACTIONS,1,1,,,,,,0
REACTOME_NRIF_SIGNALS_CELL_DEATH_FROM_THE_NUCLEUS,4,4,,,,,,0
REACTOME_NTRK2_ACTIVATES_RAC1,1,1,,,,,,0
REACTOME_NUCLEAR_EVENTS_STIMULATED_BY_ALK_SIGNALING_IN_CANCER,3,3,,,,,,0
REACTOME_NUCLEOTIDE_BIOSYNTHESIS,3,3,,,,,,0
REACTOME_NUCLEOTIDE_LIKE_PURINERGIC_RECEPTORS,3,3,,,,,,0
REACTOME_N_GLYCAN_ANTENNAE_ELONGATION,4,4,,,,,,0
REACTOME_N_GLYCAN_TRIMMING_AND_ELONGATION_IN_THE_CIS_GOLGI,2,2,,,,,,0
REACTOME_OAS_ANTIVIRAL_RESPONSE,2,2,,,,,,0
REACTOME_OLFACTORY_SIGNALING_PATHWAY,1,1,,,,,,0
REACTOME_OPSINS,0,0,,,,,,0
REACTOME_OREXIN_AND_NEUROPEPTIDES_FF_AND_QRFP_BIND_TO_THEIR_RESPECTIVE_RECEPTORS,1,1,,,,,,0
REACTOME_ORGANIC_ANION_TRANSPORT,0,0,,,,,,0
REACTOME_ORGANIC_ANION_TRANSPORTERS,0,0,,,,,,0
REACTOME_ORGANIC_CATION_ANION_ZWITTERION_TRANSPORT,0,0,,,,,,0
REACTOME_ORGANIC_CATION_TRANSPORT,0,0,,,,,,0
REACTOME_OTHER_SEMAPHORIN_INTERACTIONS,4,4,,,,,,0
REACTOME_P130CAS_LINKAGE_TO_MAPK_SIGNALING_FOR_INTEGRINS,2,2,,,,,,0
REACTOME_P2Y_RECEPTORS,2,2,,,,,,0
REACTOME_P38MAPK_EVENTS,2,2,,,,,,0
REACTOME_P75NTR_NEGATIVELY_REGULATES_CELL_CYCLE_VIA_SC1,0,0,,,,,,0
REACTOME_P75NTR_RECRUITS_SIGNALLING_COMPLEXES,4,4,,,,,,0
REACTOME_P75NTR_REGULATES_AXONOGENESIS,1,1,,,,,,0
REACTOME_PASSIVE_TRANSPORT_BY_AQUAPORINS,3,3,,,,,,0
REACTOME_PENTOSE_PHOSPHATE_PATHWAY,3,3,,,,,,0
REACTOME_PEPTIDE_HORMONE_BIOSYNTHESIS,0,0,,,,,,0
REACTOME_PHASE_0_RAPID_DEPOLARISATION,4,4,,,,,,0
REACTOME_PHASE_1_INACTIVATION_OF_FAST_NA_CHANNELS,1,1,,,,,,0
REACTOME_PHASE_2_PLATEAU_PHASE,1,1,,,,,,0
REACTOME_PHASE_3_RAPID_REPOLARISATION,0,0,,,,,,0
REACTOME_PHASE_4_RESTING_MEMBRANE_POTENTIAL,1,1,,,,,,0
REACTOME_PHENYLALANINE_AND_TYROSINE_METABOLISM,3,3,,,,,,0
REACTOME_PHENYLALANINE_METABOLISM,2,2,,,,,,0
REACTOME_PHOSPHATE_BOND_HYDROLYSIS_BY_NTPDASE_PROTEINS,1,1,,,,,,0
REACTOME_PHOSPHATE_BOND_HYDROLYSIS_BY_NUDT_PROTEINS,3,3,,,,,,0
REACTOME_PHOSPHOLIPASE_C_MEDIATED_CASCADE_FGFR2,3,3,,,,,,0
REACTOME_PHOSPHOLIPASE_C_MEDIATED_CASCADE_FGFR4,2,2,,,,,,0
REACTOME_PHOSPHORYLATION_OF_EMI1,0,0,,,,,,0
REACTOME_PHYSIOLOGICAL_FACTORS,1,1,,,,,,0
REACTOME_PI3K_AKT_ACTIVATION,3,3,,,,,,0
REACTOME_PI3K_EVENTS_IN_ERBB4_SIGNALING,2,2,,,,,,0
REACTOME_PI5P_REGULATES_TP53_ACETYLATION,2,2,,,,,,0
REACTOME_PINK1_PRKN_MEDIATED_MITOPHAGY,4,4,,,,,,0
REACTOME_PI_3K_CASCADE_FGFR1,3,3,,,,,,0
REACTOME_PI_3K_CASCADE_FGFR2,3,3,,,,,,0
REACTOME_PI_3K_CASCADE_FGFR3,2,2,,,,,,0
REACTOME_PI_3K_CASCADE_FGFR4,2,2,,,,,,0
REACTOME_PKA_ACTIVATION_IN_GLUCAGON_SIGNALLING,4,4,,,,,,0
REACTOME_PKA_MEDIATED_PHOSPHORYLATION_OF_CREB,4,4,,,,,,0
REACTOME_PKA_MEDIATED_PHOSPHORYLATION_OF_KEY_METABOLIC_FACTORS,1,1,,,,,,0
REACTOME_PLASMA_LIPOPROTEIN_ASSEMBLY,3,3,,,,,,0
REACTOME_PLATELET_SENSITIZATION_BY_LDL,1,1,,,,,,0
REACTOME_POLO_LIKE_KINASE_MEDIATED_EVENTS,4,4,,,,,,0
REACTOME_POU5F1_OCT4_SOX2_NANOG_ACTIVATE_GENES_RELATED_TO_PROLIFERATION,2,2,,,,,,0
REACTOME_POU5F1_OCT4_SOX2_NANOG_REPRESS_GENES_RELATED_TO_DIFFERENTIATION,4,4,,,,,,0
REACTOME_PP2A_MEDIATED_DEPHOSPHORYLATION_OF_KEY_METABOLIC_FACTORS,0,0,,,,,,0
REACTOME_PRC2_METHYLATES_HISTONES_AND_DNA,4,4,,,,,,0
REACTOME_PREGNENOLONE_BIOSYNTHESIS,1,1,,,,,,0
REACTOME_PRESYNAPTIC_DEPOLARIZATION_AND_CALCIUM_CHANNEL_OPENING,1,1,,,,,,0
REACTOME_PRESYNAPTIC_NICOTINIC_ACETYLCHOLINE_RECEPTORS,2,2,,,,,,0
REACTOME_PREVENTION_OF_PHAGOSOMAL_LYSOSOMAL_FUSION,2,2,,,,,,0
REACTOME_PRE_NOTCH_PROCESSING_IN_GOLGI,2,2,,,,,,0
REACTOME_PRE_NOTCH_PROCESSING_IN_THE_ENDOPLASMIC_RETICULUM,0,0,,,,,,0
REACTOME_PROCESSING_AND_ACTIVATION_OF_SUMO,2,2,,,,,,0
REACTOME_PROCESSING_OF_SMDT1,3,3,,,,,,0
REACTOME_PROLACTIN_RECEPTOR_SIGNALING,2,2,,,,,,0
REACTOME_PROLONGED_ERK_ACTIVATION_EVENTS,3,3,,,,,,0
REACTOME_PROPIONYL_COA_CATABOLISM,1,1,,,,,,0
REACTOME_PROSTANOID_LIGAND_RECEPTORS,3,3,,,,,,0
REACTOME_PROTEIN_METHYLATION,4,4,,,,,,0
REACTOME_PROTEIN_REPAIR,1,1,,,,,,0
REACTOME_PROTON_COUPLED_MONOCARBOXYLATE_TRANSPORT,3,3,,,,,,0
REACTOME_PTK6_EXPRESSION,4,4,,,,,,0
REACTOME_PTK6_PROMOTES_HIF1A_STABILIZATION,1,1,,,,,,0
REACTOME_PTK6_REGULATES_CELL_CYCLE,4,4,,,,,,0
REACTOME_PTK6_REGULATES_PROTEINS_INVOLVED_IN_RNA_PROCESSING,2,2,,,,,,0
REACTOME_PTK6_REGULATES_RHO_GTPASES_RAS_GTPASE_AND_MAP_KINASES,3,3,,,,,,0
REACTOME_PTK6_REGULATES_RTKS_AND_THEIR_EFFECTORS_AKT1_AND_DOK1,3,3,,,,,,0
REACTOME_PURINE_RIBONUCLEOSIDE_MONOPHOSPHATE_BIOSYNTHESIS,2,2,,,,,,0
REACTOME_PURINE_SALVAGE,3,3,,,,,,0
REACTOME_PYRIMIDINE_CATABOLISM,4,4,,,,,,0
REACTOME_PYRIMIDINE_SALVAGE,3,3,,,,,,0
REACTOME_PYROPTOSIS,4,4,,,,,,0
REACTOME_RAP1_SIGNALLING,3,3,,,,,,0
REACTOME_RAS_SIGNALING_DOWNSTREAM_OF_NF1_LOSS_OF_FUNCTION_VARIANTS,2,2,,,,,,0
REACTOME_RA_BIOSYNTHESIS_PATHWAY,3,3,,,,,,0
REACTOME_REACTIONS_SPECIFIC_TO_THE_COMPLEX_N_GLYCAN_SYNTHESIS_PATHWAY,3,3,,,,,,0
REACTOME_RECEPTOR_MEDIATED_MITOPHAGY,3,3,,,,,,0
REACTOME_RECEPTOR_TYPE_TYROSINE_PROTEIN_PHOSPHATASES,0,0,,,,,,0
REACTOME_RECOGNITION_AND_ASSOCIATION_OF_DNA_GLYCOSYLASE_WITH_SITE_CONTAINING_AN_AFFECTED_PURINE,4,4,,,,,,0
REACTOME_RECYCLING_OF_BILE_ACIDS_AND_SALTS,0,0,,,,,,0
REACTOME_RECYCLING_OF_EIF2_GDP,4,4,,,,,,0
REACTOME_REDUCTION_OF_CYTOSOLIC_CA_LEVELS,1,1,,,,,,0
REACTOME_REELIN_SIGNALLING_PATHWAY,1,1,,,,,,0
REACTOME_REGULATED_PROTEOLYSIS_OF_P75NTR,0,0,,,,,,0
REACTOME_REGULATION_OF_BACH1_ACTIVITY,3,3,,,,,,0
REACTOME_REGULATION_OF_BETA_CELL_DEVELOPMENT,2,2,,,,,,0
REACTOME_REGULATION_OF_COMMISSURAL_AXON_PATHFINDING_BY_SLIT_AND_ROBO,2,2,,,,,,0
REACTOME_REGULATION_OF_CYTOSKELETAL_REMODELING_AND_CELL_SPREADING_BY_IPP_COMPLEX_COMPONENTS,0,0,,,,,,0
REACTOME_REGULATION_OF_FOXO_TRANSCRIPTIONAL_ACTIVITY_BY_ACETYLATION,4,4,,,,,,0
REACTOME_REGULATION_OF_FZD_BY_UBIQUITINATION,3,3,,,,,,0
REACTOME_REGULATION_OF_GENE_EXPRESSION_BY_HYPOXIA_INDUCIBLE_FACTOR,2,2,,,,,,0
REACTOME_REGULATION_OF_GENE_EXPRESSION_IN_BETA_CELLS,1,1,,,,,,0
REACTOME_REGULATION_OF_GENE_EXPRESSION_IN_EARLY_PANCREATIC_PRECURSOR_CELLS,0,0,,,,,,0
REACTOME_REGULATION_OF_GENE_EXPRESSION_IN_ENDOCRINE_COMMITTED_NEUROG3_PROGENITOR_CELLS,0,0,,,,,,0
REACTOME_REGULATION_OF_GENE_EXPRESSION_IN_LATE_STAGE_BRANCHING_MORPHOGENESIS_PANCREATIC_BUD_PRECURSOR_CELLS,1,1,,,,,,0
REACTOME_REGULATION_OF_GLYCOLYSIS_BY_FRUCTOSE_2_6_BISPHOSPHATE_METABOLISM,1,1,,,,,,0
REACTOME_REGULATION_OF_IFNA_SIGNALING,3,3,,,,,,0
REACTOME_REGULATION_OF_IFNG_SIGNALING,3,3,,,,,,0
REACTOME_REGULATION_OF_INNATE_IMMUNE_RESPONSES_TO_CYTOSOLIC_DNA,4,4,,,,,,0
REACTOME_REGULATION_OF_KIT_SIGNALING,4,4,,,,,,0
REACTOME_REGULATION_OF_LOCALIZATION_OF_FOXO_TRANSCRIPTION_FACTORS,1,1,,,,,,0
REACTOME_REGULATION_OF_PTEN_LOCALIZATION,2,2,,,,,,0
REACTOME_REGULATION_OF_PTEN_MRNA_TRANSLATION,3,3,,,,,,0
REACTOME_REGULATION_OF_RUNX3_EXPRESSION_AND_ACTIVITY,3,3,,,,,,0
REACTOME_REGULATION_OF_SIGNALING_BY_NODAL,0,0,,,,,,0
REACTOME_REGULATION_OF_TLR_BY_ENDOGENOUS_LIGAND,4,4,,,,,,0
REACTOME_REGULATION_OF_TP53_ACTIVITY_THROUGH_ASSOCIATION_WITH_CO_FACTORS,0,0,,,,,,0
REACTOME_RELAXIN_RECEPTORS,1,1,,,,,,0
REACTOME_RELEASE_OF_APOPTOTIC_FACTORS_FROM_THE_MITOCHONDRIA,0,0,,,,,,0
REACTOME_RELEASE_OF_HH_NP_FROM_THE_SECRETING_CELL,0,0,,,,,,0
REACTOME_REMOVAL_OF_AMINOTERMINAL_PROPEPTIDES_FROM_GAMMA_CARBOXYLATED_PROTEINS,1,1,,,,,,0
REACTOME_RESPONSE_OF_EIF2AK1_HRI_TO_HEME_DEFICIENCY,3,3,,,,,,0
REACTOME_RESPONSE_TO_METAL_IONS,4,4,,,,,,0
REACTOME_RETINOID_CYCLE_DISEASE_EVENTS,1,1,,,,,,0
REACTOME_RETROGRADE_NEUROTROPHIN_SIGNALLING,1,1,,,,,,0
REACTOME_RHOBTB1_GTPASE_CYCLE,4,4,,,,,,0
REACTOME_RHOBTB3_ATPASE_CYCLE,2,2,,,,,,0
REACTOME_RHOT1_GTPASE_CYCLE,2,2,,,,,,0
REACTOME_RHO_GTPASES_ACTIVATE_CIT,2,2,,,,,,0
REACTOME_RHO_GTPASES_ACTIVATE_KTN1,2,2,,,,,,0
REACTOME_RHO_GTPASES_ACTIVATE_NADPH_OXIDASES,4,4,,,,,,0
REACTOME_RHO_GTPASES_ACTIVATE_PAKS,3,3,,,,,,0
REACTOME_RHO_GTPASES_ACTIVATE_PKNS,2,2,,,,,,0
REACTOME_RHO_GTPASES_ACTIVATE_RHOTEKIN_AND_RHOPHILINS,1,1,,,,,,0
REACTOME_RHO_GTPASES_ACTIVATE_ROCKS,1,1,,,,,,0
REACTOME_RIP_MEDIATED_NFKB_ACTIVATION_VIA_ZBP1,4,4,,,,,,0
REACTOME_ROBO_RECEPTORS_BIND_AKAP5,3,3,,,,,,0
REACTOME_ROLE_OF_ABL_IN_ROBO_SLIT_SIGNALING,2,2,,,,,,0
REACTOME_ROLE_OF_SECOND_MESSENGERS_IN_NETRIN_1_SIGNALING,2,2,,,,,,0
REACTOME_RORA_ACTIVATES_GENE_EXPRESSION,4,4,,,,,,0
REACTOME_RRNA_MODIFICATION_IN_THE_MITOCHONDRION,1,1,,,,,,0
REACTOME_RRNA_PROCESSING_IN_THE_MITOCHONDRION,1,1,,,,,,0
REACTOME_RSK_ACTIVATION,1,1,,,,,,0
REACTOME_RUNX1_REGULATES_ESTROGEN_RECEPTOR_MEDIATED_TRANSCRIPTION,1,1,,,,,,0
REACTOME_RUNX1_REGULATES_EXPRESSION_OF_COMPONENTS_OF_TIGHT_JUNCTIONS,1,1,,,,,,0
REACTOME_RUNX1_REGULATES_TRANSCRIPTION_OF_GENES_INVOLVED_IN_BCR_SIGNALING,2,2,,,,,,0
REACTOME_RUNX1_REGULATES_TRANSCRIPTION_OF_GENES_INVOLVED_IN_DIFFERENTIATION_OF_KERATINOCYTES,3,3,,,,,,0
REACTOME_RUNX1_REGULATES_TRANSCRIPTION_OF_GENES_INVOLVED_IN_DIFFERENTIATION_OF_MYELOID_CELLS,2,2,,,,,,0
REACTOME_RUNX1_REGULATES_TRANSCRIPTION_OF_GENES_INVOLVED_IN_INTERLEUKIN_SIGNALING,0,0,,,,,,0
REACTOME_RUNX1_REGULATES_TRANSCRIPTION_OF_GENES_INVOLVED_IN_WNT_SIGNALING,1,1,,,,,,0
REACTOME_RUNX2_REGULATES_CHONDROCYTE_MATURATION,1,1,,,,,,0
REACTOME_RUNX2_REGULATES_GENES_INVOLVED_IN_CELL_MIGRATION,0,0,,,,,,0
REACTOME_RUNX3_REGULATES_BCL2L11_BIM_TRANSCRIPTION,3,3,,,,,,0
REACTOME_RUNX3_REGULATES_CDKN1A_TRANSCRIPTION,1,1,,,,,,0
REACTOME_RUNX3_REGULATES_IMMUNE_RESPONSE_AND_CELL_MIGRATION,2,2,,,,,,0
REACTOME_RUNX3_REGULATES_NOTCH_SIGNALING,1,1,,,,,,0
REACTOME_RUNX3_REGULATES_P14_ARF,3,3,,,,,,0
REACTOME_RUNX3_REGULATES_WNT_SIGNALING,4,4,,,,,,0
REACTOME_RUNX3_REGULATES_YAP1_MEDIATED_TRANSCRIPTION,0,0,,,,,,0
REACTOME_SCAVENGING_BY_CLASS_B_RECEPTORS,1,1,,,,,,0
REACTOME_SCAVENGING_BY_CLASS_F_RECEPTORS,2,2,,,,,,0
REACTOME_SCAVENGING_OF_HEME_FROM_PLASMA,4,4,,,,,,0
REACTOME_SEALING_OF_THE_NUCLEAR_ENVELOPE_NE_BY_ESCRT_III,4,4,,,,,,0
REACTOME_SEMA3A_PAK_DEPENDENT_AXON_REPULSION,3,3,,,,,,0
REACTOME_SEMA3A_PLEXIN_REPULSION_SIGNALING_BY_INHIBITING_INTEGRIN_ADHESION,2,2,,,,,,0
REACTOME_SEMA4D_INDUCED_CELL_MIGRATION_AND_GROWTH_CONE_COLLAPSE,4,4,,,,,,0
REACTOME_SEMA4D_IN_SEMAPHORIN_SIGNALING,4,4,,,,,,0
REACTOME_SEMA4D_MEDIATED_INHIBITION_OF_CELL_ATTACHMENT_AND_MIGRATION,1,1,,,,,,0
REACTOME_SENSING_OF_DNA_DOUBLE_STRAND_BREAKS,0,0,,,,,,0
REACTOME_SENSORY_PERCEPTION_OF_SALTY_TASTE,0,0,,,,,,0
REACTOME_SENSORY_PERCEPTION_OF_TASTE,4,4,,,,,,0
REACTOME_SERINE_BIOSYNTHESIS,2,2,,,,,,0
REACTOME_SEROTONIN_AND_MELATONIN_BIOSYNTHESIS,0,0,,,,,,0
REACTOME_SEROTONIN_NEUROTRANSMITTER_RELEASE_CYCLE,2,2,,,,,,0
REACTOME_SEROTONIN_RECEPTORS,0,0,,,,,,0
REACTOME_SHC1_EVENTS_IN_EGFR_SIGNALING,3,3,,,,,,0
REACTOME_SHC1_EVENTS_IN_ERBB4_SIGNALING,2,2,,,,,,0
REACTOME_SHC_MEDIATED_CASCADE_FGFR1,3,3,,,,,,0
REACTOME_SHC_MEDIATED_CASCADE_FGFR3,2,2,,,,,,0
REACTOME_SHC_MEDIATED_CASCADE_FGFR4,2,2,,,,,,0
REACTOME_SHC_RELATED_EVENTS_TRIGGERED_BY_IGF1R,1,1,,,,,,0
REACTOME_SIGNALING_BY_ACTIVIN,2,2,,,,,,0
REACTOME_SIGNALING_BY_ALK,4,4,,,,,,0
REACTOME_SIGNALING_BY_BMP,4,4,,,,,,0
REACTOME_SIGNALING_BY_CTNNB1_PHOSPHO_SITE_MUTANTS,1,1,,,,,,0
REACTOME_SIGNALING_BY_FGFR2_IIIA_TM,4,4,,,,,,0
REACTOME_SIGNALING_BY_FGFR3_FUSIONS_IN_CANCER,2,2,,,,,,0
REACTOME_SIGNALING_BY_FGFR4_IN_DISEASE,3,3,,,,,,0
REACTOME_SIGNALING_BY_FLT3_ITD_AND_TKD_MUTANTS,4,4,,,,,,0
REACTOME_SIGNALING_BY_HIPPO,2,2,,,,,,0
REACTOME_SIGNALING_BY_LEPTIN,4,4,,,,,,0
REACTOME_SIGNALING_BY_LRP5_MUTANTS,1,1,,,,,,0
REACTOME_SIGNALING_BY_MAPK_MUTANTS,1,1,,,,,,0
REACTOME_SIGNALING_BY_MEMBRANE_TETHERED_FUSIONS_OF_PDGFRA_OR_PDGFRB,0,0,,,,,,0
REACTOME_SIGNALING_BY_MRAS_COMPLEX_MUTANTS,1,1,,,,,,0
REACTOME_SIGNALING_BY_MST1,1,1,,,,,,0
REACTOME_SIGNALING_BY_NODAL,2,2,,,,,,0
REACTOME_SIGNALING_BY_NOTCH1_HD_DOMAIN_MUTANTS_IN_CANCER,3,3,,,,,,0
REACTOME_SIGNALING_BY_NOTCH1_T_7_9_NOTCH1_M1580_K2555_TRANSLOCATION_MUTANT,0,0,,,,,,0
REACTOME_SIGNALING_BY_NTRK2_TRKB,4,4,,,,,,0
REACTOME_SIGNALING_BY_NTRK3_TRKC,3,3,,,,,,0
REACTOME_SIGNALING_BY_PDGFRA_TRANSMEMBRANE_JUXTAMEMBRANE_AND_KINASE_DOMAIN_MUTANTS,4,4,,,,,,0
REACTOME_SIGNALING_BY_PDGFR_IN_DISEASE,4,4,,,,,,0
REACTOME_SIGNALING_BY_RNF43_MUTANTS,0,0,,,,,,0
REACTOME_SIGNALING_BY_TGF_BETA_RECEPTOR_COMPLEX_IN_CANCER,2,2,,,,,,0
REACTOME_SIGNALLING_TO_P38_VIA_RIT_AND_RIN,1,1,,,,,,0
REACTOME_SIGNALLING_TO_RAS,2,2,,,,,,0
REACTOME_SIGNAL_ATTENUATION,1,1,,,,,,0
REACTOME_SIGNAL_REGULATORY_PROTEIN_FAMILY_INTERACTIONS,2,2,,,,,,0
REACTOME_SIGNAL_TRANSDUCTION_BY_L1,4,4,,,,,,0
REACTOME_SIRT1_NEGATIVELY_REGULATES_RRNA_EXPRESSION,3,3,,,,,,0
REACTOME_SLBP_DEPENDENT_PROCESSING_OF_REPLICATION_DEPENDENT_HISTONE_PRE_MRNAS,0,0,,,,,,0
REACTOME_SMAC_XIAP_REGULATED_APOPTOTIC_RESPONSE,1,1,,,,,,0
REACTOME_SMALL_INTERFERING_RNA_SIRNA_BIOGENESIS,2,2,,,,,,0
REACTOME_SODIUM_CALCIUM_EXCHANGERS,0,0,,,,,,0
REACTOME_SODIUM_COUPLED_PHOSPHATE_COTRANSPORTERS,0,0,,,,,,0
REACTOME_SODIUM_COUPLED_SULPHATE_DI_AND_TRI_CARBOXYLATE_TRANSPORTERS,0,0,,,,,,0
REACTOME_SODIUM_PROTON_EXCHANGERS,0,0,,,,,,0
REACTOME_SOS_MEDIATED_SIGNALLING,2,2,,,,,,0
REACTOME_SPERM_MOTILITY_AND_TAXES,2,2,,,,,,0
REACTOME_SPRY_REGULATION_OF_FGF_SIGNALING,3,3,,,,,,0
REACTOME_STAT3_NUCLEAR_EVENTS_DOWNSTREAM_OF_ALK_SIGNALING,0,0,,,,,,0
REACTOME_STAT5_ACTIVATION,2,2,,,,,,0
REACTOME_STAT5_ACTIVATION_DOWNSTREAM_OF_FLT3_ITD_MUTANTS,2,2,,,,,,0
REACTOME_STING_MEDIATED_INDUCTION_OF_HOST_IMMUNE_RESPONSES,1,1,,,,,,0
REACTOME_SULFIDE_OXIDATION_TO_SULFATE,1,1,,,,,,0
REACTOME_SUMOYLATION_OF_IMMUNE_RESPONSE_PROTEINS,2,2,,,,,,0
REACTOME_SUMOYLATION_OF_TRANSCRIPTION_FACTORS,3,3,,,,,,0
REACTOME_SUMO_IS_CONJUGATED_TO_E1_UBA2_SAE1,1,1,,,,,,0
REACTOME_SUMO_IS_PROTEOLYTICALLY_PROCESSED,1,1,,,,,,0
REACTOME_SUMO_IS_TRANSFERRED_FROM_E1_TO_E2_UBE2I_UBC9,1,1,,,,,,0
REACTOME_SUPPRESSION_OF_APOPTOSIS,0,0,,,,,,0
REACTOME_SUPPRESSION_OF_PHAGOSOMAL_MATURATION,4,4,,,,,,0
REACTOME_SURFACTANT_METABOLISM,3,3,,,,,,0
REACTOME_SYNDECAN_INTERACTIONS,4,4,,,,,,0
REACTOME_SYNTHESIS_OF_12_EICOSATETRAENOIC_ACID_DERIVATIVES,2,2,,,,,,0
REACTOME_SYNTHESIS_OF_15_EICOSATETRAENOIC_ACID_DERIVATIVES,1,1,,,,,,0
REACTOME_SYNTHESIS_OF_16_20_HYDROXYEICOSATETRAENOIC_ACIDS_HETE,1,1,,,,,,0
REACTOME_SYNTHESIS_OF_5_EICOSATETRAENOIC_ACIDS,2,2,,,,,,0
REACTOME_SYNTHESIS_OF_BILE_ACIDS_AND_BILE_SALTS_VIA_24_HYDROXYCHOLESTEROL,2,2,,,,,,0
REACTOME_SYNTHESIS_OF_BILE_ACIDS_AND_BILE_SALTS_VIA_27_HYDROXYCHOLESTEROL,1,1,,,,,,0
REACTOME_SYNTHESIS_OF_BILE_ACIDS_AND_BILE_SALTS_VIA_7ALPHA_HYDROXYCHOLESTEROL,2,2,,,,,,0
REACTOME_SYNTHESIS_OF_DIPHTHAMIDE_EEF2,3,3,,,,,,0
REACTOME_SYNTHESIS_OF_DOLICHYL_PHOSPHATE,2,2,,,,,,0
REACTOME_SYNTHESIS_OF_EPOXY_EET_AND_DIHYDROXYEICOSATRIENOIC_ACIDS_DHET,2,2,,,,,,0
REACTOME_SYNTHESIS_OF_GDP_MANNOSE,1,1,,,,,,0
REACTOME_SYNTHESIS_OF_KETONE_BODIES,2,2,,,,,,0
REACTOME_SYNTHESIS_OF_LEUKOTRIENES_LT_AND_EOXINS_EX,1,1,,,,,,0
REACTOME_SYNTHESIS_OF_LIPOXINS_LX,3,3,,,,,,0
REACTOME_SYNTHESIS_OF_PE,3,3,,,,,,0
REACTOME_SYNTHESIS_OF_PG,1,1,,,,,,0
REACTOME_SYNTHESIS_OF_PI,2,2,,,,,,0
REACTOME_SYNTHESIS_OF_PIPS_AT_THE_EARLY_ENDOSOME_MEMBRANE,4,4,,,,,,0
REACTOME_SYNTHESIS_OF_PIPS_AT_THE_ER_MEMBRANE,2,2,,,,,,0
REACTOME_SYNTHESIS_OF_PIPS_AT_THE_GOLGI_MEMBRANE,4,4,,,,,,0
REACTOME_SYNTHESIS_OF_PIPS_AT_THE_LATE_ENDOSOME_MEMBRANE,2,2,,,,,,0
REACTOME_SYNTHESIS_OF_PROSTAGLANDINS_PG_AND_THROMBOXANES_TX,4,4,,,,,,0
REACTOME_SYNTHESIS_OF_PYROPHOSPHATES_IN_THE_CYTOSOL,2,2,,,,,,0
REACTOME_SYNTHESIS_OF_UDP_N_ACETYL_GLUCOSAMINE,1,1,,,,,,0
REACTOME_SYNTHESIS_OF_WYBUTOSINE_AT_G37_OF_TRNA_PHE,2,2,,,,,,0
REACTOME_SYNTHESIS_SECRETION_AND_DEACYLATION_OF_GHRELIN,4,4,,,,,,0
REACTOME_SYNTHESIS_SECRETION_AND_INACTIVATION_OF_GLUCAGON_LIKE_PEPTIDE_1_GLP_1,2,2,,,,,,0
REACTOME_SYNTHESIS_SECRETION_AND_INACTIVATION_OF_GLUCOSE_DEPENDENT_INSULINOTROPIC_POLYPEPTIDE_GIP,2,2,,,,,,0
REACTOME_TACHYKININ_RECEPTORS_BIND_TACHYKININS,0,0,,,,,,0
REACTOME_TANDEM_PORE_DOMAIN_POTASSIUM_CHANNELS,0,0,,,,,,0
REACTOME_TERMINAL_PATHWAY_OF_COMPLEMENT,1,1,,,,,,0
REACTOME_TETRAHYDROBIOPTERIN_BH4_SYNTHESIS_RECYCLING_SALVAGE_AND_REGULATION,2,2,,,,,,0
REACTOME_TFAP2A_ACTS_AS_A_TRANSCRIPTIONAL_REPRESSOR_DURING_RETINOIC_ACID_INDUCED_CELL_DIFFERENTIATION,2,2,,,,,,0
REACTOME_TFAP2_AP_2_FAMILY_REGULATES_TRANSCRIPTION_OF_CELL_CYCLE_FACTORS,2,2,,,,,,0
REACTOME_TFAP2_AP_2_FAMILY_REGULATES_TRANSCRIPTION_OF_GROWTH_FACTORS_AND_THEIR_RECEPTORS,2,2,,,,,,0
REACTOME_THE_ACTIVATION_OF_ARYLSULFATASES,3,3,,,,,,0
REACTOME_THE_CANONICAL_RETINOID_CYCLE_IN_RODS_TWILIGHT_VISION,4,4,,,,,,0
REACTOME_THE_FATTY_ACID_CYCLING_MODEL,0,0,,,,,,0
REACTOME_THE_RETINOID_CYCLE_IN_CONES_DAYLIGHT_VISION,0,0,,,,,,0
REACTOME_THYROXINE_BIOSYNTHESIS,0,0,,,,,,0
REACTOME_TICAM1_DEPENDENT_ACTIVATION_OF_IRF3_IRF7,4,4,,,,,,0
REACTOME_TICAM1_TRAF6_DEPENDENT_INDUCTION_OF_TAK1_COMPLEX,4,4,,,,,,0
REACTOME_TLR3_MEDIATED_TICAM1_DEPENDENT_PROGRAMMED_CELL_DEATH,2,2,,,,,,0
REACTOME_TNFR1_INDUCED_PROAPOPTOTIC_SIGNALING,3,3,,,,,,0
REACTOME_TNFR1_MEDIATED_CERAMIDE_PRODUCTION,2,2,,,,,,0
REACTOME_TOXICITY_OF_BOTULINUM_TOXIN_TYPE_D_BOTD,1,1,,,,,,0
REACTOME_TP53_REGULATES_TRANSCRIPTION_OF_CASPASE_ACTIVATORS_AND_CASPASES,1,1,,,,,,0
REACTOME_TP53_REGULATES_TRANSCRIPTION_OF_GENES_INVOLVED_IN_CYTOCHROME_C_RELEASE,4,4,,,,,,0
REACTOME_TP53_REGULATES_TRANSCRIPTION_OF_GENES_INVOLVED_IN_G1_CELL_CYCLE_ARREST,3,3,,,,,,0
REACTOME_TP53_REGULATES_TRANSCRIPTION_OF_SEVERAL_ADDITIONAL_CELL_DEATH_GENES_WHOSE_SPECIFIC_ROLES_IN_P53_DEPENDENT_APOPTOSIS_REMAIN_UNCERTAIN,1,1,,,,,,0
REACTOME_TRAF3_DEPENDENT_IRF_ACTIVATION_PATHWAY,4,4,,,,,,0
REACTOME_TRAF6_MEDIATED_INDUCTION_OF_TAK1_COMPLEX_WITHIN_TLR4_COMPLEX,4,4,,,,,,0
REACTOME_TRAF6_MEDIATED_IRF7_ACTIVATION,3,3,,,,,,0
REACTOME_TRAF6_MEDIATED_IRF7_ACTIVATION_IN_TLR7_8_OR_9_SIGNALING,4,4,,,,,,0
REACTOME_TRAFFICKING_AND_PROCESSING_OF_ENDOSOMAL_TLR,3,3,,,,,,0
REACTOME_TRAFFICKING_OF_GLUR2_CONTAINING_AMPA_RECEPTORS,1,1,,,,,,0
REACTOME_TRAFFICKING_OF_MYRISTOYLATED_PROTEINS_TO_THE_CILIUM,0,0,,,,,,0
REACTOME_TRAIL_SIGNALING,4,4,,,,,,0
REACTOME_TRANSCRIPTIONAL_REGULATION_OF_TESTIS_DIFFERENTIATION,2,2,,,,,,0
REACTOME_TRANSLATION_OF_REPLICASE_AND_ASSEMBLY_OF_THE_REPLICATION_TRANSCRIPTION_COMPLEX,2,2,,,,,,0
REACTOME_TRANSPORT_AND_SYNTHESIS_OF_PAPS,2,2,,,,,,0
REACTOME_TRANSPORT_OF_CONNEXONS_TO_THE_PLASMA_MEMBRANE,3,3,,,,,,0
REACTOME_TRANSPORT_OF_FATTY_ACIDS,2,2,,,,,,0
REACTOME_TRANSPORT_OF_NUCLEOSIDES_AND_FREE_PURINE_AND_PYRIMIDINE_BASES_ACROSS_THE_PLASMA_MEMBRANE,1,1,,,,,,0
REACTOME_TRANSPORT_OF_NUCLEOTIDE_SUGARS,3,3,,,,,,0
REACTOME_TRANSPORT_OF_ORGANIC_ANIONS,3,3,,,,,,0
REACTOME_TRIF_MEDIATED_PROGRAMMED_CELL_DEATH,2,2,,,,,,0
REACTOME_TRIGLYCERIDE_BIOSYNTHESIS,3,3,,,,,,0
REACTOME_TRISTETRAPROLIN_TTP_ZFP36_BINDS_AND_DESTABILIZES_MRNA,4,4,,,,,,0
REACTOME_TRNA_MODIFICATION_IN_THE_MITOCHONDRION,3,3,,,,,,0
REACTOME_TRNA_PROCESSING_IN_THE_MITOCHONDRION,1,1,,,,,,0
REACTOME_TRP_CHANNELS,3,3,,,,,,0
REACTOME_TYPE_I_HEMIDESMOSOME_ASSEMBLY,0,0,,,,,,0
REACTOME_TYROSINE_CATABOLISM,1,1,,,,,,0
REACTOME_TYSND1_CLEAVES_PEROXISOMAL_PROTEINS,2,2,,,,,,0
REACTOME_UNBLOCKING_OF_NMDA_RECEPTORS_GLUTAMATE_BINDING_AND_ACTIVATION,4,4,,,,,,0
REACTOME_UNWINDING_OF_DNA,4,4,,,,,,0
REACTOME_UPTAKE_AND_FUNCTION_OF_ANTHRAX_TOXINS,1,1,,,,,,0
REACTOME_UPTAKE_AND_FUNCTION_OF_DIPHTHERIA_TOXIN,2,2,,,,,,0
REACTOME_UREA_CYCLE,1,1,,,,,,0
REACTOME_VASOPRESSIN_LIKE_RECEPTORS,3,3,,,,,,0
REACTOME_VEGF_LIGAND_RECEPTOR_INTERACTIONS,0,0,,,,,,0
REACTOME_VITAMINS,1,1,,,,,,0
REACTOME_VITAMIN_B1_THIAMIN_METABOLISM,1,1,,,,,,0
REACTOME_VITAMIN_B2_RIBOFLAVIN_METABOLISM,1,1,,,,,,0
REACTOME_VITAMIN_C_ASCORBATE_METABOLISM,3,3,,,,,,0
REACTOME_VITAMIN_D_CALCIFEROL_METABOLISM,1,1,,,,,,0
REACTOME_VLDLR_INTERNALISATION_AND_DEGRADATION,1,1,,,,,,0
REACTOME_VLDL_ASSEMBLY,0,0,,,,,,0
REACTOME_VLDL_CLEARANCE,1,1,,,,,,0
REACTOME_VOLTAGE_GATED_POTASSIUM_CHANNELS,2,2,,,,,,0
REACTOME_VXPX_CARGO_TARGETING_TO_CILIUM,1,1,,,,,,0
REACTOME_WAX_AND_PLASMALOGEN_BIOSYNTHESIS,2,2,,,,,,0
REACTOME_WNT5A_DEPENDENT_INTERNALIZATION_OF_FZD2_FZD5_AND_ROR2,0,0,,,,,,0
REACTOME_WNT5A_DEPENDENT_INTERNALIZATION_OF_FZD4,1,1,,,,,,0
REACTOME_WNT_LIGAND_BIOGENESIS_AND_TRAFFICKING,2,2,,,,,,0
REACTOME_WNT_MEDIATED_ACTIVATION_OF_DVL,2,2,,,,,,0
REACTOME_XENOBIOTICS,0,0,,,,,,0
REACTOME_YAP1_AND_WWTR1_TAZ_STIMULATED_GENE_EXPRESSION,0,0,,,,,,0
REACTOME_ZINC_EFFLUX_AND_COMPARTMENTALIZATION_BY_THE_SLC30_FAMILY,1,1,,,,,,0
REACTOME_ZINC_INFLUX_INTO_CELLS_BY_THE_SLC39_GENE_FAMILY,4,4,,,,,,0
