pathway,n_genes,n_tested,median_member,median_reference,effect,pvalue,qvalue,sign
REACTOME_INTERFERON_ALPHA_BETA_SIGNALING,18,18,3.152641730957031,-0.0033727904510497952,3.1560145214080806,1.9518866409178804e-08,8.227202191468866e-06,1
REACTOME_INTERFERON_SIGNALING,49,49,0.4110164964294434,-0.0053215782165527276,0.4163380746459961,1.7986562958076456e-08,8.227202191468866e-06,1
REACTOME_CYTOKINE_SIGNALING_IN_IMMUNE_SYSTEM,191,191,0.1391911593914032,-0.016889461822509763,0.15608062121391297,7.460333170955217e-07,0.0002096353621038416,1
REACTOME_REGULATION_BY_C_FLIP,6,6,1.207388427734375,-0.0009501647949218817,1.2083385925292969,3.665662239872665e-05,0.0077253831705316415,1
REACTOME_INTERFERON_GAMMA_SIGNALING,24,24,0.43478826110839847,-0.0027011932373046943,0.4374894543457032,8.965392925594158e-05,0.01511565247255175,1
REACTOME_MRNA_EDITING,5,5,1.4035097387695312,-0.0008648501586914076,1.4043745889282226,0.00020316268601907697,0.028544357385680313,1
REACTOME_REGULATION_OF_TP53_EXPRESSION_AND_DEGRADATION,6,6,0.6580242343139648,-0.0009501647949218817,0.6589743991088868,0.001715038301686907,0.2065396126174375,1
REACTOME_SIGNALING_BY_INTERLEUKINS,122,122,0.12668255769729614,-0.010311006469726547,0.13699356416702269,0.0022937694044825032,0.24170595099734377,1
REACTOME_CASPASE_ACTIVATION_VIA_DEATH_RECEPTORS_IN_THE_PRESENCE_OF_LIGAND,7,7,1.1652784985351563,-0.0008648501586914076,1.1661433486938477,0.003156105871412409,0.2660597249600661,1
REACTOME_CHEMOKINE_RECEPTORS_BIND_CHEMOKINES,35,35,0.20200272987365722,-0.001372920303344724,0.20337565017700193,0.0029682322744989486,0.2660597249600661,1
REACTOME_GLYOXYLATE_METABOLISM_AND_GLYCINE_DEGRADATION,7,7,-0.6710238037109375,0.004103873786926268,-0.6751276774978637,0.004132927817919401,0.3167325591369141,-1
REACTOME_REGULATED_NECROSIS,15,15,0.8209540820312501,-0.001372920303344724,0.8223270023345948,0.004576983039111907,0.32153305849761143,1
REACTOME_TRIGLYCERIDE_CATABOLISM,5,5,-0.8708183642578124,0.0034641319656372044,-0.8742824962234497,0.005624676031466749,0.33868584960903353,-1
REACTOME_REGULATION_OF_MRNA_STABILITY_BY_PROTEINS_THAT_BIND_AU_RICH_ELEMENTS,11,11,0.2933564133453369,-0.001372920303344724,0.29472933364868165,0.005256585376428778,0.33868584960903353,1
REACTOME_CASPASE_ACTIVATION_VIA_EXTRINSIC_APOPTOTIC_SIGNALLING_PATHWAY,10,10,0.9033474084472657,-0.0009501647949218817,0.9042975732421876,0.007461010142302232,0.4062640116436015,1
REACTOME_RIPK1_MEDIATED_REGULATED_NECROSIS,11,11,0.8209540820312501,-0.0010324148559570367,0.8219864968872072,0.0077108234712901826,0.4062640116436015,1
REACTOME_CONSTITUTIVE_SIGNALING_BY_AKT1_E17K_IN_CANCER,5,5,0.6886191101074218,-0.0008648501586914076,0.6894839602661132,0.010042920755486802,0.48595860414221986,1
REACTOME_INFECTION_WITH_MYCOBACTERIUM_TUBERCULOSIS,6,6,0.43242838249206544,-0.0009501647949218817,0.4333785472869873,0.010513264437893117,0.48595860414221986,1
REACTOME_CELLULAR_RESPONSES_TO_STIMULI,153,153,0.08484864990234375,-0.0046080825805664,0.08945673248291015,0.010952803652078503,0.48595860414221986,1
REACTOME_RAB_GERANYLGERANYLATION,7,7,-0.9061624389648437,0.0034641319656372044,-0.9096265709304809,0.013550655414701447,0.5627427732184094,-1
REACTOME_TNF_SIGNALING,9,9,0.2817278517532349,-0.001372920303344724,0.28310077205657963,0.014018503247433686,0.5627427732184094,1
REACTOME_TBC_RABGAPS,7,7,-0.6277127392578125,0.004103873786926268,-0.6318166130447387,0.017016505286247388,0.5795958379580509,-1
REACTOME_RESPONSE_OF_MTB_TO_PHAGOCYTOSIS,5,5,0.4538402685546875,-0.0008648501586914076,0.45470511871337893,0.017883384855598906,0.5795958379580509,1
REACTOME_SYNTHESIS_OF_PIPS_AT_THE_PLASMA_MEMBRANE,19,19,0.302051428565979,-0.0021661844635009753,0.30421761302947997,0.01856356776378099,0.5795958379580509,1
REACTOME_HOST_INTERACTIONS_OF_HIV_FACTORS,24,24,0.20440715261459352,-0.0027011932373046943,0.20710834585189822,0.017126456073534125,0.5795958379580509,1
REACTOME_ANTIVIRAL_MECHANISM_BY_IFN_STIMULATED_GENES,17,17,0.18359282133340837,-0.0010324148559570367,0.1846252361893654,0.017858537971315435,0.5795958379580509,1
REACTOME_PI3K_AKT_SIGNALING_IN_CANCER,25,25,0.17110813369750977,-0.0034523045730590757,0.17456043827056883,0.015915687320131752,0.5795958379580509,1
REACTOME_CELLULAR_RESPONSE_TO_HEAT_STRESS,33,33,0.1828885037088394,-0.001372920303344724,0.18426142401218415,0.02070125364953369,0.6232556009484608,1
REACTOME_PLATELET_ADHESION_TO_EXPOSED_COLLAGEN,7,7,-0.5721271069335937,0.003181695137023932,-0.5753088020706176,0.02349325956559203,0.6829247521997959,-1
REACTOME_PEPTIDE_LIGAND_BINDING_RECEPTORS,56,56,0.12841949003219605,-0.0027011932373046943,0.13112068326950074,0.025616041242732455,0.719810758920782,1
REACTOME_SIGNALLING_TO_ERKS,5,5,-0.7516310131835937,0.0034641319656372044,-0.7550951451492309,0.03217638146887211,0.755055128189287,-1
REACTOME_TRYPTOPHAN_CATABOLISM,5,5,0.5681479998779297,-0.0006483192443847569,0.5687963191223145,0.033782983395450265,0.755055128189287,1
REACTOME_ERCC6_CSB_AND_EHMT2_G9A_POSITIVELY_REGULATE_RRNA_EXPRESSION,6,6,-0.5410992028808593,0.0037283130645751894,-0.5448275159454345,0.02983185836432913,0.755055128189287,-1
REACTOME_MITOCHONDRIAL_BIOGENESIS,16,16,0.43164075622558595,-0.0011146649169921918,0.43275542114257814,0.03187753890655569,0.755055128189287,1
REACTOME_MATURATION_OF_SARS_COV_2_SPIKE_PROTEIN,10,10,-0.40961903259277344,0.0037283130645751894,-0.41334734565734865,0.027900763015757786,0.755055128189287,-1
REACTOME_PI3K_EVENTS_IN_ERBB2_SIGNALING,5,5,0.32678354835510254,-0.0008648501586914076,0.32764839851379396,0.03403569972857996,0.755055128189287,1
REACTOME_RUNX1_INTERACTS_WITH_CO_FACTORS_WHOSE_PRECISE_EFFECT_ON_RUNX1_TARGETS_IS_NOT_KNOWN,10,10,0.2652538633054495,-0.0009501647949218817,0.26620402810037136,0.030626747648855725,0.755055128189287,1
REACTOME_AUF1_HNRNP_D0_BINDS_AND_DESTABILIZES_MRNA,7,7,0.22333799802780152,-0.0008648501586914076,0.22420284818649294,0.033571280054055457,0.755055128189287,1
REACTOME_POSITIVE_EPIGENETIC_REGULATION_OF_RRNA_EXPRESSION,13,13,-0.49420379394531244,0.006875338134765638,-0.501079132080078,0.03693291542265812,0.7983191718282255,-1
REACTOME_SYNTHESIS_OF_IP3_AND_IP4_IN_THE_CYTOSOL,6,6,0.5263222376728058,-0.0007795355224609335,0.5271017731952667,0.03806007110441244,0.8021159985254922,1
REACTOME_REGULATION_OF_TNFR1_SIGNALING,7,7,0.2817278517532349,-0.0010324148559570367,0.28276026660919196,0.03929323755595346,0.8079072990163113,1
REACTOME_DDX58_IFIH1_MEDIATED_INDUCTION_OF_INTERFERON_ALPHA_BETA,22,22,0.11226645706176758,-0.0033727904510497952,0.11563924751281737,0.04053149134544224,0.8135249334335193,1
REACTOME_IRAK4_DEFICIENCY_TLR2_4,6,6,-0.8150815979003906,0.0031999508666992194,-0.8182815487670898,0.042127941314483476,0.8203153031405039,-1
REACTOME_NR1H3_NR1H2_REGULATE_GENE_EXPRESSION_LINKED_TO_CHOLESTEROL_TRANSPORT_AND_EFFLUX,11,11,-0.6989266845703125,0.0034641319656372044,-0.7023908165359497,0.04873960298189965,0.8203153031405039,-1
REACTOME_VEGFR2_MEDIATED_VASCULAR_PERMEABILITY,5,5,0.6886191101074218,-0.0006483192443847569,0.6892674293518066,0.044569210289151576,0.8203153031405039,1
REACTOME_TRANSCRIPTIONAL_ACTIVATION_OF_MITOCHONDRIAL_BIOGENESIS,12,12,0.43164075622558595,-0.0011146649169921918,0.43275542114257814,0.04972564227469109,0.8203153031405039,1
REACTOME_SIGNALING_BY_BRAF_AND_RAF1_FUSIONS,15,15,-0.40546412841796875,0.004103873786926268,-0.40956800220489503,0.048941507998735256,0.8203153031405039,-1
REACTOME_CD28_CO_STIMULATION,10,10,0.37897280979156495,-0.0007795355224609335,0.3797523453140259,0.05546615928708034,0.8203153031405039,1
REACTOME_NEGATIVE_REGULATION_OF_FLT3,6,6,0.37255895112991333,-0.0007795355224609335,0.37333848665237424,0.05320799481392961,0.8203153031405039,1
REACTOME_SIGNALING_BY_ERBB2_ECD_MUTANTS,5,5,0.32678354835510254,-0.0006483192443847569,0.3274318675994873,0.04787508712693045,0.8203153031405039,1
REACTOME_DEGRADATION_OF_THE_EXTRACELLULAR_MATRIX,24,24,-0.22037760711669918,0.0031999508666992194,-0.2235775579833984,0.04348227732336526,0.8203153031405039,-1
REACTOME_DEGRADATION_OF_DVL,6,6,0.20440715261459352,-0.0009501647949218817,0.2053573174095154,0.05476086857122824,0.8203153031405039,1
REACTOME_PROCESSING_OF_DNA_DOUBLE_STRAND_BREAK_ENDS,14,14,0.19105612471580508,-0.0007795355224609335,0.191835660238266,0.053059360548543134,0.8203153031405039,1
REACTOME_SIGNALING_BY_EGFR_IN_CANCER,7,7,0.1854763072013855,-0.0008648501586914076,0.1863411573600769,0.05286657076267163,0.8203153031405039,1
REACTOME_HIV_INFECTION,44,44,0.1832406625211239,-0.0016311756896972562,0.18487183821082115,0.05192990949455891,0.8203153031405039,1
REACTOME_POST_TRANSLATIONAL_MODIFICATION_SYNTHESIS_OF_GPI_ANCHORED_PROTEINS,21,21,0.15933336765289308,-0.0010324148559570367,0.1603657825088501,0.051620379531205234,0.8203153031405039,1
REACTOME_SIGNALING_BY_PTK6,17,17,0.10299610824584962,-0.0010324148559570367,0.10402852310180666,0.05408321234473962,0.8203153031405039,1
REACTOME_RNA_POLYMERASE_III_CHAIN_ELONGATION,5,5,-1.6021353588867187,0.003181695137023932,-1.6053170540237427,0.06726298177785317,0.8219273312594875,-1
REACTOME_RNA_POLYMERASE_III_TRANSCRIPTION_TERMINATION,5,5,-1.6021353588867187,0.003181695137023932,-1.6053170540237427,0.06726298177785317,0.8219273312594875,-1
REACTOME_PLATELET_AGGREGATION_PLUG_FORMATION,7,7,-0.7067540795898437,0.0015817197036743225,-0.708335799293518,0.06774982444907271,0.8219273312594875,-1
REACTOME_STRIATED_MUSCLE_CONTRACTION,6,6,0.5849037278270721,-0.0007795355224609335,0.585683263349533,0.056603058006322426,0.8219273312594875,1
REACTOME_SCAVENGING_BY_CLASS_A_RECEPTORS,5,5,-0.5753464868164062,0.003181695137023932,-0.5785281819534301,0.06737090880486382,0.8219273312594875,-1
REACTOME_SYNTHESIS_OF_SUBSTRATES_IN_N_GLYCAN_BIOSYTHESIS,16,16,-0.3408518634033203,0.004479434509277347,-0.34533129791259765,0.06825019358026586,0.8219273312594875,-1
REACTOME_TICAM1_RIP1_MEDIATED_IKK_COMPLEX_RECRUITMENT,5,5,0.2817278517532349,-0.0008648501586914076,0.2825927019119263,0.06450306775035751,0.8219273312594875,1
REACTOME_CONSTITUTIVE_SIGNALING_BY_LIGAND_RESPONSIVE_EGFR_CANCER_VARIANTS,6,6,0.256129927778244,-0.0007795355224609335,0.25690946330070497,0.06781192343417163,0.8219273312594875,1
REACTOME_TNFR1_INDUCED_NFKAPPAB_SIGNALING_PATHWAY,7,7,0.2523326823806763,-0.0010324148559570367,0.25336509723663336,0.06580431321067692,0.8219273312594875,1
REACTOME_DEFECTIVE_CFTR_CAUSES_CYSTIC_FIBROSIS,5,5,0.22333799802780152,-0.0008648501586914076,0.22420284818649294,0.06802125699659109,0.8219273312594875,1
REACTOME_REGULATION_OF_HMOX1_EXPRESSION_AND_ACTIVITY,6,6,0.20440715261459352,-0.0009501647949218817,0.2053573174095154,0.0607008844169388,0.8219273312594875,1
REACTOME_SIGNALING_BY_ERBB2_IN_CANCER,7,7,0.13336421655654906,-0.0008648501586914076,0.13422906671524049,0.06088480729827452,0.8219273312594875,1
REACTOME_IMMUNOREGULATORY_INTERACTIONS_BETWEEN_A_LYMPHOID_AND_A_NON_LYMPHOID_CELL,42,42,0.10672361709594727,-0.0009501647949218817,0.10767378189086915,0.05760882779658335,0.8219273312594875,1
REACTOME_STABILIZATION_OF_P53,5,5,0.22333799802780152,-0.0008648501586914076,0.22420284818649294,0.0695574052941896,0.8225826507568142,1
REACTOME_THE_ROLE_OF_GTSE1_IN_G2_M_PROGRESSION_AFTER_G2_CHECKPOINT,9,9,0.2050961990261078,-0.0010324148559570367,0.20612861388206483,0.07074465993501086,0.8225826507568142,1
REACTOME_REGULATION_OF_HSF1_MEDIATED_HEAT_SHOCK_RESPONSE,29,29,0.1310587112426758,-0.0010324148559570367,0.13209112609863283,0.07123194959104086,0.8225826507568142,1
REACTOME_MEIOTIC_SYNAPSIS,16,16,0.10824341161012652,-0.0007795355224609335,0.10902294713258745,0.07271715391012808,0.8283859560302428,1
REACTOME_INTERLEUKIN_10_SIGNALING,19,19,0.26526266850471497,-0.0008648501586914076,0.2661275186634064,0.07742100785739606,0.8505983810377139,1
REACTOME_COSTIMULATION_BY_THE_CD28_FAMILY,25,25,0.16476551273345946,-0.0006483192443847569,0.1654138319778442,0.07716242468800806,0.8505983810377139,1
REACTOME_INTERLEUKIN_1_FAMILY_SIGNALING,29,29,0.145075361328125,-0.0021661844635009753,0.147241545791626,0.07769403954911502,0.8505983810377139,1
REACTOME_DEADENYLATION_DEPENDENT_MRNA_DECAY,16,16,0.16570469678878785,-0.0009501647949218817,0.16665486158370973,0.07906368911454312,0.8544960246610237,1
REACTOME_NEGATIVE_REGULATORS_OF_DDX58_IFIH1_SIGNALING,11,11,0.1854763072013855,-0.001372920303344724,0.1868492275047302,0.08144604377901331,0.8691014545026357,1
REACTOME_ERBB2_ACTIVATES_PTK6_SIGNALING,5,5,0.10299610824584962,-0.0008648501586914076,0.10386095840454103,0.084600417312229,0.891476897427613,1
REACTOME_RAB_REGULATION_OF_TRAFFICKING,25,25,-0.2895923779296875,0.006875338134765638,-0.29646771606445316,0.08678155600345427,0.9031710087766908,-1
REACTOME_FERTILIZATION,5,5,-0.8384027075195313,0.003181695137023932,-0.8415844026565552,0.14458271962961505,0.9133690170049612,-1
REACTOME_CARBOXYTERMINAL_POST_TRANSLATIONAL_MODIFICATIONS_OF_TUBULIN,9,9,-0.8295503295898436,0.003181695137023932,-0.8327320247268676,0.1305717773155277,0.9133690170049612,-1
REACTOME_TP53_REGULATES_TRANSCRIPTION_OF_DEATH_RECEPTORS_AND_LIGANDS,5,5,0.8209540820312501,-0.0006483192443847569,0.8216024012756349,0.1054042269622477,0.9133690170049612,1
REACTOME_SYNTHESIS_OF_GLYCOSYLPHOSPHATIDYLINOSITOL_GPI,7,7,0.7508597546386719,-0.0006483192443847569,0.7515080738830567,0.12399254804863281,0.9133690170049612,1
REACTOME_ABC_TRANSPORTERS_IN_LIPID_HOMEOSTASIS,8,8,-0.6660497143554687,0.003163439407348645,-0.6692131537628173,0.14608877124995842,0.9133690170049612,-1
REACTOME_TRIGLYCERIDE_METABOLISM,8,8,-0.5773339392089843,0.003163439407348645,-0.580497378616333,0.1481920143235487,0.9133690170049612,-1
REACTOME_THE_NLRP3_INFLAMMASOME,6,6,0.5757800909423828,-0.0007795355224609335,0.5765596264648437,0.14843600869475645,0.9133690170049612,1
REACTOME_PRE_NOTCH_EXPRESSION_AND_PROCESSING,10,10,-0.5704722705078125,0.003163439407348645,-0.5736357099151611,0.12663777540184012,0.9133690170049612,-1
REACTOME_INFLAMMASOMES,7,7,0.5524871008300781,-0.0008648501586914076,0.5533519509887695,0.10768036772579419,0.9133690170049612,1
REACTOME_NR1H2_AND_NR1H3_MEDIATED_SIGNALING,12,12,-0.5461041394042969,0.0031999508666992194,-0.5493040902709961,0.13436769104381935,0.9133690170049612,-1
REACTOME_EPHA_MEDIATED_GROWTH_CONE_COLLAPSE,7,7,0.5368782672119141,-0.0006483192443847569,0.5375265864562989,0.13453344095983796,0.9133690170049612,1
REACTOME_NEPHRIN_FAMILY_INTERACTIONS,7,7,-0.504036640625,0.0034641319656372044,-0.5075007725906372,0.13168980665149407,0.9133690170049612,-1
REACTOME_ACTIVATION_OF_MATRIX_METALLOPROTEINASES,7,7,-0.4913372680664062,0.0015817197036743225,-0.49291898777008053,0.09973579968430542,0.9133690170049612,-1
REACTOME_PEROXISOMAL_LIPID_METABOLISM,10,10,-0.48659120971679687,0.0031999508666992194,-0.4897911605834961,0.10697841441895435,0.9133690170049612,-1
REACTOME_SUMOYLATION_OF_DNA_METHYLATION_PROTEINS,6,6,0.4856745196533203,-0.0007795355224609335,0.4864540551757812,0.10612331425321858,0.9133690170049612,1
REACTOME_RAF_ACTIVATION,5,5,-0.4587559204101562,0.0034641319656372044,-0.46222005237579344,0.13010935920275646,0.9133690170049612,-1
REACTOME_RNA_POLYMERASE_I_TRANSCRIPTION,15,15,-0.35197099609374993,0.005241915740966802,-0.3572129118347167,0.11648713250527118,0.9133690170049612,-1
REACTOME_RNA_POLYMERASE_I_TRANSCRIPTION_INITIATION,15,15,-0.35197099609374993,0.005241915740966802,-0.3572129118347167,0.11648713250527118,0.9133690170049612,-1
REACTOME_OXIDATIVE_STRESS_INDUCED_SENESCENCE,27,27,0.3483799542236328,-0.0010324148559570367,0.34941236907958984,0.11782058904229577,0.9133690170049612,1
REACTOME_SIGNALING_BY_MODERATE_KINASE_ACTIVITY_BRAF_MUTANTS,8,8,-0.3401632275390625,0.0031999508666992194,-0.3433631784057617,0.12385160369805252,0.9133690170049612,-1
REACTOME_THE_CITRIC_ACID_TCA_CYCLE_AND_RESPIRATORY_ELECTRON_TRANSPORT,28,28,-0.31468507873535156,0.007915590591430682,-0.3226006693267822,0.11851412276307084,0.9133690170049612,-1
REACTOME_TP53_REGULATES_TRANSCRIPTION_OF_CELL_DEATH_GENES,11,11,0.29061304000854493,-0.0008648501586914076,0.29147789016723635,0.1158747770549573,0.9133690170049612,1
REACTOME_ONCOGENIC_MAPK_SIGNALING,17,17,-0.24706276733398438,0.0034641319656372044,-0.2505268992996216,0.14511896797935692,0.9133690170049612,-1
REACTOME_RNA_POLYMERASE_II_TRANSCRIPTION_TERMINATION,19,19,-0.2365703259277344,0.004103873786926268,-0.24067419971466064,0.14646209623626866,0.9133690170049612,-1
REACTOME_HEME_SIGNALING,14,14,0.22865732532024385,-0.0011146649169921918,0.22977199023723605,0.13951235274649462,0.9133690170049612,1
REACTOME_NUCLEOTIDE_BINDING_DOMAIN_LEUCINE_RICH_REPEAT_CONTAINING_RECEPTOR_NLR_SIGNALING_PATHWAYS,16,16,0.22388377170562745,-0.0016311756896972562,0.2255149473953247,0.10777160235795802,0.9133690170049612,1
REACTOME_REGULATION_OF_CHOLESTEROL_BIOSYNTHESIS_BY_SREBP_SREBF,16,16,-0.22072885223388672,0.0031999508666992194,-0.22392880310058594,0.1438629116290765,0.9133690170049612,-1
REACTOME_REGULATION_OF_RUNX2_EXPRESSION_AND_ACTIVITY,6,6,0.20440715261459352,-0.0007795355224609335,0.20518668813705446,0.12113446847471225,0.9133690170049612,1
REACTOME_GLOBAL_GENOME_NUCLEOTIDE_EXCISION_REPAIR_GG_NER,31,31,-0.190604248046875,0.00783093494415285,-0.19843518299102786,0.14605555414650992,0.9133690170049612,-1
REACTOME_REGULATION_OF_TP53_ACTIVITY_THROUGH_PHOSPHORYLATION,23,23,0.19663594223022463,-0.0010324148559570367,0.19766835708618166,0.11485702633801177,0.9133690170049612,1
REACTOME_ABC_TRANSPORTER_DISORDERS,11,11,0.1854763072013855,-0.001372920303344724,0.1868492275047302,0.0986377082331394,0.9133690170049612,1
REACTOME_AMYLOID_FIBER_FORMATION,13,13,0.1854763072013855,-0.0010324148559570367,0.18650872205734254,0.14321387386919673,0.9133690170049612,1
REACTOME_DOWNREGULATION_OF_ERBB2_ERBB3_SIGNALING,5,5,0.1854763072013855,-0.0008648501586914076,0.1863411573600769,0.0907971380759329,0.9133690170049612,1
REACTOME_DOWNREGULATION_OF_ERBB2_SIGNALING,7,7,0.1854763072013855,-0.0008648501586914076,0.1863411573600769,0.1237087890073588,0.9133690170049612,1
REACTOME_HSF1_ACTIVATION,15,15,0.1854763072013855,-0.0008648501586914076,0.1863411573600769,0.09802446600534086,0.9133690170049612,1
REACTOME_MYOCLONIC_EPILEPSY_OF_LAFORA,5,5,0.1854763072013855,-0.0008648501586914076,0.1863411573600769,0.12336317416976603,0.9133690170049612,1
REACTOME_SUMOYLATION_OF_RNA_BINDING_PROTEINS,16,16,0.1832406625211239,-0.0009501647949218817,0.18419082731604577,0.11259535695530407,0.9133690170049612,1
REACTOME_NUCLEOTIDE_EXCISION_REPAIR,37,37,-0.17321228088378907,0.008087054958343512,-0.1812993358421326,0.12740426124500376,0.9133690170049612,-1
REACTOME_TRANSCRIPTIONAL_REGULATION_BY_RUNX2,16,16,0.178747314453125,-0.0009501647949218817,0.17969747924804688,0.12220984568096595,0.9133690170049612,1
REACTOME_REGULATION_OF_TP53_ACTIVITY,37,37,0.1702945230293274,-0.0010324148559570367,0.17132693788528444,0.12752745708256524,0.9133690170049612,1
REACTOME_PI_METABOLISM,28,28,0.16462732152938842,-0.0027011932373046943,0.1673285147666931,0.13008070716013068,0.9133690170049612,1
REACTOME_ATTENUATION_PHASE,14,14,0.15826750922203064,-0.0007795355224609335,0.15904704474449158,0.13696599596171555,0.9133690170049612,1
REACTOME_HSF1_DEPENDENT_TRANSACTIVATION,16,16,0.15826750922203064,-0.0007795355224609335,0.15904704474449158,0.10867365779851429,0.9133690170049612,1
REACTOME_MOLECULES_ASSOCIATED_WITH_ELASTIC_FIBRES,6,6,0.15041763976097108,-0.0009501647949218817,0.15136780455589297,0.09454714018420615,0.9133690170049612,1
REACTOME_CONSTITUTIVE_SIGNALING_BY_ABERRANT_PI3K_IN_CANCER,20,20,0.14763048033237458,-0.0016311756896972562,0.14926165602207184,0.1465633849008401,0.9133690170049612,1
REACTOME_ELASTIC_FIBRE_FORMATION,7,7,0.14739209634780887,-0.0010324148559570367,0.1484245112037659,0.10755266931206256,0.9133690170049612,1
REACTOME_INTRACELLULAR_SIGNALING_BY_SECOND_MESSENGERS,63,63,0.13336421655654906,-0.003819480667114253,0.1371836972236633,0.14008081791912122,0.9133690170049612,1
REACTOME_SIGNALING_BY_ERBB2,13,13,0.13336421655654906,-0.0010324148559570367,0.1343966314125061,0.12233153707791394,0.9133690170049612,1
REACTOME_MUSCLE_CONTRACTION,27,27,0.12968294544219972,-0.0021661844635009753,0.1318491299057007,0.1033530052994871,0.9133690170049612,1
REACTOME_TRANSCRIPTIONAL_REGULATION_BY_RUNX1,54,54,0.11345157382965089,-0.003531818695068356,0.11698339252471925,0.11356831095645799,0.9133690170049612,1
REACTOME_TRNA_MODIFICATION_IN_THE_NUCLEUS_AND_CYTOSOL,10,10,0.1154587807777524,-0.0011146649169921918,0.11657344569474459,0.10790543724152991,0.9133690170049612,1
REACTOME_CELLULAR_SENESCENCE,44,44,0.1126862624168396,-0.0009501647949218817,0.11363642721176148,0.1435227545452504,0.9133690170049612,1
REACTOME_SHC1_EVENTS_IN_ERBB2_SIGNALING,5,5,0.10299610824584962,-0.0006483192443847569,0.10364442749023438,0.1123720381394257,0.9133690170049612,1
REACTOME_G2_M_DNA_DAMAGE_CHECKPOINT,12,12,0.10018212764739991,-0.0005171029663085802,0.10069923061370849,0.10740729333416459,0.9133690170049612,1
REACTOME_TRANSCRIPTIONAL_REGULATION_BY_TP53,90,90,0.09208527103424072,-0.0011146649169921918,0.09319993595123291,0.1122476599583629,0.9133690170049612,1
REACTOME_G_ALPHA_I_SIGNALLING_EVENTS,79,79,0.07158637680053712,-0.0034523045730590757,0.07503868137359619,0.12673826120054363,0.9133690170049612,1
REACTOME_MYD88_INDEPENDENT_TLR4_CASCADE,24,24,0.15206758600234985,-0.0011146649169921918,0.15318225091934204,0.1499427410919187,0.9159545705832426,1
REACTOME_DISEASES_ASSOCIATED_WITH_GLYCOSYLATION_PRECURSOR_BIOSYNTHESIS,6,6,-0.5164405456542969,0.0031999508666992194,-0.5196404965209961,0.156498205326957,0.9352490646515998,-1
REACTOME_THE_ROLE_OF_NEF_IN_HIV_1_REPLICATION_AND_DISEASE_PATHOGENESIS,8,8,0.3194638692378998,-0.0007795355224609335,0.32024340476036073,0.15745776756985524,0.9352490646515998,1
REACTOME_CD28_DEPENDENT_PI3K_AKT_SIGNALING,8,8,0.245774530544281,-0.0005171029663085802,0.24629163351058958,0.1555717160320825,0.9352490646515998,1
REACTOME_UB_SPECIFIC_PROCESSING_PROTEASES,33,33,0.13585638132095337,-0.0008648501586914076,0.13672123147964477,0.15753898835175228,0.9352490646515998,1
REACTOME_BETA_CATENIN_INDEPENDENT_WNT_SIGNALING,30,30,0.10118331466674806,-0.0016311756896972562,0.10281449035644531,0.16088540397367324,0.9484363325161297,1
REACTOME_ATF4_ACTIVATES_GENES_IN_RESPONSE_TO_ENDOPLASMIC_RETICULUM_STRESS,8,8,0.2442677272939682,-0.0007795355224609335,0.24504726281642913,0.16467864441666635,0.9508499811181488,1
REACTOME_DEGRADATION_OF_AXIN,7,7,0.1854763072013855,-0.0008648501586914076,0.1863411573600769,0.1637529581440505,0.9508499811181488,1
REACTOME_TERMINATION_OF_TRANSLESION_DNA_SYNTHESIS,12,12,0.18462047865629197,-0.0005171029663085802,0.18513758162260055,0.16444679347613933,0.9508499811181488,1
REACTOME_RHO_GTPASES_ACTIVATE_WASPS_AND_WAVES,6,6,-0.366788486328125,0.0031999508666992194,-0.3699884371948242,0.16830643273308601,0.9586643432026453,-1
REACTOME_POST_TRANSLATIONAL_PROTEIN_MODIFICATION,301,301,-0.06679829284667968,0.009142854156494143,-0.07594114700317382,0.16763128972738484,0.9586643432026453,-1
REACTOME_N_GLYCAN_ANTENNAE_ELONGATION_IN_THE_MEDIAL_TRANS_GOLGI,7,7,-0.24695901977539061,0.003181695137023932,-0.2501407149124145,0.16974834786317775,0.9603883036822741,-1
REACTOME_INSULIN_RECEPTOR_RECYCLING,5,5,-1.4936626293945312,0.0015817197036743225,-1.4952443490982055,0.1799852209595496,0.9652112746559316,-1
REACTOME_NOTCH_HLH_TRANSCRIPTION_PATHWAY,6,6,0.4750333987426758,-0.0005171029663085802,0.4755505017089844,0.17552954000341223,0.9652112746559316,1
REACTOME_ANTIMICROBIAL_PEPTIDES,8,8,0.39557282069683075,-0.0007795355224609335,0.39635235621929166,0.18157612813818796,0.9652112746559316,1
REACTOME_RESPIRATORY_ELECTRON_TRANSPORT,15,15,-0.3554926171874999,0.005241915740966802,-0.3607345329284667,0.1779032819503108,0.9652112746559316,-1
REACTOME_RESPIRATORY_ELECTRON_TRANSPORT_ATP_SYNTHESIS_BY_CHEMIOSMOTIC_COUPLING_AND_HEAT_PRODUCTION_BY_UNCOUPLING_PROTEINS,15,15,-0.3554926171874999,0.005241915740966802,-0.3607345329284667,0.1779032819503108,0.9652112746559316,-1
REACTOME_FCERI_MEDIATED_MAPK_ACTIVATION,10,10,-0.25273601867675777,0.0031999508666992194,-0.255935969543457,0.1843404688251542,0.9652112746559316,-1
REACTOME_ASYMMETRIC_LOCALIZATION_OF_PCP_PROTEINS,7,7,0.22333799802780152,-0.0008648501586914076,0.22420284818649294,0.18390309523998885,0.9652112746559316,1
REACTOME_RHO_GTPASE_EFFECTORS,52,52,-0.19693811462402344,0.004479434509277347,-0.2014175491333008,0.17355040575268665,0.9652112746559316,-1
REACTOME_INACTIVATION_OF_CSF3_G_CSF_SIGNALING,5,5,0.19866884971618654,-0.0006483192443847569,0.19931716896057128,0.1740654018508551,0.9652112746559316,1
REACTOME_TAK1_ACTIVATES_NFKB_BY_PHOSPHORYLATION_AND_ACTIVATION_OF_IKKS_COMPLEX,9,9,0.1854763072013855,-0.0008648501586914076,0.1863411573600769,0.1832166540547595,0.9652112746559316,1
REACTOME_CYTOPROTECTION_BY_HMOX1,19,19,0.15461942699432374,-0.0010324148559570367,0.15565184185028078,0.17812706344175633,0.9652112746559316,1
REACTOME_HDR_THROUGH_HOMOLOGOUS_RECOMBINATION_HRR,21,21,0.13512732909679415,-0.0006483192443847569,0.1357756483411789,0.1802126343773347,0.9652112746559316,1
REACTOME_TGF_BETA_RECEPTOR_SIGNALING_IN_EMT_EPITHELIAL_TO_MESENCHYMAL_TRANSITION,6,6,0.2800100163936615,-0.0007795355224609335,0.2807895519161224,0.19104721183378284,0.9701975878064996,1
REACTOME_MATURATION_OF_PROTEIN_3A,5,5,-0.23513690795898437,0.003181695137023932,-0.2383186030960083,0.18740786764500983,0.9701975878064996,-1
REACTOME_VEGFR2_MEDIATED_CELL_PROLIFERATION,5,5,0.13336421655654906,-0.0006483192443847569,0.1340125358009338,0.19015844568855428,0.9701975878064996,1
REACTOME_G_PROTEIN_BETA_GAMMA_SIGNALLING,10,10,0.12808943080902102,-0.0007795355224609335,0.12886896633148195,0.18969835288274917,0.9701975878064996,1
REACTOME_SUMOYLATION_OF_DNA_DAMAGE_RESPONSE_AND_REPAIR_PROTEINS,26,26,0.04754683137893677,-0.0009501647949218817,0.04849699617385865,0.19093168699998964,0.9701975878064996,1
REACTOME_CA_DEPENDENT_EVENTS,5,5,-0.744249560546875,0.003181695137023932,-0.7474312556838989,0.208467666695916,0.9827079997368457,-1
REACTOME_SENSORY_PROCESSING_OF_SOUND,9,9,-0.5769091455078125,0.003181695137023932,-0.5800908406448364,0.22262739847402668,0.9827079997368457,-1
REACTOME_EICOSANOID_LIGAND_BINDING_RECEPTORS,6,6,-0.4033664855957031,0.0031999508666992194,-0.4065664364624023,0.22022392050625805,0.9827079997368457,-1
REACTOME_NEF_MEDIATES_DOWN_MODULATION_OF_CELL_SURFACE_RECEPTORS_BY_RECRUITING_THEM_TO_CLATHRIN_ADAPTERS,5,5,0.3897583337402344,-0.0006483192443847569,0.39040665298461913,0.22715263733449004,0.9827079997368457,1
REACTOME_ROS_AND_RNS_PRODUCTION_IN_PHAGOCYTES,7,7,-0.3761887744140625,0.0015817197036743225,-0.37777049411773683,0.22213085775111668,0.9827079997368457,-1
REACTOME_CHOLESTEROL_BIOSYNTHESIS,11,11,-0.34853369140625,0.0034641319656372044,-0.35199782337188723,0.20989358571303762,0.9827079997368457,-1
REACTOME_ACTIVATION_OF_THE_MRNA_UPON_BINDING_OF_THE_CAP_BINDING_COMPLEX_AND_EIFS_AND_SUBSEQUENT_BINDING_TO_43S,6,6,-0.27290829772949216,0.0037283130645751894,-0.2766366107940673,0.20682965724297983,0.9827079997368457,-1
REACTOME_PEROXISOMAL_PROTEIN_IMPORT,18,18,-0.24524614685058593,0.004479434509277347,-0.24972558135986328,0.22149815940639317,0.9827079997368457,-1
REACTOME_AQUAPORIN_MEDIATED_TRANSPORT,16,16,-0.23208162345886227,0.003163439407348645,-0.2352450628662109,0.21769504631580416,0.9827079997368457,-1
REACTOME_REGULATION_OF_LIPID_METABOLISM_BY_PPARALPHA,28,28,-0.2087090155029297,0.004479434509277347,-0.21318845001220704,0.20840159601342423,0.9827079997368457,-1
REACTOME_INTERLEUKIN_7_SIGNALING,6,6,0.2044367908859253,-0.0007795355224609335,0.20521632640838625,0.21085513862097077,0.9827079997368457,1
REACTOME_SIGNALING_BY_ROBO_RECEPTORS,29,29,-0.1932793096923828,0.004103873786926268,-0.19738318347930905,0.2248107745645168,0.9827079997368457,-1
REACTOME_DEFECTS_OF_CONTACT_ACTIVATION_SYSTEM_CAS_AND_KALLIKREIN_KININ_SYSTEM_KKS,5,5,-0.18954245239257814,0.0015817197036743225,-0.19112417209625246,0.22715263733449004,0.9827079997368457,-1
REACTOME_DECTIN_1_MEDIATED_NONCANONICAL_NF_KB_SIGNALING,5,5,0.1854763072013855,-0.0006483192443847569,0.18612462644577027,0.21894057211846474,0.9827079997368457,1
REACTOME_SCF_SKP2_MEDIATED_DEGRADATION_OF_P27_P21,8,8,0.178747314453125,-0.0007795355224609335,0.17952684997558593,0.21641896589044823,0.9827079997368457,1
REACTOME_POLB_DEPENDENT_LONG_PATCH_BASE_EXCISION_REPAIR,5,5,-0.17211962768554687,0.003181695137023932,-0.1753013228225708,0.19480405730253958,0.9827079997368457,-1
REACTOME_RESOLUTION_OF_ABASIC_SITES_AP_SITES,18,18,-0.16290030853271484,0.0037283130645751894,-0.16662862159729003,0.22863242612071255,0.9827079997368457,-1
REACTOME_CELLULAR_RESPONSE_TO_HYPOXIA,8,8,0.16066634426116944,-0.0005171029663085802,0.16118344722747802,0.22954658614285156,0.9827079997368457,1
REACTOME_INTERLEUKIN_3_INTERLEUKIN_5_AND_GM_CSF_SIGNALING,16,16,0.14737144618034365,-0.0009501647949218817,0.14832161097526553,0.22190461539392825,0.9827079997368457,1
REACTOME_CELLULAR_RESPONSE_TO_CHEMICAL_STRESS,24,24,0.14523790415763854,-0.0009501647949218817,0.14618806895256042,0.21115508806664962,0.9827079997368457,1
REACTOME_APOPTOSIS,33,33,0.13585638132095337,-0.0008648501586914076,0.13672123147964477,0.22245029746143719,0.9827079997368457,1
REACTOME_DISORDERS_OF_TRANSMEMBRANE_TRANSPORTERS,30,30,0.1325675133419037,-0.0027011932373046943,0.1352687065792084,0.20301529479329294,0.9827079997368457,1
REACTOME_DISEASES_OF_PROGRAMMED_CELL_DEATH,13,13,0.12585542797088622,-0.0002585514831542901,0.12611397945404051,0.21790567997435362,0.9827079997368457,1
REACTOME_SIGNALING_BY_FGFR,18,18,0.12219256855964661,-0.0009501647949218817,0.12314273335456849,0.22985997684623638,0.9827079997368457,1
REACTOME_G2_M_CHECKPOINTS,24,24,0.11814437375068665,-0.0009501647949218817,0.11909453854560853,0.2022626405513881,0.9827079997368457,1
REACTOME_HCMV_INFECTION,24,24,0.1141884007191658,-0.0007795355224609335,0.11496793624162674,0.20519594817973774,0.9827079997368457,1
REACTOME_G1_S_SPECIFIC_TRANSCRIPTION,13,13,0.11135853561401368,-0.0008648501586914076,0.11222338577270509,0.21775111125361735,0.9827079997368457,1
REACTOME_DEATH_RECEPTOR_SIGNALLING,40,40,0.09549111694335938,-0.0033727904510497952,0.09886390739440917,0.21150915105157464,0.9827079997368457,1
REACTOME_RHOBTB_GTPASE_CYCLE,7,7,0.094536941447258,-0.0002585514831542901,0.09479549293041228,0.22866416144308319,0.9827079997368457,1
REACTOME_CLASS_A_1_RHODOPSIN_LIKE_RECEPTORS,74,74,0.06904165580749512,-0.0009501647949218817,0.069991820602417,0.22339044779335204,0.9827079997368457,1
REACTOME_CARGO_RECOGNITION_FOR_CLATHRIN_MEDIATED_ENDOCYTOSIS,17,17,0.041243094329834,-0.00038976776123046675,0.04163286209106447,0.227291329606374,0.9827079997368457,1
REACTOME_HOMOLOGY_DIRECTED_REPAIR,28,28,0.02449040288925171,-0.0005171029663085802,0.02500750585556029,0.23081397858587838,0.9827079997368457,1
REACTOME_EFFECTS_OF_PIP2_HYDROLYSIS,7,7,-0.7067540795898437,0.0015817197036743225,-0.708335799293518,0.26159417418746006,0.9856299163674839,-1
REACTOME_TRANSFERRIN_ENDOCYTOSIS_AND_RECYCLING,6,6,-0.7049418420410156,0.0,-0.7049418420410156,0.2623287518294658,0.9856299163674839,-1
REACTOME_PURINERGIC_SIGNALING_IN_LEISHMANIASIS_INFECTION,9,9,0.5524871008300781,-0.0006483192443847569,0.5531354200744629,0.42224864532589657,0.9856299163674839,1
REACTOME_ANCHORING_OF_THE_BASAL_BODY_TO_THE_PLASMA_MEMBRANE,29,29,-0.54210521484375,0.0034641319656372044,-0.5455693468093872,0.4553044810239887,0.9856299163674839,-1
REACTOME_RUNX2_REGULATES_BONE_DEVELOPMENT,7,7,0.5368782672119141,-0.0006483192443847569,0.5375265864562989,0.38412409387850016,0.9856299163674839,1
REACTOME_POST_CHAPERONIN_TUBULIN_FOLDING_PATHWAY,5,5,-0.5033146533203124,0.0015817197036743225,-0.5048963730239868,0.5797476143698616,0.9856299163674839,-1
REACTOME_REGULATION_OF_MECP2_EXPRESSION_AND_ACTIVITY,9,9,-0.49912068359374995,0.003181695137023932,-0.5023023787307739,0.2978190354046242,0.9856299163674839,-1
REACTOME_TRANSCRIPTIONAL_REGULATION_BY_MECP2,15,15,-0.49912068359374995,0.003181695137023932,-0.5023023787307739,0.2679378080902236,0.9856299163674839,-1
REACTOME_GPVI_MEDIATED_ACTIVATION_CASCADE,10,10,-0.4952935021972656,0.003163439407348645,-0.49845694160461423,0.25202488268986944,0.9856299163674839,-1
REACTOME_RHOH_GTPASE_CYCLE,5,5,-0.4865503637695312,0.003181695137023932,-0.48973205890655513,0.24912285688991015,0.9856299163674839,-1
REACTOME_SIGNALING_BY_SCF_KIT,11,11,-0.4865503637695312,0.003181695137023932,-0.48973205890655513,0.5628007676460709,0.9856299163674839,-1
REACTOME_PLASMA_LIPOPROTEIN_REMODELING,6,6,-0.4851509143447876,0.0,-0.4851509143447876,0.37039432028870933,0.9856299163674839,-1
REACTOME_MEIOTIC_RECOMBINATION,6,6,-0.47670867248535154,0.003163439407348645,-0.4798721118927002,0.2341962581537487,0.9856299163674839,-1
REACTOME_HDACS_DEACETYLATE_HISTONES,12,12,-0.4601659838867187,0.0031999508666992194,-0.4633659347534179,0.2652128250177116,0.9856299163674839,-1
REACTOME_SIGNALING_BY_WNT_IN_CANCER,5,5,-0.4587559204101562,0.0015817197036743225,-0.46033764011383055,0.646952359759227,0.9856299163674839,-1
REACTOME_MITOCHONDRIAL_CALCIUM_ION_TRANSPORT,5,5,0.42730098724365234,-0.0002585514831542901,0.42755953872680663,0.6283665327859856,0.9856299163674839,1
REACTOME_SYNTHESIS_OF_VERY_LONG_CHAIN_FATTY_ACYL_COAS,5,5,-0.42002101806640624,0.0015817197036743225,-0.42160273777008056,0.5040393268465408,0.9856299163674839,-1
REACTOME_COMPLEX_I_BIOGENESIS,9,9,-0.4113027673339843,0.0034641319656372044,-0.4147668992996215,0.269053730052602,0.9856299163674839,-1
REACTOME_INTERLEUKIN_12_SIGNALING,9,9,0.4069075743103028,-0.0002585514831542901,0.40716612579345707,0.29989988491845254,0.9856299163674839,1
REACTOME_ACTIVATION_OF_BH3_ONLY_PROTEINS,7,7,-0.40546412841796875,0.0015817197036743225,-0.4070458481216431,0.5478643483417622,0.9856299163674839,-1
REACTOME_UPTAKE_AND_ACTIONS_OF_BACTERIAL_TOXINS,6,6,-0.39907444091796873,0.003163439407348645,-0.4022378803253174,0.2734259183414612,0.9856299163674839,-1
REACTOME_MITOCHONDRIAL_TRNA_AMINOACYLATION,6,6,-0.39869603515624996,0.003163439407348645,-0.4018594745635986,0.7281619729990372,0.9856299163674839,-1
REACTOME_TP53_REGULATES_TRANSCRIPTION_OF_ADDITIONAL_CELL_CYCLE_GENES_WHOSE_EXACT_ROLE_IN_THE_P53_PATHWAY_REMAIN_UNCERTAIN,6,6,0.39848170208930966,-0.0005171029663085802,0.39899880505561824,0.39075518929422487,0.9856299163674839,1
REACTOME_NONHOMOLOGOUS_END_JOINING_NHEJ,6,6,0.385330662226677,-0.0005171029663085802,0.3858477651929856,0.32170563678429326,0.9856299163674839,1
REACTOME_PURINE_CATABOLISM,5,5,-0.36450316528320315,0.003181695137023932,-0.3676848604202271,0.3198849630833568,0.9856299163674839,-1
REACTOME_EPHB_MEDIATED_FORWARD_SIGNALING,6,6,-0.36196910034179686,0.003163439407348645,-0.3651325397491455,0.3355411394267717,0.9856299163674839,-1
REACTOME_PLASMA_LIPOPROTEIN_ASSEMBLY_REMODELING_AND_CLEARANCE,11,11,-0.3617621472167969,0.0015817197036743225,-0.3633438669204712,0.423974237608848,0.9856299163674839,-1
REACTOME_CONVERSION_FROM_APC_C_CDC20_TO_APC_C_CDH1_IN_LATE_ANAPHASE,6,6,-0.35107485229492186,0.0031999508666992194,-0.3542748031616211,0.49455025884514137,0.9856299163674839,-1
REACTOME_INHIBITION_OF_THE_PROTEOLYTIC_ACTIVITY_OF_APC_C_REQUIRED_FOR_THE_ONSET_OF_ANAPHASE_BY_MITOTIC_SPINDLE_CHECKPOINT_COMPONENTS,8,8,-0.35107485229492186,0.0031999508666992194,-0.3542748031616211,0.585548753047754,0.9856299163674839,-1
REACTOME_PHOSPHORYLATION_OF_THE_APC_C,6,6,-0.35107485229492186,0.0031999508666992194,-0.3542748031616211,0.49455025884514137,0.9856299163674839,-1
REACTOME_REGULATION_OF_PTEN_GENE_TRANSCRIPTION,15,15,0.3483799542236328,-0.0002585514831542901,0.3486385057067871,0.5423043033991244,0.9856299163674839,1
REACTOME_ROLE_OF_LAT2_NTAL_LAB_ON_CALCIUM_MOBILIZATION,6,6,-0.3305645159912109,0.003163439407348645,-0.33372795539855954,0.3759139246011147,0.9856299163674839,-1
REACTOME_DNA_DOUBLE_STRAND_BREAK_RESPONSE,8,8,0.3196582878780365,-0.0005171029663085802,0.3201753908443451,0.32896477845928207,0.9856299163674839,1
REACTOME_EPH_EPHRIN_MEDIATED_REPULSION_OF_CELLS,8,8,0.3172071569824219,-0.0005171029663085802,0.3177242599487305,0.42229200021966595,0.9856299163674839,1
REACTOME_SIGNALING_BY_KIT_IN_DISEASE,6,6,-0.31444953979492185,0.003163439407348645,-0.3176129792022705,0.7979166783893148,0.9856299163674839,-1
REACTOME_PYRUVATE_METABOLISM_AND_CITRIC_ACID_TCA_CYCLE,13,13,-0.3116466979980469,0.0034641319656372044,-0.3151108299636841,0.4027073201710155,0.9856299163674839,-1
REACTOME_UBIQUINOL_BIOSYNTHESIS,5,5,-0.3109049938964843,0.0015817197036743225,-0.3124867136001586,0.8052673837041341,0.9856299163674839,-1
REACTOME_RUNX2_REGULATES_OSTEOBLAST_DIFFERENTIATION,6,6,0.30896561828613284,-0.0005171029663085802,0.3094827212524414,0.6082446887018736,0.9856299163674839,1
REACTOME_SENSORY_PROCESSING_OF_SOUND_BY_OUTER_HAIR_CELLS_OF_THE_COCHLEA,6,6,-0.3014038259887695,0.003163439407348645,-0.30456726539611817,0.4817480450358112,0.9856299163674839,-1
REACTOME_SPHINGOLIPID_DE_NOVO_BIOSYNTHESIS,7,7,-0.3028137512207031,0.0015817197036743225,-0.3043954709243774,0.7534282199421201,0.9856299163674839,-1
REACTOME_REGULATION_OF_SIGNALING_BY_CBL,9,9,0.302051428565979,-0.0006483192443847569,0.30269974781036374,0.4165233293487759,0.9856299163674839,1
REACTOME_REGULATION_OF_RUNX1_EXPRESSION_AND_ACTIVITY,6,6,-0.3016346868038177,0.0,-0.3016346868038177,0.7860150550388465,0.9856299163674839,-1
REACTOME_DISEASES_OF_DNA_REPAIR,10,10,-0.2982448736572265,0.003163439407348645,-0.30140831306457516,0.5010529392947909,0.9856299163674839,-1
REACTOME_SULFUR_AMINO_ACID_METABOLISM,7,7,-0.29770628540039057,0.0034641319656372044,-0.3011704173660278,0.24811220831652908,0.9856299163674839,-1
REACTOME_ABERRANT_REGULATION_OF_MITOTIC_EXIT_IN_CANCER_DUE_TO_RB1_DEFECTS,7,7,-0.2903598583984375,0.003181695137023932,-0.2935415535354614,0.7927280889846204,0.9856299163674839,-1
REACTOME_CYTOSOLIC_SULFONATION_OF_SMALL_MOLECULES,6,6,-0.28280505920410154,0.003163439407348645,-0.2859684986114502,0.497967711887442,0.9856299163674839,-1
REACTOME_DISEASES_OF_IMMUNE_SYSTEM,10,10,-0.28183834808349606,0.0,-0.28183834808349606,0.3801946410496705,0.9856299163674839,-1
REACTOME_NONSENSE_MEDIATED_DECAY_NMD,13,13,-0.2724400939941406,0.0034641319656372044,-0.2759042259597778,0.6206884816432252,0.9856299163674839,-1
REACTOME_FOXO_MEDIATED_TRANSCRIPTION_OF_OXIDATIVE_STRESS_METABOLIC_AND_NEURONAL_GENES,6,6,-0.26525298034667966,0.003163439407348645,-0.2684164197540283,0.5630698424238819,0.9856299163674839,-1
REACTOME_CLASS_I_PEROXISOMAL_MEMBRANE_PROTEIN_IMPORT,6,6,-0.2538576770019531,0.0031999508666992194,-0.2570576278686523,0.4896350234731883,0.9856299163674839,-1
REACTOME_INTERACTION_BETWEEN_L1_AND_ANKYRINS,6,6,-0.25631751312255857,0.0,-0.25631751312255857,0.5117557707929187,0.9856299163674839,-1
REACTOME_MITOCHONDRIAL_IRON_SULFUR_CLUSTER_BIOGENESIS,5,5,-0.25456763916015623,0.0015817197036743225,-0.25614935886383056,0.788778769566439,0.9856299163674839,-1
REACTOME_OTHER_INTERLEUKIN_SIGNALING,5,5,0.2555059896850586,-0.0002585514831542901,0.2557645411682129,0.6799731414063142,0.9856299163674839,1
REACTOME_INTEGRIN_CELL_SURFACE_INTERACTIONS,18,18,-0.2477624096679687,0.003163439407348645,-0.25092584907531734,0.30887196785670357,0.9856299163674839,-1
REACTOME_DISEASES_ASSOCIATED_WITH_N_GLYCOSYLATION_OF_PROTEINS,6,6,0.2503842577505112,-0.0005171029663085802,0.2509013607168198,0.41208983506461033,0.9856299163674839,1
REACTOME_BMAL1_CLOCK_NPAS2_ACTIVATES_CIRCADIAN_GENE_EXPRESSION,7,7,-0.2422576110839844,0.0015817197036743225,-0.2438393307876587,0.32551942498842157,0.9856299163674839,-1
REACTOME_REGULATION_OF_TP53_ACTIVITY_THROUGH_ACETYLATION,8,8,-0.2389398205566406,0.003163439407348645,-0.24210325996398924,0.6725026271850235,0.9856299163674839,-1
REACTOME_PROCESSING_OF_CAPPED_INTRONLESS_PRE_MRNA,9,9,-0.2365703259277344,0.003181695137023932,-0.23975202106475832,0.37265967283877655,0.9856299163674839,-1
REACTOME_PROCESSING_OF_INTRONLESS_PRE_MRNAS,9,9,-0.2365703259277344,0.003181695137023932,-0.23975202106475832,0.37265967283877655,0.9856299163674839,-1
REACTOME_NUCLEOTIDE_CATABOLISM,8,8,-0.23216688720703121,0.003163439407348645,-0.23533032661437986,0.7825270947057329,0.9856299163674839,-1
REACTOME_CHAPERONE_MEDIATED_AUTOPHAGY,8,8,0.23479401938438416,-0.0005171029663085802,0.23531112235069274,0.6725026271850235,0.9856299163674839,1
REACTOME_VASOPRESSIN_REGULATES_RENAL_WATER_HOMEOSTASIS_VIA_AQUAPORINS,14,14,-0.23208162345886227,0.003163439407348645,-0.2352450628662109,0.31903457341764596,0.9856299163674839,-1
REACTOME_MITOTIC_SPINDLE_CHECKPOINT,32,32,-0.2284387420654297,0.0031999508666992194,-0.2316386929321289,0.6563547047874208,0.9856299163674839,-1
REACTOME_GLUTATHIONE_CONJUGATION,8,8,0.2306870345890522,-0.0005171029663085802,0.2312041375553608,0.6313570427082221,0.9856299163674839,1
REACTOME_SEMAPHORIN_INTERACTIONS,10,10,-0.227638793182373,0.0,-0.227638793182373,0.7593395757268081,0.9856299163674839,-1
REACTOME_DAG_AND_IP3_SIGNALING,8,8,-0.2275845159912109,0.0,-0.2275845159912109,0.7579750034978247,0.9856299163674839,-1
REACTOME_TRANSLATION_OF_SARS_COV_2_STRUCTURAL_PROTEINS,16,16,-0.2199278253173828,0.0031999508666992194,-0.22312777618408203,0.24792960776312722,0.9856299163674839,-1
REACTOME_METABOLISM_OF_NUCLEOTIDES,26,26,-0.21695180603027342,0.006004396972656256,-0.22295620300292968,0.4757629311536957,0.9856299163674839,-1
REACTOME_RHOQ_GTPASE_CYCLE,11,11,-0.21990156005859376,0.0015817197036743225,-0.2214832797622681,0.6416928854219047,0.9856299163674839,-1
REACTOME_ARACHIDONIC_ACID_METABOLISM,10,10,-0.2181635446166992,0.003163439407348645,-0.22132698402404785,0.7110137292092975,0.9856299163674839,-1
REACTOME_INTERCONVERSION_OF_NUCLEOTIDE_DI_AND_TRIPHOSPHATES,10,10,-0.21800746765136716,0.0031999508666992194,-0.22120741851806638,0.5219848116753998,0.9856299163674839,-1
REACTOME_UCH_PROTEINASES,18,18,-0.2153004266357422,0.0037283130645751894,-0.2190287397003174,0.3457156624093767,0.9856299163674839,-1
REACTOME_RNA_POLYMERASE_III_TRANSCRIPTION_INITIATION_FROM_TYPE_1_PROMOTER,10,10,-0.21461345001220705,0.003163439407348645,-0.2177768894195557,0.453141819297495,0.9856299163674839,-1
REACTOME_PROTEIN_LOCALIZATION,42,42,-0.20942584808349607,0.008258519325256342,-0.2176843674087524,0.24848784197319174,0.9856299163674839,-1
REACTOME_INTRA_GOLGI_TRAFFIC,10,10,-0.21441183044433593,0.0031999508666992194,-0.21761178131103515,0.5079804575713747,0.9856299163674839,-1
REACTOME_MRNA_DECAY_BY_5_TO_3_EXORIBONUCLEASE,5,5,0.21305818572998048,-0.0006483192443847569,0.21370650497436522,0.2555262054513347,0.9856299163674839,1
REACTOME_DISEASES_OF_MITOTIC_CELL_CYCLE,15,15,-0.20660042236328122,0.0034641319656372044,-0.2100645543289184,0.750875628994277,0.9856299163674839,-1
REACTOME_EPIGENETIC_REGULATION_OF_GENE_EXPRESSION,24,24,-0.20546621459960937,0.004479434509277347,-0.20994564910888672,0.395984048687691,0.9856299163674839,-1
REACTOME_CELL_CELL_COMMUNICATION,18,18,-0.20659043487548828,0.003163439407348645,-0.20975387428283693,0.408198236964598,0.9856299163674839,-1
REACTOME_EPH_EPHRIN_SIGNALING,14,14,-0.20659043487548828,0.003163439407348645,-0.20975387428283693,0.5657467774531206,0.9856299163674839,-1
REACTOME_INSERTION_OF_TAIL_ANCHORED_PROTEINS_INTO_THE_ENDOPLASMIC_RETICULUM_MEMBRANE,5,5,-0.20672508300781248,0.0015817197036743225,-0.2083068027114868,0.6535071576464132,0.9856299163674839,-1
REACTOME_SARS_COV_2_INFECTION,19,19,-0.20471874267578125,0.003181695137023932,-0.20790043781280518,0.38844558656922645,0.9856299163674839,-1
REACTOME_N_GLYCAN_TRIMMING_IN_THE_ER_AND_CALNEXIN_CALRETICULIN_CYCLE,6,6,0.2056409677028656,-0.0005171029663085802,0.2061580706691742,0.4169181735316328,0.9856299163674839,1
REACTOME_AGGREPHAGY,7,7,0.2050961990261078,-0.0006483192443847569,0.20574451827049256,0.3481423054490646,0.9856299163674839,1
REACTOME_TRANSLOCATION_OF_SLC2A4_GLUT4_TO_THE_PLASMA_MEMBRANE,13,13,0.2050961990261078,-0.0006483192443847569,0.20574451827049256,0.2833849943958162,0.9856299163674839,1
REACTOME_RHO_GTPASES_ACTIVATE_IQGAPS,5,5,0.2050961990261078,-0.0002585514831542901,0.20535475050926208,0.7044019477558359,0.9856299163674839,1
REACTOME_PCP_CE_PATHWAY,8,8,0.20440715261459352,-0.0007795355224609335,0.20518668813705446,0.25342250539092254,0.9856299163674839,1
REACTOME_SIGNALING_BY_NOTCH4,6,6,0.20440715261459352,-0.0005171029663085802,0.2049242555809021,0.3801670981579554,0.9856299163674839,1
REACTOME_SIALIC_ACID_METABOLISM,10,10,-0.20075697174072266,0.0031999508666992194,-0.20395692260742188,0.34442517257714433,0.9856299163674839,-1
REACTOME_TERMINATION_OF_O_GLYCAN_BIOSYNTHESIS,6,6,-0.20075697174072266,0.003163439407348645,-0.2039204111480713,0.3117099710422727,0.9856299163674839,-1
REACTOME_CELLULAR_RESPONSE_TO_STARVATION,16,16,-0.19996987976074218,0.0031999508666992194,-0.2031698306274414,0.7240725975878839,0.9856299163674839,-1
REACTOME_TRNA_AMINOACYLATION,7,7,-0.19831411865234375,0.003181695137023932,-0.20149581378936768,0.7433804749081155,0.9856299163674839,-1
REACTOME_ASSEMBLY_OF_THE_ORC_COMPLEX_AT_THE_ORIGIN_OF_REPLICATION,6,6,0.2007067589738965,-0.0005171029663085802,0.20122386194020508,0.5210516199265035,0.9856299163674839,1
REACTOME_TELOMERE_C_STRAND_SYNTHESIS_INITIATION,6,6,-0.19763237609863282,0.003163439407348645,-0.20079581550598147,0.657470077684402,0.9856299163674839,-1
REACTOME_METABOLISM_OF_STEROIDS,31,31,-0.1967053271484375,0.003181695137023932,-0.19988702228546143,0.5252733163342596,0.9856299163674839,-1
REACTOME_TRANSCRIPTIONAL_REGULATION_OF_WHITE_ADIPOCYTE_DIFFERENTIATION,22,22,-0.19377090209960937,0.0037283130645751894,-0.19749921516418456,0.7926498632936883,0.9856299163674839,-1
REACTOME_PERK_REGULATES_GENE_EXPRESSION,9,9,0.1951790412425995,-0.0006483192443847569,0.19582736048698424,0.2432582160463468,0.9856299163674839,1
REACTOME_ACTIVATION_OF_ANTERIOR_HOX_GENES_IN_HINDBRAIN_DEVELOPMENT_DURING_EARLY_EMBRYOGENESIS,21,21,-0.19153656127929689,0.0034641319656372044,-0.19500069324493408,0.48781673292292427,0.9856299163674839,-1
REACTOME_SIGNALING_BY_RETINOIC_ACID,11,11,-0.19153656127929689,0.003181695137023932,-0.19471825641632082,0.5951028865363717,0.9856299163674839,-1
REACTOME_SIGNALING_BY_CSF3_G_CSF,6,6,0.192072578458786,-0.0005171029663085802,0.19258968142509458,0.252038237093903,0.9856299163674839,1
REACTOME_ERYTHROPOIETIN_ACTIVATES_PHOSPHOINOSITIDE_3_KINASE_PI3K,6,6,0.19207073099136351,-0.0005171029663085802,0.1925878339576721,0.8071025067473774,0.9856299163674839,1
REACTOME_RMTS_METHYLATE_HISTONE_ARGININES,11,11,-0.190604248046875,0.0015817197036743225,-0.19218596775054933,0.7144216754961361,0.9856299163674839,-1
REACTOME_FATTY_ACID_METABOLISM,37,37,-0.18607178222656248,0.0034641319656372044,-0.18953591419219967,0.514071133045072,0.9856299163674839,-1
REACTOME_AUTOPHAGY,30,30,0.18798636192321777,-0.0005171029663085802,0.18850346488952635,0.4837413169542384,0.9856299163674839,1
REACTOME_SELECTIVE_AUTOPHAGY,16,16,-0.18369642852783202,0.003163439407348645,-0.18685986793518067,0.8098366048046554,0.9856299163674839,-1
REACTOME_NOD1_2_SIGNALING_PATHWAY,9,9,0.1854763072013855,-0.0008648501586914076,0.1863411573600769,0.47335593256784503,0.9856299163674839,1
REACTOME_G1_S_DNA_DAMAGE_CHECKPOINTS,7,7,0.1854763072013855,-0.0006483192443847569,0.18612462644577027,0.36186772641941145,0.9856299163674839,1
REACTOME_IKK_COMPLEX_RECRUITMENT_MEDIATED_BY_RIP1,5,5,0.1854763072013855,-0.0006483192443847569,0.18612462644577027,0.5891580798984714,0.9856299163674839,1
REACTOME_NEGATIVE_REGULATION_OF_FGFR1_SIGNALING,5,5,0.1854763072013855,-0.0006483192443847569,0.18612462644577027,0.630215454392996,0.9856299163674839,1
REACTOME_NEGATIVE_REGULATION_OF_FGFR2_SIGNALING,5,5,0.1854763072013855,-0.0006483192443847569,0.18612462644577027,0.630215454392996,0.9856299163674839,1
REACTOME_ASSEMBLY_OF_THE_HIV_VIRION,5,5,0.1854763072013855,-0.0002585514831542901,0.1857348586845398,0.5432198871798043,0.9856299163674839,1
REACTOME_LATE_ENDOSOMAL_MICROAUTOPHAGY,9,9,0.1854763072013855,-0.0002585514831542901,0.1857348586845398,0.792778980326427,0.9856299163674839,1
REACTOME_REGULATION_OF_PLK1_ACTIVITY_AT_G2_M_TRANSITION,25,25,0.1854763072013855,-0.0002585514831542901,0.1857348586845398,0.7504969949943451,0.9856299163674839,1
REACTOME_ACTIVATION_OF_THE_PRE_REPLICATIVE_COMPLEX,12,12,-0.1820358349609375,0.003163439407348645,-0.18519927436828615,0.43166356976884734,0.9856299163674839,-1
REACTOME_E2F_MEDIATED_REGULATION_OF_DNA_REPLICATION,8,8,-0.1820358349609375,0.003163439407348645,-0.18519927436828615,0.6406178683380972,0.9856299163674839,-1
REACTOME_MISMATCH_REPAIR,5,5,0.18376465011119844,-0.0002585514831542901,0.18402320159435273,0.49364136829451816,0.9856299163674839,1
REACTOME_TRANSLESION_SYNTHESIS_BY_POLH,9,9,0.18376465011119844,-0.0002585514831542901,0.18402320159435273,0.37586676602000446,0.9856299163674839,1
REACTOME_TRANSLESION_SYNTHESIS_BY_POLK,7,7,0.18376465011119844,-0.0002585514831542901,0.18402320159435273,0.37500644381521575,0.9856299163674839,1
REACTOME_TRANSLESION_SYNTHESIS_BY_Y_FAMILY_DNA_POLYMERASES_BYPASSES_LESIONS_ON_DNA_TEMPLATE,13,13,0.18376465011119844,-0.0002585514831542901,0.18402320159435273,0.34580032237128244,0.9856299163674839,1
REACTOME_INTERACTIONS_OF_VPR_WITH_HOST_CELLULAR_PROTEINS,11,11,0.1828885037088394,-0.0006483192443847569,0.18353682295322415,0.3109611494330641,0.9856299163674839,1
REACTOME_NUCLEAR_ENVELOPE_NE_REASSEMBLY,15,15,0.1828885037088394,-0.0006483192443847569,0.18353682295322415,0.2868623140720372,0.9856299163674839,1
REACTOME_POSTMITOTIC_NUCLEAR_PORE_COMPLEX_NPC_REFORMATION,7,7,0.1828885037088394,-0.0002585514831542901,0.1831470551919937,0.44050407110392975,0.9856299163674839,1
REACTOME_HDMS_DEMETHYLATE_HISTONES,6,6,-0.1825697232055664,0.0,-0.1825697232055664,0.7268222102609794,0.9856299163674839,-1
REACTOME_RHOU_GTPASE_CYCLE,10,10,-0.17910540679931639,0.003163439407348645,-0.18226884620666503,0.5562601934112421,0.9856299163674839,-1
REACTOME_TRANSCRIPTIONAL_REGULATION_BY_THE_AP_2_TFAP2_FAMILY_OF_TRANSCRIPTION_FACTORS,10,10,-0.1780804928588867,0.0031999508666992194,-0.1812804437255859,0.6566473091889256,0.9856299163674839,-1
REACTOME_REGULATION_OF_TP53_ACTIVITY_THROUGH_METHYLATION,6,6,0.17788541511535644,-0.0005171029663085802,0.17840251808166502,0.6199836836742948,0.9856299163674839,1
REACTOME_GLUCONEOGENESIS,6,6,-0.17452516296386716,0.003163439407348645,-0.1776886023712158,0.7974580758655392,0.9856299163674839,-1
REACTOME_DUAL_INCISION_IN_TC_NER,23,23,-0.17321228088378907,0.004103873786926268,-0.17731615467071532,0.6629391954133754,0.9856299163674839,-1
REACTOME_ESTROGEN_DEPENDENT_GENE_EXPRESSION,29,29,-0.17321228088378907,0.004103873786926268,-0.17731615467071532,0.6450151095327529,0.9856299163674839,-1
REACTOME_DNA_REPAIR,80,80,-0.16768908142089842,0.009156059265136712,-0.17684514068603513,0.3156639916849977,0.9856299163674839,-1
REACTOME_MITOCHONDRIAL_FATTY_ACID_BETA_OXIDATION,5,5,0.17649976742744447,-0.0002585514831542901,0.17675831891059876,0.3137724544308362,0.9856299163674839,1
REACTOME_TRANSPORT_OF_MATURE_TRANSCRIPT_TO_CYTOPLASM,21,21,-0.17316360595703126,0.0034641319656372044,-0.17662773792266845,0.4245722701568867,0.9856299163674839,-1
REACTOME_SIGNALING_BY_NOTCH,35,35,-0.17466679931640625,0.0015817197036743225,-0.17624851902008057,0.6147527414288807,0.9856299163674839,-1
REACTOME_RHOA_GTPASE_CYCLE,33,33,-0.17397466918945312,0.0015817197036743225,-0.17555638889312744,0.37014150451341654,0.9856299163674839,-1
REACTOME_BIOSYNTHESIS_OF_THE_N_GLYCAN_PRECURSOR_DOLICHOL_LIPID_LINKED_OLIGOSACCHARIDE_LLO_AND_TRANSFER_TO_A_NASCENT_PROTEIN,22,22,-0.17069096099853515,0.0037283130645751894,-0.17441927406311034,0.24525268442292958,0.9856299163674839,-1
REACTOME_ANTIGEN_ACTIVATES_B_CELL_RECEPTOR_BCR_LEADING_TO_GENERATION_OF_SECOND_MESSENGERS,12,12,0.17300154008865357,-0.0005171029663085802,0.17351864305496215,0.7140969152919622,0.9856299163674839,1
REACTOME_ASSEMBLY_AND_CELL_SURFACE_PRESENTATION_OF_NMDA_RECEPTORS,7,7,0.1704821047782898,-0.0006483192443847569,0.17113042402267453,0.4109704832719386,0.9856299163674839,1
REACTOME_DOWNSTREAM_SIGNAL_TRANSDUCTION,10,10,-0.16781401275634764,0.0031999508666992194,-0.17101396362304686,0.2615203587034287,0.9856299163674839,-1
REACTOME_REPRESSION_OF_WNT_TARGET_GENES,6,6,-0.16781695861816404,0.003163439407348645,-0.17098039802551268,0.6263107406552831,0.9856299163674839,-1
REACTOME_RAS_ACTIVATION_UPON_CA2_INFLUX_THROUGH_NMDA_RECEPTOR,5,5,0.1704821047782898,-0.0002585514831542901,0.17074065626144408,0.31794684360478687,0.9856299163674839,1
REACTOME_PKMTS_METHYLATE_HISTONE_LYSINES,9,9,0.1702945230293274,-0.0002585514831542901,0.1705530745124817,0.32318456065169676,0.9856299163674839,1
REACTOME_SARS_COV_INFECTIONS,39,39,-0.16637703552246094,0.003445876235961917,-0.16982291175842285,0.39787593641322405,0.9856299163674839,-1
REACTOME_NEDDYLATION,45,45,-0.16533482055664064,0.0034641319656372044,-0.16879895252227783,0.25981275125494785,0.9856299163674839,-1
REACTOME_MITOTIC_G2_G2_M_PHASES,42,42,0.16723149316787722,-0.0011146649169921918,0.1683461580848694,0.5199184430380729,0.9856299163674839,1
REACTOME_O_LINKED_GLYCOSYLATION_OF_MUCINS,13,13,-0.16637703552246094,0.0015817197036743225,-0.16795875522613526,0.47021315716037726,0.9856299163674839,-1
REACTOME_TRANSLATION_OF_SARS_COV_1_STRUCTURAL_PROTEINS,9,9,-0.16637703552246094,0.0015817197036743225,-0.16795875522613526,0.5728013605613724,0.9856299163674839,-1
REACTOME_EGFR_DOWNREGULATION,7,7,0.16762102604866028,-0.0002585514831542901,0.16787957753181457,0.8063734178570421,0.9856299163674839,1
REACTOME_DNA_DAMAGE_RECOGNITION_IN_GG_NER,17,17,-0.16325853515624997,0.004103873786926268,-0.16736240894317622,0.2430033858491698,0.9856299163674839,-1
REACTOME_FOXO_MEDIATED_TRANSCRIPTION_OF_CELL_DEATH_GENES,8,8,0.16617999013543128,-0.0005171029663085802,0.16669709310173986,0.66872054382536,0.9856299163674839,1
REACTOME_FORMATION_OF_INCISION_COMPLEX_IN_GG_NER,15,15,-0.16325853515624997,0.003181695137023932,-0.1664402302932739,0.678970926211656,0.9856299163674839,-1
REACTOME_INTERLEUKIN_17_SIGNALING,15,15,0.16476551273345946,-0.0008648501586914076,0.16563036289215088,0.2901899574668023,0.9856299163674839,1
REACTOME_COLLAGEN_DEGRADATION,13,13,-0.16387479431152344,0.0015817197036743225,-0.16545651401519776,0.34495386647571546,0.9856299163674839,-1
REACTOME_MAP3K8_TPL2_DEPENDENT_MAPK1_3_ACTIVATION,5,5,0.16476551273345946,-0.0006483192443847569,0.1654138319778442,0.38281746941315364,0.9856299163674839,1
REACTOME_HSP90_CHAPERONE_CYCLE_FOR_STEROID_HORMONE_RECEPTORS_SHR_IN_THE_PRESENCE_OF_LIGAND,12,12,0.16447098874568938,-0.0005171029663085802,0.16498809171199796,0.3069978141772478,0.9856299163674839,1
REACTOME_MAP2K_AND_MAPK_ACTIVATION,8,8,-0.16177724365234372,0.003163439407348645,-0.16494068305969237,0.362024193111159,0.9856299163674839,-1
REACTOME_INTRINSIC_PATHWAY_FOR_APOPTOSIS,10,10,0.16346912017822265,-0.0005171029663085802,0.16398622314453123,0.5097958661777021,0.9856299163674839,1
REACTOME_BASE_EXCISION_REPAIR_AP_SITE_FORMATION,8,8,-0.16279115921020504,0.0,-0.16279115921020504,0.7130678070746268,0.9856299163674839,-1
REACTOME_CDT1_ASSOCIATION_WITH_THE_CDC6_ORC_ORIGIN_COMPLEX,8,8,0.16066634426116944,-0.0007795355224609335,0.16144587978363037,0.3365842412556732,0.9856299163674839,1
REACTOME_PTEN_REGULATION,26,26,0.16066634426116944,-0.0007795355224609335,0.16144587978363037,0.5902437491134209,0.9856299163674839,1
REACTOME_REGULATION_OF_PTEN_STABILITY_AND_ACTIVITY,8,8,0.16066634426116944,-0.0007795355224609335,0.16144587978363037,0.486204501901388,0.9856299163674839,1
REACTOME_BBSOME_MEDIATED_CARGO_TARGETING_TO_CILIUM,9,9,-0.15794687255859377,0.003181695137023932,-0.1611285676956177,0.4776604805830814,0.9856299163674839,-1
REACTOME_CARGO_TRAFFICKING_TO_THE_PERICILIARY_MEMBRANE,11,11,-0.15794687255859377,0.003181695137023932,-0.1611285676956177,0.42137183160933567,0.9856299163674839,-1
REACTOME_SIGNALING_BY_FGFR3,8,8,0.1594202618789673,-0.0007795355224609335,0.16019979740142823,0.32766203254118786,0.9856299163674839,1
REACTOME_INTERLEUKIN_12_FAMILY_SIGNALING,11,11,-0.15794687255859377,0.0015817197036743225,-0.1595285922622681,0.7578176328024366,0.9856299163674839,-1
REACTOME_GLYCOGEN_STORAGE_DISEASES,6,6,0.15658850838661192,-0.0007795355224609335,0.15736804390907286,0.4397455190338969,0.9856299163674839,1
REACTOME_GLYCOGEN_SYNTHESIS,6,6,0.15658850838661192,-0.0007795355224609335,0.15736804390907286,0.4494236797447249,0.9856299163674839,1
REACTOME_BASE_EXCISION_REPAIR,21,21,-0.1536809893798828,0.0034641319656372044,-0.15714512134552,0.3513607556884355,0.9856299163674839,-1
REACTOME_RESOLUTION_OF_AP_SITES_VIA_THE_MULTIPLE_NUCLEOTIDE_PATCH_REPLACEMENT_PATHWAY,13,13,-0.1536809893798828,0.0034641319656372044,-0.15714512134552,0.37447329058209344,0.9856299163674839,-1
REACTOME_FLT3_SIGNALING,14,14,0.15566586758613588,-0.0005171029663085802,0.15618297055244446,0.3081149408815377,0.9856299163674839,1
REACTOME_CREB1_PHOSPHORYLATION_THROUGH_NMDA_RECEPTOR_MEDIATED_ACTIVATION_OF_RAS_SIGNALING,6,6,0.154925882024765,-0.0005171029663085802,0.1554429849910736,0.2558654240072364,0.9856299163674839,1
REACTOME_TNFR2_NON_CANONICAL_NF_KB_PATHWAY,25,25,0.15401555998802186,-0.0008648501586914076,0.15488041014671328,0.48832154632692426,0.9856299163674839,1
REACTOME_ERYTHROCYTES_TAKE_UP_CARBON_DIOXIDE_AND_RELEASE_OXYGEN,5,5,0.15461942699432374,-0.0002585514831542901,0.15487797847747803,0.7743607885488313,0.9856299163674839,1
REACTOME_ERYTHROCYTES_TAKE_UP_OXYGEN_AND_RELEASE_CARBON_DIOXIDE,5,5,0.15461942699432374,-0.0002585514831542901,0.15487797847747803,0.7743607885488313,0.9856299163674839,1
REACTOME_NUCLEOTIDE_SALVAGE,6,6,-0.15121936523437499,0.003163439407348645,-0.15438280464172363,0.6488739799018537,0.9856299163674839,-1
REACTOME_B_WICH_COMPLEX_POSITIVELY_REGULATES_RRNA_EXPRESSION,7,7,-0.15055765869140622,0.0034641319656372044,-0.1540217906570434,0.3986663764499412,0.9856299163674839,-1
REACTOME_RNA_POLYMERASE_I_TRANSCRIPTION_TERMINATION,9,9,-0.15055765869140622,0.0034641319656372044,-0.1540217906570434,0.40297083819897506,0.9856299163674839,-1
REACTOME_TIE2_SIGNALING,6,6,-0.15038219665527341,0.003163439407348645,-0.15354563606262206,0.6704451114379115,0.9856299163674839,-1
REACTOME_MITOCHONDRIAL_PROTEIN_IMPORT,15,15,-0.14877396484374997,0.003181695137023932,-0.1519556599807739,0.7743860788374821,0.9856299163674839,-1
REACTOME_INTERLEUKIN_6_FAMILY_SIGNALING,6,6,0.1513646727371216,-0.0005171029663085802,0.15188177570343017,0.7290555880726635,0.9856299163674839,1
REACTOME_RRNA_PROCESSING,40,40,-0.14751957794189452,0.0037283130645751894,-0.1512478910064697,0.47999471206009137,0.9856299163674839,-1
REACTOME_GLUCOSE_METABOLISM,18,18,-0.14802131622314452,0.003163439407348645,-0.15118475563049316,0.8114201209478455,0.9856299163674839,-1
REACTOME_GLYCOLYSIS,14,14,-0.14802131622314452,0.003163439407348645,-0.15118475563049316,0.5296191763481557,0.9856299163674839,-1
REACTOME_HATS_ACETYLATE_HISTONES,26,26,-0.14470904632568357,0.006004396972656256,-0.15071344329833983,0.3310364678604373,0.9856299163674839,-1
REACTOME_DEGRADATION_OF_CYSTEINE_AND_HOMOCYSTEINE,5,5,-0.1456694006347656,0.003181695137023932,-0.14885109577178954,0.6957459893153217,0.9856299163674839,-1
REACTOME_TP53_REGULATES_TRANSCRIPTION_OF_GENES_INVOLVED_IN_G2_CELL_CYCLE_ARREST,5,5,0.14807959800720216,-0.0002585514831542901,0.14833814949035645,0.7097094232684771,0.9856299163674839,1
REACTOME_ESTROGEN_DEPENDENT_NUCLEAR_EVENTS_DOWNSTREAM_OF_ESR_MEMBRANE_SIGNALING,8,8,0.14673822700977324,-0.0005171029663085802,0.14725532997608182,0.5692038020615805,0.9856299163674839,1
REACTOME_NRAGE_SIGNALS_DEATH_THROUGH_JNK,20,20,-0.14720853012084956,0.0,-0.14720853012084956,0.2839846465079935,0.9856299163674839,-1
REACTOME_DEGRADATION_OF_GLI1_BY_THE_PROTEASOME,7,7,0.14486145402908326,-0.0008648501586914076,0.14572630418777466,0.35219721805664295,0.9856299163674839,1
REACTOME_INTERLEUKIN_37_SIGNALING,5,5,0.145075361328125,-0.0002585514831542901,0.1453339128112793,0.6292907213987131,0.9856299163674839,1
REACTOME_S_PHASE,46,46,-0.1383399169921875,0.006004396972656256,-0.14434431396484376,0.3351349347311108,0.9856299163674839,-1
REACTOME_CD209_DC_SIGN_SIGNALING,5,5,-0.14234871582031247,0.0015817197036743225,-0.1439304355239868,0.7718820862980686,0.9856299163674839,-1
REACTOME_DAP12_INTERACTIONS,13,13,-0.14234871582031247,0.0015817197036743225,-0.1439304355239868,0.4458897874335832,0.9856299163674839,-1
REACTOME_RAS_PROCESSING,7,7,-0.14234871582031247,0.0015817197036743225,-0.1439304355239868,0.7184466587002638,0.9856299163674839,-1
REACTOME_SMOOTH_MUSCLE_CONTRACTION,7,7,0.1432265930557251,-0.0002585514831542901,0.1434851445388794,0.6682439823403498,0.9856299163674839,1
REACTOME_CHONDROITIN_SULFATE_DERMATAN_SULFATE_METABOLISM,7,7,0.14275443618774414,-0.0006483192443847569,0.14340275543212888,0.40906363341091534,0.9856299163674839,1
REACTOME_ION_TRANSPORT_BY_P_TYPE_ATPASES,10,10,-0.14323786697387692,0.0,-0.14323786697387692,0.5340116785191446,0.9856299163674839,-1
REACTOME_ASPARAGINE_N_LINKED_GLYCOSYLATION,60,60,-0.13990286865234375,0.0031999508666992194,-0.14310281951904297,0.41152496640292835,0.9856299163674839,-1
REACTOME_GROWTH_HORMONE_RECEPTOR_SIGNALING,6,6,0.1403794415664673,-0.0005171029663085802,0.1408965445327759,0.30592192344823965,0.9856299163674839,1
REACTOME_TP53_REGULATES_TRANSCRIPTION_OF_CELL_CYCLE_GENES,14,14,0.13979148866653443,-0.0005171029663085802,0.140308591632843,0.6105465244197528,0.9856299163674839,1
REACTOME_MAPK_TARGETS_NUCLEAR_EVENTS_MEDIATED_BY_MAP_KINASES,9,9,0.13936965927124023,-0.0002585514831542901,0.13962821075439452,0.6623437064687774,0.9856299163674839,1
REACTOME_MHC_CLASS_II_ANTIGEN_PRESENTATION,32,32,-0.13555105499267578,0.0037283130645751894,-0.13927936805725097,0.7930021501319748,0.9856299163674839,-1
REACTOME_INTERLEUKIN_1_SIGNALING,19,19,0.13670935878753662,-0.0010324148559570367,0.13774177364349366,0.29168341561181377,0.9856299163674839,1
REACTOME_SIGNALING_BY_ALK_IN_CANCER,10,10,0.13646206164360047,-0.0005171029663085802,0.13697916460990905,0.5521529288706414,0.9856299163674839,1
REACTOME_DNA_STRAND_ELONGATION,14,14,-0.1330763021850586,0.0037283130645751894,-0.13680461524963378,0.3188408440381314,0.9856299163674839,-1
REACTOME_HEDGEHOG_ON_STATE,11,11,0.13585638132095337,-0.0008648501586914076,0.13672123147964477,0.44459325121312776,0.9856299163674839,1
REACTOME_ACTIVATION_OF_NMDA_RECEPTORS_AND_POSTSYNAPTIC_EVENTS,17,17,0.1362666820383072,-0.0002585514831542901,0.13652523352146148,0.7840230117359311,0.9856299163674839,1
REACTOME_LONG_TERM_POTENTIATION,5,5,0.1362666820383072,-0.0002585514831542901,0.13652523352146148,0.7972623939623616,0.9856299163674839,1
REACTOME_NEUREXINS_AND_NEUROLIGINS,5,5,0.13568422302246094,-0.0006483192443847569,0.1363325422668457,0.3911552996336663,0.9856299163674839,1
REACTOME_PROTEIN_PROTEIN_INTERACTIONS_AT_SYNAPSES,9,9,0.13568422302246094,-0.0006483192443847569,0.1363325422668457,0.5192793825038964,0.9856299163674839,1
REACTOME_PCNA_DEPENDENT_LONG_PATCH_BASE_EXCISION_REPAIR,10,10,-0.1330763021850586,0.0031999508666992194,-0.1362762530517578,0.8053367203780744,0.9856299163674839,-1
REACTOME_TRNA_PROCESSING_IN_THE_NUCLEUS,21,21,-0.1330640887451172,0.003181695137023932,-0.13624578388214112,0.41423815661502417,0.9856299163674839,-1
REACTOME_DNA_DAMAGE_BYPASS,16,16,0.13540460330724718,-0.0005171029663085802,0.13592170627355576,0.2587894692117987,0.9856299163674839,1
REACTOME_RESOLUTION_OF_D_LOOP_STRUCTURES,7,7,0.13512732909679415,-0.0006483192443847569,0.1357756483411789,0.2703536962546705,0.9856299163674839,1
REACTOME_COLLAGEN_BIOSYNTHESIS_AND_MODIFYING_ENZYMES,12,12,-0.13543801147460935,0.0,-0.13543801147460935,0.4298996284569665,0.9856299163674839,-1
REACTOME_COLLAGEN_FORMATION,16,16,-0.13543801147460935,0.0,-0.13543801147460935,0.2873662080093421,0.9856299163674839,-1
REACTOME_PROGRAMMED_CELL_DEATH,38,38,0.13367988032341005,-0.0007795355224609335,0.13445941584587098,0.39670438267818275,0.9856299163674839,1
REACTOME_SIGNALING_BY_FGFR1,9,9,0.13336421655654906,-0.0008648501586914076,0.13422906671524049,0.3807092449138394,0.9856299163674839,1
REACTOME_COMPLEMENT_CASCADE,13,13,0.1334393496656418,-0.0006483192443847569,0.13408766891002655,0.2526463312567909,0.9856299163674839,1
REACTOME_DOWNSTREAM_SIGNALING_OF_ACTIVATED_FGFR2,5,5,0.13336421655654906,-0.0006483192443847569,0.1340125358009338,0.38245730317319737,0.9856299163674839,1
REACTOME_SIGNALING_BY_EGFR,11,11,0.13336421655654906,-0.0006483192443847569,0.1340125358009338,0.5109211877267879,0.9856299163674839,1
REACTOME_SIGNALING_BY_FGFR4,7,7,0.13336421655654906,-0.0006483192443847569,0.1340125358009338,0.569519259981154,0.9856299163674839,1
REACTOME_DNA_REPLICATION_PRE_INITIATION,19,19,0.1315033793258667,-0.0008648501586914076,0.13236822948455812,0.5675233767362784,0.9856299163674839,1
REACTOME_CYCLIN_D_ASSOCIATED_EVENTS_IN_G1,17,17,0.1315033793258667,-0.0006483192443847569,0.13215169857025144,0.31777383432457484,0.9856299163674839,1
REACTOME_TRANSCRIPTION_OF_E2F_TARGETS_UNDER_NEGATIVE_CONTROL_BY_DREAM_COMPLEX,9,9,0.1315033793258667,-0.0002585514831542901,0.131761930809021,0.7813072224044989,0.9856299163674839,1
REACTOME_EGR2_AND_SOX10_MEDIATED_INITIATION_OF_SCHWANN_CELL_MYELINATION,6,6,0.1294908650970459,-0.0005171029663085802,0.1300079680633545,0.4145000619421882,0.9856299163674839,1
REACTOME_PECAM1_INTERACTIONS,6,6,0.12856584000825882,-0.0005171029663085802,0.1290829429745674,0.41865021431577304,0.9856299163674839,1
REACTOME_NEGATIVE_REGULATION_OF_THE_PI3K_AKT_NETWORK,25,25,0.12763993461608886,-0.001372920303344724,0.1290128549194336,0.24355734802932238,0.9856299163674839,1
REACTOME_REGULATION_OF_RAS_BY_GAPS,8,8,0.12669127373695374,-0.0005171029663085802,0.12720837670326232,0.680851234268756,0.9856299163674839,1
REACTOME_DEFECTIVE_INTRINSIC_PATHWAY_FOR_APOPTOSIS,7,7,0.12585542797088622,-0.0002585514831542901,0.12611397945404051,0.4109704832719386,0.9856299163674839,1
REACTOME_ADVANCED_GLYCOSYLATION_ENDPRODUCT_RECEPTOR_SIGNALING,5,5,-0.12288867736816403,0.003181695137023932,-0.12607037250518796,0.7005503678457712,0.9856299163674839,-1
REACTOME_A_TETRASACCHARIDE_LINKER_SEQUENCE_IS_REQUIRED_FOR_GAG_SYNTHESIS,6,6,0.12295325275421143,-0.0005171029663085802,0.12347035572052001,0.7819062004359829,0.9856299163674839,1
REACTOME_DISEASES_OF_CARBOHYDRATE_METABOLISM,9,9,0.12313346895694734,-0.0002585514831542901,0.12339202044010163,0.5731397099586508,0.9856299163674839,1
REACTOME_DOWNSTREAM_SIGNALING_OF_ACTIVATED_FGFR1,6,6,0.12219256855964661,-0.0007795355224609335,0.12297210408210754,0.3398229580197561,0.9856299163674839,1
REACTOME_PARASITE_INFECTION,12,12,-0.1195758071899414,0.0031999508666992194,-0.12277575805664062,0.6693092423730336,0.9856299163674839,-1
REACTOME_PROCESSING_OF_CAPPED_INTRON_CONTAINING_PRE_MRNA,56,56,-0.11859810668945311,0.0037283130645751894,-0.1223264197540283,0.7293606810194664,0.9856299163674839,-1
REACTOME_ABC_FAMILY_PROTEINS_MEDIATED_TRANSPORT,17,17,0.11921396476745606,-0.0008648501586914076,0.12007881492614747,0.7552233802002907,0.9856299163674839,1
REACTOME_ORC1_REMOVAL_FROM_CHROMATIN,12,12,0.11814437375068665,-0.0007795355224609335,0.11892390927314758,0.7566140820680276,0.9856299163674839,1
REACTOME_TIGHT_JUNCTION_INTERACTIONS,7,7,0.11799930404663087,-0.0006483192443847569,0.11864762329101562,0.5820120524716547,0.9856299163674839,1
REACTOME_DISEASES_ASSOCIATED_WITH_O_GLYCOSYLATION_OF_PROTEINS,9,9,0.11620742088317872,-0.0006483192443847569,0.11685574012756347,0.7752081806176462,0.9856299163674839,1
REACTOME_SYNTHESIS_OF_DNA,31,31,-0.11247161499023436,0.004103873786926268,-0.11657548877716063,0.5508507624384088,0.9856299163674839,-1
REACTOME_INTERLEUKIN_20_FAMILY_SIGNALING,5,5,0.11560909339904786,-0.0006483192443847569,0.11625741264343262,0.38715474034039976,0.9856299163674839,1
REACTOME_TRANSCRIPTION_COUPLED_NUCLEOTIDE_EXCISION_REPAIR_TC_NER,25,25,-0.11247161499023436,0.0034641319656372044,-0.11593574695587157,0.7144630019388518,0.9856299163674839,-1
REACTOME_CHROMATIN_MODIFYING_ENZYMES,61,61,-0.10905467956542966,0.006875338134765638,-0.1159300177001953,0.6382651746644639,0.9856299163674839,-1
REACTOME_SIGNALING_BY_CYTOSOLIC_FGFR1_FUSION_MUTANTS,5,5,0.11565982223510743,-0.0002585514831542901,0.11591837371826172,0.45871813979815024,0.9856299163674839,1
REACTOME_HCMV_EARLY_EVENTS,20,20,0.1141884007191658,-0.0007795355224609335,0.11496793624162674,0.3214281504101524,0.9856299163674839,1
REACTOME_ABORTIVE_ELONGATION_OF_HIV_1_TRANSCRIPT_IN_THE_ABSENCE_OF_TAT,6,6,-0.110194599609375,0.003163439407348645,-0.11335803901672364,0.8098632708287312,0.9856299163674839,-1
REACTOME_INHIBITION_OF_DNA_RECOMBINATION_AT_TELOMERE,8,8,-0.110194599609375,0.003163439407348645,-0.11335803901672364,0.7837206192148243,0.9856299163674839,-1
REACTOME_METABOLISM_OF_POLYAMINES,8,8,0.11175709561347962,-0.0005171029663085802,0.1122741985797882,0.6581739310648119,0.9856299163674839,1
REACTOME_TRANSPORT_OF_BILE_SALTS_AND_ORGANIC_ACIDS_METAL_IONS_AND_AMINE_COMPOUNDS,11,11,0.110904260597229,-0.0006483192443847569,0.11155257984161376,0.6575543571259014,0.9856299163674839,1
REACTOME_AMINO_ACIDS_REGULATE_MTORC1,8,8,-0.11128313755035402,0.0,-0.11128313755035402,0.7658706593067093,0.9856299163674839,-1
REACTOME_ZINC_TRANSPORTERS,5,5,0.110904260597229,-0.0002585514831542901,0.1111628120803833,0.522175295105095,0.9856299163674839,1
REACTOME_SLC_TRANSPORTER_DISORDERS,19,19,0.10955780296325685,-0.0006483192443847569,0.1102061222076416,0.7362297217894295,0.9856299163674839,1
REACTOME_INTERLEUKIN_RECEPTOR_SHC_SIGNALING,9,9,0.10926658515930177,-0.0008648501586914076,0.11013143531799317,0.23317016766981957,0.9856299163674839,1
REACTOME_RESPONSE_TO_ELEVATED_PLATELET_CYTOSOLIC_CA2,38,38,0.10831148086547852,-0.0016311756896972562,0.10994265655517578,0.34857879064829445,0.9856299163674839,1
REACTOME_CIRCADIAN_CLOCK,21,21,0.109116996383667,-0.0006483192443847569,0.10976531562805175,0.7954723014675165,0.9856299163674839,1
REACTOME_APC_C_CDH1_MEDIATED_DEGRADATION_OF_CDC20_AND_OTHER_APC_C_CDH1_TARGETED_PROTEINS_IN_LATE_MITOSIS_EARLY_G1,12,12,0.10873320202827454,-0.0005171029663085802,0.10925030499458312,0.4784413125739658,0.9856299163674839,1
REACTOME_APC_C_MEDIATED_DEGRADATION_OF_CELL_CYCLE_PROTEINS,14,14,0.10873320202827454,-0.0005171029663085802,0.10925030499458312,0.487419749029567,0.9856299163674839,1
REACTOME_SIGNALING_BY_FGFR2,16,16,0.10786798993110656,-0.0007795355224609335,0.1086475254535675,0.39016919816643647,0.9856299163674839,1
REACTOME_TRANSPORT_OF_INORGANIC_CATIONS_ANIONS_AND_AMINO_ACIDS_OLIGOPEPTIDES,11,11,0.10809806701660157,-0.0002585514831542901,0.10835661849975586,0.7251907074102298,0.9856299163674839,1
REACTOME_INTERLEUKIN_4_AND_INTERLEUKIN_13_SIGNALING,38,38,0.10687419261932374,-0.0009501647949218817,0.10782435741424562,0.40860965454613507,0.9856299163674839,1
REACTOME_MITOCHONDRIAL_TRANSLATION,24,24,0.10712643465042115,-0.0005171029663085802,0.10764353761672973,0.3924247080755343,0.9856299163674839,1
REACTOME_NUCLEAR_RECEPTOR_TRANSCRIPTION_PATHWAY,12,12,0.10671416713714602,-0.0005171029663085802,0.1072312701034546,0.4349505655339717,0.9856299163674839,1
REACTOME_TOLL_LIKE_RECEPTOR_CASCADES,40,40,0.10565619575500489,-0.0011146649169921918,0.10677086067199708,0.27356267988369976,0.9856299163674839,1
REACTOME_NON_INTEGRIN_MEMBRANE_ECM_INTERACTIONS,8,8,0.10572020271301269,-0.0005171029663085802,0.10623730567932127,0.4271504011446085,0.9856299163674839,1
REACTOME_EXTRA_NUCLEAR_ESTROGEN_SIGNALING,25,25,0.10515269638061524,-0.0008648501586914076,0.10601754653930665,0.5171209561119238,0.9856299163674839,1
REACTOME_CHROMOSOME_MAINTENANCE,33,33,-0.0980937341308594,0.006875338134765638,-0.10496907226562503,0.7668012405954958,0.9856299163674839,-1
REACTOME_TELOMERE_MAINTENANCE,26,26,-0.09866204315185548,0.006004396972656256,-0.10466644012451173,0.691799803800527,0.9856299163674839,-1
REACTOME_MITOTIC_METAPHASE_AND_ANAPHASE,54,54,0.10287396492004396,-0.0009501647949218817,0.10382412971496584,0.4076626053757848,0.9856299163674839,1
REACTOME_NCAM1_INTERACTIONS,6,6,0.10185456064224244,-0.0005171029663085802,0.10237166360855102,0.31874536192800207,0.9856299163674839,1
REACTOME_RUNX1_REGULATES_TRANSCRIPTION_OF_GENES_INVOLVED_IN_DIFFERENTIATION_OF_HSCS,13,13,0.10093564605712892,-0.0008648501586914076,0.10180049621582032,0.2899378148419173,0.9856299163674839,1
REACTOME_EXTENSION_OF_TELOMERES,21,21,-0.0980937341308594,0.0034641319656372044,-0.1015578660964966,0.6521884514999763,0.9856299163674839,-1
REACTOME_EXPORT_OF_VIRAL_RIBONUCLEOPROTEINS_FROM_NUCLEUS,10,10,0.09870216628313065,-0.0005171029663085802,0.09921926924943923,0.3243541720285418,0.9856299163674839,1
REACTOME_NS1_MEDIATED_EFFECTS_ON_HOST_PATHWAYS,12,12,0.09870216628313065,-0.0005171029663085802,0.09921926924943923,0.3773238951697173,0.9856299163674839,1
REACTOME_SUMOYLATION_OF_SUMOYLATION_PROTEINS,10,10,0.09870216628313065,-0.0005171029663085802,0.09921926924943923,0.4619950144864551,0.9856299163674839,1
REACTOME_SELENOAMINO_ACID_METABOLISM,12,12,-0.09494664642333983,0.0037283130645751894,-0.09867495948791502,0.7932319814200088,0.9856299163674839,-1
REACTOME_INOSITOL_PHOSPHATE_METABOLISM,13,13,0.09778280868530274,-0.0002585514831542901,0.09804136016845703,0.4441626612360824,0.9856299163674839,1
REACTOME_TRANSCRIPTIONAL_REGULATION_OF_PLURIPOTENT_STEM_CELLS,9,9,0.09753604675292969,-0.0002585514831542901,0.09779459823608398,0.7024602728441645,0.9856299163674839,1
REACTOME_ORGANELLE_BIOGENESIS_AND_MAINTENANCE,71,71,0.09715158599853517,-0.0002585514831542901,0.09741013748168946,0.5974735727734211,0.9856299163674839,1
REACTOME_CARGO_CONCENTRATION_IN_THE_ER,5,5,0.09655558197021485,-0.0006483192443847569,0.09720390121459961,0.41376638187154074,0.9856299163674839,1
REACTOME_MET_PROMOTES_CELL_MOTILITY,5,5,0.0964392887878418,-0.0002585514831542901,0.0966978402709961,0.44881771293116113,0.9856299163674839,1
REACTOME_FORMATION_OF_THE_BETA_CATENIN_TCF_TRANSACTIVATING_COMPLEX,10,10,-0.09331067260742187,0.0031999508666992194,-0.0965106234741211,0.7187586879068366,0.9856299163674839,-1
REACTOME_CILIUM_ASSEMBLY,55,55,-0.09153717468261716,0.004103873786926268,-0.09564104846954342,0.5690876306511954,0.9856299163674839,-1
REACTOME_RND2_GTPASE_CYCLE,7,7,-0.09348461914062497,0.0015817197036743225,-0.0950663388442993,0.5676371582662575,0.9856299163674839,-1
REACTOME_METABOLISM_OF_AMINO_ACIDS_AND_DERIVATIVES,58,58,-0.09051060577392578,0.004479434509277347,-0.09499004028320313,0.5871530232656089,0.9856299163674839,-1
REACTOME_RHOBTB2_GTPASE_CYCLE,5,5,0.094536941447258,-0.0002585514831542901,0.09479549293041228,0.3752952088330664,0.9856299163674839,1
REACTOME_PROCESSIVE_SYNTHESIS_ON_THE_C_STRAND_OF_THE_TELOMERE,10,10,0.0941220423102379,-0.0005171029663085802,0.09463914527654647,0.2876120231346383,0.9856299163674839,1
REACTOME_PHOSPHOLIPID_METABOLISM,54,54,0.09093353724479677,-0.0033727904510497952,0.09430632769584657,0.35456818534778645,0.9856299163674839,1
REACTOME_ION_HOMEOSTASIS,9,9,0.09361857757568359,-0.0006483192443847569,0.09426689682006835,0.5751717945995536,0.9856299163674839,1
REACTOME_THE_PHOTOTRANSDUCTION_CASCADE,9,9,0.09392566925048829,-0.0002585514831542901,0.09418422073364258,0.6437030994096122,0.9856299163674839,1
REACTOME_FANCONI_ANEMIA_PATHWAY,11,11,0.09352396238327026,-0.0006483192443847569,0.09417228162765502,0.38445537274087416,0.9856299163674839,1
REACTOME_ION_CHANNEL_TRANSPORT,26,26,0.0928973087310791,-0.0005171029663085802,0.09341441169738768,0.3732368364072083,0.9856299163674839,1
REACTOME_REGULATION_OF_INSULIN_LIKE_GROWTH_FACTOR_IGF_TRANSPORT_AND_UPTAKE_BY_INSULIN_LIKE_GROWTH_FACTOR_BINDING_PROTEINS_IGFBPS,24,24,0.09228178340911866,-0.0007795355224609335,0.0930613189315796,0.679359360949968,0.9856299163674839,1
REACTOME_CELL_SURFACE_INTERACTIONS_AT_THE_VASCULAR_WALL,36,36,0.09189250286102296,-0.0009501647949218817,0.09284266765594484,0.5742053034878476,0.9856299163674839,1
REACTOME_METABOLISM_OF_WATER_SOLUBLE_VITAMINS_AND_COFACTORS,25,25,0.09175533935546876,-0.0010324148559570367,0.0927877542114258,0.2833760581989465,0.9856299163674839,1
REACTOME_FCGR_ACTIVATION,5,5,-0.09044528930664061,0.0015817197036743225,-0.09202700901031494,0.7778345639765587,0.9856299163674839,-1
REACTOME_TRANSCRIPTIONAL_REGULATION_OF_GRANULOPOIESIS,13,13,-0.08852761108398435,0.003181695137023932,-0.09170930622100829,0.768357529037729,0.9856299163674839,-1
REACTOME_SIGNALING_BY_ERBB4,14,14,0.09065535507202149,-0.0007795355224609335,0.09143489059448243,0.3009741871551749,0.9856299163674839,1
REACTOME_FCERI_MEDIATED_CA_2_MOBILIZATION,12,12,0.09040158528327942,-0.0007795355224609335,0.09118112080574035,0.4776396391412393,0.9856299163674839,1
REACTOME_METABOLISM_OF_VITAMINS_AND_COFACTORS,40,40,0.08875965103149415,-0.0009501647949218817,0.08970981582641603,0.3691266179936632,0.9856299163674839,1
REACTOME_MITOPHAGY,6,6,-0.08960767830848694,0.0,-0.08960767830848694,0.7997517523000524,0.9856299163674839,-1
REACTOME_COLLAGEN_CHAIN_TRIMERIZATION,8,8,-0.08923316478729246,0.0,-0.08923316478729246,0.49210417956732794,0.9856299163674839,-1
REACTOME_ROLE_OF_PHOSPHOLIPIDS_IN_PHAGOCYTOSIS,8,8,0.0886579340839386,-0.0005171029663085802,0.08917503705024718,0.5221477781482126,0.9856299163674839,1
REACTOME_GLYCOSPHINGOLIPID_METABOLISM,7,7,0.08837986083984375,-0.0006483192443847569,0.08902818008422851,0.5858217919834833,0.9856299163674839,1
REACTOME_RRNA_MODIFICATION_IN_THE_NUCLEUS_AND_CYTOSOL,19,19,-0.08741022064208984,0.0015817197036743225,-0.08899194034576416,0.6721138940979905,0.9856299163674839,-1
REACTOME_FGFR1_MUTANT_RECEPTOR_ACTIVATION,6,6,0.08811243217468262,-0.0005171029663085802,0.0886295351409912,0.4599450301244447,0.9856299163674839,1
REACTOME_SIGNALING_BY_FGFR1_IN_DISEASE,8,8,0.08811243217468262,-0.0005171029663085802,0.0886295351409912,0.45980058935845936,0.9856299163674839,1
REACTOME_RECOGNITION_OF_DNA_DAMAGE_BY_PCNA_CONTAINING_REPLICATION_COMPLEX,13,13,0.0870445565032959,-0.0002585514831542901,0.08730310798645019,0.4853589842346081,0.9856299163674839,1
REACTOME_O_LINKED_GLYCOSYLATION,20,20,-0.0840041056060791,0.003163439407348645,-0.08716754501342774,0.3250299550035052,0.9856299163674839,-1
REACTOME_COPI_DEPENDENT_GOLGI_TO_ER_RETROGRADE_TRAFFIC,21,21,0.08320942123413086,-0.0006483192443847569,0.08385774047851562,0.5382352465919841,0.9856299163674839,1
REACTOME_RECYCLING_PATHWAY_OF_L1,9,9,0.08320942123413086,-0.0006483192443847569,0.08385774047851562,0.4461996103593715,0.9856299163674839,1
REACTOME_DISEASES_OF_SIGNAL_TRANSDUCTION_BY_GROWTH_FACTOR_RECEPTORS_AND_SECOND_MESSENGERS,85,85,0.08209003341674806,-0.001372920303344724,0.08346295372009278,0.28941885945864043,0.9856299163674839,1
REACTOME_RUNX1_AND_FOXP3_CONTROL_THE_DEVELOPMENT_OF_REGULATORY_T_LYMPHOCYTES_TREGS,7,7,0.08275611557006837,-0.0006483192443847569,0.08340443481445313,0.3401180370328014,0.9856299163674839,1
REACTOME_CYCLIN_A_CDK2_ASSOCIATED_EVENTS_AT_S_PHASE_ENTRY,16,16,0.08267474843978882,-0.0005171029663085802,0.0831918514060974,0.6469969545307377,0.9856299163674839,1
REACTOME_BRANCHED_CHAIN_AMINO_ACID_CATABOLISM,6,6,0.08309859710693361,0.0,0.08309859710693361,0.787843045579664,0.9856299163674839,1
REACTOME_ACTIVATION_OF_ATR_IN_RESPONSE_TO_REPLICATION_STRESS,12,12,-0.07939277481079102,0.003163439407348645,-0.08255621421813966,0.6422378859156446,0.9856299163674839,-1
REACTOME_HDR_THROUGH_SINGLE_STRAND_ANNEALING_SSA,12,12,-0.07939277481079102,0.003163439407348645,-0.08255621421813966,0.5993684208657548,0.9856299163674839,-1
REACTOME_TCF_DEPENDENT_SIGNALING_IN_RESPONSE_TO_WNT,28,28,0.0818983628845215,-0.0005171029663085802,0.08241546585083008,0.6702984761237536,0.9856299163674839,1
REACTOME_RAC3_GTPASE_CYCLE,14,14,0.08142290275573731,-0.0007795355224609335,0.08220243827819824,0.4341009223472141,0.9856299163674839,1
REACTOME_RHOD_GTPASE_CYCLE,10,10,0.08142290275573731,-0.0007795355224609335,0.08220243827819824,0.45655745125001035,0.9856299163674839,1
REACTOME_RHOF_GTPASE_CYCLE,10,10,0.08142290275573731,-0.0005171029663085802,0.08194000572204589,0.8060669643507747,0.9856299163674839,1
REACTOME_M_PHASE,88,88,0.08061403549194336,-0.0011146649169921918,0.08172870040893555,0.49882699645813766,0.9856299163674839,1
REACTOME_TOLL_LIKE_RECEPTOR_9_TLR9_CASCADE,27,27,0.08064862289428712,-0.0008648501586914076,0.08151347305297853,0.42592577985609636,0.9856299163674839,1
REACTOME_TRANSCRIPTIONAL_REGULATION_BY_E2F6,14,14,0.0805998528289795,-0.0007795355224609335,0.08137938835144043,0.8072508627441779,0.9856299163674839,1
REACTOME_TRANSPORT_OF_VITAMINS_NUCLEOSIDES_AND_RELATED_MOLECULES,9,9,0.08095931167602541,-0.0002585514831542901,0.0812178631591797,0.5707732576253257,0.9856299163674839,1
REACTOME_RAF_INDEPENDENT_MAPK1_3_ACTIVATION,6,6,-0.07799686798095701,0.003163439407348645,-0.08116030738830565,0.4665406704148534,0.9856299163674839,-1
REACTOME_SIGNALING_BY_PDGF,18,18,-0.07717856597900388,0.003163439407348645,-0.08034200538635253,0.6231070735233328,0.9856299163674839,-1
REACTOME_INITIATION_OF_NUCLEAR_ENVELOPE_NE_REFORMATION,5,5,0.07961804824829102,-0.0002585514831542901,0.07987659973144531,0.5914083831363025,0.9856299163674839,1
REACTOME_COPII_MEDIATED_VESICLE_TRANSPORT,10,10,0.07923698516845704,-0.0005171029663085802,0.07975408813476562,0.34732126068894265,0.9856299163674839,1
REACTOME_E3_UBIQUITIN_LIGASES_UBIQUITINATE_TARGET_PROTEINS,14,14,0.07891144914627075,-0.0007795355224609335,0.07969098466873169,0.3645791826052244,0.9856299163674839,1
REACTOME_NUCLEAR_EVENTS_KINASE_AND_TRANSCRIPTION_FACTOR_ACTIVATION,15,15,0.07867963293075561,-0.0002585514831542901,0.0789381844139099,0.4751055895989795,0.9856299163674839,1
REACTOME_MRNA_DECAY_BY_3_TO_5_EXORIBONUCLEASE,8,8,0.07781349584579468,-0.0005171029663085802,0.07833059881210326,0.3483513695776806,0.9856299163674839,1
REACTOME_DOWNREGULATION_OF_TGF_BETA_RECEPTOR_SIGNALING,8,8,-0.0747289385986328,0.003163439407348645,-0.07789237800598145,0.5902056861111636,0.9856299163674839,-1
REACTOME_TGF_BETA_RECEPTOR_SIGNALING_ACTIVATES_SMADS,8,8,-0.0747289385986328,0.003163439407348645,-0.07789237800598145,0.5902056861111636,0.9856299163674839,-1
REACTOME_RNA_POLYMERASE_I_PROMOTER_ESCAPE,9,9,-0.07385840698242188,0.003181695137023932,-0.07704010211944581,0.7828341031979977,0.9856299163674839,-1
REACTOME_DEPOLYMERISATION_OF_THE_NUCLEAR_LAMINA,6,6,0.07552253494262696,-0.0005171029663085802,0.07603963790893555,0.4032068629611396,0.9856299163674839,1
REACTOME_HIV_TRANSCRIPTION_INITIATION,12,12,0.07581476612091065,0.0,0.07581476612091065,0.6113981759812008,0.9856299163674839,1
REACTOME_ECM_PROTEOGLYCANS,15,15,0.07415380233764648,-0.0010324148559570367,0.07518621719360352,0.6239902658438422,0.9856299163674839,1
REACTOME_TRANSPORT_OF_SMALL_MOLECULES,125,125,0.07278595233917237,-0.0021661844635009753,0.07495213680267335,0.5957738849222396,0.9856299163674839,1
REACTOME_NCAM_SIGNALING_FOR_NEURITE_OUT_GROWTH,13,13,0.07402617584228516,-0.0002585514831542901,0.07428472732543945,0.5917722200290336,0.9856299163674839,1
REACTOME_METABOLISM_OF_LIPIDS,166,166,-0.06976932983398434,0.0037283130645751894,-0.07349764289855953,0.4948526591703043,0.9856299163674839,-1
REACTOME_CLEC7A_DECTIN_1_SIGNALING,17,17,0.07146487968444826,-0.0010324148559570367,0.0724972945404053,0.4152828690490028,0.9856299163674839,1
REACTOME_CDC42_GTPASE_CYCLE,31,31,0.07143921020507812,-0.0008648501586914076,0.07230406036376953,0.5783134577817144,0.9856299163674839,1
REACTOME_CELL_DEATH_SIGNALLING_VIA_NRAGE_NRIF_AND_NADE,25,25,0.07143921020507812,-0.0006483192443847569,0.07208752944946288,0.5918489371688597,0.9856299163674839,1
REACTOME_NUCLEAR_ENVELOPE_BREAKDOWN,15,15,0.0714270216369629,-0.0006483192443847569,0.07207534088134766,0.3467617325635708,0.9856299163674839,1
REACTOME_METABOLISM_OF_COFACTORS,8,8,-0.06793157318115234,0.003163439407348645,-0.07109501258850098,0.8109002896046463,0.9856299163674839,-1
REACTOME_RND1_GTPASE_CYCLE,8,8,0.07052419006347657,-0.0005171029663085802,0.07104129302978515,0.4329602318548861,0.9856299163674839,1
REACTOME_RND3_GTPASE_CYCLE,8,8,0.07052419006347657,-0.0005171029663085802,0.07104129302978515,0.6031866422519512,0.9856299163674839,1
REACTOME_NEURONAL_SYSTEM,53,53,0.07014059829711916,-0.0008648501586914076,0.07100544845581057,0.6340978051729094,0.9856299163674839,1
REACTOME_RHOJ_GTPASE_CYCLE,10,10,-0.07014175590515137,0.0,-0.07014175590515137,0.7715779746762796,0.9856299163674839,-1
REACTOME_RAB_GEFS_EXCHANGE_GTP_FOR_GDP_ON_RABS,18,18,-0.06675206298828124,0.0031999508666992194,-0.06995201385498045,0.5797256616961903,0.9856299163674839,-1
REACTOME_RESOLUTION_OF_D_LOOP_STRUCTURES_THROUGH_SYNTHESIS_DEPENDENT_STRAND_ANNEALING_SDSA,6,6,0.06942782108068467,-0.0005171029663085802,0.06994492404699325,0.5359367538510262,0.9856299163674839,1
REACTOME_GAP_FILLING_DNA_REPAIR_SYNTHESIS_AND_LIGATION_IN_GG_NER,10,10,0.06872535773992539,0.0,0.06872535773992539,0.6580115938975856,0.9856299163674839,1
REACTOME_PLATELET_ACTIVATION_SIGNALING_AND_AGGREGATION,68,68,0.06756536811828615,-0.0011146649169921918,0.06868003303527834,0.7171685459374598,0.9856299163674839,1
REACTOME_TRANSCRIPTION_OF_THE_HIV_GENOME,15,15,0.06838650756835937,-0.0002585514831542901,0.06864505905151366,0.5611135083987724,0.9856299163674839,1
REACTOME_TRANSMISSION_ACROSS_CHEMICAL_SYNAPSES,44,44,0.06733818275451661,-0.0007795355224609335,0.06811771827697755,0.5626636869424791,0.9856299163674839,1
REACTOME_C_TYPE_LECTIN_RECEPTORS_CLRS,26,26,0.0661585535812378,-0.0016311756896972562,0.06778972927093506,0.2729947739709786,0.9856299163674839,1
REACTOME_COPI_INDEPENDENT_GOLGI_TO_ER_RETROGRADE_TRAFFIC,6,6,0.06623684157848359,0.0,0.06623684157848359,0.7515071443275717,0.9856299163674839,1
REACTOME_SUMOYLATION_OF_CHROMATIN_ORGANIZATION_PROTEINS,20,20,0.06544706970214843,-0.0007795355224609335,0.06622660522460937,0.26447985429247167,0.9856299163674839,1
REACTOME_EXTRACELLULAR_MATRIX_ORGANIZATION,54,54,0.06489866989135742,-0.0009501647949218817,0.0658488346862793,0.25261790771245674,0.9856299163674839,1
REACTOME_GPCR_LIGAND_BINDING,92,92,0.06411494293212891,-0.0011146649169921918,0.0652296078491211,0.2632052857809132,0.9856299163674839,1
REACTOME_CARDIAC_CONDUCTION,15,15,0.06427411926269533,-0.0008648501586914076,0.06513896942138674,0.6784062936655019,0.9856299163674839,1
REACTOME_ACTIVATION_OF_GENE_EXPRESSION_BY_SREBF_SREBP,13,13,-0.06324235778808593,0.0015817197036743225,-0.06482407749176025,0.39117233368430715,0.9856299163674839,-1
REACTOME_MRNA_SPLICING_MINOR_PATHWAY,14,14,-0.06079603393554686,0.003163439407348645,-0.0639594733428955,0.5301418451059097,0.9856299163674839,-1
REACTOME_SARS_COV_1_INFECTION,12,12,-0.06382854660034179,0.0,-0.06382854660034179,0.8108839112114484,0.9856299163674839,-1
REACTOME_DARPP_32_EVENTS,7,7,-0.061249408569335945,0.0015817197036743225,-0.06283112827301027,0.7192733429146538,0.9856299163674839,-1
REACTOME_REGULATION_OF_INSULIN_SECRETION,19,19,0.061732951049804696,-0.0008648501586914076,0.0625978012084961,0.3208450549880141,0.9856299163674839,1
REACTOME_TRANSLATION,52,52,-0.059227475585937495,0.0031999508666992194,-0.062427426452636714,0.7051764045559821,0.9856299163674839,-1
REACTOME_ACTIVATION_OF_KAINATE_RECEPTORS_UPON_GLUTAMATE_BINDING,11,11,0.061732951049804696,-0.0006483192443847569,0.06238127029418945,0.4502407324811655,0.9856299163674839,1
REACTOME_ADRENALINE_NORADRENALINE_INHIBITS_INSULIN_SECRETION,9,9,0.061732951049804696,-0.0006483192443847569,0.06238127029418945,0.5953330534827665,0.9856299163674839,1
REACTOME_G_BETA_GAMMA_SIGNALLING_THROUGH_PI3KGAMMA,9,9,0.061732951049804696,-0.0006483192443847569,0.06238127029418945,0.3589590998888035,0.9856299163674839,1
REACTOME_G_PROTEIN_ACTIVATION,9,9,0.061732951049804696,-0.0006483192443847569,0.06238127029418945,0.5717868815847198,0.9856299163674839,1
REACTOME_NEUROTRANSMITTER_RECEPTORS_AND_POSTSYNAPTIC_SIGNAL_TRANSMISSION,35,35,0.061732951049804696,-0.0006483192443847569,0.06238127029418945,0.7098973287001458,0.9856299163674839,1
REACTOME_PRESYNAPTIC_FUNCTION_OF_KAINATE_RECEPTORS,9,9,0.061732951049804696,-0.0006483192443847569,0.06238127029418945,0.4043701034554825,0.9856299163674839,1
REACTOME_SIGNALING_BY_GPCR,148,148,0.05938075818061829,-0.0027011932373046943,0.062081951417922984,0.6016145672233446,0.9856299163674839,1
REACTOME_UNFOLDED_PROTEIN_RESPONSE_UPR,22,22,0.06106943603515626,-0.0007795355224609335,0.06184897155761719,0.363786862787449,0.9856299163674839,1
REACTOME_DECTIN_2_FAMILY,5,5,0.06085222747802735,-0.0006483192443847569,0.061500546722412106,0.7388852165489416,0.9856299163674839,1
REACTOME_ACTIVATED_NOTCH1_TRANSMITS_SIGNAL_TO_THE_NUCLEUS,5,5,0.06075312540054323,-0.0002585514831542901,0.06101167688369752,0.646485132180389,0.9856299163674839,1
REACTOME_INSULIN_RECEPTOR_SIGNALLING_CASCADE,11,11,0.06056504211425781,-0.0002585514831542901,0.0608235935974121,0.6725865538315128,0.9856299163674839,1
REACTOME_IRS_MEDIATED_SIGNALLING,11,11,0.06056504211425781,-0.0002585514831542901,0.0608235935974121,0.6725865538315128,0.9856299163674839,1
REACTOME_SIGNALING_BY_FGFR2_IN_DISEASE,9,9,0.06056504211425781,-0.0002585514831542901,0.0608235935974121,0.44412529349330454,0.9856299163674839,1
REACTOME_SIGNALING_BY_FGFR_IN_DISEASE,13,13,0.06056504211425781,-0.0002585514831542901,0.0608235935974121,0.38457493280401756,0.9856299163674839,1
REACTOME_SIGNALING_BY_TYPE_1_INSULIN_LIKE_GROWTH_FACTOR_1_RECEPTOR_IGF1R,11,11,0.06056504211425781,-0.0002585514831542901,0.0608235935974121,0.6725865538315128,0.9856299163674839,1
REACTOME_ANTI_INFLAMMATORY_RESPONSE_FAVOURING_LEISHMANIA_PARASITE_INFECTION,36,36,0.05938075818061829,-0.0007795355224609335,0.06016029370307922,0.5141638108499591,0.9856299163674839,1
REACTOME_INTEGRATION_OF_ENERGY_METABOLISM,24,24,0.05938075818061829,-0.0007795355224609335,0.06016029370307922,0.5778262575570348,0.9856299163674839,1
REACTOME_OPIOID_SIGNALLING,22,22,0.05938075818061829,-0.0007795355224609335,0.06016029370307922,0.5149173873730445,0.9856299163674839,1
REACTOME_ADP_SIGNALLING_THROUGH_P2Y_PURINOCEPTOR_1,8,8,0.05938075818061829,-0.0005171029663085802,0.05989786114692687,0.7007330089010647,0.9856299163674839,1
REACTOME_ADP_SIGNALLING_THROUGH_P2Y_PURINOCEPTOR_12,8,8,0.05938075818061829,-0.0005171029663085802,0.05989786114692687,0.7007330089010647,0.9856299163674839,1
REACTOME_GLUCAGON_TYPE_LIGAND_RECEPTORS,12,12,0.05938075818061829,-0.0005171029663085802,0.05989786114692687,0.7546494036808109,0.9856299163674839,1
REACTOME_G_ALPHA_S_SIGNALLING_EVENTS,26,26,0.05938075818061829,-0.0005171029663085802,0.05989786114692687,0.7164220533567192,0.9856299163674839,1
REACTOME_G_BETA_GAMMA_SIGNALLING_THROUGH_CDC42,8,8,0.05938075818061829,-0.0005171029663085802,0.05989786114692687,0.7007330089010647,0.9856299163674839,1
REACTOME_PROSTACYCLIN_SIGNALLING_THROUGH_PROSTACYCLIN_RECEPTOR,8,8,0.05938075818061829,-0.0005171029663085802,0.05989786114692687,0.7007330089010647,0.9856299163674839,1
REACTOME_SUMOYLATION_OF_UBIQUITINYLATION_PROTEINS,10,10,-0.05927412994384765,0.0,-0.05927412994384765,0.8031470093909189,0.9856299163674839,-1
REACTOME_SIGNALING_BY_THE_B_CELL_RECEPTOR_BCR,24,24,0.057708265647888196,-0.0009501647949218817,0.05865843044281008,0.5305894738915775,0.9856299163674839,1
REACTOME_SIGNALING_BY_NUCLEAR_RECEPTORS,69,69,-0.05422237396240234,0.004103873786926268,-0.05832624774932861,0.7055199042440767,0.9856299163674839,-1
REACTOME_MAPK_FAMILY_SIGNALING_CASCADES,70,70,0.057256776885986335,-0.0009501647949218817,0.05820694168090822,0.7891463413312012,0.9856299163674839,1
REACTOME_CA2_PATHWAY,23,23,0.057028565311431884,-0.0008648501586914076,0.05789341547012329,0.5615281066841542,0.9856299163674839,1
REACTOME_PLATELET_HOMEOSTASIS,19,19,0.057028565311431884,-0.0008648501586914076,0.05789341547012329,0.6002461555770896,0.9856299163674839,1
REACTOME_SIGNALING_BY_WNT,53,53,0.057028565311431884,-0.0008648501586914076,0.05789341547012329,0.7697241003236719,0.9856299163674839,1
REACTOME_GLUCAGON_LIKE_PEPTIDE_1_GLP1_REGULATES_INSULIN_SECRETION,15,15,0.057028565311431884,-0.0006483192443847569,0.05767688455581664,0.6142036749860551,0.9856299163674839,1
REACTOME_G_ALPHA_12_13_SIGNALLING_EVENTS,27,27,0.057028565311431884,-0.0006483192443847569,0.05767688455581664,0.5362978593498033,0.9856299163674839,1
REACTOME_COOPERATION_OF_PDCL_PHLP1_AND_TRIC_CCT_IN_G_PROTEIN_BETA_FOLDING,11,11,0.057028565311431884,-0.0002585514831542901,0.057287116794586174,0.7322876949218594,0.9856299163674839,1
REACTOME_G_ALPHA_Z_SIGNALLING_EVENTS,13,13,0.057028565311431884,-0.0002585514831542901,0.057287116794586174,0.5750071421055307,0.9856299163674839,1
REACTOME_SIGNALING_BY_NTRKS,27,27,-0.05368933959960939,0.003181695137023932,-0.056871034736633325,0.5328857655725527,0.9856299163674839,-1
REACTOME_RHOV_GTPASE_CYCLE,12,12,-0.0550257762145996,0.0,-0.0550257762145996,0.7992155952880827,0.9856299163674839,-1
REACTOME_O_GLYCOSYLATION_OF_TSR_DOMAIN_CONTAINING_PROTEINS,6,6,0.05258959693908692,0.0,0.05258959693908692,0.6065754010273257,0.9856299163674839,1
REACTOME_ER_TO_GOLGI_ANTEROGRADE_TRANSPORT,24,24,0.05136099212646485,-0.0007795355224609335,0.05214052764892578,0.5481477412595677,0.9856299163674839,1
REACTOME_POLYMERASE_SWITCHING_ON_THE_C_STRAND_OF_THE_TELOMERE,13,13,-0.04774590576171875,0.003181695137023932,-0.05092760089874268,0.7331892748142984,0.9856299163674839,-1
REACTOME_TELOMERE_C_STRAND_LAGGING_STRAND_SYNTHESIS,17,17,-0.04774590576171875,0.003181695137023932,-0.05092760089874268,0.5510649171966555,0.9856299163674839,-1
REACTOME_MTOR_SIGNALLING,7,7,0.050084293518066425,-0.0006483192443847569,0.05073261276245118,0.47288259823638557,0.9856299163674839,1
REACTOME_SIGNALING_BY_FLT3_FUSION_PROTEINS,9,9,-0.047286770019531216,0.003181695137023932,-0.05046846515655515,0.6412104896347873,0.9856299163674839,-1
REACTOME_ASSOCIATION_OF_TRIC_CCT_WITH_TARGET_PROTEINS_DURING_BIOSYNTHESIS,8,8,-0.04642858474731444,0.0031999508666992194,-0.04962853561401366,0.779744124952363,0.9856299163674839,-1
REACTOME_PROCESSIVE_SYNTHESIS_ON_THE_LAGGING_STRAND,7,7,-0.04774590576171875,0.0015817197036743225,-0.04932762546539307,0.6783418421872675,0.9856299163674839,-1
REACTOME_GENE_SILENCING_BY_RNA,21,21,-0.04717691833496093,0.0015817197036743225,-0.048758638038635255,0.6355795700454607,0.9856299163674839,-1
REACTOME_HIV_ELONGATION_ARREST_AND_RECOVERY,7,7,-0.04717691833496093,0.0015817197036743225,-0.048758638038635255,0.7719521746906005,0.9856299163674839,-1
REACTOME_INFLUENZA_INFECTION,23,23,-0.04717691833496093,0.0015817197036743225,-0.048758638038635255,0.3267302294318388,0.9856299163674839,-1
REACTOME_MICRORNA_MIRNA_BIOGENESIS,7,7,-0.04717691833496093,0.0015817197036743225,-0.048758638038635255,0.46945247270841345,0.9856299163674839,-1
REACTOME_VIRAL_MESSENGER_RNA_SYNTHESIS,13,13,-0.04717691833496093,0.0015817197036743225,-0.048758638038635255,0.6087583079812271,0.9856299163674839,-1
REACTOME_FORMATION_OF_THE_CORNIFIED_ENVELOPE,8,8,-0.048755845489501945,0.0,-0.048755845489501945,0.5327020167335795,0.9856299163674839,-1
REACTOME_KERATINIZATION,8,8,-0.048755845489501945,0.0,-0.048755845489501945,0.5327020167335795,0.9856299163674839,-1
REACTOME_PEPTIDE_HORMONE_METABOLISM,12,12,0.04810531173706055,-0.0005171029663085802,0.04862241470336913,0.5546650644447546,0.9856299163674839,1
REACTOME_SIGNALING_BY_RHO_GTPASES_MIRO_GTPASES_AND_RHOBTB3,143,143,-0.04317080047607422,0.005241915740966802,-0.04841271621704102,0.29511171820983184,0.9856299163674839,-1
REACTOME_SUMOYLATION_OF_TRANSCRIPTION_COFACTORS,14,14,0.047664733886718755,-0.0005171029663085802,0.048181836853027335,0.298371396398765,0.9856299163674839,1
REACTOME_GOLGI_TO_ER_RETROGRADE_TRANSPORT,24,24,0.04724867820739746,-0.0005171029663085802,0.04776578117370604,0.5657817484871144,0.9856299163674839,1
REACTOME_FACTORS_INVOLVED_IN_MEGAKARYOCYTE_DEVELOPMENT_AND_PLATELET_PRODUCTION,37,37,0.04647173522949219,-0.0006483192443847569,0.047120054473876946,0.705071142408594,0.9856299163674839,1
REACTOME_MEMBRANE_TRAFFICKING,122,122,-0.041213232421874996,0.0037283130645751894,-0.044941545486450185,0.7580327856670633,0.9856299163674839,-1
REACTOME_LEISHMANIA_INFECTION,55,55,0.043951651611328135,-0.0006483192443847569,0.04459997085571289,0.6403313730656439,0.9856299163674839,1
REACTOME_SIGNALING_BY_VEGF,25,25,0.043951651611328135,-0.0006483192443847569,0.04459997085571289,0.40651009622778955,0.9856299163674839,1
REACTOME_CLEC7A_DECTIN_1_INDUCES_NFAT_ACTIVATION,5,5,0.043951651611328135,-0.0002585514831542901,0.044210203094482425,0.7310687785007556,0.9856299163674839,1
REACTOME_G_PROTEIN_MEDIATED_EVENTS,9,9,0.043951651611328135,-0.0002585514831542901,0.044210203094482425,0.6032789558690391,0.9856299163674839,1
REACTOME_PLATELET_CALCIUM_HOMEOSTASIS,5,5,0.043951651611328135,-0.0002585514831542901,0.044210203094482425,0.6596162513558974,0.9856299163674839,1
REACTOME_DOWNSTREAM_SIGNALING_EVENTS_OF_B_CELL_RECEPTOR_BCR,12,12,0.04166804439544679,-0.0007795355224609335,0.04244757991790772,0.6044679728122322,0.9856299163674839,1
REACTOME_HIV_LIFE_CYCLE,32,32,0.04145116821289063,-0.0005171029663085802,0.04196827117919921,0.3464833386353766,0.9856299163674839,1
REACTOME_COPI_MEDIATED_ANTEROGRADE_TRANSPORT,15,15,0.040803595886230476,-0.0006483192443847569,0.04145191513061523,0.6883131730148713,0.9856299163674839,1
REACTOME_SIGNALING_BY_INSULIN_RECEPTOR,16,16,-0.04089183685302733,0.0,-0.04089183685302733,0.26610293484001557,0.9856299163674839,-1
REACTOME_INFECTIOUS_DISEASE,158,158,0.03933133026123048,-0.0011146649169921918,0.04044599517822267,0.36168806715022495,0.9856299163674839,1
REACTOME_G_ALPHA_Q_SIGNALLING_EVENTS,52,52,-0.03636233139038085,0.0031999508666992194,-0.03956228225708007,0.26548245583796326,0.9856299163674839,-1
REACTOME_GOLGI_ASSOCIATED_VESICLE_BIOGENESIS,15,15,-0.036763475341796886,0.0015817197036743225,-0.03834519504547121,0.24437877989677714,0.9856299163674839,-1
REACTOME_RNA_POLYMERASE_III_TRANSCRIPTION,14,14,-0.03486531707763671,0.003163439407348645,-0.038028756484985354,0.8078689278863376,0.9856299163674839,-1
REACTOME_RNA_POLYMERASE_III_TRANSCRIPTION_INITIATION_FROM_TYPE_3_PROMOTER,10,10,-0.03486531707763671,0.003163439407348645,-0.038028756484985354,0.5825054818370043,0.9856299163674839,-1
REACTOME_PROTEIN_UBIQUITINATION,19,19,0.036388947448730474,-0.0006483192443847569,0.03703726669311523,0.4697415148804518,0.9856299163674839,1
REACTOME_SYNTHESIS_OF_ACTIVE_UBIQUITIN_ROLES_OF_E1_AND_E2_ENZYMES,7,7,0.036388947448730474,-0.0002585514831542901,0.036647498931884764,0.6011703290213827,0.9856299163674839,1
REACTOME_ADAPTIVE_IMMUNE_SYSTEM,196,196,0.034556531219482434,-0.0016311756896972562,0.03618770690917969,0.35369591041178006,0.9856299163674839,1
REACTOME_INNATE_IMMUNE_SYSTEM,212,212,0.03201709441184998,-0.0033727904510497952,0.035389884862899776,0.5705459099815895,0.9856299163674839,1
REACTOME_CLATHRIN_MEDIATED_ENDOCYTOSIS,27,27,0.034823971862792985,-0.00038976776123046675,0.03521373962402345,0.666986639847347,0.9856299163674839,1
REACTOME_MITOTIC_G1_PHASE_AND_G1_S_TRANSITION,39,39,0.03384611755371095,-0.0006483192443847569,0.034494436798095704,0.7013685367636113,0.9856299163674839,1
REACTOME_SUMOYLATION_OF_INTRACELLULAR_RECEPTORS,8,8,0.03149038129806518,0.0,0.03149038129806518,0.5660305822185896,0.9856299163674839,1
REACTOME_METABOLISM_OF_RNA,150,150,-0.02779583694458007,0.003163439407348645,-0.030959276351928716,0.6103816492864942,0.9856299163674839,-1
REACTOME_SIGNALING_BY_ERYTHROPOIETIN,10,10,-0.030129341201782206,0.0,-0.030129341201782206,0.7589805168287014,0.9856299163674839,-1
REACTOME_ANTIGEN_PROCESSING_UBIQUITINATION_PROTEASOME_DEGRADATION,64,64,0.028569613952636727,-0.0005171029663085802,0.029086716918945307,0.7128953428373477,0.9856299163674839,1
REACTOME_POTENTIAL_THERAPEUTICS_FOR_SARS,20,20,-0.028832532501220712,0.0,-0.028832532501220712,0.7378190838978096,0.9856299163674839,-1
REACTOME_IRON_UPTAKE_AND_TRANSPORT,15,15,0.027645241374969487,-0.0002585514831542901,0.027903792858123777,0.7273047693306727,0.9856299163674839,1
REACTOME_GLYCEROPHOSPHOLIPID_BIOSYNTHESIS,26,26,0.025892574157714843,-0.0005171029663085802,0.026409677124023423,0.807175734272137,0.9856299163674839,1
REACTOME_CLASS_B_2_SECRETIN_FAMILY_RECEPTORS,18,18,0.02498612721443176,0.0,0.02498612721443176,0.6781192333689791,0.9856299163674839,1
REACTOME_POTASSIUM_CHANNELS,12,12,0.02498612721443176,0.0,0.02498612721443176,0.506957763662575,0.9856299163674839,1
REACTOME_RETROGRADE_TRANSPORT_AT_THE_TRANS_GOLGI_NETWORK,13,13,-0.023044895935058596,0.0015817197036743225,-0.024626615638732918,0.4390042574850681,0.9856299163674839,-1
REACTOME_SUMOYLATION,52,52,0.022851501617431658,-0.0007795355224609335,0.02363103713989259,0.5270026285470529,0.9856299163674839,1
REACTOME_RHO_GTPASE_CYCLE,95,95,-0.022009581909179676,0.0015817197036743225,-0.023591301612854,0.7686545704615966,0.9856299163674839,-1
REACTOME_DNA_DOUBLE_STRAND_BREAK_REPAIR,36,36,-0.02129281078338624,0.0,-0.02129281078338624,0.4637919836860661,0.9856299163674839,-1
REACTOME_HOMOLOGOUS_DNA_PAIRING_AND_STRAND_EXCHANGE,12,12,-0.02129281078338624,0.0,-0.02129281078338624,0.5512064717537117,0.9856299163674839,-1
REACTOME_FGFR2_ALTERNATIVE_SPLICING,6,6,0.017597422485351566,0.0,0.017597422485351566,0.465437952771778,0.9856299163674839,1
REACTOME_BLOOD_GROUP_SYSTEMS_BIOSYNTHESIS,6,6,0.017306399841308606,0.0,0.017306399841308606,0.7019630850491911,0.9856299163674839,1
REACTOME_FLT3_SIGNALING_IN_DISEASE,12,12,0.01547759460449219,0.0,0.01547759460449219,0.7530133829050816,0.9856299163674839,1
REACTOME_DAP12_SIGNALING,12,12,-0.014811775894165019,0.0,-0.014811775894165019,0.7674476361531625,0.9856299163674839,-1
REACTOME_HCMV_LATE_EVENTS,13,13,0.014515828857421892,-0.0002585514831542901,0.014774380340576182,0.35800586565318315,0.9856299163674839,1
REACTOME_INTERACTIONS_OF_REV_WITH_HOST_CELLULAR_PROTEINS,9,9,0.014515828857421892,-0.0002585514831542901,0.014774380340576182,0.6057067075106856,0.9856299163674839,1
REACTOME_NUCLEAR_IMPORT_OF_REV_PROTEIN,9,9,0.014515828857421892,-0.0002585514831542901,0.014774380340576182,0.6057067075106856,0.9856299163674839,1
REACTOME_NUCLEAR_PORE_COMPLEX_NPC_DISASSEMBLY,9,9,0.014515828857421892,-0.0002585514831542901,0.014774380340576182,0.6057067075106856,0.9856299163674839,1
REACTOME_REGULATION_OF_GLUCOKINASE_BY_GLUCOKINASE_REGULATORY_PROTEIN,9,9,0.014515828857421892,-0.0002585514831542901,0.014774380340576182,0.6057067075106856,0.9856299163674839,1
REACTOME_TRANSPORT_OF_THE_SLBP_DEPENDANT_MATURE_MRNA,9,9,0.014515828857421892,-0.0002585514831542901,0.014774380340576182,0.6057067075106856,0.9856299163674839,1
REACTOME_CELL_CYCLE_MITOTIC,136,136,0.013897035522460952,-0.0005171029663085802,0.014414138488769532,0.6474936248336844,0.9856299163674839,1
REACTOME_P75NTR_SIGNALS_VIA_NF_KB,5,5,0.011871209106445318,-0.0006483192443847569,0.012519528350830075,0.7496738477006832,0.9856299163674839,1
REACTOME_P75_NTR_RECEPTOR_MEDIATED_SIGNALLING,29,29,0.011871209106445318,-0.0006483192443847569,0.012519528350830075,0.32890377881706223,0.9856299163674839,1
REACTOME_TCR_SIGNALING,31,31,0.011871209106445318,-0.0006483192443847569,0.012519528350830075,0.7589029495528076,0.9856299163674839,1
REACTOME_TOLL_LIKE_RECEPTOR_TLR1_TLR2_CASCADE,29,29,0.011871209106445318,-0.0006483192443847569,0.012519528350830075,0.6772638215740039,0.9856299163674839,1
REACTOME_ZBP1_DAI_MEDIATED_INDUCTION_OF_TYPE_I_IFNS,5,5,0.011871209106445318,-0.0006483192443847569,0.012519528350830075,0.4715575663455641,0.9856299163674839,1
REACTOME_TRNA_PROCESSING,34,34,0.011131054077148456,-0.0005171029663085802,0.011648157043457036,0.7679480427059706,0.9856299163674839,1
REACTOME_TRANSPORT_TO_THE_GOLGI_AND_SUBSEQUENT_MODIFICATION,33,33,0.011287935180664066,-0.0002585514831542901,0.011546486663818356,0.7002216897548584,0.9856299163674839,1
REACTOME_FC_EPSILON_RECEPTOR_FCERI_SIGNALING,32,32,0.010500429077148446,-0.0005171029663085802,0.011017532043457026,0.6064423669357715,0.9856299163674839,1
REACTOME_TRAF6_MEDIATED_NF_KB_ACTIVATION,8,8,0.010500429077148446,-0.0005171029663085802,0.011017532043457026,0.7068911463316789,0.9856299163674839,1
REACTOME_TP53_REGULATES_TRANSCRIPTION_OF_DNA_REPAIR_GENES,16,16,0.01060479461669922,0.0,0.01060479461669922,0.4833019084904121,0.9856299163674839,1
REACTOME_TRANS_GOLGI_NETWORK_VESICLE_BUDDING,16,16,-0.010520583648681636,0.0,-0.010520583648681636,0.3897574561818594,0.9856299163674839,-1
REACTOME_CLASS_I_MHC_MEDIATED_ANTIGEN_PROCESSING_PRESENTATION,77,77,0.009129649047851573,-0.0002585514831542901,0.009388200531005864,0.43656098316803726,0.9856299163674839,1
REACTOME_FCGAMMA_RECEPTOR_FCGR_DEPENDENT_PHAGOCYTOSIS,18,18,0.00896656814575196,0.0,0.00896656814575196,0.7967067534556159,0.9856299163674839,1
REACTOME_RAC2_GTPASE_CYCLE,12,12,0.00896656814575196,0.0,0.00896656814575196,0.7198900399582437,0.9856299163674839,1
REACTOME_GLUCAGON_SIGNALING_IN_METABOLIC_REGULATION,11,11,-0.007056310882568362,0.0015817197036743225,-0.008638030586242684,0.5814638504118749,0.9856299163674839,-1
REACTOME_FGFR2_MUTANT_RECEPTOR_ACTIVATION,6,6,0.006694061889648439,0.0,0.006694061889648439,0.6450201138532893,0.9856299163674839,1
REACTOME_DEVELOPMENTAL_BIOLOGY,172,172,-0.0034261511230468805,0.003163439407348645,-0.0065895905303955254,0.6911939593732865,0.9856299163674839,-1
REACTOME_RUNX1_REGULATES_GENES_INVOLVED_IN_MEGAKARYOCYTE_DIFFERENTIATION_AND_PLATELET_FUNCTION,13,13,-0.004151109008789067,0.0015817197036743225,-0.005732828712463389,0.48045287729679975,0.9856299163674839,-1
REACTOME_NOTCH1_INTRACELLULAR_DOMAIN_REGULATES_TRANSCRIPTION,14,14,0.005404753942489626,0.0,0.005404753942489626,0.5960840163730685,0.9856299163674839,1
REACTOME_SIGNALING_BY_NOTCH1_PEST_DOMAIN_MUTANTS_IN_CANCER,12,12,0.005404753942489626,0.0,0.005404753942489626,0.6020657573210431,0.9856299163674839,1
REACTOME_TNF_RECEPTOR_SUPERFAMILY_TNFSF_MEMBERS_MEDIATING_NON_CANONICAL_NF_KB_PATHWAY,8,8,-0.0051231642150878914,0.0,-0.0051231642150878914,0.6911488404845095,0.9856299163674839,-1
REACTOME_DNA_DAMAGE_TELOMERE_STRESS_INDUCED_SENESCENCE,5,5,0.004479434509277347,-0.0002585514831542901,0.004737985992431637,0.6981467672344048,0.9856299163674839,1
REACTOME_MEIOSIS,22,22,0.004103873786926268,-0.0005171029663085802,0.004620976753234848,0.36801259841451484,0.9856299163674839,1
REACTOME_CELL_CYCLE_CHECKPOINTS,59,59,0.0037283130645751894,-0.0002585514831542901,0.0039868645477294795,0.6693916329525081,0.9856299163674839,1
REACTOME_CELL_CYCLE,176,176,0.001474388771057128,0.0,0.001474388771057128,0.2811320464059237,0.9856299163674839,1
REACTOME_REGULATION_OF_PYRUVATE_DEHYDROGENASE_PDH_COMPLEX,6,6,-0.0002621883392333879,0.0,-0.0002621883392333879,0.5982583263945035,0.9856299163674839,-1
REACTOME_EUKARYOTIC_TRANSLATION_INITIATION,14,14,-0.022276608734130857,0.0,-0.022276608734130857,0.8159145544871683,0.9896632653707668,-1
REACTOME_SIGNALING_BY_NOTCH2,6,6,-0.3071505207157134,0.0,-0.3071505207157134,0.8186204424136015,0.9900961735361063,-1
REACTOME_ESR_MEDIATED_SIGNALING,50,50,-0.0261185099029541,0.003163439407348645,-0.029281949310302743,0.8184926088863573,0.9900961735361063,-1
REACTOME_REVERSIBLE_HYDRATION_OF_CARBON_DIOXIDE,5,5,-0.35443868652343746,0.0015817197036743225,-0.3560204062271118,0.9082191396129307,0.9904855492814424,-1
REACTOME_SENESCENCE_ASSOCIATED_SECRETORY_PHENOTYPE_SASP,19,19,-0.2903598583984375,0.003181695137023932,-0.2935415535354614,0.898919815095566,0.9904855492814424,-1
REACTOME_DETOXIFICATION_OF_REACTIVE_OXYGEN_SPECIES,5,5,-0.2510984558105469,0.0015817197036743225,-0.25268017551422123,0.9143664893688573,0.9904855492814424,-1
REACTOME_TP53_REGULATES_METABOLIC_GENES,16,16,-0.2125868176269531,0.0031999508666992194,-0.21578676849365233,0.8243385312553669,0.9904855492814424,-1
REACTOME_REPRODUCTION,27,27,-0.2096776220703125,0.0015817197036743225,-0.21125934177398684,0.8599283725961024,0.9904855492814424,-1
REACTOME_RESPONSE_OF_EIF2AK4_GCN2_TO_AMINO_ACID_DEFICIENCY,8,8,-0.19996987976074218,0.0031999508666992194,-0.2031698306274414,0.8484246809784347,0.9904855492814424,-1
REACTOME_EUKARYOTIC_TRANSLATION_ELONGATION,5,5,-0.19539673339843747,0.003181695137023932,-0.1985784285354614,0.8882771497478031,0.9904855492814424,-1
REACTOME_SRP_DEPENDENT_COTRANSLATIONAL_PROTEIN_TARGETING_TO_MEMBRANE,9,9,-0.19539673339843747,0.003181695137023932,-0.1985784285354614,0.8738144841315784,0.9904855492814424,-1
REACTOME_MRNA_CAPPING,7,7,-0.17321228088378907,0.003181695137023932,-0.176393976020813,0.8923482898039385,0.9904855492814424,-1
REACTOME_BILE_ACID_AND_BILE_SALT_METABOLISM,6,6,-0.17629049261093135,0.0,-0.17629049261093135,0.8468768135793705,0.9904855492814424,-1
REACTOME_SYNTHESIS_OF_BILE_ACIDS_AND_BILE_SALTS,6,6,-0.17629049261093135,0.0,-0.17629049261093135,0.8468768135793705,0.9904855492814424,-1
REACTOME_SIGNALING_BY_NOTCH1,17,17,-0.17466679931640625,0.0015817197036743225,-0.17624851902008057,0.858952071760163,0.9904855492814424,-1
REACTOME_GAP_JUNCTION_TRAFFICKING_AND_REGULATION,5,5,-0.16493150390624997,0.0015817197036743225,-0.1665132236099243,0.8923628661433296,0.9904855492814424,-1
REACTOME_SMAD2_SMAD3_SMAD4_HETEROTRIMER_REGULATES_TRANSCRIPTION,10,10,-0.15039782287597656,0.003163439407348645,-0.1535612622833252,0.8746358019446041,0.9904855492814424,-1
REACTOME_ANTIGEN_PROCESSING_CROSS_PRESENTATION,15,15,0.13585638132095337,-0.0008648501586914076,0.13672123147964477,0.8442750462890636,0.9904855492814424,1
REACTOME_SYNAPTIC_ADHESION_LIKE_MOLECULES,5,5,0.1362666820383072,-0.0002585514831542901,0.13652523352146148,0.8309064207129722,0.9904855492814424,1
REACTOME_TRANSCRIPTION_OF_E2F_TARGETS_UNDER_NEGATIVE_CONTROL_BY_P107_RBL1_AND_P130_RBL2_IN_COMPLEX_WITH_HDAC1,7,7,0.1315033793258667,-0.0002585514831542901,0.131761930809021,0.8967092724078586,0.9904855492814424,1
REACTOME_OVARIAN_TUMOR_DOMAIN_PROTEASES,7,7,0.13066376861572265,-0.0006483192443847569,0.1313120878601074,0.8958368329017605,0.9904855492814424,1
REACTOME_REGULATION_OF_EXPRESSION_OF_SLITS_AND_ROBOS,18,18,-0.12569062591552735,0.003163439407348645,-0.128854065322876,0.8998107999478611,0.9904855492814424,-1
REACTOME_FOXO_MEDIATED_TRANSCRIPTION,17,17,0.12585542797088622,-0.0002585514831542901,0.12611397945404051,0.8623679221587174,0.9904855492814424,1
REACTOME_MAPK6_MAPK4_SIGNALING,17,17,0.12585542797088622,-0.0002585514831542901,0.12611397945404051,0.9021063462984252,0.9904855492814424,1
REACTOME_BINDING_AND_UPTAKE_OF_LIGANDS_BY_SCAVENGER_RECEPTORS,11,11,0.11921396476745606,-0.0002585514831542901,0.11947251625061035,0.9163506539106516,0.9904855492814424,1
REACTOME_METABOLISM_OF_FAT_SOLUBLE_VITAMINS,7,7,0.11921396476745606,-0.0002585514831542901,0.11947251625061035,0.8845064475145737,0.9904855492814424,1
REACTOME_PHASE_I_FUNCTIONALIZATION_OF_COMPOUNDS,11,11,-0.11788288024902341,0.0015817197036743225,-0.11946459995269773,0.882173962709903,0.9904855492814424,-1
REACTOME_PIWI_INTERACTING_RNA_PIRNA_BIOGENESIS,6,6,-0.110194599609375,0.003163439407348645,-0.11335803901672364,0.8715822934565193,0.9904855492814424,-1
REACTOME_DISEASES_OF_GLYCOSYLATION,28,28,0.1115088952255249,-0.0005171029663085802,0.11202599819183348,0.889160929774256,0.9904855492814424,1
REACTOME_SLC_MEDIATED_TRANSMEMBRANE_TRANSPORT,36,36,0.10882793498992921,-0.0009501647949218817,0.10977809978485109,0.8503883267008556,0.9904855492814424,1
REACTOME_INTRINSIC_PATHWAY_OF_FIBRIN_CLOT_FORMATION,5,5,0.10891859497070314,-0.0006483192443847569,0.1095669142150879,0.8765463775467434,0.9904855492814424,1
REACTOME_STIMULI_SENSING_CHANNELS,11,11,0.10826078086853028,-0.0006483192443847569,0.10890910011291503,0.8843042639119537,0.9904855492814424,1
REACTOME_FORMATION_OF_FIBRIN_CLOT_CLOTTING_CASCADE,8,8,0.10641318080902101,-0.0005171029663085802,0.1069302837753296,0.909616066676181,0.9904855492814424,1
REACTOME_PYRUVATE_METABOLISM,8,8,-0.10263127304077149,0.003163439407348645,-0.10579471244812014,0.8744467663607244,0.9904855492814424,-1
REACTOME_COMMON_PATHWAY_OF_FIBRIN_CLOT_FORMATION,5,5,0.10390776664733888,-0.0002585514831542901,0.10416631813049317,0.8309064207129722,0.9904855492814424,1
REACTOME_HEPARAN_SULFATE_HEPARIN_HS_GAG_METABOLISM,9,9,0.10315206932067872,-0.0002585514831542901,0.10341062080383301,0.8488171061827897,0.9904855492814424,1
REACTOME_PD_1_SIGNALING,12,12,-0.09883630249023437,0.0031999508666992194,-0.10203625335693359,0.8772733633351948,0.9904855492814424,-1
REACTOME_CDC6_ASSOCIATION_WITH_THE_ORC_ORIGIN_COMPLEX,5,5,0.10043236618041992,-0.0002585514831542901,0.10069091766357421,0.8892983249738213,0.9904855492814424,1
REACTOME_TELOMERE_EXTENSION_BY_TELOMERASE,7,7,-0.0980937341308594,0.0015817197036743225,-0.09967545383453372,0.8697241552039907,0.9904855492814424,-1
REACTOME_SYNTHESIS_OF_IP2_IP_AND_INS_IN_THE_CYTOSOL,5,5,0.09778280868530274,-0.0002585514831542901,0.09804136016845703,0.881133822038931,0.9904855492814424,1
REACTOME_SIGNALING_BY_MET,10,10,0.09742668956756592,-0.0005171029663085802,0.0979437925338745,0.9007166418379016,0.9904855492814424,1
REACTOME_DEUBIQUITINATION,53,53,-0.09050875488281249,0.0034641319656372044,-0.09397288684844969,0.9142787069716872,0.9904855492814424,-1
REACTOME_TRANSCRIPTIONAL_REGULATION_BY_SMALL_RNAS,14,14,-0.09012050354003906,0.003163439407348645,-0.0932839429473877,0.8529744617093629,0.9904855492814424,-1
REACTOME_RECRUITMENT_OF_NUMA_TO_MITOTIC_CENTROSOMES,28,28,0.0931519191813469,0.0,0.0931519191813469,0.9140309122612735,0.9904855492814424,1
REACTOME_MRNA_SPLICING,44,44,-0.08927363708496092,0.0031999508666992194,-0.09247358795166014,0.8411966393766126,0.9904855492814424,-1
REACTOME_CELL_CELL_JUNCTION_ORGANIZATION,9,9,0.09056772186279297,-0.0002585514831542901,0.09082627334594726,0.839869321436646,0.9904855492814424,1
REACTOME_CELL_JUNCTION_ORGANIZATION,9,9,0.09056772186279297,-0.0002585514831542901,0.09082627334594726,0.839869321436646,0.9904855492814424,1
REACTOME_FORMATION_OF_TUBULIN_FOLDING_INTERMEDIATES_BY_CCT_TRIC,5,5,-0.08727906921386716,0.0015817197036743225,-0.08886078891754148,0.8628076592085595,0.9904855492814424,-1
REACTOME_SEPARATION_OF_SISTER_CHROMATIDS,44,44,0.08321318523406983,-0.0005171029663085802,0.08373028820037841,0.8723132610910509,0.9904855492814424,1
REACTOME_LAGGING_STRAND_SYNTHESIS,10,10,-0.08010876037597656,0.0031999508666992194,-0.08330871124267578,0.882074855245809,0.9904855492814424,-1
REACTOME_DUAL_INCISION_IN_GG_NER,18,18,-0.07939277481079102,0.003163439407348645,-0.08255621421813966,0.8611960653129985,0.9904855492814424,-1
REACTOME_RET_SIGNALING,7,7,0.08209003341674806,-0.0002585514831542901,0.08234858489990235,0.9050032661092694,0.9904855492814424,1
REACTOME_RHOG_GTPASE_CYCLE,13,13,0.07961804824829102,-0.0006483192443847569,0.08026636749267578,0.8361918117021864,0.9904855492814424,1
REACTOME_SIGNALING_BY_TGFB_FAMILY_MEMBERS,26,26,-0.0747289385986328,0.0031999508666992194,-0.07792888946533202,0.9061843364905968,0.9904855492814424,-1
REACTOME_INTERLEUKIN_2_SIGNALING,6,6,-0.07697705795288086,0.0,-0.07697705795288086,0.8492017652156888,0.9904855492814424,-1
REACTOME_SNRNP_ASSEMBLY,12,12,-0.0707394221496582,0.003163439407348645,-0.07390286155700684,0.9041688519971858,0.9904855492814424,-1
REACTOME_NEUTROPHIL_DEGRANULATION,94,94,-0.06896726181030272,0.004479434509277347,-0.07344669631958006,0.8421865810349354,0.9904855492814424,-1
REACTOME_SPHINGOLIPID_METABOLISM,14,14,0.0687650358581543,-0.0005171029663085802,0.06928213882446288,0.8680202510186087,0.9904855492814424,1
REACTOME_ASSEMBLY_OF_COLLAGEN_FIBRILS_AND_OTHER_MULTIMERIC_STRUCTURES,11,11,0.0644477377319336,-0.0006483192443847569,0.06509605697631836,0.909928788594173,0.9904855492814424,1
REACTOME_FORMATION_OF_RNA_POL_II_ELONGATION_COMPLEX,16,16,-0.059762158203125,0.003163439407348645,-0.06292559761047364,0.8764204408882743,0.9904855492814424,-1
REACTOME_ADORA2B_MEDIATED_ANTI_INFLAMMATORY_CYTOKINES_PRODUCTION,26,26,0.05938075818061829,-0.0005171029663085802,0.05989786114692687,0.9040914166459798,0.9904855492814424,1
REACTOME_SUMOYLATION_OF_DNA_REPLICATION_PROTEINS,12,12,-0.05927412994384765,0.0,-0.05927412994384765,0.9147546446629122,0.9904855492814424,-1
REACTOME_DEPOSITION_OF_NEW_CENPA_CONTAINING_NUCLEOSOMES_AT_THE_CENTROMERE,8,8,-0.055456488647460944,0.003163439407348645,-0.05861992805480959,0.8654854898246257,0.9904855492814424,-1
REACTOME_GABA_B_RECEPTOR_ACTIVATION,11,11,0.057028565311431884,-0.0002585514831542901,0.057287116794586174,0.9063635995658703,0.9904855492814424,1
REACTOME_INWARDLY_RECTIFYING_K_CHANNELS,9,9,0.057028565311431884,-0.0002585514831542901,0.057287116794586174,0.8352090371899149,0.9904855492814424,1
REACTOME_SIGNAL_AMPLIFICATION,9,9,0.057028565311431884,-0.0002585514831542901,0.057287116794586174,0.9056301521520979,0.9904855492814424,1
REACTOME_THROMBIN_SIGNALLING_THROUGH_PROTEINASE_ACTIVATED_RECEPTORS_PARS,9,9,0.057028565311431884,-0.0002585514831542901,0.057287116794586174,0.8534933367524254,0.9904855492814424,1
REACTOME_THROMBOXANE_SIGNALLING_THROUGH_TP_RECEPTOR,9,9,0.057028565311431884,-0.0002585514831542901,0.057287116794586174,0.9056301521520979,0.9904855492814424,1
REACTOME_SIGNALING_BY_RECEPTOR_TYROSINE_KINASES,112,112,0.05311376708984375,-0.0011146649169921918,0.05422843200683594,0.8928454023415768,0.9904855492814424,1
REACTOME_DNA_REPLICATION,35,35,-0.04631393463134767,0.003181695137023932,-0.0494956297683716,0.91269991369025,0.9904855492814424,-1
REACTOME_FORMATION_OF_TC_NER_PRE_INCISION_COMPLEX,13,13,-0.04717691833496093,0.0015817197036743225,-0.048758638038635255,0.8712581016268511,0.9904855492814424,-1
REACTOME_FCERI_MEDIATED_NF_KB_ACTIVATION,13,13,0.047438954010009776,-0.0008648501586914076,0.048303804168701184,0.8465512064958524,0.9904855492814424,1
REACTOME_NUCLEAR_SIGNALING_BY_ERBB4,7,7,-0.043332792205810516,0.0015817197036743225,-0.04491451190948484,0.8273762584440183,0.9904855492814424,-1
REACTOME_RHOB_GTPASE_CYCLE,14,14,0.033526884155273454,-0.0005171029663085802,0.034043987121582034,0.868648236880994,0.9904855492814424,1
REACTOME_RHOC_GTPASE_CYCLE,16,16,0.033526884155273454,-0.0005171029663085802,0.034043987121582034,0.8220140514433913,0.9904855492814424,1
REACTOME_NETRIN_1_SIGNALING,13,13,-0.02589850646972655,0.0015817197036743225,-0.027480226173400873,0.8970737877683195,0.9904855492814424,-1
REACTOME_VESICLE_MEDIATED_TRANSPORT,131,131,-0.023044895935058596,0.003181695137023932,-0.026226591072082528,0.8669574193950103,0.9904855492814424,-1
REACTOME_FCGR3A_MEDIATED_IL10_SYNTHESIS,12,12,-0.02324681884765624,0.0,-0.02324681884765624,0.8776129957012075,0.9904855492814424,-1
REACTOME_VITAMIN_B5_PANTOTHENATE_METABOLISM,5,5,0.022585564785003676,-0.0002585514831542901,0.022844116268157966,0.8551913783071141,0.9904855492814424,1
REACTOME_COOPERATION_OF_PREFOLDIN_AND_TRIC_CCT_IN_ACTIN_AND_TUBULIN_FOLDING,8,8,-0.020768704299926735,0.0,-0.020768704299926735,0.9010098533488945,0.9904855492814424,-1
REACTOME_APOPTOTIC_CLEAVAGE_OF_CELLULAR_PROTEINS,9,9,-0.012233736572265619,0.0015817197036743225,-0.013815456275939941,0.8328810523277776,0.9904855492814424,-1
REACTOME_DEACTIVATION_OF_THE_BETA_CATENIN_TRANSACTIVATING_COMPLEX,12,12,0.009956674499511736,0.0,0.009956674499511736,0.916463497555783,0.9904855492814424,1
REACTOME_PROTEIN_FOLDING,25,25,-0.004530675659179667,0.0015817197036743225,-0.0061123953628539895,0.907201421219849,0.9904855492814424,-1
REACTOME_SWITCHING_OF_ORIGINS_TO_A_POST_REPLICATIVE_STATE,19,19,-0.004530675659179667,0.0015817197036743225,-0.0061123953628539895,0.8804965170498756,0.9904855492814424,-1
REACTOME_INITIAL_TRIGGERING_OF_COMPLEMENT,7,7,-0.0016311756896972562,0.0015817197036743225,-0.0032128953933715787,0.8771101759517715,0.9904855492814424,-1
REACTOME_RECRUITMENT_OF_MITOTIC_CENTROSOME_PROTEINS_AND_COMPLEXES,25,25,-0.0007795355224609335,0.0015817197036743225,-0.002361255226135256,0.9069642520300131,0.9904855492814424,-1
REACTOME_CYTOSOLIC_SENSORS_OF_PATHOGEN_ASSOCIATED_DNA,13,13,0.011871209106445318,-0.0006483192443847569,0.012519528350830075,0.9180692620017921,0.9909505606498216,1
REACTOME_SIGNALING_BY_NOTCH3,7,7,0.1566068395996094,-0.0002585514831542901,0.15686539108276368,0.9255608126721472,0.9916002759142908,1
REACTOME_FATTY_ACYL_COA_BIOSYNTHESIS,10,10,-0.1358076574707031,0.003163439407348645,-0.13897109687805176,0.926905121495209,0.9916002759142908,-1
REACTOME_IRE1ALPHA_ACTIVATES_CHAPERONES,12,12,-0.12069148315429686,0.003163439407348645,-0.1238549225616455,0.926724448104193,0.9916002759142908,-1
REACTOME_BIOLOGICAL_OXIDATIONS,27,27,-0.11788288024902341,0.0015817197036743225,-0.11946459995269773,0.9259715610755646,0.9916002759142908,-1
REACTOME_SIGNALING_BY_TGF_BETA_RECEPTOR_COMPLEX,22,22,-0.06202964141845704,0.003163439407348645,-0.06519308082580569,0.9239271585625181,0.9916002759142908,-1
REACTOME_INTERLEUKIN_2_FAMILY_SIGNALING,14,14,0.026071056365966794,-0.0005171029663085802,0.026588159332275374,0.9226066594564034,0.9916002759142908,1
REACTOME_G0_AND_EARLY_G1,11,11,-0.004530675659179667,0.0015817197036743225,-0.0061123953628539895,0.922777982714152,0.9916002759142908,-1
REACTOME_GENE_AND_PROTEIN_EXPRESSION_BY_JAK_STAT_SIGNALING_AFTER_INTERLEUKIN_12_STIMULATION,7,7,-0.15794687255859377,0.0015817197036743225,-0.1595285922622681,0.9330089457735888,0.9920394454416748,-1
REACTOME_CELLULAR_HEXOSE_TRANSPORT,5,5,0.129278645362854,-0.0002585514831542901,0.12953719684600828,0.9343764171775679,0.9920394454416748,1
REACTOME_INTRA_GOLGI_AND_RETROGRADE_GOLGI_TO_ER_TRAFFIC,42,42,-0.06990196075439453,0.0031999508666992194,-0.07310191162109375,0.9286259237594197,0.9920394454416748,-1
REACTOME_HEMOSTASIS,146,146,0.06343136657714844,-0.0033727904510497952,0.06680415702819824,0.9311056414631839,0.9920394454416748,1
REACTOME_TRAFFICKING_OF_AMPA_RECEPTORS,5,5,-0.02829643325805664,0.0015817197036743225,-0.029878152961730964,0.9297548998746826,0.9920394454416748,-1
REACTOME_DEGRADATION_OF_BETA_CATENIN_BY_THE_DESTRUCTION_COMPLEX,12,12,0.009956674499511736,0.0,0.009956674499511736,0.9335719655991366,0.9920394454416748,1
REACTOME_CTLA4_INHIBITORY_SIGNALING,5,5,-0.4587559204101562,0.0015817197036743225,-0.46033764011383055,0.9384861574860123,0.9926522343296216,-1
REACTOME_SIGNALING_BY_HEDGEHOG,22,22,0.10043494735717773,-0.0007795355224609335,0.10121448287963866,0.9371048610412008,0.9926522343296216,1
REACTOME_L1CAM_INTERACTIONS,22,22,0.07210764068603516,-0.0007795355224609335,0.0728871762084961,0.9383729140980909,0.9926522343296216,1
REACTOME_GABA_RECEPTOR_ACTIVATION,12,12,0.05938075818061829,-0.0005171029663085802,0.05989786114692687,0.9400816711002449,0.9930937954104091,1
REACTOME_SYNTHESIS_OF_PC,7,7,0.0714270216369629,-0.0002585514831542901,0.0716855731201172,0.9413399455570397,0.9931784406815826,1
REACTOME_TNFS_BIND_THEIR_PHYSIOLOGICAL_RECEPTORS,15,15,0.15401555998802186,-0.0002585514831542901,0.15427411147117615,0.9482042429812577,0.9943628786939472,1
REACTOME_RESOLUTION_OF_SISTER_CHROMATID_COHESION,33,33,0.08481634773254396,-0.0002585514831542901,0.08507489921569825,0.9449741830313196,0.9943628786939472,1
REACTOME_NGF_STIMULATED_TRANSCRIPTION,11,11,-0.05368933959960939,0.0015817197036743225,-0.055271059303283715,0.9456686909088154,0.9943628786939472,-1
REACTOME_METAL_ION_SLC_TRANSPORTERS,6,6,0.030734706897735588,0.0,0.030734706897735588,0.9472726785498012,0.9943628786939472,1
REACTOME_ABERRANT_REGULATION_OF_MITOTIC_G1_S_TRANSITION_IN_CANCER_DUE_TO_RB1_DEFECTS,7,7,-0.004530675659179667,0.0015817197036743225,-0.0061123953628539895,0.9483603255871098,0.9943628786939472,-1
REACTOME_TRANSCRIPTIONAL_REGULATION_BY_VENTX,13,13,-0.16651762573242188,0.003181695137023932,-0.1696993208694458,0.9513135522303598,0.9948001015701875,-1
REACTOME_RNA_POLYMERASE_II_TRANSCRIBES_SNRNA_GENES,23,23,-0.1462911437988281,0.0034641319656372044,-0.1497552757644653,0.9523739372931834,0.9948001015701875,-1
REACTOME_NEGATIVE_REGULATION_OF_MAPK_PATHWAY,12,12,-0.1407915667724609,0.0031999508666992194,-0.14399151763916013,0.9558577488396819,0.9948001015701875,-1
REACTOME_NEGATIVE_EPIGENETIC_REGULATION_OF_RRNA_EXPRESSION,14,14,-0.06051766265869141,0.003163439407348645,-0.06368110206604005,0.9543435593191313,0.9948001015701875,-1
REACTOME_RHO_GTPASES_ACTIVATE_FORMINS,33,33,-0.0350457775878906,0.0015817197036743225,-0.03662749729156492,0.9530774610941037,0.9948001015701875,-1
REACTOME_INTRAFLAGELLAR_TRANSPORT,15,15,-0.028096882324218753,0.0015817197036743225,-0.029678602027893075,0.9549591659511081,0.9948001015701875,-1
REACTOME_APC_CDC20_MEDIATED_DEGRADATION_OF_NEK2A,10,10,-0.2284387420654297,0.003163439407348645,-0.23160218147277833,0.9783633118033328,0.9957589480485259,-1
REACTOME_APC_C_CDC20_MEDIATED_DEGRADATION_OF_CYCLIN_B,8,8,-0.2284387420654297,0.003163439407348645,-0.23160218147277833,0.9849400877080593,0.9957589480485259,-1
REACTOME_KINESINS,16,16,-0.22468901496887206,0.0,-0.22468901496887206,0.9760221782146312,0.9957589480485259,-1
REACTOME_FORMATION_OF_THE_EARLY_ELONGATION_COMPLEX,9,9,-0.17321228088378907,0.003181695137023932,-0.176393976020813,0.9851280695996093,0.9957589480485259,-1
REACTOME_DISEASES_ASSOCIATED_WITH_GLYCOSAMINOGLYCAN_METABOLISM,7,7,0.14275443618774414,-0.0002585514831542901,0.14301298767089843,0.9588979274669915,0.9957589480485259,1
REACTOME_MISCELLANEOUS_TRANSPORT_AND_BINDING_EVENTS,6,6,-0.13712752502441408,0.003163439407348645,-0.14029096443176273,0.976105782459932,0.9957589480485259,-1
REACTOME_GLYCOGEN_METABOLISM,8,8,0.12541708926439285,-0.0005171029663085802,0.12593419223070143,0.9828773727224118,0.9957589480485259,1
REACTOME_VISUAL_PHOTOTRANSDUCTION,20,20,0.11928166110992433,-0.0007795355224609335,0.12006119663238526,0.9665407054759537,0.9957589480485259,1
REACTOME_PLASMA_LIPOPROTEIN_CLEARANCE,7,7,0.11921396476745606,-0.0002585514831542901,0.11947251625061035,0.9755958227777718,0.9957589480485259,1
REACTOME_TRANSCRIPTIONAL_ACTIVITY_OF_SMAD2_SMAD3_SMAD4_HETEROTRIMER,14,14,-0.11417806945800782,0.003163439407348645,-0.11734150886535646,0.980105988085041,0.9957589480485259,-1
REACTOME_ONCOGENE_INDUCED_SENESCENCE,12,12,-0.11486370157241818,0.0,-0.11486370157241818,0.9682166328912528,0.9957589480485259,-1
REACTOME_HIV_TRANSCRIPTION_ELONGATION,10,10,-0.110194599609375,0.003163439407348645,-0.11335803901672364,0.9693361388916744,0.9957589480485259,-1
REACTOME_DISEASES_OF_METABOLISM,47,47,0.1068103695678711,-0.0008648501586914076,0.10767521972656251,0.9831143518570529,0.9957589480485259,1
REACTOME_SENSORY_PERCEPTION,33,33,0.09392566925048829,-0.0008648501586914076,0.0947905194091797,0.9676334245421877,0.9957589480485259,1
REACTOME_GENERATION_OF_SECOND_MESSENGER_MOLECULES,17,17,-0.09044528930664061,0.003181695137023932,-0.09362698444366455,0.9620011695826959,0.9957589480485259,-1
REACTOME_TRANSCRIPTIONAL_REGULATION_BY_RUNX3,15,15,-0.08852761108398435,0.0015817197036743225,-0.09010933078765868,0.9697077514998438,0.9957589480485259,-1
REACTOME_APOPTOTIC_EXECUTION_PHASE,12,12,-0.07999302795410156,0.003163439407348645,-0.0831564673614502,0.9740556093831023,0.9957589480485259,-1
REACTOME_NERVOUS_SYSTEM_DEVELOPMENT,97,97,0.06427411926269533,-0.0008648501586914076,0.06513896942138674,0.9780171415694432,0.9957589480485259,1
REACTOME_DOWNREGULATION_OF_SMAD2_3_SMAD4_TRANSCRIPTIONAL_ACTIVITY,8,8,-0.06470715330123901,0.0,-0.06470715330123901,0.972153331745136,0.9957589480485259,-1
REACTOME_SYNTHESIS_OF_PA,7,7,0.04262908905029297,-0.0002585514831542901,0.04288764053344726,0.9808713010866578,0.9957589480485259,1
REACTOME_MITOTIC_PROMETAPHASE,58,58,0.04201840610504151,0.0,0.04201840610504151,0.9708721906565262,0.9957589480485259,1
REACTOME_MITOTIC_PROPHASE,22,22,-0.03948439514160154,0.0,-0.03948439514160154,0.9759642046121957,0.9957589480485259,-1
REACTOME_METABOLISM_OF_CARBOHYDRATES,55,55,0.03438414642333984,-0.0006483192443847569,0.0350324656677246,0.9676795226916384,0.9957589480485259,1
REACTOME_RAC1_GTPASE_CYCLE,34,34,-0.029699682312011713,0.003163439407348645,-0.03286312171936036,0.9625716046643196,0.9957589480485259,-1
REACTOME_HEDGEHOG_OFF_STATE,18,18,0.12727599179267884,-0.0007795355224609335,0.12805552731513978,0.9897441447557968,0.9970228932276749,1
REACTOME_GAMMA_CARBOXYLATION_HYPUSINE_FORMATION_AND_ARYLSULFATASE_ACTIVATION,13,13,0.07978610992431642,-0.0002585514831542901,0.08004466140747071,0.9899266448773,0.9970228932276749,1
REACTOME_AURKA_ACTIVATION_BY_TPX2,23,23,-0.0007795355224609335,0.0015817197036743225,-0.002361255226135256,0.9881801554414751,0.9970228932276749,-1
REACTOME_PEXOPHAGY,5,5,-0.0027011932373046943,0.0015817197036743225,-0.004282912940979017,0.992014007012972,0.9979329450023096,-1
REACTOME_POLYMERASE_SWITCHING,8,8,-0.08010876037597656,0.0031999508666992194,-0.08330871124267578,0.9964927074108364,0.9988624879278657,-1
REACTOME_GLYCOSAMINOGLYCAN_METABOLISM,19,19,0.03871994232177736,-0.0006483192443847569,0.03936826156616212,0.9963070220747694,0.9988624879278657,1
REACTOME_RNA_POLYMERASE_II_TRANSCRIPTION,394,394,-0.012829856948852539,0.007746279296875019,-0.020576136245727558,0.9959630960026471,0.9988624879278657,-1
REACTOME_TRANSPORT_OF_MATURE_MRNAS_DERIVED_FROM_INTRONLESS_TRANSCRIPTS,11,11,-0.1330640887451172,0.0015817197036743225,-0.1346458084487915,0.9980260514769229,0.9992113555760642,-1
REACTOME_PHASE_II_CONJUGATION_OF_COMPOUNDS,15,15,0.09639293701171875,-0.0002585514831542901,0.09665148849487304,0.9992309765313908,0.9992309765313908,1
REACTOME_2_LTR_CIRCLE_FORMATION,0,0,,,,,,0
REACTOME_ABACAVIR_METABOLISM,1,1,,,,,,0
REACTOME_ABACAVIR_TRANSMEMBRANE_TRANSPORT,2,2,,,,,,0
REACTOME_ABACAVIR_TRANSPORT_AND_METABOLISM,3,3,,,,,,0
REACTOME_ACETYLCHOLINE_BINDING_AND_DOWNSTREAM_EVENTS,2,2,,,,,,0
REACTOME_ACETYLCHOLINE_INHIBITS_CONTRACTION_OF_OUTER_HAIR_CELLS,0,0,,,,,,0
REACTOME_ACETYLCHOLINE_NEUROTRANSMITTER_RELEASE_CYCLE,2,2,,,,,,0
REACTOME_ACETYLCHOLINE_REGULATES_INSULIN_SECRETION,1,1,,,,,,0
REACTOME_ACROSOME_REACTION_AND_SPERM_OOCYTE_MEMBRANE_BINDING,2,2,,,,,,0
REACTOME_ACTIVATED_NTRK2_SIGNALS_THROUGH_CDK5,0,0,,,,,,0
REACTOME_ACTIVATED_NTRK2_SIGNALS_THROUGH_FRS2_AND_FRS3,1,1,,,,,,0
REACTOME_ACTIVATED_NTRK2_SIGNALS_THROUGH_FYN,1,1,,,,,,0
REACTOME_ACTIVATED_NTRK2_SIGNALS_THROUGH_PI3K,1,1,,,,,,0
REACTOME_ACTIVATED_NTRK2_SIGNALS_THROUGH_RAS,1,1,,,,,,0
REACTOME_ACTIVATED_NTRK3_SIGNALS_THROUGH_PI3K,1,1,,,,,,0
REACTOME_ACTIVATED_NTRK3_SIGNALS_THROUGH_RAS,1,1,,,,,,0
REACTOME_ACTIVATED_PKN1_STIMULATES_TRANSCRIPTION_OF_AR_ANDROGEN_RECEPTOR_REGULATED_GENES_KLK2_AND_KLK3,0,0,,,,,,0
REACTOME_ACTIVATED_TAK1_MEDIATES_P38_MAPK_ACTIVATION,3,3,,,,,,0
REACTOME_ACTIVATION_OF_AMPK_DOWNSTREAM_OF_NMDARS,4,4,,,,,,0
REACTOME_ACTIVATION_OF_BAD_AND_TRANSLOCATION_TO_MITOCHONDRIA,1,1,,,,,,0
REACTOME_ACTIVATION_OF_C3_AND_C5,1,1,,,,,,0
REACTOME_ACTIVATION_OF_CASPASES_THROUGH_APOPTOSOME_MEDIATED_CLEAVAGE,1,1,,,,,,0
REACTOME_ACTIVATION_OF_IRF3_IRF7_MEDIATED_BY_TBK1_IKK_EPSILON,4,4,,,,,,0
REACTOME_ACTIVATION_OF_NIMA_KINASES_NEK9_NEK6_NEK7,0,0,,,,,,0
REACTOME_ACTIVATION_OF_NOXA_AND_TRANSLOCATION_TO_MITOCHONDRIA,3,3,,,,,,0
REACTOME_ACTIVATION_OF_PPARGC1A_PGC_1ALPHA_BY_PHOSPHORYLATION,1,1,,,,,,0
REACTOME_ACTIVATION_OF_PUMA_AND_TRANSLOCATION_TO_MITOCHONDRIA,3,3,,,,,,0
REACTOME_ACTIVATION_OF_RAC1,2,2,,,,,,0
REACTOME_ACTIVATION_OF_RAC1_DOWNSTREAM_OF_NMDARS,1,1,,,,,,0
REACTOME_ACTIVATION_OF_RAS_IN_B_CELLS,1,1,,,,,,0
REACTOME_ACTIVATION_OF_SMO,4,4,,,,,,0
REACTOME_ACTIVATION_OF_THE_AP_1_FAMILY_OF_TRANSCRIPTION_FACTORS,4,4,,,,,,0
REACTOME_ACTIVATION_OF_THE_PHOTOTRANSDUCTION_CASCADE,2,2,,,,,,0
REACTOME_ACTIVATION_OF_THE_TFAP2_AP_2_FAMILY_OF_TRANSCRIPTION_FACTORS,3,3,,,,,,0
REACTOME_ACTIVATION_OF_TRKA_RECEPTORS,0,0,,,,,,0
REACTOME_ACYL_CHAIN_REMODELING_OF_CL,0,0,,,,,,0
REACTOME_ACYL_CHAIN_REMODELING_OF_DAG_AND_TAG,0,0,,,,,,0
REACTOME_ACYL_CHAIN_REMODELLING_OF_PC,2,2,,,,,,0
REACTOME_ACYL_CHAIN_REMODELLING_OF_PE,3,3,,,,,,0
REACTOME_ACYL_CHAIN_REMODELLING_OF_PG,2,2,,,,,,0
REACTOME_ACYL_CHAIN_REMODELLING_OF_PI,1,1,,,,,,0
REACTOME_ACYL_CHAIN_REMODELLING_OF_PS,3,3,,,,,,0
REACTOME_ADENYLATE_CYCLASE_ACTIVATING_PATHWAY,2,2,,,,,,0
REACTOME_ADENYLATE_CYCLASE_INHIBITORY_PATHWAY,2,2,,,,,,0
REACTOME_ADHERENS_JUNCTIONS_INTERACTIONS,2,2,,,,,,0
REACTOME_ADRENOCEPTORS,1,1,,,,,,0
REACTOME_AFLATOXIN_ACTIVATION_AND_DETOXIFICATION,2,2,,,,,,0
REACTOME_AKT_PHOSPHORYLATES_TARGETS_IN_THE_CYTOSOL,0,0,,,,,,0
REACTOME_AKT_PHOSPHORYLATES_TARGETS_IN_THE_NUCLEUS,2,2,,,,,,0
REACTOME_ALK_MUTANTS_BIND_TKIS,1,1,,,,,,0
REACTOME_ALPHA_DEFENSINS,0,0,,,,,,0
REACTOME_ALPHA_LINOLENIC_OMEGA3_AND_LINOLEIC_OMEGA6_ACID_METABOLISM,1,1,,,,,,0
REACTOME_ALPHA_OXIDATION_OF_PHYTANATE,2,2,,,,,,0
REACTOME_ALPHA_PROTEIN_KINASE_1_SIGNALING_PATHWAY,4,4,,,,,,0
REACTOME_ALTERNATIVE_COMPLEMENT_ACTIVATION,3,3,,,,,,0
REACTOME_AMINE_LIGAND_BINDING_RECEPTORS,1,1,,,,,,0
REACTOME_AMINO_ACID_CONJUGATION,1,1,,,,,,0
REACTOME_AMINO_ACID_TRANSPORT_ACROSS_THE_PLASMA_MEMBRANE,2,2,,,,,,0
REACTOME_AMPK_INHIBITS_CHREBP_TRANSCRIPTIONAL_ACTIVATION_ACTIVITY,1,1,,,,,,0
REACTOME_ANCHORING_FIBRIL_FORMATION,1,1,,,,,,0
REACTOME_ANDROGEN_BIOSYNTHESIS,1,1,,,,,,0
REACTOME_ANTIGEN_PRESENTATION_FOLDING_ASSEMBLY_AND_PEPTIDE_LOADING_OF_CLASS_I_MHC,4,4,,,,,,0
REACTOME_APEX1_INDEPENDENT_RESOLUTION_OF_AP_SITES_VIA_THE_SINGLE_NUCLEOTIDE_REPLACEMENT_PATHWAY,2,2,,,,,,0
REACTOME_APOBEC3G_MEDIATED_RESISTANCE_TO_HIV_1_INFECTION,1,1,,,,,,0
REACTOME_APOPTOSIS_INDUCED_DNA_FRAGMENTATION,4,4,,,,,,0
REACTOME_APOPTOTIC_CLEAVAGE_OF_CELL_ADHESION_PROTEINS,2,2,,,,,,0
REACTOME_APOPTOTIC_FACTOR_MEDIATED_RESPONSE,1,1,,,,,,0
REACTOME_ARACHIDONATE_PRODUCTION_FROM_DAG,0,0,,,,,,0
REACTOME_ARMS_MEDIATED_ACTIVATION,1,1,,,,,,0
REACTOME_ARYL_HYDROCARBON_RECEPTOR_SIGNALLING,1,1,,,,,,0
REACTOME_ASPARTATE_AND_ASPARAGINE_METABOLISM,2,2,,,,,,0
REACTOME_ASSEMBLY_OF_ACTIVE_LPL_AND_LIPC_LIPASE_COMPLEXES,2,2,,,,,,0
REACTOME_ATF6_ATF6_ALPHA_ACTIVATES_CHAPERONES,4,4,,,,,,0
REACTOME_ATF6_ATF6_ALPHA_ACTIVATES_CHAPERONE_GENES,4,4,,,,,,0
REACTOME_ATTACHMENT_AND_ENTRY,1,1,,,,,,0
REACTOME_ATTACHMENT_OF_GPI_ANCHOR_TO_UPAR,3,3,,,,,,0
REACTOME_BASIGIN_INTERACTIONS,4,4,,,,,,0
REACTOME_BETA_CATENIN_PHOSPHORYLATION_CASCADE,1,1,,,,,,0
REACTOME_BETA_DEFENSINS,2,2,,,,,,0
REACTOME_BETA_OXIDATION_OF_BUTANOYL_COA_TO_ACETYL_COA,2,2,,,,,,0
REACTOME_BETA_OXIDATION_OF_DECANOYL_COA_TO_OCTANOYL_COA_COA,2,2,,,,,,0
REACTOME_BETA_OXIDATION_OF_HEXANOYL_COA_TO_BUTANOYL_COA,1,1,,,,,,0
REACTOME_BETA_OXIDATION_OF_LAUROYL_COA_TO_DECANOYL_COA_COA,1,1,,,,,,0
REACTOME_BETA_OXIDATION_OF_OCTANOYL_COA_TO_HEXANOYL_COA,2,2,,,,,,0
REACTOME_BETA_OXIDATION_OF_PRISTANOYL_COA,3,3,,,,,,0
REACTOME_BETA_OXIDATION_OF_VERY_LONG_CHAIN_FATTY_ACIDS,4,4,,,,,,0
REACTOME_BH3_ONLY_PROTEINS_ASSOCIATE_WITH_AND_INACTIVATE_ANTI_APOPTOTIC_BCL_2_MEMBERS,4,4,,,,,,0
REACTOME_BICARBONATE_TRANSPORTERS,3,3,,,,,,0
REACTOME_BINDING_OF_TCF_LEF_CTNNB1_TO_TARGET_GENE_PROMOTERS,3,3,,,,,,0
REACTOME_BIOSYNTHESIS_OF_EPA_DERIVED_SPMS,1,1,,,,,,0
REACTOME_BIOSYNTHESIS_OF_MARESINS,1,1,,,,,,0
REACTOME_BIOSYNTHESIS_OF_MARESIN_LIKE_SPMS,0,0,,,,,,0
REACTOME_BIOSYNTHESIS_OF_SPECIALIZED_PRORESOLVING_MEDIATORS_SPMS,4,4,,,,,,0
REACTOME_BIOTIN_TRANSPORT_AND_METABOLISM,2,2,,,,,,0
REACTOME_BUDDING_AND_MATURATION_OF_HIV_VIRION,4,4,,,,,,0
REACTOME_BUTYRATE_RESPONSE_FACTOR_1_BRF1_BINDS_AND_DESTABILIZES_MRNA,4,4,,,,,,0
REACTOME_BUTYROPHILIN_BTN_FAMILY_INTERACTIONS,4,4,,,,,,0
REACTOME_CA2_ACTIVATED_K_CHANNELS,1,1,,,,,,0
REACTOME_CALCINEURIN_ACTIVATES_NFAT,3,3,,,,,,0
REACTOME_CALCITONIN_LIKE_LIGAND_RECEPTORS,2,2,,,,,,0
REACTOME_CALNEXIN_CALRETICULIN_CYCLE,4,4,,,,,,0
REACTOME_CAMK_IV_MEDIATED_PHOSPHORYLATION_OF_CREB,1,1,,,,,,0
REACTOME_CARNITINE_METABOLISM,3,3,,,,,,0
REACTOME_CASPASE_ACTIVATION_VIA_DEPENDENCE_RECEPTORS_IN_THE_ABSENCE_OF_LIGAND,3,3,,,,,,0
REACTOME_CASPASE_MEDIATED_CLEAVAGE_OF_CYTOSKELETAL_PROTEINS,4,4,,,,,,0
REACTOME_CATION_COUPLED_CHLORIDE_COTRANSPORTERS,2,2,,,,,,0
REACTOME_CD163_MEDIATING_AN_ANTI_INFLAMMATORY_RESPONSE,2,2,,,,,,0
REACTOME_CD22_MEDIATED_BCR_REGULATION,2,2,,,,,,0
REACTOME_CD28_DEPENDENT_VAV1_PATHWAY,2,2,,,,,,0
REACTOME_CELL_EXTRACELLULAR_MATRIX_INTERACTIONS,1,1,,,,,,0
REACTOME_CGMP_EFFECTS,3,3,,,,,,0
REACTOME_CHK1_CHK2_CDS1_MEDIATED_INACTIVATION_OF_CYCLIN_B_CDK1_COMPLEX,0,0,,,,,,0
REACTOME_CHL1_INTERACTIONS,3,3,,,,,,0
REACTOME_CHOLINE_CATABOLISM,0,0,,,,,,0
REACTOME_CHONDROITIN_SULFATE_BIOSYNTHESIS,2,2,,,,,,0
REACTOME_CHREBP_ACTIVATES_METABOLIC_GENE_EXPRESSION,2,2,,,,,,0
REACTOME_CHYLOMICRON_ASSEMBLY,2,2,,,,,,0
REACTOME_CHYLOMICRON_CLEARANCE,4,4,,,,,,0
REACTOME_CHYLOMICRON_REMODELING,2,2,,,,,,0
REACTOME_CITRIC_ACID_CYCLE_TCA_CYCLE,4,4,,,,,,0
REACTOME_CLASS_C_3_METABOTROPIC_GLUTAMATE_PHEROMONE_RECEPTORS,1,1,,,,,,0
REACTOME_CLEC7A_INFLAMMASOME_PATHWAY,3,3,,,,,,0
REACTOME_COBALAMIN_CBL_VITAMIN_B12_TRANSPORT_AND_METABOLISM,4,4,,,,,,0
REACTOME_COENZYME_A_BIOSYNTHESIS,3,3,,,,,,0
REACTOME_COHESIN_LOADING_ONTO_CHROMATIN,4,4,,,,,,0
REACTOME_COMPETING_ENDOGENOUS_RNAS_CERNAS_REGULATE_PTEN_TRANSLATION,3,3,,,,,,0
REACTOME_CONDENSATION_OF_PROMETAPHASE_CHROMOSOMES,3,3,,,,,,0
REACTOME_CONDENSATION_OF_PROPHASE_CHROMOSOMES,4,4,,,,,,0
REACTOME_CONJUGATION_OF_BENZOATE_WITH_GLYCINE,1,1,,,,,,0
REACTOME_CONSTITUTIVE_SIGNALING_BY_EGFRVIII,4,4,,,,,,0
REACTOME_CONSTITUTIVE_SIGNALING_BY_OVEREXPRESSED_ERBB2,2,2,,,,,,0
REACTOME_CREATINE_METABOLISM,1,1,,,,,,0
REACTOME_CREATION_OF_C4_AND_C2_ACTIVATORS,4,4,,,,,,0
REACTOME_CREB1_PHOSPHORYLATION_THROUGH_THE_ACTIVATION_OF_ADENYLATE_CYCLASE,4,4,,,,,,0
REACTOME_CREB1_PHOSPHORYLATION_THROUGH_THE_ACTIVATION_OF_CAMKII_CAMKK_CAMKIV_CASCASDE,0,0,,,,,,0
REACTOME_CREB3_FACTORS_ACTIVATE_GENES,2,2,,,,,,0
REACTOME_CREB_PHOSPHORYLATION,3,3,,,,,,0
REACTOME_CRISTAE_FORMATION,3,3,,,,,,0
REACTOME_CRMPS_IN_SEMA3A_SIGNALING,2,2,,,,,,0
REACTOME_CROSSLINKING_OF_COLLAGEN_FIBRILS,3,3,,,,,,0
REACTOME_CROSS_PRESENTATION_OF_PARTICULATE_EXOGENOUS_ANTIGENS_PHAGOSOMES,1,1,,,,,,0
REACTOME_CROSS_PRESENTATION_OF_SOLUBLE_EXOGENOUS_ANTIGENS_ENDOSOMES,3,3,,,,,,0
REACTOME_CS_DS_DEGRADATION,1,1,,,,,,0
REACTOME_CYCLIN_A_B1_B2_ASSOCIATED_EVENTS_DURING_G2_M_TRANSITION,3,3,,,,,,0
REACTOME_CYP2E1_REACTIONS,0,0,,,,,,0
REACTOME_CYTOCHROME_C_MEDIATED_APOPTOTIC_RESPONSE,1,1,,,,,,0
REACTOME_CYTOCHROME_P450_ARRANGED_BY_SUBSTRATE_TYPE,4,4,,,,,,0
REACTOME_CYTOSOLIC_IRON_SULFUR_CLUSTER_ASSEMBLY,2,2,,,,,,0
REACTOME_CYTOSOLIC_TRNA_AMINOACYLATION,1,1,,,,,,0
REACTOME_DCC_MEDIATED_ATTRACTIVE_SIGNALING,4,4,,,,,,0
REACTOME_DEADENYLATION_OF_MRNA,3,3,,,,,,0
REACTOME_DEFECTIVE_B4GALT1_CAUSES_B4GALT1_CDG_CDG_2D,0,0,,,,,,0
REACTOME_DEFECTIVE_B4GALT7_CAUSES_EDS_PROGEROID_TYPE,4,4,,,,,,0
REACTOME_DEFECTIVE_C1GALT1C1_CAUSES_TNPS,1,1,,,,,,0
REACTOME_DEFECTIVE_CHST14_CAUSES_EDS_MUSCULOCONTRACTURAL_TYPE,1,1,,,,,,0
REACTOME_DEFECTIVE_CHST3_CAUSES_SEDCJD,1,1,,,,,,0
REACTOME_DEFECTIVE_CHST6_CAUSES_MCDC1,0,0,,,,,,0
REACTOME_DEFECTIVE_CHSY1_CAUSES_TPBS,1,1,,,,,,0
REACTOME_DEFECTIVE_CSF2RB_CAUSES_SMDP5,0,0,,,,,,0
REACTOME_DEFECTIVE_EXT2_CAUSES_EXOSTOSES_2,2,2,,,,,,0
REACTOME_DEFECTIVE_F9_ACTIVATION,2,2,,,,,,0
REACTOME_DEFECTIVE_FACTOR_IX_CAUSES_HEMOPHILIA_B,2,2,,,,,,0
REACTOME_DEFECTIVE_FACTOR_VIII_CAUSES_HEMOPHILIA_A,2,2,,,,,,0
REACTOME_DEFECTIVE_GALNT3_CAUSES_HFTC,2,2,,,,,,0
REACTOME_DEFECTIVE_LFNG_CAUSES_SCDO3,0,0,,,,,,0
REACTOME_DEFECTIVE_RIPK1_MEDIATED_REGULATED_NECROSIS,1,1,,,,,,0
REACTOME_DEFECTIVE_ST3GAL3_CAUSES_MCT12_AND_EIEE15,1,1,,,,,,0
REACTOME_DEFECTS_IN_BIOTIN_BTN_METABOLISM,1,1,,,,,,0
REACTOME_DEFECTS_IN_COBALAMIN_B12_METABOLISM,3,3,,,,,,0
REACTOME_DEFECTS_IN_VITAMIN_AND_COFACTOR_METABOLISM,4,4,,,,,,0
REACTOME_DEFENSINS,2,2,,,,,,0
REACTOME_DERMATAN_SULFATE_BIOSYNTHESIS,1,1,,,,,,0
REACTOME_DEX_H_BOX_HELICASES_ACTIVATE_TYPE_I_IFN_AND_INFLAMMATORY_CYTOKINES_PRODUCTION,0,0,,,,,,0
REACTOME_DIGESTION,1,1,,,,,,0
REACTOME_DIGESTION_AND_ABSORPTION,2,2,,,,,,0
REACTOME_DIGESTION_OF_DIETARY_CARBOHYDRATE,1,1,,,,,,0
REACTOME_DIGESTION_OF_DIETARY_LIPID,0,0,,,,,,0
REACTOME_DISASSEMBLY_OF_THE_DESTRUCTION_COMPLEX_AND_RECRUITMENT_OF_AXIN_TO_THE_MEMBRANE,2,2,,,,,,0
REACTOME_DISEASES_ASSOCIATED_WITH_SURFACTANT_METABOLISM,1,1,,,,,,0
REACTOME_DISEASES_OF_BASE_EXCISION_REPAIR,3,3,,,,,,0
REACTOME_DISEASES_OF_MISMATCH_REPAIR_MMR,1,1,,,,,,0
REACTOME_DISINHIBITION_OF_SNARE_FORMATION,0,0,,,,,,0
REACTOME_DISPLACEMENT_OF_DNA_GLYCOSYLASE_BY_APEX1,4,4,,,,,,0
REACTOME_DISSOLUTION_OF_FIBRIN_CLOT,4,4,,,,,,0
REACTOME_DNA_DAMAGE_REVERSAL,2,2,,,,,,0
REACTOME_DNA_METHYLATION,0,0,,,,,,0
REACTOME_DNA_REPLICATION_INITIATION,3,3,,,,,,0
REACTOME_DOPAMINE_CLEARANCE_FROM_THE_SYNAPTIC_CLEFT,1,1,,,,,,0
REACTOME_DOPAMINE_NEUROTRANSMITTER_RELEASE_CYCLE,2,2,,,,,,0
REACTOME_DOPAMINE_RECEPTORS,0,0,,,,,,0
REACTOME_DOWNREGULATION_OF_ERBB4_SIGNALING,3,3,,,,,,0
REACTOME_DOWNSTREAM_SIGNALING_OF_ACTIVATED_FGFR3,4,4,,,,,,0
REACTOME_DOWNSTREAM_SIGNALING_OF_ACTIVATED_FGFR4,4,4,,,,,,0
REACTOME_DSCAM_INTERACTIONS,2,2,,,,,,0
REACTOME_E2F_ENABLED_INHIBITION_OF_PRE_REPLICATION_COMPLEX_FORMATION,4,4,,,,,,0
REACTOME_EARLY_PHASE_OF_HIV_LIFE_CYCLE,3,3,,,,,,0
REACTOME_EGFR_INTERACTS_WITH_PHOSPHOLIPASE_C_GAMMA,3,3,,,,,,0
REACTOME_EGFR_TRANSACTIVATION_BY_GASTRIN,1,1,,,,,,0
REACTOME_EICOSANOIDS,0,0,,,,,,0
REACTOME_ELECTRIC_TRANSMISSION_ACROSS_GAP_JUNCTIONS,0,0,,,,,,0
REACTOME_ELEVATION_OF_CYTOSOLIC_CA2_LEVELS,4,4,,,,,,0
REACTOME_ENDOGENOUS_STEROLS,3,3,,,,,,0
REACTOME_ENDOSOMAL_SORTING_COMPLEX_REQUIRED_FOR_TRANSPORT_ESCRT,4,4,,,,,,0
REACTOME_ENDOSOMAL_VACUOLAR_PATHWAY,3,3,,,,,,0
REACTOME_ENERGY_DEPENDENT_REGULATION_OF_MTOR_BY_LKB1_AMPK,4,4,,,,,,0
REACTOME_ENOS_ACTIVATION,2,2,,,,,,0
REACTOME_EPHRIN_SIGNALING,3,3,,,,,,0
REACTOME_ERBB2_REGULATES_CELL_MOTILITY,4,4,,,,,,0
REACTOME_ERKS_ARE_INACTIVATED,1,1,,,,,,0
REACTOME_ERK_MAPK_TARGETS,4,4,,,,,,0
REACTOME_ERYTHROPOIETIN_ACTIVATES_PHOSPHOLIPASE_C_GAMMA_PLCG,3,3,,,,,,0
REACTOME_ERYTHROPOIETIN_ACTIVATES_RAS,4,4,,,,,,0
REACTOME_ERYTHROPOIETIN_ACTIVATES_STAT5,3,3,,,,,,0
REACTOME_ER_QUALITY_CONTROL_COMPARTMENT_ERQC,4,4,,,,,,0
REACTOME_ESTABLISHMENT_OF_SISTER_CHROMATID_COHESION,4,4,,,,,,0
REACTOME_ESTROGEN_BIOSYNTHESIS,0,0,,,,,,0
REACTOME_ESTROGEN_STIMULATED_SIGNALING_THROUGH_PRKCZ,2,2,,,,,,0
REACTOME_ETHANOL_OXIDATION,1,1,,,,,,0
REACTOME_EXTRINSIC_PATHWAY_OF_FIBRIN_CLOT_FORMATION,0,0,,,,,,0
REACTOME_FASL_CD95L_SIGNALING,3,3,,,,,,0
REACTOME_FATTY_ACIDS,0,0,,,,,,0
REACTOME_FATTY_ACIDS_BOUND_TO_GPR40_FFAR1_REGULATE_INSULIN_SECRETION,1,1,,,,,,0
REACTOME_FBXW7_MUTANTS_AND_NOTCH1_IN_CANCER,0,0,,,,,,0
REACTOME_FGFR1B_LIGAND_BINDING_AND_ACTIVATION,1,1,,,,,,0
REACTOME_FGFR1C_LIGAND_BINDING_AND_ACTIVATION,1,1,,,,,,0
REACTOME_FGFR1_LIGAND_BINDING_AND_ACTIVATION,2,2,,,,,,0
REACTOME_FGFR2B_LIGAND_BINDING_AND_ACTIVATION,3,3,,,,,,0
REACTOME_FGFR2C_LIGAND_BINDING_AND_ACTIVATION,1,1,,,,,,0
REACTOME_FGFR2_LIGAND_BINDING_AND_ACTIVATION,4,4,,,,,,0
REACTOME_FGFR3B_LIGAND_BINDING_AND_ACTIVATION,1,1,,,,,,0
REACTOME_FGFR3_LIGAND_BINDING_AND_ACTIVATION,2,2,,,,,,0
REACTOME_FGFRL1_MODULATION_OF_FGFR1_SIGNALING,1,1,,,,,,0
REACTOME_FIBRONECTIN_MATRIX_FORMATION,0,0,,,,,,0
REACTOME_FICOLINS_BIND_TO_REPETITIVE_CARBOHYDRATE_STRUCTURES_ON_THE_TARGET_CELL_SURFACE,1,1,,,,,,0
REACTOME_FLT3_SIGNALING_BY_CBL_MUTANTS,3,3,,,,,,0
REACTOME_FLT3_SIGNALING_THROUGH_SRC_FAMILY_KINASES,3,3,,,,,,0
REACTOME_FOLDING_OF_ACTIN_BY_CCT_TRIC,3,3,,,,,,0
REACTOME_FORMATION_OF_APOPTOSOME,0,0,,,,,,0
REACTOME_FORMATION_OF_ATP_BY_CHEMIOSMOTIC_COUPLING,0,0,,,,,,0
REACTOME_FORMATION_OF_SENESCENCE_ASSOCIATED_HETEROCHROMATIN_FOCI_SAHF,1,1,,,,,,0
REACTOME_FORMATION_OF_XYLULOSE_5_PHOSPHATE,0,0,,,,,,0
REACTOME_FORMYL_PEPTIDE_RECEPTORS_BIND_FORMYL_PEPTIDES_AND_MANY_OTHER_LIGANDS,3,3,,,,,,0
REACTOME_FOXO_MEDIATED_TRANSCRIPTION_OF_CELL_CYCLE_GENES,4,4,,,,,,0
REACTOME_FREE_FATTY_ACIDS_REGULATE_INSULIN_SECRETION,1,1,,,,,,0
REACTOME_FREE_FATTY_ACID_RECEPTORS,0,0,,,,,,0
REACTOME_FRS_MEDIATED_FGFR1_SIGNALING,3,3,,,,,,0
REACTOME_FRS_MEDIATED_FGFR2_SIGNALING,3,3,,,,,,0
REACTOME_FRS_MEDIATED_FGFR3_SIGNALING,2,2,,,,,,0
REACTOME_FRS_MEDIATED_FGFR4_SIGNALING,2,2,,,,,,0
REACTOME_FRUCTOSE_CATABOLISM,1,1,,,,,,0
REACTOME_FRUCTOSE_METABOLISM,1,1,,,,,,0
REACTOME_G2_M_DNA_REPLICATION_CHECKPOINT,0,0,,,,,,0
REACTOME_G2_PHASE,1,1,,,,,,0
REACTOME_GAB1_SIGNALOSOME,3,3,,,,,,0
REACTOME_GABA_SYNTHESIS_RELEASE_REUPTAKE_AND_DEGRADATION,1,1,,,,,,0
REACTOME_GALACTOSE_CATABOLISM,3,3,,,,,,0
REACTOME_GAMMA_CARBOXYLATION_TRANSPORT_AND_AMINO_TERMINAL_CLEAVAGE_OF_PROTEINS,1,1,,,,,,0
REACTOME_GAP_JUNCTION_ASSEMBLY,3,3,,,,,,0
REACTOME_GAP_JUNCTION_DEGRADATION,2,2,,,,,,0
REACTOME_GASTRIN_CREB_SIGNALLING_PATHWAY_VIA_PKC_AND_MAPK,2,2,,,,,,0
REACTOME_GDP_FUCOSE_BIOSYNTHESIS,1,1,,,,,,0
REACTOME_GLI_PROTEINS_BIND_PROMOTERS_OF_HH_RESPONSIVE_GENES_TO_PROMOTE_TRANSCRIPTION,1,1,,,,,,0
REACTOME_GLUCOCORTICOID_BIOSYNTHESIS,0,0,,,,,,0
REACTOME_GLUCURONIDATION,0,0,,,,,,0
REACTOME_GLUTAMATE_AND_GLUTAMINE_METABOLISM,2,2,,,,,,0
REACTOME_GLUTAMATE_NEUROTRANSMITTER_RELEASE_CYCLE,3,3,,,,,,0
REACTOME_GLUTATHIONE_SYNTHESIS_AND_RECYCLING,2,2,,,,,,0
REACTOME_GLYCEROPHOSPHOLIPID_CATABOLISM,3,3,,,,,,0
REACTOME_GLYCOGEN_BREAKDOWN_GLYCOGENOLYSIS,4,4,,,,,,0
REACTOME_GOLGI_CISTERNAE_PERICENTRIOLAR_STACK_REORGANIZATION,0,0,,,,,,0
REACTOME_GP1B_IX_V_ACTIVATION_SIGNALLING,4,4,,,,,,0
REACTOME_GRB2_EVENTS_IN_ERBB2_SIGNALING,4,4,,,,,,0
REACTOME_GRB2_SOS_PROVIDES_LINKAGE_TO_MAPK_SIGNALING_FOR_INTEGRINS,2,2,,,,,,0
REACTOME_GRB7_EVENTS_IN_ERBB2_SIGNALING,3,3,,,,,,0
REACTOME_HDL_ASSEMBLY,2,2,,,,,,0
REACTOME_HDL_CLEARANCE,1,1,,,,,,0
REACTOME_HDL_REMODELING,4,4,,,,,,0
REACTOME_HDR_THROUGH_MMEJ_ALT_NHEJ,3,3,,,,,,0
REACTOME_HEDGEHOG_LIGAND_BIOGENESIS,4,4,,,,,,0
REACTOME_HEME_BIOSYNTHESIS,3,3,,,,,,0
REACTOME_HEME_DEGRADATION,2,2,,,,,,0
REACTOME_HIGHLY_CALCIUM_PERMEABLE_NICOTINIC_ACETYLCHOLINE_RECEPTORS,1,1,,,,,,0
REACTOME_HIGHLY_CALCIUM_PERMEABLE_POSTSYNAPTIC_NICOTINIC_ACETYLCHOLINE_RECEPTORS,1,1,,,,,,0
REACTOME_HIGHLY_SODIUM_PERMEABLE_POSTSYNAPTIC_ACETYLCHOLINE_NICOTINIC_RECEPTORS,1,1,,,,,,0
REACTOME_HISTIDINE_CATABOLISM,0,0,,,,,,0
REACTOME_HORMONE_LIGAND_BINDING_RECEPTORS,0,0,,,,,,0
REACTOME_HS_GAG_BIOSYNTHESIS,3,3,,,,,,0
REACTOME_HS_GAG_DEGRADATION,4,4,,,,,,0
REACTOME_HUR_ELAVL1_BINDS_AND_STABILIZES_MRNA,0,0,,,,,,0
REACTOME_HYALURONAN_BIOSYNTHESIS_AND_EXPORT,2,2,,,,,,0
REACTOME_HYALURONAN_METABOLISM,3,3,,,,,,0
REACTOME_HYALURONAN_UPTAKE_AND_DEGRADATION,1,1,,,,,,0
REACTOME_HYDROLYSIS_OF_LPC,0,0,,,,,,0
REACTOME_IKBA_VARIANT_LEADS_TO_EDA_ID,2,2,,,,,,0
REACTOME_IL_6_TYPE_CYTOKINE_RECEPTOR_LIGAND_INTERACTIONS,4,4,,,,,,0
REACTOME_INACTIVATION_OF_CDC42_AND_RAC1,1,1,,,,,,0
REACTOME_INCRETIN_SYNTHESIS_SECRETION_AND_INACTIVATION,2,2,,,,,,0
REACTOME_INHIBITION_OF_REPLICATION_INITIATION_OF_DAMAGED_DNA_BY_RB1_E2F1,4,4,,,,,,0
REACTOME_INLA_MEDIATED_ENTRY_OF_LISTERIA_MONOCYTOGENES_INTO_HOST_CELLS,2,2,,,,,,0
REACTOME_INLB_MEDIATED_ENTRY_OF_LISTERIA_MONOCYTOGENES_INTO_HOST_CELL,2,2,,,,,,0
REACTOME_INSULIN_PROCESSING,4,4,,,,,,0
REACTOME_INTEGRATION_OF_PROVIRUS,1,1,,,,,,0
REACTOME_INTEGRIN_SIGNALING,4,4,,,,,,0
REACTOME_INTERACTION_WITH_CUMULUS_CELLS_AND_THE_ZONA_PELLUCIDA,1,1,,,,,,0
REACTOME_INTERLEUKIN_15_SIGNALING,3,3,,,,,,0
REACTOME_INTERLEUKIN_18_SIGNALING,2,2,,,,,,0
REACTOME_INTERLEUKIN_1_PROCESSING,1,1,,,,,,0
REACTOME_INTERLEUKIN_21_SIGNALING,2,2,,,,,,0
REACTOME_INTERLEUKIN_23_SIGNALING,2,2,,,,,,0
REACTOME_INTERLEUKIN_27_SIGNALING,1,1,,,,,,0
REACTOME_INTERLEUKIN_35_SIGNALLING,2,2,,,,,,0
REACTOME_INTERLEUKIN_36_PATHWAY,3,3,,,,,,0
REACTOME_INTERLEUKIN_6_SIGNALING,2,2,,,,,,0
REACTOME_INTERLEUKIN_9_SIGNALING,1,1,,,,,,0
REACTOME_INTESTINAL_ABSORPTION,1,1,,,,,,0
REACTOME_IONOTROPIC_ACTIVITY_OF_KAINATE_RECEPTORS,2,2,,,,,,0
REACTOME_IRAK1_RECRUITS_IKK_COMPLEX,4,4,,,,,,0
REACTOME_IRAK2_MEDIATED_ACTIVATION_OF_TAK1_COMPLEX,3,3,,,,,,0
REACTOME_IRF3_MEDIATED_ACTIVATION_OF_TYPE_1_IFN,1,1,,,,,,0
REACTOME_IRF3_MEDIATED_INDUCTION_OF_TYPE_I_IFN,1,1,,,,,,0
REACTOME_IRS_ACTIVATION,1,1,,,,,,0
REACTOME_JNK_C_JUN_KINASES_PHOSPHORYLATION_AND_ACTIVATION_MEDIATED_BY_ACTIVATED_HUMAN_TAK1,4,4,,,,,,0
REACTOME_JOSEPHIN_DOMAIN_DUBS,4,4,,,,,,0
REACTOME_KERATAN_SULFATE_BIOSYNTHESIS,4,4,,,,,,0
REACTOME_KERATAN_SULFATE_DEGRADATION,0,0,,,,,,0
REACTOME_KERATAN_SULFATE_KERATIN_METABOLISM,4,4,,,,,,0
REACTOME_KETONE_BODY_METABOLISM,3,3,,,,,,0
REACTOME_KILLING_MECHANISMS,3,3,,,,,,0
REACTOME_KSRP_KHSRP_BINDS_AND_DESTABILIZES_MRNA,3,3,,,,,,0
REACTOME_LAMININ_INTERACTIONS,2,2,,,,,,0
REACTOME_LDL_CLEARANCE,3,3,,,,,,0
REACTOME_LDL_REMODELING,0,0,,,,,,0
REACTOME_LECTIN_PATHWAY_OF_COMPLEMENT_ACTIVATION,1,1,,,,,,0
REACTOME_LEUKOTRIENE_RECEPTORS,3,3,,,,,,0
REACTOME_LGI_ADAM_INTERACTIONS,2,2,,,,,,0
REACTOME_LIGAND_RECEPTOR_INTERACTIONS,0,0,,,,,,0
REACTOME_LINOLEIC_ACID_LA_METABOLISM,1,1,,,,,,0
REACTOME_LIPID_PARTICLE_ORGANIZATION,4,4,,,,,,0
REACTOME_LIPOPHAGY,2,2,,,,,,0
REACTOME_LISTERIA_MONOCYTOGENES_ENTRY_INTO_HOST_CELLS,2,2,,,,,,0
REACTOME_LOSS_OF_FUNCTION_OF_MECP2_IN_RETT_SYNDROME,3,3,,,,,,0
REACTOME_LOSS_OF_FUNCTION_OF_SMAD2_3_IN_CANCER,2,2,,,,,,0
REACTOME_LOSS_OF_MECP2_BINDING_ABILITY_TO_THE_NCOR_SMRT_COMPLEX,3,3,,,,,,0
REACTOME_LRR_FLII_INTERACTING_PROTEIN_1_LRRFIP1_ACTIVATES_TYPE_I_IFN_PRODUCTION,0,0,,,,,,0
REACTOME_LTC4_CYSLTR_MEDIATED_IL4_PRODUCTION,2,2,,,,,,0
REACTOME_LYSINE_CATABOLISM,2,2,,,,,,0
REACTOME_LYSOSOME_VESICLE_BIOGENESIS,2,2,,,,,,0
REACTOME_LYSOSPHINGOLIPID_AND_LPA_RECEPTORS,4,4,,,,,,0
REACTOME_MAPK1_ERK2_ACTIVATION,1,1,,,,,,0
REACTOME_MAPK3_ERK1_ACTIVATION,2,2,,,,,,0
REACTOME_MASTL_FACILITATES_MITOTIC_PROGRESSION,2,2,,,,,,0
REACTOME_MATURATION_OF_SARS_COV_1_NUCLEOPROTEIN,1,1,,,,,,0
REACTOME_MATURATION_OF_SARS_COV_1_SPIKE_PROTEIN,1,1,,,,,,0
REACTOME_MATURATION_OF_SARS_COV_2_NUCLEOPROTEIN,4,4,,,,,,0
REACTOME_MECP2_REGULATES_NEURONAL_RECEPTORS_AND_CHANNELS,3,3,,,,,,0
REACTOME_MECP2_REGULATES_TRANSCRIPTION_FACTORS,1,1,,,,,,0
REACTOME_MECP2_REGULATES_TRANSCRIPTION_OF_NEURONAL_LIGANDS,0,0,,,,,,0
REACTOME_MELANIN_BIOSYNTHESIS,0,0,,,,,,0
REACTOME_METABOLIC_DISORDERS_OF_BIOLOGICAL_OXIDATION_ENZYMES,4,4,,,,,,0
REACTOME_METABOLISM_OF_AMINE_DERIVED_HORMONES,0,0,,,,,,0
REACTOME_METABOLISM_OF_ANGIOTENSINOGEN_TO_ANGIOTENSINS,3,3,,,,,,0
REACTOME_METABOLISM_OF_FOLATE_AND_PTERINES,1,1,,,,,,0
REACTOME_METABOLISM_OF_INGESTED_SEMET_SEC_MESEC_INTO_H2SE,1,1,,,,,,0
REACTOME_METABOLISM_OF_NITRIC_OXIDE_NOS3_ACTIVATION_AND_REGULATION,3,3,,,,,,0
REACTOME_METABOLISM_OF_PORPHYRINS,4,4,,,,,,0
REACTOME_METABOLISM_OF_STEROID_HORMONES,2,2,,,,,,0
REACTOME_METALLOPROTEASE_DUBS,3,3,,,,,,0
REACTOME_METALLOTHIONEINS_BIND_METALS,3,3,,,,,,0
REACTOME_METAL_SEQUESTRATION_BY_ANTIMICROBIAL_PROTEINS,3,3,,,,,,0
REACTOME_METHIONINE_SALVAGE_PATHWAY,2,2,,,,,,0
REACTOME_METHYLATION,0,0,,,,,,0
REACTOME_MET_ACTIVATES_PI3K_AKT_SIGNALING,1,1,,,,,,0
REACTOME_MET_ACTIVATES_PTK2_SIGNALING,3,3,,,,,,0
REACTOME_MET_ACTIVATES_PTPN11,0,0,,,,,,0
REACTOME_MET_ACTIVATES_RAP1_AND_RAC1,1,1,,,,,,0
REACTOME_MET_ACTIVATES_RAS_SIGNALING,1,1,,,,,,0
REACTOME_MET_INTERACTS_WITH_TNS_PROTEINS,1,1,,,,,,0
REACTOME_MET_RECEPTOR_ACTIVATION,1,1,,,,,,0
REACTOME_MET_RECEPTOR_RECYCLING,1,1,,,,,,0
REACTOME_MINERALOCORTICOID_BIOSYNTHESIS,0,0,,,,,,0
REACTOME_MIRO_GTPASE_CYCLE,3,3,,,,,,0
REACTOME_MISCELLANEOUS_SUBSTRATES,0,0,,,,,,0
REACTOME_MITOCHONDRIAL_FATTY_ACID_BETA_OXIDATION_OF_SATURATED_FATTY_ACIDS,3,3,,,,,,0
REACTOME_MITOCHONDRIAL_FATTY_ACID_BETA_OXIDATION_OF_UNSATURATED_FATTY_ACIDS,1,1,,,,,,0
REACTOME_MITOCHONDRIAL_UNCOUPLING,0,0,,,,,,0
REACTOME_MITOTIC_TELOPHASE_CYTOKINESIS,4,4,,,,,,0
REACTOME_MODULATION_BY_MTB_OF_HOST_IMMUNE_SYSTEM,3,3,,,,,,0
REACTOME_MOLYBDENUM_COFACTOR_BIOSYNTHESIS,4,4,,,,,,0
REACTOME_MRNA_EDITING_C_TO_U_CONVERSION,4,4,,,,,,0
REACTOME_MTORC1_MEDIATED_SIGNALLING,4,4,,,,,,0
REACTOME_MUCOPOLYSACCHARIDOSES,1,1,,,,,,0
REACTOME_MULTIFUNCTIONAL_ANION_EXCHANGERS,1,1,,,,,,0
REACTOME_MUSCARINIC_ACETYLCHOLINE_RECEPTORS,0,0,,,,,,0
REACTOME_MYOGENESIS,3,3,,,,,,0
REACTOME_NADE_MODULATES_DEATH_SIGNALLING,2,2,,,,,,0
REACTOME_NA_CL_DEPENDENT_NEUROTRANSMITTER_TRANSPORTERS,0,0,,,,,,0
REACTOME_NECTIN_NECL_TRANS_HETERODIMERIZATION,1,1,,,,,,0
REACTOME_NEF_AND_SIGNAL_TRANSDUCTION,4,4,,,,,,0
REACTOME_NEF_MEDIATED_CD4_DOWN_REGULATION,2,2,,,,,,0
REACTOME_NEF_MEDIATED_CD8_DOWN_REGULATION,2,2,,,,,,0
REACTOME_NEF_MEDIATED_DOWNREGULATION_OF_MHC_CLASS_I_COMPLEX_CELL_SURFACE_EXPRESSION,2,2,,,,,,0
REACTOME_NEGATIVE_FEEDBACK_REGULATION_OF_MAPK_PATHWAY,2,2,,,,,,0
REACTOME_NEGATIVE_REGULATION_OF_ACTIVITY_OF_TFAP2_AP_2_FAMILY_TRANSCRIPTION_FACTORS,1,1,,,,,,0
REACTOME_NEGATIVE_REGULATION_OF_FGFR3_SIGNALING,4,4,,,,,,0
REACTOME_NEGATIVE_REGULATION_OF_FGFR4_SIGNALING,4,4,,,,,,0
REACTOME_NEGATIVE_REGULATION_OF_MET_ACTIVITY,2,2,,,,,,0
REACTOME_NEGATIVE_REGULATION_OF_NMDA_RECEPTOR_MEDIATED_NEURONAL_TRANSMISSION,4,4,,,,,,0
REACTOME_NEGATIVE_REGULATION_OF_NOTCH4_SIGNALING,3,3,,,,,,0
REACTOME_NEGATIVE_REGULATION_OF_TCF_DEPENDENT_SIGNALING_BY_DVL_INTERACTING_PROTEINS,2,2,,,,,,0
REACTOME_NEGATIVE_REGULATION_OF_TCF_DEPENDENT_SIGNALING_BY_WNT_LIGAND_ANTAGONISTS,1,1,,,,,,0
REACTOME_NETRIN_MEDIATED_REPULSION_SIGNALS,0,0,,,,,,0
REACTOME_NEUROFASCIN_INTERACTIONS,0,0,,,,,,0
REACTOME_NEUROTOXICITY_OF_CLOSTRIDIUM_TOXINS,3,3,,,,,,0
REACTOME_NEUROTRANSMITTER_CLEARANCE,3,3,,,,,,0
REACTOME_NEUROTRANSMITTER_RELEASE_CYCLE,3,3,,,,,,0
REACTOME_NF_KB_ACTIVATION_THROUGH_FADD_RIP_1_PATHWAY_MEDIATED_BY_CASPASE_8_AND_10,3,3,,,,,,0
REACTOME_NF_KB_IS_ACTIVATED_AND_SIGNALS_SURVIVAL,4,4,,,,,,0
REACTOME_NGF_INDEPENDANT_TRKA_ACTIVATION,0,0,,,,,,0
REACTOME_NICOTINAMIDE_SALVAGING,1,1,,,,,,0
REACTOME_NICOTINATE_METABOLISM,4,4,,,,,,0
REACTOME_NITRIC_OXIDE_STIMULATES_GUANYLATE_CYCLASE,4,4,,,,,,0
REACTOME_NONCANONICAL_ACTIVATION_OF_NOTCH3,0,0,,,,,,0
REACTOME_NOREPINEPHRINE_NEUROTRANSMITTER_RELEASE_CYCLE,2,2,,,,,,0
REACTOME_NOSTRIN_MEDIATED_ENOS_TRAFFICKING,2,2,,,,,,0
REACTOME_NOTCH2_ACTIVATION_AND_TRANSMISSION_OF_SIGNAL_TO_THE_NUCLEUS,3,3,,,,,,0
REACTOME_NOTCH2_INTRACELLULAR_DOMAIN_REGULATES_TRANSCRIPTION,3,3,,,,,,0
REACTOME_NOTCH3_ACTIVATION_AND_TRANSMISSION_OF_SIGNAL_TO_THE_NUCLEUS,4,4,,,,,,0
REACTOME_NOTCH3_INTRACELLULAR_DOMAIN_REGULATES_TRANSCRIPTION,3,3,,,,,,0
REACTOME_NOTCH4_ACTIVATION_AND_TRANSMISSION_OF_SIGNAL_TO_THE_NUCLEUS,0,0,,,,,,0
REACTOME_NOTCH4_INTRACELLULAR_DOMAIN_REGULATES_TRANSCRIPTION,3,3,,,,,,0
REACTOME_NR1H2_NR1H3_REGULATE_GENE_EXPRESSION_LINKED_TO_GLUCONEOGENESIS,1,1,,,,,,0
REACTOME_NR1H2_NR1H3_REGULATE_GENE_EXPRESSION_LINKED_TO_LIPOGENESIS,1,1,,,,,,0
REACTOME_NR1H2_NR1H3_REGULATE_GENE_EXPRESSION_LINKED_TO_TRIGLYCERIDE_LIPOLYSIS_IN_ADIPOSE,1,1,,,,,,0
REACTOME_NR1H2_NR1H3_REGULATE_GENE_EXPRESSION_TO_CONTROL_BILE_ACID_HOMEOSTASIS,2,2,,,,,,0
REACTOME_NR1H2_NR1H3_REGULATE_GENE_EXPRESSION_TO_LIMIT_CHOLESTEROL_UPTAKE,2,2,,,,,,0
REACTOME_NRCAM_INTERACTIONS,1,1,,,,,,0
REACTOME_NRIF_SIGNALS_CELL_DEATH_FROM_THE_NUCLEUS,4,4,,,,,,0
REACTOME_NTRK2_ACTIVATES_RAC1,1,1,,,,,,0
REACTOME_NUCLEAR_EVENTS_STIMULATED_BY_ALK_SIGNALING_IN_CANCER,3,3,,,,,,0
REACTOME_NUCLEOTIDE_BIOSYNTHESIS,3,3,,,,,,0
REACTOME_NUCLEOTIDE_LIKE_PURINERGIC_RECEPTORS,3,3,,,,,,0
REACTOME_N_GLYCAN_ANTENNAE_ELONGATION,4,4,,,,,,0
REACTOME_N_GLYCAN_TRIMMING_AND_ELONGATION_IN_THE_CIS_GOLGI,2,2,,,,,,0
REACTOME_OAS_ANTIVIRAL_RESPONSE,2,2,,,,,,0
REACTOME_OLFACTORY_SIGNALING_PATHWAY,1,1,,,,,,0
REACTOME_OPSINS,0,0,,,,,,0
REACTOME_OREXIN_AND_NEUROPEPTIDES_FF_AND_QRFP_BIND_TO_THEIR_RESPECTIVE_RECEPTORS,1,1,,,,,,0
REACTOME_ORGANIC_ANION_TRANSPORT,0,0,,,,,,0
REACTOME_ORGANIC_ANION_TRANSPORTERS,0,0,,,,,,0
REACTOME_ORGANIC_CATION_ANION_ZWITTERION_TRANSPORT,0,0,,,,,,0
REACTOME_ORGANIC_CATION_TRANSPORT,0,0,,,,,,0
REACTOME_OTHER_SEMAPHORIN_INTERACTIONS,4,4,,,,,,0
REACTOME_P130CAS_LINKAGE_TO_MAPK_SIGNALING_FOR_INTEGRINS,2,2,,,,,,0
REACTOME_P2Y_RECEPTORS,2,2,,,,,,0
REACTOME_P38MAPK_EVENTS,2,2,,,,,,0
REACTOME_P75NTR_NEGATIVELY_REGULATES_CELL_CYCLE_VIA_SC1,0,0,,,,,,0
REACTOME_P75NTR_RECRUITS_SIGNALLING_COMPLEXES,4,4,,,,,,0
REACTOME_P75NTR_REGULATES_AXONOGENESIS,1,1,,,,,,0
REACTOME_PASSIVE_TRANSPORT_BY_AQUAPORINS,3,3,,,,,,0
REACTOME_PENTOSE_PHOSPHATE_PATHWAY,3,3,,,,,,0
REACTOME_PEPTIDE_HORMONE_BIOSYNTHESIS,0,0,,,,,,0
REACTOME_PHASE_0_RAPID_DEPOLARISATION,4,4,,,,,,0
REACTOME_PHASE_1_INACTIVATION_OF_FAST_NA_CHANNELS,1,1,,,,,,0
REACTOME_PHASE_2_PLATEAU_PHASE,1,1,,,,,,0
REACTOME_PHASE_3_RAPID_REPOLARISATION,0,0,,,,,,0
REACTOME_PHASE_4_RESTING_MEMBRANE_POTENTIAL,1,1,,,,,,0
REACTOME_PHENYLALANINE_AND_TYROSINE_METABOLISM,3,3,,,,,,0
REACTOME_PHENYLALANINE_METABOLISM,2,2,,,,,,0
REACTOME_PHOSPHATE_BOND_HYDROLYSIS_BY_NTPDASE_PROTEINS,1,1,,,,,,0
REACTOME_PHOSPHATE_BOND_HYDROLYSIS_BY_NUDT_PROTEINS,3,3,,,,,,0
REACTOME_PHOSPHOLIPASE_C_MEDIATED_CASCADE_FGFR2,3,3,,,,,,0
REACTOME_PHOSPHOLIPASE_C_MEDIATED_CASCADE_FGFR4,2,2,,,,,,0
REACTOME_PHOSPHORYLATION_OF_EMI1,0,0,,,,,,0
REACTOME_PHYSIOLOGICAL_FACTORS,1,1,,,,,,0
REACTOME_PI3K_AKT_ACTIVATION,3,3,,,,,,0
REACTOME_PI3K_EVENTS_IN_ERBB4_SIGNALING,2,2,,,,,,0
REACTOME_PI5P_REGULATES_TP53_ACETYLATION,2,2,,,,,,0
REACTOME_PINK1_PRKN_MEDIATED_MITOPHAGY,4,4,,,,,,0
REACTOME_PI_3K_CASCADE_FGFR1,3,3,,,,,,0
REACTOME_PI_3K_CASCADE_FGFR2,3,3,,,,,,0
REACTOME_PI_3K_CASCADE_FGFR3,2,2,,,,,,0
REACTOME_PI_3K_CASCADE_FGFR4,2,2,,,,,,0
REACTOME_PKA_ACTIVATION_IN_GLUCAGON_SIGNALLING,4,4,,,,,,0
REACTOME_PKA_MEDIATED_PHOSPHORYLATION_OF_CREB,4,4,,,,,,0
REACTOME_PKA_MEDIATED_PHOSPHORYLATION_OF_KEY_METABOLIC_FACTORS,1,1,,,,,,0
REACTOME_PLASMA_LIPOPROTEIN_ASSEMBLY,3,3,,,,,,0
REACTOME_PLATELET_SENSITIZATION_BY_LDL,1,1,,,,,,0
REACTOME_POLO_LIKE_KINASE_MEDIATED_EVENTS,4,4,,,,,,0
REACTOME_POU5F1_OCT4_SOX2_NANOG_ACTIVATE_GENES_RELATED_TO_PROLIFERATION,2,2,,,,,,0
REACTOME_POU5F1_OCT4_SOX2_NANOG_REPRESS_GENES_RELATED_TO_DIFFERENTIATION,4,4,,,,,,0
REACTOME_PP2A_MEDIATED_DEPHOSPHORYLATION_OF_KEY_METABOLIC_FACTORS,0,0,,,,,,0
REACTOME_PRC2_METHYLATES_HISTONES_AND_DNA,4,4,,,,,,0
REACTOME_PREGNENOLONE_BIOSYNTHESIS,1,1,,,,,,0
REACTOME_PRESYNAPTIC_DEPOLARIZATION_AND_CALCIUM_CHANNEL_OPENING,1,1,,,,,,0
REACTOME_PRESYNAPTIC_NICOTINIC_ACETYLCHOLINE_RECEPTORS,2,2,,,,,,0
REACTOME_PREVENTION_OF_PHAGOSOMAL_LYSOSOMAL_FUSION,2,2,,,,,,0
REACTOME_PRE_NOTCH_PROCESSING_IN_GOLGI,2,2,,,,,,0
REACTOME_PRE_NOTCH_PROCESSING_IN_THE_ENDOPLASMIC_RETICULUM,0,0,,,,,,0
REACTOME_PROCESSING_AND_ACTIVATION_OF_SUMO,2,2,,,,,,0
REACTOME_PROCESSING_OF_SMDT1,3,3,,,,,,0
REACTOME_PROLACTIN_RECEPTOR_SIGNALING,2,2,,,,,,0
REACTOME_PROLONGED_ERK_ACTIVATION_EVENTS,3,3,,,,,,0
REACTOME_PROPIONYL_COA_CATABOLISM,1,1,,,,,,0
REACTOME_PROSTANOID_LIGAND_RECEPTORS,3,3,,,,,,0
REACTOME_PROTEIN_METHYLATION,4,4,,,,,,0
REACTOME_PROTEIN_REPAIR,1,1,,,,,,0
REACTOME_PROTON_COUPLED_MONOCARBOXYLATE_TRANSPORT,3,3,,,,,,0
REACTOME_PTK6_EXPRESSION,4,4,,,,,,0
REACTOME_PTK6_PROMOTES_HIF1A_STABILIZATION,1,1,,,,,,0
REACTOME_PTK6_REGULATES_CELL_CYCLE,4,4,,,,,,0
REACTOME_PTK6_REGULATES_PROTEINS_INVOLVED_IN_RNA_PROCESSING,2,2,,,,,,0
REACTOME_PTK6_REGULATES_RHO_GTPASES_RAS_GTPASE_AND_MAP_KINASES,3,3,,,,,,0
REACTOME_PTK6_REGULATES_RTKS_AND_THEIR_EFFECTORS_AKT1_AND_DOK1,3,3,,,,,,0
REACTOME_PURINE_RIBONUCLEOSIDE_MONOPHOSPHATE_BIOSYNTHESIS,2,2,,,,,,0
REACTOME_PURINE_SALVAGE,3,3,,,,,,0
REACTOME_PYRIMIDINE_CATABOLISM,4,4,,,,,,0
REACTOME_PYRIMIDINE_SALVAGE,3,3,,,,,,0
REACTOME_PYROPTOSIS,4,4,,,,,,0
REACTOME_RAP1_SIGNALLING,3,3,,,,,,0
REACTOME_RAS_SIGNALING_DOWNSTREAM_OF_NF1_LOSS_OF_FUNCTION_VARIANTS,2,2,,,,,,0
REACTOME_RA_BIOSYNTHESIS_PATHWAY,3,3,,,,,,0
REACTOME_REACTIONS_SPECIFIC_TO_THE_COMPLEX_N_GLYCAN_SYNTHESIS_PATHWAY,3,3,,,,,,0
REACTOME_RECEPTOR_MEDIATED_MITOPHAGY,3,3,,,,,,0
REACTOME_RECEPTOR_TYPE_TYROSINE_PROTEIN_PHOSPHATASES,0,0,,,,,,0
REACTOME_RECOGNITION_AND_ASSOCIATION_OF_DNA_GLYCOSYLASE_WITH_SITE_CONTAINING_AN_AFFECTED_PURINE,4,4,,,,,,0
REACTOME_RECYCLING_OF_BILE_ACIDS_AND_SALTS,0,0,,,,,,0
REACTOME_RECYCLING_OF_EIF2_GDP,4,4,,,,,,0
REACTOME_REDUCTION_OF_CYTOSOLIC_CA_LEVELS,1,1,,,,,,0
REACTOME_REELIN_SIGNALLING_PATHWAY,1,1,,,,,,0
REACTOME_REGULATED_PROTEOLYSIS_OF_P75NTR,0,0,,,,,,0
REACTOME_REGULATION_OF_BACH1_ACTIVITY,3,3,,,,,,0
REACTOME_REGULATION_OF_BETA_CELL_DEVELOPMENT,2,2,,,,,,0
REACTOME_REGULATION_OF_COMMISSURAL_AXON_PATHFINDING_BY_SLIT_AND_ROBO,2,2,,,,,,0
REACTOME_REGULATION_OF_CYTOSKELETAL_REMODELING_AND_CELL_SPREADING_BY_IPP_COMPLEX_COMPONENTS,0,0,,,,,,0
REACTOME_REGULATION_OF_FOXO_TRANSCRIPTIONAL_ACTIVITY_BY_ACETYLATION,4,4,,,,,,0
REACTOME_REGULATION_OF_FZD_BY_UBIQUITINATION,3,3,,,,,,0
REACTOME_REGULATION_OF_GENE_EXPRESSION_BY_HYPOXIA_INDUCIBLE_FACTOR,2,2,,,,,,0
REACTOME_REGULATION_OF_GENE_EXPRESSION_IN_BETA_CELLS,1,1,,,,,,0
REACTOME_REGULATION_OF_GENE_EXPRESSION_IN_EARLY_PANCREATIC_PRECURSOR_CELLS,0,0,,,,,,0
REACTOME_REGULATION_OF_GENE_EXPRESSION_IN_ENDOCRINE_COMMITTED_NEUROG3_PROGENITOR_CELLS,0,0,,,,,,0
REACTOME_REGULATION_OF_GENE_EXPRESSION_IN_LATE_STAGE_BRANCHING_MORPHOGENESIS_PANCREATIC_BUD_PRECURSOR_CELLS,1,1,,,,,,0
REACTOME_REGULATION_OF_GLYCOLYSIS_BY_FRUCTOSE_2_6_BISPHOSPHATE_METABOLISM,1,1,,,,,,0
REACTOME_REGULATION_OF_IFNA_SIGNALING,3,3,,,,,,0
REACTOME_REGULATION_OF_IFNG_SIGNALING,3,3,,,,,,0
REACTOME_REGULATION_OF_INNATE_IMMUNE_RESPONSES_TO_CYTOSOLIC_DNA,4,4,,,,,,0
REACTOME_REGULATION_OF_KIT_SIGNALING,4,4,,,,,,0
REACTOME_REGULATION_OF_LOCALIZATION_OF_FOXO_TRANSCRIPTION_FACTORS,1,1,,,,,,0
REACTOME_REGULATION_OF_PTEN_LOCALIZATION,2,2,,,,,,0
REACTOME_REGULATION_OF_PTEN_MRNA_TRANSLATION,3,3,,,,,,0
REACTOME_REGULATION_OF_RUNX3_EXPRESSION_AND_ACTIVITY,3,3,,,,,,0
REACTOME_REGULATION_OF_SIGNALING_BY_NODAL,0,0,,,,,,0
REACTOME_REGULATION_OF_TLR_BY_ENDOGENOUS_LIGAND,4,4,,,,,,0
REACTOME_REGULATION_OF_TP53_ACTIVITY_THROUGH_ASSOCIATION_WITH_CO_FACTORS,0,0,,,,,,0
REACTOME_RELAXIN_RECEPTORS,1,1,,,,,,0
REACTOME_RELEASE_OF_APOPTOTIC_FACTORS_FROM_THE_MITOCHONDRIA,0,0,,,,,,0
REACTOME_RELEASE_OF_HH_NP_FROM_THE_SECRETING_CELL,0,0,,,,,,0
REACTOME_REMOVAL_OF_AMINOTERMINAL_PROPEPTIDES_FROM_GAMMA_CARBOXYLATED_PROTEINS,1,1,,,,,,0
REACTOME_RESPONSE_OF_EIF2AK1_HRI_TO_HEME_DEFICIENCY,3,3,,,,,,0
REACTOME_RESPONSE_TO_METAL_IONS,4,4,,,,,,0
REACTOME_RETINOID_CYCLE_DISEASE_EVENTS,1,1,,,,,,0
REACTOME_RETROGRADE_NEUROTROPHIN_SIGNALLING,1,1,,,,,,0
REACTOME_RHOBTB1_GTPASE_CYCLE,4,4,,,,,,0
REACTOME_RHOBTB3_ATPASE_CYCLE,2,2,,,,,,0
REACTOME_RHOT1_GTPASE_CYCLE,2,2,,,,,,0
REACTOME_RHO_GTPASES_ACTIVATE_CIT,2,2,,,,,,0
REACTOME_RHO_GTPASES_ACTIVATE_KTN1,2,2,,,,,,0
REACTOME_RHO_GTPASES_ACTIVATE_NADPH_OXIDASES,4,4,,,,,,0
REACTOME_RHO_GTPASES_ACTIVATE_PAKS,3,3,,,,,,0
REACTOME_RHO_GTPASES_ACTIVATE_PKNS,2,2,,,,,,0
REACTOME_RHO_GTPASES_ACTIVATE_RHOTEKIN_AND_RHOPHILINS,1,1,,,,,,0
REACTOME_RHO_GTPASES_ACTIVATE_ROCKS,1,1,,,,,,0
REACTOME_RIP_MEDIATED_NFKB_ACTIVATION_VIA_ZBP1,4,4,,,,,,0
REACTOME_ROBO_RECEPTORS_BIND_AKAP5,3,3,,,,,,0
REACTOME_ROLE_OF_ABL_IN_ROBO_SLIT_SIGNALING,2,2,,,,,,0
REACTOME_ROLE_OF_SECOND_MESSENGERS_IN_NETRIN_1_SIGNALING,2,2,,,,,,0
REACTOME_RORA_ACTIVATES_GENE_EXPRESSION,4,4,,,,,,0
REACTOME_RRNA_MODIFICATION_IN_THE_MITOCHONDRION,1,1,,,,,,0
REACTOME_RRNA_PROCESSING_IN_THE_MITOCHONDRION,1,1,,,,,,0
REACTOME_RSK_ACTIVATION,1,1,,,,,,0
REACTOME_RUNX1_REGULATES_ESTROGEN_RECEPTOR_MEDIATED_TRANSCRIPTION,1,1,,,,,,0
REACTOME_RUNX1_REGULATES_EXPRESSION_OF_COMPONENTS_OF_TIGHT_JUNCTIONS,1,1,,,,,,0
REACTOME_RUNX1_REGULATES_TRANSCRIPTION_OF_GENES_INVOLVED_IN_BCR_SIGNALING,2,2,,,,,,0
REACTOME_RUNX1_REGULATES_TRANSCRIPTION_OF_GENES_INVOLVED_IN_DIFFERENTIATION_OF_KERATINOCYTES,3,3,,,,,,0
REACTOME_RUNX1_REGULATES_TRANSCRIPTION_OF_GENES_INVOLVED_IN_DIFFERENTIATION_OF_MYELOID_CELLS,2,2,,,,,,0
REACTOME_RUNX1_REGULATES_TRANSCRIPTION_OF_GENES_INVOLVED_IN_INTERLEUKIN_SIGNALING,0,0,,,,,,0
REACTOME_RUNX1_REGULATES_TRANSCRIPTION_OF_GENES_INVOLVED_IN_WNT_SIGNALING,1,1,,,,,,0
REACTOME_RUNX2_REGULATES_CHONDROCYTE_MATURATION,1,1,,,,,,0
REACTOME_RUNX2_REGULATES_GENES_INVOLVED_IN_CELL_MIGRATION,0,0,,,,,,0
REACTOME_RUNX3_REGULATES_BCL2L11_BIM_TRANSCRIPTION,3,3,,,,,,0
REACTOME_RUNX3_REGULATES_CDKN1A_TRANSCRIPTION,1,1,,,,,,0
REACTOME_RUNX3_REGULATES_IMMUNE_RESPONSE_AND_CELL_MIGRATION,2,2,,,,,,0
REACTOME_RUNX3_REGULATES_NOTCH_SIGNALING,1,1,,,,,,0
REACTOME_RUNX3_REGULATES_P14_ARF,3,3,,,,,,0
REACTOME_RUNX3_REGULATES_WNT_SIGNALING,4,4,,,,,,0
REACTOME_RUNX3_REGULATES_YAP1_MEDIATED_TRANSCRIPTION,0,0,,,,,,0
REACTOME_SCAVENGING_BY_CLASS_B_RECEPTORS,1,1,,,,,,0
REACTOME_SCAVENGING_BY_CLASS_F_RECEPTORS,2,2,,,,,,0
REACTOME_SCAVENGING_OF_HEME_FROM_PLASMA,4,4,,,,,,0
REACTOME_SEALING_OF_THE_NUCLEAR_ENVELOPE_NE_BY_ESCRT_III,4,4,,,,,,0
REACTOME_SEMA3A_PAK_DEPENDENT_AXON_REPULSION,3,3,,,,,,0
REACTOME_SEMA3A_PLEXIN_REPULSION_SIGNALING_BY_INHIBITING_INTEGRIN_ADHESION,2,2,,,,,,0
REACTOME_SEMA4D_INDUCED_CELL_MIGRATION_AND_GROWTH_CONE_COLLAPSE,4,4,,,,,,0
REACTOME_SEMA4D_IN_SEMAPHORIN_SIGNALING,4,4,,,,,,0
REACTOME_SEMA4D_MEDIATED_INHIBITION_OF_CELL_ATTACHMENT_AND_MIGRATION,1,1,,,,,,0
REACTOME_SENSING_OF_DNA_DOUBLE_STRAND_BREAKS,0,0,,,,,,0
REACTOME_SENSORY_PERCEPTION_OF_SALTY_TASTE,0,0,,,,,,0
REACTOME_SENSORY_PERCEPTION_OF_TASTE,4,4,,,,,,0
REACTOME_SERINE_BIOSYNTHESIS,2,2,,,,,,0
REACTOME_SEROTONIN_AND_MELATONIN_BIOSYNTHESIS,0,0,,,,,,0
REACTOME_SEROTONIN_NEUROTRANSMITTER_RELEASE_CYCLE,2,2,,,,,,0
REACTOME_SEROTONIN_RECEPTORS,0,0,,,,,,0
REACTOME_SHC1_EVENTS_IN_EGFR_SIGNALING,3,3,,,,,,0
REACTOME_SHC1_EVENTS_IN_ERBB4_SIGNALING,2,2,,,,,,0
REACTOME_SHC_MEDIATED_CASCADE_FGFR1,3,3,,,,,,0
REACTOME_SHC_MEDIATED_CASCADE_FGFR3,2,2,,,,,,0
REACTOME_SHC_MEDIATED_CASCADE_FGFR4,2,2,,,,,,0
REACTOME_SHC_RELATED_EVENTS_TRIGGERED_BY_IGF1R,1,1,,,,,,0
REACTOME_SIGNALING_BY_ACTIVIN,2,2,,,,,,0
REACTOME_SIGNALING_BY_ALK,4,4,,,,,,0
REACTOME_SIGNALING_BY_BMP,4,4,,,,,,0
REACTOME_SIGNALING_BY_CTNNB1_PHOSPHO_SITE_MUTANTS,1,1,,,,,,0
REACTOME_SIGNALING_BY_FGFR2_IIIA_TM,4,4,,,,,,0
REACTOME_SIGNALING_BY_FGFR3_FUSIONS_IN_CANCER,2,2,,,,,,0
REACTOME_SIGNALING_BY_FGFR4_IN_DISEASE,3,3,,,,,,0
REACTOME_SIGNALING_BY_FLT3_ITD_AND_TKD_MUTANTS,4,4,,,,,,0
REACTOME_SIGNALING_BY_HIPPO,2,2,,,,,,0
REACTOME_SIGNALING_BY_LEPTIN,4,4,,,,,,0
REACTOME_SIGNALING_BY_LRP5_MUTANTS,1,1,,,,,,0
REACTOME_SIGNALING_BY_MAPK_MUTANTS,1,1,,,,,,0
REACTOME_SIGNALING_BY_MEMBRANE_TETHERED_FUSIONS_OF_PDGFRA_OR_PDGFRB,0,0,,,,,,0
REACTOME_SIGNALING_BY_MRAS_COMPLEX_MUTANTS,1,1,,,,,,0
REACTOME_SIGNALING_BY_MST1,1,1,,,,,,0
REACTOME_SIGNALING_BY_NODAL,2,2,,,,,,0
REACTOME_SIGNALING_BY_NOTCH1_HD_DOMAIN_MUTANTS_IN_CANCER,3,3,,,,,,0
REACTOME_SIGNALING_BY_NOTCH1_T_7_9_NOTCH1_M1580_K2555_TRANSLOCATION_MUTANT,0,0,,,,,,0
REACTOME_SIGNALING_BY_NTRK2_TRKB,4,4,,,,,,0
REACTOME_SIGNALING_BY_NTRK3_TRKC,3,3,,,,,,0
REACTOME_SIGNALING_BY_PDGFRA_TRANSMEMBRANE_JUXTAMEMBRANE_AND_KINASE_DOMAIN_MUTANTS,4,4,,,,,,0
REACTOME_SIGNALING_BY_PDGFR_IN_DISEASE,4,4,,,,,,0
REACTOME_SIGNALING_BY_RNF43_MUTANTS,0,0,,,,,,0
REACTOME_SIGNALING_BY_TGF_BETA_RECEPTOR_COMPLEX_IN_CANCER,2,2,,,,,,0
REACTOME_SIGNALLING_TO_P38_VIA_RIT_AND_RIN,1,1,,,,,,0
REACTOME_SIGNALLING_TO_RAS,2,2,,,,,,0
REACTOME_SIGNAL_ATTENUATION,1,1,,,,,,0
REACTOME_SIGNAL_REGULATORY_PROTEIN_FAMILY_INTERACTIONS,2,2,,,,,,0
REACTOME_SIGNAL_TRANSDUCTION_BY_L1,4,4,,,,,,0
REACTOME_SIRT1_NEGATIVELY_REGULATES_RRNA_EXPRESSION,3,3,,,,,,0
REACTOME_SLBP_DEPENDENT_PROCESSING_OF_REPLICATION_DEPENDENT_HISTONE_PRE_MRNAS,0,0,,,,,,0
REACTOME_SMAC_XIAP_REGULATED_APOPTOTIC_RESPONSE,1,1,,,,,,0
REACTOME_SMALL_INTERFERING_RNA_SIRNA_BIOGENESIS,2,2,,,,,,0
REACTOME_SODIUM_CALCIUM_EXCHANGERS,0,0,,,,,,0
REACTOME_SODIUM_COUPLED_PHOSPHATE_COTRANSPORTERS,0,0,,,,,,0
REACTOME_SODIUM_COUPLED_SULPHATE_DI_AND_TRI_CARBOXYLATE_TRANSPORTERS,0,0,,,,,,0
REACTOME_SODIUM_PROTON_EXCHANGERS,0,0,,,,,,0
REACTOME_SOS_MEDIATED_SIGNALLING,2,2,,,,,,0
REACTOME_SPERM_MOTILITY_AND_TAXES,2,2,,,,,,0
REACTOME_SPRY_REGULATION_OF_FGF_SIGNALING,3,3,,,,,,0
REACTOME_STAT3_NUCLEAR_EVENTS_DOWNSTREAM_OF_ALK_SIGNALING,0,0,,,,,,0
REACTOME_STAT5_ACTIVATION,2,2,,,,,,0
REACTOME_STAT5_ACTIVATION_DOWNSTREAM_OF_FLT3_ITD_MUTANTS,2,2,,,,,,0
REACTOME_STING_MEDIATED_INDUCTION_OF_HOST_IMMUNE_RESPONSES,1,1,,,,,,0
REACTOME_SULFIDE_OXIDATION_TO_SULFATE,1,1,,,,,,0
REACTOME_SUMOYLATION_OF_IMMUNE_RESPONSE_PROTEINS,2,2,,,,,,0
REACTOME_SUMOYLATION_OF_TRANSCRIPTION_FACTORS,3,3,,,,,,0
REACTOME_SUMO_IS_CONJUGATED_TO_E1_UBA2_SAE1,1,1,,,,,,0
REACTOME_SUMO_IS_PROTEOLYTICALLY_PROCESSED,1,1,,,,,,0
REACTOME_SUMO_IS_TRANSFERRED_FROM_E1_TO_E2_UBE2I_UBC9,1,1,,,,,,0
REACTOME_SUPPRESSION_OF_APOPTOSIS,0,0,,,,,,0
REACTOME_SUPPRESSION_OF_PHAGOSOMAL_MATURATION,4,4,,,,,,0
REACTOME_SURFACTANT_METABOLISM,3,3,,,,,,0
REACTOME_SYNDECAN_INTERACTIONS,4,4,,,,,,0
REACTOME_SYNTHESIS_OF_12_EICOSATETRAENOIC_ACID_DERIVATIVES,2,2,,,,,,0
REACTOME_SYNTHESIS_OF_15_EICOSATETRAENOIC_ACID_DERIVATIVES,1,1,,,,,,0
REACTOME_SYNTHESIS_OF_16_20_HYDROXYEICOSATETRAENOIC_ACIDS_HETE,1,1,,,,,,0
REACTOME_SYNTHESIS_OF_5_EICOSATETRAENOIC_ACIDS,2,2,,,,,,0
REACTOME_SYNTHESIS_OF_BILE_ACIDS_AND_BILE_SALTS_VIA_24_HYDROXYCHOLESTEROL,2,2,,,,,,0
REACTOME_SYNTHESIS_OF_BILE_ACIDS_AND_BILE_SALTS_VIA_27_HYDROXYCHOLESTEROL,1,1,,,,,,0
REACTOME_SYNTHESIS_OF_BILE_ACIDS_AND_BILE_SALTS_VIA_7ALPHA_HYDROXYCHOLESTEROL,2,2,,,,,,0
REACTOME_SYNTHESIS_OF_DIPHTHAMIDE_EEF2,3,3,,,,,,0
REACTOME_SYNTHESIS_OF_DOLICHYL_PHOSPHATE,2,2,,,,,,0
REACTOME_SYNTHESIS_OF_EPOXY_EET_AND_DIHYDROXYEICOSATRIENOIC_ACIDS_DHET,2,2,,,,,,0
REACTOME_SYNTHESIS_OF_GDP_MANNOSE,1,1,,,,,,0
REACTOME_SYNTHESIS_OF_KETONE_BODIES,2,2,,,,,,0
REACTOME_SYNTHESIS_OF_LEUKOTRIENES_LT_AND_EOXINS_EX,1,1,,,,,,0
REACTOME_SYNTHESIS_OF_LIPOXINS_LX,3,3,,,,,,0
REACTOME_SYNTHESIS_OF_PE,3,3,,,,,,0
REACTOME_SYNTHESIS_OF_PG,1,1,,,,,,0
REACTOME_SYNTHESIS_OF_PI,2,2,,,,,,0
REACTOME_SYNTHESIS_OF_PIPS_AT_THE_EARLY_ENDOSOME_MEMBRANE,4,4,,,,,,0
REACTOME_SYNTHESIS_OF_PIPS_AT_THE_ER_MEMBRANE,2,2,,,,,,0
REACTOME_SYNTHESIS_OF_PIPS_AT_THE_GOLGI_MEMBRANE,4,4,,,,,,0
REACTOME_SYNTHESIS_OF_PIPS_AT_THE_LATE_ENDOSOME_MEMBRANE,2,2,,,,,,0
REACTOME_SYNTHESIS_OF_PROSTAGLANDINS_PG_AND_THROMBOXANES_TX,4,4,,,,,,0
REACTOME_SYNTHESIS_OF_PYROPHOSPHATES_IN_THE_CYTOSOL,2,2,,,,,,0
REACTOME_SYNTHESIS_OF_UDP_N_ACETYL_GLUCOSAMINE,1,1,,,,,,0
REACTOME_SYNTHESIS_OF_WYBUTOSINE_AT_G37_OF_TRNA_PHE,2,2,,,,,,0
REACTOME_SYNTHESIS_SECRETION_AND_DEACYLATION_OF_GHRELIN,4,4,,,,,,0
REACTOME_SYNTHESIS_SECRETION_AND_INACTIVATION_OF_GLUCAGON_LIKE_PEPTIDE_1_GLP_1,2,2,,,,,,0
REACTOME_SYNTHESIS_SECRETION_AND_INACTIVATION_OF_GLUCOSE_DEPENDENT_INSULINOTROPIC_POLYPEPTIDE_GIP,2,2,,,,,,0
REACTOME_TACHYKININ_RECEPTORS_BIND_TACHYKININS,0,0,,,,,,0
REACTOME_TANDEM_PORE_DOMAIN_POTASSIUM_CHANNELS,0,0,,,,,,0
REACTOME_TERMINAL_PATHWAY_OF_COMPLEMENT,1,1,,,,,,0
REACTOME_TETRAHYDROBIOPTERIN_BH4_SYNTHESIS_RECYCLING_SALVAGE_AND_REGULATION,2,2,,,,,,0
REACTOME_TFAP2A_ACTS_AS_A_TRANSCRIPTIONAL_REPRESSOR_DURING_RETINOIC_ACID_INDUCED_CELL_DIFFERENTIATION,2,2,,,,,,0
REACTOME_TFAP2_AP_2_FAMILY_REGULATES_TRANSCRIPTION_OF_CELL_CYCLE_FACTORS,2,2,,,,,,0
REACTOME_TFAP2_AP_2_FAMILY_REGULATES_TRANSCRIPTION_OF_GROWTH_FACTORS_AND_THEIR_RECEPTORS,2,2,,,,,,0
REACTOME_THE_ACTIVATION_OF_ARYLSULFATASES,3,3,,,,,,0
REACTOME_THE_CANONICAL_RETINOID_CYCLE_IN_RODS_TWILIGHT_VISION,4,4,,,,,,0
REACTOME_THE_FATTY_ACID_CYCLING_MODEL,0,0,,,,,,0
REACTOME_THE_RETINOID_CYCLE_IN_CONES_DAYLIGHT_VISION,0,0,,,,,,0
REACTOME_THYROXINE_BIOSYNTHESIS,0,0,,,,,,0
REACTOME_TICAM1_DEPENDENT_ACTIVATION_OF_IRF3_IRF7,4,4,,,,,,0
REACTOME_TICAM1_TRAF6_DEPENDENT_INDUCTION_OF_TAK1_COMPLEX,4,4,,,,,,0
REACTOME_TLR3_MEDIATED_TICAM1_DEPENDENT_PROGRAMMED_CELL_DEATH,2,2,,,,,,0
REACTOME_TNFR1_INDUCED_PROAPOPTOTIC_SIGNALING,3,3,,,,,,0
REACTOME_TNFR1_MEDIATED_CERAMIDE_PRODUCTION,2,2,,,,,,0
REACTOME_TOXICITY_OF_BOTULINUM_TOXIN_TYPE_D_BOTD,1,1,,,,,,0
REACTOME_TP53_REGULATES_TRANSCRIPTION_OF_CASPASE_ACTIVATORS_AND_CASPASES,1,1,,,,,,0
REACTOME_TP53_REGULATES_TRANSCRIPTION_OF_GENES_INVOLVED_IN_CYTOCHROME_C_RELEASE,4,4,,,,,,0
REACTOME_TP53_REGULATES_TRANSCRIPTION_OF_GENES_INVOLVED_IN_G1_CELL_CYCLE_ARREST,3,3,,,,,,0
REACTOME_TP53_REGULATES_TRANSCRIPTION_OF_SEVERAL_ADDITIONAL_CELL_DEATH_GENES_WHOSE_SPECIFIC_ROLES_IN_P53_DEPENDENT_APOPTOSIS_REMAIN_UNCERTAIN,1,1,,,,,,0
REACTOME_TRAF3_DEPENDENT_IRF_ACTIVATION_PATHWAY,4,4,,,,,,0
REACTOME_TRAF6_MEDIATED_INDUCTION_OF_TAK1_COMPLEX_WITHIN_TLR4_COMPLEX,4,4,,,,,,0
REACTOME_TRAF6_MEDIATED_IRF7_ACTIVATION,3,3,,,,,,0
REACTOME_TRAF6_MEDIATED_IRF7_ACTIVATION_IN_TLR7_8_OR_9_SIGNALING,4,4,,,,,,0
REACTOME_TRAFFICKING_AND_PROCESSING_OF_ENDOSOMAL_TLR,3,3,,,,,,0
REACTOME_TRAFFICKING_OF_GLUR2_CONTAINING_AMPA_RECEPTORS,1,1,,,,,,0
REACTOME_TRAFFICKING_OF_MYRISTOYLATED_PROTEINS_TO_THE_CILIUM,0,0,,,,,,0
REACTOME_TRAIL_SIGNALING,4,4,,,,,,0
REACTOME_TRANSCRIPTIONAL_REGULATION_OF_TESTIS_DIFFERENTIATION,2,2,,,,,,0
REACTOME_TRANSLATION_OF_REPLICASE_AND_ASSEMBLY_OF_THE_REPLICATION_TRANSCRIPTION_COMPLEX,2,2,,,,,,0
REACTOME_TRANSPORT_AND_SYNTHESIS_OF_PAPS,2,2,,,,,,0
REACTOME_TRANSPORT_OF_CONNEXONS_TO_THE_PLASMA_MEMBRANE,3,3,,,,,,0
REACTOME_TRANSPORT_OF_FATTY_ACIDS,2,2,,,,,,0
REACTOME_TRANSPORT_OF_NUCLEOSIDES_AND_FREE_PURINE_AND_PYRIMIDINE_BASES_ACROSS_THE_PLASMA_MEMBRANE,1,1,,,,,,0
REACTOME_TRANSPORT_OF_NUCLEOTIDE_SUGARS,3,3,,,,,,0
REACTOME_TRANSPORT_OF_ORGANIC_ANIONS,3,3,,,,,,0
REACTOME_TRIF_MEDIATED_PROGRAMMED_CELL_DEATH,2,2,,,,,,0
REACTOME_TRIGLYCERIDE_BIOSYNTHESIS,3,3,,,,,,0
REACTOME_TRISTETRAPROLIN_TTP_ZFP36_BINDS_AND_DESTABILIZES_MRNA,4,4,,,,,,0
REACTOME_TRNA_MODIFICATION_IN_THE_MITOCHONDRION,3,3,,,,,,0
REACTOME_TRNA_PROCESSING_IN_THE_MITOCHONDRION,1,1,,,,,,0
REACTOME_TRP_CHANNELS,3,3,,,,,,0
REACTOME_TYPE_I_HEMIDESMOSOME_ASSEMBLY,0,0,,,,,,0
REACTOME_TYROSINE_CATABOLISM,1,1,,,,,,0
REACTOME_TYSND1_CLEAVES_PEROXISOMAL_PROTEINS,2,2,,,,,,0
REACTOME_UNBLOCKING_OF_NMDA_RECEPTORS_GLUTAMATE_BINDING_AND_ACTIVATION,4,4,,,,,,0
REACTOME_UNWINDING_OF_DNA,4,4,,,,,,0
REACTOME_UPTAKE_AND_FUNCTION_OF_ANTHRAX_TOXINS,1,1,,,,,,0
REACTOME_UPTAKE_AND_FUNCTION_OF_DIPHTHERIA_TOXIN,2,2,,,,,,0
REACTOME_UREA_CYCLE,1,1,,,,,,0
REACTOME_VASOPRESSIN_LIKE_RECEPTORS,3,3,,,,,,0
REACTOME_VEGF_LIGAND_RECEPTOR_INTERACTIONS,0,0,,,,,,0
REACTOME_VITAMINS,1,1,,,,,,0
REACTOME_VITAMIN_B1_THIAMIN_METABOLISM,1,1,,,,,,0
REACTOME_VITAMIN_B2_RIBOFLAVIN_METABOLISM,1,1,,,,,,0
REACTOME_VITAMIN_C_ASCORBATE_METABOLISM,3,3,,,,,,0
REACTOME_VITAMIN_D_CALCIFEROL_METABOLISM,1,1,,,,,,0
REACTOME_VLDLR_INTERNALISATION_AND_DEGRADATION,1,1,,,,,,0
REACTOME_VLDL_ASSEMBLY,0,0,,,,,,0
REACTOME_VLDL_CLEARANCE,1,1,,,,,,0
REACTOME_VOLTAGE_GATED_POTASSIUM_CHANNELS,2,2,,,,,,0
REACTOME_VXPX_CARGO_TARGETING_TO_CILIUM,1,1,,,,,,0
REACTOME_WAX_AND_PLASMALOGEN_BIOSYNTHESIS,2,2,,,,,,0
REACTOME_WNT5A_DEPENDENT_INTERNALIZATION_OF_FZD2_FZD5_AND_ROR2,0,0,,,,,,0
REACTOME_WNT5A_DEPENDENT_INTERNALIZATION_OF_FZD4,1,1,,,,,,0
REACTOME_WNT_LIGAND_BIOGENESIS_AND_TRAFFICKING,2,2,,,,,,0
REACTOME_WNT_MEDIATED_ACTIVATION_OF_DVL,2,2,,,,,,0
REACTOME_XENOBIOTICS,0,0,,,,,,0
REACTOME_YAP1_AND_WWTR1_TAZ_STIMULATED_GENE_EXPRESSION,0,0,,,,,,0
REACTOME_ZINC_EFFLUX_AND_COMPARTMENTALIZATION_BY_THE_SLC30_FAMILY,1,1,,,,,,0
REACTOME_ZINC_INFLUX_INTO_CELLS_BY_THE_SLC39_GENE_FAMILY,4,4,,,,,,0
