,unit_auc,naive_auc,diff
REACTOME_2_LTR_CIRCLE_FORMATION,,,
REACTOME_ABACAVIR_METABOLISM,0.49713855678934976,0.49713855678934976,0.0
REACTOME_ABACAVIR_TRANSMEMBRANE_TRANSPORT,0.4985610662398974,0.4985773263063567,-1.6260066459328204e-05
REACTOME_ABACAVIR_TRANSPORT_AND_METABOLISM,0.49998554660759165,0.4959272639596776,0.004058282647914024
REACTOME_ABC_FAMILY_PROTEINS_MEDIATED_TRANSPORT,0.4570478026244733,0.5245701922432585,-0.0675223896187852
REACTOME_ABC_TRANSPORTERS_IN_LIPID_HOMEOSTASIS,0.4954380658995857,0.4964842944182313,-0.0010462285186455533
REACTOME_ABC_TRANSPORTER_DISORDERS,0.5422569563520688,0.5276542669699251,0.014602689382143708
REACTOME_ABERRANT_REGULATION_OF_MITOTIC_EXIT_IN_CANCER_DUE_TO_RB1_DEFECTS,0.5105789799058427,0.4933511931275433,0.017227786778299392
REACTOME_ABERRANT_REGULATION_OF_MITOTIC_G1_S_TRANSITION_IN_CANCER_DUE_TO_RB1_DEFECTS,0.4992375835504626,0.4993730841042904,-0.00013550055382777204
REACTOME_ABORTIVE_ELONGATION_OF_HIV_1_TRANSCRIPT_IN_THE_ABSENCE_OF_TAT,0.5257414097576166,0.47194062743490395,0.05380078232271268
REACTOME_ACETYLCHOLINE_BINDING_AND_DOWNSTREAM_EVENTS,0.5001901935046456,0.5001980771732318,-7.883668586283754e-06
REACTOME_ACETYLCHOLINE_INHIBITS_CONTRACTION_OF_OUTER_HAIR_CELLS,,,
REACTOME_ACETYLCHOLINE_NEUROTRANSMITTER_RELEASE_CYCLE,0.5000054200221531,0.4995885710456504,0.0004168489765026817
REACTOME_ACETYLCHOLINE_REGULATES_INSULIN_SECRETION,0.5000021351602421,0.49999786483975783,4.270320484223156e-06
REACTOME_ACROSOME_REACTION_AND_SPERM_OOCYTE_MEMBRANE_BINDING,0.549005705148167,0.45099462333802404,0.09801108181014301
REACTOME_ACTIVATED_NOTCH1_TRANSMITS_SIGNAL_TO_THE_NUCLEUS,0.4942673411145142,0.5438221109311007,-0.049554769816586464
REACTOME_ACTIVATED_NTRK2_SIGNALS_THROUGH_CDK5,,,
REACTOME_ACTIVATED_NTRK2_SIGNALS_THROUGH_FRS2_AND_FRS3,0.5117659647573736,0.4882340352426265,0.023531929514747085
REACTOME_ACTIVATED_NTRK2_SIGNALS_THROUGH_FYN,0.5186004484493479,0.4813995515506519,0.037200896898696045
REACTOME_ACTIVATED_NTRK2_SIGNALS_THROUGH_PI3K,0.49726141062482015,0.49726141062482015,0.0
REACTOME_ACTIVATED_NTRK2_SIGNALS_THROUGH_RAS,0.5117659647573736,0.4882340352426265,0.023531929514747085
REACTOME_ACTIVATED_NTRK3_SIGNALS_THROUGH_PI3K,0.5027385893751799,0.49726141062482015,0.005477178750359746
REACTOME_ACTIVATED_NTRK3_SIGNALS_THROUGH_RAS,0.5117659647573736,0.4882340352426265,0.023531929514747085
REACTOME_ACTIVATED_PKN1_STIMULATES_TRANSCRIPTION_OF_AR_ANDROGEN_RECEPTOR_REGULATED_GENES_KLK2_AND_KLK3,,,
REACTOME_ACTIVATED_TAK1_MEDIATES_P38_MAPK_ACTIVATION,0.4667061178582176,0.5494787252633474,-0.08277260740512982
REACTOME_ACTIVATION_OF_AMPK_DOWNSTREAM_OF_NMDARS,0.4742765748613459,0.4878617782665653,-0.013585203405219404
REACTOME_ACTIVATION_OF_ANTERIOR_HOX_GENES_IN_HINDBRAIN_DEVELOPMENT_DURING_EARLY_EMBRYOGENESIS,0.48291699351042683,0.47185883437332066,0.011058159137106172
REACTOME_ACTIVATION_OF_ATR_IN_RESPONSE_TO_REPLICATION_STRESS,0.5004450166673893,0.48566740838848615,0.01477760827890312
REACTOME_ACTIVATION_OF_BAD_AND_TRANSLOCATION_TO_MITOCHONDRIA,0.49494377630353176,0.5050562236964683,-0.010112447392936541
REACTOME_ACTIVATION_OF_BH3_ONLY_PROTEINS,0.5568482308390722,0.5406050814185873,0.01624314942048488
REACTOME_ACTIVATION_OF_C3_AND_C5,0.475272791357397,0.47527287347894476,-8.212154778419745e-08
REACTOME_ACTIVATION_OF_CASPASES_THROUGH_APOPTOSOME_MEDIATED_CLEAVAGE,0.5138330462364024,0.5138330462364024,0.0
REACTOME_ACTIVATION_OF_GENE_EXPRESSION_BY_SREBF_SREBP,0.5075983783293718,0.48647638775561153,0.021121990573760296
REACTOME_ACTIVATION_OF_IRF3_IRF7_MEDIATED_BY_TBK1_IKK_EPSILON,0.5693550140789182,0.4707943748710692,0.09856063920784902
REACTOME_ACTIVATION_OF_KAINATE_RECEPTORS_UPON_GLUTAMATE_BINDING,0.510191612564991,0.4972967228903632,0.012894889674627819
REACTOME_ACTIVATION_OF_MATRIX_METALLOPROTEINASES,0.5394640025122625,0.45323095732701585,0.0862330451852466
REACTOME_ACTIVATION_OF_NIMA_KINASES_NEK9_NEK6_NEK7,,,
REACTOME_ACTIVATION_OF_NMDA_RECEPTORS_AND_POSTSYNAPTIC_EVENTS,0.48907200351611624,0.4734076467643454,0.015664356751770858
REACTOME_ACTIVATION_OF_NOXA_AND_TRANSLOCATION_TO_MITOCHONDRIA,0.4435368370984421,0.5499307222622976,-0.10639388516385545
REACTOME_ACTIVATION_OF_PPARGC1A_PGC_1ALPHA_BY_PHOSPHORYLATION,0.49936758196058956,0.49936758196058956,0.0
REACTOME_ACTIVATION_OF_PUMA_AND_TRANSLOCATION_TO_MITOCHONDRIA,0.5092228246658966,0.49061917347618544,0.01860365118971119
REACTOME_ACTIVATION_OF_RAC1,0.4977280252592742,0.4976780953582273,4.9929901046852354e-05
REACTOME_ACTIVATION_OF_RAC1_DOWNSTREAM_OF_NMDARS,0.49796962685282636,0.49796962685282636,0.0
REACTOME_ACTIVATION_OF_RAS_IN_B_CELLS,0.5117659647573736,0.4882340352426265,0.023531929514747085
REACTOME_ACTIVATION_OF_SMO,0.5005080038945322,0.4990861514163668,0.0014218524781653974
REACTOME_ACTIVATION_OF_THE_AP_1_FAMILY_OF_TRANSCRIPTION_FACTORS,0.5126207679481569,0.4497566410053254,0.0628641269428315
REACTOME_ACTIVATION_OF_THE_MRNA_UPON_BINDING_OF_THE_CAP_BINDING_COMPLEX_AND_EIFS_AND_SUBSEQUENT_BINDING_TO_43S,0.4935648733948522,0.4051605344864513,0.08840433890840094
REACTOME_ACTIVATION_OF_THE_PHOTOTRANSDUCTION_CASCADE,0.49999852181214005,0.5004030525564764,-0.00040453074433638436
REACTOME_ACTIVATION_OF_THE_PRE_REPLICATIVE_COMPLEX,0.5140194621498502,0.4812992811408193,0.032720181009030846
REACTOME_ACTIVATION_OF_THE_TFAP2_AP_2_FAMILY_OF_TRANSCRIPTION_FACTORS,0.5185644792114228,0.5005672135304775,0.017997265680945285
REACTOME_ACTIVATION_OF_TRKA_RECEPTORS,,,
REACTOME_ACYL_CHAIN_REMODELING_OF_CL,,,
REACTOME_ACYL_CHAIN_REMODELING_OF_DAG_AND_TAG,,,
REACTOME_ACYL_CHAIN_REMODELLING_OF_PC,0.500116448354744,0.4999088450819705,0.00020760327277352664
REACTOME_ACYL_CHAIN_REMODELLING_OF_PE,0.49330430172376416,0.4994814845473526,-0.006177182823588423
REACTOME_ACYL_CHAIN_REMODELLING_OF_PG,0.5071005575067635,0.49997257140304335,0.007127986103720174
REACTOME_ACYL_CHAIN_REMODELLING_OF_PI,0.49699016315252137,0.5030098368474787,-0.006019673694957317
REACTOME_ACYL_CHAIN_REMODELLING_OF_PS,0.5020800566835771,0.5022385512707818,-0.00015849458720462728
REACTOME_ADAPTIVE_IMMUNE_SYSTEM,0.580792164159003,0.48987309921465527,0.09091906494434776
REACTOME_ADENYLATE_CYCLASE_ACTIVATING_PATHWAY,0.5004104434957763,0.49958955650422365,0.000820886991552694
REACTOME_ADENYLATE_CYCLASE_INHIBITORY_PATHWAY,0.49958955650422365,0.49958955650422365,0.0
REACTOME_ADHERENS_JUNCTIONS_INTERACTIONS,0.3920416993510427,0.39229381250271,-0.0002521131516672881
REACTOME_ADORA2B_MEDIATED_ANTI_INFLAMMATORY_CYTOKINES_PRODUCTION,0.5100205533809768,0.4975720764400506,0.012448476940926267
REACTOME_ADP_SIGNALLING_THROUGH_P2Y_PURINOCEPTOR_1,0.4975872689263888,0.4970899408330673,0.0004973280933215363
REACTOME_ADP_SIGNALLING_THROUGH_P2Y_PURINOCEPTOR_12,0.4969358808094425,0.4970899408330673,-0.00015406002362478022
REACTOME_ADRENALINE_NORADRENALINE_INHIBITS_INSULIN_SECRETION,0.4934432513825984,0.49731823873588005,-0.0038749873532816226
REACTOME_ADRENOCEPTORS,0.5029955476981658,0.5029955476981658,0.0
REACTOME_ADVANCED_GLYCOSYLATION_ENDPRODUCT_RECEPTOR_SIGNALING,0.4696753866610955,0.4581374734418914,0.01153791321920411
REACTOME_AFLATOXIN_ACTIVATION_AND_DETOXIFICATION,0.4856086093602798,0.48565689683037105,-4.828747009127943e-05
REACTOME_AGGREPHAGY,0.5712413460312955,0.536362764382111,0.03487858164918456
REACTOME_AKT_PHOSPHORYLATES_TARGETS_IN_THE_CYTOSOL,,,
REACTOME_AKT_PHOSPHORYLATES_TARGETS_IN_THE_NUCLEUS,0.5044587073148619,0.49553340901655185,0.008925298298310014
REACTOME_ALK_MUTANTS_BIND_TKIS,0.5052610348366177,0.5052610348366177,0.0
REACTOME_ALPHA_DEFENSINS,,,
REACTOME_ALPHA_LINOLENIC_OMEGA3_AND_LINOLEIC_OMEGA6_ACID_METABOLISM,0.49832439193921163,0.49832439193921163,0.0
REACTOME_ALPHA_OXIDATION_OF_PHYTANATE,0.5013596043449525,0.49862265740072814,0.0027369469442243832
REACTOME_ALPHA_PROTEIN_KINASE_1_SIGNALING_PATHWAY,0.441034922023948,0.5521634429031872,-0.11112852087923919
REACTOME_ALTERNATIVE_COMPLEMENT_ACTIVATION,0.4431107905085886,0.4712380775936941,-0.028127287085105535
REACTOME_AMINE_LIGAND_BINDING_RECEPTORS,0.4970044523018341,0.5029955476981658,-0.0059910953963316915
REACTOME_AMINO_ACIDS_REGULATE_MTORC1,0.4862356894990848,0.5085008120178643,-0.022265122518779545
REACTOME_AMINO_ACID_CONJUGATION,0.5002037435600282,0.4997962564399718,0.0004074871200563934
REACTOME_AMINO_ACID_TRANSPORT_ACROSS_THE_PLASMA_MEMBRANE,0.4975155768151818,0.49778329306092634,-0.00026771624574450925
REACTOME_AMPK_INHIBITS_CHREBP_TRANSCRIPTIONAL_ACTIVATION_ACTIVITY,0.500610737950798,0.499389262049202,0.0012214759015960475
REACTOME_AMYLOID_FIBER_FORMATION,0.46026023333031124,0.6020753593310444,-0.14181512600073315
REACTOME_ANCHORING_FIBRIL_FORMATION,0.4997969955339017,0.4997969955339017,0.0
REACTOME_ANCHORING_OF_THE_BASAL_BODY_TO_THE_PLASMA_MEMBRANE,0.4977206343199745,0.47913143652267154,0.018589197797302948
REACTOME_ANDROGEN_BIOSYNTHESIS,0.4997953531029463,0.4997953531029463,0.0
REACTOME_ANTIGEN_ACTIVATES_B_CELL_RECEPTOR_BCR_LEADING_TO_GENERATION_OF_SECOND_MESSENGERS,0.46097501928213935,0.46856929153412263,-0.007594272251983281
REACTOME_ANTIGEN_PRESENTATION_FOLDING_ASSEMBLY_AND_PEPTIDE_LOADING_OF_CLASS_I_MHC,0.6950757949037338,0.6616910863301129,0.03338470857362097
REACTOME_ANTIGEN_PROCESSING_CROSS_PRESENTATION,0.6081186840317607,0.5468672600441222,0.0612514239876385
REACTOME_ANTIGEN_PROCESSING_UBIQUITINATION_PROTEASOME_DEGRADATION,0.5090667937251254,0.5182662137499063,-0.009199420024780913
REACTOME_ANTIMICROBIAL_PEPTIDES,0.5616892139588237,0.5039661422713113,0.05772307168751234
REACTOME_ANTIVIRAL_MECHANISM_BY_IFN_STIMULATED_GENES,0.9071004918095255,0.8335776449379622,0.0735228468715633
REACTOME_ANTI_INFLAMMATORY_RESPONSE_FAVOURING_LEISHMANIA_PARASITE_INFECTION,0.48093507207644004,0.47060360651558936,0.010331465560850683
REACTOME_APC_CDC20_MEDIATED_DEGRADATION_OF_NEK2A,0.5426208369302571,0.5337802059477024,0.00884063098255472
REACTOME_APC_C_CDC20_MEDIATED_DEGRADATION_OF_CYCLIN_B,0.5489898556894465,0.5358157527523858,0.013174102937060672
REACTOME_APC_C_CDH1_MEDIATED_DEGRADATION_OF_CDC20_AND_OTHER_APC_C_CDH1_TARGETED_PROTEINS_IN_LATE_MITOSIS_EARLY_G1,0.5343768189922833,0.5191404797475123,0.015236339244770969
REACTOME_APC_C_MEDIATED_DEGRADATION_OF_CELL_CYCLE_PROTEINS,0.5253082185931068,0.5178253031599058,0.0074829154332010095
REACTOME_APEX1_INDEPENDENT_RESOLUTION_OF_AP_SITES_VIA_THE_SINGLE_NUCLEOTIDE_REPLACEMENT_PATHWAY,0.5008565277432867,0.4991434722567133,0.0017130554865734116
REACTOME_APOBEC3G_MEDIATED_RESISTANCE_TO_HIV_1_INFECTION,0.44463242066730013,0.5553675793327,-0.11073515866539985
REACTOME_APOPTOSIS,0.5040136906474726,0.5806799040031955,-0.07666621335572288
REACTOME_APOPTOSIS_INDUCED_DNA_FRAGMENTATION,0.47466164279886003,0.48538638845200227,-0.010724745653142242
REACTOME_APOPTOTIC_CLEAVAGE_OF_CELLULAR_PROTEINS,0.47944489447052624,0.518696530660244,-0.039251636189717776
REACTOME_APOPTOTIC_CLEAVAGE_OF_CELL_ADHESION_PROTEINS,0.4865617941652968,0.5142472673233763,-0.02768547315807951
REACTOME_APOPTOTIC_EXECUTION_PHASE,0.5260106041912209,0.5003954152525335,0.025615188938687417
REACTOME_APOPTOTIC_FACTOR_MEDIATED_RESPONSE,0.4861669537635977,0.5138330462364024,-0.02766609247280466
REACTOME_AQUAPORIN_MEDIATED_TRANSPORT,0.49061285011700684,0.48596887659036586,0.0046439735266409765
REACTOME_ARACHIDONATE_PRODUCTION_FROM_DAG,,,
REACTOME_ARACHIDONIC_ACID_METABOLISM,0.5015548072640121,0.44058497806369223,0.0609698292003199
REACTOME_ARMS_MEDIATED_ACTIVATION,0.4957135015708209,0.4957135015708209,0.0
REACTOME_ARYL_HYDROCARBON_RECEPTOR_SIGNALLING,0.5571140582892177,0.5571140582892177,0.0
REACTOME_ASPARAGINE_N_LINKED_GLYCOSYLATION,0.42403715770096456,0.48054105289021865,-0.05650389518925408
REACTOME_ASPARTATE_AND_ASPARAGINE_METABOLISM,0.5011997958129836,0.5011588992821919,4.089653079164535e-05
REACTOME_ASSEMBLY_AND_CELL_SURFACE_PRESENTATION_OF_NMDA_RECEPTORS,0.48366191807028813,0.487945213759104,-0.004283295688815858
REACTOME_ASSEMBLY_OF_ACTIVE_LPL_AND_LIPC_LIPASE_COMPLEXES,0.49979576371068507,0.49979584583223285,-8.212154778419745e-08
REACTOME_ASSEMBLY_OF_COLLAGEN_FIBRILS_AND_OTHER_MULTIMERIC_STRUCTURES,0.4592261588007364,0.514265169820791,-0.05503901102005454
REACTOME_ASSEMBLY_OF_THE_HIV_VIRION,0.459898159426174,0.5481701183995626,-0.08827195897338863
REACTOME_ASSEMBLY_OF_THE_ORC_COMPLEX_AT_THE_ORIGIN_OF_REPLICATION,0.49596791412582597,0.49354861332839295,0.0024193007974330216
REACTOME_ASSOCIATION_OF_TRIC_CCT_WITH_TARGET_PROTEINS_DURING_BIOSYNTHESIS,0.5101019358348214,0.4767752050739291,0.03332673076089232
REACTOME_ASYMMETRIC_LOCALIZATION_OF_PCP_PROTEINS,0.5051641314102437,0.5319070955645167,-0.026742964154272908
REACTOME_ATF4_ACTIVATES_GENES_IN_RESPONSE_TO_ENDOPLASMIC_RETICULUM_STRESS,0.5494226362462175,0.5640483196617381,-0.014625683415520618
REACTOME_ATF6_ATF6_ALPHA_ACTIVATES_CHAPERONES,0.5320692034998232,0.5290017994473548,0.0030674040524684143
REACTOME_ATF6_ATF6_ALPHA_ACTIVATES_CHAPERONE_GENES,0.5369987957696234,0.5290017994473548,0.00799699632226858
REACTOME_ATTACHMENT_AND_ENTRY,0.4737490260384434,0.5262509739615566,-0.052501947923113246
REACTOME_ATTACHMENT_OF_GPI_ANCHOR_TO_UPAR,0.44427166070792706,0.4634780840583024,-0.019206423350375312
REACTOME_ATTENUATION_PHASE,0.4257952979172661,0.5765991200511913,-0.15080382213392518
REACTOME_AUF1_HNRNP_D0_BINDS_AND_DESTABILIZES_MRNA,0.44836730866007857,0.5798416072435147,-0.13147429858343618
REACTOME_AURKA_ACTIVATION_BY_TPX2,0.5101563824209958,0.48425902384415564,0.025897358576840168
REACTOME_AUTOPHAGY,0.568860395996673,0.5065077220533803,0.06235267394329269
REACTOME_A_TETRASACCHARIDE_LINKER_SEQUENCE_IS_REQUIRED_FOR_GAG_SYNTHESIS,0.5556626420538534,0.44023949271220536,0.11542314934164805
REACTOME_BASE_EXCISION_REPAIR,0.5202565937033139,0.48009767865378483,0.040158915049529065
REACTOME_BASE_EXCISION_REPAIR_AP_SITE_FORMATION,0.49209539041897743,0.48141531888782463,0.010680071531152802
REACTOME_BASIGIN_INTERACTIONS,0.5042366506496799,0.5072838528013959,-0.0030472021517159442
REACTOME_BBSOME_MEDIATED_CARGO_TARGETING_TO_CILIUM,0.5023405462331174,0.4858961990205856,0.016444347212531796
REACTOME_BETA_CATENIN_INDEPENDENT_WNT_SIGNALING,0.5101305962549947,0.49078842598614836,0.019342170268846326
REACTOME_BETA_CATENIN_PHOSPHORYLATION_CASCADE,0.49960844446021174,0.5003915555397882,-0.0007831110795764595
REACTOME_BETA_DEFENSINS,0.4334197908988302,0.5721891108141597,-0.13876931991532948
REACTOME_BETA_OXIDATION_OF_BUTANOYL_COA_TO_ACETYL_COA,0.5010139547503701,0.49898489554796094,0.0020290592024092002
REACTOME_BETA_OXIDATION_OF_DECANOYL_COA_TO_OCTANOYL_COA_COA,0.5035650606319811,0.49635938754406644,0.007205673087914699
REACTOME_BETA_OXIDATION_OF_HEXANOYL_COA_TO_BUTANOYL_COA,0.5022456137238903,0.4977543862761097,0.004491227447780632
REACTOME_BETA_OXIDATION_OF_LAUROYL_COA_TO_DECANOYL_COA_COA,0.5022456137238903,0.4977543862761097,0.004491227447780632
REACTOME_BETA_OXIDATION_OF_OCTANOYL_COA_TO_HEXANOYL_COA,0.49917024388128767,0.49635938754406644,0.0028108563372212236
REACTOME_BETA_OXIDATION_OF_PRISTANOYL_COA,0.49959374470316015,0.5020033551579559,-0.002409610454795763
REACTOME_BETA_OXIDATION_OF_VERY_LONG_CHAIN_FATTY_ACIDS,0.5078714324757216,0.49177856548766397,0.016092866988057675
REACTOME_BH3_ONLY_PROTEINS_ASSOCIATE_WITH_AND_INACTIVATE_ANTI_APOPTOTIC_BCL_2_MEMBERS,0.43577183414863613,0.5464966454990163,-0.1107248113503802
REACTOME_BICARBONATE_TRANSPORTERS,0.5060870133641322,0.4943175173802044,0.011769495983927791
REACTOME_BILE_ACID_AND_BILE_SALT_METABOLISM,0.4876762656901429,0.5083687605690432,-0.020692494878900347
REACTOME_BINDING_AND_UPTAKE_OF_LIGANDS_BY_SCAVENGER_RECEPTORS,0.42698220064724923,0.426904020933768,7.81797134812301e-05
REACTOME_BINDING_OF_TCF_LEF_CTNNB1_TO_TARGET_GENE_PROMOTERS,0.507548037820586,0.4939574143932138,0.013590623427372217
REACTOME_BIOLOGICAL_OXIDATIONS,0.5156145089722719,0.4612667971413818,0.0543477118308901
REACTOME_BIOSYNTHESIS_OF_EPA_DERIVED_SPMS,0.5014119978924326,0.5014119978924326,0.0
REACTOME_BIOSYNTHESIS_OF_MARESINS,0.4999582822537307,0.4999582822537307,0.0
REACTOME_BIOSYNTHESIS_OF_MARESIN_LIKE_SPMS,,,
REACTOME_BIOSYNTHESIS_OF_SPECIALIZED_PRORESOLVING_MEDIATORS_SPMS,0.4950922520619078,0.5057217367196318,-0.010629484657724009
REACTOME_BIOSYNTHESIS_OF_THE_N_GLYCAN_PRECURSOR_DOLICHOL_LIPID_LINKED_OLIGOSACCHARIDE_LLO_AND_TRANSFER_TO_A_NASCENT_PROTEIN,0.47519625407487126,0.48070841660458286,-0.005512162529711595
REACTOME_BIOTIN_TRANSPORT_AND_METABOLISM,0.5020321798212246,0.49837235092311183,0.0036598288981127824
REACTOME_BLOOD_GROUP_SYSTEMS_BIOSYNTHESIS,0.5056156356799073,0.4943329562311859,0.011282679448721411
REACTOME_BMAL1_CLOCK_NPAS2_ACTIVATES_CIRCADIAN_GENE_EXPRESSION,0.4990222608521983,0.49248735656650466,0.0065349042856936435
REACTOME_BRANCHED_CHAIN_AMINO_ACID_CATABOLISM,0.5085911457204162,0.4863079564611263,0.022283189259289904
REACTOME_BUDDING_AND_MATURATION_OF_HIV_VIRION,0.5455129935997751,0.5498825990353018,-0.004369605435526669
REACTOME_BUTYRATE_RESPONSE_FACTOR_1_BRF1_BINDS_AND_DESTABILIZES_MRNA,0.5218742239513735,0.49301950419608254,0.02885471975529097
REACTOME_BUTYROPHILIN_BTN_FAMILY_INTERACTIONS,0.5164420478091942,0.5171307191088301,-0.0006886712996359012
REACTOME_B_WICH_COMPLEX_POSITIVELY_REGULATES_RRNA_EXPRESSION,0.4044951035848355,0.4107452924643954,-0.006250188879559915
REACTOME_CA2_ACTIVATED_K_CHANNELS,0.5001995553610916,0.5001995553610916,0.0
REACTOME_CA2_PATHWAY,0.5020387495450467,0.48119515101824145,0.02084359852680523
REACTOME_CALCINEURIN_ACTIVATES_NFAT,0.49882714005468637,0.4986716018432017,0.00015553821148467373
REACTOME_CALCITONIN_LIKE_LIGAND_RECEPTORS,0.5089739142545925,0.4910260857454075,0.01794782850918497
REACTOME_CALNEXIN_CALRETICULIN_CYCLE,0.4997402495443896,0.5411463445399682,-0.041406094995578624
REACTOME_CAMK_IV_MEDIATED_PHOSPHORYLATION_OF_CREB,0.5000183131051537,0.49998168689484634,3.662621030731117e-05
REACTOME_CARBOXYTERMINAL_POST_TRANSLATIONAL_MODIFICATIONS_OF_TUBULIN,0.5172410904690389,0.4825821839601507,0.0346589065088882
REACTOME_CARDIAC_CONDUCTION,0.48525326942305996,0.4868359158917678,-0.0015826464687078157
REACTOME_CARGO_CONCENTRATION_IN_THE_ER,0.5587371906809778,0.5509473049021965,0.007789885778781369
REACTOME_CARGO_RECOGNITION_FOR_CLATHRIN_MEDIATED_ENDOCYTOSIS,0.5225055744106629,0.5136492582124832,0.008856316198179726
REACTOME_CARGO_TRAFFICKING_TO_THE_PERICILIARY_MEMBRANE,0.5030138608033196,0.48524472878209146,0.017769132021228096
REACTOME_CARNITINE_METABOLISM,0.49715547382819125,0.4971300161483812,2.5457679810048095e-05
REACTOME_CASPASE_ACTIVATION_VIA_DEATH_RECEPTORS_IN_THE_PRESENCE_OF_LIGAND,0.6045552658307349,0.6607843823211359,-0.056229116490400965
REACTOME_CASPASE_ACTIVATION_VIA_DEPENDENCE_RECEPTORS_IN_THE_ABSENCE_OF_LIGAND,0.49802029584780305,0.5196534109349111,-0.02163311508710808
REACTOME_CASPASE_ACTIVATION_VIA_EXTRINSIC_APOPTOTIC_SIGNALLING_PATHWAY,0.7472579615198136,0.6515595867380928,0.09569837478172083
REACTOME_CASPASE_MEDIATED_CLEAVAGE_OF_CYTOSKELETAL_PROTEINS,0.4955167383423536,0.5303152514824583,-0.03479851314010468
REACTOME_CATION_COUPLED_CHLORIDE_COTRANSPORTERS,0.49918289059964494,0.49918289059964494,0.0
REACTOME_CA_DEPENDENT_EVENTS,0.49838590097849467,0.49668335705003636,0.001702543928458311
REACTOME_CD163_MEDIATING_AN_ANTI_INFLAMMATORY_RESPONSE,0.5028174260610433,0.5024137165321844,0.00040370952885893097
REACTOME_CD209_DC_SIGN_SIGNALING,0.4691978498607875,0.4976628207503413,-0.028464970889553798
REACTOME_CD22_MEDIATED_BCR_REGULATION,0.5123483707741894,0.4876076120762036,0.024740758697985754
REACTOME_CD28_CO_STIMULATION,0.4571475803050191,0.48012157602418704,-0.022973995719167917
REACTOME_CD28_DEPENDENT_PI3K_AKT_SIGNALING,0.4820706488390641,0.47776255244282034,0.0043080963962437435
REACTOME_CD28_DEPENDENT_VAV1_PATHWAY,0.4781243799823144,0.4549380179406019,0.023186362041712483
REACTOME_CDC42_GTPASE_CYCLE,0.48820849544126865,0.4972231419835573,-0.009014646542288673
REACTOME_CDC6_ASSOCIATION_WITH_THE_ORC_ORIGIN_COMPLEX,0.5037793978716723,0.4941802101523256,0.009599187719346647
REACTOME_CDT1_ASSOCIATION_WITH_THE_CDC6_ORC_ORIGIN_COMPLEX,0.43856684102713694,0.53144943217877,-0.09288259115163311
REACTOME_CELLULAR_HEXOSE_TRANSPORT,0.5074981079195392,0.4924912162792501,0.015006891640289122
REACTOME_CELLULAR_RESPONSES_TO_STIMULI,0.5634254277218694,0.5010383448500592,0.06238708287181027
REACTOME_CELLULAR_RESPONSE_TO_CHEMICAL_STRESS,0.5500010183071925,0.5139767589450075,0.03602425936218501
REACTOME_CELLULAR_RESPONSE_TO_HEAT_STRESS,0.42208553911810653,0.5590757778224519,-0.13699023870434535
REACTOME_CELLULAR_RESPONSE_TO_HYPOXIA,0.45601676659216595,0.5384161315626613,-0.08239936497049538
REACTOME_CELLULAR_RESPONSE_TO_STARVATION,0.5206553759393062,0.4497588582871153,0.0708965176521909
REACTOME_CELLULAR_SENESCENCE,0.4956584801338121,0.5053258287378115,-0.009667348603999426
REACTOME_CELL_CELL_COMMUNICATION,0.4370131013432457,0.43171289452833983,0.0053002068149058945
REACTOME_CELL_CELL_JUNCTION_ORGANIZATION,0.6001581496767039,0.3916862772922752,0.2084718723844287
REACTOME_CELL_CYCLE,0.49544397865102546,0.4608705606733704,0.03457341797765506
REACTOME_CELL_CYCLE_CHECKPOINTS,0.5145963660229651,0.4929878052786417,0.02160856074432338
REACTOME_CELL_CYCLE_MITOTIC,0.5268449591166087,0.46731899096925766,0.059525968147351005
REACTOME_CELL_DEATH_SIGNALLING_VIA_NRAGE_NRIF_AND_NADE,0.5058493536048732,0.5026567963135966,0.003192557291276543
REACTOME_CELL_EXTRACELLULAR_MATRIX_INTERACTIONS,0.6089562416975115,0.3910437583024885,0.217912483395023
REACTOME_CELL_JUNCTION_ORGANIZATION,0.6035818791249654,0.3916862772922752,0.21189560183269024
REACTOME_CELL_SURFACE_INTERACTIONS_AT_THE_VASCULAR_WALL,0.5406922123807759,0.45579380658995855,0.08489840579081737
REACTOME_CGMP_EFFECTS,0.4993836777839533,0.49938400627014445,-3.284861911367898e-07
REACTOME_CHAPERONE_MEDIATED_AUTOPHAGY,0.5526267726757302,0.5345110877228944,0.018115684952835887
REACTOME_CHEMOKINE_RECEPTORS_BIND_CHEMOKINES,0.4539760461299728,0.6070498720874772,-0.1530738259575044
REACTOME_CHK1_CHK2_CDS1_MEDIATED_INACTIVATION_OF_CYCLIN_B_CDK1_COMPLEX,,,
REACTOME_CHL1_INTERACTIONS,0.498377770945265,0.49755984032943223,0.0008179306158327404
REACTOME_CHOLESTEROL_BIOSYNTHESIS,0.4928761199736686,0.47492221446994815,0.017953905503720446
REACTOME_CHOLINE_CATABOLISM,,,
REACTOME_CHONDROITIN_SULFATE_BIOSYNTHESIS,0.5311565867394067,0.5093148829209518,0.02184170381845485
REACTOME_CHONDROITIN_SULFATE_DERMATAN_SULFATE_METABOLISM,0.4009891704672519,0.49571309096308214,-0.09472392049583023
REACTOME_CHREBP_ACTIVATES_METABOLIC_GENE_EXPRESSION,0.5016276490768881,0.49837235092311183,0.0032552981537762316
REACTOME_CHROMATIN_MODIFYING_ENZYMES,0.4866879328626783,0.4336776525588417,0.05301028030383659
REACTOME_CHROMOSOME_MAINTENANCE,0.4902542253178761,0.468501377014113,0.021752848303763117
REACTOME_CHYLOMICRON_ASSEMBLY,0.5002030044660982,0.4993909866017052,0.0008120178643929998
REACTOME_CHYLOMICRON_CLEARANCE,0.5082940299605684,0.49207108244083636,0.016222947519732023
REACTOME_CHYLOMICRON_REMODELING,0.5006090133982948,0.4993909866017052,0.0012180267965895553
REACTOME_CILIUM_ASSEMBLY,0.465122650174032,0.4764800602312281,-0.011357410057196093
REACTOME_CIRCADIAN_CLOCK,0.5314084535264306,0.5073532455092653,0.02405520801716532
REACTOME_CITRIC_ACID_CYCLE_TCA_CYCLE,0.49102641423159854,0.4884581449465027,0.0025682692850958477
REACTOME_CLASS_A_1_RHODOPSIN_LIKE_RECEPTORS,0.5161084700821347,0.5879405164065712,-0.07183204632443652
REACTOME_CLASS_B_2_SECRETIN_FAMILY_RECEPTORS,0.49838384793980023,0.47939948125460713,0.0189843666851931
REACTOME_CLASS_C_3_METABOTROPIC_GLUTAMATE_PHEROMONE_RECEPTORS,0.4999986860552356,0.49999852181214005,1.642430955683949e-07
REACTOME_CLASS_I_MHC_MEDIATED_ANTIGEN_PROCESSING_PRESENTATION,0.450345698867511,0.5061822743595505,-0.05583657549203952
REACTOME_CLASS_I_PEROXISOMAL_MEMBRANE_PROTEIN_IMPORT,0.5093962653747961,0.49487619026971347,0.01452007510508263
REACTOME_CLATHRIN_MEDIATED_ENDOCYTOSIS,0.5358475337913745,0.47593608709877055,0.059911446692603954
REACTOME_CLEC7A_DECTIN_1_INDUCES_NFAT_ACTIVATION,0.4964571121859179,0.49627841569796083,0.00017869648795709736
REACTOME_CLEC7A_DECTIN_1_SIGNALING,0.4611197995708657,0.4913764983897607,-0.030256698818895034
REACTOME_CLEC7A_INFLAMMASOME_PATHWAY,0.5343333766935104,0.4683662870680242,0.06596708962548625
REACTOME_COBALAMIN_CBL_VITAMIN_B12_TRANSPORT_AND_METABOLISM,0.5061711058290531,0.49257670481048316,0.013594401018569957
REACTOME_COENZYME_A_BIOSYNTHESIS,0.500813824538444,0.5007829468364808,3.0877701963194504e-05
REACTOME_COHESIN_LOADING_ONTO_CHROMATIN,0.5146080272827491,0.48356378282069784,0.031044244462051285
REACTOME_COLLAGEN_BIOSYNTHESIS_AND_MODIFYING_ENZYMES,0.5002411088642655,0.4940521005377975,0.006189008326468015
REACTOME_COLLAGEN_CHAIN_TRIMERIZATION,0.501841000858006,0.4961190998952786,0.0057219009627274
REACTOME_COLLAGEN_DEGRADATION,0.4592188499829845,0.49295306786393317,-0.03373421788094866
REACTOME_COLLAGEN_FORMATION,0.5280227463547887,0.5101118725421021,0.017910873812686634
REACTOME_COMMON_PATHWAY_OF_FIBRIN_CLOT_FORMATION,0.5031457480090452,0.4994637462930333,0.0036820017160119067
REACTOME_COMPETING_ENDOGENOUS_RNAS_CERNAS_REGULATE_PTEN_TRANSLATION,0.5015190022691826,0.4949686591325075,0.006550343136675074
REACTOME_COMPLEMENT_CASCADE,0.5139155783919156,0.4966171670825302,0.01729841130938542
REACTOME_COMPLEX_I_BIOGENESIS,0.5066312328612331,0.4694078346584466,0.03722339820278653
REACTOME_CONDENSATION_OF_PROMETAPHASE_CHROMOSOMES,0.5009385671695133,0.48719766130971387,0.01374090585979948
REACTOME_CONDENSATION_OF_PROPHASE_CHROMOSOMES,0.5129087682162018,0.4861348442384179,0.026773923977783887
REACTOME_CONJUGATION_OF_BENZOATE_WITH_GLYCINE,0.5002037435600282,0.4997962564399718,0.0004074871200563934
REACTOME_CONSTITUTIVE_SIGNALING_BY_ABERRANT_PI3K_IN_CANCER,0.5339432993415822,0.4667256627865877,0.06721763655499452
REACTOME_CONSTITUTIVE_SIGNALING_BY_AKT1_E17K_IN_CANCER,0.5249653611311488,0.522464760001419,0.002500601129729829
REACTOME_CONSTITUTIVE_SIGNALING_BY_EGFRVIII,0.5118423377968037,0.48855348806346877,0.023288849733334893
REACTOME_CONSTITUTIVE_SIGNALING_BY_LIGAND_RESPONSIVE_EGFR_CANCER_VARIANTS,0.5400452588274094,0.5272676387230034,0.012777620104405973
REACTOME_CONSTITUTIVE_SIGNALING_BY_OVEREXPRESSED_ERBB2,0.48840961111176806,0.48800360217957156,0.0004060089321964999
REACTOME_CONVERSION_FROM_APC_C_CDC20_TO_APC_C_CDH1_IN_LATE_ANAPHASE,0.5009005448928937,0.4961948159623265,0.004705728930567199
REACTOME_COOPERATION_OF_PDCL_PHLP1_AND_TRIC_CCT_IN_G_PROTEIN_BETA_FOLDING,0.48578426735096913,0.48867806645144257,-0.0028937991004734376
REACTOME_COOPERATION_OF_PREFOLDIN_AND_TRIC_CCT_IN_ACTIN_AND_TUBULIN_FOLDING,0.42103003086456253,0.4282008022946731,-0.0071707714301105785
REACTOME_COPII_MEDIATED_VESICLE_TRANSPORT,0.45510127557757735,0.5493623590301512,-0.09426108345257384
REACTOME_COPI_DEPENDENT_GOLGI_TO_ER_RETROGRADE_TRAFFIC,0.4919212927376958,0.4855654134261504,0.006355879311545409
REACTOME_COPI_INDEPENDENT_GOLGI_TO_ER_RETROGRADE_TRAFFIC,0.47065337217354064,0.4863689727711227,-0.015715600597582036
REACTOME_COPI_MEDIATED_ANTEROGRADE_TRANSPORT,0.49661790617646007,0.4695424318752488,0.027075474301211266
REACTOME_COSTIMULATION_BY_THE_CD28_FAMILY,0.50319058637413,0.47616717713420764,0.027023409239922302
REACTOME_CREATINE_METABOLISM,0.5020435125948175,0.49795648740518245,0.004087025189635052
REACTOME_CREATION_OF_C4_AND_C2_ACTIVATORS,0.5199994711372322,0.5240299967019986,-0.004030525564766352
REACTOME_CREB1_PHOSPHORYLATION_THROUGH_NMDA_RECEPTOR_MEDIATED_ACTIVATION_OF_RAS_SIGNALING,0.509904844120163,0.4867595428523376,0.023145301267825436
REACTOME_CREB1_PHOSPHORYLATION_THROUGH_THE_ACTIVATION_OF_ADENYLATE_CYCLASE,0.5011886272824863,0.4967038053154322,0.004484821967054076
REACTOME_CREB1_PHOSPHORYLATION_THROUGH_THE_ACTIVATION_OF_CAMKII_CAMKK_CAMKIV_CASCASDE,,,
REACTOME_CREB3_FACTORS_ACTIVATE_GENES,0.5016283060492703,0.4983716939507298,0.0032566120985405567
REACTOME_CREB_PHOSPHORYLATION,0.504844842832497,0.5059768062470189,-0.0011319634145219304
REACTOME_CRISTAE_FORMATION,0.5106094470000669,0.4999375876236914,0.010671859376375548
REACTOME_CRMPS_IN_SEMA3A_SIGNALING,0.4835555706659205,0.47787932928375565,0.005676241382164826
REACTOME_CROSSLINKING_OF_COLLAGEN_FIBRILS,0.5000008212154776,0.49959341621696907,0.0004074049985085537
REACTOME_CROSS_PRESENTATION_OF_PARTICULATE_EXOGENOUS_ANTIGENS_PHAGOSOMES,0.5002016905213339,0.5002016905213339,0.0
REACTOME_CROSS_PRESENTATION_OF_SOLUBLE_EXOGENOUS_ANTIGENS_ENDOSOMES,0.4940295992337074,0.4919988976003427,0.002030701633364662
REACTOME_CS_DS_DEGRADATION,0.552136917643256,0.44786308235674394,0.10427383528651207
REACTOME_CTLA4_INHIBITORY_SIGNALING,0.5338390870974566,0.4639470802176418,0.06989200687981484
REACTOME_CYCLIN_A_B1_B2_ASSOCIATED_EVENTS_DURING_G2_M_TRANSITION,0.49746170507984183,0.5066964373701658,-0.009234732290323955
REACTOME_CYCLIN_A_CDK2_ASSOCIATED_EVENTS_AT_S_PHASE_ENTRY,0.5236615994386828,0.5337297011958212,-0.010068101757138348
REACTOME_CYCLIN_D_ASSOCIATED_EVENTS_IN_G1,0.5065680813909945,0.5444077196882797,-0.037839638297285205
REACTOME_CYP2E1_REACTIONS,,,
REACTOME_CYTOCHROME_C_MEDIATED_APOPTOTIC_RESPONSE,0.4861669537635977,0.5138330462364024,-0.02766609247280466
REACTOME_CYTOCHROME_P450_ARRANGED_BY_SUBSTRATE_TYPE,0.5347135173381582,0.4660232771884736,0.06869024014968461
REACTOME_CYTOKINE_SIGNALING_IN_IMMUNE_SYSTEM,0.2961918924352258,0.7370484464574079,-0.44085655402218205
REACTOME_CYTOPROTECTION_BY_HMOX1,0.5006802949017629,0.5147607733616094,-0.014080478459846502
REACTOME_CYTOSOLIC_IRON_SULFUR_CLUSTER_ASSEMBLY,0.49850785147693966,0.501731450713275,-0.003223599236335306
REACTOME_CYTOSOLIC_SENSORS_OF_PATHOGEN_ASSOCIATED_DNA,0.46579727868899856,0.5361848069880839,-0.07038752829908534
REACTOME_CYTOSOLIC_SULFONATION_OF_SMALL_MOLECULES,0.5288272090367865,0.4697376347943085,0.05908957424247796
REACTOME_CYTOSOLIC_TRNA_AMINOACYLATION,0.49526807429569286,0.49526807429569286,0.0
REACTOME_C_TYPE_LECTIN_RECEPTORS_CLRS,0.5451425432977649,0.4923760818692704,0.052766461428494504
REACTOME_DAG_AND_IP3_SIGNALING,0.4997236609917392,0.4945889290955987,0.005134731896140499
REACTOME_DAP12_INTERACTIONS,0.2592766964012367,0.4760125422597485,-0.2167358458585118
REACTOME_DAP12_SIGNALING,0.2899821073571709,0.5272843915187494,-0.2373022841615785
REACTOME_DARPP_32_EVENTS,0.4884877087037016,0.5054037620866494,-0.01691605338294777
REACTOME_DCC_MEDIATED_ATTRACTIVE_SIGNALING,0.4745373107755295,0.4807003686929009,-0.006163057917371373
REACTOME_DDX58_IFIH1_MEDIATED_INDUCTION_OF_INTERFERON_ALPHA_BETA,0.1884091676554101,0.6453328024996486,-0.45692363484423854
REACTOME_DEACTIVATION_OF_THE_BETA_CATENIN_TRANSACTIVATING_COMPLEX,0.5310177192021202,0.5260511722358215,0.004966546966298613
REACTOME_DEADENYLATION_DEPENDENT_MRNA_DECAY,0.43601688484719475,0.4439664970363977,-0.007949612189202926
REACTOME_DEADENYLATION_OF_MRNA,0.4171097124169094,0.41958633405468904,-0.002476621637779619
REACTOME_DEATH_RECEPTOR_SIGNALLING,0.4347038434198303,0.5951125196598985,-0.16040867624006822
REACTOME_DECTIN_1_MEDIATED_NONCANONICAL_NF_KB_SIGNALING,0.44540559503959576,0.5357742813707597,-0.0903686863311639
REACTOME_DECTIN_2_FAMILY,0.5216035513299091,0.49022260852198285,0.03138094280792625
REACTOME_DEFECTIVE_B4GALT1_CAUSES_B4GALT1_CDG_CDG_2D,,,
REACTOME_DEFECTIVE_B4GALT7_CAUSES_EDS_PROGEROID_TYPE,0.5553169924592709,0.4449316715873898,0.11038532087188113
REACTOME_DEFECTIVE_C1GALT1C1_CAUSES_TNPS,0.4997960921968762,0.4997960921968762,0.0
REACTOME_DEFECTIVE_CFTR_CAUSES_CYSTIC_FIBROSIS,0.43773371792496585,0.5375276585372903,-0.0997939406123245
REACTOME_DEFECTIVE_CHST14_CAUSES_EDS_MUSCULOCONTRACTURAL_TYPE,0.552136917643256,0.44786308235674394,0.10427383528651207
REACTOME_DEFECTIVE_CHST3_CAUSES_SEDCJD,0.552136917643256,0.44786308235674394,0.10427383528651207
REACTOME_DEFECTIVE_CHST6_CAUSES_MCDC1,,,
REACTOME_DEFECTIVE_CHSY1_CAUSES_TPBS,0.44786308235674394,0.44786308235674394,0.0
REACTOME_DEFECTIVE_CSF2RB_CAUSES_SMDP5,,,
REACTOME_DEFECTIVE_EXT2_CAUSES_EXOSTOSES_2,0.4987791810707861,0.4987791810707861,0.0
REACTOME_DEFECTIVE_F9_ACTIVATION,0.5008133318091573,0.4999957296795158,0.0008176021296415481
REACTOME_DEFECTIVE_FACTOR_IX_CAUSES_HEMOPHILIA_B,0.500006569723822,0.4999957296795158,1.0840044306181795e-05
REACTOME_DEFECTIVE_FACTOR_VIII_CAUSES_HEMOPHILIA_A,0.49886984325952904,0.47498429836006556,0.023885544899463484
REACTOME_DEFECTIVE_GALNT3_CAUSES_HFTC,0.49900567229954784,0.5009943277004522,-0.0019886554009043156
REACTOME_DEFECTIVE_INTRINSIC_PATHWAY_FOR_APOPTOSIS,0.5325518318360932,0.4900192755696936,0.042532556266399624
REACTOME_DEFECTIVE_LFNG_CAUSES_SCDO3,,,
REACTOME_DEFECTIVE_RIPK1_MEDIATED_REGULATED_NECROSIS,0.5216144734957632,0.5216144734957632,0.0
REACTOME_DEFECTIVE_ST3GAL3_CAUSES_MCT12_AND_EIEE15,0.4993945178282595,0.5006054821717404,-0.0012109643434808914
REACTOME_DEFECTS_IN_BIOTIN_BTN_METABOLISM,0.5018308999076296,0.4981691000923703,0.0036617998152593256
REACTOME_DEFECTS_IN_COBALAMIN_B12_METABOLISM,0.49277773835943484,0.49257670481048316,0.00020103354895167902
REACTOME_DEFECTS_IN_VITAMIN_AND_COFACTOR_METABOLISM,0.5037463028879192,0.4914233076719921,0.012322995215927113
REACTOME_DEFECTS_OF_CONTACT_ACTIVATION_SYSTEM_CAS_AND_KALLIKREIN_KININ_SYSTEM_KKS,0.5245278996461546,0.4750674053664132,0.049460494279741474
REACTOME_DEFENSINS,0.4278146667770381,0.5721891108141597,-0.14437444403712157
REACTOME_DEGRADATION_OF_AXIN,0.5544546340860923,0.5381315803996232,0.016323053686469136
REACTOME_DEGRADATION_OF_BETA_CATENIN_BY_THE_DESTRUCTION_COMPLEX,0.4740343162954116,0.5184196989226967,-0.044385382627285086
REACTOME_DEGRADATION_OF_CYSTEINE_AND_HOMOCYSTEINE,0.4999197672478244,0.4822854788080419,0.017634288439782486
REACTOME_DEGRADATION_OF_DVL,0.46229405558249137,0.5359725227870871,-0.0736784672045957
REACTOME_DEGRADATION_OF_GLI1_BY_THE_PROTEASOME,0.5442398632446289,0.5355369500976918,0.008702913146937163
REACTOME_DEGRADATION_OF_THE_EXTRACELLULAR_MATRIX,0.43015964757373537,0.4666820562447196,-0.03652240867098422
REACTOME_DEPOLYMERISATION_OF_THE_NUCLEAR_LAMINA,0.49187062374271906,0.4995051355531117,-0.007634511810392652
REACTOME_DEPOSITION_OF_NEW_CENPA_CONTAINING_NUCLEOSOMES_AT_THE_CENTROMERE,0.486344089942147,0.4800077555589718,0.006336334383175213
REACTOME_DERMATAN_SULFATE_BIOSYNTHESIS,0.552136917643256,0.44786308235674394,0.10427383528651207
REACTOME_DETOXIFICATION_OF_REACTIVE_OXYGEN_SPECIES,0.44885970946053366,0.5121685245845634,-0.06330881512402975
REACTOME_DEUBIQUITINATION,0.4454155317468764,0.4702919552417855,-0.024876423494909095
REACTOME_DEVELOPMENTAL_BIOLOGY,0.4609873375143056,0.4076991578928005,0.053288179621505116
REACTOME_DEX_H_BOX_HELICASES_ACTIVATE_TYPE_I_IFN_AND_INFLAMMATORY_CYTOKINES_PRODUCTION,,,
REACTOME_DIGESTION,0.49959251287994355,0.49959251287994355,0.0
REACTOME_DIGESTION_AND_ABSORPTION,0.5000060769945354,0.4999950727071336,1.100428740175019e-05
REACTOME_DIGESTION_OF_DIETARY_CARBOHYDRATE,0.5004074871200564,0.49959251287994355,0.0008149742401128979
REACTOME_DIGESTION_OF_DIETARY_LIPID,,,
REACTOME_DISASSEMBLY_OF_THE_DESTRUCTION_COMPLEX_AND_RECRUITMENT_OF_AXIN_TO_THE_MEMBRANE,0.49843550239335044,0.4984202277854644,1.5274607886028857e-05
REACTOME_DISEASES_ASSOCIATED_WITH_GLYCOSAMINOGLYCAN_METABOLISM,0.541099453136189,0.44164927332284803,0.09945017981334098
REACTOME_DISEASES_ASSOCIATED_WITH_GLYCOSYLATION_PRECURSOR_BIOSYNTHESIS,0.5241110506696519,0.4801958960249229,0.043915154644729004
REACTOME_DISEASES_ASSOCIATED_WITH_N_GLYCOSYLATION_OF_PROTEINS,0.5083183379387097,0.49343791348199306,0.014880424456716668
REACTOME_DISEASES_ASSOCIATED_WITH_O_GLYCOSYLATION_OF_PROTEINS,0.4783121098405265,0.4563728456233157,0.02193926421721082
REACTOME_DISEASES_ASSOCIATED_WITH_SURFACTANT_METABOLISM,0.5004045307443366,0.5004045307443366,0.0
REACTOME_DISEASES_OF_BASE_EXCISION_REPAIR,0.4992094979811238,0.49378553399372194,0.005423963987401859
REACTOME_DISEASES_OF_CARBOHYDRATE_METABOLISM,0.46191613221963373,0.5326659807874996,-0.07074984856786587
REACTOME_DISEASES_OF_DNA_REPAIR,0.4998520169709106,0.49450212661960113,0.00534989035130945
REACTOME_DISEASES_OF_GLYCOSYLATION,0.46204982609941037,0.42341738637991133,0.038632439719499034
REACTOME_DISEASES_OF_IMMUNE_SYSTEM,0.43665373745018504,0.4625182474079155,-0.02586450995773043
REACTOME_DISEASES_OF_METABOLISM,0.4512848408878588,0.42482651001817184,0.026458330869686963
REACTOME_DISEASES_OF_MISMATCH_REPAIR_MMR,0.501595293187065,0.501595293187065,0.0
REACTOME_DISEASES_OF_MITOTIC_CELL_CYCLE,0.5031879584846013,0.4875553006502713,0.015632657834329988
REACTOME_DISEASES_OF_PROGRAMMED_CELL_DEATH,0.43022953301089123,0.49303116545586656,-0.06280163244497533
REACTOME_DISEASES_OF_SIGNAL_TRANSDUCTION_BY_GROWTH_FACTOR_RECEPTORS_AND_SECOND_MESSENGERS,0.47047771418285117,0.4631966535140795,0.007281060668771655
REACTOME_DISINHIBITION_OF_SNARE_FORMATION,,,
REACTOME_DISORDERS_OF_TRANSMEMBRANE_TRANSPORTERS,0.5308949474881974,0.519325828080839,0.011569119407358386
REACTOME_DISPLACEMENT_OF_DNA_GLYCOSYLASE_BY_APEX1,0.4934644387419242,0.4798003986508415,0.013664040091082685
REACTOME_DISSOLUTION_OF_FIBRIN_CLOT,0.4520351854698732,0.4500030056486486,0.002032179821224611
REACTOME_DNA_DAMAGE_BYPASS,0.9222821381034785,0.7121347397798091,0.21014739832366935
REACTOME_DNA_DAMAGE_RECOGNITION_IN_GG_NER,0.5325014913273076,0.4590033630416244,0.0734981282856832
REACTOME_DNA_DAMAGE_REVERSAL,0.4995744461394332,0.4995816728356373,-7.226696204121197e-06
REACTOME_DNA_DAMAGE_TELOMERE_STRESS_INDUCED_SENESCENCE,0.5085740644384792,0.4982367682477364,0.010337296190742806
REACTOME_DNA_DOUBLE_STRAND_BREAK_REPAIR,0.4821127771930724,0.5017792454540796,-0.01966646826100721
REACTOME_DNA_DOUBLE_STRAND_BREAK_RESPONSE,0.44580404878939706,0.5375847330129936,-0.09178068422359653
REACTOME_DNA_METHYLATION,,,
REACTOME_DNA_REPAIR,0.43743019668439176,0.5172489741376252,-0.0798187774532334
REACTOME_DNA_REPLICATION,0.4840638209250959,0.49277157924335174,-0.00870775831825582
REACTOME_DNA_REPLICATION_INITIATION,0.5038605339608733,0.49653693433035456,0.007323599630518707
REACTOME_DNA_REPLICATION_PRE_INITIATION,0.4642155355573162,0.506025586446397,-0.04181005088908074
REACTOME_DNA_STRAND_ELONGATION,0.49487077024756027,0.48622107186358104,0.00864969838397922
REACTOME_DOPAMINE_CLEARANCE_FROM_THE_SYNAPTIC_CLEFT,0.5010222490266955,0.49897775097330455,0.0020444980533909085
REACTOME_DOPAMINE_NEUROTRANSMITTER_RELEASE_CYCLE,0.5004114289543496,0.4995885710456504,0.0008228579086992371
REACTOME_DOPAMINE_RECEPTORS,,,
REACTOME_DOWNREGULATION_OF_ERBB2_ERBB3_SIGNALING,0.4669893550764913,0.5513862445750506,-0.08439688949855928
REACTOME_DOWNREGULATION_OF_ERBB2_SIGNALING,0.4430475569168023,0.5456645078554188,-0.10261695093861645
REACTOME_DOWNREGULATION_OF_ERBB4_SIGNALING,0.49290929707896936,0.5496960188787584,-0.05678672179978905
REACTOME_DOWNREGULATION_OF_SMAD2_3_SMAD4_TRANSCRIPTIONAL_ACTIVITY,0.5078568148402178,0.5244416720209916,-0.016584857180773738
REACTOME_DOWNREGULATION_OF_TGF_BETA_RECEPTOR_SIGNALING,0.5738818822784327,0.5148436340033138,0.05903824827511894
REACTOME_DOWNSTREAM_SIGNALING_EVENTS_OF_B_CELL_RECEPTOR_BCR,0.5126108312408763,0.5042722092798664,0.008338621961009873
REACTOME_DOWNSTREAM_SIGNALING_OF_ACTIVATED_FGFR1,0.49261193495447836,0.4866881792273216,0.005923755727156754
REACTOME_DOWNSTREAM_SIGNALING_OF_ACTIVATED_FGFR2,0.48998544149201056,0.48693347629052364,0.003051965201486928
REACTOME_DOWNSTREAM_SIGNALING_OF_ACTIVATED_FGFR3,0.5118472650896703,0.48856170021824624,0.023285564871424025
REACTOME_DOWNSTREAM_SIGNALING_OF_ACTIVATED_FGFR4,0.50656750654016,0.48856170021824624,0.018005806321913786
REACTOME_DOWNSTREAM_SIGNAL_TRANSDUCTION,0.5018521693885033,0.4792715358831746,0.022580633505328684
REACTOME_DSCAM_INTERACTIONS,0.5004836137948433,0.5004481372862047,3.547650863855445e-05
REACTOME_DUAL_INCISION_IN_GG_NER,0.5415535031738337,0.5051761211562189,0.03637738201761476
REACTOME_DUAL_INCISION_IN_TC_NER,0.5076231790367997,0.497418673388808,0.010204505647991635
REACTOME_E2F_ENABLED_INHIBITION_OF_PRE_REPLICATION_COMPLEX_FORMATION,0.4997664463181297,0.49522183986429574,0.004544606453833977
REACTOME_E2F_MEDIATED_REGULATION_OF_DNA_REPLICATION,0.4959463161587613,0.48988705987777686,0.006059256280984415
REACTOME_E3_UBIQUITIN_LIGASES_UBIQUITINATE_TARGET_PROTEINS,0.4870864687340274,0.5060339628442699,-0.018947494110242546
REACTOME_EARLY_PHASE_OF_HIV_LIFE_CYCLE,0.5735712985847501,0.43132355627034147,0.14224774231440862
REACTOME_ECM_PROTEOGLYCANS,0.5473199961370024,0.45195191422043,0.09536808191657242
REACTOME_EFFECTS_OF_PIP2_HYDROLYSIS,0.4856247873051912,0.48548534491707035,0.0001394423881208584
REACTOME_EGFR_DOWNREGULATION,0.5025466713180311,0.5441238254976237,-0.041577154179592624
REACTOME_EGFR_INTERACTS_WITH_PHOSPHOLIPASE_C_GAMMA,0.5008088972455775,0.49999244481760474,0.0008164524279727914
REACTOME_EGFR_TRANSACTIVATION_BY_GASTRIN,0.4882340352426265,0.4882340352426265,0.0
REACTOME_EGR2_AND_SOX10_MEDIATED_INITIATION_OF_SCHWANN_CELL_MYELINATION,0.4727771996420815,0.4987118414016111,-0.025934641759529642
REACTOME_EICOSANOIDS,,,
REACTOME_EICOSANOID_LIGAND_BINDING_RECEPTORS,0.4927784774533648,0.5039535776745018,-0.011175100221136991
REACTOME_ELASTIC_FIBRE_FORMATION,0.5033177105300847,0.4962709426371134,0.007046767892971262
REACTOME_ELECTRIC_TRANSMISSION_ACROSS_GAP_JUNCTIONS,,,
REACTOME_ELEVATION_OF_CYTOSOLIC_CA2_LEVELS,0.4928668402387699,0.491033887292446,0.001832952946323907
REACTOME_ENDOGENOUS_STEROLS,0.5288468360867046,0.4654432526965432,0.06340358339016139
REACTOME_ENDOSOMAL_SORTING_COMPLEX_REQUIRED_FOR_TRANSPORT_ESCRT,0.5442774749135096,0.5498825990353018,-0.005605124121792149
REACTOME_ENDOSOMAL_VACUOLAR_PATHWAY,0.6749133124941695,0.7231864934361889,-0.04827318094201938
REACTOME_ENERGY_DEPENDENT_REGULATION_OF_MTOR_BY_LKB1_AMPK,0.4970999596618957,0.495823790809482,0.0012761688524136616
REACTOME_ENOS_ACTIVATION,0.4989883446529675,0.4989829246308143,5.42002215320192e-06
REACTOME_EPHA_MEDIATED_GROWTH_CONE_COLLAPSE,0.5192827963898053,0.4790905399918797,0.04019225639792562
REACTOME_EPHB_MEDIATED_FORWARD_SIGNALING,0.6116223998675544,0.392014270754086,0.2196081291134684
REACTOME_EPHRIN_SIGNALING,0.4810213818231508,0.4812197874825738,-0.0001984056594230288
REACTOME_EPH_EPHRIN_MEDIATED_REPULSION_OF_CELLS,0.5716453840463456,0.3831853010313153,0.18846008301503026
REACTOME_EPH_EPHRIN_SIGNALING,0.42526142573518494,0.39131861912288934,0.033942806612295595
REACTOME_EPIGENETIC_REGULATION_OF_GENE_EXPRESSION,0.5265460366827099,0.4394618837763298,0.08708415290638016
REACTOME_ERBB2_ACTIVATES_PTK6_SIGNALING,0.5006094240060337,0.4989829246308143,0.0016264993752194146
REACTOME_ERBB2_REGULATES_CELL_MOTILITY,0.500202019007525,0.49938893356301084,0.0008130854445141944
REACTOME_ERCC6_CSB_AND_EHMT2_G9A_POSITIVELY_REGULATE_RRNA_EXPRESSION,0.5103336007210929,0.47486727515448707,0.03546632556660584
REACTOME_ERKS_ARE_INACTIVATED,0.5090939759574388,0.4909060240425613,0.018187951914877487
REACTOME_ERK_MAPK_TARGETS,0.4869709237163088,0.49570323637734914,-0.008732312661040353
REACTOME_ERYTHROCYTES_TAKE_UP_CARBON_DIOXIDE_AND_RELEASE_OXYGEN,0.5052810724942745,0.49659589760165657,0.008685174892617886
REACTOME_ERYTHROCYTES_TAKE_UP_OXYGEN_AND_RELEASE_CARBON_DIOXIDE,0.49847615255949873,0.49659589760165657,0.0018802549578421646
REACTOME_ERYTHROPOIETIN_ACTIVATES_PHOSPHOINOSITIDE_3_KINASE_PI3K,0.49394230402842315,0.48757459921399826,0.0063677048144248904
REACTOME_ERYTHROPOIETIN_ACTIVATES_PHOSPHOLIPASE_C_GAMMA_PLCG,0.49591412451203376,0.49593531187135953,-2.1187359325769428e-05
REACTOME_ERYTHROPOIETIN_ACTIVATES_RAS,0.5174481188909781,0.48253315739612945,0.03491496149484863
REACTOME_ERYTHROPOIETIN_ACTIVATES_STAT5,0.4930478361300647,0.4930563767710332,-8.540640968501823e-06
REACTOME_ER_QUALITY_CONTROL_COMPARTMENT_ERQC,0.49302278905799357,0.5411463445399682,-0.04812355548197467
REACTOME_ER_TO_GOLGI_ANTEROGRADE_TRANSPORT,0.5595828783799587,0.5122450618670892,0.0473378165128695
REACTOME_ESR_MEDIATED_SIGNALING,0.4593894985592596,0.47369523642465117,-0.014305737865391577
REACTOME_ESTABLISHMENT_OF_SISTER_CHROMATID_COHESION,0.5067960508076162,0.49514678076963003,0.011649270037986215
REACTOME_ESTROGEN_BIOSYNTHESIS,,,
REACTOME_ESTROGEN_DEPENDENT_GENE_EXPRESSION,0.5056708213600116,0.46790032940595244,0.03777049195405918
REACTOME_ESTROGEN_DEPENDENT_NUCLEAR_EVENTS_DOWNSTREAM_OF_ESR_MEMBRANE_SIGNALING,0.5272618902146591,0.4754183928616009,0.051843497353058154
REACTOME_ESTROGEN_STIMULATED_SIGNALING_THROUGH_PRKCZ,0.5124678576262011,0.4875316496445123,0.024936207981688774
REACTOME_ETHANOL_OXIDATION,0.5024605258144158,0.4975394741855842,0.0049210516288316075
REACTOME_EUKARYOTIC_TRANSLATION_ELONGATION,0.4580879541485835,0.44006046773805724,0.01802748641052626
REACTOME_EUKARYOTIC_TRANSLATION_INITIATION,0.4433574836381028,0.4234692871981048,0.019888196439998007
REACTOME_EXPORT_OF_VIRAL_RIBONUCLEOPROTEINS_FROM_NUCLEUS,0.4315068515649739,0.5664371533649468,-0.1349303017999729
REACTOME_EXTENSION_OF_TELOMERES,0.4949752288563294,0.486177383200165,0.008797845656164371
REACTOME_EXTRACELLULAR_MATRIX_ORGANIZATION,0.45975477520376,0.4491560861264514,0.010598689077308598
REACTOME_EXTRA_NUCLEAR_ESTROGEN_SIGNALING,0.46003612362643503,0.4851410092672525,-0.025104885640817476
REACTOME_EXTRINSIC_PATHWAY_OF_FIBRIN_CLOT_FORMATION,,,
REACTOME_FACTORS_INVOLVED_IN_MEGAKARYOCYTE_DEVELOPMENT_AND_PLATELET_PRODUCTION,0.5894964733722524,0.47575886879867346,0.11373760457357895
REACTOME_FANCONI_ANEMIA_PATHWAY,0.4496814176675641,0.5257538922328784,-0.0760724745653143
REACTOME_FASL_CD95L_SIGNALING,0.4880394892959491,0.5510280303836588,-0.06298854108770968
REACTOME_FATTY_ACIDS,,,
REACTOME_FATTY_ACIDS_BOUND_TO_GPR40_FFAR1_REGULATE_INSULIN_SECRETION,0.49999786483975783,0.49999786483975783,0.0
REACTOME_FATTY_ACID_METABOLISM,0.48807266640124986,0.437635007824541,0.050437658576708844
REACTOME_FATTY_ACYL_COA_BIOSYNTHESIS,0.4756188515597181,0.47406872522392907,0.0015501263357890482
REACTOME_FBXW7_MUTANTS_AND_NOTCH1_IN_CANCER,,,
REACTOME_FCERI_MEDIATED_CA_2_MOBILIZATION,0.5230262250235524,0.4783865940843579,0.04463963093919454
REACTOME_FCERI_MEDIATED_MAPK_ACTIVATION,0.5121960353030679,0.43253090726572035,0.07966512803734754
REACTOME_FCERI_MEDIATED_NF_KB_ACTIVATION,0.5029989968031724,0.5046483259686729,-0.0016493291655005349
REACTOME_FCGAMMA_RECEPTOR_FCGR_DEPENDENT_PHAGOCYTOSIS,0.5252104939512553,0.45742096293756,0.06778953101369528
REACTOME_FCGR3A_MEDIATED_IL10_SYNTHESIS,0.476021082900717,0.4552962321319936,0.02072485076872338
REACTOME_FCGR_ACTIVATION,0.4780157331746087,0.4581339422153371,0.019881790959271617
REACTOME_FC_EPSILON_RECEPTOR_FCERI_SIGNALING,0.45138141582804137,0.4443711920238297,0.007010223804211679
REACTOME_FERTILIZATION,0.5536871261005931,0.44404204886035004,0.10964507724024308
REACTOME_FGFR1B_LIGAND_BINDING_AND_ACTIVATION,0.5010203602310966,0.49897963976890336,0.0020407204621932795
REACTOME_FGFR1C_LIGAND_BINDING_AND_ACTIVATION,0.49979568158913734,0.49979568158913734,0.0
REACTOME_FGFR1_LIGAND_BINDING_AND_ACTIVATION,0.4991843687875049,0.4987757319657797,0.00040863682172520566
REACTOME_FGFR1_MUTANT_RECEPTOR_ACTIVATION,0.5123645487191009,0.507672123479273,0.004692425239827824
REACTOME_FGFR2B_LIGAND_BINDING_AND_ACTIVATION,0.48196364446231404,0.4791564014731949,0.002807242989119163
REACTOME_FGFR2C_LIGAND_BINDING_AND_ACTIVATION,0.5002043184108627,0.49979568158913734,0.0004086368217253167
REACTOME_FGFR2_ALTERNATIVE_SPLICING,0.5266698759767536,0.4995737070455032,0.02709616893125044
REACTOME_FGFR2_LIGAND_BINDING_AND_ACTIVATION,0.5206321355412862,0.4789592276369886,0.04167290790429756
REACTOME_FGFR2_MUTANT_RECEPTOR_ACTIVATION,0.49741193942189055,0.48349677163771393,0.013915167784176619
REACTOME_FGFR3B_LIGAND_BINDING_AND_ACTIVATION,0.5002043184108627,0.49979568158913734,0.0004086368217253167
REACTOME_FGFR3_LIGAND_BINDING_AND_ACTIVATION,0.501402061185152,0.5009934243634265,0.0004086368217254277
REACTOME_FGFRL1_MODULATION_OF_FGFR1_SIGNALING,0.49897963976890336,0.49897963976890336,0.0
REACTOME_FIBRONECTIN_MATRIX_FORMATION,,,
REACTOME_FICOLINS_BIND_TO_REPETITIVE_CARBOHYDRATE_STRUCTURES_ON_THE_TARGET_CELL_SURFACE,0.476329038704871,0.5236709612951291,-0.047341922590258156
REACTOME_FLT3_SIGNALING,0.4674821664846853,0.48556171795650055,-0.018079551471815225
REACTOME_FLT3_SIGNALING_BY_CBL_MUTANTS,0.5437500903337025,0.5444926333686784,-0.0007425430349758955
REACTOME_FLT3_SIGNALING_IN_DISEASE,0.5026260007331812,0.509343214854934,-0.006717214121752746
REACTOME_FLT3_SIGNALING_THROUGH_SRC_FAMILY_KINASES,0.5448652188309308,0.4572784820521714,0.08758673677875933
REACTOME_FOLDING_OF_ACTIN_BY_CCT_TRIC,0.43098349094100785,0.41653190520676886,0.014451585734238992
REACTOME_FORMATION_OF_APOPTOSOME,,,
REACTOME_FORMATION_OF_ATP_BY_CHEMIOSMOTIC_COUPLING,,,
REACTOME_FORMATION_OF_FIBRIN_CLOT_CLOTTING_CASCADE,0.492458121295497,0.49861214584261304,-0.006154024547116055
REACTOME_FORMATION_OF_INCISION_COMPLEX_IN_GG_NER,0.5298449413783544,0.5014612708210973,0.0283836705572571
REACTOME_FORMATION_OF_RNA_POL_II_ELONGATION_COMPLEX,0.5113239044657041,0.46978896076166754,0.04153494370403654
REACTOME_FORMATION_OF_SENESCENCE_ASSOCIATED_HETEROCHROMATIN_FOCI_SAHF,0.4979592795378068,0.4979592795378068,0.0
REACTOME_FORMATION_OF_TC_NER_PRE_INCISION_COMPLEX,0.5405487460368141,0.5172548047675172,0.02329394126929696
REACTOME_FORMATION_OF_THE_BETA_CATENIN_TCF_TRANSACTIVATING_COMPLEX,0.4906452881283776,0.4879316637037212,0.002713624424656391
REACTOME_FORMATION_OF_THE_CORNIFIED_ENVELOPE,0.49629171938870026,0.4901997787317016,0.00609194065699864
REACTOME_FORMATION_OF_THE_EARLY_ELONGATION_COMPLEX,0.46913929719722436,0.477891154786635,-0.008751857589410661
REACTOME_FORMATION_OF_TUBULIN_FOLDING_INTERMEDIATES_BY_CCT_TRIC,0.4823180810625083,0.47749639650648357,0.004821684556024719
REACTOME_FORMATION_OF_XYLULOSE_5_PHOSPHATE,,,
REACTOME_FORMYL_PEPTIDE_RECEPTORS_BIND_FORMYL_PEPTIDES_AND_MANY_OTHER_LIGANDS,0.560669921307848,0.5585162015959173,0.0021537197119306795
REACTOME_FOXO_MEDIATED_TRANSCRIPTION,0.47386769167497733,0.5351098359277172,-0.06124214425273988
REACTOME_FOXO_MEDIATED_TRANSCRIPTION_OF_CELL_CYCLE_GENES,0.4940751766927223,0.49407254880319346,2.6278895288167625e-06
REACTOME_FOXO_MEDIATED_TRANSCRIPTION_OF_CELL_DEATH_GENES,0.5127016576727148,0.504018289454148,0.008683368218566856
REACTOME_FOXO_MEDIATED_TRANSCRIPTION_OF_OXIDATIVE_STRESS_METABOLIC_AND_NEURONAL_GENES,0.5347148312829225,0.5256907407626399,0.009024090520282635
REACTOME_FREE_FATTY_ACIDS_REGULATE_INSULIN_SECRETION,0.49999786483975783,0.49999786483975783,0.0
REACTOME_FREE_FATTY_ACID_RECEPTORS,,,
REACTOME_FRS_MEDIATED_FGFR1_SIGNALING,0.512932994072795,0.4866593545640529,0.02627363950874212
REACTOME_FRS_MEDIATED_FGFR2_SIGNALING,0.510892273610602,0.4866593545640529,0.024232919046549062
REACTOME_FRS_MEDIATED_FGFR3_SIGNALING,0.5119520521846302,0.48801148584815784,0.023940566336472402
REACTOME_FRS_MEDIATED_FGFR4_SIGNALING,0.5115798773301167,0.48801148584815784,0.023568391481958828
REACTOME_FRUCTOSE_CATABOLISM,0.4995918559075613,0.4995918559075613,0.0
REACTOME_FRUCTOSE_METABOLISM,0.4995918559075613,0.4995918559075613,0.0
REACTOME_G0_AND_EARLY_G1,0.5056949650950573,0.5049956179942107,0.0006993471008466257
REACTOME_G1_S_DNA_DAMAGE_CHECKPOINTS,0.4887393291260822,0.5379422902320032,-0.04920296110592104
REACTOME_G1_S_SPECIFIC_TRANSCRIPTION,0.500410197131133,0.49788742318350426,0.0025227739476287314
REACTOME_G2_M_CHECKPOINTS,0.48174060233855887,0.5085178932998015,-0.026777290961242595
REACTOME_G2_M_DNA_DAMAGE_CHECKPOINT,0.5104199104678037,0.4950948799514366,0.015325030516367077
REACTOME_G2_M_DNA_REPLICATION_CHECKPOINT,,,
REACTOME_G2_PHASE,0.4989836637247443,0.4989836637247443,0.0
REACTOME_GAB1_SIGNALOSOME,0.5035995516820464,0.4964001198317625,0.007199431850283877
REACTOME_GABA_B_RECEPTOR_ACTIVATION,0.49331908360236354,0.48667347947027,0.00664560413209353
REACTOME_GABA_RECEPTOR_ACTIVATION,0.48944885929885273,0.4827147281382585,0.006734131160594237
REACTOME_GABA_SYNTHESIS_RELEASE_REUPTAKE_AND_DEGRADATION,0.5002079317589647,0.49979206824103534,0.00041586351792938236
REACTOME_GALACTOSE_CATABOLISM,0.5031210294231651,0.49688471908517906,0.006236310337985995
REACTOME_GAMMA_CARBOXYLATION_HYPUSINE_FORMATION_AND_ARYLSULFATASE_ACTIVATION,0.4997225112900704,0.4869306841578993,0.012791827132171085
REACTOME_GAMMA_CARBOXYLATION_TRANSPORT_AND_AMINO_TERMINAL_CLEAVAGE_OF_PROTEINS,0.4997977346278317,0.5002022653721683,-0.0004045307443365509
REACTOME_GAP_FILLING_DNA_REPAIR_SYNTHESIS_AND_LIGATION_IN_GG_NER,0.5411742658662115,0.5365692179532158,0.004605047912995763
REACTOME_GAP_JUNCTION_ASSEMBLY,0.5119363669690055,0.48800581946136146,0.023930547507644007
REACTOME_GAP_JUNCTION_DEGRADATION,0.3917532063537112,0.39091195321831057,0.0008412531354006214
REACTOME_GAP_JUNCTION_TRAFFICKING_AND_REGULATION,0.5866457059628127,0.3913669065929806,0.1952787993698321
REACTOME_GASTRIN_CREB_SIGNALLING_PATHWAY_VIA_PKC_AND_MAPK,0.511565259694613,0.48843211241585827,0.023133147278754707
REACTOME_GDP_FUCOSE_BIOSYNTHESIS,0.49998341144734954,0.49998341144734954,0.0
REACTOME_GENERATION_OF_SECOND_MESSENGER_MOLECULES,0.5045553643765923,0.4414648283265468,0.0630905360500455
REACTOME_GENE_AND_PROTEIN_EXPRESSION_BY_JAK_STAT_SIGNALING_AFTER_INTERLEUKIN_12_STIMULATION,0.5075942722519831,0.4917664936201412,0.01582777863184187
REACTOME_GENE_SILENCING_BY_RNA,0.5111094851044652,0.4911818703215354,0.019927614782929814
REACTOME_GLI_PROTEINS_BIND_PROMOTERS_OF_HH_RESPONSIVE_GENES_TO_PROMOTE_TRANSCRIPTION,,,
REACTOME_GLOBAL_GENOME_NUCLEOTIDE_EXCISION_REPAIR_GG_NER,0.46284656935591745,0.46022327863381285,0.0026232907221045987
REACTOME_GLUCAGON_LIKE_PEPTIDE_1_GLP1_REGULATES_INSULIN_SECRETION,0.49841086592901784,0.49312782251759707,0.005283043411420774
REACTOME_GLUCAGON_SIGNALING_IN_METABOLIC_REGULATION,0.4966944434589859,0.49720729252483686,-0.0005128490658509732
REACTOME_GLUCAGON_TYPE_LIGAND_RECEPTORS,0.49348611883053667,0.4991940591301423,-0.0057079402996056405
REACTOME_GLUCOCORTICOID_BIOSYNTHESIS,,,
REACTOME_GLUCONEOGENESIS,0.4999687938118457,0.49314843502608835,0.006820358785757374
REACTOME_GLUCOSE_METABOLISM,0.5007624164495372,0.49388588652510224,0.006876529924434993
REACTOME_GLUCURONIDATION,,,
REACTOME_GLUTAMATE_AND_GLUTAMINE_METABOLISM,0.5173237047461,0.5113721919357954,0.005951512810304593
REACTOME_GLUTAMATE_NEUROTRANSMITTER_RELEASE_CYCLE,0.5002085066097992,0.49979132914710533,0.000417177462693874
REACTOME_GLUTATHIONE_CONJUGATION,0.49781901593420824,0.4933902008627361,0.004428815071472136
REACTOME_GLUTATHIONE_SYNTHESIS_AND_RECYCLING,0.49362350817996314,0.49875429824181056,-0.005130790061847412
REACTOME_GLYCEROPHOSPHOLIPID_BIOSYNTHESIS,0.4670641678065137,0.4964145732241709,-0.029350405417657155
REACTOME_GLYCEROPHOSPHOLIPID_CATABOLISM,0.4946676836599143,0.4950764847247351,-0.00040880106482077405
REACTOME_GLYCOGEN_BREAKDOWN_GLYCOGENOLYSIS,0.49390543145347265,0.49062598956465064,0.00327944188882201
REACTOME_GLYCOGEN_METABOLISM,0.46016341202548533,0.5328726807232478,-0.07270926869776245
REACTOME_GLYCOGEN_STORAGE_DISEASES,0.5576954788474602,0.5427055042460125,0.014989974601447686
REACTOME_GLYCOGEN_SYNTHESIS,0.5196240935423557,0.5417111765455603,-0.02208708300320461
REACTOME_GLYCOLYSIS,0.4818526982512709,0.49596528623629726,-0.014112587985026348
REACTOME_GLYCOSAMINOGLYCAN_METABOLISM,0.569848236094851,0.5183539195629294,0.0514943165319216
REACTOME_GLYCOSPHINGOLIPID_METABOLISM,0.47030180982751835,0.47597410937539014,-0.005672299547871795
REACTOME_GLYOXYLATE_METABOLISM_AND_GLYCINE_DEGRADATION,0.5094070232975546,0.49062911018346617,0.01877791311408844
REACTOME_GOLGI_ASSOCIATED_VESICLE_BIOGENESIS,0.4819161782077005,0.4309635354048986,0.05095264280280187
REACTOME_GOLGI_CISTERNAE_PERICENTRIOLAR_STACK_REORGANIZATION,,,
REACTOME_GOLGI_TO_ER_RETROGRADE_TRANSPORT,0.5143402289154568,0.4845953115822917,0.029744917333165144
REACTOME_GP1B_IX_V_ACTIVATION_SIGNALLING,0.49710513331940553,0.49704666277739024,5.8470542015298665e-05
REACTOME_GPCR_LIGAND_BINDING,0.4889531736364867,0.5756493843511806,-0.08669621071469391
REACTOME_GPVI_MEDIATED_ACTIVATION_CASCADE,0.49177076394062547,0.4381807876310496,0.05358997630957585
REACTOME_GRB2_EVENTS_IN_ERBB2_SIGNALING,0.5120436998319464,0.487550291235857,0.024493408596089394
REACTOME_GRB2_SOS_PROVIDES_LINKAGE_TO_MAPK_SIGNALING_FOR_INTEGRINS,0.5004037095288588,0.5004023955840944,1.3139447644361368e-06
REACTOME_GRB7_EVENTS_IN_ERBB2_SIGNALING,0.4999978648397579,0.4995921843937524,0.00040568044600547415
REACTOME_GROWTH_HORMONE_RECEPTOR_SIGNALING,0.6156691033772324,0.5958157264734905,0.019853376903741893
REACTOME_G_ALPHA_12_13_SIGNALLING_EVENTS,0.543909734622576,0.457188394714263,0.08672133990831299
REACTOME_G_ALPHA_I_SIGNALLING_EVENTS,0.5191082881007848,0.5591287462207664,-0.04002045811998156
REACTOME_G_ALPHA_Q_SIGNALLING_EVENTS,0.45394327963241077,0.4934744575707526,-0.03953117793834182
REACTOME_G_ALPHA_S_SIGNALLING_EVENTS,0.5059072492960541,0.4900272413598276,0.015880007936226515
REACTOME_G_ALPHA_Z_SIGNALLING_EVENTS,0.4861377184925901,0.4920581893578358,-0.005920470865245719
REACTOME_G_BETA_GAMMA_SIGNALLING_THROUGH_CDC42,0.5059861681034652,0.4970899408330673,0.008896227270397905
REACTOME_G_BETA_GAMMA_SIGNALLING_THROUGH_PI3KGAMMA,0.4958142647099401,0.49686361384740113,-0.0010493491374610198
REACTOME_G_PROTEIN_ACTIVATION,0.49967069259342467,0.49731823873588005,0.002352453857544623
REACTOME_G_PROTEIN_BETA_GAMMA_SIGNALLING,0.5004554461039566,0.49688332301886695,0.0035721230850896957
REACTOME_G_PROTEIN_MEDIATED_EVENTS,0.49392965731006605,0.4935325175050291,0.0003971398050369723
REACTOME_HATS_ACETYLATE_HISTONES,0.5216616933857334,0.429074739806088,0.09258695357964541
REACTOME_HCMV_EARLY_EVENTS,0.46890147319486986,0.4862489931898244,-0.01734751999495454
REACTOME_HCMV_INFECTION,0.4673401783285834,0.5019278033340036,-0.034587625005420175
REACTOME_HCMV_LATE_EVENTS,0.4872221335309507,0.525914193494134,-0.03869205996318337
REACTOME_HDACS_DEACETYLATE_HISTONES,0.4887683180324465,0.47754180972240284,0.011226508310043681
REACTOME_HDL_ASSEMBLY,0.4993693065130928,0.4989632975808963,0.0004060089321964999
REACTOME_HDL_CLEARANCE,0.4997969955339017,0.4997969955339017,0.0
REACTOME_HDL_REMODELING,0.4920660730264222,0.49167024716614965,0.0003958258602725362
REACTOME_HDMS_DEMETHYLATE_HISTONES,0.4818637846602204,0.488727010893916,-0.0068632262336956185
REACTOME_HDR_THROUGH_HOMOLOGOUS_RECOMBINATION_HRR,0.5378621396013754,0.5275989170467252,0.010263222554650175
REACTOME_HDR_THROUGH_MMEJ_ALT_NHEJ,0.49610012981774265,0.4952920537876429,0.0008080760300997469
REACTOME_HDR_THROUGH_SINGLE_STRAND_ANNEALING_SSA,0.4904050826011377,0.48370002246845545,0.006705060132682239
REACTOME_HEDGEHOG_LIGAND_BIOGENESIS,0.4855016049835297,0.5385437484479028,-0.05304214346437308
REACTOME_HEDGEHOG_OFF_STATE,0.4861276175422138,0.5177135357333849,-0.03158591819117107
REACTOME_HEDGEHOG_ON_STATE,0.5573114784900672,0.5367220461536238,0.020589432336443392
REACTOME_HEME_BIOSYNTHESIS,0.5011618556579118,0.5011933903322572,-3.153467434535706e-05
REACTOME_HEME_DEGRADATION,0.4995914452998224,0.5020253637327594,-0.002433918432936999
REACTOME_HEME_SIGNALING,0.5012699276147828,0.5021009155567119,-0.00083098794192904
REACTOME_HEMOSTASIS,0.5192061769857319,0.4148161397091189,0.104390037276613
REACTOME_HEPARAN_SULFATE_HEPARIN_HS_GAG_METABOLISM,0.4822310322218675,0.48152987844696993,0.0007011537748975449
REACTOME_HIGHLY_CALCIUM_PERMEABLE_NICOTINIC_ACETYLCHOLINE_RECEPTORS,0.4989890016253497,0.5010109983746505,-0.0020219967493007585
REACTOME_HIGHLY_CALCIUM_PERMEABLE_POSTSYNAPTIC_NICOTINIC_ACETYLCHOLINE_RECEPTORS,0.4989890016253497,0.5010109983746505,-0.0020219967493007585
REACTOME_HIGHLY_SODIUM_PERMEABLE_POSTSYNAPTIC_ACETYLCHOLINE_NICOTINIC_RECEPTORS,0.4991835475720271,0.4991835475720271,0.0
REACTOME_HISTIDINE_CATABOLISM,,,
REACTOME_HIV_ELONGATION_ARREST_AND_RECOVERY,0.4683267866035447,0.47020884823543785,-0.0018820616318931394
REACTOME_HIV_INFECTION,0.4466439879800333,0.517209391551598,-0.07056540357156466
REACTOME_HIV_LIFE_CYCLE,0.45030430960743273,0.4848517771759911,-0.034547467568558365
REACTOME_HIV_TRANSCRIPTION_ELONGATION,0.4972449863152653,0.4765935522102522,0.020651434105013133
REACTOME_HIV_TRANSCRIPTION_INITIATION,0.49834015927638436,0.48589184657855355,0.01244831269783081
REACTOME_HOMOLOGOUS_DNA_PAIRING_AND_STRAND_EXCHANGE,0.5004631655294475,0.49582691142829743,0.004636254101150039
REACTOME_HOMOLOGY_DIRECTED_REPAIR,0.5255194352139825,0.5042161202627364,0.021303314951246044
REACTOME_HORMONE_LIGAND_BINDING_RECEPTORS,,,
REACTOME_HOST_INTERACTIONS_OF_HIV_FACTORS,0.31341803678256974,0.5699822584608187,-0.256564221678249
REACTOME_HSF1_ACTIVATION,0.4812344051180777,0.5734316919535336,-0.09219728683545592
REACTOME_HSF1_DEPENDENT_TRANSACTIVATION,0.5908568989326827,0.574277461774062,0.016579437158620647
REACTOME_HSP90_CHAPERONE_CYCLE_FOR_STEROID_HORMONE_RECEPTORS_SHR_IN_THE_PRESENCE_OF_LIGAND,0.5109010606162139,0.5629779474080469,-0.05207688679183298
REACTOME_HS_GAG_BIOSYNTHESIS,0.49776637602208484,0.4981551394292487,-0.00038876340716387237
REACTOME_HS_GAG_DEGRADATION,0.5352390131223663,0.5328013170982319,0.0024376960241344614
REACTOME_HUR_ELAVL1_BINDS_AND_STABILIZES_MRNA,,,
REACTOME_HYALURONAN_BIOSYNTHESIS_AND_EXPORT,0.5016310981818947,0.49836890181810545,0.003262196363789216
REACTOME_HYALURONAN_METABOLISM,0.5004027240702855,0.4963309734885365,0.004071750581749023
REACTOME_HYALURONAN_UPTAKE_AND_DEGRADATION,0.502036450141709,0.4979635498582911,0.004072900283417835
REACTOME_HYDROLYSIS_OF_LPC,,,
REACTOME_IKBA_VARIANT_LEADS_TO_EDA_ID,0.49294764784178,0.5070518594289333,-0.014104211587153248
REACTOME_IKK_COMPLEX_RECRUITMENT_MEDIATED_BY_RIP1,0.43675622514180745,0.4623692789202527,-0.02561305377844525
REACTOME_IL_6_TYPE_CYTOKINE_RECEPTOR_LIGAND_INTERACTIONS,0.527758807700242,0.4726427666683748,0.05511604103186718
REACTOME_IMMUNOREGULATORY_INTERACTIONS_BETWEEN_A_LYMPHOID_AND_A_NON_LYMPHOID_CELL,0.5995467547535237,0.5625396647075751,0.0370070900459486
REACTOME_INACTIVATION_OF_CDC42_AND_RAC1,0.49959316985232577,0.49959316985232577,0.0
REACTOME_INACTIVATION_OF_CSF3_G_CSF_SIGNALING,0.41591262661500233,0.6167237904152985,-0.20081116380029612
REACTOME_INCRETIN_SYNTHESIS_SECRETION_AND_INACTIVATION,0.5097766523840871,0.5097722178205073,4.434563579791551e-06
REACTOME_INFECTION_WITH_MYCOBACTERIUM_TUBERCULOSIS,0.7341589176774186,0.6456685153869502,0.08849040229046834
REACTOME_INFECTIOUS_DISEASE,0.6031835074967119,0.4931265906943804,0.11005691680233148
REACTOME_INFLAMMASOMES,0.45431069143715336,0.5522118946163741,-0.09790120317922074
REACTOME_INFLUENZA_INFECTION,0.7721330710699584,0.5824088089484895,0.18972426212146898
REACTOME_INHIBITION_OF_DNA_RECOMBINATION_AT_TELOMERE,0.5030199377978548,0.4811315889402641,0.021888348857590723
REACTOME_INHIBITION_OF_REPLICATION_INITIATION_OF_DAMAGED_DNA_BY_RB1_E2F1,0.5063231949355314,0.4944985132714991,0.011824681664032277
REACTOME_INHIBITION_OF_THE_PROTEOLYTIC_ACTIVITY_OF_APC_C_REQUIRED_FOR_THE_ONSET_OF_ANAPHASE_BY_MITOTIC_SPINDLE_CHECKPOINT_COMPONENTS,0.5028356570446492,0.49430717006518476,0.0085284869794644
REACTOME_INITIAL_TRIGGERING_OF_COMPLEMENT,0.49408256763202185,0.4839484401504729,0.01013412748154896
REACTOME_INITIATION_OF_NUCLEAR_ENVELOPE_NE_REFORMATION,0.47131264395907324,0.46776909917260906,0.003543544786464181
REACTOME_INLA_MEDIATED_ENTRY_OF_LISTERIA_MONOCYTOGENES_INTO_HOST_CELLS,0.4909544757557482,0.5515775877813649,-0.06062311202561671
REACTOME_INLB_MEDIATED_ENTRY_OF_LISTERIA_MONOCYTOGENES_INTO_HOST_CELL,0.5394564473298672,0.5515775877813649,-0.012121140451497703
REACTOME_INNATE_IMMUNE_SYSTEM,0.513976184094173,0.5108967902957295,0.003079393798443464
REACTOME_INOSITOL_PHOSPHATE_METABOLISM,0.5196801825594856,0.4818118017204793,0.03786838083900623
REACTOME_INSERTION_OF_TAIL_ANCHORED_PROTEINS_INTO_THE_ENDOPLASMIC_RETICULUM_MEMBRANE,0.4980403335054601,0.5008947963845497,-0.002854462879089581
REACTOME_INSULIN_PROCESSING,0.500018887955988,0.48661139558015265,0.013407492375835384
REACTOME_INSULIN_RECEPTOR_RECYCLING,0.48823896253549287,0.5125690313730591,-0.02433006883756622
REACTOME_INSULIN_RECEPTOR_SIGNALLING_CASCADE,0.5203412610190692,0.472688918978224,0.047652342040845175
REACTOME_INTEGRATION_OF_ENERGY_METABOLISM,0.490917438937702,0.4899807605637875,0.0009366783739145346
REACTOME_INTEGRATION_OF_PROVIRUS,0.5012722270181207,0.5012722270181207,0.0
REACTOME_INTEGRIN_CELL_SURFACE_INTERACTIONS,0.4975964665397396,0.47957505712374865,0.018021409415990952
REACTOME_INTEGRIN_SIGNALING,0.4940012672997253,0.4940651578638937,-6.389056416838956e-05
REACTOME_INTERACTIONS_OF_REV_WITH_HOST_CELLULAR_PROTEINS,0.5199339381421083,0.5089285010386734,0.011005437103434934
REACTOME_INTERACTIONS_OF_VPR_WITH_HOST_CELLULAR_PROTEINS,0.5075723457987275,0.50965034944361,-0.002078003644882531
REACTOME_INTERACTION_BETWEEN_L1_AND_ANKYRINS,0.596780818902935,0.3865478499264848,0.21023296897645022
REACTOME_INTERACTION_WITH_CUMULUS_CELLS_AND_THE_ZONA_PELLUCIDA,,,
REACTOME_INTERCONVERSION_OF_NUCLEOTIDE_DI_AND_TRIPHOSPHATES,0.561324758529801,0.5342284253554549,0.02709633317434612
REACTOME_INTERFERON_ALPHA_BETA_SIGNALING,0.8894441126733914,0.9821820877793941,-0.09273797510600268
REACTOME_INTERFERON_GAMMA_SIGNALING,0.2778911876352542,0.6837582137972084,-0.40586702616195414
REACTOME_INTERFERON_SIGNALING,0.020295026587672307,0.8867852633211005,-0.8664902367334282
REACTOME_INTERLEUKIN_10_SIGNALING,0.6959166374313958,0.5731214367460422,0.12279520068535354
REACTOME_INTERLEUKIN_12_FAMILY_SIGNALING,0.5025614531966305,0.4748958534531125,0.027665599743517955
REACTOME_INTERLEUKIN_12_SIGNALING,0.5329584156191243,0.49161267996115987,0.0413457356579644
REACTOME_INTERLEUKIN_15_SIGNALING,0.49370185213653994,0.4956811456809979,-0.001979293544457972
REACTOME_INTERLEUKIN_17_SIGNALING,0.5267767161104081,0.4745740191073848,0.052202697003023324
REACTOME_INTERLEUKIN_18_SIGNALING,0.49090807708125567,0.5090495482000927,-0.01814147111883707
REACTOME_INTERLEUKIN_1_FAMILY_SIGNALING,0.38237377589620886,0.5163311015981511,-0.13395732570194224
REACTOME_INTERLEUKIN_1_PROCESSING,0.4468995502367072,0.4468995502367072,0.0
REACTOME_INTERLEUKIN_1_SIGNALING,0.31891467833975196,0.515597345568787,-0.19668266722903505
REACTOME_INTERLEUKIN_20_FAMILY_SIGNALING,0.4851225319190031,0.5113288317585706,-0.02620629983956746
REACTOME_INTERLEUKIN_21_SIGNALING,0.49918872122953706,0.49588480711947835,0.0033039141100587033
REACTOME_INTERLEUKIN_23_SIGNALING,0.5085637992450073,0.4888902685308915,0.01967353071411576
REACTOME_INTERLEUKIN_27_SIGNALING,0.4913913623899077,0.4913913623899077,0.0
REACTOME_INTERLEUKIN_2_FAMILY_SIGNALING,0.5239980514199144,0.46913987204805885,0.05485817937185555
REACTOME_INTERLEUKIN_2_SIGNALING,0.536113032755329,0.4755864135483473,0.06052661920698166
REACTOME_INTERLEUKIN_35_SIGNALLING,0.4906135070893889,0.49223163006673526,-0.0016181229773463701
REACTOME_INTERLEUKIN_36_PATHWAY,0.4987864077669903,0.5012135922330098,-0.002427184466019472
REACTOME_INTERLEUKIN_37_SIGNALING,0.48166792476877857,0.4981663079597459,-0.01649838319096736
REACTOME_INTERLEUKIN_3_INTERLEUKIN_5_AND_GM_CSF_SIGNALING,0.5526649591954454,0.5161139722258355,0.0365509869696099
REACTOME_INTERLEUKIN_4_AND_INTERLEUKIN_13_SIGNALING,0.4983992867907819,0.5051355531116183,-0.006736266320836404
REACTOME_INTERLEUKIN_6_FAMILY_SIGNALING,0.4867674265209239,0.4923167079902295,-0.005549281469305556
REACTOME_INTERLEUKIN_6_SIGNALING,0.48755530065027125,0.5176924304956068,-0.03013712984533551
REACTOME_INTERLEUKIN_7_SIGNALING,0.43558607520757037,0.5743121170672227,-0.13872604185965237
REACTOME_INTERLEUKIN_9_SIGNALING,0.5024573230740526,0.4975426769259474,0.004914646148105162
REACTOME_INTERLEUKIN_RECEPTOR_SHC_SIGNALING,0.5106730090780444,0.49680768907336675,0.013865320004677606
REACTOME_INTESTINAL_ABSORPTION,0.5004023955840944,0.5004023955840944,0.0
REACTOME_INTRACELLULAR_SIGNALING_BY_SECOND_MESSENGERS,0.465687564301172,0.4587648820668877,0.006922682234284272
REACTOME_INTRAFLAGELLAR_TRANSPORT,0.5251324784808696,0.48504500917790416,0.04008746930296547
REACTOME_INTRA_GOLGI_AND_RETROGRADE_GOLGI_TO_ER_TRAFFIC,0.4852742925392902,0.4747931193968468,0.0104811731424434
REACTOME_INTRA_GOLGI_TRAFFIC,0.4957861791406013,0.49044417245787825,0.005342006682723055
REACTOME_INTRINSIC_PATHWAY_FOR_APOPTOSIS,0.5581763826312268,0.5606503763794778,-0.002473993748250969
REACTOME_INTRINSIC_PATHWAY_OF_FIBRIN_CLOT_FORMATION,0.49754982150060373,0.497565753080872,-1.5931580268246925e-05
REACTOME_INWARDLY_RECTIFYING_K_CHANNELS,0.5137170084893972,0.48709041056832053,0.026626597921076633
REACTOME_IONOTROPIC_ACTIVITY_OF_KAINATE_RECEPTORS,0.5030283963172756,0.5005923427240966,0.0024360535931789995
REACTOME_ION_CHANNEL_TRANSPORT,0.4908851651694266,0.5121982525848578,-0.021313087415431253
REACTOME_ION_HOMEOSTASIS,0.5044850683316975,0.4917604987471537,0.012724569584543766
REACTOME_ION_TRANSPORT_BY_P_TYPE_ATPASES,0.489346453728778,0.49237016911783066,-0.0030237153890526614
REACTOME_IRAK1_RECRUITS_IKK_COMPLEX,0.46865018125868024,0.5438040441905903,-0.07515386293191001
REACTOME_IRAK2_MEDIATED_ACTIVATION_OF_TAK1_COMPLEX,0.4793247506461324,0.5494787252633474,-0.07015397461721501
REACTOME_IRAK4_DEFICIENCY_TLR2_4,0.4717688291569599,0.44374649340990996,0.02802233574704993
REACTOME_IRE1ALPHA_ACTIVATES_CHAPERONES,0.5567057499536834,0.49252710339562744,0.06417864655805594
REACTOME_IRF3_MEDIATED_ACTIVATION_OF_TYPE_1_IFN,0.4995939910678035,0.4995939910678035,0.0
REACTOME_IRF3_MEDIATED_INDUCTION_OF_TYPE_I_IFN,0.5004060089321964,0.4995939910678035,0.0008120178643929443
REACTOME_IRON_UPTAKE_AND_TRANSPORT,0.40379214313588685,0.47207079008812625,-0.0682786469522394
REACTOME_IRS_ACTIVATION,0.49734673491295767,0.49734673491295767,0.0
REACTOME_IRS_MEDIATED_SIGNALLING,0.5129806245705043,0.472688918978224,0.04029170559228029
REACTOME_JNK_C_JUN_KINASES_PHOSPHORYLATION_AND_ACTIVATION_MEDIATED_BY_ACTIVATED_HUMAN_TAK1,0.4373292693021771,0.5509421312446867,-0.11361286194250964
REACTOME_JOSEPHIN_DOMAIN_DUBS,0.5178576590497288,0.5340751044257601,-0.016217445376031314
REACTOME_KERATAN_SULFATE_BIOSYNTHESIS,0.4933492222103968,0.49375276749616004,-0.00040354528576325155
REACTOME_KERATAN_SULFATE_DEGRADATION,,,
REACTOME_KERATAN_SULFATE_KERATIN_METABOLISM,0.4928937761064401,0.49375276749616004,-0.0008589913897199541
REACTOME_KERATINIZATION,0.4963792609586278,0.4901997787317016,0.0061794822269261585
REACTOME_KETONE_BODY_METABOLISM,0.5059427258046926,0.49315377292669377,0.012788952877998805
REACTOME_KILLING_MECHANISMS,0.529460366170127,0.4706693858753566,0.05879098029477042
REACTOME_KINESINS,0.49535668344574124,0.48786703404562287,0.00748964940011837
REACTOME_KSRP_KHSRP_BINDS_AND_DESTABILIZES_MRNA,0.507483654527131,0.48514265169820786,0.022341002828923096
REACTOME_L1CAM_INTERACTIONS,0.4040299671382414,0.42197697443194887,-0.017947007293707462
REACTOME_LAGGING_STRAND_SYNTHESIS,0.5025286045775208,0.49474298911922343,0.007785615458297368
REACTOME_LAMININ_INTERACTIONS,0.4977638302541038,0.4977628447955305,9.85458573299347e-07
REACTOME_LATE_ENDOSOMAL_MICROAUTOPHAGY,0.5140367897964305,0.5134732717356028,0.0005635180608277723
REACTOME_LDL_CLEARANCE,0.5020627290369967,0.48660893193371935,0.015453797103277322
REACTOME_LDL_REMODELING,,,
REACTOME_LECTIN_PATHWAY_OF_COMPLEMENT_ACTIVATION,0.5236709612951291,0.5236709612951291,0.0
REACTOME_LEISHMANIA_INFECTION,0.5078112373812029,0.4695646868146957,0.03824655056650722
REACTOME_LEUKOTRIENE_RECEPTORS,0.4989921222441651,0.49899047981320965,1.6424309554619043e-06
REACTOME_LGI_ADAM_INTERACTIONS,0.4997928894565131,0.49979132914710533,1.5603094077887292e-06
REACTOME_LIGAND_RECEPTOR_INTERACTIONS,,,
REACTOME_LINOLEIC_ACID_LA_METABOLISM,0.5016756080607883,0.49832439193921163,0.003351216121576628
REACTOME_LIPID_PARTICLE_ORGANIZATION,0.4995984256313833,0.49715054653532476,0.002447879096058536
REACTOME_LIPOPHAGY,0.4604914876088439,0.46104515108393873,-0.0005536634750948344
REACTOME_LISTERIA_MONOCYTOGENES_ENTRY_INTO_HOST_CELLS,0.46207971834280026,0.5515775877813649,-0.08949786943856464
REACTOME_LONG_TERM_POTENTIATION,0.4982036732639834,0.4985730559858725,-0.0003693827218890777
REACTOME_LOSS_OF_FUNCTION_OF_MECP2_IN_RETT_SYNDROME,0.49864253081528953,0.495690589658992,0.002951941156297544
REACTOME_LOSS_OF_FUNCTION_OF_SMAD2_3_IN_CANCER,0.4990097783769366,0.5009902216230635,-0.001980443246126895
REACTOME_LOSS_OF_MECP2_BINDING_ABILITY_TO_THE_NCOR_SMRT_COMPLEX,0.5009122061526777,0.495690589658992,0.005221616493685743
REACTOME_LRR_FLII_INTERACTING_PROTEIN_1_LRRFIP1_ACTIVATES_TYPE_I_IFN_PRODUCTION,,,
REACTOME_LTC4_CYSLTR_MEDIATED_IL4_PRODUCTION,0.5005647498840444,0.4994352501159556,0.0011294997680888486
REACTOME_LYSINE_CATABOLISM,0.4993932038834951,0.5006067961165048,-0.0012135922330097082
REACTOME_LYSOSOME_VESICLE_BIOGENESIS,0.5004421424132173,0.502818575762712,-0.0023764333494947776
REACTOME_LYSOSPHINGOLIPID_AND_LPA_RECEPTORS,0.5324991098024221,0.462041942430824,0.07045716737159807
REACTOME_MAP2K_AND_MAPK_ACTIVATION,0.4128167263854562,0.4124344505805665,0.0003822758048896979
REACTOME_MAP3K8_TPL2_DEPENDENT_MAPK1_3_ACTIVATION,0.47483122379501413,0.5129299555755276,-0.03809873178051343
REACTOME_MAPK1_ERK2_ACTIVATION,0.502623865572939,0.502623865572939,0.0
REACTOME_MAPK3_ERK1_ACTIVATION,0.5227485720705274,0.48250129423559285,0.040247277834934536
REACTOME_MAPK6_MAPK4_SIGNALING,0.5172603890327658,0.5387023251566551,-0.021441936123889227
REACTOME_MAPK_FAMILY_SIGNALING_CASCADES,0.4495760557217696,0.4444818918702296,0.005094163851540046
REACTOME_MAPK_TARGETS_NUCLEAR_EVENTS_MEDIATED_BY_MAP_KINASES,0.5446354427402582,0.45522363668376115,0.08941180605649707
REACTOME_MASTL_FACILITATES_MITOTIC_PROGRESSION,0.48795400076471585,0.4872561318517292,0.0006978689129866211
REACTOME_MATURATION_OF_PROTEIN_3A,0.5024243923333951,0.49748609517953085,0.004938297153864235
REACTOME_MATURATION_OF_SARS_COV_1_NUCLEOPROTEIN,0.49978820852828987,0.49978820852828987,0.0
REACTOME_MATURATION_OF_SARS_COV_1_SPIKE_PROTEIN,0.5014303109975862,0.4985696890024138,0.0028606219951723966
REACTOME_MATURATION_OF_SARS_COV_2_NUCLEOPROTEIN,0.48806527546195017,0.47654312957991873,0.011522145882031432
REACTOME_MATURATION_OF_SARS_COV_2_SPIKE_PROTEIN,0.5164524772457616,0.47731712516769215,0.03913535207806945
REACTOME_MECP2_REGULATES_NEURONAL_RECEPTORS_AND_CHANNELS,0.5109004036438316,0.49471391809131127,0.016186485552520335
REACTOME_MECP2_REGULATES_TRANSCRIPTION_FACTORS,0.49911325152713226,0.49911325152713226,0.0
REACTOME_MECP2_REGULATES_TRANSCRIPTION_OF_NEURONAL_LIGANDS,,,
REACTOME_MEIOSIS,0.48544839022057185,0.4865020096785171,-0.001053619457945243
REACTOME_MEIOTIC_RECOMBINATION,0.49248177230125595,0.4909354235566646,0.0015463487445913637
REACTOME_MEIOTIC_SYNAPSIS,0.5598230839071987,0.4934329040675789,0.06639017983961981
REACTOME_MELANIN_BIOSYNTHESIS,,,
REACTOME_MEMBRANE_TRAFFICKING,0.37388281846407745,0.4608434605626049,-0.08696064209852744
REACTOME_METABOLIC_DISORDERS_OF_BIOLOGICAL_OXIDATION_ENZYMES,0.46293788851704254,0.46334652533876786,-0.0004086368217253167
REACTOME_METABOLISM_OF_AMINE_DERIVED_HORMONES,,,
REACTOME_METABOLISM_OF_AMINO_ACIDS_AND_DERIVATIVES,0.5551140701147206,0.5244754239771269,0.030638646137593706
REACTOME_METABOLISM_OF_ANGIOTENSINOGEN_TO_ANGIOTENSINS,0.5044027825408276,0.491709419144438,0.012693363396389601
REACTOME_METABOLISM_OF_CARBOHYDRATES,0.5200827423866755,0.5005809278289559,0.0195018145577196
REACTOME_METABOLISM_OF_COFACTORS,0.5078921271057608,0.47811600358444134,0.029776123521319475
REACTOME_METABOLISM_OF_FAT_SOLUBLE_VITAMINS,0.505395878418063,0.49612829750862936,0.009267580909433637
REACTOME_METABOLISM_OF_FOLATE_AND_PTERINES,0.5024297302340005,0.49757026976599955,0.0048594604680009534
REACTOME_METABOLISM_OF_INGESTED_SEMET_SEC_MESEC_INTO_H2SE,0.500207110543487,0.49979288945651307,0.00041422108697392046
REACTOME_METABOLISM_OF_LIPIDS,0.5119938520524474,0.4121511312407449,0.09984272081170253
REACTOME_METABOLISM_OF_NITRIC_OXIDE_NOS3_ACTIVATION_AND_REGULATION,0.503821361982585,0.5017882788243349,0.0020330831582501263
REACTOME_METABOLISM_OF_NUCLEOTIDES,0.5058041867535973,0.5285906168576485,-0.022786430104051236
REACTOME_METABOLISM_OF_POLYAMINES,0.6983004617201902,0.628085388671431,0.07021507304875918
REACTOME_METABOLISM_OF_PORPHYRINS,0.49854061797450155,0.501636025474761,-0.003095407500259495
REACTOME_METABOLISM_OF_RNA,0.538504330104971,0.45987376932648516,0.07863056077848585
REACTOME_METABOLISM_OF_STEROIDS,0.45211180487394664,0.4521556577804582,-4.385290651154339e-05
REACTOME_METABOLISM_OF_STEROID_HORMONES,0.49780653345894643,0.4977155427840124,9.099067493401058e-05
REACTOME_METABOLISM_OF_VITAMINS_AND_COFACTORS,0.5315788557380625,0.4989635439455396,0.032615311792522916
REACTOME_METABOLISM_OF_WATER_SOLUBLE_VITAMINS_AND_COFACTORS,0.43963910207642687,0.5274030571552834,-0.08776395507885648
REACTOME_METALLOPROTEASE_DUBS,0.5473311646674998,0.551513450852553,-0.00418228618505323
REACTOME_METALLOTHIONEINS_BIND_METALS,0.5001831310515368,0.5030097547259308,-0.002826623674394013
REACTOME_METAL_ION_SLC_TRANSPORTERS,0.5051329252220895,0.48832133044791065,0.016811594774178873
REACTOME_METAL_SEQUESTRATION_BY_ANTIMICROBIAL_PROTEINS,0.5400534709821868,0.4578348555383429,0.0822186154438439
REACTOME_METHIONINE_SALVAGE_PATHWAY,0.5057375861783523,0.4941548345940633,0.011582751584289008
REACTOME_METHYLATION,,,
REACTOME_MET_ACTIVATES_PI3K_AKT_SIGNALING,0.49726141062482015,0.49726141062482015,0.0
REACTOME_MET_ACTIVATES_PTK2_SIGNALING,0.5,0.4995939910678035,0.0004060089321964999
REACTOME_MET_ACTIVATES_PTPN11,,,
REACTOME_MET_ACTIVATES_RAP1_AND_RAC1,0.49713477919815213,0.49713477919815213,0.0
REACTOME_MET_ACTIVATES_RAS_SIGNALING,0.4882340352426265,0.4882340352426265,0.0
REACTOME_MET_INTERACTS_WITH_TNS_PROTEINS,0.5002022653721683,0.5002022653721683,0.0
REACTOME_MET_PROMOTES_CELL_MOTILITY,0.503069703455806,0.4969303786657417,0.006139324790064349
REACTOME_MET_RECEPTOR_ACTIVATION,0.4978911186531541,0.4978911186531541,0.0
REACTOME_MET_RECEPTOR_RECYCLING,0.5028652208018479,0.49713477919815213,0.005730441603695791
REACTOME_MHC_CLASS_II_ANTIGEN_PRESENTATION,0.5091828314721306,0.4927701831770396,0.016412648295091037
REACTOME_MICRORNA_MIRNA_BIOGENESIS,0.513966411629988,0.48319021189987216,0.03077619973011586
REACTOME_MINERALOCORTICOID_BIOSYNTHESIS,,,
REACTOME_MIRO_GTPASE_CYCLE,0.49959711168661897,0.5032199858882332,-0.003622874201614279
REACTOME_MISCELLANEOUS_SUBSTRATES,,,
REACTOME_MISCELLANEOUS_TRANSPORT_AND_BINDING_EVENTS,0.4870979657507158,0.4837815691653955,0.0033163965853202915
REACTOME_MISMATCH_REPAIR,0.5004403357391661,0.49960384565353644,0.0008364900856296931
REACTOME_MITOCHONDRIAL_BIOGENESIS,0.47898049711786217,0.5231061292895369,-0.044125632171674756
REACTOME_MITOCHONDRIAL_CALCIUM_ION_TRANSPORT,0.4802257061467651,0.4796810760419254,0.0005446301048396829
REACTOME_MITOCHONDRIAL_FATTY_ACID_BETA_OXIDATION,0.4999465388723988,0.4979496713167172,0.001996867555681625
REACTOME_MITOCHONDRIAL_FATTY_ACID_BETA_OXIDATION_OF_SATURATED_FATTY_ACIDS,0.4996897447925084,0.49763424245171584,0.0020555023407925477
REACTOME_MITOCHONDRIAL_FATTY_ACID_BETA_OXIDATION_OF_UNSATURATED_FATTY_ACIDS,0.4982432558500106,0.4982432558500106,0.0
REACTOME_MITOCHONDRIAL_IRON_SULFUR_CLUSTER_BIOGENESIS,0.5203544825882609,0.4729879235336705,0.04736655905459042
REACTOME_MITOCHONDRIAL_PROTEIN_IMPORT,0.48959125806269355,0.48563546310640193,0.003955794956291614
REACTOME_MITOCHONDRIAL_TRANSLATION,0.48864636753400154,0.4732278826962672,0.015418484837734336
REACTOME_MITOCHONDRIAL_TRNA_AMINOACYLATION,0.50042875660093,0.49024781983714966,0.010180936763780346
REACTOME_MITOCHONDRIAL_UNCOUPLING,,,
REACTOME_MITOPHAGY,0.44548476021165023,0.5384414249993759,-0.09295666478772563
REACTOME_MITOTIC_G1_PHASE_AND_G1_S_TRANSITION,0.47229498191355035,0.5037003969427134,-0.03140541502916305
REACTOME_MITOTIC_G2_G2_M_PHASES,0.4256539667335465,0.49709823510939244,-0.07144426837584594
REACTOME_MITOTIC_METAPHASE_AND_ANAPHASE,0.511076800728451,0.4834634302893175,0.027613370439133478
REACTOME_MITOTIC_PROMETAPHASE,0.5029038179293019,0.47729519871443643,0.025608619214865513
REACTOME_MITOTIC_PROPHASE,0.5333566230042821,0.4890525407092937,0.04430408229498839
REACTOME_MITOTIC_SPINDLE_CHECKPOINT,0.49649579143491973,0.4887320203083304,0.007763771126589325
REACTOME_MITOTIC_TELOPHASE_CYTOKINESIS,0.5087852810593548,0.48356378282069784,0.025221498238656992
REACTOME_MODULATION_BY_MTB_OF_HOST_IMMUNE_SYSTEM,0.7620338452462135,0.6572515954574303,0.10478224978878325
REACTOME_MOLECULES_ASSOCIATED_WITH_ELASTIC_FIBRES,0.4964738649816639,0.4960626823919576,0.00041118258970629373
REACTOME_MOLYBDENUM_COFACTOR_BIOSYNTHESIS,0.50421045387594,0.4965884245408091,0.007622029335130898
REACTOME_MRNA_CAPPING,0.506372796350387,0.4911757112054524,0.015197085144934619
REACTOME_MRNA_DECAY_BY_3_TO_5_EXORIBONUCLEASE,0.5035588193943503,0.47470048629095735,0.028858333103392975
REACTOME_MRNA_DECAY_BY_5_TO_3_EXORIBONUCLEASE,0.506151889386874,0.5055977331824925,0.0005541562043815951
REACTOME_MRNA_EDITING,0.6214910283851487,0.6399491601922038,-0.018458131807055134
REACTOME_MRNA_EDITING_C_TO_U_CONVERSION,0.5689239580746506,0.641977151814492,-0.07305319373984143
REACTOME_MRNA_SPLICING,0.45969712587722233,0.4344046746212883,0.025292451255934045
REACTOME_MRNA_SPLICING_MINOR_PATHWAY,0.5245827568400679,0.4576678203101698,0.06691493652989816
REACTOME_MTORC1_MEDIATED_SIGNALLING,0.5123728429954262,0.4831267319434426,0.029246111051983603
REACTOME_MTOR_SIGNALLING,0.48830277097811364,0.4832900717019657,0.005012699276147947
REACTOME_MUCOPOLYSACCHARIDOSES,0.4934989297919894,0.4934989297919894,0.0
REACTOME_MULTIFUNCTIONAL_ANION_EXCHANGERS,0.5000052557790575,0.4999947442209424,1.0511558115100517e-05
REACTOME_MUSCARINIC_ACETYLCHOLINE_RECEPTORS,,,
REACTOME_MUSCLE_CONTRACTION,0.4592343709555138,0.5305763158828328,-0.07134194492731905
REACTOME_MYD88_INDEPENDENT_TLR4_CASCADE,0.39874708796991587,0.4585235268379788,-0.05977643886806294
REACTOME_MYOCLONIC_EPILEPSY_OF_LAFORA,0.5288965196231081,0.5444928797333218,-0.015596360110213703
REACTOME_MYOGENESIS,0.4930333006161086,0.4931715933025608,-0.0001382926864521572
REACTOME_M_PHASE,0.47772871836513736,0.4751423823395312,0.0025863360256061507
REACTOME_NADE_MODULATES_DEATH_SIGNALLING,0.487039987937987,0.5129600120620129,-0.025920024124025942
REACTOME_NA_CL_DEPENDENT_NEUROTRANSMITTER_TRANSPORTERS,,,
REACTOME_NCAM1_INTERACTIONS,0.4998656491478412,0.5000847494373031,-0.000219100289461871
REACTOME_NCAM_SIGNALING_FOR_NEURITE_OUT_GROWTH,0.5186700875218607,0.474761009871667,0.04390907765019375
REACTOME_NECTIN_NECL_TRANS_HETERODIMERIZATION,0.5006203461718877,0.49937965382811234,0.0012406923437753292
REACTOME_NEDDYLATION,0.5115471929541027,0.47851018701375836,0.03303700594034431
REACTOME_NEF_AND_SIGNAL_TRANSDUCTION,0.5040613211451817,0.4676650511715788,0.036396269973602846
REACTOME_NEF_MEDIATED_CD4_DOWN_REGULATION,0.5120319564506146,0.48593701342982937,0.026094943020785244
REACTOME_NEF_MEDIATED_CD8_DOWN_REGULATION,0.479949449260052,0.5133015555792065,-0.03335210631915453
REACTOME_NEF_MEDIATED_DOWNREGULATION_OF_MHC_CLASS_I_COMPLEX_CELL_SURFACE_EXPRESSION,0.23664793966891218,0.7633633109831328,-0.5267153713142206
REACTOME_NEF_MEDIATES_DOWN_MODULATION_OF_CELL_SURFACE_RECEPTORS_BY_RECRUITING_THEM_TO_CLATHRIN_ADAPTERS,0.6818095515900703,0.637689585805192,0.04411996578487831
REACTOME_NEGATIVE_EPIGENETIC_REGULATION_OF_RRNA_EXPRESSION,0.48375865725356637,0.4951901409468548,-0.011431483693288447
REACTOME_NEGATIVE_FEEDBACK_REGULATION_OF_MAPK_PATHWAY,0.5177112363300471,0.4763696067494715,0.041341629580575634
REACTOME_NEGATIVE_REGULATION_OF_ACTIVITY_OF_TFAP2_AP_2_FAMILY_TRANSCRIPTION_FACTORS,0.500613694326518,0.49938630567348213,0.001227388653035899
REACTOME_NEGATIVE_REGULATION_OF_FGFR1_SIGNALING,0.5564574143932137,0.5432390479419027,0.013218366451311026
REACTOME_NEGATIVE_REGULATION_OF_FGFR2_SIGNALING,0.5612893641427101,0.5432390479419027,0.018050316200807437
REACTOME_NEGATIVE_REGULATION_OF_FGFR3_SIGNALING,0.4484408895668844,0.5444685717551805,-0.0960276821882961
REACTOME_NEGATIVE_REGULATION_OF_FGFR4_SIGNALING,0.5044950871605259,0.5444685717551805,-0.03997348459465455
REACTOME_NEGATIVE_REGULATION_OF_FLT3,0.5238270743574481,0.54721750844538,-0.023390434087931844
REACTOME_NEGATIVE_REGULATION_OF_MAPK_PATHWAY,0.5609517624598097,0.4646094726219899,0.09634228983781978
REACTOME_NEGATIVE_REGULATION_OF_MET_ACTIVITY,0.5194782456735084,0.5515775877813649,-0.03209934210785648
REACTOME_NEGATIVE_REGULATION_OF_NMDA_RECEPTOR_MEDIATED_NEURONAL_TRANSMISSION,0.49859194394186057,0.4989465447851503,-0.00035460084328975405
REACTOME_NEGATIVE_REGULATION_OF_NOTCH4_SIGNALING,0.457365284528169,0.5388783116335355,-0.08151302710536651
REACTOME_NEGATIVE_REGULATION_OF_TCF_DEPENDENT_SIGNALING_BY_DVL_INTERACTING_PROTEINS,0.4972835834427193,0.4972027758397093,8.080760300999135e-05
REACTOME_NEGATIVE_REGULATION_OF_TCF_DEPENDENT_SIGNALING_BY_WNT_LIGAND_ANTAGONISTS,0.4995933340954213,0.4995933340954213,0.0
REACTOME_NEGATIVE_REGULATION_OF_THE_PI3K_AKT_NETWORK,0.4195464229824706,0.4288790441577417,-0.009332621175271116
REACTOME_NEGATIVE_REGULATORS_OF_DDX58_IFIH1_SIGNALING,0.3154515305485588,0.7080204502363131,-0.3925689196877543
REACTOME_NEPHRIN_FAMILY_INTERACTIONS,0.48657181299412533,0.4747681544463233,0.01180365854780202
REACTOME_NERVOUS_SYSTEM_DEVELOPMENT,0.5625036954696498,0.4045931567128781,0.15791053875677175
REACTOME_NETRIN_1_SIGNALING,0.4843941959117922,0.4852883353239597,-0.0008941394121674828
REACTOME_NETRIN_MEDIATED_REPULSION_SIGNALS,,,
REACTOME_NEUREXINS_AND_NEUROLIGINS,0.5044081204414329,0.49557874011092323,0.008829380330509673
REACTOME_NEUROFASCIN_INTERACTIONS,,,
REACTOME_NEURONAL_SYSTEM,0.513745094058736,0.4687178494140463,0.04502724464468971
REACTOME_NEUROTOXICITY_OF_CLOSTRIDIUM_TOXINS,0.5004133177499483,0.499585450426835,0.0008278673231133515
REACTOME_NEUROTRANSMITTER_CLEARANCE,0.4989789827965212,0.4989773403655656,1.6424309555729266e-06
REACTOME_NEUROTRANSMITTER_RECEPTORS_AND_POSTSYNAPTIC_SIGNAL_TRANSMISSION,0.5079390185095398,0.46051645255936735,0.04742256595017247
REACTOME_NEUROTRANSMITTER_RELEASE_CYCLE,0.5002070284219392,0.49979132914710533,0.0004156992748338695
REACTOME_NEUTROPHIL_DEGRANULATION,0.5333451259875938,0.492562908390457,0.04078221759713674
REACTOME_NF_KB_ACTIVATION_THROUGH_FADD_RIP_1_PATHWAY_MEDIATED_BY_CASPASE_8_AND_10,0.5104540730316778,0.51061634521008,-0.00016227217840225627
REACTOME_NF_KB_IS_ACTIVATED_AND_SIGNALS_SURVIVAL,0.4678170581565092,0.5400895223416599,-0.07227246418515065
REACTOME_NGF_INDEPENDANT_TRKA_ACTIVATION,,,
REACTOME_NGF_STIMULATED_TRANSCRIPTION,0.581734508919714,0.4220405365099262,0.15969397240978783
REACTOME_NICOTINAMIDE_SALVAGING,0.5002117914717101,0.49978820852828987,0.00042358294342026426
REACTOME_NICOTINATE_METABOLISM,0.41049769599785557,0.5859980133155163,-0.1755003173176607
REACTOME_NITRIC_OXIDE_STIMULATES_GUANYLATE_CYCLASE,0.4998058646610613,0.4993812962590679,0.00042456840199339707
REACTOME_NOD1_2_SIGNALING_PATHWAY,0.49727849190675727,0.540399202698317,-0.04312071079155971
REACTOME_NONCANONICAL_ACTIVATION_OF_NOTCH3,,,
REACTOME_NONHOMOLOGOUS_END_JOINING_NHEJ,0.4928089445475892,0.501969110472534,-0.009160165924944785
REACTOME_NONSENSE_MEDIATED_DECAY_NMD,0.5317019559381763,0.4331522388961813,0.09854971704199494
REACTOME_NON_INTEGRIN_MEMBRANE_ECM_INTERACTIONS,0.5330742891230339,0.4657027567875102,0.06737153233552368
REACTOME_NOREPINEPHRINE_NEUROTRANSMITTER_RELEASE_CYCLE,0.4995885710456504,0.4995885710456504,0.0
REACTOME_NOSTRIN_MEDIATED_ENOS_TRAFFICKING,0.5028151266577057,0.5028151266577057,0.0
REACTOME_NOTCH1_INTRACELLULAR_DOMAIN_REGULATES_TRANSCRIPTION,0.47882216677375317,0.5378375031370431,-0.05901533636328998
REACTOME_NOTCH2_ACTIVATION_AND_TRANSMISSION_OF_SIGNAL_TO_THE_NUCLEUS,0.5548853616041689,0.5451398332866884,0.009745528317480545
REACTOME_NOTCH2_INTRACELLULAR_DOMAIN_REGULATES_TRANSCRIPTION,0.4906769870458186,0.5068608447088102,-0.01618385766299163
REACTOME_NOTCH3_ACTIVATION_AND_TRANSMISSION_OF_SIGNAL_TO_THE_NUCLEUS,0.5488321823177197,0.5451372053971595,0.0036949769205602
REACTOME_NOTCH3_INTRACELLULAR_DOMAIN_REGULATES_TRANSCRIPTION,0.49980348313617595,0.500189947140002,-0.00038646400382602586
REACTOME_NOTCH4_ACTIVATION_AND_TRANSMISSION_OF_SIGNAL_TO_THE_NUCLEUS,,,
REACTOME_NOTCH4_INTRACELLULAR_DOMAIN_REGULATES_TRANSCRIPTION,0.5095380071662546,0.5093226844679902,0.00021532269826440853
REACTOME_NOTCH_HLH_TRANSCRIPTION_PATHWAY,0.5070782204457688,0.4957554656817337,0.011322754764035103
REACTOME_NR1H2_AND_NR1H3_MEDIATED_SIGNALING,0.5106391750003613,0.4807126048035193,0.029926570196841973
REACTOME_NR1H2_NR1H3_REGULATE_GENE_EXPRESSION_LINKED_TO_GLUCONEOGENESIS,0.5039131738729967,0.49608682612700317,0.007826347745993556
REACTOME_NR1H2_NR1H3_REGULATE_GENE_EXPRESSION_LINKED_TO_LIPOGENESIS,0.49608682612700317,0.49608682612700317,0.0
REACTOME_NR1H2_NR1H3_REGULATE_GENE_EXPRESSION_LINKED_TO_TRIGLYCERIDE_LIPOLYSIS_IN_ADIPOSE,0.49608682612700317,0.49608682612700317,0.0
REACTOME_NR1H2_NR1H3_REGULATE_GENE_EXPRESSION_TO_CONTROL_BILE_ACID_HOMEOSTASIS,0.5065447588714266,0.4934023548518068,0.013142404019619802
REACTOME_NR1H2_NR1H3_REGULATE_GENE_EXPRESSION_TO_LIMIT_CHOLESTEROL_UPTAKE,0.49757002340135625,0.49735782132190726,0.0002122020794489976
REACTOME_NR1H3_NR1H2_REGULATE_GENE_EXPRESSION_LINKED_TO_CHOLESTEROL_TRANSPORT_AND_EFFLUX,0.503211691611908,0.47973314110321436,0.023478550508693685
REACTOME_NRAGE_SIGNALS_DEATH_THROUGH_JNK,0.5266067245065151,0.4551841362192816,0.07142258828723352
REACTOME_NRCAM_INTERACTIONS,0.49876456343528225,0.49876456343528225,0.0
REACTOME_NRIF_SIGNALS_CELL_DEATH_FROM_THE_NUCLEUS,0.437613902586763,0.553683512752491,-0.11606961016572792
REACTOME_NS1_MEDIATED_EFFECTS_ON_HOST_PATHWAYS,0.8979316210005165,0.8234022103178827,0.07452941068263375
REACTOME_NTRK2_ACTIVATES_RAC1,0.4813995515506519,0.4813995515506519,0.0
REACTOME_NUCLEAR_ENVELOPE_BREAKDOWN,0.5037256903794278,0.5063742745382469,-0.0026485841588190784
REACTOME_NUCLEAR_ENVELOPE_NE_REASSEMBLY,0.49990055080564516,0.47861431713633623,0.02128623366930893
REACTOME_NUCLEAR_EVENTS_KINASE_AND_TRANSCRIPTION_FACTOR_ACTIVATION,0.5171624180262709,0.4301888007231952,0.08697361730307573
REACTOME_NUCLEAR_EVENTS_STIMULATED_BY_ALK_SIGNALING_IN_CANCER,0.5374402812104585,0.4756966206654604,0.06174366054499808
REACTOME_NUCLEAR_IMPORT_OF_REV_PROTEIN,0.5196415854320316,0.5089285010386734,0.010713084393358274
REACTOME_NUCLEAR_PORE_COMPLEX_NPC_DISASSEMBLY,0.48345932421192883,0.5089285010386734,-0.025469176826744544
REACTOME_NUCLEAR_RECEPTOR_TRANSCRIPTION_PATHWAY,0.5011428034588282,0.49311000214173006,0.00803280131709816
REACTOME_NUCLEAR_SIGNALING_BY_ERBB4,0.512344511061444,0.48101530482861565,0.03132920623282831
REACTOME_NUCLEOTIDE_BINDING_DOMAIN_LEUCINE_RICH_REPEAT_CONTAINING_RECEPTOR_NLR_SIGNALING_PATHWAYS,0.4998444617885153,0.5618989523918393,-0.062054490603323964
REACTOME_NUCLEOTIDE_BIOSYNTHESIS,0.5067868531942655,0.507165926258792,-0.0003790730645264473
REACTOME_NUCLEOTIDE_CATABOLISM,0.5744150153665839,0.5608966589012532,0.013518356465330728
REACTOME_NUCLEOTIDE_EXCISION_REPAIR,0.4690093809086453,0.45344923640100016,0.015560144507645146
REACTOME_NUCLEOTIDE_LIKE_PURINERGIC_RECEPTORS,0.5009859513025791,0.4997606978097855,0.0012252534927935654
REACTOME_NUCLEOTIDE_SALVAGE,0.5736424158451228,0.5631816088465273,0.010460806998595418
REACTOME_N_GLYCAN_ANTENNAE_ELONGATION,0.49352019927286295,0.5011517547075357,-0.007631555434672754
REACTOME_N_GLYCAN_ANTENNAE_ELONGATION_IN_THE_MEDIAL_TRANS_GOLGI,0.5187186213565953,0.48139733426886194,0.03732128708773336
REACTOME_N_GLYCAN_TRIMMING_AND_ELONGATION_IN_THE_CIS_GOLGI,0.49941800459092295,0.4993592055627166,5.879902820632443e-05
REACTOME_N_GLYCAN_TRIMMING_IN_THE_ER_AND_CALNEXIN_CALRETICULIN_CYCLE,0.5439085027993593,0.52726813145229,0.016640371347069305
REACTOME_OAS_ANTIVIRAL_RESPONSE,0.737053127385631,0.7248961819393037,0.012156945446327283
REACTOME_OLFACTORY_SIGNALING_PATHWAY,0.5004104434957763,0.49958955650422365,0.000820886991552694
REACTOME_ONCOGENE_INDUCED_SENESCENCE,0.46390043517850593,0.5334944229614476,-0.06959398778294162
REACTOME_ONCOGENIC_MAPK_SIGNALING,0.5537515093940482,0.42928858431649247,0.12446292507755569
REACTOME_OPIOID_SIGNALLING,0.5068298027637514,0.49893660807786966,0.007893194685881788
REACTOME_OPSINS,,,
REACTOME_ORC1_REMOVAL_FROM_CHROMATIN,0.5582690978586643,0.5154207021195243,0.04284839573914001
REACTOME_OREXIN_AND_NEUROPEPTIDES_FF_AND_QRFP_BIND_TO_THEIR_RESPECTIVE_RECEPTORS,,,
REACTOME_ORGANELLE_BIOGENESIS_AND_MAINTENANCE,0.48416409133492844,0.4843606903203003,-0.00019659898537188747
REACTOME_ORGANIC_ANION_TRANSPORT,,,
REACTOME_ORGANIC_ANION_TRANSPORTERS,,,
REACTOME_ORGANIC_CATION_ANION_ZWITTERION_TRANSPORT,,,
REACTOME_ORGANIC_CATION_TRANSPORT,,,
REACTOME_OTHER_INTERLEUKIN_SIGNALING,0.49861912617417387,0.5039535776745019,-0.005334451500328019
REACTOME_OTHER_SEMAPHORIN_INTERACTIONS,0.4975022731244424,0.49852673943292763,-0.001024466308485239
REACTOME_OVARIAN_TUMOR_DOMAIN_PROTEASES,0.4368123962804852,0.5410335095333263,-0.10422111325284111
REACTOME_OXIDATIVE_STRESS_INDUCED_SENESCENCE,0.4829670876545692,0.5131357521742501,-0.03016866451968092
REACTOME_O_GLYCOSYLATION_OF_TSR_DOMAIN_CONTAINING_PROTEINS,0.48372326286647566,0.45399690500310746,0.02972635786336819
REACTOME_O_LINKED_GLYCOSYLATION,0.48097514739175407,0.45990472914999597,0.021070418241758093
REACTOME_O_LINKED_GLYCOSYLATION_OF_MUCINS,0.5024485360684409,0.4942041896442758,0.00824434642416505
REACTOME_P130CAS_LINKAGE_TO_MAPK_SIGNALING_FOR_INTEGRINS,0.49878558655151256,0.5004023955840944,-0.001616809032581823
REACTOME_P2Y_RECEPTORS,0.5006124625033013,0.5006124625033013,0.0
REACTOME_P38MAPK_EVENTS,0.49023459826795796,0.4861515149126161,0.004083083355341854
REACTOME_P75NTR_NEGATIVELY_REGULATES_CELL_CYCLE_VIA_SC1,,,
REACTOME_P75NTR_RECRUITS_SIGNALLING_COMPLEXES,0.5467679750928631,0.5426175520683462,0.004150423024516958
REACTOME_P75NTR_REGULATES_AXONOGENESIS,0.4997977346278317,0.5002022653721683,-0.0004045307443365509
REACTOME_P75NTR_SIGNALS_VIA_NF_KB,0.47417679718080014,0.5391087446965904,-0.06493194751579029
REACTOME_P75_NTR_RECEPTOR_MEDIATED_SIGNALLING,0.4957874109638179,0.4953604610369389,0.00042694992687897226
REACTOME_PARASITE_INFECTION,0.4760577091110244,0.42771784547221203,0.048339863638812375
REACTOME_PASSIVE_TRANSPORT_BY_AQUAPORINS,0.5095869516087282,0.4912222741230405,0.018364677485687764
REACTOME_PCNA_DEPENDENT_LONG_PATCH_BASE_EXCISION_REPAIR,0.4974387931680128,0.4986032767154534,-0.0011644835474405868
REACTOME_PCP_CE_PATHWAY,0.4403749932660331,0.5284431265578458,-0.08806813329181268
REACTOME_PD_1_SIGNALING,0.4844102917351561,0.4467785851968355,0.0376317065383206
REACTOME_PECAM1_INTERACTIONS,0.5108654198644796,0.4583454052008561,0.05252001466362355
REACTOME_PENTOSE_PHOSPHATE_PATHWAY,0.4938595255082666,0.5072611051326623,-0.013401579624395699
REACTOME_PEPTIDE_HORMONE_BIOSYNTHESIS,,,
REACTOME_PEPTIDE_HORMONE_METABOLISM,0.493343309458957,0.48595729745212973,0.007386012006827258
REACTOME_PEPTIDE_LIGAND_BINDING_RECEPTORS,0.43940604112384324,0.6001233301404476,-0.16071728901660437
REACTOME_PERK_REGULATES_GENE_EXPRESSION,0.5967298214217671,0.5547322049175696,0.04199761650419753
REACTOME_PEROXISOMAL_LIPID_METABOLISM,0.4996071305154474,0.4940698387921169,0.005537291723330506
REACTOME_PEROXISOMAL_PROTEIN_IMPORT,0.4543694904653598,0.5223007632705137,-0.06793127280515388
REACTOME_PEXOPHAGY,0.5565052912555661,0.5482114255380932,0.008293865717472926
REACTOME_PHASE_0_RAPID_DEPOLARISATION,0.5053089938205177,0.4946890352623357,0.010619958558182041
REACTOME_PHASE_1_INACTIVATION_OF_FAST_NA_CHANNELS,0.49959546925566345,0.5004045307443366,-0.0008090614886731018
REACTOME_PHASE_2_PLATEAU_PHASE,0.5002022653721683,0.5002022653721683,0.0
REACTOME_PHASE_3_RAPID_REPOLARISATION,,,
REACTOME_PHASE_4_RESTING_MEMBRANE_POTENTIAL,0.500818587588215,0.4991814124117851,0.0016371751764298614
REACTOME_PHASE_II_CONJUGATION_OF_COMPOUNDS,0.4953455149152439,0.46530923033057536,0.03003628458466856
REACTOME_PHASE_I_FUNCTIONALIZATION_OF_COMPOUNDS,0.5051830193662319,0.49797866022308157,0.0072043591431503184
REACTOME_PHENYLALANINE_AND_TYROSINE_METABOLISM,0.5616043823999726,0.5706180434836878,-0.009013661083715263
REACTOME_PHENYLALANINE_METABOLISM,0.42745571349171624,0.5717189649531513,-0.1442632514614351
REACTOME_PHOSPHATE_BOND_HYDROLYSIS_BY_NTPDASE_PROTEINS,0.4993757941153669,0.4993757941153669,0.0
REACTOME_PHOSPHATE_BOND_HYDROLYSIS_BY_NUDT_PROTEINS,0.49225413137082547,0.4910126178115724,0.0012415135592530602
REACTOME_PHOSPHOLIPASE_C_MEDIATED_CASCADE_FGFR2,0.4993814605021634,0.4993824459607367,-9.85458573299347e-07
REACTOME_PHOSPHOLIPASE_C_MEDIATED_CASCADE_FGFR4,0.5008084045162909,0.5004004246669479,0.0004079798493430431
REACTOME_PHOSPHOLIPID_METABOLISM,0.5068065623657313,0.47744909449496564,0.029357467870765652
REACTOME_PHOSPHORYLATION_OF_EMI1,,,
REACTOME_PHOSPHORYLATION_OF_THE_APC_C,0.49899105466404403,0.4961948159623265,0.002796238701717524
REACTOME_PHYSIOLOGICAL_FACTORS,0.5002030044660983,0.4997969955339017,0.00040600893219661094
REACTOME_PI3K_AKT_ACTIVATION,0.5085130481284827,0.49149549251248575,0.017017555615996993
REACTOME_PI3K_AKT_SIGNALING_IN_CANCER,0.5178999516468327,0.4862987588477756,0.03160119279905704
REACTOME_PI3K_EVENTS_IN_ERBB2_SIGNALING,0.5031780217773205,0.4968216497364884,0.0063563720408321145
REACTOME_PI3K_EVENTS_IN_ERBB4_SIGNALING,0.4974513577648223,0.497042720943097,0.0004086368217253167
REACTOME_PI5P_REGULATES_TP53_ACETYLATION,0.5046852806651713,0.4953217817879373,0.009363498877233978
REACTOME_PINK1_PRKN_MEDIATED_MITOPHAGY,0.4478525707986287,0.5370868300688376,-0.0892342592702089
REACTOME_PIWI_INTERACTING_RNA_PIRNA_BIOGENESIS,0.4849517190996325,0.48349668951616614,0.0014550295834663274
REACTOME_PI_3K_CASCADE_FGFR1,0.497782636088544,0.4957433938142108,0.0020392422743332195
REACTOME_PI_3K_CASCADE_FGFR2,0.49592718183812984,0.4957433938142108,0.00018378802391905147
REACTOME_PI_3K_CASCADE_FGFR3,0.4974513577648223,0.497042720943097,0.0004086368217253167
REACTOME_PI_3K_CASCADE_FGFR4,0.4974513577648223,0.497042720943097,0.0004086368217253167
REACTOME_PI_METABOLISM,0.5006298722714294,0.4765181646293954,0.02411170764203402
REACTOME_PKA_ACTIVATION_IN_GLUCAGON_SIGNALLING,0.49710521544095343,0.4967038053154322,0.000401410125521251
REACTOME_PKA_MEDIATED_PHOSPHORYLATION_OF_CREB,0.4966924725418393,0.4967038053154322,-1.133277359288698e-05
REACTOME_PKA_MEDIATED_PHOSPHORYLATION_OF_KEY_METABOLIC_FACTORS,0.49916860145033226,0.49916860145033226,0.0
REACTOME_PKMTS_METHYLATE_HISTONE_LYSINES,0.48339083484108497,0.47744145719102266,0.005949377650062315
REACTOME_PLASMA_LIPOPROTEIN_ASSEMBLY,0.5014473101579755,0.4985526898420244,0.002894620315951113
REACTOME_PLASMA_LIPOPROTEIN_ASSEMBLY_REMODELING_AND_CLEARANCE,0.4899810890499786,0.4810621962323947,0.008918892817583901
REACTOME_PLASMA_LIPOPROTEIN_CLEARANCE,0.5119358742397188,0.48711282975086284,0.024823044488855917
REACTOME_PLASMA_LIPOPROTEIN_REMODELING,0.5072956783042756,0.4914677354293381,0.015827942874937495
REACTOME_PLATELET_ACTIVATION_SIGNALING_AND_AGGREGATION,0.5328133068442069,0.41760186685272127,0.11521143999148564
REACTOME_PLATELET_ADHESION_TO_EXPOSED_COLLAGEN,0.512285547790142,0.4776269697674449,0.03465857802269712
REACTOME_PLATELET_AGGREGATION_PLUG_FORMATION,0.5058103458696803,0.4934500674710636,0.012360278398616698
REACTOME_PLATELET_CALCIUM_HOMEOSTASIS,0.5124356659794737,0.4933417491495492,0.01909391682992445
REACTOME_PLATELET_HOMEOSTASIS,0.5128653259174291,0.4881807383581208,0.024684587559308246
REACTOME_PLATELET_SENSITIZATION_BY_LDL,0.5003915555397882,0.5003915555397882,0.0
REACTOME_POLB_DEPENDENT_LONG_PATCH_BASE_EXCISION_REPAIR,0.5042099611466533,0.49484202770583935,0.009367933440813936
REACTOME_POLO_LIKE_KINASE_MEDIATED_EVENTS,0.5017698835976333,0.49897742248711346,0.0027924611105198394
REACTOME_POLYMERASE_SWITCHING,0.49874263698202664,0.4986864658433489,5.6171138677729715e-05
REACTOME_POLYMERASE_SWITCHING_ON_THE_C_STRAND_OF_THE_TELOMERE,0.5087861843963805,0.4978771579900324,0.010909026406348055
REACTOME_POSITIVE_EPIGENETIC_REGULATION_OF_RRNA_EXPRESSION,0.45788412846700755,0.40917291118915944,0.04871121727784811
REACTOME_POSTMITOTIC_NUCLEAR_PORE_COMPLEX_NPC_REFORMATION,0.485775562466905,0.5140298094648698,-0.02825424699796475
REACTOME_POST_CHAPERONIN_TUBULIN_FOLDING_PATHWAY,0.47475517924177507,0.47838987894626883,-0.00363469970449376
REACTOME_POST_TRANSLATIONAL_MODIFICATION_SYNTHESIS_OF_GPI_ANCHORED_PROTEINS,0.704320299658243,0.6204559683970006,0.08386433126124249
REACTOME_POST_TRANSLATIONAL_PROTEIN_MODIFICATION,0.43981098247591865,0.43088190658641096,0.008929075889507698
REACTOME_POTASSIUM_CHANNELS,0.5010744783310799,0.48779082524928824,0.013283653081791635
REACTOME_POTENTIAL_THERAPEUTICS_FOR_SARS,0.4739744496870841,0.49930911141857415,-0.02533466173149007
REACTOME_POU5F1_OCT4_SOX2_NANOG_ACTIVATE_GENES_RELATED_TO_PROLIFERATION,0.5006115591662759,0.4993864699165776,0.0012250892496982746
REACTOME_POU5F1_OCT4_SOX2_NANOG_REPRESS_GENES_RELATED_TO_DIFFERENTIATION,0.49726518821601784,0.49302180359942027,0.0042433846165975675
REACTOME_PP2A_MEDIATED_DEPHOSPHORYLATION_OF_KEY_METABOLIC_FACTORS,,,
REACTOME_PRC2_METHYLATES_HISTONES_AND_DNA,0.5055904243647404,0.48351336019036434,0.022077064174376104
REACTOME_PREGNENOLONE_BIOSYNTHESIS,0.5020344792245623,0.4979655207754376,0.004068958449124749
REACTOME_PRESYNAPTIC_DEPOLARIZATION_AND_CALCIUM_CHANNEL_OPENING,0.4997977346278317,0.5002022653721683,-0.0004045307443365509
REACTOME_PRESYNAPTIC_FUNCTION_OF_KAINATE_RECEPTORS,0.49509274479119453,0.4971078433304821,-0.002015098539287552
REACTOME_PRESYNAPTIC_NICOTINIC_ACETYLCHOLINE_RECEPTORS,0.49817690163940886,0.5001980771732318,-0.002021175533822972
REACTOME_PREVENTION_OF_PHAGOSOMAL_LYSOSOMAL_FUSION,0.5392340621784941,0.5515775877813649,-0.012343525602870775
REACTOME_PRE_NOTCH_EXPRESSION_AND_PROCESSING,0.4831590878332656,0.4679953440367273,0.015163743796538287
REACTOME_PRE_NOTCH_PROCESSING_IN_GOLGI,0.49959661895733226,0.5008079117870045,-0.0012112928296721948
REACTOME_PRE_NOTCH_PROCESSING_IN_THE_ENDOPLASMIC_RETICULUM,,,
REACTOME_PROCESSING_AND_ACTIVATION_OF_SUMO,0.5030040062175867,0.4974199052120247,0.005584101005561948
REACTOME_PROCESSING_OF_CAPPED_INTRONLESS_PRE_MRNA,0.502062646915449,0.4868668757152787,0.015195771200170294
REACTOME_PROCESSING_OF_CAPPED_INTRON_CONTAINING_PRE_MRNA,0.4920199207165729,0.4439164028922552,0.04810351782431771
REACTOME_PROCESSING_OF_DNA_DOUBLE_STRAND_BREAK_ENDS,0.5325491218250167,0.5340172908561269,-0.0014681690311102447
REACTOME_PROCESSING_OF_INTRONLESS_PRE_MRNAS,0.5009377459540356,0.4868668757152787,0.014070870238756916
REACTOME_PROCESSING_OF_SMDT1,0.49052851128744246,0.49052539066862705,3.120618815410925e-06
REACTOME_PROCESSIVE_SYNTHESIS_ON_THE_C_STRAND_OF_THE_TELOMERE,0.49613100751970585,0.4942348209815956,0.001896186538110245
REACTOME_PROCESSIVE_SYNTHESIS_ON_THE_LAGGING_STRAND,0.5003375195613526,0.49337755414437884,0.006959965416973801
REACTOME_PROGRAMMED_CELL_DEATH,0.47007745375899884,0.5629628370432564,-0.0928853832842576
REACTOME_PROLACTIN_RECEPTOR_SIGNALING,0.49797907083082055,0.49711925822562275,0.0008598126051977961
REACTOME_PROLONGED_ERK_ACTIVATION_EVENTS,0.4736848891096316,0.4736806187891473,4.270320484278667e-06
REACTOME_PROPIONYL_COA_CATABOLISM,0.4990391778910398,0.5009608221089601,-0.001921644217920293
REACTOME_PROSTACYCLIN_SIGNALLING_THROUGH_PROSTACYCLIN_RECEPTOR,0.4997605335666899,0.4970899408330673,0.0026705927336226343
REACTOME_PROSTANOID_LIGAND_RECEPTORS,0.49528950801966193,0.5046367468304367,-0.00934723881077476
REACTOME_PROTEIN_FOLDING,0.4468313072305066,0.4349033166593743,0.011927990571132308
REACTOME_PROTEIN_LOCALIZATION,0.490940350849531,0.4891847564012104,0.0017555944483206298
REACTOME_PROTEIN_METHYLATION,0.5151515898074677,0.48522370566586126,0.02992788414160641
REACTOME_PROTEIN_PROTEIN_INTERACTIONS_AT_SYNAPSES,0.5027755440716783,0.4934512992942802,0.009324244777398127
REACTOME_PROTEIN_REPAIR,0.43562861416931753,0.5643713858306826,-0.12874277166136505
REACTOME_PROTEIN_UBIQUITINATION,0.5390382844086001,0.494323101645453,0.04471518276314712
REACTOME_PROTON_COUPLED_MONOCARBOXYLATE_TRANSPORT,0.4964264808485982,0.503144023456542,-0.006717542607943772
REACTOME_PTEN_REGULATION,0.49231703647642056,0.4869180374395421,0.00539899903687846
REACTOME_PTK6_EXPRESSION,0.5015254898714566,0.49984807513661733,0.0016774147348392887
REACTOME_PTK6_PROMOTES_HIF1A_STABILIZATION,0.5004060089321964,0.4995939910678035,0.0008120178643929443
REACTOME_PTK6_REGULATES_CELL_CYCLE,0.5011833715034288,0.49958906377493695,0.001594307728491895
REACTOME_PTK6_REGULATES_PROTEINS_INVOLVED_IN_RNA_PROCESSING,0.49959349833851685,0.4995933340954213,1.642430955683949e-07
REACTOME_PTK6_REGULATES_RHO_GTPASES_RAS_GTPASE_AND_MAP_KINASES,0.4832136986625356,0.4927668983151286,-0.009553199652592992
REACTOME_PTK6_REGULATES_RTKS_AND_THEIR_EFFECTORS_AKT1_AND_DOK1,0.442502105596485,0.5511227986497904,-0.1086206930533054
REACTOME_PURINERGIC_SIGNALING_IN_LEISHMANIASIS_INFECTION,0.4691928404463733,0.5263517371006757,-0.057158896654302405
REACTOME_PURINE_CATABOLISM,0.517368460989637,0.48313888593251314,0.03422957505712382
REACTOME_PURINE_RIBONUCLEOSIDE_MONOPHOSPHATE_BIOSYNTHESIS,0.49301359144464285,0.5069864085553571,-0.013972817110714297
REACTOME_PURINE_SALVAGE,0.49783429054209416,0.49679660266441716,0.001037687877676996
REACTOME_PYRIMIDINE_CATABOLISM,0.39698566289170334,0.5839780696049099,-0.1869924067132066
REACTOME_PYRIMIDINE_SALVAGE,0.5976313517732343,0.5975672148444224,6.413692881190869e-05
REACTOME_PYROPTOSIS,0.5457534454916584,0.5170825137602866,0.028670931731371807
REACTOME_PYRUVATE_METABOLISM,0.5177354621866407,0.48690867558309575,0.03082678660354493
REACTOME_PYRUVATE_METABOLISM_AND_CITRIC_ACID_TCA_CYCLE,0.5122096674799985,0.47740277794202085,0.03480688953797767
REACTOME_RAB_GEFS_EXCHANGE_GTP_FOR_GDP_ON_RABS,0.49964080035003483,0.4869142598483445,0.012726540501690309
REACTOME_RAB_GERANYLGERANYLATION,0.5142463639863507,0.48540297700465274,0.02884338698169797
REACTOME_RAB_REGULATION_OF_TRAFFICKING,0.4840193931677501,0.4672232372445527,0.016796155923197387
REACTOME_RAC1_GTPASE_CYCLE,0.4439126253010576,0.5077934991268838,-0.06388087382582619
REACTOME_RAC2_GTPASE_CYCLE,0.49488177453496207,0.47898747744942294,0.015894297085539133
REACTOME_RAC3_GTPASE_CYCLE,0.5135516156921796,0.5057400498247855,0.007811565867394066
REACTOME_RAF_ACTIVATION,0.4934811094161224,0.46927808261296305,0.024203026803159333
REACTOME_RAF_INDEPENDENT_MAPK1_3_ACTIVATION,0.4936253148540142,0.44523371464010403,0.048391600213910146
REACTOME_RAP1_SIGNALLING,0.506853618012606,0.4932501836237808,0.013603434388825164
REACTOME_RAS_ACTIVATION_UPON_CA2_INFLUX_THROUGH_NMDA_RECEPTOR,0.5132474374792233,0.4865628617454179,0.026684575733805393
REACTOME_RAS_PROCESSING,0.4730134633350283,0.5247383771731005,-0.05172491383807215
REACTOME_RAS_SIGNALING_DOWNSTREAM_OF_NF1_LOSS_OF_FUNCTION_VARIANTS,0.5117659647573736,0.4882340352426265,0.023531929514747085
REACTOME_RA_BIOSYNTHESIS_PATHWAY,0.49615400155308265,0.49615400155308265,0.0
REACTOME_REACTIONS_SPECIFIC_TO_THE_COMPLEX_N_GLYCAN_SYNTHESIS_PATHWAY,0.518462484249087,0.47826612177377287,0.04019636247531416
REACTOME_RECEPTOR_MEDIATED_MITOPHAGY,0.5094245973087782,0.49369799242379453,0.015726604884983675
REACTOME_RECEPTOR_TYPE_TYROSINE_PROTEIN_PHOSPHATASES,,,
REACTOME_RECOGNITION_AND_ASSOCIATION_OF_DNA_GLYCOSYLASE_WITH_SITE_CONTAINING_AN_AFFECTED_PURINE,0.5020925391588387,0.49940158028136816,0.002690958877470506
REACTOME_RECOGNITION_OF_DNA_DAMAGE_BY_PCNA_CONTAINING_REPLICATION_COMPLEX,0.5118515354101544,0.5276582909257661,-0.015806755515611726
REACTOME_RECRUITMENT_OF_MITOTIC_CENTROSOME_PROTEINS_AND_COMPLEXES,0.5312344379666969,0.48148963888856045,0.04974479907813645
REACTOME_RECRUITMENT_OF_NUMA_TO_MITOTIC_CENTROSOMES,0.4814713257834067,0.4891942003792045,-0.007722874595797846
REACTOME_RECYCLING_OF_BILE_ACIDS_AND_SALTS,,,
REACTOME_RECYCLING_OF_EIF2_GDP,0.4983073106572745,0.4887795686844917,0.009527741972782833
REACTOME_RECYCLING_PATHWAY_OF_L1,0.5749025709957205,0.42624630945764297,0.14865626153807754
REACTOME_REDUCTION_OF_CYTOSOLIC_CA_LEVELS,0.5023910509849987,0.5023910509849987,0.0
REACTOME_REELIN_SIGNALLING_PATHWAY,0.4813995515506519,0.4813995515506519,0.0
REACTOME_REGULATED_NECROSIS,0.6041003124560649,0.6467762529448787,-0.042675940488813846
REACTOME_REGULATED_PROTEOLYSIS_OF_P75NTR,,,
REACTOME_REGULATION_BY_C_FLIP,0.8000800192361512,0.7616842538173378,0.0383957654188134
REACTOME_REGULATION_OF_BACH1_ACTIVITY,0.4428608946387112,0.5480004552818608,-0.10513956064314961
REACTOME_REGULATION_OF_BETA_CELL_DEVELOPMENT,0.49918256211345396,0.49918256211345396,0.0
REACTOME_REGULATION_OF_CHOLESTEROL_BIOSYNTHESIS_BY_SREBP_SREBF,0.4311120932848224,0.44220490771508947,-0.01109281443026705
REACTOME_REGULATION_OF_COMMISSURAL_AXON_PATHFINDING_BY_SLIT_AND_ROBO,0.483817045674034,0.4838313348233467,-1.428914931272951e-05
REACTOME_REGULATION_OF_CYTOSKELETAL_REMODELING_AND_CELL_SPREADING_BY_IPP_COMPLEX_COMPONENTS,,,
REACTOME_REGULATION_OF_EXPRESSION_OF_SLITS_AND_ROBOS,0.5732568551783219,0.4469410216183332,0.1263158335599887
REACTOME_REGULATION_OF_FOXO_TRANSCRIPTIONAL_ACTIVITY_BY_ACETYLATION,0.4396574973031283,0.5486725380288463,-0.109015040725718
REACTOME_REGULATION_OF_FZD_BY_UBIQUITINATION,0.4911082072931818,0.5513670281328714,-0.06025882083968964
REACTOME_REGULATION_OF_GENE_EXPRESSION_BY_HYPOXIA_INDUCIBLE_FACTOR,0.4882882354641576,0.5113023064986394,-0.023014071034481776
REACTOME_REGULATION_OF_GENE_EXPRESSION_IN_BETA_CELLS,,,
REACTOME_REGULATION_OF_GENE_EXPRESSION_IN_EARLY_PANCREATIC_PRECURSOR_CELLS,,,
REACTOME_REGULATION_OF_GENE_EXPRESSION_IN_ENDOCRINE_COMMITTED_NEUROG3_PROGENITOR_CELLS,,,
REACTOME_REGULATION_OF_GENE_EXPRESSION_IN_LATE_STAGE_BRANCHING_MORPHOGENESIS_PANCREATIC_BUD_PRECURSOR_CELLS,0.5008174378865461,0.49918256211345396,0.001634875773092126
REACTOME_REGULATION_OF_GLUCOKINASE_BY_GLUCOKINASE_REGULATORY_PROTEIN,0.482405212024697,0.5089285010386734,-0.02652328901397638
REACTOME_REGULATION_OF_GLYCOLYSIS_BY_FRUCTOSE_2_6_BISPHOSPHATE_METABOLISM,0.5008313985496677,0.49916860145033226,0.001662797099335478
REACTOME_REGULATION_OF_HMOX1_EXPRESSION_AND_ACTIVITY,0.5220660598869744,0.5301187346186341,-0.008052674731659715
REACTOME_REGULATION_OF_HSF1_MEDIATED_HEAT_SHOCK_RESPONSE,0.550684023220032,0.5529070535182842,-0.0022230302982522154
REACTOME_REGULATION_OF_IFNA_SIGNALING,0.38354942797414693,0.6098148224794928,-0.22626539450534588
REACTOME_REGULATION_OF_IFNG_SIGNALING,0.5928422694716758,0.6101186722062578,-0.017276402734581975
REACTOME_REGULATION_OF_INNATE_IMMUNE_RESPONSES_TO_CYTOSOLIC_DNA,0.5617018606771809,0.5522048321632655,0.009497028513915318
REACTOME_REGULATION_OF_INSULIN_LIKE_GROWTH_FACTOR_IGF_TRANSPORT_AND_UPTAKE_BY_INSULIN_LIKE_GROWTH_FACTOR_BINDING_PROTEINS_IGFBPS,0.4918279205378764,0.4740251186820608,0.017802801855815564
REACTOME_REGULATION_OF_INSULIN_SECRETION,0.5066405125961316,0.4925206979149011,0.014119814681230525
REACTOME_REGULATION_OF_KIT_SIGNALING,0.38160922428642946,0.5408744400952874,-0.15926521580885794
REACTOME_REGULATION_OF_LIPID_METABOLISM_BY_PPARALPHA,0.536361286194251,0.46306172781108634,0.07329955838316471
REACTOME_REGULATION_OF_LOCALIZATION_OF_FOXO_TRANSCRIPTION_FACTORS,0.5042759047495162,0.49572409525048383,0.008551809499032392
REACTOME_REGULATION_OF_MECP2_EXPRESSION_AND_ACTIVITY,0.5108574540743456,0.4815106620047907,0.029346792069554872
REACTOME_REGULATION_OF_MRNA_STABILITY_BY_PROTEINS_THAT_BIND_AU_RICH_ELEMENTS,0.5714321143867754,0.5641668210551766,0.0072652933315988655
REACTOME_REGULATION_OF_PLK1_ACTIVITY_AT_G2_M_TRANSITION,0.5244769021649869,0.5080700844997877,0.016406817665199136
REACTOME_REGULATION_OF_PTEN_GENE_TRANSCRIPTION,0.5386634816645579,0.4594079759075088,0.0792555057570491
REACTOME_REGULATION_OF_PTEN_LOCALIZATION,0.5343883981305194,0.5515775877813649,-0.017189189650845482
REACTOME_REGULATION_OF_PTEN_MRNA_TRANSLATION,0.49800666367087265,0.4949686591325075,0.003038004538365169
REACTOME_REGULATION_OF_PTEN_STABILITY_AND_ACTIVITY,0.4621748972166708,0.5382462220803163,-0.07607132486364543
REACTOME_REGULATION_OF_PYRUVATE_DEHYDROGENASE_PDH_COMPLEX,0.5003216701026322,0.4919093029917208,0.008412367110911367
REACTOME_REGULATION_OF_RAS_BY_GAPS,0.5510692554006414,0.5178184870714404,0.03325076832920104
REACTOME_REGULATION_OF_RUNX1_EXPRESSION_AND_ACTIVITY,0.5013843229308327,0.49563023032137765,0.00575409260945503
REACTOME_REGULATION_OF_RUNX2_EXPRESSION_AND_ACTIVITY,0.522092831511549,0.5280326009405217,-0.005939769428972785
REACTOME_REGULATION_OF_RUNX3_EXPRESSION_AND_ACTIVITY,0.4821714119781833,0.5388783116335355,-0.056706899655352194
REACTOME_REGULATION_OF_SIGNALING_BY_CBL,0.5493453598697619,0.5181199552733202,0.03122540459644163
REACTOME_REGULATION_OF_SIGNALING_BY_NODAL,,,
REACTOME_REGULATION_OF_TLR_BY_ENDOGENOUS_LIGAND,0.5836610804305009,0.44239165211472836,0.14126942831577255
REACTOME_REGULATION_OF_TNFR1_SIGNALING,0.47038869442506376,0.5477647664397484,-0.0773760720146846
REACTOME_REGULATION_OF_TP53_ACTIVITY,0.4486349427842752,0.5062147123709214,-0.057579769586646234
REACTOME_REGULATION_OF_TP53_ACTIVITY_THROUGH_ACETYLATION,0.5003505768874488,0.47699290929707894,0.023357667590369835
REACTOME_REGULATION_OF_TP53_ACTIVITY_THROUGH_ASSOCIATION_WITH_CO_FACTORS,,,
REACTOME_REGULATION_OF_TP53_ACTIVITY_THROUGH_METHYLATION,0.4502945371432476,0.5380906838688315,-0.08779614672558395
REACTOME_REGULATION_OF_TP53_ACTIVITY_THROUGH_PHOSPHORYLATION,0.4975273201965136,0.516042854965463,-0.018515534768949404
REACTOME_REGULATION_OF_TP53_EXPRESSION_AND_DEGRADATION,0.44715987554315184,0.5702872578892528,-0.12312738234610099
REACTOME_RELAXIN_RECEPTORS,0.4997977346278317,0.5002022653721683,-0.0004045307443365509
REACTOME_RELEASE_OF_APOPTOTIC_FACTORS_FROM_THE_MITOCHONDRIA,,,
REACTOME_RELEASE_OF_HH_NP_FROM_THE_SECRETING_CELL,,,
REACTOME_REMOVAL_OF_AMINOTERMINAL_PROPEPTIDES_FROM_GAMMA_CARBOXYLATED_PROTEINS,0.4997977346278317,0.5002022653721683,-0.0004045307443365509
REACTOME_REPRESSION_OF_WNT_TARGET_GENES,0.5044976329285069,0.49245434370429936,0.012043289224207554
REACTOME_REPRODUCTION,0.525222237332587,0.45173051452763024,0.07349172280495675
REACTOME_RESOLUTION_OF_ABASIC_SITES_AP_SITES,0.5188578995016206,0.47745796362212517,0.041399935879495475
REACTOME_RESOLUTION_OF_AP_SITES_VIA_THE_MULTIPLE_NUCLEOTIDE_PATCH_REPLACEMENT_PATHWAY,0.4978808534596822,0.49364600948405335,0.004234843975628844
REACTOME_RESOLUTION_OF_D_LOOP_STRUCTURES,0.4989662539566162,0.49653135006510596,0.0024349038915102428
REACTOME_RESOLUTION_OF_D_LOOP_STRUCTURES_THROUGH_SYNTHESIS_DEPENDENT_STRAND_ANNEALING_SDSA,0.5027765295302516,0.49822338243544917,0.004553147094802479
REACTOME_RESOLUTION_OF_SISTER_CHROMATID_COHESION,0.500586019364918,0.48267186069032025,0.017914158674597724
REACTOME_RESPIRATORY_ELECTRON_TRANSPORT,0.47784450974749937,0.4604598708129508,0.017384638934548557
REACTOME_RESPIRATORY_ELECTRON_TRANSPORT_ATP_SYNTHESIS_BY_CHEMIOSMOTIC_COUPLING_AND_HEAT_PRODUCTION_BY_UNCOUPLING_PROTEINS,0.5023012921332813,0.4604598708129508,0.04184142132033053
REACTOME_RESPONSE_OF_EIF2AK1_HRI_TO_HEME_DEFICIENCY,0.5015263110869345,0.5027080401594078,-0.0011817290724733809
REACTOME_RESPONSE_OF_EIF2AK4_GCN2_TO_AMINO_ACID_DEFICIENCY,0.3943782216283192,0.4459609009456461,-0.05158267931732691
REACTOME_RESPONSE_OF_MTB_TO_PHAGOCYTOSIS,0.5023558208410035,0.5574096137396576,-0.055053792898654086
REACTOME_RESPONSE_TO_ELEVATED_PLATELET_CYTOSOLIC_CA2,0.531014516461757,0.44240906188285656,0.08860545457890046
REACTOME_RESPONSE_TO_METAL_IONS,0.5000082942763252,0.4999220666511621,8.622762516308224e-05
REACTOME_RETINOID_CYCLE_DISEASE_EVENTS,0.496730412696911,0.496730412696911,0.0
REACTOME_RETROGRADE_NEUROTROPHIN_SIGNALLING,0.4997983094786662,0.5002016905213339,-0.00040338104266768315
REACTOME_RETROGRADE_TRANSPORT_AT_THE_TRANS_GOLGI_NETWORK,0.48896023608959527,0.4826240659495156,0.006336170140079644
REACTOME_RET_SIGNALING,0.5228374275852192,0.47734898832822864,0.04548843925699059
REACTOME_REVERSIBLE_HYDRATION_OF_CARBON_DIOXIDE,0.5064063840634269,0.4946789343119594,0.011727449751467445
REACTOME_RHOA_GTPASE_CYCLE,0.48944302866896083,0.4780294474730872,0.011413581195873657
REACTOME_RHOBTB1_GTPASE_CYCLE,0.5137496928654113,0.48537981872818026,0.02836987413723102
REACTOME_RHOBTB2_GTPASE_CYCLE,0.4660511985147169,0.5350173670649234,-0.06896616855020654
REACTOME_RHOBTB3_ATPASE_CYCLE,0.5005944778843388,0.5009926031479489,-0.00039812526361016065
REACTOME_RHOBTB_GTPASE_CYCLE,0.46186817323573354,0.5295001951207975,-0.06763202188506395
REACTOME_RHOB_GTPASE_CYCLE,0.47082870167803886,0.46616444412909774,0.00466425754894112
REACTOME_RHOC_GTPASE_CYCLE,0.4784749568697631,0.46424838417642594,0.014226572693337158
REACTOME_RHOD_GTPASE_CYCLE,0.48548247066289824,0.48408082008548525,0.0014016505774129828
REACTOME_RHOF_GTPASE_CYCLE,0.4074628120783058,0.4216257405721178,-0.01416292849381201
REACTOME_RHOG_GTPASE_CYCLE,0.49594869768364674,0.5121450378219,-0.016196340138253273
REACTOME_RHOH_GTPASE_CYCLE,0.4861286851223348,0.46175205336718056,0.024376631755154254
REACTOME_RHOJ_GTPASE_CYCLE,0.5062517491889675,0.4836105099813814,0.02264123920758615
REACTOME_RHOQ_GTPASE_CYCLE,0.5094222979054406,0.4848766600049667,0.02454563790047387
REACTOME_RHOT1_GTPASE_CYCLE,0.4979772641567694,0.5020380104511166,-0.004060746294347217
REACTOME_RHOU_GTPASE_CYCLE,0.4920949798112386,0.48111615008928255,0.010978829721956074
REACTOME_RHOV_GTPASE_CYCLE,0.5018880565048807,0.4801253536153847,0.021762702889495944
REACTOME_RHO_GTPASES_ACTIVATE_CIT,0.49858332117934423,0.49978344547851894,-0.0012001242991747096
REACTOME_RHO_GTPASES_ACTIVATE_FORMINS,0.4508801459004267,0.4325332066690581,0.018346939231368598
REACTOME_RHO_GTPASES_ACTIVATE_IQGAPS,0.41740272209936846,0.423000044674122,-0.005597322574753538
REACTOME_RHO_GTPASES_ACTIVATE_KTN1,0.5036903781138847,0.4963066655103952,0.007383712603489523
REACTOME_RHO_GTPASES_ACTIVATE_NADPH_OXIDASES,0.4573229919310652,0.4565707585534519,0.000752233377613265
REACTOME_RHO_GTPASES_ACTIVATE_PAKS,0.5004091295510118,0.5008024917648511,-0.00039336221383934333
REACTOME_RHO_GTPASES_ACTIVATE_PKNS,0.5016168090325819,0.5016168090325819,0.0
REACTOME_RHO_GTPASES_ACTIVATE_RHOTEKIN_AND_RHOPHILINS,0.4987811519879327,0.4987811519879327,0.0
REACTOME_RHO_GTPASES_ACTIVATE_ROCKS,0.5006035112545938,0.5006035112545938,0.0
REACTOME_RHO_GTPASES_ACTIVATE_WASPS_AND_WAVES,0.5986561465679106,0.4144809195511039,0.18417522701680666
REACTOME_RHO_GTPASE_CYCLE,0.5458571650064974,0.46276296962028307,0.08309419538621432
REACTOME_RHO_GTPASE_EFFECTORS,0.542080723510545,0.4420768802221092,0.10000384328843581
REACTOME_RIPK1_MEDIATED_REGULATED_NECROSIS,0.582859574124223,0.68693656406072,-0.10407698993649706
REACTOME_RIP_MEDIATED_NFKB_ACTIVATION_VIA_ZBP1,0.4844534876692853,0.5070824086447053,-0.02262892097542002
REACTOME_RMTS_METHYLATE_HISTONE_ARGININES,0.5021619318667082,0.48321895444159313,0.018942977425115082
REACTOME_RNA_POLYMERASE_III_CHAIN_ELONGATION,0.4977341022538094,0.4997015702953879,-0.001967468041578546
REACTOME_RNA_POLYMERASE_III_TRANSCRIPTION,0.5051816232999197,0.4936226869644854,0.011558936335434256
REACTOME_RNA_POLYMERASE_III_TRANSCRIPTION_INITIATION_FROM_TYPE_1_PROMOTER,0.5109091906494434,0.48915190778210066,0.021757282867342742
REACTOME_RNA_POLYMERASE_III_TRANSCRIPTION_INITIATION_FROM_TYPE_3_PROMOTER,0.4987044504623115,0.5010066459326183,-0.002302195470306856
REACTOME_RNA_POLYMERASE_III_TRANSCRIPTION_TERMINATION,0.5054612471700914,0.4997015702953879,0.005759676874703523
REACTOME_RNA_POLYMERASE_II_TRANSCRIBES_SNRNA_GENES,0.5084977735205967,0.48210242987805285,0.02639534364254381
REACTOME_RNA_POLYMERASE_II_TRANSCRIPTION,0.4833785166089188,0.4369746684588873,0.04640384815003146
REACTOME_RNA_POLYMERASE_II_TRANSCRIPTION_TERMINATION,0.5075935331580531,0.45739509465001116,0.050198438508041954
REACTOME_RNA_POLYMERASE_I_PROMOTER_ESCAPE,0.5097644162734687,0.4916497167792061,0.018114699494262587
REACTOME_RNA_POLYMERASE_I_TRANSCRIPTION,0.5152261561728467,0.4700460012062013,0.0451801549666454
REACTOME_RNA_POLYMERASE_I_TRANSCRIPTION_INITIATION,0.49740758697985865,0.4700460012062013,0.027361585773657326
REACTOME_RNA_POLYMERASE_I_TRANSCRIPTION_TERMINATION,0.5006516344815897,0.48912965284265375,0.011521981638935919
REACTOME_RND1_GTPASE_CYCLE,0.5040150867137847,0.4959919757393239,0.00802311097446079
REACTOME_RND2_GTPASE_CYCLE,0.4960289304358226,0.4931361167939222,0.0028928136419003603
REACTOME_RND3_GTPASE_CYCLE,0.5011161960773493,0.49270596412668005,0.0084102319506692
REACTOME_ROBO_RECEPTORS_BIND_AKAP5,0.4996161638857026,0.49833539622661344,0.001280767659089188
REACTOME_ROLE_OF_ABL_IN_ROBO_SLIT_SIGNALING,0.499171229339861,0.4991477425771976,2.34867626634494e-05
REACTOME_ROLE_OF_LAT2_NTAL_LAB_ON_CALCIUM_MOBILIZATION,0.5165812438326718,0.4719100782191318,0.04467116561354001
REACTOME_ROLE_OF_PHOSPHOLIPIDS_IN_PHAGOCYTOSIS,0.47705893502148955,0.4669630761812035,0.010095858840286076
REACTOME_ROLE_OF_SECOND_MESSENGERS_IN_NETRIN_1_SIGNALING,0.4991925809422823,0.5008074190577178,-0.0016148381154354463
REACTOME_RORA_ACTIVATES_GENE_EXPRESSION,0.5052555326929167,0.49477764441238425,0.010477888280532421
REACTOME_ROS_AND_RNS_PRODUCTION_IN_PHAGOCYTES,0.5114501252846331,0.5098486729814852,0.0016014523031478989
REACTOME_RRNA_MODIFICATION_IN_THE_MITOCHONDRION,0.498776717424353,0.498776717424353,0.0
REACTOME_RRNA_MODIFICATION_IN_THE_NUCLEUS_AND_CYTOSOL,0.4966392577788815,0.4519440305518436,0.04469522722703789
REACTOME_RRNA_PROCESSING,0.5124075804101347,0.4331860729738643,0.07922150743627038
REACTOME_RRNA_PROCESSING_IN_THE_MITOCHONDRION,0.498776717424353,0.498776717424353,0.0
REACTOME_RSK_ACTIVATION,0.5000013139447644,0.4999986860552356,2.6278895288167625e-06
REACTOME_RUNX1_AND_FOXP3_CONTROL_THE_DEVELOPMENT_OF_REGULATORY_T_LYMPHOCYTES_TREGS,0.4938518060827758,0.5072303916737948,-0.01337858559101901
REACTOME_RUNX1_INTERACTS_WITH_CO_FACTORS_WHOSE_PRECISE_EFFECT_ON_RUNX1_TARGETS_IS_NOT_KNOWN,0.4967630149513774,0.49572532707370054,0.001037687877676885
REACTOME_RUNX1_REGULATES_ESTROGEN_RECEPTOR_MEDIATED_TRANSCRIPTION,0.4995972759297145,0.500402888313381,-0.0008056123836664986
REACTOME_RUNX1_REGULATES_EXPRESSION_OF_COMPONENTS_OF_TIGHT_JUNCTIONS,0.5012119498020543,0.5012119498020543,0.0
REACTOME_RUNX1_REGULATES_GENES_INVOLVED_IN_MEGAKARYOCYTE_DIFFERENTIATION_AND_PLATELET_FUNCTION,0.5116566609772859,0.45809049991656453,0.05356616106072137
REACTOME_RUNX1_REGULATES_TRANSCRIPTION_OF_GENES_INVOLVED_IN_BCR_SIGNALING,0.49003840989032504,0.489854621866406,0.00018378802391905147
REACTOME_RUNX1_REGULATES_TRANSCRIPTION_OF_GENES_INVOLVED_IN_DIFFERENTIATION_OF_HSCS,0.48548912250826803,0.5336084076697584,-0.04811928516149033
REACTOME_RUNX1_REGULATES_TRANSCRIPTION_OF_GENES_INVOLVED_IN_DIFFERENTIATION_OF_KERATINOCYTES,0.5377823995784865,0.5374457833541593,0.00033661622432723526
REACTOME_RUNX1_REGULATES_TRANSCRIPTION_OF_GENES_INVOLVED_IN_DIFFERENTIATION_OF_MYELOID_CELLS,0.47499817690163937,0.47458888310753194,0.0004092937941074237
REACTOME_RUNX1_REGULATES_TRANSCRIPTION_OF_GENES_INVOLVED_IN_INTERLEUKIN_SIGNALING,,,
REACTOME_RUNX1_REGULATES_TRANSCRIPTION_OF_GENES_INVOLVED_IN_WNT_SIGNALING,0.5004035452857633,0.5004035452857633,0.0
REACTOME_RUNX2_REGULATES_BONE_DEVELOPMENT,0.4998034010146281,0.502905953089544,-0.0031025520749158875
REACTOME_RUNX2_REGULATES_CHONDROCYTE_MATURATION,0.5005930818180265,0.5005930818180265,0.0
REACTOME_RUNX2_REGULATES_GENES_INVOLVED_IN_CELL_MIGRATION,,,
REACTOME_RUNX2_REGULATES_OSTEOBLAST_DIFFERENTIATION,0.5032454435680431,0.5023320877136966,0.000913355854346487
REACTOME_RUNX3_REGULATES_BCL2L11_BIM_TRANSCRIPTION,0.494428299348152,0.49456248595721536,-0.0001341866090633359
REACTOME_RUNX3_REGULATES_CDKN1A_TRANSCRIPTION,0.5009937528496178,0.5009937528496178,0.0
REACTOME_RUNX3_REGULATES_IMMUNE_RESPONSE_AND_CELL_MIGRATION,0.5061224898727708,0.5020515605064994,0.004070929366271403
REACTOME_RUNX3_REGULATES_NOTCH_SIGNALING,0.5008174378865461,0.49918256211345396,0.001634875773092126
REACTOME_RUNX3_REGULATES_P14_ARF,0.510593022690512,0.4894048421492458,0.0211881805412662
REACTOME_RUNX3_REGULATES_WNT_SIGNALING,0.5180413649521001,0.494398078618571,0.02364328633352908
REACTOME_RUNX3_REGULATES_YAP1_MEDIATED_TRANSCRIPTION,,,
REACTOME_SARS_COV_1_INFECTION,0.452506973761837,0.5542813576202883,-0.10177438385845128
REACTOME_SARS_COV_2_INFECTION,0.4900069573375274,0.5087783007277941,-0.018771343390266648
REACTOME_SARS_COV_INFECTIONS,0.4885065966596896,0.49825573832527226,-0.009749141665582661
REACTOME_SCAVENGING_BY_CLASS_A_RECEPTORS,0.3859605987383503,0.3907113302770978,-0.004750731538747499
REACTOME_SCAVENGING_BY_CLASS_B_RECEPTORS,0.5002030044660983,0.4997969955339017,0.00040600893219661094
REACTOME_SCAVENGING_BY_CLASS_F_RECEPTORS,0.4898580709714124,0.5101419290285875,-0.020283858057175086
REACTOME_SCAVENGING_OF_HEME_FROM_PLASMA,0.5056030710830979,0.5020086109370134,0.003594460146084444
REACTOME_SCF_SKP2_MEDIATED_DEGRADATION_OF_P27_P21,0.4680414142250289,0.5289780663200481,-0.060936652095019195
REACTOME_SEALING_OF_THE_NUCLEAR_ENVELOPE_NE_BY_ESCRT_III,0.4814169613187801,0.4865103039548424,-0.005093342636062315
REACTOME_SELECTIVE_AUTOPHAGY,0.4903875085899139,0.4949406556847163,-0.004553147094802368
REACTOME_SELENOAMINO_ACID_METABOLISM,0.46180181902513184,0.43708421860361835,0.024717600421513497
REACTOME_SEMA3A_PAK_DEPENDENT_AXON_REPULSION,0.4514421036518467,0.5256699640110529,-0.0742278603592062
REACTOME_SEMA3A_PLEXIN_REPULSION_SIGNALING_BY_INHIBITING_INTEGRIN_ADHESION,0.47787982201304224,0.47787932928375565,4.927292865941624e-07
REACTOME_SEMA4D_INDUCED_CELL_MIGRATION_AND_GROWTH_CONE_COLLAPSE,0.49524672269327147,0.49483151614772414,0.00041520654554733083
REACTOME_SEMA4D_IN_SEMAPHORIN_SIGNALING,0.5035700700463954,0.49483151614772414,0.008738553898671286
REACTOME_SEMA4D_MEDIATED_INHIBITION_OF_CELL_ATTACHMENT_AND_MIGRATION,0.4952318586931242,0.4952318586931242,0.0
REACTOME_SEMAPHORIN_INTERACTIONS,0.48391526304517213,0.5103687487435403,-0.026453485698368195
REACTOME_SENESCENCE_ASSOCIATED_SECRETORY_PHENOTYPE_SASP,0.48125493550502124,0.4975897325728221,-0.016334797067800833
REACTOME_SENSING_OF_DNA_DOUBLE_STRAND_BREAKS,,,
REACTOME_SENSORY_PERCEPTION,0.4307007464520206,0.42999146264389343,0.0007092838081271813
REACTOME_SENSORY_PERCEPTION_OF_SALTY_TASTE,,,
REACTOME_SENSORY_PERCEPTION_OF_TASTE,0.5012226256032649,0.4991791130084473,0.002043512594817609
REACTOME_SENSORY_PROCESSING_OF_SOUND,0.607659953065893,0.41238575250273635,0.1952742005631567
REACTOME_SENSORY_PROCESSING_OF_SOUND_BY_OUTER_HAIR_CELLS_OF_THE_COCHLEA,0.41285187440790366,0.41264459962132105,0.0002072747865826119
REACTOME_SEPARATION_OF_SISTER_CHROMATIDS,0.48063861328897456,0.4927990899618562,-0.012160476672881615
REACTOME_SERINE_BIOSYNTHESIS,0.49452889824417556,0.5050650928236279,-0.010536194579452318
REACTOME_SEROTONIN_AND_MELATONIN_BIOSYNTHESIS,,,
REACTOME_SEROTONIN_NEUROTRANSMITTER_RELEASE_CYCLE,0.49999457997784696,0.4995885710456504,0.00040600893219655543
REACTOME_SEROTONIN_RECEPTORS,,,
REACTOME_SHC1_EVENTS_IN_EGFR_SIGNALING,0.4881772071315666,0.48777119819937004,0.00040600893219655543
REACTOME_SHC1_EVENTS_IN_ERBB2_SIGNALING,0.5116309569328326,0.4875544794347935,0.02407647749803904
REACTOME_SHC1_EVENTS_IN_ERBB4_SIGNALING,0.48801148584815784,0.48801148584815784,0.0
REACTOME_SHC_MEDIATED_CASCADE_FGFR1,0.48869826835219504,0.4866593545640529,0.002038913788142138
REACTOME_SHC_MEDIATED_CASCADE_FGFR3,0.4884201226698832,0.48801148584815784,0.0004086368217253722
REACTOME_SHC_MEDIATED_CASCADE_FGFR4,0.5115798773301167,0.48801148584815784,0.023568391481958828
REACTOME_SHC_RELATED_EVENTS_TRIGGERED_BY_IGF1R,0.4882340352426265,0.4882340352426265,0.0
REACTOME_SIALIC_ACID_METABOLISM,0.5243922348492314,0.4743830043872616,0.050009230461969756
REACTOME_SIGNALING_BY_ACTIVIN,0.5014017326989608,0.5005677062597642,0.0008340264391966112
REACTOME_SIGNALING_BY_ALK,0.49201565039608874,0.502105596484935,-0.01008994608884628
REACTOME_SIGNALING_BY_ALK_IN_CANCER,0.4634843252959332,0.487249644249455,-0.023765318953521797
REACTOME_SIGNALING_BY_BMP,0.5010233166068164,0.49083942346731635,0.010183893139500078
REACTOME_SIGNALING_BY_BRAF_AND_RAF1_FUSIONS,0.4455325549524549,0.4282019519963419,0.017330602956112995
REACTOME_SIGNALING_BY_CSF3_G_CSF,0.5459196595043538,0.593696497811625,-0.0477768383072712
REACTOME_SIGNALING_BY_CTNNB1_PHOSPHO_SITE_MUTANTS,0.49960844446021174,0.5003915555397882,-0.0007831110795764595
REACTOME_SIGNALING_BY_CYTOSOLIC_FGFR1_FUSION_MUTANTS,0.4927109735410943,0.508139148721466,-0.015428175180371761
REACTOME_SIGNALING_BY_EGFR,0.4448949632555347,0.5197435803943674,-0.07484861713883273
REACTOME_SIGNALING_BY_EGFR_IN_CANCER,0.5328128141149202,0.5269424373938169,0.005870376721103354
REACTOME_SIGNALING_BY_ERBB2,0.47039386808257355,0.5064930222963288,-0.0360991542137552
REACTOME_SIGNALING_BY_ERBB2_ECD_MUTANTS,0.5108301075989368,0.4885460971241691,0.02228401047476769
REACTOME_SIGNALING_BY_ERBB2_IN_CANCER,0.5099598655571717,0.4883127898069421,0.02164707575022956
REACTOME_SIGNALING_BY_ERBB4,0.48886390751405595,0.5086315495219212,-0.019767642007865294
REACTOME_SIGNALING_BY_ERYTHROPOIETIN,0.4978655788517963,0.47565104320644563,0.02221453564535064
REACTOME_SIGNALING_BY_FGFR,0.5293712642907917,0.4998387132801711,0.029532551010620633
REACTOME_SIGNALING_BY_FGFR1,0.46094611249732287,0.5183462822589864,-0.05740016976166351
REACTOME_SIGNALING_BY_FGFR1_IN_DISEASE,0.49832233890051725,0.4993074689876187,-0.000985130087101438
REACTOME_SIGNALING_BY_FGFR2,0.45346672829067614,0.4998141589373866,-0.046347430646710486
REACTOME_SIGNALING_BY_FGFR2_IIIA_TM,0.4988628629279683,0.4846890122683023,0.014173850659665976
REACTOME_SIGNALING_BY_FGFR2_IN_DISEASE,0.4858176908209133,0.4757945916719553,0.010023099148957992
REACTOME_SIGNALING_BY_FGFR3,0.5316062022134713,0.5202254696367075,0.011380732576763863
REACTOME_SIGNALING_BY_FGFR3_FUSIONS_IN_CANCER,0.5124143964986,0.4884881193114405,0.023926277187159506
REACTOME_SIGNALING_BY_FGFR4,0.45703868713267026,0.5203036493501887,-0.06326496221751843
REACTOME_SIGNALING_BY_FGFR4_IN_DISEASE,0.4948338155510619,0.48879837451893193,0.00603544103212994
REACTOME_SIGNALING_BY_FGFR_IN_DISEASE,0.4784115590348814,0.4870860581262885,-0.008674499091407106
REACTOME_SIGNALING_BY_FLT3_FUSION_PROTEINS,0.48695762002556936,0.48264410360717247,0.00431351641839689
REACTOME_SIGNALING_BY_FLT3_ITD_AND_TKD_MUTANTS,0.5016756080607883,0.49102099420944545,0.010654613851342809
REACTOME_SIGNALING_BY_GPCR,0.6537367110911392,0.5320022744383872,0.12173443665275197
REACTOME_SIGNALING_BY_HEDGEHOG,0.49246157040050353,0.5179938165759388,-0.025532246175435258
REACTOME_SIGNALING_BY_HIPPO,0.5114360003784161,0.5114749259920611,-3.892561364504665e-05
REACTOME_SIGNALING_BY_INSULIN_RECEPTOR,0.5094637692870667,0.4847273630311129,0.024736406255953802
REACTOME_SIGNALING_BY_INTERLEUKINS,0.40971786978019015,0.5189231040105536,-0.10920523423036349
REACTOME_SIGNALING_BY_KIT_IN_DISEASE,0.5253043588803614,0.45107814095211063,0.07422621792825079
REACTOME_SIGNALING_BY_LEPTIN,0.4894203631217751,0.5086423895662274,-0.01922202644445231
REACTOME_SIGNALING_BY_LRP5_MUTANTS,0.4995933340954213,0.4995933340954213,0.0
REACTOME_SIGNALING_BY_MAPK_MUTANTS,0.5026587672307432,0.49734123276925685,0.005317534461486362
REACTOME_SIGNALING_BY_MEMBRANE_TETHERED_FUSIONS_OF_PDGFRA_OR_PDGFRB,,,
REACTOME_SIGNALING_BY_MET,0.5407751551440281,0.5198422083732444,0.020932946770783722
REACTOME_SIGNALING_BY_MODERATE_KINASE_ACTIVITY_BRAF_MUTANTS,0.5876607282933041,0.4112355581046084,0.1764251701886957
REACTOME_SIGNALING_BY_MRAS_COMPLEX_MUTANTS,0.504286498429179,0.4957135015708209,0.008572996858358162
REACTOME_SIGNALING_BY_MST1,0.502108881346846,0.4978911186531541,0.00421776269369184
REACTOME_SIGNALING_BY_NODAL,0.5054047475452228,0.49656567687207565,0.008839070673147154
REACTOME_SIGNALING_BY_NOTCH,0.5248015286433388,0.5035863301128547,0.021215198530484147
REACTOME_SIGNALING_BY_NOTCH1,0.4681518677067853,0.5309121108916823,-0.06276024318489704
REACTOME_SIGNALING_BY_NOTCH1_HD_DOMAIN_MUTANTS_IN_CANCER,0.5351336511765719,0.5451398332866884,-0.010006182110116502
REACTOME_SIGNALING_BY_NOTCH1_PEST_DOMAIN_MUTANTS_IN_CANCER,0.4625977410661611,0.5347044018463551,-0.07210666078019407
REACTOME_SIGNALING_BY_NOTCH1_T_7_9_NOTCH1_M1580_K2555_TRANSLOCATION_MUTANT,,,
REACTOME_SIGNALING_BY_NOTCH2,0.542520073791138,0.5411688458440584,0.0013512279470795363
REACTOME_SIGNALING_BY_NOTCH3,0.48574082505219646,0.5449458621908452,-0.05920503713864872
REACTOME_SIGNALING_BY_NOTCH4,0.4694407653991041,0.5447585429403718,-0.07531777754126773
REACTOME_SIGNALING_BY_NTRK2_TRKB,0.49041337687746284,0.4738537310118557,0.016559645865607153
REACTOME_SIGNALING_BY_NTRK3_TRKC,0.4948517180484766,0.48879837451893193,0.006053343529544675
REACTOME_SIGNALING_BY_NTRKS,0.46475573109857604,0.413799146461481,0.050956584637095015
REACTOME_SIGNALING_BY_NUCLEAR_RECEPTORS,0.4590048412294844,0.46423368441937435,-0.005228843189889976
REACTOME_SIGNALING_BY_PDGF,0.5012567881671391,0.4484036885057426,0.05285309966139656
REACTOME_SIGNALING_BY_PDGFRA_TRANSMEMBRANE_JUXTAMEMBRANE_AND_KINASE_DOMAIN_MUTANTS,0.49265168178360114,0.4851203146372132,0.007531367146387913
REACTOME_SIGNALING_BY_PDGFR_IN_DISEASE,0.4868652332843232,0.4851203146372132,0.001744918647109961
REACTOME_SIGNALING_BY_PTK6,0.5101652515481554,0.5284087176293283,-0.018243466081172888
REACTOME_SIGNALING_BY_RECEPTOR_TYROSINE_KINASES,0.48079595817451026,0.43950130211926147,0.04129465605524879
REACTOME_SIGNALING_BY_RETINOIC_ACID,0.4968099063551566,0.4866915462107805,0.010118360144376115
REACTOME_SIGNALING_BY_RHO_GTPASES_MIRO_GTPASES_AND_RHOBTB3,0.5582154724879675,0.44363012717671374,0.1145853453112538
REACTOME_SIGNALING_BY_RNF43_MUTANTS,,,
REACTOME_SIGNALING_BY_ROBO_RECEPTORS,0.4617323441957147,0.4327603548702019,0.02897198932551276
REACTOME_SIGNALING_BY_SCF_KIT,0.4973239872442243,0.4980019827426495,-0.0006779954984252323
REACTOME_SIGNALING_BY_TGFB_FAMILY_MEMBERS,0.5413034430608605,0.4845014466531856,0.056801996407674915
REACTOME_SIGNALING_BY_TGF_BETA_RECEPTOR_COMPLEX,0.5085146905594382,0.4884171662941634,0.020097524265274835
REACTOME_SIGNALING_BY_TGF_BETA_RECEPTOR_COMPLEX_IN_CANCER,0.5009948204297388,0.5009902216230635,4.598806675248923e-06
REACTOME_SIGNALING_BY_THE_B_CELL_RECEPTOR_BCR,0.501075545911201,0.47679770637801927,0.02427783953318169
REACTOME_SIGNALING_BY_TYPE_1_INSULIN_LIKE_GROWTH_FACTOR_1_RECEPTOR_IGF1R,0.4997210331022105,0.472688918978224,0.027032114123986484
REACTOME_SIGNALING_BY_VEGF,0.41398572661802446,0.4982320051979655,-0.08424627857994105
REACTOME_SIGNALING_BY_WNT,0.5184761985475654,0.4818016186485552,0.03667457989901024
REACTOME_SIGNALING_BY_WNT_IN_CANCER,0.5067402081551294,0.5025574292407896,0.004182778914339824
REACTOME_SIGNALLING_TO_ERKS,0.5119791522953958,0.4618378703846047,0.05014128191079109
REACTOME_SIGNALLING_TO_P38_VIA_RIT_AND_RIN,0.4957135015708209,0.4957135015708209,0.0
REACTOME_SIGNALLING_TO_RAS,0.5138502917614349,0.4861515149126161,0.02769877684881883
REACTOME_SIGNAL_AMPLIFICATION,0.5031485401416697,0.4968580295821524,0.006290510559517237
REACTOME_SIGNAL_ATTENUATION,0.49734673491295767,0.49734673491295767,0.0
REACTOME_SIGNAL_REGULATORY_PROTEIN_FAMILY_INTERACTIONS,0.5101968683440485,0.5102023704877494,-5.502143700875095e-06
REACTOME_SIGNAL_TRANSDUCTION_BY_L1,0.5200747765965414,0.4807311642733163,0.03934361232322514
REACTOME_SIRT1_NEGATIVELY_REGULATES_RRNA_EXPRESSION,0.5084781464706788,0.4894835967135614,0.018994549757117396
REACTOME_SLBP_DEPENDENT_PROCESSING_OF_REPLICATION_DEPENDENT_HISTONE_PRE_MRNAS,,,
REACTOME_SLC_MEDIATED_TRANSMEMBRANE_TRANSPORT,0.5087271390035307,0.4830235051578902,0.025703633845640506
REACTOME_SLC_TRANSPORTER_DISORDERS,0.4973813902061185,0.5037582926338942,-0.006376902427775666
REACTOME_SMAC_XIAP_REGULATED_APOPTOTIC_RESPONSE,0.4861669537635977,0.5138330462364024,-0.02766609247280466
REACTOME_SMAD2_SMAD3_SMAD4_HETEROTRIMER_REGULATES_TRANSCRIPTION,0.4620251075135304,0.5219974883945829,-0.059972380881052556
REACTOME_SMALL_INTERFERING_RNA_SIRNA_BIOGENESIS,0.5067816795367557,0.4930762501855947,0.01370542935116098
REACTOME_SMOOTH_MUSCLE_CONTRACTION,0.5653458401165732,0.556014368642971,0.009331471473602138
REACTOME_SNRNP_ASSEMBLY,0.4818798804835842,0.5028578298625482,-0.020977949378964023
REACTOME_SODIUM_CALCIUM_EXCHANGERS,,,
REACTOME_SODIUM_COUPLED_PHOSPHATE_COTRANSPORTERS,,,
REACTOME_SODIUM_COUPLED_SULPHATE_DI_AND_TRI_CARBOXYLATE_TRANSPORTERS,,,
REACTOME_SODIUM_PROTON_EXCHANGERS,,,
REACTOME_SOS_MEDIATED_SIGNALLING,0.4918146168471369,0.48650775818686126,0.005306858660275637
REACTOME_SPERM_MOTILITY_AND_TAXES,0.5057116357692555,0.48949772161977856,0.016213914149476927
REACTOME_SPHINGOLIPID_DE_NOVO_BIOSYNTHESIS,0.4944829101774219,0.492193854154759,0.002289056022662883
REACTOME_SPHINGOLIPID_METABOLISM,0.5351973774976447,0.47304072768888933,0.062156649808755404
REACTOME_SPRY_REGULATION_OF_FGF_SIGNALING,0.5483116959479257,0.5449080862788691,0.0034036096690566175
REACTOME_SRP_DEPENDENT_COTRANSLATIONAL_PROTEIN_TARGETING_TO_MEMBRANE,0.445782204457689,0.4483271512232169,-0.002544946765527911
REACTOME_STABILIZATION_OF_P53,0.4630679690487171,0.538334010014887,-0.0752660409661699
REACTOME_STAT3_NUCLEAR_EVENTS_DOWNSTREAM_OF_ALK_SIGNALING,,,
REACTOME_STAT5_ACTIVATION,0.49445852007773294,0.4944659110170327,-7.390939299745103e-06
REACTOME_STAT5_ACTIVATION_DOWNSTREAM_OF_FLT3_ITD_MUTANTS,0.5079088799015067,0.5030154211127272,0.004893458788779448
REACTOME_STIMULI_SENSING_CHANNELS,0.5132561423632873,0.5136293026763741,-0.00037316031308676223
REACTOME_STING_MEDIATED_INDUCTION_OF_HOST_IMMUNE_RESPONSES,0.5004060089321964,0.4995939910678035,0.0008120178643929443
REACTOME_STRIATED_MUSCLE_CONTRACTION,0.5052685900190128,0.4939230054646963,0.011345584554316501
REACTOME_SULFIDE_OXIDATION_TO_SULFATE,0.5093360702802775,0.4906639297197224,0.018672140560555106
REACTOME_SULFUR_AMINO_ACID_METABOLISM,0.5148820668876721,0.4772051934980757,0.03767687338959641
REACTOME_SUMOYLATION,0.521703000524264,0.4702141040144955,0.05148889650976851
REACTOME_SUMOYLATION_OF_CHROMATIN_ORGANIZATION_PROTEINS,0.4929739267370678,0.5084244389784341,-0.015450512241366343
REACTOME_SUMOYLATION_OF_DNA_DAMAGE_RESPONSE_AND_REPAIR_PROTEINS,0.4747557540926094,0.4767003923439067,-0.0019446382512973148
REACTOME_SUMOYLATION_OF_DNA_METHYLATION_PROTEINS,0.5002763390082607,0.4997011596876491,0.0005751793206116296
REACTOME_SUMOYLATION_OF_DNA_REPLICATION_PROTEINS,0.5031849199873335,0.5053429100197486,-0.0021579900324151247
REACTOME_SUMOYLATION_OF_IMMUNE_RESPONSE_PROTEINS,0.4874545375111521,0.5126006481689522,-0.025146110657800147
REACTOME_SUMOYLATION_OF_INTRACELLULAR_RECEPTORS,0.49185904460448293,0.4989413711276405,-0.007082326523157545
REACTOME_SUMOYLATION_OF_RNA_BINDING_PROTEINS,0.5218497517301369,0.5109134609699278,0.010936290760209078
REACTOME_SUMOYLATION_OF_SUMOYLATION_PROTEINS,0.47890666984641295,0.5119719255991917,-0.033065255752778744
REACTOME_SUMOYLATION_OF_TRANSCRIPTION_COFACTORS,0.49972169007459266,0.49034505174971454,0.009376638324878117
REACTOME_SUMOYLATION_OF_TRANSCRIPTION_FACTORS,0.5047161583671346,0.4952936962185984,0.009422462148536148
REACTOME_SUMOYLATION_OF_UBIQUITINYLATION_PROTEINS,0.491301767781286,0.5081825088986909,-0.016880741117404896
REACTOME_SUMO_IS_CONJUGATED_TO_E1_UBA2_SAE1,0.5026346234956975,0.4973653765043024,0.005269246991395138
REACTOME_SUMO_IS_PROTEOLYTICALLY_PROCESSED,0.5002050575047926,0.5002050575047926,0.0
REACTOME_SUMO_IS_TRANSFERRED_FROM_E1_TO_E2_UBE2I_UBC9,0.4973653765043024,0.4973653765043024,0.0
REACTOME_SUPPRESSION_OF_APOPTOSIS,,,
REACTOME_SUPPRESSION_OF_PHAGOSOMAL_MATURATION,0.5455874778436064,0.5599746802843902,-0.014387202440783842
REACTOME_SURFACTANT_METABOLISM,0.49391257602812894,0.4943575105739705,-0.00044493454584154657
REACTOME_SWITCHING_OF_ORIGINS_TO_A_POST_REPLICATIVE_STATE,0.46742476352279105,0.5058254562344708,-0.038400692711679785
REACTOME_SYNAPTIC_ADHESION_LIKE_MOLECULES,0.5024647140133522,0.4971332188887443,0.0053314951246079545
REACTOME_SYNDECAN_INTERACTIONS,0.46607608134369244,0.46566728027887166,0.00040880106482077405
REACTOME_SYNTHESIS_OF_12_EICOSATETRAENOIC_ACID_DERIVATIVES,0.43232938098748214,0.43232921674438657,1.642430955683949e-07
REACTOME_SYNTHESIS_OF_15_EICOSATETRAENOIC_ACID_DERIVATIVES,0.567670947498709,0.43232888825819543,0.13534205924051362
REACTOME_SYNTHESIS_OF_16_20_HYDROXYEICOSATETRAENOIC_ACIDS_HETE,0.5322833764964189,0.4677166235035812,0.0645667529928377
REACTOME_SYNTHESIS_OF_5_EICOSATETRAENOIC_ACIDS,0.5480141695803391,0.4468754065016615,0.10113876307867758
REACTOME_SYNTHESIS_OF_ACTIVE_UBIQUITIN_ROLES_OF_E1_AND_E2_ENZYMES,0.4819770302746013,0.5291242426750864,-0.04714721240048508
REACTOME_SYNTHESIS_OF_BILE_ACIDS_AND_BILE_SALTS,0.49185378882542535,0.5083687605690432,-0.01651497174361788
REACTOME_SYNTHESIS_OF_BILE_ACIDS_AND_BILE_SALTS_VIA_24_HYDROXYCHOLESTEROL,0.5051279979292231,0.5001057725535334,0.005022225375689748
REACTOME_SYNTHESIS_OF_BILE_ACIDS_AND_BILE_SALTS_VIA_27_HYDROXYCHOLESTEROL,0.5025989006224156,0.49740109937758437,0.005197801244831268
REACTOME_SYNTHESIS_OF_BILE_ACIDS_AND_BILE_SALTS_VIA_7ALPHA_HYDROXYCHOLESTEROL,0.5001138204652152,0.5001057725535334,8.047911681852149e-06
REACTOME_SYNTHESIS_OF_DIPHTHAMIDE_EEF2,0.5038201301593683,0.503823907750566,-3.7775911976289933e-06
REACTOME_SYNTHESIS_OF_DNA,0.47688902553914436,0.4962233942609521,-0.019334368721807715
REACTOME_SYNTHESIS_OF_DOLICHYL_PHOSPHATE,0.4929446914660601,0.4928747239073564,6.996755870369853e-05
REACTOME_SYNTHESIS_OF_EPOXY_EET_AND_DIHYDROXYEICOSATRIENOIC_ACIDS_DHET,0.4681656641268114,0.46807073161758417,9.493250922720797e-05
REACTOME_SYNTHESIS_OF_GDP_MANNOSE,0.4993899190215842,0.4993899190215842,0.0
REACTOME_SYNTHESIS_OF_GLYCOSYLPHOSPHATIDYLINOSITOL_GPI,0.4984497915426631,0.49997840203293537,-0.001528610490272253
REACTOME_SYNTHESIS_OF_IP2_IP_AND_INS_IN_THE_CYTOSOL,0.4956262063655367,0.49537212229672295,0.00025408406881377577
REACTOME_SYNTHESIS_OF_IP3_AND_IP4_IN_THE_CYTOSOL,0.5019291994003156,0.49811153288738047,0.0038176665129350806
REACTOME_SYNTHESIS_OF_KETONE_BODIES,0.5053304275444869,0.4946684227538443,0.010662004790642554
REACTOME_SYNTHESIS_OF_LEUKOTRIENES_LT_AND_EOXINS_EX,0.5038546212094336,0.5038546212094336,0.0
REACTOME_SYNTHESIS_OF_LIPOXINS_LX,0.4967565273491033,0.504795734146928,-0.008039206797824716
REACTOME_SYNTHESIS_OF_PA,0.4962021247800785,0.5072050982370803,-0.011002973457001741
REACTOME_SYNTHESIS_OF_PC,0.47973856112536745,0.5216745864687339,-0.041936025343366434
REACTOME_SYNTHESIS_OF_PE,0.4729285496546297,0.5181916473845272,-0.04526309772989745
REACTOME_SYNTHESIS_OF_PG,0.5052749133781914,0.4947250866218086,0.01054982675638283
REACTOME_SYNTHESIS_OF_PI,0.49120634254277223,0.49121866077493836,-1.2318232166130816e-05
REACTOME_SYNTHESIS_OF_PIPS_AT_THE_EARLY_ENDOSOME_MEMBRANE,0.5001009273822147,0.4969080416047469,0.003192885777467791
REACTOME_SYNTHESIS_OF_PIPS_AT_THE_ER_MEMBRANE,0.49883962252994807,0.5011608701993385,-0.0023212476693904582
REACTOME_SYNTHESIS_OF_PIPS_AT_THE_GOLGI_MEMBRANE,0.49823356550737313,0.5017720187578755,-0.003538453250502338
REACTOME_SYNTHESIS_OF_PIPS_AT_THE_LATE_ENDOSOME_MEMBRANE,0.4997496935223837,0.5001507751617137,-0.0004010816393300032
REACTOME_SYNTHESIS_OF_PIPS_AT_THE_PLASMA_MEMBRANE,0.5057393928524032,0.4843078040435336,0.02143158880886964
REACTOME_SYNTHESIS_OF_PROSTAGLANDINS_PG_AND_THROMBOXANES_TX,0.503951278271164,0.4980482171740465,0.0059030610971175235
REACTOME_SYNTHESIS_OF_PYROPHOSPHATES_IN_THE_CYTOSOL,0.5079949432835744,0.49200949128000554,0.01598545200356888
REACTOME_SYNTHESIS_OF_SUBSTRATES_IN_N_GLYCAN_BIOSYTHESIS,0.5074200924491535,0.4779340222345733,0.029486070214580218
REACTOME_SYNTHESIS_OF_UDP_N_ACETYL_GLUCOSAMINE,0.5051225779070699,0.49487742209293006,0.010245155814139872
REACTOME_SYNTHESIS_OF_VERY_LONG_CHAIN_FATTY_ACYL_COAS,0.4967137420227129,0.49676827073043506,-5.452870772215679e-05
REACTOME_SYNTHESIS_OF_WYBUTOSINE_AT_G37_OF_TRNA_PHE,0.5005163802924053,0.4994873972987924,0.0010289829936129258
REACTOME_SYNTHESIS_SECRETION_AND_DEACYLATION_OF_GHRELIN,0.5044154292591849,0.49950160432655744,0.004913824932627486
REACTOME_SYNTHESIS_SECRETION_AND_INACTIVATION_OF_GLUCAGON_LIKE_PEPTIDE_1_GLP_1,0.509345021528985,0.5097722178205073,-0.00042719629152232486
REACTOME_SYNTHESIS_SECRETION_AND_INACTIVATION_OF_GLUCOSE_DEPENDENT_INSULINOTROPIC_POLYPEPTIDE_GIP,0.5049594023916423,0.5097722178205073,-0.004812815428865025
REACTOME_S_PHASE,0.505156740470944,0.4949718618728706,0.010184878598073432
REACTOME_TACHYKININ_RECEPTORS_BIND_TACHYKININS,,,
REACTOME_TAK1_ACTIVATES_NFKB_BY_PHOSPHORYLATION_AND_ACTIVATION_OF_IKKS_COMPLEX,0.5314030335042775,0.5207070303928563,0.01069600311142127
REACTOME_TANDEM_PORE_DOMAIN_POTASSIUM_CHANNELS,,,
REACTOME_TBC_RABGAPS,0.5049428138389918,0.47054061928844637,0.034402194550545384
REACTOME_TCF_DEPENDENT_SIGNALING_IN_RESPONSE_TO_WNT,0.5191321854711872,0.4983661918070288,0.020765993664158433
REACTOME_TCR_SIGNALING,0.5486345978737746,0.4543431294485243,0.09429146842525027
REACTOME_TELOMERE_C_STRAND_LAGGING_STRAND_SYNTHESIS,0.49910848847736144,0.4926550487670599,0.006453439710301545
REACTOME_TELOMERE_C_STRAND_SYNTHESIS_INITIATION,0.5053200802294673,0.4972746321940118,0.008045448035455482
REACTOME_TELOMERE_EXTENSION_BY_TELOMERASE,0.5084659103600602,0.49182677083620757,0.016639139523852597
REACTOME_TELOMERE_MAINTENANCE,0.5029550617751131,0.47534152709288413,0.027613534682228935
REACTOME_TERMINAL_PATHWAY_OF_COMPLEMENT,0.5023999201121583,0.5023999201121583,0.0
REACTOME_TERMINATION_OF_O_GLYCAN_BIOSYNTHESIS,0.5102437597478278,0.4972747964371074,0.012968963310720338
REACTOME_TERMINATION_OF_TRANSLESION_DNA_SYNTHESIS,0.945823757960863,0.7394132185471186,0.20641053941374443
REACTOME_TETRAHYDROBIOPTERIN_BH4_SYNTHESIS_RECYCLING_SALVAGE_AND_REGULATION,0.5141670345712007,0.48582869510831506,0.028338339462885664
REACTOME_TFAP2A_ACTS_AS_A_TRANSCRIPTIONAL_REPRESSOR_DURING_RETINOIC_ACID_INDUCED_CELL_DIFFERENTIATION,0.5025375558262282,0.4975353681081955,0.00500218771803268
REACTOME_TFAP2_AP_2_FAMILY_REGULATES_TRANSCRIPTION_OF_CELL_CYCLE_FACTORS,0.4888518356465331,0.5067073595360199,-0.017855523889486746
REACTOME_TFAP2_AP_2_FAMILY_REGULATES_TRANSCRIPTION_OF_GROWTH_FACTORS_AND_THEIR_RECEPTORS,0.5079443564101453,0.49205482237437703,0.015889534035768316
REACTOME_TGF_BETA_RECEPTOR_SIGNALING_ACTIVATES_SMADS,0.533015654337923,0.5148436340033138,0.018172020334609185
REACTOME_TGF_BETA_RECEPTOR_SIGNALING_IN_EMT_EPITHELIAL_TO_MESENCHYMAL_TRANSITION,0.5354272357098653,0.5471885195390156,-0.011761283829150315
REACTOME_THE_ACTIVATION_OF_ARYLSULFATASES,0.4960162837174651,0.503972055022751,-0.007955771305285908
REACTOME_THE_CANONICAL_RETINOID_CYCLE_IN_RODS_TWILIGHT_VISION,0.496317669797797,0.496317669797797,0.0
REACTOME_THE_CITRIC_ACID_TCA_CYCLE_AND_RESPIRATORY_ELECTRON_TRANSPORT,0.4813892863571802,0.44707594732132655,0.03431333903585365
REACTOME_THE_FATTY_ACID_CYCLING_MODEL,,,
REACTOME_THE_NLRP3_INFLAMMASOME,0.5565987455769333,0.5496543832540368,0.0069443623228965246
REACTOME_THE_PHOTOTRANSDUCTION_CASCADE,0.5048191387880436,0.5046386356260356,0.00018050316200801664
REACTOME_THE_RETINOID_CYCLE_IN_CONES_DAYLIGHT_VISION,,,
REACTOME_THE_ROLE_OF_GTSE1_IN_G2_M_PROGRESSION_AFTER_G2_CHECKPOINT,0.5748045178676779,0.5474120543920575,0.02739246347562041
REACTOME_THE_ROLE_OF_NEF_IN_HIV_1_REPLICATION_AND_DISEASE_PATHOGENESIS,0.28702244677538247,0.590714828655033,-0.30369238187965053
REACTOME_THROMBIN_SIGNALLING_THROUGH_PROTEINASE_ACTIVATED_RECEPTORS_PARS,0.5029592499740497,0.4947119471741648,0.008247302799884948
REACTOME_THROMBOXANE_SIGNALLING_THROUGH_TP_RECEPTOR,0.4999850538783051,0.4968580295821524,0.0031270242961526917
REACTOME_THYROXINE_BIOSYNTHESIS,,,
REACTOME_TICAM1_DEPENDENT_ACTIVATION_OF_IRF3_IRF7,0.5514162189399883,0.5446765035141453,0.0067397154258429515
REACTOME_TICAM1_RIP1_MEDIATED_IKK_COMPLEX_RECRUITMENT,0.5617740455176745,0.5359159410406706,0.025858104477003874
REACTOME_TICAM1_TRAF6_DEPENDENT_INDUCTION_OF_TAK1_COMPLEX,0.4504762721284723,0.5495766141482945,-0.09910034201982221
REACTOME_TIE2_SIGNALING,0.49066614700151234,0.4713790802912227,0.019287066710289624
REACTOME_TIGHT_JUNCTION_INTERACTIONS,0.5060719029993416,0.49588308256697505,0.010188820432366519
REACTOME_TLR3_MEDIATED_TICAM1_DEPENDENT_PROGRAMMED_CELL_DEATH,0.5210273865507242,0.5222367084632497,-0.0012093219125254295
REACTOME_TNFR1_INDUCED_NFKAPPAB_SIGNALING_PATHWAY,0.46395504600777593,0.5350707460709766,-0.07111570006320067
REACTOME_TNFR1_INDUCED_PROAPOPTOTIC_SIGNALING,0.5168106914371534,0.5235655172277869,-0.0067548257906334674
REACTOME_TNFR1_MEDIATED_CERAMIDE_PRODUCTION,0.5012033270395378,0.5052486344829036,-0.004045307443365731
REACTOME_TNFR2_NON_CANONICAL_NF_KB_PATHWAY,0.5859928396580064,0.5475931324048999,0.038399707253106485
REACTOME_TNFS_BIND_THEIR_PHYSIOLOGICAL_RECEPTORS,0.3816000266730787,0.575868731005286,-0.19426870433220733
REACTOME_TNF_RECEPTOR_SUPERFAMILY_TNFSF_MEMBERS_MEDIATING_NON_CANONICAL_NF_KB_PATHWAY,0.5687954378523835,0.5853199356955432,-0.01652449784315968
REACTOME_TNF_SIGNALING,0.5231498179529529,0.5473530911207555,-0.024203273167802575
REACTOME_TOLL_LIKE_RECEPTOR_9_TLR9_CASCADE,0.4027303115231642,0.4523124278151595,-0.049582116291995326
REACTOME_TOLL_LIKE_RECEPTOR_CASCADES,0.4440452516007133,0.48125238973704026,-0.03720713813632698
REACTOME_TOLL_LIKE_RECEPTOR_TLR1_TLR2_CASCADE,0.4727400807024874,0.4749415951552229,-0.0022015144527354757
REACTOME_TOXICITY_OF_BOTULINUM_TOXIN_TYPE_D_BOTD,0.5004088010648208,0.4995911989351791,0.0008176021296416591
REACTOME_TP53_REGULATES_METABOLIC_GENES,0.44596418580755703,0.4982389855295263,-0.052274799721969245
REACTOME_TP53_REGULATES_TRANSCRIPTION_OF_ADDITIONAL_CELL_CYCLE_GENES_WHOSE_EXACT_ROLE_IN_THE_P53_PATHWAY_REMAIN_UNCERTAIN,0.5059054426220031,0.49260437977208316,0.013301062849919942
REACTOME_TP53_REGULATES_TRANSCRIPTION_OF_CASPASE_ACTIVATORS_AND_CASPASES,0.4991860112184604,0.4991860112184604,0.0
REACTOME_TP53_REGULATES_TRANSCRIPTION_OF_CELL_CYCLE_GENES,0.51785650934806,0.4754551833150038,0.04240132603305624
REACTOME_TP53_REGULATES_TRANSCRIPTION_OF_CELL_DEATH_GENES,0.5345696403864574,0.5467952394467243,-0.012225599060266878
REACTOME_TP53_REGULATES_TRANSCRIPTION_OF_DEATH_RECEPTORS_AND_LIGANDS,0.5240704005035035,0.5256794901105948,-0.0016090896070912741
REACTOME_TP53_REGULATES_TRANSCRIPTION_OF_DNA_REPAIR_GENES,0.558137785503773,0.44644164048631724,0.11169614501745578
REACTOME_TP53_REGULATES_TRANSCRIPTION_OF_GENES_INVOLVED_IN_CYTOCHROME_C_RELEASE,0.4378204382794156,0.5361240370427308,-0.09830359876331524
REACTOME_TP53_REGULATES_TRANSCRIPTION_OF_GENES_INVOLVED_IN_G1_CELL_CYCLE_ARREST,0.5008013420631824,0.49877146164529534,0.002029880417887042
REACTOME_TP53_REGULATES_TRANSCRIPTION_OF_GENES_INVOLVED_IN_G2_CELL_CYCLE_ARREST,0.47967573814132,0.479375501762657,0.0003002363786629991
REACTOME_TP53_REGULATES_TRANSCRIPTION_OF_SEVERAL_ADDITIONAL_CELL_DEATH_GENES_WHOSE_SPECIFIC_ROLES_IN_P53_DEPENDENT_APOPTOSIS_REMAIN_UNCERTAIN,0.4962197809128501,0.4962197809128501,0.0
REACTOME_TRAF3_DEPENDENT_IRF_ACTIVATION_PATHWAY,0.49405505691351753,0.49825458862360344,-0.004199531710085913
REACTOME_TRAF6_MEDIATED_INDUCTION_OF_TAK1_COMPLEX_WITHIN_TLR4_COMPLEX,0.5508963895425764,0.4691181098378987,0.08177827970467766
REACTOME_TRAF6_MEDIATED_IRF7_ACTIVATION,0.496201549929244,0.5033546652265832,-0.007153115297339252
REACTOME_TRAF6_MEDIATED_IRF7_ACTIVATION_IN_TLR7_8_OR_9_SIGNALING,0.5190786422220383,0.548508869784132,-0.02943022756209379
REACTOME_TRAF6_MEDIATED_NF_KB_ACTIVATION,0.5416627248323734,0.49388580440355445,0.04777692042881898
REACTOME_TRAFFICKING_AND_PROCESSING_OF_ENDOSOMAL_TLR,0.4731312256345368,0.526868856487011,-0.05373763085247418
REACTOME_TRAFFICKING_OF_AMPA_RECEPTORS,0.49958980286886706,0.49787543343752916,0.0017143694313379032
REACTOME_TRAFFICKING_OF_GLUR2_CONTAINING_AMPA_RECEPTORS,,,
REACTOME_TRAFFICKING_OF_MYRISTOYLATED_PROTEINS_TO_THE_CILIUM,,,
REACTOME_TRAIL_SIGNALING,0.7873978243702591,0.7692103651846683,0.018187459185590726
REACTOME_TRANSCRIPTIONAL_ACTIVATION_OF_MITOCHONDRIAL_BIOGENESIS,0.466258226936656,0.5253524821073571,-0.059094255170701104
REACTOME_TRANSCRIPTIONAL_ACTIVITY_OF_SMAD2_SMAD3_SMAD4_HETEROTRIMER,0.46579136593755865,0.5085336606369741,-0.042742294699415484
REACTOME_TRANSCRIPTIONAL_REGULATION_BY_E2F6,0.49202164526907616,0.47909554940629406,0.012926095862782094
REACTOME_TRANSCRIPTIONAL_REGULATION_BY_MECP2,0.4858676207219601,0.4780056322242325,0.007861988497727623
REACTOME_TRANSCRIPTIONAL_REGULATION_BY_RUNX1,0.5161973255968265,0.5032451150818522,0.012952210514974305
REACTOME_TRANSCRIPTIONAL_REGULATION_BY_RUNX2,0.5376140504055491,0.5115600039155553,0.026054046489993765
REACTOME_TRANSCRIPTIONAL_REGULATION_BY_RUNX3,0.4620798004643481,0.5048882851312696,-0.0428084846669215
REACTOME_TRANSCRIPTIONAL_REGULATION_BY_SMALL_RNAS,0.5237083265993664,0.4929960174334191,0.030712309165947305
REACTOME_TRANSCRIPTIONAL_REGULATION_BY_THE_AP_2_TFAP2_FAMILY_OF_TRANSCRIPTION_FACTORS,0.4993996093642215,0.49708197504293317,0.002317634321288342
REACTOME_TRANSCRIPTIONAL_REGULATION_BY_TP53,0.5379582218122715,0.4761082138629056,0.061850007949365904
REACTOME_TRANSCRIPTIONAL_REGULATION_BY_VENTX,0.5094422534415499,0.4847827950758606,0.024659458365689335
REACTOME_TRANSCRIPTIONAL_REGULATION_OF_GRANULOPOIESIS,0.491484077617345,0.49492612017076026,-0.0034420425534152366
REACTOME_TRANSCRIPTIONAL_REGULATION_OF_PLURIPOTENT_STEM_CELLS,0.5130882859196364,0.4795802307812584,0.03350805513837801
REACTOME_TRANSCRIPTIONAL_REGULATION_OF_TESTIS_DIFFERENTIATION,0.5001975844439452,0.4997891118653154,0.0004084725786298593
REACTOME_TRANSCRIPTIONAL_REGULATION_OF_WHITE_ADIPOCYTE_DIFFERENTIATION,0.5254952914789368,0.5070322323790152,0.01846305909992163
REACTOME_TRANSCRIPTION_COUPLED_NUCLEOTIDE_EXCISION_REPAIR_TC_NER,0.5238816851867182,0.4915464078721059,0.032335277314612276
REACTOME_TRANSCRIPTION_OF_E2F_TARGETS_UNDER_NEGATIVE_CONTROL_BY_DREAM_COMPLEX,0.5082494379601272,0.504051384437901,0.004198053522226242
REACTOME_TRANSCRIPTION_OF_E2F_TARGETS_UNDER_NEGATIVE_CONTROL_BY_P107_RBL1_AND_P130_RBL2_IN_COMPLEX_WITH_HDAC1,0.49910750301878803,0.500697704669891,-0.0015902016511030181
REACTOME_TRANSCRIPTION_OF_THE_HIV_GENOME,0.48529293413063496,0.47258446036945495,0.012708473761180006
REACTOME_TRANSFERRIN_ENDOCYTOSIS_AND_RECYCLING,0.4864081447494111,0.5127863249884701,-0.026378180239059024
REACTOME_TRANSLATION,0.5400817207946212,0.4368642970986786,0.10321742369594267
REACTOME_TRANSLATION_OF_REPLICASE_AND_ASSEMBLY_OF_THE_REPLICATION_TRANSCRIPTION_COMPLEX,0.5031920645619898,0.5039876581168281,-0.0007955935548382698
REACTOME_TRANSLATION_OF_SARS_COV_1_STRUCTURAL_PROTEINS,0.48656130143601023,0.5387828042734739,-0.052221502837463685
REACTOME_TRANSLATION_OF_SARS_COV_2_STRUCTURAL_PROTEINS,0.4859958124580359,0.49267927462365346,-0.006683462165617549
REACTOME_TRANSLESION_SYNTHESIS_BY_POLH,0.4606479291573541,0.5366714592801949,-0.0760235301228408
REACTOME_TRANSLESION_SYNTHESIS_BY_POLK,0.4798531206845127,0.5377328802851786,-0.057879759600665937
REACTOME_TRANSLESION_SYNTHESIS_BY_Y_FAMILY_DNA_POLYMERASES_BYPASSES_LESIONS_ON_DNA_TEMPLATE,0.03779447144600936,0.7352586894452131,-0.6974642179992038
REACTOME_TRANSLOCATION_OF_SLC2A4_GLUT4_TO_THE_PLASMA_MEMBRANE,0.5678548997657237,0.4376188298796294,0.13023606988609426
REACTOME_TRANSMISSION_ACROSS_CHEMICAL_SYNAPSES,0.5280500928301977,0.469326862812341,0.058723230017856676
REACTOME_TRANSPORT_AND_SYNTHESIS_OF_PAPS,0.49893439079607976,0.49892387923796466,1.0511558115100517e-05
REACTOME_TRANSPORT_OF_BILE_SALTS_AND_ORGANIC_ACIDS_METAL_IONS_AND_AMINE_COMPOUNDS,0.5119480282287893,0.493420093106126,0.018527935122663264
REACTOME_TRANSPORT_OF_CONNEXONS_TO_THE_PLASMA_MEMBRANE,0.5273702906577212,0.48800581946136146,0.039364471196359774
REACTOME_TRANSPORT_OF_FATTY_ACIDS,0.49878870717032797,0.501211292829672,-0.0024225856593440565
REACTOME_TRANSPORT_OF_INORGANIC_CATIONS_ANIONS_AND_AMINO_ACIDS_OLIGOPEPTIDES,0.4917696142389565,0.4941752828594591,-0.002405668620502621
REACTOME_TRANSPORT_OF_MATURE_MRNAS_DERIVED_FROM_INTRONLESS_TRANSCRIPTS,0.5007653728252572,0.5053916080975788,-0.004626235272321533
REACTOME_TRANSPORT_OF_MATURE_TRANSCRIPT_TO_CYTOPLASM,0.5192790187986078,0.47187074199774787,0.04740827680085996
REACTOME_TRANSPORT_OF_NUCLEOSIDES_AND_FREE_PURINE_AND_PYRIMIDINE_BASES_ACROSS_THE_PLASMA_MEMBRANE,0.49913682041134355,0.49913682041134355,0.0
REACTOME_TRANSPORT_OF_NUCLEOTIDE_SUGARS,0.49909953722865397,0.4973473918853399,0.0017521453433140821
REACTOME_TRANSPORT_OF_ORGANIC_ANIONS,0.4989414532491883,0.4981277929538398,0.0008136602953485172
REACTOME_TRANSPORT_OF_SMALL_MOLECULES,0.6031330027448305,0.43513645973350573,0.16799654301132477
REACTOME_TRANSPORT_OF_THE_SLBP_DEPENDANT_MATURE_MRNA,0.5033407866850093,0.5089285010386734,-0.005587714353664119
REACTOME_TRANSPORT_OF_VITAMINS_NUCLEOSIDES_AND_RELATED_MOLECULES,0.5046882370408913,0.4962807972228464,0.00840743981804487
REACTOME_TRANSPORT_TO_THE_GOLGI_AND_SUBSEQUENT_MODIFICATION,0.5503001049841866,0.4988672153700003,0.051432889614186295
REACTOME_TRANS_GOLGI_NETWORK_VESICLE_BUDDING,0.38849298090706863,0.4360370867479473,-0.04754410584087865
REACTOME_TRIF_MEDIATED_PROGRAMMED_CELL_DEATH,0.5575334530337014,0.44617022877092294,0.11136322426277845
REACTOME_TRIGLYCERIDE_BIOSYNTHESIS,0.5239756322373719,0.5231785604946738,0.0007970717426980523
REACTOME_TRIGLYCERIDE_CATABOLISM,0.49053688768531545,0.49053146766316236,5.420022153090898e-06
REACTOME_TRIGLYCERIDE_METABOLISM,0.517423810912837,0.5121627760762193,0.005261034836617662
REACTOME_TRISTETRAPROLIN_TTP_ZFP36_BINDS_AND_DESTABILIZES_MRNA,0.49665190449723884,0.49301950419608254,0.003632400301156302
REACTOME_TRNA_AMINOACYLATION,0.5079926438802366,0.4856524622667911,0.022340181613445476
REACTOME_TRNA_MODIFICATION_IN_THE_MITOCHONDRION,0.5070535018598888,0.4913237763560896,0.015729725503799252
REACTOME_TRNA_MODIFICATION_IN_THE_NUCLEUS_AND_CYTOSOL,0.49693152836741045,0.4907955705608048,0.006135957806605641
REACTOME_TRNA_PROCESSING,0.49699500832384014,0.4761799880956604,0.020815020228179715
REACTOME_TRNA_PROCESSING_IN_THE_MITOCHONDRION,0.501048199435792,0.49895180056420796,0.002096398871584082
REACTOME_TRNA_PROCESSING_IN_THE_NUCLEUS,0.488546836218099,0.48990956118186707,-0.0013627249637680472
REACTOME_TRP_CHANNELS,0.5006170613099766,0.4993775186678702,0.001239542642106406
REACTOME_TRYPTOPHAN_CATABOLISM,0.5631145155419955,0.5559489177693948,0.007165597772600729
REACTOME_TYPE_I_HEMIDESMOSOME_ASSEMBLY,,,
REACTOME_TYROSINE_CATABOLISM,0.5006127909894924,0.4993872090105076,0.0012255819789848132
REACTOME_TYSND1_CLEAVES_PEROXISOMAL_PROTEINS,0.4955527075802787,0.4946797555274371,0.0008729520528416024
REACTOME_UBIQUINOL_BIOSYNTHESIS,0.49878394412055704,0.49338330265272307,0.005400641467833978
REACTOME_UB_SPECIFIC_PROCESSING_PROTEASES,0.5117396858620857,0.5003272543678808,0.0114124314942049
REACTOME_UCH_PROTEINASES,0.4936021565775418,0.4595711514229365,0.03403100515460533
REACTOME_UNBLOCKING_OF_NMDA_RECEPTORS_GLUTAMATE_BINDING_AND_ACTIVATION,0.5010590394800983,0.4989465447851503,0.0021124946949480083
REACTOME_UNFOLDED_PROTEIN_RESPONSE_UPR,0.4282900684171039,0.5209195609584965,-0.09262949254139258
REACTOME_UNWINDING_OF_DNA,0.5096659525376872,0.4901786734939237,0.019487279043763517
REACTOME_UPTAKE_AND_ACTIONS_OF_BACTERIAL_TOXINS,0.491922360317817,0.4805046730445546,0.011417687273262422
REACTOME_UPTAKE_AND_FUNCTION_OF_ANTHRAX_TOXINS,0.5206727035858867,0.4793272964141134,0.04134540717177326
REACTOME_UPTAKE_AND_FUNCTION_OF_DIPHTHERIA_TOXIN,0.40515002292833613,0.500789105952564,-0.09563908302422786
REACTOME_UREA_CYCLE,0.4964947238547986,0.4964947238547986,0.0
REACTOME_VASOPRESSIN_LIKE_RECEPTORS,0.4987778671260218,0.49878164471721936,-3.777591197573482e-06
REACTOME_VASOPRESSIN_REGULATES_RENAL_WATER_HOMEOSTASIS_VIA_AQUAPORINS,0.4980811479147039,0.4854406707950811,0.01264047711962285
REACTOME_VEGFR2_MEDIATED_CELL_PROLIFERATION,0.4841989108711848,0.4853325167166622,-0.0011336058454774478
REACTOME_VEGFR2_MEDIATED_VASCULAR_PERMEABILITY,0.4698534261766704,0.5272146703246889,-0.05736124414801852
REACTOME_VEGF_LIGAND_RECEPTOR_INTERACTIONS,,,
REACTOME_VESICLE_MEDIATED_TRANSPORT,0.5236105198359671,0.4636899576515602,0.05992056218440689
REACTOME_VIRAL_MESSENGER_RNA_SYNTHESIS,0.5168519985756839,0.49442378266302434,0.022428215912659533
REACTOME_VISUAL_PHOTOTRANSDUCTION,0.49494985329806707,0.49563556822198296,-0.0006857149239158922
REACTOME_VITAMINS,0.4998043864732014,0.5001956135267985,-0.00039122705359712073
REACTOME_VITAMIN_B1_THIAMIN_METABOLISM,0.5002036614384805,0.4997962564399718,0.00040740499850872025
REACTOME_VITAMIN_B2_RIBOFLAVIN_METABOLISM,0.5094893912099724,0.4905106087900277,0.018978782419944662
REACTOME_VITAMIN_B5_PANTOTHENATE_METABOLISM,0.4972974619842931,0.4988773163203765,-0.0015798543360834305
REACTOME_VITAMIN_C_ASCORBATE_METABOLISM,0.5080680314610934,0.49210606622018827,0.015961965240905096
REACTOME_VITAMIN_D_CALCIFEROL_METABOLISM,0.4998043864732014,0.5001956135267985,-0.00039122705359712073
REACTOME_VLDLR_INTERNALISATION_AND_DEGRADATION,0.5009533490481127,0.5009533490481127,0.0
REACTOME_VLDL_ASSEMBLY,,,
REACTOME_VLDL_CLEARANCE,0.49428639331359786,0.49428639331359786,0.0
REACTOME_VOLTAGE_GATED_POTASSIUM_CHANNELS,0.5004030525564765,0.5004037095288588,-6.569723822735796e-07
REACTOME_VXPX_CARGO_TARGETING_TO_CILIUM,0.4968792990630261,0.4968792990630261,0.0
REACTOME_WAX_AND_PLASMALOGEN_BIOSYNTHESIS,0.5038965853203462,0.49408963008513046,0.009806955235215742
REACTOME_WNT5A_DEPENDENT_INTERNALIZATION_OF_FZD2_FZD5_AND_ROR2,,,
REACTOME_WNT5A_DEPENDENT_INTERNALIZATION_OF_FZD4,0.5018878922617851,0.4981121077382149,0.0037757845235701915
REACTOME_WNT_LIGAND_BIOGENESIS_AND_TRAFFICKING,0.4979642068306733,0.4979691341235397,-4.927292866441224e-06
REACTOME_WNT_MEDIATED_ACTIVATION_OF_DVL,0.49418719048388643,0.4942041075227279,-1.691703884149076e-05
REACTOME_XENOBIOTICS,,,
REACTOME_YAP1_AND_WWTR1_TAZ_STIMULATED_GENE_EXPRESSION,,,
REACTOME_ZBP1_DAI_MEDIATED_INDUCTION_OF_TYPE_I_IFNS,0.5067179532156827,0.5067256726411735,-7.719425490826382e-06
REACTOME_ZINC_EFFLUX_AND_COMPARTMENTALIZATION_BY_THE_SLC30_FAMILY,0.4929304844382951,0.4929304844382951,0.0
REACTOME_ZINC_INFLUX_INTO_CELLS_BY_THE_SLC39_GENE_FAMILY,0.4945435980012272,0.4947579352409184,-0.0002143372396911647
REACTOME_ZINC_TRANSPORTERS,0.5143610877885916,0.4880585414950326,0.026302546293558993
