gene,proba_de,bf,lfc_mean,lfc_std,proba_up,detection_rate
LY6E,0.9999,9.21024036697596,3.775880771484375,1.09889277776977,0.9946,1.0
IFI6,0.99988,9.027898807981577,4.33480607421875,1.1136438160005333,0.99472,1.0
IFIT1,0.99986,8.873728125553848,5.8447012109375,1.1420305812961944,0.99528,1.0
IFIT3,0.99982,8.622373690872353,5.53729732421875,1.1825833345688017,0.99524,1.0
ISG15,0.99978,8.421662987408371,5.29153650390625,1.3567645416864433,0.99502,1.0
RSAD2,0.99972,8.180440915587894,5.15938865234375,1.5099416067986,0.99496,1.0
ISG20,0.9997,8.11142803829918,3.5770865234375,1.2785935464278002,0.99442,1.0
IFIT2,0.99964,7.929046461698487,5.329251328125,1.2217157378776464,0.99542,1.0
TNFSF10,0.9984,6.4361503683693995,4.3906361328125,1.589662986843844,0.99366,1.0
APOBEC3A,0.98742,4.362987229563049,3.663915107421875,3.9668899863407794,0.79662,1.0
IFITM3,0.98698,4.328163139023231,3.870194169921875,1.993211226476695,0.98042,1.0
CXCL10,0.98474,4.1671426210815,5.26815783203125,3.1491482371123474,0.9592,1.0
DEFB1,0.98302,4.058593284936951,4.2209788671875,4.560284331487076,0.80908,1.0
CXCL11,0.9791,3.846884623389259,5.53398994140625,3.527747690228774,0.9476,1.0
MNDA,0.97896,3.840065395807906,2.22475751953125,3.3189937932454256,0.74166,1.0
OASL,0.97894,3.839094846918977,2.82720494140625,1.5580051951255116,0.96984,1.0
CD38,0.97642,3.723493926608235,3.54416607421875,2.2730972559993674,0.9362,1.0
CH25H,0.9755,3.6842770425124862,3.930365634765625,2.9654373294976923,0.92084,1.0
TNFSF13B,0.97154,3.530382848751313,2.950085615234375,1.9257516641982215,0.9484,1.0
GBP4,0.97106,3.5131635371459877,2.344015009765625,1.5108061477319672,0.96052,1.0
CLEC5A,0.97056,3.49551893063954,-3.6003066015625,3.80193728780085,0.17972,1.0
IDO1,0.96986,3.471298537985612,3.250647841796875,3.520360823462748,0.82356,1.0
NELL2,0.9676,3.396660355937589,-2.21043947265625,5.242802111309196,0.3278,1.0
IL1RN,0.96686,3.3733126953107067,3.485564033203125,3.3174652661807578,0.84954,1.0
LAG3,0.9665,3.3621358598173656,3.8415411328125,3.2728684866886497,0.87944,1.0
APOBEC3B,0.96586,3.342549178806983,3.790902685546875,3.815970975382739,0.84286,1.0
KRT2,0.96452,3.302661410822127,-1.5013407275390624,5.401642169674652,0.3805,1.0
S100B,0.96452,3.302661410822127,-1.3677587158203126,5.478087813762898,0.40468,1.0
CXCL1,0.96272,3.2513056216546516,-1.4343340380859375,5.30671048576122,0.4004,1.0
CLEC2D,0.96268,3.25019168568506,1.0736525390625,3.4893373563331687,0.728,1.0
CCL2,0.96264,3.2490788967692668,1.8743839453125,4.049004524331227,0.7439,1.0
NOG,0.96262,3.248522931687876,-1.228005302734375,4.649134354057888,0.39912,1.0
IL16,0.96232,3.2402175859776534,-1.2775366943359374,3.019742473125847,0.24756,1.0
MYO6,0.96186,3.2276053097573656,0.1797151415348053,5.113576098463591,0.50972,1.0
PSAT1,0.96182,3.2265155046736997,0.7745372631835937,5.703762607903231,0.56684,1.0
CD14,0.96084,3.200152084210234,-2.1887323193359376,4.035802416718926,0.27148,1.0
XCL2,0.96048,3.190626286623866,0.05026246501922607,5.007721929079648,0.50552,1.0
WNT7A,0.96046,3.190099518622389,-0.9192859448242188,5.101856792056069,0.42596,1.0
IL4I1,0.96044,3.1895730060380636,1.6368467431640625,3.230115075884403,0.73512,1.0
XCL1,0.96028,3.185370069425124,-0.13829723892211915,4.932935165036787,0.4895,1.0
CD160,0.96006,3.17961745452117,0.2300255744934082,4.733697388876266,0.52058,1.0
CPNE7,0.96004,3.1790959964801644,-1.1826746337890626,4.7976733301118895,0.40264,1.0
KLRC2,0.96002,3.17857478850595,-0.08179506980895997,5.048391493924569,0.4957,1.0
YES1,0.95998,3.1775331217559457,0.20242257453918458,4.921626718316001,0.5178,1.0
BCL9,0.95994,3.176492452271004,0.25809204238891603,4.816196476230545,0.52054,1.0
IFI27,0.95988,3.174933313554995,2.9777865625,2.1420183696707493,0.9191,1.0
CCL3L1,0.95982,3.173376407494771,0.5355486547851562,4.844392737767326,0.54444,1.0
E2F5,0.95968,3.1697522717975306,2.127043076171875,4.186011668594498,0.69342,1.0
KRT86,0.95968,3.1697522717975306,-0.6636630480957031,4.810775449040656,0.4451,1.0
GPC2,0.95952,3.1656251344409907,-1.370800009765625,5.049863231945155,0.38786,1.0
COL9A3,0.95934,3.161000739825183,-0.6391016064453126,4.752317477006773,0.45062,1.0
AQP3,0.95928,3.159463630828911,-1.4764413720703125,4.68014512326692,0.36982,1.0
GMPPB,0.95922,3.1579286890585454,-2.60835107421875,3.3750241413761612,0.21928,1.0
MCOLN3,0.9592,3.1574175223031897,0.24703961784362793,5.073048764891352,0.51814,1.0
CXCL9,0.95914,3.15588546024059,2.1354820947265627,3.9575709549832774,0.69528,1.0
PRR5,0.9591,3.154865281685148,2.994529560546875,2.8703740868588783,0.85116,1.0
TAB1,0.95894,3.150794096163315,-0.018530795364379883,4.54587560840848,0.49732,1.0
VCAN,0.9589,3.149778672657446,-3.001757529296875,3.718781399152755,0.2164,1.0
FBLN5,0.95888,3.1492713155629644,-0.5930310363769531,4.954003397116687,0.45318,1.0
EPHX2,0.9588,3.1472442462047483,-0.579885810546875,4.640659598508211,0.45132,1.0
CD27,0.9587,3.1447157001159636,-1.585566376953125,4.7423677134845565,0.35874,1.0
GBP5,0.95866,3.1437059217921037,2.1135494677734377,1.5410436851245064,0.94058,1.0
CA6,0.95866,3.1437059217921037,-0.26626754692077637,4.729328039249529,0.4801,1.0
TTLL11,0.95858,3.141689166780792,-1.7699926513671875,4.285618920264745,0.34346,1.0
IFNG,0.95856,3.141185560384386,1.0684637646484374,4.811544680753083,0.58796,1.0
ZNF704,0.95836,3.136162246516391,-1.9187019677734376,3.9930503330145157,0.3157,1.0
PTGDR,0.9583,3.134659752544962,-0.6463020471191406,4.8418757413981215,0.45164,1.0
NCAPH,0.95824,3.1331593249417686,-0.7273551000976562,4.7718389188799035,0.433,1.0
MICU3,0.95818,3.131660957761489,-0.5309133599853516,5.15868674129512,0.45426,1.0
NCALD,0.95812,3.130164645084359,-0.05125047359466553,4.514412773089244,0.4956,1.0
ADAMTS10,0.9581,3.1296663297287344,-1.2806576806640626,5.037580478447083,0.39392,1.0
MMP9,0.95792,3.1251916987475874,-2.93919623046875,3.1623469039106533,0.1822,1.0
KRT81,0.95792,3.1251916987475874,-1.239983935546875,5.13443776549202,0.4037,1.0
CCNE1,0.9578,3.1222187668665424,0.0015245749664306641,4.509698760454646,0.50092,1.0
FGFBP3,0.95776,3.1212295852663265,-0.5728285803222656,4.817495904779367,0.453,1.0
ZNF512B,0.95768,3.11925390539307,-0.9368821484375,4.5497055412206775,0.41716,1.0
ARHGEF35,0.95762,3.117774486732712,-2.620149951171875,3.507492707440604,0.22494,1.0
EPHA4,0.95754,3.1158050393640386,-1.043875068359375,4.2261059940455485,0.40392,1.0
ATP1A3,0.95746,3.1138391349531718,-1.2292274389648437,4.514295312551111,0.39206,1.0
GNG8,0.95736,3.1113867164076714,-0.378181259765625,4.5756360671645515,0.46808,1.0
JAM3,0.95726,3.1089397870036364,-0.7247416577148438,4.62183997602121,0.4386,1.0
PDE6B,0.9572,3.107474253446468,-0.83430458984375,4.55699393701491,0.42536,1.0
FDXR,0.95718,3.106986178379425,-0.6819472351074218,4.633834442489755,0.44422,1.0
ATP8A2,0.95708,3.10454906476298,-0.9322266845703125,4.8793627163749616,0.42224,1.0
GPAM,0.95702,3.103089398661804,-1.1074313549804689,4.896220562230232,0.4102,1.0
E2F1,0.957,3.102603275759391,-0.44181394226074217,4.533450824474003,0.46102,1.0
ATP6V1E2,0.95694,3.1011462016265012,-0.785102158203125,4.535327009771159,0.42858,1.0
NEO1,0.95694,3.1011462016265012,0.5971353979492188,4.396344550904311,0.54992,1.0
CCL7,0.9569,3.1001758956755143,2.1274884912109373,3.847724762085382,0.73532,1.0
CNKSR2,0.95686,3.0992064492993294,0.29928980133056643,4.675213972958297,0.52554,1.0
ITGA1,0.95678,3.097270128889122,-1.0191218823242187,4.329441131467541,0.40828,1.0
HBA1,0.95676,3.096786583531398,0.2713170501708984,4.830853196399324,0.52708,1.0
PCBP4,0.95672,3.0958201331223263,-1.2706029052734376,4.615477974054875,0.38532,1.0
PRSS23,0.95672,3.0958201331223263,-0.8540285888671875,4.788571748250988,0.42724,1.0
IFT140,0.9567,3.095337227675677,-1.9306735595703124,3.798191376349551,0.30864,1.0
S1PR5,0.9567,3.095337227675677,-0.07129745225906373,4.507520091627587,0.49518,1.0
PARD6A,0.95662,3.093407733009218,-0.7101851330566407,5.3715810389526215,0.4406,1.0
SLC27A2,0.95656,3.091962839985644,0.3920478851318359,4.469476420274376,0.53736,1.0
CRB3,0.95656,3.091962839985644,-0.2691495945739746,4.879208469886859,0.4742,1.0
CXCL3,0.95654,3.09148163230988,-1.2790682885742188,4.764964382150597,0.39672,1.0
COL6A2,0.9565,3.0905198507856695,-1.320216923828125,4.163929419615299,0.37886,1.0
NEIL1,0.95646,3.0895589130672083,-1.124060107421875,4.4682439101427445,0.40744,1.0
GPR55,0.95642,3.0885988176014543,-1.9400246484375,4.024393469947361,0.3158,1.0
PDGFD,0.95642,3.0885988176014543,0.4087736572265625,4.468588488721312,0.53914,1.0
SOCS1,0.95628,3.08524509388932,1.9288589794921875,2.2599201603115002,0.82428,1.0
KIF19,0.95622,3.0838109200048796,1.17251822265625,4.47150244800772,0.603,1.0
G0S2,0.9562,3.0833332788096035,-1.3283403759765624,4.490120314568469,0.3897,1.0
ZNF667,0.95608,3.080471794357351,-0.3388808364868164,4.394210032521431,0.47178,1.0
MYB,0.95598,3.078092916232158,-0.8193779345703125,4.487591803068132,0.4339,1.0
CD8B,0.95598,3.078092916232158,-0.3577862335205078,4.722442622584547,0.47074,1.0
CXCR5,0.95598,3.078092916232158,-0.12505713398456572,4.420155417670805,0.49168,1.0
SPP1,0.95592,3.076668062696839,-0.28528230895996093,4.431692496010353,0.47658,1.0
PTGDS,0.95588,3.0757191877748737,0.3753163952636719,4.688230254152017,0.5332,1.0
ACSM1,0.95576,3.0728774782948904,-0.1200228168296814,4.441802824973242,0.48924,1.0
NPHP1,0.95574,3.0724045749116993,-0.08922738668441772,5.105482565190627,0.49372,1.0
ITPR3,0.9557,3.071459379221044,-0.8585080688476563,4.362243042801887,0.42518,1.0
GNAL,0.95566,3.0705149970697305,-0.5518720666503907,4.513738770775401,0.44874,1.0
IL12RB2,0.95566,3.0705149970697305,-0.2751013916015625,4.538826442412057,0.47828,1.0
RPS6KA2,0.9556,3.0690999460134756,-0.5584981561279296,4.304760342513472,0.4439,1.0
CXCL5,0.95558,3.0686286675072485,-1.3044279345703125,4.18240723310304,0.38702,1.0
POLA1,0.95556,3.0681575912859236,-0.2627730059814453,4.288231920451303,0.47396,1.0
TNFRSF13C,0.95554,3.0676867171670548,-1.2066187451171875,4.243337566577967,0.39156,1.0
LEF1,0.9555,3.0667455745081336,-0.4546266857910156,4.611126180738462,0.46364,1.0
PDE7B,0.95546,3.065805238075824,-2.286432607421875,3.8996898907756763,0.26978,1.0
CCL3,0.9554,3.0643962419298436,1.2401054931640625,4.228289844186337,0.60794,1.0
EPHA1,0.9554,3.0643962419298436,-0.695718603515625,4.215569773511912,0.43494,1.0
CCND1,0.95538,3.0639269780920033,-0.18676769012451172,4.329408593263698,0.48488,1.0
TLE2,0.95538,3.0639269780920033,-0.05097173114776611,4.643988091958118,0.49616,1.0
CXCR3,0.95536,3.0634579147256265,-0.9766781811523437,4.364284140450293,0.41358,1.0
PARP16,0.95534,3.062989051650708,-0.5066902844238281,4.221704376942505,0.4546,1.0
GP9,0.95528,3.0615836623782857,-0.23372351116657258,4.438128921102672,0.47562,1.0
S100A8,0.95526,3.0611155986739846,-1.91245119140625,4.428800368735739,0.29258,1.0
OXT,0.95514,3.058311397503037,-1.3500297705078126,4.136218883230507,0.37748,1.0
ORC6,0.95514,3.058311397503037,-0.7064756079101563,4.319610906933977,0.43794,1.0
ZNF597,0.9551,3.057378252292482,-1.2128014990234375,3.9454292067567254,0.37804,1.0
HBA2,0.9551,3.057378252292482,0.2683491421508789,4.6173942685953175,0.52656,1.0
IL1B,0.95508,3.056911976735517,-2.2473811669921875,4.054281725796054,0.3004,1.0
KCND3,0.95508,3.056911976735517,-0.1848471819114685,4.381941443722678,0.48132,1.0
XRCC2,0.95506,3.056445898975131,-1.935517626953125,3.6781547354538042,0.30098,1.0
ZNF442,0.95494,3.0536535762777883,-0.5189593200683593,4.57285198608201,0.4539,1.0
OTUD7B,0.95492,3.053188878166775,0.8061076098632812,4.51557249686521,0.57582,1.0
AQP11,0.95482,3.050868330000577,-1.0515162060546874,4.294368168343203,0.40186,1.0
IL18RAP,0.95476,3.0494783487489148,0.9538975927734376,4.211674094629835,0.58632,1.0
PRKCQ,0.95476,3.0494783487489148,-0.5698079968261719,4.31544078388905,0.45066,1.0
IL6,0.95472,3.0485526698788448,1.3236174560546874,4.138442117289103,0.62702,1.0
KLHL3,0.9547,3.048090122514999,-0.768863115234375,4.183783973648388,0.42746,1.0
KHK,0.95464,3.0467036466419044,-1.1167782373046875,4.146612232812183,0.39872,1.0
FST,0.95464,3.0467036466419044,-0.5057117840576172,4.1730973356387535,0.45464,1.0
CD79B,0.95462,3.04624187618437,-1.8883389697265625,3.8794232413352407,0.30686,1.0
CCR9,0.9546,3.045780299524494,-0.6763972424316407,4.277548287109787,0.4386,1.0
AKAP5,0.95454,3.0443967306208073,-0.029238958983421326,4.889792885008276,0.49988,1.0
DACT1,0.95452,3.043935927442681,-2.289847333984375,3.625387065479306,0.25686,1.0
FASLG,0.9545,3.0434753172088977,0.6798659460449219,4.258144057102043,0.5643,1.0
CD40LG,0.95448,3.043014899749469,-0.6958433142089844,4.243130308680804,0.42828,1.0
KALRN,0.95446,3.042554674894631,-1.258811962890625,4.095990944458184,0.38122,1.0
SLC19A2,0.95444,3.042094642474842,-0.4750529895019531,4.558206581023972,0.45876,1.0
BLK,0.95442,3.041634802320787,-0.9640006958007813,4.28661274555687,0.41848,1.0
NLRX1,0.95442,3.041634802320787,-0.7776149731445312,4.056641524876697,0.42578,1.0
CXCR6,0.95438,3.040715698133711,0.03960706672668457,4.217394452474811,0.50164,1.0
INPP4B,0.95436,3.040256433763169,-0.6401759790039062,4.243430550970098,0.44358,1.0
CD1D,0.95428,3.0384212905068884,2.48990115234375,3.5086007919371887,0.75638,1.0
KISS1R,0.95428,3.0384212905068884,-0.7494940698242187,4.235993238595091,0.42826,1.0
CTLA4,0.95422,3.037046938304392,0.23235795654296876,4.405414151079461,0.5251,1.0
CTH,0.9542,3.0365892019618683,-0.13934882064819337,4.338270216190314,0.48712,1.0
SDS,0.95416,3.0356742998639294,1.6803119189453124,3.823324558963746,0.69498,1.0
SERPINB2,0.95412,3.0347601574402217,-0.6017861633300782,5.170885703677801,0.45496,1.0
TAS2R14,0.95396,3.031111157994398,1.2225351171875,3.7857819428082946,0.62728,1.0
COL23A1,0.95394,3.030655881996134,-1.2454869653320313,4.170845672694928,0.3817,1.0
CENPF,0.9539,3.029745894148559,-0.5154303009033203,5.670611812111698,0.45566,1.0
C1QA,0.9539,3.029745894148559,0.39267065002441404,4.231616250173733,0.53488,1.0
ATR,0.95388,3.0292911819721624,0.5370945690917969,4.273513151755485,0.5474,1.0
ATP6V0E2,0.9538,3.0274742077764305,-1.072207626953125,4.998575729178118,0.39858,1.0
GNG4,0.95374,3.026113440812491,-0.49529647583007813,4.318354196164356,0.45418,1.0
PRKCZ,0.95364,3.023849223268538,-0.9312904565429687,4.164490303963018,0.4152,1.0
CHST12,0.95362,3.0233969374181293,1.7032299609375,2.864293686961035,0.72704,1.0
BUB1,0.95358,3.0224929220904917,1.3774615185546875,4.318181094862282,0.62962,1.0
OSBPL7,0.95354,3.021589647526224,-1.0315999584960938,4.468569493977447,0.40634,1.0
TOP2A,0.95352,3.021138287630798,-0.65763943359375,4.061326453621094,0.43708,1.0
RGS9,0.95352,3.021138287630798,0.015822195501327515,4.331180064587423,0.50398,1.0
KLRC1,0.9535,3.0206871124471633,-0.3269984161376953,4.533016130455355,0.47112,1.0
NDC1,0.9534,3.018434001639126,-0.2688592715454102,4.452809278798506,0.4751,1.0
KCNK12,0.95338,3.017983931389065,-0.1337871888923645,4.1004308095645,0.4861,1.0
TNFRSF13B,0.95336,3.0175340447403136,-0.019318284759521485,4.569799521122229,0.49792,1.0
MYBL1,0.95334,3.017084341535046,0.3117405099487305,4.806894401997709,0.53446,1.0
KLRD1,0.9533,3.0161854848246814,0.3089512716674805,4.500206398306643,0.53166,1.0
KCNG1,0.95328,3.015736331004946,-1.3860942431640626,4.130837755415654,0.36362,1.0
FOXP3,0.95328,3.015736331004946,-0.9172097802734375,4.0636967045377235,0.41,1.0
AGMAT,0.95326,3.0152873599994217,-0.6209645654296875,4.267444030723276,0.44768,1.0
ST3GAL3,0.95326,3.0152873599994217,0.3025079748535156,4.085621273536623,0.52992,1.0
MMP7,0.95324,3.014838571651295,-1.6197232666015624,4.150223240487138,0.3424,1.0
CCL20,0.95312,3.0121496686116194,-0.940779990234375,3.980934931878391,0.40638,1.0
ROBO3,0.95312,3.0121496686116194,-0.4810006628417969,4.364328207879851,0.45596,1.0
RASGRF2,0.9531,3.011702154491345,-0.739836123046875,4.497394741865558,0.43252,1.0
C1QB,0.95308,3.0112548217811743,-0.15923645217895507,4.537598793943495,0.47272,1.0
LAIR2,0.95306,3.010807670326086,-0.584280703125,4.273459139044242,0.44882,1.0
CAPN12,0.953,3.0094673019441425,-0.45088568115234373,4.273119176100379,0.45682,1.0
POLE,0.95298,3.0090208739631965,-0.35933163635253906,4.222930011791719,0.47054,1.0
CHST10,0.95298,3.0090208739631965,-0.19484840656280517,4.115978776179481,0.4827,1.0
KNTC1,0.95292,3.0076826723030434,0.2426390835571289,4.059166707720694,0.52528,1.0
CCL4,0.9529,3.00723696533177,0.9914351928710937,4.019086106733303,0.59208,1.0
DPP4,0.95286,3.006346090842626,0.5028171118164062,5.4433294856700165,0.5528,1.0
KIF18A,0.95282,3.0054559346053225,-1.9326493798828126,3.560047857745536,0.29262,1.0
PERP,0.95282,3.0054559346053225,-0.5542025805664063,4.229011091519332,0.44682,1.0
EDAR,0.9528,3.00501112544958,-0.5692026135253906,4.02145571168027,0.44252,1.0
FGFBP2,0.95278,3.0045664953993496,-1.108331533203125,4.491703389306513,0.39076,1.0
SEMA4F,0.95278,3.0045664953993496,0.5404919128417969,4.11048314621014,0.55118,1.0
FGF22,0.95272,3.003233678361898,-0.3134648698806763,4.968391741207681,0.47872,1.0
PDCD1,0.9527,3.0027897632148464,0.6225405151367187,4.4028774001513264,0.5576,1.0
F12,0.95266,3.0019024678107487,-2.431193173828125,3.19620358075898,0.21784,1.0
PRSS1,0.95266,3.0019024678107487,-0.2613781579589844,4.2565023756797045,0.476,1.0
ZWINT,0.95262,3.0010158845868364,-0.7922148217773437,4.232864506000197,0.43362,1.0
AVP,0.9526,3.0005728596657293,-1.256863525390625,4.489762462443603,0.37572,1.0
DAPK2,0.95256,2.999687342453449,-0.9076131982421874,4.011977331753208,0.40924,1.0
MARS2,0.95254,2.999244849862141,-0.7094960083007813,4.211700863571066,0.44656,1.0
SPRY1,0.95248,2.9979184343506904,-1.465016259765625,3.9271268241549495,0.36212,1.0
GPD1L,0.95248,2.9979184343506904,-0.3970575103759766,4.479686654326843,0.46148,1.0
AREG,0.95242,2.9965936090974172,0.6426654040527344,4.128143348596162,0.56258,1.0
ACOT4,0.95238,2.9957112737534883,-0.44917688232421876,4.147114825801848,0.45646,1.0
FZD3,0.95236,2.9952703700836016,-0.1752893616104126,4.023480012768016,0.48818,1.0
ST6GALNAC3,0.9523,2.9939487133057057,-0.018064594535827636,4.1340935985245615,0.49986,1.0
RNASE1,0.95222,2.9921889586329313,-0.6446668603515625,4.368810661071209,0.46452,1.0
P2RX5,0.9522,2.9917494572630092,0.03445967482089996,4.337555433673008,0.50762,1.0
AMT,0.95216,2.990870978254166,-0.4113451806640625,4.4566934634008035,0.46048,1.0
PCP2,0.95214,2.9904320003225786,-0.3466872607421875,4.126918244070153,0.46726,1.0
KIF21A,0.95208,2.9891161110669913,-0.1726025573730469,4.6030383305826685,0.49406,1.0
STX1A,0.95196,2.9864890198901297,-1.1040691870117187,4.265166419926224,0.39286,1.0
NTHL1,0.95188,2.9847410853196963,-1.242090302734375,4.349930787004344,0.3776,1.0
CD8A,0.95188,2.9847410853196963,-0.47207828369140625,4.530123987714572,0.46162,1.0
LTA,0.95186,2.984304532798702,0.9522823876953125,4.5170435631019,0.58936,1.0
SLC37A4,0.95186,2.984304532798702,-0.41932943786621096,4.99708140699787,0.45018,1.0
TLE1,0.95178,2.982560042895393,-1.5307358935546875,3.8995401831252274,0.35438,1.0
SERPINE2,0.95178,2.982560042895393,-0.7102792358398438,4.076866516656484,0.43286,1.0
ST3GAL4,0.95178,2.982560042895393,0.26147968139648436,4.048622366153306,0.53244,1.0
CHN1,0.95178,2.982560042895393,0.04512961039543152,4.343124383668462,0.50398,1.0
DERL3,0.9517,2.9808182984197704,0.0992742151260376,3.8924143652941945,0.51052,1.0
NUF2,0.95168,2.9803832902051752,0.14900413414001465,4.560811797518528,0.5193,1.0
GALR2,0.95166,2.9799484528681854,0.28080163665771485,4.120541090481971,0.52784,1.0
RGS16,0.95164,2.979513786267052,-1.1775404418945312,4.023555630776444,0.38372,1.0
SCMH1,0.95162,2.979079290260195,-1.189637021484375,3.9301890022047643,0.38588,1.0
SPTBN1,0.9516,2.9786449647062168,-1.2023055029296874,4.554142807598373,0.38102,1.0
ICOS,0.95158,2.9782108094638926,0.5675207763671875,4.093292953068664,0.55796,1.0
LDLRAP1,0.95156,2.977776824392173,-1.175111025390625,3.7852053403521446,0.3852,1.0
PIK3R4,0.95154,2.9773430093501863,-0.6197243981933593,3.991958624844624,0.43874,1.0
POLD1,0.95154,2.9773430093501863,-0.5354954187011719,4.111427492214542,0.45024,1.0
BLM,0.95152,2.9769093641972253,-0.058270852870941164,4.096714944419577,0.49982,1.0
ARHGEF26,0.9515,2.9764758887927667,-0.09101683420181274,4.483410148635955,0.49588,1.0
FGF9,0.95142,2.9747436818555055,-0.44116611450195314,4.6838080917844245,0.45312,1.0
EEF2K,0.9514,2.9743110530917334,-1.3745144677734376,3.6547775423589743,0.35706,1.0
LIPE,0.9514,2.9743110530917334,-0.6370647705078125,4.745152086280041,0.44342,1.0
ALDH8A1,0.95136,2.973446302151821,-0.017363100509643556,4.21303489826404,0.49944,1.0
SPON2,0.95134,2.9730141796972203,-0.5424477551269531,4.352830414851666,0.45172,1.0
PLCG1,0.95132,2.9725822257341714,0.31812235717773435,4.170995511444322,0.52452,1.0
TPSAB1,0.9512,2.9699940325174716,-1.522008515625,3.867449155320595,0.34516,1.0
ATP2B4,0.95116,2.9691326431051928,0.6696468383789063,4.079906098908605,0.57052,1.0
F2R,0.95116,2.9691326431051928,-0.45897995483398435,3.9079927835620545,0.45438,1.0
VAMP1,0.95106,2.966982094023331,-1.6835584033203126,3.573407612067865,0.31758,1.0
NR3C2,0.95102,2.966123041294447,-0.7824192016601562,4.217573581056231,0.4289,1.0
SLC9B1,0.95102,2.966123041294447,-0.3056315432739258,3.802603613653216,0.46774,1.0
ZNF658,0.951,2.965693764434763,-1.961119853515625,3.349698286062023,0.27596,1.0
ST8SIA6,0.95094,2.964406930242046,-0.18477703884124755,4.039952383186844,0.4818,1.0
PXMP4,0.9509,2.963549869744923,-0.5270735021972657,4.133359116479175,0.45254,1.0
PLEKHG1,0.95084,2.9622655197392223,-0.6962294311523437,4.049819668185521,0.43478,1.0
AKAP12,0.9508,2.961410111987776,-0.7209672778320313,4.399587899371426,0.43372,1.0
NRG2,0.95078,2.9609826553839276,-1.6127465966796874,3.9197634426261088,0.33194,1.0
POLR1A,0.95078,2.9609826553839276,-1.1300339672851563,3.7036053578701216,0.38278,1.0
CREB3L4,0.95074,2.9601282360485675,-0.6936071850585938,3.7753077288924533,0.42146,1.0
MATK,0.95072,2.959701273048979,-1.1087624438476562,3.9963790133210555,0.38976,1.0
RAB27B,0.95072,2.959701273048979,-0.007736948471069336,3.8921543609312126,0.49908,1.0
PRX,0.95068,2.9588478397170217,-2.0323893115234375,3.0647074593515917,0.2518,1.0
CLEC1B,0.95066,2.9584213691175556,-1.3476350244140625,3.8349807688204267,0.3582,1.0
PDE9A,0.95064,2.9579950623846396,-0.3274580181884766,4.876178671236738,0.46808,1.0
PIK3C2B,0.95064,2.9579950623846396,-0.1252387572479248,4.221617833092308,0.48608,1.0
GSTM2,0.95062,2.9575689193851247,-0.4710023547363281,4.056652289444812,0.45546,1.0
UBE2C,0.9506,2.9571429399860323,-0.6058657727050781,3.7909130951727157,0.43186,1.0
LSR,0.95056,2.956291471457995,-1.4495749365234376,3.8651846863575705,0.35442,1.0
TBXA2R,0.95056,2.956291471457995,-0.5217169409179687,3.8686558131664666,0.44748,1.0
CCR6,0.9505,2.9550154923538394,0.5005650073242187,4.199395406819594,0.54744,1.0
SLC14A1,0.9505,2.9550154923538394,0.26977503967285155,3.9135996934768396,0.52946,1.0
NEURL2,0.95048,2.954590491773691,-0.5884453125,3.751464105453933,0.43808,1.0
EFNA3,0.95046,2.9541656538676,-0.6363444775390625,3.7518897429702727,0.43648,1.0
HBB,0.95044,2.9537409785038697,0.2013304962158203,4.206077635775223,0.52262,1.0
CTF1,0.9504,2.9528921148774994,-0.3642003295898438,3.8726153593520167,0.46088,1.0
FITM2,0.95038,2.952467926352259,-0.38058116149902343,3.9315336109716212,0.45872,1.0
CYP2R1,0.95036,2.9520438998441807,-0.4262356774902344,4.131324302325399,0.45612,1.0
THBS3,0.95034,2.9516200352223625,-1.279553349609375,3.6054664203561693,0.36666,1.0
NR1D1,0.95032,2.951196332356062,-0.9592166918945313,3.772199061537701,0.40116,1.0
HBD,0.95032,2.951196332356062,-0.4042286212158203,4.254418236879157,0.46304,1.0
ST8SIA1,0.9503,2.9507727911146873,-0.26701553726196287,4.163340780294198,0.478,1.0
ZNF665,0.95016,2.947812516986787,-0.2820628063964844,4.079741483629538,0.47028,1.0
SLC12A2,0.95016,2.947812516986787,-0.09845814441680908,4.458079355582738,0.4974,1.0
PITPNM2,0.95014,2.9473902640625678,-1.0474821557617187,3.6264140400140166,0.38558,1.0
ZBTB16,0.95014,2.9473902640625678,-0.8166103491210938,3.978936700209093,0.42848,1.0
CROT,0.95014,2.9473902640625678,0.6666926025390625,4.177614688951662,0.5825,1.0
RFC3,0.95014,2.9473902640625678,-0.5838063098144531,3.842351056050622,0.44608,1.0
CSF2,0.9501,2.9465462394552295,-0.493658017578125,4.3559010849284485,0.45332,1.0
BDH1,0.95008,2.9461244675142235,-1.4451324853515626,3.9880910991860024,0.3403,1.0
MT1E,0.95008,2.9461244675142235,0.5833653759765625,3.866773373561829,0.55892,1.0
COLGALT2,0.95,2.9444389791664394,-0.90891919921875,3.8888348630941563,0.41272,1.0
IL2RB,0.94996,2.9435971928462674,-0.08671299056529999,3.9843842644306062,0.49496,1.0
PCOLCE,0.9499,2.942335707805317,-0.78891642578125,3.821583422811484,0.41594,1.0
SLC16A7,0.9499,2.942335707805317,-0.7189121630859375,3.8162000832247513,0.42744,1.0
DNM3,0.94988,2.941915530798733,-0.9327379321289062,3.7227380963939556,0.39786,1.0
KRT1,0.94988,2.941915530798733,0.06365713369369506,3.8316619777216,0.50884,1.0
TNFAIP6,0.94986,2.9414955125835944,1.241532451171875,4.482026883585947,0.62228,1.0
GINS4,0.94986,2.9414955125835944,-0.6565035107421875,3.897458824518956,0.4341,1.0
CD9,0.94982,2.9406559520196938,-2.49862060546875,2.8686100986456795,0.19366,1.0
ALDOC,0.9498,2.9402364094173374,-0.40934462829589846,4.230455707238914,0.45844,1.0
LNX1,0.9497,2.938141068143213,0.194661572265625,3.8784460177896087,0.51926,1.0
FLOT2,0.94966,2.9373040360909672,-1.0062188891601562,4.032108827148927,0.40254,1.0
MVK,0.94964,2.9368857562313218,-0.1682214718055725,4.112387390804588,0.4864,1.0
ESAM,0.94958,2.935631859814309,-1.065430498046875,3.7472763445293285,0.38242,1.0
STAG3,0.94952,2.934379375515293,0.8366552392578125,4.544894770990023,0.57702,1.0
TNFRSF17,0.94952,2.934379375515293,0.44111995849609376,4.4484648487249405,0.5392,1.0
KRT18,0.94946,2.933128299969414,-0.7390905541992188,3.729914469470914,0.42572,1.0
FBXO15,0.94946,2.933128299969414,0.4441708361816406,3.861621724924737,0.5431,1.0
KIF27,0.9494,2.931878629823798,0.5855526000976562,3.7414702820240167,0.5612,1.0
TRIB3,0.94938,2.9314623848419687,-1.484676083984375,3.7306385192862526,0.348,1.0
BBS1,0.94934,2.9306303617374794,-0.47959217651367186,3.7167148181612455,0.4444,1.0
EPB41L5,0.94934,2.9306303617374794,0.19779279139995576,3.980507962141291,0.52706,1.0
SLC27A4,0.94932,2.930214583368368,-0.6149683081054688,3.8911847081770476,0.44152,1.0
ADM2,0.94932,2.930214583368368,0.11405681846618652,4.060106793542982,0.51066,1.0
MYL9,0.94926,2.9289681795178915,-0.487577431640625,3.8753264890318895,0.44352,1.0
ELOVL6,0.94924,2.92855302157763,0.030933470783233642,3.864422169784611,0.49818,1.0
CD3G,0.94922,2.9281380184381507,-0.731772958984375,4.621782569285281,0.42386,1.0
PRKACB,0.94922,2.9281380184381507,-0.5362194995117188,4.01055986193398,0.4481,1.0
IL11RA,0.94922,2.9281380184381507,-0.2120861587524414,3.87808516401982,0.48014,1.0
NCR3,0.94922,2.9281380184381507,-0.09552258346557617,3.9069136994305445,0.49262,1.0
KLF5,0.9492,2.927723169977173,1.023285029296875,4.095713481274282,0.61226,1.0
HBG2,0.9492,2.927723169977173,0.8569517822265625,4.025710007540747,0.58338,1.0
PRKAR1B,0.94918,2.9273084760725547,-0.30756338806152345,3.9531180232917555,0.4665,1.0
ZNF771,0.94916,2.9268939366023035,-1.2316788623046875,3.878183666014199,0.38618,1.0
ASNS,0.94916,2.9268939366023035,-0.4694292980957031,4.090702596822687,0.45822,1.0
ZNF563,0.94914,2.926479551444569,-1.1645746826171874,4.13514272303352,0.38192,1.0
KIR2DL3,0.94914,2.926479551444569,-0.5374457556152343,4.033654630351819,0.4464,1.0
KCNJ15,0.94912,2.9260653204776452,-2.245163212890625,3.432145847168014,0.26836,1.0
GRAP,0.94912,2.9260653204776452,-1.1251232373046876,4.18802588648602,0.37752,1.0
TUBB1,0.94912,2.9260653204776452,-0.08646726310729981,3.941349409811725,0.48928,1.0
TNRC6C,0.94908,2.925237320630121,-0.5897456384277344,3.8859580799518363,0.44138,1.0
NOS3,0.94908,2.925237320630121,0.3855568389892578,4.280766595209158,0.53692,1.0
SCD5,0.94904,2.92440993608894,-0.18676731353759765,3.745553097962496,0.48106,1.0
HADH,0.94898,2.923170010858591,-0.9358291723632812,4.273659293878474,0.41266,1.0
SLC2A1,0.94898,2.923170010858591,-0.8711660400390625,3.887069450160385,0.4137,1.0
PARD6B,0.94898,2.923170010858591,-0.4372283984375,3.7281868707489405,0.45502,1.0
P2RY14,0.94896,2.9227570090538824,1.3136459594726562,3.615917705875116,0.63514,1.0
CEP250,0.94896,2.9227570090538824,-0.4379760900878906,3.8329219576680433,0.46114,1.0
TPCN1,0.94894,2.9223441603510545,-1.2261787060546876,3.7369211141835135,0.3762,1.0
KLRG1,0.94892,2.921931464629825,-0.8872549047851562,4.3259089886039765,0.40686,1.0
RAMP1,0.94888,2.92110653165174,-1.2193123388671876,3.8317012884665513,0.37628,1.0
HBG1,0.94888,2.92110653165174,0.2807246493530273,4.242087008404074,0.52584,1.0
IRF6,0.94884,2.9202822091601943,0.7273348803710937,3.7925918005429438,0.57608,1.0
CD3E,0.9488,2.9194584961979984,-0.980435,4.369523253259445,0.36952,1.0
NET1,0.9488,2.9194584961979984,-0.7216968896484375,3.700122106021877,0.42332,1.0
HERC2,0.94874,2.918224067533914,-0.9418170556640625,3.686226725202585,0.4032,1.0
DCLRE1A,0.94874,2.918224067533914,-0.6916433923339844,3.8146868272134395,0.42988,1.0
SLC6A4,0.94874,2.918224067533914,0.3100563952636719,3.957912031481195,0.53126,1.0
ZNF799,0.94872,2.9178128950441256,-1.2134303564453126,4.155089947664431,0.37542,1.0
JAM2,0.94866,2.9165802871071134,-1.243042607421875,3.734573373125614,0.36422,1.0
FITM1,0.94866,2.9165802871071134,0.09897475528717041,4.444482149355631,0.50794,1.0
ITGA2B,0.94858,2.9149389276811752,-0.7686186181640625,3.9019179365888856,0.41654,1.0
ZNF382,0.94856,2.9145289652204505,-0.5390392687988281,3.8819846308950434,0.4492,1.0
SYDE2,0.94852,2.9137094923499833,0.24258593994140626,3.841433248865942,0.52462,1.0
EXOSC5,0.9485,2.9132999817053786,-0.6074801672363281,4.282075307624157,0.44596,1.0
ADAT2,0.94848,2.9128906214315142,-0.7890283081054688,4.429136920468617,0.42452,1.0
MRI1,0.94846,2.912481411411302,-0.856122001953125,4.49937431854661,0.42618,1.0
ZNF696,0.94844,2.912072351527789,-0.7303350854492188,4.871078298278717,0.4156,1.0
INCENP,0.94844,2.912072351527789,-0.21078147140502929,4.506642293888248,0.47502,1.0
CX3CR1,0.94842,2.911663441664161,-1.344328173828125,3.5694539152704348,0.353,1.0
TPD52L1,0.9484,2.911254681703734,-0.4576429742431641,3.899829405563899,0.45206,1.0
HCRT,0.9484,2.911254681703734,0.3525424914550781,3.8626418970092407,0.53282,1.0
EFNA5,0.94838,2.910846071529964,0.7256397607421875,4.1155610549480395,0.58096,1.0
BCL11A,0.94836,2.9104376110264423,0.9895124145507812,3.7833171397448804,0.60512,1.0
CD19,0.94834,2.910029300076894,-0.6724675537109375,4.260922202317948,0.42954,1.0
ZNF154,0.94834,2.910029300076894,-0.1826397728729248,4.26329287650578,0.48386,1.0
ZNF20,0.94828,2.908805263391375,-1.4284423486328126,3.4966998665359275,0.34636,1.0
ACSM3,0.94828,2.908805263391375,0.29568119079589844,3.8089072078201798,0.53696,1.0
PLCB2,0.94822,2.9075825685186785,-0.77666353515625,3.960351359890129,0.42166,1.0
ANO9,0.94822,2.9075825685186785,-0.3764079608154297,4.11332176632035,0.46122,1.0
NAPEPLD,0.94822,2.9075825685186785,-0.37477406860351564,3.742279414717034,0.46652,1.0
COL19A1,0.9482,2.9071753012025816,-0.6271047509765625,4.082062106038151,0.43802,1.0
FAN1,0.94814,2.9059543905658796,-0.10387728378295899,4.113025614462712,0.49148,1.0
EFCAB7,0.94804,2.9039225036553042,-0.550178330078125,4.486386567173235,0.43792,1.0
HSPA2,0.94804,2.9039225036553042,-0.09852275676727294,3.854800049632792,0.49148,1.0
KLRB1,0.948,2.9031107836735934,-0.28474197204589846,4.021005560838348,0.47398,1.0
NUDT13,0.948,2.9031107836735934,0.180198408203125,4.080026627815198,0.5186,1.0
GZMM,0.94796,2.902299653627695,-0.9016207080078125,4.408902085428014,0.39718,1.0
CDKN2C,0.94794,2.9018943095463934,-1.244754453125,3.692661269310114,0.36086,1.0
CXCL13,0.94794,2.9018943095463934,0.5309146960449219,3.8887492134230675,0.55724,1.0
ARHGEF10,0.94794,2.9018943095463934,-0.2881433418273926,4.012351571499006,0.47002,1.0
DHCR7,0.94792,2.9014891126081706,-1.1227866625976564,4.411115871896001,0.37638,1.0
LCK,0.9479,2.901084062699674,-1.0652292797851564,4.485696627920618,0.38184,1.0
FUT8,0.9478,2.8990610146448943,-1.05665158203125,3.7488254843771878,0.38698,1.0
ZFYVE9,0.9478,2.8990610146448943,-0.040643121144771574,4.001440572135067,0.48848,1.0
EOMES,0.94776,2.898252820678329,-0.4975816271972656,3.788572484404676,0.44948,1.0
TNFRSF18,0.94774,2.8978489429425887,-1.045943779296875,3.7861218162422046,0.39496,1.0
SH2D2A,0.9477,2.8970416254052718,-0.7033512915039063,3.9628503502201275,0.42484,1.0
ALAS2,0.94768,2.896638185379711,0.23955727508544922,4.040617561797161,0.52844,1.0
HILPDA,0.94762,2.895428738934216,-0.9053357543945313,3.7039048735678786,0.40298,1.0
SMAD5,0.94758,2.8946231682147574,-1.2249528369140625,3.592100115899986,0.36776,1.0
MYC,0.94758,2.8946231682147574,-0.2117483935546875,3.787183908099065,0.4923,1.0
GCHFR,0.94756,2.894220600594426,-1.2001966796875,3.655255281407114,0.3705,1.0
LRFN1,0.94754,2.8938181779856085,-0.8021610534667969,3.673930864328225,0.4233,1.0
SLC16A1,0.94754,2.8938181779856085,-0.7363184301757812,3.7895327998657664,0.42488,1.0
DSP,0.94752,2.8934159002773936,0.9742884375,3.813188156327171,0.60586,1.0
ACACA,0.94752,2.8934159002773936,-0.6293961462402343,3.863894325455271,0.43964,1.0
MYBL2,0.94752,2.8934159002773936,-0.2920766714477539,3.926857319218003,0.46642,1.0
PLEKHA8,0.94748,2.892611779119785,-1.19135173828125,3.495319205479557,0.3639,1.0
PGAP1,0.94744,2.8918082362368835,1.5392459130859375,2.9310277546853323,0.72352,1.0
DYNLRB2,0.94742,2.8914066813725263,-1.69984296875,3.7706876308859347,0.3246,1.0
ZNF248,0.94742,2.8914066813725263,-0.927420498046875,4.642541318252051,0.4093,1.0
LRFN3,0.94742,2.8914066813725263,-0.3419766619873047,3.5688514118909493,0.46094,1.0
SARS2,0.9474,2.8910052707459877,-0.7269166247558594,4.86514389420072,0.41958,1.0
FN3K,0.94738,2.890604004247246,-1.52033662109375,3.822872355040937,0.34468,1.0
ZNF486,0.94732,2.8894010684194535,-0.44327766845703126,3.640298658449578,0.4517,1.0
CADM1,0.9473,2.8890003773341726,-0.22664228759765626,3.743014200443608,0.4731,1.0
MRM1,0.94726,2.888199425793011,-0.04555523990631104,5.110639212233346,0.50024,1.0
MAD2L1,0.94722,2.8873990476965115,-0.16590403060913086,4.043808934207655,0.47488,1.0
SH2D1B,0.94716,2.886199553854187,-0.4436153076171875,4.106347814410052,0.45306,1.0
INSL3,0.94716,2.886199553854187,-0.33854400390625,3.727864181519577,0.4653,1.0
KIR3DL1,0.94712,2.885400605559949,-0.30265838745117185,4.23179883927987,0.47788,1.0
QPRT,0.9471,2.885001345367803,-0.39618693237304686,3.7510761290000945,0.45986,1.0
APBB1,0.94704,2.883804419313662,-0.8570692211914063,3.6460508771167546,0.41402,1.0
UBE3D,0.94704,2.883804419313662,-0.6499251208496094,4.859334163150711,0.4341,1.0
ANAPC1,0.94704,2.883804419313662,-0.54163748046875,3.6136261290688285,0.44074,1.0
CYGB,0.94702,2.883405728443326,-0.4653051153564453,4.144983896372292,0.45438,1.0
MAF,0.947,2.8830071796339554,-0.5554379992675781,3.610462698130896,0.44494,1.0
NUP188,0.94694,2.881812384496739,-0.9137496948242188,3.585061918035189,0.4006,1.0
PNOC,0.94694,2.881812384496739,0.5401184600830078,3.911370326410881,0.56088,1.0
IL24,0.94692,2.8814144028569366,-0.8708586767578125,3.5530498465389746,0.40502,1.0
PGAM5,0.94688,2.8806188640436674,-0.5362402014160156,4.289933743603776,0.45566,1.0
TRIM2,0.94686,2.8802213066564297,-0.13127777111053468,3.8209900925594207,0.49152,1.0
ZKSCAN8,0.94684,2.879823890473146,-1.4740235546875,3.4091153300620274,0.338,1.0
IL23A,0.94684,2.879823890473146,-1.251959111328125,3.4172115803861183,0.35628,1.0
KLHL11,0.94684,2.879823890473146,-0.3765256237792969,4.181976994154512,0.4672,1.0
IFNLR1,0.94684,2.879823890473146,0.2602124391937256,3.676813699207012,0.5236,1.0
GTSE1,0.94676,2.8782356356497005,-1.309759541015625,3.6355029343054506,0.3541,1.0
TPST1,0.94674,2.877838923889847,-2.46764216796875,2.7044266558944594,0.17782,1.0
LTB4R,0.94672,2.8774423526962503,-1.0461615209960937,3.5947176058401498,0.38668,1.0
RDH13,0.94672,2.8774423526962503,-0.33856888000488283,3.976748733386639,0.46324,1.0
PRIM1,0.9467,2.8770459219630466,-0.4744309643554688,4.396650983354915,0.45264,1.0
XPNPEP2,0.9467,2.8770459219630466,-0.43985968017578125,3.8951115979125888,0.45736,1.0
ZNF682,0.94668,2.87664963158449,-1.24028275390625,3.637561863054734,0.34212,1.0
ATP6V1G2,0.94664,2.8758574714689358,-0.5112244262695312,3.870133367378686,0.44146,1.0
PRKAR2B,0.94662,2.8754616015210397,-0.0574543043422699,3.7021116729307404,0.49224,1.0
NFE2,0.94656,2.8742748308539894,-0.5639039428710938,3.711270656025633,0.4372,1.0
EXTL2,0.94654,2.873879520007073,-0.8646594116210937,3.81316142320189,0.4084,1.0
NUP210,0.94652,2.8734843486731085,-0.4795978515625,3.756909618975633,0.45016,1.0
GZMH,0.9465,2.873089316747417,-0.06124747970581055,4.21036246724729,0.49556,1.0
EHMT2,0.94646,2.872299670702714,-0.7243231494140625,4.374572197680922,0.43228,1.0
PF4,0.94646,2.872299670702714,-0.04672482559204102,3.6894106376457194,0.4926,1.0
AGBL3,0.94642,2.871510581037863,-0.2642077716064453,4.215259208034869,0.47082,1.0
CCL5,0.94638,2.8707220469196244,-0.06624178133487701,3.9083268322861744,0.49576,1.0
IL19,0.94632,2.869540285574056,-1.404219599609375,3.685518250804137,0.3612,1.0
PTCRA,0.94628,2.86875313668917,-0.2249662476348877,3.740321744171894,0.47126,1.0
RTKN,0.94622,2.867573449313241,-0.697389853515625,4.22594867881325,0.4287,1.0
ACACB,0.94622,2.867573449313241,-0.2954209643554688,4.199049823777909,0.47364,1.0
LIN37,0.94618,2.866787680494595,-1.421048583984375,3.3390843301934594,0.33866,1.0
PLEKHA5,0.94612,2.8656100593592386,-1.13242853515625,3.4855619877684534,0.38048,1.0
PPP1R14A,0.94602,2.8636501028875863,-0.27694454498291016,3.6792111767424696,0.4694,1.0
IER3,0.94598,2.8628670788148733,-1.8326319384765626,2.606715572614921,0.23518,1.0
SNAI1,0.94594,2.862084601244984,-1.4895452490234375,3.282768099702476,0.32586,1.0
APOBEC3H,0.94594,2.862084601244984,0.5046601599121093,3.5974160754453304,0.55284,1.0
HSPA1L,0.94592,2.8616935671450183,-0.03800542755126953,3.710034156047508,0.49212,1.0
ZNF2,0.9459,2.8613026693666885,-0.6188986352539062,4.013216377199011,0.43314,1.0
DHODH,0.9459,2.8613026693666885,-0.26044,4.370625133007291,0.49322,1.0
INPP5E,0.94584,2.8601307929508386,-1.1614634448242187,3.7923794180846486,0.38896,1.0
NEB,0.94584,2.8601307929508386,-0.015142237331867219,3.772822919640025,0.5002,1.0
OSM,0.94582,2.859740439448937,-2.02884830078125,3.5573717423179203,0.29854,1.0
RASGRP2,0.9458,2.859350221764174,-0.8998180297851562,3.4937786746352524,0.40012,1.0
SLC41A1,0.9458,2.859350221764174,-0.6908988061523438,4.029530967273954,0.42982,1.0
LRTOMT,0.9458,2.859350221764174,-0.6786146118164063,3.5948379795554444,0.42188,1.0
SLC25A4,0.94574,2.8581803826076313,-0.48475677001953127,4.797944271591244,0.45786,1.0
IRS2,0.94574,2.8581803826076313,-0.42363915771484373,3.607433593245433,0.45514,1.0
KBTBD8,0.94572,2.8577907071868904,0.41722313720703125,3.6278570166789406,0.54378,1.0
PARD3,0.9457,2.8574011670815764,1.65944712890625,3.5992993122085313,0.6837,1.0
ZFP30,0.9457,2.8574011670815764,0.7154435107421875,3.7756930858121125,0.57362,1.0
HES1,0.94568,2.85701176219168,-0.9346704345703125,3.651454628679185,0.3976,1.0
HGD,0.94568,2.85701176219168,0.766091953125,3.546936870911593,0.58538,1.0
SLC2A5,0.9456,2.855455492789937,0.6576371728515625,3.688209723710313,0.57744,1.0
CCR3,0.9456,2.855455492789937,0.6045470471191406,3.5464613878670703,0.5694,1.0
PDK1,0.94556,2.854678166789414,-0.9500782934570312,3.407664549455283,0.3898,1.0
MAPK13,0.94554,2.8542897056164223,-1.0699902319335937,3.677019009223599,0.39068,1.0
ADHFE1,0.94552,2.8539013788627288,0.6742030480957031,3.42569105937962,0.5714,1.0
NR4A1,0.94552,2.8539013788627288,-0.6436204223632812,3.691241647515699,0.4304,1.0
CYSLTR1,0.94552,2.8539013788627288,-0.2011148973083496,3.636006703954993,0.479,1.0
TXK,0.94546,2.8527372041277776,-0.2592694027709961,4.055002292913874,0.46818,1.0
TLR3,0.94542,2.8519617579218175,1.3378937939453126,3.422386354604798,0.65252,1.0
PTX3,0.94536,2.850799592068225,0.10292045429229736,3.7584895826100495,0.49848,1.0
THBS1,0.94532,2.8500254826563376,-1.4997980419921875,3.508363775339068,0.33408,1.0
CYP4V2,0.94532,2.8500254826563376,-0.20472007846832274,3.5504043511492354,0.4739,1.0
PLAU,0.9453,2.8496386280034036,-1.887491171875,2.9789570725602004,0.26164,1.0
PROK2,0.94524,2.8484788630829847,-0.2211628756713867,3.6282750816830664,0.47402,1.0
EPAS1,0.94522,2.8480925407969138,-0.8413351953125,3.476573785272071,0.40634,1.0
ZNF551,0.94518,2.847320294671293,-1.084487041015625,4.076460182988934,0.38732,1.0
RBL1,0.94518,2.847320294671293,-0.8193492236328125,3.583444633796134,0.4169,1.0
HIC1,0.94518,2.847320294671293,-0.49322034545898435,3.5467603257075067,0.44416,1.0
SCT,0.94514,2.84654857915958,0.47336531982421876,3.9678587139649664,0.55014,1.0
PTPN14,0.94512,2.8461629201412944,-0.08424915418624877,3.5153802317486087,0.49202,1.0
DCSTAMP,0.9451,2.8457773934855264,1.3170857861328125,3.610080801220647,0.64486,1.0
PAQR3,0.94504,2.8446216067261703,0.1246605970954895,4.503789434107882,0.51792,1.0
SPARC,0.94502,2.8442366085538517,0.024438593826293944,3.500993862972241,0.49854,1.0
CCL22,0.945,2.843851742261271,-0.14941471689224242,3.775523774739872,0.48844,1.0
IL18R1,0.94496,2.84308240493047,0.6762074243164062,3.780836429315195,0.58228,1.0
ACKR3,0.94494,2.8426979337000833,-1.90650572265625,2.989187623457077,0.25876,1.0
MEIS1,0.94494,2.8426979337000833,0.75858580078125,3.6148629119118154,0.58838,1.0
CD70,0.94494,2.8426979337000833,-9.19628143310547e-05,3.6513781526182467,0.50224,1.0
PPAT,0.94492,2.8423135939651036,-1.0971895751953125,4.145901783518602,0.38328,1.0
LCN2,0.94492,2.8423135939651036,-0.6125417797851562,3.6363015247576946,0.43032,1.0
ZKSCAN7,0.9449,2.8419293856297108,-0.18330569931030274,3.497738962347728,0.47944,1.0
CATSPER1,0.94488,2.8415453085981897,-1.923920439453125,3.238788399834805,0.27962,1.0
CCR4,0.94486,2.8411613627749235,-0.398673486328125,3.5626242190692774,0.45956,1.0
NFATC2,0.94484,2.8407775480644064,0.33984101013183593,3.7487625356602776,0.5466,1.0
IL2RA,0.94476,2.8392435984432858,0.6713312768554688,3.608290905959233,0.57468,1.0
GNG7,0.94474,2.8388604378675124,-0.2021602633666992,3.784406329528848,0.4797,1.0
CCL23,0.94474,2.8388604378675124,-0.06035160717010498,4.993182784971624,0.49166,1.0
FAAH2,0.94472,2.838477407833612,-0.21176653045654298,4.082985854894172,0.4819,1.0
PEX12,0.94472,2.838477407833612,-0.09483808307647705,3.5943014734087595,0.48426,1.0
AGAP2,0.9447,2.838094508246799,-0.9045287451171875,3.5680299918434297,0.39332,1.0
MTA2,0.9447,2.838094508246799,-0.6672402880859375,3.538492656593694,0.4285,1.0
SIGLEC7,0.94464,2.836946591222585,-1.7696958056640626,3.0278301645592713,0.26804,1.0
TAF4B,0.94464,2.836946591222585,0.9115738525390625,3.696591259456757,0.59836,1.0
ERCC8,0.94464,2.836946591222585,-0.8085388818359375,3.4612419693383893,0.41098,1.0
HPGD,0.94464,2.836946591222585,-0.6578672216796875,3.587808291398378,0.42872,1.0
PRKAB1,0.94464,2.836946591222585,-0.2439733171081543,3.480911842450803,0.47346,1.0
LIPT2,0.94458,2.8357998448197597,-0.6941863659667968,3.946182537266974,0.41776,1.0
MXD4,0.94442,2.8327475581399364,-0.8252470190429687,3.652692026060806,0.41626,1.0
F13A1,0.94442,2.8327475581399364,-0.3107235723876953,3.6416613281234884,0.46554,1.0
SMARCD3,0.94434,2.831224514693819,-0.5090039123535156,3.537508057856026,0.44238,1.0
ABCG2,0.94432,2.8308440757284115,1.2660356591796875,3.405606877176659,0.6418,1.0
ZNF10,0.94424,2.8293236046685446,-0.3134042135620117,3.8236513433884864,0.46428,1.0
RRAS2,0.94422,2.828943807641484,-0.662403125,4.406394766060485,0.43164,1.0
ACSL6,0.9442,2.828564138724922,-1.0562047973632813,3.238039786723102,0.36832,1.0
ACHE,0.94414,2.8274258997171033,-0.921423369140625,3.541325216257544,0.3901,1.0
TYMP,0.94412,2.8270467423219166,1.0781402783203125,2.2581514592514935,0.70706,1.0
GDPD1,0.94412,2.8270467423219166,-0.14153638582229613,3.4387040207196318,0.4839,1.0
ARSD,0.94406,2.825910035673913,0.42503355224609374,3.3680582538519235,0.55298,1.0
GSPT2,0.94404,2.825531388331871,0.08355556941509247,3.6835379283977407,0.52226,1.0
UBOX5,0.944,2.8247744754103503,-0.38736910827636717,3.547138461873623,0.45504,1.0
CCL28,0.94398,2.8243962096484254,-1.0671255322265625,4.40853482126944,0.38086,1.0
IGFBP3,0.94398,2.8243962096484254,0.18545931182861328,3.786914058417956,0.51704,1.0
KIR3DL2,0.94396,2.824018070897583,-1.11318080078125,3.41787657788385,0.37004,1.0
CTSF,0.94394,2.8236400590668453,-1.2784033984375,3.283878230878613,0.34032,1.0
IVD,0.94392,2.823262174065329,-0.9520854760742188,3.566744100804476,0.3906,1.0
MDC1,0.9439,2.8228844158022475,-0.5957685595703125,3.5434022397693594,0.43442,1.0
LIPC,0.94388,2.8225067841869143,-0.3204703518676758,3.6648999500939734,0.46024,1.0
GRHL1,0.94386,2.8221292791287325,-0.8366823559570312,3.4056760035975517,0.39544,1.0
ZNF324B,0.94386,2.8221292791287325,-0.3722884881591797,3.452688823179574,0.46416,1.0
ARHGEF40,0.94386,2.8221292791287325,-0.11483007654190064,3.402268560564977,0.48868,1.0
ACTR5,0.9438,2.8209975223926413,-0.87278041015625,3.5749713750196643,0.41186,1.0
ZNF726,0.9438,2.8209975223926413,0.21446420375823974,3.5841007071152235,0.52258,1.0
ABCB1,0.9438,2.8209975223926413,0.12399859323501587,4.039389391178231,0.51216,1.0
RAB33A,0.94378,2.820620522659088,-1.18892107421875,4.085966909499946,0.34624,1.0
SYP,0.9437,2.819113783881642,-1.1370690576171876,3.3332519156537748,0.36722,1.0
TNFSF4,0.94366,2.8183611693291404,-0.19339081344604492,3.5681143907916795,0.47858,1.0
MCM6,0.94356,2.8164818288068107,-0.8005362646484375,4.161493061568495,0.41492,1.0
S100A12,0.94354,2.8161063364211185,-0.6136548034667969,4.409645620787699,0.44606,1.0
ORC5,0.94352,2.8157309690672077,-0.6722149389648437,3.6900036688101667,0.4387,1.0
RAB39B,0.94352,2.8157309690672077,-0.30854942626953125,5.456104958122483,0.46978,1.0
SMPD3,0.9434,2.8134813856410243,0.8312760424804687,3.3424463090224816,0.60042,1.0
THRA,0.9434,2.8134813856410243,-0.28510214111328125,3.5807453685137434,0.46458,1.0
PANK1,0.9434,2.8134813856410243,0.022052888021469118,3.8385597984634696,0.49946,1.0
ADORA3,0.94338,2.813106891026486,-0.518413798828125,4.097526481427191,0.44486,1.0
CTSW,0.94338,2.813106891026486,0.03445102226257324,4.009089672489886,0.51348,1.0
SUV39H1,0.94336,2.8127325207353975,-0.7133489025878906,3.4101677904175998,0.4214,1.0
POLR1E,0.94334,2.8123582746796396,-0.9117391064453125,3.5103398113061366,0.3812,1.0
BTLA,0.94332,2.8119841527711866,0.21406375396728516,4.194664820845336,0.52254,1.0
RAPGEF3,0.9433,2.8116101549221018,0.4481262194824219,3.729058019356214,0.5545,1.0
TCTN1,0.9433,2.8116101549221018,0.16660539299011232,4.62966956696443,0.52216,1.0
KLRF1,0.9433,2.8116101549221018,-0.11035372343063354,3.8456715655526272,0.48758,1.0
CXCL2,0.94328,2.811236281044546,-0.9776203198242187,4.08896227601109,0.39458,1.0
ACSS1,0.94328,2.811236281044546,-0.768021513671875,3.81803152322629,0.41294,1.0
RFC5,0.94328,2.811236281044546,-0.5005787719726562,3.5111998531378625,0.45146,1.0
LILRA4,0.94326,2.810862531050772,1.0823462915039062,3.522503701286947,0.63324,1.0
SLC7A5,0.94324,2.8104889048531247,0.1499386228942871,3.3819394819192974,0.52312,1.0
PORCN,0.94322,2.8101154023640422,-1.2948323291015624,3.352103837584827,0.35396,1.0
HLA-DRB5,0.94322,2.8101154023640422,-0.6853454760742187,3.390167863236952,0.42322,1.0
KLC2,0.94316,2.808995636273947,-0.4767154602050781,3.632751000404371,0.4499,1.0
SLA2,0.94312,2.808249742488886,-0.12347519884109497,3.849891030351853,0.49026,1.0
CHRNA6,0.94308,2.807504341444433,1.4239026708984375,4.157543456183987,0.63636,1.0
SELP,0.94308,2.807504341444433,-0.4567884210205078,3.8112945843550445,0.44678,1.0
GRK4,0.94306,2.8071318254826956,-1.7901319873046875,3.0484228131471642,0.27856,1.0
ZNF500,0.94306,2.8071318254826956,-1.1241255126953125,3.4473900334376153,0.3724,1.0
SLC25A12,0.94304,2.8067594324456095,-0.47107362182617185,3.682752907643557,0.441,1.0
CDC14B,0.943,2.8060150147989065,0.9162842651367188,3.335639799502543,0.60896,1.0
USP46,0.94298,2.805642990016279,-1.1405202124023437,3.2821416366797322,0.36582,1.0
GRB14,0.94292,2.804527650795111,-0.5473667333984376,3.526720636544838,0.43174,1.0
PLCD1,0.9429,2.8041561158096666,0.34826027099609375,4.319645703341389,0.55536,1.0
NME1,0.9429,2.8041561158096666,0.08339012120246887,3.7886831786665454,0.52288,1.0
ORC1,0.94288,2.8037847030582754,-0.702427138671875,4.063775513898036,0.42798,1.0
ZNF443,0.94286,2.8034134124550163,-1.1697300439453124,3.3392248386008987,0.35988,1.0
NCR1,0.94282,2.802671197349682,-0.45193417358398436,3.6573582821907755,0.45288,1.0
SYCE1,0.94282,2.802671197349682,-0.4286302716064453,3.3172481118504065,0.44306,1.0
LYPD2,0.9428,2.802300272676223,1.365199375,3.497957752737604,0.6598,1.0
EDN1,0.9428,2.802300272676223,1.353213330078125,3.473966765751922,0.64058,1.0
BCL2,0.94278,2.80192946980813,0.4291201220703125,3.352445845557667,0.54604,1.0
AMY2B,0.94276,2.801558788659938,-0.7474122192382813,3.4988426342464742,0.4096,1.0
ARHGEF12,0.94276,2.801558788659938,-0.49189766967773435,3.4862051139639094,0.4468,1.0
MRPS24,0.94274,2.8011882291462635,0.38031304565429686,4.097083294070936,0.55658,1.0
TNS4,0.94272,2.8008177911818204,-0.002490836944580078,3.4981338617156026,0.50404,1.0
MCM7,0.94268,2.8000772795599227,-1.5028469921875,3.279039097425949,0.32346,1.0
NCKIPSD,0.94268,2.8000772795599227,-0.097123988571167,3.3640183457948063,0.48732,1.0
CTTN,0.94266,2.799707205732338,-0.9457008544921875,3.296779538200916,0.38472,1.0
CCL13,0.94262,2.7989674216192295,0.3684485589599609,3.902379822183872,0.53416,1.0
SKP2,0.9426,2.7985977111641094,-0.41865818115234377,3.752934187386479,0.46384,1.0
PDP2,0.9426,2.7985977111641094,-0.1723873820877075,3.5840796484501354,0.48238,1.0
KRT23,0.94258,2.7982281216636946,-0.9531020947265625,3.6423657467318327,0.39492,1.0
GSTO2,0.94256,2.7978586530334075,-1.2140178076171875,3.1945830831719433,0.35258,1.0
EVC2,0.94246,2.796013119979845,-0.7814561962890625,3.628902743189934,0.40638,1.0
ARHGEF9,0.94242,2.7952757498989667,-0.95367072265625,3.3862383150312687,0.394,1.0
HS2ST1,0.94238,2.7945388606048756,-0.728605048828125,3.596355978410253,0.42572,1.0
COQ3,0.94234,2.7938024514276236,-0.7936326000976562,3.4985465161620666,0.42222,1.0
NCK2,0.9423,2.793066521698657,-0.6314571801757812,3.471344822468585,0.4321,1.0
HPSE,0.9422,2.7912287905876094,1.2019336474609374,3.183747006168792,0.7031,1.0
BAMBI,0.94218,2.790861602536718,0.9470958959960938,3.2027453233085605,0.6198,1.0
IZUMO4,0.94218,2.790861602536718,-0.6829814624023437,3.6016053703716286,0.43238,1.0
DENND5B,0.94216,2.7904945336827836,-0.043695447721481324,3.391198707920021,0.50536,1.0
ARHGEF7,0.94212,2.7897607532348805,-1.06553419921875,3.3486133550389567,0.3762,1.0
IGFBP2,0.9421,2.7893940414756733,-1.1820120141601562,3.3069849816250376,0.36198,1.0
NUP35,0.9421,2.7893940414756733,-0.4449592504882813,3.5881639269921055,0.46488,1.0
CLDN5,0.9421,2.7893940414756733,-0.23545680725097656,3.683841184574761,0.4738,1.0
RGS13,0.9421,2.7893940414756733,-0.026003588848114014,3.5235779468804176,0.50246,1.0
SCN1B,0.94208,2.789027448582942,-0.4854891339111328,3.4656769422497704,0.44106,1.0
GNG3,0.94206,2.788660974474281,0.7915678149414063,3.9873522214746573,0.58012,1.0
BBC3,0.94204,2.7882946190673707,-1.47492033203125,2.9557020657807898,0.30602,1.0
SYTL1,0.94202,2.7879283822799747,-1.0955017138671874,3.6983540018552925,0.37098,1.0
BBS10,0.942,2.7875622640299427,-0.3509574200439453,3.45618932228887,0.46158,1.0
ABCA5,0.94196,2.7868303828137937,-0.0449058504486084,3.6675979755022206,0.51132,1.0
ZNF544,0.94192,2.7860989747634104,-1.233769365234375,3.8855041084583437,0.33748,1.0
PLK2,0.94192,2.7860989747634104,-0.32373000061035156,3.421975069881767,0.45672,1.0
ZNF519,0.9419,2.7857334479709053,-0.45170579345703127,3.5551815235258877,0.44668,1.0
RAB3IL1,0.94188,2.7853680392246414,-0.5894815515136719,3.96632311334913,0.43134,1.0
PHC1,0.94182,2.784272520448115,-0.3526692059326172,3.309241312446005,0.45972,1.0
AUTS2,0.94178,2.7835427633352947,-1.170834599609375,3.202532447100662,0.3546,1.0
PIK3CB,0.94174,2.7828134764551518,-0.10294128658533096,3.526693814806037,0.48964,1.0
WRN,0.94172,2.782449009149745,-0.48350841735839845,3.5798451925371126,0.4513,1.0
CA1,0.94172,2.782449009149745,-0.28076025512695313,3.6834184836936528,0.46828,1.0
ARHGAP6,0.94172,2.782449009149745,-0.1968496160888672,3.6510653724146964,0.46868,1.0
ABCA2,0.94172,2.782449009149745,-0.005790947422981262,3.580210601250008,0.50358,1.0
SIRT3,0.9417,2.7820846591595707,-0.7161409399414063,3.623493162821594,0.42908,1.0
FCER1A,0.9417,2.7820846591595707,-0.5787319384765625,3.547119436459979,0.4373,1.0
TREML1,0.9417,2.7820846591595707,-0.30701775665283204,3.5431423612963058,0.46202,1.0
CHAC2,0.94168,2.7817204264038216,-0.48129494873046874,3.7363719734374725,0.45262,1.0
NT5E,0.9416,2.7802646661118855,-0.311084736328125,3.30719321932491,0.46488,1.0
ZNF529,0.94158,2.779901018319089,-0.13811634353637695,4.590138730272555,0.49182,1.0
RPS6KA5,0.94146,2.7777215805352915,1.07109373046875,3.3983889361248125,0.62754,1.0
ITPKB,0.94142,2.7769960322961076,-0.8814335278320312,3.4309236033393513,0.40208,1.0
ALG10B,0.94142,2.7769960322961076,0.4146102764892578,3.275154385417121,0.54638,1.0
ATIC,0.94134,2.7755463285236135,-0.4423363659667969,4.136752474990894,0.45988,1.0
BICD1,0.94134,2.7755463285236135,-0.16895595062255858,3.8553675676985364,0.4905,1.0
ZFP69B,0.94132,2.7751841922639793,-0.9486739501953125,4.223082359038339,0.36472,1.0
DYRK2,0.94132,2.7751841922639793,-0.4796202099609375,3.5170170745440696,0.44512,1.0
TTLL1,0.94132,2.7751841922639793,-0.11337619376182556,3.7550733622494756,0.4874,1.0
GNG11,0.94128,2.7744602668098857,-0.2884457391357422,3.444798370498183,0.46478,1.0
SLC2A9,0.94126,2.77409847745718,-0.4139158221435547,3.332373048968516,0.4483,1.0
PELI3,0.94122,2.7733752451054317,-0.44834101806640625,3.2275883053789833,0.44596,1.0
COL1A1,0.94122,2.7733752451054317,-0.32870925170898435,4.356476419119116,0.46146,1.0
SLC12A4,0.9412,2.773013801948627,-1.1475698828125,3.101015768058783,0.35418,1.0
BCKDHB,0.9412,2.773013801948627,-0.5370682312011719,3.9309847858913733,0.43754,1.0
ABCA7,0.94118,2.7726524740328222,-0.9849333056640625,3.2205364303200583,0.38262,1.0
CHRNE,0.94118,2.7726524740328222,-0.16670036529541016,3.3807703061891643,0.48052,1.0
DOK3,0.94116,2.7722912612793387,-1.3749762841796875,3.025500917844997,0.33976,1.0
AK1,0.94112,2.7715691809450087,-1.6028959130859375,2.9656401350403927,0.29568,1.0
TEX2,0.9411,2.771208313207202,-1.7777056396484374,2.7328919339821396,0.25978,1.0
ECM1,0.94108,2.7708475603177893,-1.375135986328125,3.1035786431320496,0.32896,1.0
KDM4D,0.94106,2.7704869221984905,-0.0994244075012207,3.275365739072971,0.48568,1.0
MTA1,0.94104,2.7701263987711044,-1.3586314697265625,3.1942757184385537,0.34122,1.0
AGO2,0.94104,2.7701263987711044,-0.8456386181640625,3.1718026246867215,0.39478,1.0
HIP1R,0.94102,2.7697659899575084,-0.7702524169921875,3.530653340529582,0.41592,1.0
ATP8A1,0.941,2.769405695679659,-0.7245479516601563,3.979985375105991,0.41718,1.0
TRIM32,0.94096,2.768685450419429,-0.2386848013305664,3.7679082490721942,0.48576,1.0
B3GNT7,0.94094,2.7683254992813566,-0.26512484252929686,3.8586523601671887,0.47674,1.0
ALKBH2,0.9409,2.7676059396006667,-0.6635305834960937,3.8463880602557294,0.43518,1.0
CD244,0.94088,2.7672463309028354,-0.9391612182617187,3.3832834913255,0.3854,1.0
MOCS1,0.94086,2.7668868361966643,0.024857619972229003,3.484958654746397,0.49514,1.0
DUSP16,0.94084,2.766527455404744,-0.3922995520019531,3.9806492785331598,0.46552,1.0
CCL19,0.94082,2.766168188449741,0.91374943359375,3.4254219601998814,0.60642,1.0
RAB37,0.9408,2.765809035254402,-1.1043263012695312,3.231910773590347,0.36342,1.0
FUT7,0.9408,2.765809035254402,0.0651981593322754,3.411033679476015,0.50158,1.0
SOX4,0.94078,2.76544999574155,-1.308169423828125,3.216260515548094,0.35254,1.0
RAB30,0.94076,2.765091069834089,-0.5042839477539063,3.6250179262539843,0.45446,1.0
PIK3CD,0.94074,2.7647322574549955,-0.7310526806640625,3.2534004484683234,0.41384,1.0
GTF3C1,0.94072,2.764373558527329,-1.20496435546875,3.030840262852,0.34912,1.0
SCARF1,0.94068,2.763656500718899,-0.62166263671875,3.229865458282727,0.42456,1.0
KCNMB3,0.94068,2.763656500718899,-0.5147263012695312,3.2860905246727286,0.4386,1.0
DTX4,0.94064,2.7629398957948204,0.722519794921875,3.3165666001353795,0.58488,1.0
RNF152,0.9406,2.762223743142348,-0.8643484057617188,3.243114008801136,0.39152,1.0
SESN3,0.94058,2.7618658362268222,-0.8870309301757813,3.728393729313803,0.396,1.0
SOCS2,0.94054,2.7611503608355816,0.06803178901672363,3.2788211778485548,0.51158,1.0
ALMS1,0.94052,2.7607927922074516,-1.29051748046875,3.1503087931153018,0.34278,1.0
SPTBN4,0.94048,2.7600779927057157,0.6769294458007813,4.068191047678052,0.568,1.0
PSTPIP1,0.94044,2.7593636430369664,-1.9492786474609376,2.873451271150749,0.25204,1.0
LPAR5,0.94044,2.7593636430369664,-1.4036855908203125,3.128416814000882,0.33012,1.0
MOGS,0.9404,2.758649742594611,-0.9296019165039062,3.2704169750805114,0.39204,1.0
FBXO44,0.94036,2.757936290773283,-0.6640703234863281,4.125135582525108,0.4243,1.0
LHX4,0.94032,2.7572232869688356,-0.21709905570983887,3.3297703315615323,0.47764,1.0
GNAO1,0.94032,2.7572232869688356,0.014242744598388672,3.2734196979957066,0.49894,1.0
GLI1,0.9403,2.7568669528844754,-1.3591904052734376,3.7528396119672007,0.35876,1.0
PDE4C,0.9403,2.7568669528844754,-0.4935993798828125,3.4387037102470464,0.43604,1.0
MYO18A,0.94026,2.7561546199752156,1.4682798828125,3.2398284047119086,0.66858,1.0
COL15A1,0.94026,2.7561546199752156,-1.05834541015625,3.650281280983864,0.3812,1.0
NOL6,0.94026,2.7561546199752156,-0.4660975048828125,3.2547111093005654,0.4412,1.0
SOCS5,0.94024,2.7557986210000363,-0.98570060546875,3.0839161037759344,0.37604,1.0
C1QC,0.9402,2.755086957633445,1.6795274365234374,3.5058783075218845,0.68874,1.0
PARP2,0.9402,2.755086957633445,-0.5805818127441407,3.2750631424196586,0.43246,1.0
HSD17B8,0.94018,2.7547312930922025,-0.515665869140625,3.4184018219178016,0.439,1.0
ELOVL4,0.94012,2.7536649671392994,0.12177341583251954,3.9296624309390724,0.51642,1.0
NRGN,0.94004,2.7522447543157806,-0.6253090222167969,3.259521664032435,0.42092,1.0
NR4A2,0.93998,2.7511807584297343,-0.7699734936523438,3.4217892110722286,0.41716,1.0
VIPR2,0.93998,2.7511807584297343,0.21914920570373536,3.872588225352577,0.52892,1.0
ZNF736,0.93996,2.7508263144018867,-0.949152001953125,3.1217200550639346,0.38296,1.0
CAMK2D,0.93994,2.7504719808844236,0.21035335815429687,3.3930876856984127,0.52582,1.0
PGM2L1,0.93992,2.7501177578034373,-0.23318838943481446,3.5006058643069626,0.47006,1.0
TBL1XR1,0.93982,2.7483482963640196,-0.5011339489746094,3.239270371337134,0.43978,1.0
LIN52,0.93982,2.7483482963640196,0.293498740234375,3.3595393002305145,0.53424,1.0
CD200,0.93978,2.747641282265037,0.313735087890625,3.3275124585512468,0.53876,1.0
FBXO32,0.93976,2.747287940023993,-0.22822533706665038,3.660081842521874,0.46338,1.0
PCYOX1L,0.93974,2.7469347075575556,-0.047014460792541506,3.410411722510771,0.49914,1.0
ABCC5,0.93966,2.7455228739754833,-0.880466455078125,3.1567469709607168,0.39114,1.0
ZNF664,0.93966,2.7455228739754833,-0.4040265563964844,3.306771970069738,0.46266,1.0
POT1,0.93966,2.7455228739754833,0.08366544828414917,3.3060615812021577,0.51588,1.0
FAM169A,0.93964,2.745170189285917,0.5764582019042969,3.4354876103902288,0.58114,1.0
SLC26A2,0.9396,2.744465147843988,-0.57755283203125,3.307096517286755,0.43084,1.0
VNN2,0.93954,2.743408404434095,-1.1179978930664063,3.261309901496495,0.36396,1.0
SMAD3,0.93954,2.743408404434095,-0.5223329089355468,3.361140334450189,0.4408,1.0
OTUD3,0.93952,2.7430563746747643,-0.5452848278808594,3.0762615240410627,0.43024,1.0
NCAM1,0.9395,2.742704453816724,-0.19147934997558594,3.4281215295016785,0.47618,1.0
TAF4,0.93944,2.7416493439276333,-0.5079256701660156,3.3559324497576535,0.44492,1.0
DUSP4,0.93944,2.7416493439276333,-0.46784115966796874,3.1976068078733553,0.4452,1.0
ARHGEF28,0.93942,2.741297857952396,-1.0557258569335937,3.692748185972316,0.37826,1.0
ZNF599,0.93942,2.741297857952396,-0.6925028173828125,3.7491308060725044,0.4324,1.0
TAF1C,0.9394,2.7409464805176262,-0.1802170571899414,3.357488949598017,0.48006,1.0
ITGB3BP,0.93934,2.7398929987369742,-0.09935945876121521,3.5075710750307225,0.4916,1.0
TK1,0.93928,2.738840491234582,0.6661786145019531,3.1573113807704742,0.58712,1.0
LDLR,0.93926,2.7384898715724524,0.5505074133300781,3.2655156120999678,0.57024,1.0
LTB,0.93922,2.7377889560773663,-0.46314599487304686,4.270500566011911,0.43962,1.0
COQ10A,0.9392,2.737438660101711,-0.9074304736328125,4.1090747815685384,0.40234,1.0
PROS1,0.93916,2.7367383913379646,0.35308087585449216,3.5438929298485906,0.54538,1.0
CENPL,0.93908,2.735339144570347,-0.35807625671386717,3.409447706007937,0.475,1.0
MATN1,0.93908,2.735339144570347,0.06205375769138336,3.203046223894744,0.50916,1.0
FOXK2,0.93906,2.734989601372903,-0.6759625207519532,3.2154039620689443,0.41676,1.0
TLR6,0.93904,2.7346401654316335,-0.8265882666015625,3.1920358232469175,0.39618,1.0
RGS3,0.93904,2.7346401654316335,-0.5260927770996093,3.372024942107653,0.45432,1.0
FYN,0.939,2.7339416150349507,-0.7035354516601563,3.492780866409649,0.41414,1.0
GNB5,0.93898,2.7335925004383816,-0.33533276489257813,3.600307710274845,0.47636,1.0
GFOD1,0.93896,2.7332434928156673,0.09741539525508881,3.309543829284452,0.51384,1.0
KIF3A,0.93894,2.732894592096404,0.06598952640533447,3.7689130032616562,0.52132,1.0
CBX8,0.93892,2.7325457982102543,-0.7865673168945313,3.232918914472777,0.40622,1.0
PARG,0.93888,2.731848530656298,-0.6255429833984375,3.2071039127491616,0.42674,1.0
LYPD3,0.93886,2.7315000568481604,-0.9600713891601562,3.027486568079797,0.37672,1.0
CHTF18,0.93882,2.730803428819263,-0.09388295011520385,3.8121094389445545,0.48208,1.0
SENP3,0.93878,2.7301072264405972,-1.3284211962890624,3.2151177163421925,0.3384,1.0
HFE,0.9387,2.72871609640078,1.3665084521484374,2.9785914642905262,0.67944,1.0
TNFRSF10A,0.93868,2.7283685790507803,-0.11571387405395508,3.3417461557790302,0.48838,1.0
IGFBP6,0.93866,2.72802116762577,0.40240278930664064,3.2292947062548714,0.55084,1.0
GATA3,0.93864,2.7276738620563683,-0.48870370849609374,3.853377183270821,0.4389,1.0
GNLY,0.93864,2.7276738620563683,0.31253999448776243,4.406934317637442,0.53818,1.0
PRMT6,0.93864,2.7276738620563683,-0.22047089431762695,3.550900018887294,0.48394,1.0
PTPN4,0.93864,2.7276738620563683,0.03864486473083496,4.20370455254112,0.5158,1.0
PPBP,0.93862,2.7273266622732657,0.027235069394111633,3.2712946131933145,0.49908,1.0
GADD45A,0.93856,2.7262856969496685,-0.7188795483398438,3.138660058146422,0.41676,1.0
MDGA1,0.93854,2.7259389196200168,1.2413861572265625,2.960963007550714,0.6623,1.0
ITGB3,0.93854,2.7259389196200168,-0.2952574771118164,4.02867722343787,0.46932,1.0
IDE,0.93852,2.7255922477311256,-1.1511778759765625,3.0423641104697823,0.35204,1.0
STARD13,0.9385,2.7252456812140915,-0.9344586572265625,3.0881868774103243,0.37808,1.0
COPZ2,0.93848,2.724899220000076,-1.02189671875,3.7618121758280254,0.3877,1.0
OXTR,0.93848,2.724899220000076,-0.4094257507324219,3.9250923715181143,0.45418,1.0
POLH,0.93848,2.724899220000076,-0.406479853515625,3.308212748543149,0.45452,1.0
MTOR,0.93844,2.7242066132060874,-0.3938957879638672,3.3142757585235456,0.45324,1.0
RRM2,0.93842,2.7238604674887714,-0.34905476654052736,3.9046162869199246,0.46062,1.0
GFI1,0.93842,2.7238604674887714,-0.2938962701416016,3.7564204492803857,0.46708,1.0
EHD3,0.93838,2.7231684910706457,-0.7056049719238281,3.877786546291115,0.4246,1.0
SATB2,0.93836,2.7228226602328967,-0.6146319946289063,3.3031408779547977,0.42606,1.0
SAP30,0.93832,2.7221313129581763,-0.05666563402175903,3.1845285202908626,0.49378,1.0
IL1R2,0.93828,2.721440384429463,-0.7983544921875,3.514364811268039,0.41156,1.0
FHL2,0.93828,2.721440384429463,0.24785173065185548,3.151196683045646,0.53058,1.0
TSEN54,0.93826,2.7210950770244735,-1.2553700146484374,4.070634389065982,0.33248,1.0
POLR3G,0.93824,2.720749874101656,-0.5408201013183593,4.0438783095034525,0.44986,1.0
GATA1,0.93824,2.720749874101656,-0.5180859838867188,3.4175355760108963,0.43166,1.0
ZNF19,0.9382,2.720059781430713,-1.0771071337890625,3.164351160856789,0.3755,1.0
ULBP2,0.9382,2.720059781430713,-0.28772831604003907,3.2341286370750257,0.46766,1.0
PDGFA,0.9382,2.720059781430713,0.13116663482666016,3.263933306060075,0.51242,1.0
PTPRN2,0.93816,2.7193701058736424,0.4527990637207031,3.192886166212891,0.568,1.0
IDO2,0.93812,2.7186808468885104,0.9233300634765625,3.2976069791885245,0.58788,1.0
LZTFL1,0.9381,2.7183363734413555,-0.897692119140625,3.5679313739084604,0.40364,1.0
DLG1,0.93808,2.717992003934434,0.1098519154548645,3.2005065727624897,0.51654,1.0
ARHGEF4,0.93806,2.7176477383002995,0.4346856460571289,4.500357593262661,0.53338,1.0
MPRIP,0.93806,2.7176477383002995,-0.22479241302490235,3.5217814334220745,0.47024,1.0
GAMT,0.93802,2.7169595183809325,-0.9114810522460938,4.054789050557544,0.39064,1.0
CLEC4C,0.93802,2.7169595183809325,0.8616223803710937,3.4405033355264534,0.60406,1.0
BCL2L11,0.93802,2.7169595183809325,-0.16216196868896485,3.236445626421973,0.48244,1.0
PIK3R1,0.93796,2.715927965865368,-0.3530081005859375,3.417572564561828,0.46308,1.0
AGL,0.93796,2.715927965865368,-0.09198228202819825,3.4431235084103338,0.4819,1.0
ARHGAP11A,0.93792,2.715240781647564,0.5286896337890625,3.0590220374837918,0.56986,1.0
STK11,0.93786,2.714210780170534,-0.9357203125,3.0717838867301364,0.37718,1.0
PTPN22,0.9378,2.7131817069103517,-0.93446525390625,3.4374374883213408,0.38564,1.0
TNFRSF4,0.93776,2.7124961728579837,-0.2011973873901367,3.2000316163566858,0.47912,1.0
NCOR2,0.93772,2.7118110500155197,-1.060310556640625,3.023677965250094,0.36202,1.0
FCGR3B,0.93772,2.7118110500155197,0.8130610400390625,3.160136318239784,0.59854,1.0
UTP15,0.93766,2.710784135610144,-0.39158327270507814,3.6423024463723603,0.45974,1.0
PDGFRB,0.93764,2.7104420358392116,-0.05739865920543671,3.238041237844867,0.49214,1.0
MOCS3,0.93758,2.7094163506945836,-1.0552788427734374,3.2743274717290807,0.3658,1.0
FEN1,0.93754,2.7087330717461042,-0.04631267078399658,3.4644205498033656,0.49032,1.0
MGST2,0.9375,2.70805020110221,-1.291075634765625,2.9999971605198295,0.3375,1.0
STAT5B,0.9375,2.70805020110221,-0.3399111163330078,3.1996349101097845,0.45584,1.0
DBP,0.93748,2.7077089187303973,-1.0681254760742187,3.35571831196187,0.35782,1.0
ABCB4,0.93748,2.7077089187303973,0.4720349853515625,3.6731829058875016,0.55496,1.0
TBL1X,0.93746,2.7073677382379553,-1.1539885546875,3.000344020904145,0.34994,1.0
PREX1,0.93744,2.707026659559424,-1.35417373046875,2.8668664554410883,0.315,1.0
NR6A1,0.93742,2.706685682629401,-0.6698795092773437,3.157374094023837,0.4183,1.0
CDK8,0.93742,2.706685682629401,-0.6340579272460938,3.247540264794093,0.43086,1.0
POMK,0.93738,2.706004033753607,-0.6486588342285157,4.079164646931686,0.43722,1.0
CSNK1E,0.93736,2.705663361677352,-0.5419201953125,3.3172924768419896,0.4494,1.0
TNFRSF25,0.93734,2.70532279108864,-0.47766280395507815,4.084293653983241,0.44274,1.0
ZNF584,0.93728,2.704301687597216,-0.502520419921875,4.496973976610443,0.43848,1.0
RPL39L,0.93726,2.70396152230844,0.6272533056640625,3.164239184805489,0.57794,1.0
ST6GAL1,0.93726,2.70396152230844,0.2172107650566101,3.147927826480623,0.52516,1.0
MT1X,0.93724,2.7036214581823996,0.09978155985832214,3.212215716944807,0.51294,1.0
PPP2R5A,0.93722,2.703281495154321,-0.4171017144775391,3.352756356077399,0.45812,1.0
LTBP1,0.93716,2.7022622120110187,1.3805076171875,3.4724301772785573,0.66284,1.0
MIB2,0.93712,2.7015831942205204,-1.0452274194335938,3.1221975047795567,0.37452,1.0
ZNF570,0.93712,2.7015831942205204,-0.06374452290058136,4.003923875578203,0.48946,1.0
SYT11,0.93708,2.7009045792725073,-0.7559947412109375,3.1987838017966155,0.4151,1.0
IGFBP4,0.937,2.6995485558468904,1.787571591796875,2.344503768687158,0.80758,1.0
CABIN1,0.937,2.6995485558468904,-0.6552732690429688,3.2215146302927513,0.41702,1.0
TADA1,0.93692,2.698194137629871,-0.5261917846679688,3.757401427449287,0.45524,1.0
CTSL,0.93692,2.698194137629871,0.5102836486816407,3.19319014971911,0.55928,1.0
CKAP5,0.93688,2.6975175291962636,-0.4500933154296875,3.163116755506823,0.4478,1.0
FLT3LG,0.93688,2.6975175291962636,-0.29718669036865236,3.2617739902168617,0.4631,1.0
TNKS1BP1,0.93684,2.6968413205327586,-0.3217519715881348,3.054378549726466,0.45648,1.0
HLA-DQA1,0.93682,2.6965033659558,-0.5246944421386719,3.4712864825524394,0.44084,1.0
POLR3A,0.93682,2.6965033659558,-0.009978153200149536,3.285421004779481,0.4992,1.0
NICN1,0.93678,2.6958277559940114,-0.3602952947998047,3.224851382803574,0.46156,1.0
GRAP2,0.93676,2.6954901004823784,-0.05864944529533386,3.8103352112713194,0.49522,1.0
TRAF3IP1,0.93666,2.693803315086137,-0.16164184051513672,3.4068177395785906,0.5052,1.0
TFDP2,0.93658,2.6924556735782303,-0.6903780078125,3.1996412218429024,0.42654,1.0
PER2,0.93656,2.6921190108448236,-1.0519662768554687,3.020798534873907,0.36386,1.0
TNNC2,0.93654,2.691782447043328,0.0940029734134674,3.4531828224193295,0.50868,1.0
OSBPL5,0.9365,2.6911096159854972,0.4248687139892578,3.065925057578155,0.5559,1.0
ADAM12,0.9365,2.6911096159854972,-0.28012936447143555,3.286064788919009,0.45682,1.0
TMOD1,0.93642,2.6897651382998613,-0.08224940145969391,3.0119140633527413,0.48738,1.0
GZMB,0.93638,2.689093490673815,0.3107133201599121,4.410630389842273,0.53744,1.0
PDK2,0.93636,2.6887578144470834,-1.31211138671875,3.077664000671694,0.325,1.0
ITK,0.93636,2.6887578144470834,-0.10086472179412842,3.9246176440065335,0.49622,1.0
NIPA1,0.93632,2.688086756855578,-0.12016595722198486,3.107362650661317,0.4893,1.0
TUBA4A,0.93626,2.687080906693075,-1.2685271142578125,2.8578341776518887,0.32446,1.0
TRMU,0.93622,2.686410830012508,-0.9804862158203125,3.04543328443776,0.36932,1.0
ADRB2,0.93618,2.6857411448310486,0.7174061840820313,3.1790521152406197,0.5875,1.0
TCTN2,0.93608,2.6840686414526838,-0.6689671325683594,3.0566713933285774,0.41304,1.0
GPSM2,0.936,2.682732393117921,-1.11840736328125,2.8461015361601705,0.35016,1.0
FANCA,0.936,2.682732393117921,1.0992342919921876,2.9311535676135145,0.6595,1.0
IFT88,0.93592,2.6813976999792417,-1.32602259765625,2.8533312507935302,0.32464,1.0
ZNF792,0.93588,2.6807309353890556,-0.5836853491210937,4.503935311282944,0.431,1.0
HOXA1,0.93582,2.679731514610078,-0.5146350964355468,3.554171362904689,0.42946,1.0
PLTP,0.93582,2.679731514610078,-0.492627470703125,3.050371092196594,0.44272,1.0
DAAM1,0.93578,2.6790657174543075,-0.5762571997070313,3.4826038412064344,0.42886,1.0
POU3F1,0.93576,2.678732963703946,-1.452292001953125,3.4641861377981673,0.32142,1.0
GAS8,0.93576,2.678732963703946,-0.44628919311523435,3.0467749180766623,0.44042,1.0
GDPD3,0.9357,2.6777352810382933,-0.5299865417480468,3.1414290649724124,0.4287,1.0
CXXC5,0.93566,2.6770706408129783,-1.4283999365234374,2.3607854410521067,0.2429,1.0
ARHGAP12,0.93562,2.6764063852675752,-0.8103591723632813,2.927621588938143,0.38896,1.0
SLC39A10,0.93562,2.6764063852675752,-0.10045929365634919,3.224432217558708,0.48768,1.0
TBC1D10C,0.9356,2.676074401599716,-1.10654048828125,3.725114892227392,0.34972,1.0
RNF144A,0.9356,2.676074401599716,0.4170718798828125,3.100603191086134,0.5514,1.0
CTPS1,0.93558,2.675742513921796,-0.41316734008789063,3.505705569232419,0.46442,1.0
LRRC1,0.93558,2.675742513921796,0.33740907165527345,3.1241634882280453,0.54846,1.0
ITGA10,0.93556,2.6754107221739187,-0.13950165225982666,3.0605478267712596,0.48168,1.0
GNG2,0.93556,2.6754107221739187,0.0643543190574646,3.4332749498101154,0.50278,1.0
HSPA1A,0.93554,2.675079026296246,1.40136640625,2.8975126604225494,0.6784,1.0
GTF2H2,0.93554,2.675079026296246,-0.0904154170370102,3.1051256537859335,0.49132,1.0
ZNF439,0.93548,2.6740845132868607,-0.5392202233886719,4.101270714371787,0.43242,1.0
DVL2,0.93548,2.6740845132868607,-0.4120469885253906,2.9906304359193494,0.44124,1.0
HSD17B6,0.93548,2.6740845132868607,0.3934899853515625,4.076005858242604,0.5297,1.0
LRRC7,0.93548,2.6740845132868607,0.15416814546585084,3.754934752485537,0.51366,1.0
NUP107,0.93546,2.673753200292699,-0.21538738983154296,3.2386078387540307,0.48062,1.0
PLAUR,0.93544,2.6734219828703707,-1.1787691137695313,3.1941207309070982,0.30292,1.0
ZNF138,0.93544,2.6734219828703707,-0.8631624633789062,3.860804438634021,0.38404,1.0
KHDRBS2,0.93536,2.6720980677100408,-0.10500818302154541,3.3754475918848175,0.49152,1.0
SERPINH1,0.93534,2.6717673272553566,0.21427525564193725,3.1582448803401206,0.5262,1.0
ZNF77,0.93534,2.6717673272553566,-0.10181674220085143,3.3688615228861223,0.48704,1.0
PMAIP1,0.9353,2.6711061319336507,1.1082597338867188,2.79729196105275,0.65006,1.0
ZNF441,0.93528,2.670775676948327,-1.0148030810546875,3.2041461146254573,0.35006,1.0
RPPH1,0.93524,2.6701150520334025,-0.10521098983764648,3.0327882925296454,0.48652,1.0
KLK1,0.93522,2.6697848819858323,0.40939646850585937,3.3610483623528733,0.55462,1.0
CHD3,0.9352,2.66945480679963,-0.9989458203125,3.120611590891309,0.37548,1.0
CTC1,0.9352,2.66945480679963,-0.30768202575683595,3.085495359707444,0.46196,1.0
NSMCE1,0.93518,2.669124826415949,-1.1620484033203125,2.988548128203846,0.30094,1.0
ZNF700,0.93518,2.669124826415949,-0.5208570251464844,3.216073181592041,0.4459,1.0
HSPA6,0.93514,2.6684651498210257,-0.3744850457763672,3.163636766620794,0.45066,1.0
GPSM1,0.93512,2.6681354534923565,0.5329283630371093,2.982684825140026,0.57522,1.0
CUL4B,0.93508,2.667476344479447,0.4145853747558594,3.1917883197317525,0.54796,1.0
RPA4,0.93508,2.667476344479447,0.3917341967773437,3.0422453324518735,0.55388,1.0
CDK4,0.93506,2.6671469316781033,-0.4413027294921875,3.375635013548228,0.45942,1.0
EPOR,0.93502,2.666488389193293,-0.6704114477539063,3.103585347037441,0.42558,1.0
SESN1,0.935,2.666159259393051,0.1497855062866211,3.242154148225599,0.5133,1.0
ANGPT2,0.93498,2.6658302238098193,-0.11825416301727294,3.573166577481252,0.48778,1.0
ZNF548,0.9349,2.6645150224827456,-0.8017247973632813,3.1903329698744307,0.38306,1.0
ZNF554,0.93488,2.6641864571118425,0.08776676893234253,4.114500719887976,0.51422,1.0
AASS,0.93484,2.66352960791698,1.1780296923828124,3.7253090671012727,0.63116,1.0
RNF125,0.93484,2.66352960791698,-0.8435193798828124,3.857325353646891,0.37316,1.0
GRIP1,0.9348,2.662873133732095,1.1887273486328125,3.0601515972946345,0.65794,1.0
BYSL,0.93472,2.6615613085435244,0.6069651647949219,3.195332822009778,0.58596,1.0
CYP1B1,0.9347,2.661233585906152,-0.6745679541015625,4.247981380570568,0.42608,1.0
ZNF445,0.93468,2.6609059566175923,-0.5921940246582031,3.2976307704314958,0.41374,1.0
BEST4,0.9346,2.6595963718031723,0.29156624237060547,3.7331591359226017,0.53014,1.0
AFMID,0.93456,2.658942137997507,-0.15147143171310426,3.187959580701625,0.47992,1.0
SAT1,0.93454,2.6586151605448434,1.78299560546875,1.6569711021557154,0.85702,1.0
NKIRAS1,0.93454,2.6586151605448434,-0.7532297412109376,2.9872893289871176,0.40514,1.0
TIRAP,0.93454,2.6586151605448434,-0.5788433935546875,3.0946981144350887,0.42314,1.0
ZNF625,0.93452,2.6582882759828226,-0.3950089227294922,3.5340671978298013,0.44804,1.0
UNC13B,0.9345,2.657961484254411,0.6595943249511719,3.680637143161114,0.56734,1.0
COG3,0.9345,2.657961484254411,-0.24020438873291017,3.0078148889718843,0.46968,1.0
TOP3A,0.93448,2.6576347853026263,-0.6583044018554688,2.9819074946559314,0.4075,1.0
FBXW4,0.93448,2.6576347853026263,-0.13666863573074342,3.119808112780335,0.4953,1.0
SRGAP3,0.93442,2.656655244537985,-0.12754188735961913,4.164500779066291,0.48408,1.0
PAOX,0.9344,2.656328916123919,-0.6126539184570312,2.9682810847482495,0.4039,1.0
PIGL,0.93436,2.6556765367165958,-0.8728635375976562,3.5146064617066313,0.39408,1.0
GALNT3,0.93436,2.6556765367165958,0.20498962615966798,3.117134600936318,0.52898,1.0
PRKCI,0.93436,2.6556765367165958,-0.08378815864562988,3.0554894780903394,0.49094,1.0
TNFRSF9,0.9343,2.6546986603083456,-0.9676905639648438,2.9020484433802793,0.3695,1.0
KDM4B,0.93424,2.6537216137873023,-0.946721494140625,2.8955621712427697,0.37638,1.0
ATP1B1,0.93424,2.6537216137873023,0.15832716735839844,3.12030320295781,0.53056,1.0
IRF8,0.93418,2.6527453956317157,1.301546943359375,2.9282567152094723,0.7047,1.0
SUN1,0.93418,2.6527453956317157,-0.9058030932617187,3.282366342002748,0.38112,1.0
QTRT1,0.93418,2.6527453956317157,-0.07217978157043457,3.707934103177596,0.49378,1.0
SLC4A7,0.93416,2.652420173398645,-1.633552568359375,2.6885648963190363,0.27116,1.0
ZNF692,0.93412,2.6517700043239856,-1.2267462158203124,2.9766558304426196,0.33184,1.0
ABHD4,0.93412,2.6517700043239856,-1.1436169165039063,2.8655627236698376,0.34292,1.0
LMO7,0.93412,2.6517700043239856,-0.47498466918945315,3.365711447585783,0.45824,1.0
PVALB,0.93412,2.6517700043239856,-0.34419037231445315,3.0503181089406133,0.45116,1.0
CENPJ,0.93408,2.651120202064534,1.0011860717773438,2.8666785489140656,0.63888,1.0
CD207,0.93408,2.651120202064534,-0.7822502954101562,3.253657158493842,0.40684,1.0
RHNO1,0.93404,2.650470766172876,-0.5434356042480468,3.2658475895868992,0.435,1.0
NUP88,0.93402,2.650146185475377,-0.6392235852050782,3.1023356695488427,0.42268,1.0
SYNE2,0.934,2.6498216962024177,0.8883549536132812,3.867939440510056,0.68554,1.0
TUBGCP4,0.93398,2.6494972982982974,-0.5649252526855468,2.980672389978169,0.42132,1.0
S1PR4,0.93386,2.647552826506509,-0.8939430590820312,3.5184637797793314,0.3473,1.0
PRKCH,0.93386,2.647552826506509,-0.6676082666015625,3.8364803031460695,0.42396,1.0
TRH,0.9338,2.6465818195938735,-0.4489709045410156,3.013210881165741,0.44514,1.0
ERBB2,0.93378,2.6462583323258744,-0.7003984985351562,3.633926653058947,0.41702,1.0
RUVBL1,0.9337,2.644965290298063,-0.7449697192382813,3.7644609300642946,0.42358,1.0
TNF,0.9337,2.644965290298063,0.09557864570617676,2.9109470671851323,0.5125,1.0
BCL9L,0.93364,2.643996459633743,-1.0135434521484374,2.9819738872694757,0.37614,1.0
PLA2G12A,0.93364,2.643996459633743,-0.1902360615539551,3.3062070836453876,0.48034,1.0
CASP2,0.93364,2.643996459633743,-0.16193311180114747,3.112711722737089,0.47976,1.0
ZNF18,0.93356,2.6427059504079256,-0.9705766479492187,3.4404050272759537,0.39186,1.0
AKR1C3,0.93352,2.6420612369506595,-0.8199446704101563,2.989018899179709,0.39148,1.0
HOXB4,0.93352,2.6420612369506595,0.0026882413864135744,3.441110467555604,0.50852,1.0
ZNF776,0.93346,2.641094841982218,-0.05707105068206787,3.076634347919662,0.49672,1.0
ATP6V0A4,0.93344,2.6407728901664043,-0.7641917895507813,3.9414698007257614,0.3993,1.0
BDH2,0.9334,2.640129255969372,-0.4369184613037109,3.1409688170585994,0.43454,1.0
SYNGR1,0.93328,2.638200504954836,-1.336265703125,2.5069033877778075,0.28128,1.0
LPIN1,0.93326,2.6378793596564893,-0.6035983825683594,3.1044591681862816,0.43352,1.0
RMI2,0.93324,2.6375583037012174,0.24381048736572267,3.005261649018765,0.52956,1.0
IL36G,0.93322,2.6372373370352036,1.549059091796875,3.744224014289735,0.6681,1.0
TRIM4,0.93322,2.6372373370352036,-0.6997942358398438,3.0195155894071535,0.41306,1.0
ZNF530,0.93318,2.6365956713559133,0.04530166359424591,3.0791900164999713,0.50756,1.0
HMOX1,0.93316,2.636274972235245,-0.11119865643501282,3.7483797300959982,0.48772,1.0
FCHO1,0.9331,2.635313409105794,-0.75327576171875,3.2342164335905284,0.4127,1.0
GPC1,0.93308,2.6349930659617327,-1.3074444287109375,3.98567730719419,0.35584,1.0
KRBA1,0.93308,2.6349930659617327,-0.2111335256958008,3.0127545953022397,0.48594,1.0
EXOSC6,0.93306,2.634672811678121,-0.9303196899414062,2.940674036701845,0.37388,1.0
MLYCD,0.93304,2.6343526462015743,-0.4782484326171875,3.1015080755898743,0.4399,1.0
NUDT18,0.93302,2.634032569478756,-0.83991822265625,2.9534106403444755,0.39184,1.0
MSH6,0.93302,2.634032569478756,-0.5873730456542968,2.9567746652161024,0.4203,1.0
CDC23,0.93302,2.634032569478756,-0.38744194580078123,3.035209216616559,0.45252,1.0
TMPO,0.933,2.6337125814563787,-0.07211711055755615,3.6313935348812487,0.50552,1.0
ZNF432,0.93296,2.6330728713000187,-0.5236273718261719,3.227785237517657,0.4262,1.0
IFNB1,0.93294,2.632753149059697,1.7988811474609374,3.592476662475989,0.69844,1.0
RAB33B,0.93292,2.6324335153071345,-0.15474952964782715,3.083156282318296,0.4869,1.0
CCR7,0.9329,2.6321139699892786,0.5227485327148438,4.239891607876842,0.57614,1.0
ZNF256,0.9329,2.6321139699892786,-0.5053045239257813,3.4764697086232665,0.4461,1.0
PDE4D,0.93288,2.6317945130531273,-0.5366427880859375,3.794798869941311,0.43502,1.0
ZNF569,0.9328,2.6305175680671233,-0.8379065698242187,4.348639325869117,0.38794,1.0
PHC2,0.9328,2.6305175680671233,-0.5601348876953125,2.9655155079511992,0.42078,1.0
HLA-DMA,0.93276,2.629879624489714,-0.7497682788085938,2.9114087529115347,0.39914,1.0
ZNF595,0.93276,2.629879624489714,-0.3938302978515625,2.998935937794295,0.429,1.0
ZNF461,0.93266,2.6282863048360117,-0.44459922973632815,3.7397078712672016,0.44058,1.0
BASP1,0.93266,2.6282863048360117,0.02691951868534088,3.098284654522765,0.50528,1.0
RAD51C,0.9326,2.6273313664559588,-0.6816183447265625,3.2175563725065053,0.41116,1.0
AHI1,0.93256,2.6266951789179758,-1.16710912109375,3.0952730485002893,0.33958,1.0
PLEK,0.93256,2.6266951789179758,0.6447209204101563,2.8749034856796465,0.60112,1.0
ZNF202,0.93256,2.6266951789179758,-0.4718036560058594,2.9060269271955748,0.4439,1.0
CLASP2,0.93254,2.626377216406843,-0.2534651779842377,2.991727705083121,0.46604,1.0
ZNF25,0.93252,2.6260593413313837,-0.3209520471191406,3.0401223470466667,0.45866,1.0
EIF2B3,0.9325,2.6257415536394864,-0.3194078356933594,3.424653923226796,0.47018,1.0
ARHGEF19,0.93248,2.6254238532790835,0.6309075402832032,3.1309172933006066,0.57078,1.0
DCP1B,0.93248,2.6254238532790835,-0.31766376220703124,3.2208705951078622,0.46206,1.0
COG5,0.93236,2.623519482168089,-0.6317893591308594,2.8397627367443072,0.4068,1.0
IL5RA,0.9323,2.622568471384419,-0.5951203686523437,3.9117234638650773,0.43538,1.0
MNAT1,0.93228,2.6222516414853954,-0.7052635522460937,3.0060523586276275,0.41264,1.0
ZFP1,0.93228,2.6222516414853954,-0.38145431030273436,4.147307950243322,0.46366,1.0
ZNF714,0.9322,2.6209851889922913,-0.7640058715820313,3.196305391102074,0.40596,1.0
ZNF549,0.9322,2.6209851889922913,-0.3714963616943359,3.46696337774469,0.45288,1.0
TNFRSF10B,0.93218,2.620668792387523,-0.6060278796386719,2.9924368032759947,0.42136,1.0
APOM,0.93216,2.620352482287422,-0.06294439838409424,2.9818243148950883,0.49198,1.0
ERCC5,0.93214,2.6200362586406993,-0.9805360791015625,3.1030437825351633,0.39318,1.0
SOS2,0.93214,2.6200362586406993,-0.8778042700195312,2.820049471020717,0.37468,1.0
CDK6,0.93212,2.619720121396111,-0.3610586431884766,2.992846180100373,0.4555,1.0
STMN1,0.9321,2.6194040705024615,-0.9325815454101563,4.025083881723511,0.3666,1.0
FCER2,0.93208,2.619088105908594,-0.8167608032226562,3.2207399117875974,0.38684,1.0
ZAP70,0.93208,2.619088105908594,-0.3712281213378906,3.739603995251762,0.45622,1.0
DEF6,0.93202,2.618140729414842,-0.9892997314453125,3.4987789480474087,0.33302,1.0
HENMT1,0.932,2.6178251095094853,-1.1455776513671876,3.245375593536985,0.33234,1.0
SMOX,0.932,2.6178251095094853,-0.8817143920898437,2.8235577008725423,0.38516,1.0
TM7SF2,0.93198,2.617509575648822,-0.6849078857421875,3.7847809826310512,0.41198,1.0
ACTA2,0.93196,2.6171941277819712,1.6549544384765624,2.5041643648015053,0.74434,1.0
SPTAN1,0.93194,2.616878765858096,-0.57391478515625,2.946706268871069,0.42442,1.0
S100A9,0.9319,2.6162482996361422,-0.9007203540039063,4.334676381029855,0.3877,1.0
GATA2,0.9319,2.6162482996361422,-0.8570521899414062,3.4548827738747723,0.38942,1.0
ZNF337,0.9319,2.6162482996361422,-0.7065261157226562,3.4263973296017287,0.43232,1.0
SYCP3,0.93188,2.615933195236614,-0.16873800270080566,2.9168887477778944,0.47868,1.0
PLAC8,0.93178,2.6143589583284053,1.485621416015625,2.0512229784922162,0.78918,1.0
DGKQ,0.93178,2.6143589583284053,0.34542431213378905,2.945223197196716,0.54816,1.0
PTPN7,0.93174,2.613729862330592,-0.8045506689453125,3.0107794649765784,0.39424,1.0
PEX3,0.93166,2.6124726945732806,-0.5148097009277344,3.211401702326524,0.437,1.0
DENND3,0.93164,2.612158615723817,-0.6274948559570313,2.8896264982688447,0.41218,1.0
WWOX,0.93164,2.612158615723817,-0.4387627740478516,2.8790535285571424,0.43706,1.0
EIF4EBP1,0.9316,2.611530713381681,-1.064685400390625,2.805482195587339,0.36776,1.0
NMT2,0.93158,2.6112168897888854,-0.6581152294921875,3.3949944669539516,0.41692,1.0
LPIN2,0.93154,2.610589497509862,1.292359482421875,2.201877398396483,0.73624,1.0
PADI4,0.93154,2.610589497509862,-0.05735999265670776,2.856994440594201,0.49208,1.0
TRIM62,0.93152,2.610275928723772,-0.53710796875,2.883428557247257,0.42892,1.0
TSPAN15,0.93152,2.610275928723772,-0.3584456707763672,3.4594723086370673,0.44846,1.0
PIGB,0.9315,2.6099624447734633,0.11295287580490113,2.8207577846881238,0.51964,1.0
CYFIP2,0.93146,2.6093357311809506,-0.8779860083007812,3.1250906647612737,0.37884,1.0
RORA,0.9314,2.6083962958164375,0.055725538368225094,4.133068810142601,0.50754,1.0
ABHD17A,0.93136,2.6077704283437178,-0.8819901489257812,2.738716403236036,0.37668,1.0
IL21R,0.93134,2.6074576212897655,-1.20862904296875,2.885359172658136,0.33338,1.0
MAN1A1,0.93134,2.6074576212897655,0.7287669677734375,2.8675269784794195,0.60412,1.0
METTL22,0.93132,2.6071448986247736,-0.19579658640623093,2.9282672566620636,0.47272,1.0
COMMD3,0.93124,2.6058948508664312,-1.0069296508789063,2.053669672438434,0.24552,1.0
NABP2,0.93122,2.6055825494056424,-0.662587177734375,3.208660690570833,0.41072,1.0
ACOXL,0.9312,2.605270332037876,-0.9520935009765625,3.426116930755676,0.38806,1.0
CRLS1,0.9312,2.605270332037876,-0.7697289770507812,2.9870801282378348,0.413,1.0
MUC12,0.93108,2.6033987910341296,0.6476143627929688,3.3326423820264988,0.5846,1.0
TRAT1,0.93108,2.6033987910341296,-0.056715635528564456,4.232801088574396,0.4957,1.0
LETM1,0.93104,2.6027756145529217,-0.53296994140625,2.9679966995845732,0.44458,1.0
CD320,0.93102,2.602464151814752,-0.3989257250976562,4.588868195179538,0.4503,1.0
KIF3B,0.93094,2.60121913640707,-1.2999699267578124,2.5041704601387536,0.29932,1.0
ALDH6A1,0.93094,2.60121913640707,-0.24400291137695312,3.3650326023943764,0.44952,1.0
ACSF2,0.93094,2.60121913640707,-0.037019356179237364,2.9224475603591804,0.4951,1.0
HLTF,0.93086,2.599975455536144,-0.7890807421875,4.871259015368493,0.39608,1.0
ZIK1,0.93086,2.599975455536144,-0.04631414848327637,3.63426826472163,0.49966,1.0
NHLRC1,0.93082,2.599354114581269,-0.96699365234375,2.7476886371347455,0.36246,1.0
SMAD7,0.93078,2.5987331060970975,-0.966922255859375,2.701186643090647,0.3503,1.0
ENPP4,0.93076,2.5984227264107385,0.38016628845214845,3.1049035435902863,0.56172,1.0
ADAL,0.93076,2.5984227264107385,-0.27596493896484375,3.246054581280116,0.46958,1.0
CD79A,0.93068,2.5971820369116863,-0.7377713745117187,3.9735529550329503,0.38854,1.0
NCR3LG1,0.93064,2.596562189036225,-0.4154723669433594,2.7897363292119977,0.44234,1.0
TAL1,0.93062,2.5962523891488587,0.27006289825439456,3.002030220542248,0.53628,1.0
ABCE1,0.93058,2.595633037235108,-0.8545759790039062,3.147508416517264,0.40994,1.0
SHMT2,0.93058,2.595633037235108,-0.8262224169921875,3.1232793191066963,0.39486,1.0
TMEM67,0.93052,2.594704628298939,-0.6649758471679688,3.2415355238483414,0.41706,1.0
ALG8,0.93048,2.5940861010736462,-0.4267474896240234,3.577894776712221,0.44984,1.0
ZNF510,0.93042,2.5931589273803173,-0.7950157641601563,3.4318616447635737,0.41008,1.0
NDC80,0.93034,2.5919238457950433,1.2188772900390625,2.7260630537316595,0.6662,1.0
NDUFAF6,0.93034,2.5919238457950433,-0.6191424291992188,3.36904924401756,0.4258,1.0
EPM2A,0.9303,2.591306797008035,-0.3556736959457397,4.005140828728722,0.4551,1.0
GALE,0.93028,2.590998395450235,-0.9593601928710938,2.801865779879425,0.362,1.0
POLR3D,0.9302,2.58976560702167,0.2455054006958008,2.9957927771884014,0.5384,1.0
ALG14,0.93018,2.589457614129436,-0.10590827625274658,2.8432383845256317,0.49128,1.0
CEP76,0.93016,2.5891497028290056,-0.7239128100585938,3.0606236549918333,0.4071,1.0
GALNT12,0.93014,2.588841873073371,0.8235250073242187,3.7663930699840855,0.58328,1.0
GSC,0.93012,2.5885341248155638,-0.3416652081298828,4.043305032851042,0.45666,1.0
KBTBD6,0.93008,2.5879188726057607,-0.7009151318359375,4.057906481082753,0.42154,1.0
ZNF235,0.93008,2.5879188726057607,-0.12727015350341797,2.8207320123278223,0.4861,1.0
PRC1,0.93006,2.587611368560028,0.1333951100921631,2.858950631499869,0.52002,1.0
ATP8B3,0.93004,2.5873039458246523,-0.08397340178489685,3.714076000582806,0.4959,1.0
HLA-DMB,0.93,2.5866893440979433,-0.8509960986328124,2.9391330924992545,0.38366,1.0
HDAC4,0.93,2.5866893440979433,0.16829412994384765,2.8412394508517655,0.52242,1.0
PIGN,0.92998,2.586382165013194,0.20671971755981444,2.850072412966597,0.5481,1.0
TNFSF14,0.92994,2.5857680501676734,-1.494775927734375,2.3130578305412812,0.24854,1.0
NDUFAF5,0.92994,2.5857680501676734,-0.6439620239257813,2.8001219423821815,0.4158,1.0
GALT,0.92994,2.5857680501676734,-0.5480076879882813,3.6318695087507256,0.43478,1.0
RGS5,0.9299,2.5851542594436063,0.9786317993164062,3.6690571523627473,0.5914,1.0
DUSP2,0.9299,2.5851542594436063,-0.5835938647460938,2.8161647820994014,0.42046,1.0
MMRN1,0.92988,2.584847485510826,-0.20230169303894044,3.551939528710839,0.46694,1.0
RPA1,0.92988,2.584847485510826,-0.11029389831542968,2.9478223659689684,0.4895,1.0
CDC34,0.92986,2.5845407924689345,-0.514508359375,2.8564075065448464,0.42894,1.0
ZWILCH,0.92984,2.5842341802715247,-0.25406645965576174,2.9893709034076865,0.46692,1.0
TBCD,0.92982,2.5839276488722294,-1.0702445751953125,2.900962008145316,0.35632,1.0
TTLL5,0.9298,2.5836211982247184,-0.6451103369140625,3.0105439118860438,0.43078,1.0
NMB,0.92976,2.583008538999935,-1.5672276416015625,2.230200812467625,0.22596,1.0
CLU,0.92976,2.583008538999935,-0.06015237937927246,2.9202327456747796,0.49252,1.0
ZNF354B,0.9297,2.5820901546451926,-0.7425457397460937,3.099305675169025,0.41632,1.0
FOXK1,0.9297,2.5820901546451926,-0.49162591918945314,2.875788636827492,0.437,1.0
COX11,0.92964,2.5811724945624546,-1.0062803271484375,4.0026544928499055,0.34544,1.0
SNAPC1,0.92962,2.5808667686027196,-0.5284480810546875,2.989411347364999,0.44396,1.0
SUMF1,0.92956,2.5799500722839603,-1.352897880859375,2.645820594983948,0.3025,1.0
SLC44A2,0.92954,2.579644667211664,0.10754131614685059,2.868760536147781,0.5023,1.0
ALS2CL,0.92952,2.5793393422466826,-1.32777681640625,3.5060005670013923,0.34966,1.0
PIP4K2C,0.92942,2.5778139174319556,-0.22659477325439453,2.874791168390982,0.46858,1.0
SUN2,0.9294,2.5775090721516816,-1.2901865771484375,2.5882375123556085,0.3121,1.0
ZNF282,0.92938,2.577204306659357,0.19996692077636719,2.829836268889106,0.52572,1.0
FUZ,0.92934,2.576595014856724,-1.0719485107421876,2.9394448189143825,0.35482,1.0
PRPS2,0.92926,2.575377386708817,0.76540197265625,3.0950032713943005,0.62076,1.0
ZNF133,0.9292,2.5744650001965805,-0.3117315802001953,3.2799953649023483,0.4526,1.0
NTNG1,0.9291,2.5729459421091856,0.5024868585205078,3.7304335219517974,0.55744,1.0
ALG1,0.9291,2.5729459421091856,-0.15185172647476197,3.2530365259406686,0.49538,1.0
CCNF,0.92908,2.5726423680014094,-0.474391728515625,2.7412420926602246,0.43288,1.0
ZNF331,0.92906,2.5723388729586922,-0.9649110888671875,2.989978677017386,0.39026,1.0
NELFA,0.92906,2.5723388729586922,-0.5459725085449219,2.8111092631636385,0.42758,1.0
VCAM1,0.92902,2.571732119889048,-1.5530554248046875,3.8629415023540976,0.33702,1.0
LGR6,0.92902,2.571732119889048,-1.0489646997070312,3.8437077045664565,0.39976,1.0
INPP5D,0.92902,2.571732119889048,0.0881452116394043,2.775116490338071,0.5097,1.0
ZNF540,0.929,2.571428861772524,-0.5425446557617187,4.23498987044295,0.43942,1.0
NCKAP1,0.92896,2.5708225821523505,-0.12295411239624024,4.013642212465176,0.48798,1.0
TSC22D3,0.92894,2.5705195605593314,-0.9729488110351563,2.6899385023196207,0.33072,1.0
S1PR1,0.92894,2.5705195605593314,-0.6375455920410156,3.860155512282707,0.41008,1.0
ALOX5AP,0.92894,2.5705195605593314,-0.4012512548828125,3.047133272512866,0.46694,1.0
ZNF782,0.92888,2.569610968113102,-0.5830966687011718,2.8842961787626105,0.42674,1.0
ABCG1,0.9288,2.568400611965751,-0.86490630859375,2.719018131032962,0.3736,1.0
SLC1A7,0.92878,2.568098219141141,-0.5893563159179688,3.791712878734702,0.4287,1.0
WDR36,0.92874,2.567493668636151,-0.7710948291015625,3.3518186631245928,0.41656,1.0
SLC25A20,0.92868,2.5665874300754274,-0.4494187487792969,2.8709914165714427,0.44208,1.0
MATN3,0.92868,2.5665874300754274,-0.1358165372467041,3.8009387410905235,0.47546,1.0
LAT,0.92858,2.56507859538874,-0.8080484008789063,3.3759653319401908,0.381,1.0
KBTBD7,0.92858,2.56507859538874,-0.6423994152832031,3.8280231546444177,0.40854,1.0
KLHL42,0.92858,2.56507859538874,-0.43566544677734376,3.007743306562546,0.44694,1.0
APOE,0.92856,2.5647770624921242,-1.4902740966796875,3.283533269810593,0.32958,1.0
SLC39A3,0.92834,2.561465333119228,-1.0534192041015624,2.844340133129305,0.36054,1.0
ZNF420,0.92834,2.561465333119228,-0.17178571411132812,3.640600523049358,0.4866,1.0
HPS4,0.92832,2.5611647322663647,-0.9673732934570313,2.8892459353901665,0.34924,1.0
SESN2,0.9283,2.5608642088003126,-1.1030459619140625,2.6369834055043047,0.33366,1.0
MTMR1,0.92826,2.5602633938548953,0.6511350732421874,2.715966846145704,0.59668,1.0
ORC4,0.92826,2.5602633938548953,0.13846765532016755,2.7934144669582035,0.51876,1.0
NUP54,0.92824,2.5599631022887483,-0.3661270306396484,2.9556412397413854,0.45128,1.0
OPHN1,0.9282,2.5593627507528973,0.2223653707885742,3.229259881778108,0.53124,1.0
TRPM7,0.92818,2.5590626906966265,-0.7540907739257813,2.736563951551291,0.39052,1.0
ABHD14B,0.92814,2.558462801791255,-0.807878818359375,3.222974027272212,0.37618,1.0
ID3,0.92812,2.5581629728558073,-1.5367958837890625,2.449688870041764,0.25016,1.0
RXRB,0.9281,2.5578632208743466,-0.3479870764160156,2.844979836147338,0.46068,1.0
CRAT,0.9281,2.5578632208743466,-0.1036041438293457,2.8027153285040183,0.48468,1.0
DARS2,0.92808,2.5575635458037866,-0.5299657373046875,2.7991845228681065,0.43072,1.0
PHLDA1,0.92804,2.556964426223217,-1.6451366552734374,2.041690890920924,0.2023,1.0
DYNC2LI1,0.92804,2.556964426223217,-0.511523935546875,3.9152671152394105,0.4273,1.0
HYAL2,0.928,2.556365613770146,-0.9797030517578125,2.5585877636772456,0.34752,1.0
NPRL2,0.92798,2.5560663226090923,-0.6535008325195313,4.134436505327392,0.41596,1.0
TAF3,0.92798,2.5560663226090923,-0.6131136206054687,2.74736886714076,0.41458,1.0
SLC15A4,0.92798,2.5560663226090923,0.3144078161621094,2.8485484362892923,0.552,1.0
DNAJC24,0.92796,2.5557671081011892,-0.7592578588867187,2.821686864542424,0.39522,1.0
HLA-DOB,0.92796,2.5557671081011892,0.05883750480651855,3.2364708884973217,0.50356,1.0
ACBD4,0.92792,2.555168908873538,-0.4909525842285156,2.7038247240093694,0.42562,1.0
HGSNAT,0.9279,2.5548699240682295,-0.8482412060546874,2.8262691322507467,0.38666,1.0
ARHGAP24,0.9279,2.5548699240682295,-0.7953108227539063,3.010231950919315,0.37686,1.0
GRPEL2,0.9279,2.5548699240682295,0.03940631462097168,2.848077876671694,0.51044,1.0
KIFAP3,0.92786,2.554272183861016,0.02302407808303833,3.0224838530302236,0.50384,1.0
METAP1,0.92782,2.5536747492405727,-0.9992679541015625,2.810940658219358,0.37808,1.0
CPSF4,0.9277,2.551884275494506,-0.5266900317382812,2.900045122412758,0.43378,1.0
GP1BA,0.92768,2.551586129649369,1.097394013671875,3.564335690955558,0.6219,1.0
RFC1,0.9276,2.5503943059897054,-0.09597465354919434,2.9180129052310346,0.50096,1.0
BHLHE41,0.92756,2.549798849401023,-1.163821455078125,3.156617468026469,0.34998,1.0
CLUAP1,0.9275,2.548906232620961,0.21204334045410156,4.135625132789064,0.53454,1.0
JADE1,0.92746,2.548311533012215,-0.7555293920898437,3.6241736754570484,0.38408,1.0
MMP11,0.92742,2.5477171356073582,0.11854842010498047,3.665169491974841,0.51426,1.0
NFATC3,0.92738,2.547123040071171,-0.5850005456542968,2.826801006773677,0.41822,1.0
WARS2,0.92738,2.547123040071171,0.16716024200439453,2.8265569638518313,0.53824,1.0
RINL,0.92736,2.5468261053992243,-0.92767521484375,3.166818880322113,0.35862,1.0
MAP2K5,0.92736,2.5468261053992243,-0.6867676171875,3.166336446112858,0.40774,1.0
PSTK,0.92732,2.5462324620387227,-0.7677589990234375,3.0132431698534603,0.38436,1.0
TRIB1,0.92732,2.5462324620387227,-0.4669858837890625,2.6735886362827954,0.42856,1.0
HLA-DQB1,0.9272,2.544453336822902,-0.7259070458984375,2.901796927082856,0.39446,1.0
FCGR3A,0.92716,2.543860895597069,-0.692771025390625,3.382741645581912,0.38818,1.0
RRP9,0.92714,2.543564787393557,-0.4912317419433594,3.2235755224819527,0.4463,1.0
PAXIP1,0.92708,2.542676911923897,-0.848900537109375,2.6383427576798404,0.36868,1.0
SH2B1,0.92704,2.5420853688149094,-1.2215606884765624,2.45636976330034,0.3046,1.0
LEMD3,0.92692,2.5403125304398735,-0.3186406057739258,2.8250414405658772,0.4553,1.0
EMILIN1,0.9268,2.5385423715909545,-0.21535971282958985,3.5743215973929874,0.47982,1.0
DOLK,0.92672,2.5373637499513673,-0.8369842626953125,3.0293858830422025,0.4053,1.0
TIMP1,0.9267,2.5370692797000394,-0.9748305395507812,3.5016121049056292,0.2922,1.0
INPP4A,0.9266,2.5355980373620777,-0.9917445922851562,2.7227183910773163,0.36946,1.0
PAFAH2,0.9266,2.5355980373620777,-0.46821431884765624,2.7315016188561057,0.43892,1.0
COQ6,0.9265,2.534128639506623,-0.6789701098632812,3.0410174945916117,0.4132,1.0
MME,0.92644,2.5332478840433916,0.8492308715820313,3.667183504603979,0.59772,1.0
APOBEC3C,0.92642,2.532954445855524,0.19374783386230468,2.6564057637268377,0.5183,1.0
INSIG1,0.9264,2.5326610810839,-1.6377257958984375,1.4607767286764188,0.10282,1.0
STARD10,0.9264,2.5326610810839,-1.1211562622070312,2.670136320799269,0.33438,1.0
UHRF2,0.9264,2.5326610810839,-0.22613460510253905,2.8543077394746907,0.46768,1.0
WASL,0.92636,2.5320745716287423,0.1274404290008545,2.744370020268737,0.51744,1.0
GBP3,0.9263,2.531195357064691,1.52412818359375,1.2832616063327527,0.91124,1.0
CEP78,0.92628,2.53090243194814,-0.7237977514648437,3.4455732665678345,0.41184,1.0
MOCS2,0.92628,2.53090243194814,-0.6221053247070313,3.1926371660973567,0.40774,1.0
ST6GALNAC6,0.92626,2.5306095799673414,-0.7705807788085938,3.3878953283001882,0.4005,1.0
TRMT10A,0.92626,2.5306095799673414,-0.5928700659179688,2.7717929150361638,0.42436,1.0
CDK7,0.9262,2.529731462440225,-0.677776083984375,2.668423335155763,0.3974,1.0
NELFCD,0.9261,2.5282693922220676,-1.008647666015625,2.845062211517304,0.35912,1.0
TYSND1,0.9261,2.5282693922220676,-0.3989079455566406,3.2612825059758745,0.44228,1.0
ORMDL3,0.92608,2.5279771966696356,0.24591397743225096,3.5067260354322594,0.54076,1.0
B4GALT7,0.92602,2.52710104628077,-0.43820502319335936,2.7681182423700506,0.44018,1.0
ZNF649,0.926,2.52680914144201,-0.2498523406982422,2.70891992992666,0.45852,1.0
ACADM,0.926,2.52680914144201,-0.12732508003234863,2.7982953173976752,0.49242,1.0
EGR2,0.92598,2.5265173091827857,-0.7927687231445313,2.6141304193287755,0.37972,1.0
B3GNTL1,0.92598,2.5265173091827857,-0.6438674145507812,2.867605008181643,0.40764,1.0
AUH,0.92596,2.5262255494636086,-0.5386008117675781,3.33879140885041,0.41826,1.0
ELP4,0.9259,2.5253507051519595,-0.861871826171875,3.0182376250887133,0.36158,1.0
CENPT,0.92584,2.5244765122822224,-1.1230723193359375,2.5161406946410803,0.33442,1.0
MCM5,0.92576,2.5233119333098255,-0.6634182312011718,2.673093760872626,0.40316,1.0
IKBKB,0.92572,2.522730076626956,-0.41684260498046877,2.709855539943153,0.44036,1.0
ZKSCAN4,0.9257,2.5224392563494518,-0.5003964196777344,2.6964275275732805,0.43896,1.0
FAS,0.92564,2.521567227304228,1.667357109375,2.2246313459279934,0.78464,1.0
SAE1,0.92564,2.521567227304228,-0.7737591088867187,2.6646248500332708,0.38126,1.0
TRIM37,0.92552,2.519825108751822,-0.6742203637695312,2.840093794305653,0.41772,1.0
RORB,0.92552,2.519825108751822,-0.2805549005126953,3.7859447821000787,0.46984,1.0
FES,0.92552,2.519825108751822,-0.1723100193786621,2.8938170043867624,0.47428,1.0
SMARCA2,0.92544,2.5186651297129554,-0.13740050537109375,2.6638546010431514,0.49444,1.0
TYW3,0.92542,2.5183753137644556,-0.07887110427856445,2.8281251956636186,0.49818,1.0
KLHL22,0.9254,2.518085569263184,-1.1231970288085937,2.6489477047099377,0.33486,1.0
HLA-DRB1,0.92538,2.5177958961705658,-0.23770921936035155,3.4922920637141868,0.46868,1.0
AKR7A2,0.92536,2.517506294448057,-1.2794004931640626,2.6407202429505956,0.30026,1.0
ATG16L1,0.92528,2.5163486004893207,-0.3728054296875,2.858818825396123,0.46476,1.0
SLCO4C1,0.92524,2.5157701807307373,0.7587563452148437,3.5605965775813067,0.56226,1.0
PSMD3,0.92522,2.5154810775223613,-0.7833521508789062,2.636877943064419,0.38282,1.0
SLC4A4,0.9252,2.515192045376853,1.2730080224609375,3.421617414469375,0.66456,1.0
MEF2C,0.92518,2.5149030842559474,-0.3524276251220703,2.9563044398244602,0.44456,1.0
TRAPPC2,0.92514,2.5143253749350327,-0.7804398022460938,2.8555993043396475,0.38646,1.0
BRF1,0.925,2.5123056239761152,-0.9269311474609375,2.6802246938615983,0.3697,1.0
SRPRB,0.925,2.5123056239761152,-0.11142816833496094,3.8248985757617175,0.49608,1.0
ZNF669,0.92496,2.5117291886361968,-1.296608125,2.214648225952653,0.277,1.0
MYO15A,0.92494,2.511441076836869,0.9099921557617188,3.1648149597689184,0.60434,1.0
IL27RA,0.92494,2.511441076836869,-0.85791126953125,2.7806049202217276,0.3954,1.0
ZNF565,0.9249,2.510865064790126,-0.7659086328125,2.7952494719996883,0.39586,1.0
MUTYH,0.92484,2.5100015750326374,-0.4336581787109375,2.667571878068539,0.44198,1.0
AK9,0.92484,2.5100015750326374,0.008303164987564086,3.315484504980183,0.50742,1.0
ITPR2,0.92482,2.5097138858458137,-0.4654263049316406,2.6845347804582786,0.42798,1.0
CAPN10,0.92478,2.5091387183444938,-1.2234372216796876,2.215347011245346,0.2863,1.0
TMED3,0.92478,2.5091387183444938,-0.41792399047851564,3.1152526807219045,0.46206,1.0
HHEX,0.92474,2.508563831755362,-0.7513547607421875,2.8392314114712542,0.38766,1.0
GTF3C2,0.9247,2.5079892257777443,-0.69742923828125,2.611484674219664,0.40492,1.0
CA13,0.92468,2.5077020279244238,-0.20778788940429688,2.6505745606586237,0.46836,1.0
DEGS2,0.92466,2.507414900111447,0.2952248358154297,3.742928920737442,0.5289,1.0
ASCC1,0.92464,2.5071278423013603,-0.654006484375,2.7113912572045837,0.40962,1.0
ZFP90,0.92464,2.5071278423013603,-0.08945160844802856,3.17334724015842,0.46912,1.0
ZNF268,0.92462,2.5068408544567466,-0.6291192895507812,2.8599092693458164,0.40604,1.0
ZNF773,0.92462,2.5068408544567466,-0.41813908325195315,3.3898297483328297,0.45634,1.0
UBL4A,0.92458,2.5062670885144036,-1.0827493139648436,2.7451826515363527,0.35026,1.0
TMEM129,0.92458,2.5062670885144036,-0.95278650390625,2.863161998206547,0.36914,1.0
PIGK,0.92454,2.505693601985653,-0.5293952294921875,3.705620249456009,0.42938,1.0
DCUN1D2,0.92444,2.504261106141862,-0.6315456713867188,2.621261077280399,0.4035,1.0
ZEB1,0.92442,2.503974815900396,-0.2094893133544922,3.633242548343045,0.47298,1.0
SC5D,0.9244,2.5036885952147383,-0.5978281750488281,2.8664803093241,0.41532,1.0
RPIA,0.92438,2.503402444047824,-0.678514208984375,2.9189701655860256,0.41032,1.0
GALNT11,0.92434,2.502830350122114,-1.1922604248046875,2.4847098794252207,0.314,1.0
MCEE,0.92434,2.502830350122114,-0.59983623046875,3.147720872620306,0.4288,1.0
ANKRD26,0.92432,2.5025444072893333,0.008053119807243348,2.7831108435658596,0.51032,1.0
ZSCAN25,0.92424,2.5014013292969395,-0.06850968006134034,3.2376048694869164,0.50488,1.0
IARS2,0.92422,2.5011157329491525,-0.6997850708007812,2.8805066278016698,0.4018,1.0
HLA-DPA1,0.92408,2.4991184936787527,0.06648631005764008,2.7487635288912027,0.51254,1.0
CDC16,0.92406,2.498833449794773,-0.4879991491699219,2.6428041367852884,0.425,1.0
RPRD2,0.924,2.497978731355354,-1.169530244140625,2.7704316535700477,0.33338,1.0
HSPA1B,0.92392,2.4968400695696964,0.570521884765625,2.6741988932032954,0.5905,1.0
TEX10,0.92386,2.495986794056238,-0.7508347192382813,2.7255227992210727,0.38098,1.0
FOS,0.92384,2.4957025059914604,-1.1537331640625,2.4323080203118974,0.31808,1.0
EZH2,0.92384,2.4957025059914604,-0.4358487854003906,2.648679896048927,0.4354,1.0
NME3,0.92382,2.495418286419424,-1.2539096142578126,2.136693912235518,0.26062,1.0
RGS2,0.9238,2.495134135303904,-0.7618744775390625,2.5421748761222314,0.3929,1.0
NDE1,0.92378,2.4948500526087045,-0.43158383544921874,2.752838876024883,0.44664,1.0
GNGT2,0.9237,2.4937144053081526,-0.5841024792480469,2.6522939321142434,0.41022,1.0
NMRAL1,0.92368,2.4934306641725916,-0.9650647534179687,2.7822442187565177,0.37014,1.0
SLC2A8,0.92364,2.49286338647668,-0.6380906762695312,2.5313550008681895,0.40278,1.0
PRMT1,0.9236,2.4922963813078653,-0.90321546875,2.8915753810333595,0.38698,1.0
PLAGL1,0.9236,2.4922963813078653,-0.398327607421875,2.686853933967767,0.43996,1.0
FGL2,0.92352,2.4911631874023055,0.8060585498046875,3.1454005615202276,0.64112,1.0
VASH1,0.92352,2.4911631874023055,-0.7488710986328125,2.5707468834115086,0.40094,1.0
CCDC88C,0.9235,2.4908800588068045,-0.34447521423339844,3.034582560907901,0.44804,1.0
LAT2,0.92348,2.490596998092071,-0.4866028833007813,2.5693871201175322,0.42346,1.0
EEFSEC,0.92342,2.489748222875172,-0.37224493103027345,3.1030665528851884,0.44372,1.0
ZNF398,0.9234,2.489465433326343,-0.66877767578125,2.7869162775988405,0.4285,1.0
DPH2,0.92334,2.488617470751407,-0.5937255676269532,3.025565705941792,0.42164,1.0
CLEC4E,0.92332,2.488334951798354,-0.12452641989707947,4.076597818317391,0.47446,1.0
UTP14A,0.92328,2.4877701165369666,-0.40439197021484374,2.81122168964527,0.44566,1.0
ARHGEF18,0.92322,2.486923369724691,0.08154520721435547,2.6728469153856564,0.51114,1.0
MGAT4A,0.92316,2.4860772293584876,-0.7972949462890625,2.484817701725706,0.3783,1.0
OMG,0.92314,2.4857953171706195,-0.9296661254882812,3.264353430159579,0.3843,1.0
SAMM50,0.92312,2.485513472224376,-0.760854443359375,3.296933436745849,0.40838,1.0
CCT2,0.92312,2.485513472224376,-0.6458459423828125,2.7829016463747256,0.4172,1.0
PNO1,0.9231,2.485231694484508,-0.3151728662109375,3.1689583341816574,0.4743,1.0
ACTL6A,0.92296,2.483261129129164,-0.7653782958984375,3.05267193569504,0.39776,1.0
ZNF440,0.92294,2.482979887774779,-0.44611906372070315,2.6055707012903073,0.43372,1.0
ACD,0.92294,2.482979887774779,-0.3802928979492187,2.6383150412871252,0.44256,1.0
PDE3B,0.92288,2.4821365649141853,-0.9217941870117188,2.4579124519239195,0.35284,1.0
HAUS6,0.92288,2.4821365649141853,-0.5477772119140625,2.5851136507018713,0.41178,1.0
CCND2,0.92286,2.4818555909116924,0.5099555725097656,3.0520283665136105,0.5875,1.0
RHOBTB3,0.9228,2.4810130692688674,-0.22263828186035156,2.7006968444181716,0.47146,1.0
RBM28,0.92276,2.480451721462571,-0.771240380859375,2.8836892863018178,0.3863,1.0
PCNA,0.92276,2.480451721462571,-0.27504568908691407,2.579786893483589,0.4572,1.0
EGLN1,0.92268,2.4793298244919586,-1.266819111328125,2.4257923567205455,0.28844,1.0
ANAPC10,0.92268,2.4793298244919586,-0.24308594970703126,2.781671046493237,0.47776,1.0
TRMT61B,0.92266,2.4790495164306705,-0.8363760302734375,3.013815425210052,0.38526,1.0
PWP2,0.92264,2.478769274772645,-0.961651748046875,2.5916039761863,0.35532,1.0
SETD2,0.9226,2.4782089905280382,-0.5615577221679687,2.776906298155561,0.40614,1.0
PELP1,0.92258,2.477928947872351,-0.47905194702148435,3.34259134914327,0.4329,1.0
PACS1,0.92256,2.4776489714817163,-0.49835610107421874,2.9724585430703825,0.43034,1.0
RGS17,0.92254,2.4773690613216446,0.3942033782958984,3.5013297007140873,0.55034,1.0
CEBPD,0.92252,2.4770892173576766,0.15445356311798095,2.626774886409456,0.5236,1.0
GSTT1,0.9225,2.476809439555381,-0.7969219409179688,2.6281913432034942,0.3741,1.0
POLR2B,0.92246,2.476250082298203,-0.5959887707519531,2.5925102764647003,0.41554,1.0
ZNF614,0.92242,2.475690989275181,-1.22997951171875,2.513004491167317,0.30906,1.0
ERCC4,0.92242,2.475690989275181,-0.5450800720214843,2.8998669925463916,0.45144,1.0
HSD17B12,0.92242,2.475690989275181,-0.2552114080810547,2.6385634275878296,0.46706,1.0
MRPS2,0.9224,2.475411541765676,-0.9489823657226563,3.0385488108301684,0.36678,1.0
BBS4,0.9224,2.475411541765676,-0.6645914111328125,2.6460586872858656,0.40824,1.0
SATB1,0.92238,2.4751321602118024,-0.0230279714012146,2.9407713276614427,0.4998,1.0
ABCD4,0.92232,2.474294410941629,-0.5645730297851562,2.728613814508515,0.41202,1.0
TRIM45,0.92222,2.472899478079412,0.6313198266601563,3.6368523804800343,0.5753,1.0
QDPR,0.92216,2.4720633064150075,-0.08872077258110046,2.8650958909531044,0.48726,1.0
MAP3K1,0.92214,2.4717847136649653,-0.4908825439453125,2.5748117634328684,0.42494,1.0
KIF20B,0.92212,2.471506186427397,-0.5337744946289062,3.225219703002209,0.422,1.0
VPS37B,0.92204,2.4703927319241163,0.1784185220336914,2.5586979902313725,0.54214,1.0
ZNF426,0.922,2.4698363968670027,-0.2602389196777344,2.85073512681882,0.44696,1.0
FUCA1,0.92194,2.469002383764686,-1.3342915771484376,2.2162775773018,0.26142,1.0
RPS6KB1,0.92186,2.4678912785824423,-0.060952860794067386,2.6497977485340307,0.50382,1.0
RGP1,0.92184,2.467613664971232,-0.8760075244140625,2.664949811320552,0.36418,1.0
CD247,0.92184,2.467613664971232,-0.27411816955566404,4.499893706494015,0.46104,1.0
OXCT1,0.92184,2.467613664971232,-0.008470319542884826,3.210793146356028,0.49744,1.0
ZNF211,0.92182,2.467336116366637,-1.149639501953125,2.151658824078871,0.28238,1.0
ALG12,0.9218,2.467058632735142,-0.7225148828125,2.5497092661263734,0.38764,1.0
DROSHA,0.92168,2.465395093507544,0.36971536743164063,2.5763492331793136,0.56078,1.0
GSTM3,0.92156,2.4637338848937764,-0.3533112127685547,2.6353369231752444,0.45086,1.0
PRMT3,0.92148,2.4626277037221915,-0.3170055895996094,2.8338986395302417,0.46624,1.0
FABP5,0.92148,2.4626277037221915,-0.22154617584228514,2.7121576769476197,0.47246,1.0
PCGF6,0.92138,2.461246426173107,-0.903616962890625,2.977012609931107,0.3684,1.0
TRMT12,0.92136,2.4609703635217404,-0.7682239892578125,2.476637993325844,0.3774,1.0
ZFP14,0.92134,2.4606943650796236,-0.841732568359375,2.7287867922543674,0.3416,1.0
EIF2B4,0.9213,2.460142560691529,-0.713857509765625,2.743304294431256,0.40524,1.0
BCL2A1,0.9213,2.460142560691529,0.14464173568725586,2.551383493938363,0.52582,1.0
CD72,0.92128,2.4598667546798128,0.36665250122070314,2.9771264403424493,0.56466,1.0
HLA-DPB1,0.92124,2.459315334856882,-0.3814439703369141,2.6443626523866506,0.44198,1.0
TBC1D13,0.92124,2.459315334856882,-0.2058761279296875,2.7683945984561484,0.47974,1.0
PACSIN1,0.9212,2.458764171082697,0.6959838525390625,3.5085912738597647,0.5781,1.0
SLC25A16,0.92116,2.4582132630952955,-0.13849712936401368,2.6135629734620283,0.47752,1.0
C4BPB,0.9211,2.457387380142362,-0.38212187072753906,3.797394057233419,0.45396,1.0
RASA3,0.92104,2.4565620712401826,-0.4658374377441406,2.571944659057077,0.43164,1.0
SH2D1A,0.92104,2.4565620712401826,-0.2504101126098633,4.454964095029579,0.45132,1.0
MCPH1,0.92096,2.455462550819336,-0.42267621826171875,2.544938341526612,0.44036,1.0
SLC39A4,0.92094,2.455187829684832,-0.48749071655273435,2.6578712347466444,0.44258,1.0
NDUFAF7,0.92094,2.455187829684832,-0.40887908935546874,2.752349812769144,0.45654,1.0
CHN2,0.9209,2.454638577953714,-0.28778641845703123,2.568092132305211,0.45736,1.0
BATF,0.92088,2.4543640472923505,-0.26787115234375,3.170102301256149,0.44934,1.0
TSR1,0.9208,2.453266558587292,-0.33385824890136717,3.0648782917235087,0.46936,1.0
EIF5A2,0.92078,2.4529923447347484,-0.2795452185058594,2.819912533638767,0.45346,1.0
XPOT,0.92074,2.452444106792531,-0.8692404345703125,3.165159419815298,0.37584,1.0
POLR2A,0.92074,2.452444106792531,-0.4255096453857422,2.605622012674459,0.43076,1.0
AGPAT5,0.92074,2.452444106792531,0.08485605283737183,2.739906091054374,0.5055,1.0
BRAF,0.92058,2.450253680482063,-0.6081006774902343,2.5253436205739246,0.39996,1.0
EEF1E1,0.92058,2.450253680482063,-0.4248872143554687,3.270139653757504,0.47138,1.0
PMEPA1,0.92054,2.4497067039867693,-1.176616240234375,2.6871527945365283,0.33512,1.0
COPS7B,0.92054,2.4497067039867693,-0.8908042407226563,2.8721985182344256,0.38288,1.0
DUS2,0.92054,2.4497067039867693,-0.3487823736572266,2.7837482909257942,0.46086,1.0
IL7R,0.92054,2.4497067039867693,-0.1496675011920929,3.3685509667584688,0.4736,1.0
WRAP53,0.92054,2.4497067039867693,-0.06434808753967285,2.635230226577459,0.49582,1.0
ADPRM,0.92046,2.448613505305192,0.06961142929077148,2.5611589194407376,0.50756,1.0
IL4R,0.92044,2.448340362596602,-1.1059633837890626,2.128333037180823,0.28088,1.0
RAD18,0.92042,2.448067282609089,-0.516983828125,2.5115470026374624,0.41846,1.0
TMEM186,0.92038,2.4475213106702,-0.8482971630859375,2.4440324223901166,0.3686,1.0
CLASP1,0.92036,2.447248418655336,-0.3551834991455078,2.577723141843835,0.44474,1.0
NOL9,0.92036,2.447248418655336,-0.17771585037231447,3.210649802555776,0.51326,1.0
LEO1,0.92034,2.446975589234575,-0.3399601916503906,2.8044631243340103,0.46332,1.0
TUBB2A,0.92034,2.446975589234575,0.05804932213783264,2.62414489473106,0.50772,1.0
CBR3,0.92028,2.446157476220174,0.11843045852661133,2.964426402267718,0.49612,1.0
TIMM9,0.92026,2.4458848968592135,-0.4358663232421875,3.226789099401034,0.44702,1.0
PLEKHA1,0.92024,2.4456123799341714,-1.0279741381835938,3.3225357925988845,0.34574,1.0
TLE3,0.92022,2.4453399254134833,-1.0832226782226562,2.3954047716428084,0.32206,1.0
RUVBL2,0.9202,2.4450675332656053,-0.6873885571289062,2.90343436504999,0.3968,1.0
USP28,0.92018,2.444795203459021,0.5831643725585938,2.4142702172221404,0.5936,1.0
CA5B,0.9201,2.443706507016087,-0.5561842395019532,2.593110981134366,0.41222,1.0
IGFBP7,0.9201,2.443706507016087,0.337552509765625,2.882430096999479,0.55512,1.0
BLNK,0.92008,2.4434344884440278,0.8109326196289063,3.2160854695357988,0.6396,1.0
MAPK8,0.92006,2.443162532024651,-0.45567055541992185,2.5578935901168367,0.42924,1.0
CRKL,0.92006,2.443162532024651,-0.2247163772583008,2.586863680624794,0.46636,1.0
VCPKMT,0.92006,2.443162532024651,-0.213479423828125,3.0987201825878072,0.4785,1.0
PTGER4,0.92004,2.4428906377266038,0.29879015197753905,2.628617182614747,0.54584,1.0
HNRNPDL,0.92,2.442347035369205,-0.8294653515625,2.1201365817061286,0.30316,1.0
ZNF227,0.9199,2.4409891144087985,-0.5316095446777344,3.6177841115723077,0.40414,1.0
SLC2A3,0.91978,2.439361650670156,-0.49152973876953127,2.668961730529338,0.44242,1.0
MYLK,0.91978,2.439361650670156,0.39845151000976564,3.5835874444885447,0.54262,1.0
XPC,0.91974,2.4388196565673006,-0.7266916186523438,3.107266708983224,0.38326,1.0
PIGA,0.91974,2.4388196565673006,-0.5250564099121093,2.6745181197105783,0.4293,1.0
B3GAT3,0.91968,2.438007127507187,-1.1907696533203125,2.4015779431670383,0.3048,1.0
LBR,0.91966,2.4377364075885044,-0.6204899755859375,2.6101233737382725,0.40564,1.0
MLLT3,0.91964,2.437465749169002,-0.4760815783691406,3.7672612734734163,0.42342,1.0
SLAMF6,0.91962,2.437195152217816,0.4702663818359375,2.9427692897362743,0.56906,1.0
ADARB1,0.9196,2.4369246167041054,-0.7868301977539063,2.489877369293777,0.3611,1.0
FCF1,0.9195,2.435572859619858,-0.37032855224609373,2.5413640464357545,0.44512,1.0
NCAPH2,0.91948,2.4353026920846252,-0.5745087341308593,2.688903370428381,0.42354,1.0
MTMR9,0.91948,2.4353026920846252,-0.5488779870605469,2.4576734834827247,0.40878,1.0
SMC2,0.91942,2.4344925566897078,-0.6251360961914062,3.0523436400864283,0.39668,1.0
NUP160,0.91942,2.4344925566897078,0.09775968083381653,2.5830388243773594,0.51264,1.0
GEMIN7,0.91924,2.432065448244068,-1.0123811987304687,2.435178043064985,0.34476,1.0
YEATS4,0.91922,2.4317960742130555,-0.3754564306640625,2.551651921259393,0.44562,1.0
COA1,0.91916,2.430988316951315,-0.7482286157226562,3.0726629001549712,0.36362,1.0
NIPAL3,0.91904,2.429374441440594,-0.4865554577636719,3.64967077889676,0.4245,1.0
GPI,0.91896,2.428299735896721,-1.0516302099609376,2.5015425700200495,0.33142,1.0
APP,0.91896,2.428299735896721,-0.38619034057617185,2.4504615974091313,0.4367,1.0
ELP2,0.91892,2.4277627458401705,-0.7853543237304688,3.2199719452792377,0.37904,1.0
THBS4,0.9189,2.4274943413854726,-0.04832600620269775,3.2895014326261505,0.47676,1.0
ACTR1B,0.9188,2.4261532236473102,-0.938833369140625,3.1795060529782866,0.32842,1.0
CERS4,0.9188,2.4261532236473102,-0.4932387622070312,2.3734968425801046,0.42526,1.0
TNRC6B,0.9188,2.4261532236473102,-0.29154511352539064,2.6170890506674045,0.46574,1.0
ACP5,0.91878,2.42588518079702,-0.7786592114257812,2.386834058884128,0.37316,1.0
DDHD2,0.9187,2.424813610723655,-0.503078349609375,2.636915313290665,0.422,1.0
MDM4,0.91864,2.4240105637276295,-0.48282131469726564,2.525541874859285,0.42364,1.0
DCUN1D4,0.91858,2.4232080563177023,0.012498273906707763,2.7497623661860495,0.51266,1.0
RAD1,0.91852,2.4224060876920643,-0.38431378173828123,2.6690222649426834,0.449,1.0
ZNF606,0.9185,2.422138884408363,-0.703198505859375,3.072458462206144,0.40568,1.0
TAF1D,0.9185,2.422138884408363,-0.5013514343261719,2.8537212686495574,0.43256,1.0
CD52,0.91848,2.4218717408710866,-0.5905539819335938,2.4663248409292877,0.3911,1.0
CD2,0.91844,2.4213376329175684,-0.5448888256835938,4.185283162704783,0.40604,1.0
UCKL1,0.9184,2.4208037635952406,-0.8783124951171875,2.6832274527636994,0.36264,1.0
FUNDC1,0.9184,2.4208037635952406,0.12919348403930664,2.5292480935411983,0.52732,1.0
ABLIM3,0.91838,2.4205369183470355,0.2516531719970703,2.9897528602543075,0.53918,1.0
KDM5B,0.91832,2.4197367399008316,-0.2978009893798828,2.490936563092156,0.45512,1.0
SOX13,0.9183,2.4194701327535193,0.15399244204521179,3.6027506526670634,0.51802,1.0
KPNA1,0.91826,2.418937096784771,-0.05493035433292389,2.496392350081986,0.49172,1.0
SMN2,0.91822,2.418404298388303,-0.18118082458496093,2.4744815652203216,0.47484,1.0
RRM1,0.9182,2.4181379882064205,-0.753375439453125,3.0018452427284306,0.36238,1.0
IMPA2,0.9182,2.4181379882064205,-0.7074578393554688,2.354941473377734,0.37948,1.0
TPD52,0.9182,2.4181379882064205,-0.47167684326171877,3.549993648000396,0.42028,1.0
BNIP1,0.9182,2.4181379882064205,-0.2564505255126953,2.780193620139479,0.46308,1.0
GIPR,0.9181,2.416807326290631,-0.6516651342773437,3.6775508863260193,0.43852,1.0
CNOT6L,0.91808,2.4165413715018023,-0.3947628601074219,2.8238456987543703,0.44262,1.0
PDHX,0.91804,2.4160096392852655,-0.378861396484375,2.577201209355589,0.44452,1.0
HAS1,0.91802,2.415743861799351,-1.3419661474609375,2.6883058536883593,0.29848,1.0
ARSG,0.91802,2.415743861799351,0.576880986328125,2.3916814551862546,0.60368,1.0
ZMYM2,0.918,2.415478143356238,-0.5602925500488282,2.4227239464825088,0.40814,1.0
KIF2A,0.918,2.415478143356238,-0.40114833740234374,3.2398440735279737,0.44332,1.0
ZNF429,0.91798,2.4152124839268736,-0.8777581274414062,2.607586824751346,0.33036,1.0
CRCP,0.91798,2.4152124839268736,-0.45748532470703124,2.4457037805844766,0.4261,1.0
ERBB3,0.91796,2.414946883482231,-0.9311943139648438,3.3091936094692382,0.3844,1.0
EPS15L1,0.91784,2.4133545178705846,-0.9444506787109375,2.4837778656302882,0.35436,1.0
POLB,0.91784,2.4133545178705846,-0.3274308013916016,2.5289913395067316,0.44826,1.0
NT5M,0.91778,2.412559129013647,0.12085743865966797,3.5943546234627606,0.50818,1.0
MED9,0.91776,2.4122941168242913,-0.6132044470214844,2.3727004067550492,0.3973,1.0
RGS1,0.91776,2.4122941168242913,0.3657210412597656,2.5396292742147666,0.59554,1.0
AGPAT4,0.91774,2.4120291633017357,-0.4505717919921875,2.5556113508644462,0.42626,1.0
FAHD1,0.9177,2.4114994321419427,-0.34573235473632813,2.4794707250517143,0.44312,1.0
CRY2,0.91766,2.4109699353043164,-0.3679876953125,2.4681517901505967,0.44294,1.0
SOCS3,0.91766,2.4109699353043164,0.14327572288513182,2.37907755578722,0.52126,1.0
FECH,0.91766,2.4109699353043164,0.07779743572235108,2.4492103559287792,0.50538,1.0
VPS45,0.91758,2.409911643677415,-0.7249863745117188,2.4618628837396392,0.38668,1.0
TSPYL2,0.91754,2.409382848429907,-0.7599323168945312,2.417801316438255,0.3645,1.0
SMC4,0.9175,2.40885428658809,-0.7413807885742187,2.4041004674478708,0.37274,1.0
SLC35A1,0.91748,2.4085900931229633,-0.3000954290771484,2.529908641324228,0.45214,1.0
P2RY10,0.91738,2.407269999215588,-0.6689871765136719,3.7279174378311097,0.37338,1.0
SNCA,0.91732,2.406478640582204,-0.861518916015625,2.2333555806308056,0.34714,1.0
GPR18,0.91722,2.405160869920412,-0.4039244470214844,3.1723949022935947,0.42584,1.0
SLC30A5,0.9172,2.4048974895925355,-0.7157808056640625,2.4568808005132046,0.3954,1.0
KAT6B,0.91718,2.4046341671336,-1.1789766650390625,2.4079724678878436,0.3048,1.0
PPP3CA,0.91716,2.404370902515409,-1.0732049047851562,2.29004487920026,0.31314,1.0
AGK,0.91716,2.404370902515409,0.73567109375,2.491237070891323,0.61762,1.0
DDX20,0.91716,2.404370902515409,-0.5432467419433594,3.3991879844943003,0.43532,1.0
MRPL48,0.9171,2.4035814554236494,-0.72046552734375,3.1344431526244483,0.3938,1.0
BCDIN3D,0.91708,2.4033184218868824,-0.786527138671875,2.953010914062143,0.36388,1.0
PER1,0.91704,2.402792527885482,-0.6956166430664062,2.381942961333305,0.37846,1.0
CTSC,0.91702,2.4025296673647203,1.2858916455078124,2.2997696853599736,0.71174,1.0
MPST,0.91702,2.4025296673647203,-0.9554703076171875,2.371539861668082,0.3319,1.0
CXCL16,0.91694,2.401478801160718,-0.7483959130859374,3.0213539045684907,0.35086,1.0
PRMT7,0.91692,2.4012162284395635,0.120932958984375,3.364029714874154,0.52318,1.0
IL32,0.9168,2.3996419981333115,0.2089658416748047,4.054183491755848,0.52998,1.0
KLC1,0.9167,2.3983317157949324,-0.7640180981445313,2.3400643307973636,0.36682,1.0
MRPL45,0.91664,2.3975462326552113,-0.7606605346679688,2.7215201591720555,0.38492,1.0
INO80E,0.91664,2.3975462326552113,-0.65486037109375,2.537019409506893,0.40216,1.0
THOC1,0.9166,2.3970228627103225,-0.4627853845214844,3.0740011907424174,0.44496,1.0
RBBP7,0.91658,2.396761263299459,-0.7769959716796875,2.6372518570758063,0.3665,1.0
FAM135A,0.91648,2.3954541207578424,0.923936923828125,2.2651750101067294,0.67896,1.0
PARP1,0.91648,2.3954541207578424,-0.6503618115234375,3.360299474896092,0.41124,1.0
MAP3K3,0.91642,2.3946705178521923,-0.7695771118164062,2.236300755481766,0.35778,1.0
SLA,0.91642,2.3946705178521923,-0.1425028648376465,2.7319642272514866,0.49794,1.0
ANAPC5,0.91626,2.3925834066021476,-0.9388492553710938,2.55820113218652,0.34868,1.0
MT1G,0.91624,2.39232277252718,0.8825520629882813,3.203801041564165,0.62152,1.0
HLA-DRA,0.91624,2.39232277252718,-0.48947787109375,3.6986266359061615,0.42188,1.0
ZNF738,0.91618,2.39154120942254,-1.0526024877929687,2.096165857815956,0.2991,1.0
ACAD8,0.91618,2.39154120942254,-0.963381552734375,2.6500279456559235,0.33576,1.0
SELPLG,0.91614,2.391020449680858,-0.4790830920410156,2.631480493226754,0.42688,1.0
MYLIP,0.91608,2.3902397330170424,0.18198118133544922,2.663673831257734,0.52134,1.0
HINT2,0.91606,2.389979606806917,-0.34623073974609375,3.342774474731637,0.43146,1.0
CTSD,0.91598,2.3889396646333925,-0.5418117602539062,2.4363139776516003,0.40288,1.0
FLRT2,0.91596,2.3886798196215797,-1.5918251025390624,3.0089287232629,0.3003,1.0
ZNF514,0.91594,2.3884200307683914,-0.9757156982421875,2.3180513496895427,0.3358,1.0
TNIK,0.91588,2.387641000890998,-0.6004710168457031,3.2104207989554556,0.3788,1.0
USP30,0.91586,2.387381436402825,0.2061992578125,2.4062083744093266,0.5336,1.0
PTPRB,0.91582,2.386862475471545,-0.22120801750183106,3.920501659608488,0.47038,1.0
CAPN7,0.91578,2.3863437384213046,-0.7995388671875,2.3672562948446307,0.3565,1.0
ZNF677,0.91568,2.3850478738677405,-0.7197654614257812,3.35736783422498,0.40286,1.0
DDIT4,0.91558,2.3837534038856583,-0.5855803991699219,2.5706329949149676,0.41524,1.0
ZNF14,0.91558,2.3837534038856583,-0.485236767578125,3.0751580190114347,0.4203,1.0
APOO,0.9155,2.382718829751437,0.20712137847900391,2.44079781562596,0.53392,1.0
ZNF571,0.9155,2.382718829751437,-0.014814136428833008,4.543131963894717,0.49388,1.0
FBXL20,0.91548,2.3824603251422816,-0.5166603649902344,2.3459309554453873,0.41494,1.0
NFYB,0.91546,2.3822018760498,-0.26287728149414064,2.4286193809187657,0.46258,1.0
ZNF583,0.91544,2.3819434824474777,-0.8184323266601562,3.2962052772548383,0.36606,1.0
SYNE1,0.9154,2.381426861607364,-0.0841538310623169,2.894366370625017,0.49066,1.0
PHC3,0.91532,2.3803942846446593,-0.11501732326507569,2.375526890510069,0.47874,1.0
SPN,0.9153,2.380136278732725,0.46970646362304685,2.3821450659803407,0.57536,1.0
PRKD3,0.91526,2.379620432718753,-0.9245653759765625,2.281282850430941,0.33364,1.0
RALGAPA1,0.91524,2.37936259256405,-0.5623416479492187,2.725268736011507,0.4148,1.0
MRGBP,0.91524,2.37936259256405,-0.21060918579101562,2.712114506982595,0.48112,1.0
PIF1,0.91522,2.3791048076091195,-0.8146608203125,3.4325524983746085,0.39156,1.0
PCYT2,0.91518,2.3785894031934522,-0.21333408493041991,3.1128023092776704,0.44956,1.0
KLHDC3,0.9151,2.377559255604031,-1.1491221826171876,2.424876383455889,0.30698,1.0
IMP3,0.91496,2.3757586144392686,-0.9039948706054688,2.6837652124068625,0.2834,1.0
INTS10,0.91494,2.375501599529488,-0.847331318359375,2.8681404152542576,0.31854,1.0
ODC1,0.91494,2.375501599529488,-0.7876082348632812,2.2729375066201327,0.36428,1.0
TRAK2,0.91482,2.373960660116803,-0.0023575983810424804,2.3718464236444303,0.50214,1.0
ZNF250,0.9148,2.3737040283133553,-0.5121519421386719,2.45957355009356,0.42228,1.0
SCCPDH,0.9148,2.3737040283133553,-0.23442694610595702,2.4326615164906182,0.46254,1.0
PABPC1,0.91478,2.3734474511356383,-0.6674233178710938,2.450202475194538,0.37964,1.0
CSTF2,0.91472,2.3726780470981264,-0.3034509088134766,2.559137307156022,0.46684,1.0
GIT2,0.91468,2.372165383727745,-0.8114112036132812,2.3353102007336943,0.35714,1.0
MSMO1,0.91462,2.3713967971381016,0.37152218200683595,3.8393806999178763,0.56686,1.0
SPINT2,0.9146,2.37114071042943,-0.38590462280273435,2.291445782566812,0.43452,1.0
PDS5A,0.91458,2.3708846780884842,-0.5131441137695313,2.467005711587163,0.4232,1.0
AP3M1,0.91454,2.3703727764069833,-0.6381085375976563,2.2212902039189366,0.38426,1.0
LGALS1,0.91452,2.3701169070150794,-0.6046485559082031,2.6005848889169383,0.38234,1.0
ADAT1,0.91452,2.3701169070150794,0.013904146704673766,2.661387776585867,0.51142,1.0
CASP8,0.9145,2.3698610918882057,0.7757920483398437,2.2090666109202477,0.63728,1.0
RGS18,0.91448,2.3696053310007326,-0.929397177734375,2.1967393644304116,0.32508,1.0
CHCHD4,0.91442,2.3688383735187024,-0.3926712194824219,2.862830507139558,0.45008,1.0
DPH7,0.9144,2.3685828293329045,-0.9159275952148438,2.593787300125572,0.33804,1.0
ARHGEF1,0.91438,2.368327339258632,-0.6558249584960938,2.6442574961309737,0.38092,1.0
ORAI1,0.91436,2.3680719032703648,-1.0225480908203124,2.3384260055023622,0.3203,1.0
USP47,0.91434,2.3678165213426,-0.7650049536132812,2.242013516562097,0.32104,1.0
POLR2C,0.91432,2.3675611934498493,-0.5485551904296875,2.544814046483092,0.41652,1.0
LTV1,0.91428,2.367050699667542,0.16910921304702758,3.475012017155497,0.55672,1.0
GSR,0.91426,2.366795533727103,-0.6693706799316407,2.362647838106719,0.3861,1.0
ZNF600,0.91426,2.366795533727103,-0.44696118286132813,2.7774466195505365,0.42302,1.0
FUT11,0.91422,2.3662853636205843,-0.18591463912963868,2.41459924552472,0.46918,1.0
ATF2,0.9141,2.364756145669564,0.003749589099884033,2.417664332241778,0.50074,1.0
ZNF33B,0.91392,2.3624659438576354,-0.2666900689697266,2.962746693460803,0.4635,1.0
IFT74,0.91388,2.36195759931012,0.2811778472900391,2.3675348496457427,0.54396,1.0
ZNF43,0.91386,2.361703507229503,-0.13105127459526061,3.0556296879676794,0.4679,1.0
LMNA,0.91384,2.3614494685775584,-0.5216386096191407,2.262033985332307,0.4074,1.0
PIK3CG,0.9138,2.360941551459523,-0.12708434761047363,2.51378547616039,0.48038,1.0
CA2,0.91376,2.360433847755866,-0.5449648791503906,2.1713412741736615,0.39662,1.0
MTO1,0.9136,2.3584051630917355,-0.5684095654296875,2.6254084874709087,0.42116,1.0
GSS,0.91356,2.3578985234674366,-0.5007130444335938,2.3501755340578376,0.41208,1.0
TNKS,0.91348,2.3568858806785324,-0.43406867553710937,2.3578241654274623,0.42108,1.0
ZNF419,0.91342,2.356126954709301,-0.17393606048583984,3.858769197998912,0.48628,1.0
FANCF,0.91334,2.355115793645677,-0.3454321337890625,3.47199985716207,0.44736,1.0
EIF3B,0.91322,2.353600635053059,-0.7981976440429688,2.4723694104063423,0.3875,1.0
GPX1,0.91318,2.353096003536916,-1.1415771630859375,1.8517516302819643,0.26278,1.0
CUL2,0.91302,2.3510795789905865,-0.11818583646774292,2.524977281505899,0.49292,1.0
CRY1,0.913,2.3508277619403852,-0.6387480590820312,2.48651014755499,0.37784,1.0
TGFB3,0.91298,2.3505759972574607,-0.35447044677734374,3.69296603874162,0.4471,1.0
PDS5B,0.9129,2.3495694617125786,-0.6249737561035156,2.162511391652218,0.38906,1.0
MPHOSPH10,0.9129,2.3495694617125786,-0.535291630859375,2.976000635751681,0.42186,1.0
MAP1LC3A,0.91288,2.3493179585017194,-0.830777080078125,2.225653250718902,0.34778,1.0
EHMT1,0.91286,2.3490665075125268,-0.3187662561035156,2.3760641875144066,0.4522,1.0
DGKD,0.91284,2.3488151087207907,-1.0049167944335937,2.2124777916292877,0.32746,1.0
C3AR1,0.91284,2.3488151087207907,0.4588877111816406,2.6904761715101615,0.58544,1.0
ITCH,0.91284,2.3488151087207907,0.04388538412094116,2.3913091240922424,0.51014,1.0
HSPB1,0.91282,2.3485637621023177,0.8388561596679688,2.386288344298967,0.63086,1.0
PIAS2,0.9128,2.3483124676329314,-0.8171124438476562,2.251776908642775,0.35834,1.0
LPCAT3,0.91272,2.347307810763298,-0.38913046630859377,2.398099206540298,0.44172,1.0
TDP1,0.9127,2.3470567766772747,-0.7160558740234375,2.95003146847013,0.37886,1.0
TTC5,0.91266,2.346554864494292,-0.8634853881835938,2.941301671616825,0.33876,1.0
SEPSECS,0.91258,2.3455516634114564,-0.36032827026367187,2.3257144992840457,0.43818,1.0
POLR2K,0.91258,2.3455516634114564,-0.16413922485351562,2.3918279110903313,0.48582,1.0
MED16,0.91256,2.3453009928513597,-0.6404929565429688,2.434414409814524,0.3899,1.0
DDX42,0.9125,2.3445492920930775,-0.6322931665039062,2.3412578959154016,0.38952,1.0
ZNF169,0.91244,2.343798057215476,-0.7507105834960938,2.4757895376365706,0.37978,1.0
CHGB,0.91244,2.343798057215476,-0.06783843523025512,3.4308529109691532,0.49906,1.0
SNX5,0.9122,2.3407977636365294,-0.9162480419921875,2.48404841685186,0.34072,1.0
BRF2,0.91218,2.340548073887228,-0.38915944580078127,2.690645608944353,0.43612,1.0
DET1,0.91214,2.340048848517361,0.31487299987792966,2.3393797868060293,0.57516,1.0
STAG1,0.91212,2.3397993128495402,-0.44578222412109375,2.2588636146858008,0.41676,1.0
WDR83,0.91212,2.3397993128495402,-0.4002639477539062,2.539582489573278,0.43856,1.0
FOXO3,0.91212,2.3397993128495402,-0.34179010498046875,2.2715305947504736,0.44086,1.0
RNU12,0.91212,2.3397993128495402,0.12963019145965576,2.412477573929369,0.52052,1.0
ENAH,0.91206,2.3390510136313187,-0.3088082647705078,3.671128487219145,0.45638,1.0
ZC3H8,0.91192,2.337306774514098,-0.575725830078125,3.3602158138214655,0.42422,1.0
ZNF92,0.91192,2.337306774514098,0.12943888076782226,2.642967738503551,0.52056,1.0
BTN2A2,0.91192,2.337306774514098,-0.011453686561584473,2.360043416199244,0.4959,1.0
ABCA3,0.9119,2.3370578019974864,-0.314589372177124,3.99264310897721,0.4553,1.0
DDB1,0.91184,2.336311190682085,-0.94262607421875,2.358288530935188,0.34958,1.0
GGA2,0.91184,2.336311190682085,-0.8076448022460937,2.1378723794709704,0.3559,1.0
HBS1L,0.91184,2.336311190682085,-0.6776159985351563,2.483587295708408,0.38702,1.0
ZNF770,0.91182,2.336062422243777,-0.5770455407714844,2.595528596987904,0.40016,1.0
MAPKAPK5,0.91182,2.336062422243777,0.011715451622009277,2.525636780424056,0.52532,1.0
FLI1,0.91178,2.335565038227192,-0.510584052734375,2.545320906081803,0.40412,1.0
GBA2,0.91168,2.334322468780759,-0.38925665405273435,2.343971593576684,0.43174,1.0
SCG3,0.91166,2.334074107378595,0.6898650708007813,2.800918723527654,0.59976,1.0
TNFAIP8L1,0.9116,2.333329327727931,-1.2989385107421876,2.0184105207977683,0.25114,1.0
CEP57,0.91154,2.3325850044238488,-0.78543400390625,2.623997622553048,0.32934,1.0
MTMR12,0.9115,2.3320890421048337,-0.43939536376953126,2.367328249825706,0.43306,1.0
HVCN1,0.91146,2.331593282143632,-0.0831453912115097,2.71802388079585,0.48652,1.0
UBAC1,0.91144,2.3313454779894793,-1.371430771484375,1.4861445578537347,0.14436,1.0
PIM1,0.91144,2.3313454779894793,-0.1896108413696289,2.7194902789443103,0.47088,1.0
ABHD5,0.91142,2.331097724355534,-0.83885845703125,2.2415038297434715,0.35382,1.0
CLCN6,0.91138,2.3306023685560837,-0.2622425299072266,2.2882581837861102,0.45416,1.0
ELMO1,0.91136,2.330354766344527,-0.18991718185424805,2.293786869418733,0.46266,1.0
GFM1,0.91136,2.330354766344527,-0.1091714797782898,2.793902024337426,0.50798,1.0
HAUS3,0.91132,2.329859713182739,0.23079944946289063,2.837167163310108,0.5594,1.0
KAT6A,0.9112,2.328375762134848,-0.9780129516601562,2.092177656431807,0.31232,1.0
SNRNP25,0.91118,2.328128612949993,-0.9880954907226562,2.2427609668305166,0.33704,1.0
RAB27A,0.91114,2.327634465222769,-0.41972984252929685,2.354301420719707,0.4434,1.0
SPOPL,0.91114,2.327634465222769,-0.24305804229736327,2.41940450910954,0.45644,1.0
ARV1,0.91112,2.3273874666347214,-0.6058177514648437,2.6781697174756927,0.40062,1.0
ZNF568,0.9109,2.3246737872740013,-0.0419103178024292,2.947178227020585,0.50578,1.0
SLC25A37,0.91086,2.324181040654269,-0.5894831848144532,2.1983320391852796,0.39922,1.0
RRN3,0.91086,2.324181040654269,-0.3356879083251953,2.3638448171592197,0.4319,1.0
RIF1,0.91086,2.324181040654269,0.1009386882019043,2.743567689411057,0.52242,1.0
SOCS4,0.91076,2.3229500462256323,-0.7855247778320312,2.163121808898123,0.3601,1.0
BRD1,0.91074,2.322703996665699,0.11145578548431397,2.363972327772858,0.5209,1.0
IDH1,0.9107,2.3222120466913188,0.12869989196777343,2.34381913437929,0.51814,1.0
ANKH,0.91066,2.321720295427586,-1.020519833984375,2.5609290632272503,0.32958,1.0
HAUS2,0.91064,2.321474494256016,-0.10680990468978882,2.2073157092617968,0.48348,1.0
COQ5,0.91062,2.321228742694704,-0.30271821533203125,2.6282209075984158,0.45298,1.0
TTC37,0.9106,2.3209830407212126,0.24305768371582032,2.2737462791776486,0.53384,1.0
ADO,0.91054,2.3202462321035293,-0.9749064892578125,2.250643322374018,0.34146,1.0
ARAP2,0.91054,2.3202462321035293,0.5811890539550781,2.4637619875343177,0.58916,1.0
EXOSC4,0.91048,2.319509868969964,-0.6686802124023438,2.2036960643096988,0.38504,1.0
GYPC,0.91046,2.319264513484263,-0.6725202221679687,2.9273186102793196,0.36598,1.0
ELL,0.9104,2.3185287433911816,-0.60760330078125,2.289968559242076,0.3935,1.0
LNPEP,0.91028,2.31705853483901,0.6612315356445313,2.470927391218816,0.62162,1.0
NEDD1,0.91028,2.31705853483901,0.5130896752929688,2.59527071774584,0.59056,1.0
SLC35B3,0.91016,2.315590097801273,-0.4028001885986328,2.2145493854780383,0.42976,1.0
EED,0.91016,2.315590097801273,0.10387882530212403,2.4377372941798097,0.52518,1.0
ECE1,0.91014,2.3153455301896213,0.9010552221679687,1.9623564722302196,0.69114,1.0
SRPK1,0.91014,2.3153455301896213,-0.3525681457519531,2.2944183289509414,0.43116,1.0
PPIP5K2,0.91008,2.314612121589386,-0.4237440393066406,2.2774241061920355,0.43742,1.0
ZNF611,0.91006,2.3143677500607134,-0.47785993408203126,2.3226026451938817,0.40896,1.0
MRPL35,0.90998,2.313390753382611,-0.7583252709960937,2.291754886358912,0.35872,1.0
BIRC3,0.90994,2.3129025483977896,-0.023848465914726256,2.492976242876878,0.4815,1.0
APOBEC3G,0.90986,2.311926724259014,0.6673906591796875,2.5953058287528377,0.62206,1.0
MMGT1,0.90984,2.311682890144668,-0.8103183203125,2.1300463383127792,0.3456,1.0
COQ9,0.90958,2.30851747264124,-0.6227153637695313,2.543441153230035,0.39756,1.0
NAA30,0.90958,2.30851747264124,-0.0950793053817749,2.325032666081139,0.48794,1.0
HSPA14,0.90956,2.308274318685822,-0.3066526806640625,2.5637769708182097,0.45424,1.0
TRMT11,0.9095,2.3075451472522963,-0.28207569946289063,2.995407940408121,0.45244,1.0
AGPS,0.90946,2.3070592747743013,-0.26027099548339844,2.2954122819368052,0.45272,1.0
TOPORS,0.90944,2.3068164110138087,-0.25329921081542967,2.445991155433014,0.46546,1.0
MRPL17,0.90936,2.3058454386587033,0.9260504248046875,2.384740364654569,0.67132,1.0
LIAS,0.90936,2.3058454386587033,-0.4401896105957031,2.9559509265481902,0.42968,1.0
POLD3,0.90936,2.3058454386587033,-0.3470252117919922,2.1983316175723404,0.43764,1.0
KCTD3,0.90932,2.3053602417918175,-1.2745010546875,2.6464900751467875,0.30422,1.0
CENPC,0.90932,2.3053602417918175,-0.28022484130859376,2.629830469084666,0.46332,1.0
OAT,0.9093,2.305117715610776,-0.74908201171875,2.5369793737522564,0.35772,1.0
NDUFAF2,0.9093,2.305117715610776,-0.56213947265625,2.7552311953526245,0.41642,1.0
EPB41,0.90918,2.3036635687063205,-0.6869892041015625,2.6350944809041765,0.36934,1.0
ZNF555,0.90918,2.3036635687063205,-0.3237568859863281,2.3321670185074512,0.44596,1.0
FCN1,0.90892,2.3005188403080576,0.5623844934082032,3.9188945460198337,0.62794,1.0
GFM2,0.90884,2.299552856705319,0.33040398681640626,2.411133883452622,0.56376,1.0
HACL1,0.90882,2.2993114799816934,-0.7081753466796875,2.3107811015863997,0.37958,1.0
MRS2,0.9088,2.299070150886602,-0.6631733154296875,3.3229995717276277,0.37868,1.0
SUCLA2,0.90878,2.298828869398921,-0.44888552856445313,2.5107070026865266,0.42916,1.0
HSCB,0.90876,2.2985876354975443,-0.3932602294921875,2.193412982772169,0.43078,1.0
MIS18BP1,0.9087,2.297864219100378,-0.5086055114746094,2.370846706468525,0.40852,1.0
INTS8,0.90862,2.296900328834338,-0.6360298999023437,2.4346539413408355,0.3979,1.0
CDK13,0.90862,2.296900328834338,-0.4328723718261719,2.266324720815253,0.43128,1.0
ACAD9,0.90858,2.2964186682930214,-0.8311753784179687,2.230126916686693,0.3537,1.0
LMBRD1,0.9085,2.29545591555475,-0.5375146520996094,2.2589612325891597,0.40314,1.0
GYG1,0.9085,2.29545591555475,-0.42296658935546877,2.314453918329387,0.42334,1.0
ZNF675,0.90848,2.295215345653118,-0.40297160766601564,2.670231471235699,0.44642,1.0
HMGB2,0.90836,2.2937729182111726,-0.9020032763671875,2.2396759608781265,0.32648,1.0
PTCD3,0.90818,2.2916124580191464,-0.8271371459960938,3.1037064474634093,0.36782,1.0
LEMD2,0.90818,2.2916124580191464,-0.26939799255371094,2.2690171706769386,0.45178,1.0
NT5C,0.90812,2.2908931506385275,-0.9629899365234375,2.208758137746375,0.33208,1.0
HERC1,0.90808,2.2904138469065836,-0.4808531726074219,2.49928250872618,0.44174,1.0
ADK,0.90808,2.2904138469065836,-0.15163187133789063,2.4605098124806006,0.4989,1.0
PRNP,0.90806,2.290174265335225,-0.3200925341796875,2.379634484806685,0.46506,1.0
GDE1,0.908,2.2894558015522533,-0.789375283203125,2.109450850988649,0.36366,1.0
NT5C3B,0.90796,2.2889770596003363,-0.864323486328125,2.5157779434961256,0.3654,1.0
SIRT5,0.90796,2.2889770596003363,-0.04846085343360901,2.540205723933248,0.48422,1.0
DENND4C,0.90784,2.287541954672905,-0.36914461791992187,2.2420306445758063,0.4253,1.0
CHPT1,0.90772,2.2861085276958684,-0.8845079907226563,2.1220949741214503,0.33292,1.0
CSAD,0.90772,2.2861085276958684,-0.5215348107910156,2.3050282916936573,0.4073,1.0
PLA2G7,0.90768,2.2856310908184683,-0.22769549293518065,4.2566665266082335,0.47046,1.0
NUMA1,0.90762,2.284915283799703,-1.030620947265625,2.0781442654583215,0.30278,1.0
ETS1,0.90756,2.2841998942497588,-0.5667279309082032,3.4973961518469,0.39894,1.0
ZNF184,0.90756,2.2841998942497588,-0.22537166717529297,3.584016933171442,0.47082,1.0
IL12RB1,0.90752,2.283723199539586,-0.20058761138916015,2.2706197789303455,0.46642,1.0
PLK3,0.9075,2.283484921620626,-1.0682128100585937,1.9774946383670609,0.28512,1.0
DUSP1,0.9075,2.283484921620626,-0.747252099609375,2.0962849539657364,0.35042,1.0
SEMA4D,0.90742,2.282532272380093,-0.8247052709960937,2.1398807614029596,0.33952,1.0
ZNF273,0.90734,2.2815803620663813,-0.3870646130371094,2.1858004712640593,0.41896,1.0
MRPL12,0.9073,2.2811046836037736,-0.726100322265625,2.4100797286746047,0.36988,1.0
HIBCH,0.9073,2.2811046836037736,-0.041603865671157834,2.596241652836599,0.48724,1.0
RALGAPB,0.90722,2.2801538792622633,-0.6343054174804688,2.1672949316945025,0.38802,1.0
STX10,0.9072,2.2799162931813326,-0.9846699853515625,2.1156777782436538,0.3103,1.0
MED22,0.90718,2.2796787530620652,0.013994129605293273,2.2538392731124577,0.5102,1.0
MAN1A2,0.90708,2.2784917411898773,-0.49580679565429686,2.1422395681801714,0.40354,1.0
KMT2A,0.90708,2.2784917411898773,-0.46960002197265627,2.2846516801981065,0.41354,1.0
CD55,0.90704,2.278017257472392,-0.5827251879882812,2.0307787020091634,0.38916,1.0
FH,0.90702,2.2777800843262335,-0.5355539538574219,2.338517690728773,0.42052,1.0
TBC1D1,0.907,2.277542956961881,1.0642027514648438,1.730587718502274,0.75438,1.0
CBLB,0.907,2.277542956961881,-0.30883459899902344,2.574037714429387,0.44978,1.0
SMG6,0.90696,2.2770688394989342,-0.4582855554199219,2.288998363880958,0.42064,1.0
NUS1,0.90696,2.2770688394989342,-0.22538474792480467,2.2073704963987404,0.46312,1.0
UVRAG,0.90694,2.276831849360539,0.1936600421142578,2.2693247909539753,0.53816,1.0
PPP2R2D,0.90692,2.2765949049243503,-0.6632591040039062,2.106094239793993,0.37578,1.0
PCM1,0.90686,2.2758843456304056,-0.9144420434570313,2.1889116621698395,0.32758,1.0
MAFA,0.90684,2.2756475838044885,-0.9744823193359375,3.188962297899844,0.37412,1.0
ABLIM1,0.9068,2.275174196941829,-0.44102927978515627,3.3415787416836653,0.40686,1.0
NFRKB,0.90678,2.2749375718654896,-0.6343448828125,2.5813364860135137,0.4136,1.0
PJA1,0.90674,2.2744644583238984,-0.30876640991210935,2.465525034294924,0.46538,1.0
SLC35A2,0.90672,2.2742279698191266,-0.49474915649414064,2.13726371836417,0.41038,1.0
RICTOR,0.90668,2.273755129242927,0.20155329711914063,2.205931412652409,0.53308,1.0
BMS1,0.90664,2.2732824704463925,-0.5196519970703125,2.6146867763959007,0.41686,1.0
EGR4,0.90662,2.2730462091662504,-0.25751299194335936,3.15829686543719,0.45854,1.0
VPS52,0.9066,2.2728099932719514,-0.21868825805664063,2.1824217833222344,0.46404,1.0
LIPT1,0.90658,2.2725738227438312,-0.5050827941894531,2.892142558389027,0.39974,1.0
PLIN2,0.90656,2.272337697562235,-1.2100457861328124,1.7197681859573324,0.21308,1.0
CD96,0.90656,2.272337697562235,-0.5076584411621093,3.772914124791917,0.40936,1.0
PILRB,0.90648,2.2713936499084975,-0.05090045983314514,2.5561299526031585,0.50306,1.0
NAPG,0.90646,2.271157751165185,0.02464492060661316,2.2076939704023277,0.50914,1.0
NAA35,0.90642,2.2706860893456184,-0.743592802734375,2.305820526062065,0.38348,1.0
ELP3,0.90628,2.269036695429658,-0.602317705078125,2.486257911335964,0.42434,1.0
SMC6,0.90626,2.268801248096203,0.017090301303863527,2.3110146690377356,0.50326,1.0
ECI2,0.90616,2.267624686547238,-0.6461686987304688,2.5871814298696223,0.3633,1.0
ID2,0.9061,2.266919289013798,-0.6706981079101563,2.149256163387286,0.37886,1.0
TERF1,0.90604,2.2662142953880546,-0.5092267041015625,2.180328834807346,0.40968,1.0
IP6K1,0.90602,2.2659793871798475,-0.648074697265625,2.3459872087543587,0.38758,1.0
RHOT1,0.906,2.265744523772976,0.18407680969238283,2.2490341949745285,0.54018,1.0
WDR61,0.90596,2.2652749312860903,-0.4231527978515625,2.3410547816999916,0.42842,1.0
PHF21A,0.90594,2.265040202167531,-0.76144490234375,2.031630469307772,0.35458,1.0
ZNF264,0.90574,2.262695367644544,-1.0799594702148438,1.9245849399625814,0.28322,1.0
BHLHE40,0.90572,2.26246112943639,-0.7228089135742187,2.133096571980546,0.35988,1.0
RNF139,0.90572,2.26246112943639,-0.6825979296875,2.1071063235095275,0.37504,1.0
WDR46,0.90562,2.261290605712465,-0.5964881982421875,2.6555415991519578,0.4027,1.0
NUDT2,0.90548,2.2596537375162176,-0.08233964431762696,2.4566328835175795,0.47844,1.0
KIF13B,0.90544,2.259186459736426,-0.7611135595703125,2.0580915141674843,0.3497,1.0
RGS10,0.90538,2.2584858748707575,-0.7655971606445312,1.799893709241231,0.3324,1.0
CXCR4,0.9052,2.256386504498406,-0.862561904296875,2.9071546791395964,0.3369,1.0
C2CD3,0.90516,2.2559204624563347,-0.5456379125976563,2.182200193910912,0.41112,1.0
ASPSCR1,0.90514,2.2556875074188736,-0.9446994750976563,1.8506396754611196,0.28404,1.0
EIF2AK1,0.90512,2.2554545963454307,-0.8587452685546875,1.8571049144688387,0.294,1.0
ZNF626,0.90512,2.2554545963454307,-0.08071200585365296,2.962294759148696,0.49504,1.0
RHOT2,0.9048,2.2517339830045917,-0.721924677734375,2.1641433635411884,0.36434,1.0
SPIDR,0.90478,2.2515018164587848,-0.028356952199339865,2.1030181028879578,0.4932,1.0
ALG3,0.90476,2.2512696935411185,-0.5194414562988281,2.899523291779513,0.43882,1.0
HCFC1,0.9047,2.250573586371539,0.40106166137695315,2.091876132736128,0.58066,1.0
MAP3K8,0.90468,2.25034163778107,-0.15003668487548827,2.1385654437622605,0.46252,1.0
UBE2G2,0.90466,2.250109732726115,-0.20411202880859375,2.7407800658825927,0.4751,1.0
TAF8,0.90462,2.249646053148804,-0.5046516271972656,2.4685668596649153,0.42212,1.0
CASP3,0.90458,2.2491825474918254,0.5670404479980469,2.073975710446406,0.61214,1.0
SIAH2,0.90456,2.2489508598373296,-0.11229870056152344,2.2505212716256855,0.48616,1.0
CHID1,0.90452,2.248487614784164,-0.6188308569335937,2.608646049265899,0.3864,1.0
OGT,0.90452,2.248487614784164,-0.33124310913085936,2.265797781066212,0.44962,1.0
AP4B1,0.9045,2.248256057348665,-0.3536731768798828,2.3538533631153498,0.45266,1.0
PCGF2,0.90448,2.248024543282688,-1.1636038354492189,3.535952772954606,0.36166,1.0
PINK1,0.9044,2.247098920346459,-0.7367902124023438,2.200521699350942,0.36086,1.0
ZNF708,0.90424,2.2452497506327584,-0.7866130395507812,2.6482109829814697,0.34756,1.0
ENTPD4,0.90422,2.2450187987016417,-0.6267652465820313,2.086632139370034,0.376,1.0
UAP1,0.90418,2.2445570241606787,-0.8900940112304687,2.181135915444153,0.3473,1.0
CES2,0.90414,2.2440954219266334,-0.6125766845703124,2.0092251209784444,0.37674,1.0
UPF3A,0.90414,2.2440954219266334,-0.5032218908691406,2.4907867799628267,0.42028,1.0
PANK3,0.90404,2.242942169229388,-0.14320006610870362,2.2446018383983968,0.47494,1.0
RNF126,0.90396,2.242020340272551,-0.7612720141601562,2.5483072388818795,0.34034,1.0
RANGRF,0.90384,2.240638882790054,-0.7302647705078125,2.578520656328241,0.38236,1.0
PREB,0.90374,2.2394888445298777,-0.4557837890625,2.1309272494187432,0.41984,1.0
DCAF16,0.90366,2.238569582249738,-0.18875960693359375,2.0203607535443147,0.46726,1.0
CDKN2D,0.90354,2.237191966685957,0.5578385534667969,1.979901671974633,0.61742,1.0
CEP135,0.9035,2.2367331016873426,-0.69153390625,2.029964977439664,0.36708,1.0
SAP130,0.9035,2.2367331016873426,0.454087900390625,2.0553304837589583,0.59038,1.0
MCU,0.9035,2.2367331016873426,0.2904856896972656,2.0767010694029193,0.55662,1.0
BTN3A3,0.90334,2.2348993388352674,0.526459501953125,2.2376123361793523,0.60178,1.0
MAP3K5,0.90332,2.234670309113821,0.24663421630859375,2.1111107235704076,0.55198,1.0
JOSD1,0.9033,2.2344413216965493,-0.7642861767578125,2.220186928930068,0.34114,1.0
BBS5,0.90322,2.2335257947149305,-1.1646425341796875,2.949634556615364,0.32296,1.0
SIKE1,0.9032,2.233297018552921,-0.03293284284591675,2.28479218106912,0.4956,1.0
PDE5A,0.90318,2.233068284588919,-0.04155091548442841,3.3289481385149884,0.49472,1.0
ZNF12,0.90314,2.2326109431843264,-0.6854992065429687,2.3240575790624702,0.37974,1.0
SEC11C,0.90304,2.2314683269033897,0.029637087364196776,2.526423276638352,0.51072,1.0
ELOVL5,0.90302,2.231239929888749,-0.19490588470458983,2.2118510296485887,0.4606,1.0
BTN3A1,0.90282,2.2289582690210845,0.5767782067871093,2.426588020185276,0.6035,1.0
CPSF7,0.9028,2.228730333476988,-0.7084131640625,2.121558078301878,0.35364,1.0
IDI1,0.90278,2.2285024397798416,-0.3260505023193359,2.37905992537621,0.44106,1.0
METTL21A,0.90276,2.228274587912208,-0.716010751953125,2.0992421041131175,0.3673,1.0
FTL,0.90274,2.228046777856658,-0.6994440576171875,2.557919221679802,0.29582,1.0
SOD2,0.90274,2.228046777856658,0.4196625231933594,3.1205909470506517,0.58774,1.0
NOP58,0.9027,2.227591283112149,-0.3120313897705078,3.272477118319223,0.46066,1.0
FOXP1,0.90268,2.227363598388388,-0.539733779296875,2.2749701719854287,0.37438,1.0
IFT27,0.90258,2.2262258005593916,-0.6734726147460938,2.865381622789242,0.39678,1.0
ADAMTS17,0.9025,2.2253163122032342,0.6890784558105468,3.8861077519624634,0.57116,1.0
ZNF263,0.90242,2.2244074892310723,-0.6840392333984375,2.2509147999306145,0.38628,1.0
JUN,0.9024,2.2241803873247474,-0.7945501928710937,1.9694757171347677,0.33528,1.0
MLH3,0.90236,2.223726307995464,-0.06372188201904297,2.3311723869189085,0.50398,1.0
HTT,0.90226,2.222591835022073,-0.3751752661132812,2.124390727032831,0.43212,1.0
ZNF493,0.90226,2.222591835022073,0.18927622467041016,3.0894507468196535,0.54468,1.0
CD300A,0.90206,2.220325990423178,-0.6377084887695312,2.4425226322661846,0.37456,1.0
SENP5,0.90204,2.2200996328934104,-0.387469638671875,2.088414758827551,0.4268,1.0
CLEC2B,0.902,2.219647041392052,0.7918166870117187,1.7878077713049958,0.70788,1.0
TSEN15,0.90196,2.219194614521399,-0.3354861016845703,2.7346265301079486,0.43554,1.0
PPWD1,0.90194,2.2189684627800528,-0.7944116235351563,2.4437861123709737,0.3377,1.0
MRPL4,0.90194,2.2189684627800528,-0.6981077978515625,3.0145971426156337,0.38752,1.0
TIFA,0.90194,2.2189684627800528,0.26483723754882815,2.17971305704329,0.54036,1.0
AK3,0.90192,2.218742352145364,-0.29157733581542966,3.0985791478294975,0.47532,1.0
TPM1,0.90184,2.2178383203336196,-0.7959316235351562,1.906705214364511,0.3303,1.0
BLMH,0.90182,2.2176124149776406,0.54703517578125,2.2107811996106097,0.66556,1.0
FTH1,0.9018,2.217386550626564,-0.9053770727539062,1.701161460625047,0.29458,1.0
HDAC6,0.90176,2.2169349448714284,0.2115205059814453,2.1842636580534647,0.5409,1.0
OCRL,0.90174,2.2167092034335556,-1.3811260302734376,2.6935910389990787,0.2982,1.0
NUDT5,0.9017,2.2162578433527393,-0.8854092895507812,2.3333861316112965,0.3444,1.0
PDK3,0.90162,2.2153556138984962,0.2305268505859375,2.0819872915309614,0.5446,1.0
SRSF1,0.90154,2.214454037822598,-0.7241567993164062,2.1327160775649014,0.36734,1.0
FGD3,0.9014,2.212877848647958,-0.2274588818359375,2.040948037707188,0.45426,1.0
CDIPT,0.90134,2.2122029491115036,-0.779270927734375,1.979965880411644,0.32696,1.0
SNRNP48,0.90134,2.2122029491115036,-0.720963349609375,2.519124513271184,0.38338,1.0
LGALS3,0.90134,2.2122029491115036,-0.48226984497070313,2.633685574035354,0.4039,1.0
AASDHPPT,0.90122,2.210854245831404,-0.5231066174316407,2.3237530329631584,0.40924,1.0
MED24,0.90118,2.210405002262179,-0.49006783203125,2.08793189873573,0.39324,1.0
SRF,0.90116,2.210180441188532,-0.502120947265625,2.0497571892265243,0.39766,1.0
DCLRE1C,0.9011,2.209507000612325,0.4284460791015625,2.156203086509072,0.58396,1.0
SBF1,0.9011,2.209507000612325,-0.017797415771484373,2.0829016743006274,0.5047,1.0
ELL2,0.90104,2.208833923655208,-0.5940929431152344,2.130015267500313,0.37138,1.0
YARS2,0.90104,2.208833923655208,-0.4574680139160156,2.9216127503690044,0.43432,1.0
SACM1L,0.90102,2.2086096453965047,-0.30593985168457033,2.2486599626141173,0.4419,1.0
FABP3,0.90098,2.208161209870423,-1.678832314453125,3.3920475744670746,0.29826,1.0
UBE2D4,0.90096,2.2079370525700224,-0.06172059739112854,2.8184500154752934,0.49124,1.0
FBXO9,0.90092,2.2074888588120194,-1.0262849096679687,1.8670340227216828,0.28286,1.0
KLHL20,0.90092,2.2074888588120194,-0.5591334338378906,2.475453702583306,0.40572,1.0
FPGT,0.90076,2.2056976926025387,-0.09540910079956055,2.1261791567526993,0.48154,1.0
GRIN2C,0.90068,2.204803072951494,0.3902739459228516,3.340498833717998,0.544,1.0
NMUR1,0.90056,2.2034623448440933,-1.2146142846679688,3.6184183287702543,0.36108,1.0
RIOK1,0.90056,2.2034623448440933,-0.46415396484375,2.7416741476835056,0.43536,1.0
ZNF70,0.90054,2.2032390301096862,0.06718594623088836,3.591817958073816,0.50864,1.0
GOLGA3,0.90052,2.203015755317569,-0.3376043127441406,2.1235568141352625,0.4377,1.0
SHPRH,0.90052,2.203015755317569,0.12389856719970703,2.5372394156005678,0.51506,1.0
APEH,0.90044,2.2021230552465716,-0.7794233544921875,2.192761550841118,0.33342,1.0
MRPL10,0.90044,2.2021230552465716,-0.5873471228027344,2.6335355494368877,0.3832,1.0
SEC24C,0.90032,2.200785200645826,-0.20344073791503905,2.1241338885091103,0.46078,1.0
UBXN7,0.90016,2.199003620680374,-1.1562879833984374,1.8216340304393264,0.25282,1.0
INPP5K,0.89994,2.1965580883752636,-0.3506320617675781,2.1607622418615073,0.43738,1.0
MAD1L1,0.8999,2.1961139597187285,-0.6147295886230468,2.037913278556822,0.3724,1.0
KREMEN2,0.89988,2.195891954537725,-0.8459828173828124,2.8748858649963025,0.3717,1.0
MSI2,0.89984,2.195448062390402,-0.5106085705566407,2.481391648384854,0.41714,1.0
SMUG1,0.8998,2.195004327756308,-0.7440556005859374,1.983143696126607,0.35042,1.0
GLRX5,0.89972,2.194117330518005,-0.9486582666015625,2.2639675689737184,0.3288,1.0
ENOPH1,0.89948,2.19146010589324,-0.5936982470703125,2.643962980638749,0.37908,1.0
DFFA,0.8994,2.190575616670968,-0.47388701904296876,2.1407721937119017,0.4225,1.0
EIF2B5,0.89938,2.190354591979267,-0.5864357861328126,2.2488313593520726,0.39184,1.0
SCO1,0.89932,2.189691751925687,-0.21160494445800782,2.0766584105532493,0.45872,1.0
INTS3,0.89924,2.1888085106513997,-0.7859688598632812,1.900248185413938,0.32852,1.0
ELP5,0.89922,2.188587797632508,-0.8525174145507812,2.1001200754540563,0.33524,1.0
ITGA4,0.89918,2.188146488244702,0.029914963195323944,2.649029192248223,0.49552,1.0
TSNAX,0.89912,2.187484815553348,-0.42323892700195315,2.7822605436129155,0.42908,1.0
CXXC1,0.89886,2.1846215981055086,-0.712240966796875,2.159455735769433,0.36516,1.0
TRMT13,0.89878,2.1837419223862544,-0.4936160681152344,3.2095806612466458,0.42262,1.0
ZRANB1,0.89854,2.181106591736326,-0.43880979736328124,2.08104836786516,0.4234,1.0
RECK,0.89852,2.180887230565888,-0.7254190014648437,2.044674209715633,0.35484,1.0
CBX1,0.89848,2.180448623248648,-0.43845453247070315,2.816830032421134,0.4336,1.0
MTMR6,0.89838,2.1793527752120965,-0.4862670861816406,2.0084402920758975,0.40106,1.0
DDRGK1,0.89834,2.1789147037789736,-0.8351738305664063,2.233262936738985,0.31358,1.0
DPM2,0.89804,2.1756340312320996,-0.09703145362854004,1.9893831793086287,0.49448,1.0
PIGX,0.898,2.175197255017929,-0.6729808349609375,3.5476879243072212,0.35602,1.0
MRPS25,0.89798,2.1749789238444786,-0.3776952197265625,2.4459358855358317,0.43374,1.0
SRPK2,0.89794,2.1745423752893767,-0.43231331298828124,2.1869564512640842,0.42384,1.0
PHKG2,0.89788,2.173887836710062,-1.1347135302734375,1.6909301449189562,0.22206,1.0
CTR9,0.89788,2.173887836710062,-0.6678548071289062,2.1644730060905846,0.36114,1.0
ZNF775,0.89784,2.1734516669837163,0.20108954399108886,4.186060222070086,0.56688,1.0
RNF216,0.89766,2.17149077407725,-0.5214958117675781,2.405485907325197,0.39846,1.0
SLC39A6,0.89762,2.171055435130691,-0.27727386901855466,2.168848305228084,0.4576,1.0
PMCH,0.89762,2.171055435130691,-0.10032896676063538,3.322027536007377,0.47702,1.0
PTK2B,0.89758,2.1706202468458597,0.28302694396972655,1.979597804539386,0.56236,1.0
ABHD17B,0.89752,2.1699677466482306,-0.32156750793457034,2.186781208233805,0.44658,1.0
RPAP2,0.89746,2.169315584768561,-0.5686803100585938,2.6506410099342785,0.40336,1.0
IRAK4,0.89742,2.168880997938168,0.3449922192382813,2.092776046212911,0.57548,1.0
PHB2,0.89736,2.168229399029588,-0.8521127880859375,2.2298375710475886,0.34064,1.0
ZNF567,0.8972,2.1664934496249884,-0.5990589208984375,2.512968817251718,0.3778,1.0
MRPL1,0.89718,2.166276624196448,-0.04926874397277832,3.1743701474552153,0.50258,1.0
MED27,0.89696,2.1638940056203797,-0.23588828125,2.052782950488384,0.46578,1.0
KRAS,0.89694,2.163677627289399,-0.5006193359375,1.9489755389894574,0.39726,1.0
NR3C1,0.8969,2.1632449821010433,-0.19568435180664062,2.6354922411587585,0.46358,1.0
C1orf35,0.89688,2.1630287152144065,-0.7815396801757812,3.2116509921687064,0.33268,1.0
CST3,0.89684,2.1625962927831264,0.41578559936523435,3.709035208664174,0.6073,1.0
SRRT,0.89682,2.162380137209274,-0.4300651977539062,2.022911070491828,0.41882,1.0
TRNT1,0.89676,2.161731892879786,-0.170697626953125,2.3818637938917857,0.48072,1.0
DIMT1,0.89668,2.160868085478056,-0.6691450170898438,2.920104012891293,0.38636,1.0
UPF1,0.89664,2.1604364036742956,-0.1520241958618164,2.0458374448875007,0.47004,1.0
ST3GAL1,0.89648,2.1587111530643845,-0.41945449584960937,1.9234065457839835,0.40974,1.0
CDC37L1,0.89642,2.158064792150224,-0.6366461401367187,2.314395193180665,0.37314,1.0
AMFR,0.89642,2.158064792150224,-0.295013974609375,2.053398052357556,0.44036,1.0
ACAT2,0.8964,2.157849412101389,-0.5982430908203125,2.144011301765515,0.35936,1.0
ERAP1,0.89638,2.15763406882313,-0.38226001342773436,2.021124222302523,0.4221,1.0
GLO1,0.89636,2.1574187623010412,-0.60143732421875,2.5023920978621317,0.4039,1.0
UTP18,0.89632,2.156988259467779,-0.7768876684570313,2.3423547188084894,0.35872,1.0
TIA1,0.89626,2.1563427805294455,0.8747293798828125,1.8275553055331406,0.68598,1.0
SUCLG2,0.89626,2.1563427805294455,-0.19602135314941407,3.221313658089968,0.48258,1.0
CUTC,0.89624,2.15612769424228,-0.7311175219726562,2.6237959331381058,0.33366,1.0
BAG3,0.8962,2.1556976316202543,0.029491990110874177,2.0979281231775553,0.50528,1.0
SPATA13,0.89612,2.1548379457841813,-0.08018744338989257,2.156477554409643,0.48236,1.0
RAB3GAP2,0.89596,2.1531203285408145,-0.11888574127197266,2.041580549833808,0.48266,1.0
HSD17B7,0.89592,2.1526912890701886,0.10470953376770019,2.189460727398279,0.52588,1.0
ZC3HC1,0.8958,2.1514050444539334,-0.4216108068847656,1.9963030947899612,0.41618,1.0
TXN,0.89566,2.149906079080179,0.8271475927734375,1.9776395248471996,0.6706,1.0
CTCF,0.89566,2.149906079080179,-0.48131556030273437,2.407581413181694,0.40472,1.0
TRAF3,0.89554,2.1486226652783995,-0.7140526293945313,1.858296884045074,0.33468,1.0
PEX19,0.8955,2.1481951500959005,-0.3053176519775391,2.405184792338662,0.42254,1.0
COX19,0.89542,2.1473405531834,-0.6131640454101562,2.005079314276932,0.36844,1.0
FANCL,0.89536,2.1466999843281735,-0.4467573425292969,1.9236445400201372,0.40342,1.0
PDHA1,0.89536,2.1466999843281735,-0.4024253137207031,2.4477930668516064,0.4464,1.0
RPP14,0.89532,2.146273118609478,-0.47731460571289064,2.2189176841532783,0.42748,1.0
PEX11B,0.89524,2.145419819112418,-0.3099037103271484,2.1473094454195385,0.44102,1.0
TIMM22,0.89506,2.1435019968754143,-0.5345720812988282,2.7223279894390644,0.41,1.0
E2F6,0.89504,2.143289084817815,-0.4932703942871094,2.1964311388721796,0.41946,1.0
HPGDS,0.89504,2.143289084817815,-0.29420242126464846,3.138257281270454,0.44938,1.0
TRIM28,0.895,2.1428633681173324,-1.0399745581054687,1.909026954913703,0.27814,1.0
STX17,0.895,2.1428633681173324,0.9871687109375,1.8784973129860993,0.71346,1.0
ZNF124,0.89484,2.141161931482023,-0.09548305786132813,1.9425054464504277,0.47516,1.0
ARFRP1,0.8948,2.1407369293123653,-0.7734164135742188,1.6935372042419066,0.30268,1.0
CFP,0.8948,2.1407369293123653,-0.6269195861816407,3.497752307906013,0.35466,1.0
ING2,0.89472,2.1398873525883286,-1.0021678369140625,1.7307329010283083,0.26252,1.0
GABARAPL1,0.89462,2.1388261823280925,-0.7850877905273438,1.7595526422953771,0.32226,1.0
PDCD7,0.89462,2.1388261823280925,-0.4732483349609375,2.8412457994943345,0.41842,1.0
STT3A,0.89456,2.138189906524138,-0.5167015795898438,1.9894968705584486,0.3879,1.0
XBP1,0.89454,2.137977885566039,0.36155416381835936,1.9476705494121642,0.59612,1.0
EZR,0.89452,2.1377659000734304,-0.3510342272949219,2.274594029406392,0.42136,1.0
CWC27,0.8945,2.137553950032652,-0.6014127758789063,2.4254067952053693,0.4004,1.0
USP42,0.8944,2.1364947311286735,0.010304399781227111,2.0520921657774407,0.49648,1.0
ALDH9A1,0.89434,2.1358596243357155,-0.7747342333984375,2.3055249860607745,0.34848,1.0
SDCCAG8,0.89432,2.1356479927480003,-0.48267933837890625,1.9209219873024779,0.40302,1.0
ZNF791,0.89428,2.1352248355059693,-0.7784976245117188,2.13283165820075,0.34276,1.0
STX18,0.89422,2.1345903642729165,0.055143311767578126,2.0513224812784934,0.4892,1.0
GPR183,0.89418,2.1341675597127705,-0.5090922192382813,2.336918225355466,0.42616,1.0
ELP6,0.89412,2.133533616994736,-0.4140540808105469,2.6120567281314226,0.43732,1.0
PLOD2,0.8941,2.133322373133912,-0.6954091491699219,2.997443328217527,0.38896,1.0
TSC22D1,0.89388,2.1310010087066464,-0.3694154833984375,1.9911906117165172,0.42072,1.0
SLC38A1,0.89382,2.1303686454640305,-0.3620565557861328,3.523811580976597,0.4374,1.0
SLC25A1,0.8937,2.1291048630394447,-0.5352399060058594,1.9205789432860705,0.38714,1.0
DDOST,0.8937,2.1291048630394447,-0.46735394897460936,2.2533154421186437,0.4101,1.0
KANSL2,0.89364,2.1284734431357353,-0.10640961364746093,2.6088761240890967,0.48846,1.0
CEP63,0.89354,2.1274217736200325,-0.02986810338973999,1.8219130050478258,0.48228,1.0
MRPL49,0.8935,2.1270013494500026,-0.14322930419921875,2.708289657037926,0.46404,1.0
COPRS,0.89336,2.125530959267084,-1.008765751953125,1.8296205574514477,0.27238,1.0
OBSCN,0.89336,2.125530959267084,-0.7621216284179687,3.2784831844444535,0.38038,1.0
CLP1,0.89306,2.122385838348537,-0.5589608874511719,2.008123954863512,0.39544,1.0
CRHR1,0.89296,2.121339190660205,-0.848562138671875,3.2496350323825003,0.37298,1.0
U2AF1L4,0.89286,2.1202934032171994,-0.46427202392578126,2.0449251073892922,0.39676,1.0
HSPD1,0.89286,2.1202934032171994,-0.07300344376325607,2.083001362670271,0.4828,1.0
IMMT,0.8928,2.1196663429903455,-0.49239755859375,2.2177144096760215,0.40462,1.0
TRIAP1,0.89276,2.119248474388226,-0.47606598876953127,3.14247572996187,0.42488,1.0
BAG5,0.89268,2.1184131484338273,-0.43467817138671877,2.0712818213400244,0.41468,1.0
CSRP1,0.89266,2.1182044025465423,-0.569461220703125,1.9032807515674564,0.39154,1.0
EIF2B1,0.89244,2.115910453102545,-0.7153651245117187,2.275670223295729,0.3621,1.0
COA4,0.89242,2.1157021169368226,-0.37764847778320315,2.4603158592400347,0.46246,1.0
MED11,0.8921,2.112373361655649,-0.5382572314453125,2.47246050517937,0.39532,1.0
CSTF2T,0.89204,2.111750186474114,-0.3586652490234375,2.1655643932902815,0.4308,1.0
EBP,0.89198,2.1111273156392345,-0.3656611291503906,2.5473820785766437,0.44602,1.0
CSTF3,0.89196,2.1109197596007876,0.22089604614257813,2.1228326045349646,0.5441,1.0
GPR132,0.89192,2.110504748807373,-0.494858193359375,1.9664063225834953,0.38348,1.0
ASXL2,0.89178,2.1090532731742697,-0.5869545446777343,1.9081265730375838,0.3822,1.0
NLRC5,0.89172,2.1084317172112774,1.1527941796875,1.5798810660281517,0.7901,1.0
MRPS23,0.89166,2.1078104637687805,-0.6458796166992188,2.622161949663621,0.37252,1.0
MAGED2,0.8914,2.10512185301262,-0.61202966796875,2.5766959558332276,0.3157,1.0
DOK2,0.89134,2.1045022072739945,-0.7651824755859375,1.8245705824402014,0.31626,1.0
RNF19A,0.89126,2.103676480144139,0.3153695520019531,1.869038756632694,0.55888,1.0
TMX3,0.89124,2.1034701317049356,0.1488712725830078,2.0115862202608334,0.53402,1.0
WDR33,0.89122,2.1032638165781004,-0.5987960620117188,1.9559530462380756,0.36858,1.0
NDEL1,0.89122,2.1032638165781004,-0.3254283123779297,1.9948502615100219,0.43054,1.0
PCF11,0.89118,2.102851286211717,-0.28247384643554685,2.037837498578127,0.45068,1.0
GABPB1,0.89102,2.1012024947530477,-0.2288827703857422,1.9944452210879466,0.45612,1.0
ZNF701,0.89094,2.100378895638109,-0.4918204382324219,2.0657109759655072,0.39022,1.0
ZKSCAN1,0.89092,2.1001730787058963,-0.8126895654296875,1.7964661399861412,0.30542,1.0
NDUFV1,0.89078,2.098733286678378,-0.6015536315917969,2.613603935757333,0.37678,1.0
GTF3C5,0.89078,2.098733286678378,-0.5924339624023437,2.081364563334535,0.3805,1.0
MRPL46,0.89066,2.0975004674636204,-0.37872574829101563,2.4411033324004148,0.43526,1.0
PUS3,0.8906,2.0968845028997207,0.10813396812438965,2.1661056181183604,0.5382,1.0
GSPT1,0.89054,2.0962688345901994,-0.46374309814453124,2.4351790302225855,0.4206,1.0
IQGAP2,0.8905,2.0958585534731604,0.5544258166503906,1.8143281088292154,0.63364,1.0
GALNT7,0.89036,2.0944236038878246,-0.6223913598632812,1.9356404183504514,0.36896,1.0
ZNF430,0.8903,2.093809117298441,-0.451335615234375,2.39222497731892,0.44052,1.0
TAGAP,0.89018,2.092581027617264,0.6773885546875,1.988252093323022,0.64506,1.0
GOLGB1,0.89018,2.092581027617264,-0.11718615158081054,2.015644899034222,0.47914,1.0
ADAMTSL5,0.89014,2.0921719258116203,-1.0395251147460938,3.3148049994305278,0.3689,1.0
PDCD4,0.89012,2.0919674238708423,-0.013524470219612122,3.269575281040762,0.50708,1.0
VPS72,0.89008,2.0915585178529437,-0.5373298046875,1.9781732101496743,0.3725,1.0
BAZ1B,0.89006,2.09135411375167,-0.6703001245117187,2.0210383916639425,0.36346,1.0
UBA5,0.89,2.0907410969337694,-0.27392940185546877,3.1223596700831258,0.4723,1.0
POP5,0.88998,2.0905368231162638,-0.6131218725585937,3.140339546582144,0.36446,1.0
GTF2A1,0.88994,2.0901283730916926,-0.446510087890625,1.9301895402612101,0.40152,1.0
NDUFAF4,0.88986,2.0893118631475907,-0.15986548049926758,3.2884246948131928,0.48444,1.0
RHOH,0.88982,2.0889038030358833,-0.05233628993988037,3.390476554161351,0.49012,1.0
YAF2,0.8898,2.0886998216531274,-0.52358994140625,2.2686705734668595,0.38956,1.0
ISCA1,0.88978,2.0884958727031266,-0.4144011059570312,2.528761621162192,0.40564,1.0
DDR2,0.88972,2.087884220329933,-0.45448822265625,3.1644926137284255,0.43136,1.0
ARID5B,0.88956,2.086254571394675,0.014032462501525879,2.0802233870419164,0.49538,1.0
ING5,0.88952,2.0858474822939566,-0.5958270935058594,1.8700864071875087,0.37258,1.0
ZNF160,0.88952,2.0858474822939566,-0.4242907666015625,2.1728444153204247,0.41116,1.0
IP6K2,0.8893,2.083610796691003,-0.598524208984375,1.881990212496203,0.36202,1.0
ERCC1,0.88906,2.0811752101729173,-0.8408522607421876,1.7811172826158521,0.32358,1.0
DCPS,0.88894,2.07995914585923,-0.25467058776855467,3.233509805948193,0.45514,1.0
PGS1,0.8889,2.0795540466020452,-0.6805554736328125,1.8691688517967466,0.35184,1.0
AP3B1,0.88878,2.078339514062598,-0.033400423126220706,2.060603308200353,0.48612,1.0
TNKS2,0.88876,2.0781372034464733,0.24460082092285157,1.9102556732626113,0.55696,1.0
NPLOC4,0.8887,2.077530462462931,-0.438848671875,1.879772290645312,0.39866,1.0
UPF3B,0.88868,2.0773282790512373,-0.1845212432861328,1.9707295025203901,0.46094,1.0
RAD23B,0.88856,2.0761158453873145,-0.6965445581054688,1.8805279150069887,0.34924,1.0
RNF146,0.88844,2.07490455301102,0.057913570566177366,1.9070616056024585,0.51576,1.0
KPNA6,0.88832,2.073694399424268,-0.525300986328125,1.8907781566924236,0.38594,1.0
ZNF3,0.88828,2.073291267529082,-0.26939197265625,1.9899540608484219,0.42658,1.0
ZNF354A,0.88826,2.073089748898516,-0.4766302282714844,2.5886389198822464,0.42264,1.0
CCDC59,0.8879,2.069467793960167,-0.5618297192382813,2.103397972482415,0.37468,1.0
LYZ,0.88786,2.0690659822097106,-0.2125835829925537,4.109193458148697,0.4742,1.0
BBS7,0.88778,2.0682627342270536,0.1287304359436035,1.9020759085723011,0.53224,1.0
BDP1,0.8877,2.067459986329877,-0.2781187823486328,2.13108040965989,0.44834,1.0
OXA1L,0.88758,2.066256800558271,-0.6918034814453125,2.054164708608196,0.34102,1.0
THUMPD1,0.88754,2.065855987892409,-0.09156339668273926,2.3837923911110988,0.48512,1.0
POP7,0.88742,2.0646542964056898,-0.70792455078125,2.087424960835698,0.34178,1.0
CERS2,0.88738,2.064253981113625,-0.5151443676757812,1.9198747240987286,0.39824,1.0
OPA1,0.88736,2.0640538700176814,-0.38290539794921874,2.0141013740358815,0.4271,1.0
WIPI1,0.8873,2.063453722795561,-0.043139872398376466,1.8400057309914355,0.49006,1.0
DEDD2,0.88724,2.062853854436677,-1.0157994555664063,1.520921246078875,0.2074,1.0
TRAPPC13,0.88724,2.062853854436677,-0.23249906005859375,2.087256466792143,0.47056,1.0
GRPEL1,0.88722,2.062653960234415,-0.55441220703125,2.3061845763093722,0.40504,1.0
UTP3,0.8871,2.061455244370925,-0.4479116357421875,2.1705001427532222,0.40426,1.0
RPEL1,0.88706,2.0610559195201072,-0.11559825572967529,3.039776688625294,0.4812,1.0
ZNF720,0.88702,2.060656718072581,-0.26675233154296873,2.0322050447745217,0.43954,1.0
CTSA,0.887,2.060457163597239,-0.98547828125,1.4338399936872475,0.22908,1.0
FNTA,0.88686,2.0590611445370266,-0.051039272258281705,2.048495511314302,0.48642,1.0
TAOK1,0.88684,2.0588618362906423,-0.4160829089355469,1.79648701876603,0.4053,1.0
INTS4,0.88684,2.0588618362906423,-0.4016328869628906,2.134671956988615,0.42328,1.0
TCP1,0.88684,2.0588618362906423,-0.39708678588867186,1.9097953364302493,0.41386,1.0
OSBPL2,0.88654,2.055875893861303,0.04306512771606445,1.843252600875467,0.50696,1.0
RPS4X,0.8864,2.054484809705968,-0.601519697265625,2.309071138477867,0.37002,1.0
ATF1,0.88616,2.0521035674270798,-0.33361654418945313,1.8859487860779018,0.43624,1.0
MED17,0.88616,2.0521035674270798,-0.2867553643798828,2.3180742305506765,0.45336,1.0
GNPDA1,0.88614,2.0519053281433384,-0.3783408508300781,1.8208273138447733,0.41104,1.0
UBE2G1,0.88606,2.0511126743502226,-0.6748336303710938,1.9874388628155446,0.33298,1.0
DIDO1,0.88602,2.0507165293068845,-0.5394473083496094,1.838371819632113,0.37598,1.0
VPS37A,0.886,2.0505185022105854,-0.373979140625,1.870667124597335,0.41952,1.0
REL,0.88586,2.049133159467045,-0.6342073803710937,1.9927638511025234,0.34976,1.0
ATP11B,0.88584,2.0489353742212715,-0.49026784423828124,1.8985671662219243,0.40028,1.0
ASB8,0.88578,2.048342199537335,-0.3301054119873047,2.0258013598076605,0.42286,1.0
EMB,0.88548,2.045380390628362,-0.1679915512084961,3.228145669532675,0.48232,1.0
EXOC5,0.88544,2.0449859933862258,-0.2585479754638672,1.9391447794410648,0.45544,1.0
MALT1,0.88516,2.0422285643748017,-0.4212813244628906,1.8025773417533415,0.40414,1.0
FBXL5,0.88506,2.041245186240417,-0.5347142932128907,1.9035260429314367,0.38934,1.0
TNNT3,0.88504,2.0410485999558863,0.4535521044921875,2.727982023070938,0.5623,1.0
RNF138,0.88492,2.0398697067584393,0.8779331274414063,1.752403248240563,0.70878,1.0
APPL1,0.88476,2.0382995115732316,0.26299004608154297,1.9857814689191389,0.53936,1.0
ADAM8,0.88474,2.038103370525316,-0.801986875,1.6893175777513267,0.30296,1.0
STRAP,0.88466,2.037319102213356,-0.6369012036132813,2.0357105210677555,0.37732,1.0
PPT1,0.88454,2.0361435862345045,-0.8340487915039062,1.626668163028226,0.2798,1.0
LONRF1,0.88442,2.0349691320396808,-0.22075403350830078,1.8888331179103186,0.44896,1.0
BEGAIN,0.88418,2.0326234000217815,-0.7983634057617187,3.279112615360374,0.38812,1.0
UTRN,0.88414,2.0322328554705202,0.7895172607421875,1.5833675405374625,0.69918,1.0
AGGF1,0.88412,2.032037627130092,-0.7609084814453125,1.765153455188695,0.31882,1.0
TTF1,0.88408,2.0316472582680998,-0.3075163049316406,1.9190885138925498,0.43804,1.0
TMOD4,0.88396,2.030476853491901,0.9600806884765625,2.825938462991431,0.66112,1.0
SF3B3,0.88396,2.030476853491901,-0.4025951550292969,2.738755012071532,0.42894,1.0
RARA,0.88394,2.0302818882685165,0.01669162816643715,1.8771232933132425,0.5069,1.0
KDM3B,0.88372,2.0281391946921516,-0.5219200390625,1.7544082146873623,0.37526,1.0
DDHD1,0.88362,2.0271664067376016,0.2834816583251953,1.8526955090875559,0.56446,1.0
TPST2,0.88326,2.0236703682223323,-0.7815648706054688,1.5989831716167564,0.29824,1.0
PIGH,0.8832,2.023088605128704,-0.4740417541503906,2.280578480207274,0.40076,1.0
DCP1A,0.88302,2.021344870389197,0.44747667724609375,1.852384077819256,0.59896,1.0
PCK2,0.883,2.021151265806204,-0.13456015731811524,1.862636684791555,0.4704,1.0
MAP2K1,0.88292,2.020377134449326,-0.6997031909179687,1.642322932477376,0.3277,1.0
CNTRL,0.88288,2.0199902408159196,0.6757540600585937,1.699615272735076,0.6578,1.0
TNFAIP1,0.88268,2.0180574899056296,-0.22370560546875,1.8489712435578156,0.44864,1.0
RPS3,0.88262,2.0174782217702933,-0.6422264892578124,2.3597423637368413,0.34886,1.0
ICAM2,0.88256,2.016899210298677,0.5374216333007813,2.0221057417055235,0.63096,1.0
CITED2,0.88226,2.0140079935467377,0.07158274557113647,1.839935931180485,0.50414,1.0
CLINT1,0.88214,2.0128532941594557,-0.648060390625,1.91234979894905,0.356,1.0
WHAMM,0.88194,2.0109310566694076,0.0158224194252491,2.214661863710752,0.49696,1.0
ARL1,0.88184,2.009970995431935,-0.466504091796875,2.2218814052986207,0.4009,1.0
OFD1,0.88178,2.0093952963903807,-0.018906552176475525,3.048323073086217,0.51392,1.0
ISG20L2,0.88176,2.0092034529350333,-0.40631100952148436,1.9416802274651541,0.42672,1.0
SLC25A26,0.8816,2.007669715948745,-0.36942126403808595,3.037505131166695,0.4197,1.0
NCOA3,0.8816,2.007669715948745,0.11220030490398407,1.8205840671294757,0.52672,1.0
MZT1,0.88122,2.004034268406112,-0.11740571014404297,2.160890586260228,0.47908,1.0
PPIH,0.88098,2.001743377986195,-0.3012823760986328,2.603398354526706,0.4589,1.0
SRSF2,0.88078,1.9998373527285545,-0.4461695654296875,2.0679848339801197,0.40746,1.0
USP48,0.88028,1.9950843556968356,-0.5990509033203125,1.853725795209439,0.345,1.0
CTDSP2,0.88024,1.9947048574502846,-0.9811197509765625,1.4642962230282976,0.21444,1.0
PTTG1,0.88024,1.9947048574502846,0.10381233154296875,1.7070768320044907,0.52518,1.0
HSPE1,0.88016,1.993946189358239,0.037888091282844545,1.9150325196018716,0.51238,1.0
NIP7,0.87988,1.991294291422393,-0.3220607659912109,2.4965317128924887,0.43414,1.0
SMNDC1,0.87982,1.9907267221896507,0.0810271071434021,1.8345323315455895,0.52236,1.0
PDE4B,0.8796,1.988647725805886,0.035230809288024904,1.8491505363524452,0.5012,1.0
USP33,0.8793,1.9858180082814705,0.47139072265625,1.7813182183954017,0.62292,1.0
TIMM10B,0.87928,1.985629576301051,-0.475917939453125,2.2158428369782777,0.40874,1.0
DDX6,0.879,1.9829943520884359,-0.5680385083007813,2.115681735567149,0.36066,1.0
ETHE1,0.87898,1.98280632310359,-0.39782503173828127,1.6912297381862584,0.40508,1.0
MRPL39,0.8787,1.9801767265517933,-0.2626599572753906,2.127825685808835,0.43968,1.0
MIS18A,0.8787,1.9801767265517933,-0.20493330657958983,3.3657138910050506,0.46934,1.0
SECISBP2,0.87866,1.9798014971579387,-0.248308232421875,1.8934635804010793,0.45554,1.0
NBR1,0.87856,1.9788638898832427,-0.49614966186523435,1.6686685154917718,0.37712,1.0
BUB1B,0.8784,1.9773651012231992,0.4335437512207031,3.3923951098600647,0.56132,1.0
MCFD2,0.8784,1.9773651012231992,-0.3257418518066406,1.8119401909961612,0.42412,1.0
SNRNP200,0.87828,1.9762421243723651,-0.5470359350585937,1.9277213734269456,0.40658,1.0
ESCO1,0.87814,1.9749331894064033,-0.15114500579833984,2.4908271898238885,0.47072,1.0
PLEKHA2,0.87802,1.9738122755506482,0.021768118810653686,1.7623434789153107,0.4994,1.0
ITGB2,0.87794,1.9730655270538398,-0.592552578125,1.6678355689714037,0.35028,1.0
MBD4,0.87782,1.971946194006267,-0.462858037109375,1.8174200479918317,0.4062,1.0
ZNF136,0.8777,1.9708278069049456,-0.059596252561211586,2.243543023523153,0.48434,1.0
MRPS30,0.87766,1.970455221086717,-0.42242640502929685,2.4892427655042555,0.40196,1.0
RPS14,0.87756,1.9695242149936485,-0.3298701306152344,2.28352590103066,0.43634,1.0
ADCY1,0.87754,1.9693380922968753,0.2694527690124512,3.268759968047367,0.50952,1.0
GAPVD1,0.8775,1.9689659253552387,-0.7298720043945313,1.913315645560047,0.35384,1.0
GLG1,0.8774,1.9680359652300021,-0.8324649365234374,1.6560381882739084,0.27676,1.0
GPR27,0.87736,1.967664163888395,-0.8816689013671875,2.43587360145559,0.35566,1.0
ZNF131,0.87736,1.967664163888395,0.010327041459083558,2.5558054344219854,0.5059,1.0
BLOC1S6,0.87734,1.9674783023345845,-0.9185632153320312,1.4159448308356264,0.24784,1.0
CRBN,0.87732,1.967292466847174,-0.5081329760742187,2.2324890510371955,0.35744,1.0
CRNKL1,0.87728,1.9669208740367918,-0.44448335693359375,1.8947716753369108,0.39934,1.0
EIF5A,0.87718,1.9659923475649583,-0.11597178558349609,1.6931969917174656,0.47248,1.0
UNKL,0.87718,1.9659923475649583,-0.07428927366256714,1.7787206961061055,0.4738,1.0
DHRS7B,0.87714,1.9656211190157984,-0.9652287036132813,1.4023147977214405,0.20694,1.0
RPL32,0.87708,1.9650644710180165,-0.31719616943359374,2.2542089643465633,0.43458,1.0
HSPH1,0.87708,1.9650644710180165,-0.032056389026641846,1.948670366305272,0.49352,1.0
NFKBIA,0.87706,1.9648789736044276,-0.08975076955795289,1.7180159638659154,0.478,1.0
CDC40,0.87692,1.9635812176891239,-0.415189921875,1.9119249300504533,0.42986,1.0
CPNE3,0.8769,1.9633959275949022,-0.2280564077758789,2.327578228887509,0.4488,1.0
MGRN1,0.87662,1.9608045793661741,-0.6727799072265624,1.619261520033235,0.32224,1.0
INSIG2,0.87662,1.9608045793661741,0.13985052825927735,2.047759759559358,0.53106,1.0
ZDHHC7,0.87652,1.9598803224932437,-1.0013707006835937,1.4140504319540106,0.19108,1.0
TRIM33,0.87636,1.9584028481561035,-0.23476561950683594,1.7075643422149052,0.44118,1.0
VBP1,0.87626,1.9574802604490265,-0.37948007568359376,1.863433385846486,0.42062,1.0
ATG10,0.87624,1.9572958197506807,0.42844563232421873,1.6708544327543318,0.60964,1.0
PPIL4,0.87606,1.9556370042075657,-0.47396308959960937,1.74487197200298,0.39794,1.0
GLTP,0.87548,1.9503059618024774,-0.8238026782226563,1.549454064292704,0.27476,1.0
PPM1A,0.87542,1.9497556913684655,-0.6754011596679688,1.4808734364716278,0.3251,1.0
FN3KRP,0.87532,1.9488390788870227,-0.03281417362213135,2.920351234950729,0.48016,1.0
SRP68,0.87526,1.9482894139785856,-0.45992615112304686,2.2988871726094215,0.41066,1.0
ALOX12,0.87454,1.941711051167097,-0.08532216278076171,3.1242421849307576,0.47358,1.0
CALU,0.87438,1.940253586747426,-0.4120575927734375,1.7745841241471931,0.40986,1.0
TADA3,0.87422,1.9387977111120984,-0.8296921069335937,1.4872073477468077,0.2719,1.0
TFIP11,0.87364,1.9335334155543258,-0.2601901306152344,1.8860835983781452,0.44346,1.0
COQ7,0.87362,1.9333522571561663,-0.21050881958007814,1.7126961257914017,0.44098,1.0
ATP6V1H,0.8736,1.933171123277884,0.5896318994140625,1.6654802102142312,0.66042,1.0
UHMK1,0.87338,1.9311802666579518,0.0030550928473472593,2.3434463433294015,0.51124,1.0
ATRX,0.87324,1.9299148973242755,-0.5538180004882812,2.0186134815660384,0.3528,1.0
USP34,0.87318,1.929372961881404,-0.4333987451171875,1.8021860153660185,0.41882,1.0
GOPC,0.87318,1.929372961881404,-0.21772250610351562,1.7833965591783365,0.44802,1.0
TBCB,0.87302,1.9279288713423253,-0.5822705590820313,1.713614381352883,0.34758,1.0
CWC22,0.873,1.927748469381011,-0.23946240905761718,1.8160221329765842,0.4517,1.0
TRAPPC10,0.87296,1.927387738276162,-0.38423545654296876,1.6767003317847502,0.40022,1.0
MED6,0.87294,1.9272074091169655,-0.08701662206649781,1.7297757548802781,0.47832,1.0
DCAF7,0.87288,1.9266665671183827,-0.1659806393432617,1.7245521575644145,0.46618,1.0
ELF2,0.8728,1.9259457836128395,-0.18581770782470702,1.7637697615182861,0.44474,1.0
CFD,0.87246,1.9228867668663239,0.22841146240234375,3.496641882412785,0.56298,1.0
ARID4A,0.87244,1.9227070416617948,-0.6657206372070312,1.668729332735252,0.32154,1.0
SNRPA,0.8724,1.922347663416784,-0.3721646862792969,1.9778781834066546,0.39186,1.0
ADA,0.87234,1.9218087763434781,-0.3871237097167969,1.721943912804321,0.39466,1.0
WBP11,0.87214,1.920014046142269,-0.5641934484863281,1.9613067333526595,0.36336,1.0
ATF7IP,0.87208,1.919476094294404,-0.4157108166503906,1.879189180965388,0.39842,1.0
ATG4A,0.87182,1.9171474545065934,-0.18001148681640625,1.9141245564850649,0.49402,1.0
PGRMC1,0.87146,1.9139298260863726,-0.38472508911132813,1.6450012776482974,0.39742,1.0
WDR20,0.87146,1.9139298260863726,-0.09757421554565429,1.9710026856688387,0.47974,1.0
TRIP11,0.87132,1.91268060080933,-0.7063593823242188,1.7109980831610165,0.3363,1.0
JMJD6,0.8713,1.9125022346351597,-0.63753443359375,1.6278792677700094,0.33308,1.0
GLUL,0.8712,1.9116107579484973,-0.026771653357744216,2.192136398473871,0.48924,1.0
PEX2,0.871,1.9098295724908305,-0.38291150634765625,1.605057542833455,0.40758,1.0
ACTR1A,0.87068,1.9069845626894042,-0.6366172216796875,1.6710115636563787,0.32748,1.0
IRF1,0.8706,1.9062742470513974,0.6705134252929688,1.5315861902683245,0.6954,1.0
USP14,0.87026,1.903259569791495,0.07012295931339264,1.9750377164790125,0.54004,1.0
RUFY1,0.8701,1.9018432238954248,-0.44341280517578124,1.548977726847176,0.38464,1.0
HDAC8,0.87004,1.901312476802314,-0.24409442321777344,1.692275035955919,0.43714,1.0
CPNE1,0.86992,1.9002516075981104,-0.11879009503364563,2.3762557303738157,0.46486,1.0
LSM2,0.86972,1.8984853403588258,-0.16943715576171875,2.677398595231457,0.48296,1.0
SCFD1,0.86956,1.8970739856678598,-0.2914121844482422,1.681975759153533,0.41774,1.0
SRSF3,0.8694,1.8956641017123605,-0.5769348608398438,1.7492567574421671,0.3557,1.0
PUM1,0.86934,1.8951357736480816,-0.2563784649658203,1.679599597899532,0.42682,1.0
BAZ2A,0.86934,1.8951357736480816,0.12234049392700196,1.6543045563814562,0.53138,1.0
PHF1,0.86926,1.8944316568074768,-0.3648298950195312,1.6811013634473122,0.39938,1.0
TNFRSF10C,0.86924,1.8942556847955259,0.5355480017089844,2.3814459560888137,0.58956,1.0
POU2F1,0.86918,1.8937279059204222,0.02760932876586914,1.6101252166357585,0.5098,1.0
FBXO40,0.86902,1.8923215001703684,0.055537709465026855,3.2017653541663353,0.51658,1.0
MRPS28,0.86888,1.8910920915362064,-0.1463063330078125,2.4322870105012395,0.4893,1.0
EAF2,0.86876,1.8900391995112191,0.5419706311035156,1.9659534088386688,0.63334,1.0
DDX52,0.86862,1.8888118579296798,-0.0889692140197754,1.8163743441960356,0.47178,1.0
ZNF75A,0.86844,1.8872354773451803,-0.2938654644775391,2.3939341359739097,0.4617,1.0
B3GAT1,0.86836,1.8865354511454155,0.03851353239059448,3.5195995295555713,0.50782,1.0
TAGLN2,0.8682,1.885136480797086,-0.5568310424804688,1.5212578159121697,0.3416,1.0
YY1,0.86808,1.8840881980606083,-0.4938945227050781,1.6638502966964674,0.36654,1.0
NUDT21,0.86796,1.883040723664197,-0.21995119689941406,1.7612906661951813,0.46704,1.0
ADD1,0.8679,1.8825172891219195,-0.3734557702636719,1.5630781732042045,0.40106,1.0
AMPH,0.86772,1.880948193861269,0.6485122326660157,3.114725285291231,0.59948,1.0
RALBP1,0.86758,1.879729037092575,-0.3048195880126953,2.0647832625017863,0.4276,1.0
KYNU,0.86712,1.875730910202455,-0.22166814140319824,3.397024604676032,0.45048,1.0
GALNT6,0.86708,1.875383801240329,-0.31260896423339846,1.6298951302095854,0.41524,1.0
GCC2,0.86656,1.870879412233364,-0.3987602978515625,2.219124662524862,0.3729,1.0
PSMB11,0.86632,1.8688054710329856,-0.8027697509765624,3.3368157398340905,0.40398,1.0
RABEP1,0.8663,1.8686327847881967,-0.4418321862792969,1.6147259444897395,0.3908,1.0
ZNF217,0.8662,1.867769681086398,-0.78591755859375,1.5189678590144822,0.27804,1.0
CD74,0.8662,1.867769681086398,-0.10795416687011719,2.3468642891324967,0.47032,1.0
CHD8,0.86574,1.8638064140266135,-0.18276139739990235,1.7002911860394854,0.45456,1.0
TXNL4A,0.8657,1.8634623246925364,-0.4673895141601562,1.796109418717651,0.41472,1.0
HSPA4,0.86558,1.8624305759230209,-0.20305282348632814,1.7212508397145316,0.45008,1.0
EIF5B,0.8654,1.8608844105801565,-0.30982050048828125,2.5449862067668345,0.454,1.0
DHX15,0.86538,1.8607127222409072,-0.2009652389526367,2.0561100550968106,0.45908,1.0
HSP90AB1,0.86536,1.8605410554394837,0.30755031921386716,1.6588395994720069,0.58952,1.0
ZNF638,0.86532,1.8601977864237946,-0.5794318518066406,1.7796366319032453,0.3408,1.0
ZC3H11A,0.86496,1.8571122322404354,-0.3305872833251953,1.5965716802370375,0.39736,1.0
FCER1G,0.86496,1.8571122322404354,-0.25088652252197263,3.6183409656141903,0.44166,1.0
ATF6,0.86452,1.8533504116661463,-0.21270781311035156,1.641642831746011,0.44958,1.0
ZNF143,0.86448,1.8530089391920117,-0.7290512182617187,1.5032601241430585,0.28828,1.0
STAMBP,0.8644,1.8523262491264352,-0.10754203567504883,1.863115235952373,0.46772,1.0
ZNF33A,0.86424,1.8509618870827587,-0.38886857421875,1.9267560835307038,0.3975,1.0
BTN3A2,0.86418,1.8504506007533679,0.026918099451065065,2.584691147135029,0.51776,1.0
NUAK1,0.86414,1.850109848951354,-0.4473449633789062,3.2453675915144076,0.44476,1.0
SVIP,0.86344,1.8441603320309055,-0.3997078601074219,3.179420033837672,0.38172,1.0
CDK19,0.86344,1.8441603320309055,-0.19499581848144532,1.5671731803662052,0.45208,1.0
PHIP,0.86322,1.8422957876070465,-0.2596149389648438,1.6842557255628614,0.42914,1.0
NUP62,0.86302,1.8406029360161646,0.09213969482421876,1.529421868942706,0.52978,1.0
VAMP4,0.8628,1.8387431992232166,-0.020520533965826034,1.7270761683491285,0.50896,1.0
MAFB,0.86276,1.8384053347639242,-0.04180240281105042,4.057873377544169,0.49752,1.0
MED30,0.86248,1.836042599156269,-0.38300498901367186,1.6590347110688377,0.41256,1.0
DNAJB1,0.86232,1.8346942795700887,-0.26274169250488283,1.7351688656937096,0.42516,1.0
MBD1,0.86184,1.8306572047475145,-0.0070974032974243165,1.7619589173632308,0.52726,1.0
ING3,0.86146,1.8274695316513645,-0.5432845263671875,1.5713435637329543,0.33934,1.0
ETFA,0.8614,1.8269668858642079,-0.4441496472167969,1.6971410435601897,0.41126,1.0
TYROBP,0.8609,1.8227852547345118,0.012687964673042297,3.8641812875905495,0.52082,1.0
RBM17,0.86072,1.8212829528257204,-0.3464816662597656,1.902218163427629,0.42142,1.0
MRPS16,0.86064,1.8206157854207394,-0.32376462036132814,1.7151489537334388,0.42962,1.0
HSPA5,0.86026,1.8174511160134745,-0.07057413711547851,1.6600709357956758,0.48148,1.0
INO80C,0.86018,1.8167857885886194,-0.34555085815429687,1.6335785299192702,0.4148,1.0
SPTA1,0.86014,1.8164532444205395,1.015358037109375,2.372545287747928,0.665,1.0
TAF7,0.85916,1.808330673449211,-0.32525937744140626,1.8063013237419867,0.41522,1.0
GYPA,0.85908,1.8076696957230567,-0.5020488439941406,2.402123731843948,0.3962,1.0
HERPUD1,0.85772,1.7964807588207758,-0.20010210021972658,1.8836983676036498,0.45296,1.0
BCAS2,0.85652,1.7866820156739338,-0.3597575,1.9590311376353875,0.40602,1.0
TIMM17A,0.85648,1.7863565683345852,-0.15887089141845703,1.7221758785492207,0.49988,1.0
LCMT1,0.85646,1.7861938729787543,-0.3382543981933594,2.0685301495702144,0.40542,1.0
SLC2A14,0.8561,1.7832685778551176,-0.5329262316894531,2.7669381562448283,0.4128,1.0
VDAC3,0.85522,1.7761433969147598,-0.31209949157714845,1.8682952261054824,0.4291,1.0
GAK,0.8543,1.7687327069564134,-0.2633986340332031,1.5409565019297082,0.42064,1.0
MBP,0.85386,1.7652021795605515,-0.48955969848632813,1.895143145478027,0.36312,1.0
C2orf49,0.85384,1.7650419105359587,-0.3018110974121094,1.5783648960467438,0.41424,1.0
PFDN1,0.8534,1.7615205813013488,-0.17831005493164062,1.7748662985774168,0.46608,1.0
ZNF224,0.85266,1.7556180335771574,-0.28980744812011716,2.29247762786556,0.41914,1.0
YPEL5,0.85232,1.7529142724141469,-0.30253272705078127,1.6149157908582161,0.39952,1.0
ENSA,0.85162,1.747363867186493,-0.2604082623291016,2.030949946058522,0.4333,1.0
CHD1,0.85148,1.7462563825555981,-0.45473691284179685,1.5249083586263428,0.35866,1.0
MTIF3,0.85136,1.745307795782531,-0.5616920581054687,1.6310037232153987,0.3273,1.0
NIPBL,0.85118,1.7438861001016226,-0.374187880859375,1.5059725633153465,0.39878,1.0
ANXA5,0.85076,1.740574319293387,-0.3032773303222656,2.217154890875094,0.4096,1.0
FSTL1,0.85034,1.7372702148534767,0.5116208532714843,2.5102364300059485,0.58914,1.0
RBM4,0.85016,1.7358565089286069,-0.3280043481445313,2.4870329773468587,0.43946,1.0
SCAMP1,0.84912,1.7277157001944374,-0.23510879516601563,1.6286960061986582,0.44006,1.0
MRPL18,0.84906,1.7272474483356128,-0.06579819013595581,1.544225904798204,0.47502,1.0
CACNB2,0.8487,1.724441146181321,0.6701795153808594,3.3144761091462667,0.55996,1.0
DEGS1,0.84748,1.714971505166727,0.03360214486122132,1.7370186038830226,0.53514,1.0
CIAO1,0.84706,1.7117258427797215,-0.38426897094726564,1.593056164705008,0.39192,1.0
MMP24,0.84694,1.7107998525084755,-0.920679814453125,2.440734978228087,0.34348,1.0
COL11A2,0.84662,1.7083334493784648,-0.7087027026367188,2.855775742009588,0.37606,1.0
COX5A,0.84654,1.707717507103602,-0.01703852009534836,1.6697516134298869,0.5376,1.0
LSM6,0.84638,1.7064864107647153,-0.2253423840332031,1.6797035782361964,0.46446,1.0
ABI1,0.84538,1.6988157365202545,-0.0582255797958374,1.4876745405811636,0.47408,1.0
ACTB,0.84498,1.6957588175846483,-0.8088766479492188,1.1839488345433253,0.17094,1.0
CAND1,0.84484,1.6946904177441753,-0.14072503509521483,2.1499262977114357,0.4946,1.0
ATG4B,0.8447,1.6936228045788098,-0.537370947265625,1.5235122623308106,0.35334,1.0
ZNF26,0.84416,1.6895122101946702,-0.6086378149414062,3.21403647146557,0.40242,1.0
SLCO3A1,0.84412,1.6892081841136035,-0.4776050036621094,1.3774633149778361,0.3384,1.0
KIR2DL1,0.84308,1.681325731327495,-0.6302502697753907,2.903343329348606,0.39808,1.0
ARID4B,0.84106,1.666136228554604,0.12461869079589843,1.4838552202680748,0.53638,1.0
KCMF1,0.84104,1.6659866230240141,-0.37339050170898436,1.3850214197037534,0.37974,1.0
ABHD3,0.84024,1.66001487620696,0.00045671218872070314,1.4163196182855549,0.49712,1.0
SRSF11,0.84008,1.6588234352055937,-0.28112616088867187,1.7164258392782723,0.42218,1.0
SUPT6H,0.83886,1.6497702748787386,-0.37902859741210937,1.409235186759691,0.37294,1.0
EGF,0.83852,1.647257137110942,0.5939582189941406,2.4044814566753385,0.5895,1.0
TXNIP,0.8382,1.6448957308665795,0.06121073661327362,1.468127661908446,0.5201,1.0
UBE2K,0.83782,1.642096450757425,-0.2544315899658203,1.4551367125326324,0.41996,1.0
S100A11,0.83644,1.631974894922157,-0.13946180740356445,1.7740841728403436,0.45446,1.0
GDI1,0.83596,1.6284704645261923,-0.6899437158203126,1.116578869639337,0.2074,1.0
UBB,0.83556,1.6255563967127777,-0.14930599212646484,1.2417522433243557,0.45216,1.0
CYB5B,0.83486,1.6204704471336224,-0.20592464294433593,2.043768332396403,0.46354,1.0
SERPINB1,0.83478,1.619890297947481,0.6863050952148437,1.0314197014124908,0.82824,1.0
DEPDC1B,0.83464,1.6188755787862015,0.5286545141601563,2.7296766188910713,0.60182,1.0
DCUN1D1,0.83356,1.6110708010881483,-0.5087932531738282,1.1331588292736063,0.31932,1.0
ANXA1,0.83296,1.606752317111927,0.3262306726074219,2.0180098061077367,0.61596,1.0
CMC2,0.83256,1.6038802131918595,0.4006649658203125,1.3253336631062553,0.62512,1.0
FEM1C,0.83054,1.5894591808799676,0.371110478515625,1.3176934326551326,0.63144,1.0
EEA1,0.83024,1.5873291407537564,-0.3488884185791016,1.355148667645154,0.38,1.0
DNAJB6,0.83018,1.5869034921769556,-0.09534903549194336,1.4366684302991612,0.47072,1.0
APOD,0.82984,1.584493740231591,-0.7226831420898437,2.938613667544043,0.37926,1.0
BBIP1,0.8297,1.583502602001597,-0.16645879364013672,1.3734151520865088,0.44442,1.0
CHMP1A,0.82892,1.5779923653105787,-0.14283681518554686,1.3573300090997216,0.45344,1.0
PDGFRA,0.8287,1.5764418025249225,0.10396046899795532,2.543434308225932,0.5138,1.0
LY6G6F,0.82682,1.5632555011422244,0.1280769746017456,2.7928906850108928,0.52106,1.0
B3GALT4,0.82636,1.560046323492035,-0.4460847888183594,1.373392976686368,0.33456,1.0
CDC5L,0.82582,1.556287584833333,-0.29680224487304685,1.3483699268616467,0.40006,1.0
BNIP2,0.82358,1.5407931753953297,-0.17628513122558595,1.4253264592364105,0.44698,1.0
KIF4A,0.82128,1.5250437634911025,-0.635226064453125,2.65095282018596,0.37036,1.0
SMS,0.81982,1.5151284527435547,-0.38764052490234374,1.401437534219996,0.40602,1.0
B2M,0.81898,1.5094521411314512,0.367110126953125,1.2171869598045109,0.71702,1.0
SNAPIN,0.81746,1.4992326448219733,-0.1399215234375,1.2915484928066452,0.461,1.0
TCF7L1,0.81514,1.483761095792988,-0.41655929931640623,2.5556144133731373,0.42712,1.0
JUNB,0.814,1.4762136922893387,-0.43719348754882814,1.2861181559582766,0.3225,1.0
UBC,0.81346,1.4726510618994808,0.10916763931274415,1.5481729922805405,0.5437,1.0
ABCB6,0.80516,1.4188623064944892,-0.4112651354980469,2.8194513110452935,0.43328,1.0
ZNF233,0.80296,1.4048981456932625,0.13420046995162963,3.128878374482182,0.4702,1.0
ANLN,0.80124,1.3940624609236576,-0.18968660980224608,2.6378866692686933,0.46204,1.0
MBOAT4,0.8011,1.3931835973611448,0.6056068371582031,2.2942556721638474,0.58846,1.0
CHTOP,0.79864,1.3778159302011095,-0.04932517760753632,1.392611893611779,0.47954,1.0
NPPC,0.79402,1.3493295731491208,0.2282546258544922,2.592368404928161,0.55468,1.0
IL36RN,0.79376,1.3477406093618616,1.2072142626953124,3.0528050902829538,0.65582,1.0
IL1RL2,0.79166,1.3349606461562404,0.07527611030578614,2.5093266518128883,0.52156,1.0
SLC4A5,0.78898,1.3187880562681897,0.6103652941894532,2.2478856534027756,0.61064,1.0
IL11,0.78736,1.3090849821527326,-0.21649387893676758,2.3359379995802354,0.44424,1.0
SPTSSB,0.77934,1.2618243523150878,-0.6091181994628906,2.756816424143406,0.38948,1.0
CIDEC,0.77678,1.2469993377651605,0.2355008917236328,2.531622332553747,0.5241,1.0
CYSLTR2,0.77628,1.244118009890507,0.765153740234375,2.419394832466964,0.61512,1.0
EIF5,0.77254,1.2227093886103426,-0.19179754821777345,1.2606539389610312,0.44032,1.0
BACE1,0.74028,1.0474243653692619,-0.5905222570800781,2.181591137146074,0.37722,1.0
APOA1,0.73876,1.0395335799732541,-0.34333365112304687,2.411250322402833,0.42226,1.0
SULT1C4,0.73462,1.018190597607726,0.049609154968261716,2.0993329265342444,0.50946,1.0
TMSB4X,0.72628,0.9758299293181694,-0.21613708618164063,1.6645425288316937,0.40928,1.0
CRYM,0.72094,0.9491291036049785,0.24567820007324218,2.131802692571629,0.55102,1.0
MOCOS,0.71764,0.9327851980239119,0.4480287719726562,1.9668468094461307,0.60846,1.0
SPRED3,0.71284,0.9092174395966165,-0.4751923486328125,1.897891810812943,0.39234,1.0
PBX1,0.7083,0.8871418558859013,-0.0629315795135498,1.7525124701687018,0.48304,1.0
IL2,0.70284,0.8608585556060858,0.2604737030029297,2.2711470577345803,0.56962,1.0
CHL1,0.69956,0.8452034991631793,-0.0879306907081604,2.030267651949728,0.4677,1.0
SYCE2,0.63996,0.5751905380116266,0.2396075280761719,1.7638322259107018,0.58282,1.0
ARC,0.6385,0.5688596338737745,0.09930657276153565,2.0525704805568146,0.48948,1.0
OSBPL6,0.58646,0.3493502196015782,-0.17280915008544923,1.416404128373434,0.41298,1.0
AQP10,0.57952,0.32080325883885774,-0.14970364929199217,1.471034713700563,0.43914,1.0
SYTL4,0.54902,0.19671187809710863,0.22016133483886718,1.151477128501596,0.61618,1.0
TNFSF9,0.42926,-0.28487096849693805,0.08673322250366211,0.9815146858722391,0.5584,1.0
STX1B,0.11964,-1.995843680964724,-0.03383659229278564,0.28172111778857994,0.40468,1.0
RBFOX2,0.11146,-2.0759138841360767,-0.01491785888671875,0.28110635827955055,0.44652,1.0
LAMA5,0.10762,-2.115285546771288,-0.00010119443774223327,0.27258825567197725,0.48448,1.0
TRPC1,0.10272,-2.1673611250244647,0.006620924101471901,0.26523967836382345,0.49906,1.0
COL6A3,0.09814,-2.2180642667114325,0.006424788208007812,0.25770576511324944,0.50242,1.0
SERINC4,0.0971,-2.2298704300161543,-0.04161439025878906,0.24915103079300188,0.35908,1.0
PTK6,0.09674,-2.2339834737036512,-0.034131724090576174,0.24865094952103875,0.38468,1.0
ITGB5,0.09254,-2.2830085045537407,0.001226504418849945,0.2497881565012977,0.48952,1.0
PDE6A,0.08158,-2.4210706684422583,0.002250448739528656,0.23270228576482205,0.4958,1.0
LOXL2,0.07746,-2.477369061321644,-0.031765440368652344,0.22158231202900247,0.36876,1.0
PARD6G,0.07578,-2.501115732949152,-0.002160779666900635,0.2284130600645194,0.48064,1.0
MYO7A,0.07312,-2.5397221802024195,0.011502009878158569,0.21969169078109196,0.52198,1.0
TLR9,0.0719,-2.557863220874346,-0.016298590183258056,0.22073019078599113,0.42504,1.0
EHHADH,0.06926,-2.598112429697196,0.0035261247539520265,0.21725311120753002,0.50146,1.0
OPRM1,0.06924,-2.598422726410738,0.0001563063932955265,0.2125575375503849,0.48732,1.0
ADAM21,0.0692,-2.599043568804513,0.005664087238311768,0.21250990439759543,0.50796,1.0
FXYD3,0.05444,-2.854678166789415,-0.006079386034011841,0.19766180356209978,0.46234,1.0
